ms,control_dt_us,control_exec_us,esekf_us,missed,log_dropped,ax,ay,az,gx,gy,gz,roll_deg,pitch_deg,yaw_deg,vn,ve,vu,pn,pe,pu,bgx,bgy,bgz,bax,bay,baz,s_roll,s_pitch,u_diff_deg,u_sym_deg,u_tail_deg,left_inc_deg,right_inc_deg,b00,b01,b10,b11,left_deg,right_deg,morph_deg,tail_deg,left_pwm,right_pwm,morph_pwm,tail_pwm,gps_fix,gps_sats,gps_lat_deg,gps_lon_deg,gps_alt_m,gps_vn,gps_ve,gps_vd
31,12501,17856,14898,0,0,-0.60454,-2.20147,9.88686,-0.002131,-0.010653,-0.009587,-12.560,3.420,0.006,0.0000,0.0000,0.0043,0.0000,0.0000,0.0000,-0.0024639,-0.0101173,-0.0099730,0.000000,0.000000,0.000000,0.00000,0.00000,0.000,0.000,0.000,0.000,0.000,-6.0000,0.0000,0.0000,6.0000,95.00,95.00,90.00,90.00,65535,65535,65535,1500,0,,,,,,,
86,30722,17593,14567,0,0,-0.60693,-2.20027,9.88326,-0.001065,-0.010653,-0.009587,-12.559,3.411,0.010,0.0000,0.0000,0.0230,0.0000,0.0000,0.0008,-0.0024654,-0.0101214,-0.0099730,0.000000,0.000000,0.000000,0.00000,0.00000,0.000,0.000,0.000,0.000,0.000,-6.0000,0.0000,0.0000,6.0000,95.00,95.00,90.00,90.00,65535,65535,65535,1500,0,,,,,,,
131,27891,17596,14590,0,0,-0.60693,-2.19907,9.88566,-0.002131,-0.010653,-0.010653,-12.552,3.408,0.007,-0.0000,0.0000,0.0384,0.0000,-0.0000,0.0022,-0.0024753,-0.0101252,-0.0099730,0.000000,0.000000,0.000000,0.00000,0.00000,0.000,0.000,0.000,0.000,0.000,-6.0000,0.0000,0.0000,6.0000,95.00,95.00,90.00,90.00,65535,65535,65535,1500,0,,,,,,,
192,18911,18028,15052,0,0,-0.60334,-2.19548,9.88925,-0.002131,-0.010653,-0.009587,-12.551,3.405,0.007,-0.0000,0.0000,0.0592,0.0000,-0.0000,0.0051,-0.0024847,-0.0101311,-0.0099730,0.000000,0.000000,0.000000,0.00000,0.00000,0.000,0.000,0.000,0.000,0.000,-6.0000,0.0000,0.0000,6.0000,95.00,95.00,90.00,90.00,65535,65535,65535,1500,0,,,,,,,
252,33658,24915,15270,0,0,-0.59137,-2.20147,9.88925,-0.002131,-0.010653,-0.009587,-12.554,3.402,0.007,0.0001,0.0000,0.0772,-0.0000,0.0000,0.0087,-0.0024601,-0.0101016,-0.0099730,0.000000,0.000000,0.000000,0.00000,0.00000,0.000,0.000,0.000,0.000,0.000,-6.0000,0.0000,0.0000,6.0000,95.00,95.00,90.00,90.00,65535,65535,65535,1500,0,,,,,,,
282,31230,23296,20316,0,0,-0.59735,-2.20626,9.88087,-0.002131,-0.010653,-0.009587,-12.557,3.399,0.009,0.0002,-0.0000,0.0876,-0.0000,0.0000,0.0113,-0.0024187,-0.0100716,-0.0099729,0.000000,0.000000,0.000000,0.00000,0.00000,0.000,0.000,0.000,0.000,0.000,-6.0000,0.0000,0.0000,6.0000,95.00,95.00,90.00,90.00,65535,65535,65535,1500,0,,,,,,,
342,19086,18105,15110,0,0,-0.60334,-2.20147,9.88446,-0.001065,-0.011718,-0.010653,-12.555,3.399,0.007,0.0002,-0.0000,0.1099,0.0000,0.0000,0.0178,-0.0024090,-0.0101264,-0.0099730,0.000000,0.000000,0.000000,0.00000,0.00000,0.000,0.000,0.000,0.000,0.000,-6.0000,0.0000,0.0000,6.0000,95.00,95.00,90.00,90.00,65535,65535,65535,1500,0,,,,,,,
392,26752,17519,14529,0,0,-0.59735,-2.20506,9.88326,-0.002131,-0.010653,-0.010653,-12.560,3.397,0.006,0.0002,-0.0000,0.1270,0.0000,0.0001,0.0238,-0.0023112,-0.0101301,-0.0099729,0.000000,0.000000,0.000000,0.00000,0.00000,0.000,0.000,0.000,0.000,0.000,-6.0000,0.0000,0.0000,6.0000,95.00,95.00,90.00,90.00,65535,65535,65535,1500,0,,,,,,,
440,29385,18174,15122,0,0,-0.59496,-2.21464,9.88805,-0.003196,-0.010653,-0.009587,-12.569,3.395,0.006,0.0003,-0.0001,0.1430,0.0000,0.0001,0.0302,-0.0021513,-0.0100990,-0.0099729,0.000000,0.000000,0.000000,0.00000,0.00000,0.000,0.000,0.000,0.000,0.000,-6.0000,0.0000,0.0000,6.0000,95.00,95.00,90.00,90.00,65535,65535,65535,1500,0,,,,,,,
491,24688,17462,14492,0,0,-0.59975,-2.20267,9.88805,-0.002131,-0.010653,-0.009587,-12.567,3.396,0.007,0.0002,-0.0001,0.1605,0.0001,0.0001,0.0380,-0.0021973,-0.0101115,-0.0099729,0.000000,0.000000,0.000000,0.00000,0.00000,0.000,0.000,0.000,0.000,0.000,-6.0000,0.0000,0.0000,6.0000,95.00,95.00,90.00,90.00,65535,65535,65535,1500,0,,,,,,,
556,34381,25603,17731,0,0,-0.59975,-2.20745,9.88686,-0.002131,-0.010653,-0.009587,-12.569,3.394,0.009,0.0003,-0.0001,0.1799,0.0001,0.0001,0.0478,-0.0021397,-0.0101304,-0.0099729,0.000000,0.000000,0.000000,0.00000,0.00000,0.000,0.000,0.000,0.000,0.000,-6.0000,0.0000,0.0000,6.0000,95.00,95.00,90.00,90.00,65535,65535,65535,1500,0,,,,,,,
586,31866,22961,19989,0,0,-0.60693,-2.20147,9.88566,-0.002131,-0.011718,-0.010653,-12.568,3.394,0.008,0.0002,-0.0001,0.1907,0.0001,0.0001,0.0537,-0.0021697,-0.0102088,-0.0099729,0.000000,0.000000,0.000000,0.00000,0.00000,0.000,0.000,0.000,0.000,0.000,-6.0000,0.0000,0.0000,6.0000,95.00,95.00,90.00,90.00,65535,65535,65535,1500,0,,,,,,,
633,28221,18210,15159,0,0,-0.60094,-2.20865,9.88566,-0.002131,-0.010653,-0.010653,-12.575,3.394,0.005,0.0002,-0.0001,0.2083,0.0001,0.0001,0.0640,-0.0020257,-0.0102450,-0.0099729,0.000000,0.000000,0.000000,0.00000,0.00000,0.000,0.000,0.000,0.000,0.000,-6.0000,0.0000,0.0000,6.0000,95.00,95.00,90.00,90.00,65535,65535,65535,1500,0,,,,,,,
692,29012,24288,14657,0,0,-0.59616,-2.19907,9.88925,-0.002131,-0.011718,-0.010653,-12.569,3.387,0.006,0.0002,-0.0001,0.2265,0.0001,0.0001,0.0756,-0.0021184,-0.0101545,-0.0099729,0.000000,0.000000,0.000000,0.00000,0.00000,0.000,0.000,0.000,0.000,0.000,-6.0000,0.0000,0.0000,6.0000,95.00,95.00,90.00,90.00,65535,65535,65535,1500,0,,,,,,,
734,23354,18097,15102,0,0,-0.60094,-2.20626,9.88207,-0.002131,-0.010653,-0.010653,-12.567,3.386,0.005,0.0002,-0.0001,0.2425,0.0001,0.0001,0.0869,-0.0021283,-0.0101751,-0.0099729,0.000000,0.000000,0.000000,0.00000,0.00000,0.000,0.000,0.000,0.000,0.000,-6.0000,0.0000,0.0000,6.0000,95.00,95.00,90.00,90.00,65535,65535,65535,1500,0,,,,,,,
783,24913,17738,14710,0,0,-0.60454,-2.20267,9.87488,-0.002131,-0.010653,-0.010653,-12.568,3.386,0.003,0.0002,-0.0001,0.2589,0.0002,0.0001,0.0993,-0.0021096,-0.0102259,-0.0099729,0.000000,0.000000,0.000000,0.00000,0.00000,0.000,0.000,0.000,0.000,0.000,-6.0000,0.0000,0.0000,6.0000,95.00,95.00,90.00,90.00,65535,65535,65535,1500,0,,,,,,,
850,19193,18137,15126,0,0,-0.60214,-2.20147,9.88326,-0.002131,-0.010653,-0.009587,-12.566,3.386,0.004,0.0002,-0.0001,0.2813,0.0002,0.0001,0.1172,-0.0021792,-0.0102482,-0.0099729,0.000000,0.000000,0.000000,0.00000,0.00000,0.000,0.000,0.000,0.000,0.000,-6.0000,0.0000,0.0000,6.0000,95.00,95.00,90.00,90.00,65535,65535,65535,1500,0,,,,,,,
903,22606,25021,14581,0,0,-0.59735,-2.19907,9.88087,-0.001065,-0.011718,-0.008522,-12.561,3.382,0.006,0.0002,-0.0001,0.2968,0.0002,0.0000,0.1306,-0.0022183,-0.0102375,-0.0099730,0.000000,0.000000,0.000000,0.00000,0.00000,0.000,0.000,0.000,0.000,0.000,-6.0000,0.0000,0.0000,6.0000,95.00,95.00,90.00,90.00,65535,65535,65535,1500,0,,,,,,,
932,25227,28948,21087,0,0,-0.60214,-2.20147,9.88326,-0.002131,-0.011718,-0.010653,-12.561,3.382,0.005,0.0002,-0.0001,0.3053,0.0002,0.0000,0.1382,-0.0022248,-0.0102765,-0.0099730,0.000000,0.000000,0.000000,0.00000,0.00000,0.000,0.000,0.000,0.000,0.000,-6.0000,0.0000,0.0000,6.0000,95.00,95.00,90.00,90.00,65535,65535,65535,1500,0,,,,,,,
982,25114,17841,14830,0,0,-0.60094,-2.20626,9.87967,-0.002131,-0.010653,-0.009587,-12.560,3.383,0.006,0.0001,0.0000,0.3258,0.0002,0.0000,0.1573,-0.0022443,-0.0103633,-0.0099730,0.000000,0.000000,0.000000,0.00000,0.00000,0.000,0.000,0.000,0.000,0.000,-6.0000,0.0000,0.0000,6.0000,95.00,95.00,90.00,90.00,65535,65535,65535,1500,0,,,,,,,
1040,38712,19272,15230,0,0,-0.60454,-2.19668,9.89045,-0.002131,-0.010653,-0.010653,-12.555,3.383,0.003,0.0000,0.0001,0.3453,0.0003,0.0000,0.1765,-0.0023360,-0.0103955,-0.0099731,0.000000,0.000000,0.000000,0.00000,0.00000,0.000,0.000,0.000,0.000,0.000,-6.0000,0.0000,0.0000,6.0000,95.00,95.00,90.00,90.00,65535,65535,65535,1500,0,,,,,,,
1105,38921,24277,14669,0,0,-0.59975,-2.21224,9.88326,0.000000,-0.011718,-0.010653,-12.550,3.380,0.003,-0.0000,-0.0001,0.3653,0.0003,0.0000,0.1976,-0.0023199,-0.0104246,-0.0099731,0.000000,0.000000,0.000000,0.00000,0.00000,0.000,0.000,0.000,0.000,0.000,-6.0000,0.0000,0.0000,6.0000,95.00,95.00,90.00,90.00,65535,65535,65535,1500,0,,,,,,,
1133,24495,27971,20061,0,0,-0.59376,-2.20386,9.88087,-0.002131,-0.011718,-0.010653,-12.552,3.376,0.002,-0.0000,-0.0001,0.3735,0.0003,0.0000,0.2066,-0.0022843,-0.0103929,-0.0099730,0.000000,0.000000,0.000000,0.00000,0.00000,0.000,0.000,0.000,0.000,0.000,-6.0000,0.0000,0.0000,6.0000,95.00,95.00,90.00,90.00,65535,65535,65535,1500,0,,,,,,,
1194,18967,18039,15062,0,0,-0.59496,-2.19309,9.87967,-0.001065,-0.011718,-0.010653,-12.554,3.379,-0.002,-0.0000,-0.0002,0.3973,0.0003,0.0000,0.2339,-0.0022292,-0.0104872,-0.0099730,0.000000,0.000000,0.000000,0.00000,0.00000,0.000,0.000,0.000,0.000,0.000,-6.0000,0.0000,0.0000,6.0000,95.00,95.00,90.00,90.00,65535,65535,65535,1500,0,,,,,,,
1233,24177,33275,30300,0,0,-0.59616,-2.19788,9.87608,-0.001065,-0.011718,-0.009587,-12.551,3.377,-0.002,-0.0000,-0.0002,0.4052,0.0003,0.0000,0.2436,-0.0022363,-0.0104808,-0.0099730,0.000000,0.000000,0.000000,0.00000,0.00000,0.000,0.000,0.000,0.000,0.000,-6.0000,0.0000,0.0000,6.0000,95.00,95.00,90.00,90.00,65535,65535,65535,1500,0,,,,,,,
1290,32933,17710,14681,0,0,-0.59735,-2.20267,9.88326,-0.002131,-0.011718,-0.010653,-12.551,3.373,-0.001,-0.0000,-0.0002,0.4297,0.0003,0.0000,0.2740,-0.0022294,-0.0104669,-0.0099730,0.000000,0.000000,0.000000,0.00000,0.00000,0.000,0.000,0.000,0.000,0.000,-6.0000,0.0000,0.0000,6.0000,95.00,95.00,90.00,90.00,65535,65535,65535,1500,0,,,,,,,
1336,19178,18116,15116,0,0,-0.60573,-2.19309,9.87967,-0.002131,-0.010653,-0.009587,-12.543,3.378,-0.001,0.0000,-0.0002,0.4447,0.0003,-0.0000,0.2936,-0.0023515,-0.0105509,-0.0099732,0.000000,0.000000,0.000000,0.00000,0.00000,0.000,0.000,0.000,0.000,0.000,-6.0000,0.0000,0.0000,6.0000,95.00,95.00,90.00,90.00,65535,65535,65535,1500,0,,,,,,,
1385,25183,17630,14594,0,0,-0.59376,-2.20147,9.87369,-0.002131,-0.010653,-0.010653,-12.545,3.376,-0.001,0.0000,-0.0002,0.4611,0.0003,-0.0000,0.3160,-0.0023211,-0.0105273,-0.0099732,0.000000,0.000000,0.000000,0.00000,0.00000,0.000,0.000,0.000,0.000,0.000,-6.0000,0.0000,0.0000,6.0000,95.00,95.00,90.00,90.00,65535,65535,65535,1500,0,,,,,,,
1433,29577,18198,15165,0,0,-0.60214,-2.19788,9.88207,-0.002131,-0.010653,-0.010653,-12.549,3.378,-0.004,0.0000,-0.0001,0.4772,0.0003,-0.0000,0.3383,-0.0022551,-0.0105690,-0.0099731,0.000000,0.000000,0.000000,0.00000,0.00000,0.000,0.000,0.000,0.000,0.000,-6.0000,0.0000,0.0000,6.0000,95.00,95.00,90.00,90.00,65535,65535,65535,1500,0,,,,,,,
1494,18422,17416,14458,0,0,-0.59256,-2.19907,9.87488,-0.002131,-0.010653,-0.010653,-12.550,3.370,-0.003,-0.0000,-0.0001,0.4979,0.0003,-0.0000,0.3684,-0.0022247,-0.0104799,-0.0099730,0.000000,0.000000,0.000000,0.00000,0.00000,0.000,0.000,0.000,0.000,0.000,-6.0000,0.0000,0.0000,6.0000,95.00,95.00,90.00,90.00,65535,65535,65535,1500,0,,,,,,,
1543,26078,40472,30343,0,0,-0.59256,-2.20267,9.87129,-0.001065,-0.011718,-0.010653,-12.551,3.367,-0.003,-0.0000,-0.0002,0.5064,0.0003,-0.0000,0.3815,-0.0021954,-0.0104654,-0.0099730,0.000000,0.000000,0.000000,0.00000,0.00000,0.000,0.000,0.000,0.000,0.000,-6.0000,0.0000,0.0000,6.0000,95.00,95.00,90.00,90.00,65535,65535,65535,1500,0,,,,,,,
1600,36925,19464,14895,0,0,-0.60932,-2.19069,9.88087,-0.001065,-0.012783,-0.009587,-12.542,3.359,0.000,0.0001,-0.0001,0.5329,0.0003,-0.0000,0.4224,-0.0022366,-0.0104602,-0.0099731,0.000000,0.000000,0.000000,0.00000,0.00000,0.000,0.000,0.000,0.000,0.000,-6.0000,0.0000,0.0000,6.0000,95.00,95.00,90.00,90.00,65535,65535,65535,1500,0,,,,,,,
1643,23939,18129,15129,0,0,-0.59376,-2.20267,9.88686,-0.002131,-0.011718,-0.010653,-12.541,3.353,-0.000,0.0001,-0.0001,0.5476,0.0003,-0.0000,0.4460,-0.0022273,-0.0104305,-0.0099730,0.000000,0.000000,0.000000,0.00000,0.00000,0.000,0.000,0.000,0.000,0.000,-6.0000,0.0000,0.0000,6.0000,95.00,95.00,90.00,90.00,65535,65535,65535,1500,0,,,,,,,
1691,24650,17543,14543,0,0,-0.62369,-2.21464,9.87967,-0.003196,-0.012783,-0.013848,-12.556,3.356,-0.009,0.0000,-0.0001,0.5641,0.0003,-0.0000,0.4732,-0.0020826,-0.0105302,-0.0099726,0.000000,0.000000,0.000000,0.00000,0.00000,0.000,0.000,0.000,0.000,0.000,-6.0000,0.0000,0.0000,6.0000,95.00,95.00,90.00,90.00,65535,65535,65535,1500,0,,,,,,,
1747,33596,22024,15285,0,0,-0.60094,-2.20027,9.88207,0.001065,-0.013848,-0.009587,-12.541,3.353,-0.010,0.0000,-0.0002,0.5815,0.0003,-0.0000,0.5026,-0.0021426,-0.0106099,-0.0099731,0.000000,0.000000,0.000000,0.00000,0.00000,0.000,0.000,0.000,0.000,0.000,-6.0000,0.0000,0.0000,6.0000,95.00,95.00,90.00,90.00,65535,65535,65535,1500,0,,,,,,,
1789,18724,17487,14505,0,0,-0.60094,-2.21703,9.88686,-0.002131,-0.013848,-0.012783,-12.558,3.334,-0.008,0.0001,-0.0002,0.5973,0.0003,0.0000,0.5301,-0.0019609,-0.0105087,-0.0099712,0.000000,0.000000,0.000000,0.00000,0.00000,0.000,0.000,0.000,0.000,0.000,-6.0000,0.0000,0.0000,6.0000,95.00,95.00,90.00,90.00,65535,65535,65535,1500,0,,,,,,,
1837,29794,18185,15160,0,0,-0.49081,-2.32118,9.84496,-0.001065,-0.018109,-0.009587,-12.533,3.327,-0.006,0.0015,-0.0020,0.6125,0.0004,-0.0001,0.5588,-0.0020812,-0.0105993,-0.0099705,0.000000,0.000000,0.000000,0.00000,0.00000,0.000,0.000,0.000,0.000,0.000,-6.0000,0.0000,0.0000,6.0000,95.00,95.00,90.00,90.00,65535,65535,65535,1500,0,,,,,,,
1886,25144,17599,14581,0,0,-0.51715,-2.15837,9.88566,0.001065,-0.005326,-0.013848,-12.507,3.336,-0.015,0.0016,-0.0019,0.6295,0.0006,-0.0003,0.5895,-0.0025118,-0.0106730,-0.0099753,0.000000,0.000000,0.000000,0.00000,0.00000,0.000,0.000,0.000,0.000,0.000,-6.0000,0.0000,0.0000,6.0000,95.00,95.00,90.00,90.00,65535,65535,65535,1500,0,,,,,,,
1950,22784,18196,15206,0,0,-0.55545,-2.35230,9.85813,-0.011718,-0.010653,-0.005326,-12.549,3.359,-0.015,0.0018,-0.0016,0.6512,0.0008,-0.0003,0.6300,-0.0020459,-0.0110281,-0.0099741,0.000000,0.000000,0.000000,0.00000,0.00000,0.000,0.000,0.000,0.000,0.000,-6.0000,0.0000,0.0000,6.0000,95.00,95.00,90.00,90.00,65535,65535,65535,1500,0,,,,,,,
1998,24430,17648,14616,0,0,-0.71347,-2.09493,9.88087,0.008522,-0.017044,-0.013848,-12.516,3.354,-0.013,0.0020,-0.0016,0.6675,0.0010,-0.0005,0.6622,-0.0023010,-0.0110115,-0.0099813,0.000000,0.000000,0.000000,0.00000,0.00000,0.000,0.000,0.000,0.000,0.000,-6.0000,0.0000,0.0000,6.0000,95.00,95.00,90.00,90.00,65535,65535,65535,1500,0,,,,,,,
2037,23134,33308,30292,0,0,-0.62369,-2.17154,9.90242,0.004261,-0.017044,-0.013848,-12.499,3.356,-0.017,0.0021,-0.0016,0.6756,0.0012,-0.0006,0.6778,-0.0023898,-0.0111238,-0.0099838,0.000000,0.000000,0.000000,0.00000,0.00000,0.000,0.000,0.000,0.000,0.000,-6.0000,0.0000,0.0000,6.0000,95.00,95.00,90.00,90.00,65535,65535,65535,1500,0,,,,,,,
2093,36661,17635,14618,0,0,-0.51715,-2.18710,9.86770,0.007457,-0.018109,-0.010653,-12.499,3.343,-0.019,0.0024,-0.0020,0.6991,0.0012,-0.0007,0.7268,-0.0022430,-0.0110155,-0.0099792,0.000000,0.000000,0.000000,0.00000,0.00000,0.000,0.000,0.000,0.000,0.000,-6.0000,0.0000,0.0000,6.0000,95.00,95.00,90.00,90.00,65535,65535,65535,1500,0,,,,,,,
2139,28097,18177,15139,0,0,-0.53630,-2.16675,9.88446,-0.007457,-0.002131,-0.007457,-12.519,3.358,-0.018,0.0031,-0.0015,0.7145,0.0013,-0.0007,0.7592,-0.0021096,-0.0111087,-0.0099786,0.000000,0.000000,0.000000,0.00000,0.00000,0.000,0.000,0.000,0.000,0.000,-6.0000,0.0000,0.0000,6.0000,95.00,95.00,90.00,90.00,65535,65535,65535,1500,0,,,,,,,
2192,25612,18149,15118,0,0,-0.61172,-2.13683,9.87608,0.001065,-0.020240,-0.015979,-12.493,3.342,-0.025,0.0033,-0.0014,0.7318,0.0016,-0.0008,0.7979,-0.0022967,-0.0110877,-0.0099812,0.000000,0.000000,0.000000,0.00000,0.00000,0.000,0.000,0.000,0.000,0.000,-6.0000,0.0000,0.0000,6.0000,95.00,95.00,90.00,90.00,65535,65535,65535,1500,0,,,,,,,
2235,23471,18148,15146,0,0,-0.59975,-2.19429,9.89164,-0.003196,-0.007457,-0.012783,-12.540,3.345,-0.037,0.0031,-0.0008,0.7466,0.0015,-0.0007,0.8293,-0.0018889,-0.0111158,-0.0099754,0.000000,0.000000,0.000000,0.00000,0.00000,0.000,0.000,0.000,0.000,0.000,-6.0000,0.0000,0.0000,6.0000,95.00,95.00,90.00,90.00,65535,65535,65535,1500,0,,,,,,,
2284,25091,17625,14619,0,0,-0.54827,-2.15239,9.90601,0.011718,-0.020240,-0.008522,-12.472,3.346,-0.039,0.0032,-0.0007,0.7631,0.0018,-0.0009,0.8666,-0.0022601,-0.0112514,-0.0099801,0.000000,0.000000,0.000000,0.00000,0.00000,0.000,0.000,0.000,0.000,0.000,-6.0000,0.0000,0.0000,6.0000,95.00,95.00,90.00,90.00,65535,65535,65535,1500,0,,,,,,,
2331,28935,18202,15145,0,0,-0.49201,-2.17154,9.89643,-0.010653,-0.007457,-0.003196,-12.475,3.289,-0.015,0.0030,-0.0005,0.7785,0.0014,-0.0008,0.9027,-0.0022821,-0.0107015,-0.0099668,0.000000,0.000000,0.000000,0.00000,0.00000,0.000,0.000,0.000,0.000,0.000,-6.0000,0.0000,0.0000,6.0000,95.00,95.00,90.00,90.00,65535,65535,65535,1500,0,,,,,,,
2397,19802,17454,14493,0,0,-0.63327,-2.22062,9.86052,0.001065,-0.005326,-0.017044,-12.469,3.314,-0.046,0.0032,-0.0003,0.8004,0.0018,-0.0009,0.9553,-0.0024240,-0.0108987,-0.0099713,0.000000,0.000000,0.000000,0.00000,0.00000,0.000,0.000,0.000,0.000,0.000,-6.0000,0.0000,0.0000,6.0000,95.00,95.00,90.00,90.00,65535,65535,65535,1500,0,,,,,,,
2436,17647,33287,30269,0,0,-0.64883,-2.23618,9.87848,-0.006392,-0.005326,-0.008522,-12.489,3.339,-0.049,0.0036,-0.0001,0.8064,0.0019,-0.0009,0.9695,-0.0022859,-0.0110682,-0.0099724,0.000000,0.000000,0.000000,0.00000,0.00000,0.000,0.000,0.000,0.000,0.000,-6.0000,0.0000,0.0000,6.0000,95.00,95.00,90.00,90.00,65535,65535,65535,1500,0,,,,,,,
2493,37473,18089,14654,0,0,-0.60573,-2.14281,9.90002,0.003196,-0.009587,-0.007457,-12.475,3.326,-0.017,0.0042,0.0000,0.8321,0.0022,-0.0009,1.0326,-0.0023306,-0.0109709,-0.0099725,0.000000,0.000000,0.000000,0.00000,0.00000,0.000,0.000,0.000,0.000,0.000,-6.0000,0.0000,0.0000,6.0000,95.00,95.00,90.00,90.00,65535,65535,65535,1500,0,,,,,,,
2531,18290,38205,30191,0,0,-0.65721,-2.15598,9.87967,-0.004261,-0.004261,-0.013848,-12.468,3.354,-0.027,0.0045,-0.0001,0.8381,0.0024,-0.0009,1.0479,-0.0024118,-0.0111590,-0.0099737,0.000000,0.000000,0.000000,0.00000,0.00000,0.000,0.000,0.000,0.000,0.000,-6.0000,0.0000,0.0000,6.0000,95.00,95.00,90.00,90.00,65535,65535,65535,1500,0,,,,,,,
2590,40275,17697,14748,0,0,-0.61531,-2.16915,9.86651,-0.004261,-0.010653,-0.004261,-12.476,3.340,-0.018,0.0056,-0.0003,0.8639,0.0028,-0.0009,1.1158,-0.0023903,-0.0109576,-0.0099725,0.000000,0.000000,0.000000,0.00000,0.00000,0.000,0.000,0.000,0.000,0.000,-6.0000,0.0000,0.0000,6.0000,95.00,95.00,90.00,90.00,65535,65535,65535,1500,0,,,,,,,
2639,24999,18167,15166,0,0,-0.58419,-2.19069,9.89643,-0.005326,-0.005326,-0.004261,-12.479,3.362,-0.003,0.0056,-0.0003,0.8805,0.0030,-0.0009,1.1577,-0.0024554,-0.0110003,-0.0099714,0.000000,0.000000,0.000000,0.00000,0.00000,0.000,0.000,0.000,0.000,0.000,-6.0000,0.0000,0.0000,6.0000,95.00,95.00,90.00,90.00,65535,65535,65535,1500,0,,,,,,,
2681,19147,17610,14636,0,0,-0.60454,-2.24816,9.86052,-0.003196,-0.012783,-0.015979,-12.513,3.354,-0.006,0.0059,0.0000,0.8946,0.0036,-0.0010,1.1958,-0.0022248,-0.0109479,-0.0099773,0.000000,0.000000,0.000000,0.00000,0.00000,0.000,0.000,0.000,0.000,0.000,-6.0000,0.0000,0.0000,6.0000,95.00,95.00,90.00,90.00,65535,65535,65535,1500,0,,,,,,,
2748,19149,18067,15092,0,0,-0.62608,-2.18950,9.88207,0.000000,-0.013848,-0.008522,-12.521,3.389,-0.024,0.0059,0.0001,0.9172,0.0039,-0.0010,1.2562,-0.0021706,-0.0111994,-0.0099747,0.000000,0.000000,0.000000,0.00000,0.00000,0.000,0.000,0.000,0.000,0.000,-6.0000,0.0000,0.0000,6.0000,95.00,95.00,90.00,90.00,65535,65535,65535,1500,0,,,,,,,
2801,27993,18461,14703,0,0,-0.56982,-2.17872,9.88326,0.000000,-0.010653,-0.009587,-12.519,3.368,-0.011,0.0062,0.0001,0.9343,0.0043,-0.0010,1.3045,-0.0021252,-0.0110793,-0.0099763,0.000000,0.000000,0.000000,0.00000,0.00000,0.000,0.000,0.000,0.000,0.000,-6.0000,0.0000,0.0000,6.0000,95.00,95.00,90.00,90.00,65535,65535,65535,1500,0,,,,,,,
2843,23820,18132,15123,0,0,-0.61770,-2.14520,9.88925,0.000000,-0.011718,-0.015979,-12.487,3.374,-0.026,0.0060,-0.0000,0.9482,0.0043,-0.0009,1.3446,-0.0023299,-0.0111525,-0.0099729,0.000000,0.000000,0.000000,0.00000,0.00000,0.000,0.000,0.000,0.000,0.000,-6.0000,0.0000,0.0000,6.0000,95.00,95.00,90.00,90.00,65535,65535,65535,1500,0,,,,,,,
2894,27123,17544,14546,0,0,-0.57102,-2.21224,9.87967,-0.004261,-0.008522,-0.007457,-12.500,3.367,-0.021,0.0062,-0.0002,0.9653,0.0047,-0.0010,1.3938,-0.0022347,-0.0110464,-0.0099750,0.000000,0.000000,0.000000,0.00000,0.00000,0.000,0.000,0.000,0.000,0.000,-6.0000,0.0000,0.0000,6.0000,95.00,95.00,90.00,90.00,65535,65535,65535,1500,0,,,,,,,
2942,29859,18228,15184,0,0,-0.58419,-2.18950,9.88566,-0.002131,-0.011718,-0.005326,-12.496,3.359,-0.006,0.0062,-0.0003,0.9812,0.0050,-0.0010,1.4401,-0.0022776,-0.0109887,-0.0099744,0.000000,0.000000,0.000000,0.00000,0.00000,0.000,0.000,0.000,0.000,0.000,-6.0000,0.0000,0.0000,6.0000,95.00,95.00,90.00,90.00,65535,65535,65535,1500,0,,,,,,,
2984,19115,17581,14595,0,0,-0.61531,-2.20626,9.88207,-0.005326,-0.007457,-0.013848,-12.504,3.378,-0.015,0.0063,-0.0002,0.9956,0.0053,-0.0010,1.4826,-0.0022472,-0.0110742,-0.0099746,0.000000,0.000000,0.000000,0.00000,0.00000,0.000,0.000,0.000,0.000,0.000,-6.0000,0.0000,0.0000,6.0000,95.00,95.00,90.00,90.00,65535,65535,65535,1500,0,,,,,,,
3032,26233,39173,30392,0,0,-0.57461,-2.21583,9.87848,-0.002131,-0.011718,-0.013848,-12.511,3.369,-0.018,0.0064,-0.0003,1.0044,0.0056,-0.0010,1.5088,-0.0021963,-0.0110275,-0.0099764,0.000000,0.000000,0.000000,0.00000,0.00000,0.000,0.000,0.000,0.000,0.000,-6.0000,0.0000,0.0000,6.0000,95.00,95.00,90.00,90.00,65535,65535,65535,1500,0,,,,,,,
3089,36505,18466,14742,0,0,-0.59735,-2.19548,9.88566,-0.002131,-0.011718,-0.007457,-12.509,3.371,-0.009,0.0062,-0.0006,1.0301,0.0061,-0.0011,1.5871,-0.0021581,-0.0110644,-0.0099772,0.000000,0.000000,0.000000,0.00000,0.00000,0.000,0.000,0.000,0.000,0.000,-6.0000,0.0000,0.0000,6.0000,95.00,95.00,90.00,90.00,65535,65535,65535,1500,0,,,,,,,
3147,17715,18009,15015,0,0,-0.60214,-2.19548,9.88326,-0.002131,-0.010653,-0.013848,-12.506,3.359,-0.015,0.0061,-0.0006,1.0496,0.0065,-0.0011,1.6481,-0.0021417,-0.0110140,-0.0099772,0.000000,0.000000,0.000000,0.00000,0.00000,0.000,0.000,0.000,0.000,0.000,-6.0000,0.0000,0.0000,6.0000,95.00,95.00,90.00,90.00,65535,65535,65535,1500,0,,,,,,,
3196,25146,18177,15153,0,0,-0.58538,-2.18471,9.88686,-0.001065,-0.010653,-0.008522,-12.502,3.360,-0.017,0.0061,-0.0006,1.0661,0.0068,-0.0012,1.7005,-0.0021590,-0.0110060,-0.0099768,0.000000,0.000000,0.000000,0.00000,0.00000,0.000,0.000,0.000,0.000,0.000,-6.0000,0.0000,0.0000,6.0000,95.00,95.00,90.00,90.00,65535,65535,65535,1500,0,,,,,,,
3249,25255,18171,15147,0,0,-0.58419,-2.20027,9.88805,-0.003196,-0.011718,-0.007457,-12.507,3.353,-0.006,0.0062,-0.0006,1.0838,0.0071,-0.0012,1.7572,-0.0021234,-0.0109753,-0.0099771,0.000000,0.000000,0.000000,0.00000,0.00000,0.000,0.000,0.000,0.000,0.000,-6.0000,0.0000,0.0000,6.0000,95.00,95.00,90.00,90.00,65535,65535,65535,1500,0,,,,,,,
3291,19019,17467,14490,0,0,-0.59975,-2.17992,9.87967,-0.003196,-0.008522,-0.013848,-12.501,3.358,-0.011,0.0062,-0.0007,1.0978,0.0073,-0.0012,1.8038,-0.0021737,-0.0109796,-0.0099762,0.000000,0.000000,0.000000,0.00000,0.00000,0.000,0.000,0.000,0.000,0.000,-6.0000,0.0000,0.0000,6.0000,95.00,95.00,90.00,90.00,65535,65535,65535,1500,0,,,,,,,
3339,24839,18167,15157,0,0,-0.60693,-2.21823,9.88207,-0.002131,-0.010653,-0.010653,-12.514,3.361,-0.017,0.0062,-0.0007,1.1136,0.0077,-0.0013,1.8563,-0.0020980,-0.0109993,-0.0099777,0.000000,0.000000,0.000000,0.00000,0.00000,0.000,0.000,0.000,0.000,0.000,-6.0000,0.0000,0.0000,6.0000,95.00,95.00,90.00,90.00,65535,65535,65535,1500,0,,,,,,,
3388,29926,17628,14618,0,0,-0.60094,-2.18830,9.88326,0.000000,-0.012783,-0.008522,-12.510,3.366,-0.013,0.0062,-0.0007,1.1300,0.0080,-0.0013,1.9114,-0.0020977,-0.0110334,-0.0099778,0.000000,0.000000,0.000000,0.00000,0.00000,0.000,0.000,0.000,0.000,0.000,-6.0000,0.0000,0.0000,6.0000,95.00,95.00,90.00,90.00,65535,65535,65535,1500,0,,,,,,,
3434,26230,18972,15169,0,0,-0.58778,-2.19429,9.88446,-0.002131,-0.011718,-0.010653,-12.508,3.361,-0.012,0.0063,-0.0007,1.1448,0.0083,-0.0013,1.9617,-0.0020990,-0.0110224,-0.0099777,0.000000,0.000000,0.000000,0.00000,0.00000,0.000,0.000,0.000,0.000,0.000,-6.0000,0.0000,0.0000,6.0000,95.00,95.00,90.00,90.00,65535,65535,65535,1500,0,,,,,,,
3483,25235,17886,14861,0,0,-0.60094,-2.18351,9.87728,-0.001065,-0.011718,-0.012783,-12.503,3.359,-0.020,0.0062,-0.0006,1.1616,0.0086,-0.0014,2.0200,-0.0021237,-0.0110233,-0.0099774,0.000000,0.000000,0.000000,0.00000,0.00000,0.000,0.000,0.000,0.000,0.000,-6.0000,0.0000,0.0000,6.0000,95.00,95.00,90.00,90.00,65535,65535,65535,1500,0,,,,,,,
3548,34188,25251,17416,0,0,-0.59855,-2.19069,9.87848,-0.002131,-0.011718,-0.009587,-12.505,3.358,-0.020,0.0062,-0.0006,1.1808,0.0090,-0.0014,2.0876,-0.0021036,-0.0110310,-0.0099777,0.000000,0.000000,0.000000,0.00000,0.00000,0.000,0.000,0.000,0.000,0.000,-6.0000,0.0000,0.0000,6.0000,95.00,95.00,90.00,90.00,65535,65535,65535,1500,0,,,,,,,
3596,24297,17575,14553,0,0,-0.59735,-2.20147,9.89164,-0.002131,-0.011718,-0.010653,-12.506,3.357,-0.014,0.0062,-0.0007,1.1996,0.0093,-0.0015,2.1539,-0.0020848,-0.0110278,-0.0099777,0.000000,0.000000,0.000000,0.00000,0.00000,0.000,0.000,0.000,0.000,0.000,-6.0000,0.0000,0.0000,6.0000,95.00,95.00,90.00,90.00,65535,65535,65535,1500,0,,,,,,,
3635,17773,38155,30289,0,0,-0.59496,-2.19309,9.87848,-0.002131,-0.010653,-0.014914,-12.507,3.357,-0.019,0.0063,-0.0007,1.2055,0.0095,-0.0015,2.1752,-0.0020816,-0.0110303,-0.0099777,0.000000,0.000000,0.000000,0.00000,0.00000,0.000,0.000,0.000,0.000,0.000,-6.0000,0.0000,0.0000,6.0000,95.00,95.00,90.00,90.00,65535,65535,65535,1500,0,,,,,,,
3695,32905,17588,14586,0,0,-0.60094,-2.19668,9.88446,-0.002131,-0.011718,-0.008522,-12.509,3.357,-0.018,0.0062,-0.0008,1.2324,0.0100,-0.0015,2.2738,-0.0020687,-0.0110459,-0.0099778,0.000000,0.000000,0.000000,0.00000,0.00000,0.000,0.000,0.000,0.000,0.000,-6.0000,0.0000,0.0000,6.0000,95.00,95.00,90.00,90.00,65535,65535,65535,1500,0,,,,,,,
3737,23656,18157,15152,0,0,-0.58778,-2.17992,9.89045,-0.001065,-0.011718,-0.009587,-12.506,3.355,-0.015,0.0061,-0.0007,1.2463,0.0102,-0.0016,2.3252,-0.0020770,-0.0110362,-0.0099778,0.000000,0.000000,0.000000,0.00000,0.00000,0.000,0.000,0.000,0.000,0.000,-6.0000,0.0000,0.0000,6.0000,95.00,95.00,90.00,90.00,65535,65535,65535,1500,0,,,,,,,
3786,25182,17612,14607,0,0,-0.59017,-2.18830,9.88326,-0.001065,-0.010653,-0.010653,-12.503,3.351,-0.018,0.0062,-0.0007,1.2626,0.0105,-0.0016,2.3873,-0.0020788,-0.0110237,-0.0099777,0.000000,0.000000,0.000000,0.00000,0.00000,0.000,0.000,0.000,0.000,0.000,-6.0000,0.0000,0.0000,6.0000,95.00,95.00,90.00,90.00,65535,65535,65535,1500,0,,,,,,,
3832,28189,17487,14500,0,0,-0.59137,-2.19429,9.88087,-0.002131,-0.010653,-0.010653,-12.506,3.353,-0.020,0.0062,-0.0007,1.2778,0.0108,-0.0016,2.4459,-0.0020744,-0.0110367,-0.0099778,0.000000,0.000000,0.000000,0.00000,0.00000,0.000,0.000,0.000,0.000,0.000,-6.0000,0.0000,0.0000,6.0000,95.00,95.00,90.00,90.00,65535,65535,65535,1500,0,,,,,,,
3884,27049,24829,15194,0,0,-0.59256,-2.19668,9.88566,-0.002131,-0.010653,-0.009587,-12.506,3.353,-0.018,0.0062,-0.0008,1.2927,0.0111,-0.0017,2.5034,-0.0020676,-0.0110335,-0.0099777,0.000000,0.000000,0.000000,0.00000,0.00000,0.000,0.000,0.000,0.000,0.000,-6.0000,0.0000,0.0000,6.0000,95.00,95.00,90.00,90.00,65535,65535,65535,1500,0,,,,,,,
3934,25227,18203,15172,0,0,-0.59376,-2.18830,9.87848,-0.001065,-0.011718,-0.010653,-12.502,3.351,-0.022,0.0062,-0.0008,1.3112,0.0115,-0.0017,2.5768,-0.0020702,-0.0110378,-0.0099778,0.000000,0.000000,0.000000,0.00000,0.00000,0.000,0.000,0.000,0.000,0.000,-6.0000,0.0000,0.0000,6.0000,95.00,95.00,90.00,90.00,65535,65535,65535,1500,0,,,,,,,
3983,24701,18057,15043,0,0,-0.59975,-2.19668,9.87608,-0.002131,-0.011718,-0.009587,-12.507,3.352,-0.024,0.0062,-0.0008,1.3276,0.0118,-0.0018,2.6419,-0.0020498,-0.0110527,-0.0099778,0.000000,0.000000,0.000000,0.00000,0.00000,0.000,0.000,0.000,0.000,0.000,-6.0000,0.0000,0.0000,6.0000,95.00,95.00,90.00,90.00,65535,65535,65535,1500,0,,,,,,,
4043,34378,19605,15234,0,0,-0.58299,-2.19309,9.87728,-0.002131,-0.011718,-0.010653,-12.506,3.348,-0.024,0.0063,-0.0008,1.3469,0.0121,-0.0018,2.7199,-0.0020537,-0.0110471,-0.0099778,0.000000,0.000000,0.000000,0.00000,0.00000,0.000,0.000,0.000,0.000,0.000,-6.0000,0.0000,0.0000,6.0000,95.00,95.00,90.00,90.00,65535,65535,65535,1500,0,,,,,,,
4104,34849,20061,14632,0,0,-0.59735,-2.19189,9.87608,-0.001065,-0.010653,-0.010653,-12.506,3.349,-0.026,0.0063,-0.0008,1.3669,0.0125,-0.0019,2.8021,-0.0020526,-0.0110455,-0.0099779,0.000000,0.000000,0.000000,0.00000,0.00000,0.000,0.000,0.000,0.000,0.000,-6.0000,0.0000,0.0000,6.0000,95.00,95.00,90.00,90.00,65535,65535,65535,1500,0,,,,,,,
4132,20271,28402,20372,0,0,-0.60334,-2.19429,9.88087,-0.002131,-0.011718,-0.010653,-12.507,3.351,-0.028,0.0063,-0.0008,1.3737,0.0126,-0.0019,2.8299,-0.0020490,-0.0110616,-0.0099779,0.000000,0.000000,0.000000,0.00000,0.00000,0.000,0.000,0.000,0.000,0.000,-6.0000,0.0000,0.0000,6.0000,95.00,95.00,90.00,90.00,65535,65535,65535,1500,0,,,,,,,
4194,18947,17841,14868,0,0,-0.57940,-2.17992,9.87728,-0.001065,-0.011718,-0.009587,-12.503,3.346,-0.020,0.0062,-0.0009,1.3976,0.0131,-0.0019,2.9299,-0.0020623,-0.0110453,-0.0099780,0.000000,0.000000,0.000000,0.00000,0.00000,0.000,0.000,0.000,0.000,0.000,-6.0000,0.0000,0.0000,6.0000,95.00,95.00,90.00,90.00,65535,65535,65535,1500,0,,,,,,,
4243,25118,18204,15168,0,0,-0.59137,-2.18950,9.88925,-0.002131,-0.011718,-0.011718,-12.501,3.344,-0.024,0.0062,-0.0009,1.4139,0.0134,-0.0020,2.9984,-0.0020659,-0.0110480,-0.0099780,0.000000,0.000000,0.000000,0.00000,0.00000,0.000,0.000,0.000,0.000,0.000,-6.0000,0.0000,0.0000,6.0000,95.00,95.00,90.00,90.00,65535,65535,65535,1500,0,,,,,,,
4291,24438,17524,14535,0,0,-0.58897,-2.18710,9.87848,-0.001065,-0.011718,-0.008522,-12.500,3.343,-0.023,0.0062,-0.0008,1.4300,0.0137,-0.0020,3.0677,-0.0020654,-0.0110517,-0.0099780,0.000000,0.000000,0.000000,0.00000,0.00000,0.000,0.000,0.000,0.000,0.000,-6.0000,0.0000,0.0000,6.0000,95.00,95.00,90.00,90.00,65535,65535,65535,1500,0,,,,,,,
4344,26875,18127,15122,0,0,-0.58658,-2.18710,9.88087,-0.001065,-0.011718,-0.009587,-12.496,3.343,-0.022,0.0062,-0.0008,1.4473,0.0140,-0.0020,3.1427,-0.0020704,-0.0110569,-0.0099782,0.000000,0.000000,0.000000,0.00000,0.00000,0.000,0.000,0.000,0.000,0.000,-6.0000,0.0000,0.0000,6.0000,95.00,95.00,90.00,90.00,65535,65535,65535,1500,0,,,,,,,
4392,24906,17546,14542,0,0,-0.59137,-2.17633,9.87728,-0.001065,-0.011718,-0.009587,-12.488,3.340,-0.021,0.0062,-0.0008,1.4635,0.0143,-0.0021,3.2143,-0.0020929,-0.0110540,-0.0099786,0.000000,0.000000,0.000000,0.00000,0.00000,0.000,0.000,0.000,0.000,0.000,-6.0000,0.0000,0.0000,6.0000,95.00,95.00,90.00,90.00,65535,65535,65535,1500,0,,,,,,,
4441,29711,18194,15152,0,0,-0.59376,-2.18950,9.88087,-0.002131,-0.011718,-0.008522,-12.489,3.340,-0.020,0.0062,-0.0008,1.4792,0.0146,-0.0021,3.2842,-0.0020885,-0.0110595,-0.0099786,0.000000,0.000000,0.000000,0.00000,0.00000,0.000,0.000,0.000,0.000,0.000,-6.0000,0.0000,0.0000,6.0000,95.00,95.00,90.00,90.00,65535,65535,65535,1500,0,,,,,,,
4483,19149,17654,14667,0,0,-0.58419,-2.18830,9.89045,-0.001065,-0.011718,-0.008522,-12.487,3.341,-0.017,0.0062,-0.0008,1.4937,0.0149,-0.0022,3.3481,-0.0020931,-0.0110614,-0.0099787,0.000000,0.000000,0.000000,0.00000,0.00000,0.000,0.000,0.000,0.000,0.000,-6.0000,0.0000,0.0000,6.0000,95.00,95.00,90.00,90.00,65535,65535,65535,1500,0,,,,,,,
4555,42852,23772,15343,0,0,-0.59616,-2.19189,9.88207,-0.001065,-0.011718,-0.013848,-12.487,3.338,-0.027,0.0061,-0.0009,1.5156,0.0153,-0.0022,3.4474,-0.0020799,-0.0110702,-0.0099786,0.000000,0.000000,0.000000,0.00000,0.00000,0.000,0.000,0.000,0.000,0.000,-6.0000,0.0000,0.0000,6.0000,95.00,95.00,90.00,90.00,65535,65535,65535,1500,0,,,,,,,
4589,29918,28121,25146,0,0,-0.59496,-2.19309,9.87728,-0.002131,-0.011718,-0.012783,-12.489,3.337,-0.032,0.0060,-0.0009,1.5254,0.0155,-0.0022,3.4929,-0.0020728,-0.0110767,-0.0099785,0.000000,0.000000,0.000000,0.00000,0.00000,0.000,0.000,0.000,0.000,0.000,-6.0000,0.0000,0.0000,6.0000,95.00,95.00,90.00,90.00,65535,65535,65535,1500,0,,,,,,,
4649,19063,18067,15089,0,0,-0.58538,-2.18830,9.87608,-0.001065,-0.011718,-0.009587,-12.488,3.336,-0.030,0.0060,-0.0009,1.5484,0.0159,-0.0023,3.6004,-0.0020631,-0.0110780,-0.0099783,0.000000,0.000000,0.000000,0.00000,0.00000,0.000,0.000,0.000,0.000,0.000,-6.0000,0.0000,0.0000,6.0000,95.00,95.00,90.00,90.00,65535,65535,65535,1500,0,,,,,,,
4698,30065,17592,14583,0,0,-0.59496,-2.18950,9.87848,-0.001065,-0.011718,-0.010653,-12.485,3.334,-0.031,0.0060,-0.0009,1.5646,0.0162,-0.0024,3.6767,-0.0020634,-0.0110798,-0.0099783,0.000000,0.000000,0.000000,0.00000,0.00000,0.000,0.000,0.000,0.000,0.000,-6.0000,0.0000,0.0000,6.0000,95.00,95.00,90.00,90.00,65535,65535,65535,1500,0,,,,,,,
4756,33114,24920,15252,0,0,-0.59855,-2.17872,9.88207,-0.002131,-0.011718,-0.008522,-12.483,3.333,-0.030,0.0058,-0.0008,1.5813,0.0165,-0.0024,3.7570,-0.0020721,-0.0110842,-0.0099787,0.000000,0.000000,0.000000,0.00000,0.00000,0.000,0.000,0.000,0.000,0.000,-6.0000,0.0000,0.0000,6.0000,95.00,95.00,90.00,90.00,65535,65535,65535,1500,0,,,,,,,
4799,23848,17577,14592,0,0,-0.60334,-2.18471,9.87488,-0.001065,-0.011718,-0.009587,-12.480,3.337,-0.028,0.0059,-0.0008,1.5977,0.0168,-0.0025,3.8363,-0.0020723,-0.0111045,-0.0099794,0.000000,0.000000,0.000000,0.00000,0.00000,0.000,0.000,0.000,0.000,0.000,-6.0000,0.0000,0.0000,6.0000,95.00,95.00,90.00,90.00,65535,65535,65535,1500,0,,,,,,,
4837,17982,38160,30157,0,0,-0.58658,-2.18950,9.87967,-0.001065,-0.011718,-0.010653,-12.480,3.335,-0.028,0.0058,-0.0008,1.6036,0.0169,-0.0025,3.8651,-0.0020689,-0.0111007,-0.0099791,0.000000,0.000000,0.000000,0.00000,0.00000,0.000,0.000,0.000,0.000,0.000,-6.0000,0.0000,0.0000,6.0000,95.00,95.00,90.00,90.00,65535,65535,65535,1500,0,,,,,,,
4894,36645,18505,15210,0,0,-0.58897,-2.19189,9.87608,-0.002131,-0.011718,-0.010653,-12.478,3.333,-0.026,0.0058,-0.0008,1.6287,0.0174,-0.0025,3.9880,-0.0020692,-0.0111009,-0.0099791,0.000000,0.000000,0.000000,0.00000,0.00000,0.000,0.000,0.000,0.000,0.000,-6.0000,0.0000,0.0000,6.0000,95.00,95.00,90.00,90.00,65535,65535,65535,1500,0,,,,,,,
4935,18062,18026,15039,0,0,-0.59137,-2.18591,9.88326,-0.001065,-0.012783,-0.008522,-12.477,3.332,-0.024,0.0058,-0.0008,1.6426,0.0176,-0.0026,4.0563,-0.0020689,-0.0111042,-0.0099792,0.000000,0.000000,0.000000,0.00000,0.00000,0.000,0.000,0.000,0.000,0.000,-6.0000,0.0000,0.0000,6.0000,95.00,95.00,90.00,90.00,65535,65535,65535,1500,0,,,,,,,
4989,25947,18122,15114,0,0,-0.57940,-2.19429,9.87728,-0.001065,-0.011718,-0.008522,-12.478,3.327,-0.020,0.0058,-0.0008,1.6602,0.0178,-0.0026,4.1448,-0.0020493,-0.0110910,-0.0099778,0.000000,0.000000,0.000000,0.00000,0.00000,0.000,0.000,0.000,0.000,0.000,-6.0000,0.0000,0.0000,6.0000,95.00,95.00,90.00,90.00,65535,65535,65535,1500,0,,,,,,,
5048,34249,19327,15218,0,0,-0.58658,-2.18710,9.87488,-0.001065,-0.011718,-0.008522,-12.476,3.323,-0.019,0.0058,-0.0008,1.6793,0.0181,-0.0026,4.2423,-0.0020445,-0.0110832,-0.0099772,0.000000,0.000000,0.000000,0.00000,0.00000,0.000,0.000,0.000,0.000,0.000,-6.0000,0.0000,0.0000,6.0000,95.00,95.00,90.00,90.00,65535,65535,65535,1500,0,,,,,,,
5084,20285,34445,26567,0,0,-0.59256,-2.18591,9.88207,-0.001065,-0.011718,-0.011718,-12.475,3.324,-0.021,0.0058,-0.0008,1.6860,0.0183,-0.0026,4.2765,-0.0020449,-0.0110888,-0.0099775,0.000000,0.000000,0.000000,0.00000,0.00000,0.000,0.000,0.000,0.000,0.000,-6.0000,0.0000,0.0000,6.0000,95.00,95.00,90.00,90.00,65535,65535,65535,1500,0,,,,,,,
5149,17601,17907,14934,0,0,-0.58419,-2.19548,9.87728,-0.002131,-0.011718,-0.010653,-12.475,3.319,-0.025,0.0058,-0.0008,1.7125,0.0187,-0.0027,4.4147,-0.0020331,-0.0110876,-0.0099769,0.000000,0.000000,0.000000,0.00000,0.00000,0.000,0.000,0.000,0.000,0.000,-6.0000,0.0000,0.0000,6.0000,95.00,95.00,90.00,90.00,65535,65535,65535,1500,0,,,,,,,
5197,21303,18117,15097,0,0,-0.58419,-2.18950,9.87249,-0.001065,-0.011718,-0.009587,-12.478,3.317,-0.025,0.0058,-0.0008,1.7283,0.0189,-0.0027,4.4978,-0.0020179,-0.0110864,-0.0099761,0.000000,0.000000,0.000000,0.00000,0.00000,0.000,0.000,0.000,0.000,0.000,-6.0000,0.0000,0.0000,6.0000,95.00,95.00,90.00,90.00,65535,65535,65535,1500,0,,,,,,,
5246,24958,18184,15166,0,0,-0.58897,-2.19429,9.87369,-0.001065,-0.011718,-0.009587,-12.479,3.315,-0.024,0.0058,-0.0008,1.7444,0.0192,-0.0028,4.5832,-0.0020043,-0.0110850,-0.0099753,0.000000,0.000000,0.000000,0.00000,0.00000,0.000,0.000,0.000,0.000,0.000,-6.0000,0.0000,0.0000,6.0000,95.00,95.00,90.00,90.00,65535,65535,65535,1500,0,,,,,,,
5296,30262,17908,14895,0,0,-0.58897,-2.19309,9.87967,-0.002131,-0.011718,-0.009587,-12.484,3.316,-0.024,0.0057,-0.0008,1.7607,0.0194,-0.0028,4.6700,-0.0019872,-0.0110935,-0.0099748,0.000000,0.000000,0.000000,0.00000,0.00000,0.000,0.000,0.000,0.000,0.000,-6.0000,0.0000,0.0000,6.0000,95.00,95.00,90.00,90.00,65535,65535,65535,1500,0,,,,,,,
5337,22575,18105,15077,0,0,-0.58179,-2.19189,9.87967,-0.001065,-0.011718,-0.009587,-12.479,3.313,-0.025,0.0058,-0.0009,1.7743,0.0197,-0.0028,4.7427,-0.0020009,-0.0110897,-0.0099754,0.000000,0.000000,0.000000,0.00000,0.00000,0.000,0.000,0.000,0.000,0.000,-6.0000,0.0000,0.0000,6.0000,95.00,95.00,90.00,90.00,65535,65535,65535,1500,0,,,,,,,
5398,30740,24091,14885,0,0,-0.58778,-2.19069,9.87608,-0.002131,-0.011718,-0.010653,-12.479,3.313,-0.026,0.0058,-0.0009,1.7924,0.0200,-0.0029,4.8411,-0.0019990,-0.0110987,-0.0099757,0.000000,0.000000,0.000000,0.00000,0.00000,0.000,0.000,0.000,0.000,0.000,-6.0000,0.0000,0.0000,6.0000,95.00,95.00,90.00,90.00,65535,65535,65535,1500,0,,,,,,,
5446,24141,18176,15149,0,0,-0.58419,-2.18591,9.86890,-0.001065,-0.011718,-0.009587,-12.477,3.312,-0.028,0.0057,-0.0009,1.8099,0.0203,-0.0029,4.9385,-0.0019953,-0.0111016,-0.0099756,0.000000,0.000000,0.000000,0.00000,0.00000,0.000,0.000,0.000,0.000,0.000,-6.0000,0.0000,0.0000,6.0000,95.00,95.00,90.00,90.00,65535,65535,65535,1500,0,,,,,,,
5489,19141,18062,15067,0,0,-0.58538,-2.19069,9.88207,-0.002131,-0.011718,-0.009587,-12.478,3.312,-0.027,0.0057,-0.0009,1.8241,0.0206,-0.0030,5.0169,-0.0019924,-0.0111061,-0.0099756,0.000000,0.000000,0.000000,0.00000,0.00000,0.000,0.000,0.000,0.000,0.000,-6.0000,0.0000,0.0000,6.0000,95.00,95.00,90.00,90.00,65535,65535,65535,1500,0,,,,,,,
5554,33627,25363,17330,0,0,-0.58538,-2.18950,9.87728,-0.002131,-0.011718,-0.011718,-12.479,3.310,-0.031,0.0057,-0.0009,1.8430,0.0209,-0.0030,5.1228,-0.0019889,-0.0111110,-0.0099757,0.000000,0.000000,0.000000,0.00000,0.00000,0.000,0.000,0.000,0.000,0.000,-6.0000,0.0000,0.0000,6.0000,95.00,95.00,90.00,90.00,65535,65535,65535,1500,0,,,,,,,
5590,31588,29591,26574,0,0,-0.57700,-2.18351,9.88087,-0.002131,-0.012783,-0.010653,-12.478,3.305,-0.031,0.0058,-0.0009,1.8534,0.0211,-0.0031,5.1811,-0.0019920,-0.0111034,-0.0099756,0.000000,0.000000,0.000000,0.00000,0.00000,0.000,0.000,0.000,0.000,0.000,-6.0000,0.0000,0.0000,6.0000,95.00,95.00,90.00,90.00,65535,65535,65535,1500,0,,,,,,,
5637,20194,18068,15078,0,0,-0.58897,-2.18112,9.87967,-0.002131,-0.011718,-0.010653,-12.474,3.302,-0.033,0.0058,-0.0010,1.8725,0.0215,-0.0031,5.2900,-0.0019907,-0.0111095,-0.0099758,0.000000,0.000000,0.000000,0.00000,0.00000,0.000,0.000,0.000,0.000,0.000,-6.0000,0.0000,0.0000,6.0000,95.00,95.00,90.00,90.00,65535,65535,65535,1500,0,,,,,,,
5687,25088,18201,15140,0,0,-0.58059,-2.19309,9.87848,-0.001065,-0.012783,-0.009587,-12.475,3.299,-0.032,0.0058,-0.0010,1.8887,0.0217,-0.0032,5.3831,-0.0019852,-0.0111100,-0.0099753,0.000000,0.000000,0.000000,0.00000,0.00000,0.000,0.000,0.000,0.000,0.000,-6.0000,0.0000,0.0000,6.0000,95.00,95.00,90.00,90.00,65535,65535,65535,1500,0,,,,,,,
5734,23637,18159,15144,0,0,-0.58897,-2.17513,9.87608,-0.001065,-0.011718,-0.012783,-12.470,3.298,-0.035,0.0058,-0.0010,1.9042,0.0221,-0.0032,5.4739,-0.0019933,-0.0111164,-0.0099764,0.000000,0.000000,0.000000,0.00000,0.00000,0.000,0.000,0.000,0.000,0.000,-6.0000,0.0000,0.0000,6.0000,95.00,95.00,90.00,90.00,65535,65535,65535,1500,0,,,,,,,
5796,18876,17826,14851,0,0,-0.58299,-2.17633,9.88087,-0.001065,-0.011718,-0.010653,-12.466,3.296,-0.040,0.0059,-0.0011,1.9243,0.0226,-0.0033,5.5926,-0.0020031,-0.0111233,-0.0099776,0.000000,0.000000,0.000000,0.00000,0.00000,0.000,0.000,0.000,0.000,0.000,-6.0000,0.0000,0.0000,6.0000,95.00,95.00,90.00,90.00,65535,65535,65535,1500,0,,,,,,,
5835,27004,29222,20054,0,0,-0.58538,-2.18112,9.87967,-0.002131,-0.010653,-0.010653,-12.466,3.297,-0.041,0.0059,-0.0011,1.9332,0.0228,-0.0034,5.6447,-0.0020059,-0.0111257,-0.0099779,0.000000,0.000000,0.000000,0.00000,0.00000,0.000,0.000,0.000,0.000,0.000,-6.0000,0.0000,0.0000,6.0000,95.00,95.00,90.00,90.00,65535,65535,65535,1500,0,,,,,,,
5885,25222,18185,15148,0,0,-0.59017,-2.18112,9.87608,0.000000,-0.011718,-0.011718,-12.462,3.297,-0.043,0.0059,-0.0011,1.9530,0.0231,-0.0034,5.7632,-0.0020020,-0.0111346,-0.0099781,0.000000,0.000000,0.000000,0.00000,0.00000,0.000,0.000,0.000,0.000,0.000,-6.0000,0.0000,0.0000,6.0000,95.00,95.00,90.00,90.00,65535,65535,65535,1500,0,,,,,,,
5945,18972,18063,15083,0,0,-0.58538,-2.17394,9.87488,-0.002131,-0.012783,-0.010653,-12.457,3.297,-0.044,0.0060,-0.0012,1.9726,0.0237,-0.0036,5.8821,-0.0020175,-0.0111443,-0.0099800,0.000000,0.000000,0.000000,0.00000,0.00000,0.000,0.000,0.000,0.000,0.000,-6.0000,0.0000,0.0000,6.0000,95.00,95.00,90.00,90.00,65535,65535,65535,1500,0,,,,,,,
5994,25076,18010,14970,0,0,-0.58059,-2.18710,9.87249,-0.001065,-0.012783,-0.011718,-12.456,3.293,-0.047,0.0060,-0.0012,1.9885,0.0239,-0.0036,5.9797,-0.0020118,-0.0111437,-0.0099794,0.000000,0.000000,0.000000,0.00000,0.00000,0.000,0.000,0.000,0.000,0.000,-6.0000,0.0000,0.0000,6.0000,95.00,95.00,90.00,90.00,65535,65535,65535,1500,0,,,,,,,
6033,23790,33214,30240,0,0,-0.58419,-2.17992,9.87369,-0.002131,-0.012783,-0.010653,-12.456,3.291,-0.048,0.0060,-0.0012,1.9962,0.0241,-0.0036,6.0271,-0.0020127,-0.0111462,-0.0099797,0.000000,0.000000,0.000000,0.00000,0.00000,0.000,0.000,0.000,0.000,0.000,-6.0000,0.0000,0.0000,6.0000,95.00,95.00,90.00,90.00,65535,65535,65535,1500,0,,,,,,,
6088,43042,44593,34196,0,0,-0.58538,-2.18471,9.87728,-0.001065,-0.012783,-0.006392,-12.454,3.290,-0.038,0.0059,-0.0013,2.0102,0.0243,-0.0037,6.1133,-0.0020096,-0.0111498,-0.0099795,0.000000,0.000000,0.000000,0.00000,0.00000,0.000,0.000,0.000,0.000,0.000,-6.0000,0.0000,0.0000,6.0000,95.00,95.00,90.00,90.00,65535,65535,65535,1500,0,,,,,,,
6140,28013,23431,15514,0,0,-0.57940,-2.18351,9.87608,-0.001065,-0.011718,-0.010653,-12.454,3.288,-0.041,0.0057,-0.0015,2.0339,0.0246,-0.0038,6.2623,-0.0019981,-0.0111534,-0.0099784,0.000000,0.000000,0.000000,0.00000,0.00000,0.000,0.000,0.000,0.000,0.000,-6.0000,0.0000,0.0000,6.0000,95.00,95.00,90.00,90.00,65535,65535,65535,1500,0,,,,,,,
6190,25264,18175,15170,0,0,-0.58658,-2.18351,9.87369,-0.001065,-0.012783,-0.010653,-12.453,3.287,-0.043,0.0057,-0.0015,2.0519,0.0249,-0.0039,6.3745,-0.0019931,-0.0111615,-0.0099785,0.000000,0.000000,0.000000,0.00000,0.00000,0.000,0.000,0.000,0.000,0.000,-6.0000,0.0000,0.0000,6.0000,95.00,95.00,90.00,90.00,65535,65535,65535,1500,0,,,,,,,
6233,18916,18072,15082,0,0,-0.57700,-2.18710,9.87129,-0.002131,-0.011718,-0.009587,-12.452,3.286,-0.044,0.0057,-0.0014,2.0658,0.0251,-0.0039,6.4626,-0.0019902,-0.0111622,-0.0099783,0.000000,0.000000,0.000000,0.00000,0.00000,0.000,0.000,0.000,0.000,0.000,-6.0000,0.0000,0.0000,6.0000,95.00,95.00,90.00,90.00,65535,65535,65535,1500,0,,,,,,,
6290,28754,21906,15218,0,0,-0.57700,-2.18351,9.88207,-0.002131,-0.012783,-0.008522,-12.454,3.281,-0.042,0.0056,-0.0014,2.0834,0.0253,-0.0039,6.5729,-0.0019826,-0.0111570,-0.0099770,0.000000,0.000000,0.000000,0.00000,0.00000,0.000,0.000,0.000,0.000,0.000,-6.0000,0.0000,0.0000,6.0000,95.00,95.00,90.00,90.00,65535,65535,65535,1500,0,,,,,,,
6338,24676,18170,15124,0,0,-0.57700,-2.18231,9.88087,0.000000,-0.011718,-0.008522,-12.451,3.280,-0.039,0.0056,-0.0014,2.1008,0.0255,-0.0040,6.6832,-0.0019788,-0.0111623,-0.0099769,0.000000,0.000000,0.000000,0.00000,0.00000,0.000,0.000,0.000,0.000,0.000,-6.0000,0.0000,0.0000,6.0000,95.00,95.00,90.00,90.00,65535,65535,65535,1500,0,,,,,,,
6382,19197,18097,15076,0,0,-0.58538,-2.18950,9.87369,-0.002131,-0.011718,-0.010653,-12.452,3.283,-0.039,0.0056,-0.0014,2.1146,0.0258,-0.0041,6.7741,-0.0019703,-0.0111742,-0.0099769,0.000000,0.000000,0.000000,0.00000,0.00000,0.000,0.000,0.000,0.000,0.000,-6.0000,0.0000,0.0000,6.0000,95.00,95.00,90.00,90.00,65535,65535,65535,1500,0,,,,,,,
6449,19220,18136,15092,0,0,-0.58538,-2.18351,9.87608,-0.001065,-0.011718,-0.010653,-12.455,3.279,-0.045,0.0055,-0.0013,2.1364,0.0259,-0.0041,6.9168,-0.0019570,-0.0111729,-0.0099752,0.000000,0.000000,0.000000,0.00000,0.00000,0.000,0.000,0.000,0.000,0.000,-6.0000,0.0000,0.0000,6.0000,95.00,95.00,90.00,90.00,65535,65535,65535,1500,0,,,,,,,
6501,28731,17571,14645,0,0,-0.57940,-2.17992,9.87848,-0.001065,-0.011718,-0.008522,-12.454,3.280,-0.043,0.0056,-0.0013,2.1539,0.0263,-0.0042,7.0306,-0.0019566,-0.0111800,-0.0099757,0.000000,0.000000,0.000000,0.00000,0.00000,0.000,0.000,0.000,0.000,0.000,-6.0000,0.0000,0.0000,6.0000,95.00,95.00,90.00,90.00,65535,65535,65535,1500,0,,,,,,,
6540,22920,33297,30302,0,0,-0.58778,-2.18471,9.87249,-0.002131,-0.011718,-0.010653,-12.455,3.281,-0.045,0.0056,-0.0013,2.1613,0.0264,-0.0042,7.0800,-0.0019532,-0.0111869,-0.0099758,0.000000,0.000000,0.000000,0.00000,0.00000,0.000,0.000,0.000,0.000,0.000,-6.0000,0.0000,0.0000,6.0000,95.00,95.00,90.00,90.00,65535,65535,65535,1500,0,,,,,,,
6598,35223,21777,14727,0,0,-0.58059,-2.18112,9.87848,-0.001065,-0.011718,-0.013848,-12.453,3.278,-0.055,0.0055,-0.0013,2.1838,0.0269,-0.0043,7.2316,-0.0019524,-0.0111962,-0.0099765,0.000000,0.000000,0.000000,0.00000,0.00000,0.000,0.000,0.000,0.000,0.000,-6.0000,0.0000,0.0000,6.0000,95.00,95.00,90.00,90.00,65535,65535,65535,1500,0,,,,,,,
6647,25172,18154,15147,0,0,-0.58778,-2.17513,9.87967,-0.002131,-0.012783,-0.008522,-12.450,3.278,-0.057,0.0056,-0.0014,2.2009,0.0274,-0.0045,7.3468,-0.0019575,-0.0112066,-0.0099780,0.000000,0.000000,0.000000,0.00000,0.00000,0.000,0.000,0.000,0.000,0.000,-6.0000,0.0000,0.0000,6.0000,95.00,95.00,90.00,90.00,65535,65535,65535,1500,0,,,,,,,
6690,19179,17712,14700,0,0,-0.59017,-2.18231,9.87728,-0.002131,-0.011718,-0.010653,-12.450,3.281,-0.059,0.0056,-0.0013,2.2150,0.0277,-0.0046,7.4417,-0.0019542,-0.0112191,-0.0099785,0.000000,0.000000,0.000000,0.00000,0.00000,0.000,0.000,0.000,0.000,0.000,-6.0000,0.0000,0.0000,6.0000,95.00,95.00,90.00,90.00,65535,65535,65535,1500,0,,,,,,,
6743,26413,18166,15136,0,0,-0.57341,-2.17513,9.87608,-0.001065,-0.012783,-0.010653,-12.447,3.276,-0.058,0.0057,-0.0013,2.2319,0.0280,-0.0046,7.5595,-0.0019568,-0.0112197,-0.0099790,0.000000,0.000000,0.000000,0.00000,0.00000,0.000,0.000,0.000,0.000,0.000,-6.0000,0.0000,0.0000,6.0000,95.00,95.00,90.00,90.00,65535,65535,65535,1500,0,,,,,,,
6792,25127,17964,14929,0,0,-0.57940,-2.18710,9.87848,-0.001065,-0.012783,-0.012783,-12.445,3.273,-0.061,0.0057,-0.0013,2.2480,0.0283,-0.0047,7.6706,-0.0019539,-0.0112256,-0.0099790,0.000000,0.000000,0.000000,0.00000,0.00000,0.000,0.000,0.000,0.000,0.000,-6.0000,0.0000,0.0000,6.0000,95.00,95.00,90.00,90.00,65535,65535,65535,1500,0,,,,,,,
6834,22688,18051,15076,0,0,-0.57820,-2.17872,9.87967,-0.002131,-0.011718,-0.010653,-12.443,3.274,-0.061,0.0058,-0.0014,2.2615,0.0288,-0.0048,7.7638,-0.0019582,-0.0112315,-0.0099802,0.000000,0.000000,0.000000,0.00000,0.00000,0.000,0.000,0.000,0.000,0.000,-6.0000,0.0000,0.0000,6.0000,95.00,95.00,90.00,90.00,65535,65535,65535,1500,0,,,,,,,
6884,25088,18163,15129,0,0,-0.58538,-2.17513,9.88087,-0.001065,-0.012783,-0.009587,-12.441,3.273,-0.061,0.0058,-0.0014,2.2776,0.0291,-0.0049,7.8763,-0.0019579,-0.0112368,-0.0099807,0.000000,0.000000,0.000000,0.00000,0.00000,0.000,0.000,0.000,0.000,0.000,-6.0000,0.0000,0.0000,6.0000,95.00,95.00,90.00,90.00,65535,65535,65535,1500,0,,,,,,,
6941,31616,24698,14675,0,0,-0.58538,-2.18112,9.87608,-0.001065,-0.011718,-0.010653,-12.441,3.273,-0.063,0.0057,-0.0014,2.2941,0.0293,-0.0050,7.9922,-0.0019508,-0.0112459,-0.0099805,0.000000,0.000000,0.000000,0.00000,0.00000,0.000,0.000,0.000,0.000,0.000,-6.0000,0.0000,0.0000,6.0000,95.00,95.00,90.00,90.00,65535,65535,65535,1500,0,,,,,,,
6983,24038,18120,15091,0,0,-0.58658,-2.18112,9.87129,-0.002131,-0.011718,-0.011718,-12.442,3.274,-0.067,0.0057,-0.0014,2.3100,0.0296,-0.0050,8.1050,-0.0019444,-0.0112539,-0.0099803,0.000000,0.000000,0.000000,0.00000,0.00000,0.000,0.000,0.000,0.000,0.000,-6.0000,0.0000,0.0000,6.0000,95.00,95.00,90.00,90.00,65535,65535,65535,1500,0,,,,,,,
7050,39520,20996,17967,0,0,-0.57700,-2.18471,9.87488,-0.001065,-0.011718,-0.011718,-12.443,3.271,-0.072,0.0057,-0.0014,2.3306,0.0298,-0.0051,8.2530,-0.0019382,-0.0112538,-0.0099794,0.000000,0.000000,0.000000,0.00000,0.00000,0.000,0.000,0.000,0.000,0.000,-6.0000,0.0000,0.0000,6.0000,95.00,95.00,90.00,90.00,65535,65535,65535,1500,0,,,,,,,
7086,27433,29602,26601,0,0,-0.57940,-2.17992,9.87848,-0.001065,-0.011718,-0.009587,-12.442,3.271,-0.071,0.0057,-0.0014,2.3395,0.0300,-0.0051,8.3170,-0.0019379,-0.0112547,-0.0099794,0.000000,0.000000,0.000000,0.00000,0.00000,0.000,0.000,0.000,0.000,0.000,-6.0000,0.0000,0.0000,6.0000,95.00,95.00,90.00,90.00,65535,65535,65535,1500,0,,,,,,,
7151,20951,20784,14534,0,0,-0.58179,-2.17513,9.87728,-0.001065,-0.011718,-0.010653,-12.441,3.272,-0.076,0.0057,-0.0016,2.3637,0.0305,-0.0053,8.4915,-0.0019340,-0.0112709,-0.0099804,0.000000,0.000000,0.000000,0.00000,0.00000,0.000,0.000,0.000,0.000,0.000,-6.0000,0.0000,0.0000,6.0000,95.00,95.00,90.00,90.00,65535,65535,65535,1500,0,,,,,,,
7199,29506,18167,15143,0,0,-0.57700,-2.18112,9.86770,-0.001065,-0.011718,-0.008522,-12.437,3.272,-0.074,0.0057,-0.0016,2.3797,0.0309,-0.0054,8.6112,-0.0019365,-0.0112722,-0.0099809,0.000000,0.000000,0.000000,0.00000,0.00000,0.000,0.000,0.000,0.000,0.000,-6.0000,0.0000,0.0000,6.0000,95.00,95.00,90.00,90.00,65535,65535,65535,1500,0,,,,,,,
7239,24510,33326,30318,0,0,-0.58179,-2.18351,9.87249,-0.001065,-0.011718,-0.009587,-12.438,3.272,-0.074,0.0057,-0.0016,2.3876,0.0310,-0.0054,8.6697,-0.0019319,-0.0112751,-0.0099806,0.000000,0.000000,0.000000,0.00000,0.00000,0.000,0.000,0.000,0.000,0.000,-6.0000,0.0000,0.0000,6.0000,95.00,95.00,90.00,90.00,65535,65535,65535,1500,0,,,,,,,
7289,26159,18176,15158,0,0,-0.58059,-2.18231,9.87249,-0.001065,-0.011718,-0.010653,-12.439,3.270,-0.086,0.0056,-0.0017,2.4089,0.0313,-0.0055,8.8274,-0.0019217,-0.0112812,-0.0099801,0.000000,0.000000,0.000000,0.00000,0.00000,0.000,0.000,0.000,0.000,0.000,-6.0000,0.0000,0.0000,6.0000,95.00,95.00,90.00,90.00,65535,65535,65535,1500,0,,,,,,,
7338,30088,17582,14564,0,0,-0.58658,-2.17394,9.87488,-0.001065,-0.011718,-0.008522,-12.436,3.275,-0.084,0.0057,-0.0017,2.4248,0.0319,-0.0057,8.9463,-0.0019231,-0.0112948,-0.0099819,0.000000,0.000000,0.000000,0.00000,0.00000,0.000,0.000,0.000,0.000,0.000,-6.0000,0.0000,0.0000,6.0000,95.00,95.00,90.00,90.00,65535,65535,65535,1500,0,,,,,,,
7392,27495,18171,15159,0,0,-0.57581,-2.17872,9.87848,-0.001065,-0.012783,-0.008522,-12.433,3.271,-0.082,0.0058,-0.0017,2.4423,0.0322,-0.0058,9.0769,-0.0019232,-0.0112971,-0.0099821,0.000000,0.000000,0.000000,0.00000,0.00000,0.000,0.000,0.000,0.000,0.000,-6.0000,0.0000,0.0000,6.0000,95.00,95.00,90.00,90.00,65535,65535,65535,1500,0,,,,,,,
7435,19157,17770,14769,0,0,-0.58897,-2.18112,9.87249,-0.001065,-0.011718,-0.010653,-12.434,3.272,-0.082,0.0059,-0.0017,2.4560,0.0326,-0.0059,9.1819,-0.0019205,-0.0113057,-0.0099828,0.000000,0.000000,0.000000,0.00000,0.00000,0.000,0.000,0.000,0.000,0.000,-6.0000,0.0000,0.0000,6.0000,95.00,95.00,90.00,90.00,65535,65535,65535,1500,0,,,,,,,
7482,28482,18144,15132,0,0,-0.58299,-2.17753,9.87488,-0.001065,-0.011718,-0.010653,-12.434,3.274,-0.085,0.0059,-0.0017,2.4712,0.0330,-0.0060,9.2973,-0.0019143,-0.0113176,-0.0099833,0.000000,0.000000,0.000000,0.00000,0.00000,0.000,0.000,0.000,0.000,0.000,-6.0000,0.0000,0.0000,6.0000,95.00,95.00,90.00,90.00,65535,65535,65535,1500,0,,,,,,,
7548,34298,21055,18032,0,0,-0.57940,-2.16795,9.87728,-0.001065,-0.011718,-0.010653,-12.429,3.273,-0.087,0.0060,-0.0016,2.4901,0.0335,-0.0062,9.4428,-0.0019197,-0.0113200,-0.0099843,0.000000,0.000000,0.000000,0.00000,0.00000,0.000,0.000,0.000,0.000,0.000,-6.0000,0.0000,0.0000,6.0000,95.00,95.00,90.00,90.00,65535,65535,65535,1500,0,,,,,,,
7583,35524,25244,15599,0,0,-0.58179,-2.17394,9.87369,-0.001065,-0.012783,-0.010653,-12.427,3.271,-0.088,0.0060,-0.0016,2.5015,0.0339,-0.0062,9.5315,-0.0019210,-0.0113229,-0.0099849,0.000000,0.000000,0.000000,0.00000,0.00000,0.000,0.000,0.000,0.000,0.000,-6.0000,0.0000,0.0000,6.0000,95.00,95.00,90.00,90.00,65535,65535,65535,1500,0,,,,,,,
7632,25203,17770,14761,0,0,-0.58179,-2.18591,9.87249,-0.001065,-0.012783,-0.007457,-12.427,3.270,-0.089,0.0059,-0.0016,2.5197,0.0341,-0.0063,9.6740,-0.0019128,-0.0113273,-0.0099843,0.000000,0.000000,0.000000,0.00000,0.00000,0.000,0.000,0.000,0.000,0.000,-6.0000,0.0000,0.0000,6.0000,95.00,95.00,90.00,90.00,65535,65535,65535,1500,0,,,,,,,
7700,19138,18079,15080,0,0,-0.57820,-2.18471,9.87369,-0.002131,-0.012783,-0.010653,-12.432,3.269,-0.095,0.0058,-0.0015,2.5412,0.0342,-0.0064,9.8433,-0.0018962,-0.0113354,-0.0099830,0.000000,0.000000,0.000000,0.00000,0.00000,0.000,0.000,0.000,0.000,0.000,-6.0000,0.0000,0.0000,6.0000,95.00,95.00,90.00,90.00,65535,65535,65535,1500,0,,,,,,,
7742,19186,17495,14494,0,0,-0.57102,-2.18471,9.87010,-0.001065,-0.012783,-0.011718,-12.434,3.264,-0.098,0.0057,-0.0014,2.5548,0.0341,-0.0063,9.9527,-0.0018879,-0.0113325,-0.0099812,0.000000,0.000000,0.000000,0.00000,0.00000,0.000,0.000,0.000,0.000,0.000,-6.0000,0.0000,0.0000,6.0000,95.00,95.00,90.00,90.00,65535,65535,65535,1500,0,,,,,,,
7794,32784,19022,15225,0,0,-0.58538,-2.19189,9.87369,-0.001065,-0.012783,-0.010653,-12.436,3.263,-0.099,0.0055,-0.0015,2.5711,0.0341,-0.0063,10.0822,-0.0018748,-0.0113406,-0.0099802,0.000000,0.000000,0.000000,0.00000,0.00000,0.000,0.000,0.000,0.000,0.000,-6.0000,0.0000,0.0000,6.0000,95.00,95.00,90.00,90.00,65535,65535,65535,1500,0,,,,,,,
7844,25690,18055,15025,0,0,-0.57700,-2.18231,9.87129,-0.001065,-0.012783,-0.014914,-12.437,3.259,-0.106,0.0054,-0.0015,2.5877,0.0341,-0.0063,10.2139,-0.0018659,-0.0113425,-0.0099788,0.000000,0.000000,0.000000,0.00000,0.00000,0.000,0.000,0.000,0.000,0.000,-6.0000,0.0000,0.0000,6.0000,95.00,95.00,90.00,90.00,65535,65535,65535,1500,0,,,,,,,
7886,18735,18094,15100,0,0,-0.57940,-2.17513,9.87488,0.000000,-0.012783,-0.008522,-12.434,3.256,-0.106,0.0055,-0.0015,2.6011,0.0344,-0.0064,10.3226,-0.0018666,-0.0113451,-0.0099794,0.000000,0.000000,0.000000,0.00000,0.00000,0.000,0.000,0.000,0.000,0.000,-6.0000,0.0000,0.0000,6.0000,95.00,95.00,90.00,90.00,65535,65535,65535,1500,0,,,,,,,
7936,25142,18176,15162,0,0,-0.58299,-2.17992,9.86531,-0.001065,-0.011718,-0.010653,-12.430,3.256,-0.105,0.0056,-0.0015,2.6169,0.0351,-0.0066,10.4519,-0.0018682,-0.0113519,-0.0099811,0.000000,0.000000,0.000000,0.00000,0.00000,0.000,0.000,0.000,0.000,0.000,-6.0000,0.0000,0.0000,6.0000,95.00,95.00,90.00,90.00,65535,65535,65535,1500,0,,,,,,,
7985,25261,18181,15158,0,0,-0.57461,-2.17274,9.87369,-0.002131,-0.012783,-0.010653,-12.430,3.251,-0.105,0.0055,-0.0015,2.6328,0.0352,-0.0066,10.5821,-0.0018678,-0.0113481,-0.0099803,0.000000,0.000000,0.000000,0.00000,0.00000,0.000,0.000,0.000,0.000,0.000,-6.0000,0.0000,0.0000,6.0000,95.00,95.00,90.00,90.00,65535,65535,65535,1500,0,,,,,,,
8050,36961,18175,15153,0,0,-0.58059,-2.18710,9.87249,-0.001065,-0.012783,-0.011718,-12.435,3.251,-0.109,0.0053,-0.0016,2.6536,0.0352,-0.0067,10.7528,-0.0018543,-0.0113595,-0.0099789,0.000000,0.000000,0.000000,0.00000,0.00000,0.000,0.000,0.000,0.000,0.000,-6.0000,0.0000,0.0000,6.0000,95.00,95.00,90.00,90.00,65535,65535,65535,1500,0,,,,,,,
8086,24496,29763,26763,0,0,-0.58179,-2.17872,9.87249,-0.001065,-0.012783,-0.009587,-12.434,3.251,-0.108,0.0053,-0.0016,2.6615,0.0354,-0.0067,10.8179,-0.0018530,-0.0113646,-0.0099793,0.000000,0.000000,0.000000,0.00000,0.00000,0.000,0.000,0.000,0.000,0.000,-6.0000,0.0000,0.0000,6.0000,95.00,95.00,90.00,90.00,65535,65535,65535,1500,0,,,,,,,
8134,23942,17922,14906,0,0,-0.58179,-2.17633,9.87249,-0.001065,-0.012783,-0.011718,-12.432,3.249,-0.115,0.0054,-0.0017,2.6807,0.0360,-0.0069,10.9781,-0.0018527,-0.0113739,-0.0099806,0.000000,0.000000,0.000000,0.00000,0.00000,0.000,0.000,0.000,0.000,0.000,-6.0000,0.0000,0.0000,6.0000,95.00,95.00,90.00,90.00,65535,65535,65535,1500,0,,,,,,,
8196,18949,18035,15040,0,0,-0.57581,-2.18231,9.87608,0.000000,-0.012783,-0.010653,-12.434,3.245,-0.119,0.0051,-0.0015,2.7005,0.0355,-0.0068,11.1436,-0.0018398,-0.0113762,-0.0099776,0.000000,0.000000,0.000000,0.00000,0.00000,0.000,0.000,0.000,0.000,0.000,-6.0000,0.0000,0.0000,6.0000,95.00,95.00,90.00,90.00,65535,65535,65535,1500,0,,,,,,,
8250,26472,18149,15117,0,0,-0.58059,-2.17274,9.87488,-0.002131,-0.011718,-0.011718,-12.433,3.247,-0.123,0.0051,-0.0016,2.7176,0.0359,-0.0069,11.2897,-0.0018365,-0.0113836,-0.0099781,0.000000,0.000000,0.000000,0.00000,0.00000,0.000,0.000,0.000,0.000,0.000,-6.0000,0.0000,0.0000,6.0000,95.00,95.00,90.00,90.00,65535,65535,65535,1500,0,,,,,,,
8299,25179,17654,14656,0,0,-0.57700,-2.17633,9.87488,-0.001065,-0.011718,-0.013848,-12.431,3.245,-0.128,0.0052,-0.0016,2.7334,0.0364,-0.0071,11.4245,-0.0018367,-0.0113893,-0.0099791,0.000000,0.000000,0.000000,0.00000,0.00000,0.000,0.000,0.000,0.000,0.000,-6.0000,0.0000,0.0000,6.0000,95.00,95.00,90.00,90.00,65535,65535,65535,1500,0,,,,,,,
8340,22961,18098,15098,0,0,-0.58179,-2.17992,9.87010,0.000000,-0.012783,-0.010653,-12.430,3.247,-0.130,0.0053,-0.0016,2.7465,0.0370,-0.0072,11.5370,-0.0018356,-0.0113978,-0.0099803,0.000000,0.000000,0.000000,0.00000,0.00000,0.000,0.000,0.000,0.000,0.000,-6.0000,0.0000,0.0000,6.0000,95.00,95.00,90.00,90.00,65535,65535,65535,1500,0,,,,,,,
8390,25418,18177,15157,0,0,-0.58179,-2.16915,9.86770,-0.001065,-0.012783,-0.010653,-12.427,3.246,-0.131,0.0054,-0.0016,2.7623,0.0376,-0.0074,11.6744,-0.0018358,-0.0114051,-0.0099817,0.000000,0.000000,0.000000,0.00000,0.00000,0.000,0.000,0.000,0.000,0.000,-6.0000,0.0000,0.0000,6.0000,95.00,95.00,90.00,90.00,65535,65535,65535,1500,0,,,,,,,
8459,42651,20229,15371,0,0,-0.57820,-2.17274,9.87967,-0.001065,-0.012783,-0.008522,-12.426,3.242,-0.127,0.0053,-0.0016,2.7838,0.0378,-0.0075,11.8593,-0.0018317,-0.0114068,-0.0099810,0.000000,0.000000,0.000000,0.00000,0.00000,0.000,0.000,0.000,0.000,0.000,-6.0000,0.0000,0.0000,6.0000,95.00,95.00,90.00,90.00,65535,65535,65535,1500,0,,,,,,,
8483,25940,18343,15298,0,0,-0.56743,-2.17154,9.87129,0.000000,-0.012783,-0.011718,-12.423,3.238,-0.129,0.0053,-0.0015,2.7921,0.0379,-0.0075,11.9317,-0.0018336,-0.0114039,-0.0099809,0.000000,0.000000,0.000000,0.00000,0.00000,0.000,0.000,0.000,0.000,0.000,-6.0000,0.0000,0.0000,6.0000,95.00,95.00,90.00,90.00,65535,65535,65535,1500,0,,,,,,,
8548,33627,25603,17713,0,0,-0.58778,-2.17513,9.87249,-0.001065,-0.011718,-0.010653,-12.422,3.243,-0.131,0.0053,-0.0016,2.8105,0.0388,-0.0077,12.0945,-0.0018286,-0.0114211,-0.0099830,0.000000,0.000000,0.000000,0.00000,0.00000,0.000,0.000,0.000,0.000,0.000,-6.0000,0.0000,0.0000,6.0000,95.00,95.00,90.00,90.00,65535,65535,65535,1500,0,,,,,,,
8584,32098,29354,26370,0,0,-0.57700,-2.17513,9.86770,-0.001065,-0.012783,-0.008522,-12.421,3.242,-0.128,0.0053,-0.0016,2.8206,0.0390,-0.0078,12.1849,-0.0018275,-0.0114242,-0.0099833,0.000000,0.000000,0.000000,0.00000,0.00000,0.000,0.000,0.000,0.000,0.000,-6.0000,0.0000,0.0000,6.0000,95.00,95.00,90.00,90.00,65535,65535,65535,1500,0,,,,,,,
8645,19051,18091,15109,0,0,-0.56623,-2.18351,9.86890,-0.002131,-0.012783,-0.010653,-12.429,3.238,-0.127,0.0046,-0.0014,2.8437,0.0375,-0.0075,12.3896,-0.0018034,-0.0114279,-0.0099771,0.000000,0.000000,0.000000,0.00000,0.00000,0.000,0.000,0.000,0.000,0.000,-6.0000,0.0000,0.0000,6.0000,95.00,95.00,90.00,90.00,65535,65535,65535,1500,0,,,,,,,
8699,26814,17596,14584,0,0,-0.56862,-2.16915,9.87608,-0.001065,-0.012783,-0.009587,-12.424,3.233,-0.126,0.0047,-0.0015,2.8610,0.0381,-0.0076,12.5447,-0.0018081,-0.0114260,-0.0099781,0.000000,0.000000,0.000000,0.00000,0.00000,0.000,0.000,0.000,0.000,0.000,-6.0000,0.0000,0.0000,6.0000,95.00,95.00,90.00,90.00,65535,65535,65535,1500,0,,,,,,,
8748,24931,18189,15186,0,0,-0.57221,-2.17394,9.87488,-0.001065,-0.012783,-0.008522,-12.424,3.232,-0.125,0.0047,-0.0014,2.8764,0.0380,-0.0076,12.6822,-0.0018038,-0.0114281,-0.0099773,0.000000,0.000000,0.000000,0.00000,0.00000,0.000,0.000,0.000,0.000,0.000,-6.0000,0.0000,0.0000,6.0000,95.00,95.00,90.00,90.00,65535,65535,65535,1500,0,,,,,,,
8791,19161,18017,15030,0,0,-0.57700,-2.17633,9.87369,-0.002131,-0.011718,-0.010653,-12.425,3.233,-0.126,0.0048,-0.0014,2.8903,0.0384,-0.0077,12.8062,-0.0018015,-0.0114354,-0.0099780,0.000000,0.000000,0.000000,0.00000,0.00000,0.000,0.000,0.000,0.000,0.000,-6.0000,0.0000,0.0000,6.0000,95.00,95.00,90.00,90.00,65535,65535,65535,1500,0,,,,,,,
8839,29184,18169,15123,0,0,-0.57221,-2.17753,9.87608,-0.002131,-0.011718,-0.012783,-12.425,3.231,-0.131,0.0047,-0.0014,2.9056,0.0385,-0.0078,12.9453,-0.0018005,-0.0114350,-0.0099776,0.000000,0.000000,0.000000,0.00000,0.00000,0.000,0.000,0.000,0.000,0.000,-6.0000,0.0000,0.0000,6.0000,95.00,95.00,90.00,90.00,65535,65535,65535,1500,0,,,,,,,
8896,28745,22057,14958,0,0,-0.57341,-2.17394,9.87129,-0.001065,-0.012783,-0.008522,-12.420,3.227,-0.130,0.0048,-0.0014,2.9227,0.0391,-0.0079,13.1006,-0.0018036,-0.0114361,-0.0099787,0.000000,0.000000,0.000000,0.00000,0.00000,0.000,0.000,0.000,0.000,0.000,-6.0000,0.0000,0.0000,6.0000,95.00,95.00,90.00,90.00,65535,65535,65535,1500,0,,,,,,,
8938,18521,18055,15044,0,0,-0.57700,-2.17513,9.86411,-0.001065,-0.012783,-0.010653,-12.418,3.228,-0.130,0.0049,-0.0014,2.9372,0.0395,-0.0081,13.2345,-0.0018000,-0.0114440,-0.0099793,0.000000,0.000000,0.000000,0.00000,0.00000,0.000,0.000,0.000,0.000,0.000,-6.0000,0.0000,0.0000,6.0000,95.00,95.00,90.00,90.00,65535,65535,65535,1500,0,,,,,,,
8987,25277,18121,15115,0,0,-0.57341,-2.16675,9.86890,-0.001065,-0.012783,-0.010653,-12.416,3.227,-0.131,0.0050,-0.0015,2.9528,0.0402,-0.0083,13.3807,-0.0018000,-0.0114506,-0.0099807,0.000000,0.000000,0.000000,0.00000,0.00000,0.000,0.000,0.000,0.000,0.000,-6.0000,0.0000,0.0000,6.0000,95.00,95.00,90.00,90.00,65535,65535,65535,1500,0,,,,,,,
9055,38937,27864,19959,0,0,-0.57820,-2.17872,9.87249,-0.002131,-0.012783,-0.012783,-12.418,3.226,-0.138,0.0050,-0.0015,2.9713,0.0406,-0.0084,13.5525,-0.0017954,-0.0114608,-0.0099811,0.000000,0.000000,0.000000,0.00000,0.00000,0.000,0.000,0.000,0.000,0.000,-6.0000,0.0000,0.0000,6.0000,95.00,95.00,90.00,90.00,65535,65535,65535,1500,0,,,,,,,
9085,34064,23562,20567,0,0,-0.57940,-2.18112,9.87369,-0.001065,-0.012783,-0.007457,-12.419,3.227,-0.133,0.0048,-0.0016,2.9822,0.0406,-0.0084,13.6539,-0.0017912,-0.0114666,-0.0099808,0.000000,0.000000,0.000000,0.00000,0.00000,0.000,0.000,0.000,0.000,0.000,-6.0000,0.0000,0.0000,6.0000,95.00,95.00,90.00,90.00,65535,65535,65535,1500,0,,,,,,,
9136,24781,17498,14507,0,0,-0.57461,-2.17513,9.87728,-0.001065,-0.012783,-0.009587,-12.414,3.226,-0.135,0.0049,-0.0016,3.0008,0.0415,-0.0086,13.8264,-0.0017915,-0.0114746,-0.0099825,0.000000,0.000000,0.000000,0.00000,0.00000,0.000,0.000,0.000,0.000,0.000,-6.0000,0.0000,0.0000,6.0000,95.00,95.00,90.00,90.00,65535,65535,65535,1500,0,,,,,,,
9185,30130,18199,15155,0,0,-0.57581,-2.16795,9.87129,-0.002131,-0.011718,-0.007457,-12.412,3.228,-0.130,0.0051,-0.0017,3.0160,0.0425,-0.0089,13.9703,-0.0017952,-0.0114797,-0.0099847,0.000000,0.000000,0.000000,0.00000,0.00000,0.000,0.000,0.000,0.000,0.000,-6.0000,0.0000,0.0000,6.0000,95.00,95.00,90.00,90.00,65535,65535,65535,1500,0,,,,,,,
9247,18929,18053,15077,0,0,-0.57221,-2.16675,9.87010,-0.001065,-0.012783,-0.010653,-12.407,3.227,-0.129,0.0055,-0.0018,3.0356,0.0439,-0.0093,14.1579,-0.0017999,-0.0114882,-0.0099878,0.000000,0.000000,0.000000,0.00000,0.00000,0.000,0.000,0.000,0.000,0.000,-6.0000,0.0000,0.0000,6.0000,95.00,95.00,90.00,90.00,65535,65535,65535,1500,0,,,,,,,
9296,25120,18165,15143,0,0,-0.57820,-2.17753,9.86890,-0.001065,-0.012783,-0.011718,-12.408,3.227,-0.133,0.0055,-0.0018,3.0513,0.0440,-0.0094,14.3086,-0.0017944,-0.0114972,-0.0099875,0.000000,0.000000,0.000000,0.00000,0.00000,0.000,0.000,0.000,0.000,0.000,-6.0000,0.0000,0.0000,6.0000,95.00,95.00,90.00,90.00,65535,65535,65535,1500,0,,,,,,,
9331,27269,25411,15827,0,0,-0.57461,-2.17992,9.87129,-0.001065,-0.011718,-0.009587,-12.409,3.228,-0.133,0.0053,-0.0018,3.0600,0.0438,-0.0093,14.3919,-0.0017899,-0.0114998,-0.0099865,0.000000,0.000000,0.000000,0.00000,0.00000,0.000,0.000,0.000,0.000,0.000,-6.0000,0.0000,0.0000,6.0000,95.00,95.00,90.00,90.00,65535,65535,65535,1500,0,,,,,,,
9393,18887,17867,14895,0,0,-0.57102,-2.17274,9.87129,-0.001065,-0.012783,-0.010653,-12.407,3.224,-0.137,0.0052,-0.0018,3.0821,0.0440,-0.0094,14.6053,-0.0017865,-0.0115043,-0.0099862,0.000000,0.000000,0.000000,0.00000,0.00000,0.000,0.000,0.000,0.000,0.000,-6.0000,0.0000,0.0000,6.0000,95.00,95.00,90.00,90.00,65535,65535,65535,1500,0,,,,,,,
9441,24370,18211,15161,0,0,-0.56862,-2.16675,9.86052,-0.001065,-0.012783,-0.009587,-12.407,3.220,-0.137,0.0051,-0.0017,3.0971,0.0437,-0.0094,14.7536,-0.0017825,-0.0115045,-0.0099849,0.000000,0.000000,0.000000,0.00000,0.00000,0.000,0.000,0.000,0.000,0.000,-6.0000,0.0000,0.0000,6.0000,95.00,95.00,90.00,90.00,65535,65535,65535,1500,0,,,,,,,
9491,25112,18085,15093,0,0,-0.58538,-2.17992,9.87249,0.000000,-0.012783,-0.008522,-12.404,3.222,-0.136,0.0052,-0.0018,3.1129,0.0443,-0.0095,14.9076,-0.0017775,-0.0115151,-0.0099857,0.000000,0.000000,0.000000,0.00000,0.00000,0.000,0.000,0.000,0.000,0.000,-6.0000,0.0000,0.0000,6.0000,95.00,95.00,90.00,90.00,65535,65535,65535,1500,0,,,,,,,
9557,38774,22080,15304,0,0,-0.56982,-2.17034,9.87848,-0.001065,-0.012783,-0.008522,-12.401,3.222,-0.131,0.0054,-0.0018,3.1331,0.0454,-0.0098,15.1035,-0.0017784,-0.0115217,-0.0099877,0.000000,0.000000,0.000000,0.00000,0.00000,0.000,0.000,0.000,0.000,0.000,-6.0000,0.0000,0.0000,6.0000,95.00,95.00,90.00,90.00,65535,65535,65535,1500,0,,,,,,,
9593,28358,29561,26587,0,0,-0.57461,-2.17154,9.87129,-0.001065,-0.012783,-0.010653,-12.400,3.222,-0.131,0.0054,-0.0018,3.1421,0.0457,-0.0100,15.1925,-0.0017777,-0.0115250,-0.0099883,0.000000,0.000000,0.000000,0.00000,0.00000,0.000,0.000,0.000,0.000,0.000,-6.0000,0.0000,0.0000,6.0000,95.00,95.00,90.00,90.00,65535,65535,65535,1500,0,,,,,,,
9632,30568,38180,30234,0,0,-0.57700,-2.17872,9.87848,-0.002131,-0.012783,-0.011718,-12.403,3.221,-0.135,0.0053,-0.0018,3.1520,0.0457,-0.0100,15.2887,-0.0017741,-0.0115295,-0.0099879,0.000000,0.000000,0.000000,0.00000,0.00000,0.000,0.000,0.000,0.000,0.000,-6.0000,0.0000,0.0000,6.0000,95.00,95.00,90.00,90.00,65535,65535,65535,1500,0,,,,,,,
9682,30518,18172,15130,0,0,-0.57940,-2.16795,9.86770,-0.001065,-0.012783,-0.008522,-12.400,3.220,-0.137,0.0054,-0.0019,3.1742,0.0468,-0.0103,15.5100,-0.0017741,-0.0115384,-0.0099898,0.000000,0.000000,0.000000,0.00000,0.00000,0.000,0.000,0.000,0.000,0.000,-6.0000,0.0000,0.0000,6.0000,95.00,95.00,90.00,90.00,65535,65535,65535,1500,0,,,,,,,
9749,19260,18100,15112,0,0,-0.57102,-2.18351,9.87608,0.000000,-0.012783,-0.010653,-12.401,3.220,-0.142,0.0053,-0.0018,3.1956,0.0467,-0.0103,15.7229,-0.0017653,-0.0115504,-0.0099889,0.000000,0.000000,0.000000,0.00000,0.00000,0.000,0.000,0.000,0.000,0.000,-6.0000,0.0000,0.0000,6.0000,95.00,95.00,90.00,90.00,65535,65535,65535,1500,0,,,,,,,
9784,27579,24831,16190,0,0,-0.56862,-2.17154,9.86890,-0.001065,-0.012783,-0.010653,-12.400,3.218,-0.143,0.0053,-0.0018,3.2042,0.0467,-0.0103,15.8112,-0.0017643,-0.0115507,-0.0099886,0.000000,0.000000,0.000000,0.00000,0.00000,0.000,0.000,0.000,0.000,0.000,-6.0000,0.0000,0.0000,6.0000,95.00,95.00,90.00,90.00,65535,65535,65535,1500,0,,,,,,,
9844,19074,18088,15085,0,0,-0.57820,-2.17394,9.87488,-0.001065,-0.012783,-0.010653,-12.400,3.217,-0.145,0.0054,-0.0018,3.2257,0.0470,-0.0104,16.0278,-0.0017588,-0.0115604,-0.0099886,0.000000,0.000000,0.000000,0.00000,0.00000,0.000,0.000,0.000,0.000,0.000,-6.0000,0.0000,0.0000,6.0000,95.00,95.00,90.00,90.00,65535,65535,65535,1500,0,,,,,,,
9893,25219,17810,14797,0,0,-0.57341,-2.16316,9.87249,-0.001065,-0.012783,-0.010653,-12.395,3.217,-0.145,0.0058,-0.0019,3.2414,0.0489,-0.0109,16.1877,-0.0017645,-0.0115663,-0.0099923,0.000000,0.000000,0.000000,0.00000,0.00000,0.000,0.000,0.000,0.000,0.000,-6.0000,0.0000,0.0000,6.0000,95.00,95.00,90.00,90.00,65535,65535,65535,1500,0,,,,,,,
9941,29266,18173,15146,0,0,-0.57581,-2.17992,9.86651,-0.001065,-0.012783,-0.008522,-12.398,3.219,-0.145,0.0056,-0.0018,3.2565,0.0483,-0.0108,16.3425,-0.0017551,-0.0115757,-0.0099905,0.000000,0.000000,0.000000,0.00000,0.00000,0.000,0.000,0.000,0.000,0.000,-6.0000,0.0000,0.0000,6.0000,95.00,95.00,90.00,90.00,65535,65535,65535,1500,0,,,,,,,
9989,22803,18564,15201,0,0,-0.57581,-2.16675,9.87129,-0.001065,-0.012783,-0.010653,-12.397,3.218,-0.145,0.0056,-0.0019,3.2714,0.0487,-0.0109,16.4952,-0.0017531,-0.0115806,-0.0099908,0.000000,0.000000,0.000000,0.00000,0.00000,0.000,0.000,0.000,0.000,0.000,-6.0000,0.0000,0.0000,6.0000,95.00,95.00,90.00,90.00,65535,65535,65535,1500,0,,,,,,,
10054,39086,25885,18034,0,0,-0.57341,-2.16915,9.86890,-0.001065,-0.012783,-0.008522,-12.398,3.217,-0.142,0.0054,-0.0018,3.2898,0.0486,-0.0109,16.6872,-0.0017482,-0.0115865,-0.0099901,0.000000,0.000000,0.000000,0.00000,0.00000,0.000,0.000,0.000,0.000,0.000,-6.0000,0.0000,0.0000,6.0000,95.00,95.00,90.00,90.00,65535,65535,65535,1500,0,,,,,,,
10089,26954,33974,25990,0,0,-0.57940,-2.16915,9.86411,-0.001065,-0.012783,-0.010653,-12.397,3.219,-0.143,0.0056,-0.0018,3.2982,0.0492,-0.0111,16.7759,-0.0017477,-0.0115928,-0.0099913,0.000000,0.000000,0.000000,0.00000,0.00000,0.000,0.000,0.000,0.000,0.000,-6.0000,0.0000,0.0000,6.0000,95.00,95.00,90.00,90.00,65535,65535,65535,1500,0,,,,,,,
10149,17993,18051,15039,0,0,-0.57581,-2.17034,9.87129,-0.001065,-0.012783,-0.010653,-12.394,3.217,-0.142,0.0059,-0.0019,3.3219,0.0507,-0.0115,17.0244,-0.0017500,-0.0115991,-0.0099935,0.000000,0.000000,0.000000,0.00000,0.00000,0.000,0.000,0.000,0.000,0.000,-6.0000,0.0000,0.0000,6.0000,95.00,95.00,90.00,90.00,65535,65535,65535,1500,0,,,,,,,
10209,28685,25678,15210,0,0,-0.56862,-2.17633,9.86411,-0.001065,-0.012783,-0.010653,-12.398,3.213,-0.146,0.0053,-0.0017,3.3385,0.0489,-0.0111,17.2012,-0.0017392,-0.0116011,-0.0099892,0.000000,0.000000,0.000000,0.00000,0.00000,0.000,0.000,0.000,0.000,0.000,-6.0000,0.0000,0.0000,6.0000,95.00,95.00,90.00,90.00,65535,65535,65535,1500,0,,,,,,,
10239,31751,24153,21150,0,0,-0.57461,-2.17872,9.86531,-0.001065,-0.012783,-0.010653,-12.399,3.213,-0.148,0.0050,-0.0018,3.3484,0.0483,-0.0110,17.3073,-0.0017339,-0.0116052,-0.0099878,0.000000,0.000000,0.000000,0.00000,0.00000,0.000,0.000,0.000,0.000,0.000,-6.0000,0.0000,0.0000,6.0000,95.00,95.00,90.00,90.00,65535,65535,65535,1500,0,,,,,,,
10282,19162,17863,14870,0,0,-0.56743,-2.16316,9.87249,-0.001065,-0.013848,-0.010653,-12.395,3.209,-0.149,0.0054,-0.0019,3.3639,0.0498,-0.0114,17.4726,-0.0017384,-0.0116077,-0.0099903,0.000000,0.000000,0.000000,0.00000,0.00000,0.000,0.000,0.000,0.000,0.000,-6.0000,0.0000,0.0000,6.0000,95.00,95.00,90.00,90.00,65535,65535,65535,1500,0,,,,,,,
10333,31534,18234,15173,0,0,-0.57461,-2.17034,9.86531,-0.001065,-0.012783,-0.012783,-12.396,3.208,-0.155,0.0053,-0.0019,3.3795,0.0499,-0.0114,17.6415,-0.0017360,-0.0116129,-0.0099902,0.000000,0.000000,0.000000,0.00000,0.00000,0.000,0.000,0.000,0.000,0.000,-6.0000,0.0000,0.0000,6.0000,95.00,95.00,90.00,90.00,65535,65535,65535,1500,0,,,,,,,
10382,25093,17975,14952,0,0,-0.56862,-2.16795,9.87848,0.000000,-0.012783,-0.008522,-12.393,3.206,-0.154,0.0051,-0.0018,3.3955,0.0495,-0.0114,17.8096,-0.0017317,-0.0116164,-0.0099889,0.000000,0.000000,0.000000,0.00000,0.00000,0.000,0.000,0.000,0.000,0.000,-6.0000,0.0000,0.0000,6.0000,95.00,95.00,90.00,90.00,65535,65535,65535,1500,0,,,,,,,
10448,19075,18055,15073,0,0,-0.56383,-2.17992,9.86651,-0.001065,-0.011718,-0.010653,-12.393,3.206,-0.158,0.0051,-0.0018,3.4160,0.0498,-0.0115,18.0325,-0.0017276,-0.0116233,-0.0099888,0.000000,0.000000,0.000000,0.00000,0.00000,0.000,0.000,0.000,0.000,0.000,-6.0000,0.0000,0.0000,6.0000,95.00,95.00,90.00,90.00,65535,65535,65535,1500,0,,,,,,,
10497,25223,17563,14553,0,0,-0.56503,-2.16196,9.86890,-0.001065,-0.012783,-0.009587,-12.391,3.205,-0.158,0.0052,-0.0018,3.4313,0.0505,-0.0117,18.2016,-0.0017279,-0.0116270,-0.0099899,0.000000,0.000000,0.000000,0.00000,0.00000,0.000,0.000,0.000,0.000,0.000,-6.0000,0.0000,0.0000,6.0000,95.00,95.00,90.00,90.00,65535,65535,65535,1500,0,,,,,,,
10535,17762,38240,30326,0,0,-0.57221,-2.16915,9.87488,-0.001065,-0.012783,-0.010653,-12.390,3.205,-0.158,0.0053,-0.0018,3.4370,0.0510,-0.0118,18.2626,-0.0017280,-0.0116301,-0.0099907,0.000000,0.000000,0.000000,0.00000,0.00000,0.000,0.000,0.000,0.000,0.000,-6.0000,0.0000,0.0000,6.0000,95.00,95.00,90.00,90.00,65535,65535,65535,1500,0,,,,,,,
10591,36715,18018,14692,0,0,-0.57102,-2.17394,9.87129,-0.001065,-0.012783,-0.008522,-12.390,3.205,-0.150,0.0051,-0.0019,3.4610,0.0510,-0.0119,18.5254,-0.0017231,-0.0116367,-0.0099900,0.000000,0.000000,0.000000,0.00000,0.00000,0.000,0.000,0.000,0.000,0.000,-6.0000,0.0000,0.0000,6.0000,95.00,95.00,90.00,90.00,65535,65535,65535,1500,0,,,,,,,
10644,25744,18124,15113,0,0,-0.56383,-2.16196,9.86651,-0.001065,-0.011718,-0.012783,-12.386,3.204,-0.150,0.0053,-0.0020,3.4772,0.0522,-0.0122,18.7072,-0.0017268,-0.0116381,-0.0099919,0.000000,0.000000,0.000000,0.00000,0.00000,0.000,0.000,0.000,0.000,0.000,-6.0000,0.0000,0.0000,6.0000,95.00,95.00,90.00,90.00,65535,65535,65535,1500,0,,,,,,,
10693,25154,18083,15052,0,0,-0.56024,-2.16077,9.85813,-0.001065,-0.012783,-0.010653,-12.386,3.201,-0.152,0.0051,-0.0019,3.4924,0.0518,-0.0121,18.8801,-0.0017229,-0.0116394,-0.0099906,0.000000,0.000000,0.000000,0.00000,0.00000,0.000,0.000,0.000,0.000,0.000,-6.0000,0.0000,0.0000,6.0000,95.00,95.00,90.00,90.00,65535,65535,65535,1500,0,,,,,,,
10736,19142,18109,15106,0,0,-0.56623,-2.17154,9.86291,-0.001065,-0.012783,-0.010653,-12.386,3.199,-0.154,0.0050,-0.0019,3.5056,0.0516,-0.0121,19.0285,-0.0017197,-0.0116422,-0.0099899,0.000000,0.000000,0.000000,0.00000,0.00000,0.000,0.000,0.000,0.000,0.000,-6.0000,0.0000,0.0000,6.0000,95.00,95.00,90.00,90.00,65535,65535,65535,1500,0,,,,,,,
10785,25204,17926,14912,0,0,-0.56743,-2.16316,9.87249,-0.001065,-0.012783,-0.010653,-12.385,3.197,-0.155,0.0050,-0.0019,3.5211,0.0519,-0.0122,19.2027,-0.0017189,-0.0116440,-0.0099900,0.000000,0.000000,0.000000,0.00000,0.00000,0.000,0.000,0.000,0.000,0.000,-6.0000,0.0000,0.0000,6.0000,95.00,95.00,90.00,90.00,65535,65535,65535,1500,0,,,,,,,
10854,42912,20210,15355,0,0,-0.57102,-2.15598,9.86770,-0.002131,-0.012783,-0.008522,-12.383,3.198,-0.151,0.0054,-0.0018,3.5415,0.0539,-0.0128,19.4377,-0.0017226,-0.0116524,-0.0099933,0.000000,0.000000,0.000000,0.00000,0.00000,0.000,0.000,0.000,0.000,0.000,-6.0000,0.0000,0.0000,6.0000,95.00,95.00,90.00,90.00,65535,65535,65535,1500,0,,,,,,,
10896,19100,17471,14492,0,0,-0.57700,-2.17992,9.86531,0.000000,-0.012783,-0.010653,-12.385,3.200,-0.154,0.0051,-0.0016,3.5555,0.0530,-0.0126,19.5976,-0.0017137,-0.0116628,-0.0099915,0.000000,0.000000,0.000000,0.00000,0.00000,0.000,0.000,0.000,0.000,0.000,-6.0000,0.0000,0.0000,6.0000,95.00,95.00,90.00,90.00,65535,65535,65535,1500,0,,,,,,,
10945,30044,18218,15167,0,0,-0.57102,-2.17154,9.86651,-0.001065,-0.012783,-0.013848,-12.386,3.200,-0.162,0.0051,-0.0016,3.5704,0.0528,-0.0125,19.7676,-0.0017079,-0.0116712,-0.0099908,0.000000,0.000000,0.000000,0.00000,0.00000,0.000,0.000,0.000,0.000,0.000,-6.0000,0.0000,0.0000,6.0000,95.00,95.00,90.00,90.00,65535,65535,65535,1500,0,,,,,,,
10994,25180,17597,14570,0,0,-0.56862,-2.17034,9.87369,-0.001065,-0.012783,-0.011718,-12.383,3.200,-0.164,0.0054,-0.0017,3.5860,0.0545,-0.0130,19.9450,-0.0017104,-0.0116778,-0.0099935,0.000000,0.000000,0.000000,0.00000,0.00000,0.000,0.000,0.000,0.000,0.000,-6.0000,0.0000,0.0000,6.0000,95.00,95.00,90.00,90.00,65535,65535,65535,1500,0,,,,,,,
11032,17917,38190,30290,0,0,-0.56982,-2.16316,9.86651,-0.001065,-0.012783,-0.010653,-12.381,3.201,-0.164,0.0056,-0.0017,3.5916,0.0552,-0.0132,20.0093,-0.0017118,-0.0116803,-0.0099946,0.000000,0.000000,0.000000,0.00000,0.00000,0.000,0.000,0.000,0.000,0.000,-6.0000,0.0000,0.0000,6.0000,95.00,95.00,90.00,90.00,65535,65535,65535,1500,0,,,,,,,
11094,38138,17610,14594,0,0,-0.57102,-2.17274,9.86890,-0.001065,-0.012783,-0.012783,-12.378,3.202,-0.163,0.0053,-0.0019,3.6173,0.0561,-0.0135,20.3053,-0.0017069,-0.0116911,-0.0099955,0.000000,0.000000,0.000000,0.00000,0.00000,0.000,0.000,0.000,0.000,0.000,-6.0000,0.0000,0.0000,6.0000,95.00,95.00,90.00,90.00,65535,65535,65535,1500,0,,,,,,,
11140,28163,17835,14826,0,0,-0.57221,-2.17274,9.86411,-0.001065,-0.012783,-0.012783,-12.380,3.202,-0.169,0.0053,-0.0019,3.6315,0.0561,-0.0135,20.4722,-0.0017014,-0.0116985,-0.0099951,0.000000,0.000000,0.000000,0.00000,0.00000,0.000,0.000,0.000,0.000,0.000,-6.0000,0.0000,0.0000,6.0000,95.00,95.00,90.00,90.00,65535,65535,65535,1500,0,,,,,,,
11182,23870,18138,15129,0,0,-0.57102,-2.17154,9.86651,0.000000,-0.013848,-0.010653,-12.379,3.200,-0.170,0.0053,-0.0019,3.6447,0.0562,-0.0135,20.6255,-0.0016982,-0.0117034,-0.0099950,0.000000,0.000000,0.000000,0.00000,0.00000,0.000,0.000,0.000,0.000,0.000,-6.0000,0.0000,0.0000,6.0000,95.00,95.00,90.00,90.00,65535,65535,65535,1500,0,,,,,,,
11232,30083,18196,15140,0,0,-0.57341,-2.17034,9.86890,-0.001065,-0.013848,-0.012783,-12.379,3.196,-0.176,0.0050,-0.0018,3.6601,0.0556,-0.0134,20.8050,-0.0016928,-0.0117075,-0.0099937,0.000000,0.000000,0.000000,0.00000,0.00000,0.000,0.000,0.000,0.000,0.000,-6.0000,0.0000,0.0000,6.0000,95.00,95.00,90.00,90.00,65535,65535,65535,1500,0,,,,,,,
11291,28720,24734,15092,0,0,-0.56982,-2.17394,9.87129,0.000000,-0.012783,-0.009587,-12.380,3.195,-0.177,0.0048,-0.0018,3.6769,0.0550,-0.0133,21.0006,-0.0016859,-0.0117149,-0.0099923,0.000000,0.000000,0.000000,0.00000,0.00000,0.000,0.000,0.000,0.000,0.000,-6.0000,0.0000,0.0000,6.0000,95.00,95.00,90.00,90.00,65535,65535,65535,1500,0,,,,,,,
11333,22861,18088,15064,0,0,-0.57102,-2.17274,9.86770,-0.001065,-0.012783,-0.010653,-12.380,3.195,-0.177,0.0047,-0.0017,3.6921,0.0550,-0.0133,21.1797,-0.0016822,-0.0117201,-0.0099921,0.000000,0.000000,0.000000,0.00000,0.00000,0.000,0.000,0.000,0.000,0.000,-6.0000,0.0000,0.0000,6.0000,95.00,95.00,90.00,90.00,65535,65535,65535,1500,0,,,,,,,
11383,25156,18174,15151,0,0,-0.57820,-2.17154,9.87010,-0.001065,-0.012783,-0.012783,-12.379,3.193,-0.182,0.0048,-0.0018,3.7078,0.0554,-0.0135,21.3632,-0.0016807,-0.0117232,-0.0099923,0.000000,0.000000,0.000000,0.00000,0.00000,0.000,0.000,0.000,0.000,0.000,-6.0000,0.0000,0.0000,6.0000,95.00,95.00,90.00,90.00,65535,65535,65535,1500,0,,,,,,,
11432,24291,18208,15181,0,0,-0.56503,-2.17394,9.86651,-0.001065,-0.013848,-0.008522,-12.382,3.192,-0.180,0.0044,-0.0017,3.7228,0.0544,-0.0132,21.5432,-0.0016739,-0.0117288,-0.0099904,0.000000,0.000000,0.000000,0.00000,0.00000,0.000,0.000,0.000,0.000,0.000,-6.0000,0.0000,0.0000,6.0000,95.00,95.00,90.00,90.00,65535,65535,65535,1500,0,,,,,,,
11503,22422,23510,14710,0,0,-0.56743,-2.16675,9.87010,-0.001065,-0.013848,-0.010653,-12.381,3.192,-0.182,0.0046,-0.0017,3.7435,0.0550,-0.0134,21.7885,-0.0016691,-0.0117388,-0.0099911,0.000000,0.000000,0.000000,0.00000,0.00000,0.000,0.000,0.000,0.000,0.000,-6.0000,0.0000,0.0000,6.0000,95.00,95.00,90.00,90.00,65535,65535,65535,1500,0,,,,,,,
11541,23836,38213,30318,0,0,-0.57102,-2.17034,9.86651,0.000000,-0.012783,-0.010653,-12.380,3.193,-0.183,0.0046,-0.0017,3.7509,0.0551,-0.0135,21.8779,-0.0016670,-0.0117424,-0.0099912,0.000000,0.000000,0.000000,0.00000,0.00000,0.000,0.000,0.000,0.000,0.000,-6.0000,0.0000,0.0000,6.0000,95.00,95.00,90.00,90.00,65535,65535,65535,1500,0,,,,,,,
11605,34224,28660,20622,0,0,-0.56383,-2.16436,9.87129,-0.002131,-0.012783,-0.009587,-12.379,3.192,-0.182,0.0047,-0.0018,3.7741,0.0568,-0.0140,22.1552,-0.0016673,-0.0117478,-0.0099932,0.000000,0.000000,0.000000,0.00000,0.00000,0.000,0.000,0.000,0.000,0.000,-6.0000,0.0000,0.0000,6.0000,95.00,95.00,90.00,90.00,65535,65535,65535,1500,0,,,,,,,
11648,23983,18137,15108,0,0,-0.57581,-2.15718,9.86052,-0.001065,-0.012783,-0.010653,-12.378,3.195,-0.182,0.0051,-0.0019,3.7903,0.0585,-0.0145,22.3550,-0.0016660,-0.0117589,-0.0099957,0.000000,0.000000,0.000000,0.00000,0.00000,0.000,0.000,0.000,0.000,0.000,-6.0000,0.0000,0.0000,6.0000,95.00,95.00,90.00,90.00,65535,65535,65535,1500,0,,,,,,,
11704,28710,21440,14754,0,0,-0.57341,-2.16675,9.87010,-0.001065,-0.012783,-0.010653,-12.376,3.197,-0.183,0.0053,-0.0020,3.8069,0.0599,-0.0149,22.5563,-0.0016638,-0.0117683,-0.0099975,0.000000,0.000000,0.000000,0.00000,0.00000,0.000,0.000,0.000,0.000,0.000,-6.0000,0.0000,0.0000,6.0000,95.00,95.00,90.00,90.00,65535,65535,65535,1500,0,,,,,,,
11733,21759,29066,21027,0,0,-0.56982,-2.17274,9.86651,0.000000,-0.012783,-0.010653,-12.376,3.197,-0.184,0.0052,-0.0019,3.8137,0.0593,-0.0147,22.6392,-0.0016602,-0.0117709,-0.0099964,0.000000,0.000000,0.000000,0.00000,0.00000,0.000,0.000,0.000,0.000,0.000,-6.0000,0.0000,0.0000,6.0000,95.00,95.00,90.00,90.00,65535,65535,65535,1500,0,,,,,,,
11795,18836,17444,14484,0,0,-0.57102,-2.17274,9.87010,-0.001065,-0.012783,-0.010653,-12.376,3.202,-0.184,0.0056,-0.0020,3.8367,0.0613,-0.0153,22.9187,-0.0016560,-0.0117853,-0.0099990,0.000000,0.000000,0.000000,0.00000,0.00000,0.000,0.000,0.000,0.000,0.000,-6.0000,0.0000,0.0000,6.0000,95.00,95.00,90.00,90.00,65535,65535,65535,1500,0,,,,,,,
11843,29795,18203,15164,0,0,-0.56503,-2.17274,9.86651,0.000000,-0.012783,-0.008522,-12.377,3.200,-0.184,0.0052,-0.0019,3.8516,0.0598,-0.0149,23.1010,-0.0016498,-0.0117875,-0.0099965,0.000000,0.000000,0.000000,0.00000,0.00000,0.000,0.000,0.000,0.000,0.000,-6.0000,0.0000,0.0000,6.0000,95.00,95.00,90.00,90.00,65535,65535,65535,1500,0,,,,,,,
11892,25046,17611,14616,0,0,-0.56743,-2.17513,9.86770,-0.001065,-0.012783,-0.010653,-12.377,3.201,-0.187,0.0052,-0.0019,3.8670,0.0600,-0.0150,23.2919,-0.0016443,-0.0117943,-0.0099964,0.000000,0.000000,0.000000,0.00000,0.00000,0.000,0.000,0.000,0.000,0.000,-6.0000,0.0000,0.0000,6.0000,95.00,95.00,90.00,90.00,65535,65535,65535,1500,0,,,,,,,
11944,25972,18156,15133,0,0,-0.57341,-2.16556,9.86651,-0.001065,-0.012783,-0.010653,-12.373,3.205,-0.185,0.0059,-0.0021,3.8830,0.0633,-0.0159,23.4919,-0.0016444,-0.0118050,-0.0100008,0.000000,0.000000,0.000000,0.00000,0.00000,0.000,0.000,0.000,0.000,0.000,-6.0000,0.0000,0.0000,6.0000,95.00,95.00,90.00,90.00,65535,65535,65535,1500,0,,,,,,,
11993,25159,17657,14634,0,0,-0.56623,-2.16675,9.86890,-0.001065,-0.012783,-0.009587,-12.371,3.205,-0.184,0.0062,-0.0021,3.8983,0.0650,-0.0164,23.6844,-0.0016451,-0.0118090,-0.0100027,0.000000,0.000000,0.000000,0.00000,0.00000,0.000,0.000,0.000,0.000,0.000,-6.0000,0.0000,0.0000,6.0000,95.00,95.00,90.00,90.00,65535,65535,65535,1500,0,,,,,,,
12032,18053,38209,30288,0,0,-0.56503,-2.17633,9.87129,-0.001065,-0.012783,-0.010653,-12.374,3.203,-0.186,0.0058,-0.0020,3.9041,0.0634,-0.0160,23.7549,-0.0016403,-0.0118087,-0.0100003,0.000000,0.000000,0.000000,0.00000,0.00000,0.000,0.000,0.000,0.000,0.000,-6.0000,0.0000,0.0000,6.0000,95.00,95.00,90.00,90.00,65535,65535,65535,1500,0,,,,,,,
12103,39237,31337,24554,0,0,-0.57461,-2.16675,9.86531,-0.001065,-0.013848,-0.011718,-12.375,3.198,-0.189,0.0055,-0.0021,3.9285,0.0631,-0.0160,24.0631,-0.0016349,-0.0118137,-0.0099994,0.000000,0.000000,0.000000,0.00000,0.00000,0.000,0.000,0.000,0.000,0.000,-6.0000,0.0000,0.0000,6.0000,95.00,95.00,90.00,90.00,65535,65535,65535,1500,0,,,,,,,
12138,39901,26011,14741,0,0,-0.57700,-2.16915,9.87010,0.000000,-0.013848,-0.012783,-12.372,3.196,-0.194,0.0055,-0.0022,3.9411,0.0643,-0.0163,24.2201,-0.0016330,-0.0118198,-0.0100007,0.000000,0.000000,0.000000,0.00000,0.00000,0.000,0.000,0.000,0.000,0.000,-6.0000,0.0000,0.0000,6.0000,95.00,95.00,90.00,90.00,65535,65535,65535,1500,0,,,,,,,
12187,30274,18233,15185,0,0,-0.57700,-2.17633,9.87010,-0.001065,-0.012783,-0.011718,-12.375,3.193,-0.199,0.0046,-0.0020,3.9588,0.0609,-0.0155,24.4433,-0.0016229,-0.0118232,-0.0099959,0.000000,0.000000,0.000000,0.00000,0.00000,0.000,0.000,0.000,0.000,0.000,-6.0000,0.0000,0.0000,6.0000,95.00,95.00,90.00,90.00,65535,65535,65535,1500,1,3,40.4365550,-86.8935692,0.000,0.021,0.000,0.000
12249,18929,18030,15047,0,0,-0.57102,-2.16795,9.86890,-0.001065,-0.012783,-0.010653,-12.377,3.195,-0.204,0.0046,-0.0020,3.9785,0.0611,-0.0156,24.6932,-0.0016151,-0.0118336,-0.0099958,0.000000,0.000000,0.000000,0.00000,0.00000,0.000,0.000,0.000,0.000,0.000,-6.0000,0.0000,0.0000,6.0000,95.00,95.00,90.00,90.00,65535,65535,65535,1500,1,3,40.4365550,-86.8935692,0.000,0.021,0.000,0.000
12281,24804,24923,21930,0,0,-0.56623,-2.17274,9.87129,0.000000,-0.012783,-0.010653,-12.376,3.193,-0.205,0.0044,-0.0019,3.9863,0.0603,-0.0154,24.7920,-0.0016121,-0.0118347,-0.0099946,0.000000,0.000000,0.000000,0.00000,0.00000,0.000,0.000,0.000,0.000,0.000,-6.0000,0.0000,0.0000,6.0000,95.00,95.00,90.00,90.00,65535,65535,65535,1500,1,4,40.4365567,-86.8935735,167.300,0.087,0.000,0.000
12337,29890,19466,15271,0,0,-0.56264,-2.16675,9.86651,-0.001065,-0.012783,-0.010653,-12.372,3.190,-0.207,0.0048,-0.0020,4.0052,0.0623,-0.0160,25.0358,-0.0016130,-0.0118382,-0.0099969,0.000000,0.000000,0.000000,0.00000,0.00000,0.000,0.000,0.000,0.000,0.000,-6.0000,0.0000,0.0000,6.0000,95.00,95.00,90.00,90.00,65535,65535,65535,1500,1,4,40.4365567,-86.8935735,167.300,0.087,0.000,0.000
12388,25820,18164,15118,0,0,-0.56383,-2.16915,9.86770,0.000000,-0.012783,-0.010653,-12.368,3.187,-0.208,0.0048,-0.0020,4.0214,0.0627,-0.0161,25.2452,-0.0016123,-0.0118393,-0.0099970,0.000000,0.000000,0.000000,0.00000,0.00000,0.000,0.000,0.000,0.000,0.000,-6.0000,0.0000,0.0000,6.0000,95.00,95.00,90.00,90.00,65535,65535,65535,1500,1,4,40.4365588,-86.8935803,166.900,0.154,0.000,0.000
12450,19343,18109,15125,0,0,-0.57102,-2.17034,9.87010,-0.001065,-0.012783,-0.011718,-12.366,3.188,-0.211,0.0055,-0.0022,4.0411,0.0656,-0.0170,25.4957,-0.0016091,-0.0118488,-0.0100003,0.000000,0.000000,0.000000,0.00000,0.00000,0.000,0.000,0.000,0.000,0.000,-6.0000,0.0000,0.0000,6.0000,95.00,95.00,90.00,90.00,65535,65535,65535,1500,1,4,40.4365617,-86.8935852,166.900,0.170,0.000,0.000
12481,24649,24918,21911,0,0,-0.56264,-2.16436,9.87249,0.000000,-0.013848,-0.010653,-12.364,3.185,-0.211,0.0055,-0.0022,4.0489,0.0658,-0.0170,25.5954,-0.0016090,-0.0118489,-0.0100003,0.000000,0.000000,0.000000,0.00000,0.00000,0.000,0.000,0.000,0.000,0.000,-6.0000,0.0000,0.0000,6.0000,95.00,95.00,90.00,90.00,65535,65535,65535,1500,1,4,40.4365617,-86.8935852,166.700,0.170,0.000,0.000
12553,43559,21679,15340,0,0,-0.57940,-2.15957,9.86890,-0.001065,-0.013848,-0.008522,-12.358,3.186,-0.202,0.0063,-0.0024,4.0722,0.0713,-0.0185,25.8988,-0.0016116,-0.0118571,-0.0100066,0.000000,0.000000,0.000000,0.00000,0.00000,0.000,0.000,0.000,0.000,0.000,-6.0000,0.0000,0.0000,6.0000,95.00,95.00,90.00,90.00,65535,65535,65535,1500,1,4,40.4365643,-86.8935903,166.700,0.468,0.000,0.000
12588,27967,29651,26630,0,0,-0.57341,-2.16915,9.86531,-0.001065,-0.012783,-0.009587,-12.359,3.188,-0.201,0.0064,-0.0024,4.0809,0.0719,-0.0187,26.0128,-0.0016081,-0.0118622,-0.0100071,0.000000,0.000000,0.000000,0.00000,0.00000,0.000,0.000,0.000,0.000,0.000,-6.0000,0.0000,0.0000,6.0000,95.00,95.00,90.00,90.00,65535,65535,65535,1500,1,4,40.4365643,-86.8935903,166.700,0.468,0.000,0.000
12650,19388,18131,15110,0,0,-0.56264,-2.17034,9.87249,-0.001065,-0.012783,-0.010653,-12.359,3.186,-0.203,0.0058,-0.0022,4.1035,0.0706,-0.0184,26.3118,-0.0016026,-0.0118640,-0.0100049,0.000000,0.000000,0.000000,0.00000,0.00000,0.000,0.000,0.000,0.000,0.000,-6.0000,0.0000,0.0000,6.0000,95.00,95.00,90.00,90.00,65535,65535,65535,1500,1,4,40.4365653,-86.8935953,166.700,0.406,0.000,0.000
12681,24669,24711,21735,0,0,-0.56862,-2.16556,9.86052,0.000000,-0.012783,-0.010653,-12.359,3.186,-0.204,0.0059,-0.0022,4.1110,0.0710,-0.0185,26.4132,-0.0016003,-0.0118671,-0.0100052,0.000000,0.000000,0.000000,0.00000,0.00000,0.000,0.000,0.000,0.000,0.000,-6.0000,0.0000,0.0000,6.0000,95.00,95.00,90.00,90.00,65535,65535,65535,1500,1,4,40.4365653,-86.8935953,166.100,0.406,0.000,0.000
12733,31925,18185,15160,0,0,-0.56503,-2.16675,9.87010,0.000000,-0.012783,-0.010653,-12.357,3.185,-0.205,0.0056,-0.0022,4.1289,0.0703,-0.0184,26.6510,-0.0015948,-0.0118703,-0.0100039,0.000000,0.000000,0.000000,0.00000,0.00000,0.000,0.000,0.000,0.000,0.000,-6.0000,0.0000,0.0000,6.0000,95.00,95.00,90.00,90.00,65535,65535,65535,1500,1,4,40.4365653,-86.8935953,166.100,0.406,0.000,0.000
12789,27538,18206,15163,0,0,-0.62489,-2.18471,9.86531,0.000000,-0.012783,-0.010653,-12.364,3.201,-0.208,0.0071,-0.0027,4.1465,0.0779,-0.0205,26.8840,-0.0015810,-0.0118976,-0.0100123,0.000000,0.000000,0.000000,0.00000,0.00000,0.000,0.000,0.000,0.000,0.000,-6.0000,0.0000,0.0000,6.0000,95.00,95.00,90.00,90.00,65535,65535,65535,1500,1,3,40.4365665,-86.8935987,165.800,0.381,0.000,0.000
12832,18816,18113,15101,0,0,-0.57221,-1.80283,9.99938,0.007457,-0.019175,-0.001065,-12.292,3.218,-0.102,0.0259,-0.0098,4.1608,0.1622,-0.0426,27.0632,-0.0016728,-0.0119101,-0.0101071,0.000000,0.000000,0.000000,0.00000,0.00000,0.000,0.000,0.000,0.000,0.000,-6.0000,0.0000,0.0000,6.0000,95.00,95.00,90.00,90.00,65535,65535,65535,1500,1,3,40.4365665,-86.8935987,165.800,0.381,0.000,0.000
12882,25641,18178,15174,0,0,-0.49919,-2.08176,9.96227,-0.001065,-0.010653,-0.029827,-12.241,3.224,-0.114,0.0359,-0.0123,4.1794,0.2078,-0.0546,27.2739,-0.0017504,-0.0119134,-0.0101580,0.000000,0.000000,0.000000,0.00000,0.00000,0.000,0.000,0.000,0.000,0.000,-6.0000,0.0000,0.0000,6.0000,95.00,95.00,90.00,90.00,65535,65535,65535,1500,1,3,40.4365685,-86.8936032,165.400,0.504,0.000,0.000
12932,30104,18173,15147,0,0,-0.55545,-2.09493,9.90840,0.004261,-0.014914,0.002131,-12.241,3.219,-0.109,0.0345,-0.0110,4.1949,0.2023,-0.0533,27.4800,-0.0017312,-0.0119164,-0.0101496,0.000000,0.000000,0.000000,0.00000,0.00000,0.000,0.000,0.000,0.000,0.000,-6.0000,0.0000,0.0000,6.0000,95.00,95.00,90.00,90.00,65535,65535,65535,1500,1,3,40.4365685,-86.8936032,165.400,0.504,0.000,0.000
12988,29813,19717,15105,0,0,-0.52074,-2.12485,9.91559,-0.001065,-0.011718,-0.008522,-12.255,3.209,-0.099,0.0295,-0.0095,4.2118,0.1807,-0.0477,27.7105,-0.0017073,-0.0119119,-0.0101238,0.000000,0.000000,0.000000,0.00000,0.00000,0.000,0.000,0.000,0.000,0.000,-6.0000,0.0000,0.0000,6.0000,95.00,95.00,90.00,90.00,65535,65535,65535,1500,1,3,40.4365705,-86.8936072,165.100,0.628,0.000,0.000
13048,35895,18257,15270,0,0,-0.59137,-2.17513,9.88686,-0.005326,-0.014914,-0.022371,-12.291,3.220,-0.145,0.0291,-0.0097,4.2317,0.1824,-0.0483,27.9699,-0.0016591,-0.0119429,-0.0101224,0.000000,0.000000,0.000000,0.00000,0.00000,0.000,0.000,0.000,0.000,0.000,-6.0000,0.0000,0.0000,6.0000,95.00,95.00,90.00,90.00,65535,65535,65535,1500,1,3,40.4365695,-86.8935975,165.100,0.761,0.000,0.000
13085,24476,30209,27171,0,0,-0.57102,-2.18710,9.87728,0.271642,-0.011718,-0.004261,-11.936,3.220,-0.148,0.0263,-0.0089,4.2396,0.1705,-0.0453,28.0736,-0.0016159,-0.0119440,-0.0101073,0.000000,0.000000,0.000000,0.00000,0.00000,0.000,0.000,0.000,0.000,0.000,-6.0000,0.0000,0.0000,6.0000,95.00,95.00,90.00,90.00,65535,65535,65535,1500,1,3,40.4365695,-86.8935975,165.100,0.761,0.000,0.000
13149,32853,30876,22993,0,0,-0.50039,-2.14281,9.84855,0.000000,-0.011718,-0.010653,-11.972,3.182,-0.241,-0.0055,-0.0013,4.2594,0.0250,-0.0074,28.3462,-0.0015647,-0.0119337,-0.0099570,0.000000,0.000000,0.000000,0.00000,0.00000,0.000,0.000,0.000,0.000,0.000,-6.0000,0.0000,0.0000,6.0000,95.00,95.00,90.00,90.00,65535,65535,65535,1500,1,3,40.4365695,-86.8935975,165.100,0.761,0.000,0.000
13181,32472,30160,22068,0,0,-0.58299,-2.14161,9.86770,-0.003196,-0.011718,-0.021305,-11.986,3.198,-0.197,0.0122,-0.0063,4.2694,0.1081,-0.0293,28.4846,-0.0015436,-0.0119429,-0.0100389,0.000000,0.000000,0.000000,0.00000,0.00000,0.000,0.000,0.000,0.000,0.000,-6.0000,0.0000,0.0000,6.0000,95.00,95.00,90.00,90.00,65535,65535,65535,1500,1,3,40.4365697,-86.8935913,165.100,0.334,0.968,0.000
13249,19398,18073,15098,0,0,-0.55545,-2.11887,9.81623,0.002131,-0.012783,-0.002131,-12.046,3.228,-0.117,0.0370,-0.0128,4.2942,0.2271,-0.0608,28.8254,-0.0014374,-0.0119612,-0.0101490,0.000000,0.000000,0.000000,0.00000,0.00000,0.000,0.000,0.000,0.000,0.000,-6.0000,0.0000,0.0000,6.0000,95.00,95.00,90.00,90.00,65535,65535,65535,1500,1,4,40.4365687,-86.8935877,166.200,1.127,-0.005,0.000
13299,25714,18171,15149,0,0,-0.53271,-2.15598,9.83179,-0.002131,-0.014914,-0.008522,-12.074,3.200,-0.163,0.0196,-0.0082,4.3098,0.1479,-0.0403,29.0431,-0.0013997,-0.0119549,-0.0100684,0.000000,0.000000,0.000000,0.00000,0.00000,0.000,0.000,0.000,0.000,0.000,-6.0000,0.0000,0.0000,6.0000,95.00,95.00,90.00,90.00,65535,65535,65535,1500,1,4,40.4365687,-86.8935877,166.600,1.127,-0.005,0.000
13350,26360,18154,15136,0,0,-0.58778,-2.13084,9.76954,-0.002131,-0.007457,-0.021305,-12.096,3.238,-0.108,0.0446,-0.0147,4.3236,0.2677,-0.0719,29.2611,-0.0013495,-0.0119726,-0.0101799,0.000000,0.000000,0.000000,0.00000,0.00000,0.000,0.000,0.000,0.000,0.000,-6.0000,0.0000,0.0000,6.0000,95.00,95.00,90.00,90.00,65535,65535,65535,1500,1,4,40.4365683,-86.8935848,166.600,1.147,-0.592,0.000
13381,24462,24961,21957,0,0,-0.60932,-2.20147,9.88446,-0.006392,-0.017044,-0.010653,-12.121,3.257,-0.038,0.0642,-0.0197,4.3319,0.3617,-0.0966,29.3670,-0.0013156,-0.0119875,-0.0102670,0.000000,0.000000,0.000000,0.00000,0.00000,0.000,0.000,0.000,0.000,0.000,-6.0000,0.0000,0.0000,6.0000,95.00,95.00,90.00,90.00,65535,65535,65535,1500,1,4,40.4365683,-86.8935848,166.600,1.147,-0.592,0.000
13439,28794,22846,15265,0,0,-0.60573,-2.09971,9.83658,-0.002131,-0.013848,-0.004261,-12.132,3.252,-0.036,0.0593,-0.0188,4.3493,0.3415,-0.0915,29.6277,-0.0012855,-0.0119873,-0.0102427,0.000000,0.000000,0.000000,0.00000,0.00000,0.000,0.000,0.000,0.000,0.000,-6.0000,0.0000,0.0000,6.0000,95.00,95.00,90.00,90.00,65535,65535,65535,1500,1,4,40.4365683,-86.8935848,166.600,1.147,-0.592,0.000
13484,19680,18146,15149,0,0,-0.55306,-2.23618,9.81024,-0.002131,-0.012783,-0.018109,-12.176,3.209,-0.131,0.0346,-0.0115,4.3650,0.2273,-0.0617,29.8441,-0.0012449,-0.0119733,-0.0101308,0.000000,0.000000,0.000000,0.00000,0.00000,0.000,0.000,0.000,0.000,0.000,-6.0000,0.0000,0.0000,6.0000,95.00,95.00,90.00,90.00,65535,65535,65535,1500,1,5,40.4365698,-86.8935937,166.400,1.010,-0.900,0.000
13552,40007,21762,18717,0,0,-0.60693,-2.14760,9.83658,-0.011718,-0.021305,-0.004261,-12.206,3.228,-0.061,0.0530,-0.0167,4.3826,0.3208,-0.0864,30.1254,-0.0012228,-0.0119957,-0.0102141,0.000000,0.000000,0.000000,0.00000,0.00000,0.000,0.000,0.000,0.000,0.000,-6.0000,0.0000,0.0000,6.0000,95.00,95.00,90.00,90.00,65535,65535,65535,1500,1,5,40.4365707,-86.8935997,166.400,0.875,-1.118,0.000
13588,28060,30227,27248,0,0,-0.49799,-2.24217,9.92157,0.006392,-0.012783,-0.006392,-12.227,3.179,-0.185,0.0160,-0.0072,4.3932,0.1452,-0.0405,30.2485,-0.0011841,-0.0119665,-0.0100490,0.000000,0.000000,0.000000,0.00000,0.00000,0.000,0.000,0.000,0.000,0.000,-6.0000,0.0000,0.0000,6.0000,95.00,95.00,90.00,90.00,65535,65535,65535,1500,1,5,40.4365707,-86.8935997,166.400,0.875,-1.118,0.000
13642,34016,18246,15269,0,0,-0.49560,-2.20506,9.87369,-0.003196,-0.015979,-0.019175,-12.218,3.153,-0.235,0.0049,-0.0043,4.4147,0.0912,-0.0265,30.5364,-0.0011967,-0.0119509,-0.0099996,0.000000,0.000000,0.000000,0.00000,0.00000,0.000,0.000,0.000,0.000,0.000,-6.0000,0.0000,0.0000,6.0000,95.00,95.00,90.00,90.00,65535,65535,65535,1500,1,5,40.4365890,-86.8937227,166.400,0.630,-0.915,0.000
13686,19690,18139,15130,0,0,-0.61292,-2.11887,9.89404,-0.004261,-0.012783,-0.007457,-12.231,3.154,-0.276,-0.0043,-0.0018,4.4295,0.0462,-0.0149,30.7343,-0.0011603,-0.0119464,-0.0099569,0.000000,0.000000,0.000000,0.00000,0.00000,0.000,0.000,0.000,0.000,0.000,-6.0000,0.0000,0.0000,6.0000,95.00,95.00,90.00,90.00,65535,65535,65535,1500,1,7,40.4365890,-86.8937227,158.400,0.630,-0.915,0.000
13735,29620,18212,15176,0,0,-0.46687,-2.29005,9.84376,0.006392,-0.009587,-0.007457,-12.273,3.130,-0.320,-0.0191,0.0016,4.4433,-0.0284,0.0045,30.9502,-0.0011029,-0.0119374,-0.0098873,0.000000,0.000000,0.000000,0.00000,0.00000,0.000,0.000,0.000,0.000,0.000,-6.0000,0.0000,0.0000,6.0000,95.00,95.00,90.00,90.00,65535,65535,65535,1500,1,7,40.4365890,-86.8937227,158.400,0.630,-0.915,0.000
13786,25960,18155,15143,0,0,-0.67038,-2.13563,9.85573,-0.012783,-0.021305,-0.013848,-12.259,3.195,-0.187,0.0208,-0.0088,4.4598,0.1642,-0.0462,31.1776,-0.0011080,-0.0119899,-0.0100590,0.000000,0.000000,0.000000,0.00000,0.00000,0.000,0.000,0.000,0.000,0.000,-6.0000,0.0000,0.0000,6.0000,95.00,95.00,90.00,90.00,65535,65535,65535,1500,1,8,40.4365903,-86.8937407,156.900,0.484,-0.704,0.000
13835,24770,18151,15161,0,0,-0.57700,-2.12964,9.89164,0.014914,-0.002131,-0.010653,-12.260,3.153,-0.328,-0.0162,0.0009,4.4765,-0.0140,0.0003,31.3969,-0.0010749,-0.0119427,-0.0099000,0.000000,0.000000,0.000000,0.00000,0.00000,0.000,0.000,0.000,0.000,0.000,-6.0000,0.0000,0.0000,6.0000,95.00,95.00,90.00,90.00,65535,65535,65535,1500,1,8,40.4365903,-86.8937407,156.900,0.484,-0.704,0.000
13889,24314,18060,15077,0,0,-0.43096,-2.31519,9.86291,0.002131,-0.008522,-0.009587,-12.323,3.074,-0.452,-0.0536,0.0107,4.4934,-0.1953,0.0476,31.6371,-0.0010096,-0.0118941,-0.0097394,0.000000,0.000000,0.000000,0.00000,0.00000,0.000,0.000,0.000,0.000,0.000,-6.0000,0.0000,0.0000,6.0000,95.00,95.00,90.00,90.00,65535,65535,65535,1500,1,8,40.4365885,-86.8937383,156.700,0.359,-0.546,0.000
13938,25388,18197,15168,0,0,-0.66319,-2.10450,9.84256,-0.010653,-0.022371,-0.014914,-12.284,3.138,-0.332,-0.0165,0.0011,4.5081,-0.0174,0.0009,31.8605,-0.0010422,-0.0119470,-0.0098969,0.000000,0.000000,0.000000,0.00000,0.00000,0.000,0.000,0.000,0.000,0.000,-6.0000,0.0000,0.0000,6.0000,95.00,95.00,90.00,90.00,65535,65535,65535,1500,1,8,40.4365885,-86.8937383,156.700,0.359,-0.546,0.000
13989,25857,18176,15164,0,0,-0.57820,-2.16436,9.87249,0.008522,-0.003196,-0.010653,-12.312,3.112,-0.391,-0.0309,0.0048,4.5243,-0.0883,0.0193,32.0901,-0.0010083,-0.0119245,-0.0098351,0.000000,0.000000,0.000000,0.00000,0.00000,0.000,0.000,0.000,0.000,0.000,-6.0000,0.0000,0.0000,6.0000,95.00,95.00,90.00,90.00,65535,65535,65535,1500,1,8,40.4365873,-86.8937375,156.700,0.300,-0.580,0.000
14056,39619,26151,18297,0,0,-0.50996,-2.24696,9.90960,0.006392,-0.009587,-0.003196,-12.311,3.127,-0.353,-0.0228,0.0015,4.5454,-0.0550,0.0103,32.3565,-0.0009937,-0.0119391,-0.0098639,0.000000,0.000000,0.000000,0.00000,0.00000,0.000,0.000,0.000,0.000,0.000,-6.0000,0.0000,0.0000,6.0000,95.00,95.00,90.00,90.00,65535,65535,65535,1500,1,8,40.4365858,-86.8937293,156.700,0.248,-0.421,0.000
14091,36252,24962,16266,0,0,-0.56862,-2.11169,9.85932,-0.009587,-0.017044,-0.015979,-12.317,3.123,-0.348,-0.0184,0.0007,4.5560,-0.0334,0.0045,32.5215,-0.0010107,-0.0119469,-0.0098838,0.000000,0.000000,0.000000,0.00000,0.00000,0.000,0.000,0.000,0.000,0.000,-6.0000,0.0000,0.0000,6.0000,95.00,95.00,90.00,90.00,65535,65535,65535,1500,1,8,40.4365858,-86.8937293,156.700,0.248,-0.421,0.000
14139,23893,17655,14646,0,0,-0.59616,-2.14880,9.76834,0.007457,-0.009587,-0.011718,-12.327,3.131,-0.347,-0.0130,-0.0010,4.5723,-0.0077,-0.0025,32.7722,-0.0009754,-0.0119700,-0.0099043,0.000000,0.000000,0.000000,0.00000,0.00000,0.000,0.000,0.000,0.000,0.000,-6.0000,0.0000,0.0000,6.0000,95.00,95.00,90.00,90.00,65535,65535,65535,1500,1,8,40.4365858,-86.8937293,156.700,0.248,-0.421,0.000
14205,39835,26554,18671,0,0,-0.53510,-2.20386,9.86651,0.001065,-0.015979,-0.005326,-12.328,3.134,-0.327,-0.0089,-0.0028,4.5911,0.0088,-0.0071,33.0370,-0.0009706,-0.0119822,-0.0099184,0.000000,0.000000,0.000000,0.00000,0.00000,0.000,0.000,0.000,0.000,0.000,-6.0000,0.0000,0.0000,6.0000,95.00,95.00,90.00,90.00,65535,65535,65535,1500,1,8,40.4365847,-86.8937248,156.700,0.236,-0.531,0.000
14236,32885,24486,21453,0,0,-0.52792,-2.09253,9.91678,0.001065,-0.012783,-0.011718,-12.304,3.125,-0.327,-0.0083,-0.0025,4.6024,0.0100,-0.0076,33.1882,-0.0010001,-0.0119710,-0.0099210,0.000000,0.000000,0.000000,0.00000,0.00000,0.000,0.000,0.000,0.000,0.000,-6.0000,0.0000,0.0000,6.0000,95.00,95.00,90.00,90.00,65535,65535,65535,1500,1,8,40.4365847,-86.8937248,156.700,0.236,-0.531,0.000
14292,29297,24942,15253,0,0,-0.54109,-2.06380,9.90002,-0.003196,-0.009587,-0.013848,-12.288,3.122,-0.332,-0.0077,-0.0023,4.6225,0.0120,-0.0083,33.4416,-0.0010221,-0.0119669,-0.0099241,0.000000,0.000000,0.000000,0.00000,0.00000,0.000,0.000,0.000,0.000,0.000,-6.0000,0.0000,0.0000,6.0000,95.00,95.00,90.00,90.00,65535,65535,65535,1500,1,8,40.4365840,-86.8937222,157.300,0.236,-0.531,0.000
14342,25838,18197,15165,0,0,-0.52792,-2.03866,9.74201,-0.003196,-0.014914,-0.008522,-12.314,3.123,-0.332,-0.0085,-0.0031,4.6366,0.0092,-0.0079,33.7061,-0.0009833,-0.0119736,-0.0099202,0.000000,0.000000,0.000000,0.00000,0.00000,0.000,0.000,0.000,0.000,0.000,-6.0000,0.0000,0.0000,6.0000,95.00,95.00,90.00,90.00,65535,65535,65535,1500,1,8,40.4365840,-86.8937222,157.300,0.236,-0.531,0.000
14393,25871,18170,15159,0,0,-0.42497,-2.04225,9.92157,-0.002131,-0.013848,-0.012783,-12.291,3.122,-0.305,-0.0012,-0.0050,4.6494,0.0444,-0.0174,33.9422,-0.0010197,-0.0119717,-0.0099502,0.000000,0.000000,0.000000,0.00000,0.00000,0.000,0.000,0.000,0.000,0.000,-6.0000,0.0000,0.0000,6.0000,95.00,95.00,90.00,90.00,65535,65535,65535,1500,1,9,40.4365823,-86.8937157,157.500,0.236,-0.531,0.000
14443,25871,18186,15165,0,0,-0.43335,-2.11049,10.09515,0.012783,-0.028762,-0.011718,-12.326,3.136,-0.314,-0.0022,-0.0040,4.6699,0.0374,-0.0158,34.1757,-0.0009476,-0.0120317,-0.0099426,0.000000,0.000000,0.000000,0.00000,0.00000,0.000,0.000,0.000,0.000,0.000,-6.0000,0.0000,0.0000,6.0000,95.00,95.00,90.00,90.00,65535,65535,65535,1500,1,9,40.4365830,-86.8937177,157.500,0.257,-0.366,0.000
14493,23767,19477,15276,0,0,-0.42377,-1.83396,9.86890,0.025566,-0.036219,-0.018109,-12.250,3.196,-0.083,0.0700,-0.0232,4.6854,0.4043,-0.1120,34.4041,-0.0009139,-0.0121372,-0.0102274,0.000000,0.000000,0.000000,0.00000,0.00000,0.000,0.000,0.000,0.000,0.000,-6.0000,0.0000,0.0000,6.0000,95.00,95.00,90.00,90.00,65535,65535,65535,1500,1,8,40.4365830,-86.8937177,157.400,0.257,-0.366,0.000
14532,25484,33254,30251,0,0,-0.80325,-2.67672,9.92397,0.035154,-0.042611,-0.023436,-12.357,3.145,-0.445,-0.0288,0.0027,4.6978,-0.0955,0.0187,34.5235,-0.0007182,-0.0122457,-0.0098350,0.000000,0.000000,0.000000,0.00000,0.00000,0.000,0.000,0.000,0.000,0.000,-6.0000,0.0000,0.0000,6.0000,95.00,95.00,90.00,90.00,65535,65535,65535,1500,1,8,40.4365830,-86.8937177,157.400,0.257,-0.366,0.000
14597,37872,20358,17353,0,0,-0.47285,-1.95965,9.79827,0.027697,-0.035154,-0.012783,-12.133,2.957,-0.457,-0.0337,0.0066,4.7185,-0.1343,0.0286,34.8911,-0.0007972,-0.0121728,-0.0098091,0.000000,0.000000,0.000000,0.00000,0.00000,0.000,0.000,0.000,0.000,0.000,-6.0000,0.0000,0.0000,6.0000,95.00,95.00,90.00,90.00,65535,65535,65535,1500,1,8,40.4365832,-86.8937217,157.400,0.187,-0.429,0.000
14647,30998,18244,15184,0,0,-0.62130,-2.27210,10.05804,0.005326,-0.024501,-0.002131,-12.044,3.299,0.781,0.3371,-0.0905,4.7369,1.7601,-0.4673,35.1379,-0.0007550,-0.0123165,-0.0112318,0.000000,0.000000,0.000000,0.00000,0.00000,0.000,0.000,0.000,0.000,0.000,-6.0000,0.0000,0.0000,6.0000,95.00,95.00,90.00,90.00,65535,65535,65535,1500,1,8,40.4365840,-86.8937257,157.400,0.140,-0.321,0.000
14703,23817,25313,14879,0,0,-1.22463,-2.11887,10.44830,0.005326,-0.046872,-0.014914,-11.964,3.618,1.805,0.6502,-0.1721,4.7650,3.3739,-0.8897,35.3697,-0.0006912,-0.0124411,-0.0124186,0.000000,0.000000,0.000000,0.00000,0.00000,0.000,0.000,0.000,0.000,0.000,-6.0000,0.0000,0.0000,6.0000,95.00,95.00,90.00,90.00,65535,65535,65535,1500,1,9,40.4365840,-86.8937257,157.000,0.140,-0.321,0.000
14734,26097,29801,21899,0,0,-0.19154,-1.89142,10.17655,0.037284,-0.005326,-0.014914,-11.922,3.214,0.509,0.2548,-0.0686,4.7787,1.3586,-0.3624,35.4938,-0.0008020,-0.0122788,-0.0109175,0.000000,0.000000,0.000000,0.00000,0.00000,0.000,0.000,0.000,0.000,0.000,-6.0000,0.0000,0.0000,6.0000,95.00,95.00,90.00,90.00,65535,65535,65535,1500,1,9,40.4365840,-86.8937257,157.000,0.140,-0.321,0.000
14785,26159,18172,15151,0,0,-0.46208,-0.90860,9.96586,0.056459,0.025566,0.047937,-11.713,2.728,-1.188,-0.2780,0.0667,4.7793,-1.4283,0.3665,35.7927,-0.0011371,-0.0120476,-0.0088796,0.000000,0.000000,0.000000,0.00000,0.00000,0.000,0.000,0.000,0.000,0.000,-6.0000,0.0000,0.0000,6.0000,95.00,95.00,90.00,90.00,65535,65535,65535,1500,1,9,40.4365847,-86.8937285,157.000,0.072,-0.165,0.000
14834,24938,18150,15144,0,0,-0.70509,-1.47603,9.62349,0.044741,-0.002131,0.024501,-11.525,3.756,2.403,0.7882,-0.2121,4.8056,4.0982,-1.0797,36.0305,-0.0010535,-0.0124012,-0.0128935,0.000000,0.000000,0.000000,0.00000,0.00000,0.000,0.000,0.000,0.000,0.000,-6.0000,0.0000,0.0000,6.0000,95.00,95.00,90.00,90.00,65535,65535,65535,1500,1,9,40.4365847,-86.8937285,157.000,0.072,-0.165,0.000
14904,23171,20591,14731,0,0,-0.27892,-2.31519,10.29028,0.028762,0.002131,-0.046872,-11.832,3.230,0.132,0.1146,-0.0338,4.8472,0.6275,-0.1719,36.3568,-0.0008558,-0.0122611,-0.0103630,0.000000,0.000000,0.000000,0.00000,0.00000,0.000,0.000,0.000,0.000,0.000,-6.0000,0.0000,0.0000,6.0000,95.00,95.00,90.00,90.00,65535,65535,65535,1500,1,9,40.4365850,-86.8937320,156.400,0.047,-0.108,0.000
14935,21118,30004,21993,0,0,-0.69552,-2.70665,9.86890,0.014914,-0.014914,-0.027697,-11.972,3.287,0.244,0.1584,-0.0424,4.8563,0.8583,-0.2322,36.4594,-0.0006206,-0.0123064,-0.0105163,0.000000,0.000000,0.000000,0.00000,0.00000,0.000,0.000,0.000,0.000,0.000,-6.0000,0.0000,0.0000,6.0000,95.00,95.00,90.00,90.00,65535,65535,65535,1500,1,9,40.4365850,-86.8937320,156.400,0.047,-0.108,0.000
14987,27384,18219,15186,0,0,-0.65721,-2.44209,9.67138,0.061785,0.029827,0.020240,-12.028,2.984,-1.139,-0.2749,0.0671,4.9092,-1.4484,0.3711,36.7725,-0.0003717,-0.0121692,-0.0088719,0.000000,0.000000,0.000000,0.00000,0.00000,0.000,0.000,0.000,0.000,0.000,-6.0000,0.0000,0.0000,6.0000,95.00,95.00,90.00,90.00,65535,65535,65535,1500,1,9,40.4365855,-86.8937353,156.400,0.033,-0.075,0.000
15054,39544,26305,18378,0,0,-0.02274,-2.32238,10.24718,0.134223,0.093743,-0.021305,-11.934,1.614,-7.428,-2.1893,0.5579,4.9484,-11.5310,3.0080,37.0596,-0.0003490,-0.0119430,-0.0018549,0.000000,0.000000,0.000000,0.00000,0.00000,0.000,0.000,0.000,0.000,0.000,-6.0000,0.0000,0.0000,6.0000,95.00,95.00,90.00,90.00,65535,65535,65535,1500,1,9,40.4365857,-86.8937373,156.400,0.021,-0.047,0.000
15085,32510,24281,21318,0,0,0.67038,-1.80882,9.92995,0.131028,0.061785,-0.056459,-11.608,-0.979,-18.458,-5.5585,1.4196,4.9601,-29.3492,7.6676,37.2169,-0.0005680,-0.0118583,0.0104283,0.000000,0.000000,0.000000,0.00000,0.00000,0.000,0.000,0.000,0.000,0.000,-6.0000,0.0000,0.0000,6.0000,95.00,95.00,90.00,90.00,65535,65535,65535,1500,1,9,40.4365857,-86.8937373,156.400,0.021,-0.047,0.000
15135,24785,15335,12330,0,0,-0.40941,-1.83276,12.55879,0.341950,0.029827,-0.106526,-10.518,-1.541,-22.045,-6.5450,1.6933,5.0678,-34.8982,9.1170,37.5106,-0.0008384,-0.0119552,0.0139906,0.000000,0.000000,0.000000,0.00000,0.00000,0.000,0.000,0.000,0.000,0.000,-6.0000,0.0000,0.0000,6.0000,95.00,95.00,90.00,90.00,65535,65535,65535,1500,1,9,40.4365857,-86.8937373,156.400,0.021,-0.047,0.000
15196,16486,15565,12596,0,0,1.44370,-2.22661,12.81975,0.273773,-0.021305,-0.113983,-9.321,-1.633,-22.485,-6.5582,1.6545,5.2311,-35.3005,9.2194,37.8259,-0.0008384,-0.0119552,0.0139906,0.000000,0.000000,0.000000,0.00000,0.00000,0.000,0.000,0.000,0.000,0.000,-6.0000,0.0000,0.0000,6.0000,95.00,95.00,90.00,90.00,65535,65535,65535,1500,1,9,40.4365857,-86.8937392,156.000,0.025,-0.057,0.000
15233,21587,30800,27780,0,0,0.53630,-2.32238,12.34450,0.297209,-0.084156,-0.118244,-8.948,-1.747,-22.632,-6.5583,1.6458,5.2907,-35.4421,9.2551,37.9395,-0.0008384,-0.0119552,0.0139906,0.000000,0.000000,0.000000,0.00000,0.00000,0.000,0.000,0.000,0.000,0.000,-6.0000,0.0000,0.0000,6.0000,95.00,95.00,90.00,90.00,65535,65535,65535,1500,1,9,40.4365857,-86.8937392,156.000,0.025,-0.057,0.000
15283,30933,18341,15313,0,0,0.38906,-2.79044,11.11748,0.263120,-0.181095,-0.131028,-8.329,-1.916,-21.085,-5.9796,1.4785,5.4065,-32.5463,8.4941,38.2761,-0.0002942,-0.0119317,0.0118313,0.000000,0.000000,0.000000,0.00000,0.00000,0.000,0.000,0.000,0.000,0.000,-6.0000,0.0000,0.0000,6.0000,95.00,95.00,90.00,90.00,65535,65535,65535,1500,1,9,40.4365852,-86.8937415,155.900,0.025,-0.057,0.000
15338,26569,18169,15155,0,0,0.63446,-2.06141,10.90080,0.103331,-0.241815,-0.127832,-8.191,-2.011,-18.705,-5.1215,1.2601,5.4891,-28.2295,7.3625,38.5764,0.0000152,-0.0119303,0.0087973,0.000000,0.000000,0.000000,0.00000,0.00000,0.000,0.000,0.000,0.000,0.000,-6.0000,0.0000,0.0000,6.0000,95.00,95.00,90.00,90.00,65535,65535,65535,1500,1,9,40.4365852,-86.8937415,155.900,0.025,-0.057,0.000
15389,25985,18177,15171,0,0,0.07781,-1.59095,9.79707,0.091613,-0.281230,-0.118244,-7.936,-2.034,-15.641,-4.0711,0.9920,5.5080,-22.8832,5.9616,38.8583,0.0000594,-0.0118935,0.0051291,0.000000,0.000000,0.000000,0.00000,0.00000,0.000,0.000,0.000,0.000,0.000,-6.0000,0.0000,0.0000,6.0000,95.00,95.00,90.00,90.00,65535,65535,65535,1500,1,9,40.4365853,-86.8937438,155.800,0.130,-0.297,0.000
15436,25326,15746,12716,0,0,-0.64524,-1.95367,11.47421,0.087352,-0.279099,-0.120375,-7.783,-3.869,-20.664,-5.5952,1.3812,5.5798,-31.0740,8.0992,39.1315,0.0003358,-0.0121083,0.0103672,0.000000,0.000000,0.000000,0.00000,0.00000,0.000,0.000,0.000,0.000,0.000,-6.0000,0.0000,0.0000,6.0000,95.00,95.00,90.00,90.00,65535,65535,65535,1500,1,9,40.4365853,-86.8937438,155.800,0.130,-0.297,0.000
15481,19766,18176,15149,0,0,0.72664,-1.88184,10.33098,0.026632,-0.249272,-0.107592,-8.010,-2.708,-13.905,-3.3673,0.8173,5.6224,-19.3001,5.0217,39.3705,0.0007065,-0.0121849,0.0026887,0.000000,0.000000,0.000000,0.00000,0.00000,0.000,0.000,0.000,0.000,0.000,-6.0000,0.0000,0.0000,6.0000,95.00,95.00,90.00,90.00,65535,65535,65535,1500,1,10,40.4365837,-86.8937442,155.800,-0.718,-0.103,0.000
15552,43628,21381,15374,0,0,-0.00718,-1.13844,11.15219,-0.063916,-0.221575,-0.091613,-8.047,-2.006,-7.523,-1.2842,0.2882,5.7062,-8.1724,2.1109,39.7570,0.0007056,-0.0120512,-0.0045656,0.000000,0.000000,0.000000,0.00000,0.00000,0.000,0.000,0.000,0.000,0.000,-6.0000,0.0000,0.0000,6.0000,95.00,95.00,90.00,90.00,65535,65535,65535,1500,1,10,40.4365833,-86.8937453,155.800,-0.714,0.094,0.000
15589,27580,30418,27405,0,0,0.37350,-1.55144,10.50935,-0.149137,-0.169377,-0.067112,-8.287,-2.234,-7.493,-1.2539,0.2805,5.7290,-8.0423,2.0757,39.9147,0.0007167,-0.0120635,-0.0046669,0.000000,0.000000,0.000000,0.00000,0.00000,0.000,0.000,0.000,0.000,0.000,-6.0000,0.0000,0.0000,6.0000,95.00,95.00,90.00,90.00,65535,65535,65535,1500,1,10,40.4365833,-86.8937453,155.800,-0.714,0.094,0.000
15638,25218,18213,15162,0,0,0.39983,-1.54546,10.34056,-0.093743,-0.166181,-0.076699,-8.544,-3.306,-9.207,-1.7462,0.4078,5.7502,-10.8631,2.8095,40.2690,0.0006166,-0.0119321,-0.0029834,0.000000,0.000000,0.000000,0.00000,0.00000,0.000,0.000,0.000,0.000,0.000,-6.0000,0.0000,0.0000,6.0000,95.00,95.00,90.00,90.00,65535,65535,65535,1500,1,10,40.4365833,-86.8937453,155.800,-0.714,0.094,0.000
15683,19717,18182,15178,0,0,0.76614,-1.08816,10.71645,-0.082025,-0.133158,-0.058590,-8.564,-3.622,-7.687,-1.2828,0.2854,5.7709,-8.3948,2.1626,40.5273,0.0003470,-0.0114399,-0.0047054,0.000000,0.000000,0.000000,0.00000,0.00000,0.000,0.000,0.000,0.000,0.000,-6.0000,0.0000,0.0000,6.0000,95.00,95.00,90.00,90.00,65535,65535,65535,1500,1,10,40.4365832,-86.8937472,155.800,-0.645,0.064,0.000
15732,24765,18177,15174,0,0,0.55067,-1.21745,10.06283,-0.054328,-0.090547,-0.035154,-8.775,-3.547,-6.867,-0.9840,0.2113,5.7810,-6.8124,1.7468,40.8111,0.0003967,-0.0116141,-0.0056802,0.000000,0.000000,0.000000,0.00000,0.00000,0.000,0.000,0.000,0.000,0.000,-6.0000,0.0000,0.0000,6.0000,95.00,95.00,90.00,90.00,65535,65535,65535,1500,1,10,40.4365832,-86.8937472,155.800,-0.645,0.064,0.000
15788,21772,18159,15130,0,0,0.52433,-1.33956,9.78510,-0.151268,-0.023436,-0.017044,-9.214,-3.382,-6.235,-0.7667,0.1540,5.7890,-5.6420,1.4382,41.1348,0.0003932,-0.0117228,-0.0064063,0.000000,0.000000,0.000000,0.00000,0.00000,0.000,0.000,0.000,0.000,0.000,-6.0000,0.0000,0.0000,6.0000,95.00,95.00,90.00,90.00,65535,65535,65535,1500,1,10,40.4365820,-86.8937478,155.700,-0.833,-0.002,0.000
15838,25379,18166,15161,0,0,0.11013,-1.95846,9.36612,-0.074569,0.027697,0.000000,-9.549,-3.123,-6.230,-0.7393,0.1454,5.7776,-5.5151,1.4016,41.4222,0.0004195,-0.0119688,-0.0064451,0.000000,0.000000,0.000000,0.00000,0.00000,0.000,0.000,0.000,0.000,0.000,-6.0000,0.0000,0.0000,6.0000,95.00,95.00,90.00,90.00,65535,65535,65535,1500,1,10,40.4365820,-86.8937478,155.700,-0.833,-0.002,0.000
15889,25824,18175,15157,0,0,-0.24900,-2.23140,9.40323,-0.087352,0.023436,-0.018109,-9.911,-2.865,-7.499,-1.0774,0.2268,5.7763,-7.4134,1.8915,41.7162,0.0005440,-0.0125512,-0.0051799,0.000000,0.000000,0.000000,0.00000,0.00000,0.000,0.000,0.000,0.000,0.000,-6.0000,0.0000,0.0000,6.0000,95.00,95.00,90.00,90.00,65535,65535,65535,1500,1,10,40.4365808,-86.8937475,155.700,-0.858,-0.050,0.000
15932,18859,18118,15087,0,0,0.54708,-1.79805,9.23084,-0.091613,0.006392,-0.005326,-10.028,-2.675,-7.142,-0.9582,0.1976,5.7715,-6.7821,1.7240,41.9656,0.0004970,-0.0126033,-0.0055744,0.000000,0.000000,0.000000,0.00000,0.00000,0.000,0.000,0.000,0.000,0.000,-6.0000,0.0000,0.0000,6.0000,95.00,95.00,90.00,90.00,65535,65535,65535,1500,1,10,40.4365808,-86.8937475,155.700,-0.858,-0.050,0.000
15988,29974,19063,15293,0,0,0.52792,-1.63045,9.96826,-0.086286,0.009587,0.002131,-10.174,-2.339,-6.420,-0.7219,0.1388,5.7835,-5.4889,1.3826,42.2838,0.0003450,-0.0127257,-0.0063444,0.000000,0.000000,0.000000,0.00000,0.00000,0.000,0.000,0.000,0.000,0.000,-6.0000,0.0000,0.0000,6.0000,95.00,95.00,90.00,90.00,65535,65535,65535,1500,1,10,40.4365800,-86.8937478,155.700,-0.764,-0.106,0.000
16057,39632,23556,20528,0,0,0.13647,-2.14999,9.79588,-0.051133,0.011718,0.000000,-10.317,-2.158,-6.234,-0.6647,0.1194,5.8202,-5.1786,1.2978,42.6606,0.0002911,-0.0127788,-0.0065422,0.000000,0.000000,0.000000,0.00000,0.00000,0.000,0.000,0.000,0.000,0.000,-6.0000,0.0000,0.0000,6.0000,95.00,95.00,90.00,90.00,65535,65535,65535,1500,1,10,40.4365788,-86.8937468,155.700,-0.771,-0.129,0.000
16094,30452,30175,27176,0,0,0.22625,-1.58376,10.76912,-0.069242,0.010653,0.007457,-10.342,-2.021,-5.925,-0.5702,0.0981,5.8531,-4.6500,1.1579,42.8384,0.0001799,-0.0128046,-0.0068553,0.000000,0.000000,0.000000,0.00000,0.00000,0.000,0.000,0.000,0.000,0.000,-6.0000,0.0000,0.0000,6.0000,95.00,95.00,90.00,90.00,65535,65535,65535,1500,1,10,40.4365788,-86.8937468,155.700,-0.771,-0.129,0.000
16135,17856,17477,14487,0,0,0.21787,-1.84114,10.77750,-0.050067,0.000000,0.000000,-10.367,-1.771,-5.572,-0.4571,0.0737,5.8876,-3.9885,0.9805,43.1551,-0.0000965,-0.0129679,-0.0072119,0.000000,0.000000,0.000000,0.00000,0.00000,0.000,0.000,0.000,0.000,0.000,-6.0000,0.0000,0.0000,6.0000,95.00,95.00,90.00,90.00,65535,65535,65535,1500,1,10,40.4365788,-86.8937468,155.700,-0.771,-0.129,0.000
16189,35252,18274,15279,0,0,-0.18076,-2.21344,10.67934,0.001065,-0.028762,-0.011718,-10.398,-1.787,-5.467,-0.4410,0.0630,5.9315,-3.8590,0.9443,43.4678,-0.0001039,-0.0129514,-0.0073070,0.000000,0.000000,0.000000,0.00000,0.00000,0.000,0.000,0.000,0.000,0.000,-6.0000,0.0000,0.0000,6.0000,95.00,95.00,90.00,90.00,65535,65535,65535,1500,1,10,40.4365778,-86.8937457,155.700,-0.820,-0.197,0.000
16239,25856,18169,15140,0,0,-0.16640,-1.73340,9.78510,-0.002131,-0.051133,-0.007457,-10.413,-1.711,-6.493,-0.7401,0.1312,5.9340,-5.5650,1.3794,43.7652,-0.0002057,-0.0134849,-0.0062349,0.000000,0.000000,0.000000,0.00000,0.00000,0.000,0.000,0.000,0.000,0.000,-6.0000,0.0000,0.0000,6.0000,95.00,95.00,90.00,90.00,65535,65535,65535,1500,1,10,40.4365778,-86.8937457,155.700,-0.820,-0.197,0.000
16308,39928,21449,18446,0,0,0.15083,-1.66038,9.31225,-0.023436,-0.050067,0.011718,-10.381,-1.861,-6.257,-0.6924,0.1206,5.9434,-5.3337,1.3162,44.1518,-0.0002056,-0.0134047,-0.0064081,0.000000,0.000000,0.000000,0.00000,0.00000,0.000,0.000,0.000,0.000,0.000,-6.0000,0.0000,0.0000,6.0000,95.00,95.00,90.00,90.00,65535,65535,65535,1500,1,10,40.4365770,-86.8937448,155.800,-0.722,-0.225,0.000
16333,27755,18716,15672,0,0,0.12809,-1.78607,9.75637,0.020240,-0.063916,-0.010653,-10.347,-1.907,-6.400,-0.7357,0.1304,5.9465,-5.5965,1.3818,44.3167,-0.0002182,-0.0134937,-0.0062579,0.000000,0.000000,0.000000,0.00000,0.00000,0.000,0.000,0.000,0.000,0.000,-6.0000,0.0000,0.0000,6.0000,95.00,95.00,90.00,90.00,65535,65535,65535,1500,1,10,40.4365770,-86.8937448,155.800,-0.722,-0.225,0.000
16384,25857,18210,15164,0,0,-0.15682,-1.14922,9.79468,0.023436,-0.055394,-0.009587,-10.094,-1.720,-6.621,-0.7868,0.1392,5.9764,-5.9158,1.4567,44.6248,-0.0004483,-0.0139703,-0.0060741,0.000000,0.000000,0.000000,0.00000,0.00000,0.000,0.000,0.000,0.000,0.000,-6.0000,0.0000,0.0000,6.0000,95.00,95.00,90.00,90.00,65535,65535,65535,1500,1,10,40.4365760,-86.8937438,155.800,-0.624,-0.226,0.000
16440,28065,18136,15148,0,0,0.29209,-1.13365,10.31302,0.009587,-0.046872,0.000000,-9.889,-1.702,-6.105,-0.6347,0.1047,5.9986,-5.0872,1.2382,44.9621,-0.0006285,-0.0139967,-0.0065923,0.000000,0.000000,0.000000,0.00000,0.00000,0.000,0.000,0.000,0.000,0.000,-6.0000,0.0000,0.0000,6.0000,95.00,95.00,90.00,90.00,65535,65535,65535,1500,1,10,40.4365748,-86.8937433,155.800,-0.645,-0.227,0.000
16490,25361,18121,15111,0,0,0.42258,-1.08218,10.39203,0.002131,-0.045806,0.010653,-9.909,-1.666,-4.997,-0.3151,0.0309,6.0538,-3.2816,0.7695,45.2668,-0.0008783,-0.0138302,-0.0076825,0.000000,0.000000,0.000000,0.00000,0.00000,0.000,0.000,0.000,0.000,0.000,-6.0000,0.0000,0.0000,6.0000,95.00,95.00,90.00,90.00,65535,65535,65535,1500,1,10,40.4365748,-86.8937433,155.800,-0.645,-0.227,0.000
16550,39690,19323,15261,0,0,-0.17957,-1.50476,9.86651,-0.005326,-0.043676,-0.009587,-9.825,-1.509,-5.475,-0.4589,0.0636,6.0760,-4.1233,0.9794,45.6226,-0.0010459,-0.0142913,-0.0072016,0.000000,0.000000,0.000000,0.00000,0.00000,0.000,0.000,0.000,0.000,0.000,-6.0000,0.0000,0.0000,6.0000,95.00,95.00,90.00,90.00,65535,65535,65535,1500,1,10,40.4365743,-86.8937430,155.800,-0.529,-0.170,0.000
16587,26028,30383,27398,0,0,0.01197,-1.11690,10.15860,0.031958,-0.046872,0.019175,-9.611,-1.419,-5.038,-0.3355,0.0344,6.0869,-3.4244,0.7969,45.7813,-0.0012278,-0.0143495,-0.0076275,0.000000,0.000000,0.000000,0.00000,0.00000,0.000,0.000,0.000,0.000,0.000,-6.0000,0.0000,0.0000,6.0000,95.00,95.00,90.00,90.00,65535,65535,65535,1500,1,10,40.4365743,-86.8937430,155.800,-0.529,-0.170,0.000
16642,25879,18216,15209,0,0,-0.46448,-1.75136,9.58160,0.047937,-0.036219,0.007457,-9.664,-1.438,-5.621,-0.5263,0.0744,6.0782,-4.5789,1.0889,46.1859,-0.0011246,-0.0146026,-0.0069747,0.000000,0.000000,0.000000,0.00000,0.00000,0.000,0.000,0.000,0.000,0.000,-6.0000,0.0000,0.0000,6.0000,95.00,95.00,90.00,90.00,65535,65535,65535,1500,1,10,40.4365740,-86.8937435,155.800,-0.514,-0.165,0.000
16692,25528,18176,15166,0,0,0.16520,-1.92733,9.83418,0.017044,-0.025566,-0.013848,-9.762,-1.612,-6.311,-0.7371,0.1243,6.0877,-5.8254,1.4068,46.4930,-0.0008765,-0.0146278,-0.0062518,0.000000,0.000000,0.000000,0.00000,0.00000,0.000,0.000,0.000,0.000,0.000,-6.0000,0.0000,0.0000,6.0000,95.00,95.00,90.00,90.00,65535,65535,65535,1500,1,10,40.4365740,-86.8937435,155.800,-0.514,-0.165,0.000
16735,18708,18155,15102,0,0,0.51356,-1.07739,9.59955,-0.020240,-0.008522,-0.005326,-9.745,-1.819,-6.002,-0.6572,0.1027,6.0918,-5.3545,1.2851,46.7541,-0.0008712,-0.0142738,-0.0065091,0.000000,0.000000,0.000000,0.00000,0.00000,0.000,0.000,0.000,0.000,0.000,-6.0000,0.0000,0.0000,6.0000,95.00,95.00,90.00,90.00,65535,65535,65535,1500,1,10,40.4365740,-86.8937435,155.800,-0.514,-0.165,0.000
16786,25936,18180,15155,0,0,0.12570,-1.79685,10.28908,-0.006392,-0.004261,-0.001065,-9.668,-1.789,-5.783,-0.5894,0.0870,6.1143,-4.9880,1.1878,47.0657,-0.0009528,-0.0142200,-0.0067392,0.000000,0.000000,0.000000,0.00000,0.00000,0.000,0.000,0.000,0.000,0.000,-6.0000,0.0000,0.0000,6.0000,95.00,95.00,90.00,90.00,65535,65535,65535,1500,1,10,40.4365740,-86.8937437,155.800,-0.539,-0.173,0.000
16841,29378,19064,15307,0,0,0.07661,-0.93374,10.59793,-0.018109,-0.012783,-0.008522,-9.429,-1.578,-5.460,-0.4779,0.0653,6.1340,-4.3848,1.0282,47.3949,-0.0012528,-0.0143943,-0.0071386,0.000000,0.000000,0.000000,0.00000,0.00000,0.000,0.000,0.000,0.000,0.000,-6.0000,0.0000,0.0000,6.0000,95.00,95.00,90.00,90.00,65535,65535,65535,1500,1,10,40.4365740,-86.8937437,155.800,-0.539,-0.173,0.000
16892,25591,18157,15150,0,0,0.36272,-1.79685,10.98340,0.033023,-0.020240,-0.009587,-9.285,-1.667,-5.225,-0.4027,0.0490,6.1764,-3.9603,0.9174,47.7126,-0.0013302,-0.0142290,-0.0073806,0.000000,0.000000,0.000000,0.00000,0.00000,0.000,0.000,0.000,0.000,0.000,-6.0000,0.0000,0.0000,6.0000,95.00,95.00,90.00,90.00,65535,65535,65535,1500,1,10,40.4365738,-86.8937437,155.800,-0.483,-0.417,0.000
16935,19046,18110,15109,0,0,0.93374,-1.82558,9.25718,0.053263,-0.028762,-0.029827,-9.391,-1.847,-5.510,-0.4822,0.0692,6.1745,-4.4048,1.0296,47.9793,-0.0011427,-0.0141187,-0.0071070,0.000000,0.000000,0.000000,0.00000,0.00000,0.000,0.000,0.000,0.000,0.000,-6.0000,0.0000,0.0000,6.0000,95.00,95.00,90.00,90.00,65535,65535,65535,1500,1,10,40.4365738,-86.8937437,155.800,-0.483,-0.417,0.000
16986,26025,18162,15134,0,0,1.33596,-1.70587,9.50259,0.020240,-0.031958,-0.019175,-9.436,-2.135,-5.681,-0.5333,0.0806,6.1834,-4.7018,1.1039,48.2941,-0.0010008,-0.0138688,-0.0068989,0.000000,0.000000,0.000000,0.00000,0.00000,0.000,0.000,0.000,0.000,0.000,-6.0000,0.0000,0.0000,6.0000,95.00,95.00,90.00,90.00,65535,65535,65535,1500,1,10,40.4365730,-86.8937430,155.800,-0.311,-0.269,0.000
17057,43746,21855,15356,0,0,0.13527,-1.48441,10.18015,0.039415,-0.020240,-0.008522,-9.161,-1.966,-5.470,-0.4666,0.0686,6.2231,-4.3482,1.0092,48.7160,-0.0011620,-0.0140798,-0.0071730,0.000000,0.000000,0.000000,0.00000,0.00000,0.000,0.000,0.000,0.000,0.000,-6.0000,0.0000,0.0000,6.0000,95.00,95.00,90.00,90.00,65535,65535,65535,1500,1,10,40.4365718,-86.8937428,155.800,-0.463,-0.269,0.000
17094,28189,30487,27498,0,0,-0.30885,-1.68073,11.04086,0.034088,-0.018109,-0.029827,-9.083,-1.791,-5.420,-0.4399,0.0627,6.2613,-4.2106,0.9722,48.8922,-0.0011785,-0.0142924,-0.0073055,0.000000,0.000000,0.000000,0.00000,0.00000,0.000,0.000,0.000,0.000,0.000,-6.0000,0.0000,0.0000,6.0000,95.00,95.00,90.00,90.00,65535,65535,65535,1500,1,10,40.4365718,-86.8937428,155.800,-0.463,-0.269,0.000
17136,22795,17575,14579,0,0,0.38666,-1.39223,10.68891,-0.012783,0.001065,-0.009587,-9.115,-1.826,-5.568,-0.4785,0.0687,6.2718,-4.4551,1.0317,49.2318,-0.0010983,-0.0142434,-0.0071626,0.000000,0.000000,0.000000,0.00000,0.00000,0.000,0.000,0.000,0.000,0.000,-6.0000,0.0000,0.0000,6.0000,95.00,95.00,90.00,90.00,65535,65535,65535,1500,1,10,40.4365718,-86.8937428,155.800,-0.463,-0.269,0.000
17188,33943,18176,15161,0,0,0.25019,-2.28048,10.66497,0.019175,0.010653,-0.025566,-9.143,-1.766,-5.681,-0.4989,0.0662,6.3183,-4.5866,1.0623,49.5577,-0.0009598,-0.0142554,-0.0070971,0.000000,0.000000,0.000000,0.00000,0.00000,0.000,0.000,0.000,0.000,0.000,-6.0000,0.0000,0.0000,6.0000,95.00,95.00,90.00,90.00,65535,65535,65535,1500,1,10,40.4365710,-86.8937432,155.800,-0.507,-0.251,0.000
17238,25806,18138,15134,0,0,0.41899,-1.70228,9.49301,-0.010653,0.008522,-0.020240,-9.226,-1.703,-5.764,-0.5073,0.0685,6.3244,-4.6615,1.0785,49.8750,-0.0008314,-0.0142769,-0.0070675,0.000000,0.000000,0.000000,0.00000,0.00000,0.000,0.000,0.000,0.000,0.000,-6.0000,0.0000,0.0000,6.0000,95.00,95.00,90.00,90.00,65535,65535,65535,1500,1,10,40.4365710,-86.8937432,155.800,-0.507,-0.251,0.000
17293,21253,18171,15162,0,0,0.09337,-1.78368,9.58878,0.079895,0.006392,-0.041545,-8.964,-1.609,-5.822,-0.4871,0.0726,6.3679,-4.5939,1.0583,50.2247,-0.0009281,-0.0143088,-0.0071347,0.000000,0.000000,0.000000,0.00000,0.00000,0.000,0.000,0.000,0.000,0.000,-6.0000,0.0000,0.0000,6.0000,95.00,95.00,90.00,90.00,65535,65535,65535,1500,1,10,40.4365708,-86.8937440,155.800,-0.420,-0.208,0.000
17337,19535,18135,15130,0,0,-0.72305,-1.65439,10.56920,0.010653,0.010653,-0.025566,-9.059,-1.353,-5.684,-0.4146,0.0595,6.3823,-4.2321,0.9653,50.5044,-0.0007259,-0.0144947,-0.0073920,0.000000,0.000000,0.000000,0.00000,0.00000,0.000,0.000,0.000,0.000,0.000,-6.0000,0.0000,0.0000,6.0000,95.00,95.00,90.00,90.00,65535,65535,65535,1500,1,10,40.4365708,-86.8937440,155.800,-0.420,-0.208,0.000
17405,39440,21304,18287,0,0,0.71108,-1.38385,9.91918,-0.007457,0.006392,-0.018109,-9.006,-1.318,-5.773,-0.4171,0.0633,6.4004,-4.3119,0.9826,50.9166,-0.0007700,-0.0144674,-0.0073580,0.000000,0.000000,0.000000,0.00000,0.00000,0.000,0.000,0.000,0.000,0.000,-6.0000,0.0000,0.0000,6.0000,95.00,95.00,90.00,90.00,65535,65535,65535,1500,1,11,40.4365710,-86.8937455,155.500,-0.337,-0.167,0.000
17435,21978,29748,21790,0,0,0.52792,-2.31759,10.12268,-0.012783,0.014914,-0.002131,-9.208,-1.347,-5.691,-0.3933,0.0607,6.4128,-4.1582,0.9438,51.0575,-0.0005284,-0.0143646,-0.0074186,0.000000,0.000000,0.000000,0.00000,0.00000,0.000,0.000,0.000,0.000,0.000,-6.0000,0.0000,0.0000,6.0000,95.00,95.00,90.00,90.00,65535,65535,65535,1500,1,11,40.4365710,-86.8937455,155.500,-0.337,-0.167,0.000
17492,29825,20614,15162,0,0,-0.24301,-1.25456,10.31901,0.038350,0.044741,-0.001065,-9.156,-0.995,-5.530,-0.3319,0.0437,6.4292,-3.8196,0.8562,51.4837,-0.0004207,-0.0145358,-0.0076605,0.000000,0.000000,0.000000,0.00000,0.00000,0.000,0.000,0.000,0.000,0.000,-6.0000,0.0000,0.0000,6.0000,95.00,95.00,90.00,90.00,65535,65535,65535,1500,1,11,40.4365710,-86.8937472,155.500,-0.378,-0.187,0.000
17531,26515,33271,30247,0,0,0.70509,-2.15837,9.83778,0.033023,0.047937,0.005326,-9.266,-1.039,-5.440,-0.3075,0.0388,6.4361,-3.6552,0.8148,51.6543,-0.0002129,-0.0143398,-0.0077077,0.000000,0.000000,0.000000,0.00000,0.00000,0.000,0.000,0.000,0.000,0.000,-6.0000,0.0000,0.0000,6.0000,95.00,95.00,90.00,90.00,65535,65535,65535,1500,1,11,40.4365710,-86.8937472,155.500,-0.378,-0.187,0.000
17589,36318,18322,15283,0,0,0.54109,-1.17555,9.26795,-0.017044,0.078830,0.019175,-9.132,-0.766,-5.737,-0.4064,0.0609,6.4488,-4.2591,0.9622,52.1221,-0.0003790,-0.0143187,-0.0073741,0.000000,0.000000,0.000000,0.00000,0.00000,0.000,0.000,0.000,0.000,0.000,-6.0000,0.0000,0.0000,6.0000,95.00,95.00,90.00,90.00,65535,65535,65535,1500,1,11,40.4365703,-86.8937483,155.500,-0.304,-0.151,0.000
17638,25143,18153,15164,0,0,-0.73981,-1.54905,10.18374,-0.006392,0.057524,0.007457,-9.012,-0.336,-5.986,-0.4821,0.0754,6.4764,-4.7787,1.0885,52.4419,-0.0005905,-0.0146514,-0.0071610,0.000000,0.000000,0.000000,0.00000,0.00000,0.000,0.000,0.000,0.000,0.000,-6.0000,0.0000,0.0000,6.0000,95.00,95.00,90.00,90.00,65535,65535,65535,1500,1,11,40.4365703,-86.8937483,155.500,-0.304,-0.151,0.000
17694,29930,18618,15251,0,0,0.26695,-1.54546,9.01776,-0.006392,0.028762,0.005326,-8.955,-0.335,-6.380,-0.6079,0.0990,6.4557,-5.5485,1.2768,52.7964,-0.0007496,-0.0145500,-0.0067225,0.000000,0.000000,0.000000,0.00000,0.00000,0.000,0.000,0.000,0.000,0.000,-6.0000,0.0000,0.0000,6.0000,95.00,95.00,90.00,90.00,65535,65535,65535,1500,1,11,40.4365702,-86.8937490,155.000,-0.378,-0.187,0.000
17743,24913,18164,15158,0,0,-0.03472,-1.23661,9.01297,0.015979,0.009587,-0.004261,-8.902,-0.302,-6.402,-0.6159,0.1002,6.4392,-5.6163,1.2911,53.1153,-0.0007483,-0.0144816,-0.0066881,0.000000,0.000000,0.000000,0.00000,0.00000,0.000,0.000,0.000,0.000,0.000,-6.0000,0.0000,0.0000,6.0000,95.00,95.00,90.00,90.00,65535,65535,65535,1500,1,11,40.4365702,-86.8937493,155.000,-0.281,-0.139,0.000
17787,19554,18141,15139,0,0,0.66918,-2.07338,8.40125,-0.012783,0.005326,0.002131,-9.228,-0.296,-5.251,-0.2738,0.0407,6.4100,-3.4978,0.7664,53.4035,-0.0002173,-0.0141097,-0.0078018,0.000000,0.000000,0.000000,0.00000,0.00000,0.000,0.000,0.000,0.000,0.000,-6.0000,0.0000,0.0000,6.0000,95.00,95.00,90.00,90.00,65535,65535,65535,1500,1,11,40.4365702,-86.8937493,154.900,-0.281,-0.139,0.000
17837,25436,18151,15130,0,0,0.25498,-1.83037,9.57322,0.066046,-0.002131,-0.001065,-9.145,-0.174,-4.988,-0.1979,0.0258,6.3760,-3.0658,0.6586,53.7211,-0.0001185,-0.0141426,-0.0080521,0.000000,0.000000,0.000000,0.00000,0.00000,0.000,0.000,0.000,0.000,0.000,-6.0000,0.0000,0.0000,6.0000,95.00,95.00,90.00,90.00,65535,65535,65535,1500,1,11,40.4365702,-86.8937493,154.900,-0.281,-0.139,0.000
17888,25976,18146,15146,0,0,0.02873,-0.98282,8.57723,0.022371,-0.008522,0.007457,-9.053,-0.129,-4.941,-0.1950,0.0251,6.3252,-3.0623,0.6566,54.0455,-0.0001276,-0.0141680,-0.0080673,0.000000,0.000000,0.000000,0.00000,0.00000,0.000,0.000,0.000,0.000,0.000,-6.0000,0.0000,0.0000,6.0000,95.00,95.00,90.00,90.00,65535,65535,65535,1500,1,11,40.4365700,-86.8937500,154.900,-0.415,-0.205,0.000
17944,28014,18190,15147,0,0,-0.26935,-1.71904,9.32542,0.014914,-0.007457,0.014914,-8.942,-0.204,-5.015,-0.2406,0.0331,6.2788,-3.3329,0.7217,54.3981,-0.0001530,-0.0140923,-0.0079051,0.000000,0.000000,0.000000,0.00000,0.00000,0.000,0.000,0.000,0.000,0.000,-6.0000,0.0000,0.0000,6.0000,95.00,95.00,90.00,90.00,65535,65535,65535,1500,1,11,40.4365702,-86.8937507,154.900,-0.208,-0.437,0.000
17989,19682,18128,15107,0,0,-0.11133,-2.02071,8.60117,0.267381,-0.027697,0.014914,-8.916,0.077,-3.807,0.1167,-0.0300,6.2436,-1.1673,0.1894,54.6800,0.0003431,-0.0141195,-0.0090733,0.000000,0.000000,0.000000,0.00000,0.00000,0.000,0.000,0.000,0.000,0.000,-6.0000,0.0000,0.0000,6.0000,95.00,95.00,90.00,90.00,65535,65535,65535,1500,1,11,40.4365702,-86.8937507,154.800,-0.208,-0.437,0.000
18056,39782,21540,18562,0,0,-0.00120,-1.52870,8.49702,-0.013848,-0.027697,0.018109,-8.788,0.115,-3.734,0.1074,-0.0326,6.1662,-1.2511,0.2099,55.0764,0.0002350,-0.0142193,-0.0090699,0.000000,0.000000,0.000000,0.00000,0.00000,0.000,0.000,0.000,0.000,0.000,-6.0000,0.0000,0.0000,6.0000,95.00,95.00,90.00,90.00,65535,65535,65535,1500,1,11,40.4365700,-86.8937510,154.800,-0.089,-0.548,0.000
18093,27843,30316,27317,0,0,1.06063,-1.98599,9.51097,0.034088,-0.017044,0.010653,-8.874,-0.268,-4.130,-0.0192,-0.0095,6.1630,-1.9497,0.3790,55.2470,0.0003763,-0.0138730,-0.0085433,0.000000,0.000000,0.000000,0.00000,0.00000,0.000,0.000,0.000,0.000,0.000,-6.0000,0.0000,0.0000,6.0000,95.00,95.00,90.00,90.00,65535,65535,65535,1500,1,11,40.4365700,-86.8937510,154.800,-0.089,-0.548,0.000
18145,24371,18166,15111,0,0,0.65841,-1.63285,9.02135,0.039415,-0.007457,0.012783,-8.798,-0.987,-5.330,-0.3968,0.0670,6.1346,-4.2543,0.9387,55.6409,0.0002604,-0.0132948,-0.0071072,0.000000,0.000000,0.000000,0.00000,0.00000,0.000,0.000,0.000,0.000,0.000,-6.0000,0.0000,0.0000,6.0000,95.00,95.00,90.00,90.00,65535,65535,65535,1500,1,11,40.4365700,-86.8937510,154.800,-0.089,-0.548,0.000
18190,20084,18149,15141,0,0,-0.12210,-1.78009,8.81545,0.003196,0.014914,0.020240,-8.841,-0.670,-4.725,-0.2178,0.0370,6.1155,-3.2041,0.6820,55.9179,0.0004229,-0.0134236,-0.0077120,0.000000,0.000000,0.000000,0.00000,0.00000,0.000,0.000,0.000,0.000,0.000,-6.0000,0.0000,0.0000,6.0000,95.00,95.00,90.00,90.00,65535,65535,65535,1500,1,11,40.4365703,-86.8937508,154.800,0.141,-0.569,0.000
18240,25907,18181,15161,0,0,0.27773,-1.19830,10.14064,0.031958,0.018109,0.018109,-8.665,-0.817,-5.238,-0.3974,0.0709,6.1071,-4.3000,0.9471,56.2232,0.0002619,-0.0132915,-0.0070994,0.000000,0.000000,0.000000,0.00000,0.00000,0.000,0.000,0.000,0.000,0.000,-6.0000,0.0000,0.0000,6.0000,95.00,95.00,90.00,90.00,65535,65535,65535,1500,1,11,40.4365703,-86.8937508,154.800,0.141,-0.569,0.000
18292,26650,18165,15174,0,0,-0.30765,-1.29766,8.98783,0.026632,0.020240,0.023436,-8.660,-0.586,-4.756,-0.2743,0.0489,6.0665,-3.5616,0.7669,56.5388,0.0003987,-0.0133475,-0.0075121,0.000000,0.000000,0.000000,0.00000,0.00000,0.000,0.000,0.000,0.000,0.000,-6.0000,0.0000,0.0000,6.0000,95.00,95.00,90.00,90.00,65535,65535,65535,1500,1,11,40.4365702,-86.8937505,154.800,0.231,-0.556,0.000
18346,29580,18245,15260,0,0,0.20111,-1.94649,9.91798,0.012783,0.014914,0.025566,-8.771,-0.479,-4.345,-0.1678,0.0265,6.0861,-2.8842,0.6010,56.8672,0.0006306,-0.0132486,-0.0078247,0.000000,0.000000,0.000000,0.00000,0.00000,0.000,0.000,0.000,0.000,0.000,-6.0000,0.0000,0.0000,6.0000,95.00,95.00,90.00,90.00,65535,65535,65535,1500,1,11,40.4365702,-86.8937510,154.800,0.271,-0.690,0.000
18390,19611,18142,15113,0,0,0.85353,-2.06859,9.98023,-0.020240,0.010653,0.027697,-8.988,-0.648,-4.216,-0.1518,0.0249,6.0761,-2.6942,0.5525,57.1348,0.0008743,-0.0129478,-0.0078063,0.000000,0.000000,0.000000,0.00000,0.00000,0.000,0.000,0.000,0.000,0.000,-6.0000,0.0000,0.0000,6.0000,95.00,95.00,90.00,90.00,65535,65535,65535,1500,1,11,40.4365702,-86.8937510,154.800,0.271,-0.690,0.000
18457,39851,21676,18684,0,0,-0.03352,-1.35751,10.31302,0.010653,-0.001065,0.024501,-9.100,-0.549,-3.745,-0.0420,0.0103,6.0915,-1.9852,0.3806,57.5246,0.0010649,-0.0129071,-0.0081528,0.000000,0.000000,0.000000,0.00000,0.00000,0.000,0.000,0.000,0.000,0.000,-6.0000,0.0000,0.0000,6.0000,95.00,95.00,90.00,90.00,65535,65535,65535,1500,1,11,40.4365707,-86.8937508,154.800,0.436,-0.692,0.000
18488,28046,24739,21728,0,0,-0.19273,-1.55623,9.81383,-0.038350,-0.015979,0.033023,-9.159,-0.446,-3.576,-0.0106,0.0047,6.0951,-1.8018,0.3369,57.6957,0.0010649,-0.0129951,-0.0082754,0.000000,0.000000,0.000000,0.00000,0.00000,0.000,0.000,0.000,0.000,0.000,-6.0000,0.0000,0.0000,6.0000,95.00,95.00,90.00,90.00,65535,65535,65535,1500,1,11,40.4365707,-86.8937508,154.800,0.436,-0.692,0.000
18560,43755,21191,15347,0,0,0.19632,-1.97043,10.35732,0.022371,-0.008522,0.024501,-9.053,-0.439,-3.447,-0.0173,0.0004,6.0999,-1.8479,0.3476,58.1494,0.0010826,-0.0129533,-0.0082358,0.000000,0.000000,0.000000,0.00000,0.00000,0.000,0.000,0.000,0.000,0.000,-6.0000,0.0000,0.0000,6.0000,95.00,95.00,90.00,90.00,65535,65535,65535,1500,1,11,40.4365697,-86.8937482,154.800,0.279,-0.376,0.000
18590,27544,24333,21345,0,0,-0.16640,-1.02352,10.65420,0.001065,-0.023436,0.039415,-8.873,-0.421,-3.653,-0.1095,0.0196,6.1237,-2.4638,0.4966,58.3171,0.0008500,-0.0130626,-0.0079818,0.000000,0.000000,0.000000,0.00000,0.00000,0.000,0.000,0.000,0.000,0.000,-6.0000,0.0000,0.0000,6.0000,95.00,95.00,90.00,90.00,65535,65535,65535,1500,1,11,40.4365697,-86.8937482,154.800,0.279,-0.376,0.000
18640,30183,18190,15181,0,0,0.78171,-1.43772,10.16937,-0.020240,-0.012783,0.031958,-8.960,-0.627,-3.743,-0.1815,0.0333,6.1496,-2.9175,0.6041,58.6577,0.0007905,-0.0128618,-0.0077097,0.000000,0.000000,0.000000,0.00000,0.00000,0.000,0.000,0.000,0.000,0.000,-6.0000,0.0000,0.0000,6.0000,95.00,95.00,90.00,90.00,65535,65535,65535,1500,1,11,40.4365697,-86.8937482,154.800,0.279,-0.376,0.000
18691,25902,18164,15161,0,0,-0.05746,-2.30083,10.76672,0.020240,-0.010653,0.035154,-9.183,-0.590,-3.273,-0.0756,0.0128,6.1988,-2.2200,0.4358,58.9732,0.0010336,-0.0127857,-0.0080151,0.000000,0.000000,0.000000,0.00000,0.00000,0.000,0.000,0.000,0.000,0.000,-6.0000,0.0000,0.0000,6.0000,95.00,95.00,90.00,90.00,65535,65535,65535,1500,1,11,40.4365695,-86.8937465,154.900,0.331,-0.421,0.000
18740,25393,18203,15171,0,0,0.26217,-1.89501,9.75757,0.055394,-0.003196,0.033023,-9.173,-0.452,-2.987,-0.0247,0.0038,6.1925,-1.9062,0.3606,59.2808,0.0011266,-0.0128407,-0.0081726,0.000000,0.000000,0.000000,0.00000,0.00000,0.000,0.000,0.000,0.000,0.000,-6.0000,0.0000,0.0000,6.0000,95.00,95.00,90.00,90.00,65535,65535,65535,1500,1,11,40.4365682,-86.8937437,154.900,0.210,-0.267,0.000
18789,19183,18077,15103,0,0,0.70749,-2.49835,9.83179,0.011718,0.003196,0.041545,-9.284,-0.467,-2.567,0.0688,-0.0080,6.2159,-1.2226,0.1956,59.5824,0.0014233,-0.0126541,-0.0084198,0.000000,0.000000,0.000000,0.00000,0.00000,0.000,0.000,0.000,0.000,0.000,-6.0000,0.0000,0.0000,6.0000,95.00,95.00,90.00,90.00,65535,65535,65535,1500,1,11,40.4365682,-86.8937437,155.100,0.210,-0.267,0.000
18838,25264,18213,15175,0,0,-0.48842,-1.74777,10.30345,-0.001065,-0.011718,0.031958,-9.240,-0.074,-2.304,0.1188,-0.0159,6.2589,-0.9782,0.1412,59.8908,0.0013407,-0.0130433,-0.0086650,0.000000,0.000000,0.000000,0.00000,0.00000,0.000,0.000,0.000,0.000,0.000,-6.0000,0.0000,0.0000,6.0000,95.00,95.00,90.00,90.00,65535,65535,65535,1500,1,11,40.4365682,-86.8937437,155.100,0.210,-0.267,0.000
18889,25903,18194,15161,0,0,0.69671,-2.21583,10.59674,0.009587,-0.012783,0.017044,-9.068,-0.180,-2.526,0.0191,0.0007,6.2939,-1.6255,0.2953,60.2096,0.0011559,-0.0129917,-0.0083504,0.000000,0.000000,0.000000,0.00000,0.00000,0.000,0.000,0.000,0.000,0.000,-6.0000,0.0000,0.0000,6.0000,95.00,95.00,90.00,90.00,65535,65535,65535,1500,1,12,40.4365672,-86.8937412,155.200,0.169,-0.214,0.000
18939,25522,18182,15162,0,0,0.11851,-2.37625,10.79186,0.005326,-0.039415,0.015979,-9.133,-0.377,-2.478,0.0075,0.0002,6.3305,-1.6516,0.2997,60.5232,0.0012349,-0.0128216,-0.0082705,0.000000,0.000000,0.000000,0.00000,0.00000,0.000,0.000,0.000,0.000,0.000,-6.0000,0.0000,0.0000,6.0000,95.00,95.00,90.00,90.00,65535,65535,65535,1500,1,12,40.4365670,-86.8937397,155.200,0.121,-0.154,0.000
18988,23738,18216,15261,0,0,0.06943,-1.90818,9.47386,-0.049002,-0.066046,0.017044,-9.539,-0.616,-2.170,0.0806,-0.0119,6.3232,-1.0862,0.1624,60.8319,0.0015856,-0.0126071,-0.0084123,0.000000,0.000000,0.000000,0.00000,0.00000,0.000,0.000,0.000,0.000,0.000,-6.0000,0.0000,0.0000,6.0000,95.00,95.00,90.00,90.00,65535,65535,65535,1500,1,11,40.4365670,-86.8937397,155.300,0.121,-0.154,0.000
19054,39648,26289,18390,0,0,-0.14245,-1.50236,10.41119,-0.030893,-0.067112,0.009587,-9.671,-0.942,-2.054,0.0733,-0.0070,6.3569,-1.0457,0.1532,61.2042,0.0015361,-0.0123790,-0.0084078,0.000000,0.000000,0.000000,0.00000,0.00000,0.000,0.000,0.000,0.000,0.000,-6.0000,0.0000,0.0000,6.0000,95.00,95.00,90.00,90.00,65535,65535,65535,1500,1,11,40.4365668,-86.8937378,155.300,0.057,-0.073,0.000
19092,33131,30320,27323,0,0,0.31005,-0.53510,9.85334,-0.074569,-0.055394,0.015979,-9.497,-1.038,-1.898,0.0855,0.0006,6.3568,-1.0708,0.1655,61.4149,0.0011543,-0.0123336,-0.0085355,0.000000,0.000000,0.000000,0.00000,0.00000,0.000,0.000,0.000,0.000,0.000,-6.0000,0.0000,0.0000,6.0000,95.00,95.00,90.00,90.00,65535,65535,65535,1500,1,11,40.4365668,-86.8937378,155.400,0.057,-0.073,0.000
19139,23777,17847,14851,0,0,0.06464,-1.41976,10.65539,-0.043676,-0.060720,0.012783,-9.623,-1.079,-2.018,0.0273,0.0057,6.4035,-1.4242,0.2492,61.7982,0.0011286,-0.0125151,-0.0083804,0.000000,0.000000,0.000000,0.00000,0.00000,0.000,0.000,0.000,0.000,0.000,-6.0000,0.0000,0.0000,6.0000,95.00,95.00,90.00,90.00,65535,65535,65535,1500,1,11,40.4365668,-86.8937378,155.400,0.057,-0.073,0.000
19183,20260,18148,15131,0,0,0.84635,-1.94289,9.78510,-0.077764,-0.055394,0.010653,-9.844,-1.281,-1.737,0.0921,-0.0042,6.4177,-0.9562,0.1394,62.0806,0.0012386,-0.0123348,-0.0085626,0.000000,0.000000,0.000000,0.00000,0.00000,0.000,0.000,0.000,0.000,0.000,-6.0000,0.0000,0.0000,6.0000,95.00,95.00,90.00,90.00,65535,65535,65535,1500,1,11,40.4365665,-86.8937360,155.600,0.070,-0.089,0.000
19238,26664,18160,15132,0,0,-0.13288,-1.71066,9.43316,0.023436,-0.066046,-0.007457,-9.879,-1.577,-1.228,0.2421,-0.0279,6.4560,-0.0179,-0.0777,62.4344,0.0013143,-0.0120140,-0.0089878,0.000000,0.000000,0.000000,0.00000,0.00000,0.000,0.000,0.000,0.000,0.000,-6.0000,0.0000,0.0000,6.0000,95.00,95.00,90.00,90.00,65535,65535,65535,1500,1,11,40.4365665,-86.8937360,155.600,0.070,-0.089,0.000
19289,26039,18178,15145,0,0,0.96965,-1.04986,9.20690,-0.030893,-0.043676,-0.001065,-9.834,-1.725,-0.423,0.4520,-0.0609,6.4500,1.2798,-0.3714,62.7658,0.0011369,-0.0117389,-0.0097144,0.000000,0.000000,0.000000,0.00000,0.00000,0.000,0.000,0.000,0.000,0.000,-6.0000,0.0000,0.0000,6.0000,95.00,95.00,90.00,90.00,65535,65535,65535,1500,1,11,40.4365663,-86.8937343,155.700,0.083,-0.105,0.000
19339,25474,18244,15199,0,0,-0.22984,-2.06500,10.57878,-0.015979,-0.018109,0.008522,-10.073,-1.854,-0.579,0.3966,-0.0534,6.4825,1.0548,-0.3235,63.0869,0.0014081,-0.0116531,-0.0094513,0.000000,0.000000,0.000000,0.00000,0.00000,0.000,0.000,0.000,0.000,0.000,-6.0000,0.0000,0.0000,6.0000,95.00,95.00,90.00,90.00,65535,65535,65535,1500,1,11,40.4365663,-86.8937343,155.700,0.083,-0.105,0.000
19384,19673,18132,15117,0,0,0.32801,-2.33435,10.83257,0.041545,-0.004261,-0.008522,-10.002,-1.736,-0.930,0.2927,-0.0363,6.5082,0.3904,-0.1688,63.3762,0.0013944,-0.0118868,-0.0091367,0.000000,0.000000,0.000000,0.00000,0.00000,0.000,0.000,0.000,0.000,0.000,-6.0000,0.0000,0.0000,6.0000,95.00,95.00,90.00,90.00,65535,65535,65535,1500,1,11,40.4365652,-86.8937317,155.900,0.083,-0.105,0.000
19447,32710,24950,15268,0,0,1.18872,-1.37906,10.15261,-0.013848,0.011718,-0.005326,-9.809,-1.861,-0.243,0.4898,-0.0617,6.5250,1.6010,-0.4413,63.7490,0.0012094,-0.0115016,-0.0097593,0.000000,0.000000,0.000000,0.00000,0.00000,0.000,0.000,0.000,0.000,0.000,-6.0000,0.0000,0.0000,6.0000,95.00,95.00,90.00,90.00,65535,65535,65535,1500,1,11,40.4365652,-86.8937290,155.900,0.519,-0.033,0.000
19488,31837,33258,30243,0,0,0.00599,-0.92416,10.52132,0.019175,-0.002131,-0.018109,-9.552,-1.749,-0.185,0.5001,-0.0560,6.5478,1.6156,-0.4373,63.9572,0.0009475,-0.0115988,-0.0098784,0.000000,0.000000,0.000000,0.00000,0.00000,0.000,0.000,0.000,0.000,0.000,-6.0000,0.0000,0.0000,6.0000,95.00,95.00,90.00,90.00,65535,65535,65535,1500,1,11,40.4365652,-86.8937290,156.000,0.519,-0.033,0.000
19563,37614,31294,28284,0,0,0.36871,-1.88543,10.48062,0.025566,0.050067,0.012783,-9.521,-1.505,-0.253,0.4720,-0.0581,6.5886,1.5115,-0.4113,64.4618,0.0010779,-0.0116733,-0.0097786,0.000000,0.000000,0.000000,0.00000,0.00000,0.000,0.000,0.000,0.000,0.000,-6.0000,0.0000,0.0000,6.0000,95.00,95.00,90.00,90.00,65535,65535,65535,1500,1,11,40.4365640,-86.8937265,156.200,-0.015,0.525,0.000
19593,37590,24274,21293,0,0,-0.35075,-1.27611,9.67257,0.045806,0.056459,0.009587,-9.326,-1.202,-0.368,0.4242,-0.0480,6.5861,1.1975,-0.3344,64.7090,0.0009602,-0.0118846,-0.0097007,0.000000,0.000000,0.000000,0.00000,0.00000,0.000,0.000,0.000,0.000,0.000,-6.0000,0.0000,0.0000,6.0000,95.00,95.00,90.00,90.00,65535,65535,65535,1500,1,11,40.4365640,-86.8937265,156.200,-0.015,0.525,0.000
19649,29875,19915,15258,0,0,-0.18794,-2.00395,9.27274,0.049002,0.042611,0.006392,-9.203,-0.903,-0.199,0.4749,-0.0543,6.5999,1.5358,-0.4073,65.1068,0.0010408,-0.0119354,-0.0098669,0.000000,0.000000,0.000000,0.00000,0.00000,0.000,0.000,0.000,0.000,0.000,-6.0000,0.0000,0.0000,6.0000,95.00,95.00,90.00,90.00,65535,65535,65535,1500,1,11,40.4365627,-86.8937240,156.200,-0.502,0.480,0.000
19700,25817,17995,14986,0,0,0.68594,-1.49638,9.33260,0.022371,0.042611,-0.009587,-9.244,-0.988,-0.137,0.4904,-0.0577,6.5954,1.7669,-0.4627,65.4544,0.0011373,-0.0116020,-0.0098379,0.000000,0.000000,0.000000,0.00000,0.00000,0.000,0.000,0.000,0.000,0.000,-6.0000,0.0000,0.0000,6.0000,95.00,95.00,90.00,90.00,65535,65535,65535,1500,1,11,40.4365627,-86.8937240,156.300,-0.502,0.480,0.000
19750,31109,18149,15146,0,0,0.19154,-1.03310,10.07001,0.009587,0.033023,-0.001065,-9.043,-0.690,-0.388,0.4129,-0.0417,6.6271,1.1814,-0.3236,65.7835,0.0009588,-0.0118599,-0.0096448,0.000000,0.000000,0.000000,0.00000,0.00000,0.000,0.000,0.000,0.000,0.000,-6.0000,0.0000,0.0000,6.0000,95.00,95.00,90.00,90.00,65535,65535,65535,1500,1,11,40.4365620,-86.8937207,156.300,-0.524,0.407,0.000
19794,19587,18103,15102,0,0,0.53630,-2.34512,10.64223,0.026632,0.013848,0.000000,-9.177,-0.591,0.050,0.5442,-0.0582,6.6451,2.0904,-0.5267,66.0791,0.0011779,-0.0117703,-0.0100335,0.000000,0.000000,0.000000,0.00000,0.00000,0.000,0.000,0.000,0.000,0.000,-6.0000,0.0000,0.0000,6.0000,95.00,95.00,90.00,90.00,65535,65535,65535,1500,1,11,40.4365620,-86.8937207,156.500,-0.524,0.407,0.000
19850,29891,20360,15285,0,0,-0.40103,-1.53229,9.86291,0.014914,-0.017044,-0.011718,-9.064,-0.320,-0.009,0.5193,-0.0541,6.6481,1.8618,-0.4655,66.4375,0.0010724,-0.0121059,-0.0100405,0.000000,0.000000,0.000000,0.00000,0.00000,0.000,0.000,0.000,0.000,0.000,-6.0000,0.0000,0.0000,6.0000,95.00,95.00,90.00,90.00,65535,65535,65535,1500,1,11,40.4365605,-86.8937173,156.500,-0.784,0.453,0.000
19882,27044,24889,21894,0,0,0.50518,-1.50356,9.61511,-0.003196,-0.026632,-0.017044,-9.060,-0.485,-0.100,0.4935,-0.0508,6.6461,1.7452,-0.4406,66.6170,0.0010559,-0.0119658,-0.0099275,0.000000,0.000000,0.000000,0.00000,0.00000,0.000,0.000,0.000,0.000,0.000,-6.0000,0.0000,0.0000,6.0000,95.00,95.00,90.00,90.00,65535,65535,65535,1500,1,11,40.4365605,-86.8937173,156.700,-0.784,0.453,0.000
19931,24781,18159,15140,0,0,1.18752,-1.99198,10.77151,0.027697,-0.038350,-0.042611,-9.059,-0.948,-0.315,0.4446,-0.0420,6.7025,1.5249,-0.3946,66.9902,0.0009910,-0.0115965,-0.0096926,0.000000,0.000000,0.000000,0.00000,0.00000,0.000,0.000,0.000,0.000,0.000,-6.0000,0.0000,0.0000,6.0000,95.00,95.00,90.00,90.00,65535,65535,65535,1500,1,11,40.4365605,-86.8937173,156.700,-0.784,0.453,0.000
19995,18917,18036,15052,0,0,1.19231,-1.15640,9.17338,-0.060720,-0.049002,-0.042611,-9.125,-1.664,-0.210,0.4667,-0.0473,6.7139,1.8750,-0.4754,67.4180,0.0008281,-0.0109337,-0.0097151,0.000000,0.000000,0.000000,0.00000,0.00000,0.000,0.000,0.000,0.000,0.000,-6.0000,0.0000,0.0000,6.0000,95.00,95.00,90.00,90.00,65535,65535,65535,1500,1,11,40.4365605,-86.8937158,156.900,-0.662,0.308,0.000
20034,23989,33182,30214,0,0,-0.02634,-1.52989,10.10952,-0.077764,-0.049002,-0.041545,-9.199,-1.655,-0.374,0.4277,-0.0418,6.7237,1.6067,-0.4132,67.5789,0.0007882,-0.0110440,-0.0096132,0.000000,0.000000,0.000000,0.00000,0.00000,0.000,0.000,0.000,0.000,0.000,-6.0000,0.0000,0.0000,6.0000,95.00,95.00,90.00,90.00,65535,65535,65535,1500,1,11,40.4365605,-86.8937158,156.900,-0.662,0.308,0.000
20103,37336,20658,15021,0,0,1.36709,-1.47124,9.79707,-0.049002,-0.035154,-0.051133,-9.314,-2.014,0.114,0.6145,-0.0581,6.7569,2.7904,-0.6683,68.1286,0.0006917,-0.0106418,-0.0101449,0.000000,0.000000,0.000000,0.00000,0.00000,0.000,0.000,0.000,0.000,0.000,-6.0000,0.0000,0.0000,6.0000,95.00,95.00,90.00,90.00,65535,65535,65535,1500,1,11,40.4365607,-86.8937150,156.900,-0.485,0.171,0.000
20132,21390,28783,20789,0,0,-0.07781,-1.64362,9.79947,-0.052198,-0.030893,-0.045806,-9.374,-1.967,-0.203,0.5353,-0.0474,6.7593,2.2593,-0.5496,68.2724,0.0006865,-0.0107999,-0.0099027,0.000000,0.000000,0.000000,0.00000,0.00000,0.000,0.000,0.000,0.000,0.000,-6.0000,0.0000,0.0000,6.0000,95.00,95.00,90.00,90.00,65535,65535,65535,1500,1,11,40.4365607,-86.8937150,156.900,-0.485,0.171,0.000
20195,19564,18073,15072,0,0,0.19393,-1.67474,10.82538,0.050067,-0.034088,-0.067112,-9.189,-1.897,-1.120,0.3097,-0.0178,6.8243,0.7180,-0.2010,68.7704,0.0004115,-0.0112139,-0.0092946,0.000000,0.000000,0.000000,0.00000,0.00000,0.000,0.000,0.000,0.000,0.000,-6.0000,0.0000,0.0000,6.0000,95.00,95.00,90.00,90.00,65535,65535,65535,1500,1,11,40.4365602,-86.8937133,157.300,-0.529,0.080,0.000
20245,25865,18195,15166,0,0,0.69791,-1.58017,10.20169,0.051133,-0.034088,-0.058590,-9.287,-1.962,-1.540,0.2354,-0.0064,6.8285,0.3035,-0.1147,69.1114,0.0006638,-0.0113148,-0.0089991,0.000000,0.000000,0.000000,0.00000,0.00000,0.000,0.000,0.000,0.000,0.000,-6.0000,0.0000,0.0000,6.0000,95.00,95.00,90.00,90.00,65535,65535,65535,1500,1,11,40.4365602,-86.8937133,157.300,-0.529,0.080,0.000
20300,20955,18174,15154,0,0,-0.53271,-1.66397,10.12628,0.017044,-0.012783,-0.052198,-9.221,-1.813,-2.038,0.1350,0.0086,6.8508,-0.4252,0.0501,69.4853,0.0006257,-0.0116284,-0.0087292,0.000000,0.000000,0.000000,0.00000,0.00000,0.000,0.000,0.000,0.000,0.000,-6.0000,0.0000,0.0000,6.0000,95.00,95.00,90.00,90.00,65535,65535,65535,1500,1,10,40.4365597,-86.8937108,157.500,-0.544,0.035,0.000
20350,26123,18154,15138,0,0,0.57820,-1.84234,9.39126,-0.015979,-0.007457,-0.055394,-9.324,-1.877,-2.130,0.1500,0.0062,6.8468,-0.2825,0.0181,69.8310,0.0007137,-0.0115677,-0.0087464,0.000000,0.000000,0.000000,0.00000,0.00000,0.000,0.000,0.000,0.000,0.000,-6.0000,0.0000,0.0000,6.0000,95.00,95.00,90.00,90.00,65535,65535,65535,1500,1,10,40.4365598,-86.8937090,157.500,-0.354,0.023,0.000
20394,24588,18114,15132,0,0,0.79727,-1.94888,10.77032,0.012783,0.270577,-0.041545,-9.197,-1.506,-2.047,0.2174,-0.0061,6.8806,0.1019,-0.0583,70.1314,0.0005471,-0.0114926,-0.0089849,0.000000,0.000000,0.000000,0.00000,0.00000,0.000,0.000,0.000,0.000,0.000,-6.0000,0.0000,0.0000,6.0000,95.00,95.00,90.00,90.00,65535,65535,65535,1500,1,10,40.4365598,-86.8937090,157.500,-0.354,0.023,0.000
20444,26142,18167,15153,0,0,-0.64045,-2.22062,10.80383,-0.042611,-0.003196,-0.059655,-9.210,-1.285,-2.824,0.0168,0.0182,6.9246,-1.2655,0.2416,70.4766,0.0004419,-0.0118862,-0.0084348,0.000000,0.000000,0.000000,0.00000,0.00000,0.000,0.000,0.000,0.000,0.000,-6.0000,0.0000,0.0000,6.0000,95.00,95.00,90.00,90.00,65535,65535,65535,1500,1,10,40.4365595,-86.8937073,157.500,-0.488,0.015,0.000
20501,30154,20033,15003,0,0,-0.08619,-1.94050,10.59554,-0.014914,-0.013848,-0.037284,-9.174,-1.191,-3.193,-0.0649,0.0269,6.9426,-1.8266,0.3648,70.8575,0.0004138,-0.0120663,-0.0082149,0.000000,0.000000,0.000000,0.00000,0.00000,0.000,0.000,0.000,0.000,0.000,-6.0000,0.0000,0.0000,6.0000,95.00,95.00,90.00,90.00,65535,65535,65535,1500,1,10,40.4365595,-86.8937073,157.900,-0.488,0.015,0.000
20540,20749,38279,30276,0,0,0.47046,-1.82438,9.76236,-0.010653,-0.008522,-0.046872,-9.257,-1.232,-3.023,0.0011,0.0192,6.9453,-1.3547,0.2624,71.0021,0.0004996,-0.0119723,-0.0083990,0.000000,0.000000,0.000000,0.00000,0.00000,0.000,0.000,0.000,0.000,0.000,-6.0000,0.0000,0.0000,6.0000,95.00,95.00,90.00,90.00,65535,65535,65535,1500,1,10,40.4365595,-86.8937073,157.900,-0.488,0.015,0.000
20614,39231,33207,25297,0,0,0.45729,-1.73939,9.70849,-0.014914,-0.023436,-0.037284,-9.428,-1.218,-3.373,-0.0721,0.0296,6.9627,-1.8260,0.3649,71.5526,0.0004684,-0.0120789,-0.0082028,0.000000,0.000000,0.000000,0.00000,0.00000,0.000,0.000,0.000,0.000,0.000,-6.0000,0.0000,0.0000,6.0000,95.00,95.00,90.00,90.00,65535,65535,65535,1500,1,10,40.4365592,-86.8937057,157.900,-0.560,-0.031,0.000
20646,34215,30474,26645,0,0,0.35195,-1.71664,9.34936,-0.007457,-0.028762,-0.051133,-9.493,-1.283,-3.299,-0.0239,0.0225,6.9526,-1.4958,0.2942,71.7910,0.0005303,-0.0120220,-0.0083330,0.000000,0.000000,0.000000,0.00000,0.00000,0.000,0.000,0.000,0.000,0.000,-6.0000,0.0000,0.0000,6.0000,95.00,95.00,90.00,90.00,65535,65535,65535,1500,1,10,40.4365592,-86.8937057,157.900,-0.560,-0.031,0.000
20703,34795,19935,14883,0,0,0.69791,-1.30005,9.20930,-0.054328,-0.010653,-0.024501,-9.652,-1.395,-3.016,0.0868,0.0073,6.9746,-0.7535,0.1381,72.2603,0.0005730,-0.0118685,-0.0086478,0.000000,0.000000,0.000000,0.00000,0.00000,0.000,0.000,0.000,0.000,0.000,-6.0000,0.0000,0.0000,6.0000,95.00,95.00,90.00,90.00,65535,65535,65535,1500,1,10,40.4365595,-86.8937042,158.400,-0.365,-0.020,0.000
20733,20606,29711,21638,0,0,-0.44891,-1.66517,10.50336,-0.052198,-0.009587,-0.026632,-9.664,-1.302,-3.639,-0.0906,0.0286,6.9913,-1.9822,0.3982,72.4027,0.0005036,-0.0121162,-0.0081251,0.000000,0.000000,0.000000,0.00000,0.00000,0.000,0.000,0.000,0.000,0.000,-6.0000,0.0000,0.0000,6.0000,95.00,95.00,90.00,90.00,65535,65535,65535,1500,1,10,40.4365595,-86.8937042,158.400,-0.365,-0.020,0.000
20796,18984,17892,14921,0,0,0.63805,-1.62207,9.71567,-0.033023,0.000000,-0.028762,-9.720,-1.231,-4.207,-0.2416,0.0501,7.0066,-2.9802,0.6091,72.9274,0.0004486,-0.0123225,-0.0077126,0.000000,0.000000,0.000000,0.00000,0.00000,0.000,0.000,0.000,0.000,0.000,-6.0000,0.0000,0.0000,6.0000,95.00,95.00,90.00,90.00,65535,65535,65535,1500,1,10,40.4365590,-86.8937020,158.400,-0.426,-0.024,0.000
20846,25431,18167,15142,0,0,0.49321,-1.76094,9.53850,-0.033023,-0.009587,-0.008522,-9.997,-1.252,-3.682,-0.0728,0.0303,7.0135,-1.8093,0.3619,73.2730,0.0006453,-0.0121549,-0.0081852,0.000000,0.000000,0.000000,0.00000,0.00000,0.000,0.000,0.000,0.000,0.000,-6.0000,0.0000,0.0000,6.0000,95.00,95.00,90.00,90.00,65535,65535,65535,1500,1,10,40.4365583,-86.8937008,158.400,-0.565,-0.158,0.000
20896,26126,17961,14959,0,0,-0.36990,-1.23421,10.15141,0.012783,-0.008522,-0.007457,-9.849,-1.148,-4.867,-0.4386,0.0749,7.0310,-4.3318,0.8897,73.6252,0.0003557,-0.0125259,-0.0071400,0.000000,0.000000,0.000000,0.00000,0.00000,0.000,0.000,0.000,0.000,0.000,-6.0000,0.0000,0.0000,6.0000,95.00,95.00,90.00,90.00,65535,65535,65535,1500,1,10,40.4365583,-86.8937008,158.400,-0.565,-0.158,0.000
20950,26345,18208,15182,0,0,0.32082,-1.44729,10.00417,0.013848,-0.017044,0.007457,-9.743,-1.219,-4.520,-0.3483,0.0652,7.0530,-3.7838,0.7791,74.0045,0.0002245,-0.0123768,-0.0074247,0.000000,0.000000,0.000000,0.00000,0.00000,0.000,0.000,0.000,0.000,0.000,-6.0000,0.0000,0.0000,6.0000,95.00,95.00,90.00,90.00,65535,65535,65535,1500,1,10,40.4365572,-86.8936985,158.400,-0.567,-0.129,0.000
20994,19639,18126,15113,0,0,0.28132,-1.78129,9.53850,0.011718,-0.031958,0.002131,-9.809,-1.320,-3.970,-0.1878,0.0465,7.0832,-2.6778,0.5479,74.3175,0.0003561,-0.0121837,-0.0078697,0.000000,0.000000,0.000000,0.00000,0.00000,0.000,0.000,0.000,0.000,0.000,-6.0000,0.0000,0.0000,6.0000,95.00,95.00,90.00,90.00,65535,65535,65535,1500,1,10,40.4365572,-86.8936985,158.400,-0.567,-0.129,0.000
21033,24016,33151,30191,0,0,0.35195,-1.84234,9.99340,0.019175,-0.033023,0.000000,-9.816,-1.362,-3.860,-0.1582,0.0430,7.0919,-2.4687,0.5040,74.4879,0.0003955,-0.0121455,-0.0079479,0.000000,0.000000,0.000000,0.00000,0.00000,0.000,0.000,0.000,0.000,0.000,-6.0000,0.0000,0.0000,6.0000,95.00,95.00,90.00,90.00,65535,65535,65535,1500,1,10,40.4365572,-86.8936985,158.400,-0.567,-0.129,0.000
21097,31692,25298,17413,0,0,0.25618,-1.60412,9.85334,-0.021305,-0.025566,0.013848,-9.746,-1.337,-4.266,-0.3081,0.0656,7.1157,-3.4943,0.7198,74.9955,0.0002586,-0.0123574,-0.0075755,0.000000,0.000000,0.000000,0.00000,0.00000,0.000,0.000,0.000,0.000,0.000,-6.0000,0.0000,0.0000,6.0000,95.00,95.00,90.00,90.00,65535,65535,65535,1500,1,10,40.4365568,-86.8936963,158.400,-0.521,-0.063,0.000
21148,23859,17992,14987,0,0,-0.43455,-1.40061,9.89045,-0.076699,-0.017044,0.008522,-9.894,-1.358,-4.348,-0.3413,0.0659,7.1238,-3.7727,0.7757,75.4148,0.0002493,-0.0123857,-0.0074562,0.000000,0.000000,0.000000,0.00000,0.00000,0.000,0.000,0.000,0.000,0.000,-6.0000,0.0000,0.0000,6.0000,95.00,95.00,90.00,90.00,65535,65535,65535,1500,1,10,40.4365568,-86.8936963,158.400,-0.521,-0.063,0.000
21193,20215,18142,15152,0,0,0.30167,-2.16077,10.35013,-0.018109,-0.021305,0.013848,-10.053,-1.323,-4.691,-0.4585,0.0803,7.1461,-4.5643,0.9331,75.7325,0.0003193,-0.0125335,-0.0070968,0.000000,0.000000,0.000000,0.00000,0.00000,0.000,0.000,0.000,0.000,0.000,-6.0000,0.0000,0.0000,6.0000,95.00,95.00,90.00,90.00,65535,65535,65535,1500,1,10,40.4365568,-86.8936952,159.300,-0.521,-0.066,0.000
21243,25672,18220,15186,0,0,-0.01437,-2.47082,9.76834,-0.005326,-0.027697,0.007457,-10.221,-1.309,-5.167,-0.6149,0.0966,7.1495,-5.6123,1.1393,76.0882,0.0004184,-0.0127143,-0.0066152,0.000000,0.000000,0.000000,0.00000,0.00000,0.000,0.000,0.000,0.000,0.000,-6.0000,0.0000,0.0000,6.0000,95.00,95.00,90.00,90.00,65535,65535,65535,1500,1,10,40.4365568,-86.8936952,159.300,-0.521,-0.066,0.000
21294,26167,18177,15168,0,0,0.57461,-1.88783,9.72764,-0.079895,-0.017044,0.006392,-10.299,-1.324,-5.081,-0.6005,0.0949,7.1438,-5.5635,1.1293,76.4545,0.0004076,-0.0127133,-0.0066610,0.000000,0.000000,0.000000,0.00000,0.00000,0.000,0.000,0.000,0.000,0.000,-6.0000,0.0000,0.0000,6.0000,95.00,95.00,90.00,90.00,65535,65535,65535,1500,1,10,40.4365572,-86.8936938,159.500,-0.316,-0.040,0.000
21354,34860,24063,15285,0,0,-0.03591,-1.82917,9.80426,-0.009587,-0.024501,0.011718,-10.302,-1.348,-5.002,-0.6001,0.0932,7.1408,-5.5739,1.1314,76.8399,0.0003695,-0.0127119,-0.0066863,0.000000,0.000000,0.000000,0.00000,0.00000,0.000,0.000,0.000,0.000,0.000,-6.0000,0.0000,0.0000,6.0000,95.00,95.00,90.00,90.00,65535,65535,65535,1500,1,10,40.4365572,-86.8936938,159.500,-0.316,-0.040,0.000
21386,30803,24818,21813,0,0,0.64763,-1.19950,9.72764,-0.031958,-0.025566,0.010653,-10.213,-1.396,-4.453,-0.4510,0.0805,7.1407,-4.6586,0.9556,77.0611,0.0002117,-0.0125621,-0.0071528,0.000000,0.000000,0.000000,0.00000,0.00000,0.000,0.000,0.000,0.000,0.000,-6.0000,0.0000,0.0000,6.0000,95.00,95.00,90.00,90.00,65535,65535,65535,1500,1,10,40.4365570,-86.8936923,159.700,-0.316,-0.040,0.000
21449,19547,18124,15093,0,0,0.40941,-1.73460,10.32380,-0.058590,-0.017044,0.001065,-10.091,-1.328,-4.836,-0.5810,0.0903,7.1791,-5.6647,1.1618,77.5597,0.0000428,-0.0127576,-0.0068202,0.000000,0.000000,0.000000,0.00000,0.00000,0.000,0.000,0.000,0.000,0.000,-6.0000,0.0000,0.0000,6.0000,95.00,95.00,90.00,90.00,65535,65535,65535,1500,1,10,40.4365573,-86.8936912,159.700,-0.291,-0.037,0.000
21500,26001,18069,15038,0,0,0.04429,-1.90219,10.39084,-0.007457,-0.027697,-0.003196,-10.017,-1.342,-4.793,-0.5784,0.0903,7.2014,-5.7138,1.1749,77.9244,-0.0000634,-0.0127683,-0.0068566,0.000000,0.000000,0.000000,0.00000,0.00000,0.000,0.000,0.000,0.000,0.000,-6.0000,0.0000,0.0000,6.0000,95.00,95.00,90.00,90.00,65535,65535,65535,1500,1,10,40.4365573,-86.8936912,159.900,-0.291,-0.037,0.000
21538,18838,38081,30220,0,0,0.19393,-1.96564,9.62230,-0.026632,-0.034088,0.004261,-10.113,-1.366,-4.865,-0.6011,0.0939,7.2016,-5.8516,1.1982,78.0599,0.0000108,-0.0127835,-0.0067710,0.000000,0.000000,0.000000,0.00000,0.00000,0.000,0.000,0.000,0.000,0.000,-6.0000,0.0000,0.0000,6.0000,95.00,95.00,90.00,90.00,65535,65535,65535,1500,1,10,40.4365573,-86.8936912,159.900,-0.291,-0.037,0.000
21586,48907,36440,30433,0,0,-0.05148,-1.23421,9.92037,-0.031958,-0.026632,-0.007457,-10.051,-1.349,-5.016,-0.6615,0.1142,7.2100,-6.3271,1.2989,78.4119,-0.0001636,-0.0128798,-0.0066612,0.000000,0.000000,0.000000,0.00000,0.00000,0.000,0.000,0.000,0.000,0.000,-6.0000,0.0000,0.0000,6.0000,95.00,95.00,90.00,90.00,65535,65535,65535,1500,1,10,40.4365572,-86.8936898,159.900,-0.342,-0.044,0.000
21651,39122,25137,20573,0,0,0.26456,-1.55384,10.29986,-0.009587,-0.039415,-0.006392,-9.955,-1.412,-5.151,-0.7201,0.1239,7.2343,-6.7977,1.3935,78.9645,-0.0002285,-0.0129766,-0.0065246,0.000000,0.000000,0.000000,0.00000,0.00000,0.000,0.000,0.000,0.000,0.000,-6.0000,0.0000,0.0000,6.0000,95.00,95.00,90.00,90.00,65535,65535,65535,1500,1,10,40.4365572,-86.8936898,159.900,-0.342,-0.044,0.000
21683,26848,29747,21750,0,0,0.02993,-1.84713,10.36929,-0.024501,-0.049002,-0.009587,-9.994,-1.435,-5.347,-0.7810,0.1305,7.2537,-7.2366,1.4788,79.1585,-0.0002310,-0.0130554,-0.0063547,0.000000,0.000000,0.000000,0.00000,0.00000,0.000,0.000,0.000,0.000,0.000,-6.0000,0.0000,0.0000,6.0000,95.00,95.00,90.00,90.00,65535,65535,65535,1500,1,10,40.4365572,-86.8936890,160.400,-0.342,-0.044,0.000
21732,30221,18180,15165,0,0,-0.17478,-1.45567,10.33936,-0.026632,-0.059655,-0.007457,-9.936,-1.448,-5.704,-0.9058,0.1476,7.3109,-8.2087,1.6761,79.6028,-0.0003799,-0.0132920,-0.0060692,0.000000,0.000000,0.000000,0.00000,0.00000,0.000,0.000,0.000,0.000,0.000,-6.0000,0.0000,0.0000,6.0000,95.00,95.00,90.00,90.00,65535,65535,65535,1500,1,10,40.4365572,-86.8936890,160.400,-0.342,-0.044,0.000
21787,29436,18259,15291,0,0,-0.25259,-1.97282,10.39203,-0.030893,-0.056459,0.004261,-9.914,-1.334,-6.657,-1.2217,0.1830,7.3495,-10.5359,2.1354,79.9998,-0.0005857,-0.0137545,-0.0052467,0.000000,0.000000,0.000000,0.00000,0.00000,0.000,0.000,0.000,0.000,0.000,-6.0000,0.0000,0.0000,6.0000,95.00,95.00,90.00,90.00,65535,65535,65535,1500,1,10,40.4365570,-86.8936877,160.500,-0.347,-0.044,0.000
21850,19667,18109,15096,0,0,0.45610,-1.43173,10.01495,-0.002131,-0.044741,0.017044,-9.819,-1.411,-6.118,-1.0928,0.1686,7.3632,-9.7987,2.0004,80.4666,-0.0007051,-0.0136938,-0.0056637,0.000000,0.000000,0.000000,0.00000,0.00000,0.000,0.000,0.000,0.000,0.000,-6.0000,0.0000,0.0000,6.0000,95.00,95.00,90.00,90.00,65535,65535,65535,1500,1,10,40.4365565,-86.8936858,160.700,-0.429,-0.055,0.000
21900,25832,17858,14849,0,0,1.11570,-1.70946,9.11712,-0.044741,-0.049002,0.023436,-9.785,-1.471,-5.221,-0.8534,0.1435,7.3462,-8.2978,1.7243,80.8378,-0.0008373,-0.0135435,-0.0064046,0.000000,0.000000,0.000000,0.00000,0.00000,0.000,0.000,0.000,0.000,0.000,-6.0000,0.0000,0.0000,6.0000,95.00,95.00,90.00,90.00,65535,65535,65535,1500,1,10,40.4365565,-86.8936858,160.700,-0.429,-0.055,0.000
21949,30965,18194,15184,0,0,0.05267,-2.23618,10.75595,-0.049002,-0.070307,0.010653,-9.777,-1.485,-5.448,-0.9533,0.1473,7.3924,-9.1164,1.8889,81.2009,-0.0009839,-0.0137452,-0.0061772,0.000000,0.000000,0.000000,0.00000,0.00000,0.000,0.000,0.000,0.000,0.000,-6.0000,0.0000,0.0000,6.0000,95.00,95.00,90.00,90.00,65535,65535,65535,1500,1,10,40.4365560,-86.8936838,160.700,-0.556,-0.010,0.000
22006,29522,20466,15007,0,0,0.21428,-1.61249,10.04368,0.019175,-0.060720,0.022371,-9.591,-1.468,-5.439,-0.9932,0.1539,7.4107,-9.5696,1.9879,81.6044,-0.0011552,-0.0139444,-0.0061432,0.000000,0.000000,0.000000,0.00000,0.00000,0.000,0.000,0.000,0.000,0.000,-6.0000,0.0000,0.0000,6.0000,95.00,95.00,90.00,90.00,65535,65535,65535,1500,1,10,40.4365560,-86.8936838,161.000,-0.556,-0.010,0.000
22045,26245,33353,30307,0,0,0.19513,-1.60052,9.67018,0.027697,-0.047937,0.026632,-9.541,-1.497,-5.406,-1.0009,0.1549,7.4106,-9.6563,2.0044,81.7989,-0.0011641,-0.0139642,-0.0061268,0.000000,0.000000,0.000000,0.00000,0.00000,0.000,0.000,0.000,0.000,0.000,-6.0000,0.0000,0.0000,6.0000,95.00,95.00,90.00,90.00,65535,65535,65535,1500,1,10,40.4365560,-86.8936838,161.000,-0.556,-0.010,0.000
22082,37138,33255,30240,0,0,0.48842,-1.63165,9.78989,-0.058590,-0.055394,0.033023,-9.660,-1.593,-5.072,-0.9271,0.1477,7.4155,-9.2027,1.9184,82.0748,-0.0011639,-0.0138920,-0.0063295,0.000000,0.000000,0.000000,0.00000,0.00000,0.000,0.000,0.000,0.000,0.000,-6.0000,0.0000,0.0000,6.0000,95.00,95.00,90.00,90.00,65535,65535,65535,1500,1,10,40.4365557,-86.8936813,161.000,-0.533,0.136,0.000
22133,29681,17601,14604,0,0,-0.14844,-1.07260,9.80306,0.037284,-0.086286,0.024501,-9.388,-1.593,-4.597,-0.8494,0.1448,7.4168,-8.8862,1.8807,82.5665,-0.0013359,-0.0140853,-0.0066707,0.000000,0.000000,0.000000,0.00000,0.00000,0.000,0.000,0.000,0.000,0.000,-6.0000,0.0000,0.0000,6.0000,95.00,95.00,90.00,90.00,65535,65535,65535,1500,1,10,40.4365557,-86.8936813,161.000,-0.533,0.136,0.000
22200,19725,18131,15113,0,0,0.19393,-0.50039,10.25796,0.014914,-0.062851,0.028762,-9.144,-1.715,-2.500,-0.2838,0.0841,7.4321,-5.2109,1.2257,83.0685,-0.0015497,-0.0138016,-0.0083989,0.000000,0.000000,0.000000,0.00000,0.00000,0.000,0.000,0.000,0.000,0.000,-6.0000,0.0000,0.0000,6.0000,95.00,95.00,90.00,90.00,65535,65535,65535,1500,1,10,40.4365557,-86.8936800,161.500,-0.476,0.149,0.000
22248,19601,18034,15053,0,0,0.66918,-1.37427,10.77032,0.049002,-0.047937,0.034088,-9.094,-1.772,-1.706,-0.0958,0.0656,7.4587,-3.9681,1.0060,83.4254,-0.0016174,-0.0136927,-0.0089705,0.000000,0.000000,0.000000,0.00000,0.00000,0.000,0.000,0.000,0.000,0.000,-6.0000,0.0000,0.0000,6.0000,95.00,95.00,90.00,90.00,65535,65535,65535,1500,1,10,40.4365557,-86.8936800,161.500,-0.476,0.149,0.000
22299,26718,18177,15176,0,0,0.25977,-1.47962,9.97903,0.056459,-0.026632,0.031958,-8.861,-1.735,-1.432,-0.0562,0.0625,7.4663,-3.7541,0.9766,83.8058,-0.0016594,-0.0137481,-0.0091168,0.000000,0.000000,0.000000,0.00000,0.00000,0.000,0.000,0.000,0.000,0.000,-6.0000,0.0000,0.0000,6.0000,95.00,95.00,90.00,90.00,65535,65535,65535,1500,1,10,40.4365558,-86.8936785,161.700,-0.446,0.188,0.000
22349,25903,18141,15139,0,0,-0.13048,-1.70587,9.61152,0.042611,-0.027697,0.027697,-8.808,-1.635,-1.666,-0.1651,0.0728,7.4703,-4.5377,1.1247,84.1804,-0.0016084,-0.0139350,-0.0088225,0.000000,0.000000,0.000000,0.00000,0.00000,0.000,0.000,0.000,0.000,0.000,-6.0000,0.0000,0.0000,6.0000,95.00,95.00,90.00,90.00,65535,65535,65535,1500,1,10,40.4365558,-86.8936785,161.700,-0.446,0.188,0.000
22400,25688,18173,15150,0,0,-0.07063,-1.26414,8.99741,0.072438,-0.024501,0.024501,-8.667,-1.480,-1.625,-0.1885,0.0764,7.4266,-4.7926,1.1825,84.5567,-0.0015864,-0.0141284,-0.0087956,0.000000,0.000000,0.000000,0.00000,0.00000,0.000,0.000,0.000,0.000,0.000,-6.0000,0.0000,0.0000,6.0000,95.00,95.00,90.00,90.00,65535,65535,65535,1500,1,10,40.4365560,-86.8936768,161.700,-0.404,0.266,0.000
22448,23700,18219,15260,0,0,0.58179,-1.27731,8.62391,0.089482,-0.025566,0.036219,-8.670,-1.581,-2.188,-0.3879,0.0943,7.3893,-6.0791,1.4017,84.9107,-0.0014493,-0.0141647,-0.0081676,0.000000,0.000000,0.000000,0.00000,0.00000,0.000,0.000,0.000,0.000,0.000,-6.0000,0.0000,0.0000,6.0000,95.00,95.00,90.00,90.00,65535,65535,65535,1500,1,10,40.4365560,-86.8936768,161.700,-0.404,0.266,0.000
22499,26250,18173,15146,0,0,0.29329,-1.50835,9.38886,0.028762,-0.030893,0.038350,-8.790,-1.737,-2.862,-0.6213,0.1137,7.3740,-7.5756,1.6507,85.2881,-0.0012583,-0.0141740,-0.0074190,0.000000,0.000000,0.000000,0.00000,0.00000,0.000,0.000,0.000,0.000,0.000,-6.0000,0.0000,0.0000,6.0000,95.00,95.00,90.00,90.00,65535,65535,65535,1500,1,10,40.4365567,-86.8936760,162.200,-0.256,0.199,0.000
22539,19126,38219,30270,0,0,-0.10056,-1.22344,8.89326,-0.002131,-0.009587,0.045806,-8.754,-1.568,-2.518,-0.5360,0.1065,7.3584,-7.1093,1.5801,85.4299,-0.0012865,-0.0142874,-0.0077072,0.000000,0.000000,0.000000,0.00000,0.00000,0.000,0.000,0.000,0.000,0.000,-6.0000,0.0000,0.0000,6.0000,95.00,95.00,90.00,90.00,65535,65535,65535,1500,1,10,40.4365567,-86.8936760,162.200,-0.256,0.199,0.000
22603,37638,25579,17534,0,0,0.29928,-1.37667,9.15423,0.045806,-0.012783,0.037284,-8.581,-1.742,-2.448,-0.5705,0.1098,7.3118,-7.3532,1.6120,85.9942,-0.0013365,-0.0140874,-0.0075331,0.000000,0.000000,0.000000,0.00000,0.00000,0.000,0.000,0.000,0.000,0.000,-6.0000,0.0000,0.0000,6.0000,95.00,95.00,90.00,90.00,65535,65535,65535,1500,1,10,40.4365567,-86.8936760,162.200,-0.256,0.199,0.000
22658,24198,24937,15257,0,0,-0.11013,-1.52989,10.24120,0.037284,-0.005326,0.038350,-8.227,-1.652,-2.481,-0.6147,0.1100,7.3198,-7.6664,1.6622,86.4019,-0.0011494,-0.0141698,-0.0073856,0.000000,0.000000,0.000000,0.00000,0.00000,0.000,0.000,0.000,0.000,0.000,-6.0000,0.0000,0.0000,6.0000,95.00,95.00,90.00,90.00,65535,65535,65535,1500,1,10,40.4365580,-86.8936745,162.700,-0.061,0.047,0.000
22697,31173,33101,30118,0,0,0.23343,-1.45448,9.89164,0.077764,-0.003196,0.035154,-8.102,-1.602,-2.377,-0.6052,0.1089,7.3258,-7.6227,1.6553,86.6303,-0.0011324,-0.0141840,-0.0074164,0.000000,0.000000,0.000000,0.00000,0.00000,0.000,0.000,0.000,0.000,0.000,-6.0000,0.0000,0.0000,6.0000,95.00,95.00,90.00,90.00,65535,65535,65535,1500,1,10,40.4365580,-86.8936745,162.700,-0.061,0.047,0.000
22732,34092,28504,25533,0,0,0.73622,-1.65439,9.16979,0.006392,-0.009587,0.031958,-8.176,-1.854,-3.103,-0.8367,0.1234,7.3090,-9.1030,1.8901,86.8772,-0.0010734,-0.0140451,-0.0066580,0.000000,0.000000,0.000000,0.00000,0.00000,0.000,0.000,0.000,0.000,0.000,-6.0000,0.0000,0.0000,6.0000,95.00,95.00,90.00,90.00,65535,65535,65535,1500,1,10,40.4365580,-86.8936745,162.700,-0.061,0.047,0.000
22789,30691,19413,15248,0,0,0.70150,-2.02310,9.97664,0.035154,-0.005326,0.029827,-8.050,-1.870,-3.206,-0.9051,0.1294,7.3190,-9.5634,1.9602,87.3954,-0.0010026,-0.0140198,-0.0064398,0.000000,0.000000,0.000000,0.00000,0.00000,0.000,0.000,0.000,0.000,0.000,-6.0000,0.0000,0.0000,6.0000,95.00,95.00,90.00,90.00,65535,65535,65535,1500,1,10,40.4365587,-86.8936740,162.700,-0.203,0.158,0.000
22832,19190,18156,15139,0,0,-0.01796,-1.34434,9.40562,0.039415,0.005326,0.025566,-8.094,-1.448,-2.267,-0.6372,0.1103,7.3146,-7.8808,1.6857,87.7261,-0.0007666,-0.0142438,-0.0072566,0.000000,0.000000,0.000000,0.00000,0.00000,0.000,0.000,0.000,0.000,0.000,-6.0000,0.0000,0.0000,6.0000,95.00,95.00,90.00,90.00,65535,65535,65535,1500,1,10,40.4365587,-86.8936740,162.700,-0.203,0.158,0.000
22887,25877,18162,15135,0,0,0.96127,-1.62087,10.13466,0.061785,0.002131,0.013848,-8.051,-1.529,-2.707,-0.7835,0.1180,7.3389,-8.7949,1.8239,88.1255,-0.0006082,-0.0141899,-0.0067818,0.000000,0.000000,0.000000,0.00000,0.00000,0.000,0.000,0.000,0.000,0.000,-6.0000,0.0000,0.0000,6.0000,95.00,95.00,90.00,90.00,65535,65535,65535,1500,1,10,40.4365583,-86.8936727,163.100,-0.138,0.107,0.000
22936,24682,18161,15139,0,0,1.11570,-2.25534,10.84095,0.093743,-0.003196,0.009587,-7.928,-1.663,-3.245,-0.9507,0.1273,7.3520,-9.8790,1.9880,88.4820,-0.0004720,-0.0141225,-0.0062320,0.000000,0.000000,0.000000,0.00000,0.00000,0.000,0.000,0.000,0.000,0.000,-6.0000,0.0000,0.0000,6.0000,95.00,95.00,90.00,90.00,65535,65535,65535,1500,1,10,40.4365583,-86.8936727,163.100,-0.138,0.107,0.000
22987,25770,18152,15144,0,0,0.16520,-1.13365,9.24641,0.052198,-0.005326,0.021305,-7.889,-1.743,-3.543,-1.0528,0.1351,7.3197,-10.5486,2.0870,88.8544,-0.0003740,-0.0140768,-0.0059005,0.000000,0.000000,0.000000,0.00000,0.00000,0.000,0.000,0.000,0.000,0.000,-6.0000,0.0000,0.0000,6.0000,95.00,95.00,90.00,90.00,65535,65535,65535,1500,1,10,40.4365587,-86.8936718,163.200,-0.223,0.174,0.000
23048,36894,18213,15221,0,0,0.93374,-1.81480,10.65300,0.029827,0.006392,-0.003196,-7.795,-2.352,-5.624,-1.6697,0.1698,7.3789,-14.6202,2.7185,89.2974,-0.0003735,-0.0137721,-0.0039670,0.000000,0.000000,0.000000,0.00000,0.00000,0.000,0.000,0.000,0.000,0.000,-6.0000,0.0000,0.0000,6.0000,95.00,95.00,90.00,90.00,65535,65535,65535,1500,1,10,40.4365575,-86.8936705,163.200,-0.081,0.063,0.000
23089,28398,30206,22367,0,0,1.36709,-1.62566,10.33218,0.049002,0.020240,-0.006392,-7.706,-2.782,-7.101,-2.1068,0.1952,7.3983,-17.5002,3.1642,89.5024,-0.0004094,-0.0135553,-0.0026146,0.000000,0.000000,0.000000,0.00000,0.00000,0.000,0.000,0.000,0.000,0.000,-6.0000,0.0000,0.0000,6.0000,95.00,95.00,90.00,90.00,65535,65535,65535,1500,1,10,40.4365575,-86.8936705,163.200,-0.081,0.063,0.000
23137,24436,17828,14820,0,0,-0.01915,-1.80762,9.04889,-0.010653,0.022371,0.003196,-8.202,-2.551,-6.676,-1.9587,0.1761,7.3988,-16.5211,2.9754,89.9552,0.0000414,-0.0135636,-0.0029679,0.000000,0.000000,0.000000,0.00000,0.00000,0.000,0.000,0.000,0.000,0.000,-6.0000,0.0000,0.0000,6.0000,95.00,95.00,90.00,90.00,65535,65535,65535,1500,1,10,40.4365575,-86.8936705,163.200,-0.081,0.063,0.000
23188,26543,18200,15170,0,0,1.01035,-1.93212,9.52054,-0.046872,0.036219,0.001065,-8.550,-2.672,-7.114,-2.0824,0.1809,7.4051,-17.2913,3.0680,90.3246,0.0002393,-0.0133656,-0.0025359,0.000000,0.000000,0.000000,0.00000,0.00000,0.000,0.000,0.000,0.000,0.000,-6.0000,0.0000,0.0000,6.0000,95.00,95.00,90.00,90.00,65535,65535,65535,1500,1,11,40.4365583,-86.8936703,163.300,-0.244,0.190,0.000
23232,19647,18115,15107,0,0,0.91818,-1.77291,9.61751,-0.040480,0.035154,-0.009587,-8.537,-2.399,-6.791,-1.9755,0.1768,7.4011,-16.7193,2.9803,90.6515,0.0001973,-0.0134716,-0.0028811,0.000000,0.000000,0.000000,0.00000,0.00000,0.000,0.000,0.000,0.000,0.000,-6.0000,0.0000,0.0000,6.0000,95.00,95.00,90.00,90.00,65535,65535,65535,1500,1,11,40.4365583,-86.8936703,163.300,-0.244,0.190,0.000
23291,30337,22042,15271,0,0,1.46645,-2.10331,9.83658,-0.028762,0.035154,-0.007457,-8.980,-2.404,-6.501,-1.8618,0.1607,7.4437,-15.8802,2.8075,91.0628,0.0005679,-0.0132284,-0.0031025,0.000000,0.000000,0.000000,0.00000,0.00000,0.000,0.000,0.000,0.000,0.000,-6.0000,0.0000,0.0000,6.0000,95.00,95.00,90.00,90.00,65535,65535,65535,1500,1,11,40.4365582,-86.8936695,163.500,-0.154,0.120,0.000
23341,25887,18169,15154,0,0,0.31484,-0.91937,9.60434,-0.042611,0.038350,-0.019175,-8.899,-2.179,-6.979,-1.9960,0.1722,7.4427,-17.0247,3.0037,91.4652,0.0002982,-0.0134173,-0.0027886,0.000000,0.000000,0.000000,0.00000,0.00000,0.000,0.000,0.000,0.000,0.000,-6.0000,0.0000,0.0000,6.0000,95.00,95.00,90.00,90.00,65535,65535,65535,1500,1,11,40.4365582,-86.8936695,163.500,-0.154,0.120,0.000
23392,26011,18174,15146,0,0,0.18196,-1.41138,9.83897,-0.023436,0.034088,-0.029827,-8.881,-2.185,-7.452,-2.1138,0.1791,7.4465,-17.9335,3.1405,91.8436,0.0001818,-0.0133553,-0.0024549,0.000000,0.000000,0.000000,0.00000,0.00000,0.000,0.000,0.000,0.000,0.000,-6.0000,0.0000,0.0000,6.0000,95.00,95.00,90.00,90.00,65535,65535,65535,1500,1,11,40.4365580,-86.8936688,163.500,-0.154,0.120,0.000
23435,18977,18167,15143,0,0,0.63805,-2.18471,10.88763,-0.006392,0.026632,-0.036219,-8.803,-2.037,-8.087,-2.2840,0.1920,7.4658,-19.3015,3.3655,92.1644,-0.0000245,-0.0135344,-0.0020172,0.000000,0.000000,0.000000,0.00000,0.00000,0.000,0.000,0.000,0.000,0.000,-6.0000,0.0000,0.0000,6.0000,95.00,95.00,90.00,90.00,65535,65535,65535,1500,1,11,40.4365580,-86.8936688,163.500,-0.154,0.120,0.000
23492,29734,19935,15295,0,0,-0.28252,-1.58975,10.35133,-0.058590,0.007457,-0.026632,-8.881,-1.660,-8.020,-2.2316,0.1923,7.4679,-19.1316,3.3435,92.5739,0.0000284,-0.0138329,-0.0022156,0.000000,0.000000,0.000000,0.00000,0.00000,0.000,0.000,0.000,0.000,0.000,-6.0000,0.0000,0.0000,6.0000,95.00,95.00,90.00,90.00,65535,65535,65535,1500,1,11,40.4365578,-86.8936682,163.600,-0.049,0.038,0.000
23531,26181,33163,30174,0,0,0.44412,-1.56581,10.29507,0.002131,0.003196,-0.039415,-8.864,-1.686,-8.113,-2.2424,0.1927,7.4840,-19.2576,3.3577,92.7695,0.0000147,-0.0137946,-0.0021796,0.000000,0.000000,0.000000,0.00000,0.00000,0.000,0.000,0.000,0.000,0.000,-6.0000,0.0000,0.0000,6.0000,95.00,95.00,90.00,90.00,65535,65535,65535,1500,1,11,40.4365578,-86.8936682,163.600,-0.049,0.038,0.000
23596,37911,20301,17277,0,0,0.41659,-1.74298,10.14782,0.018109,-0.003196,-0.044741,-8.756,-1.933,-8.279,-2.2363,0.1879,7.4745,-19.3641,3.3460,93.3520,0.0000252,-0.0135182,-0.0021188,0.000000,0.000000,0.000000,0.00000,0.00000,0.000,0.000,0.000,0.000,0.000,-6.0000,0.0000,0.0000,6.0000,95.00,95.00,90.00,90.00,65535,65535,65535,1500,1,11,40.4365573,-86.8936680,163.600,-0.349,0.272,0.000
23647,25777,18150,15133,0,0,0.51116,-1.88663,10.06163,0.053263,-0.017044,-0.046872,-8.820,-1.848,-7.891,-2.0678,0.1770,7.4863,-18.2595,3.1585,93.7445,0.0002282,-0.0135059,-0.0025642,0.000000,0.000000,0.000000,0.00000,0.00000,0.000,0.000,0.000,0.000,0.000,-6.0000,0.0000,0.0000,6.0000,95.00,95.00,90.00,90.00,65535,65535,65535,1500,1,11,40.4365577,-86.8936678,163.600,-0.134,0.104,0.000
23702,23825,24793,15178,0,0,-0.36871,-1.16238,9.21169,-0.047937,-0.021305,-0.029827,-8.660,-1.514,-8.121,-2.1211,0.1836,7.4799,-18.9683,3.2968,94.1090,0.0000535,-0.0139216,-0.0025147,0.000000,0.000000,0.000000,0.00000,0.00000,0.000,0.000,0.000,0.000,0.000,-6.0000,0.0000,0.0000,6.0000,95.00,95.00,90.00,90.00,65535,65535,65535,1500,1,12,40.4365577,-86.8936678,163.900,-0.134,0.104,0.000
23741,30861,33285,30312,0,0,0.67995,-1.62566,10.70208,0.033023,-0.027697,-0.037284,-8.599,-1.659,-8.254,-2.1417,0.1835,7.5118,-19.1514,3.3132,94.3401,0.0000518,-0.0138195,-0.0024289,0.000000,0.000000,0.000000,0.00000,0.00000,0.000,0.000,0.000,0.000,0.000,-6.0000,0.0000,0.0000,6.0000,95.00,95.00,90.00,90.00,65535,65535,65535,1500,1,12,40.4365577,-86.8936678,163.900,-0.134,0.104,0.000
23802,35065,18333,15319,0,0,0.14365,-1.28928,10.28788,0.026632,-0.045806,-0.036219,-8.748,-1.882,-7.992,-2.0138,0.1626,7.5392,-18.3266,3.1555,94.9079,0.0002762,-0.0136914,-0.0027111,0.000000,0.000000,0.000000,0.00000,0.00000,0.000,0.000,0.000,0.000,0.000,-6.0000,0.0000,0.0000,6.0000,95.00,95.00,90.00,90.00,65535,65535,65535,1500,1,12,40.4365575,-86.8936675,163.900,-0.142,0.111,0.000
23832,24413,23991,20989,0,0,0.70150,-2.60848,10.77989,0.021305,-0.038350,-0.041545,-8.969,-1.967,-7.760,-1.9137,0.1540,7.5705,-17.5306,3.0059,95.0935,0.0005489,-0.0135877,-0.0029135,0.000000,0.000000,0.000000,0.00000,0.00000,0.000,0.000,0.000,0.000,0.000,-6.0000,0.0000,0.0000,6.0000,95.00,95.00,90.00,90.00,65535,65535,65535,1500,1,12,40.4365575,-86.8936675,163.900,-0.142,0.111,0.000
23904,23106,22134,15022,0,0,0.38786,-1.79685,9.26436,0.046872,-0.017044,-0.029827,-8.911,-1.677,-7.486,-1.7985,0.1531,7.5842,-16.9481,2.9290,95.6539,0.0006188,-0.0138950,-0.0033027,0.000000,0.000000,0.000000,0.00000,0.00000,0.000,0.000,0.000,0.000,0.000,-6.0000,0.0000,0.0000,6.0000,95.00,95.00,90.00,90.00,65535,65535,65535,1500,1,12,40.4365573,-86.8936667,163.900,-0.097,0.076,0.000
23934,28019,24893,21892,0,0,-0.09697,-1.80164,9.67856,-0.015979,-0.026632,-0.015979,-9.022,-1.559,-7.309,-1.7347,0.1494,7.5852,-16.5642,2.8705,95.8671,0.0007107,-0.0140025,-0.0034851,0.000000,0.000000,0.000000,0.00000,0.00000,0.000,0.000,0.000,0.000,0.000,-6.0000,0.0000,0.0000,6.0000,95.00,95.00,90.00,90.00,65535,65535,65535,1500,1,12,40.4365573,-86.8936667,163.900,-0.097,0.076,0.000
23986,25884,18220,15177,0,0,0.50757,-0.94571,10.18015,0.039415,-0.018109,-0.023436,-8.970,-1.383,-7.288,-1.7162,0.1488,7.5818,-16.6179,2.8909,96.3055,0.0006584,-0.0141953,-0.0035980,0.000000,0.000000,0.000000,0.00000,0.00000,0.000,0.000,0.000,0.000,0.000,-6.0000,0.0000,0.0000,6.0000,95.00,95.00,90.00,90.00,65535,65535,65535,1500,1,12,40.4365575,-86.8936655,163.900,-0.219,0.171,0.000
24052,34227,25806,17772,0,0,0.25857,-0.66200,9.62708,-0.001065,-0.008522,-0.033023,-8.754,-1.458,-7.650,-1.8131,0.1618,7.5885,-17.4989,3.0325,96.7495,0.0003844,-0.0141551,-0.0033800,0.000000,0.000000,0.000000,0.00000,0.00000,0.000,0.000,0.000,0.000,0.000,-6.0000,0.0000,0.0000,6.0000,95.00,95.00,90.00,90.00,65535,65535,65535,1500,1,12,40.4365575,-86.8936655,163.900,-0.219,0.171,0.000
24083,32708,24327,21308,0,0,1.51792,-1.42335,9.71208,-0.015979,-0.006392,-0.021305,-8.757,-1.839,-7.858,-1.8597,0.1614,7.5900,-17.7873,3.0457,96.9971,0.0003553,-0.0137806,-0.0031620,0.000000,0.000000,0.000000,0.00000,0.00000,0.000,0.000,0.000,0.000,0.000,-6.0000,0.0000,0.0000,6.0000,95.00,95.00,90.00,90.00,65535,65535,65535,1500,1,12,40.4365577,-86.8936645,164.400,-0.219,0.171,0.000
24136,25071,17507,14510,0,0,0.43215,-2.65158,9.91918,-0.015979,0.011718,-0.026632,-8.900,-1.684,-7.652,-1.7548,0.1584,7.5883,-17.0880,2.9254,97.4496,0.0005763,-0.0138183,-0.0034179,0.000000,0.000000,0.000000,0.00000,0.00000,0.000,0.000,0.000,0.000,0.000,-6.0000,0.0000,0.0000,6.0000,95.00,95.00,90.00,90.00,65535,65535,65535,1500,1,12,40.4365577,-86.8936645,164.400,-0.219,0.171,0.000
24185,31244,18216,15170,0,0,0.83558,-1.20787,8.34499,-0.008522,0.015979,-0.011718,-8.771,-1.779,-7.932,-1.8339,0.1587,7.5354,-17.7407,3.0149,97.8189,0.0004281,-0.0136837,-0.0031974,0.000000,0.000000,0.000000,0.00000,0.00000,0.000,0.000,0.000,0.000,0.000,-6.0000,0.0000,0.0000,6.0000,95.00,95.00,90.00,90.00,65535,65535,65535,1500,1,12,40.4365573,-86.8936632,164.400,-0.250,0.384,0.000
24235,30162,18176,15173,0,0,-0.91578,-0.94930,9.80904,0.013848,-0.009587,-0.021305,-8.766,-1.625,-7.842,-1.7988,0.1657,7.5358,-17.5568,2.9907,98.1919,0.0004712,-0.0138000,-0.0033377,0.000000,0.000000,0.000000,0.00000,0.00000,0.000,0.000,0.000,0.000,0.000,-6.0000,0.0000,0.0000,6.0000,95.00,95.00,90.00,90.00,65535,65535,65535,1500,1,12,40.4365573,-86.8936632,164.400,-0.250,0.384,0.000
24298,19015,18052,15051,0,0,-0.26576,-1.69749,9.47625,-0.011718,-0.024501,-0.014914,-8.767,-1.569,-7.824,-1.7694,0.1648,7.5222,-17.5021,2.9808,98.6714,0.0005094,-0.0138777,-0.0034201,0.000000,0.000000,0.000000,0.00000,0.00000,0.000,0.000,0.000,0.000,0.000,-6.0000,0.0000,0.0000,6.0000,95.00,95.00,90.00,90.00,65535,65535,65535,1500,1,11,40.4365582,-86.8936633,164.700,-0.157,0.241,0.000
24333,28033,24961,16981,0,0,-0.24780,-1.11570,9.59716,0.011718,-0.030893,-0.010653,-8.649,-1.456,-7.860,-1.7858,0.1686,7.5177,-17.7787,3.0391,98.8821,0.0004015,-0.0140312,-0.0034337,0.000000,0.000000,0.000000,0.00000,0.00000,0.000,0.000,0.000,0.000,0.000,-6.0000,0.0000,0.0000,6.0000,95.00,95.00,90.00,90.00,65535,65535,65535,1500,1,11,40.4365582,-86.8936633,164.700,-0.157,0.241,0.000
24383,25896,18152,15157,0,0,0.45849,-0.70150,10.25437,0.004261,-0.025566,-0.021305,-8.477,-1.699,-8.116,-1.8542,0.1712,7.5288,-18.3743,3.1179,99.3102,0.0002510,-0.0138813,-0.0032419,0.000000,0.000000,0.000000,0.00000,0.00000,0.000,0.000,0.000,0.000,0.000,-6.0000,0.0000,0.0000,6.0000,95.00,95.00,90.00,90.00,65535,65535,65535,1500,1,11,40.4365582,-86.8936633,164.700,-0.157,0.241,0.000
24433,30383,18168,15166,0,0,0.27414,-1.29766,9.38527,-0.019175,-0.024501,-0.011718,-8.678,-1.819,-8.070,-1.8223,0.1725,7.5233,-18.1055,3.0525,99.6830,0.0004354,-0.0137993,-0.0032720,0.000000,0.000000,0.000000,0.00000,0.00000,0.000,0.000,0.000,0.000,0.000,-6.0000,0.0000,0.0000,6.0000,95.00,95.00,90.00,90.00,65535,65535,65535,1500,1,11,40.4365582,-86.8936633,164.700,-0.157,0.241,0.000
24496,18923,18018,15044,0,0,-0.00718,-0.96247,10.02572,-0.044741,0.011718,-0.033023,-8.714,-2.085,-8.328,-1.8725,0.1708,7.5278,-18.4509,3.0754,100.1613,0.0003617,-0.0134845,-0.0030930,0.000000,0.000000,0.000000,0.00000,0.00000,0.000,0.000,0.000,0.000,0.000,-6.0000,0.0000,0.0000,6.0000,95.00,95.00,90.00,90.00,65535,65535,65535,1500,1,11,40.4365595,-86.8936627,165.000,-0.163,0.250,0.000
24535,18959,38056,30201,0,0,0.67277,-2.07817,10.09036,-0.005326,0.034088,-0.045806,-8.858,-2.091,-8.195,-1.8079,0.1684,7.5375,-17.9255,2.9828,100.3049,0.0005103,-0.0133946,-0.0032237,0.000000,0.000000,0.000000,0.00000,0.00000,0.000,0.000,0.000,0.000,0.000,-6.0000,0.0000,0.0000,6.0000,95.00,95.00,90.00,90.00,65535,65535,65535,1500,1,11,40.4365595,-86.8936627,165.000,-0.163,0.250,0.000
24584,48811,37535,30379,0,0,0.32561,-1.94529,9.18296,-0.004261,0.033023,-0.049002,-9.023,-1.943,-8.076,-1.7192,0.1519,7.5168,-17.3104,2.8814,100.6733,0.0006761,-0.0133814,-0.0034349,0.000000,0.000000,0.000000,0.00000,0.00000,0.000,0.000,0.000,0.000,0.000,-6.0000,0.0000,0.0000,6.0000,95.00,95.00,90.00,90.00,65535,65535,65535,1500,1,11,40.4365597,-86.8936617,165.000,-0.300,0.461,0.000
24635,32375,18203,15172,0,0,-0.34955,-1.62087,10.34894,-0.035154,0.051133,-0.062851,-9.302,-1.434,-8.607,-1.8045,0.1537,7.5718,-18.0198,2.9865,101.2087,0.0007444,-0.0137213,-0.0032835,0.000000,0.000000,0.000000,0.00000,0.00000,0.000,0.000,0.000,0.000,0.000,-6.0000,0.0000,0.0000,6.0000,95.00,95.00,90.00,90.00,65535,65535,65535,1500,1,11,40.4365597,-86.8936617,165.000,-0.300,0.461,0.000
24699,18971,18018,15039,0,0,0.64284,-2.35230,10.07360,-0.047937,0.003196,-0.088417,-9.622,-1.193,-8.314,-1.6045,0.1452,7.5960,-16.6643,2.7883,101.6945,0.0009839,-0.0137494,-0.0037935,0.000000,0.000000,0.000000,0.00000,0.00000,0.000,0.000,0.000,0.000,0.000,-6.0000,0.0000,0.0000,6.0000,95.00,95.00,90.00,90.00,65535,65535,65535,1500,1,11,40.4365597,-86.8936610,165.200,-0.160,0.246,0.000
24750,26512,18189,15155,0,0,-0.44891,-1.36350,10.58237,-0.039415,-0.041545,-0.103331,-9.374,-1.177,-10.324,-2.1624,0.1778,7.6327,-20.9183,3.3975,102.0723,0.0006039,-0.0142298,-0.0024262,0.000000,0.000000,0.000000,0.00000,0.00000,0.000,0.000,0.000,0.000,0.000,-6.0000,0.0000,0.0000,6.0000,95.00,95.00,90.00,90.00,65535,65535,65535,1500,1,11,40.4365597,-86.8936610,165.200,-0.081,0.125,0.000
24798,28667,38218,30387,0,0,-0.46926,-1.40779,9.97185,-0.089482,-0.057524,-0.119310,-9.427,-1.203,-11.229,-2.3924,0.1923,7.6395,-22.6731,3.6427,102.2885,0.0005005,-0.0144556,-0.0018598,0.000000,0.000000,0.000000,0.00000,0.00000,0.000,0.000,0.000,0.000,0.000,-6.0000,0.0000,0.0000,6.0000,95.00,95.00,90.00,90.00,65535,65535,65535,1500,1,11,40.4365597,-86.8936610,165.400,-0.081,0.125,0.000
24832,39276,32592,26584,0,0,0.41779,-2.54623,10.22324,-0.019175,-0.069242,-0.110788,-9.697,-1.336,-10.976,-2.2328,0.1699,7.6676,-21.5152,3.4608,102.5910,0.0007479,-0.0143919,-0.0022292,0.000000,0.000000,0.000000,0.00000,0.00000,0.000,0.000,0.000,0.000,0.000,-6.0000,0.0000,0.0000,6.0000,95.00,95.00,90.00,90.00,65535,65535,65535,1500,1,11,40.4365597,-86.8936610,165.400,-0.081,0.125,0.000
24895,18943,18048,15052,0,0,-0.26576,-0.78889,10.78468,-0.085221,-0.041545,-0.105461,-9.706,-1.534,-11.654,-2.3073,0.1706,7.6906,-22.3113,3.5711,103.1870,0.0005888,-0.0144146,-0.0020619,0.000000,0.000000,0.000000,0.00000,0.00000,0.000,0.000,0.000,0.000,0.000,-6.0000,0.0000,0.0000,6.0000,95.00,95.00,90.00,90.00,65535,65535,65535,1500,1,11,40.4365595,-86.8936602,165.400,-0.076,0.116,0.000
24948,28252,18185,15153,0,0,0.11253,-1.66756,10.01016,-0.028762,0.007457,-0.111853,-9.534,-1.427,-13.711,-2.8580,0.2000,7.6901,-26.5924,4.1640,103.5825,0.0002449,-0.0148699,-0.0007085,0.000000,0.000000,0.000000,0.00000,0.00000,0.000,0.000,0.000,0.000,0.000,-6.0000,0.0000,0.0000,6.0000,95.00,95.00,90.00,90.00,65535,65535,65535,1500,1,11,40.4365598,-86.8936605,165.400,-0.118,0.181,0.000
25006,29874,21370,15072,0,0,-0.07302,-2.66834,10.92714,0.036219,0.013848,-0.113983,-9.672,-1.353,-13.829,-2.7737,0.1891,7.7536,-26.0216,4.0613,104.0065,0.0004756,-0.0148880,-0.0008992,0.000000,0.000000,0.000000,0.00000,0.00000,0.000,0.000,0.000,0.000,0.000,-6.0000,0.0000,0.0000,6.0000,95.00,95.00,90.00,90.00,65535,65535,65535,1500,1,11,40.4365598,-86.8936605,165.600,-0.118,0.181,0.000
25045,27277,33312,30305,0,0,-0.49201,-1.54426,9.62469,0.037284,0.000000,-0.104396,-9.570,-1.252,-14.619,-2.9706,0.2016,7.7514,-27.5717,4.2710,104.2157,0.0004230,-0.0151220,-0.0004221,0.000000,0.000000,0.000000,0.00000,0.00000,0.000,0.000,0.000,0.000,0.000,-6.0000,0.0000,0.0000,6.0000,95.00,95.00,90.00,90.00,65535,65535,65535,1500,1,11,40.4365598,-86.8936605,165.600,-0.118,0.181,0.000
25083,39988,31423,28425,0,0,-0.42138,-1.10612,10.86489,0.030893,0.006392,-0.109722,-9.297,-1.181,-15.564,-3.2027,0.2300,7.7942,-29.4470,4.5337,104.5238,0.0002058,-0.0153188,0.0001009,0.000000,0.000000,0.000000,0.00000,0.00000,0.000,0.000,0.000,0.000,0.000,-6.0000,0.0000,0.0000,6.0000,95.00,95.00,90.00,90.00,65535,65535,65535,1500,1,11,40.4365610,-86.8936612,165.600,0.459,0.136,0.000
25132,30723,17633,14569,0,0,-0.18914,-1.64362,10.82299,-0.013848,-0.021305,-0.080960,-9.139,-1.006,-16.998,-3.5691,0.2614,7.8424,-32.4482,4.9485,105.0136,0.0000074,-0.0157751,0.0009361,0.000000,0.000000,0.000000,0.00000,0.00000,0.000,0.000,0.000,0.000,0.000,-6.0000,0.0000,0.0000,6.0000,95.00,95.00,90.00,90.00,65535,65535,65535,1500,1,11,40.4365610,-86.8936612,165.600,0.459,0.136,0.000
25182,31234,18194,15178,0,0,1.05225,-2.30921,10.36570,0.077764,-0.029827,-0.061785,-9.081,-1.236,-16.774,-3.4281,0.2429,7.8786,-31.4496,4.7767,105.4013,0.0001688,-0.0155264,0.0006557,0.000000,0.000000,0.000000,0.00000,0.00000,0.000,0.000,0.000,0.000,0.000,-6.0000,0.0000,0.0000,6.0000,95.00,95.00,90.00,90.00,65535,65535,65535,1500,1,11,40.4365623,-86.8936617,165.600,0.629,-0.193,0.000
25238,27460,18150,15116,0,0,0.38786,-1.60531,9.79348,-0.001065,-0.018109,-0.041545,-9.168,-1.412,-16.620,-3.3171,0.2314,7.9025,-30.6666,4.6318,105.8410,0.0003390,-0.0153141,0.0004471,0.000000,0.000000,0.000000,0.00000,0.00000,0.000,0.000,0.000,0.000,0.000,-6.0000,0.0000,0.0000,6.0000,95.00,95.00,90.00,90.00,65535,65535,65535,1500,1,11,40.4365623,-86.8936617,165.600,0.629,-0.193,0.000
25289,26362,18199,15172,0,0,0.29449,-2.46842,11.06001,0.008522,-0.030893,-0.040480,-9.118,-1.430,-16.758,-3.3199,0.2295,7.9565,-30.8561,4.6463,106.2475,0.0003718,-0.0153550,0.0004520,0.000000,0.000000,0.000000,0.00000,0.00000,0.000,0.000,0.000,0.000,0.000,-6.0000,0.0000,0.0000,6.0000,95.00,95.00,90.00,90.00,65535,65535,65535,1500,1,11,40.4365668,-86.8936635,166.500,1.108,-0.749,0.000
25333,19647,18144,15103,0,0,0.13048,-1.71904,10.00297,-0.007457,-0.049002,-0.011718,-9.286,-1.509,-16.706,-3.2796,0.2258,7.9979,-30.6209,4.5892,106.5994,0.0005368,-0.0153381,0.0003901,0.000000,0.000000,0.000000,0.00000,0.00000,0.000,0.000,0.000,0.000,0.000,-6.0000,0.0000,0.0000,6.0000,95.00,95.00,90.00,90.00,65535,65535,65535,1500,1,11,40.4365668,-86.8936635,166.500,1.108,-0.749,0.000
25384,26315,18208,15159,0,0,-0.45969,-1.86389,10.31063,-0.046872,-0.041545,-0.002131,-9.380,-1.302,-17.006,-3.3791,0.2353,8.0358,-31.6675,4.7425,107.0094,0.0005033,-0.0156760,0.0005703,0.000000,0.000000,0.000000,0.00000,0.00000,0.000,0.000,0.000,0.000,0.000,-6.0000,0.0000,0.0000,6.0000,95.00,95.00,90.00,90.00,65535,65535,65535,1500,1,11,40.4365675,-86.8936642,166.700,0.971,-0.729,0.000
25438,26010,18167,15134,0,0,0.00359,-1.33477,10.81581,0.049002,0.001065,0.005326,-9.233,-1.425,-16.756,-3.3071,0.2299,8.0766,-31.3089,4.6814,107.4468,0.0004101,-0.0154471,0.0004117,0.000000,0.000000,0.000000,0.00000,0.00000,0.000,0.000,0.000,0.000,0.000,-6.0000,0.0000,0.0000,6.0000,95.00,95.00,90.00,90.00,65535,65535,65535,1500,1,11,40.4365675,-86.8936642,166.700,0.971,-0.729,0.000
25489,24980,18199,15143,0,0,0.29568,-2.55820,9.75996,0.031958,0.006392,0.024501,-9.703,-1.342,-16.361,-3.1647,0.2198,8.0805,-30.1158,4.4582,107.8533,0.0009975,-0.0153977,0.0001841,0.000000,0.000000,0.000000,0.00000,0.00000,0.000,0.000,0.000,0.000,0.000,-6.0000,0.0000,0.0000,6.0000,95.00,95.00,90.00,90.00,65535,65535,65535,1500,1,11,40.4365680,-86.8936643,166.800,0.798,-0.573,0.000
25550,34657,18252,15250,0,0,0.34357,-1.04267,9.44752,-0.051133,0.038350,0.013848,-9.484,-1.268,-16.742,-3.3082,0.2320,8.0651,-31.5100,4.6508,108.3279,0.0006168,-0.0153717,0.0004897,0.000000,0.000000,0.000000,0.00000,0.00000,0.000,0.000,0.000,0.000,0.000,-6.0000,0.0000,0.0000,6.0000,95.00,95.00,90.00,90.00,65535,65535,65535,1500,1,11,40.4365685,-86.8936647,166.800,0.702,-0.521,0.000
25587,27362,30359,27339,0,0,1.07739,-1.50715,9.86411,-0.019175,0.026632,0.017044,-9.481,-1.404,-16.524,-3.2436,0.2261,8.0704,-31.0478,4.5719,108.5493,0.0005864,-0.0151202,0.0003699,0.000000,0.000000,0.000000,0.00000,0.00000,0.000,0.000,0.000,0.000,0.000,-6.0000,0.0000,0.0000,6.0000,95.00,95.00,90.00,90.00,65535,65535,65535,1500,1,11,40.4365685,-86.8936647,166.900,0.702,-0.521,0.000
25648,29482,24948,15288,0,0,0.21069,-1.00197,10.01375,0.006392,-0.060720,-0.003196,-9.385,-1.674,-16.309,-3.1866,0.2182,8.0962,-30.8619,4.5305,109.0835,0.0004953,-0.0149031,0.0002661,0.000000,0.000000,0.000000,0.00000,0.00000,0.000,0.000,0.000,0.000,0.000,-6.0000,0.0000,0.0000,6.0000,95.00,95.00,90.00,90.00,65535,65535,65535,1500,1,11,40.4365685,-86.8936647,166.900,0.702,-0.521,0.000
25698,25135,18147,15147,0,0,0.24301,-1.54546,9.49421,-0.060720,-0.099070,0.009587,-9.618,-1.938,-16.093,-3.1175,0.2079,8.1066,-30.4203,4.4409,109.5480,0.0006670,-0.0148083,0.0001493,0.000000,0.000000,0.000000,0.00000,0.00000,0.000,0.000,0.000,0.000,0.000,-6.0000,0.0000,0.0000,6.0000,95.00,95.00,90.00,90.00,65535,65535,65535,1500,1,11,40.4365690,-86.8936642,167.200,0.574,-0.427,0.000
25742,19946,18134,15141,0,0,0.63686,-2.03986,10.42435,0.002131,-0.107592,0.008522,-9.732,-2.140,-16.089,-3.1317,0.2095,8.1346,-30.6386,4.4557,109.9058,0.0006862,-0.0148086,0.0001908,0.000000,0.000000,0.000000,0.00000,0.00000,0.000,0.000,0.000,0.000,0.000,-6.0000,0.0000,0.0000,6.0000,95.00,95.00,90.00,90.00,65535,65535,65535,1500,1,11,40.4365697,-86.8936645,167.200,0.546,-0.386,0.000
25793,25887,18188,15136,0,0,0.56024,-1.33237,9.12191,-0.015979,-0.098004,0.017044,-9.861,-2.355,-16.095,-3.1617,0.2112,8.1231,-31.0270,4.4952,110.3184,0.0007003,-0.0148661,0.0002615,0.000000,0.000000,0.000000,0.00000,0.00000,0.000,0.000,0.000,0.000,0.000,-6.0000,0.0000,0.0000,6.0000,95.00,95.00,90.00,90.00,65535,65535,65535,1500,1,10,40.4365697,-86.8936645,167.300,0.546,-0.386,0.000
25832,24235,33215,30234,0,0,-0.04429,-2.15837,10.65659,-0.074569,-0.090547,0.030893,-10.019,-2.414,-16.587,-3.3313,0.2201,8.1482,-32.2987,4.6337,110.5134,0.0007557,-0.0150156,0.0006908,0.000000,0.000000,0.000000,0.00000,0.00000,0.000,0.000,0.000,0.000,0.000,-6.0000,0.0000,0.0000,6.0000,95.00,95.00,90.00,90.00,65535,65535,65535,1500,1,10,40.4365697,-86.8936645,167.300,0.546,-0.386,0.000
25895,33508,18198,15181,0,0,0.56743,-2.11049,10.15979,0.013848,-0.045806,0.052198,-10.010,-2.560,-16.052,-3.2329,0.2185,8.1918,-31.8794,4.5716,111.1481,0.0007398,-0.0149144,0.0004654,0.000000,0.000000,0.000000,0.00000,0.00000,0.000,0.000,0.000,0.000,0.000,-6.0000,0.0000,0.0000,6.0000,95.00,95.00,90.00,90.00,65535,65535,65535,1500,1,10,40.4365700,-86.8936642,167.300,0.439,-0.269,0.000
25938,19171,18147,15139,0,0,1.10732,-1.55264,9.22725,0.002131,-0.023436,0.051133,-9.980,-2.611,-15.818,-3.2108,0.2176,8.1871,-31.8189,4.5561,111.5040,0.0007366,-0.0148739,0.0004044,0.000000,0.000000,0.000000,0.00000,0.00000,0.000,0.000,0.000,0.000,0.000,-6.0000,0.0000,0.0000,6.0000,95.00,95.00,90.00,90.00,65535,65535,65535,1500,1,10,40.4365700,-86.8936642,167.300,0.439,-0.269,0.000
25989,26020,18147,15150,0,0,0.06345,-1.04148,10.22683,0.025566,-0.035154,0.047937,-9.790,-2.586,-15.053,-3.0299,0.2109,8.1979,-30.7847,4.4564,111.9243,0.0005998,-0.0147957,-0.0000876,0.000000,0.000000,0.000000,0.00000,0.00000,0.000,0.000,0.000,0.000,0.000,-6.0000,0.0000,0.0000,6.0000,95.00,95.00,90.00,90.00,65535,65535,65535,1500,1,10,40.4365705,-86.8936643,167.700,0.386,-0.264,0.000
26058,39811,22870,19840,0,0,0.30885,-1.67115,9.86890,-0.011718,-0.014914,0.082025,-9.855,-2.629,-14.929,-3.0716,0.2122,8.2395,-31.1701,4.4702,112.4508,0.0006731,-0.0147333,0.0000496,0.000000,0.000000,0.000000,0.00000,0.00000,0.000,0.000,0.000,0.000,0.000,-6.0000,0.0000,0.0000,6.0000,95.00,95.00,90.00,90.00,65535,65535,65535,1500,1,10,40.4365710,-86.8936648,167.700,0.356,-0.262,0.000
26098,33048,29651,21593,0,0,1.21386,-2.50793,10.04487,0.027697,-0.034088,0.078830,-10.004,-2.895,-15.127,-3.1647,0.2063,8.2581,-31.6932,4.4651,112.7220,0.0008730,-0.0145419,0.0003930,0.000000,0.000000,0.000000,0.00000,0.00000,0.000,0.000,0.000,0.000,0.000,-6.0000,0.0000,0.0000,6.0000,95.00,95.00,90.00,90.00,65535,65535,65535,1500,1,10,40.4365710,-86.8936648,167.700,0.356,-0.262,0.000
26140,22963,17695,14696,0,0,0.45370,-1.38385,10.68772,0.056459,-0.024501,0.077764,-9.834,-2.837,-14.565,-3.0703,0.2023,8.2878,-31.2950,4.4374,113.1674,0.0007597,-0.0145502,0.0001206,0.000000,0.000000,0.000000,0.00000,0.00000,0.000,0.000,0.000,0.000,0.000,-6.0000,0.0000,0.0000,6.0000,95.00,95.00,90.00,90.00,65535,65535,65535,1500,1,10,40.4365710,-86.8936648,167.700,0.356,-0.262,0.000
26190,31821,18208,15184,0,0,1.16957,-1.21985,10.18134,0.083091,-0.009587,0.073503,-9.400,-2.712,-13.923,-2.9387,0.1961,8.3005,-30.7567,4.4115,113.5827,0.0005389,-0.0145578,-0.0002434,0.000000,0.000000,0.000000,0.00000,0.00000,0.000,0.000,0.000,0.000,0.000,-6.0000,0.0000,0.0000,6.0000,95.00,95.00,90.00,90.00,65535,65535,65535,1500,1,10,40.4365708,-86.8936647,168.000,0.255,-0.164,0.000
26240,25908,18159,15130,0,0,0.93015,-1.50116,9.55765,-0.011718,-0.005326,0.078830,-9.457,-3.049,-14.037,-3.0408,0.1974,8.3141,-31.3599,4.4133,113.9994,0.0005810,-0.0142229,0.0001063,0.000000,0.000000,0.000000,0.00000,0.00000,0.000,0.000,0.000,0.000,0.000,-6.0000,0.0000,0.0000,6.0000,95.00,95.00,90.00,90.00,65535,65535,65535,1500,1,10,40.4365708,-86.8936647,168.000,0.255,-0.164,0.000
26300,30184,22437,15266,0,0,0.64883,-2.50433,9.54688,0.017044,-0.004261,0.083091,-9.728,-3.417,-14.698,-3.3010,0.1978,8.3455,-32.9226,4.4704,114.4544,0.0009387,-0.0139476,0.0009163,0.000000,0.000000,0.000000,0.00000,0.00000,0.000,0.000,0.000,0.000,0.000,-6.0000,0.0000,0.0000,6.0000,95.00,95.00,90.00,90.00,65535,65535,65535,1500,1,10,40.4365712,-86.8936647,168.200,0.260,-0.146,0.000
26341,19564,15671,12668,0,0,0.19632,-2.62764,11.51611,-0.005326,-0.019175,0.077764,-9.471,-3.240,-13.994,-3.1744,0.1871,8.3925,-32.3207,4.4506,114.8605,0.0006795,-0.0140005,0.0004947,0.000000,0.000000,0.000000,0.00000,0.00000,0.000,0.000,0.000,0.000,0.000,-6.0000,0.0000,0.0000,6.0000,95.00,95.00,90.00,90.00,65535,65535,65535,1500,1,10,40.4365712,-86.8936647,168.200,0.260,-0.146,0.000
26392,25862,18151,15139,0,0,0.92057,-2.30801,10.11191,0.034088,-0.025566,0.076699,-9.343,-3.233,-13.691,-3.1506,0.1845,8.4328,-32.3478,4.4564,115.2679,0.0006058,-0.0139909,0.0004209,0.000000,0.000000,0.000000,0.00000,0.00000,0.000,0.000,0.000,0.000,0.000,-6.0000,0.0000,0.0000,6.0000,95.00,95.00,90.00,90.00,65535,65535,65535,1500,1,10,40.4365712,-86.8936648,168.400,0.193,-0.108,0.000
26442,26009,18229,15173,0,0,-0.17837,-1.70707,10.13585,0.068177,-0.017044,0.079895,-9.488,-2.831,-13.317,-3.0940,0.1846,8.4577,-32.1781,4.4421,115.6939,0.0009214,-0.0143558,0.0002647,0.000000,0.000000,0.000000,0.00000,0.00000,0.000,0.000,0.000,0.000,0.000,-6.0000,0.0000,0.0000,6.0000,95.00,95.00,90.00,90.00,65535,65535,65535,1500,1,10,40.4365712,-86.8936648,168.400,0.193,-0.108,0.000
26501,29608,21854,15146,0,0,0.84515,-2.24935,10.86728,0.052198,-0.021305,0.075634,-9.548,-2.726,-13.146,-3.1073,0.1821,8.5057,-32.4299,4.4541,116.1568,0.0010430,-0.0144387,0.0003098,0.000000,0.000000,0.000000,0.00000,0.00000,0.000,0.000,0.000,0.000,0.000,-6.0000,0.0000,0.0000,6.0000,95.00,95.00,90.00,90.00,65535,65535,65535,1500,1,10,40.4365713,-86.8936645,168.500,0.193,-0.108,0.000
26540,27804,33340,30334,0,0,-0.60094,-1.39462,10.01016,0.021305,-0.027697,0.083091,-9.474,-2.298,-12.276,-2.8778,0.1766,8.5134,-31.1469,4.3787,116.3966,0.0009996,-0.0147219,-0.0003446,0.000000,0.000000,0.000000,0.00000,0.00000,0.000,0.000,0.000,0.000,0.000,-6.0000,0.0000,0.0000,6.0000,95.00,95.00,90.00,90.00,65535,65535,65535,1500,1,10,40.4365713,-86.8936645,168.500,0.193,-0.108,0.000
26597,34242,20354,15287,0,0,0.82001,-2.32836,10.62427,0.029827,-0.031958,0.062851,-9.277,-2.874,-12.741,-3.0982,0.1833,8.5631,-32.7939,4.4869,116.9945,0.0008479,-0.0143069,0.0003085,0.000000,0.000000,0.000000,0.00000,0.00000,0.000,0.000,0.000,0.000,0.000,-6.0000,0.0000,0.0000,6.0000,95.00,95.00,90.00,90.00,65535,65535,65535,1500,1,10,40.4365712,-86.8936637,168.500,0.123,0.001,0.000
26648,31046,18175,15187,0,0,0.54827,-1.56222,10.35732,-0.009587,-0.022371,0.058590,-9.020,-2.763,-11.994,-2.9307,0.1745,8.5904,-31.9954,4.4554,117.4458,0.0005409,-0.0143226,-0.0001806,0.000000,0.000000,0.000000,0.00000,0.00000,0.000,0.000,0.000,0.000,0.000,-6.0000,0.0000,0.0000,6.0000,95.00,95.00,90.00,90.00,65535,65535,65535,1500,1,10,40.4365712,-86.8936638,168.500,0.057,0.000,0.000
26702,29692,17980,15037,0,0,0.68833,-1.02113,10.25556,-0.038350,-0.008522,0.041545,-8.891,-2.536,-11.317,-2.7738,0.1730,8.6202,-31.2704,4.4290,117.9176,0.0003317,-0.0144181,-0.0006331,0.000000,0.000000,0.000000,0.00000,0.00000,0.000,0.000,0.000,0.000,0.000,-6.0000,0.0000,0.0000,6.0000,95.00,95.00,90.00,90.00,65535,65535,65535,1500,1,10,40.4365712,-86.8936638,168.900,0.057,0.000,0.000
26746,20119,18136,15137,0,0,0.57102,-2.82396,9.51695,0.050067,-0.017044,0.031958,-9.025,-2.395,-11.333,-2.7886,0.1821,8.6551,-31.4707,4.4351,118.2975,0.0005275,-0.0145646,-0.0005833,0.000000,0.000000,0.000000,0.00000,0.00000,0.000,0.000,0.000,0.000,0.000,-6.0000,0.0000,0.0000,6.0000,95.00,95.00,90.00,90.00,65535,65535,65535,1500,1,10,40.4365710,-86.8936632,168.900,0.268,0.002,0.000
26796,25809,17952,14941,0,0,0.40342,-1.30005,9.68335,-0.004261,-0.007457,0.040480,-9.073,-2.405,-11.242,-2.7947,0.1822,8.6665,-31.6484,4.4467,118.7346,0.0005132,-0.0145428,-0.0005669,0.000000,0.000000,0.000000,0.00000,0.00000,0.000,0.000,0.000,0.000,0.000,-6.0000,0.0000,0.0000,6.0000,95.00,95.00,90.00,90.00,65535,65535,65535,1500,1,10,40.4365710,-86.8936632,169.100,0.268,0.002,0.000
26846,30922,18172,15167,0,0,0.33998,-0.83438,9.34457,0.040480,0.017044,0.031958,-8.650,-2.004,-10.663,-2.6538,0.1766,8.6554,-31.2250,4.4962,119.1661,0.0001122,-0.0147813,-0.0010336,0.000000,0.000000,0.000000,0.00000,0.00000,0.000,0.000,0.000,0.000,0.000,-6.0000,0.0000,0.0000,6.0000,95.00,95.00,90.00,90.00,65535,65535,65535,1500,1,10,40.4365708,-86.8936632,169.100,0.159,0.001,0.000
26886,24841,33288,30268,0,0,-0.26576,-1.88783,10.37886,0.006392,0.020240,0.031958,-8.725,-1.765,-10.492,-2.6075,0.1753,8.6735,-31.0113,4.4846,119.3820,0.0002020,-0.0149376,-0.0011620,0.000000,0.000000,0.000000,0.00000,0.00000,0.000,0.000,0.000,0.000,0.000,-6.0000,0.0000,0.0000,6.0000,95.00,95.00,90.00,90.00,65535,65535,65535,1500,1,10,40.4365708,-86.8936632,169.200,0.159,0.001,0.000
26942,28084,18204,15159,0,0,0.92296,-1.27611,9.35774,-0.037284,-0.011718,0.024501,-8.432,-1.789,-10.405,-2.6257,0.1884,8.6742,-31.3684,4.5350,120.0003,-0.0000073,-0.0148791,-0.0011632,0.000000,0.000000,0.000000,0.00000,0.00000,0.000,0.000,0.000,0.000,0.000,-6.0000,0.0000,0.0000,6.0000,95.00,95.00,90.00,90.00,65535,65535,65535,1500,1,10,40.4365710,-86.8936633,169.200,0.190,0.001,0.000
26993,26053,18193,15170,0,0,0.70509,-1.29287,9.87010,-0.002131,-0.021305,0.031958,-8.221,-2.127,-10.661,-2.7433,0.1917,8.6908,-32.2869,4.6075,120.4415,-0.0002436,-0.0145987,-0.0008660,0.000000,0.000000,0.000000,0.00000,0.00000,0.000,0.000,0.000,0.000,0.000,-6.0000,0.0000,0.0000,6.0000,95.00,95.00,90.00,90.00,65535,65535,65535,1500,1,10,40.4365710,-86.8936633,169.300,0.190,0.001,0.000
27032,19112,38009,30034,0,0,0.19273,-0.88585,9.47745,0.015979,-0.027697,0.020240,-8.071,-2.082,-10.567,-2.7290,0.1886,8.6853,-32.3531,4.6390,120.6078,-0.0003785,-0.0146471,-0.0009372,0.000000,0.000000,0.000000,0.00000,0.00000,0.000,0.000,0.000,0.000,0.000,-6.0000,0.0000,0.0000,6.0000,95.00,95.00,90.00,90.00,65535,65535,65535,1500,1,10,40.4365710,-86.8936633,169.300,0.190,0.001,0.000
27097,37866,25210,17192,0,0,0.02155,-2.39540,10.52611,0.015979,-0.038350,0.011718,-8.332,-1.809,-10.301,-2.6858,0.1769,8.7383,-32.1544,4.6216,121.2813,-0.0000925,-0.0149840,-0.0010972,0.000000,0.000000,0.000000,0.00000,0.00000,0.000,0.000,0.000,0.000,0.000,-6.0000,0.0000,0.0000,6.0000,95.00,95.00,90.00,90.00,65535,65535,65535,1500,1,10,40.4365712,-86.8936640,169.400,0.010,0.000,0.000
27142,17943,17666,14678,0,0,-0.44173,-2.12126,9.82102,0.040480,-0.021305,0.011718,-8.475,-1.578,-10.114,-2.6150,0.1771,8.7794,-31.8307,4.5865,121.7477,0.0001777,-0.0152396,-0.0012509,0.000000,0.000000,0.000000,0.00000,0.00000,0.000,0.000,0.000,0.000,0.000,-6.0000,0.0000,0.0000,6.0000,95.00,95.00,90.00,90.00,65535,65535,65535,1500,1,10,40.4365712,-86.8936640,169.400,0.010,0.000,0.000
27192,26199,18179,15155,0,0,0.18675,-2.35709,9.89404,0.034088,-0.010653,0.004261,-8.749,-1.646,-10.352,-2.6876,0.1779,8.7837,-32.2508,4.5665,122.1802,0.0004751,-0.0151977,-0.0010045,0.000000,0.000000,0.000000,0.00000,0.00000,0.000,0.000,0.000,0.000,0.000,-6.0000,0.0000,0.0000,6.0000,95.00,95.00,90.00,90.00,65535,65535,65535,1500,1,10,40.4365717,-86.8936643,169.600,0.206,0.001,0.000
27242,25818,18151,15131,0,0,0.07542,-0.56623,10.06403,-0.010653,-0.008522,0.003196,-8.333,-1.489,-9.991,-2.6045,0.1771,8.7858,-32.1037,4.6278,122.6217,0.0000656,-0.0152729,-0.0013081,0.000000,0.000000,0.000000,0.00000,0.00000,0.000,0.000,0.000,0.000,0.000,-6.0000,0.0000,0.0000,6.0000,95.00,95.00,90.00,90.00,65535,65535,65535,1500,1,10,40.4365717,-86.8936643,169.600,0.206,0.001,0.000
27293,25934,18209,15165,0,0,0.78290,-0.50159,10.76912,0.010653,0.004261,0.015979,-7.995,-1.639,-10.116,-2.6822,0.1824,8.8078,-32.8977,4.7209,123.0663,-0.0002935,-0.0150938,-0.0011565,0.000000,0.000000,0.000000,0.00000,0.00000,0.000,0.000,0.000,0.000,0.000,-6.0000,0.0000,0.0000,6.0000,95.00,95.00,90.00,90.00,65535,65535,65535,1500,1,10,40.4365717,-86.8936643,169.600,0.159,0.001,0.000
27354,29612,24911,15272,0,0,0.20710,-0.97803,9.31704,0.019175,0.018109,0.021305,-7.901,-1.569,-10.114,-2.7010,0.1831,8.8340,-33.1789,4.7424,123.5428,-0.0003124,-0.0150799,-0.0011111,0.000000,0.000000,0.000000,0.00000,0.00000,0.000,0.000,0.000,0.000,0.000,-6.0000,0.0000,0.0000,6.0000,95.00,95.00,90.00,90.00,65535,65535,65535,1500,1,10,40.4365717,-86.8936643,169.600,0.159,0.001,0.000
27399,19674,18129,15100,0,0,1.44370,-1.32280,9.40802,0.058590,0.011718,0.025566,-7.795,-1.654,-10.357,-2.8210,0.1895,8.8637,-33.9943,4.7920,123.9986,-0.0003450,-0.0149590,-0.0008402,0.000000,0.000000,0.000000,0.00000,0.00000,0.000,0.000,0.000,0.000,0.000,-6.0000,0.0000,0.0000,6.0000,95.00,95.00,90.00,90.00,65535,65535,65535,1500,1,10,40.4365718,-86.8936653,169.900,0.062,0.000,0.000
27449,26425,18143,15143,0,0,0.84396,-1.36469,11.04804,0.008522,-0.007457,0.006392,-7.650,-1.909,-10.840,-2.9869,0.1934,8.9066,-35.2251,4.8654,124.4462,-0.0004059,-0.0147551,-0.0004068,0.000000,0.000000,0.000000,0.00000,0.00000,0.000,0.000,0.000,0.000,0.000,-6.0000,0.0000,0.0000,6.0000,95.00,95.00,90.00,90.00,65535,65535,65535,1500,1,10,40.4365713,-86.8936650,169.900,0.247,0.001,0.000
27500,25879,18159,15143,0,0,0.65362,-2.05901,10.27352,0.019175,-0.025566,0.022371,-7.758,-1.921,-10.616,-2.9196,0.1887,8.9117,-34.7402,4.7836,124.8980,-0.0001688,-0.0147290,-0.0005145,0.000000,0.000000,0.000000,0.00000,0.00000,0.000,0.000,0.000,0.000,0.000,-6.0000,0.0000,0.0000,6.0000,95.00,95.00,90.00,90.00,65535,65535,65535,1500,1,10,40.4365713,-86.8936650,169.900,0.247,0.001,0.000
27539,24244,33266,30258,0,0,1.42455,-1.72023,8.96389,0.260990,-0.021305,0.035154,-7.500,-2.461,-11.993,-3.3714,0.2002,8.8952,-37.7071,4.9463,125.1070,-0.0000618,-0.0144484,0.0006500,0.000000,0.000000,0.000000,0.00000,0.00000,0.000,0.000,0.000,0.000,0.000,-6.0000,0.0000,0.0000,6.0000,95.00,95.00,90.00,90.00,65535,65535,65535,1500,1,10,40.4365713,-86.8936650,169.900,0.247,0.001,0.000
27585,43992,35236,21301,0,0,0.21308,-2.60848,9.61511,0.039415,-0.015979,0.019175,-7.802,-2.316,-11.381,-3.1754,0.1691,8.8987,-36.1722,4.7644,125.5012,0.0003401,-0.0144787,0.0002322,0.000000,0.000000,0.000000,0.00000,0.00000,0.000,0.000,0.000,0.000,0.000,-6.0000,0.0000,0.0000,6.0000,95.00,95.00,90.00,90.00,65535,65535,65535,1500,1,10,40.4365712,-86.8936647,169.900,0.246,0.336,0.000
27635,30564,18164,15156,0,0,0.14485,-1.79326,9.63666,0.024501,-0.010653,0.015979,-7.946,-1.947,-10.252,-2.8142,0.1561,8.8736,-33.7525,4.5632,126.1008,0.0005757,-0.0146336,-0.0006281,0.000000,0.000000,0.000000,0.00000,0.00000,0.000,0.000,0.000,0.000,0.000,-6.0000,0.0000,0.0000,6.0000,95.00,95.00,90.00,90.00,65535,65535,65535,1500,1,10,40.4365712,-86.8936647,169.900,0.246,0.336,0.000
27686,25960,18145,15139,0,0,0.54468,-2.11169,8.91122,0.013848,-0.012783,0.013848,-8.168,-1.863,-9.897,-2.6979,0.1525,8.8672,-32.8769,4.4441,126.5551,0.0008757,-0.0146338,-0.0008439,0.000000,0.000000,0.000000,0.00000,0.00000,0.000,0.000,0.000,0.000,0.000,-6.0000,0.0000,0.0000,6.0000,95.00,95.00,90.00,90.00,65535,65535,65535,1500,1,10,40.4365720,-86.8936647,170.400,0.231,0.316,0.000
27735,24951,18194,15157,0,0,0.11013,-1.00916,9.31105,0.014914,-0.037284,0.001065,-8.213,-1.677,-9.202,-2.4670,0.1471,8.8406,-31.3667,4.3236,126.9945,0.0010052,-0.0147292,-0.0013820,0.000000,0.000000,0.000000,0.00000,0.00000,0.000,0.000,0.000,0.000,0.000,-6.0000,0.0000,0.0000,6.0000,95.00,95.00,90.00,90.00,65535,65535,65535,1500,1,10,40.4365720,-86.8936647,170.400,0.231,0.316,0.000
27785,23720,19436,15232,0,0,0.66559,-1.49877,9.76715,-0.023436,-0.018109,0.006392,-8.468,-2.039,-10.033,-2.7304,0.1514,8.8537,-33.0942,4.3840,127.4215,0.0011960,-0.0145329,-0.0006798,0.000000,0.000000,0.000000,0.00000,0.00000,0.000,0.000,0.000,0.000,0.000,-6.0000,0.0000,0.0000,6.0000,95.00,95.00,90.00,90.00,65535,65535,65535,1500,1,10,40.4365740,-86.8936667,170.500,0.112,0.154,0.000
27834,29819,18212,15141,0,0,0.22984,-1.39821,10.29746,-0.063916,-0.020240,-0.003196,-8.283,-1.797,-9.525,-2.5837,0.1456,8.8676,-32.5324,4.4261,127.8690,0.0008603,-0.0147026,-0.0011266,0.000000,0.000000,0.000000,0.00000,0.00000,0.000,0.000,0.000,0.000,0.000,-6.0000,0.0000,0.0000,6.0000,95.00,95.00,90.00,90.00,65535,65535,65535,1500,1,10,40.4365740,-86.8936667,170.500,0.112,0.154,0.000
27885,25930,18156,15126,0,0,0.59256,-1.76213,10.51414,0.018109,-0.007457,-0.010653,-8.183,-1.822,-9.653,-2.6182,0.1464,8.9165,-32.9047,4.4495,128.3224,0.0008415,-0.0146711,-0.0010428,0.000000,0.000000,0.000000,0.00000,0.00000,0.000,0.000,0.000,0.000,0.000,-6.0000,0.0000,0.0000,6.0000,95.00,95.00,90.00,90.00,65535,65535,65535,1500,1,10,40.4365760,-86.8936683,170.800,0.475,0.055,0.000
27951,39120,26061,18140,0,0,0.19513,-2.48758,9.89763,-0.021305,-0.006392,-0.012783,-8.435,-1.709,-9.440,-2.5275,0.1264,8.9450,-32.2528,4.3653,128.8440,0.0010603,-0.0146997,-0.0012248,0.000000,0.000000,0.000000,0.00000,0.00000,0.000,0.000,0.000,0.000,0.000,-6.0000,0.0000,0.0000,6.0000,95.00,95.00,90.00,90.00,65535,65535,65535,1500,1,10,40.4365760,-86.8936683,170.800,0.475,0.055,0.000
28005,23785,23359,14987,0,0,-0.43096,-1.17555,8.53413,0.038350,0.003196,-0.015979,-8.453,-1.313,-8.853,-2.3106,0.1178,8.9031,-30.9257,4.2806,129.3532,0.0011665,-0.0149019,-0.0017399,0.000000,0.000000,0.000000,0.00000,0.00000,0.000,0.000,0.000,0.000,0.000,-6.0000,0.0000,0.0000,6.0000,95.00,95.00,90.00,90.00,65535,65535,65535,1500,1,10,40.4365775,-86.8936698,171.000,0.475,0.055,0.000
28045,24195,38303,30326,0,0,0.62249,-1.82797,10.02452,-0.007457,0.010653,-0.012783,-8.550,-1.407,-8.999,-2.3466,0.1177,8.9125,-31.1192,4.2626,129.5682,0.0012510,-0.0148005,-0.0016205,0.000000,0.000000,0.000000,0.00000,0.00000,0.000,0.000,0.000,0.000,0.000,-6.0000,0.0000,0.0000,6.0000,95.00,95.00,90.00,90.00,65535,65535,65535,1500,1,10,40.4365775,-86.8936698,171.000,0.475,0.055,0.000
28083,40027,36674,28741,0,0,0.68235,-1.56940,9.75877,0.034088,0.009587,-0.028762,-8.497,-1.530,-9.333,-2.4258,0.1164,8.9160,-31.7333,4.2816,129.9236,0.0012738,-0.0146860,-0.0013966,0.000000,0.000000,0.000000,0.00000,0.00000,0.000,0.000,0.000,0.000,0.000,-6.0000,0.0000,0.0000,6.0000,95.00,95.00,90.00,90.00,65535,65535,65535,1500,1,10,40.4365785,-86.8936702,171.000,0.571,-0.296,0.000
28139,35692,18844,15025,0,0,1.67953,-0.42976,9.30746,0.015979,-0.004261,-0.014914,-7.965,-2.357,-11.456,-3.1021,0.1448,8.9070,-36.9777,4.6636,130.5681,0.0007116,-0.0141952,0.0001989,0.000000,0.000000,0.000000,0.00000,0.00000,0.000,0.000,0.000,0.000,0.000,-6.0000,0.0000,0.0000,6.0000,95.00,95.00,90.00,90.00,65535,65535,65535,1500,1,10,40.4365785,-86.8936702,171.000,0.571,-0.296,0.000
28183,25301,18163,15153,0,0,-0.99000,-1.41378,10.98101,0.006392,-0.013848,-0.021305,-7.956,-2.050,-11.127,-2.9823,0.1461,8.9345,-36.3563,4.6537,130.9680,0.0007070,-0.0144168,-0.0001325,0.000000,0.000000,0.000000,0.00000,0.00000,0.000,0.000,0.000,0.000,0.000,-6.0000,0.0000,0.0000,6.0000,95.00,95.00,90.00,90.00,65535,65535,65535,1500,1,10,40.4365795,-86.8936712,171.400,0.647,-0.411,0.000
28240,29132,18179,15174,0,0,0.71228,-0.94451,10.77271,-0.042611,-0.017044,-0.041545,-8.125,-2.437,-11.513,-3.0632,0.1453,8.9731,-36.9339,4.6383,131.4791,0.0007330,-0.0141083,0.0001207,0.000000,0.000000,0.000000,0.00000,0.00000,0.000,0.000,0.000,0.000,0.000,-6.0000,0.0000,0.0000,6.0000,95.00,95.00,90.00,90.00,65535,65535,65535,1500,1,10,40.4365795,-86.8936712,171.400,0.647,-0.411,0.000
28291,25849,18151,15139,0,0,0.99000,-1.87825,9.57920,-0.008522,-0.002131,-0.037284,-8.225,-2.601,-11.578,-3.0522,0.1435,8.9803,-36.8965,4.6040,131.9369,0.0007539,-0.0139376,0.0001269,0.000000,0.000000,0.000000,0.00000,0.00000,0.000,0.000,0.000,0.000,0.000,-6.0000,0.0000,0.0000,6.0000,95.00,95.00,90.00,90.00,65535,65535,65535,1500,1,10,40.4365798,-86.8936717,171.500,0.583,-0.387,0.000
28341,25663,18159,15153,0,0,-0.45011,-2.29484,10.39802,-0.004261,-0.038350,-0.056459,-8.596,-2.164,-11.387,-2.9241,0.1413,9.0214,-36.1346,4.5529,132.3889,0.0010931,-0.0143908,-0.0001751,0.000000,0.000000,0.000000,0.00000,0.00000,0.000,0.000,0.000,0.000,0.000,-6.0000,0.0000,0.0000,6.0000,95.00,95.00,90.00,90.00,65535,65535,65535,1500,1,10,40.4365798,-86.8936717,171.500,0.583,-0.387,0.000
28385,19618,18136,15120,0,0,1.18513,-1.74298,10.14902,-0.035154,-0.027697,-0.047937,-8.740,-2.255,-11.367,-2.8825,0.1409,9.0243,-35.8782,4.5163,132.7923,0.0011356,-0.0143246,-0.0002575,0.000000,0.000000,0.000000,0.00000,0.00000,0.000,0.000,0.000,0.000,0.000,-6.0000,0.0000,0.0000,6.0000,95.00,95.00,90.00,90.00,65535,65535,65535,1500,1,10,40.4365787,-86.8936713,171.500,0.583,-0.387,0.000
28440,26118,18208,15159,0,0,-0.03711,-1.76094,10.37767,0.002131,-0.030893,-0.044741,-8.568,-2.161,-11.706,-2.9565,0.1459,9.0401,-36.7510,4.6199,133.2802,0.0010211,-0.0145045,-0.0001443,0.000000,0.000000,0.000000,0.00000,0.00000,0.000,0.000,0.000,0.000,0.000,-6.0000,0.0000,0.0000,6.0000,95.00,95.00,90.00,90.00,65535,65535,65535,1500,1,10,40.4365787,-86.8936713,171.500,0.583,-0.387,0.000
28491,25879,18171,15142,0,0,-0.41180,-1.02711,10.39084,0.036219,-0.006392,-0.051133,-8.464,-1.979,-11.937,-2.9883,0.1493,9.0825,-37.2851,4.6942,133.7409,0.0009760,-0.0147164,-0.0001204,0.000000,0.000000,0.000000,0.00000,0.00000,0.000,0.000,0.000,0.000,0.000,-6.0000,0.0000,0.0000,6.0000,95.00,95.00,90.00,90.00,65535,65535,65535,1500,1,10,40.4365777,-86.8936712,171.600,0.149,0.000,0.000
28558,34499,26598,18582,0,0,0.22386,-2.08894,10.41358,0.007457,0.011718,-0.057524,-8.465,-1.929,-12.051,-2.9562,0.1429,9.1351,-37.1580,4.6691,134.2774,0.0010348,-0.0146952,-0.0001832,0.000000,0.000000,0.000000,0.00000,0.00000,0.000,0.000,0.000,0.000,0.000,-6.0000,0.0000,0.0000,6.0000,95.00,95.00,90.00,90.00,65535,65535,65535,1500,1,10,40.4365783,-86.8936715,171.600,0.201,0.000,0.000
28589,33269,24320,21343,0,0,0.59496,-1.72861,10.28788,-0.013848,-0.003196,-0.067112,-8.543,-1.980,-12.104,-2.9259,0.1393,9.1564,-36.9680,4.6343,134.5821,0.0010883,-0.0146279,-0.0002253,0.000000,0.000000,0.000000,0.00000,0.00000,0.000,0.000,0.000,0.000,0.000,-6.0000,0.0000,0.0000,6.0000,95.00,95.00,90.00,90.00,65535,65535,65535,1500,1,11,40.4365783,-86.8936715,171.800,0.201,0.000,0.000
28643,26187,18206,15175,0,0,0.59975,-2.12605,10.47104,-0.030893,-0.005326,-0.068177,-8.484,-1.801,-12.270,-2.9080,0.1445,9.1709,-37.1033,4.6720,135.1360,0.0010760,-0.0147971,-0.0003098,0.000000,0.000000,0.000000,0.00000,0.00000,0.000,0.000,0.000,0.000,0.000,-6.0000,0.0000,0.0000,6.0000,95.00,95.00,90.00,90.00,65535,65535,65535,1500,1,11,40.4365787,-86.8936717,171.800,0.175,0.000,0.000
28694,25930,18166,15151,0,0,0.27892,-2.09253,11.18930,-0.050067,-0.015979,-0.085221,-8.726,-1.738,-12.405,-2.8732,0.1424,9.2265,-36.9666,4.6534,135.6032,0.0011792,-0.0148702,-0.0003808,0.000000,0.000000,0.000000,0.00000,0.00000,0.000,0.000,0.000,0.000,0.000,-6.0000,0.0000,0.0000,6.0000,95.00,95.00,90.00,90.00,65535,65535,65535,1500,1,11,40.4365787,-86.8936717,171.900,0.175,0.000,0.000
28742,26172,15762,12692,0,0,1.06901,-1.92853,11.40478,-0.034088,-0.042611,-0.099070,-8.657,-1.822,-12.874,-2.9353,0.1373,9.3034,-37.8301,4.7431,136.0684,0.0010372,-0.0149348,-0.0002436,0.000000,0.000000,0.000000,0.00000,0.00000,0.000,0.000,0.000,0.000,0.000,-6.0000,0.0000,0.0000,6.0000,95.00,95.00,90.00,90.00,65535,65535,65535,1500,1,11,40.4365783,-86.8936718,171.900,0.108,0.000,0.000
28786,19688,18148,15128,0,0,0.02394,-2.03747,10.52730,-0.084156,-0.049002,-0.091613,-8.887,-1.780,-13.415,-3.0330,0.1422,9.3246,-38.7380,4.8045,136.4534,0.0011746,-0.0151709,-0.0000224,0.000000,0.000000,0.000000,0.00000,0.00000,0.000,0.000,0.000,0.000,0.000,-6.0000,0.0000,0.0000,6.0000,95.00,95.00,90.00,90.00,65535,65535,65535,1500,1,11,40.4365783,-86.8936718,171.900,0.108,0.000,0.000
28839,29420,18268,15286,0,0,-0.25857,-1.67714,10.00657,-0.035154,-0.028762,-0.084156,-8.904,-1.786,-14.195,-3.2236,0.1477,9.3347,-40.5263,4.9764,136.9509,0.0009881,-0.0153599,0.0003293,0.000000,0.000000,0.000000,0.00000,0.00000,0.000,0.000,0.000,0.000,0.000,-6.0000,0.0000,0.0000,6.0000,95.00,95.00,90.00,90.00,65535,65535,65535,1500,1,11,40.4365783,-86.8936717,171.900,0.093,0.000,0.000
28890,25889,18148,15147,0,0,0.54827,-1.82917,10.60392,-0.026632,-0.015979,-0.089482,-8.789,-1.818,-14.476,-3.2441,0.1493,9.3742,-41.0094,5.0483,137.4253,0.0007939,-0.0153840,0.0003297,0.000000,0.000000,0.000000,0.00000,0.00000,0.000,0.000,0.000,0.000,0.000,-6.0000,0.0000,0.0000,6.0000,95.00,95.00,90.00,90.00,65535,65535,65535,1500,1,10,40.4365783,-86.8936717,172.300,0.093,0.000,0.000
28940,25574,18228,15208,0,0,0.56024,-1.14084,10.55005,-0.001065,-0.019175,-0.090547,-8.719,-1.884,-14.501,-3.1730,0.1485,9.4132,-40.6959,5.0407,137.8934,0.0006866,-0.0153150,0.0001596,0.000000,0.000000,0.000000,0.00000,0.00000,0.000,0.000,0.000,0.000,0.000,-6.0000,0.0000,0.0000,6.0000,95.00,95.00,90.00,90.00,65535,65535,65535,1500,1,10,40.4365793,-86.8936727,172.300,0.154,0.000,0.000
29007,39459,21260,18250,0,0,0.67038,-2.19548,9.54568,-0.018109,-0.020240,-0.080960,-8.853,-2.103,-13.720,-2.8081,0.1268,9.4124,-37.9320,4.8027,138.5050,0.0007854,-0.0149600,-0.0005734,0.000000,0.000000,0.000000,0.00000,0.00000,0.000,0.000,0.000,0.000,0.000,-6.0000,0.0000,0.0000,6.0000,95.00,95.00,90.00,90.00,65535,65535,65535,1500,1,10,40.4365793,-86.8936727,172.500,0.154,0.000,0.000
29046,21804,38231,30267,0,0,-0.10534,-1.13365,9.32182,-0.019175,-0.011718,-0.064981,-8.766,-2.044,-14.252,-2.9636,0.1295,9.4026,-39.3204,4.9276,138.7076,0.0006760,-0.0151061,-0.0002711,0.000000,0.000000,0.000000,0.00000,0.00000,0.000,0.000,0.000,0.000,0.000,-6.0000,0.0000,0.0000,6.0000,95.00,95.00,90.00,90.00,65535,65535,65535,1500,1,10,40.4365793,-86.8936727,172.500,0.154,0.000,0.000
29091,46100,37074,27454,0,0,-1.02113,-1.65439,10.50695,-0.018109,0.011718,-0.046872,-8.772,-1.816,-15.740,-3.4464,0.1504,9.4383,-43.0850,5.2145,139.1346,0.0006345,-0.0155253,0.0006580,0.000000,0.000000,0.000000,0.00000,0.00000,0.000,0.000,0.000,0.000,0.000,-6.0000,0.0000,0.0000,6.0000,95.00,95.00,90.00,90.00,65535,65535,65535,1500,1,10,40.4365803,-86.8936735,172.500,0.211,0.000,0.000
29139,29079,17914,14924,0,0,0.00599,-1.81720,10.44830,-0.022371,0.005326,-0.054328,-8.916,-1.642,-16.685,-3.6924,0.1574,9.4839,-45.1740,5.3528,139.7669,0.0007068,-0.0157677,0.0011593,0.000000,0.000000,0.000000,0.00000,0.00000,0.000,0.000,0.000,0.000,0.000,-6.0000,0.0000,0.0000,6.0000,95.00,95.00,90.00,90.00,65535,65535,65535,1500,1,10,40.4365803,-86.8936735,172.500,0.211,0.000,0.000
29189,25520,18197,15190,0,0,0.20470,-3.14359,10.28070,-0.013848,0.015979,-0.037284,-9.335,-1.493,-16.292,-3.4827,0.1497,9.4979,-43.4647,5.1612,140.2379,0.0011802,-0.0157685,0.0007890,0.000000,0.000000,0.000000,0.00000,0.00000,0.000,0.000,0.000,0.000,0.000,-6.0000,0.0000,0.0000,6.0000,95.00,95.00,90.00,90.00,65535,65535,65535,1500,1,10,40.4365802,-86.8936737,172.900,0.129,0.000,0.000
29233,19645,18126,15113,0,0,-0.37230,-1.89501,10.86489,-0.022371,0.004261,-0.051133,-9.357,-1.335,-17.096,-3.6963,0.1575,9.5140,-45.3771,5.3058,140.6524,0.0011909,-0.0160192,0.0012226,0.000000,0.000000,0.000000,0.00000,0.00000,0.000,0.000,0.000,0.000,0.000,-6.0000,0.0000,0.0000,6.0000,95.00,95.00,90.00,90.00,65535,65535,65535,1500,1,10,40.4365802,-86.8936737,172.900,0.129,0.000,0.000
29290,30429,19912,15275,0,0,-0.36990,-1.49638,10.71645,-0.013848,0.000000,-0.045806,-9.195,-1.202,-18.082,-3.9862,0.1720,9.5617,-47.9858,5.5210,141.1739,0.0010553,-0.0162901,0.0017754,0.000000,0.000000,0.000000,0.00000,0.00000,0.000,0.000,0.000,0.000,0.000,-6.0000,0.0000,0.0000,6.0000,95.00,95.00,90.00,90.00,65535,65535,65535,1500,1,10,40.4365803,-86.8936742,173.100,0.149,0.000,0.000
29341,26619,18171,15145,0,0,0.19752,-0.88107,9.67138,-0.011718,-0.002131,-0.063916,-9.155,-1.271,-18.104,-3.9364,0.1686,9.5768,-47.7842,5.4971,141.6800,0.0010090,-0.0161825,0.0016779,0.000000,0.000000,0.000000,0.00000,0.00000,0.000,0.000,0.000,0.000,0.000,-6.0000,0.0000,0.0000,6.0000,95.00,95.00,90.00,90.00,65535,65535,65535,1500,1,10,40.4365803,-86.8936742,173.100,0.149,0.000,0.000
29391,25226,18158,15166,0,0,0.19992,-1.62447,10.97023,-0.047937,-0.005326,-0.053263,-9.107,-1.395,-18.102,-3.8934,0.1660,9.6162,-47.6489,5.4876,142.1604,0.0008356,-0.0159929,0.0015845,0.000000,0.000000,0.000000,0.00000,0.00000,0.000,0.000,0.000,0.000,0.000,-6.0000,0.0000,0.0000,6.0000,95.00,95.00,90.00,90.00,65535,65535,65535,1500,1,10,40.4365795,-86.8936743,173.200,0.149,0.000,0.000
29434,18794,18129,15114,0,0,0.10056,-2.85987,10.00776,0.019175,-0.019175,-0.038350,-9.218,-1.372,-17.995,-3.8106,0.1698,9.6476,-47.1473,5.4371,142.5761,0.0009322,-0.0159746,0.0014339,0.000000,0.000000,0.000000,0.00000,0.00000,0.000,0.000,0.000,0.000,0.000,-6.0000,0.0000,0.0000,6.0000,95.00,95.00,90.00,90.00,65535,65535,65535,1500,1,10,40.4365795,-86.8936743,173.200,0.149,0.000,0.000
29491,29915,20735,15291,0,0,1.28688,-1.35632,10.10832,-0.023436,-0.004261,-0.040480,-9.176,-1.460,-17.884,-3.7338,0.1663,9.6639,-46.8230,5.4175,143.1064,0.0008074,-0.0158250,0.0012840,0.000000,0.000000,0.000000,0.00000,0.00000,0.000,0.000,0.000,0.000,0.000,-6.0000,0.0000,0.0000,6.0000,95.00,95.00,90.00,90.00,65535,65535,65535,1500,1,10,40.4365792,-86.8936740,173.300,0.190,0.000,0.000
29559,39939,21460,18445,0,0,0.35314,-0.35434,10.07001,-0.079895,-0.026632,-0.039415,-8.959,-1.541,-19.325,-4.1817,0.2011,9.6833,-50.9130,5.7518,143.7451,0.0003791,-0.0160267,0.0021472,0.000000,0.000000,0.000000,0.00000,0.00000,0.000,0.000,0.000,0.000,0.000,-6.0000,0.0000,0.0000,6.0000,95.00,95.00,90.00,90.00,65535,65535,65535,1500,1,10,40.4365795,-86.8936752,173.300,0.242,0.000,0.000
29595,27746,30291,27302,0,0,-0.41300,-0.61651,10.20289,-0.031958,-0.045806,-0.025566,-8.704,-1.578,-20.601,-4.6167,0.2204,9.6925,-54.6406,6.0417,144.0067,0.0000810,-0.0162458,0.0029916,0.000000,0.000000,0.000000,0.00000,0.00000,0.000,0.000,0.000,0.000,0.000,-6.0000,0.0000,0.0000,6.0000,95.00,95.00,90.00,90.00,65535,65535,65535,1500,1,10,40.4365795,-86.8936752,173.300,0.242,0.000,0.000
29638,23977,18100,15097,0,0,-0.36871,-2.29963,10.78229,-0.044741,-0.038350,-0.033023,-8.763,-1.688,-20.793,-4.6436,0.2222,9.7019,-55.1185,6.0677,144.5414,0.0000637,-0.0162456,0.0030507,0.000000,0.000000,0.000000,0.00000,0.00000,0.000,0.000,0.000,0.000,0.000,-6.0000,0.0000,0.0000,6.0000,95.00,95.00,90.00,90.00,65535,65535,65535,1500,1,10,40.4365795,-86.8936752,173.300,0.242,0.000,0.000
29693,29923,18197,15250,0,0,0.98641,-1.50835,9.67377,-0.021305,-0.050067,-0.040480,-8.775,-1.790,-21.198,-4.7394,0.2251,9.7165,-56.1870,6.1401,145.0706,0.0000282,-0.0163108,0.0032452,0.000000,0.000000,0.000000,0.00000,0.00000,0.000,0.000,0.000,0.000,0.000,-6.0000,0.0000,0.0000,6.0000,95.00,95.00,90.00,90.00,65535,65535,65535,1500,1,10,40.4365792,-86.8936747,173.600,0.185,0.000,0.000
29743,25801,18202,15174,0,0,0.43934,-1.39821,9.75158,-0.047937,-0.053263,-0.024501,-8.736,-1.894,-21.299,-4.7565,0.2254,9.7121,-56.7116,6.2095,145.5554,-0.0001457,-0.0163268,0.0032428,0.000000,0.000000,0.000000,0.00000,0.00000,0.000,0.000,0.000,0.000,0.000,-6.0000,0.0000,0.0000,6.0000,95.00,95.00,90.00,90.00,65535,65535,65535,1500,1,10,40.4365793,-86.8936747,173.600,0.170,0.000,0.000
29793,25559,18155,15133,0,0,-0.28491,-0.76375,10.50097,-0.019175,-0.037284,-0.038350,-8.703,-1.928,-21.326,-4.7421,0.2274,9.7403,-56.9581,6.2553,146.0459,-0.0002805,-0.0163355,0.0031797,0.000000,0.000000,0.000000,0.00000,0.00000,0.000,0.000,0.000,0.000,0.000,-6.0000,0.0000,0.0000,6.0000,95.00,95.00,90.00,90.00,65535,65535,65535,1500,1,10,40.4365793,-86.8936747,173.900,0.170,0.000,0.000
29836,18730,18112,15122,0,0,0.63207,-1.36829,10.03649,-0.023436,-0.055394,-0.024501,-8.647,-1.991,-20.894,-4.5895,0.2223,9.7597,-56.0533,6.2280,146.4655,-0.0003992,-0.0162600,0.0028361,0.000000,0.000000,0.000000,0.00000,0.00000,0.000,0.000,0.000,0.000,0.000,-6.0000,0.0000,0.0000,6.0000,95.00,95.00,90.00,90.00,65535,65535,65535,1500,1,10,40.4365793,-86.8936747,173.900,0.170,0.000,0.000
29887,25947,18213,15190,0,0,0.32801,-2.59531,11.09353,0.046872,-0.049002,-0.015979,-8.807,-2.130,-22.087,-4.9624,0.2307,9.7989,-58.9873,6.3376,146.9558,-0.0001671,-0.0164233,0.0036529,0.000000,0.000000,0.000000,0.00000,0.00000,0.000,0.000,0.000,0.000,0.000,-6.0000,0.0000,0.0000,6.0000,95.00,95.00,90.00,90.00,65535,65535,65535,1500,1,10,40.4365795,-86.8936745,174.100,0.175,0.000,0.000
29943,27422,18181,15172,0,0,0.57581,-0.50518,10.08558,0.045806,-0.022371,-0.008522,-8.645,-2.141,-21.395,-4.7317,0.2239,9.8223,-57.5976,6.2911,147.5054,-0.0003249,-0.0163120,0.0031512,0.000000,0.000000,0.000000,0.00000,0.00000,0.000,0.000,0.000,0.000,0.000,-6.0000,0.0000,0.0000,6.0000,95.00,95.00,90.00,90.00,65535,65535,65535,1500,1,10,40.4365790,-86.8936742,174.100,0.190,0.000,0.000
29993,25608,18146,15130,0,0,0.39145,-1.35272,9.73842,0.038350,0.010653,-0.004261,-8.670,-2.164,-21.503,-4.7487,0.2233,9.8225,-57.8062,6.2557,148.0004,-0.0001789,-0.0162692,0.0032277,0.000000,0.000000,0.000000,0.00000,0.00000,0.000,0.000,0.000,0.000,0.000,-6.0000,0.0000,0.0000,6.0000,95.00,95.00,90.00,90.00,65535,65535,65535,1500,1,10,40.4365790,-86.8936742,174.300,0.190,0.000,0.000
30032,24126,33301,30298,0,0,1.23900,-0.99000,9.88207,0.031958,0.028762,0.001065,-8.515,-2.238,-20.815,-4.5168,0.2140,9.8269,-56.0644,6.1500,148.2415,-0.0002913,-0.0160230,0.0027611,0.000000,0.000000,0.000000,0.00000,0.00000,0.000,0.000,0.000,0.000,0.000,-6.0000,0.0000,0.0000,6.0000,95.00,95.00,90.00,90.00,65535,65535,65535,1500,1,10,40.4365790,-86.8936742,174.300,0.190,0.000,0.000
30107,39458,31990,28959,0,0,0.24181,-2.03028,8.93396,0.077764,0.036219,-0.006392,-8.528,-2.011,-20.534,-4.3997,0.2014,9.8166,-55.3342,6.0652,148.9891,-0.0000949,-0.0159772,0.0025579,0.000000,0.000000,0.000000,0.00000,0.00000,0.000,0.000,0.000,0.000,0.000,-6.0000,0.0000,0.0000,6.0000,95.00,95.00,90.00,90.00,65535,65535,65535,1500,1,10,40.4365787,-86.8936740,174.300,0.360,0.000,0.000
30141,41769,24160,16301,0,0,-0.19513,-2.33554,10.88045,-0.003196,0.013848,0.005326,-8.715,-1.785,-20.473,-4.3840,0.1927,9.8705,-55.2891,6.0591,149.4008,0.0000790,-0.0161197,0.0024967,0.000000,0.000000,0.000000,0.00000,0.00000,0.000,0.000,0.000,0.000,0.000,-6.0000,0.0000,0.0000,6.0000,95.00,95.00,90.00,90.00,65535,65535,65535,1500,1,10,40.4365787,-86.8936740,174.300,0.360,0.000,0.000
30191,31093,18191,15204,0,0,0.61770,-1.49997,9.73004,0.041545,-0.002131,0.000000,-8.535,-1.728,-20.700,-4.4598,0.1947,9.8759,-56.2167,6.1272,149.9520,-0.0000185,-0.0161491,0.0026360,0.000000,0.000000,0.000000,0.00000,0.00000,0.000,0.000,0.000,0.000,0.000,-6.0000,0.0000,0.0000,6.0000,95.00,95.00,90.00,90.00,65535,65535,65535,1500,1,10,40.4365780,-86.8936737,174.800,0.448,0.000,0.000
30234,19534,18100,15082,0,0,0.65721,-1.86269,10.57279,0.018109,-0.014914,0.005326,-8.592,-1.782,-20.565,-4.4148,0.1934,9.8865,-55.9476,6.0831,150.3863,0.0000338,-0.0160599,0.0025682,0.000000,0.000000,0.000000,0.00000,0.00000,0.000,0.000,0.000,0.000,0.000,-6.0000,0.0000,0.0000,6.0000,95.00,95.00,90.00,90.00,65535,65535,65535,1500,1,10,40.4365780,-86.8936737,174.800,0.448,0.000,0.000
30286,26401,18191,15168,0,0,0.47166,-0.38068,10.32380,-0.014914,-0.038350,-0.001065,-8.261,-1.910,-20.958,-4.5643,0.2022,9.9160,-57.5816,6.2320,150.8918,-0.0003249,-0.0160529,0.0028170,0.000000,0.000000,0.000000,0.00000,0.00000,0.000,0.000,0.000,0.000,0.000,-6.0000,0.0000,0.0000,6.0000,95.00,95.00,90.00,90.00,65535,65535,65535,1500,1,10,40.4365780,-86.8936738,175.100,0.021,-0.648,0.000
30344,29920,22001,15282,0,0,0.42617,-2.22062,10.37767,-0.070307,-0.039415,0.013848,-8.953,-2.011,-20.542,-4.4008,0.1905,9.9428,-56.0479,6.0106,151.4333,0.0002909,-0.0159931,0.0026071,0.000000,0.000000,0.000000,0.00000,0.00000,0.000,0.000,0.000,0.000,0.000,-6.0000,0.0000,0.0000,6.0000,95.00,95.00,90.00,90.00,65535,65535,65535,1500,1,10,40.4365780,-86.8936738,175.100,0.021,-0.648,0.000
30395,25939,18134,15126,0,0,0.86072,-1.19231,9.94911,-0.033023,-0.070307,0.003196,-8.816,-2.506,-19.778,-4.1536,0.1803,9.9528,-54.2414,5.8830,151.9839,0.0000605,-0.0155083,0.0021528,0.000000,0.000000,0.000000,0.00000,0.00000,0.000,0.000,0.000,0.000,0.000,-6.0000,0.0000,0.0000,6.0000,95.00,95.00,90.00,90.00,65535,65535,65535,1500,1,10,40.4365778,-86.8936740,175.300,0.021,-0.648,0.000
30438,18800,18126,15084,0,0,0.20949,-2.23499,9.31823,-0.044741,-0.073503,-0.019175,-9.312,-2.701,-20.276,-4.2955,0.1884,9.9389,-55.2660,5.8492,152.4062,0.0003870,-0.0155407,0.0025179,0.000000,0.000000,0.000000,0.00000,0.00000,0.000,0.000,0.000,0.000,0.000,-6.0000,0.0000,0.0000,6.0000,95.00,95.00,90.00,90.00,65535,65535,65535,1500,1,10,40.4365778,-86.8936740,175.300,0.021,-0.648,0.000
30491,27884,18213,15172,0,0,1.17316,-1.32758,9.10156,0.011718,-0.085221,-0.008522,-9.126,-2.931,-19.247,-3.9572,0.1777,9.9164,-53.0107,5.7856,152.9379,0.0001411,-0.0153591,0.0017990,0.000000,0.000000,0.000000,0.00000,0.00000,0.000,0.000,0.000,0.000,0.000,-6.0000,0.0000,0.0000,6.0000,95.00,95.00,90.00,90.00,65535,65535,65535,1500,1,10,40.4365775,-86.8936747,175.300,0.006,-0.190,0.000
30565,43899,23931,15353,0,0,1.05345,-2.01592,9.83538,-0.038350,-0.085221,-0.017044,-9.419,-3.268,-20.498,-4.3525,0.1792,9.9231,-56.2816,5.8934,153.6063,0.0003490,-0.0155197,0.0026493,0.000000,0.000000,0.000000,0.00000,0.00000,0.000,0.000,0.000,0.000,0.000,-6.0000,0.0000,0.0000,6.0000,95.00,95.00,90.00,90.00,65535,65535,65535,1500,1,10,40.4365773,-86.8936740,175.300,0.006,-0.180,0.000
30601,30234,29560,26574,0,0,0.62010,-0.95050,9.35654,-0.014914,-0.082025,-0.008522,-9.311,-3.267,-19.584,-4.0503,0.1730,9.9116,-54.2441,5.8494,153.9117,0.0001973,-0.0154796,0.0020007,0.000000,0.000000,0.000000,0.00000,0.00000,0.000,0.000,0.000,0.000,0.000,-6.0000,0.0000,0.0000,6.0000,95.00,95.00,90.00,90.00,65535,65535,65535,1500,1,10,40.4365773,-86.8936740,175.300,0.006,-0.180,0.000
30645,19818,18168,15132,0,0,0.51356,-2.19429,9.33499,-0.014914,-0.046872,-0.009587,-9.359,-3.427,-20.718,-4.4247,0.1923,9.9096,-57.3317,5.9771,154.4550,0.0002989,-0.0156502,0.0027570,0.000000,0.000000,0.000000,0.00000,0.00000,0.000,0.000,0.000,0.000,0.000,-6.0000,0.0000,0.0000,6.0000,95.00,95.00,90.00,90.00,65535,65535,65535,1500,1,10,40.4365767,-86.8936732,175.300,0.009,-0.273,0.000
30695,25657,17989,14972,0,0,0.01796,-2.16556,10.76672,-0.062851,-0.018109,0.000000,-9.355,-3.306,-20.488,-4.3588,0.1898,9.9204,-57.1917,6.0217,154.9570,0.0001941,-0.0157430,0.0025732,0.000000,0.000000,0.000000,0.00000,0.00000,0.000,0.000,0.000,0.000,0.000,-6.0000,0.0000,0.0000,6.0000,95.00,95.00,90.00,90.00,65535,65535,65535,1500,1,10,40.4365767,-86.8936732,175.800,0.009,-0.273,0.000
30745,25898,18166,15145,0,0,0.90142,-2.19309,10.13705,0.007457,-0.020240,-0.007457,-9.425,-3.354,-21.043,-4.5418,0.1938,9.9414,-58.7780,6.0734,155.4466,0.0002698,-0.0157957,0.0029548,0.000000,0.000000,0.000000,0.00000,0.00000,0.000,0.000,0.000,0.000,0.000,-6.0000,0.0000,0.0000,6.0000,95.00,95.00,90.00,90.00,65535,65535,65535,1500,1,10,40.4365770,-86.8936732,175.800,0.004,-0.134,0.000
30799,26143,17893,14888,0,0,0.93733,-2.30083,9.62708,0.003196,-0.019175,0.013848,-9.509,-3.499,-21.675,-4.7530,0.1985,9.9299,-60.4833,6.0940,155.9877,0.0004229,-0.0157810,0.0034181,0.000000,0.000000,0.000000,0.00000,0.00000,0.000,0.000,0.000,0.000,0.000,-6.0000,0.0000,0.0000,6.0000,95.00,95.00,90.00,90.00,65535,65535,65535,1500,1,10,40.4365770,-86.8936732,176.000,0.004,-0.134,0.000
30849,30299,18186,15152,0,0,-0.00359,-1.15760,10.28429,0.021305,-0.008522,0.006392,-9.485,-3.317,-22.669,-5.0902,0.2204,9.9540,-63.5518,6.2744,156.4674,0.0004617,-0.0161177,0.0040521,0.000000,0.000000,0.000000,0.00000,0.00000,0.000,0.000,0.000,0.000,0.000,-6.0000,0.0000,0.0000,6.0000,95.00,95.00,90.00,90.00,65535,65535,65535,1500,1,10,40.4365768,-86.8936730,176.000,0.002,-0.072,0.000
30893,19591,18152,15136,0,0,0.81283,-1.59454,9.67018,0.026632,0.025566,0.010653,-9.629,-3.254,-23.059,-5.2158,0.2244,9.9733,-64.6760,6.3035,156.9035,0.0005415,-0.0161490,0.0043119,0.000000,0.000000,0.000000,0.00000,0.00000,0.000,0.000,0.000,0.000,0.000,-6.0000,0.0000,0.0000,6.0000,95.00,95.00,90.00,90.00,65535,65535,65535,1500,1,10,40.4365768,-86.8936730,176.000,0.002,-0.072,0.000
30942,30876,18185,15176,0,0,0.13527,-1.39462,9.78510,0.012783,0.040480,0.024501,-9.461,-2.874,-23.331,-5.3266,0.2313,9.9671,-66.1162,6.4483,157.3989,0.0004003,-0.0164008,0.0044656,0.000000,0.000000,0.000000,0.00000,0.00000,0.000,0.000,0.000,0.000,0.000,-6.0000,0.0000,0.0000,6.0000,95.00,95.00,90.00,90.00,65535,65535,65535,1500,1,10,40.4365765,-86.8936725,176.000,0.003,-0.093,0.000
30997,29952,18067,15119,0,0,-0.19273,-1.27132,10.70088,-0.012783,0.007457,0.006392,-9.420,-2.545,-23.855,-5.5111,0.2457,10.0252,-68.0429,6.5910,157.9447,0.0003965,-0.0167044,0.0047681,0.000000,0.000000,0.000000,0.00000,0.00000,0.000,0.000,0.000,0.000,0.000,-6.0000,0.0000,0.0000,6.0000,95.00,95.00,90.00,90.00,65535,65535,65535,1500,1,10,40.4365765,-86.8936725,176.400,0.003,-0.093,0.000
31036,23800,33360,30359,0,0,0.58299,-1.88304,9.46787,0.083091,0.001065,0.002131,-9.398,-2.562,-23.845,-5.5003,0.2450,10.0218,-67.9845,6.5599,158.1834,0.0004855,-0.0166619,0.0047689,0.000000,0.000000,0.000000,0.00000,0.00000,0.000,0.000,0.000,0.000,0.000,-6.0000,0.0000,0.0000,6.0000,95.00,95.00,90.00,90.00,65535,65535,65535,1500,1,10,40.4365765,-86.8936725,176.400,0.003,-0.093,0.000
31095,33058,18266,15226,0,0,-0.10534,-1.93930,10.13346,-0.042611,-0.015979,0.004261,-9.568,-2.362,-24.037,-5.5863,0.2503,10.0552,-69.0987,6.6334,158.9182,0.0005572,-0.0168613,0.0048978,0.000000,0.000000,0.000000,0.00000,0.00000,0.000,0.000,0.000,0.000,0.000,-6.0000,0.0000,0.0000,6.0000,95.00,95.00,90.00,90.00,65535,65535,65535,1500,1,10,40.4365768,-86.8936710,176.400,0.001,-0.015,0.000
31134,19078,33062,30031,0,0,-0.08260,-1.00916,9.76475,0.002131,-0.015979,0.006392,-9.385,-2.255,-24.224,-5.6608,0.2507,10.0547,-70.0362,6.7383,159.1087,0.0003814,-0.0169953,0.0049953,0.000000,0.000000,0.000000,0.00000,0.00000,0.000,0.000,0.000,0.000,0.000,-6.0000,0.0000,0.0000,6.0000,95.00,95.00,90.00,90.00,65535,65535,65535,1500,1,10,40.4365768,-86.8936710,176.400,0.001,-0.015,0.000
31192,38353,19798,15332,0,0,1.14323,-1.28688,9.64983,0.018109,0.005326,0.014914,-9.006,-2.367,-24.199,-5.6571,0.2606,10.0523,-70.6367,6.7921,159.8841,0.0000495,-0.0167969,0.0050003,0.000000,0.000000,0.000000,0.00000,0.00000,0.000,0.000,0.000,0.000,0.000,-6.0000,0.0000,0.0000,6.0000,95.00,95.00,90.00,90.00,65535,65535,65535,1500,1,10,40.4365767,-86.8936705,177.000,0.003,-0.077,0.000
31247,26768,18231,15195,0,0,-0.19992,-0.21069,10.18015,-0.010653,-0.010653,0.015979,-8.976,-2.340,-24.277,-5.7000,0.2618,10.0493,-71.3619,6.8422,160.4511,-0.0000376,-0.0168077,0.0050698,0.000000,0.000000,0.000000,0.00000,0.00000,0.000,0.000,0.000,0.000,0.000,-6.0000,0.0000,0.0000,6.0000,95.00,95.00,90.00,90.00,65535,65535,65535,1500,1,10,40.4365763,-86.8936698,177.000,0.003,-0.082,0.000
31291,24656,18198,15175,0,0,1.14443,-1.35153,9.75158,0.063916,-0.022371,0.004261,-9.235,-2.499,-23.626,-5.4697,0.2528,10.0618,-69.5837,6.7168,160.8966,0.0000250,-0.0165576,0.0046659,0.000000,0.000000,0.000000,0.00000,0.00000,0.000,0.000,0.000,0.000,0.000,-6.0000,0.0000,0.0000,6.0000,95.00,95.00,90.00,90.00,65535,65535,65535,1500,1,10,40.4365763,-86.8936698,177.000,0.003,-0.082,0.000
31342,26064,18235,15180,0,0,0.22027,-1.15041,9.83418,0.031958,-0.021305,-0.027697,-9.181,-2.448,-23.749,-5.4859,0.2556,10.0564,-70.0011,6.7360,161.4021,0.0001059,-0.0166453,0.0046968,0.000000,0.000000,0.000000,0.00000,0.00000,0.000,0.000,0.000,0.000,0.000,-6.0000,0.0000,0.0000,6.0000,95.00,95.00,90.00,90.00,65535,65535,65535,1500,1,10,40.4365762,-86.8936692,177.000,0.006,-0.170,0.000
31393,26025,18272,15190,0,0,0.15203,-0.88945,9.50498,0.000000,-0.018109,-0.020240,-9.148,-2.296,-23.985,-5.5445,0.2586,10.0717,-70.8761,6.8104,161.9152,0.0001168,-0.0168327,0.0047765,0.000000,0.000000,0.000000,0.00000,0.00000,0.000,0.000,0.000,0.000,0.000,-6.0000,0.0000,0.0000,6.0000,95.00,95.00,90.00,90.00,65535,65535,65535,1500,1,9,40.4365762,-86.8936692,177.400,0.006,-0.170,0.000
31447,29989,18298,15293,0,0,0.59735,-2.04106,9.87249,0.015979,-0.028762,-0.025566,-9.083,-2.547,-23.997,-5.5224,0.2526,10.0693,-70.7778,6.7511,162.4615,0.0001618,-0.0166303,0.0047761,0.000000,0.000000,0.000000,0.00000,0.00000,0.000,0.000,0.000,0.000,0.000,-6.0000,0.0000,0.0000,6.0000,95.00,95.00,90.00,90.00,65535,65535,65535,1500,1,9,40.4365758,-86.8936687,177.400,0.007,-0.216,0.000
31491,19676,18212,15165,0,0,-0.09337,-1.27012,10.50336,0.034088,-0.024501,-0.037284,-8.960,-2.488,-24.070,-5.5214,0.2514,10.0943,-71.1439,6.7994,162.9120,0.0000891,-0.0166927,0.0047525,0.000000,0.000000,0.000000,0.00000,0.00000,0.000,0.000,0.000,0.000,0.000,-6.0000,0.0000,0.0000,6.0000,95.00,95.00,90.00,90.00,65535,65535,65535,1500,1,9,40.4365758,-86.8936687,177.500,0.007,-0.216,0.000
31561,39723,28493,20576,0,0,0.05866,-0.82480,9.11113,0.020240,-0.013848,-0.018109,-8.397,-2.456,-24.263,-5.5973,0.2597,10.0722,-72.4940,6.9873,163.5046,-0.0004245,-0.0167520,0.0047915,0.000000,0.000000,0.000000,0.00000,0.00000,0.000,0.000,0.000,0.000,0.000,-6.0000,0.0000,0.0000,6.0000,95.00,95.00,90.00,90.00,65535,65535,65535,1500,1,9,40.4365755,-86.8936683,177.500,0.007,-0.221,0.000
31597,29592,35178,27305,0,0,-0.47166,-2.14640,10.33218,0.025566,-0.029827,-0.012783,-8.521,-2.212,-24.104,-5.5322,0.2569,10.0932,-72.1808,6.9979,163.8044,-0.0002637,-0.0169841,0.0046356,0.000000,0.000000,0.000000,0.00000,0.00000,0.000,0.000,0.000,0.000,0.000,-6.0000,0.0000,0.0000,6.0000,95.00,95.00,90.00,90.00,65535,65535,65535,1500,1,9,40.4365755,-86.8936683,177.500,0.007,-0.221,0.000
31656,35194,23325,15312,0,0,0.29329,-0.86431,9.05128,0.005326,-0.046872,-0.020240,-8.152,-2.367,-24.167,-5.5423,0.2701,10.0632,-72.9879,7.1144,164.5240,-0.0006621,-0.0169182,0.0046113,0.000000,0.000000,0.000000,0.00000,0.00000,0.000,0.000,0.000,0.000,0.000,-6.0000,0.0000,0.0000,6.0000,95.00,95.00,90.00,90.00,65535,65535,65535,1500,1,9,40.4365748,-86.8936683,177.500,0.010,-0.298,0.000
31682,29676,18814,15780,0,0,-0.04549,-1.86508,10.27950,-0.043676,-0.041545,-0.018109,-8.321,-2.295,-24.292,-5.5729,0.2709,10.0816,-73.3958,7.1355,164.8224,-0.0005672,-0.0170467,0.0046594,0.000000,0.000000,0.000000,0.00000,0.00000,0.000,0.000,0.000,0.000,0.000,-6.0000,0.0000,0.0000,6.0000,95.00,95.00,90.00,90.00,65535,65535,65535,1500,1,9,40.4365748,-86.8936683,177.500,0.010,-0.298,0.000
31750,19766,18159,15141,0,0,0.63087,-1.59813,8.96629,0.002131,-0.030893,-0.031958,-8.515,-2.368,-24.582,-5.6423,0.2760,10.1023,-74.1955,7.1311,165.5241,-0.0004022,-0.0170816,0.0048150,0.000000,0.000000,0.000000,0.00000,0.00000,0.000,0.000,0.000,0.000,0.000,-6.0000,0.0000,0.0000,6.0000,95.00,95.00,90.00,90.00,65535,65535,65535,1500,1,9,40.4365743,-86.8936675,177.800,0.380,-0.145,0.000
31782,24366,24912,21858,0,0,0.78889,-2.10929,10.25437,0.039415,-0.009587,-0.024501,-8.603,-2.473,-24.737,-5.6722,0.2752,10.1184,-74.3676,7.0803,165.7697,-0.0002583,-0.0169942,0.0049150,0.000000,0.000000,0.000000,0.00000,0.00000,0.000,0.000,0.000,0.000,0.000,-6.0000,0.0000,0.0000,6.0000,95.00,95.00,90.00,90.00,65535,65535,65535,1500,1,9,40.4365743,-86.8936675,177.800,0.380,-0.145,0.000
31831,24843,18225,15192,0,0,0.42856,-0.00239,9.60195,0.024501,0.007457,-0.002131,-8.069,-2.490,-24.627,-5.6374,0.2756,10.1206,-74.7608,7.2015,166.3382,-0.0007387,-0.0169079,0.0047805,0.000000,0.000000,0.000000,0.00000,0.00000,0.000,0.000,0.000,0.000,0.000,-6.0000,0.0000,0.0000,6.0000,95.00,95.00,90.00,90.00,65535,65535,65535,1500,1,9,40.4365743,-86.8936675,177.800,0.380,-0.145,0.000
31898,18948,18051,15063,0,0,0.12330,-1.41856,9.13747,0.012783,0.003196,-0.024501,-8.068,-2.299,-24.682,-5.6153,0.2782,10.1397,-75.0539,7.2356,167.0234,-0.0007055,-0.0170167,0.0047288,0.000000,0.000000,0.000000,0.00000,0.00000,0.000,0.000,0.000,0.000,0.000,-6.0000,0.0000,0.0000,6.0000,95.00,95.00,90.00,90.00,65535,65535,65535,1500,1,9,40.4365742,-86.8936673,177.900,0.341,-0.131,0.000
31949,31377,18264,15202,0,0,0.62848,-2.52229,10.14064,-0.043676,-0.004261,-0.009587,-8.581,-2.137,-24.389,-5.4737,0.2630,10.1894,-73.9495,7.1227,167.5372,-0.0002913,-0.0170855,0.0045156,0.000000,0.000000,0.000000,0.00000,0.00000,0.000,0.000,0.000,0.000,0.000,-6.0000,0.0000,0.0000,6.0000,95.00,95.00,90.00,90.00,65535,65535,65535,1500,1,9,40.4365745,-86.8936672,177.900,0.423,-0.162,0.000
31999,25954,18037,14995,0,0,1.12049,-1.53708,10.14543,0.006392,-0.015979,0.000000,-8.623,-2.316,-24.355,-5.4531,0.2594,10.2084,-73.8366,7.0558,168.0560,-0.0001832,-0.0169090,0.0045281,0.000000,0.000000,0.000000,0.00000,0.00000,0.000,0.000,0.000,0.000,0.000,-6.0000,0.0000,0.0000,6.0000,95.00,95.00,90.00,90.00,65535,65535,65535,1500,1,9,40.4365745,-86.8936672,178.000,0.423,-0.162,0.000
32039,18746,38399,30304,0,0,0.35913,-1.97641,9.92397,-0.031958,-0.001065,-0.004261,-8.780,-2.274,-24.272,-5.4113,0.2591,10.2143,-73.5330,7.0219,168.2482,-0.0000646,-0.0169199,0.0044691,0.000000,0.000000,0.000000,0.00000,0.00000,0.000,0.000,0.000,0.000,0.000,-6.0000,0.0000,0.0000,6.0000,95.00,95.00,90.00,90.00,65535,65535,65535,1500,1,9,40.4365745,-86.8936672,178.000,0.423,-0.162,0.000
32083,49173,33512,26437,0,0,0.75178,-1.40899,10.18134,0.010653,-0.003196,0.001065,-8.705,-2.340,-24.345,-5.4240,0.2596,10.2384,-73.9306,7.0276,168.7506,-0.0001059,-0.0168304,0.0045197,0.000000,0.000000,0.000000,0.00000,0.00000,0.000,0.000,0.000,0.000,0.000,-6.0000,0.0000,0.0000,6.0000,95.00,95.00,90.00,90.00,65535,65535,65535,1500,1,9,40.4365748,-86.8936673,178.000,0.480,-0.184,0.000
32131,24252,17948,14927,0,0,0.76136,-1.39223,10.18374,0.001065,0.003196,0.004261,-8.753,-2.359,-24.364,-5.4395,0.2608,10.2490,-74.3794,7.0454,169.4066,-0.0001593,-0.0167644,0.0045487,0.000000,0.000000,0.000000,0.00000,0.00000,0.000,0.000,0.000,0.000,0.000,-6.0000,0.0000,0.0000,6.0000,95.00,95.00,90.00,90.00,65535,65535,65535,1500,1,9,40.4365748,-86.8936673,178.000,0.480,-0.184,0.000
32199,39985,26713,18842,0,0,-0.36392,-1.78368,10.23641,0.036219,-0.014914,0.017044,-9.057,-2.164,-23.718,-5.2198,0.2598,10.2771,-72.6339,6.9304,170.0108,0.0001989,-0.0168285,0.0041580,0.000000,0.000000,0.000000,0.00000,0.00000,0.000,0.000,0.000,0.000,0.000,-6.0000,0.0000,0.0000,6.0000,95.00,95.00,90.00,90.00,65535,65535,65535,1500,1,9,40.4365750,-86.8936677,178.200,0.428,-0.164,0.000
32250,26665,18263,15193,0,0,1.16837,-2.33076,10.81581,0.026632,-0.022371,0.010653,-9.086,-2.407,-23.670,-5.2090,0.2525,10.3441,-72.5227,6.8306,170.6262,0.0003881,-0.0166033,0.0042141,0.000000,0.000000,0.000000,0.00000,0.00000,0.000,0.000,0.000,0.000,0.000,-6.0000,0.0000,0.0000,6.0000,95.00,95.00,90.00,90.00,65535,65535,65535,1500,1,9,40.4365743,-86.8936690,178.200,0.322,-0.162,0.000
32299,20537,18173,15156,0,0,0.67157,-2.49476,9.63427,0.034088,-0.029827,0.033023,-9.055,-2.585,-23.758,-5.2643,0.2606,10.3492,-73.0670,6.8024,171.1356,0.0004499,-0.0164744,0.0043569,0.000000,0.000000,0.000000,0.00000,0.00000,0.000,0.000,0.000,0.000,0.000,-6.0000,0.0000,0.0000,6.0000,95.00,95.00,90.00,90.00,65535,65535,65535,1500,1,9,40.4365743,-86.8936690,178.200,0.322,-0.162,0.000
32349,25546,18224,15211,0,0,0.35195,-2.30801,10.33218,-0.005326,-0.019175,0.040480,-9.024,-2.469,-23.608,-5.2532,0.2582,10.3653,-73.3934,6.8630,171.6499,0.0003676,-0.0165741,0.0043030,0.000000,0.000000,0.000000,0.00000,0.00000,0.000,0.000,0.000,0.000,0.000,-6.0000,0.0000,0.0000,6.0000,95.00,95.00,90.00,90.00,65535,65535,65535,1500,1,9,40.4365738,-86.8936682,178.200,0.211,-0.106,0.000
32399,26038,17950,14944,0,0,0.46807,-2.37146,10.19691,-0.017044,-0.005326,0.025566,-9.130,-2.336,-23.393,-5.1894,0.2535,10.3861,-73.1651,6.8646,172.1750,0.0004376,-0.0166565,0.0041813,0.000000,0.000000,0.000000,0.00000,0.00000,0.000,0.000,0.000,0.000,0.000,-6.0000,0.0000,0.0000,6.0000,95.00,95.00,90.00,90.00,65535,65535,65535,1500,1,9,40.4365738,-86.8936682,178.200,0.211,-0.106,0.000
32449,26335,18192,15186,0,0,1.63045,-0.96965,9.74560,-0.036219,0.000000,0.023436,-9.139,-2.551,-23.365,-5.2125,0.2540,10.3787,-73.5192,6.8535,172.6933,0.0003292,-0.0164142,0.0042481,0.000000,0.000000,0.000000,0.00000,0.00000,0.000,0.000,0.000,0.000,0.000,-6.0000,0.0000,0.0000,6.0000,95.00,95.00,90.00,90.00,65535,65535,65535,1500,1,9,40.4365733,-86.8936688,178.200,0.290,-0.145,0.000
32484,28245,24800,16930,0,0,0.64045,-2.33076,9.21409,-0.014914,-0.010653,0.018109,-9.416,-2.557,-23.065,-5.0974,0.2455,10.3701,-72.5002,6.7531,172.9886,0.0005663,-0.0163480,0.0040854,0.000000,0.000000,0.000000,0.00000,0.00000,0.000,0.000,0.000,0.000,0.000,-6.0000,0.0000,0.0000,6.0000,95.00,95.00,90.00,90.00,65535,65535,65535,1500,1,9,40.4365733,-86.8936688,178.200,0.290,-0.145,0.000
32546,37114,18252,15236,0,0,0.82121,-2.13204,9.67377,-0.015979,-0.017044,0.008522,-9.504,-2.483,-23.059,-5.1135,0.2418,10.3531,-73.0451,6.7925,173.6934,0.0005575,-0.0164156,0.0041049,0.000000,0.000000,0.000000,0.00000,0.00000,0.000,0.000,0.000,0.000,0.000,-6.0000,0.0000,0.0000,6.0000,95.00,95.00,90.00,90.00,65535,65535,65535,1500,1,9,40.4365728,-86.8936692,178.200,0.253,-0.127,0.000
32582,24433,30562,27563,0,0,0.81163,-0.85114,9.17099,-0.041545,-0.015979,-0.003196,-9.356,-2.612,-23.101,-5.1404,0.2421,10.3385,-73.4500,6.8337,173.9456,0.0003578,-0.0162999,0.0041336,0.000000,0.000000,0.000000,0.00000,0.00000,0.000,0.000,0.000,0.000,0.000,-6.0000,0.0000,0.0000,6.0000,95.00,95.00,90.00,90.00,65535,65535,65535,1500,1,9,40.4365728,-86.8936692,178.200,0.253,-0.127,0.000
32633,26196,18188,15178,0,0,-0.15203,-1.51433,9.91559,-0.013848,-0.020240,0.008522,-9.006,-2.643,-23.540,-5.3184,0.2658,10.3514,-75.6700,7.0193,174.5942,-0.0000419,-0.0163672,0.0044014,0.000000,0.000000,0.000000,0.00000,0.00000,0.000,0.000,0.000,0.000,0.000,-6.0000,0.0000,0.0000,6.0000,95.00,95.00,90.00,90.00,65535,65535,65535,1500,1,9,40.4365728,-86.8936692,178.200,0.253,-0.127,0.000
32692,29201,22633,15091,0,0,0.96486,-1.65559,9.44393,-0.013848,-0.015979,-0.010653,-8.925,-2.858,-23.151,-5.1742,0.2568,10.3370,-74.7064,6.9779,175.1581,-0.0001673,-0.0160937,0.0041532,0.000000,0.000000,0.000000,0.00000,0.00000,0.000,0.000,0.000,0.000,0.000,-6.0000,0.0000,0.0000,6.0000,95.00,95.00,90.00,90.00,65535,65535,65535,1500,1,9,40.4365720,-86.8936692,178.500,0.262,-0.132,0.000
32735,18894,18084,15093,0,0,0.70749,-2.07338,9.90840,-0.014914,-0.009587,-0.030893,-8.948,-2.807,-23.365,-5.2266,0.2643,10.3378,-75.4310,7.0196,175.6479,-0.0001744,-0.0161658,0.0042373,0.000000,0.000000,0.000000,0.00000,0.00000,0.000,0.000,0.000,0.000,0.000,-6.0000,0.0000,0.0000,6.0000,95.00,95.00,90.00,90.00,65535,65535,65535,1500,1,9,40.4365720,-86.8936692,178.500,0.262,-0.132,0.000
32786,25900,18228,15200,0,0,1.13246,-2.92212,9.75158,0.099070,-0.036219,-0.020240,-8.910,-3.006,-23.294,-5.1732,0.2554,10.3227,-75.0527,6.9558,176.1745,-0.0000893,-0.0160015,0.0041791,0.000000,0.000000,0.000000,0.00000,0.00000,0.000,0.000,0.000,0.000,0.000,-6.0000,0.0000,0.0000,6.0000,95.00,95.00,90.00,90.00,65535,65535,65535,1500,1,9,40.4365715,-86.8936687,178.600,0.175,-0.088,0.000
32836,25832,18156,15144,0,0,0.60813,-2.27329,9.72166,-0.018109,-0.044741,-0.026632,-9.170,-2.954,-23.481,-5.2084,0.2555,10.3313,-75.4965,6.9380,176.6922,0.0001676,-0.0161629,0.0042652,0.000000,0.000000,0.000000,0.00000,0.00000,0.000,0.000,0.000,0.000,0.000,-6.0000,0.0000,0.0000,6.0000,95.00,95.00,90.00,90.00,65535,65535,65535,1500,1,9,40.4365708,-86.8936675,178.600,0.175,-0.088,0.000
32893,29363,21023,15146,0,0,0.92775,-0.82959,8.84538,0.043676,-0.031958,-0.024501,-8.790,-2.948,-23.501,-5.2081,0.2611,10.3324,-76.1559,7.0771,177.2554,-0.0001517,-0.0162701,0.0041881,0.000000,0.000000,0.000000,0.00000,0.00000,0.000,0.000,0.000,0.000,0.000,-6.0000,0.0000,0.0000,6.0000,95.00,95.00,90.00,90.00,65535,65535,65535,1500,1,9,40.4365708,-86.8936675,178.900,0.175,-0.088,0.000
32936,18933,18198,15166,0,0,0.81163,-2.44687,9.53850,0.060720,-0.027697,-0.011718,-9.056,-2.985,-24.004,-5.3497,0.2708,10.3648,-77.2400,7.0243,177.7267,0.0001972,-0.0163427,0.0044948,0.000000,0.000000,0.000000,0.00000,0.00000,0.000,0.000,0.000,0.000,0.000,-6.0000,0.0000,0.0000,6.0000,95.00,95.00,90.00,90.00,65535,65535,65535,1500,1,9,40.4365708,-86.8936675,178.900,0.175,-0.088,0.000
32987,25986,18275,15218,0,0,-0.19632,-1.81959,10.02692,-0.025566,-0.010653,-0.015979,-8.986,-2.705,-23.899,-5.2913,0.2700,10.3730,-77.2739,7.1007,178.2567,0.0001678,-0.0165858,0.0043407,0.000000,0.000000,0.000000,0.00000,0.00000,0.000,0.000,0.000,0.000,0.000,-6.0000,0.0000,0.0000,6.0000,95.00,95.00,90.00,90.00,65535,65535,65535,1500,1,9,40.4365700,-86.8936665,179.100,0.202,-0.102,0.000
33055,40175,21918,18869,0,0,0.53151,-1.23900,9.97185,-0.028762,-0.039415,-0.029827,-8.844,-2.698,-23.779,-5.2204,0.2723,10.3825,-77.3134,7.1868,178.9274,-0.0000690,-0.0166161,0.0041692,0.000000,0.000000,0.000000,0.00000,0.00000,0.000,0.000,0.000,0.000,0.000,-6.0000,0.0000,0.0000,6.0000,95.00,95.00,90.00,90.00,65535,65535,65535,1500,1,9,40.4365697,-86.8936657,179.200,0.239,-0.120,0.000
33092,28197,30495,27466,0,0,0.67277,-2.58933,9.49301,-0.028762,-0.052198,-0.015979,-9.174,-2.876,-24.210,-5.3488,0.2731,10.3820,-78.1811,7.1171,179.2173,0.0002145,-0.0165704,0.0044596,0.000000,0.000000,0.000000,0.00000,0.00000,0.000,0.000,0.000,0.000,0.000,-6.0000,0.0000,0.0000,6.0000,95.00,95.00,90.00,90.00,65535,65535,65535,1500,1,9,40.4365697,-86.8936657,179.200,0.239,-0.120,0.000
33141,20797,18086,15092,0,0,1.89980,-1.66517,9.27155,-0.002131,-0.029827,0.005326,-9.291,-3.349,-24.187,-5.3268,0.2669,10.4408,-77.8105,6.9884,179.8543,0.0003394,-0.0161713,0.0044886,0.000000,0.000000,0.000000,0.00000,0.00000,0.000,0.000,0.000,0.000,0.000,-6.0000,0.0000,0.0000,6.0000,95.00,95.00,90.00,90.00,65535,65535,65535,1500,1,9,40.4365697,-86.8936657,179.200,0.239,-0.120,0.000
33192,26455,18276,15227,0,0,-0.08619,-0.34596,9.15543,0.014914,0.036219,-0.018109,-9.031,-3.127,-24.187,-5.3223,0.2690,10.3926,-78.3605,7.1042,180.3884,0.0000708,-0.0162601,0.0044197,0.000000,0.000000,0.000000,0.00000,0.00000,0.000,0.000,0.000,0.000,0.000,-6.0000,0.0000,0.0000,6.0000,95.00,95.00,90.00,90.00,65535,65535,65535,1500,1,9,40.4365690,-86.8936648,179.400,0.313,-0.157,0.000
33232,24323,33399,30383,0,0,-0.11851,-2.80002,9.69532,-0.040480,0.073503,-0.010653,-9.417,-2.841,-24.283,-5.3208,0.2685,10.3974,-78.3400,7.0593,180.6412,0.0003905,-0.0164289,0.0044456,0.000000,0.000000,0.000000,0.00000,0.00000,0.000,0.000,0.000,0.000,0.000,-6.0000,0.0000,0.0000,6.0000,95.00,95.00,90.00,90.00,65535,65535,65535,1500,1,9,40.4365690,-86.8936648,179.400,0.313,-0.157,0.000
33290,33723,18380,15356,0,0,1.09894,-1.11450,10.00537,-0.015979,-0.002131,0.001065,-9.329,-2.981,-24.089,-5.2309,0.2662,10.4048,-78.0480,7.0535,181.4072,0.0002061,-0.0161636,0.0043158,0.000000,0.000000,0.000000,0.00000,0.00000,0.000,0.000,0.000,0.000,0.000,-6.0000,0.0000,0.0000,6.0000,95.00,95.00,90.00,90.00,65535,65535,65535,1500,1,9,40.4365690,-86.8936648,179.400,0.313,-0.157,0.000
33343,23786,23310,15287,0,0,0.96007,-0.16640,9.88207,-0.051133,-0.022371,-0.027697,-9.016,-3.130,-24.349,-5.3184,0.2690,10.4333,-79.2285,7.1627,181.9088,-0.0001574,-0.0160654,0.0044228,0.000000,0.000000,0.000000,0.00000,0.00000,0.000,0.000,0.000,0.000,0.000,-6.0000,0.0000,0.0000,6.0000,95.00,95.00,90.00,90.00,65535,65535,65535,1500,1,9,40.4365688,-86.8936638,179.400,0.317,-0.210,0.000
33394,25994,18049,15008,0,0,-0.10534,-2.34512,10.15381,0.060720,-0.019175,-0.012783,-9.471,-2.990,-24.030,-5.1453,0.2482,10.4918,-77.7474,7.0263,182.4998,0.0003442,-0.0161664,0.0041769,0.000000,0.000000,0.000000,0.00000,0.00000,0.000,0.000,0.000,0.000,0.000,-6.0000,0.0000,0.0000,6.0000,95.00,95.00,90.00,90.00,65535,65535,65535,1500,1,9,40.4365688,-86.8936638,179.700,0.317,-0.210,0.000
33445,26425,18281,15229,0,0,0.64643,-2.06141,9.22246,0.062851,0.005326,-0.021305,-9.559,-3.029,-23.716,-4.9847,0.2397,10.4846,-76.3548,6.8979,183.0297,0.0006055,-0.0160214,0.0039579,0.000000,0.000000,0.000000,0.00000,0.00000,0.000,0.000,0.000,0.000,0.000,-6.0000,0.0000,0.0000,6.0000,95.00,95.00,90.00,90.00,65535,65535,65535,1500,1,9,40.4365685,-86.8936635,0.000,0.283,-0.187,0.000
33495,25784,17927,14899,0,0,0.42018,-2.23140,10.93911,-0.021305,-0.005326,0.002131,-9.345,-3.149,-24.152,-5.1410,0.2449,10.5130,-77.9639,6.9774,183.5536,0.0003734,-0.0159250,0.0042063,0.000000,0.000000,0.000000,0.00000,0.00000,0.000,0.000,0.000,0.000,0.000,-6.0000,0.0000,0.0000,6.0000,95.00,95.00,90.00,90.00,65535,65535,65535,1500,1,9,40.4365685,-86.8936635,0.000,0.283,-0.187,0.000
33534,18535,38382,30333,0,0,0.63805,-0.23343,10.16698,-0.022371,-0.008522,-0.023436,-8.954,-3.264,-24.815,-5.4008,0.2510,10.5178,-80.4426,7.1300,183.7431,-0.0000034,-0.0159111,0.0045984,0.000000,0.000000,0.000000,0.00000,0.00000,0.000,0.000,0.000,0.000,0.000,-6.0000,0.0000,0.0000,6.0000,95.00,95.00,90.00,90.00,65535,65535,65535,1500,1,9,40.4365685,-86.8936635,0.000,0.283,-0.187,0.000
33596,37206,18016,14973,0,0,-0.55426,-0.96127,10.57399,0.046872,-0.052198,-0.033023,-8.878,-2.725,-24.580,-5.3048,0.2536,10.5893,-80.2441,7.2637,184.6162,0.0000512,-0.0164823,0.0042784,0.000000,0.000000,0.000000,0.00000,0.00000,0.000,0.000,0.000,0.000,0.000,-6.0000,0.0000,0.0000,6.0000,95.00,95.00,90.00,90.00,65535,65535,65535,1500,1,9,40.4365683,-86.8936632,0.000,0.305,-0.202,0.000
33646,31302,18254,15224,0,0,0.20351,-2.12126,10.63265,-0.106526,-0.072438,-0.010653,-9.677,-2.699,-25.083,-5.4474,0.2630,10.6420,-81.5816,7.2616,185.1437,0.0003675,-0.0167220,0.0045515,0.000000,0.000000,0.000000,0.00000,0.00000,0.000,0.000,0.000,0.000,0.000,-6.0000,0.0000,0.0000,6.0000,95.00,95.00,90.00,90.00,65535,65535,65535,1500,1,9,40.4365677,-86.8936627,0.000,0.347,-0.230,0.000
33696,25904,17854,14848,0,0,0.05507,-1.48919,11.01931,-0.017044,-0.074569,-0.041545,-9.670,-2.749,-26.007,-5.7736,0.2838,10.6836,-84.7978,7.4194,185.6735,0.0002725,-0.0169870,0.0050681,0.000000,0.000000,0.000000,0.00000,0.00000,0.000,0.000,0.000,0.000,0.000,-6.0000,0.0000,0.0000,6.0000,95.00,95.00,90.00,90.00,65535,65535,65535,1500,1,9,40.4365677,-86.8936627,0.000,0.347,-0.230,0.000
33739,24692,18242,15198,0,0,0.09098,-2.48039,9.59716,0.044741,-0.067112,-0.026632,-9.659,-2.905,-26.672,-5.9964,0.2951,10.7163,-86.8315,7.4598,186.1300,0.0003663,-0.0170852,0.0054583,0.000000,0.000000,0.000000,0.00000,0.00000,0.000,0.000,0.000,0.000,0.000,-6.0000,0.0000,0.0000,6.0000,95.00,95.00,90.00,90.00,65535,65535,65535,1500,1,9,40.4365675,-86.8936617,0.000,0.442,0.169,0.000
33798,29770,17850,14825,0,0,1.40300,-1.00437,9.21049,-0.011718,-0.028762,-0.042611,-9.687,-3.209,-24.683,-5.2233,0.2488,10.7212,-80.6208,7.2544,186.7766,0.0002819,-0.0165545,0.0041884,0.000000,0.000000,0.000000,0.00000,0.00000,0.000,0.000,0.000,0.000,0.000,-6.0000,0.0000,0.0000,6.0000,95.00,95.00,90.00,90.00,65535,65535,65535,1500,1,9,40.4365675,-86.8936617,180.100,0.442,0.169,0.000
33848,31652,18237,15199,0,0,-0.70150,-1.67474,10.49139,0.027697,-0.018109,-0.010653,-9.666,-2.902,-26.619,-5.9011,0.2956,10.7444,-86.7685,7.4805,187.2988,0.0004251,-0.0171587,0.0053008,0.000000,0.000000,0.000000,0.00000,0.00000,0.000,0.000,0.000,0.000,0.000,-6.0000,0.0000,0.0000,6.0000,95.00,95.00,90.00,90.00,65535,65535,65535,1500,1,9,40.4365672,-86.8936608,180.100,0.329,0.389,0.000
33898,25830,17927,14905,0,0,0.90980,-2.50912,9.96706,-0.069242,-0.040480,-0.014914,-10.058,-3.116,-27.526,-6.1925,0.3089,10.7830,-89.1112,7.4387,187.8336,0.0007378,-0.0171462,0.0058575,0.000000,0.000000,0.000000,0.00000,0.00000,0.000,0.000,0.000,0.000,0.000,-6.0000,0.0000,0.0000,6.0000,95.00,95.00,90.00,90.00,65535,65535,65535,1500,1,9,40.4365672,-86.8936608,180.100,0.329,0.389,0.000
33942,19740,18206,15162,0,0,-0.58658,-2.35470,11.00615,-0.003196,-0.066046,-0.043676,-9.894,-3.163,-26.616,-5.8277,0.2881,10.8343,-86.5628,7.4373,188.3094,0.0005199,-0.0170369,0.0052147,0.000000,0.000000,0.000000,0.00000,0.00000,0.000,0.000,0.000,0.000,0.000,-6.0000,0.0000,0.0000,6.0000,95.00,95.00,90.00,90.00,65535,65535,65535,1500,1,9,40.4365665,-86.8936598,180.100,0.146,0.515,0.000
33997,26710,17987,14939,0,0,1.50236,-3.16873,10.90319,0.070307,-0.053263,-0.011718,-9.751,-3.328,-26.572,-5.8031,0.2841,10.8704,-86.7059,7.4555,188.9124,0.0004594,-0.0169913,0.0051710,0.000000,0.000000,0.000000,0.00000,0.00000,0.000,0.000,0.000,0.000,0.000,-6.0000,0.0000,0.0000,6.0000,95.00,95.00,90.00,90.00,65535,65535,65535,1500,1,9,40.4365665,-86.8936598,180.300,0.146,0.515,0.000
34036,23718,33398,30365,0,0,0.03711,-0.80924,8.84418,-0.005326,-0.035154,-0.006392,-9.578,-3.114,-25.984,-5.5912,0.2704,10.8483,-85.4222,7.5233,189.1747,0.0002717,-0.0171207,0.0047577,0.000000,0.000000,0.000000,0.00000,0.00000,0.000,0.000,0.000,0.000,0.000,-6.0000,0.0000,0.0000,6.0000,95.00,95.00,90.00,90.00,65535,65535,65535,1500,1,9,40.4365665,-86.8936598,180.300,0.146,0.515,0.000
34100,32617,24921,16886,0,0,1.22344,-1.76094,9.88566,0.074569,0.045806,0.017044,-9.433,-2.992,-25.771,-5.4905,0.2656,10.8729,-84.9240,7.4907,189.9663,0.0002342,-0.0169344,0.0046181,0.000000,0.000000,0.000000,0.00000,0.00000,0.000,0.000,0.000,0.000,0.000,-6.0000,0.0000,0.0000,6.0000,95.00,95.00,90.00,90.00,65535,65535,65535,1500,1,9,40.4365660,-86.8936588,180.300,0.062,0.563,0.000
34142,22765,18120,15101,0,0,1.42575,-0.95529,9.73123,0.005326,0.022371,0.015979,-9.519,-3.083,-25.775,-5.4975,0.2632,10.8776,-84.9247,7.4138,190.4924,0.0003357,-0.0167085,0.0046745,0.000000,0.000000,0.000000,0.00000,0.00000,0.000,0.000,0.000,0.000,0.000,-6.0000,0.0000,0.0000,6.0000,95.00,95.00,90.00,90.00,65535,65535,65535,1500,1,9,40.4365660,-86.8936588,180.300,0.062,0.563,0.000
34197,30447,18313,15303,0,0,1.42216,-0.03472,9.86890,-0.090547,-0.015979,0.003196,-9.196,-3.323,-25.432,-5.3888,0.2633,10.9032,-84.5667,7.4748,191.0962,-0.0001325,-0.0164222,0.0044734,0.000000,0.000000,0.000000,0.00000,0.00000,0.000,0.000,0.000,0.000,0.000,-6.0000,0.0000,0.0000,6.0000,95.00,95.00,90.00,90.00,65535,65535,65535,1500,1,9,40.4365653,-86.8936580,180.700,-0.042,0.492,0.000
34247,30844,18256,15212,0,0,0.21428,-1.98120,9.51336,0.023436,-0.014914,0.019175,-9.649,-3.313,-25.343,-5.3358,0.2625,10.9223,-84.0249,7.3595,191.6445,0.0002878,-0.0164287,0.0044453,0.000000,0.000000,0.000000,0.00000,0.00000,0.000,0.000,0.000,0.000,0.000,-6.0000,0.0000,0.0000,6.0000,95.00,95.00,90.00,90.00,65535,65535,65535,1500,1,9,40.4365653,-86.8936580,180.700,-0.042,0.492,0.000
34288,25031,33397,30356,0,0,0.39863,-2.14161,9.81264,0.082025,0.004261,0.021305,-9.665,-3.228,-25.303,-5.3195,0.2613,10.9281,-83.9551,7.3391,191.9183,0.0004135,-0.0164743,0.0044304,0.000000,0.000000,0.000000,0.00000,0.00000,0.000,0.000,0.000,0.000,0.000,-6.0000,0.0000,0.0000,6.0000,95.00,95.00,90.00,90.00,65535,65535,65535,1500,1,9,40.4365650,-86.8936577,180.900,-0.042,0.492,0.000
34345,32855,18303,15274,0,0,0.20111,-1.59334,10.07839,-0.076699,0.035154,0.010653,-9.739,-2.942,-25.511,-5.4187,0.2708,10.9922,-85.2737,7.4187,192.7117,0.0003629,-0.0165975,0.0045652,0.000000,0.000000,0.000000,0.00000,0.00000,0.000,0.000,0.000,0.000,0.000,-6.0000,0.0000,0.0000,6.0000,95.00,95.00,90.00,90.00,65535,65535,65535,1500,1,9,40.4365643,-86.8936568,180.900,-0.036,0.425,0.000
34389,19740,18166,15121,0,0,0.47884,-2.50194,9.33499,-0.038350,-0.029827,0.031958,-9.770,-2.978,-25.531,-5.4525,0.2768,10.9930,-85.8220,7.4416,193.1973,0.0002977,-0.0165471,0.0046234,0.000000,0.000000,0.000000,0.00000,0.00000,0.000,0.000,0.000,0.000,0.000,-6.0000,0.0000,0.0000,6.0000,95.00,95.00,90.00,90.00,65535,65535,65535,1500,1,9,40.4365643,-86.8936568,180.900,-0.036,0.425,0.000
34443,25996,18251,15207,0,0,-0.34237,-2.51271,10.51174,-0.017044,-0.040480,0.034088,-10.049,-2.750,-25.545,-5.4761,0.2773,11.0113,-86.2625,7.4458,193.7879,0.0005835,-0.0168211,0.0046619,0.000000,0.000000,0.000000,0.00000,0.00000,0.000,0.000,0.000,0.000,0.000,-6.0000,0.0000,0.0000,6.0000,95.00,95.00,90.00,90.00,65535,65535,65535,1500,1,9,40.4365635,-86.8936563,180.900,-0.036,0.431,0.000
34494,26017,18080,15050,0,0,1.15760,-1.94170,9.86411,-0.007457,-0.019175,-0.002131,-9.992,-2.658,-25.922,-5.6185,0.2874,11.0385,-87.9050,7.5404,194.3472,0.0005355,-0.0169965,0.0048657,0.000000,0.000000,0.000000,0.00000,0.00000,0.000,0.000,0.000,0.000,0.000,-6.0000,0.0000,0.0000,6.0000,95.00,95.00,90.00,90.00,65535,65535,65535,1500,1,9,40.4365635,-86.8936563,181.100,-0.036,0.431,0.000
34533,23878,33248,30228,0,0,0.84036,-0.86191,9.60195,-0.031958,-0.046872,-0.009587,-9.810,-2.796,-25.850,-5.6031,0.2853,11.0344,-88.0159,7.5848,194.6111,0.0003167,-0.0168952,0.0048177,0.000000,0.000000,0.000000,0.00000,0.00000,0.000,0.000,0.000,0.000,0.000,-6.0000,0.0000,0.0000,6.0000,95.00,95.00,90.00,90.00,65535,65535,65535,1500,1,9,40.4365635,-86.8936563,181.100,-0.036,0.431,0.000
34591,33461,18355,15298,0,0,-0.27054,-2.92093,11.00495,0.087352,-0.023436,-0.015979,-9.714,-2.524,-26.231,-5.7246,0.2960,11.0803,-89.4965,7.6789,195.4193,0.0004315,-0.0172464,0.0049587,0.000000,0.000000,0.000000,0.00000,0.00000,0.000,0.000,0.000,0.000,0.000,-6.0000,0.0000,0.0000,6.0000,95.00,95.00,90.00,90.00,65535,65535,65535,1500,1,9,40.4365632,-86.8936572,181.100,-0.019,0.231,0.000
34646,26564,18282,15231,0,0,0.70030,-1.29766,9.65342,0.029827,-0.003196,-0.027697,-9.805,-2.440,-26.364,-5.7194,0.2925,11.1110,-89.6567,7.6679,196.0253,0.0005752,-0.0173152,0.0049556,0.000000,0.000000,0.000000,0.00000,0.00000,0.000,0.000,0.000,0.000,0.000,-6.0000,0.0000,0.0000,6.0000,95.00,95.00,90.00,90.00,65535,65535,65535,1500,1,9,40.4365640,-86.8936595,181.100,-0.023,0.277,0.000
34696,26025,17871,14851,0,0,0.27294,-1.25456,8.95072,-0.003196,-0.006392,-0.036219,-9.847,-2.515,-26.485,-5.7234,0.2929,11.0763,-89.9218,7.6701,196.5860,0.0005438,-0.0172299,0.0049676,0.000000,0.000000,0.000000,0.00000,0.00000,0.000,0.000,0.000,0.000,0.000,-6.0000,0.0000,0.0000,6.0000,95.00,95.00,90.00,90.00,65535,65535,65535,1500,1,9,40.4365640,-86.8936595,181.100,-0.023,0.277,0.000
34746,25806,18226,15206,0,0,-0.14245,-1.38385,10.45069,-0.002131,-0.023436,-0.051133,-9.714,-2.188,-27.008,-5.8801,0.3068,11.1208,-91.9891,7.8562,197.1296,0.0003954,-0.0176294,0.0051450,0.000000,0.000000,0.000000,0.00000,0.00000,0.000,0.000,0.000,0.000,0.000,-6.0000,0.0000,0.0000,6.0000,95.00,95.00,90.00,90.00,65535,65535,65535,1500,1,9,40.4365630,-86.8936588,181.100,-0.019,0.220,0.000
34790,19752,18201,15146,0,0,1.05824,-0.91339,9.98023,-0.042611,-0.031958,-0.053263,-9.929,-2.404,-26.493,-5.6349,0.2850,11.1530,-89.9510,7.7650,197.6323,0.0004002,-0.0173604,0.0047723,0.000000,0.000000,0.000000,0.00000,0.00000,0.000,0.000,0.000,0.000,0.000,-6.0000,0.0000,0.0000,6.0000,95.00,95.00,90.00,90.00,65535,65535,65535,1500,1,9,40.4365630,-86.8936588,181.600,-0.019,0.220,0.000
34848,30146,22091,15305,0,0,1.02831,-1.34315,9.40203,-0.015979,0.004261,-0.050067,-9.872,-2.407,-26.839,-5.6975,0.2894,11.1526,-90.9405,7.8335,198.2363,0.0002899,-0.0173980,0.0048577,0.000000,0.000000,0.000000,0.00000,0.00000,0.000,0.000,0.000,0.000,0.000,-6.0000,0.0000,0.0000,6.0000,95.00,95.00,90.00,90.00,65535,65535,65535,1500,1,9,40.4365622,-86.8936585,181.600,-0.023,0.272,0.000
34900,26994,17851,14805,0,0,-0.02035,-2.57496,10.15501,-0.088417,0.022371,-0.059655,-10.364,-2.171,-27.093,-5.6960,0.2835,11.2052,-90.9889,7.7768,198.8590,0.0006688,-0.0175734,0.0048806,0.000000,0.000000,0.000000,0.00000,0.00000,0.000,0.000,0.000,0.000,0.000,-6.0000,0.0000,0.0000,6.0000,95.00,95.00,90.00,90.00,65535,65535,65535,1500,1,9,40.4365622,-86.8936585,181.700,-0.023,0.272,0.000
34950,31132,18250,15172,0,0,0.74220,-1.99796,9.26915,-0.058590,-0.030893,-0.047937,-10.616,-2.210,-26.480,-5.3986,0.2613,11.2075,-88.5844,7.6763,199.4207,0.0007917,-0.0174332,0.0044377,0.000000,0.000000,0.000000,0.00000,0.00000,0.000,0.000,0.000,0.000,0.000,-6.0000,0.0000,0.0000,6.0000,95.00,95.00,90.00,90.00,65535,65535,65535,1500,1,9,40.4365623,-86.8936590,181.700,-0.027,0.323,0.000
34994,19712,18102,15072,0,0,-0.05866,-2.77368,11.19529,-0.030893,-0.051133,-0.044741,-10.647,-2.237,-27.429,-5.7088,0.2838,11.2380,-91.5324,7.7698,199.9088,0.0008434,-0.0176476,0.0049204,0.000000,0.000000,0.000000,0.00000,0.00000,0.000,0.000,0.000,0.000,0.000,-6.0000,0.0000,0.0000,6.0000,95.00,95.00,90.00,90.00,65535,65535,65535,1500,1,9,40.4365623,-86.8936590,181.700,-0.027,0.323,0.000
35033,18851,38439,30414,0,0,0.68833,-0.79248,10.06762,0.049002,-0.062851,-0.042611,-10.324,-2.334,-27.273,-5.6546,0.2758,11.2428,-91.3502,7.8298,200.1221,0.0005834,-0.0175751,0.0047954,0.000000,0.000000,0.000000,0.00000,0.00000,0.000,0.000,0.000,0.000,0.000,-6.0000,0.0000,0.0000,6.0000,95.00,95.00,90.00,90.00,65535,65535,65535,1500,1,9,40.4365623,-86.8936590,181.700,-0.027,0.323,0.000
35085,49201,41881,27426,0,0,1.01993,-1.44729,9.33380,-0.012783,0.001065,-0.047937,-10.305,-2.398,-26.873,-5.4310,0.2594,11.2270,-89.8086,7.7867,200.6796,0.0005285,-0.0174018,0.0044758,0.000000,0.000000,0.000000,0.00000,0.00000,0.000,0.000,0.000,0.000,0.000,-6.0000,0.0000,0.0000,6.0000,95.00,95.00,90.00,90.00,65535,65535,65535,1500,1,9,40.4365622,-86.8936597,181.700,-0.037,0.436,0.000
35133,28947,17776,14739,0,0,0.41899,-2.51152,9.98023,0.044741,0.046872,-0.034088,-9.707,-2.090,-26.702,-5.2565,0.2488,11.2119,-88.6474,7.7455,201.4896,0.0006537,-0.0174106,0.0042144,0.000000,0.000000,0.000000,0.00000,0.00000,0.000,0.000,0.000,0.000,0.000,-6.0000,0.0000,0.0000,6.0000,95.00,95.00,90.00,90.00,65535,65535,65535,1500,1,9,40.4365622,-86.8936597,181.700,-0.037,0.436,0.000
35196,19083,18111,15103,0,0,0.30526,-1.49278,9.22127,0.002131,-0.009587,-0.044741,-9.613,-2.297,-27.598,-5.5409,0.2679,11.2191,-91.2319,7.7794,202.1871,0.0005757,-0.0172430,0.0046764,0.000000,0.000000,0.000000,0.00000,0.00000,0.000,0.000,0.000,0.000,0.000,-6.0000,0.0000,0.0000,6.0000,95.00,95.00,90.00,90.00,65535,65535,65535,1500,1,9,40.4365617,-86.8936597,182.200,-0.030,0.354,0.000
35246,30861,18251,15220,0,0,-0.20351,-2.30202,10.26514,-0.005326,-0.026632,-0.019175,-9.930,-1.973,-26.346,-5.0084,0.2312,11.2458,-86.8487,7.6490,202.7601,0.0009000,-0.0173666,0.0038539,0.000000,0.000000,0.000000,0.00000,0.00000,0.000,0.000,0.000,0.000,0.000,-6.0000,0.0000,0.0000,6.0000,95.00,95.00,90.00,90.00,65535,65535,65535,1500,1,9,40.4365617,-86.8936597,182.200,-0.030,0.354,0.000
35283,28893,25442,17064,0,0,0.75178,-1.77530,9.72525,-0.002131,0.018109,-0.029827,-9.942,-2.082,-26.635,-5.0947,0.2362,11.2484,-87.6040,7.6342,203.0830,0.0009161,-0.0172572,0.0040104,0.000000,0.000000,0.000000,0.00000,0.00000,0.000,0.000,0.000,0.000,0.000,-6.0000,0.0000,0.0000,6.0000,95.00,95.00,90.00,90.00,65535,65535,65535,1500,1,9,40.4365618,-86.8936597,182.300,-0.024,0.282,0.000
35350,34404,26927,18955,0,0,0.66200,-1.71904,8.95072,0.011718,0.052198,-0.003196,-9.628,-2.013,-27.412,-5.3758,0.2602,11.2252,-90.4438,7.7363,203.8203,0.0007453,-0.0172265,0.0044376,0.000000,0.000000,0.000000,0.00000,0.00000,0.000,0.000,0.000,0.000,0.000,-6.0000,0.0000,0.0000,6.0000,95.00,95.00,90.00,90.00,65535,65535,65535,1500,1,9,40.4365618,-86.8936597,182.300,-0.024,0.282,0.000
35395,19701,18133,15117,0,0,0.05507,-0.96606,10.61350,0.050067,0.003196,-0.027697,-9.517,-1.672,-27.174,-5.2450,0.2434,11.2606,-89.7487,7.7788,204.4237,0.0007162,-0.0173805,0.0041952,0.000000,0.000000,0.000000,0.00000,0.00000,0.000,0.000,0.000,0.000,0.000,-6.0000,0.0000,0.0000,6.0000,95.00,95.00,90.00,90.00,65535,65535,65535,1500,1,9,40.4365615,-86.8936587,182.500,-0.024,0.282,0.000
35445,26234,18299,15229,0,0,0.38547,-1.35991,9.54209,0.013848,-0.045806,-0.040480,-9.695,-1.658,-26.308,-4.8529,0.2152,11.2566,-86.4492,7.6439,204.9982,0.0009540,-0.0173194,0.0036225,0.000000,0.000000,0.000000,0.00000,0.00000,0.000,0.000,0.000,0.000,0.000,-6.0000,0.0000,0.0000,6.0000,95.00,95.00,90.00,90.00,65535,65535,65535,1500,1,9,40.4365612,-86.8936587,182.500,-0.013,0.149,0.000
35500,30122,17942,14991,0,0,0.01197,-2.65158,10.70567,0.014914,-0.045806,-0.036219,-9.849,-1.592,-25.589,-4.5250,0.1847,11.3109,-83.7522,7.5446,205.6277,0.0011669,-0.0173419,0.0031333,0.000000,0.000000,0.000000,0.00000,0.00000,0.000,0.000,0.000,0.000,0.000,-6.0000,0.0000,0.0000,6.0000,95.00,95.00,90.00,90.00,65535,65535,65535,1500,1,9,40.4365612,-86.8936587,182.700,-0.013,0.149,0.000
35539,23683,33388,30347,0,0,-0.32561,-1.38983,9.59716,0.004261,-0.044741,-0.019175,-9.783,-1.376,-25.145,-4.3431,0.1699,11.3085,-82.5571,7.5850,205.8999,0.0010992,-0.0175019,0.0028184,0.000000,0.000000,0.000000,0.00000,0.00000,0.000,0.000,0.000,0.000,0.000,-6.0000,0.0000,0.0000,6.0000,95.00,95.00,90.00,90.00,65535,65535,65535,1500,1,9,40.4365612,-86.8936587,182.700,-0.013,0.149,0.000
35598,33904,18038,14990,0,0,-0.35075,-1.35272,10.00058,-0.063916,-0.049002,-0.005326,-9.670,-1.272,-24.989,-4.2650,0.1752,11.3460,-82.5584,7.6947,206.7416,0.0009101,-0.0176906,0.0026383,0.000000,0.000000,0.000000,0.00000,0.00000,0.000,0.000,0.000,0.000,0.000,-6.0000,0.0000,0.0000,6.0000,95.00,95.00,90.00,90.00,65535,65535,65535,1500,1,9,40.4365610,-86.8936580,182.900,-0.003,0.036,0.000
35647,30301,18268,15231,0,0,0.41659,-1.44849,9.51336,-0.018109,-0.046872,-0.018109,-9.802,-1.757,-25.594,-4.4863,0.1972,11.3606,-84.2996,7.6450,207.2921,0.0009902,-0.0174206,0.0030255,0.000000,0.000000,0.000000,0.00000,0.00000,0.000,0.000,0.000,0.000,0.000,-6.0000,0.0000,0.0000,6.0000,95.00,95.00,90.00,90.00,65535,65535,65535,1500,1,9,40.4365602,-86.8936580,182.900,-0.011,0.128,0.000
35702,30012,17929,14995,0,0,1.30245,-1.38265,9.90601,0.006392,-0.020240,-0.027697,-9.449,-2.611,-26.883,-4.9868,0.2353,11.3580,-88.6323,7.7055,207.9035,0.0006646,-0.0168490,0.0038174,0.000000,0.000000,0.000000,0.00000,0.00000,0.000,0.000,0.000,0.000,0.000,-6.0000,0.0000,0.0000,6.0000,95.00,95.00,90.00,90.00,65535,65535,65535,1500,1,9,40.4365602,-86.8936580,183.000,-0.011,0.128,0.000
35732,18520,29856,21916,0,0,-0.16281,-2.14042,10.41238,-0.001065,-0.036219,-0.026632,-9.565,-2.417,-26.613,-4.8554,0.2258,11.3731,-87.6822,7.6947,208.1171,0.0007642,-0.0170074,0.0036182,0.000000,0.000000,0.000000,0.00000,0.00000,0.000,0.000,0.000,0.000,0.000,-6.0000,0.0000,0.0000,6.0000,95.00,95.00,90.00,90.00,65535,65535,65535,1500,1,9,40.4365602,-86.8936580,183.000,-0.011,0.128,0.000
35795,19011,17869,14892,0,0,0.20590,-1.56701,9.15662,0.005326,-0.036219,-0.053263,-9.880,-2.725,-26.952,-4.9084,0.2300,11.4257,-88.0451,7.6020,208.9748,0.0010105,-0.0168590,0.0037442,0.000000,0.000000,0.000000,0.00000,0.00000,0.000,0.000,0.000,0.000,0.000,-6.0000,0.0000,0.0000,6.0000,95.00,95.00,90.00,90.00,65535,65535,65535,1500,1,9,40.4365602,-86.8936582,183.000,-0.001,0.015,0.000
35844,25303,18293,15235,0,0,0.11612,-2.38103,9.48702,-0.001065,-0.002131,-0.027697,-10.456,-2.649,-27.168,-4.9165,0.2278,11.4584,-87.9629,7.4886,209.5338,0.0014475,-0.0169445,0.0038172,0.000000,0.000000,0.000000,0.00000,0.00000,0.000,0.000,0.000,0.000,0.000,-6.0000,0.0000,0.0000,6.0000,95.00,95.00,90.00,90.00,65535,65535,65535,1500,1,9,40.4365597,-86.8936578,183.000,-0.006,0.077,0.000
35895,26032,18134,15109,0,0,0.96965,-2.26611,9.90601,-0.011718,0.030893,-0.029827,-10.404,-2.897,-27.028,-4.8298,0.2188,11.4611,-87.2644,7.4298,210.1203,0.0013626,-0.0165673,0.0037113,0.000000,0.000000,0.000000,0.00000,0.00000,0.000,0.000,0.000,0.000,0.000,-6.0000,0.0000,0.0000,6.0000,95.00,95.00,90.00,90.00,65535,65535,65535,1500,1,9,40.4365597,-86.8936578,183.200,-0.006,0.077,0.000
35932,27877,27211,16872,0,0,0.20830,-2.47201,9.34696,0.005326,-0.010653,-0.023436,-10.612,-2.784,-26.883,-4.7402,0.2099,11.4568,-86.4940,7.3751,210.4419,0.0015598,-0.0166413,0.0035951,0.000000,0.000000,0.000000,0.00000,0.00000,0.000,0.000,0.000,0.000,0.000,-6.0000,0.0000,0.0000,6.0000,95.00,95.00,90.00,90.00,65535,65535,65535,1500,1,9,40.4365597,-86.8936578,183.200,-0.006,0.077,0.000
35986,28132,18258,15193,0,0,0.06584,-2.86227,10.78708,-0.005326,-0.036219,-0.027697,-10.739,-2.597,-27.389,-4.8799,0.2257,11.5105,-88.0708,7.4585,211.1538,0.0016319,-0.0169655,0.0037682,0.000000,0.000000,0.000000,0.00000,0.00000,0.000,0.000,0.000,0.000,0.000,-6.0000,0.0000,0.0000,6.0000,95.00,95.00,90.00,90.00,65535,65535,65535,1500,1,9,40.4365600,-86.8936580,183.200,-0.008,0.092,0.000
36047,37203,18342,15293,0,0,0.71347,-2.52349,10.14184,-0.059655,0.004261,-0.013848,-11.139,-2.491,-27.318,-4.8018,0.2106,11.5615,-87.4968,7.3919,211.8667,0.0018875,-0.0170302,0.0036809,0.000000,0.000000,0.000000,0.00000,0.00000,0.000,0.000,0.000,0.000,0.000,-6.0000,0.0000,0.0000,6.0000,95.00,95.00,90.00,90.00,65535,65535,65535,1500,1,9,40.4365597,-86.8936582,183.200,-0.010,0.123,0.000
36084,19408,35751,27730,0,0,0.89902,-0.43694,8.64187,0.035154,0.036219,-0.011718,-10.704,-2.637,-27.535,-4.9170,0.2115,11.5373,-88.7238,7.4947,212.0883,0.0015188,-0.0168723,0.0038012,0.000000,0.000000,0.000000,0.00000,0.00000,0.000,0.000,0.000,0.000,0.000,-6.0000,0.0000,0.0000,6.0000,95.00,95.00,90.00,90.00,65535,65535,65535,1500,1,9,40.4365597,-86.8936582,183.200,-0.010,0.123,0.000
36142,33132,23559,15161,0,0,-0.18076,-1.83635,10.56082,-0.009587,-0.010653,-0.008522,-10.355,-2.496,-28.184,-5.1490,0.2423,11.5831,-91.3665,7.6480,212.8909,0.0013024,-0.0170105,0.0041036,0.000000,0.000000,0.000000,0.00000,0.00000,0.000,0.000,0.000,0.000,0.000,-6.0000,0.0000,0.0000,6.0000,95.00,95.00,90.00,90.00,65535,65535,65535,1500,1,9,40.4365597,-86.8936582,183.200,-0.010,0.123,0.000
36192,25847,18228,15197,0,0,0.66200,-0.23703,9.68694,0.023436,-0.055394,-0.012783,-9.762,-2.797,-28.593,-5.3335,0.2574,11.5996,-93.5901,7.8100,213.5339,0.0008620,-0.0169121,0.0043260,0.000000,0.000000,0.000000,0.00000,0.00000,0.000,0.000,0.000,0.000,0.000,-6.0000,0.0000,0.0000,6.0000,95.00,95.00,90.00,90.00,65535,65535,65535,1500,1,9,40.4365598,-86.8936595,183.500,-0.022,0.261,0.000
36236,24681,18196,15173,0,0,0.61292,-1.42934,10.84334,0.121440,-0.042611,-0.001065,-9.697,-2.793,-28.494,-5.2734,0.2569,11.6391,-93.2444,7.7783,214.0449,0.0010049,-0.0169634,0.0042578,0.000000,0.000000,0.000000,0.00000,0.00000,0.000,0.000,0.000,0.000,0.000,-6.0000,0.0000,0.0000,6.0000,95.00,95.00,90.00,90.00,65535,65535,65535,1500,1,9,40.4365598,-86.8936595,183.500,-0.022,0.261,0.000
36287,26006,18225,15195,0,0,0.47764,-2.05901,8.78552,0.050067,0.007457,-0.008522,-9.752,-2.974,-28.883,-5.4110,0.2701,11.6021,-94.2805,7.6934,214.6326,0.0012716,-0.0168288,0.0045194,0.000000,0.000000,0.000000,0.00000,0.00000,0.000,0.000,0.000,0.000,0.000,-6.0000,0.0000,0.0000,6.0000,95.00,95.00,90.00,90.00,65535,65535,65535,1500,1,9,40.4365592,-86.8936593,183.500,-0.014,0.169,0.000
36343,29981,19966,15330,0,0,-0.33040,-1.10253,9.91559,0.027697,-0.028762,0.000000,-9.688,-2.322,-27.570,-4.8799,0.2297,11.6230,-90.4545,7.7382,215.2773,0.0011885,-0.0171908,0.0036702,0.000000,0.000000,0.000000,0.00000,0.00000,0.000,0.000,0.000,0.000,0.000,-6.0000,0.0000,0.0000,6.0000,95.00,95.00,90.00,90.00,65535,65535,65535,1500,1,9,40.4365592,-86.8936593,183.500,-0.014,0.169,0.000
36383,26714,33418,30373,0,0,-0.08859,-2.28167,9.64504,-0.027697,-0.035154,0.009587,-9.921,-2.126,-27.086,-4.6771,0.2111,11.6258,-88.7966,7.6889,215.5928,0.0013535,-0.0173180,0.0033775,0.000000,0.000000,0.000000,0.00000,0.00000,0.000,0.000,0.000,0.000,0.000,-6.0000,0.0000,0.0000,6.0000,95.00,95.00,90.00,90.00,65535,65535,65535,1500,1,9,40.4365597,-86.8936602,183.700,-0.014,0.169,0.000
36435,27029,18245,15221,0,0,0.51834,-2.07218,9.89883,0.025566,-0.031958,-0.010653,-10.184,-2.197,-27.138,-4.6730,0.2023,11.6637,-88.7926,7.6334,216.3681,0.0015910,-0.0173608,0.0033902,0.000000,0.000000,0.000000,0.00000,0.00000,0.000,0.000,0.000,0.000,0.000,-6.0000,0.0000,0.0000,6.0000,95.00,95.00,90.00,90.00,65535,65535,65535,1500,1,9,40.4365597,-86.8936602,183.700,-0.014,0.169,0.000
36486,26047,18239,15172,0,0,0.48842,-2.85389,9.59237,0.050067,-0.047937,-0.011718,-10.695,-2.462,-27.857,-4.9176,0.2220,11.6774,-90.4451,7.4762,216.9600,0.0021932,-0.0173089,0.0038477,0.000000,0.000000,0.000000,0.00000,0.00000,0.000,0.000,0.000,0.000,0.000,-6.0000,0.0000,0.0000,6.0000,95.00,95.00,90.00,90.00,65535,65535,65535,1500,1,9,40.4365590,-86.8936605,183.800,-0.016,0.190,0.000
36558,43885,21712,15442,0,0,-0.06704,-1.67834,9.21049,-0.074569,-0.063916,-0.005326,-10.752,-2.311,-27.347,-4.7176,0.2077,11.6621,-89.3315,7.5482,217.7625,0.0020383,-0.0174872,0.0035021,0.000000,0.000000,0.000000,0.00000,0.00000,0.000,0.000,0.000,0.000,0.000,-6.0000,0.0000,0.0000,6.0000,95.00,95.00,90.00,90.00,65535,65535,65535,1500,1,9,40.4365592,-86.8936603,183.800,-0.007,0.082,0.000
36594,28009,30213,27218,0,0,0.82361,-1.80762,9.50498,-0.060720,-0.035154,-0.007457,-10.848,-2.469,-27.363,-4.7227,0.2079,11.6590,-89.4200,7.5297,218.0890,0.0020355,-0.0173707,0.0035220,0.000000,0.000000,0.000000,0.00000,0.00000,0.000,0.000,0.000,0.000,0.000,-6.0000,0.0000,0.0000,6.0000,95.00,95.00,90.00,90.00,65535,65535,65535,1500,1,9,40.4365592,-86.8936603,183.800,-0.007,0.082,0.000
36637,23831,18188,15142,0,0,0.46328,-1.24977,9.65342,-0.075634,-0.015979,-0.011718,-10.873,-2.500,-27.087,-4.6009,0.1948,11.6390,-88.7206,7.5481,218.7331,0.0019122,-0.0173171,0.0033305,0.000000,0.000000,0.000000,0.00000,0.00000,0.000,0.000,0.000,0.000,0.000,-6.0000,0.0000,0.0000,6.0000,95.00,95.00,90.00,90.00,65535,65535,65535,1500,1,9,40.4365592,-86.8936603,183.800,-0.007,0.082,0.000
36688,26064,18237,15200,0,0,0.17358,-2.79284,10.23521,-0.014914,-0.044741,0.000000,-11.301,-2.707,-27.895,-4.8990,0.2202,11.6780,-91.1442,7.5014,219.3200,0.0022426,-0.0173085,0.0038122,0.000000,0.000000,0.000000,0.00000,0.00000,0.000,0.000,0.000,0.000,0.000,-6.0000,0.0000,0.0000,6.0000,95.00,95.00,90.00,90.00,65535,65535,65535,1500,1,8,40.4365593,-86.8936613,184.100,-0.016,0.195,0.000
36738,30324,18254,15225,0,0,-0.24900,-1.64721,10.90439,-0.069242,-0.056459,-0.009587,-10.916,-2.507,-26.513,-4.3787,0.1681,11.7145,-87.4401,7.6091,219.9124,0.0016642,-0.0173343,0.0029512,0.000000,0.000000,0.000000,0.00000,0.00000,0.000,0.000,0.000,0.000,0.000,-6.0000,0.0000,0.0000,6.0000,95.00,95.00,90.00,90.00,65535,65535,65535,1500,1,8,40.4365593,-86.8936613,184.100,-0.016,0.195,0.000
36793,20781,18224,15179,0,0,0.06584,-1.92135,10.40041,0.014914,-0.008522,0.009587,-10.990,-2.475,-27.780,-4.8957,0.2204,11.7454,-92.3564,7.7913,220.5410,0.0015904,-0.0176107,0.0036557,0.000000,0.000000,0.000000,0.00000,0.00000,0.000,0.000,0.000,0.000,0.000,-6.0000,0.0000,0.0000,6.0000,95.00,95.00,90.00,90.00,65535,65535,65535,1500,1,8,40.4365593,-86.8936625,184.200,-0.028,0.333,0.000
36835,23836,18177,15156,0,0,0.89184,-1.31921,9.58878,0.027697,0.034088,0.014914,-10.857,-2.368,-26.903,-4.5507,0.1869,11.7374,-89.5925,7.7411,221.0535,0.0014781,-0.0174617,0.0031552,0.000000,0.000000,0.000000,0.00000,0.00000,0.000,0.000,0.000,0.000,0.000,-6.0000,0.0000,0.0000,6.0000,95.00,95.00,90.00,90.00,65535,65535,65535,1500,1,8,40.4365593,-86.8936625,184.200,-0.028,0.333,0.000
36887,26269,18242,15202,0,0,-0.10654,-1.66158,9.38288,0.072438,0.000000,0.009587,-10.621,-2.185,-27.191,-4.6706,0.1995,11.7502,-91.0686,7.8355,221.6532,0.0013743,-0.0175980,0.0032988,0.000000,0.000000,0.000000,0.00000,0.00000,0.000,0.000,0.000,0.000,0.000,-6.0000,0.0000,0.0000,6.0000,95.00,95.00,90.00,90.00,65535,65535,65535,1500,1,8,40.4365592,-86.8936647,184.100,-0.552,-0.212,0.000
36936,25231,18243,15204,0,0,0.73263,-2.16795,10.77630,0.061785,-0.077764,0.020240,-10.658,-2.488,-27.096,-4.6415,0.1944,11.8003,-90.6899,7.7314,222.2381,0.0015793,-0.0174051,0.0033074,0.000000,0.000000,0.000000,0.00000,0.00000,0.000,0.000,0.000,0.000,0.000,-6.0000,0.0000,0.0000,6.0000,95.00,95.00,90.00,90.00,65535,65535,65535,1500,1,8,40.4365592,-86.8936647,184.100,-0.552,-0.212,0.000
36995,29927,21574,15258,0,0,1.07260,-1.05704,9.48942,0.017044,-0.013848,0.017044,-10.320,-2.537,-26.639,-4.4854,0.1813,11.8041,-89.7714,7.7598,222.8920,0.0013778,-0.0173375,0.0030686,0.000000,0.000000,0.000000,0.00000,0.00000,0.000,0.000,0.000,0.000,0.000,-6.0000,0.0000,0.0000,6.0000,95.00,95.00,90.00,90.00,65535,65535,65535,1500,1,8,40.4365590,-86.8936660,184.300,-0.357,-0.553,0.000
37034,27544,33385,30358,0,0,0.52074,-1.53349,10.38126,0.045806,0.004261,0.022371,-10.170,-2.493,-26.490,-4.4387,0.1780,11.8234,-89.5625,7.7767,223.2186,0.0012981,-0.0173208,0.0029939,0.000000,0.000000,0.000000,0.00000,0.00000,0.000,0.000,0.000,0.000,0.000,-6.0000,0.0000,0.0000,6.0000,95.00,95.00,90.00,90.00,65535,65535,65535,1500,1,8,40.4365590,-86.8936660,184.300,-0.357,-0.553,0.000
37094,34414,22544,15115,0,0,1.07021,-1.78607,9.60913,0.055394,0.063916,0.030893,-9.912,-2.445,-26.839,-4.6073,0.1959,11.7954,-91.3463,7.8110,224.0477,0.0011299,-0.0170685,0.0032536,0.000000,0.000000,0.000000,0.00000,0.00000,0.000,0.000,0.000,0.000,0.000,-6.0000,0.0000,0.0000,6.0000,95.00,95.00,90.00,90.00,65535,65535,65535,1500,1,8,40.4365588,-86.8936658,184.300,-0.200,-0.463,0.000
37142,23890,17930,14914,0,0,-0.11372,-1.40181,10.50576,0.055394,-0.003196,0.021305,-9.634,-1.873,-26.492,-4.4978,0.1887,11.8258,-91.1683,7.9581,224.6688,0.0009358,-0.0174786,0.0030235,0.000000,0.000000,0.000000,0.00000,0.00000,0.000,0.000,0.000,0.000,0.000,-6.0000,0.0000,0.0000,6.0000,95.00,95.00,90.00,90.00,65535,65535,65535,1500,1,8,40.4365588,-86.8936658,184.300,-0.200,-0.463,0.000
37196,35595,18302,15284,0,0,0.71946,-2.68270,10.41119,0.010653,-0.014914,0.023436,-9.950,-1.900,-25.937,-4.2741,0.1582,11.8595,-89.0252,7.7888,225.3140,0.0012959,-0.0173592,0.0027667,0.000000,0.000000,0.000000,0.00000,0.00000,0.000,0.000,0.000,0.000,0.000,-6.0000,0.0000,0.0000,6.0000,95.00,95.00,90.00,90.00,65535,65535,65535,1500,1,8,40.4365587,-86.8936660,184.600,-0.178,-0.411,0.000
37240,19668,18223,15185,0,0,-0.58179,-1.59454,10.60153,-0.017044,0.036219,0.024501,-9.860,-1.841,-26.220,-4.4077,0.1699,11.8689,-90.4679,7.8478,225.8340,0.0012101,-0.0173625,0.0029463,0.000000,0.000000,0.000000,0.00000,0.00000,0.000,0.000,0.000,0.000,0.000,-6.0000,0.0000,0.0000,6.0000,95.00,95.00,90.00,90.00,65535,65535,65535,1500,1,8,40.4365587,-86.8936660,184.600,-0.178,-0.411,0.000
37291,25773,18235,15210,0,0,0.41779,-2.28886,8.97466,0.022371,0.052198,0.044741,-10.250,-1.844,-25.330,-4.0564,0.1362,11.8460,-87.0069,7.6022,226.4460,0.0015422,-0.0169948,0.0025322,0.000000,0.000000,0.000000,0.00000,0.00000,0.000,0.000,0.000,0.000,0.000,-6.0000,0.0000,0.0000,6.0000,95.00,95.00,90.00,90.00,65535,65535,65535,1500,1,8,40.4365587,-86.8936658,184.800,-0.135,-0.312,0.000
37341,25922,18270,15230,0,0,-0.11013,-1.75854,9.87369,-0.101200,-0.021305,0.007457,-10.265,-2.020,-26.358,-4.5087,0.1816,11.8564,-91.2703,7.7419,227.0309,0.0013724,-0.0169693,0.0031481,0.000000,0.000000,0.000000,0.00000,0.00000,0.000,0.000,0.000,0.000,0.000,-6.0000,0.0000,0.0000,6.0000,95.00,95.00,90.00,90.00,65535,65535,65535,1500,1,8,40.4365587,-86.8936658,184.800,-0.135,-0.312,0.000
37397,29870,19377,15177,0,0,0.02634,-3.36385,10.43393,-0.075634,-0.035154,0.011718,-10.895,-1.822,-24.780,-3.8555,0.1054,11.9249,-85.3598,7.4848,227.7011,0.0017925,-0.0169376,0.0022857,0.000000,0.000000,0.000000,0.00000,0.00000,0.000,0.000,0.000,0.000,0.000,-6.0000,0.0000,0.0000,6.0000,95.00,95.00,90.00,90.00,65535,65535,65535,1500,1,8,40.4365585,-86.8936658,185.000,-0.135,-0.312,0.000
37437,20189,38443,30382,0,0,0.72185,-0.40223,10.12628,-0.022371,-0.044741,0.022371,-10.477,-2.156,-25.893,-4.3661,0.1519,11.9280,-90.1535,7.6909,227.9288,0.0013997,-0.0168582,0.0029475,0.000000,0.000000,0.000000,0.00000,0.00000,0.000,0.000,0.000,0.000,0.000,-6.0000,0.0000,0.0000,6.0000,95.00,95.00,90.00,90.00,65535,65535,65535,1500,1,8,40.4365585,-86.8936658,185.000,-0.135,-0.312,0.000
37489,31932,18315,15244,0,0,0.98881,-2.00036,9.41759,-0.035154,-0.046872,-0.025566,-10.614,-2.350,-25.666,-4.2546,0.1450,11.9224,-89.4919,7.6676,228.7912,0.0013408,-0.0167171,0.0028060,0.000000,0.000000,0.000000,0.00000,0.00000,0.000,0.000,0.000,0.000,0.000,-6.0000,0.0000,0.0000,6.0000,95.00,95.00,90.00,90.00,65535,65535,65535,1500,1,8,40.4365583,-86.8936660,185.000,-0.115,-0.264,0.000
37557,39879,22001,18948,0,0,0.16999,-0.58179,10.67335,-0.069242,-0.052198,-0.052198,-10.216,-2.640,-26.654,-4.6389,0.2053,11.9438,-93.7730,7.9479,229.5471,0.0007577,-0.0167381,0.0032623,0.000000,0.000000,0.000000,0.00000,0.00000,0.000,0.000,0.000,0.000,0.000,-6.0000,0.0000,0.0000,6.0000,95.00,95.00,90.00,90.00,65535,65535,65535,1500,1,8,40.4365585,-86.8936665,185.000,-0.125,-0.288,0.000
37593,28289,30300,27299,0,0,0.83079,-1.28569,9.92516,-0.060720,-0.037284,-0.047937,-10.195,-2.700,-26.204,-4.4294,0.1852,11.9507,-92.1489,7.9310,229.8905,0.0006296,-0.0166433,0.0029655,0.000000,0.000000,0.000000,0.00000,0.00000,0.000,0.000,0.000,0.000,0.000,-6.0000,0.0000,0.0000,6.0000,95.00,95.00,90.00,90.00,65535,65535,65535,1500,1,8,40.4365585,-86.8936665,185.000,-0.125,-0.288,0.000
37648,26851,18261,15238,0,0,-0.79607,-1.73699,9.96586,0.028762,-0.031958,-0.047937,-10.169,-2.720,-26.589,-4.4960,0.1849,11.9884,-93.1721,7.9717,230.6906,0.0006429,-0.0167149,0.0030674,0.000000,0.000000,0.000000,0.00000,0.00000,0.000,0.000,0.000,0.000,0.000,-6.0000,0.0000,0.0000,6.0000,95.00,95.00,90.00,90.00,65535,65535,65535,1500,1,8,40.4365583,-86.8936662,185.000,-0.053,-0.123,0.000
37692,19741,18183,15161,0,0,0.16041,-0.41420,9.45470,-0.035154,-0.025566,-0.064981,-10.009,-2.741,-27.115,-4.6694,0.1937,11.9873,-95.1155,8.0891,231.2161,0.0004677,-0.0167890,0.0032717,0.000000,0.000000,0.000000,0.00000,0.00000,0.000,0.000,0.000,0.000,0.000,-6.0000,0.0000,0.0000,6.0000,95.00,95.00,90.00,90.00,65535,65535,65535,1500,1,8,40.4365583,-86.8936662,185.000,-0.053,-0.123,0.000
37742,25893,18260,15187,0,0,-0.05746,-2.10211,10.37886,-0.119310,-0.037284,-0.066046,-10.393,-2.821,-28.660,-5.2250,0.2509,12.0216,-100.1708,8.2024,231.8009,0.0006578,-0.0169897,0.0040387,0.000000,0.000000,0.000000,0.00000,0.00000,0.000,0.000,0.000,0.000,0.000,-6.0000,0.0000,0.0000,6.0000,95.00,95.00,90.00,90.00,65535,65535,65535,1500,1,8,40.4365582,-86.8936665,185.000,-0.119,-0.274,0.000
37793,26012,18247,15209,0,0,-0.06704,-2.54982,10.31183,-0.017044,-0.036219,-0.042611,-10.475,-2.940,-29.496,-5.5063,0.2796,12.0522,-102.8867,8.2746,232.4081,0.0007215,-0.0170748,0.0044205,0.000000,0.000000,0.000000,0.00000,0.00000,0.000,0.000,0.000,0.000,0.000,-6.0000,0.0000,0.0000,6.0000,95.00,95.00,90.00,90.00,65535,65535,65535,1500,1,8,40.4365582,-86.8936665,185.600,-0.119,-0.274,0.000
37848,30254,18335,15321,0,0,1.22583,-1.91057,9.02494,-0.002131,0.011718,-0.059655,-10.260,-2.875,-27.052,-4.4274,0.1637,12.0324,-93.6592,8.0482,233.0918,0.0004589,-0.0166993,0.0029510,0.000000,0.000000,0.000000,0.00000,0.00000,0.000,0.000,0.000,0.000,0.000,-6.0000,0.0000,0.0000,6.0000,95.00,95.00,90.00,90.00,65535,65535,65535,1500,1,8,40.4365582,-86.8936663,185.600,-0.117,-0.269,0.000
37892,19781,18222,15197,0,0,0.42617,-1.94289,10.01016,0.013848,0.034088,-0.052198,-10.202,-2.781,-28.376,-4.9156,0.2143,12.0409,-98.3774,8.2263,233.6181,0.0003869,-0.0168677,0.0035893,0.000000,0.000000,0.000000,0.00000,0.00000,0.000,0.000,0.000,0.000,0.000,-6.0000,0.0000,0.0000,6.0000,95.00,95.00,90.00,90.00,65535,65535,65535,1500,1,8,40.4365582,-86.8936663,185.900,-0.117,-0.269,0.000
37942,30836,18305,15237,0,0,0.81403,-1.53349,9.53491,0.011718,0.006392,-0.034088,-10.114,-2.742,-29.073,-5.1539,0.2375,12.0412,-100.8941,8.3267,234.2129,0.0003228,-0.0169316,0.0039057,0.000000,0.000000,0.000000,0.00000,0.00000,0.000,0.000,0.000,0.000,0.000,-6.0000,0.0000,0.0000,6.0000,95.00,95.00,90.00,90.00,65535,65535,65535,1500,1,8,40.4365583,-86.8936660,185.900,-0.074,-0.170,0.000
37993,26026,18219,15173,0,0,0.39025,-1.51194,9.93713,-0.024501,0.000000,-0.036219,-9.906,-2.719,-31.204,-6.0079,0.3281,12.0453,-109.1400,8.6562,234.8058,0.0001498,-0.0172190,0.0050113,0.000000,0.000000,0.000000,0.00000,0.00000,0.000,0.000,0.000,0.000,0.000,-6.0000,0.0000,0.0000,6.0000,95.00,95.00,90.00,90.00,65535,65535,65535,1500,1,8,40.4365583,-86.8936660,186.100,-0.074,-0.170,0.000
38033,19073,38299,30346,0,0,-0.11253,-1.93811,10.39682,-0.010653,-0.009587,-0.041545,-9.906,-2.690,-32.013,-6.3211,0.3615,12.0588,-112.1470,8.7628,235.0273,0.0001675,-0.0173584,0.0054256,0.000000,0.000000,0.000000,0.00000,0.00000,0.000,0.000,0.000,0.000,0.000,-6.0000,0.0000,0.0000,6.0000,95.00,95.00,90.00,90.00,65535,65535,65535,1500,1,8,40.4365583,-86.8936660,186.100,-0.074,-0.170,0.000
38098,37019,17850,14786,0,0,0.39265,-2.23618,8.53294,0.003196,0.025566,-0.021305,-10.369,-2.390,-30.444,-5.5666,0.2571,12.0356,-105.4756,8.4693,236.0852,0.0005684,-0.0172589,0.0044644,0.000000,0.000000,0.000000,0.00000,0.00000,0.000,0.000,0.000,0.000,0.000,-6.0000,0.0000,0.0000,6.0000,95.00,95.00,90.00,90.00,65535,65535,65535,1500,1,8,40.4365583,-86.8936660,186.100,-0.049,-0.113,0.000
38148,25775,18226,15183,0,0,-0.21787,-2.29963,9.85573,0.026632,0.055394,0.002131,-10.333,-2.138,-30.250,-5.4582,0.2447,12.0343,-104.7484,8.4517,236.6795,0.0005866,-0.0172617,0.0043163,0.000000,0.000000,0.000000,0.00000,0.00000,0.000,0.000,0.000,0.000,0.000,-6.0000,0.0000,0.0000,6.0000,95.00,95.00,90.00,90.00,65535,65535,65535,1500,1,8,40.4365583,-86.8936660,186.100,-0.049,-0.113,0.000
38199,26100,18259,15203,0,0,0.54708,-2.23499,9.15303,0.012783,0.029827,0.002131,-10.405,-1.780,-29.757,-5.2183,0.2195,12.0361,-102.8605,8.3925,237.3034,0.0007168,-0.0173507,0.0040007,0.000000,0.000000,0.000000,0.00000,0.00000,0.000,0.000,0.000,0.000,0.000,-6.0000,0.0000,0.0000,6.0000,95.00,95.00,90.00,90.00,65535,65535,65535,1500,1,8,40.4365583,-86.8936658,186.500,-0.027,-0.061,0.000
38249,25995,18260,15202,0,0,1.35153,-2.63242,9.54688,0.043676,-0.006392,0.005326,-10.626,-1.687,-28.144,-4.5226,0.1413,12.0199,-96.5486,8.1156,237.9280,0.0009626,-0.0171662,0.0031271,0.000000,0.000000,0.000000,0.00000,0.00000,0.000,0.000,0.000,0.000,0.000,-6.0000,0.0000,0.0000,6.0000,95.00,95.00,90.00,90.00,65535,65535,65535,1500,1,8,40.4365583,-86.8936658,186.500,-0.027,-0.061,0.000
38298,20100,18190,15147,0,0,-0.11372,-1.67594,9.87369,0.043676,-0.038350,0.007457,-10.562,-1.697,-28.001,-4.4640,0.1318,12.0405,-96.2639,8.1066,238.5170,0.0009746,-0.0171711,0.0030533,0.000000,0.000000,0.000000,0.00000,0.00000,0.000,0.000,0.000,0.000,0.000,-6.0000,0.0000,0.0000,6.0000,95.00,95.00,90.00,90.00,65535,65535,65535,1500,1,8,40.4365590,-86.8936660,186.800,-0.027,-0.061,0.000
38348,25204,18269,15210,0,0,0.34716,-0.78769,8.88847,0.014914,-0.086286,0.017044,-10.386,-2.023,-28.340,-4.6600,0.1525,12.0100,-98.3436,8.2024,239.1049,0.0007722,-0.0170840,0.0032942,0.000000,0.000000,0.000000,0.00000,0.00000,0.000,0.000,0.000,0.000,0.000,-6.0000,0.0000,0.0000,6.0000,95.00,95.00,90.00,90.00,65535,65535,65535,1500,1,8,40.4365587,-86.8936655,186.800,-0.039,-0.090,0.000
38398,25917,18096,15082,0,0,-0.11492,-1.37906,9.49899,0.019175,-0.068177,0.029827,-10.626,-1.990,-28.087,-4.5720,0.1388,12.0425,-97.7306,8.1713,239.7206,0.0009471,-0.0172410,0.0031799,0.000000,0.000000,0.000000,0.00000,0.00000,0.000,0.000,0.000,0.000,0.000,-6.0000,0.0000,0.0000,6.0000,95.00,95.00,90.00,90.00,65535,65535,65535,1500,1,9,40.4365587,-86.8936655,187.000,-0.039,-0.090,0.000
38449,31353,18250,15192,0,0,0.53630,-2.03627,8.86812,-0.021305,-0.013848,0.055394,-10.603,-2.029,-27.885,-4.5395,0.1314,12.0144,-97.5527,8.1390,240.3258,0.0009833,-0.0171667,0.0031488,0.000000,0.000000,0.000000,0.00000,0.00000,0.000,0.000,0.000,0.000,0.000,-6.0000,0.0000,0.0000,6.0000,95.00,95.00,90.00,90.00,65535,65535,65535,1500,1,9,40.4365585,-86.8936653,187.000,-0.018,-0.042,0.000
38489,24957,33319,30292,0,0,0.66200,-1.73220,8.46709,0.075634,0.002131,0.053263,-10.548,-2.101,-27.811,-4.5359,0.1316,11.9858,-97.4779,8.0988,240.6254,0.0010302,-0.0170622,0.0031613,0.000000,0.000000,0.000000,0.00000,0.00000,0.000,0.000,0.000,0.000,0.000,-6.0000,0.0000,0.0000,6.0000,95.00,95.00,90.00,90.00,65535,65535,65535,1500,1,10,40.4365585,-86.8936653,187.200,-0.018,-0.042,0.000
38536,43299,37269,30472,0,0,0.07063,-2.54743,10.32140,0.033023,0.010653,0.051133,-10.648,-1.870,-27.363,-4.3860,0.1048,12.0212,-96.1481,8.0338,241.1494,0.0011838,-0.0171360,0.0029620,0.000000,0.000000,0.000000,0.00000,0.00000,0.000,0.000,0.000,0.000,0.000,-6.0000,0.0000,0.0000,6.0000,95.00,95.00,90.00,90.00,65535,65535,65535,1500,1,10,40.4365585,-86.8936653,187.200,-0.018,-0.042,0.000
38600,36855,20309,17298,0,0,0.58419,-2.10570,10.27112,0.026632,-0.013848,0.033023,-10.575,-2.054,-27.465,-4.4876,0.1020,12.0637,-97.1100,7.9656,242.1202,0.0013351,-0.0169262,0.0031479,0.000000,0.000000,0.000000,0.00000,0.00000,0.000,0.000,0.000,0.000,0.000,-6.0000,0.0000,0.0000,6.0000,95.00,95.00,90.00,90.00,65535,65535,65535,1500,1,10,40.4365590,-86.8936653,187.200,-0.025,-0.057,0.000
38650,26229,18248,15214,0,0,1.60412,-2.48638,10.22204,0.052198,-0.028762,0.019175,-10.485,-2.457,-28.195,-4.8439,0.1424,12.1044,-100.3723,8.0214,242.7429,0.0012870,-0.0167053,0.0036306,0.000000,0.000000,0.000000,0.00000,0.00000,0.000,0.000,0.000,0.000,0.000,-6.0000,0.0000,0.0000,6.0000,95.00,95.00,90.00,90.00,65535,65535,65535,1500,1,10,40.4365598,-86.8936658,187.200,-0.106,-0.245,0.000
38700,25214,18084,15039,0,0,1.19830,-0.09816,8.63948,0.034088,-0.005326,0.035154,-9.885,-3.051,-29.574,-5.5303,0.2147,12.0861,-106.9075,8.2798,243.3244,0.0008143,-0.0164008,0.0044841,0.000000,0.000000,0.000000,0.00000,0.00000,0.000,0.000,0.000,0.000,0.000,-6.0000,0.0000,0.0000,6.0000,95.00,95.00,90.00,90.00,65535,65535,65535,1500,1,10,40.4365598,-86.8936658,187.200,-0.106,-0.245,0.000
38749,21999,18245,15196,0,0,-0.30526,-1.48081,9.89045,-0.019175,-0.075634,-0.009587,-9.822,-3.444,-30.112,-5.7665,0.2368,12.1046,-109.3156,8.3455,243.9175,0.0007063,-0.0162263,0.0048037,0.000000,0.000000,0.000000,0.00000,0.00000,0.000,0.000,0.000,0.000,0.000,-6.0000,0.0000,0.0000,6.0000,95.00,95.00,90.00,90.00,65535,65535,65535,1500,1,10,40.4365597,-86.8936663,187.200,-0.080,-0.184,0.000
38781,24963,25051,22008,0,0,0.13527,-2.99993,10.26275,-0.029827,-0.078830,0.002131,-10.173,-3.396,-30.113,-5.7497,0.2344,12.1248,-109.0900,8.2825,244.2203,0.0009942,-0.0163522,0.0048055,0.000000,0.000000,0.000000,0.00000,0.00000,0.000,0.000,0.000,0.000,0.000,-6.0000,0.0000,0.0000,6.0000,95.00,95.00,90.00,90.00,65535,65535,65535,1500,1,10,40.4365597,-86.8936663,187.800,-0.080,-0.184,0.000
38831,25348,18270,15239,0,0,1.39462,-1.24977,9.52653,0.020240,-0.044741,0.000000,-10.453,-3.776,-30.821,-6.0378,0.2528,12.1473,-111.3608,8.2177,244.8996,0.0013537,-0.0162156,0.0052215,0.000000,0.000000,0.000000,0.00000,0.00000,0.000,0.000,0.000,0.000,0.000,-6.0000,0.0000,0.0000,6.0000,95.00,95.00,90.00,90.00,65535,65535,65535,1500,1,10,40.4365597,-86.8936663,187.800,-0.080,-0.184,0.000
38882,25491,18254,15203,0,0,0.01197,-0.11851,9.05727,-0.043676,-0.078830,-0.025566,-10.299,-3.790,-30.011,-5.6730,0.2073,12.1295,-108.7701,8.2387,245.5260,0.0010246,-0.0162040,0.0047126,0.000000,0.000000,0.000000,0.00000,0.00000,0.000,0.000,0.000,0.000,0.000,-6.0000,0.0000,0.0000,6.0000,95.00,95.00,90.00,90.00,65535,65535,65535,1500,1,10,40.4365598,-86.8936665,187.900,-0.078,-0.179,0.000
38951,21575,18227,15192,0,0,1.37906,-1.90818,10.43034,-0.007457,-0.084156,-0.031958,-10.848,-4.305,-32.231,-6.5629,0.3097,12.1784,-116.7013,8.3652,246.3392,0.0015164,-0.0163512,0.0059001,0.000000,0.000000,0.000000,0.00000,0.00000,0.000,0.000,0.000,0.000,0.000,-6.0000,0.0000,0.0000,6.0000,95.00,95.00,90.00,90.00,65535,65535,65535,1500,1,10,40.4365597,-86.8936665,188.100,-0.059,-0.137,0.000
38982,24431,25094,22081,0,0,-0.50757,-1.67953,9.79228,0.041545,-0.085221,-0.020240,-10.749,-4.042,-32.140,-6.5047,0.3044,12.1798,-116.6779,8.4449,246.6382,0.0014698,-0.0166688,0.0057925,0.000000,0.000000,0.000000,0.00000,0.00000,0.000,0.000,0.000,0.000,0.000,-6.0000,0.0000,0.0000,6.0000,95.00,95.00,90.00,90.00,65535,65535,65535,1500,1,10,40.4365597,-86.8936665,188.100,-0.059,-0.137,0.000
39050,40022,21659,18582,0,0,1.57538,-2.70305,9.03931,-0.010653,-0.074569,-0.047937,-10.978,-4.754,-33.055,-6.8420,0.3254,12.1425,-119.7343,8.4341,247.4975,0.0016325,-0.0163469,0.0062741,0.000000,0.000000,0.000000,0.00000,0.00000,0.000,0.000,0.000,0.000,0.000,-6.0000,0.0000,0.0000,6.0000,95.00,95.00,90.00,90.00,65535,65535,65535,1500,1,10,40.4365598,-86.8936665,188.100,-0.055,-0.127,0.000
39088,28525,30931,27865,0,0,0.71347,-2.62405,9.84496,0.062851,-0.083091,-0.019175,-10.968,-5.081,-34.469,-7.4460,0.3936,12.1524,-125.1527,8.5631,247.8278,0.0018036,-0.0163897,0.0070522,0.000000,0.000000,0.000000,0.00000,0.00000,0.000,0.000,0.000,0.000,0.000,-6.0000,0.0000,0.0000,6.0000,95.00,95.00,90.00,90.00,65535,65535,65535,1500,1,10,40.4365598,-86.8936665,188.300,-0.055,-0.127,0.000
39141,26988,25494,15031,0,0,0.83677,-2.03268,9.36612,0.019175,-0.028762,-0.046872,-10.926,-5.211,-34.443,-7.3606,0.3839,12.1593,-124.8053,8.5522,248.5478,0.0017857,-0.0163165,0.0069520,0.000000,0.000000,0.000000,0.00000,0.00000,0.000,0.000,0.000,0.000,0.000,-6.0000,0.0000,0.0000,6.0000,95.00,95.00,90.00,90.00,65535,65535,65535,1500,1,10,40.4365598,-86.8936665,188.300,-0.055,-0.127,0.000
39192,26728,18312,15239,0,0,1.77410,-2.26970,9.99579,-0.038350,-0.001065,-0.057524,-10.970,-5.199,-33.739,-6.9768,0.3396,12.1535,-121.7706,8.4614,249.2633,0.0016979,-0.0161701,0.0064739,0.000000,0.000000,0.000000,0.00000,0.00000,0.000,0.000,0.000,0.000,0.000,-6.0000,0.0000,0.0000,6.0000,95.00,95.00,90.00,90.00,65535,65535,65535,1500,1,10,40.4365600,-86.8936667,188.500,-0.059,-0.137,0.000
39243,26005,18238,15199,0,0,1.04866,-3.07416,9.38168,-0.010653,-0.012783,-0.037284,-11.020,-5.083,-33.943,-7.0092,0.3436,12.1655,-122.5349,8.5222,249.8768,0.0016926,-0.0163183,0.0064992,0.000000,0.000000,0.000000,0.00000,0.00000,0.000,0.000,0.000,0.000,0.000,-6.0000,0.0000,0.0000,6.0000,95.00,95.00,90.00,90.00,65535,65535,65535,1500,1,10,40.4365600,-86.8936667,188.500,-0.059,-0.137,0.000
39294,26129,18217,15188,0,0,1.04746,-0.75776,9.00100,0.024501,-0.011718,-0.037284,-10.775,-4.823,-32.857,-6.4797,0.2811,12.1467,-118.4487,8.4755,250.5152,0.0014502,-0.0163912,0.0058054,0.000000,0.000000,0.000000,0.00000,0.00000,0.000,0.000,0.000,0.000,0.000,-6.0000,0.0000,0.0000,6.0000,95.00,95.00,90.00,90.00,65535,65535,65535,1500,1,10,40.4365597,-86.8936662,188.700,-0.025,-0.057,0.000
39343,23686,19084,15289,0,0,1.12527,-1.34315,9.07163,0.021305,0.046872,-0.024501,-10.752,-4.822,-32.465,-6.2632,0.2558,12.1169,-116.6980,8.4026,251.1042,0.0013768,-0.0161940,0.0055429,0.000000,0.000000,0.000000,0.00000,0.00000,0.000,0.000,0.000,0.000,0.000,-6.0000,0.0000,0.0000,6.0000,95.00,95.00,90.00,90.00,65535,65535,65535,1500,1,10,40.4365597,-86.8936662,188.700,-0.025,-0.057,0.000
39394,25673,18227,15179,0,0,1.09415,-2.42772,8.89925,-0.005326,0.053263,-0.031958,-10.994,-4.639,-32.749,-6.3180,0.2628,12.0933,-117.3989,8.3971,251.7289,0.0015193,-0.0162142,0.0056236,0.000000,0.000000,0.000000,0.00000,0.00000,0.000,0.000,0.000,0.000,0.000,-6.0000,0.0000,0.0000,6.0000,95.00,95.00,90.00,90.00,65535,65535,65535,1500,1,10,40.4365598,-86.8936663,188.900,-0.033,-0.076,0.000
39444,25890,18275,15232,0,0,1.04746,-1.43054,9.96347,-0.044741,-0.001065,-0.029827,-10.641,-4.521,-32.566,-6.2087,0.2490,12.0920,-117.1860,8.5083,252.3377,0.0010765,-0.0162480,0.0054417,0.000000,0.000000,0.000000,0.00000,0.00000,0.000,0.000,0.000,0.000,0.000,-6.0000,0.0000,0.0000,6.0000,95.00,95.00,90.00,90.00,65535,65535,65535,1500,1,10,40.4365595,-86.8936653,188.900,-0.037,-0.085,0.000
39495,25953,18254,15197,0,0,1.69988,0.40103,8.89925,-0.008522,0.003196,-0.018109,-10.368,-4.523,-32.584,-6.2072,0.2461,12.0744,-117.8171,8.6225,252.9546,0.0007059,-0.0162459,0.0053995,0.000000,0.000000,0.000000,0.00000,0.00000,0.000,0.000,0.000,0.000,0.000,-6.0000,0.0000,0.0000,6.0000,95.00,95.00,90.00,90.00,65535,65535,65535,1500,1,10,40.4365595,-86.8936653,189.100,-0.037,-0.085,0.000
39534,24210,33326,30315,0,0,0.81882,-2.72340,9.95749,-0.018109,0.017044,-0.023436,-10.621,-4.482,-32.603,-6.1831,0.2425,12.0868,-117.5436,8.5620,253.2478,0.0009196,-0.0162465,0.0053905,0.000000,0.000000,0.000000,0.00000,0.00000,0.000,0.000,0.000,0.000,0.000,-6.0000,0.0000,0.0000,6.0000,95.00,95.00,90.00,90.00,65535,65535,65535,1500,1,10,40.4365595,-86.8936653,189.100,-0.037,-0.085,0.000
39583,44039,38202,29777,0,0,0.82241,-1.06542,9.31105,0.010653,0.055394,-0.017044,-10.376,-4.389,-32.928,-6.2914,0.2646,12.0681,-119.0143,8.6514,253.7765,0.0007351,-0.0162135,0.0055187,0.000000,0.000000,0.000000,0.00000,0.00000,0.000,0.000,0.000,0.000,0.000,-6.0000,0.0000,0.0000,6.0000,95.00,95.00,90.00,90.00,65535,65535,65535,1500,1,10,40.4365595,-86.8936650,189.100,-0.045,-0.104,0.000
39644,34701,24873,16829,0,0,0.67516,-0.40223,9.28591,0.001065,0.010653,-0.015979,-9.997,-4.429,-34.096,-6.7589,0.3256,12.0177,-124.0814,8.9106,254.6546,0.0004078,-0.0162355,0.0060629,0.000000,0.000000,0.000000,0.00000,0.00000,0.000,0.000,0.000,0.000,0.000,-6.0000,0.0000,0.0000,6.0000,95.00,95.00,90.00,90.00,65535,65535,65535,1500,1,10,40.4365595,-86.8936650,189.100,-0.045,-0.104,0.000
39695,25979,18130,15094,0,0,0.04190,-3.86903,9.54209,0.011718,-0.023436,-0.024501,-10.207,-4.436,-33.639,-6.4938,0.2953,11.9928,-121.9288,8.7997,255.3569,0.0005186,-0.0161565,0.0057623,0.000000,0.000000,0.000000,0.00000,0.00000,0.000,0.000,0.000,0.000,0.000,-6.0000,0.0000,0.0000,6.0000,95.00,95.00,90.00,90.00,65535,65535,65535,1500,1,10,40.4365593,-86.8936647,189.500,-0.076,-0.175,0.000
39745,25784,18260,15229,0,0,1.92614,-2.08296,10.54047,0.018109,-0.046872,-0.033023,-10.229,-4.620,-33.266,-6.2716,0.2678,12.0383,-120.1125,8.7087,255.9602,0.0005130,-0.0159839,0.0055094,0.000000,0.000000,0.000000,0.00000,0.00000,0.000,0.000,0.000,0.000,0.000,-6.0000,0.0000,0.0000,6.0000,95.00,95.00,90.00,90.00,65535,65535,65535,1500,1,10,40.4365593,-86.8936645,189.500,-0.076,-0.175,0.000
39793,19678,18110,15077,0,0,-0.14605,0.80685,9.95509,0.037284,-0.050067,-0.052198,-9.667,-4.729,-33.940,-6.5504,0.2805,12.0543,-123.5462,8.9853,256.5388,-0.0000051,-0.0160991,0.0057791,0.000000,0.000000,0.000000,0.00000,0.00000,0.000,0.000,0.000,0.000,0.000,-6.0000,0.0000,0.0000,6.0000,95.00,95.00,90.00,90.00,65535,65535,65535,1500,1,10,40.4365593,-86.8936645,189.600,-0.076,-0.175,0.000
39843,26043,18249,15210,0,0,0.58179,-0.43335,8.76278,-0.034088,-0.061785,-0.034088,-9.838,-4.671,-34.872,-6.8953,0.3174,12.0431,-127.1014,9.1301,257.1326,0.0001439,-0.0163869,0.0061850,0.000000,0.000000,0.000000,0.00000,0.00000,0.000,0.000,0.000,0.000,0.000,-6.0000,0.0000,0.0000,6.0000,95.00,95.00,90.00,90.00,65535,65535,65535,1500,1,10,40.4365590,-86.8936642,189.600,-0.090,-0.208,0.000
39894,26270,18100,15077,0,0,-0.59376,-2.77009,10.44351,-0.121440,-0.093743,-0.045806,-10.030,-4.879,-37.754,-8.1164,0.4624,12.0806,-138.7184,9.5765,257.7184,0.0002850,-0.0167758,0.0076380,0.000000,0.000000,0.000000,0.00000,0.00000,0.000,0.000,0.000,0.000,0.000,-6.0000,0.0000,0.0000,6.0000,95.00,95.00,90.00,90.00,65535,65535,65535,1500,1,10,40.4365590,-86.8936642,189.800,-0.090,-0.208,0.000
39944,30943,18281,15199,0,0,1.26773,-2.79882,9.31225,0.003196,-0.044741,-0.057524,-10.313,-5.186,-39.891,-8.9724,0.5576,12.0903,-146.7299,9.8073,258.2975,0.0005989,-0.0168985,0.0086977,0.000000,0.000000,0.000000,0.00000,0.00000,0.000,0.000,0.000,0.000,0.000,-6.0000,0.0000,0.0000,6.0000,95.00,95.00,90.00,90.00,65535,65535,65535,1500,1,10,40.4365587,-86.8936640,189.800,-0.121,-0.278,0.000
39994,23870,19369,15168,0,0,0.57221,-0.98881,10.02931,-0.017044,-0.051133,-0.055394,-9.930,-5.092,-40.142,-9.0103,0.5618,12.0842,-148.1140,10.0067,258.8870,0.0002407,-0.0171235,0.0086877,0.000000,0.000000,0.000000,0.00000,0.00000,0.000,0.000,0.000,0.000,0.000,-6.0000,0.0000,0.0000,6.0000,95.00,95.00,90.00,90.00,65535,65535,65535,1500,1,10,40.4365587,-86.8936640,189.800,-0.121,-0.278,0.000
40034,20197,38249,30257,0,0,0.51356,-2.36068,10.19212,-0.005326,-0.060720,-0.063916,-9.978,-5.233,-41.362,-9.5146,0.6244,12.0963,-152.8782,10.1676,259.1176,0.0003584,-0.0172154,0.0093012,0.000000,0.000000,0.000000,0.00000,0.00000,0.000,0.000,0.000,0.000,0.000,-6.0000,0.0000,0.0000,6.0000,95.00,95.00,90.00,90.00,65535,65535,65535,1500,1,10,40.4365587,-86.8936640,189.800,-0.121,-0.278,0.000
40099,37697,25540,17462,0,0,0.85234,-1.17914,9.18895,-0.030893,-0.018109,-0.030893,-9.944,-5.398,-43.732,-10.5165,0.7591,12.0808,-162.9882,10.6224,260.0308,0.0003345,-0.0175294,0.0104559,0.000000,0.000000,0.000000,0.00000,0.00000,0.000,0.000,0.000,0.000,0.000,-6.0000,0.0000,0.0000,6.0000,95.00,95.00,90.00,90.00,65535,65535,65535,1500,1,10,40.4365588,-86.8936652,189.800,-0.068,-0.156,0.000
40147,29010,18097,15075,0,0,0.63686,-2.60489,10.33577,-0.041545,0.003196,-0.036219,-9.608,-5.019,-43.159,-10.2158,0.7141,12.0677,-161.4107,10.7411,260.7084,-0.0000899,-0.0177610,0.0100249,0.000000,0.000000,0.000000,0.00000,0.00000,0.000,0.000,0.000,0.000,0.000,-6.0000,0.0000,0.0000,6.0000,95.00,95.00,90.00,90.00,65535,65535,65535,1500,1,10,40.4365588,-86.8936652,189.800,-0.068,-0.156,0.000
40196,29448,19156,15308,0,0,1.12887,0.59616,9.41041,-0.024501,0.002131,-0.042611,-8.845,-4.480,-38.829,-8.2752,0.4677,12.0417,-144.8755,10.3761,261.3437,-0.0010382,-0.0176792,0.0076111,0.000000,0.000000,0.000000,0.00000,0.00000,0.000,0.000,0.000,0.000,0.000,-6.0000,0.0000,0.0000,6.0000,95.00,95.00,90.00,90.00,65535,65535,65535,1500,1,10,40.4365588,-86.8936650,190.100,-0.047,-0.109,0.000
40246,25890,18251,15213,0,0,0.56623,-1.17316,9.27274,0.064981,-0.002131,-0.036219,-8.940,-4.553,-41.318,-9.3249,0.5938,12.0537,-154.8403,10.7145,261.9331,-0.0007217,-0.0178865,0.0088728,0.000000,0.000000,0.000000,0.00000,0.00000,0.000,0.000,0.000,0.000,0.000,-6.0000,0.0000,0.0000,6.0000,95.00,95.00,90.00,90.00,65535,65535,65535,1500,1,10,40.4365588,-86.8936650,190.100,-0.047,-0.109,0.000
40298,26198,18243,15179,0,0,0.15562,-3.02747,9.32182,0.062851,0.012783,-0.045806,-8.923,-4.468,-40.496,-8.8937,0.5381,12.0470,-151.1814,10.5644,262.5629,-0.0007062,-0.0177729,0.0083675,0.000000,0.000000,0.000000,0.00000,0.00000,0.000,0.000,0.000,0.000,0.000,-6.0000,0.0000,0.0000,6.0000,95.00,95.00,90.00,90.00,65535,65535,65535,1500,1,10,40.4365592,-86.8936667,190.200,-0.072,-0.165,0.000
40349,26591,18215,15208,0,0,1.08338,-3.09690,9.32661,-0.015979,0.012783,-0.020240,-9.250,-4.355,-41.101,-9.1055,0.5621,12.0425,-153.3579,10.5949,263.1717,-0.0003479,-0.0178981,0.0086402,0.000000,0.000000,0.000000,0.00000,0.00000,0.000,0.000,0.000,0.000,0.000,-6.0000,0.0000,0.0000,6.0000,95.00,95.00,90.00,90.00,65535,65535,65535,1500,1,10,40.4365590,-86.8936663,190.200,-0.053,-0.123,0.000
40406,29246,22140,14952,0,0,1.12767,-1.57898,9.89045,-0.083091,-0.059655,-0.025566,-9.355,-4.434,-41.039,-9.0289,0.5512,12.0298,-153.1565,10.5992,263.8197,-0.0003599,-0.0178825,0.0085522,0.000000,0.000000,0.000000,0.00000,0.00000,0.000,0.000,0.000,0.000,0.000,-6.0000,0.0000,0.0000,6.0000,95.00,95.00,90.00,90.00,65535,65535,65535,1500,1,10,40.4365590,-86.8936663,190.200,-0.053,-0.123,0.000
40431,28036,18815,15792,0,0,0.49560,0.51715,9.83778,0.027697,-0.042611,-0.031958,-8.771,-4.316,-40.467,-8.7666,0.5241,12.0265,-151.6057,10.6917,264.1642,-0.0008927,-0.0179487,0.0081886,0.000000,0.000000,0.000000,0.00000,0.00000,0.000,0.000,0.000,0.000,0.000,-6.0000,0.0000,0.0000,6.0000,95.00,95.00,90.00,90.00,65535,65535,65535,1500,1,10,40.4365590,-86.8936663,190.200,-0.053,-0.123,0.000
40498,19116,17696,14710,0,0,0.22146,-2.02310,10.40759,0.003196,-0.061785,-0.036219,-8.475,-4.221,-40.814,-8.9110,0.4982,12.0551,-153.8624,10.9400,264.9851,-0.0013101,-0.0181916,0.0082547,0.000000,0.000000,0.000000,0.00000,0.00000,0.000,0.000,0.000,0.000,0.000,-6.0000,0.0000,0.0000,6.0000,95.00,95.00,90.00,90.00,65535,65535,65535,1500,1,10,40.4365587,-86.8936658,190.600,-0.059,-0.137,0.000
40535,23232,30864,27791,0,0,-0.78889,-3.88818,10.99896,-0.086286,-0.084156,-0.063916,-8.582,-4.322,-40.896,-8.9735,0.4846,12.0913,-154.0702,10.9514,265.2656,-0.0013101,-0.0181916,0.0082547,0.000000,0.000000,0.000000,0.00000,0.00000,0.000,0.000,0.000,0.000,0.000,-6.0000,0.0000,0.0000,6.0000,95.00,95.00,90.00,90.00,65535,65535,65535,1500,1,10,40.4365587,-86.8936658,190.600,-0.059,-0.137,0.000
40612,37567,37954,29917,0,0,-0.02993,-3.32674,10.33577,-0.059655,-0.086286,-0.060720,-9.167,-5.165,-48.187,-12.1579,0.8967,12.0747,-183.7754,12.0054,266.0259,-0.0006160,-0.0185501,0.0120063,0.000000,0.000000,0.000000,0.00000,0.00000,0.000,0.000,0.000,0.000,0.000,-6.0000,0.0000,0.0000,6.0000,95.00,95.00,90.00,90.00,65535,65535,65535,1500,1,10,40.4365583,-86.8936655,190.600,-0.082,-0.189,0.000
40645,47273,23720,20722,0,0,0.97564,-2.40498,9.19733,0.040480,-0.058590,-0.074569,-9.200,-5.557,-49.950,-12.8620,0.9788,12.0589,-190.4963,12.2171,266.5774,-0.0003688,-0.0185091,0.0128432,0.000000,0.000000,0.000000,0.00000,0.00000,0.000,0.000,0.000,0.000,0.000,-6.0000,0.0000,0.0000,6.0000,95.00,95.00,90.00,90.00,65535,65535,65535,1500,1,10,40.4365583,-86.8936655,190.600,-0.082,-0.189,0.000
40696,25897,18063,15039,0,0,0.54827,-1.36709,9.81264,0.018109,-0.078830,-0.024501,-8.971,-5.597,-52.855,-14.1050,1.1568,12.0549,-203.3222,12.8458,267.2266,-0.0003811,-0.0189818,0.0142552,0.000000,0.000000,0.000000,0.00000,0.00000,0.000,0.000,0.000,0.000,0.000,-6.0000,0.0000,0.0000,6.0000,95.00,95.00,90.00,90.00,65535,65535,65535,1500,1,10,40.4365585,-86.8936653,191.000,-0.082,-0.189,0.000
40746,26208,18267,15211,0,0,0.33519,-3.11845,9.29549,-0.005326,-0.068177,-0.024501,-9.084,-6.254,-58.877,-16.7628,1.5410,12.0483,-228.6416,13.8053,267.7568,0.0001229,-0.0192195,0.0173854,0.000000,0.000000,0.000000,0.00000,0.00000,0.000,0.000,0.000,0.000,0.000,-6.0000,0.0000,0.0000,6.0000,95.00,95.00,90.00,90.00,65535,65535,65535,1500,1,10,40.4365580,-86.8936652,191.000,-0.053,-0.123,0.000
40797,25843,17999,14992,0,0,-0.06225,-3.90255,10.48301,-0.018109,-0.063916,-0.027697,-9.056,-6.690,-62.369,-18.2909,1.7671,12.0691,-243.5571,14.4055,268.3276,0.0003995,-0.0193516,0.0191655,0.000000,0.000000,0.000000,0.00000,0.00000,0.000,0.000,0.000,0.000,0.000,-6.0000,0.0000,0.0000,6.0000,95.00,95.00,90.00,90.00,65535,65535,65535,1500,1,10,40.4365580,-86.8936652,191.200,-0.053,-0.123,0.000
40848,28746,21636,15296,0,0,1.16478,0.44891,9.40921,0.044741,-0.031958,0.005326,-8.791,-6.316,-60.294,-17.3095,1.6236,12.0617,-235.7951,14.2374,268.9270,0.0001078,-0.0194905,0.0180060,0.000000,0.000000,0.000000,0.00000,0.00000,0.000,0.000,0.000,0.000,0.000,-6.0000,0.0000,0.0000,6.0000,95.00,95.00,90.00,90.00,65535,65535,65535,1500,1,10,40.4365583,-86.8936653,191.200,-0.006,-0.014,0.000
40898,25764,17988,14950,0,0,-0.04190,0.29329,9.32901,-0.051133,0.021305,0.013848,-8.627,-6.083,-60.984,-17.5921,1.6625,12.0209,-239.6354,14.4868,269.5736,0.0000871,-0.0196872,0.0183186,0.000000,0.000000,0.000000,0.00000,0.00000,0.000,0.000,0.000,0.000,0.000,-6.0000,0.0000,0.0000,6.0000,95.00,95.00,90.00,90.00,65535,65535,65535,1500,1,10,40.4365583,-86.8936653,191.300,-0.006,-0.014,0.000
40949,31379,18287,15229,0,0,1.20548,-2.47441,9.85932,-0.022371,-0.003196,0.041545,-9.064,-6.700,-63.557,-18.7803,1.8466,12.0388,-250.8140,14.8172,270.1421,0.0006106,-0.0193811,0.0197514,0.000000,0.000000,0.000000,0.00000,0.00000,0.000,0.000,0.000,0.000,0.000,-6.0000,0.0000,0.0000,6.0000,95.00,95.00,90.00,90.00,65535,65535,65535,1500,1,10,40.4365583,-86.8936652,191.300,-0.027,-0.061,0.000
40999,25970,17788,14777,0,0,1.56820,-2.52588,9.98262,0.015979,0.038350,0.027697,-9.194,-6.664,-64.080,-19.0172,1.8816,12.0270,-253.8115,14.9590,270.7423,0.0007698,-0.0193758,0.0200344,0.000000,0.000000,0.000000,0.00000,0.00000,0.000,0.000,0.000,0.000,0.000,-6.0000,0.0000,0.0000,6.0000,95.00,95.00,90.00,90.00,65535,65535,65535,1500,1,10,40.4365583,-86.8936652,191.300,-0.027,-0.061,0.000
41037,18264,38222,30351,0,0,0.30646,-2.30801,10.37767,-0.033023,0.023436,0.025566,-9.304,-6.496,-64.809,-19.3311,1.9321,12.0407,-257.2555,15.1329,270.9534,0.0008931,-0.0195808,0.0203961,0.000000,0.000000,0.000000,0.00000,0.00000,0.000,0.000,0.000,0.000,0.000,-6.0000,0.0000,0.0000,6.0000,95.00,95.00,90.00,90.00,65535,65535,65535,1500,1,10,40.4365583,-86.8936652,191.300,-0.027,-0.061,0.000
41100,33649,18033,14964,0,0,0.48842,-0.41300,9.33140,-0.031958,0.009587,0.054328,-9.121,-6.224,-64.951,-19.4156,1.9327,12.0470,-259.8716,15.3844,271.9474,0.0006962,-0.0196148,0.0204755,0.000000,0.000000,0.000000,0.00000,0.00000,0.000,0.000,0.000,0.000,0.000,-6.0000,0.0000,0.0000,6.0000,95.00,95.00,90.00,90.00,65535,65535,65535,1500,1,10,40.4365587,-86.8936653,191.300,-0.029,-0.066,0.000
41148,24044,18207,15161,0,0,1.57778,-3.04782,9.14824,0.004261,0.033023,0.040480,-10.074,-6.300,-63.570,-18.7933,1.8482,12.0581,-253.8758,14.9592,272.5412,0.0014171,-0.0192652,0.0198433,0.000000,0.000000,0.000000,0.00000,0.00000,0.000,0.000,0.000,0.000,0.000,-6.0000,0.0000,0.0000,6.0000,95.00,95.00,90.00,90.00,65535,65535,65535,1500,1,10,40.4365587,-86.8936653,191.300,-0.029,-0.066,0.000
41199,26543,18272,15239,0,0,0.52553,-2.87185,9.97185,0.072438,0.053263,0.052198,-9.993,-5.873,-63.346,-18.7117,1.8356,12.0603,-254.2093,15.0547,273.1636,0.0014627,-0.0194790,0.0197342,0.000000,0.000000,0.000000,0.00000,0.00000,0.000,0.000,0.000,0.000,0.000,-6.0000,0.0000,0.0000,6.0000,95.00,95.00,90.00,90.00,65535,65535,65535,1500,1,10,40.4365588,-86.8936657,192.000,-0.043,-0.099,0.000
41249,25298,18231,15194,0,0,1.02592,-0.27294,9.29429,-0.007457,0.042611,0.035154,-9.947,-5.663,-63.822,-18.9457,1.8717,12.0595,-257.4825,15.2789,273.7566,0.0014057,-0.0195824,0.0199853,0.000000,0.000000,0.000000,0.00000,0.00000,0.000,0.000,0.000,0.000,0.000,-6.0000,0.0000,0.0000,6.0000,95.00,95.00,90.00,90.00,65535,65535,65535,1500,1,10,40.4365588,-86.8936657,192.000,-0.043,-0.099,0.000
41298,20567,18205,15168,0,0,-0.29688,-3.45483,9.03452,-0.006392,0.025566,0.029827,-9.912,-5.284,-63.767,-18.9083,1.8669,12.0381,-258.4340,15.4071,274.3513,0.0013926,-0.0197733,0.0199491,0.000000,0.000000,0.000000,0.00000,0.00000,0.000,0.000,0.000,0.000,0.000,-6.0000,0.0000,0.0000,6.0000,95.00,95.00,90.00,90.00,65535,65535,65535,1500,1,10,40.4365592,-86.8936662,192.100,-0.043,-0.099,0.000
41349,26628,18244,15179,0,0,1.46286,-2.49117,9.75757,-0.002131,0.035154,0.020240,-9.979,-5.442,-63.524,-18.8049,1.8446,12.0380,-258.1150,15.3989,274.9672,0.0013539,-0.0194429,0.0198490,0.000000,0.000000,0.000000,0.00000,0.00000,0.000,0.000,0.000,0.000,0.000,-6.0000,0.0000,0.0000,6.0000,95.00,95.00,90.00,90.00,65535,65535,65535,1500,1,10,40.4365595,-86.8936668,192.100,0.032,-0.240,0.000
41399,25992,17946,14921,0,0,0.72903,-3.06697,10.24599,-0.121440,0.019175,0.009587,-10.364,-5.007,-62.943,-18.4893,1.7919,12.0431,-256.0843,15.3592,275.5841,0.0015074,-0.0196647,0.0194852,0.000000,0.000000,0.000000,0.00000,0.00000,0.000,0.000,0.000,0.000,0.000,-6.0000,0.0000,0.0000,6.0000,95.00,95.00,90.00,90.00,65535,65535,65535,1500,1,10,40.4365595,-86.8936668,192.100,0.032,-0.240,0.000
41449,31177,18234,15202,0,0,1.55264,0.70390,9.28591,-0.073503,-0.053263,0.004261,-10.392,-5.155,-63.015,-18.4912,1.7987,12.0249,-257.3497,15.4958,276.1824,0.0013355,-0.0195883,0.0195015,0.000000,0.000000,0.000000,0.00000,0.00000,0.000,0.000,0.000,0.000,0.000,-6.0000,0.0000,0.0000,6.0000,95.00,95.00,90.00,90.00,65535,65535,65535,1500,1,10,40.4365598,-86.8936670,192.100,0.115,-0.219,0.000
41499,21751,17911,14877,0,0,0.35913,-2.10450,10.79546,-0.094809,-0.057524,-0.019175,-10.244,-5.346,-65.140,-19.4489,1.9576,12.0347,-267.7865,16.0923,276.7547,0.0011501,-0.0197717,0.0205554,0.000000,0.000000,0.000000,0.00000,0.00000,0.000,0.000,0.000,0.000,0.000,-6.0000,0.0000,0.0000,6.0000,95.00,95.00,90.00,90.00,65535,65535,65535,1500,1,10,40.4365598,-86.8936670,192.100,0.115,-0.219,0.000
41538,23571,33369,30351,0,0,0.75058,-1.62327,9.37569,0.002131,-0.090547,0.005326,-10.194,-5.448,-65.431,-19.5815,1.9794,12.0279,-269.5663,16.2097,277.0343,0.0011265,-0.0198043,0.0207006,0.000000,0.000000,0.000000,0.00000,0.00000,0.000,0.000,0.000,0.000,0.000,-6.0000,0.0000,0.0000,6.0000,95.00,95.00,90.00,90.00,65535,65535,65535,1500,1,10,40.4365598,-86.8936670,192.100,0.115,-0.219,0.000
41605,29575,30141,22106,0,0,0.37469,-2.33315,9.45949,-0.006392,-0.109722,-0.027697,-10.300,-5.746,-66.964,-20.2212,2.0947,12.0060,-277.0577,16.6303,277.8528,0.0012483,-0.0200035,0.0214147,0.000000,0.000000,0.000000,0.00000,0.00000,0.000,0.000,0.000,0.000,0.000,-6.0000,0.0000,0.0000,6.0000,95.00,95.00,90.00,90.00,65535,65535,65535,1500,1,10,40.4365602,-86.8936678,192.100,0.103,-0.196,0.000
41644,31103,38500,30391,0,0,1.92015,-3.36744,9.58638,-0.018109,-0.076699,-0.029827,-10.854,-5.928,-66.111,-19.7858,2.0115,12.0203,-272.8066,16.3292,278.2399,0.0016681,-0.0198203,0.0209719,0.000000,0.000000,0.000000,0.00000,0.00000,0.000,0.000,0.000,0.000,0.000,-6.0000,0.0000,0.0000,6.0000,95.00,95.00,90.00,90.00,65535,65535,65535,1500,1,10,40.4365602,-86.8936678,192.100,0.103,-0.196,0.000
41701,36959,18092,15143,0,0,2.12366,-2.46124,10.12268,0.002131,-0.054328,-0.007457,-11.291,-6.402,-67.060,-20.1916,2.0672,12.0707,-277.3497,16.4849,279.1582,0.0021570,-0.0197364,0.0214524,0.000000,0.000000,0.000000,0.00000,0.00000,0.000,0.000,0.000,0.000,0.000,-6.0000,0.0000,0.0000,6.0000,95.00,95.00,90.00,90.00,65535,65535,65535,1500,1,10,40.4365608,-86.8936687,192.100,0.103,-0.196,0.000
41750,25558,18236,15207,0,0,2.67791,-2.71024,9.75877,0.008522,-0.033023,-0.019175,-11.223,-6.574,-66.700,-19.9797,2.0237,12.0760,-276.1547,16.4531,279.7610,0.0021786,-0.0195888,0.0212289,0.000000,0.000000,0.000000,0.00000,0.00000,0.000,0.000,0.000,0.000,0.000,-6.0000,0.0000,0.0000,6.0000,95.00,95.00,90.00,90.00,65535,65535,65535,1500,1,10,40.4365613,-86.8936690,192.100,0.072,-0.137,0.000
41798,23369,18177,15144,0,0,1.37427,-1.18872,9.12789,0.119310,-0.003196,-0.006392,-10.943,-6.548,-66.175,-19.7191,1.9980,12.0076,-274.7185,16.4636,280.3470,0.0020208,-0.0195102,0.0209298,0.000000,0.000000,0.000000,0.00000,0.00000,0.000,0.000,0.000,0.000,0.000,-6.0000,0.0000,0.0000,6.0000,95.00,95.00,90.00,90.00,65535,65535,65535,1500,1,11,40.4365613,-86.8936690,193.100,0.072,-0.137,0.000
41849,31143,18253,15212,0,0,0.37469,0.04429,8.88369,0.041545,-0.011718,-0.021305,-10.411,-5.978,-65.989,-19.5602,1.9641,11.9543,-275.1584,16.7113,280.9522,0.0016487,-0.0199994,0.0206924,0.000000,0.000000,0.000000,0.00000,0.00000,0.000,0.000,0.000,0.000,0.000,-6.0000,0.0000,0.0000,6.0000,95.00,95.00,90.00,90.00,65535,65535,65535,1500,1,11,40.4365620,-86.8936688,193.100,0.134,-0.255,0.000
41903,29914,17940,14998,0,0,1.58496,-3.01430,9.69891,0.053263,-0.046872,0.010653,-10.584,-6.504,-67.374,-20.1795,2.0751,11.9702,-281.3825,16.9054,281.5895,0.0021473,-0.0197442,0.0214429,0.000000,0.000000,0.000000,0.00000,0.00000,0.000,0.000,0.000,0.000,0.000,-6.0000,0.0000,0.0000,6.0000,95.00,95.00,90.00,90.00,65535,65535,65535,1500,1,11,40.4365620,-86.8936688,193.300,0.134,-0.255,0.000
41948,20446,18256,15210,0,0,0.59256,-1.53349,9.30866,0.064981,-0.004261,0.003196,-10.247,-5.680,-65.517,-19.2879,1.9032,11.9695,-274.4148,16.7524,282.1463,0.0018712,-0.0202297,0.0203915,0.000000,0.000000,0.000000,0.00000,0.00000,0.000,0.000,0.000,0.000,0.000,-6.0000,0.0000,0.0000,6.0000,95.00,95.00,90.00,90.00,65535,65535,65535,1500,1,11,40.4365622,-86.8936690,193.500,0.048,-0.091,0.000
41998,25947,17988,14961,0,0,1.31322,-3.56616,10.20050,0.102265,0.004261,0.014914,-9.897,-5.401,-64.811,-18.9584,1.8312,11.9650,-272.2716,16.7247,282.7592,0.0018138,-0.0203519,0.0200006,0.000000,0.000000,0.000000,0.00000,0.00000,0.000,0.000,0.000,0.000,0.000,-6.0000,0.0000,0.0000,6.0000,95.00,95.00,90.00,90.00,65535,65535,65535,1500,1,11,40.4365622,-86.8936690,193.500,0.048,-0.091,0.000
42037,18652,38268,30402,0,0,-0.68354,0.60214,8.91242,0.083091,-0.008522,0.021305,-9.455,-4.311,-61.338,-17.3557,1.5062,11.9512,-258.0124,16.2321,283.0330,0.0012859,-0.0208667,0.0181252,0.000000,0.000000,0.000000,0.00000,0.00000,0.000,0.000,0.000,0.000,0.000,-6.0000,0.0000,0.0000,6.0000,95.00,95.00,90.00,90.00,65535,65535,65535,1500,1,11,40.4365622,-86.8936690,193.500,0.048,-0.091,0.000
42101,37371,25716,17616,0,0,0.50518,-1.99916,8.06367,0.075634,0.004261,0.045806,-8.959,-4.224,-61.213,-17.3211,1.5090,11.8383,-259.5204,16.4440,283.9536,0.0009112,-0.0208203,0.0180715,0.000000,0.000000,0.000000,0.00000,0.00000,0.000,0.000,0.000,0.000,0.000,-6.0000,0.0000,0.0000,6.0000,95.00,95.00,90.00,90.00,65535,65535,65535,1500,1,11,40.4365627,-86.8936695,193.500,0.069,-0.132,0.000
42131,35195,20505,15039,0,0,1.28329,-2.89698,9.61033,0.068177,0.059655,0.036219,-9.170,-4.333,-61.805,-17.5986,1.5487,11.8440,-262.2483,16.4965,284.3618,0.0012634,-0.0206546,0.0184133,0.000000,0.000000,0.000000,0.00000,0.00000,0.000,0.000,0.000,0.000,0.000,-6.0000,0.0000,0.0000,6.0000,95.00,95.00,90.00,90.00,65535,65535,65535,1500,1,11,40.4365627,-86.8936695,193.500,0.069,-0.132,0.000
42182,31521,18245,15187,0,0,1.07260,-0.72065,9.71926,0.015979,0.030893,0.026632,-8.270,-4.826,-64.636,-18.9692,1.8042,11.8220,-276.9536,17.4217,284.9382,0.0006067,-0.0203882,0.0198738,0.000000,0.000000,0.000000,0.00000,0.00000,0.000,0.000,0.000,0.000,0.000,-6.0000,0.0000,0.0000,6.0000,95.00,95.00,90.00,90.00,65535,65535,65535,1500,1,11,40.4365633,-86.8936705,194.000,0.093,-0.178,0.000
42232,26032,18258,15201,0,0,1.81002,0.17837,9.99699,0.031958,-0.025566,0.028762,-7.621,-5.601,-65.936,-19.6528,1.9311,11.8199,-284.9102,17.9697,285.5123,0.0001255,-0.0201342,0.0205958,0.000000,0.000000,0.000000,0.00000,0.00000,0.000,0.000,0.000,0.000,0.000,-6.0000,0.0000,0.0000,6.0000,95.00,95.00,90.00,90.00,65535,65535,65535,1500,1,11,40.4365633,-86.8936705,194.000,0.093,-0.178,0.000
42283,25671,18235,15205,0,0,1.46046,-0.60214,10.08677,-0.018109,-0.030893,0.029827,-7.737,-5.552,-65.629,-19.5195,1.9060,11.8444,-284.6443,18.0086,286.1185,0.0001141,-0.0201746,0.0204453,0.000000,0.000000,0.000000,0.00000,0.00000,0.000,0.000,0.000,0.000,0.000,-6.0000,0.0000,0.0000,6.0000,95.00,95.00,90.00,90.00,65535,65535,65535,1500,1,11,40.4365638,-86.8936710,194.200,0.098,-0.187,0.000
42333,23261,20359,15306,0,0,-0.10056,-1.75854,9.93833,-0.058590,0.040480,0.025566,-8.162,-4.839,-64.155,-18.8144,1.7706,11.8513,-278.7519,17.7274,286.7063,0.0003089,-0.0205522,0.0196723,0.000000,0.000000,0.000000,0.00000,0.00000,0.000,0.000,0.000,0.000,0.000,-6.0000,0.0000,0.0000,6.0000,95.00,95.00,90.00,90.00,65535,65535,65535,1500,1,11,40.4365638,-86.8936710,194.200,0.098,-0.187,0.000
42384,26253,18231,15179,0,0,0.97923,-1.77650,9.24880,0.001065,0.051133,0.009587,-8.650,-4.707,-63.829,-18.6216,1.7318,11.8480,-277.2142,17.5464,287.3491,0.0008083,-0.0204139,0.0195125,0.000000,0.000000,0.000000,0.00000,0.00000,0.000,0.000,0.000,0.000,0.000,-6.0000,0.0000,0.0000,6.0000,95.00,95.00,90.00,90.00,65535,65535,65535,1500,1,11,40.4365642,-86.8936717,194.500,0.156,-0.296,0.000
42434,30596,18257,15201,0,0,-0.33758,-2.95085,10.72602,0.024501,0.024501,-0.005326,-8.576,-4.212,-63.284,-18.3367,1.6687,11.8715,-275.3842,17.5355,287.9495,0.0006979,-0.0206648,0.0191496,0.000000,0.000000,0.000000,0.00000,0.00000,0.000,0.000,0.000,0.000,0.000,-6.0000,0.0000,0.0000,6.0000,95.00,95.00,90.00,90.00,65535,65535,65535,1500,1,11,40.4365642,-86.8936717,194.500,0.156,-0.296,0.000
42485,25758,18249,15202,0,0,2.34273,-0.53271,9.47625,-0.011718,0.039415,-0.012783,-8.141,-4.892,-65.890,-19.5419,1.9042,11.8319,-288.2071,18.3104,288.5126,0.0003655,-0.0201873,0.0204565,0.000000,0.000000,0.000000,0.00000,0.00000,0.000,0.000,0.000,0.000,0.000,-6.0000,0.0000,0.0000,6.0000,95.00,95.00,90.00,90.00,65535,65535,65535,1500,1,11,40.4365650,-86.8936733,194.600,0.181,-0.498,0.000
42554,40798,21722,15379,0,0,0.54109,-3.31238,8.07564,-0.003196,0.019175,-0.040480,-9.276,-3.654,-60.740,-16.9456,1.3733,11.7593,-262.9494,16.7688,289.3672,0.0012210,-0.0204895,0.0176738,0.000000,0.000000,0.000000,0.00000,0.00000,0.000,0.000,0.000,0.000,0.000,-6.0000,0.0000,0.0000,6.0000,95.00,95.00,90.00,90.00,65535,65535,65535,1500,1,11,40.4365658,-86.8936742,194.600,0.260,-0.514,0.000
42593,28002,32689,29678,0,0,1.91895,2.04704,8.22767,-0.063916,-0.002131,-0.066046,-7.630,-5.148,-68.135,-20.4484,2.0646,11.6898,-298.8712,19.0378,289.5787,0.0000690,-0.0199815,0.0213924,0.000000,0.000000,0.000000,0.00000,0.00000,0.000,0.000,0.000,0.000,0.000,-6.0000,0.0000,0.0000,6.0000,95.00,95.00,90.00,90.00,65535,65535,65535,1500,1,11,40.4365658,-86.8936742,194.600,0.260,-0.514,0.000
42643,25808,18240,15216,0,0,0.63925,-1.55623,9.20092,0.004261,-0.033023,-0.049002,-7.712,-4.993,-68.572,-20.5032,2.0837,11.6585,-300.9537,19.2441,290.3306,0.0000288,-0.0201846,0.0214434,0.000000,0.000000,0.000000,0.00000,0.00000,0.000,0.000,0.000,0.000,0.000,-6.0000,0.0000,0.0000,6.0000,95.00,95.00,90.00,90.00,65535,65535,65535,1500,1,11,40.4365658,-86.8936738,194.600,0.179,-0.312,0.000
42683,25069,33333,30324,0,0,-0.31125,-2.78565,8.73405,-0.067112,-0.092678,-0.077764,-8.451,-4.523,-66.854,-19.5913,1.9030,11.6423,-292.1610,18.6764,290.6533,0.0004943,-0.0205295,0.0204886,0.000000,0.000000,0.000000,0.00000,0.00000,0.000,0.000,0.000,0.000,0.000,-6.0000,0.0000,0.0000,6.0000,95.00,95.00,90.00,90.00,65535,65535,65535,1500,1,11,40.4365658,-86.8936738,195.100,0.179,-0.312,0.000
42735,27381,18243,15194,0,0,-0.33160,-3.05740,10.18972,0.092678,-0.076699,-0.119310,-9.476,-3.925,-64.428,-18.2057,1.6024,11.7008,-278.3691,17.7102,291.4837,0.0015080,-0.0210262,0.0190156,0.000000,0.000000,0.000000,0.00000,0.00000,0.000,0.000,0.000,0.000,0.000,-6.0000,0.0000,0.0000,6.0000,95.00,95.00,90.00,90.00,65535,65535,65535,1500,1,11,40.4365658,-86.8936738,195.100,0.179,-0.312,0.000
42790,20648,18269,15202,0,0,1.21147,0.80445,8.96389,0.084156,-0.113983,-0.102265,-9.123,-4.202,-64.309,-18.0554,1.5576,11.6915,-277.8071,17.7702,292.1318,0.0012641,-0.0210145,0.0187895,0.000000,0.000000,0.000000,0.00000,0.00000,0.000,0.000,0.000,0.000,0.000,-6.0000,0.0000,0.0000,6.0000,95.00,95.00,90.00,90.00,65535,65535,65535,1500,1,11,40.4365658,-86.8936742,195.200,0.154,-0.268,0.000
42839,25174,18280,15222,0,0,0.58897,-2.48638,9.19373,0.064981,-0.089482,-0.129962,-9.507,-4.471,-65.428,-18.3663,1.6243,11.6893,-281.3110,17.8787,292.6992,0.0017710,-0.0211338,0.0191779,0.000000,0.000000,0.000000,0.00000,0.00000,0.000,0.000,0.000,0.000,0.000,-6.0000,0.0000,0.0000,6.0000,95.00,95.00,90.00,90.00,65535,65535,65535,1500,1,11,40.4365658,-86.8936742,195.200,0.154,-0.268,0.000
42890,26220,18251,15207,0,0,1.45927,-0.26576,9.51815,0.056459,-0.056459,-0.095874,-9.028,-4.841,-65.249,-18.1688,1.5827,11.6706,-280.5531,17.9355,293.3063,0.0013977,-0.0208883,0.0189362,0.000000,0.000000,0.000000,0.00000,0.00000,0.000,0.000,0.000,0.000,0.000,-6.0000,0.0000,0.0000,6.0000,95.00,95.00,90.00,90.00,65535,65535,65535,1500,1,11,40.4365665,-86.8936753,195.300,0.177,-0.360,0.000
42940,30577,18271,15235,0,0,0.74220,-2.00754,9.12430,-0.047937,-0.040480,-0.055394,-9.656,-5.038,-67.081,-18.8677,1.7354,11.6616,-288.0242,18.2893,293.8630,0.0019230,-0.0210477,0.0197457,0.000000,0.000000,0.000000,0.00000,0.00000,0.000,0.000,0.000,0.000,0.000,-6.0000,0.0000,0.0000,6.0000,95.00,95.00,90.00,90.00,65535,65535,65535,1500,1,11,40.4365672,-86.8936750,195.300,0.100,-0.203,0.000
42993,24299,17904,14897,0,0,0.67995,-0.82121,9.21289,0.070307,0.005326,-0.076699,-9.570,-5.046,-67.544,-18.9531,1.7494,11.6548,-289.8115,18.4213,294.4855,0.0019659,-0.0210788,0.0198352,0.000000,0.000000,0.000000,0.00000,0.00000,0.000,0.000,0.000,0.000,0.000,-6.0000,0.0000,0.0000,6.0000,95.00,95.00,90.00,90.00,65535,65535,65535,1500,1,11,40.4365672,-86.8936750,195.600,0.100,-0.203,0.000
43032,18565,38080,30245,0,0,0.42497,-3.27287,9.55047,-0.099070,0.006392,-0.068177,-10.028,-5.052,-68.512,-19.3248,1.8355,11.6568,-293.6350,18.5817,294.6888,0.0023467,-0.0212003,0.0202777,0.000000,0.000000,0.000000,0.00000,0.00000,0.000,0.000,0.000,0.000,0.000,-6.0000,0.0000,0.0000,6.0000,95.00,95.00,90.00,90.00,65535,65535,65535,1500,1,11,40.4365672,-86.8936750,195.600,0.100,-0.203,0.000
43097,37493,25342,17404,0,0,0.00838,-3.23098,10.08198,-0.111853,0.003196,-0.066046,-10.870,-4.748,-69.779,-19.7066,1.9171,11.6816,-297.8853,18.7406,295.5791,0.0031196,-0.0216106,0.0206919,0.000000,0.000000,0.000000,0.00000,0.00000,0.000,0.000,0.000,0.000,0.000,-6.0000,0.0000,0.0000,6.0000,95.00,95.00,90.00,90.00,65535,65535,65535,1500,1,11,40.4365672,-86.8936748,195.600,0.045,-0.092,0.000
43145,23915,18137,15122,0,0,0.95768,2.19907,9.52653,-0.043676,0.028762,-0.042611,-10.409,-4.743,-70.152,-19.8379,1.9284,11.6712,-300.7162,19.1000,296.2202,0.0024983,-0.0215463,0.0207535,0.000000,0.000000,0.000000,0.00000,0.00000,0.000,0.000,0.000,0.000,0.000,-6.0000,0.0000,0.0000,6.0000,95.00,95.00,90.00,90.00,65535,65535,65535,1500,1,11,40.4365672,-86.8936748,195.600,0.045,-0.092,0.000
43195,24416,19516,15274,0,0,0.84874,-2.83114,10.16458,-0.063916,0.045806,-0.029827,-10.792,-4.567,-69.879,-19.6082,1.8750,11.7007,-299.2593,19.0188,296.8031,0.0025657,-0.0214826,0.0205165,0.000000,0.000000,0.000000,0.00000,0.00000,0.000,0.000,0.000,0.000,0.000,-6.0000,0.0000,0.0000,6.0000,95.00,95.00,90.00,90.00,65535,65535,65535,1500,1,11,40.4365672,-86.8936740,196.000,0.048,-0.097,0.000
43246,30934,18211,15160,0,0,0.67636,-0.16400,9.69652,-0.012783,-0.038350,-0.053263,-10.239,-4.714,-71.382,-20.2244,2.0185,11.6759,-307.1658,19.6863,297.3817,0.0020570,-0.0215472,0.0211314,0.000000,0.000000,0.000000,0.00000,0.00000,0.000,0.000,0.000,0.000,0.000,-6.0000,0.0000,0.0000,6.0000,95.00,95.00,90.00,90.00,65535,65535,65535,1500,1,11,40.4365672,-86.8936740,196.000,0.048,-0.097,0.000
43296,25972,18230,15169,0,0,0.58419,-3.19865,10.20289,0.077764,-0.034088,-0.049002,-11.107,-4.672,-70.680,-19.7535,1.9139,11.6696,-302.7493,19.2856,297.9931,0.0026859,-0.0215630,0.0206885,0.000000,0.000000,0.000000,0.00000,0.00000,0.000,0.000,0.000,0.000,0.000,-6.0000,0.0000,0.0000,6.0000,95.00,95.00,90.00,90.00,65535,65535,65535,1500,1,11,40.4365675,-86.8936740,196.200,0.048,-0.097,0.000
43347,31244,18265,15221,0,0,0.66918,-1.62566,8.90044,-0.029827,-0.079895,-0.066046,-11.252,-4.890,-71.409,-19.9958,1.9734,11.6484,-306.2116,19.5312,298.5724,0.0027796,-0.0216651,0.0209548,0.000000,0.000000,0.000000,0.00000,0.00000,0.000,0.000,0.000,0.000,0.000,-6.0000,0.0000,0.0000,6.0000,95.00,95.00,90.00,90.00,65535,65535,65535,1500,1,11,40.4365682,-86.8936747,196.200,0.043,-0.088,0.000
43396,23901,19329,15128,0,0,0.46926,-2.94607,10.07241,-0.055394,-0.113983,-0.045806,-11.512,-5.300,-74.101,-21.1475,2.2552,11.6357,-318.7290,20.3422,299.0929,0.0031000,-0.0219274,0.0221988,0.000000,0.000000,0.000000,0.00000,0.00000,0.000,0.000,0.000,0.000,0.000,-6.0000,0.0000,0.0000,6.0000,95.00,95.00,90.00,90.00,65535,65535,65535,1500,1,11,40.4365682,-86.8936747,196.200,0.043,-0.088,0.000
43447,31319,18209,15198,0,0,0.81163,-1.22104,9.64145,0.017044,-0.053263,-0.092678,-11.276,-5.279,-72.465,-20.2695,2.0423,11.6130,-311.1009,19.9298,299.7227,0.0028139,-0.0218204,0.0212434,0.000000,0.000000,0.000000,0.00000,0.00000,0.000,0.000,0.000,0.000,0.000,-6.0000,0.0000,0.0000,6.0000,95.00,95.00,90.00,90.00,65535,65535,65535,1500,1,11,40.4365688,-86.8936750,196.200,0.034,-0.069,0.000
43497,25971,17957,14923,0,0,0.82720,-0.99120,9.20092,-0.076699,-0.093743,-0.038350,-11.263,-5.382,-72.962,-20.4201,2.0783,11.6030,-313.8425,20.1794,300.3023,0.0027484,-0.0219648,0.0213892,0.000000,0.000000,0.000000,0.00000,0.00000,0.000,0.000,0.000,0.000,0.000,-6.0000,0.0000,0.0000,6.0000,95.00,95.00,90.00,90.00,65535,65535,65535,1500,1,11,40.4365688,-86.8936750,196.200,0.034,-0.069,0.000
43536,23613,33346,30335,0,0,0.41420,-0.93853,8.73524,0.042611,-0.071373,-0.061785,-11.017,-5.235,-72.454,-20.1398,2.0046,11.5799,-311.7531,20.1129,300.5866,0.0025385,-0.0220791,0.0210637,0.000000,0.000000,0.000000,0.00000,0.00000,0.000,0.000,0.000,0.000,0.000,-6.0000,0.0000,0.0000,6.0000,95.00,95.00,90.00,90.00,65535,65535,65535,1500,1,11,40.4365688,-86.8936750,196.200,0.034,-0.069,0.000
43607,41569,23066,14851,0,0,1.38983,-0.09098,9.91678,-0.070307,-0.105461,-0.030893,-11.201,-5.019,-69.333,-18.5672,1.6230,11.6029,-297.9573,19.2872,301.5914,0.0021856,-0.0221207,0.0193934,0.000000,0.000000,0.000000,0.00000,0.00000,0.000,0.000,0.000,0.000,0.000,-6.0000,0.0000,0.0000,6.0000,95.00,95.00,90.00,90.00,65535,65535,65535,1500,1,11,40.4365693,-86.8936748,196.200,0.014,-0.028,0.000
43632,28826,18856,15808,0,0,1.22463,-2.69228,9.56364,0.066046,-0.082025,-0.034088,-11.229,-5.421,-70.537,-19.1031,1.7551,11.6041,-303.7040,19.6474,301.9055,0.0023734,-0.0220299,0.0199800,0.000000,0.000000,0.000000,0.00000,0.00000,0.000,0.000,0.000,0.000,0.000,-6.0000,0.0000,0.0000,6.0000,95.00,95.00,90.00,90.00,65535,65535,65535,1500,1,11,40.4365693,-86.8936748,196.200,0.014,-0.028,0.000
43685,28435,18252,15213,0,0,0.07661,-3.29682,9.77193,-0.052198,-0.035154,0.000000,-11.143,-5.731,-74.819,-21.0908,2.2625,11.6105,-325.3293,21.2249,302.4601,0.0024630,-0.0224419,0.0220510,0.000000,0.000000,0.000000,0.00000,0.00000,0.000,0.000,0.000,0.000,0.000,-6.0000,0.0000,0.0000,6.0000,95.00,95.00,90.00,90.00,65535,65535,65535,1500,1,12,40.4365700,-86.8936755,197.100,0.018,-0.037,0.000
43752,39638,26366,18470,0,0,1.07021,-1.07260,8.55448,-0.235423,-0.021305,0.029827,-11.568,-5.016,-69.191,-18.4653,1.5896,11.5610,-299.7162,19.4966,303.2431,0.0020674,-0.0222709,0.0192581,0.000000,0.000000,0.000000,0.00000,0.00000,0.000,0.000,0.000,0.000,0.000,-6.0000,0.0000,0.0000,6.0000,95.00,95.00,90.00,90.00,65535,65535,65535,1500,1,12,40.4365697,-86.8936752,197.100,0.100,-0.203,0.000
43784,33320,24277,21257,0,0,2.21344,-0.59017,10.01854,0.072438,-0.034088,0.036219,-11.389,-4.499,-64.101,-16.0738,0.9782,11.5859,-275.9192,17.8108,303.7205,0.0018275,-0.0220398,0.0167585,0.000000,0.000000,0.000000,0.00000,0.00000,0.000,0.000,0.000,0.000,0.000,-6.0000,0.0000,0.0000,6.0000,95.00,95.00,90.00,90.00,65535,65535,65535,1500,1,12,40.4365697,-86.8936752,197.300,0.100,-0.203,0.000
43837,25691,18174,15147,0,0,2.52109,-2.36547,7.88291,0.111853,0.010653,0.045806,-11.645,-4.591,-61.142,-14.7049,0.6413,11.5097,-262.1549,16.6735,304.4637,0.0021041,-0.0214809,0.0153969,0.000000,0.000000,0.000000,0.00000,0.00000,0.000,0.000,0.000,0.000,0.000,-6.0000,0.0000,0.0000,6.0000,95.00,95.00,90.00,90.00,65535,65535,65535,1500,1,12,40.4365697,-86.8936752,197.300,0.100,-0.203,0.000
43886,23449,18284,15246,0,0,0.55545,-2.96402,8.48625,0.019175,0.068177,0.056459,-11.864,-4.618,-62.465,-15.3584,0.8180,11.4131,-269.3271,17.1191,304.9935,0.0024281,-0.0214996,0.0161043,0.000000,0.000000,0.000000,0.00000,0.00000,0.000,0.000,0.000,0.000,0.000,-6.0000,0.0000,0.0000,6.0000,95.00,95.00,90.00,90.00,65535,65535,65535,1500,1,12,40.4365703,-86.8936753,197.400,0.068,-0.139,0.000
43947,17186,15640,12634,0,0,-0.43455,-0.76136,6.43921,-0.013848,0.027697,0.070307,-11.804,-4.287,-62.323,-15.3261,0.8412,11.1737,-270.3110,17.1719,305.7179,0.0024281,-0.0214996,0.0161043,0.000000,0.000000,0.000000,0.00000,0.00000,0.000,0.000,0.000,0.000,0.000,-6.0000,0.0000,0.0000,6.0000,95.00,95.00,90.00,90.00,65535,65535,65535,1500,1,12,40.4365707,-86.8936753,197.600,0.093,-0.189,0.000
43994,27983,18134,15125,0,0,-0.50398,-1.63883,8.10557,-0.046872,-0.079895,0.074569,-11.780,-4.243,-63.864,-16.1150,1.0413,11.0637,-279.6034,17.9129,306.1806,0.0023568,-0.0218623,0.0169026,0.000000,0.000000,0.000000,0.00000,0.00000,0.000,0.000,0.000,0.000,0.000,-6.0000,0.0000,0.0000,6.0000,95.00,95.00,90.00,90.00,65535,65535,65535,1500,1,12,40.4365707,-86.8936753,197.600,0.093,-0.189,0.000
44038,27683,33579,23914,0,0,-0.08140,-1.76333,6.92523,-0.058590,-0.190682,0.095874,-11.890,-4.479,-63.686,-16.1302,1.0535,10.9891,-280.0497,17.9419,306.4859,0.0023568,-0.0218623,0.0169026,0.000000,0.000000,0.000000,0.00000,0.00000,0.000,0.000,0.000,0.000,0.000,-6.0000,0.0000,0.0000,6.0000,95.00,95.00,90.00,90.00,65535,65535,65535,1500,1,12,40.4365707,-86.8936753,197.600,0.093,-0.189,0.000
44089,31726,17934,12771,0,0,1.60651,-1.27372,7.07846,0.029827,-0.111853,0.110788,-11.937,-4.908,-63.250,-16.0800,1.0349,10.7933,-281.1290,18.0125,307.2154,0.0023568,-0.0218623,0.0169026,0.000000,0.000000,0.000000,0.00000,0.00000,0.000,0.000,0.000,0.000,0.000,-6.0000,0.0000,0.0000,6.0000,95.00,95.00,90.00,90.00,65535,65535,65535,1500,1,12,40.4365713,-86.8936757,197.600,0.054,-0.111,0.000
44135,24227,15301,12264,0,0,0.73263,-1.49638,7.06409,0.000000,-0.004261,0.150202,-12.460,-5.168,-64.847,-16.9747,1.2753,10.6853,-291.1429,18.7332,307.6978,0.0025934,-0.0218470,0.0178664,0.000000,0.000000,0.000000,0.00000,0.00000,0.000,0.000,0.000,0.000,0.000,-6.0000,0.0000,0.0000,6.0000,95.00,95.00,90.00,90.00,65535,65535,65535,1500,1,12,40.4365713,-86.8936757,197.600,0.054,-0.111,0.000
44182,28830,18261,15240,0,0,0.58897,-2.71024,7.75362,0.084156,0.015979,0.129962,-12.641,-5.362,-66.767,-17.9676,1.5360,10.5926,-302.2855,19.5371,308.1280,0.0029484,-0.0218533,0.0189582,0.000000,0.000000,0.000000,0.00000,0.00000,0.000,0.000,0.000,0.000,0.000,-6.0000,0.0000,0.0000,6.0000,95.00,95.00,90.00,90.00,65535,65535,65535,1500,1,12,40.4365713,-86.8936755,197.600,0.043,-0.088,0.000
44249,19152,18172,15160,0,0,0.90980,-0.56862,9.30507,0.024501,-0.038350,0.111853,-12.079,-4.879,-64.978,-17.3022,1.3405,10.5762,-296.8749,19.2092,308.8706,0.0025263,-0.0220104,0.0182079,0.000000,0.000000,0.000000,0.00000,0.00000,0.000,0.000,0.000,0.000,0.000,-6.0000,0.0000,0.0000,6.0000,95.00,95.00,90.00,90.00,65535,65535,65535,1500,1,12,40.4365713,-86.8936755,197.600,0.043,-0.088,0.000
44281,25047,24796,21763,0,0,-0.24062,-4.06775,10.47583,-0.041545,-0.047937,0.124636,-12.427,-5.162,-67.976,-18.7724,1.7383,10.5978,-312.5682,20.4114,309.0754,0.0029231,-0.0222468,0.0197456,0.000000,0.000000,0.000000,0.00000,0.00000,0.000,0.000,0.000,0.000,0.000,-6.0000,0.0000,0.0000,6.0000,95.00,95.00,90.00,90.00,65535,65535,65535,1500,1,12,40.4365717,-86.8936748,198.200,0.097,-0.199,0.000
44348,17014,18167,15201,0,0,1.20189,-1.17795,8.29112,0.039415,0.124636,0.128897,-11.622,-4.659,-65.988,-18.0577,1.5231,10.4884,-306.3492,19.9864,309.8858,0.0024243,-0.0219734,0.0189591,0.000000,0.000000,0.000000,0.00000,0.00000,0.000,0.000,0.000,0.000,0.000,-6.0000,0.0000,0.0000,6.0000,95.00,95.00,90.00,90.00,65535,65535,65535,1500,1,12,40.4365713,-86.8936738,198.200,0.328,0.025,0.000
44399,26030,18035,15017,0,0,0.56144,-2.87903,9.80665,0.004261,0.156594,0.128897,-11.859,-3.776,-65.040,-17.6583,1.4127,10.4594,-302.9786,19.6769,310.4340,0.0027095,-0.0221333,0.0185595,0.000000,0.000000,0.000000,0.00000,0.00000,0.000,0.000,0.000,0.000,0.000,-6.0000,0.0000,0.0000,6.0000,95.00,95.00,90.00,90.00,65535,65535,65535,1500,1,12,40.4365713,-86.8936738,198.400,0.328,0.025,0.000
44452,29297,18341,15341,0,0,0.81283,2.03866,9.31464,-0.038350,0.057524,0.085221,-10.379,-4.362,-70.146,-20.2228,2.1082,10.3870,-332.0034,22.2766,310.8803,0.0015556,-0.0220624,0.0211290,0.000000,0.000000,0.000000,0.00000,0.00000,0.000,0.000,0.000,0.000,0.000,-6.0000,0.0000,0.0000,6.0000,95.00,95.00,90.00,90.00,65535,65535,65535,1500,1,12,40.4365717,-86.8936737,198.400,0.148,0.317,0.000
44494,17142,18225,15183,0,0,1.40181,-0.54468,10.58357,-0.102265,-0.021305,0.059655,-10.040,-4.774,-71.732,-21.1297,2.3538,10.4361,-341.8984,23.1814,311.2803,0.0011261,-0.0218725,0.0219670,0.000000,0.000000,0.000000,0.00000,0.00000,0.000,0.000,0.000,0.000,0.000,-6.0000,0.0000,0.0000,6.0000,95.00,95.00,90.00,90.00,65535,65535,65535,1500,1,12,40.4365717,-86.8936737,198.400,0.148,0.317,0.000
44533,24128,33268,30256,0,0,1.78248,-2.26731,10.25317,-0.072438,-0.067112,0.045806,-10.364,-4.915,-70.668,-20.6495,2.2244,10.4581,-337.0227,22.7451,311.5524,0.0012593,-0.0216627,0.0214941,0.000000,0.000000,0.000000,0.00000,0.00000,0.000,0.000,0.000,0.000,0.000,-6.0000,0.0000,0.0000,6.0000,95.00,95.00,90.00,90.00,65535,65535,65535,1500,1,12,40.4365717,-86.8936737,198.400,0.148,0.317,0.000
44598,37874,20449,17424,0,0,-0.11851,-0.41539,10.69011,-0.037284,-0.008522,0.061785,-10.140,-4.824,-72.393,-21.5027,2.4796,10.4384,-348.2449,23.8044,312.3305,0.0010198,-0.0219553,0.0223442,0.000000,0.000000,0.000000,0.00000,0.00000,0.000,0.000,0.000,0.000,0.000,-6.0000,0.0000,0.0000,6.0000,95.00,95.00,90.00,90.00,65535,65535,65535,1500,1,12,40.4365725,-86.8936747,198.400,0.061,0.131,0.000
44648,30643,18216,15196,0,0,0.45490,-3.47159,9.80066,0.006392,-0.010653,-0.001065,-10.424,-4.851,-71.316,-20.9784,2.3303,10.4646,-343.3437,23.3843,312.8953,0.0011077,-0.0217555,0.0218052,0.000000,0.000000,0.000000,0.00000,0.00000,0.000,0.000,0.000,0.000,0.000,-6.0000,0.0000,0.0000,6.0000,95.00,95.00,90.00,90.00,65535,65535,65535,1500,1,12,40.4365728,-86.8936745,198.400,0.093,0.201,0.000
44681,29109,22075,15303,0,0,0.69552,-0.50996,8.88847,-0.091613,0.025566,-0.014914,-10.030,-5.040,-73.068,-21.8019,2.5574,10.4326,-353.0619,24.3094,313.1646,0.0007191,-0.0217322,0.0226172,0.000000,0.000000,0.000000,0.00000,0.00000,0.000,0.000,0.000,0.000,0.000,-6.0000,0.0000,0.0000,6.0000,95.00,95.00,90.00,90.00,65535,65535,65535,1500,1,12,40.4365728,-86.8936745,198.800,0.093,0.201,0.000
44750,19724,18131,15134,0,0,1.18513,-2.60250,10.38964,0.018109,0.003196,-0.092678,-10.497,-4.878,-72.464,-21.3511,2.4330,10.4380,-349.6209,24.0210,313.9474,0.0008659,-0.0216396,0.0221728,0.000000,0.000000,0.000000,0.00000,0.00000,0.000,0.000,0.000,0.000,0.000,-6.0000,0.0000,0.0000,6.0000,95.00,95.00,90.00,90.00,65535,65535,65535,1500,1,12,40.4365730,-86.8936747,198.900,0.052,0.112,0.000
44790,19104,38232,30346,0,0,0.50877,-0.50159,8.84538,-0.119310,-0.262055,-0.088417,-10.098,-5.325,-74.150,-22.1490,2.6478,10.4146,-358.8423,24.9149,314.1129,0.0004973,-0.0216765,0.0229444,0.000000,0.000000,0.000000,0.00000,0.00000,0.000,0.000,0.000,0.000,0.000,-6.0000,0.0000,0.0000,6.0000,95.00,95.00,90.00,90.00,65535,65535,65535,1500,1,12,40.4365730,-86.8936747,198.900,0.052,0.112,0.000
44849,39079,19715,15361,0,0,0.39265,0.18076,10.34774,-0.006392,-0.118244,-0.093743,-9.026,-5.859,-75.869,-22.7519,2.8321,10.4263,-368.5588,26.0255,314.9024,-0.0004461,-0.0217449,0.0235108,0.000000,0.000000,0.000000,0.00000,0.00000,0.000,0.000,0.000,0.000,0.000,-6.0000,0.0000,0.0000,6.0000,95.00,95.00,90.00,90.00,65535,65535,65535,1500,1,12,40.4365738,-86.8936753,198.900,0.078,0.168,0.000
44882,29642,22926,15371,0,0,1.05345,1.75016,9.05128,0.176834,-0.073503,-0.083091,-7.797,-5.888,-75.154,-22.3923,2.7117,10.4016,-366.3890,26.0350,315.2279,-0.0013459,-0.0217454,0.0230564,0.000000,0.000000,0.000000,0.00000,0.00000,0.000,0.000,0.000,0.000,0.000,-6.0000,0.0000,0.0000,6.0000,95.00,95.00,90.00,90.00,65535,65535,65535,1500,1,12,40.4365738,-86.8936753,198.900,0.078,0.168,0.000
44932,29874,18238,15202,0,0,-0.00239,-1.17316,9.75877,0.015979,-0.080960,-0.069242,-8.012,-5.821,-76.774,-22.9871,2.8913,10.4224,-373.8038,26.6826,315.7628,-0.0009239,-0.0220632,0.0236893,0.000000,0.000000,0.000000,0.00000,0.00000,0.000,0.000,0.000,0.000,0.000,-6.0000,0.0000,0.0000,6.0000,95.00,95.00,90.00,90.00,65535,65535,65535,1500,1,12,40.4365738,-86.8936753,198.900,0.078,0.168,0.000
44983,26011,18247,15208,0,0,0.75776,-3.39977,10.24359,-0.030893,-0.060720,-0.041545,-8.195,-5.936,-78.048,-23.4666,3.0349,10.4299,-379.7808,27.2031,316.2742,-0.0005569,-0.0221650,0.0242056,0.000000,0.000000,0.000000,0.00000,0.00000,0.000,0.000,0.000,0.000,0.000,-6.0000,0.0000,0.0000,6.0000,95.00,95.00,90.00,90.00,65535,65535,65535,1500,1,11,40.4365742,-86.8936755,199.200,0.033,0.070,0.000
45049,33611,26235,18350,0,0,1.00676,-0.67876,8.74841,0.034088,0.002131,-0.003196,-7.617,-5.702,-77.573,-23.1836,2.9410,10.3645,-378.5636,27.2146,316.8906,-0.0008778,-0.0223094,0.0238777,0.000000,0.000000,0.000000,0.00000,0.00000,0.000,0.000,0.000,0.000,0.000,-6.0000,0.0000,0.0000,6.0000,95.00,95.00,90.00,90.00,65535,65535,65535,1500,1,11,40.4365742,-86.8936755,199.200,0.033,0.070,0.000
45103,29383,18170,15218,0,0,0.31484,-0.31603,9.17458,0.046872,0.017044,-0.031958,-7.978,-5.418,-78.128,-23.3461,2.9807,10.3785,-381.2104,27.4462,317.5348,-0.0004814,-0.0224836,0.0240449,0.000000,0.000000,0.000000,0.00000,0.00000,0.000,0.000,0.000,0.000,0.000,-6.0000,0.0000,0.0000,6.0000,95.00,95.00,90.00,90.00,65535,65535,65535,1500,1,11,40.4365743,-86.8936750,199.400,0.043,0.093,0.000
45149,26721,18124,15097,0,0,0.33160,-0.68235,9.22965,0.095874,0.051133,-0.009587,-7.685,-5.069,-78.192,-23.3881,2.9626,10.3965,-382.4765,27.6426,318.0109,-0.0006531,-0.0226338,0.0240114,0.000000,0.000000,0.000000,0.00000,0.00000,0.000,0.000,0.000,0.000,0.000,-6.0000,0.0000,0.0000,6.0000,95.00,95.00,90.00,90.00,65535,65535,65535,1500,1,11,40.4365743,-86.8936750,199.400,0.043,0.093,0.000
45200,26515,18245,15221,0,0,0.06225,-1.31083,8.39407,0.106526,0.059655,-0.006392,-8.201,-4.447,-76.515,-22.4877,2.6972,10.3831,-373.4203,26.7180,318.5816,-0.0000142,-0.0228263,0.0231452,0.000000,0.000000,0.000000,0.00000,0.00000,0.000,0.000,0.000,0.000,0.000,-6.0000,0.0000,0.0000,6.0000,95.00,95.00,90.00,90.00,65535,65535,65535,1500,1,11,40.4365750,-86.8936750,199.600,0.061,0.131,0.000
45231,24405,24907,21874,0,0,1.24379,-3.05859,9.36612,0.001065,0.093743,0.006392,-8.796,-4.241,-75.221,-21.8233,2.5052,10.3866,-366.2343,25.9551,318.8640,0.0004665,-0.0227374,0.0225205,0.000000,0.000000,0.000000,0.00000,0.00000,0.000,0.000,0.000,0.000,0.000,-6.0000,0.0000,0.0000,6.0000,95.00,95.00,90.00,90.00,65535,65535,65535,1500,1,11,40.4365750,-86.8936750,199.600,0.061,0.131,0.000
45294,19048,18067,15093,0,0,1.41976,-1.29047,7.90685,0.095874,0.092678,-0.004261,-8.784,-4.359,-75.736,-22.0395,2.5960,10.3396,-369.3809,26.2035,319.5803,0.0007891,-0.0223251,0.0227827,0.000000,0.000000,0.000000,0.00000,0.00000,0.000,0.000,0.000,0.000,0.000,-6.0000,0.0000,0.0000,6.0000,95.00,95.00,90.00,90.00,65535,65535,65535,1500,1,10,40.4365752,-86.8936737,199.800,0.061,0.131,0.000
45349,26682,18232,15201,0,0,1.36948,-1.24020,8.28753,0.049002,0.064981,0.011718,-8.339,-4.335,-76.912,-22.5744,2.7637,10.2706,-376.3914,26.9171,320.1213,0.0007103,-0.0221971,0.0233234,0.000000,0.000000,0.000000,0.00000,0.00000,0.000,0.000,0.000,0.000,0.000,-6.0000,0.0000,0.0000,6.0000,95.00,95.00,90.00,90.00,65535,65535,65535,1500,1,10,40.4365755,-86.8936730,199.800,0.165,0.354,0.000
45399,30967,18050,14999,0,0,0.27414,-2.82636,9.02734,0.011718,-0.079895,-0.007457,-8.767,-3.848,-74.389,-21.3195,2.3690,10.2422,-363.5244,25.6352,320.6937,0.0010282,-0.0224127,0.0220598,0.000000,0.000000,0.000000,0.00000,0.00000,0.000,0.000,0.000,0.000,0.000,-6.0000,0.0000,0.0000,6.0000,95.00,95.00,90.00,90.00,65535,65535,65535,1500,1,10,40.4365755,-86.8936730,199.800,0.165,0.354,0.000
45449,31004,18248,15222,0,0,-0.68833,-1.99078,9.38886,-0.014914,-0.158724,-0.047937,-9.187,-3.048,-71.026,-19.6230,1.8306,10.2440,-346.1660,23.9251,321.2820,0.0012072,-0.0230169,0.0203252,0.000000,0.000000,0.000000,0.00000,0.00000,0.000,0.000,0.000,0.000,0.000,-6.0000,0.0000,0.0000,6.0000,95.00,95.00,90.00,90.00,65535,65535,65535,1500,1,10,40.4365757,-86.8936728,199.800,0.124,0.266,0.000
45495,23447,15726,12679,0,0,-0.41779,-1.23661,7.44836,0.056459,-0.138484,-0.041545,-9.036,-3.392,-71.146,-19.6577,1.8185,10.1375,-347.1169,24.0128,321.7753,0.0012072,-0.0230169,0.0203252,0.000000,0.000000,0.000000,0.00000,0.00000,0.000,0.000,0.000,0.000,0.000,-6.0000,0.0000,0.0000,6.0000,95.00,95.00,90.00,90.00,65535,65535,65535,1500,1,10,40.4365757,-86.8936728,200.200,0.124,0.266,0.000
45532,21575,30743,27717,0,0,1.05465,-1.80882,6.56131,-0.011718,-0.082025,-0.036219,-9.049,-3.475,-71.204,-19.6686,1.8002,10.0730,-347.5411,24.0518,321.9933,0.0012072,-0.0230169,0.0203252,0.000000,0.000000,0.000000,0.00000,0.00000,0.000,0.000,0.000,0.000,0.000,-6.0000,0.0000,0.0000,6.0000,95.00,95.00,90.00,90.00,65535,65535,65535,1500,1,10,40.4365757,-86.8936728,200.200,0.124,0.266,0.000
45596,38140,18256,15203,0,0,2.06859,-2.21942,8.60117,0.011718,0.042611,-0.075634,-9.395,-4.326,-73.873,-20.7293,2.1352,9.9776,-359.6661,25.1415,322.7102,0.0017623,-0.0224703,0.0214682,0.000000,0.000000,0.000000,0.00000,0.00000,0.000,0.000,0.000,0.000,0.000,-6.0000,0.0000,0.0000,6.0000,95.00,95.00,90.00,90.00,65535,65535,65535,1500,1,10,40.4365762,-86.8936723,200.200,0.152,0.327,0.000
45646,25760,18269,15227,0,0,1.24498,-4.14436,8.88488,-0.082025,0.040480,-0.082025,-10.440,-4.606,-73.987,-20.6002,2.1116,9.9452,-358.2962,24.8618,323.2124,0.0024611,-0.0220525,0.0214221,0.000000,0.000000,0.000000,0.00000,0.00000,0.000,0.000,0.000,0.000,0.000,-6.0000,0.0000,0.0000,6.0000,95.00,95.00,90.00,90.00,65535,65535,65535,1500,1,10,40.4365765,-86.8936717,200.200,0.187,0.401,0.000
45694,22863,18276,15229,0,0,-0.21668,-1.07260,9.36731,-0.164051,0.057524,-0.078830,-10.524,-4.269,-74.972,-20.9332,2.2102,9.8760,-363.0854,25.4013,323.6729,0.0022337,-0.0223221,0.0217073,0.000000,0.000000,0.000000,0.00000,0.00000,0.000,0.000,0.000,0.000,0.000,-6.0000,0.0000,0.0000,6.0000,95.00,95.00,90.00,90.00,65535,65535,65535,1500,1,10,40.4365765,-86.8936717,200.700,0.187,0.401,0.000
45734,18244,15668,12631,0,0,1.42216,-0.71108,7.49385,-0.137419,0.035154,-0.124636,-10.900,-3.827,-75.253,-20.8588,2.1725,9.8181,-363.4630,25.4378,324.0955,0.0022803,-0.0226453,0.0216496,0.000000,0.000000,0.000000,0.00000,0.00000,0.000,0.000,0.000,0.000,0.000,-6.0000,0.0000,0.0000,6.0000,95.00,95.00,90.00,90.00,65535,65535,65535,1500,1,10,40.4365765,-86.8936717,200.700,0.187,0.401,0.000
45786,26175,15731,12676,0,0,0.30167,-1.04148,7.94755,-0.127832,0.000000,-0.162985,-11.536,-3.837,-74.066,-20.0411,1.9243,9.7605,-355.3229,24.5397,324.6471,0.0025094,-0.0223996,0.0208671,0.000000,0.000000,0.000000,0.00000,0.00000,0.000,0.000,0.000,0.000,0.000,-6.0000,0.0000,0.0000,6.0000,95.00,95.00,90.00,90.00,65535,65535,65535,1500,1,10,40.4365765,-86.8936710,200.700,0.176,0.378,0.000
45853,39174,26728,18738,0,0,0.75776,-2.85269,9.16620,-0.040480,-0.078830,-0.134223,-11.892,-3.948,-73.729,-19.6537,1.7882,9.7354,-351.7706,24.1144,325.2093,0.0027168,-0.0223852,0.0204857,0.000000,0.000000,0.000000,0.00000,0.00000,0.000,0.000,0.000,0.000,0.000,-6.0000,0.0000,0.0000,6.0000,95.00,95.00,90.00,90.00,65535,65535,65535,1500,1,10,40.4365765,-86.8936710,200.700,0.176,0.378,0.000
45882,33562,22135,19053,0,0,1.26414,-2.20386,6.52181,-0.036219,-0.083091,-0.120375,-11.950,-4.118,-73.971,-19.6726,1.7559,9.6381,-352.4306,24.1738,325.5344,0.0027168,-0.0223852,0.0204857,0.000000,0.000000,0.000000,0.00000,0.00000,0.000,0.000,0.000,0.000,0.000,-6.0000,0.0000,0.0000,6.0000,95.00,95.00,90.00,90.00,65535,65535,65535,1500,1,10,40.4365765,-86.8936700,201.100,0.176,0.378,0.000
45944,18860,18105,15111,0,0,1.06303,-2.85030,7.50702,0.035154,-0.070307,-0.113983,-12.119,-4.539,-72.693,-18.8332,1.4995,9.5529,-344.0378,23.1823,326.2074,0.0030340,-0.0220183,0.0197013,0.000000,0.000000,0.000000,0.00000,0.00000,0.000,0.000,0.000,0.000,0.000,-6.0000,0.0000,0.0000,6.0000,95.00,95.00,90.00,90.00,65535,65535,65535,1500,1,10,40.4365765,-86.8936700,201.100,0.176,0.378,0.000
45999,20921,18248,15202,0,0,1.66397,-1.48680,7.97987,0.136354,-0.141680,-0.125701,-11.907,-5.284,-72.754,-18.7417,1.4794,9.4905,-343.8044,23.1143,326.7334,0.0030718,-0.0217218,0.0196183,0.000000,0.000000,0.000000,0.00000,0.00000,0.000,0.000,0.000,0.000,0.000,-6.0000,0.0000,0.0000,6.0000,95.00,95.00,90.00,90.00,65535,65535,65535,1500,1,10,40.4365763,-86.8936685,201.300,-0.019,0.735,0.000
46038,24191,33347,30359,0,0,0.31484,-1.55982,9.35654,-0.018109,-0.159790,-0.101200,-11.810,-5.286,-72.727,-18.6653,1.4477,9.4822,-343.6326,23.1081,326.9669,0.0029481,-0.0218900,0.0195213,0.000000,0.000000,0.000000,0.00000,0.00000,0.000,0.000,0.000,0.000,0.000,-6.0000,0.0000,0.0000,6.0000,95.00,95.00,90.00,90.00,65535,65535,65535,1500,1,10,40.4365763,-86.8936685,201.300,-0.019,0.735,0.000
46100,29977,24690,16675,0,0,2.16915,0.30167,9.15423,0.037284,-0.096939,-0.091613,-10.871,-5.723,-70.978,-17.6862,1.1159,9.3476,-334.3110,22.1414,327.6758,0.0023264,-0.0215106,0.0184593,0.000000,0.000000,0.000000,0.00000,0.00000,0.000,0.000,0.000,0.000,0.000,-6.0000,0.0000,0.0000,6.0000,95.00,95.00,90.00,90.00,65535,65535,65535,1500,1,10,40.4365760,-86.8936668,201.300,-0.148,0.815,0.000
46139,17866,15432,12422,0,0,1.11929,-1.31801,7.77996,-0.072438,-0.034088,-0.135289,-10.972,-6.408,-72.502,-18.2357,1.3110,9.2597,-341.0087,22.8120,328.0995,0.0024876,-0.0212201,0.0190415,0.000000,0.000000,0.000000,0.00000,0.00000,0.000,0.000,0.000,0.000,0.000,-6.0000,0.0000,0.0000,6.0000,95.00,95.00,90.00,90.00,65535,65535,65535,1500,1,10,40.4365760,-86.8936668,201.300,-0.148,0.815,0.000
46195,35620,19996,15320,0,0,1.25576,-3.66911,8.15465,-0.063916,0.034088,-0.164051,-11.749,-7.211,-76.302,-19.7492,1.8484,9.2062,-357.6714,24.4960,328.5001,0.0033464,-0.0210125,0.0206420,0.000000,0.000000,0.000000,0.00000,0.00000,0.000,0.000,0.000,0.000,0.000,-6.0000,0.0000,0.0000,6.0000,95.00,95.00,90.00,90.00,65535,65535,65535,1500,1,10,40.4365762,-86.8936658,201.700,-0.159,0.766,0.000
46243,25894,15707,12679,0,0,0.90381,-1.06303,7.70813,-0.133158,0.073503,-0.156594,-11.743,-6.867,-76.189,-19.4190,1.7343,9.1238,-355.5033,24.2813,328.9938,0.0030427,-0.0210823,0.0202909,0.000000,0.000000,0.000000,0.00000,0.00000,0.000,0.000,0.000,0.000,0.000,-6.0000,0.0000,0.0000,6.0000,95.00,95.00,90.00,90.00,65535,65535,65535,1500,1,10,40.4365762,-86.8936658,201.700,-0.159,0.766,0.000
46294,25945,18265,15202,0,0,0.48961,-2.87663,8.27197,-0.104396,0.043676,-0.191748,-12.335,-6.642,-78.295,-20.0567,1.9598,9.1000,-363.3194,25.0798,329.4043,0.0035107,-0.0214629,0.0209661,0.000000,0.000000,0.000000,0.00000,0.00000,0.000,0.000,0.000,0.000,0.000,-6.0000,0.0000,0.0000,6.0000,95.00,95.00,90.00,90.00,65535,65535,65535,1500,1,10,40.4365760,-86.8936655,201.800,-0.219,0.751,0.000
46335,16808,18214,15196,0,0,0.75417,-2.47920,8.92439,-0.102265,0.068177,-0.209857,-12.487,-6.482,-79.059,-20.1093,1.9783,9.0380,-364.7216,25.2043,329.7746,0.0036603,-0.0215618,0.0210381,0.000000,0.000000,0.000000,0.00000,0.00000,0.000,0.000,0.000,0.000,0.000,-6.0000,0.0000,0.0000,6.0000,95.00,95.00,90.00,90.00,65535,65535,65535,1500,1,10,40.4365760,-86.8936655,201.800,-0.219,0.751,0.000
46386,25685,18245,15170,0,0,1.61489,-1.93930,7.95114,0.094809,0.006392,-0.211988,-12.999,-6.362,-78.443,-19.4697,1.7641,8.9594,-358.1419,24.3415,330.2626,0.0041704,-0.0215089,0.0204638,0.000000,0.000000,0.000000,0.00000,0.00000,0.000,0.000,0.000,0.000,0.000,-6.0000,0.0000,0.0000,6.0000,95.00,95.00,90.00,90.00,65535,65535,65535,1500,1,10,40.4365760,-86.8936650,201.800,-0.245,0.780,0.000
46440,26021,18172,15146,0,0,1.25336,-2.00514,8.72208,0.036219,-0.045806,-0.203466,-12.368,-6.775,-79.751,-19.8230,1.8853,8.8985,-363.4941,25.0061,330.7285,0.0037360,-0.0213419,0.0207755,0.000000,0.000000,0.000000,0.00000,0.00000,0.000,0.000,0.000,0.000,0.000,-6.0000,0.0000,0.0000,6.0000,95.00,95.00,90.00,90.00,65535,65535,65535,1500,1,10,40.4365760,-86.8936650,201.800,-0.245,0.780,0.000
46491,25959,18230,15207,0,0,1.55623,-2.85987,8.10916,0.132093,-0.143811,-0.151268,-12.877,-7.079,-80.245,-19.7907,1.8843,8.8595,-363.5244,24.8798,331.1834,0.0044284,-0.0214802,0.0208108,0.000000,0.000000,0.000000,0.00000,0.00000,0.000,0.000,0.000,0.000,0.000,-6.0000,0.0000,0.0000,6.0000,95.00,95.00,90.00,90.00,65535,65535,65535,1500,1,10,40.4365765,-86.8936650,202.000,-0.201,0.649,0.000
46556,40027,18510,15441,0,0,1.20069,-0.13767,6.43681,0.096939,-0.127832,-0.095874,-12.084,-7.337,-80.346,-19.6191,1.8236,8.6962,-363.8205,24.9401,331.7554,0.0040742,-0.0215570,0.0206499,0.000000,0.000000,0.000000,0.00000,0.00000,0.000,0.000,0.000,0.000,0.000,-6.0000,0.0000,0.0000,6.0000,95.00,95.00,90.00,90.00,65535,65535,65535,1500,1,10,40.4365772,-86.8936650,202.000,-0.131,0.745,0.000
46584,24649,21821,18767,0,0,0.89543,-0.63686,7.80989,0.074569,-0.132093,-0.090547,-11.968,-7.522,-80.468,-19.5954,1.8308,8.6473,-364.3038,24.9852,331.9692,0.0040742,-0.0215570,0.0206499,0.000000,0.000000,0.000000,0.00000,0.00000,0.000,0.000,0.000,0.000,0.000,-6.0000,0.0000,0.0000,6.0000,95.00,95.00,90.00,90.00,65535,65535,65535,1500,1,10,40.4365772,-86.8936650,202.000,-0.131,0.745,0.000
46637,34398,18301,15335,0,0,1.14802,-1.36110,8.43238,0.143811,-0.117179,-0.058590,-11.827,-7.954,-81.537,-19.9585,1.9677,8.6006,-369.3632,25.5241,332.4446,0.0043676,-0.0216860,0.0210402,0.000000,0.000000,0.000000,0.00000,0.00000,0.000,0.000,0.000,0.000,0.000,-6.0000,0.0000,0.0000,6.0000,95.00,95.00,90.00,90.00,65535,65535,65535,1500,1,10,40.4365772,-86.8936650,202.000,-0.131,0.745,0.000
46689,26305,18209,15187,0,0,0.87269,-0.80685,8.77475,-0.024501,-0.070307,-0.042611,-11.728,-7.884,-80.625,-19.4415,1.7737,8.5433,-364.7757,24.9593,332.9124,0.0042392,-0.0217665,0.0205186,0.000000,0.000000,0.000000,0.00000,0.00000,0.000,0.000,0.000,0.000,0.000,-6.0000,0.0000,0.0000,6.0000,95.00,95.00,90.00,90.00,65535,65535,65535,1500,1,10,40.4365773,-86.8936643,202.100,-0.118,0.763,0.000
46736,22518,18270,15244,0,0,0.02634,-3.52307,8.30429,-0.077764,-0.027697,-0.056459,-12.207,-7.865,-82.611,-20.1878,2.0474,8.4673,-374.2627,26.0290,333.2700,0.0047322,-0.0221714,0.0213266,0.000000,0.000000,0.000000,0.00000,0.00000,0.000,0.000,0.000,0.000,0.000,-6.0000,0.0000,0.0000,6.0000,95.00,95.00,90.00,90.00,65535,65535,65535,1500,1,10,40.4365773,-86.8936643,202.100,-0.118,0.763,0.000
46799,19036,17902,14930,0,0,0.58179,-2.08655,8.42400,-0.102265,0.034088,-0.079895,-12.543,-7.954,-83.169,-20.3119,2.0924,8.3983,-376.8728,26.3293,333.8033,0.0046919,-0.0220449,0.0214433,0.000000,0.000000,0.000000,0.00000,0.00000,0.000,0.000,0.000,0.000,0.000,-6.0000,0.0000,0.0000,6.0000,95.00,95.00,90.00,90.00,65535,65535,65535,1500,1,10,40.4365778,-86.8936638,202.200,-0.072,0.768,0.000
46856,32893,23338,15321,0,0,0.00958,-2.50673,9.06684,-0.227967,0.075634,-0.060720,-13.026,-7.686,-85.219,-21.1451,2.3936,8.3355,-387.1523,27.5869,334.1915,0.0047487,-0.0223696,0.0222345,0.000000,0.000000,0.000000,0.00000,0.00000,0.000,0.000,0.000,0.000,0.000,-6.0000,0.0000,0.0000,6.0000,95.00,95.00,90.00,90.00,65535,65535,65535,1500,1,10,40.4365783,-86.8936647,202.200,-0.054,0.574,0.000
46893,29454,30746,27703,0,0,1.88783,-0.67516,7.45554,-0.136354,0.133158,-0.043676,-13.242,-7.455,-85.388,-21.1121,2.3694,8.2703,-387.7746,27.6571,334.4360,0.0047487,-0.0223696,0.0222345,0.000000,0.000000,0.000000,0.00000,0.00000,0.000,0.000,0.000,0.000,0.000,-6.0000,0.0000,0.0000,6.0000,95.00,95.00,90.00,90.00,65535,65535,65535,1500,1,10,40.4365783,-86.8936647,202.200,-0.054,0.574,0.000
46952,37736,19680,15358,0,0,-0.41180,-2.58933,9.68933,0.152333,0.010653,-0.062851,-12.579,-7.242,-87.992,-22.1482,2.7759,8.2337,-401.3802,29.3951,334.9546,0.0045612,-0.0228390,0.0232191,0.000000,0.000000,0.000000,0.00000,0.00000,0.000,0.000,0.000,0.000,0.000,-6.0000,0.0000,0.0000,6.0000,95.00,95.00,90.00,90.00,65535,65535,65535,1500,1,10,40.4365778,-86.8936648,202.200,-0.174,0.468,0.000
46996,19735,18207,15177,0,0,1.79805,-2.14042,9.58279,-0.126766,-0.056459,-0.054328,-12.747,-7.179,-89.207,-22.5985,2.9461,8.1937,-407.6473,30.1831,335.3089,0.0046724,-0.0231735,0.0236650,0.000000,0.000000,0.000000,0.00000,0.00000,0.000,0.000,0.000,0.000,0.000,-6.0000,0.0000,0.0000,6.0000,95.00,95.00,90.00,90.00,65535,65535,65535,1500,1,10,40.4365778,-86.8936648,202.300,-0.174,0.468,0.000
47035,24134,33281,30279,0,0,1.19351,-3.16513,8.14867,0.100135,-0.047937,-0.112918,-13.074,-7.231,-89.146,-22.4547,2.9019,8.1690,-406.2238,29.9460,335.5135,0.0050886,-0.0231830,0.0235649,0.000000,0.000000,0.000000,0.00000,0.00000,0.000,0.000,0.000,0.000,0.000,-6.0000,0.0000,0.0000,6.0000,95.00,95.00,90.00,90.00,65535,65535,65535,1500,1,10,40.4365778,-86.8936648,202.300,-0.174,0.468,0.000
47083,43920,36778,30414,0,0,2.28766,-1.28449,9.50019,0.000000,-0.102265,-0.074569,-12.930,-7.545,-88.147,-21.9034,2.6723,8.1702,-401.1750,29.3172,335.9008,0.0048670,-0.0229144,0.0230290,0.000000,0.000000,0.000000,0.00000,0.00000,0.000,0.000,0.000,0.000,0.000,-6.0000,0.0000,0.0000,6.0000,95.00,95.00,90.00,90.00,65535,65535,65535,1500,1,10,40.4365778,-86.8936647,202.300,-0.218,0.455,0.000
47131,27351,17641,14617,0,0,0.96367,-2.09253,9.36612,0.073503,-0.112918,-0.089482,-12.653,-7.951,-88.591,-21.9868,2.7207,8.0494,-403.5611,29.6197,336.4454,0.0048524,-0.0230264,0.0230947,0.000000,0.000000,0.000000,0.00000,0.00000,0.000,0.000,0.000,0.000,0.000,-6.0000,0.0000,0.0000,6.0000,95.00,95.00,90.00,90.00,65535,65535,65535,1500,1,3,40.4365778,86.8936500,202.300,-0.218,0.455,0.000
47191,17024,18177,15183,0,0,1.79565,-0.71108,9.11113,0.066046,-0.106526,-0.047937,-12.267,-7.881,-88.091,-21.6236,2.5544,7.9767,-401.1609,29.3114,336.9353,0.0046761,-0.0233125,0.0227261,0.000000,0.000000,0.000000,0.00000,0.00000,0.000,0.000,0.000,0.000,0.000,-6.0000,0.0000,0.0000,6.0000,95.00,95.00,90.00,90.00,65535,65535,65535,1500,1,10,40.4365782,-86.8936650,202.400,-0.189,0.394,0.000
47241,25733,18269,15216,0,0,1.04387,-2.64799,8.09001,0.106526,-0.101200,0.000000,-12.069,-7.956,-89.302,-22.1279,2.7539,7.9447,-408.0486,30.1863,337.3070,0.0049106,-0.0236832,0.0232301,0.000000,0.000000,0.000000,0.00000,0.00000,0.000,0.000,0.000,0.000,0.000,-6.0000,0.0000,0.0000,6.0000,95.00,95.00,90.00,90.00,65535,65535,65535,1500,1,10,40.4365782,-86.8936650,202.400,-0.189,0.394,0.000
47296,25978,18189,15167,0,0,1.73819,-0.08739,8.75919,0.086286,0.013848,0.023436,-11.740,-6.737,-85.532,-20.3023,2.0060,7.9003,-388.9160,27.6385,337.8399,0.0045076,-0.0241938,0.0213968,0.000000,0.000000,0.000000,0.00000,0.00000,0.000,0.000,0.000,0.000,0.000,-6.0000,0.0000,0.0000,6.0000,95.00,95.00,90.00,90.00,65535,65535,65535,1500,1,10,40.4365782,-86.8936652,202.400,-0.165,0.343,0.000
47343,23409,18246,15221,0,0,-0.18076,-0.99240,10.06642,0.044741,0.037284,0.077764,-11.626,-5.608,-82.840,-18.9939,1.4534,7.8657,-375.4537,25.7982,338.2872,0.0042538,-0.0246231,0.0201019,0.000000,0.000000,0.000000,0.00000,0.00000,0.000,0.000,0.000,0.000,0.000,-6.0000,0.0000,0.0000,6.0000,95.00,95.00,90.00,90.00,65535,65535,65535,1500,1,10,40.4365782,-86.8936652,202.400,-0.165,0.343,0.000
47394,25008,18252,15205,0,0,-0.28252,-1.75136,8.62391,0.071373,0.000000,0.095874,-11.442,-4.694,-80.793,-18.0768,1.0706,7.8234,-366.0717,24.4637,338.7315,0.0041475,-0.0249695,0.0191870,0.000000,0.000000,0.000000,0.00000,0.00000,0.000,0.000,0.000,0.000,0.000,-6.0000,0.0000,0.0000,6.0000,95.00,95.00,90.00,90.00,65535,65535,65535,1500,1,10,40.4365788,-86.8936653,202.700,-0.147,0.306,0.000
47437,19046,18174,15161,0,0,1.44131,0.49680,9.47745,0.096939,0.037284,0.145941,-10.467,-4.880,-80.824,-18.2923,1.1552,7.8033,-369.6250,24.9760,339.0604,0.0034284,-0.0246067,0.0193372,0.000000,0.000000,0.000000,0.00000,0.00000,0.000,0.000,0.000,0.000,0.000,-6.0000,0.0000,0.0000,6.0000,95.00,95.00,90.00,90.00,65535,65535,65535,1500,1,10,40.4365788,-86.8936653,202.700,-0.147,0.306,0.000
47490,27801,18294,15356,0,0,1.52511,0.89064,9.19733,0.083091,0.061785,0.151268,-9.396,-5.064,-81.628,-18.8401,1.3478,7.7211,-377.9690,26.1502,339.4387,0.0026559,-0.0243246,0.0198616,0.000000,0.000000,0.000000,0.00000,0.00000,0.000,0.000,0.000,0.000,0.000,-6.0000,0.0000,0.0000,6.0000,95.00,95.00,90.00,90.00,65535,65535,65535,1500,1,10,40.4365785,-86.8936642,202.600,-0.210,0.635,0.000
47557,39549,21640,18606,0,0,0.05387,-2.14161,9.45111,0.013848,0.064981,0.171508,-10.120,-4.155,-79.608,-18.0323,1.0271,7.7258,-369.1868,24.7512,339.9781,0.0033835,-0.0245357,0.0191184,0.000000,0.000000,0.000000,0.00000,0.00000,0.000,0.000,0.000,0.000,0.000,-6.0000,0.0000,0.0000,6.0000,95.00,95.00,90.00,90.00,65535,65535,65535,1500,1,10,40.4365790,-86.8936643,202.600,-0.136,0.576,0.000
47595,28543,30476,27467,0,0,0.52433,-2.60729,8.31626,0.057524,-0.254598,0.144876,-10.441,-4.407,-79.219,-17.9498,0.9953,7.6930,-368.4588,24.5661,340.2023,0.0037330,-0.0245946,0.0190647,0.000000,0.000000,0.000000,0.00000,0.00000,0.000,0.000,0.000,0.000,0.000,-6.0000,0.0000,0.0000,6.0000,95.00,95.00,90.00,90.00,65535,65535,65535,1500,1,10,40.4365790,-86.8936643,202.700,-0.136,0.576,0.000
47638,18562,18130,15087,0,0,1.62566,-2.45047,9.69771,0.051133,-0.050067,0.137419,-9.999,-5.154,-80.641,-18.8431,1.3794,7.6859,-380.2585,26.2064,340.5756,0.0033755,-0.0242013,0.0199334,0.000000,0.000000,0.000000,0.00000,0.00000,0.000,0.000,0.000,0.000,0.000,-6.0000,0.0000,0.0000,6.0000,95.00,95.00,90.00,90.00,65535,65535,65535,1500,1,10,40.4365790,-86.8936643,202.700,-0.136,0.576,0.000
47700,30137,24900,15266,0,0,0.74939,-1.56820,10.16698,0.042611,-0.039415,0.157659,-9.935,-4.893,-79.246,-18.4097,1.1995,7.7176,-376.4081,25.5864,341.0254,0.0032881,-0.0243408,0.0195052,0.000000,0.000000,0.000000,0.00000,0.00000,0.000,0.000,0.000,0.000,0.000,-6.0000,0.0000,0.0000,6.0000,95.00,95.00,90.00,90.00,65535,65535,65535,1500,1,10,40.4365785,-86.8936642,202.600,-0.196,0.661,0.000
47750,26021,18231,15187,0,0,2.59172,0.29090,9.13388,0.044741,0.007457,0.194943,-8.668,-6.560,-83.675,-20.8859,2.2238,7.6329,-406.4813,29.9498,341.3232,0.0026209,-0.0234122,0.0218570,0.000000,0.000000,0.000000,0.00000,0.00000,0.000,0.000,0.000,0.000,0.000,-6.0000,0.0000,0.0000,6.0000,95.00,95.00,90.00,90.00,65535,65535,65535,1500,1,10,40.4365782,-86.8936637,202.600,-0.229,0.769,0.000
47798,23040,18268,15218,0,0,0.37469,-2.29963,9.27035,0.040480,0.008522,0.191748,-8.842,-5.895,-81.726,-20.1786,1.9036,7.5762,-398.6910,28.7372,341.7295,0.0029203,-0.0236324,0.0211635,0.000000,0.000000,0.000000,0.00000,0.00000,0.000,0.000,0.000,0.000,0.000,-6.0000,0.0000,0.0000,6.0000,95.00,95.00,90.00,90.00,65535,65535,65535,1500,1,10,40.4365782,-86.8936637,202.600,-0.229,0.769,0.000
47839,16748,18194,15173,0,0,0.92656,-2.56898,7.63631,-0.021305,0.002131,0.151268,-9.628,-5.831,-81.617,-20.2265,1.9134,7.4823,-400.1064,28.8581,342.0321,0.0033637,-0.0235783,0.0212826,0.000000,0.000000,0.000000,0.00000,0.00000,0.000,0.000,0.000,0.000,0.000,-6.0000,0.0000,0.0000,6.0000,95.00,95.00,90.00,90.00,65535,65535,65535,1500,1,10,40.4365782,-86.8936637,202.600,-0.229,0.769,0.000
47898,30064,22293,12619,0,0,0.70509,-2.20985,6.56730,-0.077764,-0.105461,0.112918,-9.649,-5.991,-81.256,-20.2976,1.9161,7.3536,-401.9394,29.1056,342.4400,0.0030025,-0.0235590,0.0212862,0.000000,0.000000,0.000000,0.00000,0.00000,0.000,0.000,0.000,0.000,0.000,-6.0000,0.0000,0.0000,6.0000,95.00,95.00,90.00,90.00,65535,65535,65535,1500,1,10,40.4365782,-86.8936632,202.600,-0.183,0.765,0.000
47937,28239,33125,30140,0,0,2.23379,-0.00239,9.03332,-0.129962,-0.150202,0.089482,-9.390,-6.529,-80.696,-20.1591,1.8533,7.3358,-401.2652,29.0333,342.6561,0.0025166,-0.0231918,0.0211119,0.000000,0.000000,0.000000,0.00000,0.00000,0.000,0.000,0.000,0.000,0.000,-6.0000,0.0000,0.0000,6.0000,95.00,95.00,90.00,90.00,65535,65535,65535,1500,1,10,40.4365782,-86.8936632,202.600,-0.183,0.765,0.000
47991,30459,17146,12794,0,0,0.50518,-1.10373,7.94636,-0.009587,-0.101200,0.070307,-9.780,-6.890,-80.255,-20.1402,1.8656,7.2077,-402.6772,29.1633,343.1657,0.0025166,-0.0231918,0.0211119,0.000000,0.000000,0.000000,0.00000,0.00000,0.000,0.000,0.000,0.000,0.000,-6.0000,0.0000,0.0000,6.0000,95.00,95.00,90.00,90.00,65535,65535,65535,1500,1,11,40.4365775,-86.8936620,202.600,-0.245,0.845,0.000
48052,38941,15766,12747,0,0,1.39821,-2.67672,6.67743,-0.121440,-0.040480,0.058590,-9.638,-7.111,-77.267,-18.9626,1.3210,7.0685,-389.6975,27.1941,343.6830,0.0019306,-0.0226453,0.0198586,0.000000,0.000000,0.000000,0.00000,0.00000,0.000,0.000,0.000,0.000,0.000,-6.0000,0.0000,0.0000,6.0000,95.00,95.00,90.00,90.00,65535,65535,65535,1500,1,11,40.4365775,-86.8936620,202.600,-0.245,0.845,0.000
48087,22427,27813,24720,0,0,1.42575,-1.30723,6.41526,-0.056459,-0.007457,0.085221,-9.723,-7.078,-77.187,-18.9641,1.3066,6.9981,-390.1228,27.2235,343.8407,0.0019306,-0.0226453,0.0198586,0.000000,0.000000,0.000000,0.00000,0.00000,0.000,0.000,0.000,0.000,0.000,-6.0000,0.0000,0.0000,6.0000,95.00,95.00,90.00,90.00,65535,65535,65535,1500,1,11,40.4365777,-86.8936630,202.400,-0.245,0.845,0.000
48140,26207,17568,14552,0,0,1.46884,-0.32801,8.74602,-0.066046,-0.020240,0.042611,-10.036,-7.219,-78.397,-19.5823,1.5583,6.9507,-398.0285,28.3079,344.2536,0.0022242,-0.0226472,0.0204513,0.000000,0.000000,0.000000,0.00000,0.00000,0.000,0.000,0.000,0.000,0.000,-6.0000,0.0000,0.0000,6.0000,95.00,95.00,90.00,90.00,65535,65535,65535,1500,1,11,40.4365777,-86.8936630,202.400,-0.245,0.845,0.000
48190,30844,18294,15244,0,0,0.28132,-4.19464,9.47146,-0.014914,-0.020240,0.001065,-10.624,-7.384,-82.816,-21.5859,2.4219,6.9761,-421.6820,31.8006,344.4751,0.0031482,-0.0230624,0.0224362,0.000000,0.000000,0.000000,0.00000,0.00000,0.000,0.000,0.000,0.000,0.000,-6.0000,0.0000,0.0000,6.0000,95.00,95.00,90.00,90.00,65535,65535,65535,1500,1,11,40.4365790,-86.8936667,202.400,0.262,0.000,0.000
48231,16974,18206,15198,0,0,0.16520,-3.22858,10.69729,0.129962,0.012783,0.012783,-10.649,-7.102,-83.969,-22.0245,2.6267,6.9416,-428.0707,32.7186,344.7367,0.0034677,-0.0233835,0.0229213,0.000000,0.000000,0.000000,0.00000,0.00000,0.000,0.000,0.000,0.000,0.000,-6.0000,0.0000,0.0000,6.0000,95.00,95.00,90.00,90.00,65535,65535,65535,1500,1,11,40.4365790,-86.8936667,202.000,0.262,0.000,0.000
48298,16502,18072,15074,0,0,1.58736,-3.07535,10.76313,0.107592,0.031958,0.030893,-10.950,-6.864,-85.535,-22.6122,2.9054,6.9018,-436.5638,33.9257,345.1595,0.0042733,-0.0236085,0.0236026,0.000000,0.000000,0.000000,0.00000,0.00000,0.000,0.000,0.000,0.000,0.000,-6.0000,0.0000,0.0000,6.0000,95.00,95.00,90.00,90.00,65535,65535,65535,1500,1,11,40.4365805,-86.8936700,202.000,0.273,0.000,0.000
48334,28108,25849,17025,0,0,0.37230,-1.85192,10.05565,0.199204,0.051133,0.026632,-10.712,-6.320,-84.760,-22.2036,2.7254,6.9151,-432.5089,33.2584,345.3772,0.0042917,-0.0238637,0.0232137,0.000000,0.000000,0.000000,0.00000,0.00000,0.000,0.000,0.000,0.000,0.000,-6.0000,0.0000,0.0000,6.0000,95.00,95.00,90.00,90.00,65535,65535,65535,1500,1,11,40.4365805,-86.8936700,202.000,0.273,0.000,0.000
48385,26266,18265,15230,0,0,1.75136,-1.15999,9.63307,0.216249,0.050067,0.055394,-9.807,-6.409,-85.875,-22.7779,2.9716,6.8820,-440.7438,34.5477,345.7465,0.0039854,-0.0237334,0.0237380,0.000000,0.000000,0.000000,0.00000,0.00000,0.000,0.000,0.000,0.000,0.000,-6.0000,0.0000,0.0000,6.0000,95.00,95.00,90.00,90.00,65535,65535,65535,1500,1,11,40.4365815,-86.8936725,201.500,0.273,0.000,0.000
48448,18912,18107,15101,0,0,1.58017,-2.83234,10.30824,0.041545,0.035154,0.058590,-10.022,-5.302,-83.631,-21.7014,2.4791,6.8750,-429.4287,32.6654,346.2419,0.0041074,-0.0241515,0.0227100,0.000000,0.000000,0.000000,0.00000,0.00000,0.000,0.000,0.000,0.000,0.000,-6.0000,0.0000,0.0000,6.0000,95.00,95.00,90.00,90.00,65535,65535,65535,1500,1,11,40.4365815,-86.8936725,201.500,0.273,0.000,0.000
48498,25706,18218,15174,0,0,1.30125,-1.68911,9.62230,-0.006392,0.052198,0.071373,-9.052,-6.565,-88.241,-24.0433,3.5134,6.8230,-458.1881,37.3160,346.4520,0.0036639,-0.0234958,0.0248989,0.000000,0.000000,0.000000,0.00000,0.00000,0.000,0.000,0.000,0.000,0.000,-6.0000,0.0000,0.0000,6.0000,95.00,95.00,90.00,90.00,65535,65535,65535,1500,1,11,40.4365815,-86.8936720,201.500,0.290,0.239,0.000
48538,24255,33249,30236,0,0,0.77093,-0.09936,8.26119,-0.004261,0.029827,0.090547,-8.499,-6.615,-89.380,-24.6570,3.7664,6.7809,-466.3234,38.6526,346.5820,0.0032524,-0.0235531,0.0254446,0.000000,0.000000,0.000000,0.00000,0.00000,0.000,0.000,0.000,0.000,0.000,-6.0000,0.0000,0.0000,6.0000,95.00,95.00,90.00,90.00,65535,65535,65535,1500,1,11,40.4365815,-86.8936720,201.500,0.290,0.239,0.000
48589,43946,40329,30411,0,0,0.58538,-3.89297,9.86411,-0.014914,0.012783,0.086286,-9.619,-5.777,-85.957,-23.0640,3.0643,6.8150,-447.4701,35.5117,346.9760,0.0039409,-0.0237133,0.0239403,0.000000,0.000000,0.000000,0.00000,0.00000,0.000,0.000,0.000,0.000,0.000,-6.0000,0.0000,0.0000,6.0000,95.00,95.00,90.00,90.00,65535,65535,65535,1500,1,11,40.4365810,-86.8936710,201.500,0.111,0.092,0.000
48637,29365,18211,15205,0,0,1.69270,-2.38103,8.77595,0.036219,0.050067,0.078830,-9.824,-5.959,-86.230,-23.2967,3.1727,6.7464,-451.6932,36.1606,347.4416,0.0040479,-0.0233853,0.0241726,0.000000,0.000000,0.000000,0.00000,0.00000,0.000,0.000,0.000,0.000,0.000,-6.0000,0.0000,0.0000,6.0000,95.00,95.00,90.00,90.00,65535,65535,65535,1500,1,11,40.4365810,-86.8936710,201.500,0.111,0.092,0.000
48682,19729,18181,15165,0,0,-0.61292,-1.54067,8.91840,0.002131,0.017044,0.104396,-10.524,-4.467,-81.997,-21.2179,2.2271,6.7454,-427.8398,32.1210,347.8659,0.0045166,-0.0239371,0.0222397,0.000000,0.000000,0.000000,0.00000,0.00000,0.000,0.000,0.000,0.000,0.000,-6.0000,0.0000,0.0000,6.0000,95.00,95.00,90.00,90.00,65535,65535,65535,1500,1,11,40.4365812,-86.8936710,201.500,0.171,0.141,0.000
48732,25281,18211,15195,0,0,0.63925,-1.05584,9.03452,0.038350,-0.024501,0.098004,-11.119,-3.958,-79.647,-20.1363,1.7438,6.7445,-415.5538,29.9744,348.2648,0.0049754,-0.0239176,0.0212490,0.000000,0.000000,0.000000,0.00000,0.00000,0.000,0.000,0.000,0.000,0.000,-6.0000,0.0000,0.0000,6.0000,95.00,95.00,90.00,90.00,65535,65535,65535,1500,1,11,40.4365812,-86.8936710,201.500,0.171,0.141,0.000
48792,30392,23714,15295,0,0,1.94289,-2.89100,9.33140,-0.002131,0.011718,0.080960,-11.285,-4.478,-80.236,-20.5428,1.9294,6.7447,-421.2067,30.8443,348.6133,0.0051079,-0.0234599,0.0216431,0.000000,0.000000,0.000000,0.00000,0.00000,0.000,0.000,0.000,0.000,0.000,-6.0000,0.0000,0.0000,6.0000,95.00,95.00,90.00,90.00,65535,65535,65535,1500,1,11,40.4365810,-86.8936707,201.500,0.206,0.170,0.000
48841,29578,18212,15181,0,0,1.77889,-2.43490,9.80306,0.051133,0.024501,0.078830,-10.967,-4.825,-81.288,-21.1635,2.2089,6.7294,-429.6725,32.2099,348.9424,0.0050343,-0.0232136,0.0222208,0.000000,0.000000,0.000000,0.00000,0.00000,0.000,0.000,0.000,0.000,0.000,-6.0000,0.0000,0.0000,6.0000,95.00,95.00,90.00,90.00,65535,65535,65535,1500,1,11,40.4365810,-86.8936707,201.500,0.206,0.170,0.000
48886,19689,18186,15180,0,0,-0.10894,-3.07296,9.38886,0.101200,0.036219,0.093743,-11.041,-4.075,-79.430,-20.2904,1.8042,6.7547,-420.2654,30.5247,349.2953,0.0051704,-0.0234272,0.0214159,0.000000,0.000000,0.000000,0.00000,0.00000,0.000,0.000,0.000,0.000,0.000,-6.0000,0.0000,0.0000,6.0000,95.00,95.00,90.00,90.00,65535,65535,65535,1500,1,11,40.4365810,-86.8936702,201.500,0.179,0.147,0.000
48933,22916,18278,15246,0,0,0.76255,-1.39343,9.49780,0.004261,0.050067,0.112918,-10.766,-4.059,-80.090,-20.7092,2.0002,6.6923,-426.5992,31.5424,349.5859,0.0050384,-0.0234025,0.0218200,0.000000,0.000000,0.000000,0.00000,0.00000,0.000,0.000,0.000,0.000,0.000,-6.0000,0.0000,0.0000,6.0000,95.00,95.00,90.00,90.00,65535,65535,65535,1500,1,11,40.4365810,-86.8936702,201.500,0.179,0.147,0.000
49005,43381,21448,15387,0,0,1.98360,-2.10929,7.68898,0.080960,0.062851,0.078830,-10.201,-4.706,-82.782,-22.1878,2.6636,6.5688,-445.5725,34.7496,349.9514,0.0048916,-0.0229674,0.0231917,0.000000,0.000000,0.000000,0.00000,0.00000,0.000,0.000,0.000,0.000,0.000,-6.0000,0.0000,0.0000,6.0000,95.00,95.00,90.00,90.00,65535,65535,65535,1500,1,11,40.4365808,-86.8936700,201.500,0.127,0.105,0.000
49042,27430,30724,27662,0,0,0.17119,-0.99599,7.90925,-0.004261,0.033023,0.070307,-10.220,-4.606,-82.724,-22.1779,2.6778,6.5178,-446.1810,34.8228,350.1308,0.0048916,-0.0229674,0.0231917,0.000000,0.000000,0.000000,0.00000,0.00000,0.000,0.000,0.000,0.000,0.000,-6.0000,0.0000,0.0000,6.0000,95.00,95.00,90.00,90.00,65535,65535,65535,1500,1,11,40.4365808,-86.8936700,201.500,0.127,0.105,0.000
49101,38112,19408,15317,0,0,1.61848,-1.99317,10.40759,0.012783,-0.043676,0.056459,-9.745,-5.558,-85.053,-23.4600,3.2680,6.5091,-463.0372,37.7211,350.5105,0.0048058,-0.0225731,0.0243885,0.000000,0.000000,0.000000,0.00000,0.00000,0.000,0.000,0.000,0.000,0.000,-6.0000,0.0000,0.0000,6.0000,95.00,95.00,90.00,90.00,65535,65535,65535,1500,1,11,40.4365808,-86.8936700,201.400,0.218,0.180,0.000
49138,25640,31510,28522,0,0,0.40342,-1.89022,10.02213,-0.033023,-0.060720,0.069242,-9.967,-5.236,-83.976,-22.9539,3.0303,6.5212,-457.5782,36.7261,350.7082,0.0048616,-0.0227288,0.0239192,0.000000,0.000000,0.000000,0.00000,0.00000,0.000,0.000,0.000,0.000,0.000,-6.0000,0.0000,0.0000,6.0000,95.00,95.00,90.00,90.00,65535,65535,65535,1500,1,11,40.4365808,-86.8936700,201.400,0.218,0.180,0.000
49188,30984,18247,15212,0,0,0.27653,-2.86706,9.52294,-0.012783,-0.017044,0.067112,-10.073,-5.223,-83.663,-22.8573,2.9834,6.5395,-457.7494,36.6870,351.1244,0.0049654,-0.0226814,0.0238397,0.000000,0.000000,0.000000,0.00000,0.00000,0.000,0.000,0.000,0.000,0.000,-6.0000,0.0000,0.0000,6.0000,95.00,95.00,90.00,90.00,65535,65535,65535,1500,1,11,40.4365807,-86.8936705,201.400,0.091,0.075,0.000
49244,27249,18223,15176,0,0,0.95050,-2.02909,9.07283,-0.002131,-0.002131,0.068177,-10.154,-4.994,-83.030,-22.6041,2.8651,6.5306,-455.9617,36.2992,351.5054,0.0050137,-0.0227417,0.0236080,0.000000,0.000000,0.000000,0.00000,0.00000,0.000,0.000,0.000,0.000,0.000,-6.0000,0.0000,0.0000,6.0000,95.00,95.00,90.00,90.00,65535,65535,65535,1500,1,11,40.4365807,-86.8936705,201.300,0.091,0.075,0.000
49289,20201,18263,15203,0,0,0.59735,-1.41856,9.70131,0.030893,0.031958,0.044741,-10.282,-4.907,-82.837,-22.5236,2.8297,6.5207,-455.8799,36.2290,351.8044,0.0051053,-0.0226639,0.0235409,0.000000,0.000000,0.000000,0.00000,0.00000,0.000,0.000,0.000,0.000,0.000,-6.0000,0.0000,0.0000,6.0000,95.00,95.00,90.00,90.00,65535,65535,65535,1500,1,11,40.4365802,-86.8936698,201.400,0.107,0.088,0.000
49339,25866,18223,15176,0,0,0.81163,-1.17795,10.60272,-0.021305,0.029827,0.061785,-10.706,-4.118,-81.257,-21.7447,2.4577,6.5460,-447.5796,34.6389,352.1802,0.0052345,-0.0229640,0.0228285,0.000000,0.000000,0.000000,0.00000,0.00000,0.000,0.000,0.000,0.000,0.000,-6.0000,0.0000,0.0000,6.0000,95.00,95.00,90.00,90.00,65535,65535,65535,1500,1,11,40.4365802,-86.8936698,201.400,0.107,0.088,0.000
49390,25864,18220,15191,0,0,0.40103,-2.22541,8.77355,-0.019175,0.019175,0.058590,-10.978,-3.925,-80.456,-21.3984,2.2964,6.5078,-444.3059,33.9599,352.5326,0.0054024,-0.0228831,0.0225205,0.000000,0.000000,0.000000,0.00000,0.00000,0.000,0.000,0.000,0.000,0.000,-6.0000,0.0000,0.0000,6.0000,95.00,95.00,90.00,90.00,65535,65535,65535,1500,1,11,40.4365800,-86.8936698,201.400,0.151,0.124,0.000
49446,27479,18243,15174,0,0,0.22505,-2.29005,8.98424,-0.010653,0.020240,0.022371,-11.604,-2.985,-77.581,-19.9587,1.6027,6.4818,-427.5868,30.7631,352.9822,0.0058395,-0.0230500,0.0212118,0.000000,0.000000,0.000000,0.00000,0.00000,0.000,0.000,0.000,0.000,0.000,-6.0000,0.0000,0.0000,6.0000,95.00,95.00,90.00,90.00,65535,65535,65535,1500,1,11,40.4365800,-86.8936698,201.400,0.151,0.124,0.000
49488,17174,18241,15189,0,0,-0.44173,-1.80164,8.95072,-0.017044,0.056459,0.009587,-11.694,-2.430,-77.217,-19.7347,1.4522,6.4185,-425.9830,30.3659,353.2660,0.0058310,-0.0232998,0.0210184,0.000000,0.000000,0.000000,0.00000,0.00000,0.000,0.000,0.000,0.000,0.000,-6.0000,0.0000,0.0000,6.0000,95.00,95.00,90.00,90.00,65535,65535,65535,1500,1,11,40.4365803,-86.8936703,201.200,0.151,0.124,0.000
49555,34303,26560,18604,0,0,0.15562,0.70629,9.05966,-0.018109,0.037284,-0.011718,-11.068,-3.220,-80.817,-21.4623,2.3104,6.3561,-448.7958,34.5220,353.5330,0.0053605,-0.0230952,0.0226096,0.000000,0.000000,0.000000,0.00000,0.00000,0.000,0.000,0.000,0.000,0.000,-6.0000,0.0000,0.0000,6.0000,95.00,95.00,90.00,90.00,65535,65535,65535,1500,1,11,40.4365803,-86.8936703,201.200,0.151,0.124,0.000
49592,33396,30400,27395,0,0,0.88825,-2.45525,8.73285,-0.128897,-0.014914,-0.007457,-11.637,-3.085,-79.564,-20.8263,1.9984,6.3355,-441.5140,33.0977,353.7846,0.0055517,-0.0229629,0.0220272,0.000000,0.000000,0.000000,0.00000,0.00000,0.000,0.000,0.000,0.000,0.000,-6.0000,0.0000,0.0000,6.0000,95.00,95.00,90.00,90.00,65535,65535,65535,1500,1,11,40.4365803,-86.8936707,201.100,0.151,0.124,0.000
49647,26824,18192,15178,0,0,1.22823,-0.78530,9.01417,0.009587,-0.056459,-0.030893,-12.356,-3.313,-76.635,-19.4120,1.2819,6.2651,-425.2011,29.9028,354.2970,0.0057716,-0.0222025,0.0207008,0.000000,0.000000,0.000000,0.00000,0.00000,0.000,0.000,0.000,0.000,0.000,-6.0000,0.0000,0.0000,6.0000,95.00,95.00,90.00,90.00,65535,65535,65535,1500,1,11,40.4365802,-86.8936708,201.100,0.186,0.154,0.000
49691,19719,18197,15152,0,0,1.43293,-3.16992,9.35295,-0.075634,-0.045806,-0.010653,-12.799,-3.415,-76.640,-19.3894,1.2768,6.2710,-425.8844,29.9273,354.5777,0.0057526,-0.0221631,0.0206821,0.000000,0.000000,0.000000,0.00000,0.00000,0.000,0.000,0.000,0.000,0.000,-6.0000,0.0000,0.0000,6.0000,95.00,95.00,90.00,90.00,65535,65535,65535,1500,1,11,40.4365802,-86.8936708,201.100,0.186,0.154,0.000
49741,30591,18227,15173,0,0,0.80445,-2.68270,10.06642,-0.014914,-0.038350,0.003196,-12.109,-3.984,-78.689,-20.4290,1.7719,6.2806,-439.9006,32.5082,354.8260,0.0052416,-0.0220786,0.0215811,0.000000,0.000000,0.000000,0.00000,0.00000,0.000,0.000,0.000,0.000,0.000,-6.0000,0.0000,0.0000,6.0000,95.00,95.00,90.00,90.00,65535,65535,65535,1500,1,11,40.4365802,-86.8936708,201.100,0.186,0.154,0.000
49792,26015,18250,15186,0,0,1.37547,-3.52905,9.14346,-0.041545,-0.028762,-0.029827,-12.147,-4.109,-78.407,-20.2477,1.6765,6.2623,-438.7110,32.1736,355.1582,0.0052281,-0.0219346,0.0214065,0.000000,0.000000,0.000000,0.00000,0.00000,0.000,0.000,0.000,0.000,0.000,-6.0000,0.0000,0.0000,6.0000,95.00,95.00,90.00,90.00,65535,65535,65535,1500,1,11,40.4365805,-86.8936717,201.000,0.380,-0.110,0.000
49849,27958,18238,15194,0,0,1.46884,-1.46166,9.26676,0.052198,0.028762,-0.017044,-11.221,-4.553,-80.224,-21.1390,2.1109,6.2249,-451.4687,34.5462,355.4532,0.0046240,-0.0217300,0.0221777,0.000000,0.000000,0.000000,0.00000,0.00000,0.000,0.000,0.000,0.000,0.000,-6.0000,0.0000,0.0000,6.0000,95.00,95.00,90.00,90.00,65535,65535,65535,1500,1,11,40.4365805,-86.8936718,201.000,0.295,-0.091,0.000
49899,25030,18238,15188,0,0,1.19231,-0.41779,9.56005,-0.009587,0.049002,-0.021305,-11.259,-4.524,-80.399,-21.1765,2.1278,6.2332,-452.9694,34.7436,355.7631,0.0045711,-0.0216328,0.0222049,0.000000,0.000000,0.000000,0.00000,0.00000,0.000,0.000,0.000,0.000,0.000,-6.0000,0.0000,0.0000,6.0000,95.00,95.00,90.00,90.00,65535,65535,65535,1500,1,11,40.4365805,-86.8936718,200.900,0.295,-0.091,0.000
49937,16551,15665,12634,0,0,-0.07183,-1.76333,6.92762,0.028762,0.074569,0.001065,-11.343,-4.331,-80.507,-21.2393,2.1088,6.1317,-453.8372,34.8299,356.0161,0.0045711,-0.0216328,0.0222049,0.000000,0.000000,0.000000,0.00000,0.00000,0.000,0.000,0.000,0.000,0.000,-6.0000,0.0000,0.0000,6.0000,95.00,95.00,90.00,90.00,65535,65535,65535,1500,1,11,40.4365805,-86.8936718,200.900,0.295,-0.091,0.000
49988,25999,18245,15191,0,0,0.86191,-3.39258,8.24802,-0.111853,0.001065,-0.006392,-11.635,-4.156,-80.270,-21.0832,2.0244,6.0838,-452.8571,34.5320,356.3227,0.0046371,-0.0216513,0.0220617,0.000000,0.000000,0.000000,0.00000,0.00000,0.000,0.000,0.000,0.000,0.000,-6.0000,0.0000,0.0000,6.0000,95.00,95.00,90.00,90.00,65535,65535,65535,1500,1,11,40.4365807,-86.8936720,200.800,0.261,-0.079,0.000
50077,43211,39177,30405,0,0,1.34434,-0.32801,10.65899,-0.023436,-0.067112,-0.027697,-10.386,-5.171,-83.191,-22.4875,2.7322,6.1216,-472.7852,38.3851,356.6457,0.0037982,-0.0213320,0.0233167,0.000000,0.000000,0.000000,0.00000,0.00000,0.000,0.000,0.000,0.000,0.000,-6.0000,0.0000,0.0000,6.0000,95.00,95.00,90.00,90.00,65535,65535,65535,1500,1,11,40.4365807,-86.8936720,200.800,0.261,-0.079,0.000
50113,45562,30233,27248,0,0,-0.32920,-2.58454,8.35935,0.038350,-0.066046,-0.041545,-10.642,-4.940,-83.366,-22.4639,2.7334,6.0669,-473.0086,38.3325,356.9253,0.0041227,-0.0216787,0.0233091,0.000000,0.000000,0.000000,0.00000,0.00000,0.000,0.000,0.000,0.000,0.000,-6.0000,0.0000,0.0000,6.0000,95.00,95.00,90.00,90.00,65535,65535,65535,1500,1,11,40.4365807,-86.8936720,200.800,0.261,-0.079,0.000
50137,31154,22551,14744,0,0,1.27132,-1.71185,7.97269,-0.122505,-0.049002,-0.025566,-11.012,-5.050,-82.557,-22.0486,2.5225,6.0197,-468.5108,37.3769,357.1399,0.0041689,-0.0214972,0.0229284,0.000000,0.000000,0.000000,0.00000,0.00000,0.000,0.000,0.000,0.000,0.000,-6.0000,0.0000,0.0000,6.0000,95.00,95.00,90.00,90.00,65535,65535,65535,1500,1,11,40.4365807,-86.8936720,200.800,0.261,-0.079,0.000
50184,31366,15752,12689,0,0,0.62489,-1.25696,5.41928,-0.176834,-0.070307,-0.054328,-11.708,-5.359,-80.756,-21.1068,2.0449,5.8852,-457.8615,35.1271,357.5232,0.0042799,-0.0210789,0.0220661,0.000000,0.000000,0.000000,0.00000,0.00000,0.000,0.000,0.000,0.000,0.000,-6.0000,0.0000,0.0000,6.0000,95.00,95.00,90.00,90.00,65535,65535,65535,1500,1,11,40.4365810,-86.8936730,200.800,0.287,-0.161,0.000
50236,27371,18228,15197,0,0,-0.31723,-2.19069,9.55526,-0.158724,-0.086286,-0.033023,-12.007,-5.537,-83.923,-22.4873,2.7652,5.8632,-475.6285,38.6270,357.7242,0.0045609,-0.0216026,0.0233825,0.000000,0.000000,0.000000,0.00000,0.00000,0.000,0.000,0.000,0.000,0.000,-6.0000,0.0000,0.0000,6.0000,95.00,95.00,90.00,90.00,65535,65535,65535,1500,1,11,40.4365810,-86.8936730,200.800,0.287,-0.161,0.000
50288,26758,15734,12690,0,0,0.00479,-1.36948,7.80629,-0.021305,-0.069242,-0.073503,-12.454,-5.708,-81.739,-21.3423,2.1930,5.8240,-462.7404,35.8863,358.1190,0.0045988,-0.0212581,0.0223294,0.000000,0.000000,0.000000,0.00000,0.00000,0.000,0.000,0.000,0.000,0.000,-6.0000,0.0000,0.0000,6.0000,95.00,95.00,90.00,90.00,65535,65535,65535,1500,1,11,40.4365808,-86.8936732,200.700,0.287,-0.161,0.000
50348,16368,18092,15107,0,0,1.02232,-1.10971,8.33781,-0.173638,-0.076699,-0.079895,-12.266,-5.948,-83.866,-22.2331,2.6055,5.7198,-474.9816,38.2791,358.3956,0.0045073,-0.0215701,0.0231314,0.000000,0.000000,0.000000,0.00000,0.00000,0.000,0.000,0.000,0.000,0.000,-6.0000,0.0000,0.0000,6.0000,95.00,95.00,90.00,90.00,65535,65535,65535,1500,1,11,40.4365808,-86.8936732,200.700,0.287,-0.161,0.000
50399,25922,18212,15189,0,0,0.91099,-1.45567,8.05290,-0.188552,-0.051133,-0.070307,-12.856,-6.051,-82.123,-21.2947,2.1150,5.6899,-464.4257,35.9860,358.7461,0.0045413,-0.0212824,0.0222664,0.000000,0.000000,0.000000,0.00000,0.00000,0.000,0.000,0.000,0.000,0.000,-6.0000,0.0000,0.0000,6.0000,95.00,95.00,90.00,90.00,65535,65535,65535,1500,1,11,40.4365807,-86.8936732,200.700,0.094,-0.053,0.000
50450,25966,18268,15206,0,0,0.01317,-1.55982,8.65265,-0.015979,-0.060720,-0.096939,-12.793,-6.242,-83.260,-21.6848,2.3198,5.6515,-470.3296,37.1023,359.0067,0.0045306,-0.0213983,0.0226250,0.000000,0.000000,0.000000,0.00000,0.00000,0.000,0.000,0.000,0.000,0.000,-6.0000,0.0000,0.0000,6.0000,95.00,95.00,90.00,90.00,65535,65535,65535,1500,1,11,40.4365807,-86.8936732,200.700,0.094,-0.053,0.000
50485,28938,25212,17237,0,0,1.78727,-0.18794,10.12029,-0.017044,-0.028762,-0.075634,-12.432,-6.075,-81.265,-20.6958,1.7859,5.6624,-459.6132,34.7724,359.2336,0.0039573,-0.0212340,0.0216589,0.000000,0.000000,0.000000,0.00000,0.00000,0.000,0.000,0.000,0.000,0.000,-6.0000,0.0000,0.0000,6.0000,95.00,95.00,90.00,90.00,65535,65535,65535,1500,1,11,40.4365802,-86.8936732,200.700,0.094,-0.053,0.000
50543,33720,17644,12759,0,0,1.17076,-2.69108,6.52181,0.132093,0.012783,-0.064981,-12.204,-6.198,-83.495,-21.6295,2.2455,5.5614,-471.8269,37.1913,359.5442,0.0040942,-0.0214502,0.0224941,0.000000,0.000000,0.000000,0.00000,0.00000,0.000,0.000,0.000,0.000,0.000,-6.0000,0.0000,0.0000,6.0000,95.00,95.00,90.00,90.00,65535,65535,65535,1500,1,11,40.4365802,-86.8936732,200.700,0.094,-0.053,0.000
50600,31771,18271,15216,0,0,-0.03591,-2.38462,9.50977,0.037284,0.043676,-0.017044,-11.915,-5.971,-85.610,-22.5107,2.7215,5.5490,-483.8786,39.6193,359.7994,0.0042704,-0.0218501,0.0233139,0.000000,0.000000,0.000000,0.00000,0.00000,0.000,0.000,0.000,0.000,0.000,-6.0000,0.0000,0.0000,6.0000,95.00,95.00,90.00,90.00,65535,65535,65535,1500,1,11,40.4365800,-86.8936733,200.700,0.099,-0.056,0.000
50650,25452,18222,15174,0,0,-0.04669,-1.79805,7.87333,0.028762,0.069242,-0.068177,-11.867,-5.581,-87.342,-23.1646,3.0703,5.4959,-493.1527,41.4921,360.0333,0.0044213,-0.0222296,0.0239245,0.000000,0.000000,0.000000,0.00000,0.00000,0.000,0.000,0.000,0.000,0.000,-6.0000,0.0000,0.0000,6.0000,95.00,95.00,90.00,90.00,65535,65535,65535,1500,1,11,40.4365800,-86.8936733,200.700,0.099,-0.056,0.000
50682,25190,24889,21859,0,0,2.02071,-2.55820,8.14507,-0.047937,0.086286,-0.051133,-12.383,-5.512,-85.748,-22.3412,2.6393,5.4705,-483.1547,39.3066,360.2237,0.0046620,-0.0219025,0.0231931,0.000000,0.000000,0.000000,0.00000,0.00000,0.000,0.000,0.000,0.000,0.000,-6.0000,0.0000,0.0000,6.0000,95.00,95.00,90.00,90.00,65535,65535,65535,1500,1,11,40.4365798,-86.8936733,200.600,0.072,-0.040,0.000
50735,25192,18263,15204,0,0,1.72861,-1.22703,8.84418,-0.072438,0.027697,-0.095874,-12.557,-5.603,-84.396,-21.5295,2.1916,5.4415,-474.2495,37.2604,360.6042,0.0045562,-0.0214108,0.0224438,0.000000,0.000000,0.000000,0.00000,0.00000,0.000,0.000,0.000,0.000,0.000,-6.0000,0.0000,0.0000,6.0000,95.00,95.00,90.00,90.00,65535,65535,65535,1500,1,11,40.4365798,-86.8936733,200.600,0.072,-0.040,0.000
50799,19019,18127,15121,0,0,1.76453,-1.66517,8.85855,-0.082025,-0.063916,-0.139550,-13.021,-5.844,-82.883,-20.6039,1.6962,5.4053,-464.1355,34.8975,361.0117,0.0044689,-0.0210161,0.0215936,0.000000,0.000000,0.000000,0.00000,0.00000,0.000,0.000,0.000,0.000,0.000,-6.0000,0.0000,0.0000,6.0000,95.00,95.00,90.00,90.00,65535,65535,65535,1500,1,11,40.4365797,-86.8936735,200.600,0.013,-0.008,0.000
50849,25562,18295,15229,0,0,1.84593,0.72305,9.59955,-0.084156,-0.124636,-0.134223,-12.622,-6.203,-82.941,-20.5095,1.6312,5.4062,-464.6873,34.8583,361.2881,0.0038764,-0.0209874,0.0214545,0.000000,0.000000,0.000000,0.00000,0.00000,0.000,0.000,0.000,0.000,0.000,-6.0000,0.0000,0.0000,6.0000,95.00,95.00,90.00,90.00,65535,65535,65535,1500,1,11,40.4365797,-86.8936735,200.600,0.013,-0.008,0.000
50881,25178,25084,22028,0,0,1.08338,-1.81241,9.29429,0.039415,-0.187487,-0.108657,-12.493,-6.463,-82.981,-20.4703,1.6083,5.3994,-464.7997,34.8074,361.4268,0.0038086,-0.0209840,0.0214121,0.000000,0.000000,0.000000,0.00000,0.00000,0.000,0.000,0.000,0.000,0.000,-6.0000,0.0000,0.0000,6.0000,95.00,95.00,90.00,90.00,65535,65535,65535,1500,1,11,40.4365790,-86.8936733,200.500,-0.131,-0.165,0.000
50939,29418,22469,15325,0,0,1.18393,-2.51032,8.59279,0.030893,-0.132093,-0.104396,-13.017,-7.286,-83.375,-20.4903,1.6233,5.3540,-465.5052,34.8193,361.7518,0.0043025,-0.0207793,0.0214791,0.000000,0.000000,0.000000,0.00000,0.00000,0.000,0.000,0.000,0.000,0.000,-6.0000,0.0000,0.0000,6.0000,95.00,95.00,90.00,90.00,65535,65535,65535,1500,1,11,40.4365790,-86.8936733,200.500,-0.131,-0.165,0.000
50981,17071,18224,15203,0,0,0.71108,-1.74657,9.35295,-0.199204,-0.118244,-0.124636,-13.064,-7.516,-84.014,-20.6432,1.7261,5.2832,-468.6307,35.3703,361.9877,0.0041798,-0.0209104,0.0216100,0.000000,0.000000,0.000000,0.00000,0.00000,0.000,0.000,0.000,0.000,0.000,-6.0000,0.0000,0.0000,6.0000,95.00,95.00,90.00,90.00,65535,65535,65535,1500,1,11,40.4365783,-86.8936732,200.500,-0.262,-0.106,0.000
51049,39508,21783,18752,0,0,0.08021,-3.77206,10.65300,-0.025566,-0.077764,-0.116114,-13.470,-8.648,-89.217,-22.8872,3.0221,5.3047,-496.4323,41.5223,362.1807,0.0050633,-0.0210199,0.0237478,0.000000,0.000000,0.000000,0.00000,0.00000,0.000,0.000,0.000,0.000,0.000,-6.0000,0.0000,0.0000,6.0000,95.00,95.00,90.00,90.00,65535,65535,65535,1500,1,11,40.4365783,-86.8936732,200.500,-0.262,-0.106,0.000
51089,28864,33290,30279,0,0,1.00796,-3.21302,8.18697,0.002131,-0.046872,-0.101200,-13.531,-9.098,-91.681,-23.9437,3.6300,5.2710,-509.7053,44.4944,362.2651,0.0054516,-0.0210850,0.0247566,0.000000,0.000000,0.000000,0.00000,0.00000,0.000,0.000,0.000,0.000,0.000,-6.0000,0.0000,0.0000,6.0000,95.00,95.00,90.00,90.00,65535,65535,65535,1500,1,11,40.4365777,-86.8936730,200.400,-0.315,-0.128,0.000
51159,41226,22614,14919,0,0,1.43772,-1.85072,9.19733,-0.102265,0.047937,-0.111853,-13.527,-9.181,-94.032,-24.7499,4.1044,5.2831,-521.7048,47.0885,362.6403,0.0054944,-0.0213162,0.0254977,0.000000,0.000000,0.000000,0.00000,0.00000,0.000,0.000,0.000,0.000,0.000,-6.0000,0.0000,0.0000,6.0000,95.00,95.00,90.00,90.00,65535,65535,65535,1500,1,11,40.4365777,-86.8936730,200.400,-0.315,-0.128,0.000
51183,22939,23837,15758,0,0,0.68115,-2.11647,9.71328,0.031958,0.007457,-0.109722,-13.238,-9.153,-95.345,-25.2701,4.3974,5.2834,-528.9008,48.6941,362.7280,0.0054393,-0.0215170,0.0259691,0.000000,0.000000,0.000000,0.00000,0.00000,0.000,0.000,0.000,0.000,0.000,-6.0000,0.0000,0.0000,6.0000,95.00,95.00,90.00,90.00,65535,65535,65535,1500,1,11,40.4365777,-86.8936730,200.400,-0.315,-0.128,0.000
51232,23485,18308,15260,0,0,1.54067,-2.12246,9.28591,0.017044,0.069242,-0.155529,-13.300,-9.000,-95.825,-25.2082,4.3849,5.2108,-529.7794,48.8189,363.0134,0.0054180,-0.0215099,0.0259302,0.000000,0.000000,0.000000,0.00000,0.00000,0.000,0.000,0.000,0.000,0.000,-6.0000,0.0000,0.0000,6.0000,95.00,95.00,90.00,90.00,65535,65535,65535,1500,1,11,40.4365773,-86.8936727,200.400,-0.273,0.007,0.000
51282,25995,18242,15199,0,0,0.88705,0.55426,8.69813,-0.022371,0.006392,-0.162985,-12.460,-8.972,-99.652,-26.7343,5.2413,5.1558,-550.6759,53.5723,363.1771,0.0050244,-0.0220091,0.0273012,0.000000,0.000000,0.000000,0.00000,0.00000,0.000,0.000,0.000,0.000,0.000,-6.0000,0.0000,0.0000,6.0000,95.00,95.00,90.00,90.00,65535,65535,65535,1500,1,11,40.4365773,-86.8936727,200.400,-0.273,0.007,0.000
51333,26146,18266,15218,0,0,1.48919,-0.19273,9.81024,-0.066046,0.027697,-0.174703,-12.024,-8.871,-99.695,-26.5203,5.0955,5.1250,-549.9238,53.3180,363.4544,0.0044069,-0.0219775,0.0270628,0.000000,0.000000,0.000000,0.00000,0.00000,0.000,0.000,0.000,0.000,0.000,-6.0000,0.0000,0.0000,6.0000,95.00,95.00,90.00,90.00,65535,65535,65535,1500,1,11,40.4365767,-86.8936720,200.400,-0.273,0.007,0.000
51398,19737,18216,15187,0,0,1.71185,-1.72981,8.98903,-0.115049,-0.001065,-0.154463,-11.810,-8.989,-100.930,-26.7836,5.2492,5.0314,-554.8300,54.3990,363.7658,0.0044729,-0.0220735,0.0273000,0.000000,0.000000,0.000000,0.00000,0.00000,0.000,0.000,0.000,0.000,0.000,-6.0000,0.0000,0.0000,6.0000,95.00,95.00,90.00,90.00,65535,65535,65535,1500,1,11,40.4365762,-86.8936715,200.300,-0.290,0.205,0.000
51448,25724,18261,15215,0,0,1.45328,-1.72263,8.78672,0.037284,0.041545,-0.173638,-11.473,-8.918,-101.753,-26.9043,5.3169,4.9999,-557.7640,55.0352,364.0094,0.0044099,-0.0221190,0.0274062,0.000000,0.000000,0.000000,0.00000,0.00000,0.000,0.000,0.000,0.000,0.000,-6.0000,0.0000,0.0000,6.0000,95.00,95.00,90.00,90.00,65535,65535,65535,1500,1,11,40.4365762,-86.8936715,200.300,-0.290,0.205,0.000
51499,31626,18281,15236,0,0,-0.09218,-2.84790,8.48385,0.011718,0.006392,-0.173638,-11.729,-8.678,-104.581,-27.8982,5.9238,4.9814,-571.4943,58.2510,364.1978,0.0049982,-0.0226926,0.0283485,0.000000,0.000000,0.000000,0.00000,0.00000,0.000,0.000,0.000,0.000,0.000,-6.0000,0.0000,0.0000,6.0000,95.00,95.00,90.00,90.00,65535,65535,65535,1500,1,11,40.4365758,-86.8936712,200.300,-0.242,0.183,0.000
51539,24474,33446,30405,0,0,2.13922,-1.64482,9.52294,0.043676,-0.044741,-0.129962,-11.636,-8.836,-104.252,-27.6592,5.7800,4.9839,-569.1298,57.6716,364.3355,0.0049240,-0.0225446,0.0281260,0.000000,0.000000,0.000000,0.00000,0.00000,0.000,0.000,0.000,0.000,0.000,-6.0000,0.0000,0.0000,6.0000,95.00,95.00,90.00,90.00,65535,65535,65535,1500,1,11,40.4365758,-86.8936712,200.300,-0.242,0.183,0.000
51587,43587,37828,30411,0,0,0.47884,-0.74939,9.82940,-0.068177,-0.028762,-0.137419,-11.219,-8.819,-105.738,-28.1360,6.0803,4.9789,-577.1161,59.5326,364.5200,0.0045779,-0.0227496,0.0285676,0.000000,0.000000,0.000000,0.00000,0.00000,0.000,0.000,0.000,0.000,0.000,-6.0000,0.0000,0.0000,6.0000,95.00,95.00,90.00,90.00,65535,65535,65535,1500,1,11,40.4365758,-86.8936712,200.300,-0.242,0.183,0.000
51634,24669,18251,15200,0,0,1.43532,-1.77051,9.49540,0.039415,-0.008522,-0.117179,-10.679,-8.906,-106.361,-28.1697,6.1001,4.9471,-579.5043,60.0576,364.8471,0.0045310,-0.0227836,0.0285965,0.000000,0.000000,0.000000,0.00000,0.00000,0.000,0.000,0.000,0.000,0.000,-6.0000,0.0000,0.0000,6.0000,95.00,95.00,90.00,90.00,65535,65535,65535,1500,1,11,40.4365757,-86.8936710,200.300,-0.242,0.183,0.000
51685,26738,18295,15248,0,0,1.11690,-3.12802,9.81982,-0.013848,-0.029827,-0.085221,-10.551,-8.749,-107.024,-28.3200,6.1869,4.9364,-582.9114,60.8295,365.0901,0.0046077,-0.0230544,0.0287254,0.000000,0.000000,0.000000,0.00000,0.00000,0.000,0.000,0.000,0.000,0.000,-6.0000,0.0000,0.0000,6.0000,95.00,95.00,90.00,90.00,65535,65535,65535,1500,1,11,40.4365753,-86.8936705,200.300,-0.205,0.155,0.000
51735,25993,18270,15216,0,0,0.19034,-2.33914,9.20690,0.035154,-0.060720,-0.060720,-10.598,-8.494,-107.805,-28.5345,6.3169,4.9182,-587.2462,61.8247,365.3248,0.0047863,-0.0235132,0.0289210,0.000000,0.000000,0.000000,0.00000,0.00000,0.000,0.000,0.000,0.000,0.000,-6.0000,0.0000,0.0000,6.0000,95.00,95.00,90.00,90.00,65535,65535,65535,1500,1,11,40.4365753,-86.8936705,200.300,-0.205,0.155,0.000
51792,35222,20422,15335,0,0,1.03789,-1.89740,8.49702,0.046872,-0.033023,-0.050067,-10.075,-8.606,-107.613,-28.3810,6.2133,4.8560,-586.9579,61.6942,365.6029,0.0044056,-0.0234374,0.0287392,0.000000,0.000000,0.000000,0.00000,0.00000,0.000,0.000,0.000,0.000,0.000,-6.0000,0.0000,0.0000,6.0000,95.00,95.00,90.00,90.00,65535,65535,65535,1500,1,11,40.4365752,-86.8936702,200.300,-0.185,0.139,0.000
51836,19709,18218,15182,0,0,1.09415,-3.95762,10.18733,-0.018109,0.024501,-0.028762,-10.416,-8.441,-107.880,-28.4043,6.2353,4.8607,-588.4065,62.0239,365.8257,0.0047237,-0.0235380,0.0287822,0.000000,0.000000,0.000000,0.00000,0.00000,0.000,0.000,0.000,0.000,0.000,-6.0000,0.0000,0.0000,6.0000,95.00,95.00,90.00,90.00,65535,65535,65535,1500,1,11,40.4365752,-86.8936702,200.300,-0.185,0.139,0.000
51887,26025,18265,15234,0,0,0.84396,-1.52152,8.34978,0.026632,0.023436,0.006392,-10.621,-8.131,-108.008,-28.4002,6.2365,4.8111,-589.7413,62.3074,366.0732,0.0049588,-0.0237333,0.0287874,0.000000,0.000000,0.000000,0.00000,0.00000,0.000,0.000,0.000,0.000,0.000,-6.0000,0.0000,0.0000,6.0000,95.00,95.00,90.00,90.00,65535,65535,65535,1500,1,11,40.4365747,-86.8936700,200.300,-0.242,0.183,0.000
51937,30606,18265,15209,0,0,0.95409,-1.07619,9.92636,-0.043676,-0.022371,0.047937,-10.200,-8.177,-108.235,-28.5236,6.3099,4.8268,-593.0460,63.0846,366.3052,0.0045623,-0.0236420,0.0288853,0.000000,0.000000,0.000000,0.00000,0.00000,0.000,0.000,0.000,0.000,0.000,-6.0000,0.0000,0.0000,6.0000,95.00,95.00,90.00,90.00,65535,65535,65535,1500,1,11,40.4365747,-86.8936700,200.300,-0.242,0.183,0.000
51993,29782,19561,15324,0,0,1.32878,-1.15520,10.53329,0.093743,-0.096939,0.020240,-10.102,-7.908,-108.336,-28.5338,6.3191,4.8744,-595.1335,63.5163,366.5713,0.0045496,-0.0241243,0.0288850,0.000000,0.000000,0.000000,0.00000,0.00000,0.000,0.000,0.000,0.000,0.000,-6.0000,0.0000,0.0000,6.0000,95.00,95.00,90.00,90.00,65535,65535,65535,1500,1,11,40.4365743,-86.8936695,200.300,-0.230,0.173,0.000
52052,36711,20932,17872,0,0,0.63925,-3.22738,10.47104,0.022371,-0.143811,0.031958,-10.203,-8.102,-108.730,-28.7512,6.4716,4.8671,-598.9202,64.4354,366.8366,0.0048692,-0.0243491,0.0290740,0.000000,0.000000,0.000000,0.00000,0.00000,0.000,0.000,0.000,0.000,0.000,-6.0000,0.0000,0.0000,6.0000,95.00,95.00,90.00,90.00,65535,65535,65535,1500,1,11,40.4365743,-86.8936695,200.300,-0.230,0.173,0.000
52087,27836,27989,24911,0,0,1.25456,-0.33998,6.71454,0.129962,-0.106526,0.079895,-10.018,-8.216,-108.626,-28.7318,6.4566,4.7829,-599.7203,64.6153,366.9709,0.0048692,-0.0243491,0.0290740,0.000000,0.000000,0.000000,0.00000,0.00000,0.000,0.000,0.000,0.000,0.000,-6.0000,0.0000,0.0000,6.0000,95.00,95.00,90.00,90.00,65535,65535,65535,1500,1,11,40.4365742,-86.8936688,200.400,-0.230,0.173,0.000
52150,36642,25687,22699,0,0,1.86867,-1.55384,8.34379,0.118244,-0.066046,0.101200,-9.774,-8.731,-108.914,-29.0425,6.5997,4.6780,-605.3483,66.0401,367.2596,0.0049187,-0.0241195,0.0293762,0.000000,0.000000,0.000000,0.00000,0.00000,0.000,0.000,0.000,0.000,0.000,-6.0000,0.0000,0.0000,6.0000,95.00,95.00,90.00,90.00,65535,65535,65535,1500,1,11,40.4365742,-86.8936688,200.400,-0.230,0.173,0.000
52204,35219,18297,15305,0,0,1.29526,-3.23098,9.60554,-0.030893,-0.025566,0.136354,-10.282,-8.804,-110.229,-29.7945,7.1011,4.6857,-615.9572,68.8097,367.4939,0.0056552,-0.0242686,0.0301250,0.000000,0.000000,0.000000,0.00000,0.00000,0.000,0.000,0.000,0.000,0.000,-6.0000,0.0000,0.0000,6.0000,95.00,95.00,90.00,90.00,65535,65535,65535,1500,1,11,40.4365738,-86.8936682,200.400,-0.263,0.198,0.000
52249,19698,18223,15182,0,0,-0.06105,-2.66116,9.36013,-0.021305,-0.008522,0.162985,-10.468,-7.334,-107.204,-28.5118,6.2324,4.6692,-601.5766,64.8622,367.7931,0.0053992,-0.0251687,0.0288672,0.000000,0.000000,0.000000,0.00000,0.00000,0.000,0.000,0.000,0.000,0.000,-6.0000,0.0000,0.0000,6.0000,95.00,95.00,90.00,90.00,65535,65535,65535,1500,1,11,40.4365738,-86.8936682,200.400,-0.263,0.198,0.000
52299,26407,18289,15231,0,0,1.61848,-0.56264,8.43836,0.071373,0.040480,0.160855,-10.178,-7.078,-106.469,-28.3639,6.1308,4.6427,-601.2895,64.6999,368.0408,0.0051886,-0.0251831,0.0287109,0.000000,0.000000,0.000000,0.00000,0.00000,0.000,0.000,0.000,0.000,0.000,-6.0000,0.0000,0.0000,6.0000,95.00,95.00,90.00,90.00,65535,65535,65535,1500,1,11,40.4365742,-86.8936683,200.400,-0.123,0.093,0.000
52350,30981,18242,15189,0,0,-0.24541,-1.61968,7.88291,-0.026632,0.040480,0.169377,-10.809,-5.660,-104.669,-27.6183,5.6330,4.6112,-593.2436,62.4178,368.3270,0.0055845,-0.0260451,0.0280110,0.000000,0.000000,0.000000,0.00000,0.00000,0.000,0.000,0.000,0.000,0.000,-6.0000,0.0000,0.0000,6.0000,95.00,95.00,90.00,90.00,65535,65535,65535,1500,1,11,40.4365742,-86.8936683,200.400,-0.123,0.093,0.000
52405,30790,18737,15331,0,0,1.81002,-2.62405,10.86130,0.089482,0.035154,0.176834,-11.203,-5.634,-105.007,-27.9539,5.8602,4.6375,-598.5406,63.7977,368.5570,0.0061456,-0.0259330,0.0283633,0.000000,0.000000,0.000000,0.00000,0.00000,0.000,0.000,0.000,0.000,0.000,-6.0000,0.0000,0.0000,6.0000,95.00,95.00,90.00,90.00,65535,65535,65535,1500,1,11,40.4365740,-86.8936682,200.400,-0.094,0.071,0.000
52436,19746,29169,21257,0,0,1.95247,-0.36392,8.43717,0.093743,0.041545,0.150202,-10.585,-6.120,-105.947,-28.4981,6.2239,4.6062,-606.1202,65.8231,368.6103,0.0057631,-0.0255581,0.0288600,0.000000,0.000000,0.000000,0.00000,0.00000,0.000,0.000,0.000,0.000,0.000,-6.0000,0.0000,0.0000,6.0000,95.00,95.00,90.00,90.00,65535,65535,65535,1500,1,11,40.4365740,-86.8936682,200.400,-0.094,0.071,0.000
52500,19641,18216,15158,0,0,1.89860,-2.49117,9.45470,-0.006392,0.014914,0.169377,-10.160,-6.214,-106.109,-28.8726,6.4639,4.5896,-613.2477,67.6478,368.9298,0.0054198,-0.0253231,0.0292005,0.000000,0.000000,0.000000,0.00000,0.00000,0.000,0.000,0.000,0.000,0.000,-6.0000,0.0000,0.0000,6.0000,95.00,95.00,90.00,90.00,65535,65535,65535,1500,1,11,40.4365743,-86.8936682,200.400,-0.140,0.105,0.000
52539,24418,33376,30361,0,0,0.65242,-0.67756,8.99861,-0.027697,-0.021305,0.162985,-9.955,-6.055,-105.816,-28.8286,6.4252,4.5702,-613.6014,67.6822,369.0453,0.0051638,-0.0254224,0.0291418,0.000000,0.000000,0.000000,0.00000,0.00000,0.000,0.000,0.000,0.000,0.000,-6.0000,0.0000,0.0000,6.0000,95.00,95.00,90.00,90.00,65535,65535,65535,1500,1,11,40.4365743,-86.8936682,200.400,-0.140,0.105,0.000
52605,38794,20692,17622,0,0,1.39343,-3.21062,10.17057,0.009587,-0.007457,0.150202,-9.660,-5.943,-105.180,-28.8225,6.4160,4.5819,-615.9214,68.1906,369.4036,0.0050240,-0.0254283,0.0291296,0.000000,0.000000,0.000000,0.00000,0.00000,0.000,0.000,0.000,0.000,0.000,-6.0000,0.0000,0.0000,6.0000,95.00,95.00,90.00,90.00,65535,65535,65535,1500,1,11,40.4365730,-86.8936670,200.400,-0.218,0.164,0.000
52640,30764,24718,16773,0,0,-0.25977,-1.45687,9.59237,0.043676,-0.030893,0.175769,-9.680,-5.332,-103.824,-28.2912,6.0598,4.5809,-610.1318,66.4992,369.5832,0.0049837,-0.0258056,0.0286179,0.000000,0.000000,0.000000,0.00000,0.00000,0.000,0.000,0.000,0.000,0.000,-6.0000,0.0000,0.0000,6.0000,95.00,95.00,90.00,90.00,65535,65535,65535,1500,1,11,40.4365730,-86.8936670,200.400,-0.218,0.164,0.000
52685,20372,18252,15217,0,0,-0.31005,-2.27090,8.29232,0.039415,-0.021305,0.153398,-9.711,-4.697,-102.255,-27.7209,5.6641,4.5453,-604.4038,64.7745,369.8593,0.0050068,-0.0261734,0.0280774,0.000000,0.000000,0.000000,0.00000,0.00000,0.000,0.000,0.000,0.000,0.000,-6.0000,0.0000,0.0000,6.0000,95.00,95.00,90.00,90.00,65535,65535,65535,1500,1,11,40.4365727,-86.8936663,200.400,-0.227,0.245,0.000
52733,26165,15737,12682,0,0,0.34237,-1.08457,7.79911,-0.003196,-0.050067,0.126766,-9.913,-4.883,-102.309,-27.8788,5.7900,4.4958,-607.7794,65.6438,370.0760,0.0051922,-0.0260368,0.0282496,0.000000,0.000000,0.000000,0.00000,0.00000,0.000,0.000,0.000,0.000,0.000,-6.0000,0.0000,0.0000,6.0000,95.00,95.00,90.00,90.00,65535,65535,65535,1500,1,11,40.4365727,-86.8936663,200.400,-0.227,0.245,0.000
52784,26618,18297,15235,0,0,1.28090,-1.64242,10.22444,-0.003196,-0.051133,0.120375,-10.131,-4.604,-101.472,-27.5949,5.5953,4.5444,-605.3684,64.8579,370.3158,0.0053259,-0.0262294,0.0279840,0.000000,0.000000,0.000000,0.00000,0.00000,0.000,0.000,0.000,0.000,0.000,-6.0000,0.0000,0.0000,6.0000,95.00,95.00,90.00,90.00,65535,65535,65535,1500,1,11,40.4365723,-86.8936662,200.400,-0.187,0.199,0.000
52838,29822,18271,15327,0,0,1.09894,-1.57299,8.22289,-0.076699,-0.025566,0.125701,-10.431,-5.099,-102.024,-28.0009,5.8829,4.4968,-611.9562,66.6525,370.5311,0.0054898,-0.0258823,0.0283861,0.000000,0.000000,0.000000,0.00000,0.00000,0.000,0.000,0.000,0.000,0.000,-6.0000,0.0000,0.0000,6.0000,95.00,95.00,90.00,90.00,65535,65535,65535,1500,1,11,40.4365723,-86.8936662,200.400,-0.187,0.199,0.000
52884,20334,18251,15201,0,0,0.55665,-2.74256,8.50420,-0.037284,0.020240,0.121440,-11.024,-4.602,-101.319,-27.7095,5.6929,4.4628,-609.0925,65.7738,370.7547,0.0060424,-0.0261395,0.0281478,0.000000,0.000000,0.000000,0.00000,0.00000,0.000,0.000,0.000,0.000,0.000,-6.0000,0.0000,0.0000,6.0000,95.00,95.00,90.00,90.00,65535,65535,65535,1500,1,11,40.4365717,-86.8936658,200.300,-0.262,0.208,0.000
52931,25879,15691,12644,0,0,1.08936,-2.71622,7.38013,-0.044741,0.039415,0.104396,-10.842,-3.683,-100.214,-27.3108,5.3681,4.4074,-605.1601,64.4559,371.0119,0.0057131,-0.0266752,0.0277098,0.000000,0.000000,0.000000,0.00000,0.00000,0.000,0.000,0.000,0.000,0.000,-6.0000,0.0000,0.0000,6.0000,95.00,95.00,90.00,90.00,65535,65535,65535,1500,1,11,40.4365717,-86.8936658,200.300,-0.262,0.208,0.000
52983,26658,18218,15206,0,0,1.32160,-3.01669,8.93636,-0.003196,0.044741,0.086286,-10.911,-3.828,-100.230,-27.4167,5.4421,4.3749,-607.7479,65.1001,371.2187,0.0057430,-0.0263994,0.0278048,0.000000,0.000000,0.000000,0.00000,0.00000,0.000,0.000,0.000,0.000,0.000,-6.0000,0.0000,0.0000,6.0000,95.00,95.00,90.00,90.00,65535,65535,65535,1500,1,11,40.4365715,-86.8936657,200.300,-0.211,0.180,0.000
53057,43297,24977,15397,0,0,1.21147,-0.99000,8.54251,0.040480,0.039415,0.055394,-10.427,-3.975,-100.942,-27.8044,5.7056,4.3167,-614.9423,67.0210,371.4839,0.0055066,-0.0261640,0.0281735,0.000000,0.000000,0.000000,0.00000,0.00000,0.000,0.000,0.000,0.000,0.000,-6.0000,0.0000,0.0000,6.0000,95.00,95.00,90.00,90.00,65535,65535,65535,1500,1,11,40.4365715,-86.8936657,200.300,-0.211,0.180,0.000
53088,31718,24438,21436,0,0,0.52553,-1.61968,9.29070,0.023436,0.057524,0.079895,-10.373,-3.777,-100.879,-27.8033,5.7048,4.3052,-615.8391,67.2023,371.6207,0.0054843,-0.0261938,0.0281720,0.000000,0.000000,0.000000,0.00000,0.00000,0.000,0.000,0.000,0.000,0.000,-6.0000,0.0000,0.0000,6.0000,95.00,95.00,90.00,90.00,65535,65535,65535,1500,1,11,40.4365710,-86.8936652,200.300,-0.211,0.180,0.000
53138,25442,17654,14623,0,0,-0.05148,-3.56856,7.38372,0.077764,0.042611,0.075634,-11.496,-2.292,-96.832,-25.9091,4.3757,4.2767,-591.7693,60.0153,372.0040,0.0064680,-0.0265652,0.0263806,0.000000,0.000000,0.000000,0.00000,0.00000,0.000,0.000,0.000,0.000,0.000,-6.0000,0.0000,0.0000,6.0000,95.00,95.00,90.00,90.00,65535,65535,65535,1500,1,11,40.4365710,-86.8936652,200.300,-0.211,0.180,0.000
53204,39670,26690,18744,0,0,0.84036,-0.39744,8.82862,0.071373,0.061785,0.024501,-10.989,-2.186,-97.920,-26.3699,4.7027,4.2545,-599.7488,62.1763,372.2144,0.0062357,-0.0265886,0.0268373,0.000000,0.000000,0.000000,0.00000,0.00000,0.000,0.000,0.000,0.000,0.000,-6.0000,0.0000,0.0000,6.0000,95.00,95.00,90.00,90.00,65535,65535,65535,1500,1,11,40.4365708,-86.8936653,200.300,-0.173,0.129,0.000
53236,33592,24997,21992,0,0,1.31681,-2.97240,9.34457,0.210922,0.082025,0.028762,-10.959,-2.227,-97.658,-26.2572,4.6168,4.2546,-598.7091,61.8115,372.3657,0.0065463,-0.0263131,0.0267334,0.000000,0.000000,0.000000,0.00000,0.00000,0.000,0.000,0.000,0.000,0.000,-6.0000,0.0000,0.0000,6.0000,95.00,95.00,90.00,90.00,65535,65535,65535,1500,1,11,40.4365708,-86.8936653,200.300,-0.173,0.129,0.000
53287,25232,15731,12666,0,0,0.28850,-1.43652,7.33105,-0.067112,0.115049,0.015979,-10.902,-2.316,-98.971,-26.8561,5.0474,4.1415,-608.3151,64.5068,372.5731,0.0064206,-0.0261288,0.0273144,0.000000,0.000000,0.000000,0.00000,0.00000,0.000,0.000,0.000,0.000,0.000,-6.0000,0.0000,0.0000,6.0000,95.00,95.00,90.00,90.00,65535,65535,65535,1500,1,11,40.4365708,-86.8936653,200.300,-0.173,0.129,0.000
53332,19738,18199,15149,0,0,0.05986,-0.59855,8.46949,0.105461,0.067112,0.015979,-10.732,-2.267,-99.501,-27.0811,5.2030,4.1486,-612.3074,65.5870,372.7320,0.0063842,-0.0260579,0.0275226,0.000000,0.000000,0.000000,0.00000,0.00000,0.000,0.000,0.000,0.000,0.000,-6.0000,0.0000,0.0000,6.0000,95.00,95.00,90.00,90.00,65535,65535,65535,1500,1,11,40.4365710,-86.8936653,200.200,-0.173,0.129,0.000
53400,19759,18171,15166,0,0,0.74101,-2.20027,10.41119,-0.011718,0.058590,-0.007457,-10.960,-2.270,-99.109,-26.8750,5.0258,4.1108,-611.0109,65.0428,373.0255,0.0066825,-0.0256450,0.0273261,0.000000,0.000000,0.000000,0.00000,0.00000,0.000,0.000,0.000,0.000,0.000,-6.0000,0.0000,0.0000,6.0000,95.00,95.00,90.00,90.00,65535,65535,65535,1500,1,11,40.4365712,-86.8936653,200.200,-0.173,0.129,0.000
53448,23527,18261,15217,0,0,0.66319,-2.24217,9.84017,0.022371,0.052198,-0.011718,-10.968,-2.118,-98.910,-26.7218,4.9554,4.0652,-610.2906,64.6838,373.2316,0.0067701,-0.0255637,0.0271880,0.000000,0.000000,0.000000,0.00000,0.00000,0.000,0.000,0.000,0.000,0.000,-6.0000,0.0000,0.0000,6.0000,95.00,95.00,90.00,90.00,65535,65535,65535,1500,1,11,40.4365712,-86.8936653,200.200,-0.173,0.129,0.000
53500,24404,18262,15238,0,0,0.59017,-2.69827,9.44632,0.139550,0.015979,-0.009587,-11.085,-1.786,-97.703,-26.0499,4.5237,4.0037,-603.5209,62.4516,373.4894,0.0069985,-0.0254947,0.0266120,0.000000,0.000000,0.000000,0.00000,0.00000,0.000,0.000,0.000,0.000,0.000,-6.0000,0.0000,0.0000,6.0000,95.00,95.00,90.00,90.00,65535,65535,65535,1500,1,11,40.4365710,-86.8936648,200.200,-0.173,0.129,0.000
53540,24363,33359,30337,0,0,0.66200,-2.45286,8.85376,0.058590,-0.022371,-0.035154,-11.298,-1.755,-96.943,-25.6693,4.2513,3.9913,-598.9349,60.9774,373.6158,0.0071949,-0.0253802,0.0262517,0.000000,0.000000,0.000000,0.00000,0.00000,0.000,0.000,0.000,0.000,0.000,-6.0000,0.0000,0.0000,6.0000,95.00,95.00,90.00,90.00,65535,65535,65535,1500,1,11,40.4365710,-86.8936648,200.200,-0.173,0.129,0.000
53601,37160,18381,15335,0,0,-0.05267,-3.00233,9.12909,0.011718,-0.046872,-0.041545,-11.429,-0.762,-94.386,-24.3786,3.2905,3.9410,-583.3930,55.8162,374.0202,0.0073335,-0.0258413,0.0249786,0.000000,0.000000,0.000000,0.00000,0.00000,0.000,0.000,0.000,0.000,0.000,-6.0000,0.0000,0.0000,6.0000,95.00,95.00,90.00,90.00,65535,65535,65535,1500,1,11,40.4365708,-86.8936643,200.200,-0.169,0.126,0.000
53632,24584,24951,21918,0,0,-0.11253,-0.65003,9.56005,-0.028762,-0.042611,-0.025566,-11.017,-1.021,-95.907,-25.0426,3.7775,3.9282,-593.1878,58.7255,374.0655,0.0070064,-0.0259126,0.0256096,0.000000,0.000000,0.000000,0.00000,0.00000,0.000,0.000,0.000,0.000,0.000,-6.0000,0.0000,0.0000,6.0000,95.00,95.00,90.00,90.00,65535,65535,65535,1500,1,11,40.4365708,-86.8936643,200.200,-0.169,0.126,0.000
53687,30251,18253,12700,0,0,0.29688,-2.66116,6.36020,0.077764,-0.067112,-0.061785,-10.967,-0.346,-94.785,-24.4416,3.2849,3.8252,-586.1323,56.1962,374.3564,0.0069138,-0.0264323,0.0249671,0.000000,0.000000,0.000000,0.00000,0.00000,0.000,0.000,0.000,0.000,0.000,-6.0000,0.0000,0.0000,6.0000,95.00,95.00,90.00,90.00,65535,65535,65535,1500,1,11,40.4365713,-86.8936647,200.200,-0.144,0.108,0.000
53731,19712,18190,15176,0,0,2.47920,-2.38462,9.50019,-0.071373,-0.009587,-0.054328,-10.993,-1.547,-96.877,-25.3512,4.0010,3.8007,-599.5526,60.2990,374.4509,0.0069211,-0.0257593,0.0258681,0.000000,0.000000,0.000000,0.00000,0.00000,0.000,0.000,0.000,0.000,0.000,-6.0000,0.0000,0.0000,6.0000,95.00,95.00,90.00,90.00,65535,65535,65535,1500,1,11,40.4365713,-86.8936647,200.200,-0.144,0.108,0.000
53782,26447,18245,15194,0,0,0.63446,-3.80319,9.85453,-0.105461,-0.028762,-0.053263,-11.067,-2.341,-98.394,-25.9693,4.4730,3.7661,-609.0070,63.1348,374.5934,0.0069249,-0.0253094,0.0264615,0.000000,0.000000,0.000000,0.00000,0.00000,0.000,0.000,0.000,0.000,0.000,-6.0000,0.0000,0.0000,6.0000,95.00,95.00,90.00,90.00,65535,65535,65535,1500,1,11,40.4365712,-86.8936642,200.200,-0.144,0.108,0.000
53832,25871,18268,15220,0,0,0.07063,-3.62482,9.75877,0.084156,-0.030893,-0.073503,-11.312,-1.876,-97.299,-25.3316,3.9853,3.7593,-601.3041,60.5068,374.8336,0.0072035,-0.0255379,0.0258483,0.000000,0.000000,0.000000,0.00000,0.00000,0.000,0.000,0.000,0.000,0.000,-6.0000,0.0000,0.0000,6.0000,95.00,95.00,90.00,90.00,65535,65535,65535,1500,1,11,40.4365712,-86.8936642,200.200,-0.144,0.108,0.000
53883,26469,18245,15197,0,0,-0.08021,-1.84354,9.24521,-0.005326,-0.024501,-0.049002,-10.900,-1.707,-97.990,-25.5437,4.1290,3.7119,-605.7628,61.6517,375.0078,0.0068567,-0.0257974,0.0260281,0.000000,0.000000,0.000000,0.00000,0.00000,0.000,0.000,0.000,0.000,0.000,-6.0000,0.0000,0.0000,6.0000,95.00,95.00,90.00,90.00,65535,65535,65535,1500,1,11,40.4365712,-86.8936640,200.200,-0.116,0.086,0.000
53950,19026,18099,15094,0,0,-0.47764,-2.14281,8.52815,0.052198,0.002131,-0.086286,-10.642,-2.207,-99.112,-25.9135,4.4140,3.6931,-612.6171,63.6052,375.2258,0.0067919,-0.0254859,0.0263884,0.000000,0.000000,0.000000,0.00000,0.00000,0.000,0.000,0.000,0.000,0.000,-6.0000,0.0000,0.0000,6.0000,95.00,95.00,90.00,90.00,65535,65535,65535,1500,1,11,40.4365712,-86.8936640,200.200,-0.116,0.086,0.000
54001,26515,18284,15225,0,0,-0.92656,-1.18513,10.09276,0.020240,-0.019175,-0.066046,-10.893,-1.690,-98.449,-25.4691,4.0729,3.7137,-607.7631,61.8122,375.4499,0.0068982,-0.0258143,0.0259580,0.000000,0.000000,0.000000,0.00000,0.00000,0.000,0.000,0.000,0.000,0.000,-6.0000,0.0000,0.0000,6.0000,95.00,95.00,90.00,90.00,65535,65535,65535,1500,1,11,40.4365705,-86.8936637,200.300,-0.021,0.015,0.000
54040,24479,33353,30358,0,0,1.32160,-3.63081,9.46308,-0.038350,0.012783,-0.054328,-11.458,-1.798,-97.827,-25.1478,3.8325,3.7219,-603.5382,60.4122,375.5665,0.0073124,-0.0255675,0.0256627,0.000000,0.000000,0.000000,0.00000,0.00000,0.000,0.000,0.000,0.000,0.000,-6.0000,0.0000,0.0000,6.0000,95.00,95.00,90.00,90.00,65535,65535,65535,1500,1,11,40.4365705,-86.8936637,200.300,-0.021,0.015,0.000
54105,43415,20426,17408,0,0,0.59137,0.82720,8.91002,-0.011718,-0.039415,-0.024501,-10.760,-2.642,-99.817,-25.9167,4.4339,3.6338,-617.0541,64.4573,375.7874,0.0067969,-0.0251584,0.0264218,0.000000,0.000000,0.000000,0.00000,0.00000,0.000,0.000,0.000,0.000,0.000,-6.0000,0.0000,0.0000,6.0000,95.00,95.00,90.00,90.00,65535,65535,65535,1500,1,11,40.4365705,-86.8936637,200.300,-0.041,0.031,0.000
54141,30443,25679,16106,0,0,0.76854,-2.62045,9.33499,-0.028762,-0.014914,-0.070307,-11.077,-2.676,-99.586,-25.7436,4.2998,3.6315,-615.1951,63.7564,375.9123,0.0070032,-0.0250768,0.0262580,0.000000,0.000000,0.000000,0.00000,0.00000,0.000,0.000,0.000,0.000,0.000,-6.0000,0.0000,0.0000,6.0000,95.00,95.00,90.00,90.00,65535,65535,65535,1500,1,11,40.4365705,-86.8936637,200.300,-0.041,0.031,0.000
54183,17592,18242,15205,0,0,0.53032,-3.04662,9.84256,-0.105461,-0.015979,-0.046872,-11.368,-2.740,-99.338,-25.4647,4.1383,3.5684,-613.3234,62.9748,376.1068,0.0072727,-0.0250757,0.0260711,0.000000,0.000000,0.000000,0.00000,0.00000,0.000,0.000,0.000,0.000,0.000,-6.0000,0.0000,0.0000,6.0000,95.00,95.00,90.00,90.00,65535,65535,65535,1500,1,11,40.4365707,-86.8936638,200.300,0.094,0.159,0.000
54252,39542,22345,19315,0,0,0.19154,-2.60250,8.87171,0.009587,-0.001065,-0.037284,-10.713,-2.633,-100.285,-25.7971,4.3742,3.5188,-619.8873,64.7730,376.3103,0.0067436,-0.0252616,0.0263473,0.000000,0.000000,0.000000,0.00000,0.00000,0.000,0.000,0.000,0.000,0.000,-6.0000,0.0000,0.0000,6.0000,95.00,95.00,90.00,90.00,65535,65535,65535,1500,1,11,40.4365707,-86.8936638,200.200,0.094,0.159,0.000
54300,24152,18276,15249,0,0,-0.58778,-3.08972,8.65983,-0.043676,-0.054328,-0.030893,-11.259,-2.201,-99.744,-25.4351,4.0774,3.4249,-615.7770,63.2173,376.5231,0.0071310,-0.0255747,0.0260130,0.000000,0.000000,0.000000,0.00000,0.00000,0.000,0.000,0.000,0.000,0.000,-6.0000,0.0000,0.0000,6.0000,95.00,95.00,90.00,90.00,65535,65535,65535,1500,1,11,40.4365707,-86.8936640,200.200,0.236,0.017,0.000
54360,34372,24132,15323,0,0,1.30963,-1.17675,8.72327,-0.093743,-0.003196,-0.037284,-10.568,-2.496,-100.735,-25.8637,4.3760,3.3718,-623.6147,65.4823,376.6721,0.0064005,-0.0254448,0.0263659,0.000000,0.000000,0.000000,0.00000,0.00000,0.000,0.000,0.000,0.000,0.000,-6.0000,0.0000,0.0000,6.0000,95.00,95.00,90.00,90.00,65535,65535,65535,1500,1,11,40.4365707,-86.8936640,200.200,0.236,0.017,0.000
54385,30533,18770,15718,0,0,0.22865,-0.85593,9.90721,-0.063916,-0.007457,-0.012783,-10.369,-2.488,-101.219,-26.0442,4.5169,3.3737,-627.2292,66.5273,376.7600,0.0061445,-0.0254939,0.0265355,0.000000,0.000000,0.000000,0.00000,0.00000,0.000,0.000,0.000,0.000,0.000,-6.0000,0.0000,0.0000,6.0000,95.00,95.00,90.00,90.00,65535,65535,65535,1500,1,11,40.4365707,-86.8936640,200.200,0.236,0.017,0.000
54436,25995,18271,15221,0,0,0.01317,-2.33794,9.29070,0.045806,0.009587,-0.022371,-10.867,-2.042,-100.907,-25.7914,4.3253,3.3846,-624.6097,65.4798,376.9556,0.0065713,-0.0257733,0.0263173,0.000000,0.000000,0.000000,0.00000,0.00000,0.000,0.000,0.000,0.000,0.000,-6.0000,0.0000,0.0000,6.0000,95.00,95.00,90.00,90.00,65535,65535,65535,1500,1,11,40.4365703,-86.8936638,200.200,0.210,0.015,0.000
54484,26112,15745,12671,0,0,0.02394,-0.02274,7.83981,0.021305,-0.029827,-0.015979,-11.200,-1.963,-100.591,-25.5572,4.1739,3.3273,-622.9896,64.7354,377.1419,0.0068094,-0.0257629,0.0261372,0.000000,0.000000,0.000000,0.00000,0.00000,0.000,0.000,0.000,0.000,0.000,-6.0000,0.0000,0.0000,6.0000,95.00,95.00,90.00,90.00,65535,65535,65535,1500,1,11,40.4365703,-86.8936638,200.200,0.210,0.015,0.000
54552,39474,21574,18556,0,0,0.64524,-1.34195,8.63828,-0.068177,-0.051133,-0.009587,-11.723,-2.041,-100.126,-25.2954,3.9680,3.3005,-620.7985,63.7269,377.3690,0.0070409,-0.0256446,0.0258898,0.000000,0.000000,0.000000,0.00000,0.00000,0.000,0.000,0.000,0.000,0.000,-6.0000,0.0000,0.0000,6.0000,95.00,95.00,90.00,90.00,65535,65535,65535,1500,1,11,40.4365697,-86.8936633,200.300,0.210,0.015,0.000
54587,31633,24819,16534,0,0,0.95648,-0.29688,9.63786,0.045806,-0.037284,-0.040480,-11.119,-2.337,-100.571,-25.4717,4.1013,3.2913,-624.6026,64.8096,377.4584,0.0065927,-0.0254654,0.0260393,0.000000,0.000000,0.000000,0.00000,0.00000,0.000,0.000,0.000,0.000,0.000,-6.0000,0.0000,0.0000,6.0000,95.00,95.00,90.00,90.00,65535,65535,65535,1500,1,11,40.4365697,-86.8936633,200.300,0.210,0.015,0.000
54640,28200,18270,15200,0,0,0.66918,0.44412,9.32901,-0.003196,-0.037284,-0.014914,-10.865,-2.810,-100.502,-25.4377,4.0570,3.2720,-625.6312,64.8627,377.6594,0.0064522,-0.0250734,0.0259755,0.000000,0.000000,0.000000,0.00000,0.00000,0.000,0.000,0.000,0.000,0.000,-6.0000,0.0000,0.0000,6.0000,95.00,95.00,90.00,90.00,65535,65535,65535,1500,1,11,40.4365693,-86.8936632,200.200,0.210,0.015,0.000
54691,26456,18254,15228,0,0,1.04866,-1.32878,8.52695,-0.042611,-0.040480,-0.028762,-11.308,-3.355,-99.888,-25.1584,3.8442,3.2286,-622.8546,63.6973,377.8479,0.0066797,-0.0245257,0.0257005,0.000000,0.000000,0.000000,0.00000,0.00000,0.000,0.000,0.000,0.000,0.000,-6.0000,0.0000,0.0000,6.0000,95.00,95.00,90.00,90.00,65535,65535,65535,1500,1,11,40.4365692,-86.8936630,200.200,0.259,-0.138,0.000
54741,25837,18220,15197,0,0,-0.09697,-2.05782,9.36971,-0.085221,-0.062851,-0.039415,-11.973,-3.480,-99.845,-25.0368,3.7665,3.1948,-622.0241,63.2657,378.0178,0.0071684,-0.0244865,0.0256215,0.000000,0.000000,0.000000,0.00000,0.00000,0.000,0.000,0.000,0.000,0.000,-6.0000,0.0000,0.0000,6.0000,95.00,95.00,90.00,90.00,65535,65535,65535,1500,1,11,40.4365692,-86.8936630,200.200,0.259,-0.138,0.000
54792,24366,19994,15310,0,0,-0.03950,-1.65080,10.27232,0.010653,-0.040480,-0.024501,-11.864,-3.261,-100.472,-25.2198,3.9179,3.2236,-625.8613,64.3654,378.1585,0.0071162,-0.0248479,0.0258132,0.000000,0.000000,0.000000,0.00000,0.00000,0.000,0.000,0.000,0.000,0.000,-6.0000,0.0000,0.0000,6.0000,95.00,95.00,90.00,90.00,65535,65535,65535,1500,1,11,40.4365683,-86.8936625,200.200,0.141,-0.075,0.000
54842,25838,18220,15192,0,0,0.91937,-2.36188,9.20211,0.089482,-0.029827,0.001065,-11.426,-3.311,-100.579,-25.2516,3.9320,3.1724,-627.8004,64.7325,378.3230,0.0068794,-0.0248809,0.0258229,0.000000,0.000000,0.000000,0.00000,0.00000,0.000,0.000,0.000,0.000,0.000,-6.0000,0.0000,0.0000,6.0000,95.00,95.00,90.00,90.00,65535,65535,65535,1500,1,11,40.4365683,-86.8936625,200.200,0.141,-0.075,0.000
54893,26547,18243,15207,0,0,1.74777,-2.40258,9.92157,0.002131,-0.030893,-0.009587,-10.867,-3.636,-100.086,-25.0944,3.7702,3.1511,-627.3193,64.1431,378.4995,0.0062712,-0.0245538,0.0255949,0.000000,0.000000,0.000000,0.00000,0.00000,0.000,0.000,0.000,0.000,0.000,-6.0000,0.0000,0.0000,6.0000,95.00,95.00,90.00,90.00,65535,65535,65535,1500,1,11,40.4365677,-86.8936620,200.200,0.068,-0.036,0.000
54944,26032,18256,15205,0,0,1.61848,-1.66996,9.79588,-0.051133,-0.003196,0.008522,-10.390,-3.706,-99.578,-24.9011,3.5851,3.1584,-626.5356,63.4144,378.6771,0.0056165,-0.0243635,0.0253405,0.000000,0.000000,0.000000,0.00000,0.00000,0.000,0.000,0.000,0.000,0.000,-6.0000,0.0000,0.0000,6.0000,95.00,95.00,90.00,90.00,65535,65535,65535,1500,1,11,40.4365677,-86.8936620,200.200,0.068,-0.036,0.000
55002,30610,22088,15300,0,0,0.09218,-2.06141,8.71849,-0.003196,-0.050067,-0.006392,-10.184,-3.645,-99.840,-24.9747,3.6387,3.1191,-629.1622,64.0001,378.8444,0.0053390,-0.0244759,0.0253949,0.000000,0.000000,0.000000,0.00000,0.00000,0.000,0.000,0.000,0.000,0.000,-6.0000,0.0000,0.0000,6.0000,95.00,95.00,90.00,90.00,65535,65535,65535,1500,1,11,40.4365670,-86.8936617,200.200,0.163,-0.087,0.000
55042,28420,33374,30317,0,0,1.06901,0.07183,8.13909,0.001065,-0.018109,-0.024501,-9.704,-3.757,-99.439,-24.8143,3.4885,3.0719,-628.0568,63.3145,378.9478,0.0048599,-0.0242996,0.0251892,0.000000,0.000000,0.000000,0.00000,0.00000,0.000,0.000,0.000,0.000,0.000,-6.0000,0.0000,0.0000,6.0000,95.00,95.00,90.00,90.00,65535,65535,65535,1500,1,11,40.4365670,-86.8936617,200.200,0.163,-0.087,0.000
55101,39628,18385,15323,0,0,1.46884,-3.30280,7.22929,0.098004,-0.023436,-0.025566,-10.403,-4.007,-100.059,-24.9992,3.6500,2.9396,-631.4254,64.3610,379.1543,0.0056510,-0.0242146,0.0254174,0.000000,0.000000,0.000000,0.00000,0.00000,0.000,0.000,0.000,0.000,0.000,-6.0000,0.0000,0.0000,6.0000,95.00,95.00,90.00,90.00,65535,65535,65535,1500,1,11,40.4365663,-86.8936612,200.200,0.113,-0.061,0.000
55132,24467,25011,21975,0,0,-0.00718,-1.90219,8.50540,-0.037284,-0.043676,-0.015979,-10.545,-3.894,-100.409,-25.1014,3.7384,2.9113,-633.4060,64.9790,379.2165,0.0057526,-0.0243971,0.0255335,0.000000,0.000000,0.000000,0.00000,0.00000,0.000,0.000,0.000,0.000,0.000,-6.0000,0.0000,0.0000,6.0000,95.00,95.00,90.00,90.00,65535,65535,65535,1500,1,11,40.4365663,-86.8936612,200.200,0.113,-0.061,0.000
55183,31057,18230,15199,0,0,-0.15802,-1.85551,9.94551,-0.029827,-0.029827,-0.019175,-11.080,-3.863,-100.990,-25.2530,3.8896,2.9050,-636.5606,65.9577,379.3677,0.0062254,-0.0245276,0.0257270,0.000000,0.000000,0.000000,0.00000,0.00000,0.000,0.000,0.000,0.000,0.000,-6.0000,0.0000,0.0000,6.0000,95.00,95.00,90.00,90.00,65535,65535,65535,1500,1,11,40.4365658,-86.8936610,200.200,0.077,-0.041,0.000
55233,21749,18146,15133,0,0,-0.02634,-1.34913,10.40041,-0.002131,-0.026632,-0.009587,-11.140,-3.960,-100.998,-25.2285,3.8645,2.9070,-637.3433,65.9951,379.5152,0.0063006,-0.0244373,0.0257017,0.000000,0.000000,0.000000,0.00000,0.00000,0.000,0.000,0.000,0.000,0.000,-6.0000,0.0000,0.0000,6.0000,95.00,95.00,90.00,90.00,65535,65535,65535,1500,1,11,40.4365658,-86.8936610,200.200,0.077,-0.041,0.000
55301,40289,22122,19064,0,0,0.05148,-0.84994,10.65300,0.000000,-0.041545,-0.013848,-10.722,-3.688,-101.271,-25.2677,3.9120,2.9351,-640.2446,66.6086,379.6989,0.0059055,-0.0247475,0.0257431,0.000000,0.000000,0.000000,0.00000,0.00000,0.000,0.000,0.000,0.000,0.000,-6.0000,0.0000,0.0000,6.0000,95.00,95.00,90.00,90.00,65535,65535,65535,1500,1,11,40.4365652,-86.8936608,200.200,0.127,-0.068,0.000
55349,23444,18255,15227,0,0,0.69312,-0.96965,10.13466,-0.012783,-0.030893,-0.005326,-10.649,-3.681,-101.214,-25.2669,3.8801,2.9902,-641.0013,66.5349,379.8579,0.0056478,-0.0247331,0.0256692,0.000000,0.000000,0.000000,0.00000,0.00000,0.000,0.000,0.000,0.000,0.000,-6.0000,0.0000,0.0000,6.0000,95.00,95.00,90.00,90.00,65535,65535,65535,1500,1,11,40.4365652,-86.8936608,200.200,0.127,-0.068,0.000
55400,26249,18224,15210,0,0,0.46208,-1.01754,9.62828,0.072438,-0.047937,-0.001065,-10.615,-3.686,-101.420,-25.3086,3.9199,2.9816,-642.8480,66.9640,380.0069,0.0057339,-0.0248043,0.0257206,0.000000,0.000000,0.000000,0.00000,0.00000,0.000,0.000,0.000,0.000,0.000,-6.0000,0.0000,0.0000,6.0000,95.00,95.00,90.00,90.00,65535,65535,65535,1500,1,11,40.4365650,-86.8936608,200.200,0.150,-0.080,0.000
55434,28242,23698,15374,0,0,-0.21428,-3.90734,8.19416,0.029827,-0.013848,-0.018109,-11.272,-3.554,-102.184,-25.5388,4.1448,2.9505,-646.2885,68.2925,380.0681,0.0064296,-0.0250442,0.0260086,0.000000,0.000000,0.000000,0.00000,0.00000,0.000,0.000,0.000,0.000,0.000,-6.0000,0.0000,0.0000,6.0000,95.00,95.00,90.00,90.00,65535,65535,65535,1500,1,11,40.4365650,-86.8936608,200.200,0.150,-0.080,0.000
55485,26701,18245,15214,0,0,-0.23703,-2.57856,9.40682,-0.053263,-0.019175,0.014914,-11.313,-3.388,-102.466,-25.6239,4.2196,2.9192,-649.0618,69.0135,380.2265,0.0063488,-0.0252232,0.0260970,0.000000,0.000000,0.000000,0.00000,0.00000,0.000,0.000,0.000,0.000,0.000,-6.0000,0.0000,0.0000,6.0000,95.00,95.00,90.00,90.00,65535,65535,65535,1500,1,11,40.4365645,-86.8936605,200.200,0.159,-0.085,0.000
55553,39549,21962,18942,0,0,0.69791,-2.01352,9.78151,0.039415,0.003196,-0.004261,-11.313,-3.456,-102.361,-25.5522,4.1544,2.9424,-649.5923,68.8691,380.4204,0.0063950,-0.0250757,0.0260207,0.000000,0.000000,0.000000,0.00000,0.00000,0.000,0.000,0.000,0.000,0.000,-6.0000,0.0000,0.0000,6.0000,95.00,95.00,90.00,90.00,65535,65535,65535,1500,1,11,40.4365645,-86.8936605,200.200,0.159,-0.085,0.000
55590,29021,29930,26937,0,0,1.78009,-1.62327,8.41921,-0.052198,0.014914,-0.012783,-11.416,-3.716,-101.865,-25.3552,3.9762,2.9106,-647.4821,67.8799,380.5234,0.0063611,-0.0247038,0.0258059,0.000000,0.000000,0.000000,0.00000,0.00000,0.000,0.000,0.000,0.000,0.000,-6.0000,0.0000,0.0000,6.0000,95.00,95.00,90.00,90.00,65535,65535,65535,1500,1,11,40.4365640,-86.8936605,200.200,0.118,-0.063,0.000
55645,28687,24962,15314,0,0,-0.61651,0.93015,9.18176,-0.095874,-0.042611,-0.009587,-10.913,-3.638,-102.393,-25.5310,4.1193,2.8548,-651.9894,69.1655,380.6807,0.0057498,-0.0248241,0.0259664,0.000000,0.000000,0.000000,0.00000,0.00000,0.000,0.000,0.000,0.000,0.000,-6.0000,0.0000,0.0000,6.0000,95.00,95.00,90.00,90.00,65535,65535,65535,1500,1,11,40.4365640,-86.8936605,200.200,0.118,-0.063,0.000
55696,25910,18254,15209,0,0,0.72065,-0.71347,8.65504,-0.040480,-0.043676,-0.028762,-10.977,-3.965,-102.010,-25.3415,3.9308,2.8387,-650.4583,68.2307,380.8644,0.0058038,-0.0245165,0.0257485,0.000000,0.000000,0.000000,0.00000,0.00000,0.000,0.000,0.000,0.000,0.000,-6.0000,0.0000,0.0000,6.0000,95.00,95.00,90.00,90.00,65535,65535,65535,1500,1,11,40.4365633,-86.8936603,200.200,0.163,-0.087,0.000
55748,28348,18256,15195,0,0,0.90860,-2.22541,8.92558,0.076699,-0.041545,-0.028762,-11.432,-4.230,-101.974,-25.2591,3.8720,2.8204,-650.1861,67.9369,381.0201,0.0063415,-0.0243226,0.0256893,0.000000,0.000000,0.000000,0.00000,0.00000,0.000,0.000,0.000,0.000,0.000,-6.0000,0.0000,0.0000,6.0000,95.00,95.00,90.00,90.00,65535,65535,65535,1500,1,11,40.4365633,-86.8936603,200.200,0.163,-0.087,0.000
55797,25946,15705,12677,0,0,0.93374,-2.36188,7.57047,0.053263,-0.026632,-0.035154,-11.764,-4.381,-101.989,-25.2296,3.8314,2.7466,-650.5787,67.8406,381.1667,0.0065887,-0.0242046,0.0256502,0.000000,0.000000,0.000000,0.00000,0.00000,0.000,0.000,0.000,0.000,0.000,-6.0000,0.0000,0.0000,6.0000,95.00,95.00,90.00,90.00,65535,65535,65535,1500,1,11,40.4365630,-86.8936600,200.300,0.186,-0.100,0.000
55855,29289,22913,15316,0,0,1.53588,-0.85952,9.41161,0.045806,0.002131,-0.047937,-10.894,-4.392,-102.014,-25.2101,3.7811,2.7108,-651.9817,67.9141,381.3098,0.0058652,-0.0241230,0.0255833,0.000000,0.000000,0.000000,0.00000,0.00000,0.000,0.000,0.000,0.000,0.000,-6.0000,0.0000,0.0000,6.0000,95.00,95.00,90.00,90.00,65535,65535,65535,1500,1,11,40.4365630,-86.8936600,200.300,0.186,-0.100,0.000
55881,29817,18750,15711,0,0,-0.01197,-1.71425,10.28788,0.105461,-0.019175,-0.027697,-10.650,-4.182,-102.153,-25.2147,3.7875,2.7282,-652.9288,68.0661,381.3905,0.0058032,-0.0243252,0.0255854,0.000000,0.000000,0.000000,0.00000,0.00000,0.000,0.000,0.000,0.000,0.000,-6.0000,0.0000,0.0000,6.0000,95.00,95.00,90.00,90.00,65535,65535,65535,1500,1,11,40.4365627,-86.8936597,200.300,0.186,-0.100,0.000
55931,25905,18250,15217,0,0,0.11013,-1.82797,10.40520,0.019175,-0.043676,-0.037284,-10.822,-3.947,-102.592,-25.2875,3.8563,2.7596,-655.2868,68.6834,381.5232,0.0058680,-0.0246488,0.0256662,0.000000,0.000000,0.000000,0.00000,0.00000,0.000,0.000,0.000,0.000,0.000,-6.0000,0.0000,0.0000,6.0000,95.00,95.00,90.00,90.00,65535,65535,65535,1500,1,11,40.4365627,-86.8936597,200.300,0.186,-0.100,0.000
55983,26625,18268,15237,0,0,0.16999,-1.09894,9.56124,0.034088,0.084156,-0.044741,-10.670,-3.583,-103.132,-25.3968,3.9538,2.7468,-658.3166,69.5441,381.6547,0.0057395,-0.0249169,0.0257797,0.000000,0.000000,0.000000,0.00000,0.00000,0.000,0.000,0.000,0.000,0.000,-6.0000,0.0000,0.0000,6.0000,95.00,95.00,90.00,90.00,65535,65535,65535,1500,1,11,40.4365620,-86.8936592,200.300,0.127,-0.068,0.000
56050,34333,26408,18404,0,0,0.20351,-2.10450,8.28274,0.080960,0.346211,-0.014914,-10.599,-2.727,-102.662,-25.0901,3.6673,2.7096,-655.2117,67.9013,381.8445,0.0058988,-0.0246340,0.0254457,0.000000,0.000000,0.000000,0.00000,0.00000,0.000,0.000,0.000,0.000,0.000,-6.0000,0.0000,0.0000,6.0000,95.00,95.00,90.00,90.00,65535,65535,65535,1500,1,11,40.4365620,-86.8936592,200.300,0.127,-0.068,0.000
56086,37075,26112,16484,0,0,1.49039,-0.25498,8.75320,-0.006392,0.367516,-0.012783,-9.960,-2.831,-105.852,-26.2714,4.7907,2.6620,-673.1978,75.2887,381.8314,0.0056272,-0.0242549,0.0267588,0.000000,0.000000,0.000000,0.00000,0.00000,0.000,0.000,0.000,0.000,0.000,-6.0000,0.0000,0.0000,6.0000,95.00,95.00,90.00,90.00,65535,65535,65535,1500,1,11,40.4365615,-86.8936592,200.300,0.127,-0.068,0.000
56136,25284,17693,14653,0,0,0.15083,-2.19309,9.80426,-0.080960,0.266316,-0.024501,-10.232,-1.769,-105.303,-25.9167,4.4483,2.6606,-669.5741,73.3845,382.0186,0.0056859,-0.0241787,0.0263662,0.000000,0.000000,0.000000,0.00000,0.00000,0.000,0.000,0.000,0.000,0.000,-6.0000,0.0000,0.0000,6.0000,95.00,95.00,90.00,90.00,65535,65535,65535,1500,1,11,40.4365615,-86.8936592,200.300,0.127,-0.068,0.000
56183,31460,15723,12680,0,0,-0.62010,-0.80924,7.47829,-0.137419,0.091613,-0.008522,-10.788,-1.257,-104.220,-25.4016,4.0037,2.5803,-663.8178,70.6001,382.1950,0.0057503,-0.0240839,0.0258281,0.000000,0.000000,0.000000,0.00000,0.00000,0.000,0.000,0.000,0.000,0.000,-6.0000,0.0000,0.0000,6.0000,95.00,95.00,90.00,90.00,65535,65535,65535,1500,1,11,40.4365607,-86.8936587,200.300,0.177,-0.095,0.000
56233,25854,18188,15153,0,0,1.07380,-2.67193,8.29471,-0.096939,-0.008522,-0.028762,-11.394,-1.384,-101.985,-24.5227,3.1677,2.5181,-652.2764,65.3371,382.4002,0.0057856,-0.0235202,0.0248505,0.000000,0.000000,0.000000,0.00000,0.00000,0.000,0.000,0.000,0.000,0.000,-6.0000,0.0000,0.0000,6.0000,95.00,95.00,90.00,90.00,65535,65535,65535,1500,1,11,40.4365607,-86.8936587,200.300,0.177,-0.095,0.000
56296,19101,15651,12647,0,0,1.16478,-2.59771,7.29034,0.063916,-0.141680,-0.029827,-11.259,-1.678,-103.079,-24.8934,3.4718,2.3929,-658.8925,67.7006,382.5274,0.0057791,-0.0237697,0.0252343,0.000000,0.000000,0.000000,0.00000,0.00000,0.000,0.000,0.000,0.000,0.000,-6.0000,0.0000,0.0000,6.0000,95.00,95.00,90.00,90.00,65535,65535,65535,1500,1,11,40.4365600,-86.8936580,200.300,0.118,-0.063,0.000
56335,21702,33263,30258,0,0,0.05507,-2.34751,8.98065,-0.059655,-0.182160,-0.024501,-11.566,-1.652,-102.272,-24.5575,3.1463,2.3829,-654.5413,65.6669,382.6111,0.0058871,-0.0238509,0.0248692,0.000000,0.000000,0.000000,0.00000,0.00000,0.000,0.000,0.000,0.000,0.000,-6.0000,0.0000,0.0000,6.0000,95.00,95.00,90.00,90.00,65535,65535,65535,1500,1,11,40.4365600,-86.8936580,200.300,0.118,-0.063,0.000
56395,40201,18354,15307,0,0,1.29047,-1.73460,8.52934,0.060720,-0.218379,-0.046872,-12.160,-2.566,-99.363,-23.4200,2.0099,2.3549,-639.3724,58.5693,382.8989,0.0061359,-0.0233405,0.0236037,0.000000,0.000000,0.000000,0.00000,0.00000,0.000,0.000,0.000,0.000,0.000,-6.0000,0.0000,0.0000,6.0000,95.00,95.00,90.00,90.00,65535,65535,65535,1500,1,11,40.4365595,-86.8936577,200.300,0.041,-0.022,0.000
56443,23457,18284,15229,0,0,-0.08739,-2.17872,9.74679,-0.062851,-0.220510,-0.035154,-12.361,-3.022,-99.816,-23.5608,2.1769,2.3050,-642.5533,59.5687,382.9963,0.0061629,-0.0235126,0.0237641,0.000000,0.000000,0.000000,0.00000,0.00000,0.000,0.000,0.000,0.000,0.000,-6.0000,0.0000,0.0000,6.0000,95.00,95.00,90.00,90.00,65535,65535,65535,1500,1,11,40.4365595,-86.8936577,200.300,0.041,-0.022,0.000
56495,27735,17400,12731,0,0,-1.03310,-0.82839,6.11000,0.061785,-0.166181,-0.021305,-12.365,-3.476,-99.848,-23.5369,2.2210,2.1531,-643.7998,59.6848,383.1149,0.0061629,-0.0235126,0.0237641,0.000000,0.000000,0.000000,0.00000,0.00000,0.000,0.000,0.000,0.000,0.000,-6.0000,0.0000,0.0000,6.0000,95.00,95.00,90.00,90.00,65535,65535,65535,1500,1,11,40.4365587,-86.8936573,200.300,0.132,-0.070,0.000
56534,23520,33382,30351,0,0,0.52074,-2.61686,8.96150,0.071373,-0.170442,-0.021305,-12.490,-3.703,-100.116,-23.6148,2.3090,2.1415,-645.3118,60.2555,383.1569,0.0063838,-0.0235420,0.0238756,0.000000,0.000000,0.000000,0.00000,0.00000,0.000,0.000,0.000,0.000,0.000,-6.0000,0.0000,0.0000,6.0000,95.00,95.00,90.00,90.00,65535,65535,65535,1500,1,11,40.4365587,-86.8936573,200.300,0.132,-0.070,0.000
56589,32483,18178,12799,0,0,0.00838,-1.92494,7.80390,0.074569,-0.147006,-0.018109,-12.479,-4.234,-100.165,-23.5557,2.3151,1.9728,-646.9493,60.4156,383.2991,0.0063838,-0.0235420,0.0238756,0.000000,0.000000,0.000000,0.00000,0.00000,0.000,0.000,0.000,0.000,0.000,-6.0000,0.0000,0.0000,6.0000,95.00,95.00,90.00,90.00,65535,65535,65535,1500,1,11,40.4365580,-86.8936570,200.200,0.132,-0.070,0.000
56639,26026,18237,15206,0,0,0.16041,-1.68552,9.20451,-0.118244,-0.082025,-0.020240,-12.339,-4.541,-98.812,-23.0509,1.8020,1.9437,-641.0723,57.1923,383.4487,0.0059319,-0.0232061,0.0232638,0.000000,0.000000,0.000000,0.00000,0.00000,0.000,0.000,0.000,0.000,0.000,-6.0000,0.0000,0.0000,6.0000,95.00,95.00,90.00,90.00,65535,65535,65535,1500,1,11,40.4365580,-86.8936570,200.200,0.132,-0.070,0.000
56690,25410,18259,15198,0,0,-0.27174,-1.47243,10.16099,0.023436,-0.070307,0.004261,-12.182,-4.276,-99.342,-23.2102,1.9417,1.9638,-644.8010,58.3018,383.5331,0.0057191,-0.0236703,0.0234178,0.000000,0.000000,0.000000,0.00000,0.00000,0.000,0.000,0.000,0.000,0.000,-6.0000,0.0000,0.0000,6.0000,95.00,95.00,90.00,90.00,65535,65535,65535,1500,1,11,40.4365575,-86.8936567,200.200,0.045,-0.024,0.000
56738,19573,18193,15149,0,0,0.49321,-1.36829,8.05409,0.116114,-0.053263,-0.019175,-12.099,-4.159,-100.679,-23.6496,2.3795,1.9213,-652.2002,61.2787,383.5834,0.0058697,-0.0240889,0.0239184,0.000000,0.000000,0.000000,0.00000,0.00000,0.000,0.000,0.000,0.000,0.000,-6.0000,0.0000,0.0000,6.0000,95.00,95.00,90.00,90.00,65535,65535,65535,1500,1,11,40.4365575,-86.8936567,200.200,0.045,-0.024,0.000
56789,26120,18229,15166,0,0,0.98761,-2.93409,9.04649,0.068177,-0.024501,-0.018109,-12.282,-4.445,-101.456,-23.8965,2.6475,1.9183,-656.7640,63.0798,383.6564,0.0061847,-0.0240015,0.0242268,0.000000,0.000000,0.000000,0.00000,0.00000,0.000,0.000,0.000,0.000,0.000,-6.0000,0.0000,0.0000,6.0000,95.00,95.00,90.00,90.00,65535,65535,65535,1500,1,11,40.4365567,-86.8936565,200.100,-0.081,-0.260,0.000
56841,27200,18231,15208,0,0,0.10175,0.66798,8.78313,-0.124636,-0.018109,0.008522,-11.857,-4.090,-99.359,-23.1302,1.8250,1.8768,-647.4062,57.9777,383.8339,0.0052706,-0.0239489,0.0232822,0.000000,0.000000,0.000000,0.00000,0.00000,0.000,0.000,0.000,0.000,0.000,-6.0000,0.0000,0.0000,6.0000,95.00,95.00,90.00,90.00,65535,65535,65535,1500,1,11,40.4365567,-86.8936565,200.100,-0.081,-0.260,0.000
56891,25647,18235,15209,0,0,-0.46448,0.20830,8.04811,0.044741,-0.053263,0.013848,-11.373,-3.514,-99.439,-23.1574,1.8053,1.8090,-649.3430,58.1442,383.9284,0.0046903,-0.0245317,0.0232556,0.000000,0.000000,0.000000,0.00000,0.00000,0.000,0.000,0.000,0.000,0.000,-6.0000,0.0000,0.0000,6.0000,95.00,95.00,90.00,90.00,65535,65535,65535,1500,1,11,40.4365563,-86.8936568,200.000,-0.081,-0.260,0.000
56938,19004,18126,15136,0,0,1.14323,-2.84910,9.10275,0.100135,-0.029827,-0.001065,-11.482,-3.638,-100.267,-23.4245,2.0987,1.7581,-654.2667,60.1167,383.9842,0.0049622,-0.0245651,0.0235871,0.000000,0.000000,0.000000,0.00000,0.00000,0.000,0.000,0.000,0.000,0.000,-6.0000,0.0000,0.0000,6.0000,95.00,95.00,90.00,90.00,65535,65535,65535,1500,1,11,40.4365563,-86.8936568,200.000,-0.081,-0.260,0.000
56989,25879,18237,15190,0,0,0.89902,-2.72819,8.97107,0.052198,-0.071373,0.001065,-11.550,-3.755,-100.901,-23.6343,2.3182,1.7208,-658.4308,61.6676,384.0513,0.0051211,-0.0246534,0.0238356,0.000000,0.000000,0.000000,0.00000,0.00000,0.000,0.000,0.000,0.000,0.000,-6.0000,0.0000,0.0000,6.0000,95.00,95.00,90.00,90.00,65535,65535,65535,1500,1,11,40.4365558,-86.8936570,199.900,-0.056,-0.182,0.000
57056,39042,26674,18719,0,0,1.74418,-2.41216,7.77158,0.129962,-0.018109,-0.020240,-11.551,-4.128,-101.520,-23.8411,2.5181,1.6378,-662.4384,63.1682,384.1288,0.0053563,-0.0244383,0.0240765,0.000000,0.000000,0.000000,0.00000,0.00000,0.000,0.000,0.000,0.000,0.000,-6.0000,0.0000,0.0000,6.0000,95.00,95.00,90.00,90.00,65535,65535,65535,1500,1,11,40.4365558,-86.8936570,199.900,-0.056,-0.182,0.000
57093,33523,29820,26782,0,0,1.16358,-2.03268,8.90643,-0.033023,-0.047937,-0.002131,-11.684,-4.337,-101.561,-23.8514,2.5276,1.6171,-663.2825,63.3151,384.1823,0.0054161,-0.0243018,0.0240910,0.000000,0.000000,0.000000,0.00000,0.00000,0.000,0.000,0.000,0.000,0.000,-6.0000,0.0000,0.0000,6.0000,95.00,95.00,90.00,90.00,65535,65535,65535,1500,1,11,40.4365550,-86.8936565,199.800,-0.056,-0.182,0.000
57140,18341,18035,15025,0,0,1.21266,-3.36385,9.08719,0.084156,-0.074569,0.003196,-12.080,-4.700,-102.575,-24.1912,2.9162,1.5685,-669.5507,65.9473,384.2385,0.0058361,-0.0242426,0.0245186,0.000000,0.000000,0.000000,0.00000,0.00000,0.000,0.000,0.000,0.000,0.000,-6.0000,0.0000,0.0000,6.0000,95.00,95.00,90.00,90.00,65535,65535,65535,1500,1,11,40.4365550,-86.8936565,199.800,-0.056,-0.182,0.000
57187,28862,18259,15235,0,0,0.76136,-2.85149,8.53653,0.036219,-0.085221,0.002131,-12.292,-5.048,-103.466,-24.4947,3.2845,1.5010,-675.1478,68.3420,384.2782,0.0061679,-0.0242348,0.0249021,0.000000,0.000000,0.000000,0.00000,0.00000,0.000,0.000,0.000,0.000,0.000,-6.0000,0.0000,0.0000,6.0000,95.00,95.00,90.00,90.00,65535,65535,65535,1500,1,11,40.4365548,-86.8936570,199.700,-0.035,-0.113,0.000
57238,30902,18242,15188,0,0,0.27174,0.45011,9.64504,-0.062851,-0.049002,-0.002131,-11.730,-4.441,-101.572,-23.7708,2.4898,1.4703,-666.4501,63.3786,384.4277,0.0053606,-0.0245513,0.0240316,0.000000,0.000000,0.000000,0.00000,0.00000,0.000,0.000,0.000,0.000,0.000,-6.0000,0.0000,0.0000,6.0000,95.00,95.00,90.00,90.00,65535,65535,65535,1500,1,11,40.4365548,-86.8936570,199.700,-0.035,-0.113,0.000
57289,26614,18261,15227,0,0,0.67636,-0.84635,9.98502,-0.030893,-0.030893,-0.010653,-11.889,-4.499,-101.360,-23.6708,2.3823,1.4799,-666.2689,62.8031,384.5141,0.0052819,-0.0244851,0.0239147,0.000000,0.000000,0.000000,0.00000,0.00000,0.000,0.000,0.000,0.000,0.000,-6.0000,0.0000,0.0000,6.0000,95.00,95.00,90.00,90.00,65535,65535,65535,1500,1,11,40.4365547,-86.8936572,199.600,-0.021,-0.069,0.000
57358,43325,19204,12794,0,0,-0.05028,-0.89902,6.69538,-0.026632,-0.075634,0.017044,-12.482,-5.170,-102.474,-24.0378,2.8557,1.3227,-673.4318,65.9064,384.5671,0.0058440,-0.0242248,0.0244086,0.000000,0.000000,0.000000,0.00000,0.00000,0.000,0.000,0.000,0.000,0.000,-6.0000,0.0000,0.0000,6.0000,95.00,95.00,90.00,90.00,65535,65535,65535,1500,1,11,40.4365547,-86.8936572,199.600,-0.021,-0.069,0.000
57383,25444,18862,15830,0,0,0.86072,-2.60848,9.93354,-0.073503,-0.070307,0.014914,-12.681,-5.289,-102.838,-24.1671,2.9986,1.3343,-675.8894,66.9242,384.5874,0.0059561,-0.0242406,0.0245644,0.000000,0.000000,0.000000,0.00000,0.00000,0.000,0.000,0.000,0.000,0.000,-6.0000,0.0000,0.0000,6.0000,95.00,95.00,90.00,90.00,65535,65535,65535,1500,1,11,40.4365547,-86.8936572,199.600,-0.021,-0.069,0.000
57433,25574,18246,15194,0,0,0.65362,-1.44490,8.25880,-0.085221,-0.054328,-0.011718,-12.081,-4.726,-100.875,-23.4440,2.1767,1.2732,-666.7967,61.6580,384.7315,0.0051295,-0.0245505,0.0236701,0.000000,0.000000,0.000000,0.00000,0.00000,0.000,0.000,0.000,0.000,0.000,-6.0000,0.0000,0.0000,6.0000,95.00,95.00,90.00,90.00,65535,65535,65535,1500,1,11,40.4365547,-86.8936572,199.600,-0.021,-0.069,0.000
57482,23557,18325,15248,0,0,0.49440,-0.68833,8.72567,0.006392,-0.079895,0.009587,-11.646,-4.593,-99.778,-23.0572,1.7234,1.1951,-662.0901,58.7059,384.8351,0.0047376,-0.0246463,0.0231703,0.000000,0.000000,0.000000,0.00000,0.00000,0.000,0.000,0.000,0.000,0.000,-6.0000,0.0000,0.0000,6.0000,95.00,95.00,90.00,90.00,65535,65535,65535,1500,1,11,40.4365538,-86.8936572,199.500,-0.037,-0.118,0.000
57548,34275,26222,18284,0,0,1.07500,-0.92895,8.90404,0.064981,-0.025566,-0.011718,-11.713,-5.170,-101.141,-23.5076,2.2367,1.1485,-669.9982,62.2724,384.8547,0.0051716,-0.0244033,0.0237328,0.000000,0.000000,0.000000,0.00000,0.00000,0.000,0.000,0.000,0.000,0.000,-6.0000,0.0000,0.0000,6.0000,95.00,95.00,90.00,90.00,65535,65535,65535,1500,1,11,40.4365538,-86.8936572,199.500,-0.037,-0.118,0.000
57584,37043,24436,16503,0,0,0.09577,-0.98881,8.73046,-0.152333,-0.025566,0.013848,-11.790,-4.840,-100.652,-23.3056,2.0184,1.1102,-668.1743,60.8858,384.9178,0.0048875,-0.0246233,0.0234932,0.000000,0.000000,0.000000,0.00000,0.00000,0.000,0.000,0.000,0.000,0.000,-6.0000,0.0000,0.0000,6.0000,95.00,95.00,90.00,90.00,65535,65535,65535,1500,1,11,40.4365537,-86.8936568,199.400,-0.037,-0.118,0.000
57634,25733,18230,15196,0,0,1.33118,-3.37343,9.67617,-0.028762,-0.020240,-0.026632,-11.753,-4.617,-100.398,-23.1745,1.8709,1.0844,-667.6801,60.0096,384.9933,0.0047004,-0.0247683,0.0233334,0.000000,0.000000,0.000000,0.00000,0.00000,0.000,0.000,0.000,0.000,0.000,-6.0000,0.0000,0.0000,6.0000,95.00,95.00,90.00,90.00,65535,65535,65535,1500,1,11,40.4365537,-86.8936568,199.400,-0.037,-0.118,0.000
57685,25996,18247,15194,0,0,1.17914,-2.48518,8.53653,0.061785,-0.011718,-0.022371,-11.523,-4.764,-99.446,-22.8036,1.4608,1.0458,-663.3964,57.2810,385.0870,0.0044858,-0.0244794,0.0228877,0.000000,0.000000,0.000000,0.00000,0.00000,0.000,0.000,0.000,0.000,0.000,-6.0000,0.0000,0.0000,6.0000,95.00,95.00,90.00,90.00,65535,65535,65535,1500,1,11,40.4365538,-86.8936567,199.400,-0.047,-0.152,0.000
57735,25136,18208,15184,0,0,1.38145,-2.15119,9.42717,0.120375,-0.021305,-0.023436,-11.729,-5.176,-100.730,-23.2216,1.9405,1.0157,-670.5421,60.6022,385.0918,0.0049934,-0.0243421,0.0234033,0.000000,0.000000,0.000000,0.00000,0.00000,0.000,0.000,0.000,0.000,0.000,-6.0000,0.0000,0.0000,6.0000,95.00,95.00,90.00,90.00,65535,65535,65535,1500,1,11,40.4365538,-86.8936567,199.400,-0.047,-0.152,0.000
57791,23869,25737,15272,0,0,0.91219,-2.26372,9.96946,-0.056459,-0.007457,-0.011718,-11.901,-4.584,-101.602,-23.4418,2.1800,1.0104,-675.0176,62.3699,385.1183,0.0052067,-0.0249957,0.0236617,0.000000,0.000000,0.000000,0.00000,0.00000,0.000,0.000,0.000,0.000,0.000,-6.0000,0.0000,0.0000,6.0000,95.00,95.00,90.00,90.00,65535,65535,65535,1500,1,11,40.4365540,-86.8936567,199.300,-0.189,-0.133,0.000
57839,25517,15725,12676,0,0,-0.15682,-1.10612,5.87298,-0.051133,-0.005326,0.000000,-11.917,-4.154,-101.636,-23.3991,2.1502,0.8605,-676.0016,62.2151,385.1775,0.0049960,-0.0253388,0.0236153,0.000000,0.000000,0.000000,0.00000,0.00000,0.000,0.000,0.000,0.000,0.000,-6.0000,0.0000,0.0000,6.0000,95.00,95.00,90.00,90.00,65535,65535,65535,1500,1,11,40.4365540,-86.8936567,199.300,-0.189,-0.133,0.000
57890,26056,18230,15209,0,0,-0.50518,-2.19189,7.98107,0.102265,-0.008522,-0.049002,-11.934,-4.150,-102.056,-23.4807,2.2483,0.8012,-678.3356,62.9777,385.2088,0.0051992,-0.0254122,0.0237182,0.000000,0.000000,0.000000,0.00000,0.00000,0.000,0.000,0.000,0.000,0.000,-6.0000,0.0000,0.0000,6.0000,95.00,95.00,90.00,90.00,65535,65535,65535,1500,1,11,40.4365552,-86.8936568,199.300,0.661,-0.228,0.000
57938,23500,18282,15242,0,0,0.65003,-2.15718,8.97107,0.111853,-0.033023,-0.021305,-11.927,-4.162,-102.323,-23.5469,2.3097,0.7174,-680.0441,63.4103,385.2400,0.0052799,-0.0254163,0.0237687,0.000000,0.000000,0.000000,0.00000,0.00000,0.000,0.000,0.000,0.000,0.000,-6.0000,0.0000,0.0000,6.0000,95.00,95.00,90.00,90.00,65535,65535,65535,1500,1,11,40.4365552,-86.8936568,199.300,0.661,-0.228,0.000
57990,27287,18262,12737,0,0,0.80086,-2.54145,5.87417,0.142745,0.025566,-0.020240,-11.802,-4.073,-102.456,-23.5574,2.3038,0.5673,-681.2794,63.5314,385.2741,0.0052799,-0.0254163,0.0237687,0.000000,0.000000,0.000000,0.00000,0.00000,0.000,0.000,0.000,0.000,0.000,-6.0000,0.0000,0.0000,6.0000,95.00,95.00,90.00,90.00,65535,65535,65535,1500,1,11,40.4365565,-86.8936560,199.100,1.362,0.174,0.000
58052,37006,18358,15351,0,0,1.58616,-1.79924,8.91242,-0.019175,0.030893,-0.007457,-11.898,-4.385,-102.440,-23.5410,2.2829,0.5351,-682.3812,63.5509,385.3093,0.0052675,-0.0249623,0.0237506,0.000000,0.000000,0.000000,0.00000,0.00000,0.000,0.000,0.000,0.000,0.000,-6.0000,0.0000,0.0000,6.0000,95.00,95.00,90.00,90.00,65535,65535,65535,1500,1,11,40.4365565,-86.8936560,199.100,1.362,0.174,0.000
58088,24514,30319,27343,0,0,1.76094,-3.29921,8.49343,0.066046,0.035154,-0.007457,-12.316,-4.689,-102.549,-23.5711,2.3399,0.5176,-683.3035,63.9207,385.3167,0.0057396,-0.0246425,0.0238010,0.000000,0.000000,0.000000,0.00000,0.00000,0.000,0.000,0.000,0.000,0.000,-6.0000,0.0000,0.0000,6.0000,95.00,95.00,90.00,90.00,65535,65535,65535,1500,1,11,40.4365565,-86.8936560,199.100,1.362,0.174,0.000
58137,24657,17746,14710,0,0,1.31442,-3.21062,10.06762,0.002131,0.063916,-0.002131,-12.088,-4.350,-102.609,-23.5135,2.2818,0.4974,-683.9977,63.6467,385.3525,0.0057410,-0.0246946,0.0237375,0.000000,0.000000,0.000000,0.00000,0.00000,0.000,0.000,0.000,0.000,0.000,-6.0000,0.0000,0.0000,6.0000,95.00,95.00,90.00,90.00,65535,65535,65535,1500,1,11,40.4365565,-86.8936560,199.100,1.362,0.174,0.000
58186,30968,18252,15212,0,0,0.46567,-0.11013,8.42520,-0.030893,0.036219,-0.001065,-11.547,-4.419,-103.324,-23.7345,2.5480,0.4226,-688.6308,65.6250,385.3507,0.0053458,-0.0245650,0.0240169,0.000000,0.000000,0.000000,0.00000,0.00000,0.000,0.000,0.000,0.000,0.000,-6.0000,0.0000,0.0000,6.0000,95.00,95.00,90.00,90.00,65535,65535,65535,1500,1,11,40.4365592,-86.8936537,199.100,1.623,0.652,0.000
58245,16324,15540,12574,0,0,1.06901,-0.51356,6.51821,0.082025,0.037284,-0.008522,-11.318,-4.155,-103.466,-23.7798,2.5321,0.2184,-690.0910,65.7815,385.3698,0.0053458,-0.0245650,0.0240169,0.000000,0.000000,0.000000,0.00000,0.00000,0.000,0.000,0.000,0.000,0.000,-6.0000,0.0000,0.0000,6.0000,95.00,95.00,90.00,90.00,65535,65535,65535,1500,1,11,40.4365592,-86.8936537,199.100,1.623,0.652,0.000
58296,26465,18207,15197,0,0,1.43892,-3.53264,7.36337,0.083091,0.025566,-0.002131,-11.310,-4.840,-104.030,-23.9840,2.7977,0.1330,-694.0797,67.6142,385.3547,0.0055530,-0.0238702,0.0242715,0.000000,0.000000,0.000000,0.00000,0.00000,0.000,0.000,0.000,0.000,0.000,-6.0000,0.0000,0.0000,6.0000,95.00,95.00,90.00,90.00,65535,65535,65535,1500,1,11,40.4365593,-86.8936532,198.700,1.114,0.443,0.000
58344,23398,18295,15251,0,0,1.43293,0.90381,9.35295,-0.036219,0.020240,0.006392,-10.203,-5.421,-106.247,-24.8049,3.7273,0.0441,-706.9780,74.1981,385.2743,0.0047510,-0.0236092,0.0252200,0.000000,0.000000,0.000000,0.00000,0.00000,0.000,0.000,0.000,0.000,0.000,-6.0000,0.0000,0.0000,6.0000,95.00,95.00,90.00,90.00,65535,65535,65535,1500,1,11,40.4365593,-86.8936532,198.700,1.114,0.443,0.000
58382,25154,30815,27740,0,0,0.71347,-0.56743,6.92523,-0.006392,0.023436,-0.020240,-10.212,-5.366,-106.324,-24.7892,3.7210,-0.0277,-707.6017,74.2918,385.2745,0.0047510,-0.0236092,0.0252200,0.000000,0.000000,0.000000,0.00000,0.00000,0.000,0.000,0.000,0.000,0.000,-6.0000,0.0000,0.0000,6.0000,95.00,95.00,90.00,90.00,65535,65535,65535,1500,1,11,40.4365590,-86.8936528,198.600,0.664,0.250,0.000
58433,34081,15719,12736,0,0,0.88825,-1.24259,6.45357,0.021305,0.036219,-0.038350,-10.130,-5.220,-106.558,-24.8242,3.6868,-0.2585,-709.2384,74.5358,385.2647,0.0047510,-0.0236092,0.0252200,0.000000,0.000000,0.000000,0.00000,0.00000,0.000,0.000,0.000,0.000,0.000,-6.0000,0.0000,0.0000,6.0000,95.00,95.00,90.00,90.00,65535,65535,65535,1500,1,11,40.4365590,-86.8936528,198.600,0.664,0.250,0.000
58484,26378,18198,15197,0,0,0.22745,-2.31519,7.71172,-0.084156,0.004261,-0.038350,-11.116,-3.999,-104.492,-23.9672,2.6595,-0.3381,-697.7414,67.5406,385.3435,0.0052677,-0.0243691,0.0241850,0.000000,0.000000,0.000000,0.00000,0.00000,0.000,0.000,0.000,0.000,0.000,-6.0000,0.0000,0.0000,6.0000,95.00,95.00,90.00,90.00,65535,65535,65535,1500,1,11,40.4365592,-86.8936532,198.600,0.443,0.167,0.000
58549,31735,26714,18694,0,0,0.62369,0.04190,8.42639,-0.011718,0.029827,-0.056459,-10.161,-4.199,-106.573,-24.6135,3.3772,-0.4703,-708.8346,73.1304,385.2502,0.0046885,-0.0242981,0.0249680,0.000000,0.000000,0.000000,0.00000,0.00000,0.000,0.000,0.000,0.000,0.000,-6.0000,0.0000,0.0000,6.0000,95.00,95.00,90.00,90.00,65535,65535,65535,1500,1,11,40.4365592,-86.8936532,198.600,0.443,0.167,0.000
58586,33789,30480,27440,0,0,1.67594,-1.96684,7.69616,-0.034088,0.024501,-0.052198,-10.504,-4.549,-106.359,-24.5084,3.2627,-0.5291,-708.0004,72.3743,385.2441,0.0049166,-0.0238803,0.0248391,0.000000,0.000000,0.000000,0.00000,0.00000,0.000,0.000,0.000,0.000,0.000,-6.0000,0.0000,0.0000,6.0000,95.00,95.00,90.00,90.00,65535,65535,65535,1500,1,11,40.4365595,-86.8936535,198.600,0.417,-0.009,0.000
58654,23922,18267,15276,0,0,-0.82361,-0.54947,8.35337,0.002131,-0.019175,-0.054328,-10.419,-3.889,-107.066,-24.5887,3.3071,-0.6162,-710.9908,73.1598,385.1918,0.0047583,-0.0244499,0.0249224,0.000000,0.000000,0.000000,0.00000,0.00000,0.000,0.000,0.000,0.000,0.000,-6.0000,0.0000,0.0000,6.0000,95.00,95.00,90.00,90.00,65535,65535,65535,1500,1,11,40.4365593,-86.8936532,198.500,0.231,-0.005,0.000
58685,24447,24889,21873,0,0,1.23421,-1.46286,8.85615,-0.002131,0.006392,-0.059655,-10.345,-4.126,-107.385,-24.6715,3.4103,-0.6352,-712.8337,73.9614,385.1673,0.0047194,-0.0242442,0.0250214,0.000000,0.000000,0.000000,0.00000,0.00000,0.000,0.000,0.000,0.000,0.000,-6.0000,0.0000,0.0000,6.0000,95.00,95.00,90.00,90.00,65535,65535,65535,1500,1,11,40.4365593,-86.8936532,198.500,0.231,-0.005,0.000
58732,25534,15703,12661,0,0,0.00718,-1.26055,7.56568,0.012783,0.020240,-0.103331,-11.124,-3.597,-106.021,-24.0394,2.6716,-0.6886,-704.5845,68.6591,385.2002,0.0052348,-0.0244135,0.0242502,0.000000,0.000000,0.000000,0.00000,0.00000,0.000,0.000,0.000,0.000,0.000,-6.0000,0.0000,0.0000,6.0000,95.00,95.00,90.00,90.00,65535,65535,65535,1500,1,11,40.4365593,-86.8936532,198.500,0.231,-0.005,0.000
58784,26554,18200,15172,0,0,1.07141,-2.33794,7.76679,-0.024501,0.052198,-0.106526,-10.763,-3.778,-107.143,-24.3243,3.0052,-0.7715,-709.9709,71.2019,385.1342,0.0050117,-0.0242457,0.0245844,0.000000,0.000000,0.000000,0.00000,0.00000,0.000,0.000,0.000,0.000,0.000,-6.0000,0.0000,0.0000,6.0000,95.00,95.00,90.00,90.00,65535,65535,65535,1500,1,11,40.4365595,-86.8936533,198.500,0.298,-0.006,0.000
58831,25613,15688,12646,0,0,1.57299,-0.61292,6.34224,0.073503,0.056459,-0.117179,-11.375,-2.984,-105.508,-23.5726,2.0704,-0.8868,-699.9321,64.8333,385.1755,0.0055023,-0.0245538,0.0236777,0.000000,0.000000,0.000000,0.00000,0.00000,0.000,0.000,0.000,0.000,0.000,-6.0000,0.0000,0.0000,6.0000,95.00,95.00,90.00,90.00,65535,65535,65535,1500,1,11,40.4365595,-86.8936533,198.500,0.298,-0.006,0.000
58895,16290,15548,12553,0,0,0.65003,-0.48602,6.51821,0.052198,0.105461,-0.108657,-11.327,-2.686,-106.048,-23.5377,2.0572,-1.1768,-701.4396,64.9652,385.1077,0.0055023,-0.0245538,0.0236777,0.000000,0.000000,0.000000,0.00000,0.00000,0.000,0.000,0.000,0.000,0.000,-6.0000,0.0000,0.0000,6.0000,95.00,95.00,90.00,90.00,65535,65535,65535,1500,1,11,40.4365597,-86.8936530,198.400,0.334,-0.007,0.000
58940,22997,15731,12674,0,0,-0.10534,-1.75615,7.31069,0.005326,0.125701,-0.125701,-11.210,-2.426,-106.479,-23.5797,2.0750,-1.2758,-702.4901,65.0572,385.0531,0.0055023,-0.0245538,0.0236777,0.000000,0.000000,0.000000,0.00000,0.00000,0.000,0.000,0.000,0.000,0.000,-6.0000,0.0000,0.0000,6.0000,95.00,95.00,90.00,90.00,65535,65535,65535,1500,1,11,40.4365597,-86.8936530,198.400,0.334,-0.007,0.000
58991,26025,18220,15200,0,0,1.70587,-1.70946,8.42041,0.052198,0.128897,-0.135289,-10.258,-3.236,-110.032,-24.6765,3.4274,-1.3536,-720.0347,74.9586,384.8662,0.0051334,-0.0239721,0.0250314,0.000000,0.000000,0.000000,0.00000,0.00000,0.000,0.000,0.000,0.000,0.000,-6.0000,0.0000,0.0000,6.0000,95.00,95.00,90.00,90.00,65535,65535,65535,1500,1,11,40.4365593,-86.8936523,198.300,0.319,-0.007,0.000
59055,34307,23751,15746,0,0,1.12887,-1.62686,6.73848,-0.071373,0.103331,-0.125701,-11.168,-2.400,-107.748,-23.7053,2.1886,-1.4620,-706.5701,66.2333,384.8957,0.0055219,-0.0240351,0.0237983,0.000000,0.000000,0.000000,0.00000,0.00000,0.000,0.000,0.000,0.000,0.000,-6.0000,0.0000,0.0000,6.0000,95.00,95.00,90.00,90.00,65535,65535,65535,1500,1,11,40.4365593,-86.8936523,198.300,0.319,-0.007,0.000
59090,39558,19481,16455,0,0,0.95529,0.09816,8.14627,-0.059655,0.113983,-0.122505,-10.160,-3.218,-112.456,-25.1932,4.0402,-1.5409,-730.0997,79.9678,384.6665,0.0050533,-0.0236760,0.0256773,0.000000,0.000000,0.000000,0.00000,0.00000,0.000,0.000,0.000,0.000,0.000,-6.0000,0.0000,0.0000,6.0000,95.00,95.00,90.00,90.00,65535,65535,65535,1500,1,11,40.4365597,-86.8936528,198.100,0.319,-0.007,0.000
59137,27608,17682,14654,0,0,0.17358,-4.21499,10.02452,0.045806,0.099070,-0.138484,-11.315,-1.989,-108.174,-23.5609,1.9920,-1.5659,-706.6223,65.1636,384.7765,0.0055401,-0.0239052,0.0236173,0.000000,0.000000,0.000000,0.00000,0.00000,0.000,0.000,0.000,0.000,0.000,-6.0000,0.0000,0.0000,6.0000,95.00,95.00,90.00,90.00,65535,65535,65535,1500,1,11,40.4365597,-86.8936528,198.100,0.319,-0.007,0.000
59187,31337,18269,15210,0,0,-0.35793,-1.81840,8.57244,0.115049,0.093743,-0.125701,-9.456,-2.707,-114.695,-25.6515,4.5761,-1.6411,-738.9757,84.2526,384.4629,0.0048849,-0.0238614,0.0262124,0.000000,0.000000,0.000000,0.00000,0.00000,0.000,0.000,0.000,0.000,0.000,-6.0000,0.0000,0.0000,6.0000,95.00,95.00,90.00,90.00,65535,65535,65535,1500,1,11,40.4365605,-86.8936533,198.100,0.706,-0.077,0.000
59234,25766,15712,12660,0,0,2.22182,-1.55982,7.00424,-0.019175,0.069242,-0.107592,-7.690,-3.657,-121.595,-27.8983,7.2997,-1.7526,-773.5349,104.9143,384.1267,0.0043006,-0.0235099,0.0289910,0.000000,0.000000,0.000000,0.00000,0.00000,0.000,0.000,0.000,0.000,0.000,-6.0000,0.0000,0.0000,6.0000,95.00,95.00,90.00,90.00,65535,65535,65535,1500,1,11,40.4365605,-86.8936533,198.100,0.706,-0.077,0.000
59286,24675,21231,15334,0,0,-0.10056,-1.50954,9.45949,0.002131,-0.044741,-0.142745,-7.017,-4.172,-124.427,-28.7081,8.3229,-1.7982,-786.9570,112.7613,383.9520,0.0041303,-0.0232257,0.0300058,0.000000,0.000000,0.000000,0.00000,0.00000,0.000,0.000,0.000,0.000,0.000,-6.0000,0.0000,0.0000,6.0000,95.00,95.00,90.00,90.00,65535,65535,65535,1500,1,11,40.4365612,-86.8936533,197.900,0.828,-0.096,0.000
59334,25943,15722,12666,0,0,0.94092,-1.48081,6.89770,0.035154,-0.134223,-0.178964,-7.309,-4.659,-123.855,-28.3462,7.8545,-1.8790,-782.6505,109.6338,383.8983,0.0043062,-0.0229746,0.0295222,0.000000,0.000000,0.000000,0.00000,0.00000,0.000,0.000,0.000,0.000,0.000,-6.0000,0.0000,0.0000,6.0000,95.00,95.00,90.00,90.00,65535,65535,65535,1500,1,11,40.4365612,-86.8936533,197.900,0.828,-0.096,0.000
59385,26805,18268,15240,0,0,0.07422,-2.57856,8.65983,-0.063916,-0.176834,-0.152333,-9.922,-4.001,-117.479,-25.9908,4.9154,-1.8994,-747.9867,87.9352,384.0731,0.0054529,-0.0233626,0.0266082,0.000000,0.000000,0.000000,0.00000,0.00000,0.000,0.000,0.000,0.000,0.000,-6.0000,0.0000,0.0000,6.0000,95.00,95.00,90.00,90.00,65535,65535,65535,1500,1,11,40.4365615,-86.8936532,197.800,0.769,-0.109,0.000
59450,31772,26875,18872,0,0,0.50518,-2.32597,8.68138,0.103331,-0.132093,-0.184291,-10.035,-4.216,-117.310,-25.7328,4.5805,-1.9968,-745.2108,85.6624,383.9933,0.0056734,-0.0234573,0.0262819,0.000000,0.000000,0.000000,0.00000,0.00000,0.000,0.000,0.000,0.000,0.000,-6.0000,0.0000,0.0000,6.0000,95.00,95.00,90.00,90.00,65535,65535,65535,1500,1,11,40.4365615,-86.8936532,197.800,0.769,-0.109,0.000
59497,21244,18710,15340,0,0,2.51152,1.09176,9.45231,-0.080960,-0.058590,-0.148072,-9.000,-5.371,-119.794,-26.4586,5.4592,-2.1422,-757.9676,92.6947,383.7978,0.0049704,-0.0228101,0.0271258,0.000000,0.000000,0.000000,0.00000,0.00000,0.000,0.000,0.000,0.000,0.000,-6.0000,0.0000,0.0000,6.0000,95.00,95.00,90.00,90.00,65535,65535,65535,1500,1,11,40.4365612,-86.8936530,197.500,0.596,-0.086,0.000
59537,24906,33328,30316,0,0,0.08739,-2.52469,7.70574,0.027697,-0.072438,-0.148072,-9.573,-5.053,-119.111,-26.1106,5.0243,-2.1862,-753.1206,89.5594,383.7824,0.0053579,-0.0231149,0.0267229,0.000000,0.000000,0.000000,0.00000,0.00000,0.000,0.000,0.000,0.000,0.000,-6.0000,0.0000,0.0000,6.0000,95.00,95.00,90.00,90.00,65535,65535,65535,1500,1,11,40.4365612,-86.8936530,197.500,0.596,-0.086,0.000
59597,30559,23059,15038,0,0,0.08140,-1.11690,7.42921,0.055394,-0.120375,-0.160855,-9.622,-5.502,-119.650,-26.0395,5.0477,-2.3362,-754.9524,89.9132,383.6237,0.0053579,-0.0231149,0.0267229,0.000000,0.000000,0.000000,0.00000,0.00000,0.000,0.000,0.000,0.000,0.000,-6.0000,0.0000,0.0000,6.0000,95.00,95.00,90.00,90.00,65535,65535,65535,1500,1,11,40.4365612,-86.8936530,197.500,0.596,-0.086,0.000
59644,23195,18351,15279,0,0,0.21907,-3.29562,9.20331,-0.062851,-0.104396,-0.109722,-10.413,-5.492,-120.040,-25.9474,4.9057,-2.4068,-754.8024,89.5772,383.5042,0.0058963,-0.0234255,0.0266926,0.000000,0.000000,0.000000,0.00000,0.00000,0.000,0.000,0.000,0.000,0.000,-6.0000,0.0000,0.0000,6.0000,95.00,95.00,90.00,90.00,65535,65535,65535,1500,1,11,40.4365612,-86.8936530,197.500,0.596,-0.086,0.000
59692,22728,18266,15237,0,0,0.58897,-2.59771,9.09198,0.044741,-0.099070,-0.101200,-10.738,-5.584,-120.481,-25.9576,4.9210,-2.4768,-755.7263,89.8248,383.3857,0.0062058,-0.0235767,0.0267214,0.000000,0.000000,0.000000,0.00000,0.00000,0.000,0.000,0.000,0.000,0.000,-6.0000,0.0000,0.0000,6.0000,95.00,95.00,90.00,90.00,65535,65535,65535,1500,1,11,40.4365602,-86.8936520,197.000,0.311,-0.045,0.000
59744,25885,15719,12660,0,0,2.14161,-0.98043,7.13233,0.108657,0.010653,-0.110788,-9.389,-5.696,-120.784,-26.0067,4.8754,-2.5356,-758.4471,90.2629,383.2506,0.0052185,-0.0234011,0.0266686,0.000000,0.000000,0.000000,0.00000,0.00000,0.000,0.000,0.000,0.000,0.000,-6.0000,0.0000,0.0000,6.0000,95.00,95.00,90.00,90.00,65535,65535,65535,1500,1,11,40.4365600,-86.8936517,197.000,0.255,-0.037,0.000
59795,26003,18249,15211,0,0,0.27653,-1.27372,7.97628,0.246076,0.035154,-0.091613,-9.444,-5.114,-120.875,-25.8745,4.7044,-2.5798,-757.4290,89.2329,383.1408,0.0056094,-0.0238660,0.0265379,0.000000,0.000000,0.000000,0.00000,0.00000,0.000,0.000,0.000,0.000,0.000,-6.0000,0.0000,0.0000,6.0000,95.00,95.00,90.00,90.00,65535,65535,65535,1500,1,11,40.4365600,-86.8936517,196.900,0.255,-0.037,0.000
59845,25782,18301,15254,0,0,0.70270,-0.87029,9.00220,0.131028,0.110788,-0.083091,-9.438,-5.067,-121.330,-25.9036,4.7731,-2.6327,-759.1163,89.9178,383.0043,0.0058771,-0.0237020,0.0266113,0.000000,0.000000,0.000000,0.00000,0.00000,0.000,0.000,0.000,0.000,0.000,-6.0000,0.0000,0.0000,6.0000,95.00,95.00,90.00,90.00,65535,65535,65535,1500,1,11,40.4365600,-86.8936517,196.900,0.255,-0.037,0.000
59891,23120,15737,12678,0,0,0.63925,-1.71664,7.79432,-0.036219,0.052198,-0.050067,-9.378,-4.854,-121.584,-25.9026,4.7631,-2.7490,-760.3664,90.1477,382.8741,0.0058771,-0.0237020,0.0266113,0.000000,0.000000,0.000000,0.00000,0.00000,0.000,0.000,0.000,0.000,0.000,-6.0000,0.0000,0.0000,6.0000,95.00,95.00,90.00,90.00,65535,65535,65535,1500,1,11,40.4365595,-86.8936505,196.700,0.341,-0.050,0.000
59935,21013,17356,12699,0,0,1.54067,-0.76614,7.61236,-0.004261,-0.023436,-0.039415,-9.507,-4.898,-121.700,-25.8733,4.6992,-2.8517,-761.4742,90.3500,382.7540,0.0058771,-0.0237020,0.0266113,0.000000,0.000000,0.000000,0.00000,0.00000,0.000,0.000,0.000,0.000,0.000,-6.0000,0.0000,0.0000,6.0000,95.00,95.00,90.00,90.00,65535,65535,65535,1500,1,11,40.4365595,-86.8936505,196.700,0.341,-0.050,0.000
59986,26098,18290,15227,0,0,0.79487,-1.71664,7.98107,-0.137419,-0.092678,-0.042611,-10.475,-4.729,-120.998,-25.5655,4.3045,-2.9001,-757.9185,87.5578,382.6440,0.0063804,-0.0239427,0.0262479,0.000000,0.000000,0.000000,0.00000,0.00000,0.000,0.000,0.000,0.000,0.000,-6.0000,0.0000,0.0000,6.0000,95.00,95.00,90.00,90.00,65535,65535,65535,1500,1,11,40.4365588,-86.8936495,196.500,0.409,0.045,0.000
60051,39256,24205,16259,0,0,2.82516,-0.29329,7.35618,0.013848,-0.054328,-0.041545,-10.732,-4.887,-121.018,-25.5223,4.1529,-3.0209,-758.6323,87.3684,382.4759,0.0065451,-0.0239350,0.0261993,0.000000,0.000000,0.000000,0.00000,0.00000,0.000,0.000,0.000,0.000,0.000,-6.0000,0.0000,0.0000,6.0000,95.00,95.00,90.00,90.00,65535,65535,65535,1500,1,11,40.4365588,-86.8936495,196.500,0.409,0.045,0.000
60088,31040,30204,27143,0,0,2.11528,-0.78410,6.13634,-0.046872,-0.096939,0.007457,-10.826,-5.021,-121.027,-25.5372,4.1051,-3.1286,-759.4247,87.4966,382.3805,0.0065451,-0.0239350,0.0261993,0.000000,0.000000,0.000000,0.00000,0.00000,0.000,0.000,0.000,0.000,0.000,-6.0000,0.0000,0.0000,6.0000,95.00,95.00,90.00,90.00,65535,65535,65535,1500,1,11,40.4365585,-86.8936488,196.300,0.409,0.045,0.000
60158,21730,23673,15261,0,0,2.02549,-0.02274,8.34379,-0.025566,-0.174703,-0.018109,-8.970,-6.795,-119.667,-25.2916,3.7270,-3.2365,-758.7679,84.7330,382.1767,0.0046005,-0.0224286,0.0256533,0.000000,0.000000,0.000000,0.00000,0.00000,0.000,0.000,0.000,0.000,0.000,-6.0000,0.0000,0.0000,6.0000,95.00,95.00,90.00,90.00,65535,65535,65535,1500,1,11,40.4365585,-86.8936488,196.300,0.409,0.045,0.000
60187,30356,22294,19213,0,0,1.50595,-1.29526,5.70179,0.075634,-0.145941,-0.012783,-8.843,-7.018,-119.700,-25.3140,3.7125,-3.3529,-759.5359,84.8459,382.0767,0.0046005,-0.0224286,0.0256533,0.000000,0.000000,0.000000,0.00000,0.00000,0.000,0.000,0.000,0.000,0.000,-6.0000,0.0000,0.0000,6.0000,95.00,95.00,90.00,90.00,65535,65535,65535,1500,1,11,40.4365582,-86.8936483,196.300,0.048,0.450,0.000
60236,30768,17337,14274,0,0,-0.16759,-5.23851,6.95037,-0.084156,-0.234358,0.009587,-9.464,-7.701,-121.028,-25.7831,4.3116,-3.4287,-765.9833,89.0956,381.8462,0.0053183,-0.0225752,0.0262165,0.000000,0.000000,0.000000,0.00000,0.00000,0.000,0.000,0.000,0.000,0.000,-6.0000,0.0000,0.0000,6.0000,95.00,95.00,90.00,90.00,65535,65535,65535,1500,1,11,40.4365582,-86.8936483,196.300,0.048,0.450,0.000
60282,29205,15741,12658,0,0,1.25456,0.78889,7.10240,-0.018109,-0.112918,0.022371,-9.594,-7.997,-120.984,-25.7114,4.2484,-3.5837,-767.2040,89.2984,381.6797,0.0053183,-0.0225752,0.0262165,0.000000,0.000000,0.000000,0.00000,0.00000,0.000,0.000,0.000,0.000,0.000,-6.0000,0.0000,0.0000,6.0000,95.00,95.00,90.00,90.00,65535,65535,65535,1500,1,11,40.4365578,-86.8936478,196.000,-0.020,0.463,0.000
60332,30860,18257,15235,0,0,-0.15921,-3.72059,7.72130,-0.099070,-0.077764,0.045806,-11.264,-8.888,-128.426,-27.8322,7.3560,-3.6364,-799.2873,113.1970,381.2378,0.0078989,-0.0230988,0.0293877,0.000000,0.000000,0.000000,0.00000,0.00000,0.000,0.000,0.000,0.000,0.000,-6.0000,0.0000,0.0000,6.0000,95.00,95.00,90.00,90.00,65535,65535,65535,1500,1,11,40.4365578,-86.8936478,196.000,-0.020,0.463,0.000
60397,16447,18092,15093,0,0,2.23978,-3.75171,9.53012,0.039415,0.036219,0.038350,-11.754,-8.919,-131.111,-28.5768,8.4888,-3.6878,-812.5402,122.4576,380.8997,0.0087961,-0.0235500,0.0305562,0.000000,0.000000,0.000000,0.00000,0.00000,0.000,0.000,0.000,0.000,0.000,-6.0000,0.0000,0.0000,6.0000,95.00,95.00,90.00,90.00,65535,65535,65535,1500,1,11,40.4365575,-86.8936470,195.700,-0.020,0.463,0.000
60445,25918,15720,12681,0,0,0.99240,1.72981,7.17183,-0.088417,0.085221,0.099070,-11.509,-7.766,-130.267,-28.2950,8.0419,-3.8175,-810.4929,120.0799,380.7422,0.0082298,-0.0243014,0.0302010,0.000000,0.000000,0.000000,0.00000,0.00000,0.000,0.000,0.000,0.000,0.000,-6.0000,0.0000,0.0000,6.0000,95.00,95.00,90.00,90.00,65535,65535,65535,1500,1,11,40.4365575,-86.8936470,195.700,-0.020,0.463,0.000
60485,22577,33395,30341,0,0,0.60334,-3.16274,9.45710,0.020240,0.110788,0.063916,-11.787,-7.543,-131.329,-28.5852,8.4722,-3.8171,-815.4044,123.5829,380.6182,0.0086565,-0.0245204,0.0306408,0.000000,0.000000,0.000000,0.00000,0.00000,0.000,0.000,0.000,0.000,0.000,-6.0000,0.0000,0.0000,6.0000,95.00,95.00,90.00,90.00,65535,65535,65535,1500,1,11,40.4365573,-86.8936463,195.600,-0.061,0.599,0.000
60552,29958,30745,22771,0,0,2.70665,-0.74101,6.78756,0.143811,0.059655,0.117179,-11.829,-6.975,-131.152,-28.6252,8.3782,-4.0009,-817.3943,124.1696,380.3464,0.0086565,-0.0245204,0.0306408,0.000000,0.000000,0.000000,0.00000,0.00000,0.000,0.000,0.000,0.000,0.000,-6.0000,0.0000,0.0000,6.0000,95.00,95.00,90.00,90.00,65535,65535,65535,1500,1,11,40.4365573,-86.8936463,195.600,-0.061,0.599,0.000
60590,44433,24454,21453,0,0,-0.65841,-2.51870,8.01220,-0.045806,0.101200,0.109722,-12.236,-6.093,-131.978,-28.8483,8.7317,-4.0729,-822.0363,127.1681,380.1366,0.0090078,-0.0251505,0.0309923,0.000000,0.000000,0.000000,0.00000,0.00000,0.000,0.000,0.000,0.000,0.000,-6.0000,0.0000,0.0000,6.0000,95.00,95.00,90.00,90.00,65535,65535,65535,1500,1,11,40.4365573,-86.8936463,195.300,-0.014,0.453,0.000
60635,22973,15744,12716,0,0,0.48842,0.17478,6.35062,0.124636,0.112918,0.088417,-11.894,-5.643,-131.855,-28.7351,8.6352,-4.2662,-823.5787,127.6329,379.9132,0.0090078,-0.0251505,0.0309923,0.000000,0.000000,0.000000,0.00000,0.00000,0.000,0.000,0.000,0.000,0.000,-6.0000,0.0000,0.0000,6.0000,95.00,95.00,90.00,90.00,65535,65535,65535,1500,1,11,40.4365573,-86.8936463,195.300,-0.014,0.453,0.000
60686,25968,18280,15241,0,0,1.77051,-3.79361,7.82545,0.177899,0.070307,0.036219,-12.154,-6.246,-131.033,-28.5034,8.3851,-4.3323,-821.7792,125.8199,379.7295,0.0094872,-0.0242254,0.0306982,0.000000,0.000000,0.000000,0.00000,0.00000,0.000,0.000,0.000,0.000,0.000,-6.0000,0.0000,0.0000,6.0000,95.00,95.00,90.00,90.00,65535,65535,65535,1500,1,11,40.4365572,-86.8936460,195.100,0.036,0.446,0.000
60733,22760,18315,15256,0,0,-0.56982,-3.33632,9.13029,0.108657,-0.061785,0.073503,-12.634,-5.459,-130.058,-28.1616,7.9173,-4.4162,-818.5791,122.8267,379.5571,0.0098915,-0.0247975,0.0302848,0.000000,0.000000,0.000000,0.00000,0.00000,0.000,0.000,0.000,0.000,0.000,-6.0000,0.0000,0.0000,6.0000,95.00,95.00,90.00,90.00,65535,65535,65535,1500,1,11,40.4365572,-86.8936460,195.100,0.036,0.446,0.000
60795,18176,15563,12575,0,0,0.13168,-0.82720,6.48589,-0.055394,-0.060720,0.076699,-12.535,-5.533,-129.971,-28.1297,7.8297,-4.6575,-820.4019,123.3352,379.2634,0.0098915,-0.0247975,0.0302848,0.000000,0.000000,0.000000,0.00000,0.00000,0.000,0.000,0.000,0.000,0.000,-6.0000,0.0000,0.0000,6.0000,95.00,95.00,90.00,90.00,65535,65535,65535,1500,1,11,40.4365570,-86.8936457,194.900,0.032,0.395,0.000
60842,27693,18280,15247,0,0,2.48039,-2.41455,7.68658,-0.003196,0.006392,0.046872,-12.977,-6.360,-129.967,-28.1562,7.9628,-4.7503,-822.7054,124.6387,379.0461,0.0102140,-0.0240798,0.0303943,0.000000,0.000000,0.000000,0.00000,0.00000,0.000,0.000,0.000,0.000,0.000,-6.0000,0.0000,0.0000,6.0000,95.00,95.00,90.00,90.00,65535,65535,65535,1500,1,11,40.4365570,-86.8936457,194.900,0.032,0.395,0.000
60893,25977,18279,15225,0,0,-0.95888,-1.35751,8.93037,-0.200270,-0.047937,0.093743,-13.365,-5.975,-130.319,-28.2750,8.1162,-4.7865,-825.7964,126.3290,378.7883,0.0101800,-0.0244985,0.0305643,0.000000,0.000000,0.000000,0.00000,0.00000,0.000,0.000,0.000,0.000,0.000,-6.0000,0.0000,0.0000,6.0000,95.00,95.00,90.00,90.00,65535,65535,65535,1500,1,11,40.4365572,-86.8936458,194.700,0.024,0.297,0.000
60941,23147,18316,15264,0,0,2.25055,-4.22816,10.00417,-0.176834,0.014914,0.068177,-14.613,-6.163,-129.298,-27.9539,7.7775,-4.8297,-823.5367,124.0415,378.5864,0.0106556,-0.0241855,0.0302300,0.000000,0.000000,0.000000,0.00000,0.00000,0.000,0.000,0.000,0.000,0.000,-6.0000,0.0000,0.0000,6.0000,95.00,95.00,90.00,90.00,65535,65535,65535,1500,1,11,40.4365572,-86.8936458,194.700,0.024,0.297,0.000
60992,21328,23335,15347,0,0,-0.12091,-1.24020,8.69574,-0.153398,0.000000,0.098004,-14.301,-5.814,-130.338,-28.3362,8.2882,-4.8114,-829.6458,128.1014,378.3241,0.0103296,-0.0245536,0.0306934,0.000000,0.000000,0.000000,0.00000,0.00000,0.000,0.000,0.000,0.000,0.000,-6.0000,0.0000,0.0000,6.0000,95.00,95.00,90.00,90.00,65535,65535,65535,1500,1,11,40.4365572,-86.8936462,194.500,0.018,0.220,0.000
61032,29630,33396,30379,0,0,2.03028,-0.65721,9.11951,0.028762,0.044741,0.094809,-13.668,-6.049,-130.018,-28.3163,8.2409,-4.8283,-830.2499,127.9663,378.1871,0.0097493,-0.0241813,0.0306310,0.000000,0.000000,0.000000,0.00000,0.00000,0.000,0.000,0.000,0.000,0.000,-6.0000,0.0000,0.0000,6.0000,95.00,95.00,90.00,90.00,65535,65535,65535,1500,1,11,40.4365572,-86.8936462,194.500,0.018,0.220,0.000
61098,38211,20734,17699,0,0,2.09852,-3.06458,10.51174,0.063916,0.076699,0.046872,-13.126,-5.536,-130.199,-28.3865,8.3339,-4.8107,-833.4716,129.3887,377.8003,0.0096820,-0.0242586,0.0307271,0.000000,0.000000,0.000000,0.00000,0.00000,0.000,0.000,0.000,0.000,0.000,-6.0000,0.0000,0.0000,6.0000,95.00,95.00,90.00,90.00,65535,65535,65535,1500,1,11,40.4365575,-86.8936465,194.500,0.011,0.133,0.000
61144,24876,15206,12186,0,0,0.98402,1.97402,5.89093,0.243946,-0.077764,0.045806,-13.003,-4.739,-129.890,-28.2001,8.0498,-4.9358,-832.8119,128.1662,377.5645,0.0099871,-0.0249666,0.0305404,0.000000,0.000000,0.000000,0.00000,0.00000,0.000,0.000,0.000,0.000,0.000,-6.0000,0.0000,0.0000,6.0000,95.00,95.00,90.00,90.00,65535,65535,65535,1500,1,11,40.4365575,-86.8936465,194.500,0.011,0.133,0.000
61200,34441,21601,12694,0,0,-0.75298,1.11570,7.45674,0.184291,-0.185356,0.001065,-12.810,-4.825,-129.514,-27.9704,7.8230,-5.0234,-832.2739,127.0415,377.3322,0.0101633,-0.0251473,0.0303595,0.000000,0.000000,0.000000,0.00000,0.00000,0.000,0.000,0.000,0.000,0.000,-6.0000,0.0000,0.0000,6.0000,95.00,95.00,90.00,90.00,65535,65535,65535,1500,1,11,40.4365580,-86.8936482,194.500,0.012,0.149,0.000
61244,19681,18176,15155,0,0,1.14443,-3.00353,10.48062,0.037284,-0.184291,-0.041545,-12.657,-5.453,-129.857,-28.0423,7.9434,-5.0288,-834.7275,128.3614,377.0836,0.0102142,-0.0250459,0.0304743,0.000000,0.000000,0.000000,0.00000,0.00000,0.000,0.000,0.000,0.000,0.000,-6.0000,0.0000,0.0000,6.0000,95.00,95.00,90.00,90.00,65535,65535,65535,1500,1,11,40.4365580,-86.8936482,194.500,0.012,0.149,0.000
61293,26488,15733,12657,0,0,0.00120,-1.48081,7.40886,0.068177,-0.158724,-0.027697,-11.591,-4.980,-128.146,-27.5147,7.0907,-5.0767,-828.3136,121.9159,376.8991,0.0092647,-0.0255380,0.0296364,0.000000,0.000000,0.000000,0.00000,0.00000,0.000,0.000,0.000,0.000,0.000,-6.0000,0.0000,0.0000,6.0000,95.00,95.00,90.00,90.00,65535,65535,65535,1500,1,12,40.4365582,-86.8936483,193.800,0.010,0.128,0.000
61342,30809,18231,15206,0,0,1.22344,-2.87663,9.82820,0.076699,-0.073503,-0.067112,-11.547,-6.373,-130.471,-28.1235,8.1291,-5.0888,-839.1570,130.3515,376.5756,0.0097400,-0.0248654,0.0306098,0.000000,0.000000,0.000000,0.00000,0.00000,0.000,0.000,0.000,0.000,0.000,-6.0000,0.0000,0.0000,6.0000,95.00,95.00,90.00,90.00,65535,65535,65535,1500,1,12,40.4365582,-86.8936483,193.800,0.010,0.128,0.000
61392,31164,17326,14267,0,0,0.18914,2.08655,8.37252,-0.060720,-0.013848,-0.006392,-11.882,-6.359,-130.860,-28.0900,8.1488,-5.1374,-841.4233,131.5485,376.3106,0.0099458,-0.0249548,0.0307099,0.000000,0.000000,0.000000,0.00000,0.00000,0.000,0.000,0.000,0.000,0.000,-6.0000,0.0000,0.0000,6.0000,95.00,95.00,90.00,90.00,65535,65535,65535,1500,1,12,40.4365582,-86.8936482,193.600,0.008,0.097,0.000
61443,22691,18199,15166,0,0,0.71467,0.51236,8.49463,-0.142745,0.165116,0.022371,-11.144,-5.394,-129.807,-27.7862,7.6121,-5.1847,-837.9626,127.5746,376.0995,0.0089195,-0.0252441,0.0301841,0.000000,0.000000,0.000000,0.00000,0.00000,0.000,0.000,0.000,0.000,0.000,-6.0000,0.0000,0.0000,6.0000,95.00,95.00,90.00,90.00,65535,65535,65535,1500,1,12,40.4365582,-86.8936482,193.600,0.008,0.097,0.000
61492,23906,18292,15241,0,0,-0.13288,-2.58454,9.99699,-0.284426,0.196009,0.035154,-11.938,-4.526,-129.984,-27.8144,7.6268,-5.1194,-839.0517,127.7878,375.8497,0.0090536,-0.0255177,0.0301744,0.000000,0.000000,0.000000,0.00000,0.00000,0.000,0.000,0.000,0.000,0.000,-6.0000,0.0000,0.0000,6.0000,95.00,95.00,90.00,90.00,65535,65535,65535,1500,1,12,40.4365585,-86.8936483,193.300,0.019,0.236,0.000
61531,24453,33381,30354,0,0,0.91099,1.19351,8.98304,-0.122505,0.187487,0.051133,-10.891,-4.589,-131.512,-28.2680,8.3169,-5.1440,-846.4606,133.4774,375.6729,0.0081558,-0.0254282,0.0308327,0.000000,0.000000,0.000000,0.00000,0.00000,0.000,0.000,0.000,0.000,0.000,-6.0000,0.0000,0.0000,6.0000,95.00,95.00,90.00,90.00,65535,65535,65535,1500,1,12,40.4365585,-86.8936483,193.300,0.019,0.236,0.000
61608,39843,35796,27817,0,0,1.29766,-2.91853,6.88094,-0.013848,0.199204,0.034088,-9.735,-3.522,-134.683,-29.1393,9.6102,-5.2750,-860.8651,144.5430,375.1869,0.0074066,-0.0259968,0.0320991,0.000000,0.000000,0.000000,0.00000,0.00000,0.000,0.000,0.000,0.000,0.000,-6.0000,0.0000,0.0000,6.0000,95.00,95.00,90.00,90.00,65535,65535,65535,1500,1,12,40.4365580,-86.8936477,192.900,0.019,0.236,0.000
61640,42118,25394,15673,0,0,-0.42377,-1.26893,9.75877,0.035154,0.101200,0.042611,-9.467,-3.010,-135.509,-29.3292,9.9368,-5.2745,-865.1420,147.5933,374.9393,0.0073301,-0.0262821,0.0324232,0.000000,0.000000,0.000000,0.00000,0.00000,0.000,0.000,0.000,0.000,0.000,-6.0000,0.0000,0.0000,6.0000,95.00,95.00,90.00,90.00,65535,65535,65535,1500,1,12,40.4365580,-86.8936477,192.900,0.019,0.236,0.000
61691,25923,18276,15228,0,0,1.83875,0.01077,8.88967,0.125701,0.083091,-0.004261,-7.962,-3.467,-139.291,-30.3507,11.5778,-5.3242,-882.5116,161.6093,374.5027,0.0067348,-0.0260489,0.0340092,0.000000,0.000000,0.000000,0.00000,0.00000,0.000,0.000,0.000,0.000,0.000,-6.0000,0.0000,0.0000,6.0000,95.00,95.00,90.00,90.00,65535,65535,65535,1500,1,12,40.4365585,-86.8936485,192.900,0.016,0.195,0.000
61741,25848,18250,15219,0,0,-0.50398,-0.65721,9.33020,0.106526,-0.044741,-0.026632,-7.998,-2.416,-137.927,-29.9070,10.8412,-5.3373,-877.1224,156.2284,374.2916,0.0068730,-0.0268003,0.0333248,0.000000,0.000000,0.000000,0.00000,0.00000,0.000,0.000,0.000,0.000,0.000,-6.0000,0.0000,0.0000,6.0000,95.00,95.00,90.00,90.00,65535,65535,65535,1500,1,12,40.4365585,-86.8936485,192.900,0.016,0.195,0.000
61787,23401,15742,12699,0,0,3.18070,-0.84036,6.88692,0.148072,-0.138484,-0.061785,-7.617,-2.707,-138.082,-29.9372,10.7946,-5.4728,-878.5752,156.7545,374.0290,0.0068730,-0.0268003,0.0333248,0.000000,0.000000,0.000000,0.00000,0.00000,0.000,0.000,0.000,0.000,0.000,-6.0000,0.0000,0.0000,6.0000,95.00,95.00,90.00,90.00,65535,65535,65535,1500,1,12,40.4365585,-86.8936485,192.300,0.012,0.149,0.000
61835,20750,21589,15296,0,0,0.85712,-0.71228,8.60476,0.103331,-0.240750,-0.072438,-7.082,-3.393,-138.827,-30.0953,11.0979,-5.5465,-882.2881,159.3243,373.7746,0.0067781,-0.0266606,0.0335674,0.000000,0.000000,0.000000,0.00000,0.00000,0.000,0.000,0.000,0.000,0.000,-6.0000,0.0000,0.0000,6.0000,95.00,95.00,90.00,90.00,65535,65535,65535,1500,1,12,40.4365585,-86.8936485,192.300,0.012,0.149,0.000
61887,26390,18259,15244,0,0,2.99155,0.95170,8.67300,0.018109,-0.170442,-0.102265,-5.987,-5.021,-141.330,-30.7173,12.1192,-5.6144,-893.6970,168.3058,373.3921,0.0062299,-0.0258837,0.0345149,0.000000,0.000000,0.000000,0.00000,0.00000,0.000,0.000,0.000,0.000,0.000,-6.0000,0.0000,0.0000,6.0000,95.00,95.00,90.00,90.00,65535,65535,65535,1500,1,12,40.4365588,-86.8936487,192.100,0.017,0.215,0.000
61937,25726,18218,15201,0,0,0.46088,-1.28329,8.85735,-0.002131,-0.139550,-0.082025,-6.784,-5.597,-141.898,-30.7599,12.2323,-5.6470,-895.9079,169.8026,373.0985,0.0068605,-0.0257290,0.0346271,0.000000,0.000000,0.000000,0.00000,0.00000,0.000,0.000,0.000,0.000,0.000,-6.0000,0.0000,0.0000,6.0000,95.00,95.00,90.00,90.00,65535,65535,65535,1500,1,12,40.4365588,-86.8936487,192.100,0.017,0.215,0.000
61988,26504,18249,15215,0,0,-0.53032,-0.09098,8.76757,-0.041545,-0.018109,-0.049002,-6.768,-4.377,-140.479,-30.2871,11.4086,-5.6584,-889.9643,163.6481,372.8738,0.0065892,-0.0267041,0.0338646,0.000000,0.000000,0.000000,0.00000,0.00000,0.000,0.000,0.000,0.000,0.000,-6.0000,0.0000,0.0000,6.0000,95.00,95.00,90.00,90.00,65535,65535,65535,1500,1,12,40.4365587,-86.8936492,191.800,0.019,0.236,0.000
62059,48328,21243,15452,0,0,1.52630,-3.69665,10.41837,-0.003196,0.015979,-0.082025,-7.669,-4.879,-141.648,-30.5009,11.7845,-5.5987,-894.6648,167.1638,372.4635,0.0075358,-0.0262482,0.0341810,0.000000,0.000000,0.000000,0.00000,0.00000,0.000,0.000,0.000,0.000,0.000,-6.0000,0.0000,0.0000,6.0000,95.00,95.00,90.00,90.00,65535,65535,65535,1500,1,12,40.4365587,-86.8936492,191.800,0.019,0.236,0.000
62090,27514,24474,21439,0,0,-0.71347,-3.35428,10.06044,-0.153398,-0.006392,-0.074569,-8.491,-4.360,-141.502,-30.3820,11.6038,-5.5834,-893.4782,165.9012,372.3229,0.0079969,-0.0266806,0.0340188,0.000000,0.000000,0.000000,0.00000,0.00000,0.000,0.000,0.000,0.000,0.000,-6.0000,0.0000,0.0000,6.0000,95.00,95.00,90.00,90.00,65535,65535,65535,1500,1,12,40.4365587,-86.8936492,191.800,0.019,0.236,0.000
62136,25006,15255,12222,0,0,-0.44412,-0.43814,6.34104,-0.085221,0.023436,-0.056459,-8.741,-4.026,-141.631,-30.2935,11.5080,-5.6682,-894.1263,165.6789,372.0181,0.0081502,-0.0268657,0.0339268,0.000000,0.000000,0.000000,0.00000,0.00000,0.000,0.000,0.000,0.000,0.000,-6.0000,0.0000,0.0000,6.0000,95.00,95.00,90.00,90.00,65535,65535,65535,1500,1,12,40.4365587,-86.8936492,191.800,0.019,0.236,0.000
62184,29726,18199,15176,0,0,2.22302,-2.58933,10.04727,0.036219,0.111853,-0.049002,-9.148,-4.587,-141.626,-30.2578,11.4840,-5.6628,-895.2036,165.8985,371.7625,0.0085197,-0.0261128,0.0338673,0.000000,0.000000,0.000000,0.00000,0.00000,0.000,0.000,0.000,0.000,0.000,-6.0000,0.0000,0.0000,6.0000,95.00,95.00,90.00,90.00,65535,65535,65535,1500,1,12,40.4365587,-86.8936492,191.800,0.019,0.236,0.000
62235,25630,18253,15225,0,0,0.85952,-0.33878,8.51258,0.096939,0.085221,-0.031958,-9.261,-4.360,-141.716,-30.2123,11.4120,-5.6655,-895.9192,165.7917,371.4813,0.0087402,-0.0260811,0.0337893,0.000000,0.000000,0.000000,0.00000,0.00000,0.000,0.000,0.000,0.000,0.000,-6.0000,0.0000,0.0000,6.0000,95.00,95.00,90.00,90.00,65535,65535,65535,1500,1,11,40.4365598,-86.8936507,191.200,0.375,-0.092,0.000
62284,23221,15708,12657,0,0,-0.29329,0.03950,6.55532,-0.079895,0.063916,-0.001065,-9.586,-4.028,-141.564,-30.0865,11.2349,-5.7157,-895.9025,164.9445,371.2032,0.0088828,-0.0260785,0.0336259,0.000000,0.000000,0.000000,0.00000,0.00000,0.000,0.000,0.000,0.000,0.000,-6.0000,0.0000,0.0000,6.0000,95.00,95.00,90.00,90.00,65535,65535,65535,1500,1,11,40.4365600,-86.8936512,191.200,0.236,-0.102,0.000
62333,26096,15738,12684,0,0,1.61609,-1.55743,6.89291,-0.096939,0.052198,-0.039415,-9.880,-3.786,-141.779,-30.1375,11.2362,-5.8602,-897.3652,165.4906,370.9218,0.0088828,-0.0260785,0.0336259,0.000000,0.000000,0.000000,0.00000,0.00000,0.000,0.000,0.000,0.000,0.000,-6.0000,0.0000,0.0000,6.0000,95.00,95.00,90.00,90.00,65535,65535,65535,1500,1,11,40.4365600,-86.8936512,190.900,0.236,-0.102,0.000
62399,17065,18152,15179,0,0,0.96127,-1.95606,10.31781,-0.157659,0.085221,-0.004261,-10.129,-3.307,-142.569,-30.2889,11.4483,-5.9208,-901.5703,168.3445,370.5234,0.0087224,-0.0261868,0.0338707,0.000000,0.000000,0.000000,0.00000,0.00000,0.000,0.000,0.000,0.000,0.000,-6.0000,0.0000,0.0000,6.0000,95.00,95.00,90.00,90.00,65535,65535,65535,1500,1,11,40.4365603,-86.8936517,190.700,0.236,-0.102,0.000
62449,30817,18248,15179,0,0,1.57538,-2.11647,10.06882,-0.069242,-0.017044,-0.025566,-10.790,-3.672,-139.979,-29.6413,10.2992,-5.8961,-893.1472,159.1900,370.3148,0.0088499,-0.0253655,0.0327391,0.000000,0.000000,0.000000,0.00000,0.00000,0.000,0.000,0.000,0.000,0.000,-6.0000,0.0000,0.0000,6.0000,95.00,95.00,90.00,90.00,65535,65535,65535,1500,1,11,40.4365603,-86.8936517,190.700,0.236,-0.102,0.000
62482,28194,22329,14246,0,0,1.18393,-3.06099,11.48020,0.165116,-0.030893,-0.041545,-10.530,-3.703,-140.095,-29.6668,10.3113,-5.8371,-893.9833,159.4805,370.1494,0.0088499,-0.0253655,0.0327391,0.000000,0.000000,0.000000,0.00000,0.00000,0.000,0.000,0.000,0.000,0.000,-6.0000,0.0000,0.0000,6.0000,95.00,95.00,90.00,90.00,65535,65535,65535,1500,1,11,40.4365603,-86.8936517,190.700,0.236,-0.102,0.000
62544,37106,18348,15304,0,0,1.21147,-2.85269,9.42597,0.173638,0.012783,-0.036219,-10.932,-3.529,-137.574,-29.0073,9.0800,-5.8049,-885.0029,149.7005,369.8555,0.0094775,-0.0250719,0.0315600,0.000000,0.000000,0.000000,0.00000,0.00000,0.000,0.000,0.000,0.000,0.000,-6.0000,0.0000,0.0000,6.0000,95.00,95.00,90.00,90.00,65535,65535,65535,1500,1,11,40.4365607,-86.8936523,190.500,0.236,-0.102,0.000
62584,24520,33311,30286,0,0,-0.14485,-1.09774,9.87249,0.139550,-0.045806,-0.028762,-10.460,-3.416,-138.149,-29.1245,9.2855,-5.8044,-887.5425,151.6536,369.6983,0.0092857,-0.0252855,0.0317574,0.000000,0.000000,0.000000,0.00000,0.00000,0.000,0.000,0.000,0.000,0.000,-6.0000,0.0000,0.0000,6.0000,95.00,95.00,90.00,90.00,65535,65535,65535,1500,1,11,40.4365607,-86.8936523,190.500,0.236,-0.102,0.000
62649,38749,19832,16797,0,0,0.03950,0.77213,9.59596,-0.035154,-0.063916,-0.014914,-9.342,-3.741,-140.264,-29.5683,10.1280,-5.8198,-897.5486,159.7032,369.1757,0.0085819,-0.0254341,0.0325689,0.000000,0.000000,0.000000,0.00000,0.00000,0.000,0.000,0.000,0.000,0.000,-6.0000,0.0000,0.0000,6.0000,95.00,95.00,90.00,90.00,65535,65535,65535,1500,1,11,40.4365608,-86.8936530,190.200,0.234,-0.177,0.000
62708,30123,21674,15309,0,0,0.28491,-1.14203,9.30507,-0.039415,-0.157659,-0.006392,-9.026,-4.071,-140.944,-29.7151,10.3957,-5.8760,-901.6346,162.5436,368.8240,0.0082869,-0.0255100,0.0328183,0.000000,0.000000,0.000000,0.00000,0.00000,0.000,0.000,0.000,0.000,0.000,-6.0000,0.0000,0.0000,6.0000,95.00,95.00,90.00,90.00,65535,65535,65535,1500,1,11,40.4365613,-86.8936538,190.000,0.301,-0.206,0.000
62749,17168,18226,15214,0,0,2.55581,-1.97522,9.37091,0.118244,-0.105461,-0.039415,-9.228,-4.958,-141.095,-29.7116,10.4659,-5.9758,-903.5220,163.5660,368.5501,0.0084568,-0.0249887,0.0328680,0.000000,0.000000,0.000000,0.00000,0.00000,0.000,0.000,0.000,0.000,0.000,-6.0000,0.0000,0.0000,6.0000,95.00,95.00,90.00,90.00,65535,65535,65535,1500,1,11,40.4365613,-86.8936538,190.000,0.301,-0.206,0.000
62781,25037,25013,21997,0,0,1.10133,-1.06303,11.00375,-0.090547,-0.063916,-0.022371,-9.150,-5.073,-141.235,-29.7341,10.5033,-5.9436,-904.6961,164.1618,368.3983,0.0082764,-0.0249497,0.0329005,0.000000,0.000000,0.000000,0.00000,0.00000,0.000,0.000,0.000,0.000,0.000,-6.0000,0.0000,0.0000,6.0000,95.00,95.00,90.00,90.00,65535,65535,65535,1500,1,11,40.4365620,-86.8936547,190.000,0.416,-0.275,0.000
62832,25920,18291,15229,0,0,2.44328,-1.72263,10.85292,-0.019175,0.052198,-0.005326,-9.199,-5.856,-140.962,-29.6842,10.3879,-5.9002,-905.7701,163.8773,368.0642,0.0081311,-0.0240704,0.0327725,0.000000,0.000000,0.000000,0.00000,0.00000,0.000,0.000,0.000,0.000,0.000,-6.0000,0.0000,0.0000,6.0000,95.00,95.00,90.00,90.00,65535,65535,65535,1500,1,11,40.4365620,-86.8936547,189.800,0.416,-0.275,0.000
62883,26476,18266,15228,0,0,0.77213,-1.99796,9.85334,-0.102265,0.121440,0.018109,-9.261,-5.135,-141.406,-29.7484,10.4856,-5.9320,-908.0787,165.2585,367.7554,0.0080598,-0.0244643,0.0328772,0.000000,0.000000,0.000000,0.00000,0.00000,0.000,0.000,0.000,0.000,0.000,-6.0000,0.0000,0.0000,6.0000,95.00,95.00,90.00,90.00,65535,65535,65535,1500,1,11,40.4365620,-86.8936555,189.500,0.322,-0.273,0.000
62938,26361,18163,15114,0,0,-0.76614,-1.60412,9.46907,-0.124636,0.073503,0.066046,-9.511,-4.485,-141.889,-29.8428,10.6639,-5.9157,-911.0949,167.3626,367.4192,0.0081320,-0.0247563,0.0330560,0.000000,0.000000,0.000000,0.00000,0.00000,0.000,0.000,0.000,0.000,0.000,-6.0000,0.0000,0.0000,6.0000,95.00,95.00,90.00,90.00,65535,65535,65535,1500,1,11,40.4365620,-86.8936555,189.500,0.322,-0.273,0.000
62988,31686,18303,15240,0,0,1.01394,0.11133,8.45871,-0.128897,0.159790,0.079895,-8.868,-4.384,-144.270,-30.4201,11.7742,-5.9601,-921.9845,177.4558,367.0375,0.0075179,-0.0246766,0.0341011,0.000000,0.000000,0.000000,0.00000,0.00000,0.000,0.000,0.000,0.000,0.000,-6.0000,0.0000,0.0000,6.0000,95.00,95.00,90.00,90.00,65535,65535,65535,1500,1,11,40.4365625,-86.8936560,189.200,0.358,-0.242,0.000
63055,39222,26782,18810,0,0,-0.87867,-1.63045,9.39006,0.056459,0.068177,0.122505,-9.395,-3.256,-143.844,-30.3110,11.6024,-5.9751,-922.0704,176.6406,366.7009,0.0079735,-0.0253330,0.0339574,0.000000,0.000000,0.000000,0.00000,0.00000,0.000,0.000,0.000,0.000,0.000,-6.0000,0.0000,0.0000,6.0000,95.00,95.00,90.00,90.00,65535,65535,65535,1500,1,11,40.4365625,-86.8936560,189.200,0.358,-0.242,0.000
63093,33777,30139,27062,0,0,0.48602,-1.35392,8.30429,0.083091,0.033023,0.147006,-9.261,-3.117,-143.630,-30.3079,11.5960,-6.0216,-923.0434,176.9774,366.4987,0.0079723,-0.0253241,0.0339511,0.000000,0.000000,0.000000,0.00000,0.00000,0.000,0.000,0.000,0.000,0.000,-6.0000,0.0000,0.0000,6.0000,95.00,95.00,90.00,90.00,65535,65535,65535,1500,1,11,40.4365625,-86.8936563,189.200,0.293,-0.162,0.000
63145,24745,17619,14609,0,0,1.05584,-1.72861,9.94671,0.087352,0.011718,0.137419,-9.405,-2.650,-143.245,-30.2827,11.6086,-5.9667,-924.8651,177.6425,366.1085,0.0080954,-0.0255706,0.0339474,0.000000,0.000000,0.000000,0.00000,0.00000,0.000,0.000,0.000,0.000,0.000,-6.0000,0.0000,0.0000,6.0000,95.00,95.00,90.00,90.00,65535,65535,65535,1500,1,11,40.4365625,-86.8936563,189.200,0.293,-0.162,0.000
63187,20233,15750,12681,0,0,0.26815,1.64362,7.01142,0.086286,-0.014914,0.187487,-9.870,-2.268,-140.844,-29.7839,10.6278,-6.0124,-918.4421,169.9800,365.9184,0.0084279,-0.0255229,0.0330621,0.000000,0.000000,0.000000,0.00000,0.00000,0.000,0.000,0.000,0.000,0.000,-6.0000,0.0000,0.0000,6.0000,95.00,95.00,90.00,90.00,65535,65535,65535,1500,1,11,40.4365627,-86.8936565,189.200,0.208,-0.102,0.000
63237,25967,18206,15191,0,0,1.59454,-2.98078,8.93875,0.209857,-0.088417,0.152333,-10.241,-2.861,-138.451,-29.3447,9.7734,-6.0376,-912.7237,163.0103,365.6883,0.0089552,-0.0247563,0.0322466,0.000000,0.000000,0.000000,0.00000,0.00000,0.000,0.000,0.000,0.000,0.000,-6.0000,0.0000,0.0000,6.0000,95.00,95.00,90.00,90.00,65535,65535,65535,1500,1,11,40.4365627,-86.8936565,188.600,0.208,-0.102,0.000
63288,31793,18251,15204,0,0,-0.94332,-2.89698,9.41280,0.060720,-0.190682,0.173638,-10.657,-1.928,-136.148,-28.9098,8.8429,-6.0313,-906.6187,155.3581,365.4485,0.0092341,-0.0255890,0.0313811,0.000000,0.000000,0.000000,0.00000,0.00000,0.000,0.000,0.000,0.000,0.000,-6.0000,0.0000,0.0000,6.0000,95.00,95.00,90.00,90.00,65535,65535,65535,1500,1,11,40.4365628,-86.8936568,188.600,0.190,-0.093,0.000
63342,34442,18289,15342,0,0,-0.75537,1.14922,10.17057,0.239684,-0.157659,0.197074,-9.105,-1.520,-134.716,-28.6914,8.3907,-6.0121,-905.1340,152.0191,365.1585,0.0083889,-0.0260707,0.0309612,0.000000,0.000000,0.000000,0.00000,0.00000,0.000,0.000,0.000,0.000,0.000,-6.0000,0.0000,0.0000,6.0000,95.00,95.00,90.00,90.00,65535,65535,65535,1500,1,11,40.4365628,-86.8936568,188.600,0.190,-0.093,0.000
63387,20450,18245,15203,0,0,1.31681,-2.25175,10.11670,0.152333,-0.133158,0.203466,-8.996,-2.597,-136.165,-29.1005,9.3004,-6.0178,-913.3045,160.3613,364.8217,0.0090064,-0.0256086,0.0318229,0.000000,0.000000,0.000000,0.00000,0.00000,0.000,0.000,0.000,0.000,0.000,-6.0000,0.0000,0.0000,6.0000,95.00,95.00,90.00,90.00,65535,65535,65535,1500,1,11,40.4365630,-86.8936570,187.900,0.243,-0.066,0.000
63440,28188,18229,15193,0,0,1.60651,-2.68510,9.02015,0.241815,-0.026632,0.173638,-8.669,-3.764,-138.666,-29.7355,10.6874,-6.0473,-925.4308,172.9803,364.4038,0.0096312,-0.0250600,0.0331248,0.000000,0.000000,0.000000,0.00000,0.00000,0.000,0.000,0.000,0.000,0.000,-6.0000,0.0000,0.0000,6.0000,95.00,95.00,90.00,90.00,65535,65535,65535,1500,1,11,40.4365630,-86.8936570,187.900,0.243,-0.066,0.000
63491,26643,18280,15221,0,0,-0.44652,1.31561,9.50378,0.088417,-0.033023,0.211988,-8.214,-3.006,-136.229,-29.3144,9.7667,-6.0841,-919.9443,165.4946,364.1604,0.0092276,-0.0253740,0.0322675,0.000000,0.000000,0.000000,0.00000,0.00000,0.000,0.000,0.000,0.000,0.000,-6.0000,0.0000,0.0000,6.0000,95.00,95.00,90.00,90.00,65535,65535,65535,1500,1,11,40.4365630,-86.8936572,187.600,0.139,-0.037,0.000
63563,43343,22710,15441,0,0,1.49278,-1.39223,10.19331,-0.052198,-0.118244,0.144876,-8.248,-3.255,-135.544,-29.2948,9.6833,-6.0561,-921.4453,165.5428,363.7535,0.0091062,-0.0253495,0.0322003,0.000000,0.000000,0.000000,0.00000,0.00000,0.000,0.000,0.000,0.000,0.000,-6.0000,0.0000,0.0000,6.0000,95.00,95.00,90.00,90.00,65535,65535,65535,1500,1,11,40.4365630,-86.8936572,187.600,0.139,-0.037,0.000
63594,29759,24310,21295,0,0,0.78650,-2.79762,9.57082,-0.018109,-0.138484,0.147006,-8.654,-3.629,-136.226,-29.4843,10.1011,-6.0537,-925.3634,169.4695,363.5434,0.0095407,-0.0252960,0.0325887,0.000000,0.000000,0.000000,0.00000,0.00000,0.000,0.000,0.000,0.000,0.000,-6.0000,0.0000,0.0000,6.0000,95.00,95.00,90.00,90.00,65535,65535,65535,1500,1,11,40.4365628,-86.8936572,187.400,0.099,-0.027,0.000
63634,30417,33374,30343,0,0,0.12809,-2.18112,8.63708,-0.013848,-0.173638,0.110788,-8.969,-3.722,-136.138,-29.4936,10.1280,-6.0823,-926.3113,169.9757,363.3570,0.0097938,-0.0254257,0.0326156,0.000000,0.000000,0.000000,0.00000,0.00000,0.000,0.000,0.000,0.000,0.000,-6.0000,0.0000,0.0000,6.0000,95.00,95.00,90.00,90.00,65535,65535,65535,1500,1,11,40.4365628,-86.8936572,187.400,0.099,-0.027,0.000
63694,35177,18381,15318,0,0,1.59693,-1.45448,9.54568,-0.066046,-0.035154,0.126766,-9.076,-4.631,-136.438,-29.6733,10.4788,-6.0896,-931.6653,174.0956,362.8744,0.0096030,-0.0249215,0.0329506,0.000000,0.000000,0.000000,0.00000,0.00000,0.000,0.000,0.000,0.000,0.000,-6.0000,0.0000,0.0000,6.0000,95.00,95.00,90.00,90.00,65535,65535,65535,1500,1,11,40.4365632,-86.8936573,187.100,0.149,-0.040,0.000
63744,25967,18248,15205,0,0,0.62369,-1.75615,10.21726,-0.111853,-0.161920,0.059655,-9.366,-5.188,-136.886,-29.8054,10.7793,-6.0763,-935.4906,177.2908,362.5453,0.0097110,-0.0247466,0.0332242,0.000000,0.000000,0.000000,0.00000,0.00000,0.000,0.000,0.000,0.000,0.000,-6.0000,0.0000,0.0000,6.0000,95.00,95.00,90.00,90.00,65535,65535,65535,1500,1,11,40.4365632,-86.8936573,187.100,0.149,-0.040,0.000
63792,19292,18150,15145,0,0,3.12324,-1.73939,7.83383,-0.052198,-0.035154,0.084156,-9.520,-5.609,-136.616,-29.7694,10.7669,-6.1186,-936.8732,177.5870,362.2513,0.0096401,-0.0245193,0.0331893,0.000000,0.000000,0.000000,0.00000,0.00000,0.000,0.000,0.000,0.000,0.000,-6.0000,0.0000,0.0000,6.0000,95.00,95.00,90.00,90.00,65535,65535,65535,1500,1,11,40.4365632,-86.8936577,187.100,0.114,-0.031,0.000
63840,28149,18323,15261,0,0,-0.61770,-1.67834,9.65103,0.089482,0.011718,0.059655,-9.501,-4.964,-136.200,-29.6705,10.5767,-6.1585,-936.4916,176.1949,361.9762,0.0096365,-0.0249271,0.0330084,0.000000,0.000000,0.000000,0.00000,0.00000,0.000,0.000,0.000,0.000,0.000,-6.0000,0.0000,0.0000,6.0000,95.00,95.00,90.00,90.00,65535,65535,65535,1500,1,11,40.4365632,-86.8936577,187.100,0.114,-0.031,0.000
63891,26573,18298,15235,0,0,0.32441,-2.38103,9.22606,0.174703,0.033023,0.067112,-9.244,-4.732,-136.272,-29.6958,10.6371,-6.1573,-938.4299,177.2738,361.6537,0.0098118,-0.0250376,0.0330650,0.000000,0.000000,0.000000,0.00000,0.00000,0.000,0.000,0.000,0.000,0.000,-6.0000,0.0000,0.0000,6.0000,95.00,95.00,90.00,90.00,65535,65535,65535,1500,1,11,40.4365633,-86.8936580,186.500,0.155,-0.055,0.000
63942,31007,18273,15229,0,0,1.46525,-1.86867,9.82820,0.038350,0.091613,0.075634,-9.254,-4.559,-136.512,-29.7669,10.7862,-6.1373,-941.0895,179.1731,361.3339,0.0099132,-0.0249471,0.0332019,0.000000,0.000000,0.000000,0.00000,0.00000,0.000,0.000,0.000,0.000,0.000,-6.0000,0.0000,0.0000,6.0000,95.00,95.00,90.00,90.00,65535,65535,65535,1500,1,11,40.4365633,-86.8936580,186.500,0.155,-0.055,0.000
64001,29792,22941,15327,0,0,0.78410,-1.88903,10.48780,0.045806,0.225836,0.050067,-9.116,-4.028,-136.604,-29.7846,10.8249,-6.1115,-943.0362,180.1090,360.9943,0.0098726,-0.0248611,0.0332353,0.000000,0.000000,0.000000,0.00000,0.00000,0.000,0.000,0.000,0.000,0.000,-6.0000,0.0000,0.0000,6.0000,95.00,95.00,90.00,90.00,65535,65535,65535,1500,1,11,40.4365632,-86.8936582,186.200,0.073,-0.026,0.000
64038,24036,30878,27767,0,0,-0.05507,-1.77889,11.67054,0.036219,0.233293,0.071373,-9.079,-3.668,-136.608,-29.7691,10.8368,-6.0641,-943.7519,180.3694,360.8480,0.0098726,-0.0248611,0.0332353,0.000000,0.000000,0.000000,0.00000,0.00000,0.000,0.000,0.000,0.000,0.000,-6.0000,0.0000,0.0000,6.0000,95.00,95.00,90.00,90.00,65535,65535,65535,1500,1,11,40.4365632,-86.8936582,186.200,0.073,-0.026,0.000
64097,37061,20703,17670,0,0,-0.59256,-1.51553,10.88165,0.061785,0.297209,0.020240,-8.883,-2.161,-136.704,-29.7356,10.7771,-5.9955,-945.4286,180.5978,360.4058,0.0098262,-0.0249860,0.0331828,0.000000,0.000000,0.000000,0.00000,0.00000,0.000,0.000,0.000,0.000,0.000,-6.0000,0.0000,0.0000,6.0000,95.00,95.00,90.00,90.00,65535,65535,65535,1500,1,11,40.4365632,-86.8936582,186.200,0.073,-0.026,0.000
64144,22771,17670,14647,0,0,0.08739,-1.18992,10.16458,0.144876,0.295078,0.022371,-8.525,-1.275,-137.320,-29.8515,10.9713,-5.9399,-948.2200,182.8894,360.0968,0.0097682,-0.0250358,0.0333732,0.000000,0.000000,0.000000,0.00000,0.00000,0.000,0.000,0.000,0.000,0.000,-6.0000,0.0000,0.0000,6.0000,95.00,95.00,90.00,90.00,65535,65535,65535,1500,1,11,40.4365632,-86.8936582,186.200,0.073,-0.026,0.000
64203,34781,24185,15336,0,0,0.30646,-2.32956,10.44949,0.169377,0.232228,-0.001065,-8.370,-0.419,-136.239,-29.6282,10.4042,-5.9035,-945.9810,178.3641,359.8234,0.0098987,-0.0248937,0.0328245,0.000000,0.000000,0.000000,0.00000,0.00000,0.000,0.000,0.000,0.000,0.000,-6.0000,0.0000,0.0000,6.0000,95.00,95.00,90.00,90.00,65535,65535,65535,1500,1,11,40.4365630,-86.8936588,186.200,0.131,-0.046,0.000
64248,19648,18236,15215,0,0,-0.79009,0.22386,9.15303,0.177899,0.083091,-0.042611,-7.093,-0.571,-140.120,-30.3195,12.0933,-5.9157,-958.9920,194.0578,359.4090,0.0096937,-0.0249742,0.0344229,0.000000,0.000000,0.000000,0.00000,0.00000,0.000,0.000,0.000,0.000,0.000,-6.0000,0.0000,0.0000,6.0000,95.00,95.00,90.00,90.00,65535,65535,65535,1500,1,11,40.4365630,-86.8936588,185.500,0.131,-0.046,0.000
64299,26566,18277,15228,0,0,-0.53870,-1.04507,9.99819,-0.033023,-0.105461,-0.080960,-6.679,-0.509,-141.883,-30.5813,12.7397,-5.9379,-964.6975,200.4739,359.0631,0.0094253,-0.0253842,0.0350553,0.000000,0.000000,0.000000,0.00000,0.00000,0.000,0.000,0.000,0.000,0.000,-6.0000,0.0000,0.0000,6.0000,95.00,95.00,90.00,90.00,65535,65535,65535,1500,1,11,40.4365625,-86.8936590,185.500,0.243,-0.086,0.000
64349,26133,18284,15235,0,0,0.08140,-1.46166,10.05206,-0.140615,-0.194943,-0.094809,-7.087,-0.947,-142.127,-30.5712,12.7154,-5.9446,-966.0854,200.8926,358.7632,0.0094498,-0.0253654,0.0350304,0.000000,0.000000,0.000000,0.00000,0.00000,0.000,0.000,0.000,0.000,0.000,-6.0000,0.0000,0.0000,6.0000,95.00,95.00,90.00,90.00,65535,65535,65535,1500,1,11,40.4365625,-86.8936590,185.500,0.243,-0.086,0.000
64404,35561,18334,15332,0,0,0.00838,-1.65439,10.16219,-0.152333,-0.280165,-0.132093,-8.013,-2.009,-142.051,-30.4863,12.5337,-5.9345,-966.6241,199.8863,358.4499,0.0096412,-0.0250948,0.0348371,0.000000,0.000000,0.000000,0.00000,0.00000,0.000,0.000,0.000,0.000,0.000,-6.0000,0.0000,0.0000,6.0000,95.00,95.00,90.00,90.00,65535,65535,65535,1500,1,11,40.4365627,-86.8936597,185.500,0.233,-0.082,0.000
64448,24749,18235,15176,0,0,-1.36709,-3.37223,9.50618,-0.008522,-0.333428,-0.167247,-8.315,-2.746,-142.792,-30.5324,12.6865,-5.9584,-968.7578,201.6604,358.1784,0.0098359,-0.0251945,0.0349690,0.000000,0.000000,0.000000,0.00000,0.00000,0.000,0.000,0.000,0.000,0.000,-6.0000,0.0000,0.0000,6.0000,95.00,95.00,90.00,90.00,65535,65535,65535,1500,1,11,40.4365627,-86.8936597,185.500,0.233,-0.082,0.000
64499,26660,18314,15235,0,0,0.28012,-0.86790,8.10198,-0.028762,-0.411192,-0.185356,-8.410,-3.467,-143.226,-30.5016,12.6229,-5.9939,-969.5625,201.6803,357.8794,0.0100113,-0.0255822,0.0349261,0.000000,0.000000,0.000000,0.00000,0.00000,0.000,0.000,0.000,0.000,0.000,-6.0000,0.0000,0.0000,6.0000,95.00,95.00,90.00,90.00,65535,65535,65535,1500,1,11,40.4365622,-86.8936600,184.700,-0.051,-0.341,0.000
64539,19289,38337,30409,0,0,1.09654,-0.23583,9.11353,-0.021305,-0.344080,-0.205596,-8.141,-3.888,-142.646,-30.3787,12.2854,-6.0072,-968.0739,198.7982,357.7869,0.0096416,-0.0254228,0.0345941,0.000000,0.000000,0.000000,0.00000,0.00000,0.000,0.000,0.000,0.000,0.000,-6.0000,0.0000,0.0000,6.0000,95.00,95.00,90.00,90.00,65535,65535,65535,1500,1,11,40.4365622,-86.8936600,184.700,-0.051,-0.341,0.000
64605,34697,30453,22471,0,0,0.75776,-0.55545,9.17458,-0.072438,-0.063916,-0.188552,-7.741,-4.272,-141.009,-29.9392,11.1349,-6.0519,-963.1110,189.3637,357.4165,0.0087180,-0.0253709,0.0335301,0.000000,0.000000,0.000000,0.00000,0.00000,0.000,0.000,0.000,0.000,0.000,-6.0000,0.0000,0.0000,6.0000,95.00,95.00,90.00,90.00,65535,65535,65535,1500,1,11,40.4365622,-86.8936600,184.700,-0.051,-0.341,0.000
64654,40505,39312,30494,0,0,0.01317,-1.27970,9.31704,-0.103331,0.013848,-0.161920,-7.949,-4.062,-141.675,-29.9577,11.2152,-6.0691,-964.6962,190.4806,357.1664,0.0087200,-0.0255613,0.0336078,0.000000,0.000000,0.000000,0.00000,0.00000,0.000,0.000,0.000,0.000,0.000,-6.0000,0.0000,0.0000,6.0000,95.00,95.00,90.00,90.00,65535,65535,65535,1500,1,11,40.4365622,-86.8936600,184.700,-0.051,-0.341,0.000
64682,40407,26794,20608,0,0,0.13647,-1.37786,9.48583,-0.182160,0.107592,-0.151268,-8.341,-3.700,-142.412,-29.9910,11.3281,-6.0785,-966.5263,191.9204,356.9139,0.0087326,-0.0257036,0.0337159,0.000000,0.000000,0.000000,0.00000,0.00000,0.000,0.000,0.000,0.000,0.000,-6.0000,0.0000,0.0000,6.0000,95.00,95.00,90.00,90.00,65535,65535,65535,1500,1,11,40.4365622,-86.8936600,184.700,-0.051,-0.341,0.000
64733,31169,18261,15212,0,0,-0.16041,-2.33435,9.61152,-0.232228,0.028762,-0.133158,-9.086,-3.315,-144.246,-30.1743,11.8499,-6.0782,-971.4484,197.3360,356.5172,0.0089724,-0.0260719,0.0342138,0.000000,0.000000,0.000000,0.00000,0.00000,0.000,0.000,0.000,0.000,0.000,-6.0000,0.0000,0.0000,6.0000,95.00,95.00,90.00,90.00,65535,65535,65535,1500,1,11,40.4365610,-86.8936607,184.200,-0.051,-0.341,0.000
64784,26568,18273,15222,0,0,-0.92177,0.52912,8.62751,-0.055394,-0.083091,-0.147006,-9.104,-3.203,-145.901,-30.3447,12.3194,-6.1018,-975.7053,202.2293,356.1776,0.0088456,-0.0265145,0.0346769,0.000000,0.000000,0.000000,0.00000,0.00000,0.000,0.000,0.000,0.000,0.000,-6.0000,0.0000,0.0000,6.0000,95.00,95.00,90.00,90.00,65535,65535,65535,1500,1,11,40.4365612,-86.8936612,184.200,-0.245,-0.227,0.000
64844,29833,24143,15340,0,0,-0.48483,-2.27928,10.37647,-0.033023,-0.080960,-0.087352,-9.287,-3.167,-147.969,-30.5850,13.0226,-6.0604,-981.6089,209.3583,355.8016,0.0090614,-0.0269421,0.0353483,0.000000,0.000000,0.000000,0.00000,0.00000,0.000,0.000,0.000,0.000,0.000,-6.0000,0.0000,0.0000,6.0000,95.00,95.00,90.00,90.00,65535,65535,65535,1500,1,11,40.4365612,-86.8936612,184.200,-0.245,-0.227,0.000
64889,20402,18263,15222,0,0,0.11372,-0.49799,8.05529,0.013848,-0.058590,-0.093743,-8.710,-3.240,-146.738,-30.3396,12.3104,-6.0994,-978.5656,203.3616,355.5427,0.0083076,-0.0268164,0.0346886,0.000000,0.000000,0.000000,0.00000,0.00000,0.000,0.000,0.000,0.000,0.000,-6.0000,0.0000,0.0000,6.0000,95.00,95.00,90.00,90.00,65535,65535,65535,1500,1,11,40.4365607,-86.8936612,183.600,-0.245,-0.227,0.000
64939,25799,18298,15247,0,0,0.66559,-0.30646,9.52533,-0.257794,0.125701,-0.022371,-9.085,-3.128,-145.210,-30.0608,11.5255,-6.1206,-975.1793,196.6234,355.2880,0.0078538,-0.0264208,0.0339431,0.000000,0.000000,0.000000,0.00000,0.00000,0.000,0.000,0.000,0.000,0.000,-6.0000,0.0000,0.0000,6.0000,95.00,95.00,90.00,90.00,65535,65535,65535,1500,1,11,40.4365607,-86.8936612,183.600,-0.245,-0.227,0.000
64990,26556,18256,15239,0,0,-0.54468,0.00718,10.31063,-0.270577,0.216249,-0.001065,-9.632,-2.631,-145.167,-30.0160,11.4026,-6.0781,-975.8724,196.0620,354.9861,0.0076608,-0.0262718,0.0338338,0.000000,0.000000,0.000000,0.00000,0.00000,0.000,0.000,0.000,0.000,0.000,-6.0000,0.0000,0.0000,6.0000,95.00,95.00,90.00,90.00,65535,65535,65535,1500,1,11,40.4365602,-86.8936617,183.300,-0.245,-0.227,0.000
65066,43350,25878,15381,0,0,-0.62369,0.66559,9.11473,-0.222640,0.197074,0.002131,-9.739,-1.959,-146.227,-30.0870,11.7166,-6.1196,-979.5671,199.9048,354.5524,0.0071999,-0.0261568,0.0341756,0.000000,0.000000,0.000000,0.00000,0.00000,0.000,0.000,0.000,0.000,0.000,-6.0000,0.0000,0.0000,6.0000,95.00,95.00,90.00,90.00,65535,65535,65535,1500,1,11,40.4365602,-86.8936617,183.300,-0.245,-0.227,0.000
65103,33021,30404,27420,0,0,2.12366,-3.06338,9.20092,-0.014914,0.207727,-0.041545,-10.378,-1.589,-142.596,-29.5386,10.0310,-6.1236,-970.7274,184.5389,354.4597,0.0072721,-0.0256900,0.0325491,0.000000,0.000000,0.000000,0.00000,0.00000,0.000,0.000,0.000,0.000,0.000,-6.0000,0.0000,0.0000,6.0000,95.00,95.00,90.00,90.00,65535,65535,65535,1500,1,11,40.4365598,-86.8936618,183.100,-0.423,-0.244,0.000
65147,19669,17620,14593,0,0,1.33956,-0.21069,9.60554,-0.109722,-0.015979,-0.047937,-10.703,-1.464,-142.496,-29.4827,9.8938,-6.1071,-971.3055,183.5288,354.1270,0.0070827,-0.0255585,0.0323971,0.000000,0.000000,0.000000,0.00000,0.00000,0.000,0.000,0.000,0.000,0.000,-6.0000,0.0000,0.0000,6.0000,95.00,95.00,90.00,90.00,65535,65535,65535,1500,1,11,40.4365598,-86.8936618,183.100,-0.423,-0.244,0.000
65197,31433,18274,15240,0,0,-0.15802,-0.60932,9.53371,-0.135289,-0.100135,-0.082025,-10.594,-1.802,-143.259,-29.5403,10.1181,-6.1153,-973.8599,186.0743,353.8121,0.0067658,-0.0254939,0.0326234,0.000000,0.000000,0.000000,0.00000,0.00000,0.000,0.000,0.000,0.000,0.000,-6.0000,0.0000,0.0000,6.0000,95.00,95.00,90.00,90.00,65535,65535,65535,1500,1,11,40.4365600,-86.8936625,183.100,-0.357,-0.271,0.000
65245,23563,18331,15292,0,0,1.11091,-1.39343,8.73285,-0.099070,-0.177899,-0.119310,-10.957,-2.292,-142.238,-29.3426,9.5259,-6.2015,-971.8749,181.1584,353.5532,0.0065715,-0.0252830,0.0320821,0.000000,0.000000,0.000000,0.00000,0.00000,0.000,0.000,0.000,0.000,0.000,-6.0000,0.0000,0.0000,6.0000,95.00,95.00,90.00,90.00,65535,65535,65535,1500,1,11,40.4365600,-86.8936625,183.100,-0.357,-0.271,0.000
65300,27202,18267,15229,0,0,1.65320,-2.39899,10.32859,-0.071373,-0.128897,-0.092678,-10.708,-2.729,-144.107,-29.5680,10.2205,-6.2069,-977.3914,188.2381,353.1638,0.0061967,-0.0254300,0.0327599,0.000000,0.000000,0.000000,0.00000,0.00000,0.000,0.000,0.000,0.000,0.000,-6.0000,0.0000,0.0000,6.0000,95.00,95.00,90.00,90.00,65535,65535,65535,1500,1,11,40.4365600,-86.8936628,182.700,-0.242,-0.183,0.000
65344,19763,18190,15181,0,0,1.17555,-2.53785,9.20571,0.090547,-0.168312,-0.084156,-10.899,-3.178,-143.636,-29.4635,9.9086,-6.1868,-976.9346,185.7676,352.9097,0.0063138,-0.0253094,0.0324616,0.000000,0.000000,0.000000,0.00000,0.00000,0.000,0.000,0.000,0.000,0.000,-6.0000,0.0000,0.0000,6.0000,95.00,95.00,90.00,90.00,65535,65535,65535,1500,1,11,40.4365600,-86.8936628,182.700,-0.242,-0.183,0.000
65395,26858,18310,15278,0,0,0.56383,-0.87029,10.18733,0.110788,-0.107592,-0.074569,-10.018,-3.346,-145.030,-29.6151,10.3843,-6.1943,-981.1287,190.7795,352.5633,0.0058801,-0.0255573,0.0329257,0.000000,0.000000,0.000000,0.00000,0.00000,0.000,0.000,0.000,0.000,0.000,-6.0000,0.0000,0.0000,6.0000,95.00,95.00,90.00,90.00,65535,65535,65535,1500,1,11,40.4365602,-86.8936635,182.500,-0.234,-0.307,0.000
65446,31048,18307,15261,0,0,0.92895,-1.68791,9.32661,0.185356,-0.103331,-0.082025,-9.532,-3.629,-145.401,-29.6308,10.4227,-6.1863,-982.8377,191.6762,352.2495,0.0058845,-0.0255588,0.0329634,0.000000,0.000000,0.000000,0.00000,0.00000,0.000,0.000,0.000,0.000,0.000,-6.0000,0.0000,0.0000,6.0000,95.00,95.00,90.00,90.00,65535,65535,65535,1500,1,11,40.4365602,-86.8936635,182.500,-0.234,-0.307,0.000
65499,24493,18287,15263,0,0,-0.02634,0.38666,8.40125,0.057524,-0.123571,-0.047937,-8.844,-3.711,-145.206,-29.5930,10.2822,-6.1736,-983.2657,190.3027,351.9388,0.0052931,-0.0257220,0.0327824,0.000000,0.000000,0.000000,0.00000,0.00000,0.000,0.000,0.000,0.000,0.000,-6.0000,0.0000,0.0000,6.0000,95.00,95.00,90.00,90.00,65535,65535,65535,1500,1,11,40.4365598,-86.8936635,182.300,-0.234,-0.307,0.000
65538,24437,33373,30330,0,0,0.58179,-1.38026,10.31422,0.098004,-0.099070,-0.052198,-8.655,-3.797,-145.290,-29.5898,10.2719,-6.1584,-983.9378,190.4552,351.7889,0.0052413,-0.0257476,0.0327732,0.000000,0.000000,0.000000,0.00000,0.00000,0.000,0.000,0.000,0.000,0.000,-6.0000,0.0000,0.0000,6.0000,95.00,95.00,90.00,90.00,65535,65535,65535,1500,1,11,40.4365598,-86.8936635,182.300,-0.234,-0.307,0.000
65599,35146,24351,16428,0,0,0.49081,-0.04310,9.17219,0.282295,-0.096939,-0.029827,-7.520,-4.154,-144.850,-29.4989,9.9679,-6.1630,-984.2140,188.2842,351.3804,0.0050137,-0.0256240,0.0324961,0.000000,0.000000,0.000000,0.00000,0.00000,0.000,0.000,0.000,0.000,0.000,-6.0000,0.0000,0.0000,6.0000,95.00,95.00,90.00,90.00,65535,65535,65535,1500,1,11,40.4365597,-86.8936638,182.300,-0.162,-0.213,0.000
65647,25910,15743,12698,0,0,-0.02514,-0.77692,7.20176,0.089482,-0.072438,-0.010653,-7.783,-4.630,-145.888,-29.6177,10.3991,-6.2400,-988.2107,192.9287,351.0017,0.0055511,-0.0254976,0.0328918,0.000000,0.000000,0.000000,0.00000,0.00000,0.000,0.000,0.000,0.000,0.000,-6.0000,0.0000,0.0000,6.0000,95.00,95.00,90.00,90.00,65535,65535,65535,1500,1,11,40.4365597,-86.8936638,182.300,-0.162,-0.213,0.000
65693,26164,36095,27800,0,0,0.69312,-2.21583,7.59800,0.141680,-0.052198,-0.023436,-7.572,-4.681,-145.967,-29.6363,10.4243,-6.2911,-988.9858,193.2011,350.8378,0.0055511,-0.0254976,0.0328918,0.000000,0.000000,0.000000,0.00000,0.00000,0.000,0.000,0.000,0.000,0.000,-6.0000,0.0000,0.0000,6.0000,95.00,95.00,90.00,90.00,65535,65535,65535,1500,1,11,40.4365597,-86.8936638,182.300,-0.097,-0.127,0.000
65746,33159,18368,15298,0,0,0.05866,-3.11486,8.18817,0.051133,-0.117179,0.008522,-7.671,-4.992,-146.836,-29.7370,10.7490,-6.3441,-992.9768,197.1655,350.3722,0.0059099,-0.0255517,0.0331998,0.000000,0.000000,0.000000,0.00000,0.00000,0.000,0.000,0.000,0.000,0.000,-6.0000,0.0000,0.0000,6.0000,95.00,95.00,90.00,90.00,65535,65535,65535,1500,1,11,40.4365597,-86.8936638,182.300,-0.097,-0.127,0.000
65789,20247,15714,12659,0,0,0.60813,-1.22942,7.27478,-0.080960,0.024501,0.018109,-7.467,-4.492,-146.037,-29.6344,10.3557,-6.4146,-992.3193,193.8078,350.1094,0.0054767,-0.0258558,0.0328215,0.000000,0.000000,0.000000,0.00000,0.00000,0.000,0.000,0.000,0.000,0.000,-6.0000,0.0000,0.0000,6.0000,95.00,95.00,90.00,90.00,65535,65535,65535,1500,1,11,40.4365593,-86.8936638,181.600,-0.134,-0.176,0.000
65836,28504,18293,15249,0,0,0.15083,-1.60651,8.06726,-0.053263,0.107592,0.011718,-7.747,-4.084,-146.438,-29.6838,10.4750,-6.5017,-994.6044,195.6617,349.8085,0.0056828,-0.0260164,0.0329440,0.000000,0.000000,0.000000,0.00000,0.00000,0.000,0.000,0.000,0.000,0.000,-6.0000,0.0000,0.0000,6.0000,95.00,95.00,90.00,90.00,65535,65535,65535,1500,1,11,40.4365593,-86.8936638,181.600,-0.134,-0.176,0.000
65891,30674,18316,15312,0,0,-0.50518,-1.84593,9.30387,-0.075634,0.075634,0.015979,-7.800,-3.171,-146.472,-29.6741,10.4156,-6.5243,-996.0427,195.6278,349.4548,0.0054789,-0.0264950,0.0328827,0.000000,0.000000,0.000000,0.00000,0.00000,0.000,0.000,0.000,0.000,0.000,-6.0000,0.0000,0.0000,6.0000,95.00,95.00,90.00,90.00,65535,65535,65535,1500,1,11,40.4365593,-86.8936638,181.400,-0.062,-0.082,0.000
65939,23311,18334,15274,0,0,1.28209,-0.05626,8.23486,-0.051133,0.093743,0.035154,-7.714,-3.100,-146.110,-29.6059,10.2203,-6.6223,-996.0571,194.2721,349.1537,0.0050706,-0.0261904,0.0327315,0.000000,0.000000,0.000000,0.00000,0.00000,0.000,0.000,0.000,0.000,0.000,-6.0000,0.0000,0.0000,6.0000,95.00,95.00,90.00,90.00,65535,65535,65535,1500,1,11,40.4365593,-86.8936638,181.400,-0.062,-0.082,0.000
65981,17849,18275,15233,0,0,0.50278,-1.74298,9.90122,-0.272708,0.108657,0.020240,-8.449,-2.805,-146.194,-29.6080,10.2234,-6.6641,-997.3821,194.6888,348.8719,0.0051521,-0.0261907,0.0327233,0.000000,0.000000,0.000000,0.00000,0.00000,0.000,0.000,0.000,0.000,0.000,-6.0000,0.0000,0.0000,6.0000,95.00,95.00,90.00,90.00,65535,65535,65535,1500,1,11,40.4365595,-86.8936642,181.200,-0.140,-0.184,0.000
66049,39571,21747,18721,0,0,1.40181,-1.76932,9.41999,-0.091613,0.094809,-0.002131,-9.324,-2.553,-145.399,-29.5155,9.8204,-6.6356,-997.5839,191.5218,348.4711,0.0052846,-0.0258960,0.0323243,0.000000,0.000000,0.000000,0.00000,0.00000,0.000,0.000,0.000,0.000,0.000,-6.0000,0.0000,0.0000,6.0000,95.00,95.00,90.00,90.00,65535,65535,65535,1500,1,11,40.4365595,-86.8936642,181.200,-0.140,-0.184,0.000
66086,28630,30412,27413,0,0,1.55863,-2.73298,8.90763,0.027697,0.033023,0.007457,-9.771,-2.684,-144.281,-29.3940,9.3288,-6.6497,-996.5493,187.1513,348.3093,0.0055897,-0.0256028,0.0318266,0.000000,0.000000,0.000000,0.00000,0.00000,0.000,0.000,0.000,0.000,0.000,-6.0000,0.0000,0.0000,6.0000,95.00,95.00,90.00,90.00,65535,65535,65535,1500,1,11,40.4365595,-86.8936642,181.200,0.020,-0.220,0.000
66141,21001,17989,14982,0,0,0.95768,-2.39660,10.26035,0.170442,0.021305,-0.004261,-9.431,-2.307,-144.934,-29.4218,9.5551,-6.6106,-999.6628,189.9128,347.8510,0.0056932,-0.0258703,0.0320323,0.000000,0.000000,0.000000,0.00000,0.00000,0.000,0.000,0.000,0.000,0.000,-6.0000,0.0000,0.0000,6.0000,95.00,95.00,90.00,90.00,65535,65535,65535,1500,1,11,40.4365595,-86.8936642,180.900,0.020,-0.220,0.000
66185,25863,18223,15214,0,0,2.14999,-1.29287,8.83221,0.268447,0.043676,-0.010653,-8.750,-2.744,-144.824,-29.3735,9.4576,-6.6947,-1000.3372,189.5747,347.5586,0.0056758,-0.0253130,0.0319696,0.000000,0.000000,0.000000,0.00000,0.00000,0.000,0.000,0.000,0.000,0.000,-6.0000,0.0000,0.0000,6.0000,95.00,95.00,90.00,90.00,65535,65535,65535,1500,1,11,40.4365595,-86.8936642,180.900,0.020,-0.220,0.000
66249,19028,18120,15125,0,0,-0.47046,-1.42575,10.02572,0.217314,-0.103331,-0.021305,-7.891,-2.173,-144.554,-29.3322,9.2334,-6.6836,-1001.7834,188.1832,347.1439,0.0057858,-0.0258674,0.0317423,0.000000,0.000000,0.000000,0.00000,0.00000,0.000,0.000,0.000,0.000,0.000,-6.0000,0.0000,0.0000,6.0000,95.00,95.00,90.00,90.00,65535,65535,65535,1500,1,11,40.4365597,-86.8936645,180.700,0.019,-0.210,0.000
66300,26281,18246,15222,0,0,-0.03950,0.23104,9.03572,0.220510,-0.194943,-0.045806,-7.046,-2.260,-144.170,-29.2736,8.9776,-6.6987,-1002.1578,186.1215,346.8230,0.0054796,-0.0261623,0.0314956,0.000000,0.000000,0.000000,0.00000,0.00000,0.000,0.000,0.000,0.000,0.000,-6.0000,0.0000,0.0000,6.0000,95.00,95.00,90.00,90.00,65535,65535,65535,1500,1,11,40.4365597,-86.8936645,180.700,0.019,-0.210,0.000
66336,28788,25188,17143,0,0,0.18196,-0.98521,8.76038,0.143811,-0.200270,-0.059655,-6.799,-2.471,-144.136,-29.2579,8.9078,-6.7270,-1002.7339,185.6999,346.6341,0.0054464,-0.0262300,0.0314266,0.000000,0.000000,0.000000,0.00000,0.00000,0.000,0.000,0.000,0.000,0.000,-6.0000,0.0000,0.0000,6.0000,95.00,95.00,90.00,90.00,65535,65535,65535,1500,1,11,40.4365595,-86.8936647,180.400,0.019,-0.210,0.000
66386,25569,18241,15220,0,0,-0.10654,-0.45610,8.73764,0.010653,-0.088417,-0.047937,-6.829,-2.748,-144.342,-29.2642,8.9006,-6.7604,-1004.3998,186.1290,346.2500,0.0054783,-0.0262462,0.0314163,0.000000,0.000000,0.000000,0.00000,0.00000,0.000,0.000,0.000,0.000,0.000,-6.0000,0.0000,0.0000,6.0000,95.00,95.00,90.00,90.00,65535,65535,65535,1500,1,11,40.4365595,-86.8936647,180.400,0.019,-0.210,0.000
66431,20229,18218,15190,0,0,1.39103,-0.69911,7.93438,0.129962,0.027697,-0.058590,-6.742,-3.353,-145.632,-29.3732,9.4163,-6.7962,-1007.7592,191.5220,345.9116,0.0057821,-0.0258096,0.0319116,0.000000,0.000000,0.000000,0.00000,0.00000,0.000,0.000,0.000,0.000,0.000,-6.0000,0.0000,0.0000,6.0000,95.00,95.00,90.00,90.00,65535,65535,65535,1500,1,11,40.4365595,-86.8936648,180.100,0.018,-0.190,0.000
66481,26015,18251,15207,0,0,1.62207,-1.54067,9.59596,0.193878,0.138484,-0.003196,-6.662,-3.579,-146.983,-29.5019,9.9574,-6.7862,-1011.5734,197.3495,345.5352,0.0062831,-0.0254022,0.0324280,0.000000,0.000000,0.000000,0.00000,0.00000,0.000,0.000,0.000,0.000,0.000,-6.0000,0.0000,0.0000,6.0000,95.00,95.00,90.00,90.00,65535,65535,65535,1500,1,11,40.4365595,-86.8936648,180.100,0.018,-0.190,0.000
66554,44011,22101,15491,0,0,0.13647,-1.68791,10.47224,0.079895,0.160855,0.007457,-6.910,-2.788,-146.728,-29.4712,9.7695,-6.7547,-1013.5043,196.2256,345.0769,0.0069042,-0.0254767,0.0321982,0.000000,0.000000,0.000000,0.00000,0.00000,0.000,0.000,0.000,0.000,0.000,-6.0000,0.0000,0.0000,6.0000,95.00,95.00,90.00,90.00,65535,65535,65535,1500,1,11,40.4365597,-86.8936650,179.900,0.011,-0.123,0.000
66591,28420,30629,27597,0,0,-0.00120,-2.39899,9.64265,0.006392,0.134223,0.015979,-7.303,-2.282,-145.987,-29.4037,9.4158,-6.7521,-1013.3574,193.0817,344.9052,0.0071494,-0.0256160,0.0318296,0.000000,0.000000,0.000000,0.00000,0.00000,0.000,0.000,0.000,0.000,0.000,-6.0000,0.0000,0.0000,6.0000,95.00,95.00,90.00,90.00,65535,65535,65535,1500,1,11,40.4365597,-86.8936650,179.900,0.011,-0.123,0.000
66636,19782,18239,15184,0,0,1.26773,-1.38145,8.43358,-0.103331,-0.034088,0.023436,-7.848,-2.143,-145.747,-29.3611,9.3117,-6.7489,-1014.7465,192.4793,344.5258,0.0072545,-0.0256249,0.0317044,0.000000,0.000000,0.000000,0.00000,0.00000,0.000,0.000,0.000,0.000,0.000,-6.0000,0.0000,0.0000,6.0000,95.00,95.00,90.00,90.00,65535,65535,65535,1500,1,11,40.4365602,-86.8936655,179.900,0.018,-0.195,0.000
66689,28429,18269,15205,0,0,1.44011,-0.97444,8.61553,-0.102265,-0.164051,0.001065,-7.538,-2.846,-146.635,-29.4355,9.6931,-6.8269,-1017.2261,196.5634,344.1463,0.0068284,-0.0253922,0.0320952,0.000000,0.000000,0.000000,0.00000,0.00000,0.000,0.000,0.000,0.000,0.000,-6.0000,0.0000,0.0000,6.0000,95.00,95.00,90.00,90.00,65535,65535,65535,1500,1,11,40.4365602,-86.8936655,179.900,0.018,-0.195,0.000
66759,43284,20082,12820,0,0,1.28090,-2.54982,7.16225,-0.002131,-0.222640,0.033023,-7.870,-3.575,-146.518,-29.5030,9.7202,-6.9082,-1019.3179,197.1550,343.6781,0.0069572,-0.0253848,0.0320794,0.000000,0.000000,0.000000,0.00000,0.00000,0.000,0.000,0.000,0.000,0.000,-6.0000,0.0000,0.0000,6.0000,95.00,95.00,90.00,90.00,65535,65535,65535,1500,1,11,40.4365600,-86.8936657,179.500,0.014,-0.154,0.000
66790,26163,24935,21920,0,0,1.02831,-1.57419,9.28711,-0.055394,-0.188552,0.033023,-8.043,-3.967,-146.641,-29.5204,9.8008,-6.9170,-1020.4642,198.2223,343.4922,0.0070520,-0.0252711,0.0321532,0.000000,0.000000,0.000000,0.00000,0.00000,0.000,0.000,0.000,0.000,0.000,-6.0000,0.0000,0.0000,6.0000,95.00,95.00,90.00,90.00,65535,65535,65535,1500,1,11,40.4365600,-86.8936657,179.500,0.014,-0.154,0.000
66841,25842,18259,15220,0,0,1.19231,-1.09176,9.00100,-0.033023,-0.094809,0.073503,-8.144,-4.434,-146.578,-29.5302,9.8509,-6.9409,-1022.3928,199.2649,343.0891,0.0070957,-0.0251747,0.0321958,0.000000,0.000000,0.000000,0.00000,0.00000,0.000,0.000,0.000,0.000,0.000,-6.0000,0.0000,0.0000,6.0000,95.00,95.00,90.00,90.00,65535,65535,65535,1500,1,11,40.4365602,-86.8936658,179.500,0.014,-0.149,0.000
66885,24719,18198,15165,0,0,1.28329,-2.24576,7.65187,-0.094809,0.028762,0.068177,-8.553,-4.596,-146.536,-29.5415,9.9029,-7.0144,-1024.0231,200.2029,342.7793,0.0071923,-0.0249755,0.0322331,0.000000,0.000000,0.000000,0.00000,0.00000,0.000,0.000,0.000,0.000,0.000,-6.0000,0.0000,0.0000,6.0000,95.00,95.00,90.00,90.00,65535,65535,65535,1500,1,11,40.4365602,-86.8936658,179.500,0.014,-0.149,0.000
66934,23612,18280,15230,0,0,1.56341,-2.20985,10.76553,0.000000,0.201335,0.087352,-8.825,-4.358,-146.487,-29.5328,9.9207,-7.0308,-1025.7939,201.0780,342.4339,0.0073361,-0.0247935,0.0322560,0.000000,0.000000,0.000000,0.00000,0.00000,0.000,0.000,0.000,0.000,0.000,-6.0000,0.0000,0.0000,6.0000,95.00,95.00,90.00,90.00,65535,65535,65535,1500,1,11,40.4365602,-86.8936657,179.000,0.012,-0.128,0.000
66989,26321,18198,15174,0,0,1.52750,-1.64841,9.66300,0.045806,0.199204,0.071373,-8.908,-3.701,-146.409,-29.5301,9.9179,-7.0148,-1027.4033,201.5913,342.0502,0.0072946,-0.0247094,0.0322527,0.000000,0.000000,0.000000,0.00000,0.00000,0.000,0.000,0.000,0.000,0.000,-6.0000,0.0000,0.0000,6.0000,95.00,95.00,90.00,90.00,65535,65535,65535,1500,1,11,40.4365602,-86.8936657,179.000,0.012,-0.128,0.000
67056,39549,21297,18275,0,0,0.17119,-0.14126,9.10635,-0.090547,0.168312,0.052198,-8.772,-2.816,-147.242,-29.5671,10.2377,-7.0635,-1029.6801,205.3893,341.5783,0.0069645,-0.0249624,0.0326147,0.000000,0.000000,0.000000,0.00000,0.00000,0.000,0.000,0.000,0.000,0.000,-6.0000,0.0000,0.0000,6.0000,95.00,95.00,90.00,90.00,65535,65535,65535,1500,1,11,40.4365602,-86.8936660,178.700,0.012,-0.128,0.000
67087,27384,24376,21360,0,0,0.81523,-1.47603,9.80904,-0.021305,0.086286,0.049002,-8.807,-2.736,-147.182,-29.5650,10.2188,-7.0596,-1030.4756,205.4924,341.3859,0.0069496,-0.0248692,0.0325939,0.000000,0.000000,0.000000,0.00000,0.00000,0.000,0.000,0.000,0.000,0.000,-6.0000,0.0000,0.0000,6.0000,95.00,95.00,90.00,90.00,65535,65535,65535,1500,1,11,40.4365602,-86.8936660,178.700,0.012,-0.128,0.000
67138,25922,18283,15235,0,0,0.53989,-0.93613,9.03931,0.047937,-0.113983,-0.026632,-8.721,-2.786,-147.467,-29.5735,10.2988,-7.0686,-1032.2512,206.8067,340.9767,0.0068932,-0.0249830,0.0326771,0.000000,0.000000,0.000000,0.00000,0.00000,0.000,0.000,0.000,0.000,0.000,-6.0000,0.0000,0.0000,6.0000,95.00,95.00,90.00,90.00,65535,65535,65535,1500,1,11,40.4365602,-86.8936663,178.500,0.018,-0.195,0.000
67193,26364,18324,15261,0,0,-0.50518,-1.70946,8.89805,0.007457,-0.134223,-0.064981,-8.568,-2.887,-147.731,-29.5972,10.2848,-7.1728,-1033.8065,207.2396,340.5876,0.0070024,-0.0252864,0.0326666,0.000000,0.000000,0.000000,0.00000,0.00000,0.000,0.000,0.000,0.000,0.000,-6.0000,0.0000,0.0000,6.0000,95.00,95.00,90.00,90.00,65535,65535,65535,1500,1,11,40.4365608,-86.8936667,178.500,0.023,-0.251,0.000
67243,25700,18277,15212,0,0,0.63686,-1.37188,8.65384,0.015979,-0.119310,-0.077764,-8.247,-3.192,-148.126,-29.5999,10.3267,-7.2042,-1035.1971,208.1250,340.2207,0.0067811,-0.0253448,0.0327199,0.000000,0.000000,0.000000,0.00000,0.00000,0.000,0.000,0.000,0.000,0.000,-6.0000,0.0000,0.0000,6.0000,95.00,95.00,90.00,90.00,65535,65535,65535,1500,1,11,40.4365608,-86.8936667,178.300,0.023,-0.251,0.000
67288,25427,18239,15204,0,0,-0.36871,-0.34237,8.23486,-0.041545,0.028762,-0.075634,-7.701,-2.868,-148.605,-29.6044,10.3770,-7.2438,-1036.0931,208.9198,339.8977,0.0062800,-0.0256081,0.0327945,0.000000,0.000000,0.000000,0.00000,0.00000,0.000,0.000,0.000,0.000,0.000,-6.0000,0.0000,0.0000,6.0000,95.00,95.00,90.00,90.00,65535,65535,65535,1500,1,11,40.4365612,-86.8936670,178.300,0.115,-0.242,0.000
67339,26027,18244,15184,0,0,2.04465,-2.12007,9.66898,-0.122505,0.106526,-0.075634,-8.124,-3.178,-148.425,-29.5843,10.1895,-7.2344,-1037.4830,207.6454,339.5374,0.0063126,-0.0250157,0.0325867,0.000000,0.000000,0.000000,0.00000,0.00000,0.000,0.000,0.000,0.000,0.000,-6.0000,0.0000,0.0000,6.0000,95.00,95.00,90.00,90.00,65535,65535,65535,1500,1,11,40.4365612,-86.8936670,178.100,0.115,-0.242,0.000
67397,29137,18229,15195,0,0,1.24259,-1.03430,9.48822,-0.117179,0.137419,-0.076699,-8.484,-2.941,-148.624,-29.5740,10.0918,-7.2542,-1039.0704,207.2943,339.1263,0.0063203,-0.0248203,0.0324835,0.000000,0.000000,0.000000,0.00000,0.00000,0.000,0.000,0.000,0.000,0.000,-6.0000,0.0000,0.0000,6.0000,95.00,95.00,90.00,90.00,65535,65535,65535,1500,1,11,40.4365612,-86.8936675,178.100,0.102,-0.253,0.000
67442,23593,15736,12681,0,0,2.12007,-1.00317,6.97311,-0.056459,0.080960,-0.072438,-8.806,-2.622,-148.932,-29.6003,10.0711,-7.3721,-1040.4906,207.7787,338.7752,0.0063203,-0.0248203,0.0324835,0.000000,0.000000,0.000000,0.00000,0.00000,0.000,0.000,0.000,0.000,0.000,-6.0000,0.0000,0.0000,6.0000,95.00,95.00,90.00,90.00,65535,65535,65535,1500,1,11,40.4365612,-86.8936675,178.100,0.102,-0.253,0.000
67491,24143,18335,15272,0,0,1.17316,-1.15640,9.21409,-0.002131,0.038350,-0.063916,-8.717,-2.658,-149.003,-29.5696,9.9896,-7.4998,-1041.6921,207.4161,338.4370,0.0062311,-0.0245895,0.0323979,0.000000,0.000000,0.000000,0.00000,0.00000,0.000,0.000,0.000,0.000,0.000,-6.0000,0.0000,0.0000,6.0000,95.00,95.00,90.00,90.00,65535,65535,65535,1500,1,11,40.4365613,-86.8936675,177.700,0.087,-0.215,0.000
67549,31851,20721,15342,0,0,-0.53870,-0.44173,9.23324,-0.004261,-0.105461,-0.042611,-8.428,-2.574,-150.354,-29.6079,10.4407,-7.6051,-1043.9033,212.4152,337.9865,0.0060029,-0.0248691,0.0328763,0.000000,0.000000,0.000000,0.00000,0.00000,0.000,0.000,0.000,0.000,0.000,-6.0000,0.0000,0.0000,6.0000,95.00,95.00,90.00,90.00,65535,65535,65535,1500,1,11,40.4365613,-86.8936675,177.700,0.087,-0.215,0.000
67590,30898,30653,22624,0,0,0.96965,-2.26013,11.27190,0.001065,-0.199204,-0.073503,-8.613,-2.969,-150.152,-29.5961,10.3036,-7.5522,-1044.6866,211.3729,337.7596,0.0061234,-0.0247845,0.0327267,0.000000,0.000000,0.000000,0.00000,0.00000,0.000,0.000,0.000,0.000,0.000,-6.0000,0.0000,0.0000,6.0000,95.00,95.00,90.00,90.00,65535,65535,65535,1500,1,11,40.4365613,-86.8936675,177.700,0.087,-0.215,0.000
67641,31006,18282,15225,0,0,1.62207,-1.89262,7.70933,0.053263,-0.253533,-0.085221,-8.612,-4.089,-150.274,-29.5832,10.2534,-7.6038,-1046.5111,211.5615,337.2865,0.0061276,-0.0245598,0.0326753,0.000000,0.000000,0.000000,0.00000,0.00000,0.000,0.000,0.000,0.000,0.000,-6.0000,0.0000,0.0000,6.0000,95.00,95.00,90.00,90.00,65535,65535,65535,1500,1,11,40.4365613,-86.8936675,177.700,0.087,-0.215,0.000
67686,23718,15756,12732,0,0,1.45208,-1.80523,7.57286,0.095874,-0.530502,-0.037284,-8.332,-5.123,-150.366,-29.6180,10.2590,-7.6994,-1047.9376,212.0557,336.9176,0.0061276,-0.0245598,0.0326753,0.000000,0.000000,0.000000,0.00000,0.00000,0.000,0.000,0.000,0.000,0.000,-6.0000,0.0000,0.0000,6.0000,95.00,95.00,90.00,90.00,65535,65535,65535,1500,1,11,40.4365617,-86.8936682,177.200,0.195,0.000,0.000
67747,19090,18136,15123,0,0,0.64643,-0.16999,9.32901,0.028762,-0.171508,-0.041545,-8.410,-5.586,-151.155,-29.6533,10.4947,-7.7459,-1050.1923,215.1952,336.4553,0.0063856,-0.0247769,0.0329260,0.000000,0.000000,0.000000,0.00000,0.00000,0.000,0.000,0.000,0.000,0.000,-6.0000,0.0000,0.0000,6.0000,95.00,95.00,90.00,90.00,65535,65535,65535,1500,1,11,40.4365617,-86.8936682,177.200,0.195,0.000,0.000
67787,24737,33366,30343,0,0,-1.40779,-0.86191,9.51935,-0.063916,-0.082025,0.014914,-8.305,-4.917,-151.420,-29.6661,10.5429,-7.7571,-1050.7794,215.9239,336.2616,0.0062012,-0.0254697,0.0329946,0.000000,0.000000,0.000000,0.00000,0.00000,0.000,0.000,0.000,0.000,0.000,-6.0000,0.0000,0.0000,6.0000,95.00,95.00,90.00,90.00,65535,65535,65535,1500,1,11,40.4365617,-86.8936677,177.200,0.118,0.000,0.000
67831,43864,34256,26218,0,0,-0.68474,-1.49278,8.51378,-0.069242,0.075634,0.042611,-8.535,-4.234,-152.118,-29.6852,10.8137,-7.8118,-1052.4746,219.0246,335.9061,0.0063066,-0.0259235,0.0332661,0.000000,0.000000,0.000000,0.00000,0.00000,0.000,0.000,0.000,0.000,0.000,-6.0000,0.0000,0.0000,6.0000,95.00,95.00,90.00,90.00,65535,65535,65535,1500,1,11,40.4365617,-86.8936677,176.900,0.118,0.000,0.000
67884,31350,18307,15255,0,0,0.42018,-1.98599,9.65701,-0.075634,0.201335,0.041545,-8.827,-3.526,-152.322,-29.6971,10.8601,-7.8435,-1054.7694,220.2591,335.3705,0.0065158,-0.0258503,0.0333014,0.000000,0.000000,0.000000,0.00000,0.00000,0.000,0.000,0.000,0.000,0.000,-6.0000,0.0000,0.0000,6.0000,95.00,95.00,90.00,90.00,65535,65535,65535,1500,1,11,40.4365615,-86.8936673,176.700,0.041,0.000,0.000
67947,19051,18147,15109,0,0,0.56264,-2.55222,8.99621,0.060720,0.083091,0.058590,-8.904,-3.068,-152.117,-29.6964,10.7833,-7.8885,-1056.6750,220.2277,334.8772,0.0066063,-0.0257281,0.0332186,0.000000,0.000000,0.000000,0.00000,0.00000,0.000,0.000,0.000,0.000,0.000,-6.0000,0.0000,0.0000,6.0000,95.00,95.00,90.00,90.00,65535,65535,65535,1500,1,11,40.4365615,-86.8936673,176.700,0.041,0.000,0.000
67997,25777,18254,15206,0,0,0.82121,-1.58017,8.37252,0.015979,0.094809,0.088417,-8.611,-2.796,-152.068,-29.6923,10.8031,-7.9253,-1057.9513,220.9039,334.4769,0.0063846,-0.0256611,0.0332491,0.000000,0.000000,0.000000,0.00000,0.00000,0.000,0.000,0.000,0.000,0.000,-6.0000,0.0000,0.0000,6.0000,95.00,95.00,90.00,90.00,65535,65535,65535,1500,1,11,40.4365613,-86.8936672,176.400,0.046,0.000,0.000
68046,28264,38354,30418,0,0,-0.54468,-0.68594,8.78552,-0.009587,0.087352,0.082025,-8.403,-2.350,-152.459,-29.7049,10.9677,-7.9549,-1058.7360,222.8288,334.2446,0.0062184,-0.0259281,0.0334332,0.000000,0.000000,0.000000,0.00000,0.00000,0.000,0.000,0.000,0.000,0.000,-6.0000,0.0000,0.0000,6.0000,95.00,95.00,90.00,90.00,65535,65535,65535,1500,1,11,40.4365613,-86.8936672,176.400,0.046,0.000,0.000
68084,39447,36803,30332,0,0,1.70467,-2.90297,9.57561,0.024501,0.149137,0.075634,-8.845,-2.219,-151.522,-29.7069,10.6246,-7.9487,-1060.0122,219.8003,333.9479,0.0065531,-0.0255972,0.0330437,0.000000,0.000000,0.000000,0.00000,0.00000,0.000,0.000,0.000,0.000,0.000,-6.0000,0.0000,0.0000,6.0000,95.00,95.00,90.00,90.00,65535,65535,65535,1500,1,11,40.4365613,-86.8936672,176.400,0.046,0.000,0.000
68135,32020,17967,14900,0,0,-0.06584,-1.04028,8.10677,0.063916,0.080960,0.086286,-8.605,-1.279,-151.959,-29.7154,10.8405,-8.0432,-1062.1193,222.6817,333.3787,0.0064528,-0.0259650,0.0332768,0.000000,0.000000,0.000000,0.00000,0.00000,0.000,0.000,0.000,0.000,0.000,-6.0000,0.0000,0.0000,6.0000,95.00,95.00,90.00,90.00,65535,65535,65535,1500,1,11,40.4365613,-86.8936672,176.400,0.046,0.000,0.000
68193,19347,18170,15171,0,0,0.98761,-1.77291,9.27873,-0.044741,-0.023436,0.087352,-9.239,-1.365,-150.694,-29.6636,10.3887,-8.0945,-1063.8849,218.8883,332.9289,0.0067437,-0.0256502,0.0327933,0.000000,0.000000,0.000000,0.00000,0.00000,0.000,0.000,0.000,0.000,0.000,-6.0000,0.0000,0.0000,6.0000,95.00,95.00,90.00,90.00,65535,65535,65535,1500,1,11,40.4365618,-86.8936675,176.400,0.103,0.000,0.000
68248,30022,18272,15311,0,0,0.28012,-2.97839,10.13705,-0.064981,-0.022371,0.093743,-9.808,-1.271,-150.213,-29.6652,10.2717,-8.1150,-1065.6024,218.2357,332.4897,0.0069153,-0.0257307,0.0326555,0.000000,0.000000,0.000000,0.00000,0.00000,0.000,0.000,0.000,0.000,0.000,-6.0000,0.0000,0.0000,6.0000,95.00,95.00,90.00,90.00,65535,65535,65535,1500,1,11,40.4365618,-86.8936675,175.900,0.103,0.000,0.000
68299,26363,18281,15256,0,0,0.69432,-2.58574,9.17458,0.106526,-0.042611,0.101200,-9.470,-1.465,-150.226,-29.6737,10.3893,-8.1499,-1067.0427,219.8696,332.0706,0.0067655,-0.0256186,0.0327789,0.000000,0.000000,0.000000,0.00000,0.00000,0.000,0.000,0.000,0.000,0.000,-6.0000,0.0000,0.0000,6.0000,95.00,95.00,90.00,90.00,65535,65535,65535,1500,1,11,40.4365618,-86.8936672,175.900,0.082,0.000,0.000
68349,25618,18254,15208,0,0,-0.21787,-0.80325,9.65941,0.061785,-0.120375,0.122505,-8.740,-1.395,-150.477,-29.6843,10.5814,-8.1899,-1068.3135,222.2726,331.6524,0.0064559,-0.0259395,0.0329970,0.000000,0.000000,0.000000,0.00000,0.00000,0.000,0.000,0.000,0.000,0.000,-6.0000,0.0000,0.0000,6.0000,95.00,95.00,90.00,90.00,65535,65535,65535,1500,1,11,40.4365618,-86.8936672,175.900,0.082,0.000,0.000
68393,20028,18264,15214,0,0,0.04070,-0.45610,8.70292,0.075634,-0.075634,0.124636,-8.214,-1.454,-150.544,-29.6895,10.7088,-8.2383,-1069.3361,223.9010,331.2822,0.0060785,-0.0259937,0.0331416,0.000000,0.000000,0.000000,0.00000,0.00000,0.000,0.000,0.000,0.000,0.000,-6.0000,0.0000,0.0000,6.0000,95.00,95.00,90.00,90.00,65535,65535,65535,1500,1,11,40.4365618,-86.8936672,175.900,0.154,0.000,0.000
68444,26012,18252,15202,0,0,1.35871,-1.92015,8.88009,0.068177,0.019175,0.115049,-8.198,-1.965,-150.276,-29.6955,10.7455,-8.2676,-1071.0778,224.8581,330.8596,0.0062597,-0.0254315,0.0331657,0.000000,0.000000,0.000000,0.00000,0.00000,0.000,0.000,0.000,0.000,0.000,-6.0000,0.0000,0.0000,6.0000,95.00,95.00,90.00,90.00,65535,65535,65535,1500,1,11,40.4365618,-86.8936672,175.400,0.154,0.000,0.000
68499,26372,18238,15220,0,0,0.16520,-1.53827,9.31105,0.044741,0.045806,0.122505,-7.887,-1.502,-149.947,-29.6907,10.6917,-8.3155,-1072.6091,224.8777,330.4091,0.0061959,-0.0256359,0.0331137,0.000000,0.000000,0.000000,0.00000,0.00000,0.000,0.000,0.000,0.000,0.000,-6.0000,0.0000,0.0000,6.0000,95.00,95.00,90.00,90.00,65535,65535,65535,1500,1,11,40.4365618,-86.8936673,175.400,0.108,0.000,0.000
68539,24438,33399,30344,0,0,0.63207,-2.35709,9.26077,0.028762,0.060720,0.118244,-8.170,-1.449,-149.611,-29.6920,10.6043,-8.3226,-1073.5833,224.3030,330.2094,0.0064506,-0.0255328,0.0330082,0.000000,0.000000,0.000000,0.00000,0.00000,0.000,0.000,0.000,0.000,0.000,-6.0000,0.0000,0.0000,6.0000,95.00,95.00,90.00,90.00,65535,65535,65535,1500,1,11,40.4365618,-86.8936673,175.400,0.108,0.000,0.000
68595,34115,15834,12757,0,0,0.77093,-2.57975,6.15669,0.116114,-0.044741,0.100135,-7.607,-1.095,-149.163,-29.7276,10.5780,-8.4759,-1075.6619,224.3719,329.5949,0.0063723,-0.0257162,0.0329429,0.000000,0.000000,0.000000,0.00000,0.00000,0.000,0.000,0.000,0.000,0.000,-6.0000,0.0000,0.0000,6.0000,95.00,95.00,90.00,90.00,65535,65535,65535,1500,1,11,40.4365618,-86.8936673,175.400,0.108,0.000,0.000
68643,25997,15717,12660,0,0,-0.39265,-0.40342,7.64469,-0.010653,-0.178964,0.106526,-7.700,-1.477,-148.753,-29.7060,10.5053,-8.5571,-1077.2814,224.2747,329.1861,0.0065682,-0.0257246,0.0328672,0.000000,0.000000,0.000000,0.00000,0.00000,0.000,0.000,0.000,0.000,0.000,-6.0000,0.0000,0.0000,6.0000,95.00,95.00,90.00,90.00,65535,65535,65535,1500,1,11,40.4365620,-86.8936677,174.800,0.108,0.000,0.000
68697,30031,18306,15343,0,0,-0.46687,-0.59975,10.15740,0.085221,-0.180030,0.073503,-7.469,-2.110,-148.564,-29.6957,10.5180,-8.5427,-1078.7974,224.9501,328.7425,0.0065084,-0.0256293,0.0328821,0.000000,0.000000,0.000000,0.00000,0.00000,0.000,0.000,0.000,0.000,0.000,-6.0000,0.0000,0.0000,6.0000,95.00,95.00,90.00,90.00,65535,65535,65535,1500,1,11,40.4365620,-86.8936677,174.800,0.108,0.000,0.000
68746,26060,15734,12689,0,0,1.07739,-1.93930,6.88812,0.037284,-0.134223,0.079895,-7.226,-2.208,-148.000,-29.7175,10.3493,-8.6044,-1080.1616,223.5806,328.3157,0.0063734,-0.0258029,0.0326988,0.000000,0.000000,0.000000,0.00000,0.00000,0.000,0.000,0.000,0.000,0.000,-6.0000,0.0000,0.0000,6.0000,95.00,95.00,90.00,90.00,65535,65535,65535,1500,1,11,40.4365622,-86.8936678,174.500,0.108,0.000,0.000
68785,21784,33360,30343,0,0,1.61130,-1.04148,9.41400,0.092678,-0.126766,0.054328,-7.059,-2.809,-148.580,-29.7246,10.6426,-8.6106,-1080.8899,226.8132,328.1134,0.0063876,-0.0254392,0.0329982,0.000000,0.000000,0.000000,0.00000,0.00000,0.000,0.000,0.000,0.000,0.000,-6.0000,0.0000,0.0000,6.0000,95.00,95.00,90.00,90.00,65535,65535,65535,1500,1,11,40.4365622,-86.8936678,174.500,0.108,0.000,0.000
68838,32553,18547,15345,0,0,0.35314,-2.13084,9.12789,-0.003196,-0.126766,0.066046,-7.262,-3.164,-148.855,-29.7283,10.8728,-8.6933,-1083.1492,229.6738,327.5212,0.0067385,-0.0254751,0.0331963,0.000000,0.000000,0.000000,0.00000,0.00000,0.000,0.000,0.000,0.000,0.000,-6.0000,0.0000,0.0000,6.0000,95.00,95.00,90.00,90.00,65535,65535,65535,1500,1,11,40.4365622,-86.8936678,174.500,0.108,0.000,0.000
68888,25820,18243,15204,0,0,0.67516,-0.96247,8.64067,0.015979,-0.168312,0.060720,-7.504,-3.774,-149.536,-29.7410,11.2338,-8.7607,-1084.9520,234.0894,327.0609,0.0070811,-0.0252907,0.0335637,0.000000,0.000000,0.000000,0.00000,0.00000,0.000,0.000,0.000,0.000,0.000,-6.0000,0.0000,0.0000,6.0000,95.00,95.00,90.00,90.00,65535,65535,65535,1500,1,11,40.4365622,-86.8936678,174.500,0.108,0.000,0.000
68942,25861,18208,15188,0,0,1.32998,-0.99479,10.21845,-0.154463,-0.236489,0.014914,-7.735,-4.002,-148.345,-29.7218,10.7432,-8.7886,-1086.2963,229.5240,326.6052,0.0066943,-0.0254962,0.0330660,0.000000,0.000000,0.000000,0.00000,0.00000,0.000,0.000,0.000,0.000,0.000,-6.0000,0.0000,0.0000,6.0000,95.00,95.00,90.00,90.00,65535,65535,65535,1500,1,11,40.4365620,-86.8936673,174.000,0.118,0.000,0.000
68992,30351,18249,15192,0,0,-0.04908,-1.58855,8.12831,0.038350,-0.167247,0.025566,-8.364,-4.654,-149.864,-29.7412,11.4191,-8.8281,-1088.1537,237.2629,326.1349,0.0073185,-0.0253789,0.0337558,0.000000,0.000000,0.000000,0.00000,0.00000,0.000,0.000,0.000,0.000,0.000,-6.0000,0.0000,0.0000,6.0000,95.00,95.00,90.00,90.00,65535,65535,65535,1500,1,11,40.4365620,-86.8936673,174.000,0.118,0.000,0.000
69032,25057,33432,30358,0,0,-0.00838,-2.71143,10.88165,0.186421,-0.108657,0.008522,-8.368,-4.628,-150.560,-29.7496,11.6989,-8.7950,-1088.9639,240.4668,325.9003,0.0076413,-0.0255892,0.0340405,0.000000,0.000000,0.000000,0.00000,0.00000,0.000,0.000,0.000,0.000,0.000,-6.0000,0.0000,0.0000,6.0000,95.00,95.00,90.00,90.00,65535,65535,65535,1500,1,11,40.4365620,-86.8936673,173.800,0.087,0.000,0.000
69088,31863,20284,15366,0,0,-0.59735,-0.14126,8.09719,0.109722,-0.188552,-0.013848,-7.706,-4.415,-148.650,-29.8081,10.8202,-8.9777,-1090.7747,232.1361,325.3323,0.0071581,-0.0260773,0.0331580,0.000000,0.000000,0.000000,0.00000,0.00000,0.000,0.000,0.000,0.000,0.000,-6.0000,0.0000,0.0000,6.0000,95.00,95.00,90.00,90.00,65535,65535,65535,1500,1,11,40.4365620,-86.8936673,173.800,0.087,0.000,0.000
69145,29967,20748,12728,0,0,2.08415,-1.11211,5.48272,0.103331,0.089482,0.021305,-7.661,-4.326,-148.769,-29.8569,10.8200,-9.1032,-1092.4865,232.9245,324.8169,0.0071605,-0.0260484,0.0331741,0.000000,0.000000,0.000000,0.00000,0.00000,0.000,0.000,0.000,0.000,0.000,-6.0000,0.0000,0.0000,6.0000,95.00,95.00,90.00,90.00,65535,65535,65535,1500,1,11,40.4365620,-86.8936678,173.500,0.113,0.000,0.000
69195,30777,18271,15205,0,0,-0.25977,-1.70587,9.71567,-0.153398,0.042611,0.044741,-8.379,-3.213,-149.010,-29.8639,10.8529,-9.1038,-1094.0542,233.9355,324.3366,0.0075548,-0.0268711,0.0332181,0.000000,0.000000,0.000000,0.00000,0.00000,0.000,0.000,0.000,0.000,0.000,-6.0000,0.0000,0.0000,6.0000,95.00,95.00,90.00,90.00,65535,65535,65535,1500,1,11,40.4365620,-86.8936678,173.500,0.113,0.000,0.000
69237,17119,18247,15203,0,0,-0.30526,-1.86149,9.97185,-0.144876,0.006392,0.035154,-8.858,-2.868,-149.199,-29.8674,10.8788,-9.1808,-1095.2156,235.0404,323.9493,0.0076563,-0.0271078,0.0332873,0.000000,0.000000,0.000000,0.00000,0.00000,0.000,0.000,0.000,0.000,0.000,-6.0000,0.0000,0.0000,6.0000,95.00,95.00,90.00,90.00,65535,65535,65535,1500,1,11,40.4365622,-86.8936683,173.200,0.113,0.000,0.000
69285,30968,15721,12667,0,0,0.07542,0.16281,6.86896,-0.246076,-0.095874,0.064981,-9.373,-3.251,-148.670,-29.8341,10.7037,-9.2628,-1096.8478,233.9832,323.4952,0.0074819,-0.0268035,0.0331237,0.000000,0.000000,0.000000,0.00000,0.00000,0.000,0.000,0.000,0.000,0.000,-6.0000,0.0000,0.0000,6.0000,95.00,95.00,90.00,90.00,65535,65535,65535,1500,1,11,40.4365622,-86.8936683,173.200,0.113,0.000,0.000
69334,23919,18327,15287,0,0,-0.48722,-0.23583,8.15106,-0.337689,0.103331,0.087352,-9.610,-2.695,-148.364,-29.8063,10.5534,-9.3559,-1097.2654,232.6128,323.0755,0.0070316,-0.0271399,0.0330060,0.000000,0.000000,0.000000,0.00000,0.00000,0.000,0.000,0.000,0.000,0.000,-6.0000,0.0000,0.0000,6.0000,95.00,95.00,90.00,90.00,65535,65535,65535,1500,1,11,40.4365622,-86.8936687,173.000,0.149,0.000,0.000
69389,26842,18228,15189,0,0,-0.17597,-0.07183,8.89326,-0.340885,0.206661,0.085221,-10.521,-2.198,-148.145,-29.8166,10.4785,-9.3789,-1099.0840,232.3784,322.5620,0.0069641,-0.0269024,0.0329166,0.000000,0.000000,0.000000,0.00000,0.00000,0.000,0.000,0.000,0.000,0.000,-6.0000,0.0000,0.0000,6.0000,95.00,95.00,90.00,90.00,65535,65535,65535,1500,1,11,40.4365622,-86.8936687,173.000,0.149,0.000,0.000
69440,25898,18279,15234,0,0,0.31364,-2.60130,9.74679,-0.166181,0.219444,0.052198,-11.027,-1.311,-148.896,-29.7994,10.7216,-9.3808,-1099.5133,235.2757,322.0755,0.0067188,-0.0271110,0.0332102,0.000000,0.000000,0.000000,0.00000,0.00000,0.000,0.000,0.000,0.000,0.000,-6.0000,0.0000,0.0000,6.0000,95.00,95.00,90.00,90.00,65535,65535,65535,1500,1,11,40.4365620,-86.8936688,172.800,0.201,0.000,0.000
69484,19788,18234,15195,0,0,0.93613,-0.96486,9.44991,0.055394,0.100135,0.002131,-10.714,-1.024,-148.994,-29.7867,10.7086,-9.3803,-1100.3070,235.4149,321.6631,0.0064322,-0.0270352,0.0332112,0.000000,0.000000,0.000000,0.00000,0.00000,0.000,0.000,0.000,0.000,0.000,-6.0000,0.0000,0.0000,6.0000,95.00,95.00,90.00,90.00,65535,65535,65535,1500,1,11,40.4365620,-86.8936688,172.800,0.201,0.000,0.000
69553,40015,22114,19069,0,0,0.39624,-2.28287,9.24880,0.050067,0.092678,-0.017044,-10.854,-0.482,-149.566,-29.7992,10.8510,-9.3672,-1102.4565,237.6513,321.0486,0.0066986,-0.0271971,0.0333430,0.000000,0.000000,0.000000,0.00000,0.00000,0.000,0.000,0.000,0.000,0.000,-6.0000,0.0000,0.0000,6.0000,95.00,95.00,90.00,90.00,65535,65535,65535,1500,1,11,40.4365622,-86.8936698,172.400,0.288,0.000,0.000
69593,32179,30451,22617,0,0,1.15879,-1.11929,8.54969,-0.012783,0.080960,-0.018109,-10.731,-0.564,-148.914,-29.8059,10.5452,-9.4051,-1103.6970,234.7669,320.7608,0.0064905,-0.0268806,0.0330214,0.000000,0.000000,0.000000,0.00000,0.00000,0.000,0.000,0.000,0.000,0.000,-6.0000,0.0000,0.0000,6.0000,95.00,95.00,90.00,90.00,65535,65535,65535,1500,1,11,40.4365622,-86.8936698,172.400,0.288,0.000,0.000
69643,30675,18232,15216,0,0,0.84515,-2.21105,11.05403,-0.014914,0.067112,-0.050067,-10.643,-0.504,-148.746,-29.8078,10.3645,-9.3906,-1105.4381,233.4872,320.1828,0.0062093,-0.0265971,0.0328473,0.000000,0.000000,0.000000,0.00000,0.00000,0.000,0.000,0.000,0.000,0.000,-6.0000,0.0000,0.0000,6.0000,95.00,95.00,90.00,90.00,65535,65535,65535,1500,1,11,40.4365622,-86.8936698,172.400,0.288,0.000,0.000
69687,19705,18207,15186,0,0,0.96965,-1.01873,8.81306,-0.047937,0.063916,-0.024501,-10.486,-0.472,-149.254,-29.7873,10.5019,-9.4004,-1106.0016,235.1817,319.7646,0.0059373,-0.0264892,0.0330087,0.000000,0.000000,0.000000,0.00000,0.00000,0.000,0.000,0.000,0.000,0.000,-6.0000,0.0000,0.0000,6.0000,95.00,95.00,90.00,90.00,65535,65535,65535,1500,1,11,40.4365622,-86.8936698,172.400,0.288,0.000,0.000
69739,26473,18258,15224,0,0,0.09457,-3.04662,9.72764,-0.024501,0.052198,-0.039415,-10.537,-0.538,-148.656,-29.7981,10.1795,-9.4007,-1107.9473,232.2307,319.2982,0.0057557,-0.0261615,0.0326593,0.000000,0.000000,0.000000,0.00000,0.00000,0.000,0.000,0.000,0.000,0.000,-6.0000,0.0000,0.0000,6.0000,95.00,95.00,90.00,90.00,65535,65535,65535,1500,1,11,40.4365613,-86.8936703,171.900,0.242,0.000,0.000
69800,30031,24983,15334,0,0,-0.30287,-2.84910,10.33337,-0.046872,0.039415,-0.051133,-10.830,-0.459,-148.434,-29.8062,9.9994,-9.3804,-1109.8928,230.7926,318.7945,0.0056938,-0.0260113,0.0324558,0.000000,0.000000,0.000000,0.00000,0.00000,0.000,0.000,0.000,0.000,0.000,-6.0000,0.0000,0.0000,6.0000,95.00,95.00,90.00,90.00,65535,65535,65535,1500,1,11,40.4365613,-86.8936703,171.900,0.242,0.000,0.000
69840,31776,33443,30389,0,0,0.15562,-0.34237,8.64427,-0.002131,0.047937,-0.024501,-10.393,-0.502,-149.394,-29.7718,10.3363,-9.4197,-1109.5344,234.5549,318.4821,0.0053735,-0.0259462,0.0328521,0.000000,0.000000,0.000000,0.00000,0.00000,0.000,0.000,0.000,0.000,0.000,-6.0000,0.0000,0.0000,6.0000,95.00,95.00,90.00,90.00,65535,65535,65535,1500,1,11,40.4365612,-86.8936708,171.900,0.304,0.000,0.000
69893,28090,18271,15200,0,0,1.62087,-1.94649,9.17937,0.073503,0.033023,-0.043676,-10.135,-0.362,-150.284,-29.7412,10.5650,-9.4878,-1110.9114,237.6242,317.8309,0.0053031,-0.0259829,0.0331073,0.000000,0.000000,0.000000,0.00000,0.00000,0.000,0.000,0.000,0.000,0.000,-6.0000,0.0000,0.0000,6.0000,95.00,95.00,90.00,90.00,65535,65535,65535,1500,1,11,40.4365612,-86.8936708,171.900,0.304,0.000,0.000
69933,24870,33356,30343,0,0,1.68791,-1.07739,9.28352,0.019175,0.078830,-0.025566,-9.965,-0.628,-149.732,-29.7473,10.3216,-9.4984,-1111.9159,235.2329,317.6062,0.0051078,-0.0255648,0.0328488,0.000000,0.000000,0.000000,0.00000,0.00000,0.000,0.000,0.000,0.000,0.000,-6.0000,0.0000,0.0000,6.0000,95.00,95.00,90.00,90.00,65535,65535,65535,1500,1,11,40.4365610,-86.8936708,171.900,0.093,0.000,0.000
69989,31106,18366,15328,0,0,1.06662,-1.76812,9.43794,0.088417,0.067112,-0.009587,-9.615,-0.473,-149.559,-29.7602,10.1567,-9.5155,-1114.3956,234.2506,316.9369,0.0050977,-0.0253287,0.0326708,0.000000,0.000000,0.000000,0.00000,0.00000,0.000,0.000,0.000,0.000,0.000,-6.0000,0.0000,0.0000,6.0000,95.00,95.00,90.00,90.00,65535,65535,65535,1500,1,11,40.4365610,-86.8936708,171.400,0.093,0.000,0.000
70035,28535,36193,27818,0,0,0.70629,1.36709,7.69496,0.023436,0.001065,-0.015979,-9.584,-0.444,-149.645,-29.7383,10.0826,-9.5852,-1115.2445,234.5393,316.6644,0.0050977,-0.0253287,0.0326708,0.000000,0.000000,0.000000,0.00000,0.00000,0.000,0.000,0.000,0.000,0.000,-6.0000,0.0000,0.0000,6.0000,95.00,95.00,90.00,90.00,65535,65535,65535,1500,1,11,40.4365610,-86.8936708,171.400,0.093,0.000,0.000
70095,37942,20578,17506,0,0,0.51475,-1.29526,9.61990,0.106526,-0.070307,-0.013848,-9.188,-0.967,-149.587,-29.7507,9.9874,-9.5794,-1117.5137,234.3664,315.9475,0.0050003,-0.0249253,0.0325844,0.000000,0.000000,0.000000,0.00000,0.00000,0.000,0.000,0.000,0.000,0.000,-6.0000,0.0000,0.0000,6.0000,95.00,95.00,90.00,90.00,65535,65535,65535,1500,1,11,40.4365610,-86.8936708,171.400,0.093,0.000,0.000
70140,20125,18275,15229,0,0,-1.46884,-1.30245,8.24084,0.176834,-0.122505,0.006392,-8.991,-0.938,-149.249,-29.7887,9.7963,-9.5950,-1119.6204,232.9693,315.5008,0.0051317,-0.0250990,0.0323763,0.000000,0.000000,0.000000,0.00000,0.00000,0.000,0.000,0.000,0.000,0.000,-6.0000,0.0000,0.0000,6.0000,95.00,95.00,90.00,90.00,65535,65535,65535,1500,1,11,40.4365607,-86.8936717,170.900,0.190,0.000,0.000
70188,23404,18318,15254,0,0,1.86508,-2.72101,9.94551,0.113983,-0.109722,-0.020240,-8.994,-1.656,-149.051,-29.8061,9.6904,-9.6313,-1121.5636,232.6666,315.0426,0.0054427,-0.0246800,0.0322743,0.000000,0.000000,0.000000,0.00000,0.00000,0.000,0.000,0.000,0.000,0.000,-6.0000,0.0000,0.0000,6.0000,95.00,95.00,90.00,90.00,65535,65535,65535,1500,1,11,40.4365607,-86.8936717,170.900,0.190,0.000,0.000
70243,30545,18349,15370,0,0,-0.94212,-1.84354,8.82622,0.173638,-0.095874,0.001065,-8.991,-1.698,-148.739,-29.8222,9.5236,-9.6769,-1123.9476,231.4776,314.5170,0.0056417,-0.0248288,0.0320779,0.000000,0.000000,0.000000,0.00000,0.00000,0.000,0.000,0.000,0.000,0.000,-6.0000,0.0000,0.0000,6.0000,95.00,95.00,90.00,90.00,65535,65535,65535,1500,1,11,40.4365607,-86.8936717,170.700,0.062,0.000,0.000
70293,25641,18225,15189,0,0,-0.36392,-0.43096,8.09360,0.254598,-0.064981,-0.033023,-8.115,-2.054,-149.018,-29.8090,9.6010,-9.7450,-1124.9570,232.6587,314.0276,0.0054137,-0.0246638,0.0321688,0.000000,0.000000,0.000000,0.00000,0.00000,0.000,0.000,0.000,0.000,0.000,-6.0000,0.0000,0.0000,6.0000,95.00,95.00,90.00,90.00,65535,65535,65535,1500,1,11,40.4365607,-86.8936717,170.700,0.062,0.000,0.000
70338,20247,18229,15177,0,0,-1.13844,-1.18872,8.95910,0.131028,-0.067112,-0.025566,-8.112,-2.188,-148.979,-29.8331,9.5420,-9.7604,-1126.8478,232.6383,313.5873,0.0057506,-0.0246346,0.0320956,0.000000,0.000000,0.000000,0.00000,0.00000,0.000,0.000,0.000,0.000,0.000,-6.0000,0.0000,0.0000,6.0000,95.00,95.00,90.00,90.00,65535,65535,65535,1500,1,11,40.4365610,-86.8936723,170.400,0.054,-0.262,0.000
70384,23454,15767,12692,0,0,-0.07542,-1.95606,7.20415,0.075634,0.006392,-0.021305,-7.860,-2.147,-149.115,-29.8700,9.5724,-9.8760,-1128.2773,233.0957,313.1173,0.0057506,-0.0246346,0.0320956,0.000000,0.000000,0.000000,0.00000,0.00000,0.000,0.000,0.000,0.000,0.000,-6.0000,0.0000,0.0000,6.0000,95.00,95.00,90.00,90.00,65535,65535,65535,1500,1,11,40.4365610,-86.8936723,170.400,0.054,-0.262,0.000
70432,31465,15764,12682,0,0,-0.39624,-0.05866,6.27640,0.170442,0.000000,-0.033023,-7.598,-2.144,-149.330,-29.8378,9.5835,-9.9987,-1129.7347,233.8325,312.6391,0.0058326,-0.0245962,0.0321179,0.000000,0.000000,0.000000,0.00000,0.00000,0.000,0.000,0.000,0.000,0.000,-6.0000,0.0000,0.0000,6.0000,95.00,95.00,90.00,90.00,65535,65535,65535,1500,1,11,40.4365607,-86.8936725,170.400,0.024,-0.116,0.000
70487,26738,18252,15192,0,0,-0.42976,-1.77650,9.42956,0.055394,-0.025566,-0.063916,-8.065,-2.446,-149.822,-29.8378,9.7094,-10.0117,-1131.5654,235.8690,312.1069,0.0063730,-0.0243950,0.0322322,0.000000,0.000000,0.000000,0.00000,0.00000,0.000,0.000,0.000,0.000,0.000,-6.0000,0.0000,0.0000,6.0000,95.00,95.00,90.00,90.00,65535,65535,65535,1500,1,11,40.4365607,-86.8936725,170.400,0.024,-0.116,0.000
70549,37491,18341,15304,0,0,1.52032,-1.33836,8.96748,-0.011718,0.006392,-0.045806,-8.682,-3.639,-151.693,-29.7780,10.4456,-10.0668,-1132.1628,244.7163,311.4514,0.0072753,-0.0235149,0.0330073,0.000000,0.000000,0.000000,0.00000,0.00000,0.000,0.000,0.000,0.000,0.000,-6.0000,0.0000,0.0000,6.0000,95.00,95.00,90.00,90.00,65535,65535,65535,1500,1,11,40.4365608,-86.8936727,170.000,0.024,-0.116,0.000
70583,24584,27883,24816,0,0,0.55067,-1.02711,4.76326,0.007457,-0.031958,-0.055394,-8.674,-3.669,-151.815,-29.7866,10.4492,-10.1877,-1132.8950,244.9732,311.2025,0.0072753,-0.0235149,0.0330073,0.000000,0.000000,0.000000,0.00000,0.00000,0.000,0.000,0.000,0.000,0.000,-6.0000,0.0000,0.0000,6.0000,95.00,95.00,90.00,90.00,65535,65535,65535,1500,1,11,40.4365608,-86.8936727,170.000,0.024,-0.116,0.000
70631,31496,15755,12665,0,0,1.88663,-1.84473,7.08444,-0.060720,0.031958,-0.038350,-9.416,-3.589,-151.956,-29.8571,10.4073,-10.2778,-1135.5244,245.3442,310.5842,0.0077711,-0.0234826,0.0329352,0.000000,0.000000,0.000000,0.00000,0.00000,0.000,0.000,0.000,0.000,0.000,-6.0000,0.0000,0.0000,6.0000,95.00,95.00,90.00,90.00,65535,65535,65535,1500,1,11,40.4365610,-86.8936727,170.000,0.024,-0.116,0.000
70691,30080,23712,15329,0,0,0.80565,-2.30202,9.46907,-0.110788,0.039415,-0.052198,-10.147,-3.406,-151.883,-29.8864,10.2753,-10.2846,-1138.1406,244.6870,310.0535,0.0081988,-0.0235172,0.0327705,0.000000,0.000000,0.000000,0.00000,0.00000,0.000,0.000,0.000,0.000,0.000,-6.0000,0.0000,0.0000,6.0000,95.00,95.00,90.00,90.00,65535,65535,65535,1500,1,11,40.4365610,-86.8936727,170.000,0.024,-0.116,0.000
70741,25953,18278,15248,0,0,0.89304,-1.79326,9.11832,-0.088417,0.050067,-0.023436,-10.278,-3.401,-152.256,-29.8789,10.3295,-10.2943,-1139.6624,245.8482,309.4755,0.0081829,-0.0234026,0.0328285,0.000000,0.000000,0.000000,0.00000,0.00000,0.000,0.000,0.000,0.000,0.000,-6.0000,0.0000,0.0000,6.0000,95.00,95.00,90.00,90.00,65535,65535,65535,1500,1,11,40.4365608,-86.8936730,169.500,0.018,-0.086,0.000
70786,24911,18201,15189,0,0,0.05028,-0.72065,10.20768,0.026632,0.051133,-0.035154,-9.271,-3.169,-153.010,-29.8333,10.5389,-10.2841,-1138.9865,248.1178,309.0164,0.0074492,-0.0235508,0.0330987,0.000000,0.000000,0.000000,0.00000,0.00000,0.000,0.000,0.000,0.000,0.000,-6.0000,0.0000,0.0000,6.0000,95.00,95.00,90.00,90.00,65535,65535,65535,1500,1,11,40.4365608,-86.8936730,169.500,0.018,-0.086,0.000
70837,27048,18288,15241,0,0,1.05225,-1.60531,11.09473,0.038350,0.102265,-0.039415,-9.349,-3.094,-153.233,-29.8433,10.5433,-10.2226,-1140.9380,248.8152,308.4881,0.0076568,-0.0233762,0.0330865,0.000000,0.000000,0.000000,0.00000,0.00000,0.000,0.000,0.000,0.000,0.000,-6.0000,0.0000,0.0000,6.0000,95.00,95.00,90.00,90.00,65535,65535,65535,1500,1,11,40.4365607,-86.8936733,169.100,0.010,-0.050,0.000
70911,43452,24289,15486,0,0,0.41539,-1.83156,9.97305,0.087352,0.086286,-0.022371,-9.062,-2.573,-153.503,-29.8465,10.5329,-10.2508,-1142.8921,249.3307,307.7924,0.0076015,-0.0234543,0.0330744,0.000000,0.000000,0.000000,0.00000,0.00000,0.000,0.000,0.000,0.000,0.000,-6.0000,0.0000,0.0000,6.0000,95.00,95.00,90.00,90.00,65535,65535,65535,1500,1,11,40.4365607,-86.8936733,169.100,0.010,-0.050,0.000
70943,31265,24667,21589,0,0,-0.15443,-0.86311,10.57399,0.026632,0.045806,-0.021305,-8.786,-2.326,-153.824,-29.8219,10.5953,-10.2277,-1143.1149,250.2585,307.4707,0.0074098,-0.0235988,0.0331656,0.000000,0.000000,0.000000,0.00000,0.00000,0.000,0.000,0.000,0.000,0.000,-6.0000,0.0000,0.0000,6.0000,95.00,95.00,90.00,90.00,65535,65535,65535,1500,1,11,40.4365607,-86.8936733,169.100,0.026,-0.126,0.000
70987,19650,18246,15174,0,0,1.11929,-1.35033,9.65582,0.119310,0.017044,-0.061785,-8.570,-2.160,-154.096,-29.8105,10.6083,-10.2128,-1144.5367,250.8614,306.9532,0.0073953,-0.0236270,0.0331762,0.000000,0.000000,0.000000,0.00000,0.00000,0.000,0.000,0.000,0.000,0.000,-6.0000,0.0000,0.0000,6.0000,95.00,95.00,90.00,90.00,65535,65535,65535,1500,1,11,40.4365607,-86.8936733,169.100,0.026,-0.126,0.000
71057,40327,23647,20614,0,0,0.34836,-0.05507,9.21169,-0.027697,-0.082025,-0.052198,-8.806,-2.162,-153.879,-29.8358,10.3841,-10.2591,-1147.5828,249.4474,306.2975,0.0075247,-0.0236488,0.0329401,0.000000,0.000000,0.000000,0.00000,0.00000,0.000,0.000,0.000,0.000,0.000,-6.0000,0.0000,0.0000,6.0000,95.00,95.00,90.00,90.00,65535,65535,65535,1500,1,11,40.4365615,-86.8936740,168.700,0.028,-0.136,0.000
71094,29923,30395,27310,0,0,0.64165,-2.29125,10.44949,-0.003196,-0.112918,-0.061785,-9.008,-2.368,-153.850,-29.8538,10.3268,-10.2324,-1149.0103,249.1825,305.9925,0.0076739,-0.0236067,0.0328621,0.000000,0.000000,0.000000,0.00000,0.00000,0.000,0.000,0.000,0.000,0.000,-6.0000,0.0000,0.0000,6.0000,95.00,95.00,90.00,90.00,65535,65535,65535,1500,1,11,40.4365615,-86.8936740,168.700,0.028,-0.136,0.000
71149,26456,18289,15240,0,0,0.10415,-1.80882,8.65384,-0.085221,-0.077764,-0.069242,-8.953,-2.597,-154.552,-29.8141,10.4427,-10.3176,-1149.8550,251.1440,305.2980,0.0073472,-0.0236825,0.0330321,0.000000,0.000000,0.000000,0.00000,0.00000,0.000,0.000,0.000,0.000,0.000,-6.0000,0.0000,0.0000,6.0000,95.00,95.00,90.00,90.00,65535,65535,65535,1500,1,11,40.4365615,-86.8936740,168.500,0.028,-0.136,0.000
71199,25976,18256,15218,0,0,0.83438,-0.40462,9.29429,-0.115049,-0.105461,-0.090547,-9.208,-3.031,-154.738,-29.8258,10.4202,-10.3134,-1151.8073,251.4782,304.7782,0.0074570,-0.0235148,0.0329905,0.000000,0.000000,0.000000,0.00000,0.00000,0.000,0.000,0.000,0.000,0.000,-6.0000,0.0000,0.0000,6.0000,95.00,95.00,90.00,90.00,65535,65535,65535,1500,1,11,40.4365615,-86.8936740,168.500,0.028,-0.136,0.000
71242,20228,15749,12660,0,0,0.21907,-3.54102,11.08276,0.079895,-0.117179,-0.096939,-9.163,-3.171,-155.031,-29.8311,10.4433,-10.2376,-1153.0841,251.7890,304.3140,0.0074503,-0.0236335,0.0329819,0.000000,0.000000,0.000000,0.00000,0.00000,0.000,0.000,0.000,0.000,0.000,-6.0000,0.0000,0.0000,6.0000,95.00,95.00,90.00,90.00,65535,65535,65535,1500,1,11,40.4365615,-86.8936740,168.200,0.031,-0.151,0.000
71292,26020,18245,15194,0,0,1.13725,-3.18309,10.16099,0.115049,-0.135289,-0.108657,-9.284,-3.256,-155.457,-29.8338,10.4722,-10.1910,-1154.4310,252.6288,303.8240,0.0077437,-0.0239278,0.0330137,0.000000,0.000000,0.000000,0.00000,0.00000,0.000,0.000,0.000,0.000,0.000,-6.0000,0.0000,0.0000,6.0000,95.00,95.00,90.00,90.00,65535,65535,65535,1500,1,11,40.4365615,-86.8936740,168.200,0.031,-0.151,0.000
71352,30567,23396,15339,0,0,0.77452,-1.92135,9.11712,0.094809,-0.184291,-0.104396,-8.610,-3.671,-155.624,-29.8482,10.3808,-10.2412,-1156.0736,252.0182,303.2663,0.0074130,-0.0240149,0.0329199,0.000000,0.000000,0.000000,0.00000,0.00000,0.000,0.000,0.000,0.000,0.000,-6.0000,0.0000,0.0000,6.0000,95.00,95.00,90.00,90.00,65535,65535,65535,1500,1,10,40.4365618,-86.8936742,168.000,0.031,-0.151,0.000
71383,29721,24696,21656,0,0,-0.41420,0.01437,8.79630,0.020240,-0.185356,-0.125701,-8.182,-3.521,-155.031,-29.8974,10.0111,-10.2760,-1158.0210,248.1902,302.9759,0.0069241,-0.0243087,0.0325329,0.000000,0.000000,0.000000,0.00000,0.00000,0.000,0.000,0.000,0.000,0.000,-6.0000,0.0000,0.0000,6.0000,95.00,95.00,90.00,90.00,65535,65535,65535,1500,1,10,40.4365618,-86.8936742,168.000,0.031,-0.151,0.000
71447,19115,18088,15102,0,0,0.53750,-2.31998,10.40879,0.078830,-0.070307,-0.117179,-8.782,-3.915,-156.790,-29.8291,10.5114,-10.2331,-1158.3969,254.4325,302.2360,0.0078119,-0.0245430,0.0330659,0.000000,0.000000,0.000000,0.00000,0.00000,0.000,0.000,0.000,0.000,0.000,-6.0000,0.0000,0.0000,6.0000,95.00,95.00,90.00,90.00,65535,65535,65535,1500,1,10,40.4365615,-86.8936742,167.700,0.042,-0.202,0.000
71495,25828,15734,12687,0,0,-0.31125,-3.31118,11.44907,0.036219,-0.061785,-0.118244,-8.617,-3.816,-156.782,-29.8477,10.3720,-10.1815,-1160.4861,252.8585,301.7318,0.0076060,-0.0246986,0.0328680,0.000000,0.000000,0.000000,0.00000,0.00000,0.000,0.000,0.000,0.000,0.000,-6.0000,0.0000,0.0000,6.0000,95.00,95.00,90.00,90.00,65535,65535,65535,1500,1,10,40.4365615,-86.8936742,167.700,0.042,-0.202,0.000
71535,22329,33377,30329,0,0,1.20069,0.96726,10.82419,-0.010653,-0.058590,-0.128897,-7.992,-3.860,-155.968,-29.9123,9.9584,-10.1642,-1162.5797,248.4025,301.5207,0.0069073,-0.0245647,0.0324214,0.000000,0.000000,0.000000,0.00000,0.00000,0.000,0.000,0.000,0.000,0.000,-6.0000,0.0000,0.0000,6.0000,95.00,95.00,90.00,90.00,65535,65535,65535,1500,1,10,40.4365618,-86.8936740,167.700,0.405,-0.029,0.000
71583,48069,33351,30356,0,0,-0.02035,-2.30202,10.30464,0.082025,-0.033023,-0.160855,-7.987,-3.769,-156.669,-29.8977,10.0446,-10.1306,-1163.8425,249.5856,301.0304,0.0071317,-0.0247658,0.0324860,0.000000,0.000000,0.000000,0.00000,0.00000,0.000,0.000,0.000,0.000,0.000,-6.0000,0.0000,0.0000,6.0000,95.00,95.00,90.00,90.00,65535,65535,65535,1500,1,10,40.4365618,-86.8936740,167.300,0.405,-0.029,0.000
71648,19031,18052,15060,0,0,0.93613,-0.94332,11.08156,0.134223,-0.154463,-0.208792,-7.668,-4.323,-157.741,-29.8898,10.0470,-10.1127,-1166.1418,250.5701,300.2136,0.0071802,-0.0248572,0.0325059,0.000000,0.000000,0.000000,0.00000,0.00000,0.000,0.000,0.000,0.000,0.000,-6.0000,0.0000,0.0000,6.0000,95.00,95.00,90.00,90.00,65535,65535,65535,1500,1,10,40.4365620,-86.8936738,166.900,0.384,0.318,0.000
71698,25728,18174,15147,0,0,1.86269,-3.07655,9.91439,0.193878,-0.041545,-0.181095,-7.408,-4.901,-159.395,-29.8133,10.4932,-10.1070,-1165.7798,255.9992,299.6926,0.0076055,-0.0247380,0.0329885,0.000000,0.000000,0.000000,0.00000,0.00000,0.000,0.000,0.000,0.000,0.000,-6.0000,0.0000,0.0000,6.0000,95.00,95.00,90.00,90.00,65535,65535,65535,1500,1,10,40.4365620,-86.8936738,166.900,0.384,0.318,0.000
71749,26313,18200,15172,0,0,1.87705,-3.64996,10.35492,0.076699,-0.011718,-0.129962,-7.392,-4.953,-160.301,-29.7978,10.6493,-10.0907,-1166.8102,258.2170,299.1694,0.0078470,-0.0247739,0.0331448,0.000000,0.000000,0.000000,0.00000,0.00000,0.000,0.000,0.000,0.000,0.000,-6.0000,0.0000,0.0000,6.0000,95.00,95.00,90.00,90.00,65535,65535,65535,1500,1,10,40.4365622,-86.8936740,166.800,0.139,0.115,0.000
71785,28146,26072,16992,0,0,-0.70150,-3.08493,10.39682,-0.023436,0.031958,-0.092678,-7.866,-4.450,-160.468,-29.8123,10.6194,-10.0664,-1168.2288,258.2045,298.8862,0.0082079,-0.0251859,0.0330888,0.000000,0.000000,0.000000,0.00000,0.00000,0.000,0.000,0.000,0.000,0.000,-6.0000,0.0000,0.0000,6.0000,95.00,95.00,90.00,90.00,65535,65535,65535,1500,1,10,40.4365622,-86.8936740,166.800,0.139,0.115,0.000
71836,26130,18180,15147,0,0,-0.40103,-2.89698,8.40724,0.101200,0.010653,-0.068177,-8.398,-4.150,-161.055,-29.8111,10.7024,-10.0717,-1170.0831,259.9690,298.2934,0.0086572,-0.0254464,0.0331697,0.000000,0.000000,0.000000,0.00000,0.00000,0.000,0.000,0.000,0.000,0.000,-6.0000,0.0000,0.0000,6.0000,95.00,95.00,90.00,90.00,65535,65535,65535,1500,1,10,40.4365618,-86.8936740,166.700,0.004,0.231,0.000
71899,18988,18035,15033,0,0,0.46328,-2.62045,10.39562,0.079895,-0.054328,-0.029827,-8.337,-3.823,-160.940,-29.8554,10.5071,-10.0538,-1172.8947,258.5997,297.6657,0.0086707,-0.0257512,0.0329638,0.000000,0.000000,0.000000,0.00000,0.00000,0.000,0.000,0.000,0.000,0.000,-6.0000,0.0000,0.0000,6.0000,95.00,95.00,90.00,90.00,65535,65535,65535,1500,1,10,40.4365618,-86.8936740,166.700,0.004,0.231,0.000
71939,24761,33238,30253,0,0,-0.15443,-1.53229,10.70088,0.104396,-0.061785,0.009587,-8.214,-3.595,-160.606,-29.8886,10.3443,-10.0293,-1174.4147,257.0617,297.4228,0.0086255,-0.0259509,0.0327852,0.000000,0.000000,0.000000,0.00000,0.00000,0.000,0.000,0.000,0.000,0.000,-6.0000,0.0000,0.0000,6.0000,95.00,95.00,90.00,90.00,65535,65535,65535,1500,1,10,40.4365620,-86.8936742,166.700,0.003,0.165,0.000
72004,35997,22456,15331,0,0,-0.46687,-1.18872,8.10677,-0.068177,-0.098004,0.058590,-8.645,-3.378,-160.156,-29.9371,10.2202,-10.2276,-1177.2677,256.0193,296.6586,0.0085640,-0.0262743,0.0326163,0.000000,0.000000,0.000000,0.00000,0.00000,0.000,0.000,0.000,0.000,0.000,-6.0000,0.0000,0.0000,6.0000,95.00,95.00,90.00,90.00,65535,65535,65535,1500,1,10,40.4365620,-86.8936742,166.500,0.003,0.165,0.000
72044,29381,33309,30287,0,0,-0.23104,-2.28646,9.74081,-0.036219,-0.095874,0.074569,-8.945,-3.260,-160.228,-29.9272,10.2740,-10.2223,-1177.9713,256.9080,296.3565,0.0087651,-0.0265071,0.0326701,0.000000,0.000000,0.000000,0.00000,0.00000,0.000,0.000,0.000,0.000,0.000,-6.0000,0.0000,0.0000,6.0000,95.00,95.00,90.00,90.00,65535,65535,65535,1500,1,10,40.4365623,-86.8936743,166.500,0.002,0.129,0.000
72104,34734,19402,16378,0,0,1.47363,-2.30202,9.34577,0.110788,-0.002131,0.113983,-8.838,-3.006,-159.987,-29.9174,10.2824,-10.2602,-1180.1122,257.7130,295.5964,0.0088470,-0.0266850,0.0326777,0.000000,0.000000,0.000000,0.00000,0.00000,0.000,0.000,0.000,0.000,0.000,-6.0000,0.0000,0.0000,6.0000,95.00,95.00,90.00,90.00,65535,65535,65535,1500,1,10,40.4365623,-86.8936743,166.500,0.002,0.129,0.000
72136,26385,24680,21673,0,0,1.13126,-0.46448,9.16860,0.022371,0.024501,0.099070,-8.525,-3.103,-159.741,-29.9218,10.2274,-10.2780,-1180.8882,257.2668,295.3278,0.0085725,-0.0264822,0.0326252,0.000000,0.000000,0.000000,0.00000,0.00000,0.000,0.000,0.000,0.000,0.000,-6.0000,0.0000,0.0000,6.0000,95.00,95.00,90.00,90.00,65535,65535,65535,1500,1,10,40.4365627,-86.8936748,166.400,0.002,0.103,0.000
72184,23386,18206,15187,0,0,-0.08619,-0.88346,8.53294,0.006392,0.112918,0.145941,-8.501,-2.576,-159.225,-29.9788,10.1558,-10.4203,-1182.7329,256.5452,294.7697,0.0084196,-0.0266383,0.0325192,0.000000,0.000000,0.000000,0.00000,0.00000,0.000,0.000,0.000,0.000,0.000,-6.0000,0.0000,0.0000,6.0000,95.00,95.00,90.00,90.00,65535,65535,65535,1500,1,10,40.4365627,-86.8936748,166.400,0.002,0.103,0.000
72239,27083,18185,15168,0,0,-0.48004,-2.96282,10.28908,0.005326,0.092678,0.157659,-8.909,-2.138,-159.032,-29.9863,10.2195,-10.4095,-1185.0009,257.9821,294.1906,0.0088255,-0.0266427,0.0325499,0.000000,0.000000,0.000000,0.00000,0.00000,0.000,0.000,0.000,0.000,0.000,-6.0000,0.0000,0.0000,6.0000,95.00,95.00,90.00,90.00,65535,65535,65535,1500,1,10,40.4365628,-86.8936755,166.200,0.002,0.103,0.000
72288,25033,18211,15169,0,0,0.62728,-2.45047,10.15620,-0.045806,0.045806,0.175769,-8.783,-1.427,-158.400,-30.0201,10.0684,-10.4315,-1186.6056,256.5860,293.6824,0.0085838,-0.0269949,0.0324048,0.000000,0.000000,0.000000,0.00000,0.00000,0.000,0.000,0.000,0.000,0.000,-6.0000,0.0000,0.0000,6.0000,95.00,95.00,90.00,90.00,65535,65535,65535,1500,1,10,40.4365628,-86.8936755,166.200,0.002,0.103,0.000
72334,20191,18145,15132,0,0,0.66798,0.88945,8.65743,-0.005326,-0.018109,0.129962,-8.068,-1.497,-158.253,-29.9736,10.1286,-10.4593,-1186.0674,257.1175,293.2129,0.0079180,-0.0268605,0.0325134,0.000000,0.000000,0.000000,0.00000,0.00000,0.000,0.000,0.000,0.000,0.000,-6.0000,0.0000,0.0000,6.0000,95.00,95.00,90.00,90.00,65535,65535,65535,1500,1,10,40.4365623,-86.8936753,166.100,0.005,0.288,0.000
72384,25893,18182,15148,0,0,-0.07542,-1.68672,11.41675,0.026632,-0.100135,0.136354,-8.124,-1.827,-158.039,-29.9675,10.1807,-10.4128,-1187.6967,258.2850,292.6855,0.0080341,-0.0266792,0.0325542,0.000000,0.000000,0.000000,0.00000,0.00000,0.000,0.000,0.000,0.000,0.000,-6.0000,0.0000,0.0000,6.0000,95.00,95.00,90.00,90.00,65535,65535,65535,1500,1,10,40.4365623,-86.8936753,166.100,0.005,0.288,0.000
72445,30644,24120,15258,0,0,0.20111,-2.47800,9.86172,0.113983,-0.117179,0.118244,-8.068,-1.841,-157.726,-29.9721,10.1704,-10.4046,-1189.3032,258.6268,292.1135,0.0080718,-0.0268967,0.0325410,0.000000,0.000000,0.000000,0.00000,0.00000,0.000,0.000,0.000,0.000,0.000,-6.0000,0.0000,0.0000,6.0000,95.00,95.00,90.00,90.00,65535,65535,65535,1500,1,10,40.4365623,-86.8936757,165.900,0.003,0.201,0.000
72495,25616,18170,15175,0,0,1.78967,-3.24414,10.25556,0.119310,-0.055394,0.108657,-7.857,-2.221,-157.714,-29.9475,10.2809,-10.4177,-1190.3885,260.4395,291.5253,0.0081113,-0.0267021,0.0326620,0.000000,0.000000,0.000000,0.00000,0.00000,0.000,0.000,0.000,0.000,0.000,-6.0000,0.0000,0.0000,6.0000,95.00,95.00,90.00,90.00,65535,65535,65535,1500,1,10,40.4365623,-86.8936757,165.900,0.003,0.201,0.000
72535,24957,33283,30277,0,0,-0.90740,-2.67552,9.55406,0.121440,-0.076699,0.101200,-8.083,-1.900,-157.551,-29.9713,10.2455,-10.4167,-1191.9121,260.4422,291.2657,0.0084541,-0.0270284,0.0326022,0.000000,0.000000,0.000000,0.00000,0.00000,0.000,0.000,0.000,0.000,0.000,-6.0000,0.0000,0.0000,6.0000,95.00,95.00,90.00,90.00,65535,65535,65535,1500,1,10,40.4365628,-86.8936765,165.900,0.004,0.221,0.000
72594,36473,18303,15286,0,0,0.69073,-1.96085,9.61990,0.216249,-0.063916,0.073503,-7.422,-2.523,-158.157,-29.8958,10.6091,-10.4329,-1192.2535,265.2750,290.4852,0.0087916,-0.0267678,0.0329923,0.000000,0.000000,0.000000,0.00000,0.00000,0.000,0.000,0.000,0.000,0.000,-6.0000,0.0000,0.0000,6.0000,95.00,95.00,90.00,90.00,65535,65535,65535,1500,1,10,40.4365628,-86.8936765,165.800,0.004,0.221,0.000
72647,27976,18253,15281,0,0,0.52912,-0.34117,9.72046,0.024501,-0.036219,0.066046,-6.895,-2.587,-157.857,-29.9018,10.5162,-10.3894,-1193.9982,264.7332,289.9365,0.0085386,-0.0267424,0.0329057,0.000000,0.000000,0.000000,0.00000,0.00000,0.000,0.000,0.000,0.000,0.000,-6.0000,0.0000,0.0000,6.0000,95.00,95.00,90.00,90.00,65535,65535,65535,1500,1,10,40.4365630,-86.8936770,165.600,0.004,0.221,0.000
72697,25957,18181,15148,0,0,1.20787,-0.84874,10.50217,0.086286,-0.052198,0.049002,-6.814,-3.316,-159.196,-29.7356,11.1041,-10.3598,-1191.7661,271.8793,289.3949,0.0088910,-0.0263537,0.0335717,0.000000,0.000000,0.000000,0.00000,0.00000,0.000,0.000,0.000,0.000,0.000,-6.0000,0.0000,0.0000,6.0000,95.00,95.00,90.00,90.00,65535,65535,65535,1500,1,10,40.4365630,-86.8936770,165.600,0.004,0.221,0.000
72742,20079,18151,15145,0,0,-0.43694,-2.36068,9.36971,0.005326,-0.088417,0.038350,-7.364,-2.893,-158.789,-29.8224,10.9258,-10.3843,-1195.7277,270.9212,288.9303,0.0095559,-0.0267782,0.0333296,0.000000,0.000000,0.000000,0.00000,0.00000,0.000,0.000,0.000,0.000,0.000,-6.0000,0.0000,0.0000,6.0000,95.00,95.00,90.00,90.00,65535,65535,65535,1500,1,11,40.4365630,-86.8936775,165.400,0.006,0.350,0.000
72792,25793,18220,15160,0,0,1.22823,0.42018,9.56364,-0.072438,-0.041545,-0.010653,-6.780,-3.698,-159.478,-29.7158,11.1793,-10.3753,-1194.0663,273.9410,288.4051,0.0089139,-0.0262120,0.0336701,0.000000,0.000000,0.000000,0.00000,0.00000,0.000,0.000,0.000,0.000,0.000,-6.0000,0.0000,0.0000,6.0000,95.00,95.00,90.00,90.00,65535,65535,65535,1500,1,11,40.4365630,-86.8936775,165.400,0.006,0.350,0.000
72841,24022,18215,15187,0,0,-0.30406,-0.84036,10.52371,-0.082025,0.026632,0.000000,-6.901,-3.242,-159.083,-29.7766,11.0064,-10.3118,-1196.8363,271.9252,287.9116,0.0087725,-0.0264387,0.0334215,0.000000,0.000000,0.000000,0.00000,0.00000,0.000,0.000,0.000,0.000,0.000,-6.0000,0.0000,0.0000,6.0000,95.00,95.00,90.00,90.00,65535,65535,65535,1500,1,11,40.4365628,-86.8936783,165.100,0.006,0.350,0.000
72896,27704,18132,15120,0,0,1.64242,-2.36188,10.18972,0.010653,0.075634,-0.034088,-7.319,-2.991,-159.490,-29.7769,11.0888,-10.3044,-1198.8386,273.6442,287.3318,0.0091896,-0.0264674,0.0334799,0.000000,0.000000,0.000000,0.00000,0.00000,0.000,0.000,0.000,0.000,0.000,-6.0000,0.0000,0.0000,6.0000,95.00,95.00,90.00,90.00,65535,65535,65535,1500,1,11,40.4365628,-86.8936783,165.100,0.006,0.350,0.000
72936,19139,38341,30290,0,0,-0.85473,-0.72903,10.23282,-0.027697,0.046872,-0.052198,-7.217,-2.465,-159.050,-29.8517,10.8425,-10.2968,-1200.7061,271.0144,287.1432,0.0090097,-0.0267944,0.0332150,0.000000,0.000000,0.000000,0.00000,0.00000,0.000,0.000,0.000,0.000,0.000,-6.0000,0.0000,0.0000,6.0000,95.00,95.00,90.00,90.00,65535,65535,65535,1500,1,11,40.4365628,-86.8936783,165.100,0.006,0.350,0.000
72988,27256,18214,15169,0,0,-0.20231,-0.79487,10.14782,0.014914,0.014914,-0.083091,-7.401,-2.381,-159.699,-29.8714,10.9136,-10.2145,-1202.7881,272.5116,286.3994,0.0091336,-0.0267226,0.0332680,0.000000,0.000000,0.000000,0.00000,0.00000,0.000,0.000,0.000,0.000,0.000,-6.0000,0.0000,0.0000,6.0000,95.00,95.00,90.00,90.00,65535,65535,65535,1500,1,11,40.4365627,-86.8936790,165.000,0.007,0.427,0.000
73056,40221,22127,19104,0,0,-0.05028,-0.68354,9.16979,-0.085221,0.021305,-0.145941,-7.366,-2.070,-160.256,-29.8708,10.8415,-10.2205,-1204.5026,272.3015,285.7440,0.0089161,-0.0269042,0.0332171,0.000000,0.000000,0.000000,0.00000,0.00000,0.000,0.000,0.000,0.000,0.000,-6.0000,0.0000,0.0000,6.0000,95.00,95.00,90.00,90.00,65535,65535,65535,1500,1,11,40.4365628,-86.8936797,164.800,-0.394,0.177,0.000
73098,32146,31321,22625,0,0,1.91297,-2.26611,10.39443,-0.024501,0.023436,-0.194943,-7.653,-2.465,-160.798,-29.8779,10.9309,-10.1925,-1205.8247,273.8323,285.4109,0.0091599,-0.0265405,0.0332780,0.000000,0.000000,0.000000,0.00000,0.00000,0.000,0.000,0.000,0.000,0.000,-6.0000,0.0000,0.0000,6.0000,95.00,95.00,90.00,90.00,65535,65535,65535,1500,1,11,40.4365628,-86.8936797,164.800,-0.394,0.177,0.000
73149,31418,18248,15174,0,0,0.21428,-1.76692,11.26711,-0.033023,0.027697,-0.232228,-7.823,-2.415,-161.733,-29.8792,10.9391,-10.1392,-1207.8164,274.6382,284.7605,0.0091906,-0.0264944,0.0332809,0.000000,0.000000,0.000000,0.00000,0.00000,0.000,0.000,0.000,0.000,0.000,-6.0000,0.0000,0.0000,6.0000,95.00,95.00,90.00,90.00,65535,65535,65535,1500,1,11,40.4365628,-86.8936803,164.700,-0.371,-0.310,0.000
73193,19640,18145,15097,0,0,1.14203,-2.71742,10.42675,0.093743,0.013848,-0.258859,-7.868,-2.534,-162.464,-29.8716,10.9468,-10.0929,-1209.1216,275.2816,284.3140,0.0091803,-0.0263909,0.0332923,0.000000,0.000000,0.000000,0.00000,0.00000,0.000,0.000,0.000,0.000,0.000,-6.0000,0.0000,0.0000,6.0000,95.00,95.00,90.00,90.00,65535,65535,65535,1500,1,11,40.4365628,-86.8936803,164.700,-0.371,-0.310,0.000
73244,26615,18215,15181,0,0,-0.34716,-1.86628,9.76236,0.036219,0.001065,-0.273773,-8.065,-2.158,-163.124,-29.9176,10.8369,-10.0785,-1211.8171,274.7066,283.8039,0.0094031,-0.0267404,0.0331551,0.000000,0.000000,0.000000,0.00000,0.00000,0.000,0.000,0.000,0.000,0.000,-6.0000,0.0000,0.0000,6.0000,95.00,95.00,90.00,90.00,65535,65535,65535,1500,1,11,40.4365625,-86.8936810,164.600,-0.347,-0.505,0.000
73298,29958,18228,15298,0,0,1.10612,-1.45567,11.00375,-0.013848,0.017044,-0.282295,-7.876,-2.143,-164.180,-29.9064,10.8621,-10.0479,-1212.8567,275.5077,283.2561,0.0092874,-0.0267566,0.0332000,0.000000,0.000000,0.000000,0.00000,0.00000,0.000,0.000,0.000,0.000,0.000,-6.0000,0.0000,0.0000,6.0000,95.00,95.00,90.00,90.00,65535,65535,65535,1500,1,11,40.4365625,-86.8936810,164.600,-0.347,-0.505,0.000
73349,26640,18209,15181,0,0,2.10929,-1.94289,10.52491,-0.102265,0.028762,-0.288687,-8.142,-2.583,-164.974,-29.9387,10.8321,-10.0425,-1215.4093,275.8651,282.7420,0.0093425,-0.0263206,0.0331329,0.000000,0.000000,0.000000,0.00000,0.00000,0.000,0.000,0.000,0.000,0.000,-6.0000,0.0000,0.0000,6.0000,95.00,95.00,90.00,90.00,65535,65535,65535,1500,1,11,40.4365625,-86.8936818,164.400,-0.278,-0.528,0.000
73396,22643,18234,15206,0,0,-0.18076,-0.13767,9.25359,-0.174703,0.045806,-0.265251,-8.171,-2.414,-166.444,-29.8581,11.0670,-10.0162,-1213.6420,278.4193,282.2683,0.0090160,-0.0264720,0.0334337,0.000000,0.000000,0.000000,0.00000,0.00000,0.000,0.000,0.000,0.000,0.000,-6.0000,0.0000,0.0000,6.0000,95.00,95.00,90.00,90.00,65535,65535,65535,1500,1,11,40.4365625,-86.8936818,164.400,-0.278,-0.528,0.000
73441,20266,18184,15161,0,0,0.40103,-1.53947,10.77750,-0.078830,0.066046,-0.296144,-8.552,-2.414,-167.018,-29.9019,10.9747,-9.9879,-1216.2642,277.9906,281.8228,0.0090865,-0.0263468,0.0333057,0.000000,0.000000,0.000000,0.00000,0.00000,0.000,0.000,0.000,0.000,0.000,-6.0000,0.0000,0.0000,6.0000,95.00,95.00,90.00,90.00,65535,65535,65535,1500,1,11,40.4365625,-86.8936828,164.400,-0.244,-0.617,0.000
73491,25818,18192,15163,0,0,0.44412,-1.66636,10.19810,-0.026632,0.050067,-0.276969,-8.809,-2.286,-167.787,-29.9315,10.9156,-9.9770,-1218.6243,277.9711,281.3181,0.0091975,-0.0263759,0.0332241,0.000000,0.000000,0.000000,0.00000,0.00000,0.000,0.000,0.000,0.000,0.000,-6.0000,0.0000,0.0000,6.0000,95.00,95.00,90.00,90.00,65535,65535,65535,1500,1,11,40.4365625,-86.8936828,164.300,-0.244,-0.617,0.000
73540,28210,38376,30366,0,0,-0.39145,-1.50715,10.41957,-0.058590,0.040480,-0.276969,-8.844,-2.097,-168.693,-29.8679,11.0472,-9.9576,-1217.7941,279.6427,281.0348,0.0091713,-0.0265706,0.0334005,0.000000,0.000000,0.000000,0.00000,0.00000,0.000,0.000,0.000,0.000,0.000,-6.0000,0.0000,0.0000,6.0000,95.00,95.00,90.00,90.00,65535,65535,65535,1500,1,11,40.4365625,-86.8936828,164.300,-0.244,-0.617,0.000
73599,37511,20424,15310,0,0,1.45927,-1.24618,8.94474,0.044741,0.001065,-0.281230,-8.913,-2.531,-169.274,-30.0186,10.7648,-9.9295,-1223.7058,277.5462,280.2687,0.0092111,-0.0261113,0.0330223,0.000000,0.000000,0.000000,0.00000,0.00000,0.000,0.000,0.000,0.000,0.000,-6.0000,0.0000,0.0000,6.0000,95.00,95.00,90.00,90.00,65535,65535,65535,1500,1,11,40.4365623,-86.8936838,164.300,-0.236,-0.681,0.000
73644,20331,18179,15167,0,0,-0.16400,-1.39582,10.57279,0.011718,-0.013848,-0.281230,-8.661,-2.719,-170.091,-30.0209,10.7596,-9.9242,-1225.1339,277.9710,279.8033,0.0091446,-0.0259953,0.0330159,0.000000,0.000000,0.000000,0.00000,0.00000,0.000,0.000,0.000,0.000,0.000,-6.0000,0.0000,0.0000,6.0000,95.00,95.00,90.00,90.00,65535,65535,65535,1500,1,11,40.4365625,-86.8936852,164.300,-0.234,-0.800,0.000
73695,26060,18214,15153,0,0,0.12809,-1.99557,10.08558,0.025566,-0.026632,-0.245011,-8.779,-2.652,-170.761,-30.0528,10.7022,-9.8928,-1227.5643,277.9602,279.3000,0.0093308,-0.0261678,0.0329336,0.000000,0.000000,0.000000,0.00000,0.00000,0.000,0.000,0.000,0.000,0.000,-6.0000,0.0000,0.0000,6.0000,95.00,95.00,90.00,90.00,65535,65535,65535,1500,1,11,40.4365625,-86.8936852,164.000,-0.234,-0.800,0.000
73750,27439,18163,15159,0,0,-0.10534,-1.89142,9.47505,0.070307,-0.068177,-0.226901,-8.593,-2.850,-171.528,-30.0677,10.6762,-9.8785,-1229.5840,278.3077,278.7507,0.0093509,-0.0261281,0.0328999,0.000000,0.000000,0.000000,0.00000,0.00000,0.000,0.000,0.000,0.000,0.000,-6.0000,0.0000,0.0000,6.0000,95.00,95.00,90.00,90.00,65535,65535,65535,1500,1,11,40.4365627,-86.8936867,164.000,-0.186,-0.881,0.000
73782,19170,30194,22159,0,0,-0.06584,-0.53989,9.97424,0.058590,-0.091613,-0.213053,-8.246,-2.848,-172.135,-30.0085,10.7957,-9.8766,-1228.3282,279.6127,278.5602,0.0091239,-0.0262489,0.0330641,0.000000,0.000000,0.000000,0.00000,0.00000,0.000,0.000,0.000,0.000,0.000,-6.0000,0.0000,0.0000,6.0000,95.00,95.00,90.00,90.00,65535,65535,65535,1500,1,11,40.4365627,-86.8936867,164.000,-0.186,-0.881,0.000
73832,25884,18171,15168,0,0,0.25379,0.12689,10.15261,0.011718,-0.086286,-0.176834,-8.064,-2.979,-173.036,-29.9798,10.8447,-9.8572,-1229.4142,280.5850,277.9453,0.0089972,-0.0264256,0.0331230,0.000000,0.000000,0.000000,0.00000,0.00000,0.000,0.000,0.000,0.000,0.000,-6.0000,0.0000,0.0000,6.0000,95.00,95.00,90.00,90.00,65535,65535,65535,1500,1,11,40.4365627,-86.8936867,164.000,-0.186,-0.881,0.000
73896,18958,18039,15039,0,0,0.56743,-1.55384,9.85932,0.009587,-0.051133,-0.147006,-7.659,-2.964,-173.954,-29.9342,10.9115,-9.8537,-1229.8995,281.8928,277.3174,0.0087627,-0.0266479,0.0332342,0.000000,0.000000,0.000000,0.00000,0.00000,0.000,0.000,0.000,0.000,0.000,-6.0000,0.0000,0.0000,6.0000,95.00,95.00,90.00,90.00,65535,65535,65535,1500,1,11,40.4365627,-86.8936878,163.700,-0.125,-0.881,0.000
73932,27858,26720,17010,0,0,0.45370,-1.04746,8.99142,0.030893,-0.012783,-0.116114,-7.565,-2.970,-174.207,-29.9304,10.9150,-9.8744,-1230.6074,282.2163,277.0427,0.0087226,-0.0266477,0.0332418,0.000000,0.000000,0.000000,0.00000,0.00000,0.000,0.000,0.000,0.000,0.000,-6.0000,0.0000,0.0000,6.0000,95.00,95.00,90.00,90.00,65535,65535,65535,1500,1,11,40.4365627,-86.8936878,163.700,-0.125,-0.881,0.000
74000,39341,21714,18724,0,0,-0.21787,-1.58137,10.57519,-0.080960,0.045806,-0.061785,-7.820,-2.686,-174.792,-29.9074,10.9451,-9.8271,-1232.4009,283.3061,276.3234,0.0087259,-0.0267559,0.0332801,0.000000,0.000000,0.000000,0.00000,0.00000,0.000,0.000,0.000,0.000,0.000,-6.0000,0.0000,0.0000,6.0000,95.00,95.00,90.00,90.00,65535,65535,65535,1500,1,11,40.4365627,-86.8936888,163.700,-0.071,-0.799,0.000
74040,28034,33345,30323,0,0,0.34716,-0.67157,10.76074,-0.061785,0.039415,-0.038350,-7.708,-2.581,-175.093,-29.8707,10.9974,-9.8005,-1232.1758,284.1252,276.0481,0.0085451,-0.0267715,0.0333659,0.000000,0.000000,0.000000,0.00000,0.00000,0.000,0.000,0.000,0.000,0.000,-6.0000,0.0000,0.0000,6.0000,95.00,95.00,90.00,90.00,65535,65535,65535,1500,1,11,40.4365627,-86.8936888,163.700,-0.071,-0.799,0.000
74099,33694,18346,15296,0,0,1.08697,-1.55025,9.71567,-0.037284,0.061785,0.003196,-7.925,-2.747,-174.727,-29.9859,10.8214,-9.8132,-1236.9971,283.1177,275.3249,0.0086354,-0.0262610,0.0331205,0.000000,0.000000,0.000000,0.00000,0.00000,0.000,0.000,0.000,0.000,0.000,-6.0000,0.0000,0.0000,6.0000,95.00,95.00,90.00,90.00,65535,65535,65535,1500,1,11,40.4365625,-86.8936897,163.700,-0.049,-0.708,0.000
74134,28328,25845,17012,0,0,0.95648,-0.07302,9.49660,-0.074569,0.092678,0.041545,-7.664,-2.750,-175.050,-29.9179,10.9339,-9.8230,-1235.8949,284.5220,275.0458,0.0083330,-0.0260956,0.0332872,0.000000,0.000000,0.000000,0.00000,0.00000,0.000,0.000,0.000,0.000,0.000,-6.0000,0.0000,0.0000,6.0000,95.00,95.00,90.00,90.00,65535,65535,65535,1500,1,11,40.4365625,-86.8936897,163.700,-0.049,-0.708,0.000
74185,25967,18181,15147,0,0,0.62369,-2.61567,9.65821,-0.096939,0.143811,0.075634,-7.888,-2.362,-174.795,-29.9479,10.8620,-9.8318,-1238.3369,284.4511,274.4702,0.0082399,-0.0259029,0.0332083,0.000000,0.000000,0.000000,0.00000,0.00000,0.000,0.000,0.000,0.000,0.000,-6.0000,0.0000,0.0000,6.0000,95.00,95.00,90.00,90.00,65535,65535,65535,1500,1,11,40.4365623,-86.8936907,163.700,-0.067,-0.733,0.000
74235,30849,18201,15152,0,0,-0.42018,-2.59531,9.77433,-0.046872,0.161920,0.110788,-8.793,-1.571,-173.385,-30.1885,10.4009,-9.8245,-1246.5038,280.1938,273.9852,0.0087018,-0.0259989,0.0325766,0.000000,0.000000,0.000000,0.00000,0.00000,0.000,0.000,0.000,0.000,0.000,-6.0000,0.0000,0.0000,6.0000,95.00,95.00,90.00,90.00,65535,65535,65535,1500,1,11,40.4365623,-86.8936907,163.700,-0.067,-0.733,0.000
74299,19005,18061,15060,0,0,-0.14485,-2.11049,9.19733,-0.017044,0.159790,0.147006,-8.740,-0.802,-173.582,-30.1015,10.5632,-9.8438,-1246.1139,282.5889,273.3542,0.0085753,-0.0260192,0.0327991,0.000000,0.000000,0.000000,0.00000,0.00000,0.000,0.000,0.000,0.000,0.000,-6.0000,0.0000,0.0000,6.0000,95.00,95.00,90.00,90.00,65535,65535,65535,1500,1,11,40.4365622,-86.8936917,163.000,-0.073,-0.789,0.000
74353,29791,18260,15292,0,0,0.17957,-1.09176,8.77116,-0.055394,0.109722,0.142745,-8.829,-0.326,-173.569,-30.0550,10.6517,-9.8762,-1246.5109,284.1155,272.8211,0.0085308,-0.0260183,0.0329191,0.000000,0.000000,0.000000,0.00000,0.00000,0.000,0.000,0.000,0.000,0.000,-6.0000,0.0000,0.0000,6.0000,95.00,95.00,90.00,90.00,65535,65535,65535,1500,1,11,40.4365622,-86.8936917,163.000,-0.073,-0.789,0.000
74384,19231,29817,21871,0,0,0.32801,-1.46765,10.15261,-0.085221,0.095874,0.149137,-8.900,-0.248,-173.445,-30.0543,10.6497,-9.8674,-1247.0940,284.2832,272.6313,0.0085035,-0.0259482,0.0329166,0.000000,0.000000,0.000000,0.00000,0.00000,0.000,0.000,0.000,0.000,0.000,-6.0000,0.0000,0.0000,6.0000,95.00,95.00,90.00,90.00,65535,65535,65535,1500,1,11,40.4365622,-86.8936917,163.000,-0.073,-0.789,0.000
74434,30854,18205,15161,0,0,0.06943,-0.78650,8.75081,-0.062851,-0.008522,0.136354,-8.855,-0.412,-173.266,-30.0122,10.7281,-9.9060,-1247.6548,285.7824,272.0204,0.0083329,-0.0256566,0.0330324,0.000000,0.000000,0.000000,0.00000,0.00000,0.000,0.000,0.000,0.000,0.000,-6.0000,0.0000,0.0000,6.0000,95.00,95.00,90.00,90.00,65535,65535,65535,1500,1,11,40.4365622,-86.8936917,163.000,-0.073,-0.789,0.000
74484,25302,18160,15155,0,0,0.54229,-1.46405,8.21331,-0.083091,-0.028762,0.117179,-8.930,-0.560,-172.955,-30.0152,10.7163,-9.9762,-1249.2505,286.1574,271.5212,0.0082606,-0.0254992,0.0330181,0.000000,0.000000,0.000000,0.00000,0.00000,0.000,0.000,0.000,0.000,0.000,-6.0000,0.0000,0.0000,6.0000,95.00,95.00,90.00,90.00,65535,65535,65535,1500,1,11,40.4365625,-86.8936943,163.000,-0.005,-0.839,0.000
74546,39310,20814,15252,0,0,1.74178,-0.83917,9.68933,-0.005326,-0.018109,0.126766,-8.905,-0.963,-172.057,-30.1276,10.5153,-9.9734,-1253.2776,284.6786,270.9421,0.0080931,-0.0250151,0.0327785,0.000000,0.000000,0.000000,0.00000,0.00000,0.000,0.000,0.000,0.000,0.000,-6.0000,0.0000,0.0000,6.0000,95.00,95.00,90.00,90.00,65535,65535,65535,1500,1,11,40.4365625,-86.8936943,163.000,-0.005,-0.839,0.000
74587,31704,30565,22552,0,0,1.73101,-1.27252,9.68095,-0.070307,0.018109,0.133158,-9.005,-1.215,-171.268,-30.2403,10.3082,-9.9729,-1256.8024,282.7498,270.6295,0.0079776,-0.0246176,0.0325151,0.000000,0.000000,0.000000,0.00000,0.00000,0.000,0.000,0.000,0.000,0.000,-6.0000,0.0000,0.0000,6.0000,95.00,95.00,90.00,90.00,65535,65535,65535,1500,1,11,40.4365628,-86.8936960,162.600,0.105,-0.930,0.000
74637,30782,18207,15170,0,0,0.11133,-1.74178,10.02931,-0.104396,0.075634,0.134223,-9.210,-1.083,-171.021,-30.2214,10.3336,-9.9538,-1257.9623,283.6851,270.0074,0.0077813,-0.0243821,0.0325685,0.000000,0.000000,0.000000,0.00000,0.00000,0.000,0.000,0.000,0.000,0.000,-6.0000,0.0000,0.0000,6.0000,95.00,95.00,90.00,90.00,65535,65535,65535,1500,1,11,40.4365628,-86.8936960,162.600,0.105,-0.930,0.000
74688,26137,18207,15187,0,0,-0.36871,-0.95170,9.37210,-0.008522,0.038350,0.143811,-9.150,-0.771,-171.391,-30.0941,10.5690,-9.9782,-1256.2198,286.7809,269.4943,0.0077302,-0.0245256,0.0328836,0.000000,0.000000,0.000000,0.00000,0.00000,0.000,0.000,0.000,0.000,0.000,-6.0000,0.0000,0.0000,6.0000,95.00,95.00,90.00,90.00,65535,65535,65535,1500,1,11,40.4365632,-86.8936972,162.500,0.167,-0.927,0.000
74732,19595,18187,15140,0,0,-1.09894,-1.67953,10.60153,0.068177,-0.007457,0.118244,-9.020,-0.699,-170.916,-30.1464,10.4752,-9.9532,-1258.7645,286.2063,269.0580,0.0076999,-0.0244144,0.0327617,0.000000,0.000000,0.000000,0.00000,0.00000,0.000,0.000,0.000,0.000,0.000,-6.0000,0.0000,0.0000,6.0000,95.00,95.00,90.00,90.00,65535,65535,65535,1500,1,11,40.4365632,-86.8936972,162.500,0.167,-0.927,0.000
74793,30519,23230,15249,0,0,0.11253,-2.40857,10.32140,0.177899,-0.125701,0.100135,-8.737,-0.669,-170.926,-30.1013,10.5736,-9.9275,-1259.3234,287.8449,268.5047,0.0077940,-0.0246278,0.0328789,0.000000,0.000000,0.000000,0.00000,0.00000,0.000,0.000,0.000,0.000,0.000,-6.0000,0.0000,0.0000,6.0000,95.00,95.00,90.00,90.00,65535,65535,65535,1500,1,11,40.4365628,-86.8936983,162.300,0.140,-0.962,0.000
74843,25984,18178,15134,0,0,2.09971,-0.19393,9.13627,0.202400,-0.150202,0.096939,-7.469,-1.898,-171.403,-29.9258,10.8544,-9.9705,-1256.1440,291.3468,267.9508,0.0072412,-0.0239068,0.0332887,0.000000,0.000000,0.000000,0.00000,0.00000,0.000,0.000,0.000,0.000,0.000,-6.0000,0.0000,0.0000,6.0000,95.00,95.00,90.00,90.00,65535,65535,65535,1500,1,11,40.4365628,-86.8936983,162.300,0.140,-0.962,0.000
74894,25883,18198,15144,0,0,-0.81044,-0.96965,9.95868,0.117179,-0.206661,0.086286,-7.266,-2.449,-170.930,-29.9774,10.7704,-9.9557,-1259.0277,291.0080,267.4439,0.0073556,-0.0237992,0.0331706,0.000000,0.000000,0.000000,0.00000,0.00000,0.000,0.000,0.000,0.000,0.000,-6.0000,0.0000,0.0000,6.0000,95.00,95.00,90.00,90.00,65535,65535,65535,1500,1,11,40.4365633,-86.8936998,162.100,0.190,-1.006,0.000
74944,25878,18178,15124,0,0,1.21027,-2.47441,11.04804,0.165116,-0.207727,0.062851,-6.659,-2.885,-170.890,-29.9567,10.8156,-9.9401,-1259.7292,291.8835,266.9436,0.0071746,-0.0239141,0.0332283,0.000000,0.000000,0.000000,0.00000,0.00000,0.000,0.000,0.000,0.000,0.000,-6.0000,0.0000,0.0000,6.0000,95.00,95.00,90.00,90.00,65535,65535,65535,1500,1,11,40.4365633,-86.8936998,162.100,0.190,-1.006,0.000
74994,23874,19045,15284,0,0,-0.44293,-1.69270,10.72004,0.169377,-0.247141,0.047937,-6.768,-2.997,-170.647,-30.0032,10.7701,-9.9086,-1262.7089,292.0596,266.4566,0.0076682,-0.0243362,0.0331347,0.000000,0.000000,0.000000,0.00000,0.00000,0.000,0.000,0.000,0.000,0.000,-6.0000,0.0000,0.0000,6.0000,95.00,95.00,90.00,90.00,65535,65535,65535,1500,1,11,40.4365633,-86.8937010,162.000,0.196,-0.931,0.000
75034,25245,33307,30306,0,0,0.50757,-0.74579,9.87488,0.260990,-0.222640,0.058590,-6.315,-3.240,-170.412,-30.0335,10.7073,-9.9061,-1264.1847,291.5959,266.2078,0.0075627,-0.0243516,0.0330564,0.000000,0.000000,0.000000,0.00000,0.00000,0.000,0.000,0.000,0.000,0.000,-6.0000,0.0000,0.0000,6.0000,95.00,95.00,90.00,90.00,65535,65535,65535,1500,1,11,40.4365633,-86.8937010,162.000,0.196,-0.931,0.000
75106,32474,33541,25667,0,0,-0.27533,-0.88825,9.27633,0.217314,-0.200270,0.073503,-5.630,-3.513,-169.486,-30.1556,10.3953,-10.0223,-1269.9031,289.4941,265.4919,0.0074856,-0.0246056,0.0327164,0.000000,0.000000,0.000000,0.00000,0.00000,0.000,0.000,0.000,0.000,0.000,-6.0000,0.0000,0.0000,6.0000,95.00,95.00,90.00,90.00,65535,65535,65535,1500,1,11,40.4365632,-86.8937018,161.800,0.196,-0.931,0.000
75143,34619,35623,27630,0,0,0.18675,-0.29568,9.90122,0.206661,-0.166181,0.060720,-5.088,-3.551,-168.617,-30.3032,10.1010,-10.0200,-1274.7379,286.5144,265.1497,0.0072440,-0.0247294,0.0323383,0.000000,0.000000,0.000000,0.00000,0.00000,0.000,0.000,0.000,0.000,0.000,-6.0000,0.0000,0.0000,6.0000,95.00,95.00,90.00,90.00,65535,65535,65535,1500,1,11,40.4365632,-86.8937018,161.800,0.196,-0.931,0.000
75187,25669,18168,15143,0,0,1.01035,-0.52313,10.35013,0.124636,-0.119310,0.060720,-4.389,-3.635,-167.479,-30.4855,9.7359,-9.9814,-1281.5284,282.9491,264.5320,0.0070010,-0.0249066,0.0318585,0.000000,0.000000,0.000000,0.00000,0.00000,0.000,0.000,0.000,0.000,0.000,-6.0000,0.0000,0.0000,6.0000,95.00,95.00,90.00,90.00,65535,65535,65535,1500,1,11,40.4365632,-86.8937018,161.800,0.196,-0.931,0.000
75242,26258,18170,15144,0,0,0.32202,-1.02711,9.42238,0.083091,-0.089482,0.052198,-4.300,-3.976,-168.030,-30.3666,9.9675,-9.9996,-1280.2355,286.1943,263.9849,0.0072475,-0.0248805,0.0321573,0.000000,0.000000,0.000000,0.00000,0.00000,0.000,0.000,0.000,0.000,0.000,-6.0000,0.0000,0.0000,6.0000,95.00,95.00,90.00,90.00,65535,65535,65535,1500,1,11,40.4365632,-86.8937018,161.800,0.196,-0.931,0.000
75293,26402,18178,15176,0,0,0.03352,-1.61848,10.82059,0.028762,-0.066046,0.055394,-4.701,-3.673,-167.915,-30.3920,9.9608,-9.9437,-1282.7285,286.7545,263.4698,0.0076447,-0.0252389,0.0321155,0.000000,0.000000,0.000000,0.00000,0.00000,0.000,0.000,0.000,0.000,0.000,-6.0000,0.0000,0.0000,6.0000,95.00,95.00,90.00,90.00,65535,65535,65535,1500,1,11,40.4365637,-86.8937040,161.500,0.228,-0.732,0.000
75343,25776,18172,15142,0,0,1.74418,-1.69988,10.89362,0.011718,0.015979,0.046872,-4.747,-3.957,-168.762,-30.2139,10.2978,-9.9154,-1279.7407,291.1330,262.9672,0.0078520,-0.0250360,0.0325536,0.000000,0.000000,0.000000,0.00000,0.00000,0.000,0.000,0.000,0.000,0.000,-6.0000,0.0000,0.0000,6.0000,95.00,95.00,90.00,90.00,65535,65535,65535,1500,1,11,40.4365637,-86.8937040,161.500,0.228,-0.732,0.000
75385,17054,18153,15140,0,0,1.44729,-1.43173,9.90242,-0.051133,0.039415,0.063916,-5.075,-4.125,-169.469,-30.0561,10.6286,-9.8528,-1277.2494,294.9359,262.5480,0.0080665,-0.0248504,0.0329256,0.000000,0.000000,0.000000,0.00000,0.00000,0.000,0.000,0.000,0.000,0.000,-6.0000,0.0000,0.0000,6.0000,95.00,95.00,90.00,90.00,65535,65535,65535,1500,1,11,40.4365637,-86.8937050,161.500,0.246,-0.764,0.000
75444,29763,23244,15280,0,0,1.03549,-1.84952,10.64941,-0.125701,0.101200,0.054328,-6.291,-4.226,-171.310,-29.7010,11.3408,-9.8208,-1270.7441,304.1159,262.0020,0.0090843,-0.0246790,0.0338016,0.000000,0.000000,0.000000,0.00000,0.00000,0.000,0.000,0.000,0.000,0.000,-6.0000,0.0000,0.0000,6.0000,95.00,95.00,90.00,90.00,65535,65535,65535,1500,1,11,40.4365637,-86.8937050,161.500,0.246,-0.764,0.000
75495,25852,18162,15150,0,0,0.48004,-0.79487,10.62188,-0.077764,0.115049,0.052198,-6.388,-3.452,-170.773,-29.7974,11.1307,-9.7828,-1274.6033,302.2197,261.4579,0.0088111,-0.0249051,0.0335545,0.000000,0.000000,0.000000,0.00000,0.00000,0.000,0.000,0.000,0.000,0.000,-6.0000,0.0000,0.0000,6.0000,95.00,95.00,90.00,90.00,65535,65535,65535,1500,1,11,40.4365642,-86.8937063,161.500,0.355,-0.794,0.000
75535,24314,33338,30317,0,0,0.44772,-1.66277,10.47703,-0.172573,0.095874,0.041545,-6.754,-3.245,-170.813,-29.7959,11.1445,-9.7632,-1275.4001,302.7128,261.2194,0.0089192,-0.0249427,0.0335635,0.000000,0.000000,0.000000,0.00000,0.00000,0.000,0.000,0.000,0.000,0.000,-6.0000,0.0000,0.0000,6.0000,95.00,95.00,90.00,90.00,65535,65535,65535,1500,1,11,40.4365642,-86.8937063,161.500,0.355,-0.794,0.000
75600,38479,20664,17653,0,0,1.07859,-1.75495,10.74637,0.003196,0.123571,0.026632,-7.240,-3.064,-171.037,-29.7954,11.2486,-9.6977,-1277.7120,304.8895,260.4547,0.0092280,-0.0245994,0.0336362,0.000000,0.000000,0.000000,0.00000,0.00000,0.000,0.000,0.000,0.000,0.000,-6.0000,0.0000,0.0000,6.0000,95.00,95.00,90.00,90.00,65535,65535,65535,1500,1,11,40.4365643,-86.8937072,161.100,0.355,-0.794,0.000
75655,23714,24917,15271,0,0,0.19752,-0.73023,10.41597,-0.037284,0.156594,0.030893,-7.164,-2.296,-171.171,-29.7804,11.2433,-9.6901,-1278.4346,305.2130,259.9663,0.0090702,-0.0248696,0.0336606,0.000000,0.000000,0.000000,0.00000,0.00000,0.000,0.000,0.000,0.000,0.000,-6.0000,0.0000,0.0000,6.0000,95.00,95.00,90.00,90.00,65535,65535,65535,1500,1,11,40.4365643,-86.8937072,161.100,0.355,-0.794,0.000
75687,31971,24957,21937,0,0,0.84994,-1.32878,10.30584,-0.009587,0.149137,0.018109,-7.202,-2.119,-171.242,-29.7809,11.2534,-9.6706,-1279.3959,305.7178,259.6563,0.0090779,-0.0247489,0.0336681,0.000000,0.000000,0.000000,0.00000,0.00000,0.000,0.000,0.000,0.000,0.000,-6.0000,0.0000,0.0000,6.0000,95.00,95.00,90.00,90.00,65535,65535,65535,1500,1,11,40.4365642,-86.8937080,161.000,0.220,-0.740,0.000
75737,26029,18185,15149,0,0,0.04669,-1.44131,9.95270,0.040480,0.234358,0.027697,-7.392,-1.493,-170.984,-29.8807,11.1447,-9.6483,-1283.9645,305.3277,259.1015,0.0092992,-0.0245776,0.0334742,0.000000,0.000000,0.000000,0.00000,0.00000,0.000,0.000,0.000,0.000,0.000,-6.0000,0.0000,0.0000,6.0000,95.00,95.00,90.00,90.00,65535,65535,65535,1500,1,11,40.4365642,-86.8937080,161.000,0.220,-0.740,0.000
75789,26124,18181,15165,0,0,0.39385,-1.39821,9.48822,0.193878,0.339819,0.038350,-7.253,-0.916,-170.658,-29.9851,11.0259,-9.6365,-1288.7476,304.8452,258.6067,0.0095111,-0.0241363,0.0332609,0.000000,0.000000,0.000000,0.00000,0.00000,0.000,0.000,0.000,0.000,0.000,-6.0000,0.0000,0.0000,6.0000,95.00,95.00,90.00,90.00,65535,65535,65535,1500,1,11,40.4365645,-86.8937093,160.800,0.236,-0.842,0.000
75833,19643,18176,15149,0,0,-0.11492,-1.17316,10.28310,0.089482,0.356864,0.037284,-6.919,-0.268,-170.969,-29.9339,11.1128,-9.6413,-1288.9736,306.3592,258.1808,0.0095480,-0.0238878,0.0333690,0.000000,0.000000,0.000000,0.00000,0.00000,0.000,0.000,0.000,0.000,0.000,-6.0000,0.0000,0.0000,6.0000,95.00,95.00,90.00,90.00,65535,65535,65535,1500,1,11,40.4365645,-86.8937093,160.800,0.236,-0.842,0.000
75888,27426,18158,15136,0,0,1.22104,-1.24259,9.48463,0.043676,0.248207,0.025566,-6.615,0.257,-171.705,-29.7928,11.3354,-9.6511,-1287.0093,309.4811,257.6429,0.0095422,-0.0236303,0.0336773,0.000000,0.000000,0.000000,0.00000,0.00000,0.000,0.000,0.000,0.000,0.000,-6.0000,0.0000,0.0000,6.0000,95.00,95.00,90.00,90.00,65535,65535,65535,1500,1,11,40.4365643,-86.8937103,160.600,0.236,-0.842,0.000
75938,25938,18161,15133,0,0,-0.28491,-1.38026,10.22803,-0.069242,0.094809,0.015979,-6.744,0.833,-171.840,-29.7899,11.3312,-9.6410,-1288.2780,309.9382,257.1586,0.0095027,-0.0237985,0.0336821,0.000000,0.000000,0.000000,0.00000,0.00000,0.000,0.000,0.000,0.000,0.000,-6.0000,0.0000,0.0000,6.0000,95.00,95.00,90.00,90.00,65535,65535,65535,1500,1,11,40.4365643,-86.8937103,160.600,0.236,-0.842,0.000
75989,31412,18144,15149,0,0,0.65481,-2.14042,9.73722,-0.099070,0.019175,-0.009587,-6.865,0.694,-172.884,-29.5869,11.6651,-9.6582,-1284.1150,313.9590,256.6693,0.0094128,-0.0236827,0.0341359,0.000000,0.000000,0.000000,0.00000,0.00000,0.000,0.000,0.000,0.000,0.000,-6.0000,0.0000,0.0000,6.0000,95.00,95.00,90.00,90.00,65535,65535,65535,1500,1,11,40.4365642,-86.8937112,160.500,0.154,-0.824,0.000
76050,34306,20862,15249,0,0,-0.61172,-0.95170,9.73482,-0.049002,0.001065,-0.008522,-6.943,0.980,-174.040,-29.3549,11.9769,-9.6595,-1279.5125,317.9865,256.1033,0.0092861,-0.0240053,0.0346147,0.000000,0.000000,0.000000,0.00000,0.00000,0.000,0.000,0.000,0.000,0.000,-6.0000,0.0000,0.0000,6.0000,95.00,95.00,90.00,90.00,65535,65535,65535,1500,1,11,40.4365642,-86.8937112,160.500,0.154,-0.824,0.000
76100,36872,33368,30338,0,0,-0.24421,0.09337,10.00297,-0.138484,-0.027697,-0.018109,-6.836,0.843,-175.396,-29.0601,12.3725,-9.6547,-1272.6143,322.8802,255.7470,0.0090871,-0.0240659,0.0352288,0.000000,0.000000,0.000000,0.00000,0.00000,0.000,0.000,0.000,0.000,0.000,-6.0000,0.0000,0.0000,6.0000,95.00,95.00,90.00,90.00,65535,65535,65535,1500,1,11,40.4365638,-86.8937118,160.500,0.090,-0.823,0.000
76139,39694,32658,29664,0,0,-0.85353,-0.64165,9.13747,-0.207727,-0.079895,-0.007457,-7.144,0.857,-176.195,-28.8877,12.5903,-9.6802,-1269.2491,325.7930,255.3634,0.0090185,-0.0242931,0.0355709,0.000000,0.000000,0.000000,0.00000,0.00000,0.000,0.000,0.000,0.000,0.000,-6.0000,0.0000,0.0000,6.0000,95.00,95.00,90.00,90.00,65535,65535,65535,1500,1,11,40.4365638,-86.8937118,160.500,0.090,-0.823,0.000
76191,31372,18216,15191,0,0,0.85114,-0.75298,9.69053,-0.265251,-0.139550,-0.026632,-7.861,0.233,-176.341,-28.8935,12.5804,-9.6894,-1271.1969,326.4980,254.7193,0.0088527,-0.0240936,0.0355616,0.000000,0.000000,0.000000,0.00000,0.00000,0.000,0.000,0.000,0.000,0.000,-6.0000,0.0000,0.0000,6.0000,95.00,95.00,90.00,90.00,65535,65535,65535,1500,1,11,40.4365637,-86.8937128,160.300,0.090,-0.823,0.000
76240,25220,18152,15157,0,0,0.35075,-1.25815,10.63624,-0.255663,-0.148072,-0.023436,-8.354,-0.343,-176.295,-28.9253,12.5313,-9.6497,-1273.4094,326.5165,254.2399,0.0086797,-0.0238995,0.0354920,0.000000,0.000000,0.000000,0.00000,0.00000,0.000,0.000,0.000,0.000,0.000,-6.0000,0.0000,0.0000,6.0000,95.00,95.00,90.00,90.00,65535,65535,65535,1500,1,11,40.4365637,-86.8937128,160.300,0.090,-0.823,0.000
76289,29431,18255,15254,0,0,0.32441,-1.73580,10.93432,-0.235423,-0.129962,-0.037284,-8.745,-0.829,-176.325,-28.9443,12.4999,-9.5992,-1275.2322,326.6328,253.7728,0.0084662,-0.0237496,0.0354452,0.000000,0.000000,0.000000,0.00000,0.00000,0.000,0.000,0.000,0.000,0.000,-6.0000,0.0000,0.0000,6.0000,95.00,95.00,90.00,90.00,65535,65535,65535,1500,1,12,40.4365635,-86.8937140,160.100,-0.004,-0.936,0.000
76339,26043,18207,15166,0,0,0.77931,-1.67714,10.49498,-0.210922,-0.072438,-0.033023,-8.943,-1.201,-176.270,-28.9871,12.4242,-9.5593,-1277.5913,326.2740,253.2906,0.0081268,-0.0235899,0.0353493,0.000000,0.000000,0.000000,0.00000,0.00000,0.000,0.000,0.000,0.000,0.000,-6.0000,0.0000,0.0000,6.0000,95.00,95.00,90.00,90.00,65535,65535,65535,1500,1,12,40.4365635,-86.8937140,160.100,-0.004,-0.936,0.000
76391,26540,18202,15161,0,0,0.38906,-1.26534,10.61948,-0.138484,-0.066046,-0.023436,-9.371,-1.367,-176.492,-28.9705,12.4419,-9.5086,-1278.5896,327.0919,252.7997,0.0080659,-0.0235998,0.0353814,0.000000,0.000000,0.000000,0.00000,0.00000,0.000,0.000,0.000,0.000,0.000,-6.0000,0.0000,0.0000,6.0000,95.00,95.00,90.00,90.00,65535,65535,65535,1500,1,11,40.4365632,-86.8937148,160.000,-0.050,-0.827,0.000
76441,25678,18165,15156,0,0,-0.35674,-0.84515,10.29866,-0.175769,-0.061785,-0.024501,-9.713,-1.498,-176.825,-28.9279,12.4875,-9.4659,-1278.7798,328.1465,252.3258,0.0079073,-0.0236202,0.0354618,0.000000,0.000000,0.000000,0.00000,0.00000,0.000,0.000,0.000,0.000,0.000,-6.0000,0.0000,0.0000,6.0000,95.00,95.00,90.00,90.00,65535,65535,65535,1500,1,11,40.4365632,-86.8937148,160.000,-0.050,-0.827,0.000
76490,24343,18287,15299,0,0,0.44891,-1.27132,10.42914,-0.157659,-0.054328,-0.026632,-9.886,-1.704,-176.470,-29.0369,12.3213,-9.4355,-1282.9203,326.7679,251.8615,0.0076337,-0.0234790,0.0352307,0.000000,0.000000,0.000000,0.00000,0.00000,0.000,0.000,0.000,0.000,0.000,-6.0000,0.0000,0.0000,6.0000,95.00,95.00,90.00,90.00,65535,65535,65535,1500,1,11,40.4365627,-86.8937157,159.900,-0.107,-0.749,0.000
76557,39235,26452,18513,0,0,-0.08739,-1.17914,9.49301,-0.167247,-0.060720,-0.014914,-10.067,-1.747,-177.307,-28.8684,12.5214,-9.4416,-1279.9908,329.6156,251.3115,0.0073901,-0.0236278,0.0355543,0.000000,0.000000,0.000000,0.00000,0.00000,0.000,0.000,0.000,0.000,0.000,-6.0000,0.0000,0.0000,6.0000,95.00,95.00,90.00,90.00,65535,65535,65535,1500,1,11,40.4365627,-86.8937157,159.900,-0.107,-0.749,0.000
76594,33423,30348,27344,0,0,1.00197,-0.66918,9.28950,-0.127832,-0.062851,-0.023436,-10.051,-1.955,-176.584,-29.0519,12.2488,-9.4587,-1285.4756,326.8556,250.9974,0.0070262,-0.0234437,0.0351791,0.000000,0.000000,0.000000,0.00000,0.00000,0.000,0.000,0.000,0.000,0.000,-6.0000,0.0000,0.0000,6.0000,95.00,95.00,90.00,90.00,65535,65535,65535,1500,1,11,40.4365622,-86.8937167,159.800,-0.228,-0.876,0.000
76645,30840,18201,15170,0,0,0.47884,-1.88424,10.51294,-0.094809,-0.057524,-0.041545,-10.260,-2.135,-176.440,-29.1359,12.1218,-9.4230,-1289.3433,326.1324,250.4100,0.0068427,-0.0233599,0.0350068,0.000000,0.000000,0.000000,0.00000,0.00000,0.000,0.000,0.000,0.000,0.000,-6.0000,0.0000,0.0000,6.0000,95.00,95.00,90.00,90.00,65535,65535,65535,1500,1,11,40.4365622,-86.8937167,159.800,-0.228,-0.876,0.000
76700,29225,19075,15291,0,0,-0.17597,-0.92416,10.31183,-0.106526,-0.100135,-0.029827,-10.047,-2.164,-177.556,-28.8934,12.3972,-9.3755,-1284.1873,329.7190,249.9025,0.0064573,-0.0236165,0.0354660,0.000000,0.000000,0.000000,0.00000,0.00000,0.000,0.000,0.000,0.000,0.000,-6.0000,0.0000,0.0000,6.0000,95.00,95.00,90.00,90.00,65535,65535,65535,1500,1,11,40.4365617,-86.8937178,159.700,-0.309,-0.933,0.000
76744,19701,18214,15162,0,0,-0.59376,-1.39582,10.30704,0.026632,-0.141680,-0.036219,-9.739,-2.297,-178.270,-28.7608,12.5580,-9.3268,-1281.5840,331.9539,249.4845,0.0062300,-0.0237984,0.0357303,0.000000,0.000000,0.000000,0.00000,0.00000,0.000,0.000,0.000,0.000,0.000,-6.0000,0.0000,0.0000,6.0000,95.00,95.00,90.00,90.00,65535,65535,65535,1500,1,11,40.4365617,-86.8937178,159.700,-0.309,-0.933,0.000
76795,26175,18210,15161,0,0,0.17717,-0.71587,9.88925,0.007457,-0.148072,-0.040480,-9.290,-2.475,-178.894,-28.6433,12.6756,-9.3018,-1279.5839,333.7208,249.0099,0.0058344,-0.0240279,0.0359449,0.000000,0.000000,0.000000,0.00000,0.00000,0.000,0.000,0.000,0.000,0.000,-6.0000,0.0000,0.0000,6.0000,95.00,95.00,90.00,90.00,65535,65535,65535,1500,1,11,40.4365612,-86.8937192,159.600,-0.351,-1.011,0.000
76845,25833,18193,15154,0,0,-0.68953,-1.09894,10.13825,0.050067,-0.142745,-0.035154,-9.147,-2.549,179.750,-28.3594,13.0475,-9.2667,-1273.5581,338.6485,248.5450,0.0059430,-0.0244043,0.0365045,0.000000,0.000000,0.000000,0.00000,0.00000,0.000,0.000,0.000,0.000,0.000,-6.0000,0.0000,0.0000,6.0000,95.00,95.00,90.00,90.00,65535,65535,65535,1500,1,11,40.4365612,-86.8937192,159.600,-0.351,-1.011,0.000
76901,29664,19047,15275,0,0,0.92177,-1.67714,11.15578,0.104396,-0.080960,-0.028762,-8.960,-2.998,-179.913,-28.4804,12.8991,-9.2043,-1278.2808,337.6846,248.0371,0.0059781,-0.0241827,0.0362756,0.000000,0.000000,0.000000,0.00000,0.00000,0.000,0.000,0.000,0.000,0.000,-6.0000,0.0000,0.0000,6.0000,95.00,95.00,90.00,90.00,65535,65535,65535,1500,1,10,40.4365607,-86.8937197,159.500,-0.325,-0.834,0.000
76945,19613,18143,15134,0,0,0.88346,-1.72981,10.02452,0.135289,-0.055394,-0.023436,-8.585,-3.043,179.730,-28.4293,12.9616,-9.1869,-1278.2623,339.0006,247.6248,0.0059855,-0.0242797,0.0363716,0.000000,0.000000,0.000000,0.00000,0.00000,0.000,0.000,0.000,0.000,0.000,-6.0000,0.0000,0.0000,6.0000,95.00,95.00,90.00,90.00,65535,65535,65535,1500,1,10,40.4365607,-86.8937197,159.500,-0.325,-0.834,0.000
76996,25917,18192,15177,0,0,0.54827,-1.77171,10.33218,0.164051,0.015979,-0.006392,-8.145,-3.125,179.768,-28.4726,12.9060,-9.1618,-1280.8390,339.0057,247.1565,0.0059826,-0.0241525,0.0362880,0.000000,0.000000,0.000000,0.00000,0.00000,0.000,0.000,0.000,0.000,0.000,-6.0000,0.0000,0.0000,6.0000,95.00,95.00,90.00,90.00,65535,65535,65535,1500,1,10,40.4365605,-86.8937208,159.500,-0.297,-0.850,0.000
77036,24344,33292,30306,0,0,1.04028,-0.63446,9.77912,0.153398,0.040480,-0.004261,-7.752,-3.146,-179.984,-28.5394,12.8017,-9.1613,-1283.0859,337.9777,246.9348,0.0057751,-0.0240337,0.0361501,0.000000,0.000000,0.000000,0.00000,0.00000,0.000,0.000,0.000,0.000,0.000,-6.0000,0.0000,0.0000,6.0000,95.00,95.00,90.00,90.00,65535,65535,65535,1500,1,10,40.4365605,-86.8937208,159.500,-0.297,-0.850,0.000
77114,38545,33247,30236,0,0,0.39983,-0.86072,9.57920,0.107592,0.022371,-0.002131,-6.886,-2.761,179.889,-28.5530,12.7542,-9.1695,-1285.7430,338.4370,246.2188,0.0055987,-0.0241736,0.0361023,0.000000,0.000000,0.000000,0.00000,0.00000,0.000,0.000,0.000,0.000,0.000,-6.0000,0.0000,0.0000,6.0000,95.00,95.00,90.00,90.00,65535,65535,65535,1500,1,10,40.4365600,-86.8937212,159.400,-0.297,-0.850,0.000
77152,47609,24047,21043,0,0,-0.20111,-1.35272,10.27472,0.113983,0.003196,-0.006392,-6.630,-2.509,179.765,-28.5465,12.7556,-9.1440,-1287.4403,339.0799,245.7822,0.0056341,-0.0243473,0.0360870,0.000000,0.000000,0.000000,0.00000,0.00000,0.000,0.000,0.000,0.000,0.000,-6.0000,0.0000,0.0000,6.0000,95.00,95.00,90.00,90.00,65535,65535,65535,1500,1,10,40.4365600,-86.8937212,159.400,-0.297,-0.850,0.000
77197,19576,18150,15146,0,0,1.04387,-0.41659,9.69173,0.096939,-0.018109,0.003196,-6.100,-2.541,179.738,-28.5520,12.7226,-9.1329,-1288.9678,339.1403,245.3227,0.0054291,-0.0243047,0.0360545,0.000000,0.000000,0.000000,0.00000,0.00000,0.000,0.000,0.000,0.000,0.000,-6.0000,0.0000,0.0000,6.0000,95.00,95.00,90.00,90.00,65535,65535,65535,1500,1,10,40.4365595,-86.8937212,159.300,-0.210,-0.492,0.000
77247,26072,18216,15177,0,0,-0.34955,-1.49997,11.30542,0.138484,-0.014914,-0.012783,-6.033,-2.409,179.538,-28.5513,12.7556,-9.0553,-1290.8262,340.3702,244.8617,0.0057127,-0.0244189,0.0360635,0.000000,0.000000,0.000000,0.00000,0.00000,0.000,0.000,0.000,0.000,0.000,-6.0000,0.0000,0.0000,6.0000,95.00,95.00,90.00,90.00,65535,65535,65535,1500,1,10,40.4365595,-86.8937212,159.300,-0.210,-0.492,0.000
77298,25961,18198,15170,0,0,0.60094,-0.71587,11.13304,0.115049,0.006392,-0.012783,-5.562,-2.345,179.399,-28.5546,12.7485,-8.9850,-1292.3336,340.9247,244.4026,0.0056833,-0.0244299,0.0360563,0.000000,0.000000,0.000000,0.00000,0.00000,0.000,0.000,0.000,0.000,0.000,-6.0000,0.0000,0.0000,6.0000,95.00,95.00,90.00,90.00,65535,65535,65535,1500,1,10,40.4365593,-86.8937218,159.400,-0.210,-0.492,0.000
77351,27216,19898,15281,0,0,-0.17957,-1.85551,11.19409,0.049002,-0.030893,-0.026632,-5.572,-2.165,179.347,-28.5933,12.7293,-8.8982,-1295.1782,341.4510,243.9393,0.0058514,-0.0245860,0.0359862,0.000000,0.000000,0.000000,0.00000,0.00000,0.000,0.000,0.000,0.000,0.000,-6.0000,0.0000,0.0000,6.0000,95.00,95.00,90.00,90.00,65535,65535,65535,1500,1,10,40.4365593,-86.8937218,159.400,-0.210,-0.492,0.000
77395,24802,18150,15140,0,0,0.58778,-1.58975,10.68891,0.038350,-0.060720,-0.017044,-5.628,-2.003,179.409,-28.6622,12.6734,-8.8460,-1298.4862,341.5534,243.5315,0.0059881,-0.0248110,0.0358702,0.000000,0.000000,0.000000,0.00000,0.00000,0.000,0.000,0.000,0.000,0.000,-6.0000,0.0000,0.0000,6.0000,95.00,95.00,90.00,90.00,65535,65535,65535,1500,1,10,40.4365593,-86.8937218,159.400,-0.210,-0.492,0.000
77445,30825,18186,15166,0,0,0.10175,-1.21865,10.79665,-0.021305,-0.124636,-0.017044,-5.740,-2.254,179.254,-28.6552,12.6837,-8.8006,-1299.9022,342.3512,243.0904,0.0060499,-0.0248292,0.0358788,0.000000,0.000000,0.000000,0.00000,0.00000,0.000,0.000,0.000,0.000,0.000,-6.0000,0.0000,0.0000,6.0000,95.00,95.00,90.00,90.00,65535,65535,65535,1500,1,10,40.4365593,-86.8937218,159.400,-0.210,-0.492,0.000
77496,26056,18219,15166,0,0,0.18914,-1.94409,10.57758,-0.019175,-0.143811,-0.033023,-5.969,-2.533,179.051,-28.6449,12.7098,-8.7792,-1301.2380,343.3699,242.6407,0.0061763,-0.0249036,0.0359023,0.000000,0.000000,0.000000,0.00000,0.00000,0.000,0.000,0.000,0.000,0.000,-6.0000,0.0000,0.0000,6.0000,95.00,95.00,90.00,90.00,65535,65535,65535,1500,1,10,40.4365580,-86.8937218,159.200,-0.210,-0.492,0.000
77535,19148,38188,30258,0,0,-0.43814,-1.09535,11.05163,-0.027697,-0.143811,-0.031958,-5.992,-2.414,179.175,-28.7042,12.6459,-8.7547,-1303.2552,342.8662,242.4725,0.0061355,-0.0251203,0.0357985,0.000000,0.000000,0.000000,0.00000,0.00000,0.000,0.000,0.000,0.000,0.000,-6.0000,0.0000,0.0000,6.0000,95.00,95.00,90.00,90.00,65535,65535,65535,1500,1,10,40.4365580,-86.8937218,159.200,-0.210,-0.492,0.000
77598,33737,18279,15195,0,0,0.40582,-1.50835,10.96904,-0.069242,-0.141680,-0.029827,-6.260,-2.871,178.917,-28.7035,12.6336,-8.6359,-1305.9600,343.8026,241.7579,0.0061625,-0.0252611,0.0357774,0.000000,0.000000,0.000000,0.00000,0.00000,0.000,0.000,0.000,0.000,0.000,-6.0000,0.0000,0.0000,6.0000,95.00,95.00,90.00,90.00,65535,65535,65535,1500,1,10,40.4365580,-86.8937218,159.200,-0.210,-0.492,0.000
77648,26296,18211,15181,0,0,0.40342,-1.14323,11.38922,-0.011718,-0.125701,-0.042611,-6.415,-3.029,178.603,-28.6821,12.6673,-8.5588,-1306.9507,344.9135,241.3212,0.0062860,-0.0254385,0.0358206,0.000000,0.000000,0.000000,0.00000,0.00000,0.000,0.000,0.000,0.000,0.000,-6.0000,0.0000,0.0000,6.0000,95.00,95.00,90.00,90.00,65535,65535,65535,1500,1,10,40.4365572,-86.8937222,159.200,-0.427,-0.166,0.000
77698,30881,18189,15140,0,0,0.43694,-0.65242,10.67814,0.029827,-0.058590,-0.024501,-6.358,-3.099,178.407,-28.6825,12.6622,-8.5096,-1308.3976,345.5790,240.8940,0.0063068,-0.0255134,0.0358214,0.000000,0.000000,0.000000,0.00000,0.00000,0.000,0.000,0.000,0.000,0.000,-6.0000,0.0000,0.0000,6.0000,95.00,95.00,90.00,90.00,65535,65535,65535,1500,1,10,40.4365572,-86.8937222,159.200,-0.427,-0.166,0.000
77749,31422,18211,15194,0,0,-0.33878,-1.50236,10.44710,0.073503,-0.023436,-0.014914,-6.497,-2.975,177.926,-28.6045,12.7617,-8.4800,-1308.1581,347.5894,240.4638,0.0065878,-0.0257013,0.0359625,0.000000,0.000000,0.000000,0.00000,0.00000,0.000,0.000,0.000,0.000,0.000,-6.0000,0.0000,0.0000,6.0000,95.00,95.00,90.00,90.00,65535,65535,65535,1500,1,10,40.4365565,-86.8937222,159.200,-0.486,-0.153,0.000
77784,28296,24720,16523,0,0,-0.13527,-1.72981,10.96305,0.008522,0.014914,-0.002131,-6.607,-2.751,177.777,-28.5895,12.7861,-8.4438,-1308.7378,348.2822,240.2240,0.0066960,-0.0258603,0.0359882,0.000000,0.000000,0.000000,0.00000,0.00000,0.000,0.000,0.000,0.000,0.000,-6.0000,0.0000,0.0000,6.0000,95.00,95.00,90.00,90.00,65535,65535,65535,1500,1,10,40.4365565,-86.8937222,159.200,-0.486,-0.153,0.000
77848,19674,18110,15082,0,0,0.67995,-1.27850,10.44351,0.054328,0.031958,0.000000,-6.431,-2.711,177.550,-28.5742,12.7965,-8.4011,-1310.3986,349.2968,239.6316,0.0066709,-0.0257254,0.0360097,0.000000,0.000000,0.000000,0.00000,0.00000,0.000,0.000,0.000,0.000,0.000,-6.0000,0.0000,0.0000,6.0000,95.00,95.00,90.00,90.00,65535,65535,65535,1500,1,10,40.4365560,-86.8937222,159.200,-0.359,-0.093,0.000
77898,25851,18154,15127,0,0,0.50877,-2.09014,10.51055,0.057524,0.035154,-0.014914,-6.505,-2.615,177.252,-28.5388,12.8545,-8.3856,-1311.1145,350.7303,239.2095,0.0068522,-0.0256884,0.0360791,0.000000,0.000000,0.000000,0.00000,0.00000,0.000,0.000,0.000,0.000,0.000,-6.0000,0.0000,0.0000,6.0000,95.00,95.00,90.00,90.00,65535,65535,65535,1500,1,10,40.4365560,-86.8937222,159.200,-0.359,-0.093,0.000
77949,26734,18168,15152,0,0,0.44293,-1.59574,10.56082,0.011718,0.020240,-0.014914,-6.486,-2.227,177.219,-28.5805,12.8150,-8.3539,-1313.6932,350.9362,238.7818,0.0068758,-0.0259083,0.0360070,0.000000,0.000000,0.000000,0.00000,0.00000,0.000,0.000,0.000,0.000,0.000,-6.0000,0.0000,0.0000,6.0000,95.00,95.00,90.00,90.00,65535,65535,65535,1500,1,10,40.4365553,-86.8937222,159.100,-0.400,-0.115,0.000
78003,29676,18665,15285,0,0,0.36990,-1.50236,10.18972,0.111853,0.084156,-0.009587,-6.430,-2.115,176.944,-28.5493,12.8658,-8.3448,-1314.6575,352.3455,238.3294,0.0070377,-0.0257969,0.0360664,0.000000,0.000000,0.000000,0.00000,0.00000,0.000,0.000,0.000,0.000,0.000,-6.0000,0.0000,0.0000,6.0000,95.00,95.00,90.00,90.00,65535,65535,65535,1500,1,10,40.4365553,-86.8937222,159.100,-0.400,-0.115,0.000
78043,19678,38283,30351,0,0,0.15921,-1.58496,10.31063,0.115049,0.108657,-0.003196,-6.420,-1.915,176.911,-28.5648,12.8601,-8.3325,-1315.7601,352.6518,238.1642,0.0071363,-0.0258461,0.0360443,0.000000,0.000000,0.000000,0.00000,0.00000,0.000,0.000,0.000,0.000,0.000,-6.0000,0.0000,0.0000,6.0000,95.00,95.00,90.00,90.00,65535,65535,65535,1500,1,10,40.4365553,-86.8937222,159.100,-0.400,-0.115,0.000
78101,36667,20246,15273,0,0,0.36631,-1.47962,10.31901,0.067112,0.160855,0.010653,-6.291,-1.116,176.798,-28.6103,12.8608,-8.3113,-1319.6711,353.7624,237.5213,0.0074066,-0.0258494,0.0359722,0.000000,0.000000,0.000000,0.00000,0.00000,0.000,0.000,0.000,0.000,0.000,-6.0000,0.0000,0.0000,6.0000,95.00,95.00,90.00,90.00,65535,65535,65535,1500,1,10,40.4365550,-86.8937222,159.100,-0.407,-0.090,0.000
78141,21340,33319,30333,0,0,0.29688,-0.65721,10.12388,0.109722,0.137419,0.001065,-6.044,-0.975,176.601,-28.5653,12.8948,-8.3043,-1318.8942,354.2951,237.3458,0.0073118,-0.0258123,0.0360467,0.000000,0.000000,0.000000,0.00000,0.00000,0.000,0.000,0.000,0.000,0.000,-6.0000,0.0000,0.0000,6.0000,95.00,95.00,90.00,90.00,65535,65535,65535,1500,1,10,40.4365550,-86.8937222,159.100,-0.407,-0.090,0.000
78201,34565,18325,15290,0,0,-0.14006,-1.20309,9.58758,0.087352,0.127832,-0.013848,-5.791,-0.119,176.666,-28.6556,12.8122,-8.3199,-1323.9880,354.4364,236.6804,0.0073823,-0.0259465,0.0358793,0.000000,0.000000,0.000000,0.00000,0.00000,0.000,0.000,0.000,0.000,0.000,-6.0000,0.0000,0.0000,6.0000,95.00,95.00,90.00,90.00,65535,65535,65535,1500,1,10,40.4365550,-86.8937225,159.200,-0.319,-0.116,0.000
78236,28756,25379,16940,0,0,0.08140,-1.58257,9.31704,0.051133,0.122505,0.003196,-5.918,0.117,176.825,-28.7325,12.7587,-8.3307,-1327.2329,354.3804,236.4377,0.0075408,-0.0259254,0.0357512,0.000000,0.000000,0.000000,0.00000,0.00000,0.000,0.000,0.000,0.000,0.000,-6.0000,0.0000,0.0000,6.0000,95.00,95.00,90.00,90.00,65535,65535,65535,1500,1,10,40.4365547,-86.8937227,159.200,-0.338,-0.123,0.000
78299,18974,18054,15073,0,0,-0.25857,-1.49518,9.72046,-0.018109,0.099070,0.011718,-6.336,0.403,177.101,-28.8759,12.6687,-8.3664,-1334.0681,354.8411,235.8436,0.0079690,-0.0256866,0.0355155,0.000000,0.000000,0.000000,0.00000,0.00000,0.000,0.000,0.000,0.000,0.000,-6.0000,0.0000,0.0000,6.0000,95.00,95.00,90.00,90.00,65535,65535,65535,1500,1,10,40.4365547,-86.8937227,159.200,-0.338,-0.123,0.000
78331,24828,25014,21987,0,0,0.36751,-0.58419,9.74201,-0.009587,0.091613,0.012783,-6.212,0.384,176.661,-28.7520,12.7756,-8.3681,-1331.2054,356.2507,235.6393,0.0078790,-0.0255633,0.0357255,0.000000,0.000000,0.000000,0.00000,0.00000,0.000,0.000,0.000,0.000,0.000,-6.0000,0.0000,0.0000,6.0000,95.00,95.00,90.00,90.00,65535,65535,65535,1500,1,10,40.4365545,-86.8937230,159.200,-0.337,-0.208,0.000
78382,25893,18200,15139,0,0,-0.04549,-0.77692,9.39365,-0.042611,-0.012783,-0.002131,-6.333,0.529,176.607,-28.7727,12.7561,-8.3686,-1333.4836,356.7388,235.1564,0.0078779,-0.0256112,0.0356866,0.000000,0.000000,0.000000,0.00000,0.00000,0.000,0.000,0.000,0.000,0.000,-6.0000,0.0000,0.0000,6.0000,95.00,95.00,90.00,90.00,65535,65535,65535,1500,1,11,40.4365545,-86.8937230,159.100,-0.337,-0.208,0.000
78437,30299,18249,15267,0,0,0.61292,-1.68791,9.61272,-0.122505,-0.079895,0.001065,-6.782,-0.174,176.322,-28.7053,12.8442,-8.3856,-1333.5582,358.5997,234.6975,0.0080083,-0.0251352,0.0358057,0.000000,0.000000,0.000000,0.00000,0.00000,0.000,0.000,0.000,0.000,0.000,-6.0000,0.0000,0.0000,6.0000,95.00,95.00,90.00,90.00,65535,65535,65535,1500,1,11,40.4365542,-86.8937235,159.100,-0.319,-0.260,0.000
78499,18971,18060,15059,0,0,0.20949,-1.19351,10.01135,-0.131028,-0.091613,0.007457,-7.093,-0.658,176.052,-28.6408,12.8977,-8.3731,-1333.5562,359.9243,234.1702,0.0079073,-0.0249644,0.0359091,0.000000,0.000000,0.000000,0.00000,0.00000,0.000,0.000,0.000,0.000,0.000,-6.0000,0.0000,0.0000,6.0000,95.00,95.00,90.00,90.00,65535,65535,65535,1500,1,11,40.4365542,-86.8937235,159.100,-0.319,-0.260,0.000
78540,24998,33319,30330,0,0,0.23942,-1.02592,10.24479,-0.078830,-0.089482,-0.001065,-7.146,-0.790,175.957,-28.6216,12.9101,-8.3610,-1333.6654,360.3422,233.9618,0.0078499,-0.0249389,0.0359402,0.000000,0.000000,0.000000,0.00000,0.00000,0.000,0.000,0.000,0.000,0.000,-6.0000,0.0000,0.0000,6.0000,95.00,95.00,90.00,90.00,65535,65535,65535,1500,1,11,40.4365542,-86.8937238,159.000,-0.303,-0.247,0.000
78606,38145,21714,18681,0,0,-0.02514,-1.20428,10.06522,-0.053263,-0.104396,-0.004261,-7.456,-1.213,175.866,-28.6352,12.9070,-8.3499,-1336.2307,361.3317,233.3113,0.0078716,-0.0248715,0.0359244,0.000000,0.000000,0.000000,0.00000,0.00000,0.000,0.000,0.000,0.000,0.000,-6.0000,0.0000,0.0000,6.0000,95.00,95.00,90.00,90.00,65535,65535,65535,1500,1,11,40.4365542,-86.8937238,159.000,-0.303,-0.247,0.000
78638,28828,24745,21688,0,0,0.19154,-1.21745,10.11071,-0.028762,-0.094809,-0.004261,-7.484,-1.325,175.801,-28.6300,12.9083,-8.3390,-1336.8752,361.6961,233.0711,0.0078439,-0.0248822,0.0359320,0.000000,0.000000,0.000000,0.00000,0.00000,0.000,0.000,0.000,0.000,0.000,-6.0000,0.0000,0.0000,6.0000,95.00,95.00,90.00,90.00,65535,65535,65535,1500,1,11,40.4365537,-86.8937242,159.000,-0.331,-0.269,0.000
78685,19450,18095,15073,0,0,0.78051,-1.82318,9.25957,0.082025,0.053263,0.009587,-7.476,-1.313,175.784,-28.6601,12.8941,-8.3453,-1339.7156,362.4800,232.6173,0.0080450,-0.0247723,0.0358792,0.000000,0.000000,0.000000,0.00000,0.00000,0.000,0.000,0.000,0.000,0.000,-6.0000,0.0000,0.0000,6.0000,95.00,95.00,90.00,90.00,65535,65535,65535,1500,1,11,40.4365537,-86.8937242,159.000,-0.331,-0.269,0.000
78736,26273,18176,15166,0,0,0.15921,-1.57538,9.32781,0.119310,0.109722,0.012783,-7.468,-1.112,175.806,-28.7057,12.8721,-8.3704,-1342.7994,363.1007,232.1871,0.0082221,-0.0246217,0.0358063,0.000000,0.000000,0.000000,0.00000,0.00000,0.000,0.000,0.000,0.000,0.000,-6.0000,0.0000,0.0000,6.0000,95.00,95.00,90.00,90.00,65535,65535,65535,1500,1,11,40.4365535,-86.8937247,158.900,-0.341,-0.357,0.000
78786,30791,18160,15156,0,0,0.34237,-1.45567,9.49062,0.040480,0.080960,0.023436,-7.331,-0.778,175.700,-28.7010,12.8789,-8.3759,-1343.9823,363.7469,231.7695,0.0081905,-0.0246361,0.0358174,0.000000,0.000000,0.000000,0.00000,0.00000,0.000,0.000,0.000,0.000,0.000,-6.0000,0.0000,0.0000,6.0000,95.00,95.00,90.00,90.00,65535,65535,65535,1500,1,11,40.4365535,-86.8937247,158.900,-0.341,-0.357,0.000
78837,25911,18154,15128,0,0,0.01556,-1.17076,9.83658,-0.024501,-0.018109,0.015979,-7.304,-0.588,175.593,-28.6876,12.8832,-8.3792,-1344.9475,364.3782,231.3443,0.0081353,-0.0247374,0.0358381,0.000000,0.000000,0.000000,0.00000,0.00000,0.000,0.000,0.000,0.000,0.000,-6.0000,0.0000,0.0000,6.0000,95.00,95.00,90.00,90.00,65535,65535,65535,1500,1,11,40.4365530,-86.8937248,158.900,-0.330,-0.346,0.000
78894,29192,21941,15254,0,0,0.04190,-1.28569,10.00417,-0.047937,-0.041545,0.010653,-7.596,-0.643,175.622,-28.7220,12.8619,-8.3840,-1347.6066,364.9401,230.8937,0.0082378,-0.0247340,0.0357832,0.000000,0.000000,0.000000,0.00000,0.00000,0.000,0.000,0.000,0.000,0.000,-6.0000,0.0000,0.0000,6.0000,95.00,95.00,90.00,90.00,65535,65535,65535,1500,1,11,40.4365530,-86.8937248,158.900,-0.330,-0.346,0.000
78939,19603,18168,15117,0,0,0.29449,-1.27850,10.23880,0.072438,-0.045806,0.007457,-7.430,-0.697,175.475,-28.6938,12.8743,-8.3547,-1348.1381,365.6428,230.4878,0.0081495,-0.0247365,0.0358245,0.000000,0.000000,0.000000,0.00000,0.00000,0.000,0.000,0.000,0.000,0.000,-6.0000,0.0000,0.0000,6.0000,95.00,95.00,90.00,90.00,65535,65535,65535,1500,1,11,40.4365528,-86.8937255,158.900,-0.324,-0.386,0.000
78989,25860,18169,15159,0,0,0.12091,-1.17555,10.23880,0.025566,-0.017044,0.011718,-7.266,-0.587,175.328,-28.6696,12.8817,-8.3129,-1348.7529,366.2709,230.0723,0.0080503,-0.0248404,0.0358595,0.000000,0.000000,0.000000,0.00000,0.00000,0.000,0.000,0.000,0.000,0.000,-6.0000,0.0000,0.0000,6.0000,95.00,95.00,90.00,90.00,65535,65535,65535,1500,1,11,40.4365528,-86.8937255,158.900,-0.324,-0.386,0.000
79057,34310,21959,18965,0,0,0.65601,-0.86191,9.02853,0.058590,0.045806,0.031958,-7.011,-0.525,175.202,-28.6470,12.8982,-8.3166,-1349.6530,367.1955,229.5815,0.0079937,-0.0247543,0.0359016,0.000000,0.000000,0.000000,0.00000,0.00000,0.000,0.000,0.000,0.000,0.000,-6.0000,0.0000,0.0000,6.0000,95.00,95.00,90.00,90.00,65535,65535,65535,1500,1,11,40.4365523,-86.8937263,158.800,-0.324,-0.386,0.000
79094,33203,30329,27336,0,0,-0.33040,-1.63404,10.12149,0.043676,0.045806,0.021305,-7.051,-0.275,175.255,-28.6806,12.8768,-8.3021,-1351.7489,367.4121,229.3041,0.0080776,-0.0248526,0.0358422,0.000000,0.000000,0.000000,0.00000,0.00000,0.000,0.000,0.000,0.000,0.000,-6.0000,0.0000,0.0000,6.0000,95.00,95.00,90.00,90.00,65535,65535,65535,1500,1,11,40.4365523,-86.8937263,158.800,-0.324,-0.386,0.000
79144,20865,18094,15090,0,0,0.05148,-0.75298,10.37647,-0.012783,-0.005326,0.025566,-6.990,-0.259,175.068,-28.6339,12.9072,-8.2941,-1351.9286,368.4225,228.7919,0.0079384,-0.0247793,0.0359211,0.000000,0.000000,0.000000,0.00000,0.00000,0.000,0.000,0.000,0.000,0.000,-6.0000,0.0000,0.0000,6.0000,95.00,95.00,90.00,90.00,65535,65535,65535,1500,1,11,40.4365517,-86.8937265,158.700,-0.401,-0.455,0.000
79183,24283,33296,30309,0,0,-0.04310,-1.39582,11.10790,0.015979,-0.018109,0.020240,-6.988,-0.229,175.053,-28.6371,12.9048,-8.2604,-1352.7209,368.7110,228.5909,0.0079450,-0.0247999,0.0359158,0.000000,0.000000,0.000000,0.00000,0.00000,0.000,0.000,0.000,0.000,0.000,-6.0000,0.0000,0.0000,6.0000,95.00,95.00,90.00,90.00,65535,65535,65535,1500,1,11,40.4365517,-86.8937265,158.700,-0.401,-0.455,0.000
79243,34543,18337,15271,0,0,-0.16879,-1.28808,11.39520,0.021305,-0.093743,0.038350,-7.093,-0.349,175.158,-28.6648,12.8934,-8.1878,-1355.8667,369.5565,227.9743,0.0080433,-0.0248648,0.0358669,0.000000,0.000000,0.000000,0.00000,0.00000,0.000,0.000,0.000,0.000,0.000,-6.0000,0.0000,0.0000,6.0000,95.00,95.00,90.00,90.00,65535,65535,65535,1500,1,11,40.4365513,-86.8937265,158.700,-0.414,-0.314,0.000
79294,26401,18195,15194,0,0,-0.00479,-1.35392,9.91798,0.003196,-0.101200,0.026632,-7.192,-0.617,175.158,-28.6617,12.8962,-8.1870,-1357.2711,370.2467,227.5574,0.0080422,-0.0248246,0.0358708,0.000000,0.000000,0.000000,0.00000,0.00000,0.000,0.000,0.000,0.000,0.000,-6.0000,0.0000,0.0000,6.0000,95.00,95.00,90.00,90.00,65535,65535,65535,1500,1,11,40.4365508,-86.8937268,158.700,-0.435,-0.265,0.000
79355,29870,24910,15279,0,0,0.98761,-0.92656,10.50217,-0.099070,-0.069242,0.031958,-7.391,-1.055,175.276,-28.6832,12.8781,-8.1541,-1359.3016,370.7421,227.1132,0.0079428,-0.0245731,0.0358411,0.000000,0.000000,0.000000,0.00000,0.00000,0.000,0.000,0.000,0.000,0.000,-6.0000,0.0000,0.0000,6.0000,95.00,95.00,90.00,90.00,65535,65535,65535,1500,1,11,40.4365508,-86.8937268,158.700,-0.435,-0.265,0.000
79400,20408,18172,15156,0,0,-0.31125,-1.34434,10.02452,-0.045806,-0.084156,0.026632,-7.453,-1.056,175.189,-28.6645,12.8823,-8.1084,-1360.0569,371.3895,226.6947,0.0078761,-0.0247344,0.0358717,0.000000,0.000000,0.000000,0.00000,0.00000,0.000,0.000,0.000,0.000,0.000,-6.0000,0.0000,0.0000,6.0000,95.00,95.00,90.00,90.00,65535,65535,65535,1500,1,11,40.4365503,-86.8937273,158.700,-0.496,-0.303,0.000
79450,25903,18174,15143,0,0,-0.20830,-1.27850,10.89003,-0.051133,-0.074569,0.057524,-7.635,-1.333,175.333,-28.6862,12.8639,-8.0628,-1362.1755,371.8408,226.2872,0.0078382,-0.0246006,0.0358338,0.000000,0.000000,0.000000,0.00000,0.00000,0.000,0.000,0.000,0.000,0.000,-6.0000,0.0000,0.0000,6.0000,95.00,95.00,90.00,90.00,65535,65535,65535,1500,1,11,40.4365503,-86.8937273,158.700,-0.496,-0.303,0.000
79481,24293,24938,21967,0,0,0.55426,-1.35871,9.83059,-0.050067,-0.075634,0.058590,-7.725,-1.478,175.433,-28.7017,12.8537,-8.0597,-1363.3661,372.0630,226.0906,0.0078410,-0.0245238,0.0358086,0.000000,0.000000,0.000000,0.00000,0.00000,0.000,0.000,0.000,0.000,0.000,-6.0000,0.0000,0.0000,6.0000,95.00,95.00,90.00,90.00,65535,65535,65535,1500,1,11,40.4365503,-86.8937273,158.700,-0.496,-0.303,0.000
79549,39257,21463,18459,0,0,0.55785,-1.22463,10.65061,-0.088417,-0.122505,0.024501,-8.263,-1.721,175.422,-28.6833,12.8572,-8.0006,-1364.8209,373.0003,225.5190,0.0077970,-0.0246203,0.0358349,0.000000,0.000000,0.000000,0.00000,0.00000,0.000,0.000,0.000,0.000,0.000,-6.0000,0.0000,0.0000,6.0000,95.00,95.00,90.00,90.00,65535,65535,65535,1500,1,11,40.4365490,-86.8937272,158.700,-0.757,-0.233,0.000
79586,31618,26750,16375,0,0,-0.51116,-1.74058,10.68053,-0.139550,-0.136354,0.027697,-8.560,-1.740,175.081,-28.5733,12.9346,-7.9690,-1362.7015,374.2401,225.2702,0.0078583,-0.0248231,0.0360015,0.000000,0.000000,0.000000,0.00000,0.00000,0.000,0.000,0.000,0.000,0.000,-6.0000,0.0000,0.0000,6.0000,95.00,95.00,90.00,90.00,65535,65535,65535,1500,1,11,40.4365490,-86.8937272,158.700,-0.757,-0.233,0.000
79637,25953,18198,15162,0,0,0.25259,-1.21985,10.16099,-0.167247,-0.132093,0.021305,-8.757,-1.914,175.135,-28.5744,12.8994,-7.9620,-1364.1335,374.3866,224.7973,0.0075665,-0.0249985,0.0359860,0.000000,0.000000,0.000000,0.00000,0.00000,0.000,0.000,0.000,0.000,0.000,-6.0000,0.0000,0.0000,6.0000,95.00,95.00,90.00,90.00,65535,65535,65535,1500,1,11,40.4365483,-86.8937273,158.700,-0.757,-0.233,0.000
79689,28065,18220,15165,0,0,0.23822,-1.50356,9.83418,-0.072438,-0.099070,0.026632,-9.015,-2.231,175.421,-28.6517,12.8391,-7.9779,-1367.9435,374.3887,224.3766,0.0075113,-0.0248929,0.0358577,0.000000,0.000000,0.000000,0.00000,0.00000,0.000,0.000,0.000,0.000,0.000,-6.0000,0.0000,0.0000,6.0000,95.00,95.00,90.00,90.00,65535,65535,65535,1500,1,11,40.4365475,-86.8937275,158.700,-0.790,-0.211,0.000
79739,25760,18191,15153,0,0,0.52792,-1.30843,9.53012,-0.102265,-0.092678,0.020240,-9.296,-2.441,175.507,-28.6780,12.8180,-7.9734,-1370.1146,374.7794,223.9760,0.0074778,-0.0248745,0.0358153,0.000000,0.000000,0.000000,0.00000,0.00000,0.000,0.000,0.000,0.000,0.000,-6.0000,0.0000,0.0000,6.0000,95.00,95.00,90.00,90.00,65535,65535,65535,1500,1,11,40.4365475,-86.8937275,158.700,-0.790,-0.211,0.000
79788,24596,18214,15253,0,0,0.30167,-1.40659,9.13627,-0.124636,-0.108657,0.026632,-9.671,-2.640,175.474,-28.6667,12.8254,-7.9683,-1371.1575,375.4653,223.5875,0.0074674,-0.0248978,0.0358332,0.000000,0.000000,0.000000,0.00000,0.00000,0.000,0.000,0.000,0.000,0.000,-6.0000,0.0000,0.0000,6.0000,95.00,95.00,90.00,90.00,65535,65535,65535,1500,1,11,40.4365468,-86.8937277,158.700,-0.791,-0.188,0.000
79838,25619,18242,15177,0,0,0.26576,-1.68552,9.43794,-0.072438,-0.136354,0.007457,-9.798,-2.905,175.287,-28.6170,12.8590,-7.9635,-1371.1113,376.4467,223.1917,0.0074643,-0.0249714,0.0359110,0.000000,0.000000,0.000000,0.00000,0.00000,0.000,0.000,0.000,0.000,0.000,-6.0000,0.0000,0.0000,6.0000,95.00,95.00,90.00,90.00,65535,65535,65535,1500,1,11,40.4365468,-86.8937277,158.700,-0.791,-0.188,0.000
79889,26675,18201,15160,0,0,0.37709,-1.55144,9.35774,-0.085221,-0.147006,-0.002131,-9.993,-3.239,175.211,-28.6118,12.8555,-7.9547,-1372.3246,376.9877,222.7863,0.0073930,-0.0250346,0.0359166,0.000000,0.000000,0.000000,0.00000,0.00000,0.000,0.000,0.000,0.000,0.000,-6.0000,0.0000,0.0000,6.0000,95.00,95.00,90.00,90.00,65535,65535,65535,1500,1,11,40.4365462,-86.8937278,158.700,-0.791,-0.188,0.000
79939,25848,18210,15176,0,0,-0.52074,-1.22344,9.94791,0.055394,-0.143811,-0.009587,-9.926,-3.398,174.909,-28.5388,12.8913,-7.9516,-1371.4850,377.8721,222.3909,0.0072740,-0.0252604,0.0360236,0.000000,0.000000,0.000000,0.00000,0.00000,0.000,0.000,0.000,0.000,0.000,-6.0000,0.0000,0.0000,6.0000,95.00,95.00,90.00,90.00,65535,65535,65535,1500,1,11,40.4365462,-86.8937278,158.700,-0.791,-0.188,0.000
79997,34813,21603,15280,0,0,1.04986,-1.00556,9.79109,-0.107592,-0.093743,-0.010653,-10.008,-3.651,175.245,-28.6804,12.7775,-7.9595,-1376.7495,377.2903,221.9574,0.0071065,-0.0252275,0.0358109,0.000000,0.000000,0.000000,0.00000,0.00000,0.000,0.000,0.000,0.000,0.000,-6.0000,0.0000,0.0000,6.0000,95.00,95.00,90.00,90.00,65535,65535,65535,1500,1,10,40.4365453,-86.8937280,158.700,-0.777,-0.091,0.000
80036,27898,33351,30296,0,0,0.94810,-0.99958,11.19409,-0.002131,-0.076699,-0.028762,-9.803,-3.722,175.747,-28.8668,12.6246,-7.9197,-1382.6237,375.8449,221.7309,0.0068547,-0.0251955,0.0355188,0.000000,0.000000,0.000000,0.00000,0.00000,0.000,0.000,0.000,0.000,0.000,-6.0000,0.0000,0.0000,6.0000,95.00,95.00,90.00,90.00,65535,65535,65535,1500,1,10,40.4365453,-86.8937280,158.700,-0.777,-0.091,0.000
80095,36988,18312,15276,0,0,-0.40941,-0.41180,9.54449,0.072438,0.029827,-0.013848,-8.975,-3.262,175.611,-28.8986,12.5555,-7.9438,-1385.5453,375.8280,221.1463,0.0065472,-0.0254780,0.0354449,0.000000,0.000000,0.000000,0.00000,0.00000,0.000,0.000,0.000,0.000,0.000,-6.0000,0.0000,0.0000,6.0000,95.00,95.00,90.00,90.00,65535,65535,65535,1500,1,10,40.4365448,-86.8937283,158.700,-0.777,-0.091,0.000
80145,25613,17555,14548,0,0,0.31963,-0.69312,10.16817,0.123571,0.049002,-0.028762,-8.450,-2.733,175.360,-28.8902,12.5340,-7.9106,-1386.3816,375.9248,220.7526,0.0062788,-0.0258127,0.0354479,0.000000,0.000000,0.000000,0.00000,0.00000,0.000,0.000,0.000,0.000,0.000,-6.0000,0.0000,0.0000,6.0000,95.00,95.00,90.00,90.00,65535,65535,65535,1500,1,10,40.4365448,-86.8937283,158.700,-0.777,-0.091,0.000
80183,17755,38178,30296,0,0,-0.48004,-1.64841,9.98023,0.039415,0.076699,-0.009587,-8.452,-2.420,175.009,-28.8129,12.5942,-7.9052,-1384.5028,376.8370,220.6152,0.0063333,-0.0260332,0.0355770,0.000000,0.000000,0.000000,0.00000,0.00000,0.000,0.000,0.000,0.000,0.000,-6.0000,0.0000,0.0000,6.0000,95.00,95.00,90.00,90.00,65535,65535,65535,1500,1,10,40.4365448,-86.8937283,158.700,-0.777,-0.091,0.000
80242,29691,18188,15154,0,0,0.56024,-0.41779,9.71806,0.161920,0.145941,-0.004261,-7.548,-1.796,174.950,-28.8657,12.5253,-7.9181,-1387.7023,376.8217,219.9931,0.0060289,-0.0259212,0.0354984,0.000000,0.000000,0.000000,0.00000,0.00000,0.000,0.000,0.000,0.000,0.000,-6.0000,0.0000,0.0000,6.0000,95.00,95.00,90.00,90.00,65535,65535,65535,1500,1,10,40.4365442,-86.8937283,158.700,-0.704,-0.027,0.000
80293,26639,18186,15169,0,0,0.04788,-1.80882,10.05325,0.133158,0.160855,-0.039415,-7.226,-1.176,174.725,-28.8836,12.5237,-7.9129,-1389.8359,377.5283,219.5878,0.0061088,-0.0260016,0.0354718,0.000000,0.000000,0.000000,0.00000,0.00000,0.000,0.000,0.000,0.000,0.000,-6.0000,0.0000,0.0000,6.0000,95.00,95.00,90.00,90.00,65535,65535,65535,1500,1,10,40.4365433,-86.8937282,158.600,-0.697,0.060,0.000
80343,25918,18218,15168,0,0,1.20907,-2.14281,10.80743,0.043676,0.138484,-0.041545,-6.986,-0.963,174.413,-28.8686,12.5425,-7.8730,-1390.8397,378.3849,219.1904,0.0061593,-0.0257729,0.0355016,0.000000,0.000000,0.000000,0.00000,0.00000,0.000,0.000,0.000,0.000,0.000,-6.0000,0.0000,0.0000,6.0000,95.00,95.00,90.00,90.00,65535,65535,65535,1500,1,10,40.4365433,-86.8937282,158.600,-0.697,0.060,0.000
80394,26624,18221,15188,0,0,0.11372,-0.96845,9.83538,0.104396,0.165116,-0.028762,-6.410,-0.470,173.915,-28.7813,12.5710,-7.8573,-1389.2898,378.9870,218.7956,0.0058939,-0.0257975,0.0356303,0.000000,0.000000,0.000000,0.00000,0.00000,0.000,0.000,0.000,0.000,0.000,-6.0000,0.0000,0.0000,6.0000,95.00,95.00,90.00,90.00,65535,65535,65535,1500,1,10,40.4365430,-86.8937285,158.600,-0.473,0.023,0.000
80447,25046,18077,15097,0,0,0.31005,-1.88543,9.93713,0.131028,0.117179,-0.060720,-6.192,-0.415,173.607,-28.7935,12.5907,-7.8524,-1391.5234,380.1696,218.3735,0.0061477,-0.0254690,0.0356221,0.000000,0.000000,0.000000,0.00000,0.00000,0.000,0.000,0.000,0.000,0.000,-6.0000,0.0000,0.0000,6.0000,95.00,95.00,90.00,90.00,65535,65535,65535,1500,1,10,40.4365430,-86.8937285,158.600,-0.473,0.023,0.000
80498,26355,18194,15153,0,0,0.53870,-1.68312,9.39964,0.036219,0.066046,-0.042611,-6.135,-0.228,173.422,-28.8312,12.5808,-7.8553,-1394.3331,380.8784,217.9690,0.0062823,-0.0253674,0.0355677,0.000000,0.000000,0.000000,0.00000,0.00000,0.000,0.000,0.000,0.000,0.000,-6.0000,0.0000,0.0000,6.0000,95.00,95.00,90.00,90.00,65535,65535,65535,1500,1,10,40.4365425,-86.8937283,158.600,-0.530,-0.020,0.000
80538,19154,38212,30349,0,0,0.45729,-1.27012,8.76398,0.100135,0.012783,-0.049002,-6.135,-0.326,173.333,-28.8305,12.5855,-7.8737,-1395.1245,381.3242,217.8172,0.0063803,-0.0252523,0.0355660,0.000000,0.000000,0.000000,0.00000,0.00000,0.000,0.000,0.000,0.000,0.000,-6.0000,0.0000,0.0000,6.0000,95.00,95.00,90.00,90.00,65535,65535,65535,1500,1,10,40.4365425,-86.8937283,158.600,-0.530,-0.020,0.000
80603,38585,25620,17682,0,0,0.84635,-1.52391,9.24401,0.080960,-0.096939,-0.036219,-5.901,-0.633,172.981,-28.8133,12.5996,-7.8821,-1396.9554,382.5043,217.2044,0.0064272,-0.0252131,0.0355917,0.000000,0.000000,0.000000,0.00000,0.00000,0.000,0.000,0.000,0.000,0.000,-6.0000,0.0000,0.0000,6.0000,95.00,95.00,90.00,90.00,65535,65535,65535,1500,1,10,40.4365418,-86.8937283,158.600,-0.575,-0.044,0.000
80637,35582,24339,16449,0,0,-0.09457,-1.29287,10.01973,0.175769,-0.128897,-0.024501,-5.648,-0.765,173.051,-28.8750,12.5687,-7.8720,-1399.9873,382.6793,216.9210,0.0064932,-0.0252817,0.0354952,0.000000,0.000000,0.000000,0.00000,0.00000,0.000,0.000,0.000,0.000,0.000,-6.0000,0.0000,0.0000,6.0000,95.00,95.00,90.00,90.00,65535,65535,65535,1500,1,10,40.4365418,-86.8937283,158.600,-0.575,-0.044,0.000
80682,20181,18186,15155,0,0,0.05148,-1.39582,10.13825,0.271642,-0.092678,0.022371,-4.928,-0.906,173.090,-28.9182,12.5337,-7.8603,-1402.6575,382.9641,216.5212,0.0064544,-0.0253598,0.0354297,0.000000,0.000000,0.000000,0.00000,0.00000,0.000,0.000,0.000,0.000,0.000,-6.0000,0.0000,0.0000,6.0000,95.00,95.00,90.00,90.00,65535,65535,65535,1500,1,10,40.4365413,-86.8937283,158.600,-0.575,-0.044,0.000
80732,26071,18161,15137,0,0,0.31364,-1.15281,9.63427,0.014914,-0.248207,0.011718,-4.876,-1.761,172.653,-28.7660,12.6301,-7.8476,-1399.6577,384.6410,216.1310,0.0064983,-0.0251640,0.0356608,0.000000,0.000000,0.000000,0.00000,0.00000,0.000,0.000,0.000,0.000,0.000,-6.0000,0.0000,0.0000,6.0000,95.00,95.00,90.00,90.00,65535,65535,65535,1500,1,10,40.4365413,-86.8937283,158.600,-0.575,-0.044,0.000
80784,27979,18152,15139,0,0,0.37350,-0.74220,9.94432,-0.012783,-0.285491,-0.028762,-4.984,-2.327,172.808,-28.8504,12.5825,-7.8153,-1403.7493,384.8560,215.7175,0.0065511,-0.0252964,0.0355334,0.000000,0.000000,0.000000,0.00000,0.00000,0.000,0.000,0.000,0.000,0.000,-6.0000,0.0000,0.0000,6.0000,95.00,95.00,90.00,90.00,65535,65535,65535,1500,1,10,40.4365407,-86.8937283,158.600,-0.512,-0.090,0.000
80840,34707,19901,15278,0,0,0.08499,-1.71904,9.14705,-0.027697,-0.288687,-0.023436,-5.541,-2.799,172.588,-28.8476,12.6201,-7.8083,-1405.6752,386.3006,215.2951,0.0070212,-0.0256309,0.0355483,0.000000,0.000000,0.000000,0.00000,0.00000,0.000,0.000,0.000,0.000,0.000,-6.0000,0.0000,0.0000,6.0000,95.00,95.00,90.00,90.00,65535,65535,65535,1500,1,10,40.4365407,-86.8937283,158.600,-0.512,-0.090,0.000
80885,20024,18153,15139,0,0,1.12408,-1.13605,10.06163,0.040480,-0.311057,-0.054328,-5.601,-3.504,172.514,-28.8669,12.6040,-7.7901,-1407.6965,386.7280,214.9291,0.0070201,-0.0256899,0.0355136,0.000000,0.000000,0.000000,0.00000,0.00000,0.000,0.000,0.000,0.000,0.000,-6.0000,0.0000,0.0000,6.0000,95.00,95.00,90.00,90.00,65535,65535,65535,1500,1,10,40.4365400,-86.8937283,158.600,-0.533,-0.087,0.000
80935,25809,18199,15172,0,0,0.00599,-0.77093,10.50935,0.004261,-0.303600,-0.087352,-5.413,-3.812,172.929,-29.1118,12.4468,-7.7531,-1416.3036,385.6043,214.5307,0.0069353,-0.0261038,0.0351425,0.000000,0.000000,0.000000,0.00000,0.00000,0.000,0.000,0.000,0.000,0.000,-6.0000,0.0000,0.0000,6.0000,95.00,95.00,90.00,90.00,65535,65535,65535,1500,1,10,40.4365400,-86.8937283,158.600,-0.533,-0.087,0.000
80986,25910,18219,15170,0,0,0.71467,-1.07619,10.73321,-0.006392,-0.235423,-0.060720,-5.216,-4.393,172.902,-29.1975,12.3909,-7.7115,-1420.2773,385.5947,214.1345,0.0068743,-0.0261831,0.0350121,0.000000,0.000000,0.000000,0.00000,0.00000,0.000,0.000,0.000,0.000,0.000,-6.0000,0.0000,0.0000,6.0000,95.00,95.00,90.00,90.00,65535,65535,65535,1500,1,10,40.4365395,-86.8937285,158.600,-0.517,-0.139,0.000
81060,43187,24860,15325,0,0,0.15323,-1.55863,10.86130,-0.091613,-0.137419,-0.080960,-5.567,-4.806,172.206,-29.0775,12.4674,-7.6354,-1419.2498,387.2226,213.6199,0.0070293,-0.0263564,0.0351696,0.000000,0.000000,0.000000,0.00000,0.00000,0.000,0.000,0.000,0.000,0.000,-6.0000,0.0000,0.0000,6.0000,95.00,95.00,90.00,90.00,65535,65535,65535,1500,1,10,40.4365395,-86.8937285,158.600,-0.517,-0.139,0.000
81097,30922,30365,27361,0,0,-0.55067,-0.69192,10.34654,-0.087352,-0.101200,-0.078830,-5.640,-4.510,172.556,-29.2657,12.3362,-7.6201,-1425.7399,386.0934,213.3775,0.0069047,-0.0267038,0.0348760,0.000000,0.000000,0.000000,0.00000,0.00000,0.000,0.000,0.000,0.000,0.000,-6.0000,0.0000,0.0000,6.0000,95.00,95.00,90.00,90.00,65535,65535,65535,1500,1,10,40.4365395,-86.8937285,158.600,-0.517,-0.139,0.000
81140,18553,18017,14999,0,0,0.34477,-1.40300,9.76834,-0.154463,-0.023436,-0.058590,-6.207,-4.283,172.128,-29.2340,12.3483,-7.6388,-1426.3948,386.9005,212.9577,0.0069648,-0.0269875,0.0349220,0.000000,0.000000,0.000000,0.00000,0.00000,0.000,0.000,0.000,0.000,0.000,-6.0000,0.0000,0.0000,6.0000,95.00,95.00,90.00,90.00,65535,65535,65535,1500,1,10,40.4365395,-86.8937285,158.600,-0.517,-0.139,0.000
81190,31587,18226,15178,0,0,-0.05986,-1.33716,9.56364,-0.117179,-0.039415,-0.074569,-6.635,-4.060,171.596,-29.1657,12.3844,-7.6287,-1425.7983,387.8386,212.5774,0.0070253,-0.0272736,0.0350219,0.000000,0.000000,0.000000,0.00000,0.00000,0.000,0.000,0.000,0.000,0.000,-6.0000,0.0000,0.0000,6.0000,95.00,95.00,90.00,90.00,65535,65535,65535,1500,1,11,40.4365378,-86.8937287,158.500,-0.697,-0.250,0.000
81262,43165,22364,15377,0,0,0.72065,-1.51194,10.11550,-0.141680,-0.088417,-0.107592,-7.225,-4.104,170.766,-29.0635,12.4464,-7.6046,-1424.6647,389.2587,212.0673,0.0071115,-0.0275225,0.0351751,0.000000,0.000000,0.000000,0.00000,0.00000,0.000,0.000,0.000,0.000,0.000,-6.0000,0.0000,0.0000,6.0000,95.00,95.00,90.00,90.00,65535,65535,65535,1500,1,11,40.4365378,-86.8937287,158.500,-0.697,-0.250,0.000
81293,29392,24601,21573,0,0,0.70270,-1.84952,10.27950,-0.155529,-0.071373,-0.111853,-7.605,-4.227,170.207,-28.9537,12.5190,-7.5854,-1422.3993,390.4667,211.8480,0.0072410,-0.0275436,0.0353379,0.000000,0.000000,0.000000,0.00000,0.00000,0.000,0.000,0.000,0.000,0.000,-6.0000,0.0000,0.0000,6.0000,95.00,95.00,90.00,90.00,65535,65535,65535,1500,1,10,40.4365375,-86.8937292,158.500,-0.697,-0.250,0.000
81338,19637,18145,15104,0,0,-0.00958,-1.95965,11.00016,-0.037284,0.069242,-0.103331,-7.715,-3.726,169.581,-28.8986,12.5275,-7.5531,-1421.8757,391.0029,211.4695,0.0071589,-0.0278876,0.0354191,0.000000,0.000000,0.000000,0.00000,0.00000,0.000,0.000,0.000,0.000,0.000,-6.0000,0.0000,0.0000,6.0000,95.00,95.00,90.00,90.00,65535,65535,65535,1500,1,10,40.4365375,-86.8937292,158.500,-0.697,-0.250,0.000
81389,26421,18267,15209,0,0,0.10175,-1.40659,10.50456,-0.055394,0.111853,-0.113983,-7.940,-3.032,168.561,-28.7174,12.6204,-7.5470,-1417.7002,392.5072,211.0900,0.0072189,-0.0282778,0.0356898,0.000000,0.000000,0.000000,0.00000,0.00000,0.000,0.000,0.000,0.000,0.000,-6.0000,0.0000,0.0000,6.0000,95.00,95.00,90.00,90.00,65535,65535,65535,1500,1,10,40.4365372,-86.8937297,158.500,-0.417,-0.275,0.000
81439,25865,18184,15151,0,0,0.67277,-1.05943,9.80186,-0.041545,0.135289,-0.083091,-8.126,-2.501,167.969,-28.6570,12.6499,-7.5258,-1417.2698,393.3986,210.7142,0.0072256,-0.0283970,0.0357783,0.000000,0.000000,0.000000,0.00000,0.00000,0.000,0.000,0.000,0.000,0.000,-6.0000,0.0000,0.0000,6.0000,95.00,95.00,90.00,90.00,65535,65535,65535,1500,1,10,40.4365372,-86.8937297,158.500,-0.417,-0.275,0.000
81494,26178,18189,15144,0,0,0.09337,-1.08936,10.27591,-0.084156,0.124636,-0.075634,-8.216,-1.838,167.304,-28.5694,12.6682,-7.5009,-1415.8464,393.9732,210.3061,0.0070470,-0.0286412,0.0359012,0.000000,0.000000,0.000000,0.00000,0.00000,0.000,0.000,0.000,0.000,0.000,-6.0000,0.0000,0.0000,6.0000,95.00,95.00,90.00,90.00,65535,65535,65535,1500,1,10,40.4365367,-86.8937307,158.500,-0.514,-0.555,0.000
81534,19102,38336,30267,0,0,0.02514,-1.39462,9.67736,-0.064981,0.113983,-0.066046,-8.284,-1.638,167.078,-28.5401,12.6826,-7.5013,-1415.4110,394.3225,210.1645,0.0070411,-0.0287055,0.0359464,0.000000,0.000000,0.000000,0.00000,0.00000,0.000,0.000,0.000,0.000,0.000,-6.0000,0.0000,0.0000,6.0000,95.00,95.00,90.00,90.00,65535,65535,65535,1500,1,10,40.4365367,-86.8937307,158.500,-0.514,-0.555,0.000
81592,37519,19492,15270,0,0,0.18435,-2.11767,10.12149,0.020240,0.170442,-0.055394,-8.614,-1.019,166.876,-28.6556,12.6500,-7.4766,-1421.2051,395.1286,209.5816,0.0071643,-0.0285665,0.0357885,0.000000,0.000000,0.000000,0.00000,0.00000,0.000,0.000,0.000,0.000,0.000,-6.0000,0.0000,0.0000,6.0000,95.00,95.00,90.00,90.00,65535,65535,65535,1500,1,10,40.4365367,-86.8937307,158.500,-0.514,-0.555,0.000
81643,26542,18199,15191,0,0,0.68953,-2.11767,9.67018,0.110788,0.269512,-0.045806,-8.505,-0.357,166.808,-28.7756,12.6084,-7.4645,-1426.6765,395.6513,209.1840,0.0073264,-0.0284540,0.0356160,0.000000,0.000000,0.000000,0.00000,0.00000,0.000,0.000,0.000,0.000,0.000,-6.0000,0.0000,0.0000,6.0000,95.00,95.00,90.00,90.00,65535,65535,65535,1500,1,10,40.4365360,-86.8937322,158.500,-0.422,-0.694,0.000
81698,21035,18200,15164,0,0,-0.39385,-0.98282,10.31422,0.210922,0.303600,-0.041545,-7.878,0.544,166.287,-28.7257,12.6315,-7.4405,-1426.4650,396.4166,208.7775,0.0072433,-0.0283949,0.0356944,0.000000,0.000000,0.000000,0.00000,0.00000,0.000,0.000,0.000,0.000,0.000,-6.0000,0.0000,0.0000,6.0000,95.00,95.00,90.00,90.00,65535,65535,65535,1500,1,10,40.4365360,-86.8937322,158.400,-0.422,-0.694,0.000
81748,25748,18189,15149,0,0,0.12809,-1.35272,10.01016,0.153398,0.292948,-0.027697,-7.333,1.234,165.784,-28.6427,12.6670,-7.4383,-1425.2921,397.2871,208.4084,0.0071663,-0.0282210,0.0358135,0.000000,0.000000,0.000000,0.00000,0.00000,0.000,0.000,0.000,0.000,0.000,-6.0000,0.0000,0.0000,6.0000,95.00,95.00,90.00,90.00,65535,65535,65535,1500,1,10,40.4365357,-86.8937328,158.400,-0.289,-0.540,0.000
81792,19670,18141,15125,0,0,0.71228,-1.72383,9.06924,0.199204,0.329167,-0.004261,-6.915,1.846,165.832,-28.7281,12.6306,-7.4547,-1429.6472,397.7784,208.0700,0.0072905,-0.0279583,0.0356826,0.000000,0.000000,0.000000,0.00000,0.00000,0.000,0.000,0.000,0.000,0.000,-6.0000,0.0000,0.0000,6.0000,95.00,95.00,90.00,90.00,65535,65535,65535,1500,1,10,40.4365357,-86.8937328,158.400,-0.289,-0.540,0.000
81842,30695,18179,15146,0,0,-0.16759,-0.93972,9.39365,0.159790,0.322775,0.040480,-6.369,2.566,165.342,-28.5857,12.6959,-7.4806,-1426.7933,399.0045,207.7044,0.0072626,-0.0277489,0.0358844,0.000000,0.000000,0.000000,0.00000,0.00000,0.000,0.000,0.000,0.000,0.000,-6.0000,0.0000,0.0000,6.0000,95.00,95.00,90.00,90.00,65535,65535,65535,1500,1,10,40.4365357,-86.8937328,158.400,-0.289,-0.540,0.000
81904,31344,23278,15285,0,0,-1.02592,-0.76255,10.09635,0.073503,0.209857,0.070307,-5.931,3.214,164.911,-28.4159,12.7687,-7.4807,-1423.2687,400.3847,207.2909,0.0072211,-0.0276039,0.0361235,0.000000,0.000000,0.000000,0.00000,0.00000,0.000,0.000,0.000,0.000,0.000,-6.0000,0.0000,0.0000,6.0000,95.00,95.00,90.00,90.00,65535,65535,65535,1500,1,10,40.4365352,-86.8937338,158.300,-0.289,-0.540,0.000
81934,29529,24632,21635,0,0,0.80445,-0.53750,9.21528,0.111853,0.219444,0.117179,-5.615,3.127,164.122,-28.0755,12.9304,-7.4998,-1413.5442,402.2468,207.0852,0.0071780,-0.0272229,0.0366196,0.000000,0.000000,0.000000,0.00000,0.00000,0.000,0.000,0.000,0.000,0.000,-6.0000,0.0000,0.0000,6.0000,95.00,95.00,90.00,90.00,65535,65535,65535,1500,1,10,40.4365352,-86.8937338,158.300,-0.289,-0.540,0.000
81998,18929,18056,15075,0,0,-0.06943,-0.85593,9.45351,-0.148072,0.058590,0.113983,-5.843,2.956,164.248,-27.9901,12.9894,-7.5113,-1413.3927,403.9635,206.5600,0.0073282,-0.0266254,0.0367390,0.000000,0.000000,0.000000,0.00000,0.00000,0.000,0.000,0.000,0.000,0.000,-6.0000,0.0000,0.0000,6.0000,95.00,95.00,90.00,90.00,65535,65535,65535,1500,1,10,40.4365348,-86.8937347,158.300,-0.362,-0.640,0.000
82037,24221,33292,30303,0,0,-0.17238,-1.41018,10.75236,-0.151268,0.067112,0.116114,-6.125,3.014,164.514,-28.0524,12.9671,-7.4863,-1416.0759,404.1459,206.3748,0.0073798,-0.0265355,0.0366510,0.000000,0.000000,0.000000,0.00000,0.00000,0.000,0.000,0.000,0.000,0.000,-6.0000,0.0000,0.0000,6.0000,95.00,95.00,90.00,90.00,65535,65535,65535,1500,1,10,40.4365348,-86.8937347,158.300,-0.362,-0.640,0.000
82107,41916,20364,15383,0,0,-0.29209,-0.99240,9.86890,-0.216249,-0.037284,0.098004,-6.976,2.677,164.520,-27.9519,13.0307,-7.4876,-1414.6897,405.8236,205.7648,0.0073475,-0.0261479,0.0368264,0.000000,0.000000,0.000000,0.00000,0.00000,0.000,0.000,0.000,0.000,0.000,-6.0000,0.0000,0.0000,6.0000,95.00,95.00,90.00,90.00,65535,65535,65535,1500,1,10,40.4365345,-86.8937355,158.300,-0.365,-0.691,0.000
82137,26472,23976,20990,0,0,-0.05986,-1.49518,10.09276,-0.241815,-0.055394,0.086286,-7.405,2.553,164.802,-28.0248,13.0031,-7.4772,-1417.7490,405.9774,205.5627,0.0073827,-0.0260482,0.0367233,0.000000,0.000000,0.000000,0.00000,0.00000,0.000,0.000,0.000,0.000,0.000,-6.0000,0.0000,0.0000,6.0000,95.00,95.00,90.00,90.00,65535,65535,65535,1500,1,10,40.4365345,-86.8937355,158.300,-0.365,-0.691,0.000
82187,31278,18212,15183,0,0,0.27174,-0.60693,10.22085,-0.275903,-0.098004,0.053263,-8.024,1.955,164.751,-27.9476,13.0328,-7.4519,-1416.7279,406.9341,205.1519,0.0072142,-0.0257133,0.0368370,0.000000,0.000000,0.000000,0.00000,0.00000,0.000,0.000,0.000,0.000,0.000,-6.0000,0.0000,0.0000,6.0000,95.00,95.00,90.00,90.00,65535,65535,65535,1500,1,10,40.4365342,-86.8937363,158.300,-0.363,-0.692,0.000
82249,18959,18034,15064,0,0,0.10295,-1.52750,9.93235,-0.161920,-0.061785,0.040480,-8.546,1.193,165.044,-27.9888,13.0100,-7.4422,-1420.0054,407.4593,204.6790,0.0069621,-0.0251766,0.0367602,0.000000,0.000000,0.000000,0.00000,0.00000,0.000,0.000,0.000,0.000,0.000,-6.0000,0.0000,0.0000,6.0000,95.00,95.00,90.00,90.00,65535,65535,65535,1500,1,10,40.4365342,-86.8937363,158.300,-0.363,-0.692,0.000
82290,24836,33341,30332,0,0,0.13288,-1.30125,9.39724,-0.202400,-0.057524,0.041545,-8.800,1.066,165.130,-28.0098,13.0000,-7.4500,-1421.3531,407.6749,204.4931,0.0069172,-0.0250954,0.0367287,0.000000,0.000000,0.000000,0.00000,0.00000,0.000,0.000,0.000,0.000,0.000,-6.0000,0.0000,0.0000,6.0000,95.00,95.00,90.00,90.00,65535,65535,65535,1500,1,10,40.4365337,-86.8937373,158.300,-0.409,-0.738,0.000
82333,43864,33265,26737,0,0,0.36631,-1.49039,9.54449,-0.197074,-0.039415,0.033023,-9.296,0.907,165.390,-28.1101,12.9626,-7.4565,-1425.4102,407.9069,204.1616,0.0068786,-0.0249604,0.0365989,0.000000,0.000000,0.000000,0.00000,0.00000,0.000,0.000,0.000,0.000,0.000,-6.0000,0.0000,0.0000,6.0000,95.00,95.00,90.00,90.00,65535,65535,65535,1500,1,10,40.4365337,-86.8937373,158.200,-0.409,-0.738,0.000
82384,31090,18222,15193,0,0,0.56024,-0.79487,9.98262,-0.200270,-0.057524,0.012783,-9.628,0.574,165.210,-28.0416,12.9687,-7.4245,-1424.6393,408.6086,203.6801,0.0065081,-0.0247749,0.0366975,0.000000,0.000000,0.000000,0.00000,0.00000,0.000,0.000,0.000,0.000,0.000,-6.0000,0.0000,0.0000,6.0000,95.00,95.00,90.00,90.00,65535,65535,65535,1500,1,10,40.4365335,-86.8937383,158.200,-0.358,-0.735,0.000
82447,19011,18057,15082,0,0,-0.42856,-1.72981,9.66779,-0.107592,-0.025566,0.028762,-9.705,0.548,164.341,-27.7457,13.0802,-7.3852,-1416.8301,410.1253,203.2294,0.0062411,-0.0248851,0.0371150,0.000000,0.000000,0.000000,0.00000,0.00000,0.000,0.000,0.000,0.000,0.000,-6.0000,0.0000,0.0000,6.0000,95.00,95.00,90.00,90.00,65535,65535,65535,1500,1,10,40.4365335,-86.8937383,158.200,-0.358,-0.735,0.000
82498,26441,18227,15170,0,0,0.34836,-0.72305,9.95270,-0.157659,-0.017044,0.042611,-9.705,0.371,164.509,-27.7886,13.0454,-7.3623,-1419.2599,410.2149,202.8507,0.0058741,-0.0246623,0.0370491,0.000000,0.000000,0.000000,0.00000,0.00000,0.000,0.000,0.000,0.000,0.000,-6.0000,0.0000,0.0000,6.0000,95.00,95.00,90.00,90.00,65535,65535,65535,1500,1,10,40.4365330,-86.8937395,158.100,-0.410,-0.870,0.000
82547,28268,38345,30396,0,0,-0.08260,-0.73861,9.57082,-0.203466,-0.022371,0.020240,-9.775,0.346,164.210,-27.6784,13.0778,-7.3685,-1416.3917,410.6803,202.6492,0.0056593,-0.0246585,0.0372011,0.000000,0.000000,0.000000,0.00000,0.00000,0.000,0.000,0.000,0.000,0.000,-6.0000,0.0000,0.0000,6.0000,95.00,95.00,90.00,90.00,65535,65535,65535,1500,1,10,40.4365330,-86.8937395,158.100,-0.410,-0.870,0.000
82584,39431,36708,30317,0,0,0.00120,-1.65439,9.86411,-0.180030,-0.033023,0.006392,-10.162,0.301,164.157,-27.6823,13.0739,-7.3608,-1417.5438,411.1484,202.3588,0.0056292,-0.0246448,0.0371967,0.000000,0.000000,0.000000,0.00000,0.00000,0.000,0.000,0.000,0.000,0.000,-6.0000,0.0000,0.0000,6.0000,95.00,95.00,90.00,90.00,65535,65535,65535,1500,1,10,40.4365330,-86.8937395,158.100,-0.410,-0.870,0.000
82648,18955,18059,15072,0,0,-0.02634,-0.86910,9.65821,-0.147006,-0.014914,-0.033023,-10.443,-0.186,165.187,-28.1160,12.8747,-7.3672,-1432.4904,409.8949,201.7317,0.0049032,-0.0241145,0.0365868,0.000000,0.000000,0.000000,0.00000,0.00000,0.000,0.000,0.000,0.000,0.000,-6.0000,0.0000,0.0000,6.0000,95.00,95.00,90.00,90.00,65535,65535,65535,1500,1,10,40.4365330,-86.8937395,158.100,-0.410,-0.870,0.000
82699,25855,18178,15167,0,0,0.74220,-1.73819,10.63864,-0.092678,-0.085221,-0.046872,-10.486,-0.611,165.823,-28.4034,12.7452,-7.3553,-1442.6624,409.2054,201.3441,0.0045868,-0.0238263,0.0361772,0.000000,0.000000,0.000000,0.00000,0.00000,0.000,0.000,0.000,0.000,0.000,-6.0000,0.0000,0.0000,6.0000,95.00,95.00,90.00,90.00,65535,65535,65535,1500,1,10,40.4365335,-86.8937417,158.000,-0.107,-0.697,0.000
82735,28075,25732,17298,0,0,-0.38906,-1.29885,10.13106,-0.027697,-0.115049,-0.040480,-10.373,-0.688,165.291,-28.2380,12.8018,-7.3439,-1438.2362,409.9398,201.1468,0.0044864,-0.0239296,0.0364041,0.000000,0.000000,0.000000,0.00000,0.00000,0.000,0.000,0.000,0.000,0.000,-6.0000,0.0000,0.0000,6.0000,95.00,95.00,90.00,90.00,65535,65535,65535,1500,1,10,40.4365335,-86.8937417,158.000,-0.107,-0.697,0.000
82786,26556,18191,15172,0,0,0.30406,-1.04627,9.41999,0.030893,-0.161920,-0.023436,-9.903,-1.056,164.647,-28.0529,12.8498,-7.3337,-1433.9580,410.8460,200.7289,0.0041915,-0.0240504,0.0366496,0.000000,0.000000,0.000000,0.00000,0.00000,0.000,0.000,0.000,0.000,0.000,-6.0000,0.0000,0.0000,6.0000,95.00,95.00,90.00,90.00,65535,65535,65535,1500,1,10,40.4365328,-86.8937423,158.000,-0.107,-0.697,0.000
82836,25151,18181,15148,0,0,-0.43215,-1.16837,9.91918,0.185356,-0.155529,0.060720,-9.061,-1.387,164.722,-28.0572,12.8265,-7.3188,-1435.1510,410.9067,200.3682,0.0037897,-0.0240706,0.0366330,0.000000,0.000000,0.000000,0.00000,0.00000,0.000,0.000,0.000,0.000,0.000,-6.0000,0.0000,0.0000,6.0000,95.00,95.00,90.00,90.00,65535,65535,65535,1500,1,10,40.4365328,-86.8937423,158.000,-0.107,-0.697,0.000
82900,18992,18064,15068,0,0,-0.86550,-0.16161,9.45590,0.175769,-0.217314,0.136354,-7.585,-1.543,164.883,-27.9988,12.8330,-7.3250,-1434.4414,411.1224,199.9046,0.0031766,-0.0244644,0.0367038,0.000000,0.000000,0.000000,0.00000,0.00000,0.000,0.000,0.000,0.000,0.000,-6.0000,0.0000,0.0000,6.0000,95.00,95.00,90.00,90.00,65535,65535,65535,1500,1,9,40.4365327,-86.8937430,158.000,-0.173,-0.625,0.000
82958,30012,21995,15274,0,0,0.08619,-0.50039,9.77553,0.172573,-0.227967,0.232228,-6.874,-2.017,165.658,-28.0598,12.7950,-7.3065,-1437.7288,411.3514,199.5063,0.0029652,-0.0245337,0.0366117,0.000000,0.000000,0.000000,0.00000,0.00000,0.000,0.000,0.000,0.000,0.000,-6.0000,0.0000,0.0000,6.0000,95.00,95.00,90.00,90.00,65535,65535,65535,1500,1,9,40.4365327,-86.8937430,158.000,-0.173,-0.625,0.000
82991,28984,26032,23005,0,0,0.07183,-0.17358,9.99220,0.166181,-0.226901,0.265251,-6.360,-2.189,166.347,-28.1592,12.7393,-7.3018,-1441.4948,411.0777,199.2909,0.0027020,-0.0246328,0.0364639,0.000000,0.000000,0.000000,0.00000,0.00000,0.000,0.000,0.000,0.000,0.000,-6.0000,0.0000,0.0000,6.0000,95.00,95.00,90.00,90.00,65535,65535,65535,1500,1,9,40.4365322,-86.8937437,158.000,-0.173,-0.625,0.000
83058,34311,26403,18383,0,0,-0.32202,-0.44293,10.05086,0.324906,-0.226901,0.402670,-5.020,-2.820,168.238,-28.3658,12.6352,-7.2749,-1449.5789,410.8766,198.7965,0.0023682,-0.0246571,0.0361689,0.000000,0.000000,0.000000,0.00000,0.00000,0.000,0.000,0.000,0.000,0.000,-6.0000,0.0000,0.0000,6.0000,95.00,95.00,90.00,90.00,65535,65535,65535,1500,1,9,40.4365322,-86.8937437,158.000,-0.173,-0.625,0.000
83089,33368,24282,21285,0,0,0.59855,-0.14006,9.68335,0.314253,-0.225836,0.465521,-4.296,-3.128,169.381,-28.4729,12.5812,-7.2785,-1453.7358,410.7344,198.5491,0.0021835,-0.0246638,0.0360157,0.000000,0.000000,0.000000,0.00000,0.00000,0.000,0.000,0.000,0.000,0.000,-6.0000,0.0000,0.0000,6.0000,95.00,95.00,90.00,90.00,65535,65535,65535,1500,1,9,40.4365322,-86.8937445,158.000,-0.173,-0.625,0.000
83138,25302,17640,14614,0,0,0.41180,-0.41539,9.44872,0.346211,-0.211988,0.540089,-3.123,-3.269,171.672,-28.7395,12.4712,-7.2950,-1463.8573,410.4674,198.1287,0.0019670,-0.0249952,0.0356254,0.000000,0.000000,0.000000,0.00000,0.00000,0.000,0.000,0.000,0.000,0.000,-6.0000,0.0000,0.0000,6.0000,95.00,95.00,90.00,90.00,65535,65535,65535,1500,1,9,40.4365322,-86.8937445,158.000,-0.173,-0.625,0.000
83193,27050,18138,15116,0,0,0.07063,0.10894,9.75757,0.177899,-0.134223,0.575243,-2.615,-3.344,173.521,-28.8101,12.4539,-7.2927,-1467.8500,411.1397,197.7279,0.0020499,-0.0251979,0.0355231,0.000000,0.000000,0.000000,0.00000,0.00000,0.000,0.000,0.000,0.000,0.000,-6.0000,0.0000,0.0000,6.0000,95.00,95.00,90.00,90.00,65535,65535,65535,1500,1,8,40.4365320,-86.8937448,158.000,-0.110,-0.397,0.000
83243,25890,18146,15134,0,0,1.17914,-0.05626,10.37527,0.051133,-0.056459,0.575243,-2.433,-3.411,175.200,-28.8569,12.4333,-7.2742,-1470.6926,411.5526,197.3598,0.0019871,-0.0252097,0.0354580,0.000000,0.000000,0.000000,0.00000,0.00000,0.000,0.000,0.000,0.000,0.000,-6.0000,0.0000,0.0000,6.0000,95.00,95.00,90.00,90.00,65535,65535,65535,1500,1,8,40.4365320,-86.8937448,158.000,-0.110,-0.397,0.000
83288,20277,18147,15132,0,0,0.74699,-1.04028,9.97424,-0.085221,-0.043676,0.547546,-2.726,-3.529,176.275,-28.7508,12.4732,-7.2792,-1468.6633,412.4941,197.0368,0.0020650,-0.0250987,0.0356092,0.000000,0.000000,0.000000,0.00000,0.00000,0.000,0.000,0.000,0.000,0.000,-6.0000,0.0000,0.0000,6.0000,95.00,95.00,90.00,90.00,65535,65535,65535,1500,1,8,40.4365320,-86.8937452,158.000,-0.082,-0.297,0.000
83355,39133,26706,18787,0,0,0.37230,-1.39462,10.43872,-0.159790,-0.055394,0.528371,-3.650,-3.564,177.318,-28.5128,12.5866,-7.2554,-1463.2119,414.3729,196.6236,0.0024141,-0.0250439,0.0359424,0.000000,0.000000,0.000000,0.00000,0.00000,0.000,0.000,0.000,0.000,0.000,-6.0000,0.0000,0.0000,6.0000,95.00,95.00,90.00,90.00,65535,65535,65535,1500,1,8,40.4365320,-86.8937452,158.000,-0.082,-0.297,0.000
83391,42692,19943,16944,0,0,0.86550,-0.95648,10.45907,-0.136354,-0.079895,0.503870,-4.116,-3.684,178.350,-28.4696,12.6108,-7.2242,-1462.9832,415.1187,196.3167,0.0024659,-0.0249840,0.0360092,0.000000,0.000000,0.000000,0.00000,0.00000,0.000,0.000,0.000,0.000,0.000,-6.0000,0.0000,0.0000,6.0000,95.00,95.00,90.00,90.00,65535,65535,65535,1500,1,8,40.4365322,-86.8937457,158.000,-0.054,-0.193,0.000
83441,25922,18168,15165,0,0,0.57581,-0.74699,10.41478,-0.150202,-0.073503,0.487891,-4.711,-3.429,179.645,-28.4519,12.6226,-7.1967,-1464.0188,415.9594,195.9415,0.0025818,-0.0252423,0.0360331,0.000000,0.000000,0.000000,0.00000,0.00000,0.000,0.000,0.000,0.000,0.000,-6.0000,0.0000,0.0000,6.0000,95.00,95.00,90.00,90.00,65535,65535,65535,1500,1,8,40.4365322,-86.8937457,158.000,-0.054,-0.193,0.000
83492,25130,18179,15182,0,0,0.30765,0.00599,9.72405,-0.092678,-0.057524,0.456998,-4.845,-3.205,-178.665,-28.6167,12.5471,-7.1940,-1470.4274,415.7152,195.5727,0.0023275,-0.0254426,0.0357988,0.000000,0.000000,0.000000,0.00000,0.00000,0.000,0.000,0.000,0.000,0.000,-6.0000,0.0000,0.0000,6.0000,95.00,95.00,90.00,90.00,65535,65535,65535,1500,1,8,40.4365323,-86.8937460,158.000,-0.034,-0.124,0.000
83531,24341,33263,30260,0,0,0.23942,-0.85952,9.62589,-0.112918,-0.059655,0.420779,-5.038,-3.124,-178.157,-28.6080,12.5504,-7.1974,-1470.8179,416.0425,195.3980,0.0023437,-0.0255168,0.0358120,0.000000,0.000000,0.000000,0.00000,0.00000,0.000,0.000,0.000,0.000,0.000,-6.0000,0.0000,0.0000,6.0000,95.00,95.00,90.00,90.00,65535,65535,65535,1500,1,8,40.4365323,-86.8937460,158.000,-0.034,-0.124,0.000
83600,42840,24982,15332,0,0,-0.06584,-1.43652,9.59237,-0.041545,-0.089482,0.335558,-5.349,-3.130,-176.797,-28.5757,12.5633,-7.1949,-1472.2291,417.0665,194.8438,0.0023737,-0.0256324,0.0358467,0.000000,0.000000,0.000000,0.00000,0.00000,0.000,0.000,0.000,0.000,0.000,-6.0000,0.0000,0.0000,6.0000,95.00,95.00,90.00,90.00,65535,65535,65535,1500,1,8,40.4365323,-86.8937460,158.000,-0.034,-0.124,0.000
83651,26358,18190,15172,0,0,0.93494,-0.91818,10.00058,-0.051133,-0.090547,0.250337,-5.714,-3.498,-175.988,-28.5700,12.5765,-7.1543,-1473.6998,417.9992,194.4318,0.0024252,-0.0254033,0.0358606,0.000000,0.000000,0.000000,0.00000,0.00000,0.000,0.000,0.000,0.000,0.000,-6.0000,0.0000,0.0000,6.0000,95.00,95.00,90.00,90.00,65535,65535,65535,1500,1,8,40.4365325,-86.8937465,158.000,-0.019,-0.069,0.000
83682,24374,24582,21581,0,0,-0.15921,-1.30963,9.38168,-0.062851,-0.086286,0.214118,-5.918,-3.361,-176.021,-28.4711,12.6158,-7.1630,-1471.1899,418.6768,194.2625,0.0025591,-0.0255735,0.0360043,0.000000,0.000000,0.000000,0.00000,0.00000,0.000,0.000,0.000,0.000,0.000,-6.0000,0.0000,0.0000,6.0000,95.00,95.00,90.00,90.00,65535,65535,65535,1500,1,8,40.4365325,-86.8937465,158.000,-0.019,-0.069,0.000
83744,19397,18149,15147,0,0,0.10056,-1.95247,9.69891,0.044741,-0.047937,0.090547,-6.342,-3.252,-176.365,-28.2223,12.7217,-7.1579,-1465.2094,420.7100,193.7791,0.0029614,-0.0257526,0.0363679,0.000000,0.000000,0.000000,0.00000,0.00000,0.000,0.000,0.000,0.000,0.000,-6.0000,0.0000,0.0000,6.0000,95.00,95.00,90.00,90.00,65535,65535,65535,1500,1,8,40.4365322,-86.8937465,158.000,-0.037,-0.134,0.000
83801,29990,20284,15233,0,0,0.04070,-2.36188,9.52892,0.051133,-0.038350,-0.021305,-6.584,-3.280,-176.925,-28.0391,12.8117,-7.1756,-1461.3329,422.3976,193.3937,0.0033086,-0.0257516,0.0366219,0.000000,0.000000,0.000000,0.00000,0.00000,0.000,0.000,0.000,0.000,0.000,-6.0000,0.0000,0.0000,6.0000,95.00,95.00,90.00,90.00,65535,65535,65535,1500,1,8,40.4365322,-86.8937465,158.000,-0.037,-0.134,0.000
83832,26204,24742,21759,0,0,-0.07183,-0.56144,8.63948,-0.008522,-0.008522,-0.039415,-6.460,-3.081,-176.956,-28.0779,12.7901,-7.2064,-1463.0670,422.3940,193.2043,0.0032022,-0.0259291,0.0365700,0.000000,0.000000,0.000000,0.00000,0.00000,0.000,0.000,0.000,0.000,0.000,-6.0000,0.0000,0.0000,6.0000,95.00,95.00,90.00,90.00,65535,65535,65535,1500,1,8,40.4365322,-86.8937465,158.000,-0.037,-0.134,0.000
83883,25832,18211,15162,0,0,0.38906,-1.47483,9.14824,0.113983,0.034088,-0.126766,-6.396,-2.786,-177.904,-27.9328,12.8592,-7.2477,-1460.4366,423.9554,192.7939,0.0035229,-0.0260953,0.0367694,0.000000,0.000000,0.000000,0.00000,0.00000,0.000,0.000,0.000,0.000,0.000,-6.0000,0.0000,0.0000,6.0000,95.00,95.00,90.00,90.00,65535,65535,65535,1500,1,8,40.4365328,-86.8937468,158.000,-0.041,-0.149,0.000
83932,25117,18173,15146,0,0,0.02274,-1.32878,8.96988,0.193878,0.092678,-0.207727,-6.029,-2.557,-178.652,-27.9099,12.8742,-7.3032,-1461.2885,424.8610,192.4342,0.0036309,-0.0260851,0.0367993,0.000000,0.000000,0.000000,0.00000,0.00000,0.000,0.000,0.000,0.000,0.000,-6.0000,0.0000,0.0000,6.0000,95.00,95.00,90.00,90.00,65535,65535,65535,1500,1,8,40.4365328,-86.8937468,158.000,-0.041,-0.149,0.000
84002,23205,20219,15194,0,0,0.57461,-1.88304,8.63110,0.253533,0.111853,-0.309992,-5.713,-2.264,179.783,-27.8189,12.9423,-7.3785,-1461.1533,427.2064,191.9350,0.0042285,-0.0259790,0.0369265,0.000000,0.000000,0.000000,0.00000,0.00000,0.000,0.000,0.000,0.000,0.000,-6.0000,0.0000,0.0000,6.0000,95.00,95.00,90.00,90.00,65535,65535,65535,1500,1,8,40.4365330,-86.8937470,158.000,-0.052,-0.188,0.000
84042,26376,33332,30322,0,0,-0.19513,-0.98402,8.20134,0.187487,0.132093,-0.322775,-5.485,-1.903,179.347,-27.8789,12.9281,-7.4196,-1463.9384,427.5944,191.7357,0.0042913,-0.0261253,0.0368427,0.000000,0.000000,0.000000,0.00000,0.00000,0.000,0.000,0.000,0.000,0.000,-6.0000,0.0000,0.0000,6.0000,95.00,95.00,90.00,90.00,65535,65535,65535,1500,1,8,40.4365330,-86.8937470,158.000,-0.052,-0.188,0.000
84109,30340,29818,21947,0,0,0.33160,-1.70108,9.67856,0.129962,0.150202,-0.394148,-5.312,-1.501,177.598,-27.8919,12.9916,-7.4444,-1467.1188,429.6992,191.2059,0.0048084,-0.0259966,0.0368279,0.000000,0.000000,0.000000,0.00000,0.00000,0.000,0.000,0.000,0.000,0.000,-6.0000,0.0000,0.0000,6.0000,95.00,95.00,90.00,90.00,65535,65535,65535,1500,1,8,40.4365335,-86.8937475,158.000,-0.059,-0.213,0.000
84139,30746,28829,20885,0,0,0.60813,-1.15401,9.50857,0.119310,0.133158,-0.422910,-5.175,-1.421,176.672,-27.8555,13.0125,-7.4510,-1466.8639,430.3462,190.9784,0.0048910,-0.0258918,0.0368813,0.000000,0.000000,0.000000,0.00000,0.00000,0.000,0.000,0.000,0.000,0.000,-6.0000,0.0000,0.0000,6.0000,95.00,95.00,90.00,90.00,65535,65535,65535,1500,1,8,40.4365335,-86.8937475,158.000,-0.059,-0.213,0.000
84183,25370,18204,15154,0,0,0.32441,-1.31322,9.41520,0.035154,0.140615,-0.465521,-5.244,-1.025,175.243,-27.9169,13.0112,-7.4485,-1470.7842,431.4182,190.5661,0.0050733,-0.0258820,0.0367932,0.000000,0.000000,0.000000,0.00000,0.00000,0.000,0.000,0.000,0.000,0.000,-6.0000,0.0000,0.0000,6.0000,95.00,95.00,90.00,90.00,65535,65535,65535,1500,1,8,40.4365340,-86.8937482,158.100,0.136,-0.311,0.000
84237,26376,18124,15126,0,0,0.60454,-1.17196,9.74679,0.022371,0.138484,-0.487891,-5.396,-0.720,173.696,-27.9621,13.0139,-7.4503,-1474.1249,432.4711,190.1545,0.0052327,-0.0258217,0.0367287,0.000000,0.000000,0.000000,0.00000,0.00000,0.000,0.000,0.000,0.000,0.000,-6.0000,0.0000,0.0000,6.0000,95.00,95.00,90.00,90.00,65535,65535,65535,1500,1,8,40.4365340,-86.8937482,158.100,0.136,-0.311,0.000
84288,31760,18157,15149,0,0,0.46687,-1.75375,9.82341,-0.008522,0.112918,-0.517718,-5.697,-0.727,172.159,-28.0040,13.0319,-7.4413,-1477.5288,433.7844,189.7701,0.0055016,-0.0255959,0.0366667,0.000000,0.000000,0.000000,0.00000,0.00000,0.000,0.000,0.000,0.000,0.000,-6.0000,0.0000,0.0000,6.0000,95.00,95.00,90.00,90.00,65535,65535,65535,1500,1,8,40.4365347,-86.8937488,158.100,0.321,-0.305,0.000
84355,39493,21512,18507,0,0,0.65362,-1.38864,10.03769,-0.076699,0.145941,-0.542220,-6.120,-0.731,170.047,-28.0192,13.0581,-7.4384,-1480.1116,435.2349,189.2923,0.0057214,-0.0252646,0.0366523,0.000000,0.000000,0.000000,0.00000,0.00000,0.000,0.000,0.000,0.000,0.000,-6.0000,0.0000,0.0000,6.0000,95.00,95.00,90.00,90.00,65535,65535,65535,1500,1,8,40.4365347,-86.8937488,158.100,0.321,-0.305,0.000
84381,28428,18788,15770,0,0,0.28850,-1.49039,9.44991,-0.058590,0.157659,-0.539024,-6.358,-0.570,169.281,-28.1017,13.0470,-7.4453,-1483.8746,435.8342,189.0744,0.0058408,-0.0252291,0.0365374,0.000000,0.000000,0.000000,0.00000,0.00000,0.000,0.000,0.000,0.000,0.000,-6.0000,0.0000,0.0000,6.0000,95.00,95.00,90.00,90.00,65535,65535,65535,1500,1,8,40.4365360,-86.8937505,158.000,0.321,-0.305,0.000
84435,29832,18188,15268,0,0,0.24301,-2.04106,9.82820,-0.041545,0.066046,-0.564590,-6.668,-0.151,167.790,-28.2883,13.0083,-7.4389,-1491.7802,436.6302,188.6540,0.0059768,-0.0254507,0.0362794,0.000000,0.000000,0.000000,0.00000,0.00000,0.000,0.000,0.000,0.000,0.000,-6.0000,0.0000,0.0000,6.0000,95.00,95.00,90.00,90.00,65535,65535,65535,1500,1,8,40.4365360,-86.8937505,158.000,0.321,-0.305,0.000
84486,25914,18168,15152,0,0,1.13006,-1.61489,9.48822,-0.053263,0.073503,-0.562460,-7.042,-0.517,166.289,-28.3903,13.0048,-7.4330,-1497.1152,437.8832,188.2659,0.0061872,-0.0250774,0.0361371,0.000000,0.000000,0.000000,0.00000,0.00000,0.000,0.000,0.000,0.000,0.000,-6.0000,0.0000,0.0000,6.0000,95.00,95.00,90.00,90.00,65535,65535,65535,1500,1,8,40.4365358,-86.8937500,158.000,0.437,-0.281,0.000
84554,39553,21712,18709,0,0,0.30047,-1.32280,9.11353,-0.055394,0.158724,-0.528371,-7.295,-0.196,164.312,-28.4742,12.9933,-7.4615,-1501.7780,438.8701,187.7850,0.0062739,-0.0250558,0.0360253,0.000000,0.000000,0.000000,0.00000,0.00000,0.000,0.000,0.000,0.000,0.000,-6.0000,0.0000,0.0000,6.0000,95.00,95.00,90.00,90.00,65535,65535,65535,1500,1,8,40.4365358,-86.8937500,158.000,0.437,-0.281,0.000
84584,27988,24349,21343,0,0,0.59376,-1.39223,8.91601,-0.023436,0.144876,-0.518784,-7.424,-0.200,163.578,-28.5442,12.9846,-7.4832,-1505.1169,439.4679,187.5705,0.0063611,-0.0249090,0.0359281,0.000000,0.000000,0.000000,0.00000,0.00000,0.000,0.000,0.000,0.000,0.000,-6.0000,0.0000,0.0000,6.0000,95.00,95.00,90.00,90.00,65535,65535,65535,1500,1,8,40.4365358,-86.8937500,158.000,0.437,-0.281,0.000
84645,34263,24930,15277,0,0,0.79847,-1.43293,10.45189,-0.054328,0.125701,-0.426106,-7.518,-0.106,161.893,-28.5575,12.9917,-7.4538,-1507.1282,440.3950,187.1233,0.0063832,-0.0247129,0.0359196,0.000000,0.000000,0.000000,0.00000,0.00000,0.000,0.000,0.000,0.000,0.000,-6.0000,0.0000,0.0000,6.0000,95.00,95.00,90.00,90.00,65535,65535,65535,1500,1,8,40.4365358,-86.8937500,158.000,0.437,-0.281,0.000
84693,25926,15717,12677,0,0,-1.46645,1.92853,18.19593,0.012783,-0.314253,-0.270577,-7.201,-0.678,159.923,-28.2404,12.9288,-7.2019,-1497.6437,440.7852,186.7193,0.0061112,-0.0245339,0.0363622,0.000000,0.000000,0.000000,0.00000,0.00000,0.000,0.000,0.000,0.000,0.000,-6.0000,0.0000,0.0000,6.0000,95.00,95.00,90.00,90.00,65535,65535,65535,1500,1,8,40.4365353,-86.8937507,158.100,0.437,-0.281,0.000
84738,23547,15715,12687,0,0,1.57060,-1.01394,15.74188,-0.109722,-0.354733,0.052198,-7.510,-1.881,159.892,-28.2363,12.7962,-6.8098,-1498.9203,441.3658,186.4038,0.0061112,-0.0245339,0.0363622,0.000000,0.000000,0.000000,0.00000,0.00000,0.000,0.000,0.000,0.000,0.000,-6.0000,0.0000,0.0000,6.0000,95.00,95.00,90.00,90.00,65535,65535,65535,1500,1,8,40.4365353,-86.8937515,158.100,0.290,0.041,0.000
84788,25180,18163,15147,0,0,1.77051,-1.39223,9.09916,-0.085221,0.033023,0.166181,-7.906,-2.474,160.717,-28.4177,12.7646,-6.7855,-1507.2981,442.6797,186.0663,0.0064048,-0.0241117,0.0360979,0.000000,0.000000,0.000000,0.00000,0.00000,0.000,0.000,0.000,0.000,0.000,-6.0000,0.0000,0.0000,6.0000,95.00,95.00,90.00,90.00,65535,65535,65535,1500,1,8,40.4365353,-86.8937515,158.200,0.290,0.041,0.000
84853,21279,18228,12702,0,0,0.18196,-1.31202,7.17782,0.061785,0.119310,0.164051,-8.104,-2.014,161.215,-28.4706,12.7516,-6.9222,-1511.0138,443.6768,185.6209,0.0064835,-0.0240274,0.0360268,0.000000,0.000000,0.000000,0.00000,0.00000,0.000,0.000,0.000,0.000,0.000,-6.0000,0.0000,0.0000,6.0000,95.00,95.00,90.00,90.00,65535,65535,65535,1500,1,8,40.4365355,-86.8937518,158.200,0.148,0.021,0.000
84882,24414,22569,19546,0,0,0.89423,-1.04986,7.14190,0.006392,0.050067,0.153398,-8.109,-1.888,161.363,-28.4855,12.7575,-6.9848,-1511.7091,443.9883,185.4511,0.0064835,-0.0240274,0.0360268,0.000000,0.000000,0.000000,0.00000,0.00000,0.000,0.000,0.000,0.000,0.000,-6.0000,0.0000,0.0000,6.0000,95.00,95.00,90.00,90.00,65535,65535,65535,1500,1,8,40.4365355,-86.8937518,158.200,0.148,0.021,0.000
84949,19642,18128,15138,0,0,-0.33279,-0.44173,10.93432,-0.224771,-0.166181,0.046872,-8.321,-1.858,160.670,-28.1407,12.8357,-7.0127,-1500.9792,443.7874,184.9776,0.0059604,-0.0244465,0.0365094,0.000000,0.000000,0.000000,0.00000,0.00000,0.000,0.000,0.000,0.000,0.000,-6.0000,0.0000,0.0000,6.0000,95.00,95.00,90.00,90.00,65535,65535,65535,1500,1,8,40.4365362,-86.8937528,158.200,0.188,0.026,0.000
84994,23114,15722,12694,0,0,1.42335,-2.03387,13.14297,-0.251402,0.006392,0.001065,-9.007,-1.891,160.595,-28.1596,12.8103,-6.8482,-1502.3243,444.3999,184.6463,0.0059604,-0.0244465,0.0365094,0.000000,0.000000,0.000000,0.00000,0.00000,0.000,0.000,0.000,0.000,0.000,-6.0000,0.0000,0.0000,6.0000,95.00,95.00,90.00,90.00,65535,65535,65535,1500,1,8,40.4365362,-86.8937528,158.600,0.188,0.026,0.000
85033,21696,33320,30298,0,0,1.04746,-2.20626,8.93277,-0.174703,0.089482,-0.038350,-9.534,-1.980,161.043,-28.3751,12.7606,-6.8625,-1510.9177,445.2461,184.4805,0.0062035,-0.0242308,0.0362028,0.000000,0.000000,0.000000,0.00000,0.00000,0.000,0.000,0.000,0.000,0.000,-6.0000,0.0000,0.0000,6.0000,95.00,95.00,90.00,90.00,65535,65535,65535,1500,1,8,40.4365362,-86.8937528,158.600,0.188,0.026,0.000
85098,33293,18083,15054,0,0,-0.22745,-1.82917,9.45231,-0.158724,0.082025,0.011718,-10.233,-1.173,160.382,-28.2285,12.7878,-6.8809,-1508.1016,446.0967,183.9418,0.0062139,-0.0244589,0.0364058,0.000000,0.000000,0.000000,0.00000,0.00000,0.000,0.000,0.000,0.000,0.000,-6.0000,0.0000,0.0000,6.0000,95.00,95.00,90.00,90.00,65535,65535,65535,1500,1,8,40.4365365,-86.8937532,158.600,0.046,0.006,0.000
85147,25755,18071,15058,0,0,-0.87269,-2.05422,9.87369,-0.101200,0.105461,0.012783,-10.609,-0.359,159.433,-27.9328,12.8528,-6.8460,-1498.7528,446.4594,183.6234,0.0063022,-0.0249621,0.0368378,0.000000,0.000000,0.000000,0.00000,0.00000,0.000,0.000,0.000,0.000,0.000,-6.0000,0.0000,0.0000,6.0000,95.00,95.00,90.00,90.00,65535,65535,65535,1500,1,8,40.4365365,-86.8937532,158.600,0.046,0.006,0.000
85198,31382,18149,15161,0,0,-0.71347,-1.92135,10.22085,-0.118244,0.063916,0.012783,-10.755,0.260,158.328,-27.5534,12.9324,-6.8307,-1486.4930,446.4989,183.3081,0.0061730,-0.0253624,0.0373756,0.000000,0.000000,0.000000,0.00000,0.00000,0.000,0.000,0.000,0.000,0.000,-6.0000,0.0000,0.0000,6.0000,95.00,95.00,90.00,90.00,65535,65535,65535,1500,1,8,40.4365367,-86.8937535,158.800,0.051,0.007,0.000
85242,19728,18145,15143,0,0,-0.12689,-1.88184,9.56723,-0.068177,0.052198,-0.018109,-11.120,0.576,158.073,-27.5316,12.9400,-6.8136,-1486.8955,447.1943,183.0092,0.0063071,-0.0255094,0.0374139,0.000000,0.000000,0.000000,0.00000,0.00000,0.000,0.000,0.000,0.000,0.000,-6.0000,0.0000,0.0000,6.0000,95.00,95.00,90.00,90.00,65535,65535,65535,1500,1,8,40.4365367,-86.8937535,158.800,0.051,0.007,0.000
85298,27466,18208,15164,0,0,-0.31843,-2.09732,9.67018,-0.015979,0.007457,-0.001065,-11.176,0.807,157.501,-27.3871,12.9652,-6.8039,-1483.3315,447.7034,182.6374,0.0062692,-0.0256631,0.0376150,0.000000,0.000000,0.000000,0.00000,0.00000,0.000,0.000,0.000,0.000,0.000,-6.0000,0.0000,0.0000,6.0000,95.00,95.00,90.00,90.00,65535,65535,65535,1500,1,8,40.4365363,-86.8937527,158.800,0.468,0.121,0.000
85348,25876,18177,15167,0,0,-0.70629,-2.47321,9.91439,0.017044,-0.021305,0.004261,-11.425,1.088,157.141,-27.3193,12.9839,-6.7829,-1482.3191,448.5349,182.3005,0.0064914,-0.0259580,0.0377195,0.000000,0.000000,0.000000,0.00000,0.00000,0.000,0.000,0.000,0.000,0.000,-6.0000,0.0000,0.0000,6.0000,95.00,95.00,90.00,90.00,65535,65535,65535,1500,1,8,40.4365363,-86.8937527,158.800,0.468,0.121,0.000
85388,24857,33310,30300,0,0,-0.28252,-2.19309,10.06522,0.057524,-0.050067,-0.021305,-11.401,1.065,157.069,-27.3249,12.9840,-6.7706,-1483.2023,448.9133,182.1315,0.0065313,-0.0259850,0.0377133,0.000000,0.000000,0.000000,0.00000,0.00000,0.000,0.000,0.000,0.000,0.000,-6.0000,0.0000,0.0000,6.0000,95.00,95.00,90.00,90.00,65535,65535,65535,1500,1,8,40.4365362,-86.8937525,159.000,0.468,0.121,0.000
85445,32573,18332,15303,0,0,-0.36751,-2.44568,9.65582,0.053263,-0.054328,-0.028762,-11.484,0.984,156.937,-27.3728,12.9872,-6.7618,-1487.0873,450.1734,181.6402,0.0067361,-0.0260663,0.0376470,0.000000,0.000000,0.000000,0.00000,0.00000,0.000,0.000,0.000,0.000,0.000,-6.0000,0.0000,0.0000,6.0000,95.00,95.00,90.00,90.00,65535,65535,65535,1500,1,8,40.4365362,-86.8937525,159.000,0.468,0.121,0.000
85498,23470,18061,15062,0,0,0.00000,-2.14880,9.56124,0.058590,-0.062851,-0.008522,-11.282,0.853,156.779,-27.3486,12.9871,-6.7471,-1487.6572,450.7634,181.2862,0.0066869,-0.0260699,0.0376791,0.000000,0.000000,0.000000,0.00000,0.00000,0.000,0.000,0.000,0.000,0.000,-6.0000,0.0000,0.0000,6.0000,95.00,95.00,90.00,90.00,65535,65535,65535,1500,1,8,40.4365362,-86.8937528,159.100,0.468,0.121,0.000
85537,24223,33306,30321,0,0,-0.13048,-1.17076,9.91439,0.042611,-0.060720,-0.003196,-11.009,0.775,156.624,-27.2949,12.9906,-6.7432,-1486.3409,450.7505,181.1276,0.0064949,-0.0260508,0.0377475,0.000000,0.000000,0.000000,0.00000,0.00000,0.000,0.000,0.000,0.000,0.000,-6.0000,0.0000,0.0000,6.0000,95.00,95.00,90.00,90.00,65535,65535,65535,1500,1,8,40.4365362,-86.8937528,159.100,0.468,0.121,0.000
85602,37922,20370,17359,0,0,0.63087,-1.51433,10.11909,-0.050067,-0.013848,-0.018109,-10.825,0.531,156.432,-27.3155,12.9739,-6.7144,-1488.6064,451.4677,180.6024,0.0062553,-0.0258263,0.0377316,0.000000,0.000000,0.000000,0.00000,0.00000,0.000,0.000,0.000,0.000,0.000,-6.0000,0.0000,0.0000,6.0000,95.00,95.00,90.00,90.00,65535,65535,65535,1500,1,8,40.4365363,-86.8937530,159.100,0.075,0.019,0.000
85633,26197,24444,21405,0,0,-0.05387,-1.76572,9.19134,0.017044,-0.082025,0.013848,-10.812,0.436,156.418,-27.3176,12.9736,-6.7262,-1489.4004,451.8151,180.4261,0.0062582,-0.0258216,0.0377287,0.000000,0.000000,0.000000,0.00000,0.00000,0.000,0.000,0.000,0.000,0.000,-6.0000,0.0000,0.0000,6.0000,95.00,95.00,90.00,90.00,65535,65535,65535,1500,1,8,40.4365363,-86.8937530,159.100,0.075,0.019,0.000
85682,23793,18264,15321,0,0,-0.75298,-1.97881,9.34936,-0.021305,-0.023436,-0.045806,-10.529,0.580,156.070,-27.2478,12.9731,-6.7098,-1488.0634,452.1437,180.0624,0.0060721,-0.0259446,0.0378300,0.000000,0.000000,0.000000,0.00000,0.00000,0.000,0.000,0.000,0.000,0.000,-6.0000,0.0000,0.0000,6.0000,95.00,95.00,90.00,90.00,65535,65535,65535,1500,1,8,40.4365365,-86.8937535,159.100,0.060,0.015,0.000
85732,25718,18307,15231,0,0,0.11133,-1.82438,10.49498,0.009587,-0.004261,-0.022371,-10.380,0.385,155.958,-27.2678,12.9645,-6.6845,-1490.1254,452.6264,179.7250,0.0059135,-0.0257230,0.0377963,0.000000,0.000000,0.000000,0.00000,0.00000,0.000,0.000,0.000,0.000,0.000,-6.0000,0.0000,0.0000,6.0000,95.00,95.00,90.00,90.00,65535,65535,65535,1500,1,8,40.4365365,-86.8937535,159.100,0.060,0.015,0.000
85783,25978,18256,15204,0,0,0.06225,-1.48441,9.92037,-0.025566,0.266316,0.026632,-10.370,0.834,155.739,-27.2313,12.9666,-6.6840,-1490.1392,453.1002,179.3862,0.0058265,-0.0257530,0.0378458,0.000000,0.000000,0.000000,0.00000,0.00000,0.000,0.000,0.000,0.000,0.000,-6.0000,0.0000,0.0000,6.0000,95.00,95.00,90.00,90.00,65535,65535,65535,1500,1,8,40.4365360,-86.8937532,159.400,0.095,0.024,0.000
85832,25131,18224,15206,0,0,0.07302,-1.88304,9.79468,-0.024501,0.008522,-0.018109,-10.452,0.908,155.618,-27.2330,12.9666,-6.6755,-1491.5449,453.7489,179.0550,0.0058277,-0.0257493,0.0378437,0.000000,0.000000,0.000000,0.00000,0.00000,0.000,0.000,0.000,0.000,0.000,-6.0000,0.0000,0.0000,6.0000,95.00,95.00,90.00,90.00,65535,65535,65535,1500,1,8,40.4365360,-86.8937532,159.400,0.095,0.024,0.000
85901,23236,18199,15234,0,0,-0.18435,-1.90219,9.80545,-0.014914,0.003196,-0.019175,-10.565,1.106,155.254,-27.1994,12.9709,-6.6602,-1492.1311,454.5362,178.6037,0.0058141,-0.0258629,0.0378916,0.000000,0.000000,0.000000,0.00000,0.00000,0.000,0.000,0.000,0.000,0.000,-6.0000,0.0000,0.0000,6.0000,95.00,95.00,90.00,90.00,65535,65535,65535,1500,1,8,40.4365363,-86.8937537,159.400,0.169,0.044,0.000
85931,19031,29756,21809,0,0,-0.53510,-1.80403,9.93115,-0.011718,-0.003196,-0.007457,-10.573,1.199,155.130,-27.1773,12.9742,-6.6544,-1491.7913,454.7135,178.4790,0.0058034,-0.0259389,0.0379239,0.000000,0.000000,0.000000,0.00000,0.00000,0.000,0.000,0.000,0.000,0.000,-6.0000,0.0000,0.0000,6.0000,95.00,95.00,90.00,90.00,65535,65535,65535,1500,1,8,40.4365363,-86.8937537,159.400,0.169,0.044,0.000
85982,25993,18243,15209,0,0,-0.26336,-1.84952,10.01973,-0.003196,-0.010653,0.001065,-10.584,1.252,154.968,-27.1590,12.9727,-6.6355,-1492.8025,455.4256,178.0660,0.0057628,-0.0259578,0.0379484,0.000000,0.000000,0.000000,0.00000,0.00000,0.000,0.000,0.000,0.000,0.000,-6.0000,0.0000,0.0000,6.0000,95.00,95.00,90.00,90.00,65535,65535,65535,1500,1,8,40.4365368,-86.8937543,159.400,0.266,0.026,0.000
86050,39596,21857,18834,0,0,-0.18076,-1.83156,9.81264,-0.001065,-0.008522,-0.026632,-10.548,1.293,154.700,-27.1382,12.9733,-6.6243,-1493.7379,456.1334,177.6436,0.0057100,-0.0259764,0.0379769,0.000000,0.000000,0.000000,0.00000,0.00000,0.000,0.000,0.000,0.000,0.000,-6.0000,0.0000,0.0000,6.0000,95.00,95.00,90.00,90.00,65535,65535,65535,1500,1,8,40.4365368,-86.8937543,159.400,0.266,0.026,0.000
86110,29512,24485,14836,0,0,-0.14844,-1.80403,9.88446,0.009587,-0.020240,0.001065,-10.513,1.296,154.517,-27.1260,12.9725,-6.6114,-1494.8431,456.8044,177.2600,0.0056717,-0.0259806,0.0379933,0.000000,0.000000,0.000000,0.00000,0.00000,0.000,0.000,0.000,0.000,0.000,-6.0000,0.0000,0.0000,6.0000,95.00,95.00,90.00,90.00,65535,65535,65535,1500,1,8,40.4365370,-86.8937542,159.700,0.266,0.026,0.000
86139,25160,28295,20306,0,0,-0.25259,-1.72023,9.80306,0.007457,-0.017044,0.002131,-10.485,1.304,154.448,-27.1187,12.9722,-6.6076,-1495.2500,457.0800,177.0944,0.0056485,-0.0259855,0.0380027,0.000000,0.000000,0.000000,0.00000,0.00000,0.000,0.000,0.000,0.000,0.000,-6.0000,0.0000,0.0000,6.0000,95.00,95.00,90.00,90.00,65535,65535,65535,1500,1,8,40.4365370,-86.8937542,159.700,0.266,0.026,0.000
86190,31684,18282,15226,0,0,-0.23343,-1.79445,9.78989,0.000000,-0.007457,-0.017044,-10.504,1.313,154.266,-27.1190,12.9719,-6.5968,-1496.8862,457.8555,176.6960,0.0056426,-0.0259767,0.0380025,0.000000,0.000000,0.000000,0.00000,0.00000,0.000,0.000,0.000,0.000,0.000,-6.0000,0.0000,0.0000,6.0000,95.00,95.00,90.00,90.00,65535,65535,65535,1500,1,8,40.4365372,-86.8937547,159.800,0.261,-0.061,0.000
86241,26720,18266,15230,0,0,-0.19872,-1.84832,9.80186,0.000000,-0.005326,-0.015979,-10.497,1.333,154.081,-27.1119,12.9713,-6.5840,-1498.0001,458.4570,176.3593,0.0056105,-0.0259696,0.0380116,0.000000,0.000000,0.000000,0.00000,0.00000,0.000,0.000,0.000,0.000,0.000,-6.0000,0.0000,0.0000,6.0000,95.00,95.00,90.00,90.00,65535,65535,65535,1500,1,8,40.4365372,-86.8937547,159.800,0.261,-0.061,0.000
86292,25864,18282,15228,0,0,-0.32681,-1.77171,9.87010,-0.004261,-0.008522,0.000000,-10.515,1.372,153.949,-27.1099,12.9711,-6.5745,-1499.3065,459.1049,176.0246,0.0056065,-0.0259763,0.0380142,0.000000,0.000000,0.000000,0.00000,0.00000,0.000,0.000,0.000,0.000,0.000,-6.0000,0.0000,0.0000,6.0000,95.00,95.00,90.00,90.00,65535,65535,65535,1500,1,8,40.4365370,-86.8937545,159.800,0.155,-0.036,0.000
86341,21379,18185,15149,0,0,-0.28491,-1.78967,9.80426,-0.003196,-0.007457,-0.013848,-10.541,1.397,153.805,-27.1098,12.9715,-6.5665,-1500.6434,459.7480,175.6980,0.0056062,-0.0259780,0.0380146,0.000000,0.000000,0.000000,0.00000,0.00000,0.000,0.000,0.000,0.000,0.000,-6.0000,0.0000,0.0000,6.0000,95.00,95.00,90.00,90.00,65535,65535,65535,1500,1,8,40.4365370,-86.8937545,159.800,0.155,-0.036,0.000
86393,25974,18293,15248,0,0,-0.28491,-1.76932,9.83059,-0.013848,-0.010653,-0.012783,-10.547,1.458,153.608,-27.0959,12.9704,-6.5561,-1501.4930,460.3099,175.3642,0.0055674,-0.0260106,0.0380330,0.000000,0.000000,0.000000,0.00000,0.00000,0.000,0.000,0.000,0.000,0.000,-6.0000,0.0000,0.0000,6.0000,95.00,95.00,90.00,90.00,65535,65535,65535,1500,1,8,40.4365372,-86.8937545,159.900,0.195,-0.046,0.000
86432,24494,33426,30404,0,0,-0.27773,-1.78967,9.74560,-0.007457,-0.009587,-0.009587,-10.560,1.474,153.533,-27.0936,12.9702,-6.5535,-1502.0681,460.6104,175.2039,0.0055608,-0.0260159,0.0380360,0.000000,0.000000,0.000000,0.00000,0.00000,0.000,0.000,0.000,0.000,0.000,-6.0000,0.0000,0.0000,6.0000,95.00,95.00,90.00,90.00,65535,65535,65535,1500,1,8,40.4365372,-86.8937545,159.900,0.195,-0.046,0.000
86491,37891,19665,15354,0,0,-0.31603,-1.75375,9.89404,-0.004261,-0.011718,-0.005326,-10.572,1.531,153.320,-27.0832,12.9675,-6.5362,-1503.6443,461.4729,174.7305,0.0055313,-0.0260405,0.0380492,0.000000,0.000000,0.000000,0.00000,0.00000,0.000,0.000,0.000,0.000,0.000,-6.0000,0.0000,0.0000,6.0000,95.00,95.00,90.00,90.00,65535,65535,65535,1500,1,8,40.4365372,-86.8937545,159.900,0.195,-0.046,0.000
86562,41168,23405,15371,0,0,-0.31484,-1.77410,9.86411,-0.005326,-0.010653,-0.012783,-10.579,1.569,153.095,-27.0739,12.9651,-6.5210,-1505.0952,462.2615,174.2937,0.0054980,-0.0260567,0.0380614,0.000000,0.000000,0.000000,0.00000,0.00000,0.000,0.000,0.000,0.000,0.000,-6.0000,0.0000,0.0000,6.0000,95.00,95.00,90.00,90.00,65535,65535,65535,1500,1,8,40.4365363,-86.8937542,159.900,0.040,-0.009,0.000
86598,29687,30190,27176,0,0,-0.30287,-1.76932,9.82820,-0.003196,-0.015979,-0.007457,-10.577,1.578,153.005,-27.0696,12.9642,-6.5155,-1505.7294,462.6066,174.1006,0.0054811,-0.0260630,0.0380670,0.000000,0.000000,0.000000,0.00000,0.00000,0.000,0.000,0.000,0.000,0.000,-6.0000,0.0000,0.0000,6.0000,95.00,95.00,90.00,90.00,65535,65535,65535,1500,1,8,40.4365363,-86.8937542,159.900,0.040,-0.009,0.000
86649,26207,18316,15238,0,0,-0.34117,-1.80403,9.84735,-0.002131,-0.011718,-0.010653,-10.566,1.613,152.811,-27.0616,12.9621,-6.5027,-1507.0880,463.3383,173.6950,0.0054494,-0.0260801,0.0380780,0.000000,0.000000,0.000000,0.00000,0.00000,0.000,0.000,0.000,0.000,0.000,-6.0000,0.0000,0.0000,6.0000,95.00,95.00,90.00,90.00,65535,65535,65535,1500,1,8,40.4365362,-86.8937540,159.900,0.075,-0.018,0.000
86700,26033,18245,15216,0,0,-0.34596,-1.86029,9.82580,0.001065,-0.015979,-0.012783,-10.579,1.635,152.648,-27.0579,12.9617,-6.4925,-1508.3256,463.9700,173.3638,0.0054400,-0.0260963,0.0380828,0.000000,0.000000,0.000000,0.00000,0.00000,0.000,0.000,0.000,0.000,0.000,-6.0000,0.0000,0.0000,6.0000,95.00,95.00,90.00,90.00,65535,65535,65535,1500,1,9,40.4365362,-86.8937540,160.200,0.075,-0.018,0.000
86749,25335,18287,15236,0,0,-0.33758,-1.80283,9.86411,0.000000,-0.014914,-0.010653,-10.571,1.655,152.490,-27.0513,12.9606,-6.4810,-1509.3959,464.5431,173.0438,0.0054121,-0.0261108,0.0380915,0.000000,0.000000,0.000000,0.00000,0.00000,0.000,0.000,0.000,0.000,0.000,-6.0000,0.0000,0.0000,6.0000,95.00,95.00,90.00,90.00,65535,65535,65535,1500,1,9,40.4365362,-86.8937538,160.200,0.246,-0.075,0.000
86782,28436,22816,15383,0,0,-0.29209,-1.81361,9.83299,0.001065,-0.017044,-0.011718,-10.574,1.655,152.406,-27.0503,12.9603,-6.4754,-1510.1232,464.8996,172.8597,0.0054066,-0.0261114,0.0380928,0.000000,0.000000,0.000000,0.00000,0.00000,0.000,0.000,0.000,0.000,0.000,-6.0000,0.0000,0.0000,6.0000,95.00,95.00,90.00,90.00,65535,65535,65535,1500,1,9,40.4365362,-86.8937538,160.200,0.246,-0.075,0.000
86832,25273,18234,15173,0,0,-0.31484,-1.77291,9.84256,-0.001065,-0.014914,-0.009587,-10.573,1.678,152.238,-27.0448,12.9591,-6.4634,-1511.3713,465.5465,172.5091,0.0053848,-0.0261299,0.0381000,0.000000,0.000000,0.000000,0.00000,0.00000,0.000,0.000,0.000,0.000,0.000,-6.0000,0.0000,0.0000,6.0000,95.00,95.00,90.00,90.00,65535,65535,65535,1500,1,9,40.4365362,-86.8937538,160.200,0.246,-0.075,0.000
86883,25989,18276,15213,0,0,-0.31005,-1.75495,9.86651,0.000000,-0.014914,-0.012783,-10.554,1.686,152.075,-27.0395,12.9577,-6.4523,-1512.5361,466.1425,172.1790,0.0053534,-0.0261317,0.0381068,0.000000,0.000000,0.000000,0.00000,0.00000,0.000,0.000,0.000,0.000,0.000,-6.0000,0.0000,0.0000,6.0000,95.00,95.00,90.00,90.00,65535,65535,65535,1500,1,9,40.4365362,-86.8937540,160.200,0.343,-0.139,0.000
86933,25011,18230,15208,0,0,-0.30167,-1.79685,9.87608,-0.003196,-0.013848,-0.009587,-10.569,1.700,151.928,-27.0369,12.9571,-6.4416,-1513.7639,466.7516,171.8604,0.0053400,-0.0261382,0.0381103,0.000000,0.000000,0.000000,0.00000,0.00000,0.000,0.000,0.000,0.000,0.000,-6.0000,0.0000,0.0000,6.0000,95.00,95.00,90.00,90.00,65535,65535,65535,1500,1,9,40.4365362,-86.8937540,160.200,0.343,-0.139,0.000
86983,23937,19514,15289,0,0,-0.32441,-1.78847,9.86890,-0.002131,-0.015979,-0.011718,-10.571,1.721,151.776,-27.0334,12.9562,-6.4300,-1514.9470,467.3472,171.5442,0.0053240,-0.0261516,0.0381149,0.000000,0.000000,0.000000,0.00000,0.00000,0.000,0.000,0.000,0.000,0.000,-6.0000,0.0000,0.0000,6.0000,95.00,95.00,90.00,90.00,65535,65535,65535,1500,1,9,40.4365357,-86.8937533,160.200,0.191,-0.077,0.000
87051,39565,21976,18948,0,0,-0.30646,-1.79565,9.85813,0.003196,-0.014914,-0.010653,-10.577,1.734,151.583,-27.0313,12.9550,-6.4162,-1516.6166,468.1636,171.1249,0.0053115,-0.0261575,0.0381179,0.000000,0.000000,0.000000,0.00000,0.00000,0.000,0.000,0.000,0.000,0.000,-6.0000,0.0000,0.0000,6.0000,95.00,95.00,90.00,90.00,65535,65535,65535,1500,1,9,40.4365357,-86.8937533,160.200,0.191,-0.077,0.000
87088,28233,30604,27570,0,0,-0.33399,-1.79445,9.85693,0.000000,-0.015979,-0.010653,-10.575,1.743,151.497,-27.0292,12.9542,-6.4100,-1517.2887,468.5008,170.9441,0.0052998,-0.0261645,0.0381207,0.000000,0.000000,0.000000,0.00000,0.00000,0.000,0.000,0.000,0.000,0.000,-6.0000,0.0000,0.0000,6.0000,95.00,95.00,90.00,90.00,65535,65535,65535,1500,1,9,40.4365357,-86.8937533,160.200,0.191,-0.077,0.000
87136,24208,17850,14818,0,0,-0.32561,-1.78607,9.86291,0.000000,-0.017044,-0.010653,-10.573,1.754,151.315,-27.0257,12.9526,-6.3972,-1518.7838,469.2393,170.5533,0.0052765,-0.0261705,0.0381254,0.000000,0.000000,0.000000,0.00000,0.00000,0.000,0.000,0.000,0.000,0.000,-6.0000,0.0000,0.0000,6.0000,95.00,95.00,90.00,90.00,65535,65535,65535,1500,1,9,40.4365357,-86.8937533,160.200,0.191,-0.077,0.000
87184,29210,18756,15357,0,0,-0.32322,-1.80283,9.84376,0.000000,-0.014914,-0.011718,-10.574,1.767,151.169,-27.0230,12.9518,-6.3873,-1519.9492,469.8150,170.2501,0.0052602,-0.0261790,0.0381290,0.000000,0.000000,0.000000,0.00000,0.00000,0.000,0.000,0.000,0.000,0.000,-6.0000,0.0000,0.0000,6.0000,95.00,95.00,90.00,90.00,65535,65535,65535,1500,1,10,40.4365347,-86.8937523,160.000,0.118,0.000,0.000
87235,30934,18284,15212,0,0,-0.30646,-1.78368,9.87369,0.000000,-0.017044,-0.010653,-10.557,1.771,151.017,-27.0190,12.9503,-6.3754,-1521.1379,470.4054,169.9273,0.0052294,-0.0261801,0.0381343,0.000000,0.000000,0.000000,0.00000,0.00000,0.000,0.000,0.000,0.000,0.000,-6.0000,0.0000,0.0000,6.0000,95.00,95.00,90.00,90.00,65535,65535,65535,1500,1,10,40.4365347,-86.8937523,160.000,0.118,0.000,0.000
87286,26779,18273,15215,0,0,-0.32441,-1.81840,9.87369,0.000000,-0.014914,-0.009587,-10.558,1.788,150.865,-27.0162,12.9493,-6.3636,-1522.4102,471.0310,169.5985,0.0052111,-0.0261888,0.0381380,0.000000,0.000000,0.000000,0.00000,0.00000,0.000,0.000,0.000,0.000,0.000,-6.0000,0.0000,0.0000,6.0000,95.00,95.00,90.00,90.00,65535,65535,65535,1500,1,11,40.4365338,-86.8937517,160.000,0.041,0.000,0.000
87337,26272,18271,15229,0,0,-0.32441,-1.80403,9.87369,0.001065,-0.014914,-0.012783,-10.558,1.798,150.708,-27.0139,12.9483,-6.3512,-1523.6727,471.6485,169.2767,0.0051948,-0.0261956,0.0381412,0.000000,0.000000,0.000000,0.00000,0.00000,0.000,0.000,0.000,0.000,0.000,-6.0000,0.0000,0.0000,6.0000,95.00,95.00,90.00,90.00,65535,65535,65535,1500,1,11,40.4365338,-86.8937517,160.000,0.041,0.000,0.000
87395,29951,21719,15381,0,0,-0.31125,-1.82079,9.84496,0.001065,-0.017044,-0.009587,-10.560,1.800,150.549,-27.0124,12.9475,-6.3397,-1525.0903,472.3338,168.9276,0.0051814,-0.0261937,0.0381432,0.000000,0.000000,0.000000,0.00000,0.00000,0.000,0.000,0.000,0.000,0.000,-6.0000,0.0000,0.0000,6.0000,95.00,95.00,90.00,90.00,65535,65535,65535,1500,1,11,40.4365337,-86.8937513,160.000,0.077,0.000,0.000
87439,19280,18246,15209,0,0,-0.33998,-1.78248,9.89643,0.001065,-0.015979,-0.010653,-10.554,1.807,150.410,-27.0099,12.9468,-6.3294,-1526.2579,472.9033,168.6282,0.0051621,-0.0261972,0.0381464,0.000000,0.000000,0.000000,0.00000,0.00000,0.000,0.000,0.000,0.000,0.000,-6.0000,0.0000,0.0000,6.0000,95.00,95.00,90.00,90.00,65535,65535,65535,1500,1,11,40.4365337,-86.8937513,160.000,0.077,0.000,0.000
87507,39420,21872,18841,0,0,-0.32561,-1.78607,9.84496,0.002131,-0.014914,-0.012783,-10.544,1.815,150.214,-27.0071,12.9447,-6.3153,-1527.8538,473.6796,168.2218,0.0051363,-0.0262006,0.0381505,0.000000,0.000000,0.000000,0.00000,0.00000,0.000,0.000,0.000,0.000,0.000,-6.0000,0.0000,0.0000,6.0000,95.00,95.00,90.00,90.00,65535,65535,65535,1500,1,11,40.4365333,-86.8937508,159.900,0.134,0.000,0.000
87547,27973,33430,30394,0,0,-0.31843,-1.77530,9.85453,0.001065,-0.014914,-0.010653,-10.537,1.818,150.131,-27.0055,12.9437,-6.3094,-1528.5339,474.0110,168.0454,0.0051218,-0.0262002,0.0381526,0.000000,0.000000,0.000000,0.00000,0.00000,0.000,0.000,0.000,0.000,0.000,-6.0000,0.0000,0.0000,6.0000,95.00,95.00,90.00,90.00,65535,65535,65535,1500,1,11,40.4365333,-86.8937508,159.900,0.134,0.000,0.000
87585,40364,31715,28714,0,0,-0.32561,-1.80762,9.83897,0.002131,-0.015979,-0.010653,-10.540,1.822,150.014,-27.0049,12.9430,-6.3012,-1529.5901,474.5196,167.7910,0.0051158,-0.0262019,0.0381536,0.000000,0.000000,0.000000,0.00000,0.00000,0.000,0.000,0.000,0.000,0.000,-6.0000,0.0000,0.0000,6.0000,95.00,95.00,90.00,90.00,65535,65535,65535,1500,1,11,40.4365328,-86.8937502,159.900,0.144,0.000,0.000
87640,26131,18239,15207,0,0,-0.32322,-1.80403,9.84376,-0.001065,-0.015979,-0.010653,-10.560,1.828,149.813,-27.0037,12.9423,-6.2876,-1531.3696,475.3760,167.3638,0.0051059,-0.0262038,0.0381551,0.000000,0.000000,0.000000,0.00000,0.00000,0.000,0.000,0.000,0.000,0.000,-6.0000,0.0000,0.0000,6.0000,95.00,95.00,90.00,90.00,65535,65535,65535,1500,1,11,40.4365328,-86.8937502,159.900,0.144,0.000,0.000
87691,25992,18302,15222,0,0,-0.31364,-1.80523,9.83418,0.000000,-0.015979,-0.011718,-10.569,1.833,149.663,-27.0024,12.9417,-6.2774,-1532.6871,476.0112,167.0433,0.0050946,-0.0262060,0.0381568,0.000000,0.000000,0.000000,0.00000,0.00000,0.000,0.000,0.000,0.000,0.000,-6.0000,0.0000,0.0000,6.0000,95.00,95.00,90.00,90.00,65535,65535,65535,1500,1,11,40.4365320,-86.8937495,159.800,0.123,0.000,0.000
87741,25499,18266,15228,0,0,-0.33399,-1.80164,9.85334,0.002131,-0.015979,-0.011718,-10.573,1.846,149.511,-27.0011,12.9410,-6.2664,-1533.9709,476.6309,166.7303,0.0050847,-0.0262159,0.0381587,0.000000,0.000000,0.000000,0.00000,0.00000,0.000,0.000,0.000,0.000,0.000,-6.0000,0.0000,0.0000,6.0000,95.00,95.00,90.00,90.00,65535,65535,65535,1500,1,11,40.4365320,-86.8937495,159.800,0.123,0.000,0.000
87792,25803,18245,15212,0,0,-0.30406,-1.81241,9.86890,0.001065,-0.017044,-0.011718,-10.573,1.839,149.364,-27.0000,12.9404,-6.2549,-1535.2927,477.2660,166.4121,0.0050720,-0.0262075,0.0381601,0.000000,0.000000,0.000000,0.00000,0.00000,0.000,0.000,0.000,0.000,0.000,-6.0000,0.0000,0.0000,6.0000,95.00,95.00,90.00,90.00,65535,65535,65535,1500,1,11,40.4365317,-86.8937493,159.900,0.123,0.000,0.000
87846,26443,18184,15195,0,0,-0.34716,-1.80044,9.85334,0.000000,-0.017044,-0.008522,-10.572,1.855,149.207,-26.9976,12.9389,-6.2439,-1536.6538,477.9237,166.0714,0.0050531,-0.0262219,0.0381633,0.000000,0.000000,0.000000,0.00000,0.00000,0.000,0.000,0.000,0.000,0.000,-6.0000,0.0000,0.0000,6.0000,95.00,95.00,90.00,90.00,65535,65535,65535,1500,1,11,40.4365317,-86.8937488,159.900,0.216,0.000,0.000
87897,25898,18261,15201,0,0,-0.33998,-1.79924,9.87249,0.001065,-0.014914,-0.011718,-10.567,1.865,149.057,-26.9956,12.9378,-6.2323,-1537.9249,478.5363,165.7554,0.0050344,-0.0262272,0.0381660,0.000000,0.000000,0.000000,0.00000,0.00000,0.000,0.000,0.000,0.000,0.000,-6.0000,0.0000,0.0000,6.0000,95.00,95.00,90.00,90.00,65535,65535,65535,1500,1,11,40.4365317,-86.8937488,159.800,0.216,0.000,0.000
87947,26104,18292,15242,0,0,-0.33998,-1.81241,9.86052,0.002131,-0.015979,-0.010653,-10.566,1.875,148.908,-26.9939,12.9368,-6.2209,-1539.2068,479.1534,165.4416,0.0050198,-0.0262343,0.0381682,0.000000,0.000000,0.000000,0.00000,0.00000,0.000,0.000,0.000,0.000,0.000,-6.0000,0.0000,0.0000,6.0000,95.00,95.00,90.00,90.00,65535,65535,65535,1500,1,11,40.4365317,-86.8937478,159.800,0.412,0.000,0.000
87998,25967,18262,15225,0,0,-0.32561,-1.80762,9.85932,0.002131,-0.015979,-0.013848,-10.565,1.879,148.755,-26.9925,12.9359,-6.2094,-1540.5083,479.7790,165.1258,0.0050055,-0.0262367,0.0381702,0.000000,0.000000,0.000000,0.00000,0.00000,0.000,0.000,0.000,0.000,0.000,-6.0000,0.0000,0.0000,6.0000,95.00,95.00,90.00,90.00,65535,65535,65535,1500,1,11,40.4365317,-86.8937478,159.800,0.412,0.000,0.000
88047,28259,38407,30413,0,0,-0.34955,-1.83516,9.84975,0.000000,-0.015979,-0.012783,-10.575,1.886,148.669,-26.9922,12.9357,-6.2032,-1541.2600,480.1395,164.9505,0.0050045,-0.0262416,0.0381705,0.000000,0.000000,0.000000,0.00000,0.00000,0.000,0.000,0.000,0.000,0.000,-6.0000,0.0000,0.0000,6.0000,95.00,95.00,90.00,90.00,65535,65535,65535,1500,1,11,40.4365317,-86.8937478,159.800,0.412,0.000,0.000
88099,32769,18197,15165,0,0,-0.34955,-1.81121,9.85573,0.000000,-0.017044,-0.009587,-10.579,1.894,148.462,-26.9905,12.9337,-6.1872,-1543.1301,481.0374,164.4995,0.0049856,-0.0262477,0.0381732,0.000000,0.000000,0.000000,0.00000,0.00000,0.000,0.000,0.000,0.000,0.000,-6.0000,0.0000,0.0000,6.0000,95.00,95.00,90.00,90.00,65535,65535,65535,1500,1,11,40.4365315,-86.8937470,159.800,0.412,0.000,0.000
88147,23990,18111,15074,0,0,-0.35314,-1.80403,9.84256,0.001065,-0.017044,-0.012783,-10.583,1.898,148.320,-26.9894,12.9330,-6.1770,-1544.3712,481.6326,164.2029,0.0049748,-0.0262518,0.0381747,0.000000,0.000000,0.000000,0.00000,0.00000,0.000,0.000,0.000,0.000,0.000,-6.0000,0.0000,0.0000,6.0000,95.00,95.00,90.00,90.00,65535,65535,65535,1500,1,11,40.4365315,-86.8937470,159.800,0.412,0.000,0.000
88198,26630,18262,15244,0,0,-0.34117,-1.80164,9.84496,0.001065,-0.017044,-0.009587,-10.583,1.905,148.169,-26.9880,12.9321,-6.1666,-1545.6770,482.2589,163.8878,0.0049603,-0.0262567,0.0381767,0.000000,0.000000,0.000000,0.00000,0.00000,0.000,0.000,0.000,0.000,0.000,-6.0000,0.0000,0.0000,6.0000,95.00,95.00,90.00,90.00,65535,65535,65535,1500,1,11,40.4365308,-86.8937470,159.700,0.139,0.000,0.000
88234,28214,25545,16700,0,0,-0.34117,-1.83156,9.85573,0.002131,-0.017044,-0.008522,-10.587,1.907,148.091,-26.9877,12.9318,-6.1603,-1546.4240,482.6168,163.7140,0.0049575,-0.0262585,0.0381771,0.000000,0.000000,0.000000,0.00000,0.00000,0.000,0.000,0.000,0.000,0.000,-6.0000,0.0000,0.0000,6.0000,95.00,95.00,90.00,90.00,65535,65535,65535,1500,1,11,40.4365308,-86.8937470,159.700,0.139,0.000,0.000
88298,19089,18122,15128,0,0,-0.34117,-1.83994,9.83658,0.002131,-0.015979,-0.013848,-10.590,1.914,147.877,-26.9861,12.9306,-6.1452,-1548.2671,483.5002,163.2754,0.0049405,-0.0262617,0.0381793,0.000000,0.000000,0.000000,0.00000,0.00000,0.000,0.000,0.000,0.000,0.000,-6.0000,0.0000,0.0000,6.0000,95.00,95.00,90.00,90.00,65535,65535,65535,1500,1,10,40.4365300,-86.8937462,159.600,0.036,0.000,0.000
88348,25987,18316,15239,0,0,-0.33279,-1.82678,9.85214,0.001065,-0.017044,-0.010653,-10.596,1.915,147.728,-26.9852,12.9300,-6.1345,-1549.5785,484.1286,162.9669,0.0049310,-0.0262630,0.0381805,0.000000,0.000000,0.000000,0.00000,0.00000,0.000,0.000,0.000,0.000,0.000,-6.0000,0.0000,0.0000,6.0000,95.00,95.00,90.00,90.00,65535,65535,65535,1500,1,10,40.4365300,-86.8937462,159.600,0.036,0.000,0.000
88399,26059,18234,15207,0,0,-0.33639,-1.81720,9.84855,0.001065,-0.017044,-0.009587,-10.598,1.917,147.585,-26.9841,12.9292,-6.1237,-1550.8933,484.7584,162.6549,0.0049180,-0.0262635,0.0381821,0.000000,0.000000,0.000000,0.00000,0.00000,0.000,0.000,0.000,0.000,0.000,-6.0000,0.0000,0.0000,6.0000,95.00,95.00,90.00,90.00,65535,65535,65535,1500,1,9,40.4365295,-86.8937453,159.600,0.036,0.000,0.000
88459,30313,23366,15321,0,0,-0.33758,-1.82318,9.84615,0.000000,-0.015979,-0.014914,-10.602,1.920,147.418,-26.9830,12.9283,-6.1122,-1552.3116,485.4374,162.3203,0.0049056,-0.0262659,0.0381837,0.000000,0.000000,0.000000,0.00000,0.00000,0.000,0.000,0.000,0.000,0.000,-6.0000,0.0000,0.0000,6.0000,95.00,95.00,90.00,90.00,65535,65535,65535,1500,1,9,40.4365282,-86.8937438,159.600,0.215,0.256,0.000
88484,29656,18777,15737,0,0,-0.35554,-1.82199,9.84975,0.001065,-0.015979,-0.012783,-10.605,1.927,147.328,-26.9824,12.9278,-6.1058,-1553.0817,485.8058,162.1393,0.0049000,-0.0262705,0.0381845,0.000000,0.000000,0.000000,0.00000,0.00000,0.000,0.000,0.000,0.000,0.000,-6.0000,0.0000,0.0000,6.0000,95.00,95.00,90.00,90.00,65535,65535,65535,1500,1,9,40.4365282,-86.8937438,159.600,0.215,0.256,0.000
88563,39498,33408,30374,0,0,-0.33998,-1.82199,9.85094,0.001065,-0.017044,-0.009587,-10.610,1.929,147.147,-26.9813,12.9267,-6.0921,-1554.7616,486.6101,161.7463,0.0048872,-0.0262718,0.0381861,0.000000,0.000000,0.000000,0.00000,0.00000,0.000,0.000,0.000,0.000,0.000,-6.0000,0.0000,0.0000,6.0000,95.00,95.00,90.00,90.00,65535,65535,65535,1500,1,9,40.4365282,-86.8937438,159.600,0.215,0.256,0.000
88598,40104,28660,25626,0,0,-0.34955,-1.81720,9.84496,0.001065,-0.015979,-0.014914,-10.615,1.933,147.021,-26.9807,12.9257,-6.0836,-1555.8079,487.1107,161.5023,0.0048798,-0.0262746,0.0381871,0.000000,0.000000,0.000000,0.00000,0.00000,0.000,0.000,0.000,0.000,0.000,-6.0000,0.0000,0.0000,6.0000,95.00,95.00,90.00,90.00,65535,65535,65535,1500,1,9,40.4365278,-86.8937437,159.400,0.215,0.256,0.000
88635,34834,30404,27375,0,0,-0.34836,-1.82199,9.85094,0.002131,-0.015979,-0.012783,-10.617,1.937,146.916,-26.9801,12.9251,-6.0760,-1556.7161,487.5452,161.2906,0.0048733,-0.0262769,0.0381880,0.000000,0.000000,0.000000,0.00000,0.00000,0.000,0.000,0.000,0.000,0.000,-6.0000,0.0000,0.0000,6.0000,95.00,95.00,90.00,90.00,65535,65535,65535,1500,1,9,40.4365278,-86.8937437,159.400,0.215,0.256,0.000
88692,31535,18257,15201,0,0,-0.33758,-1.82199,9.84615,0.001065,-0.015979,-0.009587,-10.626,1.943,146.724,-26.9791,12.9240,-6.0614,-1558.5150,488.4061,160.8739,0.0048619,-0.0262793,0.0381894,0.000000,0.000000,0.000000,0.00000,0.00000,0.000,0.000,0.000,0.000,0.000,-6.0000,0.0000,0.0000,6.0000,95.00,95.00,90.00,90.00,65535,65535,65535,1500,1,9,40.4365275,-86.8937440,159.400,0.261,0.311,0.000
88735,19082,18248,15206,0,0,-0.33758,-1.81600,9.84735,0.002131,-0.015979,-0.013848,-10.619,1.943,146.594,-26.9774,12.9232,-6.0520,-1559.6130,488.9318,160.6108,0.0048450,-0.0262769,0.0381915,0.000000,0.000000,0.000000,0.00000,0.00000,0.000,0.000,0.000,0.000,0.000,-6.0000,0.0000,0.0000,6.0000,95.00,95.00,90.00,90.00,65535,65535,65535,1500,1,9,40.4365275,-86.8937440,159.400,0.261,0.311,0.000
88786,25875,18296,15233,0,0,-0.34716,-1.82079,9.84256,0.001065,-0.017044,-0.012783,-10.623,1.947,146.438,-26.9762,12.9224,-6.0414,-1560.9275,489.5603,160.3026,0.0048323,-0.0262805,0.0381931,0.000000,0.000000,0.000000,0.00000,0.00000,0.000,0.000,0.000,0.000,0.000,-6.0000,0.0000,0.0000,6.0000,95.00,95.00,90.00,90.00,65535,65535,65535,1500,1,9,40.4365277,-86.8937458,159.400,0.278,0.331,0.000
88836,25519,18235,15212,0,0,-0.34836,-1.82079,9.84615,0.001065,-0.017044,-0.008522,-10.626,1.951,146.297,-26.9751,12.9216,-6.0307,-1562.2192,490.1781,160.0011,0.0048203,-0.0262827,0.0381947,0.000000,0.000000,0.000000,0.00000,0.00000,0.000,0.000,0.000,0.000,0.000,-6.0000,0.0000,0.0000,6.0000,95.00,95.00,90.00,90.00,65535,65535,65535,1500,1,9,40.4365277,-86.8937458,159.400,0.278,0.331,0.000
88891,21399,18218,15182,0,0,-0.34596,-1.81959,9.85214,0.001065,-0.015979,-0.012783,-10.627,1.952,146.134,-26.9739,12.9206,-6.0189,-1563.6458,490.8604,159.6676,0.0048055,-0.0262831,0.0381965,0.000000,0.000000,0.000000,0.00000,0.00000,0.000,0.000,0.000,0.000,0.000,-6.0000,0.0000,0.0000,6.0000,95.00,95.00,90.00,90.00,65535,65535,65535,1500,1,9,40.4365282,-86.8937472,159.700,0.284,0.339,0.000
88935,24218,18212,15183,0,0,-0.34716,-1.81121,9.84855,0.001065,-0.017044,-0.012783,-10.622,1.957,146.001,-26.9723,12.9197,-6.0096,-1564.7378,491.3815,159.4069,0.0047891,-0.0262876,0.0381986,0.000000,0.000000,0.000000,0.00000,0.00000,0.000,0.000,0.000,0.000,0.000,-6.0000,0.0000,0.0000,6.0000,95.00,95.00,90.00,90.00,65535,65535,65535,1500,1,9,40.4365282,-86.8937472,159.700,0.284,0.339,0.000
88986,26026,18285,15236,0,0,-0.34836,-1.81720,9.84376,0.001065,-0.017044,-0.009587,-10.623,1.960,145.855,-26.9710,12.9188,-5.9988,-1566.0514,492.0091,159.1000,0.0047750,-0.0262901,0.0382004,0.000000,0.000000,0.000000,0.00000,0.00000,0.000,0.000,0.000,0.000,0.000,-6.0000,0.0000,0.0000,6.0000,95.00,95.00,90.00,90.00,65535,65535,65535,1500,1,10,40.4365285,-86.8937482,159.900,0.314,0.374,0.000
89053,39307,21619,18596,0,0,-0.34836,-1.82199,9.83778,0.001065,-0.017044,-0.012783,-10.627,1.963,145.666,-26.9700,12.9176,-5.9856,-1567.7096,492.8015,158.7181,0.0047620,-0.0262937,0.0382021,0.000000,0.000000,0.000000,0.00000,0.00000,0.000,0.000,0.000,0.000,0.000,-6.0000,0.0000,0.0000,6.0000,95.00,95.00,90.00,90.00,65535,65535,65535,1500,1,10,40.4365285,-86.8937482,159.900,0.314,0.374,0.000
89094,37296,25566,22574,0,0,-0.34477,-1.82917,9.84256,0.001065,-0.017044,-0.012783,-10.633,1.963,145.554,-26.9696,12.9171,-5.9777,-1568.6935,493.2721,158.4951,0.0047572,-0.0262939,0.0382027,0.000000,0.000000,0.000000,0.00000,0.00000,0.000,0.000,0.000,0.000,0.000,-6.0000,0.0000,0.0000,6.0000,95.00,95.00,90.00,90.00,65535,65535,65535,1500,1,10,40.4365282,-86.8937478,160.000,0.314,0.374,0.000
89137,23561,17580,14560,0,0,-0.35554,-1.82199,9.84376,0.001065,-0.015979,-0.010653,-10.632,1.971,145.407,-26.9684,12.9161,-5.9671,-1569.9819,493.8866,158.1953,0.0047436,-0.0263000,0.0382045,0.000000,0.000000,0.000000,0.00000,0.00000,0.000,0.000,0.000,0.000,0.000,-6.0000,0.0000,0.0000,6.0000,95.00,95.00,90.00,90.00,65535,65535,65535,1500,1,10,40.4365282,-86.8937478,160.000,0.314,0.374,0.000
89186,30936,18286,15235,0,0,-0.34477,-1.81720,9.84735,0.001065,-0.017044,-0.010653,-10.632,1.974,145.267,-26.9672,12.9153,-5.9567,-1571.2327,494.4839,157.9052,0.0047300,-0.0263016,0.0382062,0.000000,0.000000,0.000000,0.00000,0.00000,0.000,0.000,0.000,0.000,0.000,-6.0000,0.0000,0.0000,6.0000,95.00,95.00,90.00,90.00,65535,65535,65535,1500,1,10,40.4365282,-86.8937472,160.000,0.109,0.130,0.000
89237,26016,18271,15209,0,0,-0.34716,-1.82917,9.84975,0.002131,-0.018109,-0.012783,-10.632,1.973,145.116,-26.9661,12.9145,-5.9457,-1572.5533,495.1149,157.6019,0.0047181,-0.0263025,0.0382077,0.000000,0.000000,0.000000,0.00000,0.00000,0.000,0.000,0.000,0.000,0.000,-6.0000,0.0000,0.0000,6.0000,95.00,95.00,90.00,90.00,65535,65535,65535,1500,1,10,40.4365282,-86.8937472,160.100,0.109,0.130,0.000
89293,30709,19224,15358,0,0,-0.34357,-1.81840,9.84017,0.001065,-0.017044,-0.010653,-10.634,1.973,144.953,-26.9651,12.9135,-5.9344,-1573.9805,495.7966,157.2745,0.0047048,-0.0263028,0.0382093,0.000000,0.000000,0.000000,0.00000,0.00000,0.000,0.000,0.000,0.000,0.000,-6.0000,0.0000,0.0000,6.0000,95.00,95.00,90.00,90.00,65535,65535,65535,1500,1,10,40.4365280,-86.8937462,160.300,0.040,0.047,0.000
89343,25902,18266,15218,0,0,-0.35075,-1.82678,9.84615,0.001065,-0.017044,-0.010653,-10.636,1.978,144.806,-26.9641,12.9127,-5.9234,-1575.3137,496.4326,156.9701,0.0046939,-0.0263071,0.0382107,0.000000,0.000000,0.000000,0.00000,0.00000,0.000,0.000,0.000,0.000,0.000,-6.0000,0.0000,0.0000,6.0000,95.00,95.00,90.00,90.00,65535,65535,65535,1500,1,10,40.4365280,-86.8937462,160.300,0.040,0.047,0.000
89389,20238,18245,15202,0,0,-0.35314,-1.82079,9.84735,0.001065,-0.017044,-0.012783,-10.634,1.980,144.670,-26.9628,12.9118,-5.9138,-1576.4679,496.9828,156.7022,0.0046792,-0.0263093,0.0382125,0.000000,0.000000,0.000000,0.00000,0.00000,0.000,0.000,0.000,0.000,0.000,-6.0000,0.0000,0.0000,6.0000,95.00,95.00,90.00,90.00,65535,65535,65535,1500,1,10,40.4365275,-86.8937462,160.100,0.046,0.055,0.000
89439,26057,18234,15196,0,0,-0.33878,-1.82199,9.84137,0.002131,-0.017044,-0.011718,-10.633,1.980,144.520,-26.9617,12.9110,-5.9031,-1577.7723,497.6057,156.4043,0.0046668,-0.0263094,0.0382140,0.000000,0.000000,0.000000,0.00000,0.00000,0.000,0.000,0.000,0.000,0.000,-6.0000,0.0000,0.0000,6.0000,95.00,95.00,90.00,90.00,65535,65535,65535,1500,1,10,40.4365275,-86.8937462,160.100,0.046,0.055,0.000
89494,30157,18302,15320,0,0,-0.35075,-1.82438,9.84615,0.002131,-0.017044,-0.010653,-10.636,1.982,144.361,-26.9608,12.9101,-5.8913,-1579.2098,498.2918,156.0787,0.0046556,-0.0263115,0.0382154,0.000000,0.000000,0.000000,0.00000,0.00000,0.000,0.000,0.000,0.000,0.000,-6.0000,0.0000,0.0000,6.0000,95.00,95.00,90.00,90.00,65535,65535,65535,1500,1,10,40.4365272,-86.8937448,160.200,0.139,0.166,0.000
89534,19239,38399,30339,0,0,-0.35075,-1.82318,9.84137,0.001065,-0.017044,-0.011718,-10.635,1.983,144.304,-26.9602,12.9098,-5.8873,-1579.7006,498.5258,155.9655,0.0046495,-0.0263123,0.0382162,0.000000,0.000000,0.000000,0.00000,0.00000,0.000,0.000,0.000,0.000,0.000,-6.0000,0.0000,0.0000,6.0000,95.00,95.00,90.00,90.00,65535,65535,65535,1500,1,10,40.4365272,-86.8937448,160.200,0.139,0.166,0.000
89607,39213,33413,25415,0,0,-0.34596,-1.83156,9.84735,0.002131,-0.017044,-0.010653,-10.643,1.982,144.076,-26.9597,12.9087,-5.8706,-1581.7766,499.5186,155.5032,0.0046395,-0.0263114,0.0382174,0.000000,0.000000,0.000000,0.00000,0.00000,0.000,0.000,0.000,0.000,0.000,-6.0000,0.0000,0.0000,6.0000,95.00,95.00,90.00,90.00,65535,65535,65535,1500,1,10,40.4365272,-86.8937448,160.200,0.139,0.166,0.000
89639,34498,30702,26750,0,0,-0.35195,-1.82318,9.85094,0.001065,-0.017044,-0.010653,-10.645,1.983,143.976,-26.9591,12.9080,-5.8631,-1582.6727,499.9462,155.3009,0.0046321,-0.0263125,0.0382183,0.000000,0.000000,0.000000,0.00000,0.00000,0.000,0.000,0.000,0.000,0.000,-6.0000,0.0000,0.0000,6.0000,95.00,95.00,90.00,90.00,65535,65535,65535,1500,1,10,40.4365272,-86.8937448,160.200,0.139,0.166,0.000
89690,30714,18258,15200,0,0,-0.34716,-1.82318,9.84855,0.001065,-0.017044,-0.011718,-10.650,1.982,143.790,-26.9582,12.9070,-5.8497,-1584.3191,500.7328,154.9310,0.0046192,-0.0263111,0.0382199,0.000000,0.000000,0.000000,0.00000,0.00000,0.000,0.000,0.000,0.000,0.000,-6.0000,0.0000,0.0000,6.0000,95.00,95.00,90.00,90.00,65535,65535,65535,1500,1,10,40.4365292,-86.8937467,160.600,0.218,0.260,0.000
89745,27003,18294,15229,0,0,-0.34596,-1.82318,9.84017,0.001065,-0.017044,-0.011718,-10.650,1.982,143.627,-26.9570,12.9060,-5.8380,-1585.7435,501.4124,154.6087,0.0046053,-0.0263119,0.0382216,0.000000,0.000000,0.000000,0.00000,0.00000,0.000,0.000,0.000,0.000,0.000,-6.0000,0.0000,0.0000,6.0000,95.00,95.00,90.00,90.00,65535,65535,65535,1500,1,10,40.4365298,-86.8937462,160.600,0.562,0.280,0.000
89790,19730,18213,15187,0,0,-0.35554,-1.82797,9.85094,0.002131,-0.017044,-0.010653,-10.647,1.984,143.498,-26.9557,12.9052,-5.8283,-1586.8837,501.9556,154.3484,0.0045914,-0.0263135,0.0382233,0.000000,0.000000,0.000000,0.00000,0.00000,0.000,0.000,0.000,0.000,0.000,-6.0000,0.0000,0.0000,6.0000,95.00,95.00,90.00,90.00,65535,65535,65535,1500,1,9,40.4365298,-86.8937462,160.700,0.562,0.280,0.000
89840,25573,18292,15221,0,0,-0.36152,-1.82917,9.84615,0.001065,-0.017044,-0.011718,-10.649,1.988,143.350,-26.9546,12.9043,-5.8177,-1588.1720,502.5690,154.0578,0.0045792,-0.0263181,0.0382249,0.000000,0.000000,0.000000,0.00000,0.00000,0.000,0.000,0.000,0.000,0.000,-6.0000,0.0000,0.0000,6.0000,95.00,95.00,90.00,90.00,65535,65535,65535,1500,1,9,40.4365298,-86.8937462,160.700,0.562,0.280,0.000
89891,25928,18251,15209,0,0,-0.35674,-1.82797,9.84376,0.002131,-0.017044,-0.012783,-10.647,1.989,143.196,-26.9535,12.9034,-5.8069,-1589.4919,503.1982,153.7610,0.0045668,-0.0263199,0.0382265,0.000000,0.000000,0.000000,0.00000,0.00000,0.000,0.000,0.000,0.000,0.000,-6.0000,0.0000,0.0000,6.0000,95.00,95.00,90.00,90.00,65535,65535,65535,1500,1,9,40.4365307,-86.8937467,160.600,0.838,0.012,0.000
89947,28001,18253,15214,0,0,-0.34716,-1.81480,9.84735,0.002131,-0.017044,-0.010653,-10.643,1.991,143.033,-26.9522,12.9022,-5.7949,-1590.9323,503.8845,153.4356,0.0045510,-0.0263217,0.0382284,0.000000,0.000000,0.000000,0.00000,0.00000,0.000,0.000,0.000,0.000,0.000,-6.0000,0.0000,0.0000,6.0000,95.00,95.00,90.00,90.00,65535,65535,65535,1500,1,9,40.4365305,-86.8937457,160.600,0.761,-0.002,0.000
89997,25912,18170,15146,0,0,-0.35554,-1.82318,9.84376,0.001065,-0.018109,-0.010653,-10.643,1.993,142.886,-26.9511,12.9013,-5.7842,-1592.2306,504.5028,153.1443,0.0045383,-0.0263246,0.0382300,0.000000,0.000000,0.000000,0.00000,0.00000,0.000,0.000,0.000,0.000,0.000,-6.0000,0.0000,0.0000,6.0000,95.00,95.00,90.00,90.00,65535,65535,65535,1500,1,9,40.4365305,-86.8937457,160.600,0.761,-0.002,0.000
90036,24010,33341,30302,0,0,-0.36152,-1.82678,9.84256,0.001065,-0.017044,-0.011718,-10.644,1.996,142.814,-26.9505,12.9009,-5.7792,-1592.8496,504.7971,153.0055,0.0045325,-0.0263277,0.0382308,0.000000,0.000000,0.000000,0.00000,0.00000,0.000,0.000,0.000,0.000,0.000,-6.0000,0.0000,0.0000,6.0000,95.00,95.00,90.00,90.00,65535,65535,65535,1500,1,9,40.4365305,-86.8937457,160.600,0.761,-0.002,0.000
90094,36709,18411,15348,0,0,-0.35195,-1.82318,9.83538,0.002131,-0.017044,-0.010653,-10.646,1.995,142.602,-26.9497,12.8995,-5.7641,-1594.7543,505.7066,152.5846,0.0045188,-0.0263268,0.0382325,0.000000,0.000000,0.000000,0.00000,0.00000,0.000,0.000,0.000,0.000,0.000,-6.0000,0.0000,0.0000,6.0000,95.00,95.00,90.00,90.00,65535,65535,65535,1500,1,9,40.4365310,-86.8937460,160.600,0.697,-0.059,0.000
90148,25035,18219,15169,0,0,-0.35674,-1.81840,9.84017,0.001065,-0.017044,-0.011718,-10.644,1.995,142.446,-26.9485,12.8985,-5.7525,-1596.1263,506.3614,152.2774,0.0045041,-0.0263252,0.0382343,0.000000,0.000000,0.000000,0.00000,0.00000,0.000,0.000,0.000,0.000,0.000,-6.0000,0.0000,0.0000,6.0000,95.00,95.00,90.00,90.00,65535,65535,65535,1500,1,9,40.4365310,-86.8937460,160.600,0.697,-0.059,0.000
90199,25972,18219,15197,0,0,-0.34955,-1.81959,9.83538,0.001065,-0.017044,-0.011718,-10.643,1.992,142.296,-26.9471,12.8975,-5.7421,-1597.4353,506.9858,151.9842,0.0044893,-0.0263234,0.0382362,0.000000,0.000000,0.000000,0.00000,0.00000,0.000,0.000,0.000,0.000,0.000,-6.0000,0.0000,0.0000,6.0000,95.00,95.00,90.00,90.00,65535,65535,65535,1500,1,9,40.4365313,-86.8937462,160.600,0.544,-0.115,0.000
90243,19778,18212,15188,0,0,-0.35913,-1.82079,9.83538,0.001065,-0.017044,-0.011718,-10.645,1.996,142.165,-26.9462,12.8970,-5.7328,-1598.5787,507.5302,151.7309,0.0044794,-0.0263266,0.0382375,0.000000,0.000000,0.000000,0.00000,0.00000,0.000,0.000,0.000,0.000,0.000,-6.0000,0.0000,0.0000,6.0000,95.00,95.00,90.00,90.00,65535,65535,65535,1500,1,9,40.4365313,-86.8937462,160.600,0.544,-0.115,0.000
90294,26438,18274,15223,0,0,-0.35674,-1.82797,9.83418,0.002131,-0.017044,-0.010653,-10.646,2.000,142.014,-26.9451,12.8961,-5.7220,-1599.9117,508.1652,151.4359,0.0044678,-0.0263299,0.0382390,0.000000,0.000000,0.000000,0.00000,0.00000,0.000,0.000,0.000,0.000,0.000,-6.0000,0.0000,0.0000,6.0000,95.00,95.00,90.00,90.00,65535,65535,65535,1500,1,9,40.4365303,-86.8937458,160.500,0.285,-0.184,0.000
90349,35070,18292,15341,0,0,-0.35554,-1.81600,9.84735,0.002131,-0.018109,-0.011718,-10.643,2.002,141.853,-26.9440,12.8949,-5.7104,-1601.3054,508.8278,151.1258,0.0044533,-0.0263351,0.0382409,0.000000,0.000000,0.000000,0.00000,0.00000,0.000,0.000,0.000,0.000,0.000,-6.0000,0.0000,0.0000,6.0000,95.00,95.00,90.00,90.00,65535,65535,65535,1500,1,9,40.4365303,-86.8937458,160.500,0.285,-0.184,0.000
90400,25623,18293,15231,0,0,-0.34716,-1.83635,9.85094,0.002131,-0.018109,-0.011718,-10.648,2.001,141.704,-26.9434,12.8944,-5.6995,-1602.6425,509.4655,150.8363,0.0044467,-0.0263371,0.0382417,0.000000,0.000000,0.000000,0.00000,0.00000,0.000,0.000,0.000,0.000,0.000,-6.0000,0.0000,0.0000,6.0000,95.00,95.00,90.00,90.00,65535,65535,65535,1500,1,9,40.4365302,-86.8937457,160.400,0.285,-0.184,0.000
90444,20246,18228,15181,0,0,-0.34716,-1.83156,9.84256,0.002131,-0.017044,-0.011718,-10.648,2.001,141.572,-26.9424,12.8937,-5.6899,-1603.7994,510.0170,150.5818,0.0044362,-0.0263374,0.0382430,0.000000,0.000000,0.000000,0.00000,0.00000,0.000,0.000,0.000,0.000,0.000,-6.0000,0.0000,0.0000,6.0000,95.00,95.00,90.00,90.00,65535,65535,65535,1500,1,9,40.4365302,-86.8937455,160.400,0.207,-0.134,0.000
90495,25998,18283,15222,0,0,-0.35674,-1.83156,9.84496,0.001065,-0.017044,-0.011718,-10.649,2.000,141.422,-26.9414,12.8929,-5.6792,-1605.1201,510.6473,150.2924,0.0044248,-0.0263362,0.0382445,0.000000,0.000000,0.000000,0.00000,0.00000,0.000,0.000,0.000,0.000,0.000,-6.0000,0.0000,0.0000,6.0000,95.00,95.00,90.00,90.00,65535,65535,65535,1500,1,9,40.4365302,-86.8937455,160.500,0.207,-0.134,0.000
90535,24410,33303,30285,0,0,-0.37230,-1.80643,9.85573,0.001065,-0.017044,-0.011718,-10.644,2.005,141.348,-26.9404,12.8920,-5.6738,-1605.7233,510.9319,150.1540,0.0044135,-0.0263412,0.0382459,0.000000,0.000000,0.000000,0.00000,0.00000,0.000,0.000,0.000,0.000,0.000,-6.0000,0.0000,0.0000,6.0000,95.00,95.00,90.00,90.00,65535,65535,65535,1500,1,9,40.4365302,-86.8937455,160.500,0.207,-0.134,0.000
90583,43981,37246,30407,0,0,-0.37469,-1.81959,9.85693,0.002131,-0.015979,-0.012783,-10.645,2.013,141.215,-26.9397,12.8906,-5.6640,-1606.8660,511.4753,149.9048,0.0044050,-0.0263467,0.0382471,0.000000,0.000000,0.000000,0.00000,0.00000,0.000,0.000,0.000,0.000,0.000,-6.0000,0.0000,0.0000,6.0000,95.00,95.00,90.00,90.00,65535,65535,65535,1500,1,9,40.4365300,-86.8937450,160.500,0.130,-0.084,0.000
90653,38817,24868,21796,0,0,-0.35554,-1.83037,9.84975,0.003196,-0.015979,-0.011718,-10.654,2.012,140.974,-26.9392,12.8895,-5.6462,-1609.0392,512.5134,149.4393,0.0043953,-0.0263463,0.0382483,0.000000,0.000000,0.000000,0.00000,0.00000,0.000,0.000,0.000,0.000,0.000,-6.0000,0.0000,0.0000,6.0000,95.00,95.00,90.00,90.00,65535,65535,65535,1500,1,9,40.4365292,-86.8937442,160.500,0.060,-0.039,0.000
90697,19658,18242,15208,0,0,-0.35793,-1.82558,9.84855,0.001065,-0.018109,-0.011718,-10.650,2.012,140.823,-26.9379,12.8884,-5.6353,-1610.3533,513.1382,149.1494,0.0043803,-0.0263491,0.0382503,0.000000,0.000000,0.000000,0.00000,0.00000,0.000,0.000,0.000,0.000,0.000,-6.0000,0.0000,0.0000,6.0000,95.00,95.00,90.00,90.00,65535,65535,65535,1500,1,9,40.4365292,-86.8937442,160.400,0.060,-0.039,0.000
90748,31174,18255,15203,0,0,-0.35314,-1.81959,9.84975,0.001065,-0.017044,-0.011718,-10.651,2.012,140.674,-26.9367,12.8874,-5.6246,-1611.6499,513.7562,148.8660,0.0043675,-0.0263492,0.0382520,0.000000,0.000000,0.000000,0.00000,0.00000,0.000,0.000,0.000,0.000,0.000,-6.0000,0.0000,0.0000,6.0000,95.00,95.00,90.00,90.00,65535,65535,65535,1500,1,9,40.4365292,-86.8937445,160.400,0.095,-0.061,0.000
90783,28917,24961,17060,0,0,-0.34357,-1.81600,9.81503,0.000000,-0.017044,-0.011718,-10.652,2.010,140.589,-26.9361,12.8869,-5.6193,-1612.3936,514.1113,148.7036,0.0043598,-0.0263471,0.0382530,0.000000,0.000000,0.000000,0.00000,0.00000,0.000,0.000,0.000,0.000,0.000,-6.0000,0.0000,0.0000,6.0000,95.00,95.00,90.00,90.00,65535,65535,65535,1500,1,9,40.4365292,-86.8937445,160.400,0.095,-0.061,0.000
90833,30105,18274,15208,0,0,-0.20949,-1.68073,9.89643,-0.024501,-0.003196,-0.012783,-10.638,1.974,140.415,-26.9293,12.8812,-5.6065,-1613.5299,514.6497,148.3894,0.0042671,-0.0262868,0.0382634,0.000000,0.000000,0.000000,0.00000,0.00000,0.000,0.000,0.000,0.000,0.000,-6.0000,0.0000,0.0000,6.0000,95.00,95.00,90.00,90.00,65535,65535,65535,1500,1,9,40.4365292,-86.8937445,160.400,0.095,-0.061,0.000
90897,19050,18107,15110,0,0,-0.34716,-1.88304,9.84615,-0.034088,0.003196,0.000000,-10.694,2.053,140.231,-26.9243,12.8786,-5.5934,-1615.0349,515.3781,148.0310,0.0042286,-0.0262795,0.0382699,0.000000,0.000000,0.000000,0.00000,0.00000,0.000,0.000,0.000,0.000,0.000,-6.0000,0.0000,0.0000,6.0000,95.00,95.00,90.00,90.00,65535,65535,65535,1500,1,9,40.4365292,-86.8937447,160.500,0.112,-0.073,0.000
90947,26410,18260,15199,0,0,-0.37709,-1.87825,9.86052,-0.037284,0.012783,-0.003196,-10.815,2.131,140.102,-26.9245,12.8786,-5.5820,-1616.4019,516.0282,147.7486,0.0042248,-0.0262706,0.0382696,0.000000,0.000000,0.000000,0.00000,0.00000,0.000,0.000,0.000,0.000,0.000,-6.0000,0.0000,0.0000,6.0000,95.00,95.00,90.00,90.00,65535,65535,65535,1500,1,9,40.4365290,-86.8937450,160.500,0.181,-0.117,0.000
91008,30023,23671,14873,0,0,-0.54827,-1.99676,9.81982,-0.017044,0.004261,-0.019175,-10.944,2.258,139.896,-26.9226,12.8790,-5.5699,-1617.8643,516.7635,147.4425,0.0042634,-0.0263326,0.0382711,0.000000,0.000000,0.000000,0.00000,0.00000,0.000,0.000,0.000,0.000,0.000,-6.0000,0.0000,0.0000,6.0000,95.00,95.00,90.00,90.00,65535,65535,65535,1500,1,9,40.4365290,-86.8937450,160.500,0.181,-0.117,0.000
91047,24342,38424,30371,0,0,-0.45729,-2.02190,9.80665,-0.011718,-0.006392,-0.010653,-11.001,2.289,139.828,-26.9267,12.8811,-5.5647,-1618.6947,517.1455,147.3065,0.0042913,-0.0263482,0.0382658,0.000000,0.000000,0.000000,0.00000,0.00000,0.000,0.000,0.000,0.000,0.000,-6.0000,0.0000,0.0000,6.0000,95.00,95.00,90.00,90.00,65535,65535,65535,1500,1,9,40.4365290,-86.8937450,160.500,0.181,-0.117,0.000
91085,45160,31592,28526,0,0,-0.50278,-1.99437,9.81982,-0.001065,-0.022371,0.001065,-11.041,2.309,139.725,-26.9243,12.8815,-5.5545,-1619.9292,517.7489,147.0554,0.0043108,-0.0263744,0.0382657,0.000000,0.000000,0.000000,0.00000,0.00000,0.000,0.000,0.000,0.000,0.000,-6.0000,0.0000,0.0000,6.0000,95.00,95.00,90.00,90.00,65535,65535,65535,1500,1,9,40.4365300,-86.8937463,160.500,0.225,-0.145,0.000
91135,30931,17670,14636,0,0,-0.45969,-1.94529,9.83778,0.024501,-0.034088,-0.023436,-11.038,2.305,139.521,-26.9222,12.8816,-5.5398,-1621.6249,518.5851,146.7025,0.0043372,-0.0264197,0.0382670,0.000000,0.000000,0.000000,0.00000,0.00000,0.000,0.000,0.000,0.000,0.000,-6.0000,0.0000,0.0000,6.0000,95.00,95.00,90.00,90.00,65535,65535,65535,1500,1,9,40.4365300,-86.8937463,160.500,0.225,-0.145,0.000
91185,31406,18267,15225,0,0,-0.38786,-1.88184,9.82820,0.010653,-0.038350,-0.018109,-11.018,2.247,139.362,-26.9226,12.8813,-5.5295,-1622.9484,519.2197,146.4298,0.0043395,-0.0264265,0.0382671,0.000000,0.000000,0.000000,0.00000,0.00000,0.000,0.000,0.000,0.000,0.000,-6.0000,0.0000,0.0000,6.0000,95.00,95.00,90.00,90.00,65535,65535,65535,1500,1,9,40.4365298,-86.8937462,160.500,0.186,-0.120,0.000
91240,26840,18260,15211,0,0,-0.27294,-1.75016,9.84975,0.015979,-0.031958,-0.006392,-10.907,2.147,139.230,-26.9188,12.8778,-5.5181,-1624.2145,519.8122,146.1257,0.0042758,-0.0263784,0.0382729,0.000000,0.000000,0.000000,0.00000,0.00000,0.000,0.000,0.000,0.000,0.000,-6.0000,0.0000,0.0000,6.0000,95.00,95.00,90.00,90.00,65535,65535,65535,1500,1,9,40.4365298,-86.8937462,160.500,0.186,-0.120,0.000
91291,26557,18274,15222,0,0,-0.30646,-1.84713,9.83299,-0.007457,-0.015979,-0.018109,-10.898,2.102,139.072,-26.9166,12.8760,-5.5075,-1625.4904,520.4103,145.8417,0.0042367,-0.0263438,0.0382757,0.000000,0.000000,0.000000,0.00000,0.00000,0.000,0.000,0.000,0.000,0.000,-6.0000,0.0000,0.0000,6.0000,95.00,95.00,90.00,90.00,65535,65535,65535,1500,1,9,40.4365298,-86.8937458,160.800,0.112,-0.073,0.000
91335,24810,18182,15179,0,0,-0.34716,-1.89142,9.82102,-0.007457,-0.018109,-0.013848,-10.916,2.110,138.926,-26.9143,12.8749,-5.4980,-1626.5593,520.9216,145.5999,0.0042183,-0.0263533,0.0382791,0.000000,0.000000,0.000000,0.00000,0.00000,0.000,0.000,0.000,0.000,0.000,-6.0000,0.0000,0.0000,6.0000,95.00,95.00,90.00,90.00,65535,65535,65535,1500,1,9,40.4365298,-86.8937458,160.800,0.112,-0.073,0.000
91387,26630,18246,15227,0,0,-0.38906,-1.89740,9.82940,-0.007457,-0.015979,0.004261,-10.934,2.188,139.193,-26.9143,12.8749,-5.4872,-1627.9495,521.5858,145.3161,0.0042173,-0.0263515,0.0382791,0.000000,0.000000,0.000000,0.00000,0.00000,0.000,0.000,0.000,0.000,0.000,-6.0000,0.0000,0.0000,6.0000,95.00,95.00,90.00,90.00,65535,65535,65535,1500,1,9,40.4365302,-86.8937453,160.900,0.048,-0.031,0.000
91442,26444,18238,15170,0,0,-0.44412,-1.88184,9.84017,0.003196,-0.017044,-0.018109,-10.941,2.204,139.022,-26.9123,12.8736,-5.4746,-1629.3326,522.2529,145.0172,0.0042112,-0.0263717,0.0382818,0.000000,0.000000,0.000000,0.00000,0.00000,0.000,0.000,0.000,0.000,0.000,-6.0000,0.0000,0.0000,6.0000,95.00,95.00,90.00,90.00,65535,65535,65535,1500,1,9,40.4365302,-86.8937453,160.900,0.048,-0.031,0.000
91492,25471,18241,15203,0,0,-0.38666,-1.86628,9.83418,0.006392,-0.015979,-0.021305,-10.933,2.195,138.842,-26.9120,12.8733,-5.4639,-1630.6740,522.8930,144.7410,0.0042059,-0.0263684,0.0382823,0.000000,0.000000,0.000000,0.00000,0.00000,0.000,0.000,0.000,0.000,0.000,-6.0000,0.0000,0.0000,6.0000,95.00,95.00,90.00,90.00,65535,65535,65535,1500,1,9,40.4365290,-86.8937443,160.800,0.048,-0.031,0.000
91532,24328,33247,30195,0,0,-0.34716,-1.85790,9.83897,0.002131,-0.017044,-0.007457,-10.927,2.186,138.778,-26.9113,12.8728,-5.4587,-1631.2975,523.1887,144.6082,0.0041958,-0.0263593,0.0382831,0.000000,0.000000,0.000000,0.00000,0.00000,0.000,0.000,0.000,0.000,0.000,-6.0000,0.0000,0.0000,6.0000,95.00,95.00,90.00,90.00,65535,65535,65535,1500,1,9,40.4365290,-86.8937443,160.800,0.048,-0.031,0.000
91591,36702,18405,15349,0,0,-0.44652,-1.96923,9.82221,-0.011718,-0.018109,-0.004261,-11.008,2.213,138.602,-26.9099,12.8723,-5.4427,-1633.2727,524.1419,144.2047,0.0042044,-0.0263803,0.0382839,0.000000,0.000000,0.000000,0.00000,0.00000,0.000,0.000,0.000,0.000,0.000,-6.0000,0.0000,0.0000,6.0000,95.00,95.00,90.00,90.00,65535,65535,65535,1500,1,9,40.4365288,-86.8937445,160.800,0.125,-0.081,0.000
91640,28424,38816,30476,0,0,-0.53750,-2.08655,9.81982,0.007457,-0.031958,-0.018109,-11.055,2.228,138.506,-26.9106,12.8741,-5.4357,-1634.1223,524.5721,144.0498,0.0042469,-0.0264196,0.0382821,0.000000,0.000000,0.000000,0.00000,0.00000,0.000,0.000,0.000,0.000,0.000,-6.0000,0.0000,0.0000,6.0000,95.00,95.00,90.00,90.00,65535,65535,65535,1500,1,9,40.4365288,-86.8937445,160.800,0.125,-0.081,0.000
91694,33880,18323,15252,0,0,-0.37828,-1.88424,9.84496,0.041545,-0.054328,-0.018109,-10.931,2.093,138.269,-26.9102,12.8757,-5.4204,-1636.1934,525.5715,143.6454,0.0042699,-0.0264378,0.0382804,0.000000,0.000000,0.000000,0.00000,0.00000,0.000,0.000,0.000,0.000,0.000,-6.0000,0.0000,0.0000,6.0000,95.00,95.00,90.00,90.00,65535,65535,65535,1500,1,9,40.4365302,-86.8937457,160.800,0.104,-0.067,0.000
91737,19063,18217,15187,0,0,-0.15562,-1.61369,9.89045,0.033023,-0.037284,-0.012783,-10.717,1.930,138.162,-26.9024,12.8709,-5.4110,-1637.0697,525.9350,143.4105,0.0041528,-0.0263442,0.0382874,0.000000,0.000000,0.000000,0.00000,0.00000,0.000,0.000,0.000,0.000,0.000,-6.0000,0.0000,0.0000,6.0000,95.00,95.00,90.00,90.00,65535,65535,65535,1500,1,9,40.4365302,-86.8937457,160.800,0.104,-0.067,0.000
91788,25872,18266,15208,0,0,-0.25977,-1.75495,9.80066,0.003196,-0.014914,-0.009587,-10.624,1.862,138.025,-26.8986,12.8675,-5.4017,-1638.2477,526.4721,143.1352,0.0040846,-0.0262903,0.0382922,0.000000,0.000000,0.000000,0.00000,0.00000,0.000,0.000,0.000,0.000,0.000,-6.0000,0.0000,0.0000,6.0000,95.00,95.00,90.00,90.00,65535,65535,65535,1500,1,10,40.4365305,-86.8937463,161.100,0.181,-0.117,0.000
91842,29568,18299,15339,0,0,-0.31963,-1.86748,9.83418,-0.019175,-0.005326,-0.008522,-10.655,1.863,137.869,-26.8969,12.8662,-5.3903,-1639.6162,527.1161,142.8441,0.0040555,-0.0262667,0.0382944,0.000000,0.000000,0.000000,0.00000,0.00000,0.000,0.000,0.000,0.000,0.000,-6.0000,0.0000,0.0000,6.0000,95.00,95.00,90.00,90.00,65535,65535,65535,1500,1,10,40.4365305,-86.8937463,161.100,0.181,-0.117,0.000
91893,25992,18241,15206,0,0,-0.48722,-2.01352,9.83897,-0.005326,-0.018109,-0.004261,-10.780,1.955,137.729,-26.9008,12.8692,-5.3780,-1641.1857,527.8777,142.5678,0.0041180,-0.0263357,0.0382893,0.000000,0.000000,0.000000,0.00000,0.00000,0.000,0.000,0.000,0.000,0.000,-6.0000,0.0000,0.0000,6.0000,95.00,95.00,90.00,90.00,65535,65535,65535,1500,1,10,40.4365305,-86.8937468,161.000,0.233,-0.151,0.000
91943,25453,18301,15246,0,0,-0.44053,-1.97761,9.82221,0.018109,-0.033023,-0.010653,-10.807,1.962,137.596,-26.9036,12.8716,-5.3674,-1642.6697,528.6041,142.2997,0.0041680,-0.0263806,0.0382857,0.000000,0.000000,0.000000,0.00000,0.00000,0.000,0.000,0.000,0.000,0.000,-6.0000,0.0000,0.0000,6.0000,95.00,95.00,90.00,90.00,65535,65535,65535,1500,1,10,40.4365295,-86.8937470,161.000,0.233,-0.151,0.000
91988,19699,18221,15208,0,0,-0.28252,-1.83635,9.84376,0.027697,-0.039415,-0.021305,-10.758,1.914,137.455,-26.9037,12.8716,-5.3580,-1643.8881,529.1815,142.0594,0.0041693,-0.0263882,0.0382852,0.000000,0.000000,0.000000,0.00000,0.00000,0.000,0.000,0.000,0.000,0.000,-6.0000,0.0000,0.0000,6.0000,95.00,95.00,90.00,90.00,65535,65535,65535,1500,1,10,40.4365295,-86.8937470,161.000,0.233,-0.151,0.000
92063,43704,24781,15374,0,0,-0.32561,-1.72263,9.87369,0.007457,-0.022371,-0.017044,-10.659,1.846,137.247,-26.9047,12.8675,-5.3433,-1645.6373,529.9737,141.6953,0.0041207,-0.0263686,0.0382867,0.000000,0.000000,0.000000,0.00000,0.00000,0.000,0.000,0.000,0.000,0.000,-6.0000,0.0000,0.0000,6.0000,95.00,95.00,90.00,90.00,65535,65535,65535,1500,1,10,40.4365295,-86.8937477,161.000,0.302,-0.196,0.000
92099,31071,30415,27410,0,0,-0.31484,-1.76213,9.86531,0.006392,-0.022371,-0.013848,-10.633,1.834,137.156,-26.9055,12.8663,-5.3365,-1646.4569,530.3339,141.5295,0.0040974,-0.0263665,0.0382865,0.000000,0.000000,0.000000,0.00000,0.00000,0.000,0.000,0.000,0.000,0.000,-6.0000,0.0000,0.0000,6.0000,95.00,95.00,90.00,90.00,65535,65535,65535,1500,1,10,40.4365295,-86.8937477,161.000,0.302,-0.196,0.000
92147,29114,17625,14602,0,0,-0.26935,-1.83755,9.83778,0.020240,-0.036219,0.004261,-10.614,1.798,137.031,-26.9058,12.8671,-5.3233,-1648.1327,531.1408,141.2064,0.0041130,-0.0263800,0.0382854,0.000000,0.000000,0.000000,0.00000,0.00000,0.000,0.000,0.000,0.000,0.000,-6.0000,0.0000,0.0000,6.0000,95.00,95.00,90.00,90.00,65535,65535,65535,1500,1,10,40.4365295,-86.8937477,161.000,0.302,-0.196,0.000
92190,24757,18226,15207,0,0,-0.16161,-1.66517,9.86531,0.012783,-0.022371,-0.013848,-10.510,1.698,136.920,-26.8974,12.8628,-5.3148,-1648.9796,531.5581,140.9807,0.0040448,-0.0263054,0.0382940,0.000000,0.000000,0.000000,0.00000,0.00000,0.000,0.000,0.000,0.000,0.000,-6.0000,0.0000,0.0000,6.0000,95.00,95.00,90.00,90.00,65535,65535,65535,1500,1,10,40.4365293,-86.8937478,161.000,0.268,-0.173,0.000
92241,26064,18255,15221,0,0,-0.20949,-1.64242,9.87848,-0.004261,-0.007457,-0.030893,-10.443,1.673,136.718,-26.8957,12.8590,-5.3039,-1650.1925,532.0685,140.7104,0.0039630,-0.0262715,0.0382971,0.000000,0.000000,0.000000,0.00000,0.00000,0.000,0.000,0.000,0.000,0.000,-6.0000,0.0000,0.0000,6.0000,95.00,95.00,90.00,90.00,65535,65535,65535,1500,1,10,40.4365293,-86.8937478,161.000,0.268,-0.173,0.000
92296,26669,18293,15236,0,0,-0.38188,-1.80523,9.82461,-0.055394,0.012783,0.011718,-10.529,1.747,136.578,-26.8927,12.8557,-5.2930,-1651.4784,532.6672,140.4200,0.0039137,-0.0262515,0.0383024,0.000000,0.000000,0.000000,0.00000,0.00000,0.000,0.000,0.000,0.000,0.000,-6.0000,0.0000,0.0000,6.0000,95.00,95.00,90.00,90.00,65535,65535,65535,1500,1,10,40.4365290,-86.8937485,161.000,0.346,-0.223,0.000
92347,26015,18215,15201,0,0,-0.56383,-2.05303,9.84256,-0.009587,-0.010653,0.007457,-10.732,1.904,136.484,-26.8992,12.8609,-5.2803,-1653.1610,533.4968,140.1524,0.0040199,-0.0263571,0.0382938,0.000000,0.000000,0.000000,0.00000,0.00000,0.000,0.000,0.000,0.000,0.000,-6.0000,0.0000,0.0000,6.0000,95.00,95.00,90.00,90.00,65535,65535,65535,1500,1,10,40.4365290,-86.8937485,161.000,0.346,-0.223,0.000
92392,20361,18206,15190,0,0,-0.32322,-1.91177,9.79827,0.010653,-0.020240,-0.037284,-10.731,1.887,136.311,-26.9009,12.8624,-5.2712,-1654.4744,534.1384,139.9128,0.0040436,-0.0263551,0.0382913,0.000000,0.000000,0.000000,0.00000,0.00000,0.000,0.000,0.000,0.000,0.000,-6.0000,0.0000,0.0000,6.0000,95.00,95.00,90.00,90.00,65535,65535,65535,1500,1,10,40.4365282,-86.8937478,161.000,0.259,-0.168,0.000
92442,25873,18257,15221,0,0,-0.38427,-1.89501,9.81982,0.020240,-0.022371,-0.020240,-10.704,1.907,136.118,-26.9023,12.8624,-5.2600,-1655.8625,534.7806,139.6481,0.0040472,-0.0263881,0.0382900,0.000000,0.000000,0.000000,0.00000,0.00000,0.000,0.000,0.000,0.000,0.000,-6.0000,0.0000,0.0000,6.0000,95.00,95.00,90.00,90.00,65535,65535,65535,1500,1,10,40.4365282,-86.8937478,161.000,0.259,-0.168,0.000
92498,21103,18236,15190,0,0,-0.22745,-1.75495,9.84975,-0.002131,-0.019175,0.006392,-10.598,1.824,136.016,-26.8966,12.8569,-5.2493,-1657.0111,535.3359,139.3586,0.0039747,-0.0263306,0.0382999,0.000000,0.000000,0.000000,0.00000,0.00000,0.000,0.000,0.000,0.000,0.000,-6.0000,0.0000,0.0000,6.0000,95.00,95.00,90.00,90.00,65535,65535,65535,1500,1,10,40.4365275,-86.8937475,161.000,0.251,-0.162,0.000
92537,19170,33336,30325,0,0,-0.14365,-1.63285,9.87488,-0.020240,-0.002131,-0.010653,-10.570,1.793,135.957,-26.8899,12.8538,-5.2454,-1657.2931,535.4777,139.2587,0.0039249,-0.0262866,0.0383066,0.000000,0.000000,0.000000,0.00000,0.00000,0.000,0.000,0.000,0.000,0.000,-6.0000,0.0000,0.0000,6.0000,95.00,95.00,90.00,90.00,65535,65535,65535,1500,1,10,40.4365275,-86.8937475,161.000,0.251,-0.162,0.000
92602,37959,25841,17839,0,0,-0.40223,-1.91297,9.82820,-0.039415,0.009587,-0.004261,-10.731,1.901,135.689,-26.8890,12.8526,-5.2284,-1659.3248,536.4506,138.8536,0.0039195,-0.0262920,0.0383082,0.000000,0.000000,0.000000,0.00000,0.00000,0.000,0.000,0.000,0.000,0.000,-6.0000,0.0000,0.0000,6.0000,95.00,95.00,90.00,90.00,65535,65535,65535,1500,1,10,40.4365275,-86.8937475,161.000,0.251,-0.162,0.000
92645,18908,18146,15146,0,0,-0.40821,-1.94170,9.82461,-0.020240,-0.001065,0.006392,-10.838,1.995,135.578,-26.8897,12.8528,-5.2173,-1660.7115,537.1194,138.5880,0.0039363,-0.0263214,0.0383079,0.000000,0.000000,0.000000,0.00000,0.00000,0.000,0.000,0.000,0.000,0.000,-6.0000,0.0000,0.0000,6.0000,95.00,95.00,90.00,90.00,65535,65535,65535,1500,1,10,40.4365275,-86.8937475,161.000,0.251,-0.162,0.000
92685,25083,33409,30345,0,0,-0.44532,-1.98838,9.81862,-0.015979,-0.006392,0.000000,-10.896,2.038,135.518,-26.8916,12.8542,-5.2117,-1661.4773,537.4869,138.4569,0.0039604,-0.0263449,0.0383053,0.000000,0.000000,0.000000,0.00000,0.00000,0.000,0.000,0.000,0.000,0.000,-6.0000,0.0000,0.0000,6.0000,95.00,95.00,90.00,90.00,65535,65535,65535,1500,1,10,40.4365235,-86.8937448,160.800,-0.302,-0.710,0.000
92750,36316,18281,15226,0,0,-0.41779,-1.95127,9.83059,0.009587,-0.020240,-0.022371,-10.941,2.070,135.225,-26.8912,12.8555,-5.1940,-1663.7156,538.5591,138.0427,0.0039900,-0.0263800,0.0383027,0.000000,0.000000,0.000000,0.00000,0.00000,0.000,0.000,0.000,0.000,0.000,-6.0000,0.0000,0.0000,6.0000,95.00,95.00,90.00,90.00,65535,65535,65535,1500,1,10,40.4365235,-86.8937448,160.800,-0.302,-0.710,0.000
92781,25096,24683,21669,0,0,-0.41899,-1.93451,9.82580,0.008522,-0.025566,-0.008522,-10.947,2.075,135.156,-26.8915,12.8558,-5.1886,-1664.4042,538.8902,137.9124,0.0039984,-0.0263952,0.0383024,0.000000,0.000000,0.000000,0.00000,0.00000,0.000,0.000,0.000,0.000,0.000,-6.0000,0.0000,0.0000,6.0000,95.00,95.00,90.00,90.00,65535,65535,65535,1500,1,10,40.4365228,-86.8937437,160.700,-0.302,-0.710,0.000
92843,18102,18116,15108,0,0,-0.29808,-1.83635,9.83658,0.006392,-0.026632,-0.007457,-10.890,2.013,134.996,-26.8866,12.8533,-5.1742,-1666.0690,539.6888,137.5586,0.0039635,-0.0263724,0.0383075,0.000000,0.000000,0.000000,0.00000,0.00000,0.000,0.000,0.000,0.000,0.000,-6.0000,0.0000,0.0000,6.0000,95.00,95.00,90.00,90.00,65535,65535,65535,1500,1,10,40.4365228,-86.8937437,160.700,-0.302,-0.710,0.000
92894,25906,18278,15235,0,0,-0.32801,-1.80283,9.85214,0.003196,-0.014914,-0.024501,-10.844,1.991,134.809,-26.8827,12.8506,-5.1634,-1667.2600,540.2618,137.2957,0.0039308,-0.0263572,0.0383127,0.000000,0.000000,0.000000,0.00000,0.00000,0.000,0.000,0.000,0.000,0.000,-6.0000,0.0000,0.0000,6.0000,95.00,95.00,90.00,90.00,65535,65535,65535,1500,1,10,40.4365218,-86.8937423,160.700,-0.870,0.162,0.000
92949,26947,18226,15206,0,0,-0.33519,-1.86987,9.83179,0.004261,-0.017044,-0.005326,-10.840,1.981,134.653,-26.8813,12.8495,-5.1521,-1668.6692,540.9373,137.0111,0.0039164,-0.0263480,0.0383149,0.000000,0.000000,0.000000,0.00000,0.00000,0.000,0.000,0.000,0.000,0.000,-6.0000,0.0000,0.0000,6.0000,95.00,95.00,90.00,90.00,65535,65535,65535,1500,1,10,40.4365218,-86.8937417,160.700,-0.702,0.268,0.000
93000,25926,18265,15223,0,0,-0.30047,-1.80164,9.84735,-0.008522,-0.007457,-0.007457,-10.833,1.977,134.520,-26.8765,12.8463,-5.1414,-1669.8224,541.4951,136.7497,0.0038757,-0.0263208,0.0383213,0.000000,0.000000,0.000000,0.00000,0.00000,0.000,0.000,0.000,0.000,0.000,-6.0000,0.0000,0.0000,6.0000,95.00,95.00,90.00,90.00,65535,65535,65535,1500,1,10,40.4365218,-86.8937417,160.600,-0.702,0.268,0.000
93039,24197,33250,30227,0,0,-0.31963,-1.83635,9.84137,-0.011718,-0.005326,-0.015979,-10.844,1.983,134.439,-26.8750,12.8454,-5.1363,-1670.4061,541.7767,136.6255,0.0038638,-0.0263135,0.0383233,0.000000,0.000000,0.000000,0.00000,0.00000,0.000,0.000,0.000,0.000,0.000,-6.0000,0.0000,0.0000,6.0000,95.00,95.00,90.00,90.00,65535,65535,65535,1500,1,10,40.4365218,-86.8937417,160.600,-0.702,0.268,0.000
93098,32944,18404,15338,0,0,-0.48123,-1.99796,9.81982,-0.007457,-0.015979,-0.002131,-10.974,2.070,134.216,-26.8746,12.8466,-5.1204,-1672.4747,542.7707,136.2496,0.0039006,-0.0263643,0.0383207,0.000000,0.000000,0.000000,0.00000,0.00000,0.000,0.000,0.000,0.000,0.000,-6.0000,0.0000,0.0000,6.0000,95.00,95.00,90.00,90.00,65535,65535,65535,1500,1,10,40.4365218,-86.8937410,160.500,-0.591,0.374,0.000
93132,28413,24390,16150,0,0,-0.42497,-1.98479,9.82221,0.017044,-0.024501,-0.002131,-10.977,2.079,134.151,-26.8765,12.8480,-5.1141,-1673.3345,543.1791,136.1039,0.0039205,-0.0263811,0.0383179,0.000000,0.000000,0.000000,0.00000,0.00000,0.000,0.000,0.000,0.000,0.000,-6.0000,0.0000,0.0000,6.0000,95.00,95.00,90.00,90.00,65535,65535,65535,1500,1,10,40.4365218,-86.8937410,160.500,-0.591,0.374,0.000
93199,19602,18205,15191,0,0,-0.36392,-1.86389,9.84496,0.012783,-0.026632,-0.023436,-10.936,2.052,133.920,-26.8741,12.8464,-5.0983,-1675.1855,544.0652,135.7311,0.0039068,-0.0263944,0.0383214,0.000000,0.000000,0.000000,0.00000,0.00000,0.000,0.000,0.000,0.000,0.000,-6.0000,0.0000,0.0000,6.0000,95.00,95.00,90.00,90.00,65535,65535,65535,1500,1,10,40.4365245,-86.8937420,160.500,-0.304,0.192,0.000
93250,25547,18235,15197,0,0,-0.31364,-2.12725,9.79827,-0.008522,-0.020240,-0.007457,-10.996,2.010,133.780,-26.8792,12.8505,-5.0876,-1676.7987,544.8430,135.4728,0.0039456,-0.0263718,0.0383138,0.000000,0.000000,0.000000,0.00000,0.00000,0.000,0.000,0.000,0.000,0.000,-6.0000,0.0000,0.0000,6.0000,95.00,95.00,90.00,90.00,65535,65535,65535,1500,1,10,40.4365245,-86.8937420,160.500,-0.304,0.192,0.000
93294,20386,18279,15231,0,0,-0.46687,-2.16316,9.80186,0.036219,-0.047937,-0.005326,-11.058,2.060,133.674,-26.8884,12.8558,-5.0763,-1678.3673,545.5992,135.2444,0.0040404,-0.0264645,0.0383036,0.000000,0.000000,0.000000,0.00000,0.00000,0.000,0.000,0.000,0.000,0.000,-6.0000,0.0000,0.0000,6.0000,95.00,95.00,90.00,90.00,65535,65535,65535,1500,1,10,40.4365233,-86.8937418,160.500,-0.287,0.181,0.000
93356,29982,25020,15328,0,0,-0.12330,-1.64960,9.84137,-0.013848,-0.019175,-0.019175,-10.882,1.888,133.497,-26.8794,12.8479,-5.0650,-1679.3433,546.0562,134.9675,0.0039192,-0.0263646,0.0383177,0.000000,0.000000,0.000000,0.00000,0.00000,0.000,0.000,0.000,0.000,0.000,-6.0000,0.0000,0.0000,6.0000,95.00,95.00,90.00,90.00,65535,65535,65535,1500,1,11,40.4365233,-86.8937418,160.400,-0.287,0.181,0.000
93387,31276,24946,21928,0,0,-0.10175,-1.60651,9.90840,-0.033023,-0.003196,-0.015979,-10.869,1.847,133.397,-26.8768,12.8435,-5.0580,-1679.9387,546.3209,134.8098,0.0038468,-0.0263057,0.0383243,0.000000,0.000000,0.000000,0.00000,0.00000,0.000,0.000,0.000,0.000,0.000,-6.0000,0.0000,0.0000,6.0000,95.00,95.00,90.00,90.00,65535,65535,65535,1500,1,11,40.4365233,-86.8937418,160.400,-0.287,0.181,0.000
93438,25903,18264,15210,0,0,-0.32322,-1.88903,9.87010,-0.022371,-0.001065,-0.001065,-11.074,1.906,133.293,-26.8738,12.8388,-5.0450,-1681.2599,546.9232,134.5196,0.0037872,-0.0262931,0.0383305,0.000000,0.000000,0.000000,0.00000,0.00000,0.000,0.000,0.000,0.000,0.000,-6.0000,0.0000,0.0000,6.0000,95.00,95.00,90.00,90.00,65535,65535,65535,1500,1,11,40.4365228,-86.8937415,160.400,-0.287,0.181,0.000
93483,20394,18260,15235,0,0,-0.40462,-1.98479,9.83778,-0.030893,-0.005326,-0.003196,-11.192,1.992,133.154,-26.8666,12.8358,-5.0347,-1682.1866,547.4413,134.2945,0.0038065,-0.0263425,0.0383403,0.000000,0.000000,0.000000,0.00000,0.00000,0.000,0.000,0.000,0.000,0.000,-6.0000,0.0000,0.0000,6.0000,95.00,95.00,90.00,90.00,65535,65535,65535,1500,1,11,40.4365220,-86.8937413,160.400,-0.326,0.206,0.000
