ms,control_dt_us,control_exec_us,esekf_us,missed,log_dropped,ax,ay,az,gx,gy,gz,roll_deg,pitch_deg,yaw_deg,vn,ve,vu,pn,pe,pu,bgx,bgy,bgz,bax,bay,baz,s_roll,s_pitch,u_diff_deg,u_sym_deg,u_tail_deg,left_inc_deg,right_inc_deg,b00,b01,b10,b11,left_deg,right_deg,morph_deg,tail_deg,left_pwm,right_pwm,morph_pwm,tail_pwm,gps_fix,gps_sats,gps_lat_deg,gps_lon_deg,gps_alt_m,gps_vn,gps_ve,gps_vd
32,12508,18702,14887,0,0,-0.23703,-1.46166,9.88326,-0.001065,-0.013848,-0.010653,-8.413,1.360,0.001,0.0000,0.0000,0.0023,0.0000,0.0000,0.0000,-0.0007138,-0.0147261,-0.0112576,0.000000,0.000000,0.000000,0.00000,0.00000,0.000,0.000,0.000,0.000,0.000,-6.0000,0.0000,0.0000,6.0000,95.00,95.00,90.00,90.00,65535,65535,65535,1500,1,0,40.4366417,-86.8937502,0.000,-0.827,0.166,0.000
88,31237,18214,15166,0,0,-0.24421,-1.46046,9.88326,-0.001065,-0.014914,-0.011718,-8.405,1.392,-0.005,-0.0001,0.0000,0.0130,-0.0000,0.0000,0.0005,-0.0007165,-0.0147391,-0.0112576,0.000000,0.000000,0.000000,0.00000,0.00000,0.000,0.000,0.000,0.000,0.000,-6.0000,0.0000,0.0000,6.0000,95.00,95.00,90.00,90.00,65535,65535,65535,1500,1,6,40.4366197,-86.8937268,178.300,-0.807,0.162,0.000
136,24004,17638,14634,0,0,-0.24181,-1.45927,9.88446,-0.001065,-0.014914,-0.010653,-8.405,1.389,-0.003,-0.0001,0.0000,0.0220,-0.0000,0.0000,0.0013,-0.0007203,-0.0147351,-0.0112576,0.000000,0.000000,0.000000,0.00000,0.00000,0.000,0.000,0.000,0.000,0.000,-6.0000,0.0000,0.0000,6.0000,95.00,95.00,90.00,90.00,65535,65535,65535,1500,1,6,40.4366197,-86.8937268,178.300,-0.807,0.162,0.000
198,19028,18055,15066,0,0,-0.23583,-1.46166,9.88566,-0.001065,-0.013848,-0.011718,-8.408,1.382,-0.003,-0.0001,0.0000,0.0336,-0.0000,0.0000,0.0030,-0.0007138,-0.0146901,-0.0112577,0.000000,0.000000,0.000000,0.00000,0.00000,0.000,0.000,0.000,0.000,0.000,-6.0000,0.0000,0.0000,6.0000,95.00,95.00,90.00,90.00,65535,65535,65535,1500,1,6,40.4366107,-86.8937162,178.300,-0.646,0.130,0.000
253,29655,18643,15295,0,0,-0.23224,-1.46405,9.88087,-0.001065,-0.014914,-0.011718,-8.410,1.373,-0.002,-0.0000,0.0000,0.0435,-0.0001,0.0000,0.0051,-0.0006997,-0.0146196,-0.0112577,0.000000,0.000000,0.000000,0.00000,0.00000,0.000,0.000,0.000,0.000,0.000,-6.0000,0.0000,0.0000,6.0000,95.00,95.00,90.00,90.00,65535,65535,65535,1500,1,6,40.4366107,-86.8937162,178.300,-0.646,0.130,0.000
284,25431,24903,21908,0,0,-0.23822,-1.45927,9.88087,0.000000,-0.014914,-0.010653,-8.408,1.372,-0.001,-0.0000,0.0000,0.0482,-0.0001,0.0000,0.0063,-0.0007089,-0.0146118,-0.0112577,0.000000,0.000000,0.000000,0.00000,0.00000,0.000,0.000,0.000,0.000,0.000,-6.0000,0.0000,0.0000,6.0000,95.00,95.00,90.00,90.00,65535,65535,65535,1500,1,7,40.4366042,-86.8937082,178.700,-0.646,0.130,0.000
335,30969,18195,15172,0,0,-0.24301,-1.45807,9.87608,-0.001065,-0.014914,-0.011718,-8.411,1.371,-0.002,-0.0001,0.0000,0.0585,-0.0001,0.0000,0.0093,-0.0006719,-0.0146158,-0.0112577,0.000000,0.000000,0.000000,0.00000,0.00000,0.000,0.000,0.000,0.000,0.000,-6.0000,0.0000,0.0000,6.0000,95.00,95.00,90.00,90.00,65535,65535,65535,1500,1,7,40.4366042,-86.8937082,178.700,-0.646,0.130,0.000
398,18939,17946,14984,0,0,-0.23703,-1.46166,9.88207,-0.001065,-0.014914,-0.010653,-8.412,1.377,-0.002,-0.0000,0.0000,0.0704,-0.0000,0.0000,0.0134,-0.0006676,-0.0147292,-0.0112576,0.000000,0.000000,0.000000,0.00000,0.00000,0.000,0.000,0.000,0.000,0.000,-6.0000,0.0000,0.0000,6.0000,95.00,95.00,90.00,90.00,65535,65535,65535,1500,1,7,40.4365968,-86.8936977,179.000,-0.091,1.185,0.000
447,25305,18215,15137,0,0,-0.24900,-1.46286,9.88326,-0.001065,-0.014914,-0.011718,-8.416,1.382,-0.004,-0.0001,0.0000,0.0796,0.0000,0.0000,0.0171,-0.0006144,-0.0148433,-0.0112576,0.000000,0.000000,0.000000,0.00000,0.00000,0.000,0.000,0.000,0.000,0.000,-6.0000,0.0000,0.0000,6.0000,95.00,95.00,90.00,90.00,65535,65535,65535,1500,1,7,40.4365927,-86.8936887,179.000,0.016,1.327,0.000
484,28274,26608,17026,0,0,-0.23463,-1.46046,9.87608,-0.001065,-0.014914,-0.011718,-8.417,1.379,-0.005,-0.0000,0.0000,0.0847,-0.0000,0.0000,0.0194,-0.0006239,-0.0147800,-0.0112576,0.000000,0.000000,0.000000,0.00000,0.00000,0.000,0.000,0.000,0.000,0.000,-6.0000,0.0000,0.0000,6.0000,95.00,95.00,90.00,90.00,65535,65535,65535,1500,1,7,40.4365927,-86.8936887,179.000,0.016,1.327,0.000
552,39845,21507,18479,0,0,-0.23104,-1.45448,9.88805,0.000000,-0.014914,-0.010653,-8.411,1.371,-0.001,0.0002,0.0002,0.0984,-0.0001,0.0000,0.0261,-0.0007416,-0.0146134,-0.0112577,0.000000,0.000000,0.000000,0.00000,0.00000,0.000,0.000,0.000,0.000,0.000,-6.0000,0.0000,0.0000,6.0000,95.00,95.00,90.00,90.00,65535,65535,65535,1500,1,7,40.4365880,-86.8936793,179.000,0.045,1.471,0.000
583,28201,24253,21251,0,0,-0.23343,-1.45927,9.87848,0.000000,-0.014914,-0.011718,-8.409,1.367,-0.001,0.0002,0.0002,0.1035,-0.0001,0.0000,0.0289,-0.0007548,-0.0145496,-0.0112577,0.000000,0.000000,0.000000,0.00000,0.00000,0.000,0.000,0.000,0.000,0.000,-6.0000,0.0000,0.0000,6.0000,95.00,95.00,90.00,90.00,65535,65535,65535,1500,1,7,40.4365880,-86.8936793,179.500,0.045,1.471,0.000
632,24881,18222,15181,0,0,-0.23463,-1.45807,9.87848,-0.001065,-0.014914,-0.011718,-8.405,1.365,-0.002,0.0002,0.0002,0.1138,-0.0001,-0.0000,0.0349,-0.0008265,-0.0145189,-0.0112577,0.000000,0.000000,0.000000,0.00000,0.00000,0.000,0.000,0.000,0.000,0.000,-6.0000,0.0000,0.0000,6.0000,95.00,95.00,90.00,90.00,65535,65535,65535,1500,1,7,40.4365880,-86.8936793,179.500,0.045,1.471,0.000
693,29901,24000,15229,0,0,-0.23463,-1.46166,9.87608,-0.001065,-0.014914,-0.011718,-8.404,1.362,-0.003,0.0002,0.0002,0.1240,-0.0001,-0.0000,0.0415,-0.0008651,-0.0144870,-0.0112577,0.000000,0.000000,0.000000,0.00000,0.00000,0.000,0.000,0.000,0.000,0.000,-6.0000,0.0000,0.0000,6.0000,95.00,95.00,90.00,90.00,65535,65535,65535,1500,1,7,40.4365805,-86.8936687,179.200,-0.026,1.312,0.000
743,26200,18194,15173,0,0,-0.23942,-1.46405,9.88446,-0.001065,-0.013848,-0.011718,-8.406,1.362,-0.003,0.0002,0.0002,0.1345,-0.0001,0.0000,0.0488,-0.0008327,-0.0144909,-0.0112577,0.000000,0.000000,0.000000,0.00000,0.00000,0.000,0.000,0.000,0.000,0.000,-6.0000,0.0000,0.0000,6.0000,95.00,95.00,90.00,90.00,65535,65535,65535,1500,1,7,40.4365745,-86.8936592,179.200,-0.160,1.307,0.000
788,19580,18151,15116,0,0,-0.23703,-1.46166,9.87848,-0.001065,-0.014914,-0.011718,-8.407,1.363,-0.003,0.0002,0.0002,0.1428,-0.0000,0.0000,0.0549,-0.0008175,-0.0145191,-0.0112577,0.000000,0.000000,0.000000,0.00000,0.00000,0.000,0.000,0.000,0.000,0.000,-6.0000,0.0000,0.0000,6.0000,95.00,95.00,90.00,90.00,65535,65535,65535,1500,1,7,40.4365745,-86.8936592,179.000,-0.160,1.307,0.000
837,25178,18200,15138,0,0,-0.24660,-1.46166,9.87967,-0.001065,-0.014914,-0.010653,-8.404,1.367,-0.003,0.0002,0.0002,0.1519,0.0000,0.0000,0.0622,-0.0008703,-0.0146346,-0.0112577,0.000000,0.000000,0.000000,0.00000,0.00000,0.000,0.000,0.000,0.000,0.000,-6.0000,0.0000,0.0000,6.0000,95.00,95.00,90.00,90.00,65535,65535,65535,1500,1,7,40.4365745,-86.8936592,179.000,-0.160,1.307,0.000
894,29909,20587,15138,0,0,-0.23583,-1.46525,9.88686,-0.001065,-0.014914,-0.011718,-8.411,1.366,-0.004,0.0002,0.0002,0.1623,0.0000,0.0001,0.0708,-0.0007458,-0.0146414,-0.0112577,0.000000,0.000000,0.000000,0.00000,0.00000,0.000,0.000,0.000,0.000,0.000,-6.0000,0.0000,0.0000,6.0000,95.00,95.00,90.00,90.00,65535,65535,65535,1500,1,7,40.4365690,-86.8936525,179.200,-0.255,1.066,0.000
945,31195,18220,15189,0,0,-0.24541,-1.45807,9.88207,0.000000,-0.014914,-0.011718,-8.407,1.365,-0.004,0.0001,0.0002,0.1720,0.0000,0.0001,0.0796,-0.0008063,-0.0146277,-0.0112577,0.000000,0.000000,0.000000,0.00000,0.00000,0.000,0.000,0.000,0.000,0.000,-6.0000,0.0000,0.0000,6.0000,95.00,95.00,90.00,90.00,65535,65535,65535,1500,1,7,40.4365648,-86.8936460,179.200,-0.310,0.812,0.000
989,19558,18137,15106,0,0,-0.23343,-1.47004,9.88326,0.000000,-0.014914,-0.011718,-8.410,1.361,-0.005,0.0001,0.0002,0.1803,0.0000,0.0001,0.0874,-0.0007209,-0.0145682,-0.0112577,0.000000,0.000000,0.000000,0.00000,0.00000,0.000,0.000,0.000,0.000,0.000,-6.0000,0.0000,0.0000,6.0000,95.00,95.00,90.00,90.00,65535,65535,65535,1500,1,7,40.4365648,-86.8936460,178.800,-0.310,0.812,0.000
1056,39838,21455,18461,0,0,-0.23703,-1.46046,9.88925,-0.001065,-0.014914,-0.010653,-8.410,1.359,-0.004,0.0001,0.0002,0.1923,0.0000,0.0001,0.0993,-0.0007495,-0.0145314,-0.0112577,0.000000,0.000000,0.000000,0.00000,0.00000,0.000,0.000,0.000,0.000,0.000,-6.0000,0.0000,0.0000,6.0000,95.00,95.00,90.00,90.00,65535,65535,65535,1500,1,7,40.4365653,-86.8936467,178.800,-0.180,0.471,0.000
1095,27567,33044,30067,0,0,-0.24181,-1.46166,9.88207,-0.001065,-0.014914,-0.010653,-8.411,1.361,-0.003,0.0001,0.0002,0.1975,0.0000,0.0001,0.1047,-0.0007449,-0.0145749,-0.0112577,0.000000,0.000000,0.000000,0.00000,0.00000,0.000,0.000,0.000,0.000,0.000,-6.0000,0.0000,0.0000,6.0000,95.00,95.00,90.00,90.00,65535,65535,65535,1500,1,7,40.4365653,-86.8936467,178.800,-0.180,0.471,0.000
1142,42994,36946,28157,0,0,-0.24541,-1.45208,9.88805,-0.001065,-0.014914,-0.011718,-8.407,1.364,-0.005,-0.0000,0.0004,0.2057,0.0000,0.0001,0.1134,-0.0008346,-0.0146477,-0.0112577,0.000000,0.000000,0.000000,0.00000,0.00000,0.000,0.000,0.000,0.000,0.000,-6.0000,0.0000,0.0000,6.0000,95.00,95.00,90.00,90.00,65535,65535,65535,1500,1,7,40.4365653,-86.8936467,178.800,-0.180,0.471,0.000
1188,24997,18221,15170,0,0,-0.23583,-1.45927,9.88326,0.000000,-0.014914,-0.011718,-8.402,1.365,-0.007,-0.0001,0.0005,0.2176,0.0000,0.0001,0.1271,-0.0009115,-0.0146391,-0.0112577,0.000000,0.000000,0.000000,0.00000,0.00000,0.000,0.000,0.000,0.000,0.000,-6.0000,0.0000,0.0000,6.0000,95.00,95.00,90.00,90.00,65535,65535,65535,1500,1,7,40.4365650,-86.8936437,179.000,-0.117,0.308,0.000
1238,25807,18195,15158,0,0,-0.24780,-1.45328,9.87967,0.000000,-0.014914,-0.011718,-8.400,1.371,-0.009,-0.0001,0.0005,0.2270,0.0001,0.0001,0.1382,-0.0008975,-0.0147571,-0.0112577,0.000000,0.000000,0.000000,0.00000,0.00000,0.000,0.000,0.000,0.000,0.000,-6.0000,0.0000,0.0000,6.0000,95.00,95.00,90.00,90.00,65535,65535,65535,1500,1,7,40.4365650,-86.8936437,179.000,-0.117,0.308,0.000
1289,25864,18180,15180,0,0,-0.23343,-1.46166,9.88446,-0.001065,-0.014914,-0.011718,-8.402,1.368,-0.008,-0.0000,0.0005,0.2366,0.0001,0.0002,0.1500,-0.0008709,-0.0147170,-0.0112577,0.000000,0.000000,0.000000,0.00000,0.00000,0.000,0.000,0.000,0.000,0.000,-6.0000,0.0000,0.0000,6.0000,95.00,95.00,90.00,90.00,65535,65535,65535,1500,1,7,40.4365637,-86.8936388,179.400,-0.117,0.308,0.000
1345,30004,19944,15299,0,0,-0.24181,-1.45807,9.87967,-0.001065,-0.014914,-0.011718,-8.402,1.371,-0.010,-0.0001,0.0005,0.2464,0.0001,0.0002,0.1631,-0.0008847,-0.0147534,-0.0112577,0.000000,0.000000,0.000000,0.00000,0.00000,0.000,0.000,0.000,0.000,0.000,-6.0000,0.0000,0.0000,6.0000,95.00,95.00,90.00,90.00,65535,65535,65535,1500,1,7,40.4365628,-86.8936342,179.400,-0.273,0.765,0.000
1390,19613,18121,15131,0,0,-0.23583,-1.46046,9.88087,-0.001065,-0.014914,-0.011718,-8.403,1.369,-0.011,-0.0001,0.0005,0.2551,0.0001,0.0002,0.1747,-0.0008697,-0.0147271,-0.0112577,0.000000,0.000000,0.000000,0.00000,0.00000,0.000,0.000,0.000,0.000,0.000,-6.0000,0.0000,0.0000,6.0000,95.00,95.00,90.00,90.00,65535,65535,65535,1500,1,7,40.4365628,-86.8936342,179.800,-0.273,0.765,0.000
1440,25807,18219,15148,0,0,-0.24780,-1.45927,9.88446,-0.001065,-0.014914,-0.011718,-8.402,1.370,-0.012,-0.0001,0.0005,0.2643,0.0001,0.0002,0.1876,-0.0008966,-0.0147549,-0.0112577,0.000000,0.000000,0.000000,0.00000,0.00000,0.000,0.000,0.000,0.000,0.000,-6.0000,0.0000,0.0000,6.0000,95.00,95.00,90.00,90.00,65535,65535,65535,1500,1,7,40.4365613,-86.8936317,179.800,-0.384,0.943,0.000
1490,25873,18163,15135,0,0,-0.24062,-1.45448,9.88326,-0.001065,-0.014914,-0.011718,-8.400,1.369,-0.014,-0.0001,0.0005,0.2738,0.0001,0.0002,0.2013,-0.0009259,-0.0147489,-0.0112577,0.000000,0.000000,0.000000,0.00000,0.00000,0.000,0.000,0.000,0.000,0.000,-6.0000,0.0000,0.0000,6.0000,95.00,95.00,90.00,90.00,65535,65535,65535,1500,1,7,40.4365613,-86.8936317,180.300,-0.384,0.943,0.000
1561,48676,21482,15386,0,0,-0.23343,-1.47004,9.87488,-0.001065,-0.014914,-0.011718,-8.405,1.368,-0.015,0.0001,0.0003,0.2860,0.0001,0.0003,0.2203,-0.0008608,-0.0147499,-0.0112577,0.000000,0.000000,0.000000,0.00000,0.00000,0.000,0.000,0.000,0.000,0.000,-6.0000,0.0000,0.0000,6.0000,95.00,95.00,90.00,90.00,65535,65535,65535,1500,1,7,40.4365610,-86.8936313,180.300,-0.353,0.928,0.000
1592,22584,24273,21265,0,0,-0.23703,-1.45807,9.87728,-0.001065,-0.014914,-0.010653,-8.404,1.367,-0.014,0.0001,0.0002,0.2901,0.0001,0.0003,0.2268,-0.0008684,-0.0147421,-0.0112577,0.000000,0.000000,0.000000,0.00000,0.00000,0.000,0.000,0.000,0.000,0.000,-6.0000,0.0000,0.0000,6.0000,95.00,95.00,90.00,90.00,65535,65535,65535,1500,1,7,40.4365610,-86.8936313,180.300,-0.353,0.928,0.000
1642,31120,18179,15145,0,0,-0.24062,-1.45208,9.88805,-0.001065,-0.013848,-0.010653,-8.402,1.369,-0.014,0.0001,0.0003,0.3015,0.0001,0.0003,0.2449,-0.0009060,-0.0147459,-0.0112577,0.000000,0.000000,0.000000,0.00000,0.00000,0.000,0.000,0.000,0.000,0.000,-6.0000,0.0000,0.0000,6.0000,95.00,95.00,90.00,90.00,65535,65535,65535,1500,1,7,40.4365615,-86.8936302,180.300,-0.237,1.006,0.000
1693,25870,17955,14949,0,0,-0.24062,-1.45927,9.88566,-0.001065,-0.014914,-0.011718,-8.404,1.372,-0.016,0.0001,0.0003,0.3111,0.0001,0.0003,0.2605,-0.0008829,-0.0147809,-0.0112577,0.000000,0.000000,0.000000,0.00000,0.00000,0.000,0.000,0.000,0.000,0.000,-6.0000,0.0000,0.0000,6.0000,95.00,95.00,90.00,90.00,65535,65535,65535,1500,1,7,40.4365615,-86.8936302,181.200,-0.237,1.006,0.000
1742,30997,18136,15133,0,0,-0.24062,-1.46046,9.88446,-0.001065,-0.014914,-0.011718,-8.409,1.373,-0.018,0.0001,0.0004,0.3205,0.0001,0.0004,0.2762,-0.0008385,-0.0147978,-0.0112577,0.000000,0.000000,0.000000,0.00000,0.00000,0.000,0.000,0.000,0.000,0.000,-6.0000,0.0000,0.0000,6.0000,95.00,95.00,90.00,90.00,65535,65535,65535,1500,1,7,40.4365612,-86.8936292,181.200,-0.155,0.939,0.000
1795,24977,17701,14730,0,0,-0.23583,-1.45807,9.88566,-0.001065,-0.014914,-0.011718,-8.409,1.371,-0.019,0.0001,0.0003,0.3308,0.0001,0.0004,0.2935,-0.0008411,-0.0147743,-0.0112577,0.000000,0.000000,0.000000,0.00000,0.00000,0.000,0.000,0.000,0.000,0.000,-6.0000,0.0000,0.0000,6.0000,95.00,95.00,90.00,90.00,65535,65535,65535,1500,1,7,40.4365612,-86.8936292,181.200,-0.155,0.939,0.000
1845,26304,18164,15133,0,0,-0.23703,-1.44849,9.87967,0.000000,-0.014914,-0.011718,-8.403,1.370,-0.020,0.0001,0.0004,0.3399,0.0001,0.0004,0.3101,-0.0009065,-0.0147557,-0.0112577,0.000000,0.000000,0.000000,0.00000,0.00000,0.000,0.000,0.000,0.000,0.000,-6.0000,0.0000,0.0000,6.0000,95.00,95.00,90.00,90.00,65535,65535,65535,1500,1,7,40.4365625,-86.8936303,181.200,-0.102,0.915,0.000
1896,25869,17925,14898,0,0,-0.24541,-1.46405,9.88805,-0.001065,-0.014914,-0.011718,-8.400,1.370,-0.021,0.0001,0.0004,0.3493,0.0001,0.0004,0.3276,-0.0009285,-0.0147667,-0.0112577,0.000000,0.000000,0.000000,0.00000,0.00000,0.000,0.000,0.000,0.000,0.000,-6.0000,0.0000,0.0000,6.0000,95.00,95.00,90.00,90.00,65535,65535,65535,1500,1,7,40.4365625,-86.8936303,182.700,-0.102,0.915,0.000
1945,30856,18187,15173,0,0,-0.23703,-1.45807,9.87728,-0.001065,-0.014914,-0.011718,-8.403,1.368,-0.022,0.0000,0.0004,0.3584,0.0001,0.0004,0.3451,-0.0009000,-0.0147474,-0.0112577,0.000000,0.000000,0.000000,0.00000,0.00000,0.000,0.000,0.000,0.000,0.000,-6.0000,0.0000,0.0000,6.0000,95.00,95.00,90.00,90.00,65535,65535,65535,1500,1,7,40.4365693,-86.8936450,182.700,-0.024,0.905,0.000
1997,22600,17863,14874,0,0,-0.24780,-1.45927,9.88087,-0.001065,-0.014914,-0.011718,-8.404,1.371,-0.024,0.0001,0.0004,0.3679,0.0001,0.0004,0.3638,-0.0008885,-0.0147838,-0.0112577,0.000000,0.000000,0.000000,0.00000,0.00000,0.000,0.000,0.000,0.000,0.000,-6.0000,0.0000,0.0000,6.0000,95.00,95.00,90.00,90.00,65535,65535,65535,1500,1,7,40.4365693,-86.8936450,182.600,-0.024,0.905,0.000
2036,18539,38285,30326,0,0,-0.24062,-1.46166,9.87728,-0.001065,-0.014914,-0.011718,-8.405,1.371,-0.025,0.0001,0.0004,0.3713,0.0001,0.0004,0.3707,-0.0008797,-0.0147905,-0.0112577,0.000000,0.000000,0.000000,0.00000,0.00000,0.000,0.000,0.000,0.000,0.000,-6.0000,0.0000,0.0000,6.0000,95.00,95.00,90.00,90.00,65535,65535,65535,1500,1,7,40.4365693,-86.8936450,182.600,-0.024,0.905,0.000
2102,34537,29939,21900,0,0,-0.23343,-1.46166,9.88805,-0.001065,-0.014914,-0.011718,-8.408,1.369,-0.026,0.0001,0.0003,0.3855,0.0001,0.0005,0.3988,-0.0008622,-0.0147785,-0.0112577,0.000000,0.000000,0.000000,0.00000,0.00000,0.000,0.000,0.000,0.000,0.000,-6.0000,0.0000,0.0000,6.0000,95.00,95.00,90.00,90.00,65535,65535,65535,1500,1,7,40.4365740,-86.8936555,182.600,-0.021,0.787,0.000
2141,30814,37966,29948,0,0,-0.23224,-1.45328,9.87967,-0.001065,-0.014914,-0.011718,-8.406,1.366,-0.027,0.0001,0.0004,0.3911,0.0001,0.0005,0.4108,-0.0008886,-0.0147545,-0.0112577,0.000000,0.000000,0.000000,0.00000,0.00000,0.000,0.000,0.000,0.000,0.000,-6.0000,0.0000,0.0000,6.0000,95.00,95.00,90.00,90.00,65535,65535,65535,1500,1,7,40.4365740,-86.8936555,182.600,-0.021,0.787,0.000
2198,36985,19954,15266,0,0,-0.23583,-1.45687,9.88207,0.000000,-0.014914,-0.011718,-8.403,1.365,-0.029,0.0001,0.0004,0.4049,0.0001,0.0005,0.4408,-0.0009019,-0.0147550,-0.0112577,0.000000,0.000000,0.000000,0.00000,0.00000,0.000,0.000,0.000,0.000,0.000,-6.0000,0.0000,0.0000,6.0000,95.00,95.00,90.00,90.00,65535,65535,65535,1500,1,8,40.4365808,-86.8936647,182.000,-0.027,0.843,0.000
2248,25745,18179,15156,0,0,-0.24181,-1.45328,9.89045,-0.001065,-0.014914,-0.011718,-8.402,1.365,-0.028,0.0001,0.0004,0.4148,0.0001,0.0005,0.4621,-0.0009148,-0.0147520,-0.0112577,0.000000,0.000000,0.000000,0.00000,0.00000,0.000,0.000,0.000,0.000,0.000,-6.0000,0.0000,0.0000,6.0000,95.00,95.00,90.00,90.00,65535,65535,65535,1500,1,8,40.4365808,-86.8936647,182.000,-0.027,0.843,0.000
2299,25870,18153,15135,0,0,-0.24062,-1.46166,9.87967,-0.001065,-0.014914,-0.011718,-8.402,1.365,-0.030,0.0001,0.0004,0.4242,0.0001,0.0005,0.4834,-0.0009207,-0.0147586,-0.0112577,0.000000,0.000000,0.000000,0.00000,0.00000,0.000,0.000,0.000,0.000,0.000,-6.0000,0.0000,0.0000,6.0000,95.00,95.00,90.00,90.00,65535,65535,65535,1500,1,8,40.4365852,-86.8936720,181.100,-0.027,0.843,0.000
2349,25782,18185,15163,0,0,-0.23942,-1.45089,9.88326,0.000000,-0.014914,-0.010653,-8.397,1.368,-0.030,0.0001,0.0004,0.4334,0.0001,0.0005,0.5049,-0.0009509,-0.0147781,-0.0112577,0.000000,0.000000,0.000000,0.00000,0.00000,0.000,0.000,0.000,0.000,0.000,-6.0000,0.0000,0.0000,6.0000,95.00,95.00,90.00,90.00,65535,65535,65535,1500,1,8,40.4365898,-86.8936787,181.100,-0.022,0.689,0.000
2399,23752,19954,14950,0,0,-0.23343,-1.45927,9.88686,-0.001065,-0.014914,-0.011718,-8.399,1.366,-0.031,0.0001,0.0004,0.4424,0.0001,0.0006,0.5260,-0.0009390,-0.0147650,-0.0112577,0.000000,0.000000,0.000000,0.00000,0.00000,0.000,0.000,0.000,0.000,0.000,-6.0000,0.0000,0.0000,6.0000,95.00,95.00,90.00,90.00,65535,65535,65535,1500,1,8,40.4365898,-86.8936787,181.100,-0.022,0.689,0.000
2449,26285,18166,15168,0,0,-0.23703,-1.45927,9.88087,-0.001065,-0.013848,-0.011718,-8.400,1.365,-0.031,0.0001,0.0004,0.4521,0.0001,0.0006,0.5492,-0.0009321,-0.0147506,-0.0112577,0.000000,0.000000,0.000000,0.00000,0.00000,0.000,0.000,0.000,0.000,0.000,-6.0000,0.0000,0.0000,6.0000,95.00,95.00,90.00,90.00,65535,65535,65535,1500,1,8,40.4365932,-86.8936852,181.100,-0.019,0.607,0.000
2499,25868,17854,14815,0,0,-0.23343,-1.44849,9.88446,-0.001065,-0.014914,-0.010653,-8.394,1.364,-0.030,0.0001,0.0004,0.4614,0.0001,0.0006,0.5722,-0.0009688,-0.0147445,-0.0112577,0.000000,0.000000,0.000000,0.00000,0.00000,0.000,0.000,0.000,0.000,0.000,-6.0000,0.0000,0.0000,6.0000,95.00,95.00,90.00,90.00,65535,65535,65535,1500,1,8,40.4365932,-86.8936852,181.100,-0.019,0.607,0.000
2538,23458,33280,30268,0,0,-0.24541,-1.45328,9.88446,-0.001065,-0.014914,-0.011718,-8.393,1.366,-0.031,0.0001,0.0004,0.4658,0.0001,0.0006,0.5830,-0.0009838,-0.0147659,-0.0112577,0.000000,0.000000,0.000000,0.00000,0.00000,0.000,0.000,0.000,0.000,0.000,-6.0000,0.0000,0.0000,6.0000,95.00,95.00,90.00,90.00,65535,65535,65535,1500,1,8,40.4365932,-86.8936852,181.100,-0.019,0.607,0.000
2601,36757,19139,14922,0,0,-0.23583,-1.46405,9.87848,-0.002131,-0.014914,-0.010653,-8.396,1.366,-0.031,0.0002,0.0003,0.4799,0.0002,0.0006,0.6193,-0.0009548,-0.0147473,-0.0112577,0.000000,0.000000,0.000000,0.00000,0.00000,0.000,0.000,0.000,0.000,0.000,-6.0000,0.0000,0.0000,6.0000,95.00,95.00,90.00,90.00,65535,65535,65535,1500,1,8,40.4365940,-86.8936903,181.100,-0.018,0.566,0.000
2651,31581,18180,15157,0,0,-0.23703,-1.45448,9.88446,0.000000,-0.013848,-0.010653,-8.392,1.369,-0.031,0.0003,0.0003,0.4895,0.0002,0.0006,0.6442,-0.0009802,-0.0147560,-0.0112576,0.000000,0.000000,0.000000,0.00000,0.00000,0.000,0.000,0.000,0.000,0.000,-6.0000,0.0000,0.0000,6.0000,95.00,95.00,90.00,90.00,65535,65535,65535,1500,1,8,40.4365950,-86.8936937,181.100,-0.017,0.550,0.000
2682,24382,24907,21914,0,0,-0.24062,-1.46765,9.88686,0.271642,-0.014914,-0.011718,-8.037,1.369,-0.030,0.0003,0.0004,0.4942,0.0002,0.0007,0.6562,-0.0007767,-0.0147610,-0.0112600,0.000000,0.000000,0.000000,0.00000,0.00000,0.000,0.000,0.000,0.000,0.000,-6.0000,0.0000,0.0000,6.0000,95.00,95.00,90.00,90.00,65535,65535,65535,1500,1,8,40.4365950,-86.8936937,181.100,-0.017,0.550,0.000
2750,19668,18122,15115,0,0,-0.24301,-1.45567,9.88686,-0.001065,-0.014914,-0.011718,-8.098,1.370,-0.029,0.0005,0.0004,0.5081,0.0004,0.0008,0.6939,-0.0003232,-0.0147702,-0.0112636,0.000000,0.000000,0.000000,0.00000,0.00000,0.000,0.000,0.000,0.000,0.000,-6.0000,0.0000,0.0000,6.0000,95.00,95.00,90.00,90.00,65535,65535,65535,1500,1,8,40.4365968,-86.8936975,177.900,-0.016,0.519,0.000
2794,24609,17878,14881,0,0,-0.23822,-1.46645,9.88326,-0.001065,-0.014914,-0.011718,-8.137,1.369,-0.028,0.0005,0.0008,0.5164,0.0004,0.0009,0.7163,-0.0000542,-0.0147696,-0.0112638,0.000000,0.000000,0.000000,0.00000,0.00000,0.000,0.000,0.000,0.000,0.000,-6.0000,0.0000,0.0000,6.0000,95.00,95.00,90.00,90.00,65535,65535,65535,1500,1,8,40.4365968,-86.8936975,177.900,-0.016,0.519,0.000
2848,26101,18144,15123,0,0,-0.23343,-1.45328,9.88326,-0.001065,-0.014914,-0.011718,-8.169,1.370,-0.030,0.0005,0.0006,0.5264,0.0005,0.0010,0.7441,0.0001563,-0.0147651,-0.0112634,0.000000,0.000000,0.000000,0.00000,0.00000,0.000,0.000,0.000,0.000,0.000,-6.0000,0.0000,0.0000,6.0000,95.00,95.00,90.00,90.00,65535,65535,65535,1500,1,8,40.4365990,-86.8936995,177.900,-0.023,0.715,0.000
2898,26041,17810,14822,0,0,-0.23583,-1.45927,9.87967,-0.001065,-0.014914,-0.010653,-8.200,1.368,-0.029,0.0004,0.0006,0.5357,0.0004,0.0011,0.7709,0.0003451,-0.0147515,-0.0112606,0.000000,0.000000,0.000000,0.00000,0.00000,0.000,0.000,0.000,0.000,0.000,-6.0000,0.0000,0.0000,6.0000,95.00,95.00,90.00,90.00,65535,65535,65535,1500,1,8,40.4365990,-86.8936995,177.900,-0.023,0.715,0.000
2947,30274,18150,15144,0,0,-0.24062,-1.46046,9.87848,-0.001065,-0.014914,-0.011718,-8.224,1.369,-0.029,0.0005,0.0006,0.5446,0.0005,0.0011,0.7972,0.0004938,-0.0147614,-0.0112629,0.000000,0.000000,0.000000,0.00000,0.00000,0.000,0.000,0.000,0.000,0.000,-6.0000,0.0000,0.0000,6.0000,95.00,95.00,90.00,90.00,65535,65535,65535,1500,1,8,40.4365993,-86.8937003,177.900,-0.146,0.821,0.000
2991,19686,18106,15095,0,0,-0.24301,-1.46046,9.88087,-0.001065,-0.014914,-0.011718,-8.248,1.370,-0.028,0.0006,0.0007,0.5528,0.0006,0.0012,0.8214,0.0006281,-0.0147752,-0.0112654,0.000000,0.000000,0.000000,0.00000,0.00000,0.000,0.000,0.000,0.000,0.000,-6.0000,0.0000,0.0000,6.0000,95.00,95.00,90.00,90.00,65535,65535,65535,1500,1,8,40.4365993,-86.8937003,177.900,-0.146,0.821,0.000
3063,43860,22466,15364,0,0,-0.23822,-1.45807,9.87728,0.000000,-0.014914,-0.011718,-8.265,1.369,-0.030,0.0006,0.0003,0.5652,0.0007,0.0012,0.8594,0.0007246,-0.0147726,-0.0112650,0.000000,0.000000,0.000000,0.00000,0.00000,0.000,0.000,0.000,0.000,0.000,-6.0000,0.0000,0.0000,6.0000,95.00,95.00,90.00,90.00,65535,65535,65535,1500,1,8,40.4365993,-86.8937002,177.900,-0.153,0.877,0.000
3099,28773,29549,26565,0,0,-0.23343,-1.46166,9.88925,-0.001065,-0.014914,-0.011718,-8.276,1.367,-0.031,0.0006,0.0002,0.5708,0.0006,0.0012,0.8757,0.0007774,-0.0147608,-0.0112635,0.000000,0.000000,0.000000,0.00000,0.00000,0.000,0.000,0.000,0.000,0.000,-6.0000,0.0000,0.0000,6.0000,95.00,95.00,90.00,90.00,65535,65535,65535,1500,1,8,40.4365993,-86.8937002,177.900,-0.153,0.877,0.000
3141,17844,18032,15034,0,0,-0.23822,-1.45328,9.87728,-0.001065,-0.013848,-0.010653,-8.296,1.369,-0.031,0.0005,0.0000,0.5806,0.0007,0.0012,0.9064,0.0008721,-0.0147676,-0.0112642,0.000000,0.000000,0.000000,0.00000,0.00000,0.000,0.000,0.000,0.000,0.000,-6.0000,0.0000,0.0000,6.0000,95.00,95.00,90.00,90.00,65535,65535,65535,1500,1,8,40.4365993,-86.8937002,177.900,-0.153,0.877,0.000
3194,28483,18190,15143,0,0,-0.23463,-1.45687,9.88566,-0.001065,-0.014914,-0.011718,-8.310,1.365,-0.033,0.0005,-0.0000,0.5905,0.0007,0.0013,0.9375,0.0009226,-0.0147517,-0.0112629,0.000000,0.000000,0.000000,0.00000,0.00000,0.000,0.000,0.000,0.000,0.000,-6.0000,0.0000,0.0000,6.0000,95.00,95.00,90.00,90.00,65535,65535,65535,1500,1,9,40.4365990,-86.8937000,175.800,-0.120,0.856,0.000
3233,24343,33300,30323,0,0,-0.23463,-1.45807,9.88326,0.000000,-0.014914,-0.011718,-8.316,1.364,-0.033,0.0005,0.0000,0.5950,0.0007,0.0013,0.9519,0.0009512,-0.0147447,-0.0112624,0.000000,0.000000,0.000000,0.00000,0.00000,0.000,0.000,0.000,0.000,0.000,-6.0000,0.0000,0.0000,6.0000,95.00,95.00,90.00,90.00,65535,65535,65535,1500,1,9,40.4365990,-86.8937000,175.800,-0.120,0.856,0.000
3296,34114,18226,15180,0,0,-0.25259,-1.45448,9.87967,-0.001065,-0.013848,-0.011718,-8.332,1.373,-0.033,0.0003,-0.0003,0.6094,0.0008,0.0012,0.9986,0.0009954,-0.0147917,-0.0112645,0.000000,0.000000,0.000000,0.00000,0.00000,0.000,0.000,0.000,0.000,0.000,-6.0000,0.0000,0.0000,6.0000,95.00,95.00,90.00,90.00,65535,65535,65535,1500,1,9,40.4365990,-86.8937000,175.800,-0.120,0.856,0.000
3340,19810,18094,15098,0,0,-0.23224,-1.46166,9.87848,0.000000,-0.014914,-0.011718,-8.341,1.371,-0.034,0.0003,-0.0002,0.6175,0.0008,0.0012,1.0257,0.0010242,-0.0147746,-0.0112641,0.000000,0.000000,0.000000,0.00000,0.00000,0.000,0.000,0.000,0.000,0.000,-6.0000,0.0000,0.0000,6.0000,95.00,95.00,90.00,90.00,65535,65535,65535,1500,1,9,40.4365980,-86.8936997,175.800,-0.068,0.722,0.000
3390,25623,18157,15148,0,0,-0.24062,-1.45927,9.87967,-0.001065,-0.014914,-0.011718,-8.352,1.371,-0.035,0.0003,-0.0002,0.6267,0.0008,0.0012,1.0571,0.0010545,-0.0147741,-0.0112642,0.000000,0.000000,0.000000,0.00000,0.00000,0.000,0.000,0.000,0.000,0.000,-6.0000,0.0000,0.0000,6.0000,95.00,95.00,90.00,90.00,65535,65535,65535,1500,1,8,40.4365980,-86.8936997,175.100,-0.068,0.722,0.000
3441,30960,18189,15163,0,0,-0.24660,-1.46884,9.88087,-0.001065,-0.014914,-0.010653,-8.368,1.372,-0.035,0.0002,-0.0002,0.6360,0.0008,0.0012,1.0887,0.0011087,-0.0147849,-0.0112641,0.000000,0.000000,0.000000,0.00000,0.00000,0.000,0.000,0.000,0.000,0.000,-6.0000,0.0000,0.0000,6.0000,95.00,95.00,90.00,90.00,65535,65535,65535,1500,1,8,40.4365965,-86.8936982,175.100,-0.136,0.702,0.000
3495,26238,18057,15069,0,0,-0.23224,-1.46525,9.88925,0.000000,-0.014914,-0.011718,-8.380,1.369,-0.036,0.0002,-0.0003,0.6464,0.0008,0.0012,1.1239,0.0011477,-0.0147680,-0.0112646,0.000000,0.000000,0.000000,0.00000,0.00000,0.000,0.000,0.000,0.000,0.000,-6.0000,0.0000,0.0000,6.0000,95.00,95.00,90.00,90.00,65535,65535,65535,1500,1,8,40.4365965,-86.8936982,174.800,-0.136,0.702,0.000
3534,23868,33294,30284,0,0,-0.23822,-1.45448,9.88207,-0.001065,-0.014914,-0.010653,-8.382,1.369,-0.035,0.0002,-0.0003,0.6508,0.0009,0.0012,1.1394,0.0011445,-0.0147672,-0.0112646,0.000000,0.000000,0.000000,0.00000,0.00000,0.000,0.000,0.000,0.000,0.000,-6.0000,0.0000,0.0000,6.0000,95.00,95.00,90.00,90.00,65535,65535,65535,1500,1,8,40.4365965,-86.8936982,174.800,-0.136,0.702,0.000
3592,36440,18329,15298,0,0,-0.24301,-1.45927,9.87967,-0.001065,-0.014914,-0.011718,-8.392,1.369,-0.037,0.0002,-0.0003,0.6640,0.0009,0.0012,1.1871,0.0011445,-0.0147731,-0.0112643,0.000000,0.000000,0.000000,0.00000,0.00000,0.000,0.000,0.000,0.000,0.000,-6.0000,0.0000,0.0000,6.0000,95.00,95.00,90.00,90.00,65535,65535,65535,1500,1,8,40.4365952,-86.8936963,174.800,-0.161,0.670,0.000
3642,26004,18148,15147,0,0,-0.23583,-1.45807,9.88925,0.000000,-0.014914,-0.011718,-8.394,1.366,-0.037,0.0002,-0.0003,0.6735,0.0009,0.0011,1.2208,0.0011335,-0.0147613,-0.0112651,0.000000,0.000000,0.000000,0.00000,0.00000,0.000,0.000,0.000,0.000,0.000,-6.0000,0.0000,0.0000,6.0000,95.00,95.00,90.00,90.00,65535,65535,65535,1500,1,8,40.4365947,-86.8936953,174.800,-0.146,0.605,0.000
3697,20779,17978,14969,0,0,-0.23822,-1.45927,9.88805,0.000000,-0.013848,-0.011718,-8.395,1.369,-0.038,0.0001,-0.0002,0.6836,0.0009,0.0011,1.2580,0.0011184,-0.0147751,-0.0112641,0.000000,0.000000,0.000000,0.00000,0.00000,0.000,0.000,0.000,0.000,0.000,-6.0000,0.0000,0.0000,6.0000,95.00,95.00,90.00,90.00,65535,65535,65535,1500,1,8,40.4365947,-86.8936953,174.300,-0.146,0.605,0.000
3740,19692,18119,15109,0,0,-0.23463,-1.45807,9.87488,-0.001065,-0.014914,-0.011718,-8.401,1.367,-0.038,0.0001,-0.0002,0.6915,0.0009,0.0011,1.2878,0.0011226,-0.0147640,-0.0112650,0.000000,0.000000,0.000000,0.00000,0.00000,0.000,0.000,0.000,0.000,0.000,-6.0000,0.0000,0.0000,6.0000,95.00,95.00,90.00,90.00,65535,65535,65535,1500,1,8,40.4365940,-86.8936953,174.300,-0.114,0.475,0.000
3791,25870,18128,15097,0,0,-0.23703,-1.45687,9.87967,0.000000,-0.014914,-0.011718,-8.401,1.366,-0.039,0.0001,-0.0002,0.7007,0.0009,0.0011,1.3231,0.0011038,-0.0147623,-0.0112652,0.000000,0.000000,0.000000,0.00000,0.00000,0.000,0.000,0.000,0.000,0.000,-6.0000,0.0000,0.0000,6.0000,95.00,95.00,90.00,90.00,65535,65535,65535,1500,1,8,40.4365940,-86.8936953,174.100,-0.114,0.475,0.000
3841,25769,18153,15143,0,0,-0.24181,-1.44370,9.87967,-0.001065,-0.014914,-0.010653,-8.402,1.367,-0.039,0.0001,-0.0002,0.7098,0.0009,0.0011,1.3582,0.0010765,-0.0147721,-0.0112642,0.000000,0.000000,0.000000,0.00000,0.00000,0.000,0.000,0.000,0.000,0.000,-6.0000,0.0000,0.0000,6.0000,95.00,95.00,90.00,90.00,65535,65535,65535,1500,1,8,40.4365940,-86.8936942,174.100,-0.108,0.450,0.000
3895,29572,18117,15191,0,0,-0.23343,-1.45927,9.88326,-0.001065,-0.014914,-0.010653,-8.404,1.365,-0.037,0.0001,-0.0002,0.7201,0.0009,0.0011,1.3972,0.0010546,-0.0147699,-0.0112647,0.000000,0.000000,0.000000,0.00000,0.00000,0.000,0.000,0.000,0.000,0.000,-6.0000,0.0000,0.0000,6.0000,95.00,95.00,90.00,90.00,65535,65535,65535,1500,1,8,40.4365940,-86.8936942,174.000,-0.108,0.450,0.000
3939,24390,18128,15125,0,0,-0.23583,-1.45208,9.88686,-0.001065,-0.014914,-0.011718,-8.406,1.366,-0.039,0.0001,-0.0002,0.7283,0.0009,0.0011,1.4285,0.0010409,-0.0147773,-0.0112639,0.000000,0.000000,0.000000,0.00000,0.00000,0.000,0.000,0.000,0.000,0.000,-6.0000,0.0000,0.0000,6.0000,95.00,95.00,90.00,90.00,65535,65535,65535,1500,1,8,40.4365943,-86.8936943,174.000,-0.081,0.335,0.000
3989,25961,18142,15135,0,0,-0.24301,-1.45807,9.88087,-0.001065,-0.014914,-0.011718,-8.411,1.367,-0.039,0.0001,-0.0002,0.7378,0.0008,0.0011,1.4658,0.0010365,-0.0147861,-0.0112626,0.000000,0.000000,0.000000,0.00000,0.00000,0.000,0.000,0.000,0.000,0.000,-6.0000,0.0000,0.0000,6.0000,95.00,95.00,90.00,90.00,65535,65535,65535,1500,1,8,40.4365943,-86.8936943,173.900,-0.081,0.335,0.000
4057,39765,26653,18590,0,0,-0.23224,-1.45807,9.88207,0.000000,-0.014914,-0.011718,-8.413,1.366,-0.040,0.0002,-0.0002,0.7486,0.0009,0.0011,1.5095,0.0010233,-0.0147763,-0.0112641,0.000000,0.000000,0.000000,0.00000,0.00000,0.000,0.000,0.000,0.000,0.000,-6.0000,0.0000,0.0000,6.0000,95.00,95.00,90.00,90.00,65535,65535,65535,1500,1,8,40.4365947,-86.8936938,173.900,-0.108,0.450,0.000
4094,32937,30407,27404,0,0,-0.23583,-1.46046,9.87249,-0.001065,-0.013848,-0.010653,-8.417,1.367,-0.039,0.0003,-0.0002,0.7544,0.0009,0.0011,1.5343,0.0010228,-0.0147726,-0.0112647,0.000000,0.000000,0.000000,0.00000,0.00000,0.000,0.000,0.000,0.000,0.000,-6.0000,0.0000,0.0000,6.0000,95.00,95.00,90.00,90.00,65535,65535,65535,1500,1,8,40.4365947,-86.8936938,173.900,-0.108,0.450,0.000
4142,21119,17815,14852,0,0,-0.24181,-1.45089,9.88686,0.000000,-0.014914,-0.010653,-8.416,1.370,-0.037,0.0002,-0.0001,0.7658,0.0009,0.0011,1.5807,0.0009912,-0.0147778,-0.0112637,0.000000,0.000000,0.000000,0.00000,0.00000,0.000,0.000,0.000,0.000,0.000,-6.0000,0.0000,0.0000,6.0000,95.00,95.00,90.00,90.00,65535,65535,65535,1500,1,8,40.4365947,-86.8936938,173.900,-0.108,0.450,0.000
4193,26472,18145,15136,0,0,-0.24421,-1.46046,9.88087,-0.001065,-0.014914,-0.010653,-8.419,1.373,-0.036,0.0002,-0.0001,0.7752,0.0008,0.0011,1.6198,0.0009781,-0.0147820,-0.0112628,0.000000,0.000000,0.000000,0.00000,0.00000,0.000,0.000,0.000,0.000,0.000,-6.0000,0.0000,0.0000,6.0000,95.00,95.00,90.00,90.00,65535,65535,65535,1500,1,8,40.4365930,-86.8936943,173.000,-0.106,0.440,0.000
4244,26188,18173,15154,0,0,-0.24421,-1.45208,9.87848,0.000000,-0.014914,-0.011718,-8.416,1.370,-0.037,0.0002,-0.0001,0.7844,0.0009,0.0011,1.6592,0.0009523,-0.0147715,-0.0112645,0.000000,0.000000,0.000000,0.00000,0.00000,0.000,0.000,0.000,0.000,0.000,-6.0000,0.0000,0.0000,6.0000,95.00,95.00,90.00,90.00,65535,65535,65535,1500,1,8,40.4365930,-86.8936943,173.000,-0.106,0.440,0.000
4284,25110,33282,30268,0,0,-0.23583,-1.45448,9.88686,0.000000,-0.014914,-0.011718,-8.415,1.369,-0.037,0.0002,-0.0001,0.7891,0.0010,0.0010,1.6789,0.0009403,-0.0147671,-0.0112651,0.000000,0.000000,0.000000,0.00000,0.00000,0.000,0.000,0.000,0.000,0.000,-6.0000,0.0000,0.0000,6.0000,95.00,95.00,90.00,90.00,65535,65535,65535,1500,1,8,40.4365905,-86.8936947,172.300,-0.072,0.300,0.000
4345,31643,23231,15253,0,0,-0.24181,-1.45807,9.88686,-0.001065,-0.014914,-0.011718,-8.418,1.369,-0.039,0.0002,0.0001,0.8021,0.0010,0.0011,1.7355,0.0009177,-0.0147714,-0.0112643,0.000000,0.000000,0.000000,0.00000,0.00000,0.000,0.000,0.000,0.000,0.000,-6.0000,0.0000,0.0000,6.0000,95.00,95.00,90.00,90.00,65535,65535,65535,1500,1,8,40.4365905,-86.8936947,172.300,-0.072,0.300,0.000
4396,25805,18200,15150,0,0,-0.23463,-1.45567,9.88446,0.000000,-0.014914,-0.011718,-8.419,1.370,-0.041,0.0002,0.0001,0.8126,0.0009,0.0011,1.7808,0.0008992,-0.0147724,-0.0112639,0.000000,0.000000,0.000000,0.00000,0.00000,0.000,0.000,0.000,0.000,0.000,-6.0000,0.0000,0.0000,6.0000,95.00,95.00,90.00,90.00,65535,65535,65535,1500,1,8,40.4365872,-86.8936945,171.600,-0.072,0.300,0.000
4446,26186,18188,15132,0,0,-0.24541,-1.45567,9.87608,-0.001065,-0.014914,-0.011718,-8.417,1.372,-0.044,0.0001,0.0001,0.8218,0.0007,0.0011,1.8219,0.0008656,-0.0147854,-0.0112613,0.000000,0.000000,0.000000,0.00000,0.00000,0.000,0.000,0.000,0.000,0.000,-6.0000,0.0000,0.0000,6.0000,95.00,95.00,90.00,90.00,65535,65535,65535,1500,1,8,40.4365855,-86.8936945,171.600,-0.022,0.090,0.000
4496,25349,17987,14960,0,0,-0.24301,-1.46046,9.88207,-0.001065,-0.014914,-0.011718,-8.420,1.372,-0.045,0.0001,0.0001,0.8312,0.0007,0.0011,1.8633,0.0008556,-0.0147861,-0.0112611,0.000000,0.000000,0.000000,0.00000,0.00000,0.000,0.000,0.000,0.000,0.000,-6.0000,0.0000,0.0000,6.0000,95.00,95.00,90.00,90.00,65535,65535,65535,1500,1,8,40.4365855,-86.8936945,170.800,-0.022,0.090,0.000
4535,23735,33299,30295,0,0,-0.23703,-1.45208,9.87728,-0.001065,-0.013848,-0.011718,-8.420,1.372,-0.046,0.0001,0.0000,0.8355,0.0008,0.0011,1.8831,0.0008419,-0.0147831,-0.0112616,0.000000,0.000000,0.000000,0.00000,0.00000,0.000,0.000,0.000,0.000,0.000,-6.0000,0.0000,0.0000,6.0000,95.00,95.00,90.00,90.00,65535,65535,65535,1500,1,8,40.4365855,-86.8936945,170.800,-0.022,0.090,0.000
4596,36292,18052,15047,0,0,-0.23583,-1.46286,9.87967,-0.001065,-0.014914,-0.011718,-8.425,1.370,-0.047,0.0002,0.0000,0.8495,0.0009,0.0011,1.9475,0.0008395,-0.0147774,-0.0112627,0.000000,0.000000,0.000000,0.00000,0.00000,0.000,0.000,0.000,0.000,0.000,-6.0000,0.0000,0.0000,6.0000,95.00,95.00,90.00,90.00,65535,65535,65535,1500,1,8,40.4365840,-86.8936943,170.800,-0.034,0.140,0.000
4646,31129,18196,15164,0,0,-0.23224,-1.45807,9.87608,-0.001065,-0.013848,-0.011718,-8.426,1.369,-0.047,0.0003,-0.0000,0.8585,0.0010,0.0011,1.9901,0.0008191,-0.0147678,-0.0112646,0.000000,0.000000,0.000000,0.00000,0.00000,0.000,0.000,0.000,0.000,0.000,-6.0000,0.0000,0.0000,6.0000,95.00,95.00,90.00,90.00,65535,65535,65535,1500,1,8,40.4365828,-86.8936950,170.800,-0.040,0.165,0.000
4695,30119,17977,14974,0,0,-0.24181,-1.45567,9.87848,0.000000,-0.014914,-0.011718,-8.424,1.372,-0.050,0.0002,-0.0000,0.8675,0.0009,0.0011,2.0327,0.0007988,-0.0147766,-0.0112625,0.000000,0.000000,0.000000,0.00000,0.00000,0.000,0.000,0.000,0.000,0.000,-6.0000,0.0000,0.0000,6.0000,95.00,95.00,90.00,90.00,65535,65535,65535,1500,1,8,40.4365828,-86.8936950,170.800,-0.040,0.165,0.000
4739,24514,18127,15116,0,0,-0.22984,-1.46525,9.88446,-0.001065,-0.014914,-0.011718,-8.427,1.369,-0.049,0.0003,-0.0001,0.8756,0.0011,0.0011,2.0703,0.0007947,-0.0147653,-0.0112649,0.000000,0.000000,0.000000,0.00000,0.00000,0.000,0.000,0.000,0.000,0.000,-6.0000,0.0000,0.0000,6.0000,95.00,95.00,90.00,90.00,65535,65535,65535,1500,1,8,40.4365820,-86.8936977,170.800,-0.017,0.070,0.000
4793,25855,18087,15080,0,0,-0.24062,-1.45208,9.89284,-0.001065,-0.014914,-0.011718,-8.425,1.370,-0.052,0.0002,-0.0000,0.8859,0.0009,0.0011,2.1183,0.0007628,-0.0147726,-0.0112630,0.000000,0.000000,0.000000,0.00000,0.00000,0.000,0.000,0.000,0.000,0.000,-6.0000,0.0000,0.0000,6.0000,95.00,95.00,90.00,90.00,65535,65535,65535,1500,1,8,40.4365820,-86.8936977,168.300,-0.017,0.070,0.000
4843,30787,18156,15143,0,0,-0.23942,-1.46046,9.87608,-0.001065,-0.014914,-0.011718,-8.426,1.368,-0.052,0.0002,-0.0001,0.8950,0.0011,0.0011,2.1626,0.0007515,-0.0147661,-0.0112644,0.000000,0.000000,0.000000,0.00000,0.00000,0.000,0.000,0.000,0.000,0.000,-6.0000,0.0000,0.0000,6.0000,95.00,95.00,90.00,90.00,65535,65535,65535,1500,1,8,40.4365823,-86.8937015,168.300,-0.077,0.320,0.000
4893,25148,18134,15128,0,0,-0.24062,-1.45328,9.87608,-0.001065,-0.014914,-0.011718,-8.425,1.367,-0.053,0.0002,-0.0001,0.9039,0.0011,0.0011,2.2077,0.0007265,-0.0147661,-0.0112643,0.000000,0.000000,0.000000,0.00000,0.00000,0.000,0.000,0.000,0.000,0.000,-6.0000,0.0000,0.0000,6.0000,95.00,95.00,90.00,90.00,65535,65535,65535,1500,1,8,40.4365823,-86.8937015,167.400,-0.077,0.320,0.000
4936,18845,18110,15119,0,0,-0.22625,-1.45208,9.88207,0.000000,-0.014914,-0.010653,-8.422,1.366,-0.052,0.0002,-0.0002,0.9118,0.0012,0.0010,2.2465,0.0007007,-0.0147582,-0.0112659,0.000000,0.000000,0.000000,0.00000,0.00000,0.000,0.000,0.000,0.000,0.000,-6.0000,0.0000,0.0000,6.0000,95.00,95.00,90.00,90.00,65535,65535,65535,1500,1,8,40.4365823,-86.8937015,167.400,-0.077,0.320,0.000
4997,29982,23873,15077,0,0,-0.23703,-1.45089,9.87848,-0.001065,-0.014914,-0.011718,-8.422,1.365,-0.053,0.0002,-0.0001,0.9218,0.0013,0.0010,2.2969,0.0006846,-0.0147546,-0.0112666,0.000000,0.000000,0.000000,0.00000,0.00000,0.000,0.000,0.000,0.000,0.000,-6.0000,0.0000,0.0000,6.0000,95.00,95.00,90.00,90.00,65535,65535,65535,1500,1,8,40.4365827,-86.8937038,166.500,-0.057,0.235,0.000
5036,29866,33351,30328,0,0,-0.24181,-1.45089,9.88326,0.000000,-0.014914,-0.011718,-8.419,1.366,-0.055,0.0002,-0.0000,0.9273,0.0012,0.0011,2.3245,0.0006704,-0.0147590,-0.0112656,0.000000,0.000000,0.000000,0.00000,0.00000,0.000,0.000,0.000,0.000,0.000,-6.0000,0.0000,0.0000,6.0000,95.00,95.00,90.00,90.00,65535,65535,65535,1500,1,8,40.4365827,-86.8937038,166.500,-0.057,0.235,0.000
5101,38192,20237,17239,0,0,-0.24181,-1.46286,9.87728,-0.001065,-0.014914,-0.010653,-8.423,1.366,-0.055,0.0000,0.0002,0.9414,0.0011,0.0011,2.3976,0.0006561,-0.0147653,-0.0112642,0.000000,0.000000,0.000000,0.00000,0.00000,0.000,0.000,0.000,0.000,0.000,-6.0000,0.0000,0.0000,6.0000,95.00,95.00,90.00,90.00,65535,65535,65535,1500,1,8,40.4365823,-86.8937043,166.500,-0.022,0.090,0.000
5143,17809,17969,14971,0,0,-0.23822,-1.45089,9.87608,0.000000,-0.013848,-0.011718,-8.421,1.368,-0.057,0.0000,0.0001,0.9492,0.0010,0.0011,2.4389,0.0006371,-0.0147681,-0.0112635,0.000000,0.000000,0.000000,0.00000,0.00000,0.000,0.000,0.000,0.000,0.000,-6.0000,0.0000,0.0000,6.0000,95.00,95.00,90.00,90.00,65535,65535,65535,1500,1,8,40.4365823,-86.8937043,166.500,-0.022,0.090,0.000
5198,35478,19129,15265,0,0,-0.23583,-1.45927,9.87488,0.000000,-0.014914,-0.011718,-8.423,1.365,-0.057,0.0001,0.0001,0.9590,0.0011,0.0011,2.4906,0.0006332,-0.0147615,-0.0112650,0.000000,0.000000,0.000000,0.00000,0.00000,0.000,0.000,0.000,0.000,0.000,-6.0000,0.0000,0.0000,6.0000,95.00,95.00,90.00,90.00,65535,65535,65535,1500,1,8,40.4365825,-86.8937055,164.900,-0.042,0.175,0.000
5248,25829,18160,15163,0,0,-0.23822,-1.46046,9.87848,-0.001065,-0.014914,-0.011718,-8.426,1.366,-0.059,0.0000,0.0001,0.9682,0.0011,0.0011,2.5399,0.0006247,-0.0147648,-0.0112643,0.000000,0.000000,0.000000,0.00000,0.00000,0.000,0.000,0.000,0.000,0.000,-6.0000,0.0000,0.0000,6.0000,95.00,95.00,90.00,90.00,65535,65535,65535,1500,1,8,40.4365825,-86.8937055,164.900,-0.042,0.175,0.000
5299,25822,18176,15155,0,0,-0.23703,-1.44490,9.88566,-0.001065,-0.014914,-0.011718,-8.422,1.366,-0.061,-0.0000,0.0001,0.9776,0.0010,0.0011,2.5893,0.0005933,-0.0147689,-0.0112634,0.000000,0.000000,0.000000,0.00000,0.00000,0.000,0.000,0.000,0.000,0.000,-6.0000,0.0000,0.0000,6.0000,95.00,95.00,90.00,90.00,65535,65535,65535,1500,1,8,40.4365832,-86.8937077,164.300,-0.042,0.175,0.000
5343,19973,18141,15126,0,0,-0.23822,-1.45208,9.87488,-0.001065,-0.014914,-0.011718,-8.422,1.365,-0.062,0.0000,0.0000,0.9857,0.0010,0.0011,2.6328,0.0005763,-0.0147680,-0.0112637,0.000000,0.000000,0.000000,0.00000,0.00000,0.000,0.000,0.000,0.000,0.000,-6.0000,0.0000,0.0000,6.0000,95.00,95.00,90.00,90.00,65535,65535,65535,1500,1,8,40.4365828,-86.8937092,164.300,-0.072,0.300,0.000
5383,24874,33261,30243,0,0,-0.23942,-1.45687,9.87488,-0.001065,-0.014914,-0.010653,-8.423,1.366,-0.061,-0.0000,0.0000,0.9901,0.0010,0.0012,2.6573,0.0005705,-0.0147697,-0.0112633,0.000000,0.000000,0.000000,0.00000,0.00000,0.000,0.000,0.000,0.000,0.000,-6.0000,0.0000,0.0000,6.0000,95.00,95.00,90.00,90.00,65535,65535,65535,1500,1,8,40.4365828,-86.8937092,163.600,-0.072,0.300,0.000
5449,37735,18201,15178,0,0,-0.23463,-1.46046,9.87967,-0.001065,-0.013848,-0.011718,-8.426,1.365,-0.059,0.0003,0.0002,1.0050,0.0012,0.0011,2.7381,0.0005558,-0.0147597,-0.0112659,0.000000,0.000000,0.000000,0.00000,0.00000,0.000,0.000,0.000,0.000,0.000,-6.0000,0.0000,0.0000,6.0000,95.00,95.00,90.00,90.00,65535,65535,65535,1500,1,8,40.4365823,-86.8937097,163.600,-0.055,0.230,0.000
5493,19659,18142,15127,0,0,-0.23703,-1.45567,9.88686,0.000000,-0.014914,-0.010653,-8.423,1.363,-0.058,0.0003,0.0002,1.0131,0.0014,0.0011,2.7826,0.0005411,-0.0147543,-0.0112672,0.000000,0.000000,0.000000,0.00000,0.00000,0.000,0.000,0.000,0.000,0.000,-6.0000,0.0000,0.0000,6.0000,95.00,95.00,90.00,90.00,65535,65535,65535,1500,1,8,40.4365823,-86.8937097,163.600,-0.055,0.230,0.000
5532,24043,33189,30219,0,0,-0.23942,-1.45807,9.87369,-0.001065,-0.013848,-0.011718,-8.424,1.364,-0.059,0.0003,0.0002,1.0174,0.0013,0.0011,2.8070,0.0005366,-0.0147561,-0.0112667,0.000000,0.000000,0.000000,0.00000,0.00000,0.000,0.000,0.000,0.000,0.000,-6.0000,0.0000,0.0000,6.0000,95.00,95.00,90.00,90.00,65535,65535,65535,1500,1,8,40.4365823,-86.8937097,163.600,-0.055,0.230,0.000
5596,31559,25185,17292,0,0,-0.24062,-1.45567,9.88446,0.000000,-0.014914,-0.011718,-8.422,1.364,-0.061,0.0002,0.0004,1.0304,0.0013,0.0012,2.8801,0.0005136,-0.0147584,-0.0112661,0.000000,0.000000,0.000000,0.00000,0.00000,0.000,0.000,0.000,0.000,0.000,-6.0000,0.0000,0.0000,6.0000,95.00,95.00,90.00,90.00,65535,65535,65535,1500,1,8,40.4365827,-86.8937100,163.600,-0.087,0.360,0.000
5651,26902,18183,15138,0,0,-0.23822,-1.45567,9.87848,0.000000,-0.014914,-0.011718,-8.422,1.364,-0.064,0.0002,0.0005,1.0417,0.0012,0.0012,2.9443,0.0004993,-0.0147619,-0.0112653,0.000000,0.000000,0.000000,0.00000,0.00000,0.000,0.000,0.000,0.000,0.000,-6.0000,0.0000,0.0000,6.0000,95.00,95.00,90.00,90.00,65535,65535,65535,1500,1,8,40.4365818,-86.8937117,163.600,-0.076,0.315,0.000
5694,19562,18109,15081,0,0,-0.23583,-1.45328,9.87369,-0.001065,-0.013848,-0.011718,-8.421,1.364,-0.064,0.0002,0.0004,1.0496,0.0013,0.0012,2.9903,0.0004813,-0.0147568,-0.0112665,0.000000,0.000000,0.000000,0.00000,0.00000,0.000,0.000,0.000,0.000,0.000,-6.0000,0.0000,0.0000,6.0000,95.00,95.00,90.00,90.00,65535,65535,65535,1500,1,8,40.4365818,-86.8937117,163.600,-0.076,0.315,0.000
5743,29990,18185,15151,0,0,-0.23822,-1.45089,9.88446,-0.001065,-0.014914,-0.011718,-8.416,1.359,-0.063,0.0003,0.0003,1.0587,0.0017,0.0012,3.0418,0.0004515,-0.0147442,-0.0112694,0.000000,0.000000,0.000000,0.00000,0.00000,0.000,0.000,0.000,0.000,0.000,-6.0000,0.0000,0.0000,6.0000,95.00,95.00,90.00,90.00,65535,65535,65535,1500,1,8,40.4365815,-86.8937118,163.600,-0.083,0.345,0.000
5794,25903,18143,15134,0,0,-0.23942,-1.45208,9.87967,-0.001065,-0.014914,-0.011718,-8.414,1.361,-0.066,0.0002,0.0003,1.0680,0.0015,0.0013,3.0959,0.0004358,-0.0147524,-0.0112675,0.000000,0.000000,0.000000,0.00000,0.00000,0.000,0.000,0.000,0.000,0.000,-6.0000,0.0000,0.0000,6.0000,95.00,95.00,90.00,90.00,65535,65535,65535,1500,1,8,40.4365815,-86.8937118,162.100,-0.083,0.345,0.000
5850,30064,19504,15264,0,0,-0.23463,-1.45687,9.87967,-0.001065,-0.014914,-0.011718,-8.413,1.360,-0.067,0.0002,0.0003,1.0779,0.0015,0.0013,3.1539,0.0004148,-0.0147508,-0.0112679,0.000000,0.000000,0.000000,0.00000,0.00000,0.000,0.000,0.000,0.000,0.000,-6.0000,0.0000,0.0000,6.0000,95.00,95.00,90.00,90.00,65535,65535,65535,1500,1,8,40.4365817,-86.8937130,162.100,-0.096,0.400,0.000
5894,19629,18155,15140,0,0,-0.23104,-1.45567,9.87608,0.000000,-0.014914,-0.011718,-8.410,1.359,-0.067,0.0002,0.0003,1.0860,0.0017,0.0013,3.2030,0.0003982,-0.0147460,-0.0112691,0.000000,0.000000,0.000000,0.00000,0.00000,0.000,0.000,0.000,0.000,0.000,-6.0000,0.0000,0.0000,6.0000,95.00,95.00,90.00,90.00,65535,65535,65535,1500,1,8,40.4365817,-86.8937130,162.100,-0.096,0.400,0.000
5944,25869,18174,15148,0,0,-0.24062,-1.44849,9.88446,0.000000,-0.014914,-0.011718,-8.405,1.363,-0.069,0.0001,0.0003,1.0955,0.0013,0.0013,3.2575,0.0003774,-0.0147588,-0.0112660,0.000000,0.000000,0.000000,0.00000,0.00000,0.000,0.000,0.000,0.000,0.000,-6.0000,0.0000,0.0000,6.0000,95.00,95.00,90.00,90.00,65535,65535,65535,1500,1,8,40.4365815,-86.8937140,162.100,-0.102,0.425,0.000
5994,25859,18137,15115,0,0,-0.23583,-1.45687,9.88087,-0.001065,-0.014914,-0.010653,-8.406,1.363,-0.067,0.0001,0.0003,1.1047,0.0013,0.0014,3.3133,0.0003680,-0.0147589,-0.0112661,0.000000,0.000000,0.000000,0.00000,0.00000,0.000,0.000,0.000,0.000,0.000,-6.0000,0.0000,0.0000,6.0000,95.00,95.00,90.00,90.00,65535,65535,65535,1500,1,9,40.4365815,-86.8937140,161.400,-0.102,0.425,0.000
6033,18981,38081,30059,0,0,-0.23224,-1.45807,9.87728,-0.001065,-0.014914,-0.011718,-8.407,1.361,-0.067,0.0001,0.0003,1.1082,0.0014,0.0013,3.3343,0.0003664,-0.0147542,-0.0112672,0.000000,0.000000,0.000000,0.00000,0.00000,0.000,0.000,0.000,0.000,0.000,-6.0000,0.0000,0.0000,6.0000,95.00,95.00,90.00,90.00,65535,65535,65535,1500,1,9,40.4365815,-86.8937140,161.400,-0.102,0.425,0.000
6096,33449,18264,15180,0,0,-0.23343,-1.45328,9.87608,-0.001065,-0.014914,-0.011718,-8.410,1.359,-0.068,0.0002,0.0004,1.1229,0.0016,0.0014,3.4260,0.0003540,-0.0147497,-0.0112684,0.000000,0.000000,0.000000,0.00000,0.00000,0.000,0.000,0.000,0.000,0.000,-6.0000,0.0000,0.0000,6.0000,95.00,95.00,90.00,90.00,65535,65535,65535,1500,1,9,40.4365810,-86.8937155,161.400,-0.115,0.480,0.000
6144,24311,18208,15142,0,0,-0.23703,-1.44729,9.87728,-0.001065,-0.014914,-0.011718,-8.409,1.358,-0.067,0.0003,0.0004,1.1316,0.0018,0.0013,3.4810,0.0003346,-0.0147434,-0.0112700,0.000000,0.000000,0.000000,0.00000,0.00000,0.000,0.000,0.000,0.000,0.000,-6.0000,0.0000,0.0000,6.0000,95.00,95.00,90.00,90.00,65535,65535,65535,1500,1,9,40.4365810,-86.8937155,161.400,-0.115,0.480,0.000
6195,25951,18146,15142,0,0,-0.23703,-1.44969,9.87848,0.000000,-0.014914,-0.010653,-8.408,1.357,-0.066,0.0003,0.0004,1.1408,0.0019,0.0014,3.5387,0.0003283,-0.0147411,-0.0112706,0.000000,0.000000,0.000000,0.00000,0.00000,0.000,0.000,0.000,0.000,0.000,-6.0000,0.0000,0.0000,6.0000,95.00,95.00,90.00,90.00,65535,65535,65535,1500,1,9,40.4365808,-86.8937153,161.400,-0.114,0.475,0.000
6245,25667,18193,15155,0,0,-0.23703,-1.45328,9.87488,-0.001065,-0.014914,-0.011718,-8.407,1.358,-0.068,0.0003,0.0004,1.1498,0.0018,0.0014,3.5959,0.0003154,-0.0147464,-0.0112695,0.000000,0.000000,0.000000,0.00000,0.00000,0.000,0.000,0.000,0.000,0.000,-6.0000,0.0000,0.0000,6.0000,95.00,95.00,90.00,90.00,65535,65535,65535,1500,1,9,40.4365808,-86.8937153,161.400,-0.114,0.475,0.000
6293,19205,18082,15087,0,0,-0.23104,-1.44969,9.87249,-0.001065,-0.013848,-0.011718,-8.404,1.358,-0.070,0.0002,0.0004,1.1583,0.0018,0.0014,3.6516,0.0002959,-0.0147470,-0.0112694,0.000000,0.000000,0.000000,0.00000,0.00000,0.000,0.000,0.000,0.000,0.000,-6.0000,0.0000,0.0000,6.0000,95.00,95.00,90.00,90.00,65535,65535,65535,1500,1,9,40.4365802,-86.8937167,160.800,-0.114,0.475,0.000
6344,26115,18206,15142,0,0,-0.22865,-1.45089,9.88207,0.000000,-0.014914,-0.010653,-8.404,1.357,-0.068,0.0003,0.0004,1.1675,0.0021,0.0014,3.7101,0.0002876,-0.0147379,-0.0112716,0.000000,0.000000,0.000000,0.00000,0.00000,0.000,0.000,0.000,0.000,0.000,-6.0000,0.0000,0.0000,6.0000,95.00,95.00,90.00,90.00,65535,65535,65535,1500,1,9,40.4365797,-86.8937160,160.800,0.376,0.000,0.000
6394,25919,18106,15091,0,0,-0.22984,-1.45807,9.88087,-0.001065,-0.014914,-0.010653,-8.403,1.355,-0.065,0.0004,0.0004,1.1768,0.0023,0.0014,3.7695,0.0002778,-0.0147327,-0.0112727,0.000000,0.000000,0.000000,0.00000,0.00000,0.000,0.000,0.000,0.000,0.000,-6.0000,0.0000,0.0000,6.0000,95.00,95.00,90.00,90.00,65535,65535,65535,1500,1,9,40.4365797,-86.8937160,160.600,0.376,0.000,0.000
6433,23941,33251,30264,0,0,-0.23463,-1.45687,9.87608,-0.001065,-0.013848,-0.011718,-8.404,1.355,-0.066,0.0004,0.0004,1.1811,0.0024,0.0014,3.7977,0.0002758,-0.0147313,-0.0112730,0.000000,0.000000,0.000000,0.00000,0.00000,0.000,0.000,0.000,0.000,0.000,-6.0000,0.0000,0.0000,6.0000,95.00,95.00,90.00,90.00,65535,65535,65535,1500,1,9,40.4365797,-86.8937160,160.600,0.376,0.000,0.000
6492,31654,19938,15287,0,0,-0.22865,-1.44849,9.87848,0.000000,-0.014914,-0.010653,-8.401,1.349,-0.062,0.0009,0.0006,1.1940,0.0030,0.0014,3.8829,0.0002566,-0.0147138,-0.0112770,0.000000,0.000000,0.000000,0.00000,0.00000,0.000,0.000,0.000,0.000,0.000,-6.0000,0.0000,0.0000,6.0000,95.00,95.00,90.00,90.00,65535,65535,65535,1500,1,9,40.4365775,-86.8937138,160.600,0.144,0.000,0.000
6560,34240,28465,20539,0,0,-0.23224,-1.45208,9.87728,0.000000,-0.014914,-0.011718,-8.400,1.345,-0.062,0.0011,0.0006,1.2048,0.0034,0.0014,3.9552,0.0002432,-0.0147051,-0.0112791,0.000000,0.000000,0.000000,0.00000,0.00000,0.000,0.000,0.000,0.000,0.000,-6.0000,0.0000,0.0000,6.0000,95.00,95.00,90.00,90.00,65535,65535,65535,1500,1,9,40.4365763,-86.8937125,160.600,0.206,0.000,0.000
6597,30010,35132,27198,0,0,-0.23703,-1.45448,9.87608,-0.001065,-0.014914,-0.011718,-8.401,1.346,-0.063,0.0010,0.0006,1.2102,0.0034,0.0014,3.9914,0.0002395,-0.0147074,-0.0112786,0.000000,0.000000,0.000000,0.00000,0.00000,0.000,0.000,0.000,0.000,0.000,-6.0000,0.0000,0.0000,6.0000,95.00,95.00,90.00,90.00,65535,65535,65535,1500,1,9,40.4365763,-86.8937125,160.200,0.206,0.000,0.000
6647,30740,18195,15141,0,0,-0.23583,-1.45687,9.87967,-0.001065,-0.014914,-0.010653,-8.403,1.346,-0.064,0.0009,0.0007,1.2221,0.0033,0.0015,4.0728,0.0002289,-0.0147109,-0.0112778,0.000000,0.000000,0.000000,0.00000,0.00000,0.000,0.000,0.000,0.000,0.000,-6.0000,0.0000,0.0000,6.0000,95.00,95.00,90.00,90.00,65535,65535,65535,1500,1,9,40.4365742,-86.8937092,160.200,0.396,0.000,0.000
6702,23692,25242,14778,0,0,-0.22984,-1.45448,9.87967,-0.001065,-0.014914,-0.011718,-8.401,1.345,-0.065,0.0009,0.0007,1.2307,0.0034,0.0015,4.1318,0.0002180,-0.0147100,-0.0112782,0.000000,0.000000,0.000000,0.00000,0.00000,0.000,0.000,0.000,0.000,0.000,-6.0000,0.0000,0.0000,6.0000,95.00,95.00,90.00,90.00,65535,65535,65535,1500,1,9,40.4365742,-86.8937092,160.200,0.396,0.000,0.000
6733,25954,29733,21779,0,0,-0.23343,-1.44729,9.87848,-0.001065,-0.014914,-0.011718,-8.399,1.344,-0.065,0.0010,0.0007,1.2354,0.0035,0.0015,4.1638,0.0002080,-0.0147093,-0.0112785,0.000000,0.000000,0.000000,0.00000,0.00000,0.000,0.000,0.000,0.000,0.000,-6.0000,0.0000,0.0000,6.0000,95.00,95.00,90.00,90.00,65535,65535,65535,1500,1,9,40.4365742,-86.8937092,160.200,0.396,0.000,0.000
6783,30683,18180,15129,0,0,-0.23942,-1.44849,9.87608,-0.001065,-0.014914,-0.011718,-8.399,1.344,-0.065,0.0009,0.0008,1.2464,0.0035,0.0016,4.2407,0.0001940,-0.0147111,-0.0112783,0.000000,0.000000,0.000000,0.00000,0.00000,0.000,0.000,0.000,0.000,0.000,-6.0000,0.0000,0.0000,6.0000,95.00,95.00,90.00,90.00,65535,65535,65535,1500,1,9,40.4365730,-86.8937067,160.200,0.427,0.000,0.000
6832,24365,18197,15151,0,0,-0.22984,-1.45208,9.86770,-0.001065,-0.014914,-0.011718,-8.398,1.343,-0.065,0.0010,0.0007,1.2549,0.0037,0.0016,4.3016,0.0001816,-0.0147081,-0.0112793,0.000000,0.000000,0.000000,0.00000,0.00000,0.000,0.000,0.000,0.000,0.000,-6.0000,0.0000,0.0000,6.0000,95.00,95.00,90.00,90.00,65535,65535,65535,1500,1,9,40.4365730,-86.8937067,160.200,0.427,0.000,0.000
6903,23100,21773,14667,0,0,-0.23343,-1.45448,9.87369,-0.001065,-0.014914,-0.010653,-8.394,1.343,-0.066,0.0010,0.0007,1.2668,0.0036,0.0017,4.3869,0.0001611,-0.0147126,-0.0112788,0.000000,0.000000,0.000000,0.00000,0.00000,0.000,0.000,0.000,0.000,0.000,-6.0000,0.0000,0.0000,6.0000,95.00,95.00,90.00,90.00,65535,65535,65535,1500,1,8,40.4365727,-86.8937068,160.000,0.350,0.000,0.000
6934,27474,24757,21776,0,0,-0.23463,-1.45208,9.87608,-0.001065,-0.014914,-0.010653,-8.394,1.343,-0.065,0.0010,0.0007,1.2717,0.0037,0.0017,4.4218,0.0001567,-0.0147131,-0.0112788,0.000000,0.000000,0.000000,0.00000,0.00000,0.000,0.000,0.000,0.000,0.000,-6.0000,0.0000,0.0000,6.0000,95.00,95.00,90.00,90.00,65535,65535,65535,1500,1,8,40.4365727,-86.8937068,160.000,0.350,0.000,0.000
6984,25747,18146,15126,0,0,-0.23104,-1.43892,9.87488,-0.001065,-0.013848,-0.010653,-8.392,1.348,-0.066,0.0008,0.0007,1.2819,0.0035,0.0017,4.4952,0.0001395,-0.0147169,-0.0112779,0.000000,0.000000,0.000000,0.00000,0.00000,0.000,0.000,0.000,0.000,0.000,-6.0000,0.0000,0.0000,6.0000,95.00,95.00,90.00,90.00,65535,65535,65535,1500,1,8,40.4365725,-86.8937055,159.800,0.376,0.000,0.000
7051,39423,26246,18331,0,0,-0.22984,-1.44969,9.87608,-0.001065,-0.013848,-0.010653,-8.392,1.348,-0.065,0.0010,0.0007,1.2924,0.0038,0.0018,4.5705,0.0001281,-0.0147126,-0.0112789,0.000000,0.000000,0.000000,0.00000,0.00000,0.000,0.000,0.000,0.000,0.000,-6.0000,0.0000,0.0000,6.0000,95.00,95.00,90.00,90.00,65535,65535,65535,1500,1,8,40.4365718,-86.8937023,159.800,0.571,0.000,0.000
7105,29234,18078,14719,0,0,-0.23343,-1.44849,9.88087,-0.001065,-0.014914,-0.011718,-8.390,1.347,-0.064,0.0011,0.0008,1.3033,0.0040,0.0018,4.6506,0.0001107,-0.0147072,-0.0112798,0.000000,0.000000,0.000000,0.00000,0.00000,0.000,0.000,0.000,0.000,0.000,-6.0000,0.0000,0.0000,6.0000,95.00,95.00,90.00,90.00,65535,65535,65535,1500,1,8,40.4365718,-86.8937023,159.800,0.571,0.000,0.000
7134,18456,29077,21101,0,0,-0.23104,-1.44849,9.87848,0.000000,-0.014914,-0.011718,-8.387,1.346,-0.063,0.0011,0.0008,1.3067,0.0041,0.0018,4.6747,0.0001042,-0.0147043,-0.0112804,0.000000,0.000000,0.000000,0.00000,0.00000,0.000,0.000,0.000,0.000,0.000,-6.0000,0.0000,0.0000,6.0000,95.00,95.00,90.00,90.00,65535,65535,65535,1500,1,8,40.4365718,-86.8937023,159.800,0.571,0.000,0.000
7184,31644,18178,15147,0,0,-0.22745,-1.45328,9.87728,0.000000,-0.014914,-0.011718,-8.389,1.345,-0.063,0.0011,0.0008,1.3177,0.0043,0.0018,4.7550,0.0001035,-0.0147024,-0.0112808,0.000000,0.000000,0.000000,0.00000,0.00000,0.000,0.000,0.000,0.000,0.000,-6.0000,0.0000,0.0000,6.0000,95.00,95.00,90.00,90.00,65535,65535,65535,1500,1,8,40.4365715,-86.8936993,159.500,-0.191,0.625,0.000
7247,19064,18037,15067,0,0,-0.23224,-1.46046,9.87369,0.000000,-0.014914,-0.011718,-8.390,1.342,-0.063,0.0012,0.0008,1.3287,0.0047,0.0018,4.8383,0.0000998,-0.0146936,-0.0112827,0.000000,0.000000,0.000000,0.00000,0.00000,0.000,0.000,0.000,0.000,0.000,-6.0000,0.0000,0.0000,6.0000,95.00,95.00,90.00,90.00,65535,65535,65535,1500,1,8,40.4365715,-86.8936993,159.500,-0.191,0.625,0.000
7298,25686,18214,15146,0,0,-0.23224,-1.45807,9.87728,-0.001065,-0.014914,-0.011718,-8.392,1.340,-0.063,0.0013,0.0007,1.3378,0.0050,0.0018,4.9056,0.0000962,-0.0146897,-0.0112836,0.000000,0.000000,0.000000,0.00000,0.00000,0.000,0.000,0.000,0.000,0.000,-6.0000,0.0000,0.0000,6.0000,95.00,95.00,90.00,90.00,65535,65535,65535,1500,1,8,40.4365718,-86.8936982,159.500,-0.185,0.605,0.000
7333,28113,25162,17143,0,0,-0.23343,-1.45328,9.87848,-0.001065,-0.014914,-0.011718,-8.392,1.339,-0.064,0.0013,0.0008,1.3429,0.0050,0.0019,4.9433,0.0000930,-0.0146897,-0.0112835,0.000000,0.000000,0.000000,0.00000,0.00000,0.000,0.000,0.000,0.000,0.000,-6.0000,0.0000,0.0000,6.0000,95.00,95.00,90.00,90.00,65535,65535,65535,1500,1,8,40.4365718,-86.8936982,159.500,-0.185,0.605,0.000
7384,25783,18192,15157,0,0,-0.23104,-1.45448,9.87249,-0.001065,-0.014914,-0.010653,-8.392,1.338,-0.063,0.0013,0.0008,1.3532,0.0051,0.0019,5.0213,0.0000819,-0.0146882,-0.0112839,0.000000,0.000000,0.000000,0.00000,0.00000,0.000,0.000,0.000,0.000,0.000,-6.0000,0.0000,0.0000,6.0000,95.00,95.00,90.00,90.00,65535,65535,65535,1500,1,8,40.4365693,-86.8936945,159.500,-0.377,0.691,0.000
7446,19549,18094,15089,0,0,-0.22745,-1.44131,9.87848,-0.001065,-0.014914,-0.011718,-8.393,1.336,-0.064,0.0013,0.0008,1.3643,0.0054,0.0019,5.1064,0.0000731,-0.0146856,-0.0112846,0.000000,0.000000,0.000000,0.00000,0.00000,0.000,0.000,0.000,0.000,0.000,-6.0000,0.0000,0.0000,6.0000,95.00,95.00,90.00,90.00,65535,65535,65535,1500,1,8,40.4365673,-86.8936918,159.500,-0.611,0.703,0.000
7497,25778,18054,15017,0,0,-0.23224,-1.44969,9.87728,-0.001065,-0.014914,-0.011718,-8.394,1.339,-0.065,0.0012,0.0008,1.3734,0.0052,0.0020,5.1757,0.0000671,-0.0146910,-0.0112833,0.000000,0.000000,0.000000,0.00000,0.00000,0.000,0.000,0.000,0.000,0.000,-6.0000,0.0000,0.0000,6.0000,95.00,95.00,90.00,90.00,65535,65535,65535,1500,1,9,40.4365673,-86.8936918,159.300,-0.611,0.703,0.000
7536,23873,33320,30290,0,0,-0.23583,-1.45328,9.87848,0.000000,-0.014914,-0.011718,-8.393,1.339,-0.066,0.0012,0.0008,1.3777,0.0051,0.0021,5.2085,0.0000641,-0.0146927,-0.0112829,0.000000,0.000000,0.000000,0.00000,0.00000,0.000,0.000,0.000,0.000,0.000,-6.0000,0.0000,0.0000,6.0000,95.00,95.00,90.00,90.00,65535,65535,65535,1500,1,9,40.4365673,-86.8936918,159.300,-0.611,0.703,0.000
7586,44037,38806,30402,0,0,-0.22625,-1.44370,9.87369,-0.001065,-0.014914,-0.011718,-8.392,1.337,-0.066,0.0014,0.0010,1.3854,0.0054,0.0021,5.2694,0.0000544,-0.0146877,-0.0112842,0.000000,0.000000,0.000000,0.00000,0.00000,0.000,0.000,0.000,0.000,0.000,-6.0000,0.0000,0.0000,6.0000,95.00,95.00,90.00,90.00,65535,65535,65535,1500,1,9,40.4365668,-86.8936912,159.300,-0.642,0.563,0.000
7646,34448,24968,20462,0,0,-0.24301,-1.45567,9.87728,-0.001065,-0.013848,-0.011718,-8.392,1.339,-0.069,0.0013,0.0011,1.3986,0.0053,0.0022,5.3729,0.0000499,-0.0146922,-0.0112832,0.000000,0.000000,0.000000,0.00000,0.00000,0.000,0.000,0.000,0.000,0.000,-6.0000,0.0000,0.0000,6.0000,95.00,95.00,90.00,90.00,65535,65535,65535,1500,1,9,40.4365668,-86.8936912,159.300,-0.642,0.563,0.000
7697,30602,18018,14987,0,0,-0.23583,-1.45089,9.87728,0.000000,-0.014914,-0.010653,-8.389,1.339,-0.068,0.0013,0.0011,1.4087,0.0054,0.0023,5.4533,0.0000386,-0.0146926,-0.0112832,0.000000,0.000000,0.000000,0.00000,0.00000,0.000,0.000,0.000,0.000,0.000,-6.0000,0.0000,0.0000,6.0000,95.00,95.00,90.00,90.00,65535,65535,65535,1500,1,10,40.4365658,-86.8936882,158.900,-0.642,0.563,0.000
7747,31111,18181,15134,0,0,-0.23942,-1.45448,9.87728,-0.001065,-0.014914,-0.011718,-8.390,1.342,-0.070,0.0012,0.0011,1.4177,0.0049,0.0024,5.5238,0.0000317,-0.0147029,-0.0112810,0.000000,0.000000,0.000000,0.00000,0.00000,0.000,0.000,0.000,0.000,0.000,-6.0000,0.0000,0.0000,6.0000,95.00,95.00,90.00,90.00,65535,65535,65535,1500,1,10,40.4365643,-86.8936830,158.900,-0.814,0.808,0.000
7782,28762,25018,16742,0,0,-0.22865,-1.44849,9.87129,-0.001065,-0.014914,-0.011718,-8.389,1.340,-0.070,0.0013,0.0011,1.4227,0.0052,0.0024,5.5646,0.0000262,-0.0146993,-0.0112818,0.000000,0.000000,0.000000,0.00000,0.00000,0.000,0.000,0.000,0.000,0.000,-6.0000,0.0000,0.0000,6.0000,95.00,95.00,90.00,90.00,65535,65535,65535,1500,1,10,40.4365643,-86.8936830,158.700,-0.814,0.808,0.000
7844,19356,18096,15082,0,0,-0.23224,-1.44849,9.87369,-0.001065,-0.014914,-0.011718,-8.385,1.340,-0.071,0.0012,0.0011,1.4350,0.0052,0.0025,5.6634,0.0000045,-0.0147016,-0.0112817,0.000000,0.000000,0.000000,0.00000,0.00000,0.000,0.000,0.000,0.000,0.000,-6.0000,0.0000,0.0000,6.0000,95.00,95.00,90.00,90.00,65535,65535,65535,1500,1,10,40.4365627,-86.8936790,158.700,-0.935,1.021,0.000
7895,25927,18173,15143,0,0,-0.23583,-1.45687,9.88326,-0.001065,-0.013848,-0.011718,-8.387,1.342,-0.073,0.0012,0.0011,1.4442,0.0051,0.0026,5.7365,0.0000011,-0.0147046,-0.0112811,0.000000,0.000000,0.000000,0.00000,0.00000,0.000,0.000,0.000,0.000,0.000,-6.0000,0.0000,0.0000,6.0000,95.00,95.00,90.00,90.00,65535,65535,65535,1500,1,10,40.4365627,-86.8936790,158.500,-0.935,1.021,0.000
7945,26079,18182,15147,0,0,-0.23343,-1.45208,9.87967,-0.001065,-0.014914,-0.010653,-8.389,1.340,-0.072,0.0012,0.0011,1.4532,0.0054,0.0026,5.8093,-0.0000016,-0.0147010,-0.0112820,0.000000,0.000000,0.000000,0.00000,0.00000,0.000,0.000,0.000,0.000,0.000,-6.0000,0.0000,0.0000,6.0000,95.00,95.00,90.00,90.00,65535,65535,65535,1500,1,10,40.4365635,-86.8936777,158.500,-0.729,0.977,0.000
8005,29626,23628,14833,0,0,-0.22625,-1.45807,9.87967,-0.001065,-0.014914,-0.010653,-8.390,1.339,-0.071,0.0013,0.0011,1.4631,0.0055,0.0027,5.8888,-0.0000072,-0.0147007,-0.0112822,0.000000,0.000000,0.000000,0.00000,0.00000,0.000,0.000,0.000,0.000,0.000,-6.0000,0.0000,0.0000,6.0000,95.00,95.00,90.00,90.00,65535,65535,65535,1500,1,10,40.4365635,-86.8936777,158.200,-0.729,0.977,0.000
8045,24383,38378,30313,0,0,-0.23224,-1.45567,9.88326,-0.001065,-0.013848,-0.011718,-8.390,1.340,-0.072,0.0013,0.0011,1.4676,0.0056,0.0027,5.9246,-0.0000087,-0.0146996,-0.0112824,0.000000,0.000000,0.000000,0.00000,0.00000,0.000,0.000,0.000,0.000,0.000,-6.0000,0.0000,0.0000,6.0000,95.00,95.00,90.00,90.00,65535,65535,65535,1500,1,10,40.4365635,-86.8936777,158.200,-0.729,0.977,0.000
8082,40047,35867,30281,0,0,-0.22865,-1.45089,9.87608,-0.001065,-0.013848,-0.010653,-8.391,1.341,-0.070,0.0014,0.0011,1.4748,0.0058,0.0027,5.9835,-0.0000129,-0.0146960,-0.0112833,0.000000,0.000000,0.000000,0.00000,0.00000,0.000,0.000,0.000,0.000,0.000,-6.0000,0.0000,0.0000,6.0000,95.00,95.00,90.00,90.00,65535,65535,65535,1500,1,10,40.4365633,-86.8936777,158.200,-0.593,0.784,0.000
8133,31524,17877,14865,0,0,-0.23224,-1.44490,9.87249,-0.001065,-0.014914,-0.011718,-8.389,1.340,-0.071,0.0014,0.0013,1.4869,0.0059,0.0028,6.0849,-0.0000281,-0.0146959,-0.0112831,0.000000,0.000000,0.000000,0.00000,0.00000,0.000,0.000,0.000,0.000,0.000,-6.0000,0.0000,0.0000,6.0000,95.00,95.00,90.00,90.00,65535,65535,65535,1500,1,10,40.4365633,-86.8936777,158.200,-0.593,0.784,0.000
8182,31166,18180,15158,0,0,-0.23822,-1.45208,9.87488,-0.001065,-0.014914,-0.011718,-8.388,1.340,-0.073,0.0013,0.0013,1.4958,0.0058,0.0029,6.1587,-0.0000369,-0.0146985,-0.0112825,0.000000,0.000000,0.000000,0.00000,0.00000,0.000,0.000,0.000,0.000,0.000,-6.0000,0.0000,0.0000,6.0000,95.00,95.00,90.00,90.00,65535,65535,65535,1500,1,10,40.4365627,-86.8936753,157.900,-0.585,0.796,0.000
8236,25499,18071,15094,0,0,-0.22745,-1.44849,9.88087,-0.001065,-0.014914,-0.011718,-8.384,1.339,-0.074,0.0014,0.0013,1.5055,0.0062,0.0029,6.2392,-0.0000537,-0.0146933,-0.0112836,0.000000,0.000000,0.000000,0.00000,0.00000,0.000,0.000,0.000,0.000,0.000,-6.0000,0.0000,0.0000,6.0000,95.00,95.00,90.00,90.00,65535,65535,65535,1500,1,10,40.4365627,-86.8936753,157.900,-0.585,0.796,0.000
8287,25902,18151,15126,0,0,-0.23583,-1.44490,9.88087,-0.001065,-0.014914,-0.010653,-8.384,1.339,-0.074,0.0014,0.0013,1.5148,0.0061,0.0030,6.3160,-0.0000647,-0.0146951,-0.0112831,0.000000,0.000000,0.000000,0.00000,0.00000,0.000,0.000,0.000,0.000,0.000,-6.0000,0.0000,0.0000,6.0000,95.00,95.00,90.00,90.00,65535,65535,65535,1500,1,10,40.4365633,-86.8936755,157.800,-0.396,0.589,0.000
8337,25964,18179,15146,0,0,-0.23583,-1.44490,9.86770,-0.001065,-0.014914,-0.010653,-8.383,1.339,-0.074,0.0014,0.0013,1.5235,0.0061,0.0031,6.3924,-0.0000755,-0.0146963,-0.0112827,0.000000,0.000000,0.000000,0.00000,0.00000,0.000,0.000,0.000,0.000,0.000,-6.0000,0.0000,0.0000,6.0000,95.00,95.00,90.00,90.00,65535,65535,65535,1500,1,10,40.4365633,-86.8936755,157.800,-0.396,0.589,0.000
8388,25569,18155,15130,0,0,-0.23463,-1.45567,9.87608,0.000000,-0.013848,-0.010653,-8.383,1.340,-0.072,0.0014,0.0013,1.5326,0.0062,0.0032,6.4696,-0.0000768,-0.0146956,-0.0112829,0.000000,0.000000,0.000000,0.00000,0.00000,0.000,0.000,0.000,0.000,0.000,-6.0000,0.0000,0.0000,6.0000,95.00,95.00,90.00,90.00,65535,65535,65535,1500,1,10,40.4365633,-86.8936748,157.700,-0.396,0.589,0.000
8437,21636,18112,15093,0,0,-0.23224,-1.45567,9.87129,-0.001065,-0.014914,-0.010653,-8.383,1.340,-0.072,0.0013,0.0013,1.5412,0.0060,0.0033,6.5457,-0.0000826,-0.0146988,-0.0112821,0.000000,0.000000,0.000000,0.00000,0.00000,0.000,0.000,0.000,0.000,0.000,-6.0000,0.0000,0.0000,6.0000,95.00,95.00,90.00,90.00,65535,65535,65535,1500,1,10,40.4365633,-86.8936748,157.700,-0.396,0.589,0.000
8488,25976,18148,15142,0,0,-0.23463,-1.44729,9.88087,-0.001065,-0.014914,-0.011718,-8.382,1.338,-0.073,0.0013,0.0013,1.5503,0.0063,0.0033,6.6244,-0.0000901,-0.0146959,-0.0112829,0.000000,0.000000,0.000000,0.00000,0.00000,0.000,0.000,0.000,0.000,0.000,-6.0000,0.0000,0.0000,6.0000,95.00,95.00,90.00,90.00,65535,65535,65535,1500,1,10,40.4365630,-86.8936740,157.600,-0.301,0.491,0.000
8556,39982,21711,18701,0,0,-0.23583,-1.45208,9.87728,-0.001065,-0.013848,-0.010653,-8.385,1.339,-0.072,0.0013,0.0014,1.5618,0.0065,0.0034,6.7244,-0.0000919,-0.0146939,-0.0112834,0.000000,0.000000,0.000000,0.00000,0.00000,0.000,0.000,0.000,0.000,0.000,-6.0000,0.0000,0.0000,6.0000,95.00,95.00,90.00,90.00,65535,65535,65535,1500,1,10,40.4365627,-86.8936715,157.600,-0.303,0.670,0.000
8595,27987,33181,30190,0,0,-0.23104,-1.45807,9.88326,-0.001065,-0.013848,-0.011718,-8.387,1.340,-0.072,0.0014,0.0014,1.5670,0.0067,0.0034,6.7682,-0.0000913,-0.0146922,-0.0112839,0.000000,0.000000,0.000000,0.00000,0.00000,0.000,0.000,0.000,0.000,0.000,-6.0000,0.0000,0.0000,6.0000,95.00,95.00,90.00,90.00,65535,65535,65535,1500,1,10,40.4365627,-86.8936715,157.600,-0.303,0.670,0.000
8639,43119,33364,24581,0,0,-0.22984,-1.45448,9.88087,-0.001065,-0.014914,-0.011718,-8.389,1.338,-0.073,0.0015,0.0014,1.5749,0.0069,0.0034,6.8360,-0.0000931,-0.0146898,-0.0112845,0.000000,0.000000,0.000000,0.00000,0.00000,0.000,0.000,0.000,0.000,0.000,-6.0000,0.0000,0.0000,6.0000,95.00,95.00,90.00,90.00,65535,65535,65535,1500,1,10,40.4365627,-86.8936715,157.600,-0.303,0.670,0.000
8690,25948,18164,15131,0,0,-0.23822,-1.44490,9.88207,0.000000,-0.014914,-0.011718,-8.382,1.335,-0.073,0.0017,0.0015,1.5867,0.0073,0.0035,6.9408,-0.0001072,-0.0146859,-0.0112854,0.000000,0.000000,0.000000,0.00000,0.00000,0.000,0.000,0.000,0.000,0.000,-6.0000,0.0000,0.0000,6.0000,95.00,95.00,90.00,90.00,65535,65535,65535,1500,1,10,40.4365613,-86.8936662,157.600,-0.321,0.994,0.000
8741,27310,18182,15139,0,0,-0.22745,-1.43532,9.88326,-0.001065,-0.014914,-0.011718,-8.373,1.333,-0.074,0.0018,0.0014,1.5960,0.0076,0.0036,7.0229,-0.0001336,-0.0146823,-0.0112862,0.000000,0.000000,0.000000,0.00000,0.00000,0.000,0.000,0.000,0.000,0.000,-6.0000,0.0000,0.0000,6.0000,95.00,95.00,90.00,90.00,65535,65535,65535,1500,1,10,40.4365612,-86.8936648,157.600,-0.268,0.961,0.000
8792,25547,18150,15146,0,0,-0.23104,-1.44131,9.87369,-0.001065,-0.014914,-0.011718,-8.372,1.331,-0.074,0.0018,0.0014,1.6047,0.0078,0.0036,7.1036,-0.0001410,-0.0146803,-0.0112867,0.000000,0.000000,0.000000,0.00000,0.00000,0.000,0.000,0.000,0.000,0.000,-6.0000,0.0000,0.0000,6.0000,95.00,95.00,90.00,90.00,65535,65535,65535,1500,1,10,40.4365612,-86.8936648,157.400,-0.268,0.961,0.000
8840,23470,18652,15251,0,0,-0.23463,-1.45448,9.88207,0.000000,-0.014914,-0.011718,-8.373,1.330,-0.075,0.0019,0.0014,1.6133,0.0080,0.0037,7.1803,-0.0001418,-0.0146793,-0.0112870,0.000000,0.000000,0.000000,0.00000,0.00000,0.000,0.000,0.000,0.000,0.000,-6.0000,0.0000,0.0000,6.0000,95.00,95.00,90.00,90.00,65535,65535,65535,1500,1,10,40.4365623,-86.8936650,157.400,-0.158,0.860,0.000
8891,25783,18182,15170,0,0,-0.22865,-1.45328,9.88087,-0.001065,-0.013848,-0.011718,-8.373,1.331,-0.077,0.0018,0.0014,1.6226,0.0080,0.0037,7.2632,-0.0001452,-0.0146804,-0.0112868,0.000000,0.000000,0.000000,0.00000,0.00000,0.000,0.000,0.000,0.000,0.000,-6.0000,0.0000,0.0000,6.0000,95.00,95.00,90.00,90.00,65535,65535,65535,1500,1,10,40.4365623,-86.8936650,157.200,-0.158,0.860,0.000
8941,25866,18169,15151,0,0,-0.23343,-1.45208,9.88207,-0.001065,-0.013848,-0.011718,-8.375,1.332,-0.078,0.0019,0.0014,1.6316,0.0084,0.0038,7.3446,-0.0001466,-0.0146762,-0.0112877,0.000000,0.000000,0.000000,0.00000,0.00000,0.000,0.000,0.000,0.000,0.000,-6.0000,0.0000,0.0000,6.0000,95.00,95.00,90.00,90.00,65535,65535,65535,1500,1,10,40.4365643,-86.8936667,157.200,-0.130,0.703,0.000
8991,25482,18148,15144,0,0,-0.23463,-1.45328,9.87728,-0.001065,-0.014914,-0.011718,-8.376,1.333,-0.080,0.0018,0.0014,1.6406,0.0081,0.0039,7.4271,-0.0001492,-0.0146815,-0.0112865,0.000000,0.000000,0.000000,0.00000,0.00000,0.000,0.000,0.000,0.000,0.000,-6.0000,0.0000,0.0000,6.0000,95.00,95.00,90.00,90.00,65535,65535,65535,1500,1,10,40.4365643,-86.8936667,157.200,-0.130,0.703,0.000
9060,39941,23302,15291,0,0,-0.23343,-1.45328,9.88446,-0.001065,-0.014914,-0.011718,-8.379,1.332,-0.081,0.0018,0.0015,1.6524,0.0083,0.0040,7.5326,-0.0001495,-0.0146808,-0.0112866,0.000000,0.000000,0.000000,0.00000,0.00000,0.000,0.000,0.000,0.000,0.000,-6.0000,0.0000,0.0000,6.0000,95.00,95.00,90.00,90.00,65535,65535,65535,1500,1,10,40.4365665,-86.8936667,157.200,-0.154,0.835,0.000
9097,29583,30172,27171,0,0,-0.23343,-1.44969,9.88087,0.000000,-0.014914,-0.011718,-8.378,1.331,-0.082,0.0018,0.0015,1.6578,0.0083,0.0040,7.5815,-0.0001530,-0.0146817,-0.0112865,0.000000,0.000000,0.000000,0.00000,0.00000,0.000,0.000,0.000,0.000,0.000,-6.0000,0.0000,0.0000,6.0000,95.00,95.00,90.00,90.00,65535,65535,65535,1500,1,10,40.4365665,-86.8936667,157.200,-0.154,0.835,0.000
9145,28791,18140,15110,0,0,-0.23343,-1.45567,9.87848,-0.001065,-0.014914,-0.011718,-8.381,1.332,-0.084,0.0018,0.0015,1.6685,0.0084,0.0041,7.6813,-0.0001528,-0.0146817,-0.0112865,0.000000,0.000000,0.000000,0.00000,0.00000,0.000,0.000,0.000,0.000,0.000,-6.0000,0.0000,0.0000,6.0000,95.00,95.00,90.00,90.00,65535,65535,65535,1500,1,10,40.4365665,-86.8936667,157.200,-0.154,0.835,0.000
9196,25878,18150,15115,0,0,-0.22984,-1.45567,9.87848,-0.001065,-0.014914,-0.011718,-8.382,1.332,-0.083,0.0018,0.0015,1.6777,0.0084,0.0042,7.7661,-0.0001549,-0.0146824,-0.0112863,0.000000,0.000000,0.000000,0.00000,0.00000,0.000,0.000,0.000,0.000,0.000,-6.0000,0.0000,0.0000,6.0000,95.00,95.00,90.00,90.00,65535,65535,65535,1500,1,10,40.4365675,-86.8936665,157.300,-0.141,0.764,0.000
9239,19688,18105,15116,0,0,-0.22625,-1.43772,9.87728,-0.001065,-0.014914,-0.011718,-8.377,1.330,-0.084,0.0018,0.0013,1.6855,0.0087,0.0042,7.8398,-0.0001702,-0.0146791,-0.0112871,0.000000,0.000000,0.000000,0.00000,0.00000,0.000,0.000,0.000,0.000,0.000,-6.0000,0.0000,0.0000,6.0000,95.00,95.00,90.00,90.00,65535,65535,65535,1500,1,10,40.4365675,-86.8936665,157.300,-0.141,0.764,0.000
9294,20852,18138,15116,0,0,-0.22745,-1.45687,9.87967,0.000000,-0.014914,-0.011718,-8.378,1.329,-0.085,0.0017,0.0014,1.6954,0.0088,0.0043,7.9325,-0.0001727,-0.0146790,-0.0112871,0.000000,0.000000,0.000000,0.00000,0.00000,0.000,0.000,0.000,0.000,0.000,-6.0000,0.0000,0.0000,6.0000,95.00,95.00,90.00,90.00,65535,65535,65535,1500,1,10,40.4365688,-86.8936673,157.200,-0.139,0.754,0.000
9345,26321,18172,15159,0,0,-0.23104,-1.44729,9.88087,0.000000,-0.014914,-0.011718,-8.375,1.328,-0.086,0.0018,0.0014,1.7045,0.0089,0.0044,8.0185,-0.0001801,-0.0146792,-0.0112872,0.000000,0.000000,0.000000,0.00000,0.00000,0.000,0.000,0.000,0.000,0.000,-6.0000,0.0000,0.0000,6.0000,95.00,95.00,90.00,90.00,65535,65535,65535,1500,1,10,40.4365700,-86.8936667,157.200,-0.149,0.809,0.000
9395,25306,18170,15142,0,0,-0.22984,-1.45328,9.87967,-0.001065,-0.014914,-0.011718,-8.378,1.329,-0.088,0.0017,0.0014,1.7137,0.0088,0.0045,8.1044,-0.0001823,-0.0146820,-0.0112867,0.000000,0.000000,0.000000,0.00000,0.00000,0.000,0.000,0.000,0.000,0.000,-6.0000,0.0000,0.0000,6.0000,95.00,95.00,90.00,90.00,65535,65535,65535,1500,1,10,40.4365700,-86.8936667,157.100,-0.149,0.809,0.000
9438,18752,18104,15093,0,0,-0.22984,-1.45567,9.87848,0.000000,-0.014914,-0.011718,-8.377,1.327,-0.088,0.0017,0.0014,1.7215,0.0091,0.0045,8.1782,-0.0001870,-0.0146802,-0.0112873,0.000000,0.000000,0.000000,0.00000,0.00000,0.000,0.000,0.000,0.000,0.000,-6.0000,0.0000,0.0000,6.0000,95.00,95.00,90.00,90.00,65535,65535,65535,1500,1,10,40.4365700,-86.8936667,157.100,-0.149,0.809,0.000
9493,29928,18263,15306,0,0,-0.22745,-1.45208,9.87488,-0.001065,-0.014914,-0.011718,-8.377,1.327,-0.090,0.0017,0.0014,1.7314,0.0091,0.0046,8.2731,-0.0001934,-0.0146825,-0.0112871,0.000000,0.000000,0.000000,0.00000,0.00000,0.000,0.000,0.000,0.000,0.000,-6.0000,0.0000,0.0000,6.0000,95.00,95.00,90.00,90.00,65535,65535,65535,1500,1,10,40.4365720,-86.8936667,157.100,0.294,0.927,0.000
9532,24403,33250,30261,0,0,-0.22984,-1.44849,9.87488,-0.001065,-0.013848,-0.011718,-8.376,1.328,-0.090,0.0018,0.0014,1.7357,0.0092,0.0046,8.3154,-0.0001966,-0.0146816,-0.0112873,0.000000,0.000000,0.000000,0.00000,0.00000,0.000,0.000,0.000,0.000,0.000,-6.0000,0.0000,0.0000,6.0000,95.00,95.00,90.00,90.00,65535,65535,65535,1500,1,10,40.4365720,-86.8936667,157.100,0.294,0.927,0.000
9598,37926,20952,17931,0,0,-0.23822,-1.45328,9.87488,-0.001065,-0.014914,-0.010653,-8.382,1.329,-0.091,0.0015,0.0013,1.7499,0.0089,0.0048,8.4515,-0.0001929,-0.0146868,-0.0112860,0.000000,0.000000,0.000000,0.00000,0.00000,0.000,0.000,0.000,0.000,0.000,-6.0000,0.0000,0.0000,6.0000,95.00,95.00,90.00,90.00,65535,65535,65535,1500,1,10,40.4365737,-86.8936662,157.100,0.668,0.802,0.000
9642,19623,18110,15125,0,0,-0.23104,-1.45328,9.87967,-0.001065,-0.013848,-0.010653,-8.382,1.328,-0.090,0.0016,0.0013,1.7582,0.0093,0.0048,8.5330,-0.0001945,-0.0146834,-0.0112868,0.000000,0.000000,0.000000,0.00000,0.00000,0.000,0.000,0.000,0.000,0.000,-6.0000,0.0000,0.0000,6.0000,95.00,95.00,90.00,90.00,65535,65535,65535,1500,1,10,40.4365747,-86.8936658,157.100,0.703,0.642,0.000
9682,24880,33220,30230,0,0,-0.23942,-1.45567,9.87488,-0.001065,-0.014914,-0.011718,-8.383,1.330,-0.092,0.0015,0.0013,1.7626,0.0089,0.0049,8.5768,-0.0001942,-0.0146880,-0.0112858,0.000000,0.000000,0.000000,0.00000,0.00000,0.000,0.000,0.000,0.000,0.000,-6.0000,0.0000,0.0000,6.0000,95.00,95.00,90.00,90.00,65535,65535,65535,1500,1,10,40.4365747,-86.8936658,157.100,0.703,0.642,0.000
9745,34772,18208,15183,0,0,-0.23463,-1.44729,9.87249,-0.001065,-0.014914,-0.011718,-8.381,1.333,-0.094,0.0014,0.0015,1.7765,0.0089,0.0051,8.7146,-0.0002022,-0.0146909,-0.0112852,0.000000,0.000000,0.000000,0.00000,0.00000,0.000,0.000,0.000,0.000,0.000,-6.0000,0.0000,0.0000,6.0000,95.00,95.00,90.00,90.00,65535,65535,65535,1500,1,10,40.4365745,-86.8936638,157.100,0.634,0.580,0.000
9795,25153,18140,15120,0,0,-0.24301,-1.45807,9.88207,-0.001065,-0.014914,-0.011718,-8.383,1.336,-0.097,0.0013,0.0015,1.7859,0.0083,0.0052,8.8039,-0.0002000,-0.0147003,-0.0112836,0.000000,0.000000,0.000000,0.00000,0.00000,0.000,0.000,0.000,0.000,0.000,-6.0000,0.0000,0.0000,6.0000,95.00,95.00,90.00,90.00,65535,65535,65535,1500,1,10,40.4365745,-86.8936638,157.100,0.634,0.580,0.000
9838,18769,18112,15100,0,0,-0.23703,-1.44849,9.87728,-0.001065,-0.014914,-0.011718,-8.380,1.338,-0.099,0.0012,0.0015,1.7934,0.0082,0.0053,8.8808,-0.0002101,-0.0147044,-0.0112831,0.000000,0.000000,0.000000,0.00000,0.00000,0.000,0.000,0.000,0.000,0.000,-6.0000,0.0000,0.0000,6.0000,95.00,95.00,90.00,90.00,65535,65535,65535,1500,1,10,40.4365745,-86.8936638,157.100,0.634,0.580,0.000
9891,28109,18189,15161,0,0,-0.24780,-1.44729,9.87728,0.000000,-0.014914,-0.011718,-8.375,1.342,-0.102,0.0011,0.0015,1.8029,0.0077,0.0055,8.9762,-0.0002183,-0.0147153,-0.0112817,0.000000,0.000000,0.000000,0.00000,0.00000,0.000,0.000,0.000,0.000,0.000,-6.0000,0.0000,0.0000,6.0000,95.00,95.00,90.00,90.00,65535,65535,65535,1500,1,10,40.4365753,-86.8936632,157.100,0.638,0.583,0.000
9946,26711,18198,15138,0,0,-0.23343,-1.44849,9.87967,-0.001065,-0.014914,-0.011718,-8.374,1.341,-0.103,0.0011,0.0015,1.8129,0.0079,0.0056,9.0751,-0.0002265,-0.0147136,-0.0112822,0.000000,0.000000,0.000000,0.00000,0.00000,0.000,0.000,0.000,0.000,0.000,-6.0000,0.0000,0.0000,6.0000,95.00,95.00,90.00,90.00,65535,65535,65535,1500,1,10,40.4365765,-86.8936630,157.100,0.600,0.548,0.000
9995,24979,18158,15129,0,0,-0.23343,-1.44969,9.87249,-0.001065,-0.014914,-0.011718,-8.373,1.339,-0.102,0.0012,0.0015,1.8218,0.0082,0.0056,9.1658,-0.0002319,-0.0147115,-0.0112828,0.000000,0.000000,0.000000,0.00000,0.00000,0.000,0.000,0.000,0.000,0.000,-6.0000,0.0000,0.0000,6.0000,95.00,95.00,90.00,90.00,65535,65535,65535,1500,1,10,40.4365765,-86.8936630,157.200,0.600,0.548,0.000
10035,19050,38233,30265,0,0,-0.23703,-1.45089,9.87010,-0.001065,-0.014914,-0.010653,-8.374,1.340,-0.102,0.0012,0.0015,1.8251,0.0081,0.0057,9.2005,-0.0002330,-0.0147136,-0.0112825,0.000000,0.000000,0.000000,0.00000,0.00000,0.000,0.000,0.000,0.000,0.000,-6.0000,0.0000,0.0000,6.0000,95.00,95.00,90.00,90.00,65535,65535,65535,1500,1,10,40.4365765,-86.8936630,157.200,0.600,0.548,0.000
10092,35431,20311,15297,0,0,-0.24421,-1.45328,9.87848,-0.001065,-0.014914,-0.011718,-8.375,1.343,-0.105,0.0009,0.0016,1.8386,0.0077,0.0059,9.3385,-0.0002367,-0.0147215,-0.0112812,0.000000,0.000000,0.000000,0.00000,0.00000,0.000,0.000,0.000,0.000,0.000,-6.0000,0.0000,0.0000,6.0000,95.00,95.00,90.00,90.00,65535,65535,65535,1500,1,10,40.4365778,-86.8936652,157.200,0.425,0.389,0.000
10144,24715,18026,15017,0,0,-0.24301,-1.44011,9.87848,-0.002131,-0.014914,-0.011718,-8.372,1.344,-0.106,0.0009,0.0016,1.8484,0.0076,0.0060,9.4394,-0.0002504,-0.0147256,-0.0112811,0.000000,0.000000,0.000000,0.00000,0.00000,0.000,0.000,0.000,0.000,0.000,-6.0000,0.0000,0.0000,6.0000,95.00,95.00,90.00,90.00,65535,65535,65535,1500,1,10,40.4365778,-86.8936652,157.200,0.425,0.389,0.000
10194,30604,18194,15166,0,0,-0.24062,-1.45328,9.87249,0.000000,-0.014914,-0.010653,-8.370,1.346,-0.106,0.0008,0.0015,1.8571,0.0076,0.0061,9.5310,-0.0002556,-0.0147273,-0.0112810,0.000000,0.000000,0.000000,0.00000,0.00000,0.000,0.000,0.000,0.000,0.000,-6.0000,0.0000,0.0000,6.0000,95.00,95.00,90.00,90.00,65535,65535,65535,1500,1,10,40.4365793,-86.8936660,157.300,0.444,0.406,0.000
10238,19605,18142,15130,0,0,-0.22984,-1.45208,9.87129,-0.001065,-0.014914,-0.010653,-8.372,1.343,-0.105,0.0009,0.0015,1.8649,0.0080,0.0061,9.6129,-0.0002561,-0.0147232,-0.0112819,0.000000,0.000000,0.000000,0.00000,0.00000,0.000,0.000,0.000,0.000,0.000,-6.0000,0.0000,0.0000,6.0000,95.00,95.00,90.00,90.00,65535,65535,65535,1500,1,10,40.4365793,-86.8936660,157.300,0.444,0.406,0.000
10289,25775,18177,15139,0,0,-0.23224,-1.45328,9.88566,-0.001065,-0.014914,-0.011718,-8.373,1.343,-0.106,0.0009,0.0015,1.8743,0.0080,0.0062,9.7077,-0.0002584,-0.0147242,-0.0112818,0.000000,0.000000,0.000000,0.00000,0.00000,0.000,0.000,0.000,0.000,0.000,-6.0000,0.0000,0.0000,6.0000,95.00,95.00,90.00,90.00,65535,65535,65535,1500,1,10,40.4365812,-86.8936677,157.300,0.524,0.479,0.000
10345,29948,19892,15270,0,0,-0.23942,-1.44370,9.87010,0.000000,-0.014914,-0.011718,-8.372,1.346,-0.107,0.0008,0.0016,1.8838,0.0078,0.0063,9.8097,-0.0002595,-0.0147279,-0.0112812,0.000000,0.000000,0.000000,0.00000,0.00000,0.000,0.000,0.000,0.000,0.000,-6.0000,0.0000,0.0000,6.0000,95.00,95.00,90.00,90.00,65535,65535,65535,1500,1,10,40.4365812,-86.8936677,157.300,0.524,0.479,0.000
10396,26074,18156,15150,0,0,-0.23583,-1.45328,9.86770,-0.001065,-0.014914,-0.011718,-8.374,1.344,-0.108,0.0008,0.0016,1.8932,0.0080,0.0064,9.9093,-0.0002604,-0.0147258,-0.0112816,0.000000,0.000000,0.000000,0.00000,0.00000,0.000,0.000,0.000,0.000,0.000,-6.0000,0.0000,0.0000,6.0000,95.00,95.00,90.00,90.00,65535,65535,65535,1500,1,10,40.4365807,-86.8936655,157.400,0.524,0.479,0.000
10439,19381,18078,15106,0,0,-0.23104,-1.44370,9.87848,-0.001065,-0.014914,-0.011718,-8.372,1.345,-0.109,0.0008,0.0015,1.9010,0.0079,0.0065,9.9916,-0.0002675,-0.0147292,-0.0112813,0.000000,0.000000,0.000000,0.00000,0.00000,0.000,0.000,0.000,0.000,0.000,-6.0000,0.0000,0.0000,6.0000,95.00,95.00,90.00,90.00,65535,65535,65535,1500,1,10,40.4365807,-86.8936672,157.400,0.239,0.219,0.000
10490,25876,18172,15157,0,0,-0.24062,-1.44011,9.87967,0.000000,-0.013848,-0.011718,-8.367,1.347,-0.111,0.0008,0.0015,1.9102,0.0079,0.0065,10.0882,-0.0002785,-0.0147312,-0.0112814,0.000000,0.000000,0.000000,0.00000,0.00000,0.000,0.000,0.000,0.000,0.000,-6.0000,0.0000,0.0000,6.0000,95.00,95.00,90.00,90.00,65535,65535,65535,1500,1,10,40.4365807,-86.8936672,157.500,0.239,0.219,0.000
10561,43826,21408,15365,0,0,-0.23104,-1.44969,9.87608,-0.001065,-0.013848,-0.011718,-8.367,1.348,-0.111,0.0009,0.0016,1.9225,0.0081,0.0066,10.2185,-0.0002831,-0.0147301,-0.0112816,0.000000,0.000000,0.000000,0.00000,0.00000,0.000,0.000,0.000,0.000,0.000,-6.0000,0.0000,0.0000,6.0000,95.00,95.00,90.00,90.00,65535,65535,65535,1500,1,10,40.4365803,-86.8936673,157.500,0.194,0.177,0.000
10597,27668,30114,27117,0,0,-0.23343,-1.44251,9.87848,0.000000,-0.014914,-0.011718,-8.364,1.348,-0.112,0.0009,0.0016,1.9275,0.0081,0.0067,10.2718,-0.0002884,-0.0147293,-0.0112816,0.000000,0.000000,0.000000,0.00000,0.00000,0.000,0.000,0.000,0.000,0.000,-6.0000,0.0000,0.0000,6.0000,95.00,95.00,90.00,90.00,65535,65535,65535,1500,1,10,40.4365803,-86.8936673,157.500,0.194,0.177,0.000
10641,24464,18124,15112,0,0,-0.23583,-1.45567,9.87608,0.000000,-0.015979,-0.011718,-8.366,1.345,-0.111,0.0009,0.0016,1.9373,0.0083,0.0068,10.3792,-0.0002870,-0.0147276,-0.0112819,0.000000,0.000000,0.000000,0.00000,0.00000,0.000,0.000,0.000,0.000,0.000,-6.0000,0.0000,0.0000,6.0000,95.00,95.00,90.00,90.00,65535,65535,65535,1500,1,10,40.4365800,-86.8936683,157.500,0.292,0.267,0.000
10692,25904,18151,15123,0,0,-0.23583,-1.45208,9.87608,-0.001065,-0.014914,-0.011718,-8.363,1.344,-0.112,0.0010,0.0016,1.9464,0.0084,0.0068,10.4778,-0.0002969,-0.0147280,-0.0112821,0.000000,0.000000,0.000000,0.00000,0.00000,0.000,0.000,0.000,0.000,0.000,-6.0000,0.0000,0.0000,6.0000,95.00,95.00,90.00,90.00,65535,65535,65535,1500,1,10,40.4365800,-86.8936683,157.700,0.292,0.267,0.000
10767,43783,25013,15344,0,0,-0.23224,-1.45807,9.88207,-0.001065,-0.014914,-0.011718,-8.366,1.345,-0.113,0.0010,0.0015,1.9588,0.0085,0.0069,10.6103,-0.0002965,-0.0147281,-0.0112821,0.000000,0.000000,0.000000,0.00000,0.00000,0.000,0.000,0.000,0.000,0.000,-6.0000,0.0000,0.0000,6.0000,95.00,95.00,90.00,90.00,65535,65535,65535,1500,1,10,40.4365797,-86.8936695,157.700,0.372,0.340,0.000
10797,31333,24581,21554,0,0,-0.23463,-1.44490,9.87608,-0.001065,-0.014914,-0.011718,-8.365,1.344,-0.114,0.0010,0.0015,1.9643,0.0085,0.0070,10.6717,-0.0003006,-0.0147283,-0.0112821,0.000000,0.000000,0.000000,0.00000,0.00000,0.000,0.000,0.000,0.000,0.000,-6.0000,0.0000,0.0000,6.0000,95.00,95.00,90.00,90.00,65535,65535,65535,1500,1,10,40.4365797,-86.8936695,157.700,0.372,0.340,0.000
10841,24412,18121,15126,0,0,-0.22865,-1.44370,9.87249,-0.001065,-0.014914,-0.011718,-8.362,1.342,-0.115,0.0011,0.0015,1.9731,0.0089,0.0070,10.7700,-0.0003076,-0.0147251,-0.0112828,0.000000,0.000000,0.000000,0.00000,0.00000,0.000,0.000,0.000,0.000,0.000,-6.0000,0.0000,0.0000,6.0000,95.00,95.00,90.00,90.00,65535,65535,65535,1500,1,10,40.4365790,-86.8936717,157.700,0.547,0.500,0.000
10892,25918,18173,15144,0,0,-0.23104,-1.44370,9.88326,-0.001065,-0.014914,-0.011718,-8.361,1.339,-0.115,0.0012,0.0015,1.9823,0.0094,0.0070,10.8704,-0.0003142,-0.0147200,-0.0112839,0.000000,0.000000,0.000000,0.00000,0.00000,0.000,0.000,0.000,0.000,0.000,-6.0000,0.0000,0.0000,6.0000,95.00,95.00,90.00,90.00,65535,65535,65535,1500,1,10,40.4365790,-86.8936717,157.700,0.547,0.500,0.000
10942,25812,18215,15139,0,0,-0.24062,-1.44969,9.87967,0.000000,-0.013848,-0.010653,-8.358,1.342,-0.113,0.0011,0.0015,1.9913,0.0093,0.0071,10.9694,-0.0003167,-0.0147231,-0.0112836,0.000000,0.000000,0.000000,0.00000,0.00000,0.000,0.000,0.000,0.000,0.000,-6.0000,0.0000,0.0000,6.0000,95.00,95.00,90.00,90.00,65535,65535,65535,1500,1,10,40.4365783,-86.8936730,157.700,0.678,-0.569,0.000
11000,29714,17841,14848,0,0,-0.24301,-1.45328,9.87848,0.000000,-0.014914,-0.011718,-8.358,1.341,-0.115,0.0011,0.0015,2.0019,0.0094,0.0072,11.0863,-0.0003184,-0.0147242,-0.0112836,0.000000,0.000000,0.000000,0.00000,0.00000,0.000,0.000,0.000,0.000,0.000,-6.0000,0.0000,0.0000,6.0000,95.00,95.00,90.00,90.00,65535,65535,65535,1500,1,10,40.4365783,-86.8936730,157.700,0.678,-0.569,0.000
11039,18464,38199,30281,0,0,-0.23703,-1.44849,9.87608,-0.001065,-0.014914,-0.011718,-8.358,1.342,-0.115,0.0011,0.0015,2.0052,0.0093,0.0073,11.1233,-0.0003197,-0.0147258,-0.0112835,0.000000,0.000000,0.000000,0.00000,0.00000,0.000,0.000,0.000,0.000,0.000,-6.0000,0.0000,0.0000,6.0000,95.00,95.00,90.00,90.00,65535,65535,65535,1500,1,10,40.4365783,-86.8936730,157.700,0.678,-0.569,0.000
11097,36219,20187,15034,0,0,-0.23463,-1.45089,9.87488,0.000000,-0.014914,-0.011718,-8.357,1.341,-0.115,0.0012,0.0016,2.0186,0.0095,0.0074,11.2765,-0.0003228,-0.0147256,-0.0112837,0.000000,0.000000,0.000000,0.00000,0.00000,0.000,0.000,0.000,0.000,0.000,-6.0000,0.0000,0.0000,6.0000,95.00,95.00,90.00,90.00,65535,65535,65535,1500,1,10,40.4365775,-86.8936733,157.700,0.255,-0.847,0.000
11144,28818,18027,15026,0,0,-0.23343,-1.44729,9.87728,-0.001065,-0.014914,-0.011718,-8.357,1.339,-0.115,0.0012,0.0015,2.0275,0.0097,0.0074,11.3771,-0.0003270,-0.0147237,-0.0112840,0.000000,0.000000,0.000000,0.00000,0.00000,0.000,0.000,0.000,0.000,0.000,-6.0000,0.0000,0.0000,6.0000,95.00,95.00,90.00,90.00,65535,65535,65535,1500,1,10,40.4365775,-86.8936733,157.700,0.255,-0.847,0.000
11199,20676,18173,15121,0,0,-0.22146,-1.44849,9.88326,-0.001065,-0.013848,-0.011718,-8.355,1.336,-0.115,0.0013,0.0016,2.0373,0.0103,0.0074,11.4885,-0.0003348,-0.0147165,-0.0112852,0.000000,0.000000,0.000000,0.00000,0.00000,0.000,0.000,0.000,0.000,0.000,-6.0000,0.0000,0.0000,6.0000,95.00,95.00,90.00,90.00,65535,65535,65535,1500,1,10,40.4365773,-86.8936745,157.800,-0.009,-0.895,0.000
11243,19590,18119,15120,0,0,-0.23583,-1.44011,9.87488,-0.001065,-0.014914,-0.011718,-8.352,1.336,-0.117,0.0013,0.0015,2.0451,0.0104,0.0075,11.5780,-0.0003417,-0.0147184,-0.0112853,0.000000,0.000000,0.000000,0.00000,0.00000,0.000,0.000,0.000,0.000,0.000,-6.0000,0.0000,0.0000,6.0000,95.00,95.00,90.00,90.00,65535,65535,65535,1500,1,10,40.4365773,-86.8936745,157.800,-0.009,-0.895,0.000
11294,25885,18159,15146,0,0,-0.22266,-1.44849,9.87728,-0.001065,-0.014914,-0.011718,-8.352,1.333,-0.117,0.0014,0.0015,2.0542,0.0108,0.0075,11.6824,-0.0003447,-0.0147132,-0.0112860,0.000000,0.000000,0.000000,0.00000,0.00000,0.000,0.000,0.000,0.000,0.000,-6.0000,0.0000,0.0000,6.0000,95.00,95.00,90.00,90.00,65535,65535,65535,1500,1,10,40.4365768,-86.8936738,157.900,-0.007,-0.689,0.000
11345,26442,18190,15150,0,0,-0.22984,-1.44490,9.87488,-0.001065,-0.014914,-0.011718,-8.353,1.333,-0.116,0.0014,0.0015,2.0633,0.0109,0.0076,11.7869,-0.0003460,-0.0147138,-0.0112860,0.000000,0.000000,0.000000,0.00000,0.00000,0.000,0.000,0.000,0.000,0.000,-6.0000,0.0000,0.0000,6.0000,95.00,95.00,90.00,90.00,65535,65535,65535,1500,1,10,40.4365772,-86.8936745,157.900,-0.006,-0.550,0.000
11399,29758,17927,14993,0,0,-0.23463,-1.44729,9.87488,-0.001065,-0.014914,-0.011718,-8.353,1.333,-0.118,0.0014,0.0015,2.0729,0.0109,0.0077,11.8989,-0.0003500,-0.0147162,-0.0112859,0.000000,0.000000,0.000000,0.00000,0.00000,0.000,0.000,0.000,0.000,0.000,-6.0000,0.0000,0.0000,6.0000,95.00,95.00,90.00,90.00,65535,65535,65535,1500,1,10,40.4365772,-86.8936745,157.900,-0.006,-0.550,0.000
11442,24630,18085,15081,0,0,-0.23104,-1.45328,9.87848,-0.001065,-0.013848,-0.010653,-8.356,1.333,-0.117,0.0014,0.0015,2.0807,0.0111,0.0077,11.9885,-0.0003487,-0.0147138,-0.0112862,0.000000,0.000000,0.000000,0.00000,0.00000,0.000,0.000,0.000,0.000,0.000,-6.0000,0.0000,0.0000,6.0000,95.00,95.00,90.00,90.00,65535,65535,65535,1500,1,10,40.4365773,-86.8936752,157.900,-0.005,-0.494,0.000
11493,26057,18108,15097,0,0,-0.23343,-1.44131,9.87728,-0.001065,-0.014914,-0.010653,-8.354,1.333,-0.117,0.0014,0.0015,2.0896,0.0113,0.0078,12.0948,-0.0003559,-0.0147127,-0.0112864,0.000000,0.000000,0.000000,0.00000,0.00000,0.000,0.000,0.000,0.000,0.000,-6.0000,0.0000,0.0000,6.0000,95.00,95.00,90.00,90.00,65535,65535,65535,1500,1,10,40.4365773,-86.8936752,157.900,-0.005,-0.494,0.000
11532,23962,33197,30212,0,0,-0.23822,-1.44729,9.87728,-0.001065,-0.014914,-0.011718,-8.354,1.334,-0.118,0.0014,0.0015,2.0939,0.0111,0.0079,12.1450,-0.0003574,-0.0147155,-0.0112859,0.000000,0.000000,0.000000,0.00000,0.00000,0.000,0.000,0.000,0.000,0.000,-6.0000,0.0000,0.0000,6.0000,95.00,95.00,90.00,90.00,65535,65535,65535,1500,1,10,40.4365773,-86.8936752,157.900,-0.005,-0.494,0.000
11597,32592,25304,17444,0,0,-0.23224,-1.44490,9.87608,-0.001065,-0.014914,-0.011718,-8.354,1.332,-0.119,0.0015,0.0016,2.1068,0.0114,0.0080,12.2973,-0.0003618,-0.0147137,-0.0112864,0.000000,0.000000,0.000000,0.00000,0.00000,0.000,0.000,0.000,0.000,0.000,-6.0000,0.0000,0.0000,6.0000,95.00,95.00,90.00,90.00,65535,65535,65535,1500,1,10,40.4365777,-86.8936782,157.900,-0.001,-0.694,0.000
11649,24067,18128,15092,0,0,-0.23104,-1.45089,9.87488,-0.001065,-0.014914,-0.011718,-8.356,1.332,-0.121,0.0014,0.0016,2.1175,0.0115,0.0081,12.4219,-0.0003637,-0.0147143,-0.0112863,0.000000,0.000000,0.000000,0.00000,0.00000,0.000,0.000,0.000,0.000,0.000,-6.0000,0.0000,0.0000,6.0000,95.00,95.00,90.00,90.00,65535,65535,65535,1500,1,10,40.4365787,-86.8936795,157.900,0.118,-0.700,0.000
11699,25928,17929,14913,0,0,-0.22984,-1.45448,9.87728,0.000000,-0.014914,-0.011718,-8.356,1.332,-0.120,0.0014,0.0016,2.1266,0.0114,0.0082,12.5296,-0.0003635,-0.0147150,-0.0112861,0.000000,0.000000,0.000000,0.00000,0.00000,0.000,0.000,0.000,0.000,0.000,-6.0000,0.0000,0.0000,6.0000,95.00,95.00,90.00,90.00,65535,65535,65535,1500,1,158,40.4365787,-86.8936795,-33.500,0.118,-0.700,0.000
11749,26266,18146,15127,0,0,-0.23224,-1.45208,9.87249,-0.001065,-0.014914,-0.011718,-8.357,1.332,-0.120,0.0014,0.0016,2.1353,0.0114,0.0083,12.6359,-0.0003645,-0.0147165,-0.0112859,0.000000,0.000000,0.000000,0.00000,0.00000,0.000,0.000,0.000,0.000,0.000,-6.0000,0.0000,0.0000,6.0000,95.00,95.00,90.00,90.00,65535,65535,65535,1500,1,158,40.4365790,-86.8936808,-33.500,0.201,-0.766,0.000
11789,24356,33309,30313,0,0,-0.23463,-1.45208,9.87369,-0.001065,-0.014914,-0.011718,-8.359,1.332,-0.121,0.0014,0.0016,2.1396,0.0113,0.0083,12.6879,-0.0003639,-0.0147177,-0.0112856,0.000000,0.000000,0.000000,0.00000,0.00000,0.000,0.000,0.000,0.000,0.000,-6.0000,0.0000,0.0000,6.0000,95.00,95.00,90.00,90.00,65535,65535,65535,1500,1,158,40.4365790,-86.8936808,-33.500,0.201,-0.766,0.000
11849,31151,23254,15245,0,0,-0.23942,-1.44729,9.87129,-0.001065,-0.014914,-0.011718,-8.361,1.336,-0.121,0.0013,0.0016,2.1520,0.0111,0.0085,12.8395,-0.0003616,-0.0147204,-0.0112852,0.000000,0.000000,0.000000,0.00000,0.00000,0.000,0.000,0.000,0.000,0.000,-6.0000,0.0000,0.0000,6.0000,95.00,95.00,90.00,90.00,65535,65535,65535,1500,1,158,40.4365782,-86.8936792,-33.500,0.144,-0.547,0.000
11900,26171,17966,14917,0,0,-0.23224,-1.44969,9.88446,-0.001065,-0.014914,-0.011718,-8.361,1.336,-0.123,0.0012,0.0016,2.1623,0.0111,0.0086,12.9606,-0.0003622,-0.0147222,-0.0112850,0.000000,0.000000,0.000000,0.00000,0.00000,0.000,0.000,0.000,0.000,0.000,-6.0000,0.0000,0.0000,6.0000,95.00,95.00,90.00,90.00,65535,65535,65535,1500,1,10,40.4365782,-86.8936792,158.300,0.144,-0.547,0.000
11950,26367,18188,15158,0,0,-0.22266,-1.44729,9.87967,-0.002131,-0.013848,-0.011718,-8.360,1.334,-0.122,0.0014,0.0015,2.1712,0.0118,0.0086,13.0691,-0.0003703,-0.0147171,-0.0112861,0.000000,0.000000,0.000000,0.00000,0.00000,0.000,0.000,0.000,0.000,0.000,-6.0000,0.0000,0.0000,6.0000,95.00,95.00,90.00,90.00,65535,65535,65535,1500,1,10,40.4365785,-86.8936773,158.300,0.084,-0.318,0.000
11999,30056,17853,14830,0,0,-0.23463,-1.44849,9.87369,0.000000,-0.014914,-0.011718,-8.359,1.334,-0.123,0.0014,0.0015,2.1799,0.0119,0.0086,13.1761,-0.0003708,-0.0147163,-0.0112863,0.000000,0.000000,0.000000,0.00000,0.00000,0.000,0.000,0.000,0.000,0.000,-6.0000,0.0000,0.0000,6.0000,95.00,95.00,90.00,90.00,65535,65535,65535,1500,1,10,40.4365785,-86.8936773,158.300,0.084,-0.318,0.000
12038,23524,33285,30253,0,0,-0.24062,-1.45089,9.87728,0.000000,-0.014914,-0.011718,-8.359,1.336,-0.124,0.0013,0.0015,2.1842,0.0117,0.0087,13.2275,-0.0003710,-0.0147201,-0.0112859,0.000000,0.000000,0.000000,0.00000,0.00000,0.000,0.000,0.000,0.000,0.000,-6.0000,0.0000,0.0000,6.0000,95.00,95.00,90.00,90.00,65535,65535,65535,1500,1,10,40.4365785,-86.8936773,158.300,0.084,-0.318,0.000
12083,41192,37342,29504,0,0,-0.23703,-1.45089,9.87369,-0.001065,-0.013848,-0.011718,-8.360,1.339,-0.126,0.0012,0.0015,2.1914,0.0116,0.0088,13.3176,-0.0003711,-0.0147220,-0.0112856,0.000000,0.000000,0.000000,0.00000,0.00000,0.000,0.000,0.000,0.000,0.000,-6.0000,0.0000,0.0000,6.0000,95.00,95.00,90.00,90.00,65535,65535,65535,1500,1,10,40.4365785,-86.8936777,158.300,0.072,-0.274,0.000
12150,17657,18012,15028,0,0,-0.23104,-1.44729,9.87848,-0.001065,-0.014914,-0.011718,-8.364,1.337,-0.124,0.0014,0.0015,2.2068,0.0123,0.0089,13.5054,-0.0003736,-0.0147158,-0.0112866,0.000000,0.000000,0.000000,0.00000,0.00000,0.000,0.000,0.000,0.000,0.000,-6.0000,0.0000,0.0000,6.0000,95.00,95.00,90.00,90.00,65535,65535,65535,1500,1,10,40.4365785,-86.8936777,158.300,0.072,-0.274,0.000
12200,25711,18174,15131,0,0,-0.24062,-1.44610,9.87848,-0.001065,-0.014914,-0.011718,-8.362,1.337,-0.126,0.0013,0.0015,2.2157,0.0119,0.0090,13.6170,-0.0003772,-0.0147187,-0.0112858,0.000000,0.000000,0.000000,0.00000,0.00000,0.000,0.000,0.000,0.000,0.000,-6.0000,0.0000,0.0000,6.0000,95.00,95.00,90.00,90.00,65535,65535,65535,1500,1,11,40.4365788,-86.8936782,158.300,0.047,-0.179,0.000
12244,19587,18147,15120,0,0,-0.23463,-1.44251,9.88326,0.000000,-0.013848,-0.011718,-8.360,1.338,-0.128,0.0013,0.0014,2.2235,0.0118,0.0091,13.7145,-0.0003822,-0.0147184,-0.0112855,0.000000,0.000000,0.000000,0.00000,0.00000,0.000,0.000,0.000,0.000,0.000,-6.0000,0.0000,0.0000,6.0000,95.00,95.00,90.00,90.00,65535,65535,65535,1500,1,11,40.4365788,-86.8936782,158.300,0.047,-0.179,0.000
12299,20796,18123,15099,0,0,-0.22865,-1.45328,9.87249,0.000000,-0.014914,-0.011718,-8.360,1.337,-0.129,0.0012,0.0015,2.2331,0.0119,0.0092,13.8362,-0.0003833,-0.0147178,-0.0112855,0.000000,0.000000,0.000000,0.00000,0.00000,0.000,0.000,0.000,0.000,0.000,-6.0000,0.0000,0.0000,6.0000,95.00,95.00,90.00,90.00,65535,65535,65535,1500,1,11,40.4365797,-86.8936802,158.100,0.058,-0.219,0.000
12349,26372,18204,15174,0,0,-0.23343,-1.44370,9.87129,-0.001065,-0.014914,-0.010653,-8.358,1.336,-0.129,0.0012,0.0015,2.2418,0.0118,0.0093,13.9495,-0.0003905,-0.0147174,-0.0112852,0.000000,0.000000,0.000000,0.00000,0.00000,0.000,0.000,0.000,0.000,0.000,-6.0000,0.0000,0.0000,6.0000,95.00,95.00,90.00,90.00,65535,65535,65535,1500,1,11,40.4365798,-86.8936807,158.100,0.047,-0.179,0.000
12398,30130,17958,14965,0,0,-0.23463,-1.44131,9.87488,-0.001065,-0.014914,-0.010653,-8.357,1.334,-0.128,0.0012,0.0015,2.2505,0.0120,0.0093,14.0603,-0.0003950,-0.0147151,-0.0112855,0.000000,0.000000,0.000000,0.00000,0.00000,0.000,0.000,0.000,0.000,0.000,-6.0000,0.0000,0.0000,6.0000,95.00,95.00,90.00,90.00,65535,65535,65535,1500,1,11,40.4365798,-86.8936807,158.100,0.047,-0.179,0.000
12442,24677,18085,15107,0,0,-0.23104,-1.44610,9.87369,0.000000,-0.014914,-0.011718,-8.355,1.332,-0.128,0.0012,0.0015,2.2581,0.0123,0.0094,14.1580,-0.0003987,-0.0147120,-0.0112860,0.000000,0.000000,0.000000,0.00000,0.00000,0.000,0.000,0.000,0.000,0.000,-6.0000,0.0000,0.0000,6.0000,95.00,95.00,90.00,90.00,65535,65535,65535,1500,1,11,40.4365807,-86.8936827,158.100,0.065,-0.249,0.000
12501,29878,22048,14931,0,0,-0.22984,-1.44849,9.87010,-0.001065,-0.014914,-0.011718,-8.355,1.330,-0.129,0.0012,0.0015,2.2675,0.0124,0.0094,14.2820,-0.0004018,-0.0147113,-0.0112861,0.000000,0.000000,0.000000,0.00000,0.00000,0.000,0.000,0.000,0.000,0.000,-6.0000,0.0000,0.0000,6.0000,95.00,95.00,90.00,90.00,65535,65535,65535,1500,1,11,40.4365807,-86.8936827,157.900,0.065,-0.249,0.000
12540,22796,38317,30298,0,0,-0.23343,-1.44370,9.87728,-0.001065,-0.014914,-0.011718,-8.354,1.330,-0.130,0.0012,0.0015,2.2716,0.0124,0.0095,14.3337,-0.0004049,-0.0147121,-0.0112860,0.000000,0.000000,0.000000,0.00000,0.00000,0.000,0.000,0.000,0.000,0.000,-6.0000,0.0000,0.0000,6.0000,95.00,95.00,90.00,90.00,65535,65535,65535,1500,1,11,40.4365807,-86.8936827,157.900,0.065,-0.249,0.000
12604,37659,25059,17122,0,0,-0.23104,-1.44610,9.87249,-0.001065,-0.014914,-0.010653,-8.355,1.328,-0.126,0.0014,0.0015,2.2851,0.0129,0.0095,14.5106,-0.0004078,-0.0147090,-0.0112866,0.000000,0.000000,0.000000,0.00000,0.00000,0.000,0.000,0.000,0.000,0.000,-6.0000,0.0000,0.0000,6.0000,95.00,95.00,90.00,90.00,65535,65535,65535,1500,1,11,40.4365818,-86.8936850,157.900,0.081,-0.308,0.000
12648,20225,18115,15132,0,0,-0.23463,-1.43892,9.86890,-0.001065,-0.014914,-0.011718,-8.352,1.328,-0.127,0.0015,0.0015,2.2939,0.0131,0.0096,14.6278,-0.0004153,-0.0147094,-0.0112869,0.000000,0.000000,0.000000,0.00000,0.00000,0.000,0.000,0.000,0.000,0.000,-6.0000,0.0000,0.0000,6.0000,95.00,95.00,90.00,90.00,65535,65535,65535,1500,1,11,40.4365830,-86.8936878,157.400,0.110,-0.418,0.000
12702,35014,17807,14895,0,0,-0.22984,-1.44729,9.88925,-0.001065,-0.014914,-0.011718,-8.352,1.325,-0.126,0.0016,0.0015,2.3039,0.0137,0.0096,14.7522,-0.0004189,-0.0147061,-0.0112878,0.000000,0.000000,0.000000,0.00000,0.00000,0.000,0.000,0.000,0.000,0.000,-6.0000,0.0000,0.0000,6.0000,95.00,95.00,90.00,90.00,65535,65535,65535,1500,1,11,40.4365830,-86.8936878,157.400,0.110,-0.418,0.000
12733,23497,24800,21776,0,0,-0.22984,-1.44610,9.87848,-0.001065,-0.014914,-0.010653,-8.352,1.325,-0.125,0.0016,0.0015,2.3081,0.0139,0.0096,14.8064,-0.0004208,-0.0147056,-0.0112880,0.000000,0.000000,0.000000,0.00000,0.00000,0.000,0.000,0.000,0.000,0.000,-6.0000,0.0000,0.0000,6.0000,95.00,95.00,90.00,90.00,65535,65535,65535,1500,1,11,40.4365830,-86.8936878,157.400,0.110,-0.418,0.000
12783,25358,18174,15152,0,0,-0.22745,-1.44490,9.87608,0.000000,-0.014914,-0.010653,-8.350,1.323,-0.122,0.0016,0.0015,2.3183,0.0143,0.0097,14.9389,-0.0004237,-0.0147043,-0.0112884,0.000000,0.000000,0.000000,0.00000,0.00000,0.000,0.000,0.000,0.000,0.000,-6.0000,0.0000,0.0000,6.0000,95.00,95.00,90.00,90.00,65535,65535,65535,1500,1,10,40.4365835,-86.8936885,157.400,0.086,-0.328,0.000
12846,19567,18080,15088,0,0,-0.23224,-1.44490,9.87488,-0.001065,-0.014914,-0.011718,-8.349,1.326,-0.125,0.0016,0.0015,2.3293,0.0140,0.0098,15.0842,-0.0004293,-0.0147104,-0.0112878,0.000000,0.000000,0.000000,0.00000,0.00000,0.000,0.000,0.000,0.000,0.000,-6.0000,0.0000,0.0000,6.0000,95.00,95.00,90.00,90.00,65535,65535,65535,1500,1,10,40.4365837,-86.8936898,157.400,0.085,-0.323,0.000
12886,24667,33232,30214,0,0,-0.23104,-1.44490,9.87608,-0.001065,-0.014914,-0.011718,-8.349,1.326,-0.125,0.0016,0.0015,2.3337,0.0141,0.0099,15.1417,-0.0004312,-0.0147104,-0.0112880,0.000000,0.000000,0.000000,0.00000,0.00000,0.000,0.000,0.000,0.000,0.000,-6.0000,0.0000,0.0000,6.0000,95.00,95.00,90.00,90.00,65535,65535,65535,1500,1,10,40.4365837,-86.8936898,157.400,0.085,-0.323,0.000
12948,34700,18203,15180,0,0,-0.23822,-1.44011,9.87728,-0.001065,-0.014914,-0.011718,-8.350,1.326,-0.128,0.0015,0.0015,2.3473,0.0141,0.0100,15.3237,-0.0004342,-0.0147133,-0.0112877,0.000000,0.000000,0.000000,0.00000,0.00000,0.000,0.000,0.000,0.000,0.000,-6.0000,0.0000,0.0000,6.0000,95.00,95.00,90.00,90.00,65535,65535,65535,1500,1,10,40.4365833,-86.8936885,157.400,0.031,-0.119,0.000
12998,30310,17957,14928,0,0,-0.23703,-1.44251,9.87488,-0.001065,-0.014914,-0.011718,-8.348,1.329,-0.129,0.0015,0.0015,2.3561,0.0139,0.0101,15.4401,-0.0004404,-0.0147172,-0.0112874,0.000000,0.000000,0.000000,0.00000,0.00000,0.000,0.000,0.000,0.000,0.000,-6.0000,0.0000,0.0000,6.0000,95.00,95.00,90.00,90.00,65535,65535,65535,1500,1,10,40.4365833,-86.8936885,157.400,0.031,-0.119,0.000
13037,18630,38354,30314,0,0,-0.22865,-1.44490,9.87728,-0.001065,-0.014914,-0.011718,-8.347,1.328,-0.129,0.0015,0.0015,2.3594,0.0142,0.0101,15.4840,-0.0004423,-0.0147159,-0.0112878,0.000000,0.000000,0.000000,0.00000,0.00000,0.000,0.000,0.000,0.000,0.000,-6.0000,0.0000,0.0000,6.0000,95.00,95.00,90.00,90.00,65535,65535,65535,1500,1,10,40.4365833,-86.8936885,157.400,0.031,-0.119,0.000
13095,36223,20382,15086,0,0,-0.22745,-1.45089,9.87608,-0.001065,-0.014914,-0.011718,-8.348,1.325,-0.130,0.0017,0.0015,2.3728,0.0148,0.0101,15.6646,-0.0004443,-0.0147131,-0.0112886,0.000000,0.000000,0.000000,0.00000,0.00000,0.000,0.000,0.000,0.000,0.000,-6.0000,0.0000,0.0000,6.0000,95.00,95.00,90.00,90.00,65535,65535,65535,1500,1,10,40.4365835,-86.8936890,157.400,0.025,-0.095,0.000
13148,25093,18107,15097,0,0,-0.22266,-1.45567,9.87608,-0.001065,-0.014914,-0.011718,-8.351,1.322,-0.130,0.0018,0.0015,2.3826,0.0155,0.0101,15.7953,-0.0004437,-0.0147091,-0.0112895,0.000000,0.000000,0.000000,0.00000,0.00000,0.000,0.000,0.000,0.000,0.000,-6.0000,0.0000,0.0000,6.0000,95.00,95.00,90.00,90.00,65535,65535,65535,1500,1,10,40.4365835,-86.8936890,157.400,0.025,-0.095,0.000
13198,25416,18191,15145,0,0,-0.22865,-1.44251,9.88087,-0.001065,-0.014914,-0.011718,-8.348,1.321,-0.131,0.0019,0.0015,2.3918,0.0160,0.0102,15.9159,-0.0004488,-0.0147091,-0.0112900,0.000000,0.000000,0.000000,0.00000,0.00000,0.000,0.000,0.000,0.000,0.000,-6.0000,0.0000,0.0000,6.0000,95.00,95.00,90.00,90.00,65535,65535,65535,1500,1,10,40.4365838,-86.8936900,157.400,0.041,-0.154,0.000
13242,19632,18174,15143,0,0,-0.22745,-1.44370,9.87369,-0.001065,-0.014914,-0.011718,-8.346,1.322,-0.132,0.0019,0.0014,2.3995,0.0162,0.0102,16.0211,-0.0004534,-0.0147108,-0.0112902,0.000000,0.000000,0.000000,0.00000,0.00000,0.000,0.000,0.000,0.000,0.000,-6.0000,0.0000,0.0000,6.0000,95.00,95.00,90.00,90.00,65535,65535,65535,1500,1,10,40.4365838,-86.8936900,157.400,0.041,-0.154,0.000
13293,25890,18191,15142,0,0,-0.23822,-1.44729,9.87848,-0.001065,-0.014914,-0.011718,-8.347,1.325,-0.133,0.0018,0.0015,2.4087,0.0157,0.0104,16.1436,-0.0004553,-0.0147159,-0.0112894,0.000000,0.000000,0.000000,0.00000,0.00000,0.000,0.000,0.000,0.000,0.000,-6.0000,0.0000,0.0000,6.0000,95.00,95.00,90.00,90.00,65535,65535,65535,1500,1,9,40.4365847,-86.8936907,157.400,0.072,-0.274,0.000
13354,30361,24044,15243,0,0,-0.22625,-1.44490,9.88207,0.000000,-0.014914,-0.011718,-8.344,1.325,-0.134,0.0018,0.0015,2.4186,0.0158,0.0105,16.2756,-0.0004601,-0.0147179,-0.0112894,0.000000,0.000000,0.000000,0.00000,0.00000,0.000,0.000,0.000,0.000,0.000,-6.0000,0.0000,0.0000,6.0000,95.00,95.00,90.00,90.00,65535,65535,65535,1500,1,9,40.4365838,-86.8936890,157.400,0.037,-0.139,0.000
13385,30472,24563,21535,0,0,-0.22984,-1.44729,9.87010,-0.001065,-0.014914,-0.011718,-8.345,1.324,-0.135,0.0019,0.0015,2.4239,0.0159,0.0105,16.3494,-0.0004603,-0.0147176,-0.0112895,0.000000,0.000000,0.000000,0.00000,0.00000,0.000,0.000,0.000,0.000,0.000,-6.0000,0.0000,0.0000,6.0000,95.00,95.00,90.00,90.00,65535,65535,65535,1500,1,9,40.4365838,-86.8936890,157.400,0.037,-0.139,0.000
13447,19575,18116,15089,0,0,-0.23343,-1.43892,9.87848,0.000000,-0.014914,-0.011718,-8.341,1.322,-0.135,0.0021,0.0014,2.4362,0.0171,0.0104,16.5172,-0.0004679,-0.0147141,-0.0112910,0.000000,0.000000,0.000000,0.00000,0.00000,0.000,0.000,0.000,0.000,0.000,-6.0000,0.0000,0.0000,6.0000,95.00,95.00,90.00,90.00,65535,65535,65535,1500,1,9,40.4365835,-86.8936880,157.600,0.051,-0.194,0.000
13497,26157,17886,14875,0,0,-0.22625,-1.45089,9.88087,0.000000,-0.014914,-0.011718,-8.341,1.320,-0.134,0.0021,0.0014,2.4452,0.0175,0.0105,16.6401,-0.0004677,-0.0147117,-0.0112913,0.000000,0.000000,0.000000,0.00000,0.00000,0.000,0.000,0.000,0.000,0.000,-6.0000,0.0000,0.0000,6.0000,95.00,95.00,90.00,90.00,65535,65535,65535,1500,1,9,40.4365835,-86.8936880,157.600,0.051,-0.194,0.000
13536,18517,38309,30290,0,0,-0.23583,-1.45208,9.87129,-0.001065,-0.014914,-0.011718,-8.343,1.322,-0.135,0.0021,0.0014,2.4484,0.0171,0.0106,16.6854,-0.0004659,-0.0147141,-0.0112908,0.000000,0.000000,0.000000,0.00000,0.00000,0.000,0.000,0.000,0.000,0.000,-6.0000,0.0000,0.0000,6.0000,95.00,95.00,90.00,90.00,65535,65535,65535,1500,1,9,40.4365835,-86.8936880,157.600,0.051,-0.194,0.000
13584,48965,36819,30452,0,0,-0.23343,-1.44969,9.87967,0.000000,-0.014914,-0.011718,-8.342,1.322,-0.137,0.0020,0.0014,2.4573,0.0171,0.0106,16.8055,-0.0004654,-0.0147154,-0.0112907,0.000000,0.000000,0.000000,0.00000,0.00000,0.000,0.000,0.000,0.000,0.000,-6.0000,0.0000,0.0000,6.0000,95.00,95.00,90.00,90.00,65535,65535,65535,1500,1,9,40.4365835,-86.8936878,157.600,0.068,-0.259,0.000
13649,19671,18121,15080,0,0,-0.23104,-1.44849,9.87369,-0.001065,-0.014914,-0.011718,-8.345,1.325,-0.140,0.0019,0.0014,2.4721,0.0171,0.0108,17.0111,-0.0004627,-0.0147194,-0.0112904,0.000000,0.000000,0.000000,0.00000,0.00000,0.000,0.000,0.000,0.000,0.000,-6.0000,0.0000,0.0000,6.0000,95.00,95.00,90.00,90.00,65535,65535,65535,1500,1,9,40.4365827,-86.8936880,157.700,0.056,-0.214,0.000
13698,25831,17844,14824,0,0,-0.22984,-1.45567,9.87369,-0.001065,-0.014914,-0.011718,-8.349,1.325,-0.141,0.0019,0.0014,2.4809,0.0170,0.0109,17.1347,-0.0004594,-0.0147195,-0.0112902,0.000000,0.000000,0.000000,0.00000,0.00000,0.000,0.000,0.000,0.000,0.000,-6.0000,0.0000,0.0000,6.0000,95.00,95.00,90.00,90.00,65535,65535,65535,1500,1,9,40.4365827,-86.8936880,157.700,0.056,-0.214,0.000
13748,26294,18163,15140,0,0,-0.22266,-1.45208,9.87967,-0.001065,-0.014914,-0.011718,-8.352,1.323,-0.142,0.0019,0.0014,2.4899,0.0172,0.0109,17.2584,-0.0004574,-0.0147161,-0.0112904,0.000000,0.000000,0.000000,0.00000,0.00000,0.000,0.000,0.000,0.000,0.000,-6.0000,0.0000,0.0000,6.0000,95.00,95.00,90.00,90.00,65535,65535,65535,1500,1,9,40.4365813,-86.8936882,157.700,0.097,-0.368,0.000
13783,28215,24455,16577,0,0,-0.23104,-1.44969,9.87249,-0.001065,-0.013848,-0.011718,-8.353,1.325,-0.143,0.0019,0.0014,2.4948,0.0173,0.0110,17.3287,-0.0004574,-0.0147162,-0.0112904,0.000000,0.000000,0.000000,0.00000,0.00000,0.000,0.000,0.000,0.000,0.000,-6.0000,0.0000,0.0000,6.0000,95.00,95.00,90.00,90.00,65535,65535,65535,1500,1,9,40.4365813,-86.8936882,157.700,0.097,-0.368,0.000
13845,19403,18063,15094,0,0,-0.22745,-1.44849,9.87967,-0.001065,-0.014914,-0.010653,-8.354,1.323,-0.143,0.0019,0.0013,2.5072,0.0176,0.0110,17.4999,-0.0004593,-0.0147147,-0.0112905,0.000000,0.000000,0.000000,0.00000,0.00000,0.000,0.000,0.000,0.000,0.000,-6.0000,0.0000,0.0000,6.0000,95.00,95.00,90.00,90.00,65535,65535,65535,1500,1,9,40.4365810,-86.8936890,157.700,0.092,-0.348,0.000
13896,25817,18198,15157,0,0,-0.23343,-1.43772,9.87728,-0.001065,-0.013848,-0.011718,-8.353,1.326,-0.145,0.0018,0.0013,2.5161,0.0172,0.0112,17.6272,-0.0004647,-0.0147179,-0.0112900,0.000000,0.000000,0.000000,0.00000,0.00000,0.000,0.000,0.000,0.000,0.000,-6.0000,0.0000,0.0000,6.0000,95.00,95.00,90.00,90.00,65535,65535,65535,1500,1,9,40.4365810,-86.8936890,157.900,0.092,-0.348,0.000
13935,24138,33208,30213,0,0,-0.24062,-1.45567,9.87129,-0.001065,-0.014914,-0.011718,-8.355,1.328,-0.146,0.0018,0.0014,2.5203,0.0169,0.0113,17.6880,-0.0004622,-0.0147218,-0.0112895,0.000000,0.000000,0.000000,0.00000,0.00000,0.000,0.000,0.000,0.000,0.000,-6.0000,0.0000,0.0000,6.0000,95.00,95.00,90.00,90.00,65535,65535,65535,1500,1,9,40.4365810,-86.8936890,157.900,0.092,-0.348,0.000
13997,42707,18106,15180,0,0,-0.23104,-1.45089,9.87967,-0.001065,-0.014914,-0.010653,-8.356,1.328,-0.146,0.0017,0.0014,2.5341,0.0168,0.0114,17.8841,-0.0004649,-0.0147231,-0.0112893,0.000000,0.000000,0.000000,0.00000,0.00000,0.000,0.000,0.000,0.000,0.000,-6.0000,0.0000,0.0000,6.0000,95.00,95.00,90.00,90.00,65535,65535,65535,1500,1,9,40.4365812,-86.8936892,157.900,0.058,-0.219,0.000
14036,23898,33304,30294,0,0,-0.22865,-1.44849,9.88207,-0.001065,-0.014914,-0.011718,-8.356,1.327,-0.146,0.0017,0.0014,2.5385,0.0171,0.0114,17.9447,-0.0004661,-0.0147219,-0.0112895,0.000000,0.000000,0.000000,0.00000,0.00000,0.000,0.000,0.000,0.000,0.000,-6.0000,0.0000,0.0000,6.0000,95.00,95.00,90.00,90.00,65535,65535,65535,1500,1,9,40.4365812,-86.8936892,157.900,0.058,-0.219,0.000
14094,36563,18228,15192,0,0,-0.23104,-1.44849,9.88087,-0.001065,-0.014914,-0.011718,-8.354,1.327,-0.148,0.0016,0.0016,2.5514,0.0170,0.0116,18.1300,-0.0004725,-0.0147243,-0.0112893,0.000000,0.000000,0.000000,0.00000,0.00000,0.000,0.000,0.000,0.000,0.000,-6.0000,0.0000,0.0000,6.0000,95.00,95.00,90.00,90.00,65535,65535,65535,1500,1,9,40.4365815,-86.8936890,157.900,0.051,-0.194,0.000
14142,24156,17730,14724,0,0,-0.23703,-1.44729,9.87608,-0.001065,-0.013848,-0.010653,-8.354,1.330,-0.149,0.0016,0.0016,2.5598,0.0166,0.0117,18.2533,-0.0004746,-0.0147271,-0.0112887,0.000000,0.000000,0.000000,0.00000,0.00000,0.000,0.000,0.000,0.000,0.000,-6.0000,0.0000,0.0000,6.0000,95.00,95.00,90.00,90.00,65535,65535,65535,1500,1,9,40.4365815,-86.8936890,157.900,0.051,-0.194,0.000
14191,31115,18142,15137,0,0,-0.23463,-1.44370,9.87249,-0.001065,-0.014914,-0.011718,-8.354,1.332,-0.151,0.0015,0.0016,2.5684,0.0162,0.0119,18.3794,-0.0004785,-0.0147304,-0.0112881,0.000000,0.000000,0.000000,0.00000,0.00000,0.000,0.000,0.000,0.000,0.000,-6.0000,0.0000,0.0000,6.0000,95.00,95.00,90.00,90.00,65535,65535,65535,1500,1,9,40.4365822,-86.8936903,158.400,0.031,-0.119,0.000
14245,25482,18059,15084,0,0,-0.23104,-1.44729,9.87249,-0.001065,-0.014914,-0.010653,-8.354,1.331,-0.150,0.0015,0.0016,2.5779,0.0163,0.0120,18.5172,-0.0004807,-0.0147306,-0.0112881,0.000000,0.000000,0.000000,0.00000,0.00000,0.000,0.000,0.000,0.000,0.000,-6.0000,0.0000,0.0000,6.0000,95.00,95.00,90.00,90.00,65535,65535,65535,1500,1,9,40.4365822,-86.8936903,158.400,0.031,-0.119,0.000
14296,25982,18183,15141,0,0,-0.23703,-1.44370,9.87249,-0.001065,-0.014914,-0.011718,-8.354,1.332,-0.150,0.0014,0.0016,2.5867,0.0161,0.0121,18.6488,-0.0004852,-0.0147325,-0.0112878,0.000000,0.000000,0.000000,0.00000,0.00000,0.000,0.000,0.000,0.000,0.000,-6.0000,0.0000,0.0000,6.0000,95.00,95.00,90.00,90.00,65535,65535,65535,1500,1,9,40.4365822,-86.8936917,158.500,0.037,-0.139,0.000
14347,26951,18203,15144,0,0,-0.23463,-1.44131,9.87010,0.000000,-0.014914,-0.011718,-8.352,1.332,-0.150,0.0015,0.0016,2.5957,0.0163,0.0122,18.7817,-0.0004885,-0.0147327,-0.0112880,0.000000,0.000000,0.000000,0.00000,0.00000,0.000,0.000,0.000,0.000,0.000,-6.0000,0.0000,0.0000,6.0000,95.00,95.00,90.00,90.00,65535,65535,65535,1500,1,9,40.4365822,-86.8936917,158.500,0.037,-0.139,0.000
14398,25331,18169,15130,0,0,-0.22266,-1.44849,9.87967,0.000000,-0.014914,-0.011718,-8.351,1.330,-0.151,0.0015,0.0016,2.6046,0.0166,0.0122,18.9124,-0.0004904,-0.0147310,-0.0112883,0.000000,0.000000,0.000000,0.00000,0.00000,0.000,0.000,0.000,0.000,0.000,-6.0000,0.0000,0.0000,6.0000,95.00,95.00,90.00,90.00,65535,65535,65535,1500,1,9,40.4365815,-86.8936935,158.500,0.037,-0.139,0.000
14447,21789,18131,15089,0,0,-0.23224,-1.45208,9.87728,-0.001065,-0.014914,-0.011718,-8.348,1.330,-0.152,0.0015,0.0017,2.6132,0.0167,0.0123,19.0418,-0.0004936,-0.0147329,-0.0112883,0.000000,0.000000,0.000000,0.00000,0.00000,0.000,0.000,0.000,0.000,0.000,-6.0000,0.0000,0.0000,6.0000,95.00,95.00,90.00,90.00,65535,65535,65535,1500,1,9,40.4365817,-86.8936970,158.500,0.715,0.010,0.000
14498,25837,18109,15091,0,0,-0.23583,-1.44849,9.87608,0.000000,-0.014914,-0.011718,-8.348,1.334,-0.153,0.0014,0.0017,2.6222,0.0164,0.0125,19.1745,-0.0004936,-0.0147367,-0.0112878,0.000000,0.000000,0.000000,0.00000,0.00000,0.000,0.000,0.000,0.000,0.000,-6.0000,0.0000,0.0000,6.0000,95.00,95.00,90.00,90.00,65535,65535,65535,1500,1,9,40.4365817,-86.8936970,158.600,0.715,0.010,0.000
14537,23951,33334,30342,0,0,-0.23224,-1.44370,9.87608,-0.001065,-0.014914,-0.011718,-8.348,1.334,-0.153,0.0014,0.0017,2.6264,0.0165,0.0125,19.2374,-0.0004958,-0.0147367,-0.0112879,0.000000,0.000000,0.000000,0.00000,0.00000,0.000,0.000,0.000,0.000,0.000,-6.0000,0.0000,0.0000,6.0000,95.00,95.00,90.00,90.00,65535,65535,65535,1500,1,9,40.4365817,-86.8936970,158.600,0.715,0.010,0.000
14601,32499,25124,17200,0,0,-0.23343,-1.44610,9.88207,-0.001065,-0.014914,-0.011718,-8.347,1.334,-0.155,0.0015,0.0018,2.6395,0.0165,0.0126,19.4282,-0.0005007,-0.0147358,-0.0112879,0.000000,0.000000,0.000000,0.00000,0.00000,0.000,0.000,0.000,0.000,0.000,-6.0000,0.0000,0.0000,6.0000,95.00,95.00,90.00,90.00,65535,65535,65535,1500,1,9,40.4365812,-86.8936965,158.600,0.617,0.009,0.000
14649,19635,18089,15058,0,0,-0.23343,-1.44131,9.87488,-0.001065,-0.013848,-0.011718,-8.346,1.334,-0.156,0.0015,0.0017,2.6492,0.0166,0.0127,19.5725,-0.0005036,-0.0147347,-0.0112879,0.000000,0.000000,0.000000,0.00000,0.00000,0.000,0.000,0.000,0.000,0.000,-6.0000,0.0000,0.0000,6.0000,95.00,95.00,90.00,90.00,65535,65535,65535,1500,1,9,40.4365818,-86.8936963,158.600,0.401,0.006,0.000
14699,25838,18104,15078,0,0,-0.23224,-1.43532,9.87249,-0.001065,-0.014914,-0.011718,-8.345,1.334,-0.156,0.0015,0.0018,2.6579,0.0165,0.0129,19.7068,-0.0005082,-0.0147356,-0.0112876,0.000000,0.000000,0.000000,0.00000,0.00000,0.000,0.000,0.000,0.000,0.000,-6.0000,0.0000,0.0000,6.0000,95.00,95.00,90.00,90.00,65535,65535,65535,1500,1,10,40.4365818,-86.8936963,158.700,0.401,0.006,0.000
14749,30943,18181,15150,0,0,-0.23703,-1.44370,9.87249,-0.001065,-0.013848,-0.010653,-8.345,1.336,-0.156,0.0014,0.0018,2.6666,0.0164,0.0130,19.8395,-0.0005097,-0.0147359,-0.0112874,0.000000,0.000000,0.000000,0.00000,0.00000,0.000,0.000,0.000,0.000,0.000,-6.0000,0.0000,0.0000,6.0000,95.00,95.00,90.00,90.00,65535,65535,65535,1500,1,10,40.4365820,-86.8936962,158.700,0.412,0.006,0.000
14799,25363,18136,15150,0,0,-0.22625,-1.44370,9.87129,-0.001065,-0.013848,-0.010653,-8.344,1.336,-0.154,0.0014,0.0018,2.6754,0.0165,0.0131,19.9736,-0.0005153,-0.0147325,-0.0112875,0.000000,0.000000,0.000000,0.00000,0.00000,0.000,0.000,0.000,0.000,0.000,-6.0000,0.0000,0.0000,6.0000,95.00,95.00,90.00,90.00,65535,65535,65535,1500,1,10,40.4365820,-86.8936962,158.800,0.412,0.006,0.000
14849,28436,20334,15242,0,0,-0.22745,-1.43892,9.87608,-0.001065,-0.014914,-0.011718,-8.341,1.333,-0.154,0.0014,0.0018,2.6838,0.0166,0.0132,20.1007,-0.0005200,-0.0147289,-0.0112876,0.000000,0.000000,0.000000,0.00000,0.00000,0.000,0.000,0.000,0.000,0.000,-6.0000,0.0000,0.0000,6.0000,95.00,95.00,90.00,90.00,65535,65535,65535,1500,1,10,40.4365823,-86.8936962,158.800,0.370,0.005,0.000
14900,25825,18188,15154,0,0,-0.23583,-1.44011,9.87488,-0.001065,-0.013848,-0.011718,-8.341,1.336,-0.156,0.0012,0.0018,2.6930,0.0159,0.0134,20.2429,-0.0005246,-0.0147288,-0.0112867,0.000000,0.000000,0.000000,0.00000,0.00000,0.000,0.000,0.000,0.000,0.000,-6.0000,0.0000,0.0000,6.0000,95.00,95.00,90.00,90.00,65535,65535,65535,1500,1,10,40.4365823,-86.8936962,158.900,0.370,0.005,0.000
14949,25623,18143,15127,0,0,-0.22865,-1.44131,9.87488,0.000000,-0.014914,-0.010653,-8.338,1.334,-0.156,0.0012,0.0018,2.7016,0.0156,0.0135,20.3770,-0.0005289,-0.0147257,-0.0112864,0.000000,0.000000,0.000000,0.00000,0.00000,0.000,0.000,0.000,0.000,0.000,-6.0000,0.0000,0.0000,6.0000,95.00,95.00,90.00,90.00,65535,65535,65535,1500,1,10,40.4365822,-86.8936962,158.900,0.314,0.004,0.000
14989,24860,33282,30249,0,0,-0.23343,-1.45089,9.86890,0.000000,-0.014914,-0.011718,-8.339,1.334,-0.156,0.0012,0.0018,2.7059,0.0159,0.0135,20.4442,-0.0005272,-0.0147261,-0.0112867,0.000000,0.000000,0.000000,0.00000,0.00000,0.000,0.000,0.000,0.000,0.000,-6.0000,0.0000,0.0000,6.0000,95.00,95.00,90.00,90.00,65535,65535,65535,1500,1,10,40.4365822,-86.8936962,158.800,0.314,0.004,0.000
15063,41881,25331,16595,0,0,-0.23343,-1.44969,9.87369,0.000000,-0.014914,-0.011718,-8.338,1.335,-0.159,0.0010,0.0019,2.7202,0.0154,0.0138,20.6651,-0.0005281,-0.0147292,-0.0112860,0.000000,0.000000,0.000000,0.00000,0.00000,0.000,0.000,0.000,0.000,0.000,-6.0000,0.0000,0.0000,6.0000,95.00,95.00,90.00,90.00,65535,65535,65535,1500,1,10,40.4365827,-86.8936970,158.800,0.262,0.004,0.000
15099,31602,30138,27152,0,0,-0.22745,-1.44849,9.87249,0.000000,-0.014914,-0.011718,-8.338,1.333,-0.160,0.0011,0.0019,2.7257,0.0155,0.0138,20.7512,-0.0005275,-0.0147272,-0.0112862,0.000000,0.000000,0.000000,0.00000,0.00000,0.000,0.000,0.000,0.000,0.000,-6.0000,0.0000,0.0000,6.0000,95.00,95.00,90.00,90.00,65535,65535,65535,1500,1,10,40.4365827,-86.8936970,158.800,0.262,0.004,0.000
15147,28898,18012,15004,0,0,-0.22745,-1.43413,9.87249,0.000000,-0.014914,-0.011718,-8.332,1.331,-0.161,0.0009,0.0019,2.7361,0.0149,0.0141,20.9152,-0.0005326,-0.0147245,-0.0112855,0.000000,0.000000,0.000000,0.00000,0.00000,0.000,0.000,0.000,0.000,0.000,-6.0000,0.0000,0.0000,6.0000,95.00,95.00,90.00,90.00,65535,65535,65535,1500,1,10,40.4365827,-86.8936970,158.800,0.262,0.004,0.000
15198,25691,18158,15151,0,0,-0.22984,-1.44011,9.87249,-0.001065,-0.014914,-0.011718,-8.333,1.329,-0.162,0.0009,0.0019,2.7449,0.0148,0.0142,21.0525,-0.0005342,-0.0147231,-0.0112853,0.000000,0.000000,0.000000,0.00000,0.00000,0.000,0.000,0.000,0.000,0.000,-6.0000,0.0000,0.0000,6.0000,95.00,95.00,90.00,90.00,65535,65535,65535,1500,1,10,40.4365827,-86.8936970,158.700,0.221,0.003,0.000
15241,19575,18108,15070,0,0,-0.22984,-1.43892,9.87848,0.000000,-0.014914,-0.010653,-8.329,1.330,-0.163,0.0008,0.0019,2.7527,0.0142,0.0144,21.1732,-0.0005393,-0.0147239,-0.0112847,0.000000,0.000000,0.000000,0.00000,0.00000,0.000,0.000,0.000,0.000,0.000,-6.0000,0.0000,0.0000,6.0000,95.00,95.00,90.00,90.00,65535,65535,65535,1500,1,10,40.4365827,-86.8936970,158.700,0.221,0.003,0.000
15297,26459,18188,15137,0,0,-0.22865,-1.44011,9.87129,-0.001065,-0.014914,-0.011718,-8.326,1.329,-0.165,0.0007,0.0019,2.7622,0.0137,0.0146,21.3250,-0.0005455,-0.0147239,-0.0112842,0.000000,0.000000,0.000000,0.00000,0.00000,0.000,0.000,0.000,0.000,0.000,-6.0000,0.0000,0.0000,6.0000,95.00,95.00,90.00,90.00,65535,65535,65535,1500,1,10,40.4365832,-86.8936982,158.700,0.360,0.005,0.000
15347,30932,18175,15129,0,0,-0.22745,-1.44251,9.87967,-0.001065,-0.014914,-0.010653,-8.325,1.328,-0.163,0.0006,0.0019,2.7711,0.0135,0.0147,21.4634,-0.0005491,-0.0147217,-0.0112839,0.000000,0.000000,0.000000,0.00000,0.00000,0.000,0.000,0.000,0.000,0.000,-6.0000,0.0000,0.0000,6.0000,95.00,95.00,90.00,90.00,65535,65535,65535,1500,1,10,40.4365832,-86.8936982,158.700,0.360,0.005,0.000
15397,25179,18169,15133,0,0,-0.22984,-1.44131,9.87369,0.000000,-0.014914,-0.011718,-8.324,1.326,-0.164,0.0006,0.0019,2.7799,0.0135,0.0148,21.6023,-0.0005486,-0.0147211,-0.0112839,0.000000,0.000000,0.000000,0.00000,0.00000,0.000,0.000,0.000,0.000,0.000,-6.0000,0.0000,0.0000,6.0000,95.00,95.00,90.00,90.00,65535,65535,65535,1500,1,10,40.4365835,-86.8936993,158.700,0.360,0.005,0.000
15440,19582,18131,15117,0,0,-0.24421,-1.44610,9.87129,-0.001065,-0.013848,-0.011718,-8.326,1.333,-0.166,0.0008,0.0019,2.7876,0.0142,0.0148,21.7241,-0.0005481,-0.0147298,-0.0112846,0.000000,0.000000,0.000000,0.00000,0.00000,0.000,0.000,0.000,0.000,0.000,-6.0000,0.0000,0.0000,6.0000,95.00,95.00,90.00,90.00,65535,65535,65535,1500,1,10,40.4365833,-86.8937008,158.700,0.200,-0.568,0.000
15497,23217,18030,15005,0,0,-0.23104,-1.44370,9.87249,-0.001065,-0.014914,-0.011718,-8.328,1.330,-0.167,0.0009,0.0019,2.7974,0.0142,0.0149,21.8837,-0.0005478,-0.0147269,-0.0112845,0.000000,0.000000,0.000000,0.00000,0.00000,0.000,0.000,0.000,0.000,0.000,-6.0000,0.0000,0.0000,6.0000,95.00,95.00,90.00,90.00,65535,65535,65535,1500,1,10,40.4365833,-86.8937008,158.700,0.200,-0.568,0.000
15536,18801,38188,30294,0,0,-0.23942,-1.44011,9.87488,-0.001065,-0.014914,-0.011718,-8.327,1.332,-0.167,0.0009,0.0019,2.8007,0.0142,0.0150,21.9363,-0.0005497,-0.0147297,-0.0112845,0.000000,0.000000,0.000000,0.00000,0.00000,0.000,0.000,0.000,0.000,0.000,-6.0000,0.0000,0.0000,6.0000,95.00,95.00,90.00,90.00,65535,65535,65535,1500,1,10,40.4365833,-86.8937008,158.700,0.200,-0.568,0.000
15601,37301,25281,17264,0,0,-0.22625,-1.43652,9.87967,-0.001065,-0.014914,-0.011718,-8.327,1.332,-0.169,0.0009,0.0020,2.8145,0.0144,0.0151,22.1531,-0.0005533,-0.0147310,-0.0112845,0.000000,0.000000,0.000000,0.00000,0.00000,0.000,0.000,0.000,0.000,0.000,-6.0000,0.0000,0.0000,6.0000,95.00,95.00,90.00,90.00,65535,65535,65535,1500,1,10,40.4365827,-86.8937017,158.700,0.188,-0.534,0.000
15644,19754,18146,15143,0,0,-0.23822,-1.43892,9.87848,-0.001065,-0.014914,-0.010653,-8.324,1.332,-0.169,0.0009,0.0020,2.8234,0.0145,0.0152,22.2966,-0.0005586,-0.0147322,-0.0112846,0.000000,0.000000,0.000000,0.00000,0.00000,0.000,0.000,0.000,0.000,0.000,-6.0000,0.0000,0.0000,6.0000,95.00,95.00,90.00,90.00,65535,65535,65535,1500,1,10,40.4365820,-86.8936993,158.700,0.084,-0.238,0.000
15702,29876,20857,14977,0,0,-0.22146,-1.44969,9.87249,-0.001065,-0.014914,-0.011718,-8.327,1.327,-0.168,0.0010,0.0019,2.8332,0.0144,0.0153,22.4515,-0.0005553,-0.0147256,-0.0112845,0.000000,0.000000,0.000000,0.00000,0.00000,0.000,0.000,0.000,0.000,0.000,-6.0000,0.0000,0.0000,6.0000,95.00,95.00,90.00,90.00,65535,65535,65535,1500,1,10,40.4365820,-86.8936993,158.700,0.084,-0.238,0.000
15733,26664,25134,22129,0,0,-0.23703,-1.44729,9.87249,-0.001065,-0.014914,-0.010653,-8.328,1.329,-0.168,0.0009,0.0019,2.8378,0.0143,0.0154,22.5271,-0.0005544,-0.0147279,-0.0112844,0.000000,0.000000,0.000000,0.00000,0.00000,0.000,0.000,0.000,0.000,0.000,-6.0000,0.0000,0.0000,6.0000,95.00,95.00,90.00,90.00,65535,65535,65535,1500,1,10,40.4365820,-86.8936993,158.700,0.084,-0.238,0.000
15783,25340,18173,15146,0,0,-0.23583,-1.43892,9.87249,-0.001065,-0.014914,-0.011718,-8.325,1.329,-0.167,0.0010,0.0019,2.8479,0.0147,0.0155,22.6906,-0.0005578,-0.0147294,-0.0112847,0.000000,0.000000,0.000000,0.00000,0.00000,0.000,0.000,0.000,0.000,0.000,-6.0000,0.0000,0.0000,6.0000,95.00,95.00,90.00,90.00,65535,65535,65535,1500,1,10,40.4365808,-86.8936910,158.700,0.184,-0.524,0.000
15846,19496,18077,15105,0,0,-0.23343,-1.43652,9.86770,0.000000,-0.014914,-0.011718,-8.324,1.329,-0.169,0.0010,0.0019,2.8588,0.0148,0.0156,22.8688,-0.0005597,-0.0147293,-0.0112848,0.000000,0.000000,0.000000,0.00000,0.00000,0.000,0.000,0.000,0.000,0.000,-6.0000,0.0000,0.0000,6.0000,95.00,95.00,90.00,90.00,65535,65535,65535,1500,1,10,40.4365817,-86.8936903,158.700,0.212,-0.602,0.000
15903,29835,20817,14969,0,0,-0.22625,-1.45448,9.87369,-0.001065,-0.014914,-0.011718,-8.329,1.325,-0.168,0.0010,0.0019,2.8684,0.0145,0.0157,23.0253,-0.0005563,-0.0147235,-0.0112845,0.000000,0.000000,0.000000,0.00000,0.00000,0.000,0.000,0.000,0.000,0.000,-6.0000,0.0000,0.0000,6.0000,95.00,95.00,90.00,90.00,65535,65535,65535,1500,1,10,40.4365817,-86.8936903,159.000,0.212,-0.602,0.000
15934,26771,24847,21863,0,0,-0.24062,-1.43892,9.87967,-0.001065,-0.014914,-0.011718,-8.327,1.327,-0.169,0.0010,0.0019,2.8732,0.0147,0.0158,23.1021,-0.0005590,-0.0147271,-0.0112846,0.000000,0.000000,0.000000,0.00000,0.00000,0.000,0.000,0.000,0.000,0.000,-6.0000,0.0000,0.0000,6.0000,95.00,95.00,90.00,90.00,65535,65535,65535,1500,1,10,40.4365817,-86.8936903,159.000,0.212,-0.602,0.000
15984,25307,18153,15116,0,0,-0.23583,-1.44251,9.87129,-0.002131,-0.014914,-0.011718,-8.330,1.328,-0.169,0.0009,0.0019,2.8833,0.0147,0.0159,23.2670,-0.0005605,-0.0147301,-0.0112845,0.000000,0.000000,0.000000,0.00000,0.00000,0.000,0.000,0.000,0.000,0.000,-6.0000,0.0000,0.0000,6.0000,95.00,95.00,90.00,90.00,65535,65535,65535,1500,1,10,40.4365808,-86.8936875,159.200,0.227,-0.645,0.000
16045,39223,20197,15257,0,0,-0.23703,-1.43772,9.87728,-0.001065,-0.013848,-0.011718,-8.328,1.331,-0.170,0.0008,0.0020,2.8935,0.0147,0.0160,23.4354,-0.0005650,-0.0147311,-0.0112845,0.000000,0.000000,0.000000,0.00000,0.00000,0.000,0.000,0.000,0.000,0.000,-6.0000,0.0000,0.0000,6.0000,95.00,95.00,90.00,90.00,65535,65535,65535,1500,1,10,40.4365808,-86.8936875,159.200,0.227,-0.645,0.000
16085,27043,33227,30237,0,0,-0.23224,-1.44729,9.87728,-0.001065,-0.014914,-0.010653,-8.329,1.331,-0.170,0.0008,0.0020,2.8984,0.0147,0.0161,23.5137,-0.0005645,-0.0147313,-0.0112845,0.000000,0.000000,0.000000,0.00000,0.00000,0.000,0.000,0.000,0.000,0.000,-6.0000,0.0000,0.0000,6.0000,95.00,95.00,90.00,90.00,65535,65535,65535,1500,1,10,40.4365798,-86.8936863,159.300,0.227,-0.645,0.000
16132,43196,37266,28955,0,0,-0.22386,-1.44011,9.87369,0.000000,-0.014914,-0.011718,-8.326,1.328,-0.170,0.0010,0.0021,2.9059,0.0150,0.0161,23.6390,-0.0005665,-0.0147283,-0.0112847,0.000000,0.000000,0.000000,0.00000,0.00000,0.000,0.000,0.000,0.000,0.000,-6.0000,0.0000,0.0000,6.0000,95.00,95.00,90.00,90.00,65535,65535,65535,1500,1,10,40.4365798,-86.8936863,159.300,0.227,-0.645,0.000
16183,32076,18223,15193,0,0,-0.23463,-1.44610,9.87608,-0.001065,-0.014914,-0.011718,-8.329,1.329,-0.172,0.0009,0.0021,2.9181,0.0148,0.0163,23.8422,-0.0005658,-0.0147309,-0.0112845,0.000000,0.000000,0.000000,0.00000,0.00000,0.000,0.000,0.000,0.000,0.000,-6.0000,0.0000,0.0000,6.0000,95.00,95.00,90.00,90.00,65535,65535,65535,1500,1,10,40.4365787,-86.8936850,159.300,-0.551,-0.267,0.000
16246,18890,18023,15042,0,0,-0.22625,-1.44610,9.87010,0.000000,-0.014914,-0.010653,-8.328,1.332,-0.173,0.0009,0.0020,2.9290,0.0145,0.0165,24.0261,-0.0005681,-0.0147345,-0.0112842,0.000000,0.000000,0.000000,0.00000,0.00000,0.000,0.000,0.000,0.000,0.000,-6.0000,0.0000,0.0000,6.0000,95.00,95.00,90.00,90.00,65535,65535,65535,1500,1,10,40.4365787,-86.8936850,159.300,-0.551,-0.267,0.000
16297,25845,18190,15150,0,0,-0.23224,-1.44131,9.87369,0.000000,-0.014914,-0.010653,-8.323,1.332,-0.173,0.0009,0.0020,2.9379,0.0148,0.0166,24.1752,-0.0005721,-0.0147355,-0.0112843,0.000000,0.000000,0.000000,0.00000,0.00000,0.000,0.000,0.000,0.000,0.000,-6.0000,0.0000,0.0000,6.0000,95.00,95.00,90.00,90.00,65535,65535,65535,1500,1,10,40.4365775,-86.8936810,159.400,-0.695,0.619,0.000
16332,28188,25356,16974,0,0,-0.24181,-1.44131,9.87488,-0.001065,-0.014914,-0.011718,-8.323,1.335,-0.174,0.0009,0.0020,2.9429,0.0151,0.0166,24.2581,-0.0005734,-0.0147391,-0.0112845,0.000000,0.000000,0.000000,0.00000,0.00000,0.000,0.000,0.000,0.000,0.000,-6.0000,0.0000,0.0000,6.0000,95.00,95.00,90.00,90.00,65535,65535,65535,1500,1,10,40.4365775,-86.8936810,159.400,-0.695,0.619,0.000
16382,25471,18161,15146,0,0,-0.22865,-1.43652,9.87249,-0.001065,-0.014914,-0.011718,-8.320,1.332,-0.175,0.0009,0.0020,2.9527,0.0150,0.0167,24.4283,-0.0005761,-0.0147365,-0.0112845,0.000000,0.000000,0.000000,0.00000,0.00000,0.000,0.000,0.000,0.000,0.000,-6.0000,0.0000,0.0000,6.0000,95.00,95.00,90.00,90.00,65535,65535,65535,1500,1,10,40.4365755,-86.8936785,159.400,-0.652,0.944,0.000
16445,19457,18137,15131,0,0,-0.23703,-1.44969,9.87608,0.000000,-0.014914,-0.011718,-8.321,1.333,-0.176,0.0010,0.0020,2.9636,0.0152,0.0168,24.6147,-0.0005746,-0.0147358,-0.0112846,0.000000,0.000000,0.000000,0.00000,0.00000,0.000,0.000,0.000,0.000,0.000,-6.0000,0.0000,0.0000,6.0000,95.00,95.00,90.00,90.00,65535,65535,65535,1500,1,10,40.4365742,-86.8936773,159.400,-0.646,0.960,0.000
16496,25977,18152,15146,0,0,-0.23224,-1.44610,9.87608,-0.001065,-0.014914,-0.011718,-8.321,1.331,-0.178,0.0009,0.0021,2.9724,0.0148,0.0170,24.7656,-0.0005761,-0.0147335,-0.0112843,0.000000,0.000000,0.000000,0.00000,0.00000,0.000,0.000,0.000,0.000,0.000,-6.0000,0.0000,0.0000,6.0000,95.00,95.00,90.00,90.00,65535,65535,65535,1500,1,11,40.4365742,-86.8936773,159.300,-0.646,0.960,0.000
16535,19107,38149,30193,0,0,-0.23104,-1.44011,9.87249,-0.001065,-0.014914,-0.011718,-8.320,1.330,-0.178,0.0009,0.0020,2.9757,0.0148,0.0170,24.8224,-0.0005774,-0.0147332,-0.0112843,0.000000,0.000000,0.000000,0.00000,0.00000,0.000,0.000,0.000,0.000,0.000,-6.0000,0.0000,0.0000,6.0000,95.00,95.00,90.00,90.00,65535,65535,65535,1500,1,11,40.4365742,-86.8936773,159.300,-0.646,0.960,0.000
16605,34664,24451,16424,0,0,-0.22865,-1.44849,9.87369,-0.001065,-0.013848,-0.010653,-8.323,1.326,-0.179,0.0008,0.0019,2.9900,0.0136,0.0174,25.0717,-0.0005734,-0.0147306,-0.0112833,0.000000,0.000000,0.000000,0.00000,0.00000,0.000,0.000,0.000,0.000,0.000,-6.0000,0.0000,0.0000,6.0000,95.00,95.00,90.00,90.00,65535,65535,65535,1500,1,11,40.4365743,-86.8936763,159.300,-0.572,0.898,0.000
16649,19716,18129,15122,0,0,-0.23104,-1.44370,9.87249,-0.001065,-0.014914,-0.011718,-8.324,1.325,-0.180,0.0008,0.0019,2.9988,0.0135,0.0175,25.2221,-0.0005736,-0.0147294,-0.0112831,0.000000,0.000000,0.000000,0.00000,0.00000,0.000,0.000,0.000,0.000,0.000,-6.0000,0.0000,0.0000,6.0000,95.00,95.00,90.00,90.00,65535,65535,65535,1500,1,11,40.4365743,-86.8936752,159.300,-0.497,0.865,0.000
16700,25839,18159,15126,0,0,-0.22745,-1.45208,9.87488,-0.001065,-0.013848,-0.010653,-8.327,1.327,-0.180,0.0008,0.0019,3.0077,0.0138,0.0176,25.3742,-0.0005733,-0.0147311,-0.0112833,0.000000,0.000000,0.000000,0.00000,0.00000,0.000,0.000,0.000,0.000,0.000,-6.0000,0.0000,0.0000,6.0000,95.00,95.00,90.00,90.00,65535,65535,65535,1500,1,11,40.4365743,-86.8936752,159.400,-0.497,0.865,0.000
16749,24988,18206,15162,0,0,-0.22505,-1.44131,9.86770,0.000000,-0.013848,-0.011718,-8.323,1.326,-0.181,0.0008,0.0018,3.0160,0.0139,0.0177,25.5220,-0.0005785,-0.0147290,-0.0112834,0.000000,0.000000,0.000000,0.00000,0.00000,0.000,0.000,0.000,0.000,0.000,-6.0000,0.0000,0.0000,6.0000,95.00,95.00,90.00,90.00,65535,65535,65535,1500,1,11,40.4365743,-86.8936752,159.400,-0.497,0.865,0.000
16784,33953,19615,16632,0,0,-0.22625,-1.44251,9.87369,-0.001065,-0.014914,-0.011718,-8.324,1.325,-0.181,0.0009,0.0018,3.0220,0.0138,0.0178,25.6245,-0.0005793,-0.0147273,-0.0112833,0.000000,0.000000,0.000000,0.00000,0.00000,0.000,0.000,0.000,0.000,0.000,-6.0000,0.0000,0.0000,6.0000,95.00,95.00,90.00,90.00,65535,65535,65535,1500,1,11,40.4365735,-86.8936728,159.500,-0.507,0.960,0.000
16848,19467,18093,15081,0,0,-0.23463,-1.44011,9.87249,0.000000,-0.014914,-0.011718,-8.322,1.326,-0.183,0.0010,0.0018,3.0332,0.0141,0.0178,25.8206,-0.0005816,-0.0147301,-0.0112835,0.000000,0.000000,0.000000,0.00000,0.00000,0.000,0.000,0.000,0.000,0.000,-6.0000,0.0000,0.0000,6.0000,95.00,95.00,90.00,90.00,65535,65535,65535,1500,1,11,40.4365725,-86.8936720,159.500,-0.525,0.914,0.000
16898,25897,18149,15124,0,0,-0.23104,-1.44849,9.87608,0.000000,-0.014914,-0.011718,-8.323,1.324,-0.184,0.0009,0.0018,3.0420,0.0141,0.0179,25.9745,-0.0005813,-0.0147290,-0.0112834,0.000000,0.000000,0.000000,0.00000,0.00000,0.000,0.000,0.000,0.000,0.000,-6.0000,0.0000,0.0000,6.0000,95.00,95.00,90.00,90.00,65535,65535,65535,1500,1,11,40.4365725,-86.8936720,159.400,-0.525,0.914,0.000
16949,31128,18235,15180,0,0,-0.23104,-1.44490,9.87369,-0.001065,-0.014914,-0.011718,-8.324,1.324,-0.185,0.0010,0.0018,3.0508,0.0143,0.0180,26.1275,-0.0005819,-0.0147301,-0.0112835,0.000000,0.000000,0.000000,0.00000,0.00000,0.000,0.000,0.000,0.000,0.000,-6.0000,0.0000,0.0000,6.0000,95.00,95.00,90.00,90.00,65535,65535,65535,1500,1,11,40.4365720,-86.8936715,159.400,-0.533,0.868,0.000
17005,29562,20747,14858,0,0,-0.22386,-1.43772,9.87728,-0.002131,-0.013848,-0.011718,-8.322,1.323,-0.186,0.0010,0.0018,3.0602,0.0141,0.0181,26.2927,-0.0005879,-0.0147253,-0.0112834,0.000000,0.000000,0.000000,0.00000,0.00000,0.000,0.000,0.000,0.000,0.000,-6.0000,0.0000,0.0000,6.0000,95.00,95.00,90.00,90.00,65535,65535,65535,1500,1,11,40.4365720,-86.8936715,159.400,-0.533,0.868,0.000
17044,26507,33290,30265,0,0,-0.22625,-1.44370,9.87129,-0.001065,-0.013848,-0.010653,-8.323,1.323,-0.185,0.0010,0.0018,3.0648,0.0143,0.0182,26.3738,-0.0005881,-0.0147237,-0.0112836,0.000000,0.000000,0.000000,0.00000,0.00000,0.000,0.000,0.000,0.000,0.000,-6.0000,0.0000,0.0000,6.0000,95.00,95.00,90.00,90.00,65535,65535,65535,1500,1,11,40.4365720,-86.8936715,159.400,-0.533,0.868,0.000
17102,34266,18196,15138,0,0,-0.22984,-1.44370,9.87369,-0.001065,-0.014914,-0.011718,-8.325,1.322,-0.187,0.0010,0.0018,3.0772,0.0144,0.0183,26.5903,-0.0005880,-0.0147237,-0.0112836,0.000000,0.000000,0.000000,0.00000,0.00000,0.000,0.000,0.000,0.000,0.000,-6.0000,0.0000,0.0000,6.0000,95.00,95.00,90.00,90.00,65535,65535,65535,1500,1,11,40.4365720,-86.8936722,159.400,-0.426,0.625,0.000
17140,26216,32711,29718,0,0,-0.22266,-1.44131,9.87249,-0.001065,-0.013848,-0.011718,-8.325,1.322,-0.187,0.0011,0.0018,3.0817,0.0146,0.0183,26.6710,-0.0005892,-0.0147209,-0.0112838,0.000000,0.000000,0.000000,0.00000,0.00000,0.000,0.000,0.000,0.000,0.000,-6.0000,0.0000,0.0000,6.0000,95.00,95.00,90.00,90.00,65535,65535,65535,1500,1,11,40.4365720,-86.8936722,159.400,-0.426,0.625,0.000
17198,37644,19475,15307,0,0,-0.22865,-1.43532,9.86651,0.000000,-0.014914,-0.011718,-8.320,1.318,-0.189,0.0011,0.0020,3.0940,0.0143,0.0185,26.8891,-0.0005946,-0.0147183,-0.0112835,0.000000,0.000000,0.000000,0.00000,0.00000,0.000,0.000,0.000,0.000,0.000,-6.0000,0.0000,0.0000,6.0000,95.00,95.00,90.00,90.00,65535,65535,65535,1500,1,11,40.4365725,-86.8936748,159.400,-0.220,0.323,0.000
17245,19513,18054,15065,0,0,-0.23463,-1.43772,9.87249,-0.001065,-0.013848,-0.011718,-8.319,1.320,-0.191,0.0010,0.0019,3.1024,0.0137,0.0187,27.0411,-0.0005973,-0.0147179,-0.0112830,0.000000,0.000000,0.000000,0.00000,0.00000,0.000,0.000,0.000,0.000,0.000,-6.0000,0.0000,0.0000,6.0000,95.00,95.00,90.00,90.00,65535,65535,65535,1500,1,11,40.4365725,-86.8936748,159.400,-0.220,0.323,0.000
17297,26350,18149,15137,0,0,-0.22386,-1.44729,9.87488,-0.001065,-0.014914,-0.011718,-8.319,1.319,-0.192,0.0010,0.0019,3.1112,0.0136,0.0189,27.2000,-0.0005977,-0.0147178,-0.0112830,0.000000,0.000000,0.000000,0.00000,0.00000,0.000,0.000,0.000,0.000,0.000,-6.0000,0.0000,0.0000,6.0000,95.00,95.00,90.00,90.00,65535,65535,65535,1500,1,11,40.4365723,-86.8936748,159.300,-0.165,0.242,0.000
17347,25931,18131,15116,0,0,-0.23104,-1.42694,9.87010,-0.001065,-0.014914,-0.011718,-8.314,1.320,-0.193,0.0008,0.0020,3.1198,0.0128,0.0191,27.3566,-0.0006033,-0.0147195,-0.0112823,0.000000,0.000000,0.000000,0.00000,0.00000,0.000,0.000,0.000,0.000,0.000,-6.0000,0.0000,0.0000,6.0000,95.00,95.00,90.00,90.00,65535,65535,65535,1500,1,11,40.4365723,-86.8936748,159.300,-0.165,0.242,0.000
17397,25590,18136,15116,0,0,-0.22027,-1.44490,9.86890,-0.001065,-0.014914,-0.011718,-8.317,1.318,-0.194,0.0009,0.0020,3.1285,0.0132,0.0191,27.5146,-0.0006014,-0.0147182,-0.0112826,0.000000,0.000000,0.000000,0.00000,0.00000,0.000,0.000,0.000,0.000,0.000,-6.0000,0.0000,0.0000,6.0000,95.00,95.00,90.00,90.00,65535,65535,65535,1500,1,11,40.4365713,-86.8936717,159.300,-0.165,0.242,0.000
17447,29192,19019,15235,0,0,-0.22984,-1.44011,9.87728,-0.001065,-0.014914,-0.011718,-8.316,1.318,-0.195,0.0008,0.0019,3.1368,0.0126,0.0193,27.6659,-0.0006050,-0.0147175,-0.0112822,0.000000,0.000000,0.000000,0.00000,0.00000,0.000,0.000,0.000,0.000,0.000,-6.0000,0.0000,0.0000,6.0000,95.00,95.00,90.00,90.00,65535,65535,65535,1500,1,11,40.4365700,-86.8936683,159.300,-0.440,0.750,0.000
17498,25963,18159,15121,0,0,-0.23583,-1.44251,9.87488,-0.001065,-0.014914,-0.010653,-8.317,1.318,-0.195,0.0008,0.0019,3.1460,0.0126,0.0195,27.8285,-0.0006051,-0.0147182,-0.0112821,0.000000,0.000000,0.000000,0.00000,0.00000,0.000,0.000,0.000,0.000,0.000,-6.0000,0.0000,0.0000,6.0000,95.00,95.00,90.00,90.00,65535,65535,65535,1500,1,11,40.4365700,-86.8936683,159.300,-0.440,0.750,0.000
17537,19009,38338,30319,0,0,-0.22386,-1.44490,9.87608,-0.001065,-0.014914,-0.011718,-8.318,1.316,-0.195,0.0008,0.0019,3.1494,0.0128,0.0195,27.8884,-0.0006047,-0.0147162,-0.0112823,0.000000,0.000000,0.000000,0.00000,0.00000,0.000,0.000,0.000,0.000,0.000,-6.0000,0.0000,0.0000,6.0000,95.00,95.00,90.00,90.00,65535,65535,65535,1500,1,11,40.4365700,-86.8936683,159.300,-0.440,0.750,0.000
17601,37717,25334,17417,0,0,-0.23343,-1.44370,9.87608,-0.001065,-0.014914,-0.011718,-8.314,1.317,-0.197,0.0007,0.0021,3.1631,0.0127,0.0197,28.1337,-0.0006091,-0.0147187,-0.0112821,0.000000,0.000000,0.000000,0.00000,0.00000,0.000,0.000,0.000,0.000,0.000,-6.0000,0.0000,0.0000,6.0000,95.00,95.00,90.00,90.00,65535,65535,65535,1500,1,11,40.4365697,-86.8936673,159.300,-0.422,0.824,0.000
17650,28977,18265,15259,0,0,-0.23224,-1.44729,9.87249,0.000000,-0.014914,-0.011718,-8.313,1.317,-0.197,0.0006,0.0021,3.1727,0.0127,0.0198,28.3085,-0.0006100,-0.0147169,-0.0112822,0.000000,0.000000,0.000000,0.00000,0.00000,0.000,0.000,0.000,0.000,0.000,-6.0000,0.0000,0.0000,6.0000,95.00,95.00,90.00,90.00,65535,65535,65535,1500,1,11,40.4365717,-86.8936702,159.300,-0.199,0.579,0.000
17683,24542,27134,24128,0,0,-0.22865,-1.44849,9.87488,-0.001065,-0.014914,-0.011718,-8.315,1.316,-0.197,0.0007,0.0021,3.1770,0.0128,0.0198,28.3865,-0.0006080,-0.0147166,-0.0112822,0.000000,0.000000,0.000000,0.00000,0.00000,0.000,0.000,0.000,0.000,0.000,-6.0000,0.0000,0.0000,6.0000,95.00,95.00,90.00,90.00,65535,65535,65535,1500,1,11,40.4365717,-86.8936702,159.300,-0.199,0.579,0.000
17732,24937,18124,15109,0,0,-0.22745,-1.44849,9.87369,-0.001065,-0.014914,-0.011718,-8.317,1.314,-0.196,0.0007,0.0022,3.1871,0.0128,0.0200,28.5724,-0.0006072,-0.0147142,-0.0112822,0.000000,0.000000,0.000000,0.00000,0.00000,0.000,0.000,0.000,0.000,0.000,-6.0000,0.0000,0.0000,6.0000,95.00,95.00,90.00,90.00,65535,65535,65535,1500,1,11,40.4365717,-86.8936702,159.300,-0.199,0.579,0.000
17783,25541,18170,15151,0,0,-0.22745,-1.43772,9.86890,-0.001065,-0.013848,-0.011718,-8.316,1.316,-0.198,0.0006,0.0022,3.1958,0.0124,0.0201,28.7339,-0.0006101,-0.0147135,-0.0112819,0.000000,0.000000,0.000000,0.00000,0.00000,0.000,0.000,0.000,0.000,0.000,-6.0000,0.0000,0.0000,6.0000,95.00,95.00,90.00,90.00,65535,65535,65535,1500,1,11,40.4365722,-86.8936692,159.000,-0.040,0.714,0.000
17846,19520,18105,15093,0,0,-0.23343,-1.44251,9.86890,-0.001065,-0.014914,-0.011718,-8.316,1.316,-0.200,0.0006,0.0021,3.2066,0.0123,0.0203,28.9341,-0.0006112,-0.0147152,-0.0112818,0.000000,0.000000,0.000000,0.00000,0.00000,0.000,0.000,0.000,0.000,0.000,-6.0000,0.0000,0.0000,6.0000,95.00,95.00,90.00,90.00,65535,65535,65535,1500,1,11,40.4365730,-86.8936723,159.000,-0.014,0.247,0.000
17900,26445,17835,14822,0,0,-0.23224,-1.44370,9.87369,-0.001065,-0.014914,-0.011718,-8.318,1.313,-0.201,0.0007,0.0021,3.2162,0.0124,0.0204,29.1109,-0.0006099,-0.0147122,-0.0112819,0.000000,0.000000,0.000000,0.00000,0.00000,0.000,0.000,0.000,0.000,0.000,-6.0000,0.0000,0.0000,6.0000,95.00,95.00,90.00,90.00,65535,65535,65535,1500,1,11,40.4365730,-86.8936723,158.900,-0.014,0.247,0.000
17950,31154,18150,15144,0,0,-0.23463,-1.43652,9.87488,-0.001065,-0.013848,-0.011718,-8.316,1.316,-0.202,0.0006,0.0021,3.2248,0.0121,0.0206,29.2706,-0.0006131,-0.0147153,-0.0112816,0.000000,0.000000,0.000000,0.00000,0.00000,0.000,0.000,0.000,0.000,0.000,-6.0000,0.0000,0.0000,6.0000,95.00,95.00,90.00,90.00,65535,65535,65535,1500,1,11,40.4365718,-86.8936725,158.900,-0.004,0.072,0.000
18000,25592,17793,14792,0,0,-0.23583,-1.43892,9.87010,-0.001065,-0.014914,-0.011718,-8.313,1.315,-0.203,0.0005,0.0022,3.2332,0.0115,0.0208,29.4317,-0.0006164,-0.0147148,-0.0112813,0.000000,0.000000,0.000000,0.00000,0.00000,0.000,0.000,0.000,0.000,0.000,-6.0000,0.0000,0.0000,6.0000,95.00,95.00,90.00,90.00,65535,65535,65535,1500,1,11,40.4365718,-86.8936725,158.900,-0.004,0.072,0.000
18039,18362,38249,30257,0,0,-0.22505,-1.43892,9.86890,-0.001065,-0.014914,-0.011718,-8.313,1.314,-0.204,0.0004,0.0021,3.2363,0.0114,0.0208,29.4911,-0.0006174,-0.0147135,-0.0112812,0.000000,0.000000,0.000000,0.00000,0.00000,0.000,0.000,0.000,0.000,0.000,-6.0000,0.0000,0.0000,6.0000,95.00,95.00,90.00,90.00,65535,65535,65535,1500,1,11,40.4365718,-86.8936725,158.900,-0.004,0.072,0.000
18100,41603,18036,15055,0,0,-0.23224,-1.42216,9.87488,-0.001065,-0.014914,-0.010653,-8.309,1.315,-0.203,0.0003,0.0024,3.2504,0.0113,0.0211,29.7556,-0.0006239,-0.0147162,-0.0112811,0.000000,0.000000,0.000000,0.00000,0.00000,0.000,0.000,0.000,0.000,0.000,-6.0000,0.0000,0.0000,6.0000,95.00,95.00,90.00,90.00,65535,65535,65535,1500,1,11,40.4365722,-86.8936728,158.900,-0.004,0.077,0.000
18148,24112,18126,15132,0,0,-0.23463,-1.44131,9.87488,-0.001065,-0.013848,-0.011718,-8.310,1.319,-0.205,0.0003,0.0024,3.2587,0.0111,0.0212,29.9112,-0.0006243,-0.0147199,-0.0112810,0.000000,0.000000,0.000000,0.00000,0.00000,0.000,0.000,0.000,0.000,0.000,-6.0000,0.0000,0.0000,6.0000,95.00,95.00,90.00,90.00,65535,65535,65535,1500,1,11,40.4365722,-86.8936728,158.900,-0.004,0.077,0.000
18188,24996,33331,30323,0,0,-0.22625,-1.44131,9.87369,-0.001065,-0.014914,-0.011718,-8.311,1.318,-0.206,0.0003,0.0024,3.2630,0.0112,0.0213,29.9927,-0.0006247,-0.0147188,-0.0112810,0.000000,0.000000,0.000000,0.00000,0.00000,0.000,0.000,0.000,0.000,0.000,-6.0000,0.0000,0.0000,6.0000,95.00,95.00,90.00,90.00,65535,65535,65535,1500,1,11,40.4365732,-86.8936745,158.800,0.453,0.284,0.000
18240,27665,18209,15148,0,0,-0.22745,-1.44610,9.87369,-0.001065,-0.014914,-0.010653,-8.312,1.318,-0.206,0.0002,0.0025,3.2746,0.0110,0.0215,30.2125,-0.0006257,-0.0147206,-0.0112808,0.000000,0.000000,0.000000,0.00000,0.00000,0.000,0.000,0.000,0.000,0.000,-6.0000,0.0000,0.0000,6.0000,95.00,95.00,90.00,90.00,65535,65535,65535,1500,1,11,40.4365732,-86.8936745,158.800,0.453,0.284,0.000
18291,25826,18156,15140,0,0,-0.22984,-1.43892,9.87249,-0.001065,-0.014914,-0.011718,-8.310,1.318,-0.207,0.0002,0.0025,3.2833,0.0110,0.0216,30.3794,-0.0006294,-0.0147213,-0.0112808,0.000000,0.000000,0.000000,0.00000,0.00000,0.000,0.000,0.000,0.000,0.000,-6.0000,0.0000,0.0000,6.0000,95.00,95.00,90.00,90.00,65535,65535,65535,1500,1,11,40.4365733,-86.8936767,158.600,0.633,-0.332,0.000
18345,26060,18177,15135,0,0,-0.22745,-1.44011,9.87608,-0.001065,-0.014914,-0.011718,-8.311,1.317,-0.208,0.0002,0.0025,3.2929,0.0112,0.0217,30.5578,-0.0006290,-0.0147203,-0.0112810,0.000000,0.000000,0.000000,0.00000,0.00000,0.000,0.000,0.000,0.000,0.000,-6.0000,0.0000,0.0000,6.0000,95.00,95.00,90.00,90.00,65535,65535,65535,1500,1,11,40.4365733,-86.8936767,158.600,0.633,-0.332,0.000
18396,25582,18149,15135,0,0,-0.23104,-1.44849,9.87249,-0.001065,-0.014914,-0.010653,-8.313,1.315,-0.208,0.0002,0.0025,3.3018,0.0113,0.0218,30.7243,-0.0006285,-0.0147195,-0.0112810,0.000000,0.000000,0.000000,0.00000,0.00000,0.000,0.000,0.000,0.000,0.000,-6.0000,0.0000,0.0000,6.0000,95.00,95.00,90.00,90.00,65535,65535,65535,1500,1,11,40.4365727,-86.8936765,158.500,0.633,-0.332,0.000
18440,19817,18162,15114,0,0,-0.23224,-1.44131,9.87608,0.000000,-0.014914,-0.011718,-8.312,1.317,-0.208,0.0002,0.0025,3.3095,0.0111,0.0220,30.8697,-0.0006299,-0.0147206,-0.0112809,0.000000,0.000000,0.000000,0.00000,0.00000,0.000,0.000,0.000,0.000,0.000,-6.0000,0.0000,0.0000,6.0000,95.00,95.00,90.00,90.00,65535,65535,65535,1500,1,11,40.4365732,-86.8936760,158.500,0.369,-0.395,0.000
18491,25885,18161,15143,0,0,-0.22865,-1.44370,9.87129,0.000000,-0.014914,-0.011718,-8.311,1.318,-0.209,0.0002,0.0025,3.3184,0.0110,0.0221,31.0381,-0.0006290,-0.0147220,-0.0112808,0.000000,0.000000,0.000000,0.00000,0.00000,0.000,0.000,0.000,0.000,0.000,-6.0000,0.0000,0.0000,6.0000,95.00,95.00,90.00,90.00,65535,65535,65535,1500,1,11,40.4365732,-86.8936760,158.500,0.369,-0.395,0.000
18562,43895,21455,15373,0,0,-0.22625,-1.43772,9.87129,0.000000,-0.014914,-0.010653,-8.310,1.317,-0.208,0.0002,0.0026,3.3302,0.0108,0.0223,31.2646,-0.0006289,-0.0147222,-0.0112807,0.000000,0.000000,0.000000,0.00000,0.00000,0.000,0.000,0.000,0.000,0.000,-6.0000,0.0000,0.0000,6.0000,95.00,95.00,90.00,90.00,65535,65535,65535,1500,1,11,40.4365737,-86.8936757,158.500,0.429,-0.361,0.000
18599,27745,30446,27471,0,0,-0.23224,-1.43892,9.87369,-0.001065,-0.014914,-0.011718,-8.310,1.318,-0.209,0.0003,0.0026,3.3350,0.0112,0.0223,31.3571,-0.0006300,-0.0147232,-0.0112809,0.000000,0.000000,0.000000,0.00000,0.00000,0.000,0.000,0.000,0.000,0.000,-6.0000,0.0000,0.0000,6.0000,95.00,95.00,90.00,90.00,65535,65535,65535,1500,1,11,40.4365737,-86.8936757,158.500,0.429,-0.361,0.000
18643,19749,18147,15131,0,0,-0.21907,-1.43652,9.87129,-0.001065,-0.014914,-0.011718,-8.305,1.315,-0.211,-0.0000,0.0027,3.3447,0.0095,0.0228,31.5445,-0.0006343,-0.0147184,-0.0112800,0.000000,0.000000,0.000000,0.00000,0.00000,0.000,0.000,0.000,0.000,0.000,-6.0000,0.0000,0.0000,6.0000,95.00,95.00,90.00,90.00,65535,65535,65535,1500,1,11,40.4365745,-86.8936793,158.500,0.569,-0.623,0.000
18693,25935,18151,15131,0,0,-0.22745,-1.44251,9.87010,-0.001065,-0.014914,-0.011718,-8.308,1.314,-0.212,-0.0001,0.0027,3.3534,0.0090,0.0230,31.7148,-0.0006329,-0.0147162,-0.0112797,0.000000,0.000000,0.000000,0.00000,0.00000,0.000,0.000,0.000,0.000,0.000,-6.0000,0.0000,0.0000,6.0000,95.00,95.00,90.00,90.00,65535,65535,65535,1500,1,11,40.4365745,-86.8936793,158.200,0.569,-0.623,0.000
18744,31000,18175,15147,0,0,-0.22625,-1.43532,9.86890,0.000000,-0.014914,-0.011718,-8.306,1.314,-0.214,-0.0001,0.0027,3.3618,0.0086,0.0232,31.8830,-0.0006344,-0.0147156,-0.0112795,0.000000,0.000000,0.000000,0.00000,0.00000,0.000,0.000,0.000,0.000,0.000,-6.0000,0.0000,0.0000,6.0000,95.00,95.00,90.00,90.00,65535,65535,65535,1500,1,11,40.4365742,-86.8936798,158.200,0.427,-0.547,0.000
18799,26664,17995,14992,0,0,-0.23583,-1.43892,9.87249,0.000000,-0.014914,-0.011718,-8.307,1.318,-0.213,0.0001,0.0027,3.3712,0.0103,0.0230,32.0699,-0.0006332,-0.0147193,-0.0112804,0.000000,0.000000,0.000000,0.00000,0.00000,0.000,0.000,0.000,0.000,0.000,-6.0000,0.0000,0.0000,6.0000,95.00,95.00,90.00,90.00,65535,65535,65535,1500,1,11,40.4365742,-86.8936798,158.100,0.427,-0.547,0.000
18841,18321,18064,15061,0,0,-0.22386,-1.43532,9.87967,-0.001065,-0.014914,-0.011718,-8.307,1.314,-0.213,-0.0002,0.0027,3.3787,0.0086,0.0235,32.2120,-0.0006340,-0.0147148,-0.0112795,0.000000,0.000000,0.000000,0.00000,0.00000,0.000,0.000,0.000,0.000,0.000,-6.0000,0.0000,0.0000,6.0000,95.00,95.00,90.00,90.00,65535,65535,65535,1500,1,11,40.4365742,-86.8936798,158.100,0.427,-0.547,0.000
18892,25774,18173,15136,0,0,-0.23224,-1.43892,9.87129,-0.001065,-0.014914,-0.011718,-8.309,1.315,-0.214,-0.0001,0.0027,3.3875,0.0095,0.0234,32.3838,-0.0006328,-0.0147174,-0.0112800,0.000000,0.000000,0.000000,0.00000,0.00000,0.000,0.000,0.000,0.000,0.000,-6.0000,0.0000,0.0000,6.0000,95.00,95.00,90.00,90.00,65535,65535,65535,1500,1,11,40.4365735,-86.8936807,158.000,0.299,-0.552,0.000
18942,25870,18191,15142,0,0,-0.23104,-1.43772,9.87488,-0.001065,-0.014914,-0.011718,-8.310,1.317,-0.215,0.0001,0.0026,3.3963,0.0105,0.0234,32.5541,-0.0006322,-0.0147198,-0.0112805,0.000000,0.000000,0.000000,0.00000,0.00000,0.000,0.000,0.000,0.000,0.000,-6.0000,0.0000,0.0000,6.0000,95.00,95.00,90.00,90.00,65535,65535,65535,1500,1,11,40.4365735,-86.8936807,158.000,0.299,-0.552,0.000
18999,29748,20243,15200,0,0,-0.23343,-1.43054,9.86890,0.000000,-0.014914,-0.010653,-8.307,1.320,-0.214,0.0002,0.0027,3.4055,0.0114,0.0234,32.7404,-0.0006365,-0.0147243,-0.0112810,0.000000,0.000000,0.000000,0.00000,0.00000,0.000,0.000,0.000,0.000,0.000,-6.0000,0.0000,0.0000,6.0000,95.00,95.00,90.00,90.00,65535,65535,65535,1500,1,11,40.4365727,-86.8936807,157.900,0.299,-0.552,0.000
19038,26171,33265,30241,0,0,-0.23583,-1.44370,9.87488,-0.002131,-0.014914,-0.011718,-8.310,1.321,-0.215,0.0002,0.0027,3.4101,0.0115,0.0235,32.8296,-0.0006360,-0.0147263,-0.0112810,0.000000,0.000000,0.000000,0.00000,0.00000,0.000,0.000,0.000,0.000,0.000,-6.0000,0.0000,0.0000,6.0000,95.00,95.00,90.00,90.00,65535,65535,65535,1500,1,11,40.4365727,-86.8936807,157.900,0.299,-0.552,0.000
19096,34213,20352,15279,0,0,-0.23463,-1.44370,9.87010,0.000000,-0.015979,-0.011718,-8.308,1.320,-0.214,0.0002,0.0027,3.4221,0.0119,0.0236,33.0700,-0.0006381,-0.0147282,-0.0112812,0.000000,0.000000,0.000000,0.00000,0.00000,0.000,0.000,0.000,0.000,0.000,-6.0000,0.0000,0.0000,6.0000,95.00,95.00,90.00,90.00,65535,65535,65535,1500,1,11,40.4365718,-86.8936815,157.900,0.120,-0.679,0.000
19144,24167,17686,14671,0,0,-0.22984,-1.43772,9.87488,-0.001065,-0.014914,-0.011718,-8.309,1.317,-0.213,0.0003,0.0027,3.4309,0.0127,0.0236,33.2440,-0.0006405,-0.0147248,-0.0112816,0.000000,0.000000,0.000000,0.00000,0.00000,0.000,0.000,0.000,0.000,0.000,-6.0000,0.0000,0.0000,6.0000,95.00,95.00,90.00,90.00,65535,65535,65535,1500,1,11,40.4365718,-86.8936815,157.900,0.120,-0.679,0.000
19194,31382,18193,15129,0,0,-0.22984,-1.43532,9.87129,-0.001065,-0.014914,-0.011718,-8.306,1.319,-0.214,0.0006,0.0027,3.4392,0.0142,0.0235,33.4136,-0.0006450,-0.0147279,-0.0112824,0.000000,0.000000,0.000000,0.00000,0.00000,0.000,0.000,0.000,0.000,0.000,-6.0000,0.0000,0.0000,6.0000,95.00,95.00,90.00,90.00,65535,65535,65535,1500,1,11,40.4365707,-86.8936813,157.900,0.113,-0.643,0.000
19248,26346,18068,15054,0,0,-0.22745,-1.44131,9.86890,-0.001065,-0.014914,-0.011718,-8.308,1.317,-0.213,0.0007,0.0026,3.4487,0.0145,0.0236,33.6012,-0.0006444,-0.0147248,-0.0112826,0.000000,0.000000,0.000000,0.00000,0.00000,0.000,0.000,0.000,0.000,0.000,-6.0000,0.0000,0.0000,6.0000,95.00,95.00,90.00,90.00,65535,65535,65535,1500,1,11,40.4365707,-86.8936813,157.900,0.113,-0.643,0.000
19288,24852,33254,30254,0,0,-0.23224,-1.44251,9.87488,-0.001065,-0.014914,-0.011718,-8.309,1.318,-0.214,0.0007,0.0027,3.4531,0.0143,0.0237,33.6870,-0.0006442,-0.0147257,-0.0112825,0.000000,0.000000,0.000000,0.00000,0.00000,0.000,0.000,0.000,0.000,0.000,-6.0000,0.0000,0.0000,6.0000,95.00,95.00,90.00,90.00,65535,65535,65535,1500,1,11,40.4365702,-86.8936812,157.900,0.103,-0.583,0.000
19347,34243,18299,15240,0,0,-0.23343,-1.45208,9.87369,-0.001065,-0.014914,-0.011718,-8.311,1.320,-0.216,0.0004,0.0026,3.4658,0.0136,0.0240,33.9434,-0.0006411,-0.0147291,-0.0112820,0.000000,0.000000,0.000000,0.00000,0.00000,0.000,0.000,0.000,0.000,0.000,-6.0000,0.0000,0.0000,6.0000,95.00,95.00,90.00,90.00,65535,65535,65535,1500,1,11,40.4365702,-86.8936812,157.800,0.103,-0.583,0.000
19398,25844,18186,15152,0,0,-0.23104,-1.43173,9.87608,-0.001065,-0.014914,-0.011718,-8.307,1.321,-0.217,0.0006,0.0026,3.4748,0.0152,0.0239,34.1206,-0.0006450,-0.0147310,-0.0112828,0.000000,0.000000,0.000000,0.00000,0.00000,0.000,0.000,0.000,0.000,0.000,-6.0000,0.0000,0.0000,6.0000,95.00,95.00,90.00,90.00,65535,65535,65535,1500,1,11,40.4365703,-86.8936803,157.800,0.060,-0.339,0.000
19450,23964,18098,15104,0,0,-0.22625,-1.44849,9.87369,-0.001065,-0.014914,-0.011718,-8.308,1.318,-0.218,0.0005,0.0026,3.4837,0.0140,0.0242,34.3016,-0.0006433,-0.0147287,-0.0112822,0.000000,0.000000,0.000000,0.00000,0.00000,0.000,0.000,0.000,0.000,0.000,-6.0000,0.0000,0.0000,6.0000,95.00,95.00,90.00,90.00,65535,65535,65535,1500,1,11,40.4365697,-86.8936798,157.800,0.056,-0.319,0.000
19500,25748,18142,15108,0,0,-0.22865,-1.43772,9.87010,-0.001065,-0.013848,-0.011718,-8.307,1.320,-0.218,0.0005,0.0026,3.4921,0.0144,0.0243,34.4763,-0.0006457,-0.0147288,-0.0112824,0.000000,0.000000,0.000000,0.00000,0.00000,0.000,0.000,0.000,0.000,0.000,-6.0000,0.0000,0.0000,6.0000,95.00,95.00,90.00,90.00,65535,65535,65535,1500,1,11,40.4365697,-86.8936798,157.800,0.056,-0.319,0.000
19539,24017,33112,30123,0,0,-0.22984,-1.44011,9.87129,-0.001065,-0.014914,-0.011718,-8.307,1.320,-0.219,0.0005,0.0026,3.4962,0.0144,0.0244,34.5602,-0.0006461,-0.0147288,-0.0112824,0.000000,0.000000,0.000000,0.00000,0.00000,0.000,0.000,0.000,0.000,0.000,-6.0000,0.0000,0.0000,6.0000,95.00,95.00,90.00,90.00,65535,65535,65535,1500,1,11,40.4365697,-86.8936798,157.800,0.056,-0.319,0.000
19604,38447,20019,17027,0,0,-0.23224,-1.43532,9.87728,-0.001065,-0.014914,-0.011718,-8.306,1.320,-0.218,0.0006,0.0027,3.5098,0.0150,0.0245,34.8342,-0.0006496,-0.0147296,-0.0112827,0.000000,0.000000,0.000000,0.00000,0.00000,0.000,0.000,0.000,0.000,0.000,-6.0000,0.0000,0.0000,6.0000,95.00,95.00,90.00,90.00,65535,65535,65535,1500,1,11,40.4365692,-86.8936793,157.700,0.045,-0.253,0.000
19633,30011,18510,15382,0,0,-0.23343,-1.44011,9.87010,-0.001065,-0.014914,-0.011718,-8.307,1.321,-0.219,0.0006,0.0027,3.5149,0.0150,0.0246,34.9396,-0.0006500,-0.0147308,-0.0112827,0.000000,0.000000,0.000000,0.00000,0.00000,0.000,0.000,0.000,0.000,0.000,-6.0000,0.0000,0.0000,6.0000,95.00,95.00,90.00,90.00,65535,65535,65535,1500,1,11,40.4365692,-86.8936793,157.700,0.045,-0.253,0.000
19684,25671,18228,15181,0,0,-0.23343,-1.43532,9.87848,-0.001065,-0.013848,-0.011718,-8.307,1.323,-0.221,0.0005,0.0027,3.5239,0.0146,0.0248,35.1195,-0.0006526,-0.0147329,-0.0112824,0.000000,0.000000,0.000000,0.00000,0.00000,0.000,0.000,0.000,0.000,0.000,-6.0000,0.0000,0.0000,6.0000,95.00,95.00,90.00,90.00,65535,65535,65535,1500,1,11,40.4365693,-86.8936792,157.600,0.037,-0.208,0.000
19733,24927,18088,15085,0,0,-0.23343,-1.43413,9.87010,-0.001065,-0.014914,-0.011718,-8.307,1.323,-0.221,0.0005,0.0027,3.5323,0.0146,0.0250,35.2934,-0.0006543,-0.0147338,-0.0112824,0.000000,0.000000,0.000000,0.00000,0.00000,0.000,0.000,0.000,0.000,0.000,-6.0000,0.0000,0.0000,6.0000,95.00,95.00,90.00,90.00,65535,65535,65535,1500,1,11,40.4365693,-86.8936792,157.600,0.037,-0.208,0.000
19784,26560,18145,15136,0,0,-0.23343,-1.44131,9.87249,-0.001065,-0.014914,-0.011718,-8.306,1.323,-0.222,0.0005,0.0027,3.5414,0.0146,0.0251,35.4746,-0.0006554,-0.0147345,-0.0112824,0.000000,0.000000,0.000000,0.00000,0.00000,0.000,0.000,0.000,0.000,0.000,-6.0000,0.0000,0.0000,6.0000,95.00,95.00,90.00,90.00,65535,65535,65535,1500,1,11,40.4365685,-86.8936782,157.600,0.027,-0.152,0.000
19852,23583,18630,15213,0,0,-0.23343,-1.44729,9.86770,0.000000,-0.014914,-0.011718,-8.306,1.322,-0.224,0.0005,0.0027,3.5529,0.0147,0.0253,35.7140,-0.0006554,-0.0147345,-0.0112824,0.000000,0.000000,0.000000,0.00000,0.00000,0.000,0.000,0.000,0.000,0.000,-6.0000,0.0000,0.0000,6.0000,95.00,95.00,90.00,90.00,65535,65535,65535,1500,1,11,40.4365680,-86.8936777,157.600,0.029,-0.167,0.000
19884,25413,24770,21732,0,0,-0.22146,-1.43652,9.87249,-0.001065,-0.013848,-0.011718,-8.305,1.321,-0.224,0.0005,0.0027,3.5573,0.0150,0.0253,35.8043,-0.0006569,-0.0147316,-0.0112826,0.000000,0.000000,0.000000,0.00000,0.00000,0.000,0.000,0.000,0.000,0.000,-6.0000,0.0000,0.0000,6.0000,95.00,95.00,90.00,90.00,65535,65535,65535,1500,1,11,40.4365680,-86.8936777,157.600,0.029,-0.167,0.000
19935,27429,18172,15128,0,0,-0.22984,-1.43413,9.87608,-0.001065,-0.014914,-0.011718,-8.303,1.319,-0.223,0.0007,0.0027,3.5674,0.0157,0.0254,36.0127,-0.0006611,-0.0147293,-0.0112829,0.000000,0.000000,0.000000,0.00000,0.00000,0.000,0.000,0.000,0.000,0.000,-6.0000,0.0000,0.0000,6.0000,95.00,95.00,90.00,90.00,65535,65535,65535,1500,1,11,40.4365680,-86.8936777,157.600,0.029,-0.167,0.000
19987,25997,18156,15123,0,0,-0.23224,-1.44011,9.87010,-0.002131,-0.013848,-0.011718,-8.305,1.318,-0.224,0.0007,0.0027,3.5762,0.0158,0.0255,36.1952,-0.0006617,-0.0147276,-0.0112830,0.000000,0.000000,0.000000,0.00000,0.00000,0.000,0.000,0.000,0.000,0.000,-6.0000,0.0000,0.0000,6.0000,95.00,95.00,90.00,90.00,65535,65535,65535,1500,1,11,40.4365688,-86.8936773,157.500,0.038,-0.218,0.000
20047,34147,20197,15222,0,0,-0.22266,-1.44251,9.87848,-0.001065,-0.014914,-0.011718,-8.304,1.316,-0.223,0.0008,0.0027,3.5866,0.0164,0.0256,36.4047,-0.0006633,-0.0147255,-0.0112833,0.000000,0.000000,0.000000,0.00000,0.00000,0.000,0.000,0.000,0.000,0.000,-6.0000,0.0000,0.0000,6.0000,95.00,95.00,90.00,90.00,65535,65535,65535,1500,1,11,40.4365688,-86.8936773,157.500,0.038,-0.218,0.000
20089,36155,26071,22252,0,0,-0.22505,-1.43652,9.87488,-0.001065,-0.014914,-0.010653,-8.303,1.315,-0.221,0.0010,0.0027,3.5929,0.0169,0.0256,36.5345,-0.0006649,-0.0147241,-0.0112836,0.000000,0.000000,0.000000,0.00000,0.00000,0.000,0.000,0.000,0.000,0.000,-6.0000,0.0000,0.0000,6.0000,95.00,95.00,90.00,90.00,65535,65535,65535,1500,1,11,40.4365693,-86.8936788,157.300,0.075,-0.426,0.000
20137,24478,17542,14537,0,0,-0.23822,-1.43413,9.87249,-0.001065,-0.014914,-0.011718,-8.303,1.317,-0.224,0.0008,0.0027,3.6028,0.0158,0.0259,36.7386,-0.0006671,-0.0147286,-0.0112830,0.000000,0.000000,0.000000,0.00000,0.00000,0.000,0.000,0.000,0.000,0.000,-6.0000,0.0000,0.0000,6.0000,95.00,95.00,90.00,90.00,65535,65535,65535,1500,1,11,40.4365693,-86.8936788,157.300,0.075,-0.426,0.000
20187,31145,18182,15154,0,0,-0.23343,-1.43173,9.86651,-0.001065,-0.013848,-0.011718,-8.302,1.321,-0.225,0.0006,0.0028,3.6110,0.0149,0.0262,36.9150,-0.0006695,-0.0147299,-0.0112825,0.000000,0.000000,0.000000,0.00000,0.00000,0.000,0.000,0.000,0.000,0.000,-6.0000,0.0000,0.0000,6.0000,95.00,95.00,90.00,90.00,65535,65535,65535,1500,1,11,40.4365692,-86.8936777,157.300,0.063,-0.355,0.000
20250,18983,18027,15038,0,0,-0.22984,-1.44370,9.87728,-0.001065,-0.014914,-0.011718,-8.304,1.320,-0.225,0.0007,0.0028,3.6218,0.0155,0.0263,37.1427,-0.0006704,-0.0147282,-0.0112828,0.000000,0.000000,0.000000,0.00000,0.00000,0.000,0.000,0.000,0.000,0.000,-6.0000,0.0000,0.0000,6.0000,95.00,95.00,90.00,90.00,65535,65535,65535,1500,1,11,40.4365692,-86.8936777,157.300,0.063,-0.355,0.000
20285,28677,24609,16742,0,0,-0.22745,-1.43892,9.87010,-0.001065,-0.013848,-0.010653,-8.304,1.321,-0.224,0.0007,0.0028,3.6267,0.0158,0.0263,37.2466,-0.0006710,-0.0147274,-0.0112829,0.000000,0.000000,0.000000,0.00000,0.00000,0.000,0.000,0.000,0.000,0.000,-6.0000,0.0000,0.0000,6.0000,95.00,95.00,90.00,90.00,65535,65535,65535,1500,1,11,40.4365690,-86.8936773,157.300,0.055,-0.314,0.000
20353,39448,22029,19058,0,0,-0.23224,-1.45089,9.87848,-0.001065,-0.014914,-0.011718,-8.305,1.320,-0.225,0.0007,0.0027,3.6392,0.0160,0.0265,37.5025,-0.0006694,-0.0147280,-0.0112830,0.000000,0.000000,0.000000,0.00000,0.00000,0.000,0.000,0.000,0.000,0.000,-6.0000,0.0000,0.0000,6.0000,95.00,95.00,90.00,90.00,65535,65535,65535,1500,1,11,40.4365690,-86.8936773,157.300,0.055,-0.314,0.000
20385,29197,24839,21812,0,0,-0.22984,-1.43772,9.87010,-0.001065,-0.014914,-0.010653,-8.305,1.320,-0.224,0.0007,0.0027,3.6442,0.0158,0.0266,37.6088,-0.0006704,-0.0147280,-0.0112829,0.000000,0.000000,0.000000,0.00000,0.00000,0.000,0.000,0.000,0.000,0.000,-6.0000,0.0000,0.0000,6.0000,95.00,95.00,90.00,90.00,65535,65535,65535,1500,1,10,40.4365693,-86.8936798,157.300,0.131,-0.687,0.000
20447,18404,18019,15033,0,0,-0.21787,-1.44370,9.87369,0.000000,-0.014914,-0.011718,-8.303,1.319,-0.226,0.0005,0.0027,3.6563,0.0152,0.0269,37.8609,-0.0006732,-0.0147251,-0.0112827,0.000000,0.000000,0.000000,0.00000,0.00000,0.000,0.000,0.000,0.000,0.000,-6.0000,0.0000,0.0000,6.0000,95.00,95.00,90.00,90.00,65535,65535,65535,1500,1,10,40.4365693,-86.8936798,157.300,0.131,-0.687,0.000
20504,29812,19895,15271,0,0,-0.22266,-1.43772,9.86890,-0.001065,-0.014914,-0.011718,-8.304,1.317,-0.227,0.0006,0.0027,3.6656,0.0159,0.0270,38.0613,-0.0006744,-0.0147229,-0.0112830,0.000000,0.000000,0.000000,0.00000,0.00000,0.000,0.000,0.000,0.000,0.000,-6.0000,0.0000,0.0000,6.0000,95.00,95.00,90.00,90.00,65535,65535,65535,1500,1,10,40.4365700,-86.8936830,157.100,0.185,-1.054,0.000
20543,26136,33325,30331,0,0,-0.22266,-1.43532,9.87010,-0.001065,-0.014914,-0.010653,-8.304,1.316,-0.226,0.0007,0.0027,3.6700,0.0164,0.0270,38.1572,-0.0006761,-0.0147208,-0.0112832,0.000000,0.000000,0.000000,0.00000,0.00000,0.000,0.000,0.000,0.000,0.000,-6.0000,0.0000,0.0000,6.0000,95.00,95.00,90.00,90.00,65535,65535,65535,1500,1,10,40.4365700,-86.8936830,157.100,0.185,-1.054,0.000
20582,40280,31775,28739,0,0,-0.22625,-1.44610,9.87608,-0.001065,-0.013848,-0.011718,-8.306,1.317,-0.226,0.0010,0.0026,3.6772,0.0180,0.0268,38.3052,-0.0006747,-0.0147197,-0.0112839,0.000000,0.000000,0.000000,0.00000,0.00000,0.000,0.000,0.000,0.000,0.000,-6.0000,0.0000,0.0000,6.0000,95.00,95.00,90.00,90.00,65535,65535,65535,1500,1,10,40.4365707,-86.8936833,157.100,0.249,-0.988,0.000
20632,25659,18183,15141,0,0,-0.23463,-1.43532,9.87249,-0.001065,-0.014914,-0.011718,-8.304,1.317,-0.230,0.0004,0.0028,3.6882,0.0145,0.0276,38.5398,-0.0006786,-0.0147221,-0.0112823,0.000000,0.000000,0.000000,0.00000,0.00000,0.000,0.000,0.000,0.000,0.000,-6.0000,0.0000,0.0000,6.0000,95.00,95.00,90.00,90.00,65535,65535,65535,1500,1,10,40.4365707,-86.8936833,157.100,0.249,-0.988,0.000
20683,25702,18185,15167,0,0,-0.23463,-1.44131,9.87249,-0.002131,-0.013848,-0.011718,-8.305,1.321,-0.232,0.0003,0.0028,3.6971,0.0132,0.0279,38.7273,-0.0006781,-0.0147249,-0.0112818,0.000000,0.000000,0.000000,0.00000,0.00000,0.000,0.000,0.000,0.000,0.000,-6.0000,0.0000,0.0000,6.0000,95.00,95.00,90.00,90.00,65535,65535,65535,1500,1,10,40.4365703,-86.8936832,157.000,0.216,-0.890,0.000
20737,25943,18171,15142,0,0,-0.23224,-1.44011,9.87010,-0.001065,-0.013848,-0.011718,-8.306,1.323,-0.234,0.0002,0.0028,3.7065,0.0128,0.0281,38.9274,-0.0006786,-0.0147250,-0.0112815,0.000000,0.000000,0.000000,0.00000,0.00000,0.000,0.000,0.000,0.000,0.000,-6.0000,0.0000,0.0000,6.0000,95.00,95.00,90.00,90.00,65535,65535,65535,1500,1,10,40.4365703,-86.8936832,157.000,0.216,-0.890,0.000
20788,25911,18165,15136,0,0,-0.22505,-1.44610,9.86651,0.000000,-0.014914,-0.011718,-8.307,1.322,-0.234,0.0005,0.0028,3.7151,0.0146,0.0280,39.1167,-0.0006767,-0.0147239,-0.0112823,0.000000,0.000000,0.000000,0.00000,0.00000,0.000,0.000,0.000,0.000,0.000,-6.0000,0.0000,0.0000,6.0000,95.00,95.00,90.00,90.00,65535,65535,65535,1500,1,10,40.4365700,-86.8936832,156.900,0.174,-0.841,0.000
20851,19505,18064,15082,0,0,-0.23224,-1.44849,9.87129,-0.001065,-0.013848,-0.011718,-8.312,1.325,-0.233,0.0007,0.0028,3.7261,0.0163,0.0279,39.3513,-0.0006741,-0.0147259,-0.0112830,0.000000,0.000000,0.000000,0.00000,0.00000,0.000,0.000,0.000,0.000,0.000,-6.0000,0.0000,0.0000,6.0000,95.00,95.00,90.00,90.00,65535,65535,65535,1500,1,10,40.4365695,-86.8936830,156.900,0.095,-0.750,0.000
20882,24821,24697,21700,0,0,-0.22745,-1.43892,9.86890,-0.001065,-0.014914,-0.011718,-8.312,1.324,-0.233,0.0007,0.0028,3.7303,0.0161,0.0280,39.4438,-0.0006750,-0.0147249,-0.0112829,0.000000,0.000000,0.000000,0.00000,0.00000,0.000,0.000,0.000,0.000,0.000,-6.0000,0.0000,0.0000,6.0000,95.00,95.00,90.00,90.00,65535,65535,65535,1500,1,10,40.4365695,-86.8936830,156.800,0.095,-0.750,0.000
20936,34449,18187,15257,0,0,-0.22984,-1.43892,9.86890,-0.001065,-0.014914,-0.011718,-8.309,1.323,-0.236,0.0003,0.0029,3.7409,0.0133,0.0286,39.6689,-0.0006783,-0.0147252,-0.0112818,0.000000,0.000000,0.000000,0.00000,0.00000,0.000,0.000,0.000,0.000,0.000,-6.0000,0.0000,0.0000,6.0000,95.00,95.00,90.00,90.00,65535,65535,65535,1500,1,10,40.4365695,-86.8936830,156.800,0.095,-0.750,0.000
20987,25923,18168,15163,0,0,-0.22266,-1.43772,9.87848,-0.001065,-0.014914,-0.010653,-8.308,1.321,-0.236,0.0002,0.0029,3.7498,0.0128,0.0289,39.8600,-0.0006811,-0.0147214,-0.0112816,0.000000,0.000000,0.000000,0.00000,0.00000,0.000,0.000,0.000,0.000,0.000,-6.0000,0.0000,0.0000,6.0000,95.00,95.00,90.00,90.00,65535,65535,65535,1500,1,11,40.4365685,-86.8936808,156.900,0.064,-0.505,0.000
21056,34167,28343,20504,0,0,-0.23463,-1.43293,9.87249,-0.001065,-0.014914,-0.011718,-8.309,1.320,-0.237,0.0001,0.0030,3.7598,0.0120,0.0292,40.0796,-0.0006829,-0.0147211,-0.0112813,0.000000,0.000000,0.000000,0.00000,0.00000,0.000,0.000,0.000,0.000,0.000,-6.0000,0.0000,0.0000,6.0000,95.00,95.00,90.00,90.00,65535,65535,65535,1500,1,11,40.4365685,-86.8936808,156.900,0.064,-0.505,0.000
21087,30075,24236,21260,0,0,-0.23343,-1.43892,9.86770,-0.001065,-0.014914,-0.011718,-8.309,1.320,-0.239,-0.0001,0.0030,3.7649,0.0107,0.0295,40.1927,-0.0006836,-0.0147223,-0.0112807,0.000000,0.000000,0.000000,0.00000,0.00000,0.000,0.000,0.000,0.000,0.000,-6.0000,0.0000,0.0000,6.0000,95.00,95.00,90.00,90.00,65535,65535,65535,1500,1,11,40.4365690,-86.8936793,157.000,0.064,-0.505,0.000
21145,28890,23417,14640,0,0,-0.22984,-1.43652,9.87010,0.000000,-0.014914,-0.011718,-8.306,1.319,-0.241,-0.0002,0.0031,3.7759,0.0100,0.0298,40.4358,-0.0006864,-0.0147216,-0.0112805,0.000000,0.000000,0.000000,0.00000,0.00000,0.000,0.000,0.000,0.000,0.000,-6.0000,0.0000,0.0000,6.0000,95.00,95.00,90.00,90.00,65535,65535,65535,1500,1,11,40.4365690,-86.8936793,157.000,0.064,-0.505,0.000
21195,31084,18175,15165,0,0,-0.22625,-1.43293,9.87369,-0.001065,-0.014914,-0.011718,-8.302,1.315,-0.242,-0.0002,0.0031,3.7855,0.0097,0.0300,40.6427,-0.0006926,-0.0147185,-0.0112804,0.000000,0.000000,0.000000,0.00000,0.00000,0.000,0.000,0.000,0.000,0.000,-6.0000,0.0000,0.0000,6.0000,95.00,95.00,90.00,90.00,65535,65535,65535,1500,1,11,40.4365698,-86.8936790,157.000,0.278,0.000,0.000
21245,25780,18151,15136,0,0,-0.22625,-1.44011,9.87010,-0.001065,-0.014914,-0.011718,-8.302,1.314,-0.241,-0.0001,0.0031,3.7942,0.0108,0.0300,40.8328,-0.0006938,-0.0147155,-0.0112809,0.000000,0.000000,0.000000,0.00000,0.00000,0.000,0.000,0.000,0.000,0.000,-6.0000,0.0000,0.0000,6.0000,95.00,95.00,90.00,90.00,65535,65535,65535,1500,1,11,40.4365698,-86.8936790,157.000,0.278,0.000,0.000
21290,20259,18162,15131,0,0,-0.22984,-1.43652,9.87488,-0.001065,-0.014914,-0.010653,-8.301,1.315,-0.242,-0.0004,0.0031,3.8022,0.0088,0.0305,41.0020,-0.0006964,-0.0147176,-0.0112801,0.000000,0.000000,0.000000,0.00000,0.00000,0.000,0.000,0.000,0.000,0.000,-6.0000,0.0000,0.0000,6.0000,95.00,95.00,90.00,90.00,65535,65535,65535,1500,1,11,40.4365707,-86.8936802,156.900,0.142,-0.478,0.000
21347,34863,21974,15260,0,0,-0.23463,-1.44131,9.87608,-0.001065,-0.014914,-0.011718,-8.302,1.317,-0.243,-0.0006,0.0031,3.8117,0.0070,0.0309,41.2075,-0.0006961,-0.0147206,-0.0112793,0.000000,0.000000,0.000000,0.00000,0.00000,0.000,0.000,0.000,0.000,0.000,-6.0000,0.0000,0.0000,6.0000,95.00,95.00,90.00,90.00,65535,65535,65535,1500,1,11,40.4365707,-86.8936802,156.900,0.142,-0.478,0.000
21387,23049,38167,30294,0,0,-0.22505,-1.44011,9.86531,-0.001065,-0.013848,-0.011718,-8.303,1.317,-0.243,-0.0005,0.0031,3.8155,0.0079,0.0308,41.2954,-0.0006960,-0.0147193,-0.0112797,0.000000,0.000000,0.000000,0.00000,0.00000,0.000,0.000,0.000,0.000,0.000,-6.0000,0.0000,0.0000,6.0000,95.00,95.00,90.00,90.00,65535,65535,65535,1500,1,11,40.4365707,-86.8936802,156.900,0.142,-0.478,0.000
21445,37901,18282,15272,0,0,-0.22984,-1.43532,9.87848,-0.001065,-0.014914,-0.011718,-8.303,1.316,-0.245,-0.0006,0.0032,3.8291,0.0074,0.0311,41.5931,-0.0006974,-0.0147197,-0.0112795,0.000000,0.000000,0.000000,0.00000,0.00000,0.000,0.000,0.000,0.000,0.000,-6.0000,0.0000,0.0000,6.0000,95.00,95.00,90.00,90.00,65535,65535,65535,1500,1,11,40.4365722,-86.8936807,157.000,0.427,-0.586,0.000
21490,20140,18168,15148,0,0,-0.22505,-1.43892,9.86291,-0.001065,-0.014914,-0.011718,-8.304,1.316,-0.246,-0.0005,0.0031,3.8367,0.0079,0.0312,41.7665,-0.0006979,-0.0147186,-0.0112798,0.000000,0.000000,0.000000,0.00000,0.00000,0.000,0.000,0.000,0.000,0.000,-6.0000,0.0000,0.0000,6.0000,95.00,95.00,90.00,90.00,65535,65535,65535,1500,1,11,40.4365723,-86.8936807,157.000,0.394,-0.502,0.000
21562,43300,22566,15371,0,0,-0.23343,-1.44011,9.87848,-0.001065,-0.014914,-0.011718,-8.302,1.317,-0.247,-0.0008,0.0032,3.8487,0.0065,0.0316,42.0264,-0.0007000,-0.0147205,-0.0112792,0.000000,0.000000,0.000000,0.00000,0.00000,0.000,0.000,0.000,0.000,0.000,-6.0000,0.0000,0.0000,6.0000,95.00,95.00,90.00,90.00,65535,65535,65535,1500,1,11,40.4365723,-86.8936807,157.000,0.394,-0.502,0.000
21599,29516,30283,27266,0,0,-0.23224,-1.44131,9.87848,-0.001065,-0.014914,-0.011718,-8.302,1.317,-0.248,-0.0009,0.0032,3.8540,0.0060,0.0318,42.1401,-0.0007000,-0.0147214,-0.0112790,0.000000,0.000000,0.000000,0.00000,0.00000,0.000,0.000,0.000,0.000,0.000,-6.0000,0.0000,0.0000,6.0000,95.00,95.00,90.00,90.00,65535,65535,65535,1500,1,11,40.4365720,-86.8936810,156.900,0.394,-0.502,0.000
21648,25087,18151,15117,0,0,-0.22984,-1.43652,9.87129,-0.001065,-0.014914,-0.011718,-8.300,1.314,-0.249,-0.0008,0.0032,3.8645,0.0062,0.0320,42.3781,-0.0007019,-0.0147196,-0.0112791,0.000000,0.000000,0.000000,0.00000,0.00000,0.000,0.000,0.000,0.000,0.000,-6.0000,0.0000,0.0000,6.0000,95.00,95.00,90.00,90.00,65535,65535,65535,1500,1,11,40.4365720,-86.8936810,156.900,0.394,-0.502,0.000
21693,19594,18134,15115,0,0,-0.23703,-1.43413,9.87488,-0.001065,-0.014914,-0.011718,-8.299,1.316,-0.249,-0.0008,0.0032,3.8722,0.0059,0.0322,42.5511,-0.0007039,-0.0147221,-0.0112790,0.000000,0.000000,0.000000,0.00000,0.00000,0.000,0.000,0.000,0.000,0.000,-6.0000,0.0000,0.0000,6.0000,95.00,95.00,90.00,90.00,65535,65535,65535,1500,1,11,40.4365720,-86.8936810,156.900,0.249,-0.514,0.000
21743,25506,18203,15138,0,0,-0.23224,-1.43293,9.86890,-0.001065,-0.014914,-0.011718,-8.295,1.317,-0.250,-0.0007,0.0031,3.8807,0.0065,0.0322,42.7439,-0.0007079,-0.0147233,-0.0112792,0.000000,0.000000,0.000000,0.00000,0.00000,0.000,0.000,0.000,0.000,0.000,-6.0000,0.0000,0.0000,6.0000,95.00,95.00,90.00,90.00,65535,65535,65535,1500,1,11,40.4365720,-86.8936810,156.900,0.249,-0.514,0.000
21800,22653,18129,15103,0,0,-0.22984,-1.44251,9.87728,-0.001065,-0.014914,-0.011718,-8.292,1.316,-0.251,-0.0006,0.0032,3.8906,0.0070,0.0323,42.9639,-0.0007104,-0.0147233,-0.0112794,0.000000,0.000000,0.000000,0.00000,0.00000,0.000,0.000,0.000,0.000,0.000,-6.0000,0.0000,0.0000,6.0000,95.00,95.00,90.00,90.00,65535,65535,65535,1500,1,11,40.4365722,-86.8936805,156.900,0.211,-0.435,0.000
21849,25339,18168,15171,0,0,-0.22146,-1.43054,9.87129,-0.001065,-0.014914,-0.011718,-8.291,1.314,-0.252,-0.0005,0.0032,3.8992,0.0076,0.0324,43.1573,-0.0007124,-0.0147222,-0.0112797,0.000000,0.000000,0.000000,0.00000,0.00000,0.000,0.000,0.000,0.000,0.000,-6.0000,0.0000,0.0000,6.0000,95.00,95.00,90.00,90.00,65535,65535,65535,1500,1,11,40.4365722,-86.8936805,156.900,0.211,-0.435,0.000
21894,19523,18158,15131,0,0,-0.22745,-1.43173,9.87010,-0.001065,-0.013848,-0.010653,-8.289,1.317,-0.252,-0.0003,0.0031,3.9068,0.0089,0.0323,43.3309,-0.0007156,-0.0147249,-0.0112801,0.000000,0.000000,0.000000,0.00000,0.00000,0.000,0.000,0.000,0.000,0.000,-6.0000,0.0000,0.0000,6.0000,95.00,95.00,90.00,90.00,65535,65535,65535,1500,1,11,40.4365728,-86.8936808,156.800,0.211,-0.435,0.000
21943,25157,18153,15147,0,0,-0.22745,-1.43413,9.87010,-0.001065,-0.014914,-0.011718,-8.287,1.315,-0.252,-0.0002,0.0031,3.9153,0.0096,0.0324,43.5243,-0.0007188,-0.0147234,-0.0112804,0.000000,0.000000,0.000000,0.00000,0.00000,0.000,0.000,0.000,0.000,0.000,-6.0000,0.0000,0.0000,6.0000,95.00,95.00,90.00,90.00,65535,65535,65535,1500,1,11,40.4365728,-86.8936808,156.800,0.211,-0.435,0.000
21999,30007,19102,15284,0,0,-0.22625,-1.42934,9.86770,-0.001065,-0.014914,-0.010653,-8.285,1.315,-0.251,-0.0001,0.0031,3.9246,0.0107,0.0324,43.7402,-0.0007219,-0.0147233,-0.0112808,0.000000,0.000000,0.000000,0.00000,0.00000,0.000,0.000,0.000,0.000,0.000,-6.0000,0.0000,0.0000,6.0000,95.00,95.00,90.00,90.00,65535,65535,65535,1500,1,11,40.4365732,-86.8936813,156.900,0.279,-0.527,0.000
22038,25261,33101,30083,0,0,-0.22625,-1.44251,9.87369,-0.001065,-0.014914,-0.011718,-8.287,1.314,-0.252,-0.0001,0.0031,3.9290,0.0102,0.0325,43.8394,-0.0007205,-0.0147224,-0.0112807,0.000000,0.000000,0.000000,0.00000,0.00000,0.000,0.000,0.000,0.000,0.000,-6.0000,0.0000,0.0000,6.0000,95.00,95.00,90.00,90.00,65535,65535,65535,1500,1,11,40.4365732,-86.8936813,156.900,0.279,-0.527,0.000
22098,34020,18289,15248,0,0,-0.23583,-1.43413,9.87010,-0.001065,-0.014914,-0.010653,-8.286,1.317,-0.252,-0.0002,0.0033,3.9417,0.0099,0.0328,44.1303,-0.0007236,-0.0147244,-0.0112805,0.000000,0.000000,0.000000,0.00000,0.00000,0.000,0.000,0.000,0.000,0.000,-6.0000,0.0000,0.0000,6.0000,95.00,95.00,90.00,90.00,65535,65535,65535,1500,1,11,40.4365737,-86.8936813,156.900,0.278,-0.475,0.000
22149,27565,17781,14760,0,0,-0.23343,-1.44131,9.87967,-0.001065,-0.014914,-0.010653,-8.288,1.317,-0.252,-0.0003,0.0033,3.9509,0.0095,0.0330,44.3358,-0.0007219,-0.0147251,-0.0112804,0.000000,0.000000,0.000000,0.00000,0.00000,0.000,0.000,0.000,0.000,0.000,-6.0000,0.0000,0.0000,6.0000,95.00,95.00,90.00,90.00,65535,65535,65535,1500,1,11,40.4365737,-86.8936813,156.900,0.278,-0.475,0.000
22210,35487,24940,15258,0,0,-0.22865,-1.44370,9.87129,-0.001065,-0.014914,-0.010653,-8.290,1.316,-0.251,-0.0004,0.0032,3.9601,0.0090,0.0333,44.5479,-0.0007198,-0.0147244,-0.0112802,0.000000,0.000000,0.000000,0.00000,0.00000,0.000,0.000,0.000,0.000,0.000,-6.0000,0.0000,0.0000,6.0000,95.00,95.00,90.00,90.00,65535,65535,65535,1500,1,11,40.4365735,-86.8936812,156.900,0.244,-0.417,0.000
22241,31258,24458,21467,0,0,-0.22745,-1.44251,9.87010,-0.001065,-0.014914,-0.011718,-8.292,1.315,-0.252,-0.0004,0.0032,3.9655,0.0086,0.0334,44.6717,-0.0007186,-0.0147239,-0.0112801,0.000000,0.000000,0.000000,0.00000,0.00000,0.000,0.000,0.000,0.000,0.000,-6.0000,0.0000,0.0000,6.0000,95.00,95.00,90.00,90.00,65535,65535,65535,1500,1,11,40.4365735,-86.8936812,156.900,0.244,-0.417,0.000
22285,20188,18139,15123,0,0,-0.22625,-1.43652,9.87010,-0.001065,-0.014914,-0.011718,-8.724,1.316,-0.239,0.0032,0.0025,3.9743,0.0363,0.0292,44.8740,-0.0007710,-0.0147238,-0.0112899,0.000000,0.000000,0.000000,0.00000,0.00000,0.000,0.000,0.000,0.000,0.000,-6.0000,0.0000,0.0000,6.0000,95.00,95.00,90.00,90.00,65535,65535,65535,1500,1,11,40.4365738,-86.8936813,156.900,0.273,-0.466,0.000
22335,25828,18176,15153,0,0,-0.23343,-1.43293,9.86770,-0.001065,-0.014914,-0.011718,-8.684,1.315,-0.249,0.0006,0.0028,3.9829,0.0167,0.0327,45.0731,-0.0008161,-0.0147243,-0.0112831,0.000000,0.000000,0.000000,0.00000,0.00000,0.000,0.000,0.000,0.000,0.000,-6.0000,0.0000,0.0000,6.0000,95.00,95.00,90.00,90.00,65535,65535,65535,1500,1,11,40.4365738,-86.8936813,156.900,0.273,-0.466,0.000
22386,31482,18190,15190,0,0,-0.22865,-1.43413,9.87608,0.000000,-0.014914,-0.011718,-8.643,1.320,-0.201,0.0149,0.0005,3.9918,0.1261,0.0152,45.2749,-0.0008577,-0.0147234,-0.0113210,0.000000,0.000000,0.000000,0.00000,0.00000,0.000,0.000,0.000,0.000,0.000,-6.0000,0.0000,0.0000,6.0000,95.00,95.00,90.00,90.00,65535,65535,65535,1500,1,11,40.4365740,-86.8936812,157.000,0.247,-0.469,0.000
22435,28268,39068,30385,0,0,-0.22625,-1.44011,9.86890,-0.001065,-0.014914,-0.011718,-8.626,1.324,-0.164,0.0258,-0.0011,3.9966,0.2091,0.0020,45.3878,-0.0008756,-0.0147225,-0.0113494,0.000000,0.000000,0.000000,0.00000,0.00000,0.000,0.000,0.000,0.000,0.000,-6.0000,0.0000,0.0000,6.0000,95.00,95.00,90.00,90.00,65535,65535,65535,1500,1,11,40.4365740,-86.8936812,157.000,0.247,-0.469,0.000
22483,28412,18186,15166,0,0,-0.22865,-1.43173,9.87488,-0.001065,-0.013848,-0.011718,-8.588,1.334,-0.084,0.0495,-0.0039,4.0082,0.3927,-0.0273,45.6623,-0.0009160,-0.0147204,-0.0114116,0.000000,0.000000,0.000000,0.00000,0.00000,0.000,0.000,0.000,0.000,0.000,-6.0000,0.0000,0.0000,6.0000,95.00,95.00,90.00,90.00,65535,65535,65535,1500,1,11,40.4365747,-86.8936823,157.100,0.285,-0.639,0.000
22550,34259,26930,18973,0,0,-0.22745,-1.44370,9.87129,-0.001065,-0.014914,-0.011718,-8.562,1.339,-0.053,0.0585,-0.0051,4.0183,0.4638,-0.0385,45.8975,-0.0009449,-0.0147193,-0.0114347,0.000000,0.000000,0.000000,0.00000,0.00000,0.000,0.000,0.000,0.000,0.000,-6.0000,0.0000,0.0000,6.0000,95.00,95.00,90.00,90.00,65535,65535,65535,1500,1,11,40.4365747,-86.8936823,157.100,0.285,-0.639,0.000
22587,33702,30308,27310,0,0,-0.22505,-1.43173,9.87249,-0.001065,-0.014914,-0.010653,-8.545,1.344,0.005,0.0750,-0.0073,4.0241,0.5920,-0.0590,46.0331,-0.0009616,-0.0147172,-0.0114773,0.000000,0.000000,0.000000,0.00000,0.00000,0.000,0.000,0.000,0.000,0.000,-6.0000,0.0000,0.0000,6.0000,95.00,95.00,90.00,90.00,65535,65535,65535,1500,1,11,40.4365755,-86.8936823,157.100,0.350,-0.612,0.000
22643,27216,18184,15161,0,0,-0.22266,-1.44011,9.87249,-0.001065,-0.014914,-0.011718,-8.516,1.353,0.118,0.1082,-0.0120,4.0358,0.8528,-0.1006,46.3055,-0.0009912,-0.0147128,-0.0115629,0.000000,0.000000,0.000000,0.00000,0.00000,0.000,0.000,0.000,0.000,0.000,-6.0000,0.0000,0.0000,6.0000,95.00,95.00,90.00,90.00,65535,65535,65535,1500,1,11,40.4365755,-86.8936823,157.100,0.350,-0.612,0.000
22687,19559,18120,15111,0,0,-0.22266,-1.43173,9.87728,-0.001065,-0.014914,-0.011718,-8.486,1.368,0.280,0.1555,-0.0200,4.0435,1.2244,-0.1603,46.4862,-0.0010194,-0.0147058,-0.0116849,0.000000,0.000000,0.000000,0.00000,0.00000,0.000,0.000,0.000,0.000,0.000,-6.0000,0.0000,0.0000,6.0000,95.00,95.00,90.00,90.00,65535,65535,65535,1500,1,11,40.4365757,-86.8936805,157.100,0.263,-0.460,0.000
22737,30711,18171,15143,0,0,-0.22865,-1.43892,9.86890,-0.001065,-0.014914,-0.011718,-8.466,1.373,0.341,0.1734,-0.0231,4.0520,1.3708,-0.1836,46.6876,-0.0010405,-0.0147030,-0.0117308,0.000000,0.000000,0.000000,0.00000,0.00000,0.000,0.000,0.000,0.000,0.000,-6.0000,0.0000,0.0000,6.0000,95.00,95.00,90.00,90.00,65535,65535,65535,1500,1,11,40.4365757,-86.8936805,157.100,0.263,-0.460,0.000
22788,25976,18176,15146,0,0,-0.22865,-1.44131,9.87010,-0.001065,-0.013848,-0.010653,-8.447,1.382,0.436,0.2008,-0.0275,4.0608,1.5924,-0.2191,46.8945,-0.0010585,-0.0146979,-0.0118007,0.000000,0.000000,0.000000,0.00000,0.00000,0.000,0.000,0.000,0.000,0.000,-6.0000,0.0000,0.0000,6.0000,95.00,95.00,90.00,90.00,65535,65535,65535,1500,1,11,40.4365758,-86.8936803,156.900,0.237,-0.415,0.000
22842,29572,18589,15239,0,0,-0.23224,-1.43293,9.87488,-0.001065,-0.013848,-0.011718,-8.426,1.391,0.529,0.2280,-0.0319,4.0703,1.8148,-0.2547,47.1134,-0.0010784,-0.0146923,-0.0118697,0.000000,0.000000,0.000000,0.00000,0.00000,0.000,0.000,0.000,0.000,0.000,-6.0000,0.0000,0.0000,6.0000,95.00,95.00,90.00,90.00,65535,65535,65535,1500,1,11,40.4365758,-86.8936803,156.900,0.237,-0.415,0.000
22887,19525,18135,15113,0,0,-0.22865,-1.44849,9.87608,-0.002131,-0.013848,-0.011718,-8.413,1.398,0.618,0.2539,-0.0362,4.0781,2.0282,-0.2889,47.2964,-0.0010907,-0.0146859,-0.0119356,0.000000,0.000000,0.000000,0.00000,0.00000,0.000,0.000,0.000,0.000,0.000,-6.0000,0.0000,0.0000,6.0000,95.00,95.00,90.00,90.00,65535,65535,65535,1500,1,11,40.4365760,-86.8936805,156.800,0.237,-0.415,0.000
22937,25622,18139,15135,0,0,-0.22386,-1.44969,9.87608,-0.001065,-0.014914,-0.011718,-8.400,1.407,0.746,0.2914,-0.0422,4.0869,2.3335,-0.3379,47.5002,-0.0011004,-0.0146756,-0.0120299,0.000000,0.000000,0.000000,0.00000,0.00000,0.000,0.000,0.000,0.000,0.000,-6.0000,0.0000,0.0000,6.0000,95.00,95.00,90.00,90.00,65535,65535,65535,1500,1,11,40.4365760,-86.8936805,156.800,0.237,-0.415,0.000
22988,25965,18182,15149,0,0,-0.22625,-1.43413,9.87488,-0.001065,-0.014914,-0.011718,-8.387,1.411,0.840,0.3186,-0.0466,4.0958,2.5620,-0.3745,47.7090,-0.0011126,-0.0146673,-0.0120984,0.000000,0.000000,0.000000,0.00000,0.00000,0.000,0.000,0.000,0.000,0.000,-6.0000,0.0000,0.0000,6.0000,95.00,95.00,90.00,90.00,65535,65535,65535,1500,1,11,40.4365752,-86.8936812,156.900,0.199,-0.348,0.000
23063,43195,25349,15330,0,0,-0.22505,-1.43892,9.87488,-0.001065,-0.014914,-0.011718,-8.375,1.415,0.956,0.3523,-0.0517,4.1075,2.8452,-0.4198,47.9860,-0.0011224,-0.0146557,-0.0121815,0.000000,0.000000,0.000000,0.00000,0.00000,0.000,0.000,0.000,0.000,0.000,-6.0000,0.0000,0.0000,6.0000,95.00,95.00,90.00,90.00,65535,65535,65535,1500,1,11,40.4365752,-86.8936812,156.900,0.199,-0.348,0.000
23093,31645,24407,21400,0,0,-0.21428,-1.44131,9.87728,-0.001065,-0.014914,-0.011718,-8.369,1.417,1.034,0.3752,-0.0553,4.1132,3.0352,-0.4503,48.1161,-0.0011262,-0.0146468,-0.0122381,0.000000,0.000000,0.000000,0.00000,0.00000,0.000,0.000,0.000,0.000,0.000,-6.0000,0.0000,0.0000,6.0000,95.00,95.00,90.00,90.00,65535,65535,65535,1500,1,11,40.4365752,-86.8936812,156.900,0.199,-0.348,0.000
23142,29812,17559,14560,0,0,-0.22865,-1.43772,9.87608,-0.001065,-0.014914,-0.010653,-8.357,1.420,1.129,0.4016,-0.0595,4.1229,3.2634,-0.4868,48.3439,-0.0011363,-0.0146355,-0.0123033,0.000000,0.000000,0.000000,0.00000,0.00000,0.000,0.000,0.000,0.000,0.000,-6.0000,0.0000,0.0000,6.0000,95.00,95.00,90.00,90.00,65535,65535,65535,1500,1,11,40.4365752,-86.8936812,156.900,0.199,-0.348,0.000
23192,31514,18175,15159,0,0,-0.23463,-1.43892,9.87967,0.000000,-0.014914,-0.011718,-8.347,1.420,1.186,0.4180,-0.0622,4.1316,3.4129,-0.5107,48.5472,-0.0011429,-0.0146274,-0.0123438,0.000000,0.000000,0.000000,0.00000,0.00000,0.000,0.000,0.000,0.000,0.000,-6.0000,0.0000,0.0000,6.0000,95.00,95.00,90.00,90.00,65535,65535,65535,1500,1,11,40.4365745,-86.8936837,156.900,-0.021,-0.756,0.000
23242,25564,18202,15166,0,0,-0.22625,-1.42934,9.87369,-0.001065,-0.014914,-0.011718,-8.336,1.418,1.264,0.4402,-0.0657,4.1400,3.6100,-0.5422,48.7539,-0.0011518,-0.0146148,-0.0123986,0.000000,0.000000,0.000000,0.00000,0.00000,0.000,0.000,0.000,0.000,0.000,-6.0000,0.0000,0.0000,6.0000,95.00,95.00,90.00,90.00,65535,65535,65535,1500,1,11,40.4365745,-86.8936837,156.900,-0.021,-0.756,0.000
23294,23997,18120,15123,0,0,-0.22625,-1.44011,9.86651,-0.001065,-0.014914,-0.011718,-8.332,1.415,1.320,0.4561,-0.0683,4.1489,3.7590,-0.5659,48.9696,-0.0011545,-0.0146044,-0.0124375,0.000000,0.000000,0.000000,0.00000,0.00000,0.000,0.000,0.000,0.000,0.000,-6.0000,0.0000,0.0000,6.0000,95.00,95.00,90.00,90.00,65535,65535,65535,1500,1,11,40.4365743,-86.8936832,156.900,-0.021,-0.756,0.000
23344,25824,18194,15157,0,0,-0.22625,-1.44011,9.87369,-0.002131,-0.014914,-0.011718,-8.328,1.411,1.367,0.4688,-0.0703,4.1577,3.8825,-0.5856,49.1779,-0.0011575,-0.0145949,-0.0124684,0.000000,0.000000,0.000000,0.00000,0.00000,0.000,0.000,0.000,0.000,0.000,-6.0000,0.0000,0.0000,6.0000,95.00,95.00,90.00,90.00,65535,65535,65535,1500,1,11,40.4365743,-86.8936832,156.900,-0.021,-0.756,0.000
23395,26370,18153,15149,0,0,-0.23104,-1.44011,9.87728,-0.002131,-0.014914,-0.011718,-8.323,1.407,1.415,0.4821,-0.0724,4.1667,4.0125,-0.6063,49.3915,-0.0011629,-0.0145841,-0.0125008,0.000000,0.000000,0.000000,0.00000,0.00000,0.000,0.000,0.000,0.000,0.000,-6.0000,0.0000,0.0000,6.0000,95.00,95.00,90.00,90.00,65535,65535,65535,1500,1,11,40.4365745,-86.8936835,157.000,-0.073,-0.623,0.000
23445,25727,18172,15151,0,0,-0.22984,-1.42934,9.87728,-0.001065,-0.013848,-0.011718,-8.318,1.404,1.449,0.4915,-0.0739,4.1753,4.1116,-0.6220,49.6003,-0.0011670,-0.0145754,-0.0125235,0.000000,0.000000,0.000000,0.00000,0.00000,0.000,0.000,0.000,0.000,0.000,-6.0000,0.0000,0.0000,6.0000,95.00,95.00,90.00,90.00,65535,65535,65535,1500,1,11,40.4365745,-86.8936835,157.000,-0.073,-0.623,0.000
23494,19639,18088,15065,0,0,-0.23703,-1.43652,9.87129,0.000000,-0.014914,-0.010653,-8.314,1.402,1.471,0.4968,-0.0748,4.1838,4.1784,-0.6325,49.8038,-0.0011699,-0.0145694,-0.0125365,0.000000,0.000000,0.000000,0.00000,0.00000,0.000,0.000,0.000,0.000,0.000,-6.0000,0.0000,0.0000,6.0000,95.00,95.00,90.00,90.00,65535,65535,65535,1500,1,11,40.4365738,-86.8936823,157.000,-0.055,-0.470,0.000
23533,24237,33213,30226,0,0,-0.22984,-1.44370,9.87608,-0.001065,-0.014914,-0.011718,-8.313,1.399,1.483,0.4999,-0.0753,4.1881,4.2147,-0.6382,49.9053,-0.0011697,-0.0145654,-0.0125438,0.000000,0.000000,0.000000,0.00000,0.00000,0.000,0.000,0.000,0.000,0.000,-6.0000,0.0000,0.0000,6.0000,95.00,95.00,90.00,90.00,65535,65535,65535,1500,1,11,40.4365738,-86.8936823,157.000,-0.055,-0.470,0.000
23608,40014,33493,25578,0,0,-0.22505,-1.44011,9.87608,-0.001065,-0.014914,-0.011718,-8.310,1.392,1.509,0.5066,-0.0762,4.2010,4.3023,-0.6519,50.2170,-0.0011718,-0.0145556,-0.0125589,0.000000,0.000000,0.000000,0.00000,0.00000,0.000,0.000,0.000,0.000,0.000,-6.0000,0.0000,0.0000,6.0000,95.00,95.00,90.00,90.00,65535,65535,65535,1500,1,10,40.4365732,-86.8936825,157.200,-0.062,-0.526,0.000
23644,34564,35472,27526,0,0,-0.22625,-1.44251,9.87608,-0.001065,-0.014914,-0.011718,-8.310,1.388,1.519,0.5091,-0.0766,4.2071,4.3392,-0.6577,50.3623,-0.0011718,-0.0145508,-0.0125647,0.000000,0.000000,0.000000,0.00000,0.00000,0.000,0.000,0.000,0.000,0.000,-6.0000,0.0000,0.0000,6.0000,95.00,95.00,90.00,90.00,65535,65535,65535,1500,1,10,40.4365732,-86.8936825,157.200,-0.062,-0.526,0.000
23695,29829,19869,15257,0,0,-0.22745,-1.43413,9.87369,-0.001065,-0.014914,-0.011718,-8.306,1.382,1.534,0.5124,-0.0771,4.2188,4.3986,-0.6669,50.6422,-0.0011745,-0.0145437,-0.0125722,0.000000,0.000000,0.000000,0.00000,0.00000,0.000,0.000,0.000,0.000,0.000,-6.0000,0.0000,0.0000,6.0000,95.00,95.00,90.00,90.00,65535,65535,65535,1500,1,10,40.4365732,-86.8936825,157.200,-0.062,-0.526,0.000
23745,25807,18172,15130,0,0,-0.22865,-1.43173,9.87369,-0.001065,-0.014914,-0.011718,-8.302,1.377,1.545,0.5149,-0.0775,4.2279,4.4449,-0.6741,50.8610,-0.0011787,-0.0145377,-0.0125781,0.000000,0.000000,0.000000,0.00000,0.00000,0.000,0.000,0.000,0.000,0.000,-6.0000,0.0000,0.0000,6.0000,95.00,95.00,90.00,90.00,65535,65535,65535,1500,1,10,40.4365732,-86.8936825,157.200,-0.062,-0.526,0.000
23796,25879,18205,15144,0,0,-0.22505,-1.43892,9.86890,-0.001065,-0.014914,-0.011718,-8.301,1.371,1.554,0.5165,-0.0777,4.2367,4.4838,-0.6801,51.0761,-0.0011786,-0.0145305,-0.0125819,0.000000,0.000000,0.000000,0.00000,0.00000,0.000,0.000,0.000,0.000,0.000,-6.0000,0.0000,0.0000,6.0000,95.00,95.00,90.00,90.00,65535,65535,65535,1500,1,10,40.4365718,-86.8936815,157.100,-0.062,-0.526,0.000
23847,26216,18215,15179,0,0,-0.23224,-1.43892,9.87129,-0.001065,-0.013848,-0.011718,-8.299,1.369,1.560,0.5173,-0.0778,4.2454,4.5170,-0.6851,51.2907,-0.0011806,-0.0145263,-0.0125840,0.000000,0.000000,0.000000,0.00000,0.00000,0.000,0.000,0.000,0.000,0.000,-6.0000,0.0000,0.0000,6.0000,95.00,95.00,90.00,90.00,65535,65535,65535,1500,1,10,40.4365712,-86.8936820,157.100,0.571,0.000,0.000
23897,23778,19846,15220,0,0,-0.23104,-1.43892,9.87488,-0.001065,-0.014914,-0.011718,-8.297,1.364,1.565,0.5180,-0.0780,4.2539,4.5472,-0.6897,51.4955,-0.0011824,-0.0145207,-0.0125856,0.000000,0.000000,0.000000,0.00000,0.00000,0.000,0.000,0.000,0.000,0.000,-6.0000,0.0000,0.0000,6.0000,95.00,95.00,90.00,90.00,65535,65535,65535,1500,1,10,40.4365712,-86.8936820,157.100,0.571,0.000,0.000
23947,25645,18168,15150,0,0,-0.22625,-1.43892,9.87010,-0.001065,-0.014914,-0.011718,-8.294,1.357,1.568,0.5179,-0.0779,4.2627,4.5730,-0.6936,51.7154,-0.0011833,-0.0145141,-0.0125854,0.000000,0.000000,0.000000,0.00000,0.00000,0.000,0.000,0.000,0.000,0.000,-6.0000,0.0000,0.0000,6.0000,95.00,95.00,90.00,90.00,65535,65535,65535,1500,1,10,40.4365708,-86.8936823,157.100,0.597,0.000,0.000
23997,25878,18164,15147,0,0,-0.22865,-1.42814,9.87369,-0.001065,-0.014914,-0.011718,-8.291,1.353,1.572,0.5180,-0.0780,4.2714,4.6001,-0.6977,51.9316,-0.0011858,-0.0145111,-0.0125857,0.000000,0.000000,0.000000,0.00000,0.00000,0.000,0.000,0.000,0.000,0.000,-6.0000,0.0000,0.0000,6.0000,95.00,95.00,90.00,90.00,65535,65535,65535,1500,1,11,40.4365708,-86.8936823,157.100,0.597,0.000,0.000
24037,24324,33257,30252,0,0,-0.21907,-1.43772,9.87728,-0.001065,-0.014914,-0.011718,-8.291,1.348,1.572,0.5174,-0.0779,4.2757,4.6082,-0.6989,52.0355,-0.0011862,-0.0145063,-0.0125845,0.000000,0.000000,0.000000,0.00000,0.00000,0.000,0.000,0.000,0.000,0.000,-6.0000,0.0000,0.0000,6.0000,95.00,95.00,90.00,90.00,65535,65535,65535,1500,1,11,40.4365708,-86.8936823,157.100,0.597,0.000,0.000
24099,37552,18251,15293,0,0,-0.23583,-1.44729,9.87728,-0.001065,-0.014914,-0.011718,-8.290,1.350,1.576,0.5174,-0.0778,4.2896,4.6486,-0.7049,52.3676,-0.0011864,-0.0145067,-0.0125845,0.000000,0.000000,0.000000,0.00000,0.00000,0.000,0.000,0.000,0.000,0.000,-6.0000,0.0000,0.0000,6.0000,95.00,95.00,90.00,90.00,65535,65535,65535,1500,1,11,40.4365713,-86.8936818,157.100,0.324,0.000,0.000
24146,23058,18030,15028,0,0,-0.22386,-1.43173,9.87488,-0.001065,-0.014914,-0.011718,-8.288,1.345,1.575,0.5163,-0.0777,4.2978,4.6642,-0.7072,52.5710,-0.0011880,-0.0145014,-0.0125822,0.000000,0.000000,0.000000,0.00000,0.00000,0.000,0.000,0.000,0.000,0.000,-6.0000,0.0000,0.0000,6.0000,95.00,95.00,90.00,90.00,65535,65535,65535,1500,1,11,40.4365713,-86.8936818,157.100,0.324,0.000,0.000
24197,26326,18175,15168,0,0,-0.23703,-1.43652,9.87848,-0.001065,-0.014914,-0.011718,-8.286,1.343,1.578,0.5161,-0.0777,4.3066,4.6885,-0.7108,52.7892,-0.0011897,-0.0144997,-0.0125817,0.000000,0.000000,0.000000,0.00000,0.00000,0.000,0.000,0.000,0.000,0.000,-6.0000,0.0000,0.0000,6.0000,95.00,95.00,90.00,90.00,65535,65535,65535,1500,1,11,40.4365723,-86.8936817,157.200,0.190,0.000,0.000
24248,26061,18150,15129,0,0,-0.22865,-1.44729,9.87728,-0.001065,-0.013848,-0.011718,-8.289,1.341,1.576,0.5146,-0.0774,4.3156,4.7024,-0.7128,53.0065,-0.0011848,-0.0144973,-0.0125784,0.000000,0.000000,0.000000,0.00000,0.00000,0.000,0.000,0.000,0.000,0.000,-6.0000,0.0000,0.0000,6.0000,95.00,95.00,90.00,90.00,65535,65535,65535,1500,1,11,40.4365723,-86.8936817,157.200,0.190,0.000,0.000
24308,29919,24094,15268,0,0,-0.22625,-1.43772,9.87129,0.000000,-0.013848,-0.011718,-8.285,1.336,1.573,0.5127,-0.0771,4.3249,4.7149,-0.7145,53.2435,-0.0011864,-0.0144923,-0.0125742,0.000000,0.000000,0.000000,0.00000,0.00000,0.000,0.000,0.000,0.000,0.000,-6.0000,0.0000,0.0000,6.0000,95.00,95.00,90.00,90.00,65535,65535,65535,1500,1,11,40.4365730,-86.8936813,157.300,0.283,0.000,0.000
24333,25182,23758,15683,0,0,-0.22386,-1.43532,9.87249,-0.001065,-0.014914,-0.011718,-8.285,1.333,1.571,0.5116,-0.0770,4.3292,4.7185,-0.7150,53.3525,-0.0011871,-0.0144897,-0.0125717,0.000000,0.000000,0.000000,0.00000,0.00000,0.000,0.000,0.000,0.000,0.000,-6.0000,0.0000,0.0000,6.0000,95.00,95.00,90.00,90.00,65535,65535,65535,1500,1,11,40.4365730,-86.8936813,157.300,0.283,0.000,0.000
24386,28020,18156,15124,0,0,-0.22027,-1.43054,9.87249,-0.001065,-0.014914,-0.011718,-8.282,1.326,1.568,0.5096,-0.0766,4.3392,4.7311,-0.7167,53.6039,-0.0011890,-0.0144850,-0.0125671,0.000000,0.000000,0.000000,0.00000,0.00000,0.000,0.000,0.000,0.000,0.000,-6.0000,0.0000,0.0000,6.0000,95.00,95.00,90.00,90.00,65535,65535,65535,1500,1,11,40.4365730,-86.8936813,157.300,0.283,0.000,0.000
24436,25786,18175,15154,0,0,-0.23463,-1.44131,9.87010,-0.001065,-0.013848,-0.010653,-8.283,1.329,1.575,0.5101,-0.0767,4.3478,4.7606,-0.7211,53.8214,-0.0011882,-0.0144861,-0.0125682,0.000000,0.000000,0.000000,0.00000,0.00000,0.000,0.000,0.000,0.000,0.000,-6.0000,0.0000,0.0000,6.0000,95.00,95.00,90.00,90.00,65535,65535,65535,1500,1,11,40.4365730,-86.8936813,157.300,0.283,0.000,0.000
24486,25793,18164,15143,0,0,-0.23104,-1.43173,9.87488,-0.001065,-0.014914,-0.011718,-8.279,1.326,1.576,0.5095,-0.0766,4.3564,4.7812,-0.7242,54.0423,-0.0011897,-0.0144846,-0.0125668,0.000000,0.000000,0.000000,0.00000,0.00000,0.000,0.000,0.000,0.000,0.000,-6.0000,0.0000,0.0000,6.0000,95.00,95.00,90.00,90.00,65535,65535,65535,1500,1,11,40.4365742,-86.8936830,157.300,0.494,0.000,0.000
24533,28031,36411,27358,0,0,-0.22745,-1.44610,9.87129,-0.001065,-0.014914,-0.011718,-8.282,1.324,1.574,0.5085,-0.0765,4.3613,4.7873,-0.7250,54.1645,-0.0011869,-0.0144836,-0.0125646,0.000000,0.000000,0.000000,0.00000,0.00000,0.000,0.000,0.000,0.000,0.000,-6.0000,0.0000,0.0000,6.0000,95.00,95.00,90.00,90.00,65535,65535,65535,1500,1,11,40.4365742,-86.8936830,157.300,0.494,0.000,0.000
24606,39299,31885,24016,0,0,-0.22625,-1.44011,9.87608,-0.001065,-0.014914,-0.010653,-8.280,1.321,1.578,0.5075,-0.0762,4.3748,4.8179,-0.7295,54.5025,-0.0011886,-0.0144814,-0.0125624,0.000000,0.000000,0.000000,0.00000,0.00000,0.000,0.000,0.000,0.000,0.000,-6.0000,0.0000,0.0000,6.0000,95.00,95.00,90.00,90.00,65535,65535,65535,1500,1,11,40.4365760,-86.8936843,157.300,0.450,-0.803,0.000
24636,32909,29795,21790,0,0,-0.22865,-1.43772,9.87728,-0.001065,-0.014914,-0.011718,-8.280,1.320,1.579,0.5072,-0.0762,4.3806,4.8322,-0.7316,54.6466,-0.0011885,-0.0144810,-0.0125618,0.000000,0.000000,0.000000,0.00000,0.00000,0.000,0.000,0.000,0.000,0.000,-6.0000,0.0000,0.0000,6.0000,95.00,95.00,90.00,90.00,65535,65535,65535,1500,1,11,40.4365760,-86.8936843,157.300,0.450,-0.803,0.000
24687,30620,18163,15134,0,0,-0.22865,-1.42694,9.87608,0.000000,-0.014914,-0.011718,-8.274,1.317,1.582,0.5072,-0.0761,4.3913,4.8632,-0.7363,54.9190,-0.0011921,-0.0144797,-0.0125616,0.000000,0.000000,0.000000,0.00000,0.00000,0.000,0.000,0.000,0.000,0.000,-6.0000,0.0000,0.0000,6.0000,95.00,95.00,90.00,90.00,65535,65535,65535,1500,1,11,40.4365763,-86.8936835,157.300,0.491,-0.648,0.000
24740,23359,23642,15253,0,0,-0.23104,-1.44251,9.87249,-0.001065,-0.013848,-0.011718,-8.276,1.319,1.584,0.5072,-0.0761,4.3996,4.8870,-0.7399,55.1285,-0.0011898,-0.0144803,-0.0125615,0.000000,0.000000,0.000000,0.00000,0.00000,0.000,0.000,0.000,0.000,0.000,-6.0000,0.0000,0.0000,6.0000,95.00,95.00,90.00,90.00,65535,65535,65535,1500,1,11,40.4365763,-86.8936835,157.300,0.491,-0.648,0.000
24791,25903,18231,15195,0,0,-0.23104,-1.44610,9.87728,0.000000,-0.014914,-0.011718,-8.280,1.320,1.585,0.5069,-0.0761,4.4093,4.9134,-0.7438,55.3776,-0.0011831,-0.0144814,-0.0125609,0.000000,0.000000,0.000000,0.00000,0.00000,0.000,0.000,0.000,0.000,0.000,-6.0000,0.0000,0.0000,6.0000,95.00,95.00,90.00,90.00,65535,65535,65535,1500,1,11,40.4365763,-86.8936843,157.800,0.471,-0.700,0.000
24842,25992,18227,15151,0,0,-0.22146,-1.43892,9.87369,-0.001065,-0.014914,-0.010653,-8.279,1.316,1.585,0.5048,-0.0758,4.4180,4.9215,-0.7448,55.6000,-0.0011835,-0.0144785,-0.0125565,0.000000,0.000000,0.000000,0.00000,0.00000,0.000,0.000,0.000,0.000,0.000,-6.0000,0.0000,0.0000,6.0000,95.00,95.00,90.00,90.00,65535,65535,65535,1500,1,11,40.4365767,-86.8936860,157.800,0.458,-1.030,0.000
24891,24871,18177,15140,0,0,-0.22745,-1.43054,9.86890,-0.001065,-0.014914,-0.010653,-8.277,1.316,1.590,0.5052,-0.0759,4.4266,4.9499,-0.7491,55.8206,-0.0011852,-0.0144785,-0.0125573,0.000000,0.000000,0.000000,0.00000,0.00000,0.000,0.000,0.000,0.000,0.000,-6.0000,0.0000,0.0000,6.0000,95.00,95.00,90.00,90.00,65535,65535,65535,1500,1,11,40.4365767,-86.8936860,158.000,0.458,-1.030,0.000
24941,28243,20701,15237,0,0,-0.21907,-1.43892,9.87728,0.000000,-0.014914,-0.011718,-8.277,1.312,1.585,0.5028,-0.0754,4.4350,4.9530,-0.7494,56.0304,-0.0011829,-0.0144761,-0.0125521,0.000000,0.000000,0.000000,0.00000,0.00000,0.000,0.000,0.000,0.000,0.000,-6.0000,0.0000,0.0000,6.0000,95.00,95.00,90.00,90.00,65535,65535,65535,1500,1,11,40.4365767,-86.8936860,158.000,0.458,-1.030,0.000
24992,25969,18146,15131,0,0,-0.22984,-1.43652,9.87129,-0.001065,-0.014914,-0.011718,-8.278,1.312,1.589,0.5032,-0.0755,4.4443,4.9836,-0.7540,56.2680,-0.0011818,-0.0144770,-0.0125530,0.000000,0.000000,0.000000,0.00000,0.00000,0.000,0.000,0.000,0.000,0.000,-6.0000,0.0000,0.0000,6.0000,95.00,95.00,90.00,90.00,65535,65535,65535,1500,1,11,40.4365772,-86.8936868,158.000,0.409,-1.033,0.000
25060,39908,21737,18715,0,0,-0.23343,-1.44610,9.87488,-0.001065,-0.014914,-0.011718,-8.281,1.313,1.595,0.5041,-0.0758,4.4556,5.0237,-0.7601,56.5536,-0.0011776,-0.0144795,-0.0125549,0.000000,0.000000,0.000000,0.00000,0.00000,0.000,0.000,0.000,0.000,0.000,-6.0000,0.0000,0.0000,6.0000,95.00,95.00,90.00,90.00,65535,65535,65535,1500,1,11,40.4365768,-86.8936850,158.000,0.258,-0.672,0.000
25097,28020,30435,27429,0,0,-0.22386,-1.43293,9.87129,-0.001065,-0.013848,-0.010653,-8.280,1.313,1.595,0.5031,-0.0756,4.4604,5.0297,-0.7609,56.6785,-0.0011787,-0.0144780,-0.0125529,0.000000,0.000000,0.000000,0.00000,0.00000,0.000,0.000,0.000,0.000,0.000,-6.0000,0.0000,0.0000,6.0000,95.00,95.00,90.00,90.00,65535,65535,65535,1500,1,11,40.4365768,-86.8936850,158.000,0.258,-0.672,0.000
25143,22124,17824,14911,0,0,-0.22505,-1.44370,9.87129,-0.001065,-0.014914,-0.010653,-8.282,1.314,1.597,0.5024,-0.0755,4.4705,5.0539,-0.7645,56.9412,-0.0011759,-0.0144778,-0.0125516,0.000000,0.000000,0.000000,0.00000,0.00000,0.000,0.000,0.000,0.000,0.000,-6.0000,0.0000,0.0000,6.0000,95.00,95.00,90.00,90.00,65535,65535,65535,1500,1,11,40.4365768,-86.8936850,158.000,0.258,-0.672,0.000
25193,31443,18193,15163,0,0,-0.21907,-1.44251,9.87129,-0.001065,-0.014914,-0.010653,-8.284,1.308,1.592,0.4991,-0.0750,4.4789,5.0499,-0.7636,57.1636,-0.0011740,-0.0144740,-0.0125445,0.000000,0.000000,0.000000,0.00000,0.00000,0.000,0.000,0.000,0.000,0.000,-6.0000,0.0000,0.0000,6.0000,95.00,95.00,90.00,90.00,65535,65535,65535,1500,1,11,40.4365778,-86.8936858,158.400,0.368,-0.827,0.000
25243,25906,18157,15133,0,0,-0.22865,-1.42934,9.87488,-0.001065,-0.014914,-0.010653,-8.280,1.309,1.598,0.4994,-0.0751,4.4878,5.0777,-0.7678,57.3890,-0.0011775,-0.0144737,-0.0125452,0.000000,0.000000,0.000000,0.00000,0.00000,0.000,0.000,0.000,0.000,0.000,-6.0000,0.0000,0.0000,6.0000,95.00,95.00,90.00,90.00,65535,65535,65535,1500,1,11,40.4365778,-86.8936858,158.400,0.368,-0.827,0.000
25293,25273,18147,15157,0,0,-0.22625,-1.44490,9.86770,-0.001065,-0.013848,-0.011718,-8.283,1.307,1.595,0.4975,-0.0747,4.4962,5.0860,-0.7689,57.6144,-0.0011745,-0.0144718,-0.0125412,0.000000,0.000000,0.000000,0.00000,0.00000,0.000,0.000,0.000,0.000,0.000,-6.0000,0.0000,0.0000,6.0000,95.00,95.00,90.00,90.00,65535,65535,65535,1500,1,11,40.4365772,-86.8936840,158.400,0.215,-0.484,0.000
25337,24647,18138,15114,0,0,-0.23104,-1.43413,9.87129,-0.001065,-0.014914,-0.011718,-8.280,1.311,1.605,0.4997,-0.0751,4.5038,5.1272,-0.7753,57.8112,-0.0011773,-0.0144742,-0.0125458,0.000000,0.000000,0.000000,0.00000,0.00000,0.000,0.000,0.000,0.000,0.000,-6.0000,0.0000,0.0000,6.0000,95.00,95.00,90.00,90.00,65535,65535,65535,1500,1,11,40.4365772,-86.8936840,158.400,0.215,-0.484,0.000
25394,22745,18163,15132,0,0,-0.22745,-1.43054,9.87369,-0.001065,-0.014914,-0.011718,-8.277,1.310,1.609,0.5003,-0.0752,4.5135,5.1601,-0.7803,58.0657,-0.0011793,-0.0144745,-0.0125470,0.000000,0.000000,0.000000,0.00000,0.00000,0.000,0.000,0.000,0.000,0.000,-6.0000,0.0000,0.0000,6.0000,95.00,95.00,90.00,90.00,65535,65535,65535,1500,1,11,40.4365777,-86.8936840,158.400,0.231,-0.471,0.000
25444,26013,18146,15125,0,0,-0.22027,-1.44131,9.87369,0.000000,-0.014914,-0.011718,-8.278,1.308,1.607,0.4988,-0.0750,4.5223,5.1722,-0.7820,58.2931,-0.0011765,-0.0144733,-0.0125438,0.000000,0.000000,0.000000,0.00000,0.00000,0.000,0.000,0.000,0.000,0.000,-6.0000,0.0000,0.0000,6.0000,95.00,95.00,90.00,90.00,65535,65535,65535,1500,1,11,40.4365777,-86.8936840,158.400,0.231,-0.471,0.000
25494,25214,18148,15121,0,0,-0.23104,-1.43652,9.87249,-0.001065,-0.014914,-0.011718,-8.275,1.309,1.616,0.5004,-0.0753,4.5311,5.2118,-0.7881,58.5206,-0.0011787,-0.0144748,-0.0125473,0.000000,0.000000,0.000000,0.00000,0.00000,0.000,0.000,0.000,0.000,0.000,-6.0000,0.0000,0.0000,6.0000,95.00,95.00,90.00,90.00,65535,65535,65535,1500,1,11,40.4365777,-86.8936840,158.900,0.231,-0.471,0.000
25534,24286,33218,30204,0,0,-0.22984,-1.43532,9.87369,-0.001065,-0.014914,-0.011718,-8.275,1.309,1.619,0.5009,-0.0753,4.5354,5.2283,-0.7906,58.6307,-0.0011789,-0.0144754,-0.0125483,0.000000,0.000000,0.000000,0.00000,0.00000,0.000,0.000,0.000,0.000,0.000,-6.0000,0.0000,0.0000,6.0000,95.00,95.00,90.00,90.00,65535,65535,65535,1500,1,11,40.4365777,-86.8936840,158.900,0.231,-0.471,0.000
25603,40226,24761,15130,0,0,-0.23224,-1.43173,9.86770,-0.001065,-0.014914,-0.010653,-8.273,1.307,1.624,0.5006,-0.0752,4.5485,5.2643,-0.7960,58.9828,-0.0011800,-0.0144747,-0.0125476,0.000000,0.000000,0.000000,0.00000,0.00000,0.000,0.000,0.000,0.000,0.000,-6.0000,0.0000,0.0000,6.0000,95.00,95.00,90.00,90.00,65535,65535,65535,1500,1,11,40.4365770,-86.8936842,158.900,0.188,-0.384,0.000
25642,30892,33299,30301,0,0,-0.23104,-1.43652,9.87488,-0.001065,-0.014914,-0.011718,-8.273,1.308,1.628,0.5014,-0.0754,4.5539,5.2864,-0.7994,59.1234,-0.0011798,-0.0144757,-0.0125492,0.000000,0.000000,0.000000,0.00000,0.00000,0.000,0.000,0.000,0.000,0.000,-6.0000,0.0000,0.0000,6.0000,95.00,95.00,90.00,90.00,65535,65535,65535,1500,1,11,40.4365770,-86.8936842,158.900,0.188,-0.384,0.000
25701,32601,18141,15136,0,0,-0.23224,-1.43293,9.87608,-0.001065,-0.014914,-0.010653,-8.272,1.308,1.636,0.5020,-0.0755,4.5667,5.3283,-0.8057,59.4550,-0.0011802,-0.0144763,-0.0125504,0.000000,0.000000,0.000000,0.00000,0.00000,0.000,0.000,0.000,0.000,0.000,-6.0000,0.0000,0.0000,6.0000,95.00,95.00,90.00,90.00,65535,65535,65535,1500,1,11,40.4365773,-86.8936838,158.700,0.115,-0.236,0.000
25745,19973,18145,15123,0,0,-0.22505,-1.42335,9.88326,-0.001065,-0.014914,-0.011718,-8.268,1.307,1.641,0.5030,-0.0757,4.5747,5.3593,-0.8105,59.6611,-0.0011839,-0.0144760,-0.0125524,0.000000,0.000000,0.000000,0.00000,0.00000,0.000,0.000,0.000,0.000,0.000,-6.0000,0.0000,0.0000,6.0000,95.00,95.00,90.00,90.00,65535,65535,65535,1500,1,11,40.4365777,-86.8936843,158.700,0.138,-0.282,0.000
25803,29875,22099,14992,0,0,-0.22745,-1.44251,9.87369,-0.001065,-0.014914,-0.010653,-8.270,1.308,1.643,0.5024,-0.0756,4.5843,5.3819,-0.8138,59.9119,-0.0011817,-0.0144761,-0.0125512,0.000000,0.000000,0.000000,0.00000,0.00000,0.000,0.000,0.000,0.000,0.000,-6.0000,0.0000,0.0000,6.0000,95.00,95.00,90.00,90.00,65535,65535,65535,1500,1,11,40.4365777,-86.8936843,158.600,0.138,-0.282,0.000
25834,22901,29832,21778,0,0,-0.23104,-1.44490,9.87488,-0.001065,-0.013848,-0.011718,-8.272,1.310,1.644,0.5025,-0.0756,4.5884,5.3939,-0.8156,60.0169,-0.0011789,-0.0144770,-0.0125513,0.000000,0.000000,0.000000,0.00000,0.00000,0.000,0.000,0.000,0.000,0.000,-6.0000,0.0000,0.0000,6.0000,95.00,95.00,90.00,90.00,65535,65535,65535,1500,1,11,40.4365777,-86.8936843,158.600,0.138,-0.282,0.000
25884,25454,18188,15146,0,0,-0.22984,-1.44729,9.87488,-0.001065,-0.014914,-0.011718,-8.276,1.309,1.646,0.5019,-0.0755,4.5993,5.4204,-0.8196,60.3021,-0.0011748,-0.0144777,-0.0125502,0.000000,0.000000,0.000000,0.00000,0.00000,0.000,0.000,0.000,0.000,0.000,-6.0000,0.0000,0.0000,6.0000,95.00,95.00,90.00,90.00,65535,65535,65535,1500,1,11,40.4365782,-86.8936850,158.600,0.185,-0.379,0.000
25947,19535,18122,15120,0,0,-0.22984,-1.43892,9.86890,-0.002131,-0.014914,-0.011718,-8.279,1.305,1.642,0.4996,-0.0751,4.6100,5.4311,-0.8210,60.5903,-0.0011715,-0.0144759,-0.0125456,0.000000,0.000000,0.000000,0.00000,0.00000,0.000,0.000,0.000,0.000,0.000,-6.0000,0.0000,0.0000,6.0000,95.00,95.00,90.00,90.00,65535,65535,65535,1500,1,11,40.4365773,-86.8936847,158.600,0.129,-0.263,0.000
26005,29981,21252,14970,0,0,-0.22266,-1.43413,9.87249,-0.001065,-0.013848,-0.011718,-8.276,1.302,1.641,0.4981,-0.0749,4.6196,5.4454,-0.8230,60.8432,-0.0011719,-0.0144740,-0.0125427,0.000000,0.000000,0.000000,0.00000,0.00000,0.000,0.000,0.000,0.000,0.000,-6.0000,0.0000,0.0000,6.0000,95.00,95.00,90.00,90.00,65535,65535,65535,1500,1,11,40.4365773,-86.8936847,158.600,0.129,-0.263,0.000
26044,27179,33292,30283,0,0,-0.22386,-1.44011,9.87249,0.000000,-0.014914,-0.010653,-8.276,1.301,1.641,0.4970,-0.0747,4.6243,5.4489,-0.8235,60.9689,-0.0011707,-0.0144732,-0.0125405,0.000000,0.000000,0.000000,0.00000,0.00000,0.000,0.000,0.000,0.000,0.000,-6.0000,0.0000,0.0000,6.0000,95.00,95.00,90.00,90.00,65535,65535,65535,1500,1,11,40.4365773,-86.8936847,158.600,0.129,-0.263,0.000
26083,40342,31753,28759,0,0,-0.23703,-1.44011,9.87249,-0.001065,-0.014914,-0.011718,-8.276,1.304,1.649,0.4992,-0.0751,4.6312,5.4905,-0.8299,61.1556,-0.0011695,-0.0144763,-0.0125452,0.000000,0.000000,0.000000,0.00000,0.00000,0.000,0.000,0.000,0.000,0.000,-6.0000,0.0000,0.0000,6.0000,95.00,95.00,90.00,90.00,65535,65535,65535,1500,1,11,40.4365772,-86.8936850,158.500,0.122,-0.250,0.000
26132,25424,17755,14733,0,0,-0.23104,-1.43772,9.86651,-0.001065,-0.014914,-0.010653,-8.277,1.305,1.658,0.4998,-0.0752,4.6420,5.5267,-0.8354,61.4500,-0.0011683,-0.0144773,-0.0125461,0.000000,0.000000,0.000000,0.00000,0.00000,0.000,0.000,0.000,0.000,0.000,-6.0000,0.0000,0.0000,6.0000,95.00,95.00,90.00,90.00,65535,65535,65535,1500,1,11,40.4365772,-86.8936850,158.500,0.122,-0.250,0.000
26183,31549,18230,15171,0,0,-0.22865,-1.44370,9.87369,-0.001065,-0.014914,-0.011718,-8.278,1.306,1.664,0.5011,-0.0755,4.6507,5.5627,-0.8410,61.6808,-0.0011665,-0.0144795,-0.0125486,0.000000,0.000000,0.000000,0.00000,0.00000,0.000,0.000,0.000,0.000,0.000,-6.0000,0.0000,0.0000,6.0000,95.00,95.00,90.00,90.00,65535,65535,65535,1500,1,11,40.4365772,-86.8936855,158.600,0.154,-0.314,0.000
26238,26806,18157,15133,0,0,-0.22865,-1.43532,9.87608,-0.001065,-0.014914,-0.011718,-8.278,1.304,1.665,0.5005,-0.0754,4.6604,5.5851,-0.8443,61.9369,-0.0011664,-0.0144789,-0.0125474,0.000000,0.000000,0.000000,0.00000,0.00000,0.000,0.000,0.000,0.000,0.000,-6.0000,0.0000,0.0000,6.0000,95.00,95.00,90.00,90.00,65535,65535,65535,1500,1,11,40.4365772,-86.8936855,158.600,0.154,-0.314,0.000
26289,26057,18146,15138,0,0,-0.22865,-1.43532,9.87129,-0.001065,-0.014914,-0.011718,-8.278,1.303,1.666,0.5000,-0.0753,4.6693,5.6066,-0.8475,62.1753,-0.0011662,-0.0144784,-0.0125466,0.000000,0.000000,0.000000,0.00000,0.00000,0.000,0.000,0.000,0.000,0.000,-6.0000,0.0000,0.0000,6.0000,95.00,95.00,90.00,90.00,65535,65535,65535,1500,1,11,40.4365778,-86.8936865,158.700,0.208,-0.425,0.000
26333,19636,18138,15120,0,0,-0.23343,-1.44131,9.87249,-0.001065,-0.014914,-0.011718,-8.279,1.304,1.671,0.5012,-0.0754,4.6768,5.6386,-0.8524,62.3807,-0.0011652,-0.0144802,-0.0125487,0.000000,0.000000,0.000000,0.00000,0.00000,0.000,0.000,0.000,0.000,0.000,-6.0000,0.0000,0.0000,6.0000,95.00,95.00,90.00,90.00,65535,65535,65535,1500,1,11,40.4365778,-86.8936865,158.700,0.208,-0.425,0.000
26384,26187,18161,15153,0,0,-0.23104,-1.44251,9.87488,-0.001065,-0.014914,-0.011718,-8.278,1.306,1.677,0.5023,-0.0756,4.6857,5.6741,-0.8578,62.6208,-0.0011637,-0.0144820,-0.0125507,0.000000,0.000000,0.000000,0.00000,0.00000,0.000,0.000,0.000,0.000,0.000,-6.0000,0.0000,0.0000,6.0000,95.00,95.00,90.00,90.00,65535,65535,65535,1500,1,10,40.4365772,-86.8936857,158.600,0.127,-0.259,0.000
26438,26319,18169,15135,0,0,-0.23463,-1.43652,9.87010,-0.001065,-0.014914,-0.011718,-8.277,1.307,1.685,0.5035,-0.0758,4.6948,5.7129,-0.8638,62.8759,-0.0011625,-0.0144839,-0.0125532,0.000000,0.000000,0.000000,0.00000,0.00000,0.000,0.000,0.000,0.000,0.000,-6.0000,0.0000,0.0000,6.0000,95.00,95.00,90.00,90.00,65535,65535,65535,1500,1,10,40.4365772,-86.8936857,158.600,0.127,-0.259,0.000
26489,25606,18176,15128,0,0,-0.22146,-1.43532,9.87010,-0.001065,-0.014914,-0.011718,-8.277,1.304,1.682,0.5018,-0.0755,4.7033,5.7223,-0.8650,63.1136,-0.0011620,-0.0144822,-0.0125498,0.000000,0.000000,0.000000,0.00000,0.00000,0.000,0.000,0.000,0.000,0.000,-6.0000,0.0000,0.0000,6.0000,95.00,95.00,90.00,90.00,65535,65535,65535,1500,1,10,40.4365772,-86.8936850,158.500,0.057,-0.116,0.000
26550,36962,18220,15223,0,0,-0.22625,-1.43413,9.87249,-0.001065,-0.014914,-0.011718,-8.277,1.304,1.688,0.5027,-0.0757,4.7139,5.7614,-0.8710,63.4022,-0.0011623,-0.0144831,-0.0125515,0.000000,0.000000,0.000000,0.00000,0.00000,0.000,0.000,0.000,0.000,0.000,-6.0000,0.0000,0.0000,6.0000,95.00,95.00,90.00,90.00,65535,65535,65535,1500,1,10,40.4365770,-86.8936837,158.500,0.011,-0.023,0.000
26589,24401,32663,29684,0,0,-0.22146,-1.44011,9.87369,-0.001065,-0.014914,-0.011718,-8.278,1.301,1.684,0.5008,-0.0754,4.7182,5.7563,-0.8701,63.5172,-0.0011612,-0.0144815,-0.0125479,0.000000,0.000000,0.000000,0.00000,0.00000,0.000,0.000,0.000,0.000,0.000,-6.0000,0.0000,0.0000,6.0000,95.00,95.00,90.00,90.00,65535,65535,65535,1500,1,10,40.4365770,-86.8936837,158.500,0.011,-0.023,0.000
26644,26445,18137,15122,0,0,-0.23224,-1.43054,9.87010,-0.001065,-0.014914,-0.011718,-8.275,1.308,1.697,0.5043,-0.0759,4.7296,5.8240,-0.8806,63.8433,-0.0011629,-0.0144849,-0.0125548,0.000000,0.000000,0.000000,0.00000,0.00000,0.000,0.000,0.000,0.000,0.000,-6.0000,0.0000,0.0000,6.0000,95.00,95.00,90.00,90.00,65535,65535,65535,1500,1,10,40.4365767,-86.8936838,158.500,0.041,-0.083,0.000
26684,24944,33291,30274,0,0,-0.22027,-1.42934,9.87488,-0.001065,-0.014914,-0.010653,-8.273,1.305,1.697,0.5031,-0.0757,4.7339,5.8254,-0.8807,63.9613,-0.0011648,-0.0144827,-0.0125525,0.000000,0.000000,0.000000,0.00000,0.00000,0.000,0.000,0.000,0.000,0.000,-6.0000,0.0000,0.0000,6.0000,95.00,95.00,90.00,90.00,65535,65535,65535,1500,1,10,40.4365767,-86.8936838,158.700,0.041,-0.083,0.000
26736,27499,18208,15145,0,0,-0.22745,-1.42455,9.87369,-0.001065,-0.014914,-0.011718,-8.270,1.305,1.704,0.5045,-0.0760,4.7453,5.8721,-0.8878,64.2791,-0.0011672,-0.0144833,-0.0125551,0.000000,0.000000,0.000000,0.00000,0.00000,0.000,0.000,0.000,0.000,0.000,-6.0000,0.0000,0.0000,6.0000,95.00,95.00,90.00,90.00,65535,65535,65535,1500,1,10,40.4365767,-86.8936838,158.700,0.041,-0.083,0.000
26787,25853,18181,15137,0,0,-0.22745,-1.43772,9.87249,-0.001065,-0.014914,-0.011718,-8.274,1.306,1.709,0.5053,-0.0761,4.7542,5.9049,-0.8928,64.5212,-0.0011647,-0.0144855,-0.0125565,0.000000,0.000000,0.000000,0.00000,0.00000,0.000,0.000,0.000,0.000,0.000,-6.0000,0.0000,0.0000,6.0000,95.00,95.00,90.00,90.00,65535,65535,65535,1500,1,10,40.4365758,-86.8936833,158.600,0.059,-0.120,0.000
26841,29852,18254,15261,0,0,-0.23104,-1.44011,9.88087,-0.001065,-0.014914,-0.010653,-8.272,1.307,1.717,0.5059,-0.0762,4.7638,5.9386,-0.8979,64.7792,-0.0011649,-0.0144861,-0.0125578,0.000000,0.000000,0.000000,0.00000,0.00000,0.000,0.000,0.000,0.000,0.000,-6.0000,0.0000,0.0000,6.0000,95.00,95.00,90.00,90.00,65535,65535,65535,1500,1,10,40.4365743,-86.8936827,158.600,0.170,-0.347,0.000
26892,25665,18178,15142,0,0,-0.23343,-1.43293,9.86651,-0.001065,-0.014914,-0.011718,-8.272,1.309,1.723,0.5075,-0.0764,4.7724,5.9789,-0.9042,65.0212,-0.0011627,-0.0144889,-0.0125607,0.000000,0.000000,0.000000,0.00000,0.00000,0.000,0.000,0.000,0.000,0.000,-6.0000,0.0000,0.0000,6.0000,95.00,95.00,90.00,90.00,65535,65535,65535,1500,1,10,40.4365743,-86.8936827,158.700,0.170,-0.347,0.000
26935,24369,18125,15134,0,0,-0.23463,-1.44131,9.87488,-0.001065,-0.013848,-0.011718,-8.273,1.310,1.725,0.5072,-0.0764,4.7800,5.9980,-0.9070,65.2289,-0.0011615,-0.0144890,-0.0125601,0.000000,0.000000,0.000000,0.00000,0.00000,0.000,0.000,0.000,0.000,0.000,-6.0000,0.0000,0.0000,6.0000,95.00,95.00,90.00,90.00,65535,65535,65535,1500,1,10,40.4365743,-86.8936827,158.700,0.170,-0.347,0.000
26986,25848,18188,15149,0,0,-0.23104,-1.44131,9.87369,-0.001065,-0.014914,-0.011718,-8.274,1.311,1.729,0.5080,-0.0765,4.7889,6.0312,-0.9121,65.4724,-0.0011597,-0.0144906,-0.0125616,0.000000,0.000000,0.000000,0.00000,0.00000,0.000,0.000,0.000,0.000,0.000,-6.0000,0.0000,0.0000,6.0000,95.00,95.00,90.00,90.00,65535,65535,65535,1500,1,10,40.4365747,-86.8936812,158.600,0.156,-0.319,0.000
27060,43644,23948,15382,0,0,-0.22865,-1.44131,9.87488,-0.001065,-0.014914,-0.011718,-8.276,1.310,1.732,0.5077,-0.0766,4.8008,6.0635,-0.9169,65.7984,-0.0011577,-0.0144912,-0.0125611,0.000000,0.000000,0.000000,0.00000,0.00000,0.000,0.000,0.000,0.000,0.000,-6.0000,0.0000,0.0000,6.0000,95.00,95.00,90.00,90.00,65535,65535,65535,1500,1,10,40.4365757,-86.8936825,158.600,0.061,-0.125,0.000
27096,30235,29612,26592,0,0,-0.23343,-1.44729,9.86890,-0.001065,-0.014914,-0.010653,-8.279,1.311,1.735,0.5077,-0.0766,4.8060,6.0792,-0.9193,65.9437,-0.0011544,-0.0144927,-0.0125611,0.000000,0.000000,0.000000,0.00000,0.00000,0.000,0.000,0.000,0.000,0.000,-6.0000,0.0000,0.0000,6.0000,95.00,95.00,90.00,90.00,65535,65535,65535,1500,1,10,40.4365757,-86.8936825,158.600,0.061,-0.125,0.000
27137,17836,17554,14576,0,0,-0.22146,-1.42575,9.87608,-0.001065,-0.014914,-0.011718,-8.274,1.310,1.737,0.5073,-0.0766,4.8151,6.1028,-0.9228,66.2012,-0.0011587,-0.0144907,-0.0125605,0.000000,0.000000,0.000000,0.00000,0.00000,0.000,0.000,0.000,0.000,0.000,-6.0000,0.0000,0.0000,6.0000,95.00,95.00,90.00,90.00,65535,65535,65535,1500,1,10,40.4365757,-86.8936825,158.600,0.061,-0.125,0.000
27187,31485,18203,15168,0,0,-0.23224,-1.42814,9.87129,-0.001065,-0.014914,-0.010653,-8.271,1.312,1.748,0.5097,-0.0770,4.8236,6.1496,-0.9301,66.4391,-0.0011616,-0.0144923,-0.0125647,0.000000,0.000000,0.000000,0.00000,0.00000,0.000,0.000,0.000,0.000,0.000,-6.0000,0.0000,0.0000,6.0000,95.00,95.00,90.00,90.00,65535,65535,65535,1500,1,10,40.4365752,-86.8936820,158.600,0.079,-0.162,0.000
27237,25954,18192,15151,0,0,-0.22625,-1.44011,9.87608,-0.001065,-0.014914,-0.011718,-8.271,1.308,1.745,0.5071,-0.0766,4.8324,6.1516,-0.9302,66.6820,-0.0011613,-0.0144895,-0.0125602,0.000000,0.000000,0.000000,0.00000,0.00000,0.000,0.000,0.000,0.000,0.000,-6.0000,0.0000,0.0000,6.0000,95.00,95.00,90.00,90.00,65535,65535,65535,1500,1,10,40.4365752,-86.8936820,158.600,0.079,-0.162,0.000
27292,26191,18158,15158,0,0,-0.22745,-1.42694,9.87488,0.000000,-0.014914,-0.011718,-8.266,1.309,1.750,0.5074,-0.0766,4.8418,6.1822,-0.9348,66.9477,-0.0011640,-0.0144888,-0.0125607,0.000000,0.000000,0.000000,0.00000,0.00000,0.000,0.000,0.000,0.000,0.000,-6.0000,0.0000,0.0000,6.0000,95.00,95.00,90.00,90.00,65535,65535,65535,1500,1,10,40.4365752,-86.8936833,158.600,0.041,-0.083,0.000
27336,19622,18126,15118,0,0,-0.22505,-1.44011,9.87608,-0.002131,-0.013848,-0.011718,-8.269,1.311,1.753,0.5078,-0.0767,4.8494,6.2086,-0.9388,67.1604,-0.0011623,-0.0144897,-0.0125615,0.000000,0.000000,0.000000,0.00000,0.00000,0.000,0.000,0.000,0.000,0.000,-6.0000,0.0000,0.0000,6.0000,95.00,95.00,90.00,90.00,65535,65535,65535,1500,1,10,40.4365752,-86.8936833,158.600,0.041,-0.083,0.000
27387,25815,18211,15171,0,0,-0.23104,-1.44011,9.86890,0.000000,-0.014914,-0.011718,-8.270,1.312,1.756,0.5081,-0.0767,4.8581,6.2372,-0.9432,67.4069,-0.0011589,-0.0144909,-0.0125620,0.000000,0.000000,0.000000,0.00000,0.00000,0.000,0.000,0.000,0.000,0.000,-6.0000,0.0000,0.0000,6.0000,95.00,95.00,90.00,90.00,65535,65535,65535,1500,1,10,40.4365743,-86.8936838,158.500,0.109,-0.222,0.000
27437,25888,18148,15121,0,0,-0.22266,-1.43772,9.86770,-0.001065,-0.014914,-0.011718,-8.272,1.306,1.750,0.5047,-0.0762,4.8667,6.2309,-0.9420,67.6513,-0.0011574,-0.0144875,-0.0125560,0.000000,0.000000,0.000000,0.00000,0.00000,0.000,0.000,0.000,0.000,0.000,-6.0000,0.0000,0.0000,6.0000,95.00,95.00,90.00,90.00,65535,65535,65535,1500,1,10,40.4365743,-86.8936838,158.500,0.109,-0.222,0.000
27492,29912,18218,15271,0,0,-0.22865,-1.42455,9.87129,-0.001065,-0.013848,-0.011718,-8.270,1.308,1.754,0.5052,-0.0762,4.8760,6.2630,-0.9469,67.9186,-0.0011588,-0.0144879,-0.0125568,0.000000,0.000000,0.000000,0.00000,0.00000,0.000,0.000,0.000,0.000,0.000,-6.0000,0.0000,0.0000,6.0000,95.00,95.00,90.00,90.00,65535,65535,65535,1500,1,10,40.4365733,-86.8936842,158.500,0.109,-0.222,0.000
27554,37299,18267,15262,0,0,-0.22865,-1.43532,9.87728,-0.001065,-0.014914,-0.011718,-8.269,1.306,1.755,0.5046,-0.0761,4.8868,6.2888,-0.9507,68.2196,-0.0011591,-0.0144872,-0.0125558,0.000000,0.000000,0.000000,0.00000,0.00000,0.000,0.000,0.000,0.000,0.000,-6.0000,0.0000,0.0000,6.0000,95.00,95.00,90.00,90.00,65535,65535,65535,1500,1,10,40.4365728,-86.8936842,158.500,0.197,-0.402,0.000
27590,24416,30356,27369,0,0,-0.22984,-1.43293,9.87848,-0.001065,-0.014914,-0.010653,-8.268,1.307,1.760,0.5054,-0.0762,4.8911,6.3083,-0.9537,68.3390,-0.0011598,-0.0144878,-0.0125571,0.000000,0.000000,0.000000,0.00000,0.00000,0.000,0.000,0.000,0.000,0.000,-6.0000,0.0000,0.0000,6.0000,95.00,95.00,90.00,90.00,65535,65535,65535,1500,1,10,40.4365728,-86.8936842,158.500,0.197,-0.402,0.000
27641,31207,18151,15140,0,0,-0.22865,-1.44251,9.86651,-0.002131,-0.014914,-0.011718,-8.271,1.306,1.763,0.5054,-0.0763,4.9018,6.3409,-0.9586,68.6457,-0.0011568,-0.0144889,-0.0125573,0.000000,0.000000,0.000000,0.00000,0.00000,0.000,0.000,0.000,0.000,0.000,-6.0000,0.0000,0.0000,6.0000,95.00,95.00,90.00,90.00,65535,65535,65535,1500,1,10,40.4365720,-86.8936837,158.500,0.208,-0.425,0.000
27701,30124,23458,15091,0,0,-0.22865,-1.43772,9.87249,-0.001065,-0.014914,-0.011718,-8.270,1.307,1.769,0.5065,-0.0765,4.9113,6.3790,-0.9645,68.9166,-0.0011577,-0.0144898,-0.0125592,0.000000,0.000000,0.000000,0.00000,0.00000,0.000,0.000,0.000,0.000,0.000,-6.0000,0.0000,0.0000,6.0000,95.00,95.00,90.00,90.00,65535,65535,65535,1500,1,10,40.4365720,-86.8936837,158.500,0.208,-0.425,0.000
27745,19903,18142,15128,0,0,-0.22865,-1.43413,9.86651,-0.001065,-0.013848,-0.011718,-8.270,1.307,1.771,0.5059,-0.0764,4.9198,6.3978,-0.9673,69.1593,-0.0011566,-0.0144895,-0.0125580,0.000000,0.000000,0.000000,0.00000,0.00000,0.000,0.000,0.000,0.000,0.000,-6.0000,0.0000,0.0000,6.0000,95.00,95.00,90.00,90.00,65535,65535,65535,1500,1,10,40.4365712,-86.8936830,158.500,0.188,-0.384,0.000
27785,24910,33177,30221,0,0,-0.22266,-1.43293,9.87728,-0.001065,-0.014914,-0.011718,-8.269,1.305,1.770,0.5049,-0.0763,4.9242,6.4014,-0.9677,69.2819,-0.0011573,-0.0144881,-0.0125564,0.000000,0.000000,0.000000,0.00000,0.00000,0.000,0.000,0.000,0.000,0.000,-6.0000,0.0000,0.0000,6.0000,95.00,95.00,90.00,90.00,65535,65535,65535,1500,1,10,40.4365712,-86.8936830,158.500,0.188,-0.384,0.000
27843,37468,19396,15252,0,0,-0.22505,-1.44131,9.87129,-0.001065,-0.014914,-0.010653,-8.274,1.304,1.773,0.5036,-0.0762,4.9363,6.4257,-0.9713,69.6354,-0.0011519,-0.0144886,-0.0125542,0.000000,0.000000,0.000000,0.00000,0.00000,0.000,0.000,0.000,0.000,0.000,-6.0000,0.0000,0.0000,6.0000,95.00,95.00,90.00,90.00,65535,65535,65535,1500,1,10,40.4365712,-86.8936830,158.500,0.188,-0.384,0.000
27902,29829,22650,15112,0,0,-0.23703,-1.44610,9.87010,-0.001065,-0.013848,-0.011718,-8.278,1.307,1.776,0.5040,-0.0763,4.9461,6.4576,-0.9762,69.9121,-0.0011477,-0.0144905,-0.0125548,0.000000,0.000000,0.000000,0.00000,0.00000,0.000,0.000,0.000,0.000,0.000,-6.0000,0.0000,0.0000,6.0000,95.00,95.00,90.00,90.00,65535,65535,65535,1500,1,10,40.4365710,-86.8936825,158.600,0.188,-0.384,0.000
27933,23564,29929,21853,0,0,-0.22865,-1.43173,9.87129,-0.001065,-0.013848,-0.011718,-8.277,1.308,1.778,0.5045,-0.0764,4.9501,6.4741,-0.9787,70.0287,-0.0011489,-0.0144908,-0.0125556,0.000000,0.000000,0.000000,0.00000,0.00000,0.000,0.000,0.000,0.000,0.000,-6.0000,0.0000,0.0000,6.0000,95.00,95.00,90.00,90.00,65535,65535,65535,1500,1,10,40.4365710,-86.8936825,158.600,0.188,-0.384,0.000
27997,18923,18015,15043,0,0,-0.21907,-1.43532,9.87488,-0.001065,-0.014914,-0.010653,-8.278,1.304,1.776,0.5015,-0.0760,4.9630,6.4846,-0.9801,70.4025,-0.0011478,-0.0144876,-0.0125507,0.000000,0.000000,0.000000,0.00000,0.00000,0.000,0.000,0.000,0.000,0.000,-6.0000,0.0000,0.0000,6.0000,95.00,95.00,90.00,90.00,65535,65535,65535,1500,1,10,40.4365702,-86.8936825,158.600,0.199,-0.407,0.000
28036,23975,33230,30255,0,0,-0.22865,-1.43892,9.87010,-0.001065,-0.013848,-0.010653,-8.278,1.306,1.778,0.5017,-0.0760,4.9671,6.4984,-0.9823,70.5215,-0.0011470,-0.0144879,-0.0125510,0.000000,0.000000,0.000000,0.00000,0.00000,0.000,0.000,0.000,0.000,0.000,-6.0000,0.0000,0.0000,6.0000,95.00,95.00,90.00,90.00,65535,65535,65535,1500,1,10,40.4365702,-86.8936825,158.600,0.199,-0.407,0.000
28101,32512,25371,17392,0,0,-0.22984,-1.44011,9.87608,-0.001065,-0.014914,-0.011718,-8.278,1.306,1.781,0.5014,-0.0759,4.9794,6.5317,-0.9873,70.8818,-0.0011471,-0.0144876,-0.0125505,0.000000,0.000000,0.000000,0.00000,0.00000,0.000,0.000,0.000,0.000,0.000,-6.0000,0.0000,0.0000,6.0000,95.00,95.00,90.00,90.00,65535,65535,65535,1500,1,10,40.4365698,-86.8936837,158.600,0.176,-0.360,0.000
28135,35249,24034,15364,0,0,-0.22865,-1.44131,9.87488,-0.001065,-0.014914,-0.011718,-8.279,1.306,1.783,0.5015,-0.0760,4.9856,6.5505,-0.9901,71.0575,-0.0011458,-0.0144879,-0.0125507,0.000000,0.000000,0.000000,0.00000,0.00000,0.000,0.000,0.000,0.000,0.000,-6.0000,0.0000,0.0000,6.0000,95.00,95.00,90.00,90.00,65535,65535,65535,1500,1,10,40.4365698,-86.8936837,158.600,0.176,-0.360,0.000
28197,19523,18099,15081,0,0,-0.23343,-1.43173,9.86411,-0.001065,-0.014914,-0.011718,-8.277,1.308,1.794,0.5034,-0.0763,4.9974,6.6028,-0.9982,71.3996,-0.0011470,-0.0144900,-0.0125538,0.000000,0.000000,0.000000,0.00000,0.00000,0.000,0.000,0.000,0.000,0.000,-6.0000,0.0000,0.0000,6.0000,95.00,95.00,90.00,90.00,65535,65535,65535,1500,1,10,40.4365705,-86.8936850,158.400,0.147,-0.300,0.000
28247,25829,18171,15146,0,0,-0.22984,-1.43772,9.87249,-0.001065,-0.014914,-0.010653,-8.276,1.306,1.797,0.5027,-0.0762,5.0060,6.6211,-1.0009,71.6501,-0.0011477,-0.0144889,-0.0125526,0.000000,0.000000,0.000000,0.00000,0.00000,0.000,0.000,0.000,0.000,0.000,-6.0000,0.0000,0.0000,6.0000,95.00,95.00,90.00,90.00,65535,65535,65535,1500,1,10,40.4365705,-86.8936850,158.400,0.147,-0.300,0.000
28298,25905,18185,15157,0,0,-0.22625,-1.42814,9.86531,-0.001065,-0.013848,-0.011718,-8.275,1.306,1.795,0.5012,-0.0760,5.0146,6.6318,-1.0024,71.9046,-0.0011489,-0.0144869,-0.0125501,0.000000,0.000000,0.000000,0.00000,0.00000,0.000,0.000,0.000,0.000,0.000,-6.0000,0.0000,0.0000,6.0000,95.00,95.00,90.00,90.00,65535,65535,65535,1500,1,10,40.4365702,-86.8936847,158.400,0.149,-0.305,0.000
28353,29028,19865,15260,0,0,-0.23104,-1.43532,9.87488,-0.001065,-0.014914,-0.011718,-8.273,1.306,1.800,0.5021,-0.0761,5.0240,6.6678,-1.0079,72.1725,-0.0011500,-0.0144879,-0.0125516,0.000000,0.000000,0.000000,0.00000,0.00000,0.000,0.000,0.000,0.000,0.000,-6.0000,0.0000,0.0000,6.0000,95.00,95.00,90.00,90.00,65535,65535,65535,1500,1,10,40.4365702,-86.8936847,158.400,0.149,-0.305,0.000
28398,19534,18141,15103,0,0,-0.23104,-1.42575,9.87129,-0.001065,-0.014914,-0.011718,-8.269,1.307,1.808,0.5036,-0.0764,5.0318,6.7051,-1.0137,72.4049,-0.0011537,-0.0144890,-0.0125541,0.000000,0.000000,0.000000,0.00000,0.00000,0.000,0.000,0.000,0.000,0.000,-6.0000,0.0000,0.0000,6.0000,95.00,95.00,90.00,90.00,65535,65535,65535,1500,1,10,40.4365693,-86.8936838,158.400,0.149,-0.305,0.000
28448,26019,18209,15164,0,0,-0.22984,-1.43413,9.86890,-0.001065,-0.013848,-0.011718,-8.269,1.310,1.814,0.5044,-0.0765,5.0404,6.7384,-1.0188,72.6583,-0.0011533,-0.0144901,-0.0125554,0.000000,0.000000,0.000000,0.00000,0.00000,0.000,0.000,0.000,0.000,0.000,-6.0000,0.0000,0.0000,6.0000,95.00,95.00,90.00,90.00,65535,65535,65535,1500,1,10,40.4365693,-86.8936838,158.400,0.149,-0.305,0.000
28499,26134,18172,15150,0,0,-0.22745,-1.42814,9.86890,-0.001065,-0.013848,-0.011718,-8.264,1.310,1.817,0.5046,-0.0765,5.0491,6.7658,-1.0229,72.9166,-0.0011582,-0.0144895,-0.0125557,0.000000,0.000000,0.000000,0.00000,0.00000,0.000,0.000,0.000,0.000,0.000,-6.0000,0.0000,0.0000,6.0000,95.00,95.00,90.00,90.00,65535,65535,65535,1500,1,10,40.4365690,-86.8936815,158.600,0.149,-0.305,0.000
28538,24216,33183,30198,0,0,-0.22865,-1.42934,9.87249,-0.001065,-0.014914,-0.011718,-8.263,1.310,1.819,0.5049,-0.0766,5.0532,6.7807,-1.0252,73.0389,-0.0011594,-0.0144897,-0.0125562,0.000000,0.000000,0.000000,0.00000,0.00000,0.000,0.000,0.000,0.000,0.000,-6.0000,0.0000,0.0000,6.0000,95.00,95.00,90.00,90.00,65535,65535,65535,1500,1,10,40.4365690,-86.8936815,158.600,0.149,-0.305,0.000
28584,43860,35312,21374,0,0,-0.22625,-1.42335,9.87369,-0.001065,-0.014914,-0.010653,-8.259,1.309,1.824,0.5050,-0.0764,5.0608,6.8033,-1.0286,73.2607,-0.0011622,-0.0144892,-0.0125563,0.000000,0.000000,0.000000,0.00000,0.00000,0.000,0.000,0.000,0.000,0.000,-6.0000,0.0000,0.0000,6.0000,95.00,95.00,90.00,90.00,65535,65535,65535,1500,1,10,40.4365688,-86.8936812,158.600,0.149,-0.305,0.000
28634,30592,18163,15161,0,0,-0.22984,-1.43652,9.87129,-0.001065,-0.014914,-0.010653,-8.260,1.313,1.836,0.5075,-0.0768,5.0720,6.8630,-1.0378,73.6004,-0.0011606,-0.0144929,-0.0125606,0.000000,0.000000,0.000000,0.00000,0.00000,0.000,0.000,0.000,0.000,0.000,-6.0000,0.0000,0.0000,6.0000,95.00,95.00,90.00,90.00,65535,65535,65535,1500,1,10,40.4365688,-86.8936812,158.600,0.149,-0.305,0.000
28685,25999,18173,15148,0,0,-0.22984,-1.43532,9.87369,-0.001065,-0.014914,-0.011718,-8.260,1.312,1.838,0.5075,-0.0768,5.0809,6.8894,-1.0418,73.8593,-0.0011606,-0.0144930,-0.0125607,0.000000,0.000000,0.000000,0.00000,0.00000,0.000,0.000,0.000,0.000,0.000,-6.0000,0.0000,0.0000,6.0000,95.00,95.00,90.00,90.00,65535,65535,65535,1500,1,10,40.4365683,-86.8936808,158.700,0.142,-0.291,0.000
28734,30029,18134,15140,0,0,-0.22505,-1.43173,9.86890,-0.001065,-0.014914,-0.011718,-8.259,1.308,1.837,0.5059,-0.0766,5.0891,6.8985,-1.0431,74.1092,-0.0011615,-0.0144907,-0.0125581,0.000000,0.000000,0.000000,0.00000,0.00000,0.000,0.000,0.000,0.000,0.000,-6.0000,0.0000,0.0000,6.0000,95.00,95.00,90.00,90.00,65535,65535,65535,1500,1,10,40.4365683,-86.8936808,158.700,0.142,-0.291,0.000
28784,23792,19427,15230,0,0,-0.22266,-1.44370,9.86890,-0.001065,-0.014914,-0.011718,-8.263,1.306,1.836,0.5047,-0.0764,5.0973,6.9118,-1.0451,74.3571,-0.0011588,-0.0144902,-0.0125562,0.000000,0.000000,0.000000,0.00000,0.00000,0.000,0.000,0.000,0.000,0.000,-6.0000,0.0000,0.0000,6.0000,95.00,95.00,90.00,90.00,65535,65535,65535,1500,1,10,40.4365675,-86.8936810,158.700,0.142,-0.291,0.000
28853,38929,28529,20497,0,0,-0.22984,-1.43293,9.86770,-0.001065,-0.014914,-0.011718,-8.261,1.306,1.841,0.5050,-0.0765,5.1073,6.9451,-1.0501,74.6600,-0.0011588,-0.0144906,-0.0125567,0.000000,0.000000,0.000000,0.00000,0.00000,0.000,0.000,0.000,0.000,0.000,-6.0000,0.0000,0.0000,6.0000,95.00,95.00,90.00,90.00,65535,65535,65535,1500,1,10,40.4365675,-86.8936810,158.700,0.142,-0.291,0.000
28884,30265,29784,21759,0,0,-0.22386,-1.43772,9.87488,-0.001065,-0.013848,-0.011718,-8.262,1.306,1.840,0.5039,-0.0763,5.1125,6.9492,-1.0507,74.8147,-0.0011577,-0.0144895,-0.0125549,0.000000,0.000000,0.000000,0.00000,0.00000,0.000,0.000,0.000,0.000,0.000,-6.0000,0.0000,0.0000,6.0000,95.00,95.00,90.00,90.00,65535,65535,65535,1500,1,10,40.4365668,-86.8936823,158.600,0.142,-0.291,0.000
28934,29884,18189,15148,0,0,-0.22505,-1.43293,9.87010,-0.001065,-0.014914,-0.010653,-8.261,1.306,1.847,0.5047,-0.0764,5.1229,6.9875,-1.0565,75.1256,-0.0011586,-0.0144902,-0.0125561,0.000000,0.000000,0.000000,0.00000,0.00000,0.000,0.000,0.000,0.000,0.000,-6.0000,0.0000,0.0000,6.0000,95.00,95.00,90.00,90.00,65535,65535,65535,1500,1,10,40.4365668,-86.8936823,158.600,0.142,-0.291,0.000
29005,23166,21489,15199,0,0,-0.22266,-1.43532,9.87488,-0.001065,-0.014914,-0.011718,-8.262,1.303,1.847,0.5028,-0.0761,5.1346,7.0039,-1.0589,75.4744,-0.0011566,-0.0144887,-0.0125532,0.000000,0.000000,0.000000,0.00000,0.00000,0.000,0.000,0.000,0.000,0.000,-6.0000,0.0000,0.0000,6.0000,95.00,95.00,90.00,90.00,65535,65535,65535,1500,1,10,40.4365668,-86.8936822,158.600,0.154,-0.314,0.000
29044,27562,33319,30301,0,0,-0.22984,-1.43532,9.87129,-0.001065,-0.013848,-0.011718,-8.263,1.305,1.849,0.5033,-0.0762,5.1393,7.0224,-1.0617,75.6160,-0.0011561,-0.0144895,-0.0125540,0.000000,0.000000,0.000000,0.00000,0.00000,0.000,0.000,0.000,0.000,0.000,-6.0000,0.0000,0.0000,6.0000,95.00,95.00,90.00,90.00,65535,65535,65535,1500,1,10,40.4365668,-86.8936822,158.600,0.154,-0.314,0.000
29083,40300,31502,28481,0,0,-0.23224,-1.42575,9.87129,-0.001065,-0.014914,-0.011718,-8.260,1.306,1.855,0.5050,-0.0763,5.1462,7.0598,-1.0675,75.8232,-0.0011582,-0.0144909,-0.0125567,0.000000,0.000000,0.000000,0.00000,0.00000,0.000,0.000,0.000,0.000,0.000,-6.0000,0.0000,0.0000,6.0000,95.00,95.00,90.00,90.00,65535,65535,65535,1500,1,10,40.4365668,-86.8936825,158.600,0.095,-0.194,0.000
29139,30745,18869,14967,0,0,-0.22745,-1.42096,9.87369,-0.001065,-0.013848,-0.011718,-8.257,1.306,1.859,0.5049,-0.0763,5.1577,7.0938,-1.0726,76.1764,-0.0011606,-0.0144903,-0.0125566,0.000000,0.000000,0.000000,0.00000,0.00000,0.000,0.000,0.000,0.000,0.000,-6.0000,0.0000,0.0000,6.0000,95.00,95.00,90.00,90.00,65535,65535,65535,1500,1,10,40.4365668,-86.8936825,158.600,0.095,-0.194,0.000
29183,25457,18169,15144,0,0,-0.16999,-1.39582,9.85693,-0.002131,-0.013848,-0.013848,-8.250,1.284,1.830,0.4933,-0.0747,5.1649,7.0018,-1.0580,76.4076,-0.0011703,-0.0144721,-0.0125387,0.000000,0.000000,0.000000,0.00000,0.00000,0.000,0.000,0.000,0.000,0.000,-6.0000,0.0000,0.0000,6.0000,95.00,95.00,90.00,90.00,65535,65535,65535,1500,1,10,40.4365667,-86.8936835,158.600,0.142,-0.291,0.000
29237,26349,18154,15135,0,0,-0.20949,-1.45208,9.83299,0.000000,-0.013848,-0.029827,-8.260,1.265,1.786,0.4847,-0.0734,5.1761,6.9420,-1.0484,76.6900,-0.0011629,-0.0144573,-0.0125252,0.000000,0.000000,0.000000,0.00000,0.00000,0.000,0.000,0.000,0.000,0.000,-6.0000,0.0000,0.0000,6.0000,95.00,95.00,90.00,90.00,65535,65535,65535,1500,1,10,40.4365667,-86.8936835,158.600,0.142,-0.291,0.000
29288,25935,18208,15179,0,0,-0.23583,-1.46166,9.82221,-0.004261,-0.010653,-0.025566,-8.253,1.318,1.798,0.5150,-0.0779,5.1894,7.2672,-1.0994,76.9531,-0.0011661,-0.0144864,-0.0125724,0.000000,0.000000,0.000000,0.00000,0.00000,0.000,0.000,0.000,0.000,0.000,-6.0000,0.0000,0.0000,6.0000,95.00,95.00,90.00,90.00,65535,65535,65535,1500,1,10,40.4365662,-86.8936838,158.600,0.176,-0.360,0.000
29338,25547,18174,15170,0,0,-0.25498,-1.47722,9.87129,0.001065,-0.021305,0.015979,-8.262,1.335,1.924,0.5369,-0.0811,5.1972,7.5101,-1.1376,77.2123,-0.0011475,-0.0145052,-0.0126063,0.000000,0.000000,0.000000,0.00000,0.00000,0.000,0.000,0.000,0.000,0.000,-6.0000,0.0000,0.0000,6.0000,95.00,95.00,90.00,90.00,65535,65535,65535,1500,1,10,40.4365662,-86.8936838,158.600,0.176,-0.360,0.000
29383,19675,18143,15138,0,0,-0.25498,-1.43413,9.91199,-0.001065,-0.013848,-0.020240,-8.248,1.322,1.921,0.5315,-0.0803,5.2058,7.4794,-1.1325,77.4450,-0.0011649,-0.0144953,-0.0125979,0.000000,0.000000,0.000000,0.00000,0.00000,0.000,0.000,0.000,0.000,0.000,-6.0000,0.0000,0.0000,6.0000,95.00,95.00,90.00,90.00,65535,65535,65535,1500,1,12,40.4365657,-86.8936840,158.500,0.199,-0.407,0.000
29437,29996,18230,15270,0,0,-0.29090,-1.45448,9.91199,-0.001065,-0.013848,-0.021305,-8.259,1.340,1.911,0.5459,-0.0825,5.2165,7.6542,-1.1599,77.7279,-0.0011520,-0.0145058,-0.0126206,0.000000,0.000000,0.000000,0.00000,0.00000,0.000,0.000,0.000,0.000,0.000,-6.0000,0.0000,0.0000,6.0000,95.00,95.00,90.00,90.00,65535,65535,65535,1500,1,12,40.4365657,-86.8936840,158.500,0.199,-0.407,0.000
29488,25969,18187,15170,0,0,-0.22865,-1.43054,9.87967,0.000000,-0.019175,0.007457,-8.255,1.337,1.952,0.5458,-0.0825,5.2253,7.6811,-1.1639,77.9949,-0.0011522,-0.0145056,-0.0126204,0.000000,0.000000,0.000000,0.00000,0.00000,0.000,0.000,0.000,0.000,0.000,-6.0000,0.0000,0.0000,6.0000,95.00,95.00,90.00,90.00,65535,65535,65535,1500,1,12,40.4365662,-86.8936843,158.500,0.151,-0.310,0.000
29555,39491,21452,18432,0,0,-0.21308,-1.34794,9.90002,-0.004261,-0.010653,-0.025566,-8.227,1.321,1.877,0.5222,-0.0778,5.2364,7.4783,-1.1317,78.3287,-0.0011820,-0.0144921,-0.0125839,0.000000,0.000000,0.000000,0.00000,0.00000,0.000,0.000,0.000,0.000,0.000,-6.0000,0.0000,0.0000,6.0000,95.00,95.00,90.00,90.00,65535,65535,65535,1500,1,12,40.4365662,-86.8936843,158.500,0.151,-0.310,0.000
29586,27978,24387,21354,0,0,-0.19752,-1.45208,9.89524,-0.002131,-0.010653,-0.028762,-8.235,1.312,1.839,0.5174,-0.0772,5.2419,7.4439,-1.1262,78.4753,-0.0011764,-0.0144829,-0.0125766,0.000000,0.000000,0.000000,0.00000,0.00000,0.000,0.000,0.000,0.000,0.000,-6.0000,0.0000,0.0000,6.0000,95.00,95.00,90.00,90.00,65535,65535,65535,1500,1,12,40.4365658,-86.8936852,158.500,0.151,-0.310,0.000
29647,29708,24925,15285,0,0,-0.23463,-1.39702,9.88087,-0.003196,-0.019175,0.006392,-8.248,1.345,1.977,0.5554,-0.0831,5.2518,7.8596,-1.1914,78.7913,-0.0011601,-0.0145029,-0.0126353,0.000000,0.000000,0.000000,0.00000,0.00000,0.000,0.000,0.000,0.000,0.000,-6.0000,0.0000,0.0000,6.0000,95.00,95.00,90.00,90.00,65535,65535,65535,1500,1,12,40.4365658,-86.8936852,158.500,0.151,-0.310,0.000
29698,25983,18168,15137,0,0,-0.25498,-1.49877,9.87010,0.005326,-0.012783,-0.020240,-8.244,1.326,1.960,0.5470,-0.0815,5.2622,7.8016,-1.1820,79.0955,-0.0011527,-0.0144879,-0.0126219,0.000000,0.000000,0.000000,0.00000,0.00000,0.000,0.000,0.000,0.000,0.000,-6.0000,0.0000,0.0000,6.0000,95.00,95.00,90.00,90.00,65535,65535,65535,1500,1,12,40.4365657,-86.8936847,158.500,0.151,-0.310,0.000
29748,26105,18218,15165,0,0,-0.19632,-1.36709,9.88925,-0.007457,-0.012783,-0.021305,-8.249,1.318,1.914,0.5401,-0.0805,5.2711,7.7597,-1.1752,79.3608,-0.0011652,-0.0144818,-0.0126115,0.000000,0.000000,0.000000,0.00000,0.00000,0.000,0.000,0.000,0.000,0.000,-6.0000,0.0000,0.0000,6.0000,95.00,95.00,90.00,90.00,65535,65535,65535,1500,1,12,40.4365658,-86.8936843,158.500,0.142,-0.291,0.000
29793,19620,18163,15117,0,0,-0.25139,-1.47483,9.84975,0.005326,-0.018109,0.003196,-8.259,1.332,1.988,0.5587,-0.0828,5.2783,7.9698,-1.2081,79.5956,-0.0011330,-0.0144946,-0.0126393,0.000000,0.000000,0.000000,0.00000,0.00000,0.000,0.000,0.000,0.000,0.000,-6.0000,0.0000,0.0000,6.0000,95.00,95.00,90.00,90.00,65535,65535,65535,1500,1,12,40.4365658,-86.8936843,158.500,0.142,-0.291,0.000
29848,30099,19059,15254,0,0,-0.23224,-1.42335,9.87608,0.001065,-0.012783,-0.019175,-8.249,1.336,2.002,0.5635,-0.0835,5.2872,8.0490,-1.2202,79.8829,-0.0011461,-0.0144960,-0.0126467,0.000000,0.000000,0.000000,0.00000,0.00000,0.000,0.000,0.000,0.000,0.000,-6.0000,0.0000,0.0000,6.0000,95.00,95.00,90.00,90.00,65535,65535,65535,1500,1,12,40.4365660,-86.8936832,158.500,0.120,-0.245,0.000
29888,25771,33220,30231,0,0,-0.23343,-1.49518,9.89524,0.006392,-0.011718,-0.022371,-8.255,1.339,1.994,0.5660,-0.0839,5.2924,8.0882,-1.2263,80.0193,-0.0011296,-0.0144959,-0.0126504,0.000000,0.000000,0.000000,0.00000,0.00000,0.000,0.000,0.000,0.000,0.000,-6.0000,0.0000,0.0000,6.0000,95.00,95.00,90.00,90.00,65535,65535,65535,1500,1,12,40.4365660,-86.8936832,158.500,0.120,-0.245,0.000
29947,34085,18319,15278,0,0,-0.21907,-1.49039,9.87369,0.010653,-0.018109,0.000000,-8.272,1.333,1.994,0.5574,-0.0829,5.3063,8.0424,-1.2188,80.4085,-0.0011184,-0.0144925,-0.0126373,0.000000,0.000000,0.000000,0.00000,0.00000,0.000,0.000,0.000,0.000,0.000,-6.0000,0.0000,0.0000,6.0000,95.00,95.00,90.00,90.00,65535,65535,65535,1500,1,12,40.4365660,-86.8936832,158.500,0.120,-0.245,0.000
29991,19621,18130,15126,0,0,-0.24900,-1.40659,9.84017,-0.008522,-0.017044,-0.013848,-8.264,1.344,2.042,0.5728,-0.0853,5.3136,8.2221,-1.2467,80.6459,-0.0011348,-0.0145019,-0.0126602,0.000000,0.000000,0.000000,0.00000,0.00000,0.000,0.000,0.000,0.000,0.000,-6.0000,0.0000,0.0000,6.0000,95.00,95.00,90.00,90.00,65535,65535,65535,1500,1,12,40.4365663,-86.8936823,158.500,0.120,-0.245,0.000
30062,43700,21376,15380,0,0,-0.29449,-1.41258,9.95868,-0.006392,-0.015979,-0.014914,-8.287,1.338,2.000,0.5611,-0.0830,5.3304,8.1540,-1.2357,81.0075,-0.0011240,-0.0145062,-0.0126442,0.000000,0.000000,0.000000,0.00000,0.00000,0.000,0.000,0.000,0.000,0.000,-6.0000,0.0000,0.0000,6.0000,95.00,95.00,90.00,90.00,65535,65535,65535,1500,1,12,40.4365665,-86.8936820,158.500,0.176,-0.360,0.000
30099,27669,30222,27249,0,0,-0.18914,-1.53947,9.91798,-0.003196,-0.019175,-0.004261,-8.318,1.311,1.952,0.5363,-0.0794,5.3368,7.9164,-1.1984,81.1551,-0.0010985,-0.0144941,-0.0126071,0.000000,0.000000,0.000000,0.00000,0.00000,0.000,0.000,0.000,0.000,0.000,-6.0000,0.0000,0.0000,6.0000,95.00,95.00,90.00,90.00,65535,65535,65535,1500,1,12,40.4365665,-86.8936820,158.500,0.176,-0.360,0.000
30147,23917,18110,15120,0,0,-0.27054,-1.39103,9.83299,-0.006392,-0.022371,-0.012783,-8.278,1.326,2.023,0.5570,-0.0819,5.3469,8.1567,-1.2357,81.4773,-0.0011302,-0.0145010,-0.0126375,0.000000,0.000000,0.000000,0.00000,0.00000,0.000,0.000,0.000,0.000,0.000,-6.0000,0.0000,0.0000,6.0000,95.00,95.00,90.00,90.00,65535,65535,65535,1500,1,12,40.4365665,-86.8936820,158.500,0.176,-0.360,0.000
30192,20156,18194,15166,0,0,-0.16400,-1.39582,9.89045,0.001065,-0.005326,-0.015979,-8.295,1.295,1.936,0.5264,-0.0776,5.3563,7.8730,-1.1910,81.7180,-0.0011152,-0.0144638,-0.0125934,0.000000,0.000000,0.000000,0.00000,0.00000,0.000,0.000,0.000,0.000,0.000,-6.0000,0.0000,0.0000,6.0000,95.00,95.00,90.00,90.00,65535,65535,65535,1500,1,12,40.4365658,-86.8936822,158.600,0.057,-0.116,0.000
30243,26150,18181,15140,0,0,-0.12570,-1.47722,9.87010,0.001065,-0.017044,-0.006392,-8.289,1.287,1.927,0.5207,-0.0768,5.3658,7.8401,-1.1856,81.9886,-0.0011216,-0.0144678,-0.0125847,0.000000,0.000000,0.000000,0.00000,0.00000,0.000,0.000,0.000,0.000,0.000,-6.0000,0.0000,0.0000,6.0000,95.00,95.00,90.00,90.00,65535,65535,65535,1500,1,12,40.4365658,-86.8936822,158.600,0.057,-0.116,0.000
30297,26030,18181,15140,0,0,-0.29090,-1.35871,9.88326,-0.003196,-0.023436,-0.015979,-8.260,1.336,2.010,0.5502,-0.0811,5.3756,8.1752,-1.2377,82.2827,-0.0011506,-0.0145076,-0.0126279,0.000000,0.000000,0.000000,0.00000,0.00000,0.000,0.000,0.000,0.000,0.000,-6.0000,0.0000,0.0000,6.0000,95.00,95.00,90.00,90.00,65535,65535,65535,1500,1,12,40.4365663,-86.8936843,158.600,0.133,-0.273,0.000
30347,30447,18154,15115,0,0,-0.35674,-1.36829,9.89883,-0.002131,-0.011718,-0.014914,-8.260,1.353,1.989,0.5449,-0.0798,5.3842,8.1610,-1.2352,82.5493,-0.0011522,-0.0145185,-0.0126216,0.000000,0.000000,0.000000,0.00000,0.00000,0.000,0.000,0.000,0.000,0.000,-6.0000,0.0000,0.0000,6.0000,95.00,95.00,90.00,90.00,65535,65535,65535,1500,1,12,40.4365663,-86.8936843,158.600,0.133,-0.273,0.000
30391,19630,18136,15123,0,0,-0.11013,-1.45448,9.92756,0.002131,-0.014914,-0.009587,-8.276,1.308,1.961,0.5321,-0.0779,5.3916,8.0588,-1.2190,82.7894,-0.0011406,-0.0144879,-0.0126044,0.000000,0.000000,0.000000,0.00000,0.00000,0.000,0.000,0.000,0.000,0.000,-6.0000,0.0000,0.0000,6.0000,95.00,95.00,90.00,90.00,65535,65535,65535,1500,1,12,40.4365660,-86.8936847,158.500,0.133,-0.273,0.000
30441,30793,18159,15145,0,0,-0.13408,-1.50116,9.80306,0.000000,-0.019175,-0.012783,-8.274,1.296,1.934,0.5188,-0.0766,5.3991,7.9374,-1.1998,83.0585,-0.0011392,-0.0144884,-0.0125832,0.000000,0.000000,0.000000,0.00000,0.00000,0.000,0.000,0.000,0.000,0.000,-6.0000,0.0000,0.0000,6.0000,95.00,95.00,90.00,90.00,65535,65535,65535,1500,1,12,40.4365660,-86.8936847,158.500,0.133,-0.273,0.000
30500,29902,21978,15265,0,0,-0.29808,-1.41737,9.85334,-0.007457,-0.020240,-0.019175,-8.282,1.284,1.886,0.5034,-0.0744,5.4081,7.8110,-1.1798,83.3546,-0.0011368,-0.0144863,-0.0125613,0.000000,0.000000,0.000000,0.00000,0.00000,0.000,0.000,0.000,0.000,0.000,-6.0000,0.0000,0.0000,6.0000,95.00,95.00,90.00,90.00,65535,65535,65535,1500,1,12,40.4365658,-86.8936848,158.600,0.133,-0.273,0.000
30540,28229,33274,30292,0,0,-0.10774,-1.49398,9.90002,0.000000,-0.015979,-0.013848,-8.296,1.241,1.821,0.4767,-0.0706,5.4139,7.5449,-1.1382,83.5073,-0.0011230,-0.0144557,-0.0125225,0.000000,0.000000,0.000000,0.00000,0.00000,0.000,0.000,0.000,0.000,0.000,-6.0000,0.0000,0.0000,6.0000,95.00,95.00,90.00,90.00,65535,65535,65535,1500,1,12,40.4365658,-86.8936848,158.600,0.133,-0.273,0.000
30599,33887,18337,15288,0,0,-0.16041,-1.50356,9.85573,-0.001065,-0.013848,-0.008522,-8.265,1.267,1.988,0.5336,-0.0768,5.4268,8.1808,-1.2370,83.9091,-0.0011557,-0.0144655,-0.0126067,0.000000,0.000000,0.000000,0.00000,0.00000,0.000,0.000,0.000,0.000,0.000,-6.0000,0.0000,0.0000,6.0000,95.00,95.00,90.00,90.00,65535,65535,65535,1500,1,12,40.4365658,-86.8936847,158.600,0.104,-0.213,0.000
30649,26522,18193,15158,0,0,-0.22865,-1.48441,9.85813,-0.007457,-0.015979,-0.018109,-8.275,1.284,1.968,0.5318,-0.0767,5.4346,8.1901,-1.2381,84.1857,-0.0011617,-0.0144864,-0.0126036,0.000000,0.000000,0.000000,0.00000,0.00000,0.000,0.000,0.000,0.000,0.000,-6.0000,0.0000,0.0000,6.0000,95.00,95.00,90.00,90.00,65535,65535,65535,1500,1,12,40.4365660,-86.8936853,158.600,0.113,-0.231,0.000
30710,29974,24525,14889,0,0,-0.22027,-1.50954,9.88207,-0.006392,-0.017044,-0.010653,-8.330,1.269,1.852,0.4833,-0.0697,5.4438,7.7162,-1.1639,84.4815,-0.0011155,-0.0144845,-0.0125336,0.000000,0.000000,0.000000,0.00000,0.00000,0.000,0.000,0.000,0.000,0.000,-6.0000,0.0000,0.0000,6.0000,95.00,95.00,90.00,90.00,65535,65535,65535,1500,1,12,40.4365660,-86.8936853,158.600,0.113,-0.231,0.000
30741,30519,24829,21839,0,0,-0.19273,-1.52870,9.86052,0.002131,-0.017044,-0.007457,-8.349,1.248,1.791,0.4552,-0.0659,5.4491,7.4385,-1.1204,84.6477,-0.0010925,-0.0144772,-0.0124932,0.000000,0.000000,0.000000,0.00000,0.00000,0.000,0.000,0.000,0.000,0.000,-6.0000,0.0000,0.0000,6.0000,95.00,95.00,90.00,90.00,65535,65535,65535,1500,1,12,40.4365660,-86.8936853,158.600,0.113,-0.231,0.000
30786,19494,18129,15120,0,0,-0.24301,-1.43293,9.93594,-0.003196,-0.018109,-0.015979,-8.805,0.955,-0.419,-0.4126,0.0612,5.4589,-1.5299,0.2798,84.9280,-0.0011734,-0.0144970,-0.0112504,0.000000,0.000000,0.000000,0.00000,0.00000,0.000,0.000,0.000,0.000,0.000,-6.0000,0.0000,0.0000,6.0000,95.00,95.00,90.00,90.00,65535,65535,65535,1500,1,12,40.4365662,-86.8936852,158.500,0.077,-0.157,0.000
30835,25304,18188,15159,0,0,-0.26217,-1.32160,9.87369,-0.003196,-0.013848,-0.011718,-8.740,0.771,-1.860,-0.9799,0.1439,5.4670,-7.4372,1.2015,85.1991,-0.0012586,-0.0145143,-0.0104406,0.000000,0.000000,0.000000,0.00000,0.00000,0.000,0.000,0.000,0.000,0.000,-6.0000,0.0000,0.0000,6.0000,95.00,95.00,90.00,90.00,65535,65535,65535,1500,1,12,40.4365662,-86.8936852,158.500,0.077,-0.157,0.000
30886,25937,18169,15152,0,0,-0.21428,-1.41018,9.80665,-0.002131,-0.010653,-0.008522,-8.747,0.438,-4.466,-2.0108,0.2950,5.4743,-18.2076,2.8810,85.4781,-0.0012887,-0.0145416,-0.0089730,0.000000,0.000000,0.000000,0.00000,0.00000,0.000,0.000,0.000,0.000,0.000,-6.0000,0.0000,0.0000,6.0000,95.00,95.00,90.00,90.00,65535,65535,65535,1500,1,12,40.4365663,-86.8936868,158.300,0.145,-0.296,0.000
30941,28132,44323,28924,0,0,-0.25618,-1.48680,9.93354,-0.004261,-0.015979,-0.013848,-8.754,0.115,-6.971,-2.9996,0.4404,5.4809,-28.5437,4.4924,85.6323,-0.0013033,-0.0145698,-0.0075694,0.000000,0.000000,0.000000,0.00000,0.00000,0.000,0.000,0.000,0.000,0.000,-6.0000,0.0000,0.0000,6.0000,95.00,95.00,90.00,90.00,65535,65535,65535,1500,1,12,40.4365663,-86.8936868,158.300,0.145,-0.296,0.000
30985,24649,18186,15134,0,0,-0.29329,-1.38026,9.85453,-0.007457,-0.015979,-0.010653,-8.653,-0.737,-13.987,-5.7746,0.8520,5.4934,-57.6740,9.0316,86.0205,-0.0013682,-0.0146654,-0.0036472,0.000000,0.000000,0.000000,0.00000,0.00000,0.000,0.000,0.000,0.000,0.000,-6.0000,0.0000,0.0000,6.0000,95.00,95.00,90.00,90.00,65535,65535,65535,1500,1,12,40.4365667,-86.8936880,158.300,0.174,-0.356,0.000
31054,34210,28526,20531,0,0,-0.30885,-1.38505,9.75877,-0.006392,-0.015979,-0.009587,-8.433,-1.818,-22.895,-9.2999,1.3803,5.4967,-94.8545,14.8230,86.3427,-0.0014116,-0.0148021,0.0013224,0.000000,0.000000,0.000000,0.00000,0.00000,0.000,0.000,0.000,0.000,0.000,-6.0000,0.0000,0.0000,6.0000,95.00,95.00,90.00,90.00,65535,65535,65535,1500,1,12,40.4365667,-86.8936880,158.300,0.174,-0.356,0.000
31091,35280,30230,27242,0,0,-0.14485,-1.42096,9.73961,-0.004261,-0.021305,-0.013848,-8.247,-2.410,-27.931,-11.2883,1.6822,5.4969,-115.9628,18.1095,86.5370,-0.0014253,-0.0148861,0.0041162,0.000000,0.000000,0.000000,0.00000,0.00000,0.000,0.000,0.000,0.000,0.000,-6.0000,0.0000,0.0000,6.0000,95.00,95.00,90.00,90.00,65535,65535,65535,1500,1,12,40.4365668,-86.8936888,158.100,0.174,-0.356,0.000
31151,28350,25812,15332,0,0,-0.13767,-1.47243,9.89643,0.003196,-0.010653,-0.012783,-7.477,-3.897,-42.212,-16.9253,2.5524,5.5018,-175.8711,27.4369,86.8945,-0.0014290,-0.0151517,0.0120240,0.000000,0.000000,0.000000,0.00000,0.00000,0.000,0.000,0.000,0.000,0.000,-6.0000,0.0000,0.0000,6.0000,95.00,95.00,90.00,90.00,65535,65535,65535,1500,1,12,40.4365668,-86.8936888,158.100,0.174,-0.356,0.000
31183,32724,24930,21908,0,0,-0.27294,-1.43293,9.80665,-0.002131,-0.007457,-0.006392,-6.880,-4.652,-50.782,-20.3028,3.0855,5.5013,-211.9266,33.0500,87.0749,-0.0014005,-0.0153362,0.0167541,0.000000,0.000000,0.000000,0.00000,0.00000,0.000,0.000,0.000,0.000,0.000,-6.0000,0.0000,0.0000,6.0000,95.00,95.00,90.00,90.00,65535,65535,65535,1500,1,12,40.4365670,-86.8936892,158.100,0.365,0.000,0.000
31246,19036,18120,15113,0,0,-0.28850,-1.45687,9.88566,-0.001065,-0.012783,-0.009587,-4.505,-6.361,-78.369,-31.0961,4.8314,5.4993,-327.7037,51.0760,87.4591,-0.0011243,-0.0160059,0.0318938,0.000000,0.000000,0.000000,0.00000,0.00000,0.000,0.000,0.000,0.000,0.000,-6.0000,0.0000,0.0000,6.0000,95.00,95.00,90.00,90.00,65535,65535,65535,1500,1,12,40.4365670,-86.8936892,158.100,0.365,0.000,0.000
31297,25956,18256,15214,0,0,-0.18914,-1.46645,9.90361,0.001065,-0.007457,-0.009587,-2.778,-6.757,-97.016,-38.3284,6.0633,5.4943,-406.3094,63.3175,87.7383,-0.0007388,-0.0165445,0.0420447,0.000000,0.000000,0.000000,0.00000,0.00000,0.000,0.000,0.000,0.000,0.000,-6.0000,0.0000,0.0000,6.0000,95.00,95.00,90.00,90.00,65535,65535,65535,1500,1,12,40.4365683,-86.8936878,158.000,0.576,0.000,0.000
31353,29914,19971,15336,0,0,-0.11851,-1.47124,9.84975,-0.005326,-0.015979,-0.011718,-1.438,-6.562,-113.090,-44.5063,7.1691,5.4885,-474.7249,73.9786,88.0365,-0.0002433,-0.0171213,0.0507447,0.000000,0.000000,0.000000,0.00000,0.00000,0.000,0.000,0.000,0.000,0.000,-6.0000,0.0000,0.0000,6.0000,95.00,95.00,90.00,90.00,65535,65535,65535,1500,1,12,40.4365683,-86.8936878,158.000,0.576,0.000,0.000
31384,26660,24497,21434,0,0,-0.25139,-1.39582,9.91319,0.005326,-0.008522,-0.006392,-1.016,-6.310,-119.600,-46.9863,7.6339,5.4864,-502.7262,78.3452,88.1825,0.0000530,-0.0174261,0.0542544,0.000000,0.000000,0.000000,0.00000,0.00000,0.000,0.000,0.000,0.000,0.000,-6.0000,0.0000,0.0000,6.0000,95.00,95.00,90.00,90.00,65535,65535,65535,1500,1,12,40.4365687,-86.8936878,158.000,0.576,0.000,0.000
31448,19483,18185,15186,0,0,-0.23703,-1.35033,9.83059,-0.002131,-0.011718,-0.008522,-0.521,-5.492,-134.933,-52.7644,8.7553,5.4802,-569.2249,88.7256,88.5642,0.0010741,-0.0182649,0.0624797,0.000000,0.000000,0.000000,0.00000,0.00000,0.000,0.000,0.000,0.000,0.000,-6.0000,0.0000,0.0000,6.0000,95.00,95.00,90.00,90.00,65535,65535,65535,1500,1,12,40.4365690,-86.8936880,158.000,0.298,0.000,0.000
31499,26037,18282,15216,0,0,-0.20111,-1.48081,9.90840,0.004261,-0.012783,-0.009587,-0.597,-4.955,-142.179,-55.4302,9.3135,5.4825,-601.4958,93.7774,88.8423,0.0017691,-0.0187921,0.0663149,0.000000,0.000000,0.000000,0.00000,0.00000,0.000,0.000,0.000,0.000,0.000,-6.0000,0.0000,0.0000,6.0000,95.00,95.00,90.00,90.00,65535,65535,65535,1500,1,12,40.4365690,-86.8936880,158.000,0.298,0.000,0.000
31538,24387,33377,30372,0,0,-0.28371,-1.36709,9.77553,0.001065,-0.011718,-0.010653,-0.712,-4.681,-144.950,-56.4281,9.5298,5.4808,-614.0672,95.7495,88.9759,0.0020958,-0.0190645,0.0677672,0.000000,0.000000,0.000000,0.00000,0.00000,0.000,0.000,0.000,0.000,0.000,-6.0000,0.0000,0.0000,6.0000,95.00,95.00,90.00,90.00,65535,65535,65535,1500,1,12,40.4365690,-86.8936880,158.000,0.298,0.000,0.000
31591,43893,42194,27565,0,0,-0.24301,-1.39223,9.93594,0.005326,-0.012783,-0.009587,-0.954,-4.405,-146.278,-56.8320,9.6737,5.4871,-621.3038,96.9057,89.2168,0.0024301,-0.0193382,0.0683838,0.000000,0.000000,0.000000,0.00000,0.00000,0.000,0.000,0.000,0.000,0.000,-6.0000,0.0000,0.0000,6.0000,95.00,95.00,90.00,90.00,65535,65535,65535,1500,1,12,40.4365692,-86.8936887,158.000,0.190,0.000,0.000
31635,24518,18243,15194,0,0,-0.21189,-1.41856,9.93713,0.006392,-0.015979,-0.010653,-1.472,-3.936,-148.902,-57.6606,9.9200,5.5021,-634.8969,99.0712,89.5900,0.0030822,-0.0198437,0.0696379,0.000000,0.000000,0.000000,0.00000,0.00000,0.000,0.000,0.000,0.000,0.000,-6.0000,0.0000,0.0000,6.0000,95.00,95.00,90.00,90.00,65535,65535,65535,1500,1,12,40.4365692,-86.8936887,158.000,0.190,0.000,0.000
31686,26082,18309,15220,0,0,-0.21668,-1.49997,9.87608,-0.006392,-0.017044,-0.013848,-2.060,-3.495,-150.230,-58.0248,10.0484,5.5119,-642.3729,100.2716,89.8725,0.0036949,-0.0203131,0.0702234,0.000000,0.000000,0.000000,0.00000,0.00000,0.000,0.000,0.000,0.000,0.000,-6.0000,0.0000,0.0000,6.0000,95.00,95.00,90.00,90.00,65535,65535,65535,1500,1,12,40.4365695,-86.8936885,157.900,0.129,0.000,0.000
31736,25339,18256,15214,0,0,-0.24541,-1.41018,9.93953,-0.006392,-0.015979,-0.009587,-2.606,-3.080,-151.028,-58.1946,10.1294,5.5243,-647.5759,101.1186,90.1487,0.0042316,-0.0207490,0.0705251,0.000000,0.000000,0.000000,0.00000,0.00000,0.000,0.000,0.000,0.000,0.000,-6.0000,0.0000,0.0000,6.0000,95.00,95.00,90.00,90.00,65535,65535,65535,1500,1,12,40.4365695,-86.8936885,157.900,0.129,0.000,0.000
31794,29894,21644,15339,0,0,-0.23343,-1.40899,9.87369,-0.001065,-0.009587,-0.008522,-3.117,-2.712,-151.996,-58.4206,10.2194,5.5343,-653.7029,102.1172,90.4537,0.0047368,-0.0211524,0.0709031,0.000000,0.000000,0.000000,0.00000,0.00000,0.000,0.000,0.000,0.000,0.000,-6.0000,0.0000,0.0000,6.0000,95.00,95.00,90.00,90.00,65535,65535,65535,1500,1,12,40.4365703,-86.8936880,157.800,0.350,0.000,0.000
31838,19473,18200,15183,0,0,-0.21428,-1.50356,9.86531,0.002131,-0.018109,-0.014914,-3.595,-2.394,-152.876,-58.6274,10.2909,5.5453,-659.1449,103.0024,90.7177,0.0052061,-0.0215228,0.0712468,0.000000,0.000000,0.000000,0.00000,0.00000,0.000,0.000,0.000,0.000,0.000,-6.0000,0.0000,0.0000,6.0000,95.00,95.00,90.00,90.00,65535,65535,65535,1500,1,12,40.4365703,-86.8936880,157.800,0.350,0.000,0.000
31889,25890,18269,15212,0,0,-0.25259,-1.34913,9.89883,-0.007457,-0.022371,-0.014914,-3.977,-2.127,-153.951,-58.9061,10.3706,5.5564,-665.6020,104.0541,91.0007,0.0055780,-0.0218461,0.0716886,0.000000,0.000000,0.000000,0.00000,0.00000,0.000,0.000,0.000,0.000,0.000,-6.0000,0.0000,0.0000,6.0000,95.00,95.00,90.00,90.00,65535,65535,65535,1500,1,12,40.4365713,-86.8936887,157.800,0.442,0.000,0.000
31939,25747,18285,15241,0,0,-0.30047,-1.38744,9.87010,-0.003196,-0.010653,-0.007457,-4.406,-1.807,-153.776,-58.7230,10.3622,5.5677,-666.6500,104.2585,91.2819,0.0059531,-0.0221404,0.0714579,0.000000,0.000000,0.000000,0.00000,0.00000,0.000,0.000,0.000,0.000,0.000,-6.0000,0.0000,0.0000,6.0000,95.00,95.00,90.00,90.00,65535,65535,65535,1500,1,12,40.4365713,-86.8936887,157.800,0.442,0.000,0.000
32014,43340,24807,15135,0,0,-0.31244,-1.31442,9.98023,-0.005326,-0.020240,-0.012783,-4.703,-1.680,-156.070,-59.4165,10.5248,5.5821,-679.0869,106.2726,91.6625,0.0062492,-0.0224222,0.0725067,0.000000,0.000000,0.000000,0.00000,0.00000,0.000,0.000,0.000,0.000,0.000,-6.0000,0.0000,0.0000,6.0000,95.00,95.00,90.00,90.00,65535,65535,65535,1500,1,12,40.4365720,-86.8936893,157.700,0.494,0.000,0.000
32054,31064,33423,30357,0,0,-0.14844,-1.54067,9.81503,0.005326,-0.015979,-0.014914,-4.927,-1.520,-155.553,-59.1544,10.4903,5.5886,-677.9277,106.1180,91.8375,0.0064432,-0.0225450,0.0721391,0.000000,0.000000,0.000000,0.00000,0.00000,0.000,0.000,0.000,0.000,0.000,-6.0000,0.0000,0.0000,6.0000,95.00,95.00,90.00,90.00,65535,65535,65535,1500,1,12,40.4365720,-86.8936893,157.700,0.494,0.000,0.000
32090,40276,29493,26496,0,0,-0.29449,-1.32519,9.96946,0.004261,-0.017044,-0.009587,-5.032,-1.461,-156.741,-59.5055,10.5735,5.5976,-684.6245,107.2101,92.0624,0.0065651,-0.0226809,0.0726728,0.000000,0.000000,0.000000,0.00000,0.00000,0.000,0.000,0.000,0.000,0.000,-6.0000,0.0000,0.0000,6.0000,95.00,95.00,90.00,90.00,65535,65535,65535,1500,1,12,40.4365720,-86.8936897,157.600,0.293,0.000,0.000
32145,29464,19119,15339,0,0,-0.29449,-1.28329,9.93115,0.002131,-0.015979,-0.009587,-5.320,-1.278,-157.629,-59.6919,10.6303,5.6101,-690.9216,108.2628,92.4286,0.0068288,-0.0229207,0.0729740,0.000000,0.000000,0.000000,0.00000,0.00000,0.000,0.000,0.000,0.000,0.000,-6.0000,0.0000,0.0000,6.0000,95.00,95.00,90.00,90.00,65535,65535,65535,1500,1,12,40.4365720,-86.8936897,157.600,0.293,0.000,0.000
32196,25943,18236,15210,0,0,-0.24541,-1.44251,9.91918,0.004261,-0.010653,-0.008522,-5.651,-1.019,-157.323,-59.4672,10.5986,5.6268,-691.4373,108.3892,92.7224,0.0071108,-0.0231447,0.0726651,0.000000,0.000000,0.000000,0.00000,0.00000,0.000,0.000,0.000,0.000,0.000,-6.0000,0.0000,0.0000,6.0000,95.00,95.00,90.00,90.00,65535,65535,65535,1500,1,10,40.4365720,-86.8936897,157.700,0.180,0.000,0.000
32250,25977,18241,15198,0,0,-0.18675,-1.52032,9.81862,-0.003196,-0.015979,-0.010653,-5.972,-0.785,-157.022,-59.2424,10.5654,5.6382,-692.0339,108.5318,93.0298,0.0073678,-0.0233455,0.0723517,0.000000,0.000000,0.000000,0.00000,0.00000,0.000,0.000,0.000,0.000,0.000,-6.0000,0.0000,0.0000,6.0000,95.00,95.00,90.00,90.00,65535,65535,65535,1500,1,10,40.4365720,-86.8936897,157.700,0.180,0.000,0.000
32294,19661,18193,15176,0,0,-0.22027,-1.42694,9.90840,-0.009587,-0.015979,-0.012783,-6.180,-0.675,-158.170,-59.5650,10.6313,5.6456,-698.7099,109.6238,93.2808,0.0075490,-0.0235353,0.0728440,0.000000,0.000000,0.000000,0.00000,0.00000,0.000,0.000,0.000,0.000,0.000,-6.0000,0.0000,0.0000,6.0000,95.00,95.00,90.00,90.00,65535,65535,65535,1500,1,9,40.4365722,-86.8936892,157.600,0.180,0.000,0.000
32345,30859,18282,15235,0,0,-0.25618,-1.39343,9.89284,0.004261,-0.007457,-0.009587,-6.402,-0.482,-158.207,-59.4756,10.6189,5.6570,-700.6763,109.9802,93.5649,0.0077388,-0.0237060,0.0727263,0.000000,0.000000,0.000000,0.00000,0.00000,0.000,0.000,0.000,0.000,0.000,-6.0000,0.0000,0.0000,6.0000,95.00,95.00,90.00,90.00,65535,65535,65535,1500,1,9,40.4365722,-86.8936892,157.600,0.180,0.000,0.000
32395,26006,18212,15202,0,0,-0.19992,-1.43054,9.85214,0.003196,-0.015979,-0.010653,-6.632,-0.266,-157.751,-59.2083,10.5713,5.6693,-700.4524,109.9916,93.8554,0.0079224,-0.0238674,0.0723404,0.000000,0.000000,0.000000,0.00000,0.00000,0.000,0.000,0.000,0.000,0.000,-6.0000,0.0000,0.0000,6.0000,95.00,95.00,90.00,90.00,65535,65535,65535,1500,1,9,40.4365720,-86.8936890,157.600,0.180,0.000,0.000
32455,34841,24183,15320,0,0,-0.20111,-1.40181,9.81862,0.002131,-0.018109,-0.011718,-6.776,-0.168,-158.136,-59.2432,10.5828,5.6784,-704.1412,110.6297,94.1624,0.0080351,-0.0239849,0.0724017,0.000000,0.000000,0.000000,0.00000,0.00000,0.000,0.000,0.000,0.000,0.000,-6.0000,0.0000,0.0000,6.0000,95.00,95.00,90.00,90.00,65535,65535,65535,1500,1,9,40.4365720,-86.8936873,157.600,0.314,0.000,0.000
32499,24746,18092,15106,0,0,-0.30167,-1.44610,9.79707,-0.008522,-0.015979,-0.011718,-6.944,-0.004,-157.993,-59.0974,10.5565,5.6893,-705.3135,110.8636,94.4483,0.0081608,-0.0241090,0.0721915,0.000000,0.000000,0.000000,0.00000,0.00000,0.000,0.000,0.000,0.000,0.000,-6.0000,0.0000,0.0000,6.0000,95.00,95.00,90.00,90.00,65535,65535,65535,1500,1,9,40.4365720,-86.8936873,157.600,0.314,0.000,0.000
32538,23904,33300,30307,0,0,-0.23463,-1.40899,9.83897,0.001065,-0.015979,-0.011718,-7.011,0.044,-158.157,-59.1099,10.5599,5.6929,-706.9042,111.1389,94.5845,0.0082127,-0.0241648,0.0722140,0.000000,0.000000,0.000000,0.00000,0.00000,0.000,0.000,0.000,0.000,0.000,-6.0000,0.0000,0.0000,6.0000,95.00,95.00,90.00,90.00,65535,65535,65535,1500,1,9,40.4365720,-86.8936873,157.600,0.314,0.000,0.000
32603,38075,20133,17112,0,0,-0.09577,-1.50715,9.90721,0.005326,-0.009587,-0.010653,-7.189,0.281,-157.330,-58.6762,10.4818,5.7098,-706.0209,111.0795,95.0334,0.0083373,-0.0242710,0.0715671,0.000000,0.000000,0.000000,0.00000,0.00000,0.000,0.000,0.000,0.000,0.000,-6.0000,0.0000,0.0000,6.0000,95.00,95.00,90.00,90.00,65535,65535,65535,1500,1,9,40.4365722,-86.8936870,157.600,0.329,0.000,0.000
32634,20823,29772,21785,0,0,-0.32322,-1.44370,9.84496,-0.005326,-0.014914,-0.010653,-7.262,0.310,-157.732,-58.7786,10.5024,5.7126,-708.5729,111.5032,95.1520,0.0083884,-0.0243336,0.0717253,0.000000,0.000000,0.000000,0.00000,0.00000,0.000,0.000,0.000,0.000,0.000,-6.0000,0.0000,0.0000,6.0000,95.00,95.00,90.00,90.00,65535,65535,65535,1500,1,9,40.4365722,-86.8936870,157.600,0.329,0.000,0.000
32685,22869,18198,15164,0,0,-0.24541,-1.35632,9.82341,-0.002131,-0.011718,-0.009587,-7.392,0.629,-155.811,-57.9996,10.3459,5.7296,-702.1733,110.5500,95.5194,0.0084829,-0.0244014,0.0705407,0.000000,0.000000,0.000000,0.00000,0.00000,0.000,0.000,0.000,0.000,0.000,-6.0000,0.0000,0.0000,6.0000,95.00,95.00,90.00,90.00,65535,65535,65535,1500,1,9,40.4365730,-86.8936852,157.600,0.624,0.241,0.000
32735,30324,18285,15209,0,0,-0.07063,-1.57060,9.91918,0.003196,-0.013848,-0.010653,-7.490,0.855,-154.599,-57.4958,10.2408,5.7451,-698.4261,110.0001,95.8072,0.0085640,-0.0244719,0.0697693,0.000000,0.000000,0.000000,0.00000,0.00000,0.000,0.000,0.000,0.000,0.000,-6.0000,0.0000,0.0000,6.0000,95.00,95.00,90.00,90.00,65535,65535,65535,1500,1,9,40.4365730,-86.8936852,157.600,0.624,0.241,0.000
32786,26055,18307,15245,0,0,-0.27054,-1.40659,9.82700,-0.004261,-0.020240,-0.014914,-7.574,0.972,-154.225,-57.2790,10.1959,5.7516,-698.5253,110.0651,96.1036,0.0086173,-0.0245272,0.0694393,0.000000,0.000000,0.000000,0.00000,0.00000,0.000,0.000,0.000,0.000,0.000,-6.0000,0.0000,0.0000,6.0000,95.00,95.00,90.00,90.00,65535,65535,65535,1500,1,9,40.4365738,-86.8936843,157.400,0.561,0.530,0.000
32836,25679,18263,15227,0,0,-0.34117,-1.34195,9.88207,0.000000,-0.011718,-0.012783,-7.639,1.143,-153.329,-56.8877,10.1134,5.7631,-696.2152,109.7438,96.3955,0.0086692,-0.0245704,0.0688395,0.000000,0.000000,0.000000,0.00000,0.00000,0.000,0.000,0.000,0.000,0.000,-6.0000,0.0000,0.0000,6.0000,95.00,95.00,90.00,90.00,65535,65535,65535,1500,1,9,40.4365738,-86.8936843,157.400,0.561,0.530,0.000
32891,20840,18223,15202,0,0,-0.29688,-1.40779,9.86052,0.005326,-0.011718,-0.009587,-7.692,1.483,-150.715,-55.9085,9.9034,5.7811,-686.2218,108.1972,96.7221,0.0087318,-0.0245939,0.0673237,0.000000,0.000000,0.000000,0.00000,0.00000,0.000,0.000,0.000,0.000,0.000,-6.0000,0.0000,0.0000,6.0000,95.00,95.00,90.00,90.00,65535,65535,65535,1500,1,9,40.4365742,-86.8936837,157.400,0.459,0.601,0.000
32935,24334,18211,15156,0,0,-0.13886,-1.58855,9.92756,0.000000,-0.018109,-0.011718,-7.725,1.911,-147.174,-54.6364,9.6257,5.7991,-671.5096,105.8784,96.9857,0.0088035,-0.0246123,0.0653499,0.000000,0.000000,0.000000,0.00000,0.00000,0.000,0.000,0.000,0.000,0.000,-6.0000,0.0000,0.0000,6.0000,95.00,95.00,90.00,90.00,65535,65535,65535,1500,1,9,40.4365742,-86.8936837,157.400,0.459,0.601,0.000
32986,26092,18231,15194,0,0,-0.23822,-1.43532,9.86411,-0.008522,-0.018109,-0.012783,-7.729,2.090,-145.646,-54.0449,9.4949,5.8108,-666.2714,105.0832,97.2884,0.0088172,-0.0245957,0.0644276,0.000000,0.000000,0.000000,0.00000,0.00000,0.000,0.000,0.000,0.000,0.000,-6.0000,0.0000,0.0000,6.0000,95.00,95.00,90.00,90.00,65535,65535,65535,1500,1,9,40.4365740,-86.8936825,157.400,0.330,0.605,0.000
33066,39956,33365,30319,0,0,-0.19872,-1.41856,9.88446,-0.008522,-0.018109,-0.012783,-7.698,2.546,-141.603,-52.5958,9.1693,5.8314,-649.8689,102.5004,97.6773,0.0088587,-0.0245740,0.0621565,0.000000,0.000000,0.000000,0.00000,0.00000,0.000,0.000,0.000,0.000,0.000,-6.0000,0.0000,0.0000,6.0000,95.00,95.00,90.00,90.00,65535,65535,65535,1500,1,9,40.4365740,-86.8936820,157.400,0.250,0.592,0.000
33111,48564,30069,27102,0,0,-0.26576,-1.35632,9.84496,-0.001065,-0.006392,-0.009587,-7.683,2.700,-140.403,-52.1315,9.0606,5.8411,-645.9716,101.9096,97.9655,0.0088561,-0.0245506,0.0614215,0.000000,0.000000,0.000000,0.00000,0.00000,0.000,0.000,0.000,0.000,0.000,-6.0000,0.0000,0.0000,6.0000,95.00,95.00,90.00,90.00,65535,65535,65535,1500,1,9,40.4365740,-86.8936820,157.400,0.250,0.592,0.000
33134,35834,17886,14836,0,0,-0.24301,-1.56222,9.89524,0.000000,-0.015979,-0.010653,-7.609,3.082,-137.005,-50.9550,8.7906,5.8568,-631.4800,99.5988,98.1876,0.0088936,-0.0245472,0.0595637,0.000000,0.000000,0.000000,0.00000,0.00000,0.000,0.000,0.000,0.000,0.000,-6.0000,0.0000,0.0000,6.0000,95.00,95.00,90.00,90.00,65535,65535,65535,1500,1,9,40.4365740,-86.8936820,157.400,0.250,0.592,0.000
33187,33870,18219,15205,0,0,-0.30287,-1.47483,9.95749,-0.002131,-0.019175,-0.013848,-7.405,3.593,-131.759,-49.1497,8.3725,5.8813,-608.9514,95.9999,98.5127,0.0089014,-0.0244812,0.0567131,0.000000,0.000000,0.000000,0.00000,0.00000,0.000,0.000,0.000,0.000,0.000,-6.0000,0.0000,0.0000,6.0000,95.00,95.00,90.00,90.00,65535,65535,65535,1500,1,9,40.4365740,-86.8936815,157.400,0.143,0.558,0.000
33238,26258,18286,15229,0,0,-0.28850,-1.51792,9.89164,-0.002131,-0.017044,-0.013848,-6.995,4.333,-123.752,-46.4489,7.7361,5.9075,-573.5446,90.3087,98.8418,0.0089175,-0.0243933,0.0524379,0.000000,0.000000,0.000000,0.00000,0.00000,0.000,0.000,0.000,0.000,0.000,-6.0000,0.0000,0.0000,6.0000,95.00,95.00,90.00,90.00,65535,65535,65535,1500,1,9,40.4365740,-86.8936815,157.400,0.143,0.558,0.000
33299,30106,24132,15280,0,0,-0.43574,-1.61489,10.02093,0.001065,-0.017044,-0.012783,-6.364,5.197,-113.664,-43.0857,6.9273,5.9445,-528.5588,83.0444,99.2080,0.0089711,-0.0243206,0.0470953,0.000000,0.000000,0.000000,0.00000,0.00000,0.000,0.000,0.000,0.000,0.000,-6.0000,0.0000,0.0000,6.0000,95.00,95.00,90.00,90.00,65535,65535,65535,1500,1,9,40.4365733,-86.8936805,157.000,-0.063,0.666,0.000
33343,19646,18200,15148,0,0,-0.27294,-1.46286,9.90122,-0.001065,-0.019175,-0.015979,-5.117,6.221,-98.465,-38.0825,5.7044,5.9766,-459.7650,71.9003,99.5665,0.0090079,-0.0241868,0.0391487,0.000000,0.000000,0.000000,0.00000,0.00000,0.000,0.000,0.000,0.000,0.000,-6.0000,0.0000,0.0000,6.0000,95.00,95.00,90.00,90.00,65535,65535,65535,1500,1,9,40.4365733,-86.8936805,157.000,-0.063,0.666,0.000
33394,25950,18218,15183,0,0,-0.38307,-1.68312,9.98502,-0.007457,-0.012783,-0.012783,-3.020,7.230,-76.415,-30.8978,3.9109,6.0266,-359.2822,55.5574,99.9621,0.0091618,-0.0241691,0.0277193,0.000000,0.000000,0.000000,0.00000,0.00000,0.000,0.000,0.000,0.000,0.000,-6.0000,0.0000,0.0000,6.0000,95.00,95.00,90.00,90.00,65535,65535,65535,1500,1,9,40.4365735,-86.8936803,156.900,-0.144,0.632,0.000
33444,25761,18238,15214,0,0,-0.17119,-1.74058,9.97065,-0.011718,-0.007457,-0.011718,0.361,7.264,-44.082,-20.4076,1.2409,6.0900,-211.0385,31.3734,100.3991,0.0094377,-0.0242702,0.0110624,0.000000,0.000000,0.000000,0.00000,0.00000,0.000,0.000,0.000,0.000,0.000,-6.0000,0.0000,0.0000,6.0000,95.00,95.00,90.00,90.00,65535,65535,65535,1500,1,9,40.4365735,-86.8936803,156.900,-0.144,0.632,0.000
33500,29712,19077,15284,0,0,-0.45011,-1.21266,9.84855,0.008522,-0.015979,-0.010653,2.970,5.841,-13.734,-10.5248,-1.3286,6.1409,-70.9739,8.3922,100.8630,0.0098625,-0.0245587,-0.0045747,0.000000,0.000000,0.000000,0.00000,0.00000,0.000,0.000,0.000,0.000,0.000,-6.0000,0.0000,0.0000,6.0000,95.00,95.00,90.00,90.00,65535,65535,65535,1500,1,9,40.4365742,-86.8936792,156.800,-0.068,0.758,0.000
33539,25177,33216,30206,0,0,-0.09936,-1.72263,9.91199,-0.005326,-0.015979,-0.012783,4.076,4.313,6.542,-3.8600,-3.0671,6.1740,23.6801,-7.1612,101.1060,0.0102263,-0.0248271,-0.0150683,0.000000,0.000000,0.000000,0.00000,0.00000,0.000,0.000,0.000,0.000,0.000,-6.0000,0.0000,0.0000,6.0000,95.00,95.00,90.00,90.00,65535,65535,65535,1500,1,9,40.4365742,-86.8936792,156.800,-0.068,0.758,0.000
33598,34318,20566,15343,0,0,0.15682,-1.82199,9.73243,-0.005326,-0.018109,-0.006392,4.248,0.788,47.091,9.6342,-6.5707,6.2300,214.6014,-38.7495,101.7280,0.0111332,-0.0255204,-0.0360991,0.000000,0.000000,0.000000,0.00000,0.00000,0.000,0.000,0.000,0.000,0.000,-6.0000,0.0000,0.0000,6.0000,95.00,95.00,90.00,90.00,65535,65535,65535,1500,1,9,40.4365748,-86.8936798,156.800,-0.047,0.652,0.000
33649,26460,18237,15193,0,0,-0.56264,-1.23661,9.81024,0.000000,-0.006392,-0.009587,3.168,-0.041,63.467,15.0931,-8.0056,6.2593,292.1295,-51.8134,102.1357,0.0119204,-0.0262287,-0.0445282,0.000000,0.000000,0.000000,0.00000,0.00000,0.000,0.000,0.000,0.000,0.000,-6.0000,0.0000,0.0000,6.0000,95.00,95.00,90.00,90.00,65535,65535,65535,1500,1,9,40.4365753,-86.8936813,156.800,-0.066,0.495,0.000
33703,29748,18121,15158,0,0,-0.07183,-1.50116,9.87967,0.006392,-0.020240,-0.010653,1.719,-0.924,85.338,22.3665,-9.8094,6.2981,395.8043,-69.2192,102.5769,0.0126862,-0.0269180,-0.0557534,0.000000,0.000000,0.000000,0.00000,0.00000,0.000,0.000,0.000,0.000,0.000,-6.0000,0.0000,0.0000,6.0000,95.00,95.00,90.00,90.00,65535,65535,65535,1500,1,9,40.4365753,-86.8936813,156.800,-0.066,0.495,0.000
33746,19660,18168,15171,0,0,-0.28491,-1.25576,9.88207,-0.005326,-0.006392,-0.012783,0.455,-1.019,100.079,27.2441,-10.9925,6.3269,465.9065,-81.0839,102.9208,0.0133358,-0.0275248,-0.0632723,0.000000,0.000000,0.000000,0.00000,0.00000,0.000,0.000,0.000,0.000,0.000,-6.0000,0.0000,0.0000,6.0000,95.00,95.00,90.00,90.00,65535,65535,65535,1500,1,9,40.4365755,-86.8936820,156.800,-0.045,0.342,0.000
33798,26079,18295,15233,0,0,-0.49799,-1.11211,9.60673,0.003196,-0.021305,-0.012783,-0.302,-0.757,106.362,29.3091,-11.4939,6.3333,496.3262,-86.4770,103.2735,0.0137960,-0.0279684,-0.0664136,0.000000,0.000000,0.000000,0.00000,0.00000,0.000,0.000,0.000,0.000,0.000,-6.0000,0.0000,0.0000,6.0000,95.00,95.00,90.00,90.00,65535,65535,65535,1500,1,9,40.4365755,-86.8936820,156.500,-0.045,0.342,0.000
33847,24949,18268,15201,0,0,-0.08380,-1.88783,10.07001,0.001065,-0.008522,-0.013848,-1.703,-0.364,128.493,36.5693,-13.1486,6.3896,601.9856,-104.2930,103.6930,0.0144256,-0.0285888,-0.0776847,0.000000,0.000000,0.000000,0.00000,0.00000,0.000,0.000,0.000,0.000,0.000,-6.0000,0.0000,0.0000,6.0000,95.00,95.00,90.00,90.00,65535,65535,65535,1500,1,9,40.4365755,-86.8936820,156.500,-0.045,0.342,0.000
33898,25930,18274,15232,0,0,-0.54827,-1.08218,9.67856,0.005326,-0.014914,-0.003196,-2.144,0.017,129.708,36.9482,-13.2345,6.3893,608.8033,-105.8228,104.0262,0.0147856,-0.0289391,-0.0782080,0.000000,0.000000,0.000000,0.00000,0.00000,0.000,0.000,0.000,0.000,0.000,-6.0000,0.0000,0.0000,6.0000,95.00,95.00,90.00,90.00,65535,65535,65535,1500,1,9,40.4365763,-86.8936845,156.500,-0.015,0.112,0.000
33951,24697,18170,15168,0,0,0.01915,-1.65798,9.88925,0.010653,-0.006392,-0.010653,-2.650,0.483,139.014,39.9310,-13.8895,6.4143,654.0255,-113.7098,104.4101,0.0151099,-0.0292525,-0.0828548,0.000000,0.000000,0.000000,0.00000,0.00000,0.000,0.000,0.000,0.000,0.000,-6.0000,0.0000,0.0000,6.0000,95.00,95.00,90.00,90.00,65535,65535,65535,1500,1,9,40.4365767,-86.8936850,156.500,-0.020,0.148,0.000
33982,24351,24823,21811,0,0,-0.28132,-1.33357,9.68455,0.010653,-0.029827,-0.021305,-2.877,0.714,143.451,41.3503,-14.1980,6.4210,675.6938,-117.4884,104.5882,0.0152745,-0.0294068,-0.0850738,0.000000,0.000000,0.000000,0.00000,0.00000,0.000,0.000,0.000,0.000,0.000,-6.0000,0.0000,0.0000,6.0000,95.00,95.00,90.00,90.00,65535,65535,65535,1500,1,9,40.4365767,-86.8936850,156.500,-0.020,0.148,0.000
34049,34207,27049,19019,0,0,-0.33758,-1.14203,9.92756,-0.001065,-0.009587,-0.012783,-3.259,1.210,151.774,43.9718,-14.7517,6.4402,716.8438,-124.8139,105.0492,0.0155596,-0.0296652,-0.0891794,0.000000,0.000000,0.000000,0.00000,0.00000,0.000,0.000,0.000,0.000,0.000,-6.0000,0.0000,0.0000,6.0000,95.00,95.00,90.00,90.00,65535,65535,65535,1500,1,9,40.4365767,-86.8936850,156.500,-0.020,0.148,0.000
34090,33889,33339,30342,0,0,-0.37589,-1.00796,9.56843,0.003196,-0.017044,-0.023436,-3.378,1.388,153.928,44.6308,-14.8883,6.4378,728.0181,-126.9289,105.2779,0.0156531,-0.0297571,-0.0902108,0.000000,0.000000,0.000000,0.00000,0.00000,0.000,0.000,0.000,0.000,0.000,-6.0000,0.0000,0.0000,6.0000,95.00,95.00,90.00,90.00,65535,65535,65535,1500,1,9,40.4365773,-86.8936858,156.400,-0.020,0.148,0.000
34161,41301,23913,15353,0,0,-0.45729,-1.30963,10.07839,0.000000,-0.001065,-0.008522,-3.589,2.013,164.424,47.8698,-15.5627,6.4797,780.0914,-136.2021,105.8526,0.0158435,-0.0299702,-0.0953536,0.000000,0.000000,0.000000,0.00000,0.00000,0.000,0.000,0.000,0.000,0.000,-6.0000,0.0000,0.0000,6.0000,95.00,95.00,90.00,90.00,65535,65535,65535,1500,1,9,40.4365773,-86.8936858,156.400,-0.020,0.148,0.000
34187,30705,18724,15677,0,0,-0.05028,-2.03507,9.76236,0.007457,-0.021305,-0.014914,-3.582,2.624,176.826,51.7535,-16.3903,6.5013,840.2671,-146.4578,106.1157,0.0160260,-0.0301913,-0.1015736,0.000000,0.000000,0.000000,0.00000,0.00000,0.000,0.000,0.000,0.000,0.000,-6.0000,0.0000,0.0000,6.0000,95.00,95.00,90.00,90.00,65535,65535,65535,1500,1,9,40.4365778,-86.8936852,156.400,-0.043,0.321,0.000
34237,25839,18174,15133,0,0,-0.37469,-1.66158,9.87129,0.007457,-0.030893,-0.019175,-3.434,3.444,-165.950,57.0813,-17.5399,6.5318,924.2311,-160.8596,106.5383,0.0163318,-0.0305167,-0.1101601,0.000000,0.000000,0.000000,0.00000,0.00000,0.000,0.000,0.000,0.000,0.000,-6.0000,0.0000,0.0000,6.0000,95.00,95.00,90.00,90.00,65535,65535,65535,1500,1,9,40.4365778,-86.8936852,156.300,-0.043,0.321,0.000
34289,27679,18223,15183,0,0,0.00359,-1.34434,9.66300,-0.018109,-0.002131,-0.006392,-2.824,4.069,-147.255,62.7919,-18.8095,6.5603,1015.1691,-176.4370,106.9746,0.0163963,-0.0306715,-0.1194284,0.000000,0.000000,0.000000,0.00000,0.00000,0.000,0.000,0.000,0.000,0.000,-6.0000,0.0000,0.0000,6.0000,95.00,95.00,90.00,90.00,65535,65535,65535,1500,1,9,40.4365782,-86.8936855,156.400,-0.050,0.377,0.000
34339,25596,18191,15180,0,0,-0.45969,-1.23780,9.81383,0.018109,-0.023436,-0.014914,-2.160,4.449,-130.978,67.7200,-19.9230,6.5895,1094.7773,-190.1458,107.3877,0.0165095,-0.0308774,-0.1274588,0.000000,0.000000,0.000000,0.00000,0.00000,0.000,0.000,0.000,0.000,0.000,-6.0000,0.0000,0.0000,6.0000,95.00,95.00,90.00,90.00,65535,65535,65535,1500,1,9,40.4365782,-86.8936855,156.400,-0.050,0.377,0.000
34391,23076,18159,15143,0,0,-0.51116,-1.40181,10.02452,-0.008522,0.010653,-0.011718,-1.480,4.693,-113.971,72.8341,-21.1031,6.6123,1178.2671,-204.5562,107.8209,0.0166706,-0.0311276,-0.1358284,0.000000,0.000000,0.000000,0.00000,0.00000,0.000,0.000,0.000,0.000,0.000,-6.0000,0.0000,0.0000,6.0000,95.00,95.00,90.00,90.00,65535,65535,65535,1500,1,9,40.4365787,-86.8936853,156.400,-0.048,0.362,0.000
34441,25881,18192,15182,0,0,-0.04429,-1.67235,9.61751,-0.004261,-0.036219,-0.019175,-0.183,4.454,-85.074,81.5843,-23.1886,6.6466,1319.2344,-228.6026,108.3082,0.0169066,-0.0315051,-0.1501593,0.000000,0.000000,0.000000,0.00000,0.00000,0.000,0.000,0.000,0.000,0.000,-6.0000,0.0000,0.0000,6.0000,95.00,95.00,90.00,90.00,65535,65535,65535,1500,1,9,40.4365787,-86.8936853,156.400,-0.048,0.362,0.000
34492,25908,18245,15198,0,0,0.21308,-1.30005,10.54047,-0.024501,0.000000,0.002131,0.485,4.038,-65.121,87.5618,-24.6582,6.6828,1417.4523,-245.5565,108.7546,0.0171156,-0.0318049,-0.1599451,0.000000,0.000000,0.000000,0.00000,0.00000,0.000,0.000,0.000,0.000,0.000,-6.0000,0.0000,0.0000,6.0000,95.00,95.00,90.00,90.00,65535,65535,65535,1500,1,9,40.4365793,-86.8936857,156.300,-0.053,0.398,0.000
34559,39172,26687,18669,0,0,-0.29688,-1.34913,10.40400,0.017044,0.007457,-0.011718,1.186,3.295,-38.638,95.5408,-26.6505,6.7336,1548.1199,-268.0768,109.2887,0.0173221,-0.0323036,-0.1729649,0.000000,0.000000,0.000000,0.00000,0.00000,0.000,0.000,0.000,0.000,0.000,-6.0000,0.0000,0.0000,6.0000,95.00,95.00,90.00,90.00,65535,65535,65535,1500,1,9,40.4365793,-86.8936857,156.300,-0.053,0.398,0.000
34594,36847,24241,16369,0,0,-0.81642,-1.14563,9.81264,-0.002131,-0.033023,-0.005326,1.111,3.173,-31.519,97.5985,-27.1979,6.7424,1584.4336,-274.5863,109.5753,0.0175427,-0.0325820,-0.1763536,0.000000,0.000000,0.000000,0.00000,0.00000,0.000,0.000,0.000,0.000,0.000,-6.0000,0.0000,0.0000,6.0000,95.00,95.00,90.00,90.00,65535,65535,65535,1500,1,9,40.4365793,-86.8936857,156.300,-0.053,0.398,0.000
34644,26033,18194,15151,0,0,-0.35554,-1.56701,9.77792,0.024501,0.015979,-0.006392,1.311,2.316,-0.815,106.9507,-29.5659,6.7668,1736.7415,-300.8394,110.1259,0.0178341,-0.0333894,-0.1914897,0.000000,0.000000,0.000000,0.00000,0.00000,0.000,0.000,0.000,0.000,0.000,-6.0000,0.0000,0.0000,6.0000,95.00,95.00,90.00,90.00,65535,65535,65535,1500,1,9,40.4365797,-86.8936847,156.300,-0.033,0.245,0.000
34695,25842,18167,15154,0,0,0.77213,-2.65038,10.10114,0.017044,0.028762,-0.036219,1.061,1.046,39.281,119.4240,-32.6261,6.8152,1936.5072,-335.0782,110.6933,0.0179467,-0.0343486,-0.2114773,0.000000,0.000000,0.000000,0.00000,0.00000,0.000,0.000,0.000,0.000,0.000,-6.0000,0.0000,0.0000,6.0000,95.00,95.00,90.00,90.00,65535,65535,65535,1500,1,9,40.4365797,-86.8936847,156.200,-0.033,0.245,0.000
34745,25918,18263,15230,0,0,-1.10014,-1.70587,10.77510,-0.026632,0.001065,0.013848,0.257,1.052,53.911,123.8086,-33.7239,6.8461,2010.6667,-348.2388,111.1144,0.0182392,-0.0350219,-0.2184600,0.000000,0.000000,0.000000,0.00000,0.00000,0.000,0.000,0.000,0.000,0.000,-6.0000,0.0000,0.0000,6.0000,95.00,95.00,90.00,90.00,65535,65535,65535,1500,1,9,40.4365800,-86.8936848,156.200,-0.028,0.209,0.000
34804,30358,21243,15341,0,0,-0.24421,-0.96965,10.13466,-0.067112,0.058590,-0.025566,-0.350,0.964,73.426,129.7193,-35.1124,6.8652,2109.5359,-365.6447,111.5996,0.0182456,-0.0355511,-0.2278652,0.000000,0.000000,0.000000,0.00000,0.00000,0.000,0.000,0.000,0.000,0.000,-6.0000,0.0000,0.0000,6.0000,95.00,95.00,90.00,90.00,65535,65535,65535,1500,1,10,40.4365800,-86.8936848,156.100,-0.028,0.209,0.000
34848,19821,18146,15143,0,0,-0.26097,-1.82678,9.89045,-0.023436,-0.012783,-0.031958,-1.269,1.143,107.836,140.3708,-37.5479,6.9072,2282.0264,-395.4273,112.1156,0.0182333,-0.0366764,-0.2448257,0.000000,0.000000,0.000000,0.00000,0.00000,0.000,0.000,0.000,0.000,0.000,-6.0000,0.0000,0.0000,6.0000,95.00,95.00,90.00,90.00,65535,65535,65535,1500,1,10,40.4365793,-86.8936835,156.100,-0.038,0.286,0.000
34899,26043,18258,15218,0,0,-0.20710,-1.81840,9.86291,-0.043676,0.043676,0.009587,-1.908,1.808,141.036,150.5261,-39.7857,6.9441,2448.7305,-424.3358,112.6513,0.0181535,-0.0377611,-0.2610458,0.000000,0.000000,0.000000,0.00000,0.00000,0.000,0.000,0.000,0.000,0.000,-6.0000,0.0000,0.0000,6.0000,95.00,95.00,90.00,90.00,65535,65535,65535,1500,1,10,40.4365793,-86.8936835,156.000,-0.038,0.286,0.000
34949,26388,18230,15207,0,0,0.19034,-2.08415,10.23641,-0.010653,0.059655,-0.009587,-1.996,2.564,172.248,159.9389,-41.8281,6.9995,2606.0186,-451.6865,113.1762,0.0178943,-0.0386977,-0.2762215,0.000000,0.000000,0.000000,0.00000,0.00000,0.000,0.000,0.000,0.000,0.000,-6.0000,0.0000,0.0000,6.0000,95.00,95.00,90.00,90.00,65535,65535,65535,1500,1,10,40.4365792,-86.8936833,156.000,-0.046,0.347,0.000
35005,29584,19049,15261,0,0,0.25857,-1.89381,10.76194,-0.021305,0.116114,-0.039415,-1.472,3.313,-149.395,171.4000,-44.3632,7.0617,2799.4446,-485.2502,113.7694,0.0173563,-0.0397314,-0.2949026,0.000000,0.000000,0.000000,0.00000,0.00000,0.000,0.000,0.000,0.000,0.000,-6.0000,0.0000,0.0000,6.0000,95.00,95.00,90.00,90.00,65535,65535,65535,1500,1,10,40.4365792,-86.8936833,155.900,-0.046,0.347,0.000
35044,19931,33388,30352,0,0,-0.29688,-1.36709,11.17733,0.068177,0.117179,-0.046872,-1.194,3.562,-136.271,175.2958,-45.2430,7.0962,2865.9006,-496.8172,113.9823,0.0171734,-0.0401371,-0.3012719,0.000000,0.000000,0.000000,0.00000,0.00000,0.000,0.000,0.000,0.000,0.000,-6.0000,0.0000,0.0000,6.0000,95.00,95.00,90.00,90.00,65535,65535,65535,1500,1,10,40.4365792,-86.8936833,155.900,-0.046,0.347,0.000
35102,34338,20516,15330,0,0,0.26695,-1.39821,11.23958,0.072438,0.075634,-0.045806,-0.165,3.952,-101.204,185.5142,-47.6335,7.1971,3046.6106,-528.6541,114.7122,0.0166038,-0.0410903,-0.3181222,0.000000,0.000000,0.000000,0.00000,0.00000,0.000,0.000,0.000,0.000,0.000,-6.0000,0.0000,0.0000,6.0000,95.00,95.00,90.00,90.00,65535,65535,65535,1500,1,10,40.4365787,-86.8936833,155.900,-0.051,0.382,0.000
35141,26714,32756,29763,0,0,-0.09816,-1.37547,11.23240,0.010653,0.051133,-0.061785,0.068,3.887,-86.087,189.9504,-48.7016,7.2405,3124.1680,-542.2542,114.9874,0.0163494,-0.0415135,-0.3254184,0.000000,0.000000,0.000000,0.00000,0.00000,0.000,0.000,0.000,0.000,0.000,-6.0000,0.0000,0.0000,6.0000,95.00,95.00,90.00,90.00,65535,65535,65535,1500,1,10,40.4365787,-86.8936833,155.900,-0.051,0.382,0.000
35196,37983,17158,12804,0,0,-0.39624,-1.58496,11.73638,0.206661,-0.101200,-0.104396,0.774,3.259,-62.474,196.7871,-50.4639,7.3613,3250.6270,-564.9286,115.6327,0.0159460,-0.0420202,-0.3367270,0.000000,0.000000,0.000000,0.00000,0.00000,0.000,0.000,0.000,0.000,0.000,-6.0000,0.0000,0.0000,6.0000,95.00,95.00,90.00,90.00,65535,65535,65535,1500,1,10,40.4365793,-86.8936840,155.900,-0.030,0.224,0.000
35242,17749,18187,15206,0,0,-0.36751,-1.17196,10.98939,0.117179,-0.160855,-0.129962,0.825,2.834,-52.905,199.4973,-51.2118,7.4493,3304.1294,-574.8120,116.0164,0.0159304,-0.0423164,-0.3411790,0.000000,0.000000,0.000000,0.00000,0.00000,0.000,0.000,0.000,0.000,0.000,-6.0000,0.0000,0.0000,6.0000,95.00,95.00,90.00,90.00,65535,65535,65535,1500,1,10,40.4365793,-86.8936840,155.900,-0.030,0.224,0.000
35293,26512,18298,15240,0,0,-0.54348,-1.19710,11.36049,0.059655,-0.298274,-0.160855,0.637,2.231,-37.129,204.1013,-52.4075,7.5155,3389.8828,-590.3434,116.4841,0.0161356,-0.0429788,-0.3486740,0.000000,0.000000,0.000000,0.00000,0.00000,0.000,0.000,0.000,0.000,0.000,-6.0000,0.0000,0.0000,6.0000,95.00,95.00,90.00,90.00,65535,65535,65535,1500,1,10,40.4365792,-86.8936838,155.600,-0.033,0.245,0.000
35343,26119,18226,15188,0,0,0.37948,-1.51553,10.09036,0.037284,-0.345146,-0.156594,-0.279,0.865,-41.774,202.5504,-52.1029,7.5436,3375.0007,-588.7504,116.8441,0.0172556,-0.0422330,-0.3460936,0.000000,0.000000,0.000000,0.00000,0.00000,0.000,0.000,0.000,0.000,0.000,-6.0000,0.0000,0.0000,6.0000,95.00,95.00,90.00,90.00,65535,65535,65535,1500,1,10,40.4365792,-86.8936838,155.600,-0.033,0.245,0.000
35395,27172,18254,15198,0,0,0.05866,-1.38744,9.02255,0.009587,-0.350472,-0.147006,-1.098,-0.056,-49.023,200.1504,-51.5495,7.5273,3347.0828,-584.9384,117.1958,0.0183018,-0.0420822,-0.3422171,0.000000,0.000000,0.000000,0.00000,0.00000,0.000,0.000,0.000,0.000,0.000,-6.0000,0.0000,0.0000,6.0000,95.00,95.00,90.00,90.00,65535,65535,65535,1500,1,10,40.4365790,-86.8936818,155.600,-0.033,0.245,0.000
35455,29229,24962,15308,0,0,-0.46687,-1.52152,10.39084,-0.034088,-0.309992,-0.133158,-1.951,-1.237,-62.905,195.7019,-50.4573,7.5259,3286.1748,-575.4963,117.5254,0.0195021,-0.0417028,-0.3350585,0.000000,0.000000,0.000000,0.00000,0.00000,0.000,0.000,0.000,0.000,0.000,-6.0000,0.0000,0.0000,6.0000,95.00,95.00,90.00,90.00,65535,65535,65535,1500,1,10,40.4365790,-86.8936818,155.600,-0.033,0.245,0.000
35500,19727,18196,15154,0,0,0.96486,-1.42216,9.56484,-0.008522,-0.257794,-0.123571,-2.432,-2.525,-74.148,192.0629,-49.5358,7.5249,3237.2771,-568.0113,117.8512,0.0202600,-0.0412204,-0.3292050,0.000000,0.000000,0.000000,0.00000,0.00000,0.000,0.000,0.000,0.000,0.000,-6.0000,0.0000,0.0000,6.0000,95.00,95.00,90.00,90.00,65535,65535,65535,1500,1,10,40.4365793,-86.8936815,155.500,-0.070,0.530,0.000
35539,24361,33358,30351,0,0,-0.39744,-1.27970,10.05206,-0.024501,-0.213053,-0.113983,-2.682,-2.793,-79.558,190.3161,-49.0822,7.5339,3213.7161,-564.3947,118.0052,0.0206856,-0.0412457,-0.3263927,0.000000,0.000000,0.000000,0.00000,0.00000,0.000,0.000,0.000,0.000,0.000,-6.0000,0.0000,0.0000,6.0000,95.00,95.00,90.00,90.00,65535,65535,65535,1500,1,10,40.4365793,-86.8936815,155.500,-0.070,0.530,0.000
35604,38183,20563,17524,0,0,0.55186,-1.42814,9.29070,-0.022371,-0.092678,-0.072438,-3.268,-3.903,-94.052,185.5163,-47.8372,7.5094,3150.8142,-554.8857,118.5093,0.0216619,-0.0407471,-0.3187240,0.000000,0.000000,0.000000,0.00000,0.00000,0.000,0.000,0.000,0.000,0.000,-6.0000,0.0000,0.0000,6.0000,95.00,95.00,90.00,90.00,65535,65535,65535,1500,1,10,40.4365793,-86.8936815,155.500,-0.070,0.530,0.000
35635,26827,24658,21615,0,0,-0.21428,-1.22104,9.65582,-0.025566,-0.072438,-0.063916,-3.419,-3.942,-98.429,184.0742,-47.4422,7.5074,3132.2332,-552.1315,118.6861,0.0219924,-0.0408271,-0.3163905,0.000000,0.000000,0.000000,0.00000,0.00000,0.000,0.000,0.000,0.000,0.000,-6.0000,0.0000,0.0000,6.0000,95.00,95.00,90.00,90.00,65535,65535,65535,1500,1,10,40.4365793,-86.8936815,155.500,-0.070,0.530,0.000
35685,21020,18179,15143,0,0,-0.07542,-1.48560,10.11670,-0.014914,-0.011718,-0.045806,-3.711,-4.178,-106.983,181.2161,-46.6647,7.4870,3095.8069,-546.7602,119.0588,0.0226281,-0.0406984,-0.3117889,0.000000,0.000000,0.000000,0.00000,0.00000,0.000,0.000,0.000,0.000,0.000,-6.0000,0.0000,0.0000,6.0000,95.00,95.00,90.00,90.00,65535,65535,65535,1500,1,10,40.4365795,-86.8936813,155.500,-0.027,0.545,0.000
35735,25410,18265,15199,0,0,-0.31484,-1.11091,10.03769,0.014914,0.007457,-0.050067,-3.876,-3.869,-113.562,179.0354,-46.0426,7.4893,3068.6409,-542.8640,119.3937,0.0231689,-0.0409881,-0.3082193,0.000000,0.000000,0.000000,0.00000,0.00000,0.000,0.000,0.000,0.000,0.000,-6.0000,0.0000,0.0000,6.0000,95.00,95.00,90.00,90.00,65535,65535,65535,1500,1,10,40.4365795,-86.8936813,155.500,-0.027,0.545,0.000
35786,25981,18269,15232,0,0,0.38906,-1.54306,10.11909,-0.061785,0.056459,-0.029827,-4.396,-3.829,-119.109,177.1227,-45.4968,7.4941,3046.1501,-539.7632,119.7439,0.0236897,-0.0408662,-0.3051317,0.000000,0.000000,0.000000,0.00000,0.00000,0.000,0.000,0.000,0.000,0.000,-6.0000,0.0000,0.0000,6.0000,95.00,95.00,90.00,90.00,65535,65535,65535,1500,1,10,40.4365790,-86.8936828,155.300,-0.017,0.339,0.000
35836,25405,18239,15200,0,0,0.70868,-1.83396,9.35415,-0.047937,0.117179,0.000000,-4.887,-3.512,-122.819,175.7603,-45.0949,7.4781,3032.2854,-538.1210,120.0949,0.0241968,-0.0408080,-0.3029290,0.000000,0.000000,0.000000,0.00000,0.00000,0.000,0.000,0.000,0.000,0.000,-6.0000,0.0000,0.0000,6.0000,95.00,95.00,90.00,90.00,65535,65535,65535,1500,1,10,40.4365790,-86.8936828,155.300,-0.017,0.339,0.000
35896,29111,24163,15358,0,0,0.18435,-1.37188,9.55646,-0.060720,0.118244,0.014914,-5.276,-2.845,-124.660,174.9536,-44.8449,7.4723,3028.1702,-538.2175,120.4874,0.0245334,-0.0409492,-0.3015999,0.000000,0.000000,0.000000,0.00000,0.00000,0.000,0.000,0.000,0.000,0.000,-6.0000,0.0000,0.0000,6.0000,95.00,95.00,90.00,90.00,65535,65535,65535,1500,1,10,40.4365785,-86.8936843,155.200,-0.020,0.396,0.000
35940,19132,18229,15158,0,0,0.28252,-1.67355,9.66539,-0.064981,0.077764,0.009587,-5.798,-2.324,-124.351,174.7965,-44.7871,7.4648,3034.1021,-539.9796,120.8564,0.0248014,-0.0409870,-0.3013463,0.000000,0.000000,0.000000,0.00000,0.00000,0.000,0.000,0.000,0.000,0.000,-6.0000,0.0000,0.0000,6.0000,95.00,95.00,90.00,90.00,65535,65535,65535,1500,1,10,40.4365785,-86.8936843,155.200,-0.020,0.396,0.000
35991,26027,18250,15209,0,0,-0.20949,-1.42934,10.74398,-0.007457,0.035154,0.011718,-6.158,-1.837,-124.544,174.4862,-44.6777,7.4926,3037.6572,-541.3520,121.2346,0.0251032,-0.0411255,-0.3008310,0.000000,0.000000,0.000000,0.00000,0.00000,0.000,0.000,0.000,0.000,0.000,-6.0000,0.0000,0.0000,6.0000,95.00,95.00,90.00,90.00,65535,65535,65535,1500,1,10,40.4365785,-86.8936865,155.100,-0.024,0.483,0.000
36058,34330,26836,18937,0,0,-0.06464,-1.46046,10.26275,-0.030893,0.008522,0.009587,-6.610,-1.438,-122.773,174.7034,-44.7278,7.5154,3051.5825,-544.6331,121.6810,0.0253270,-0.0411466,-0.3012028,0.000000,0.000000,0.000000,0.00000,0.00000,0.000,0.000,0.000,0.000,0.000,-6.0000,0.0000,0.0000,6.0000,95.00,95.00,90.00,90.00,65535,65535,65535,1500,1,10,40.4365785,-86.8936865,155.100,-0.024,0.483,0.000
36095,33065,30474,27465,0,0,0.32561,-1.13006,10.12268,-0.052198,0.009587,0.014914,-6.756,-1.286,-122.060,174.7401,-44.7411,7.5279,3057.9980,-546.2220,121.9303,0.0253037,-0.0411297,-0.3012646,0.000000,0.000000,0.000000,0.00000,0.00000,0.000,0.000,0.000,0.000,0.000,-6.0000,0.0000,0.0000,6.0000,95.00,95.00,90.00,90.00,65535,65535,65535,1500,1,10,40.4365785,-86.8936865,155.100,-0.024,0.483,0.000
36143,20859,17508,14516,0,0,0.36392,-1.57898,9.66659,-0.022371,-0.012783,0.014914,-7.088,-1.001,-120.046,175.0087,-44.8214,7.5424,3073.2515,-549.7642,122.3971,0.0253689,-0.0411101,-0.3017130,0.000000,0.000000,0.000000,0.00000,0.00000,0.000,0.000,0.000,0.000,0.000,-6.0000,0.0000,0.0000,6.0000,95.00,95.00,90.00,90.00,65535,65535,65535,1500,1,10,40.4365785,-86.8936865,155.100,-0.024,0.483,0.000
36210,39807,26778,18831,0,0,0.03711,-1.70467,9.98143,-0.015979,-0.017044,0.005326,-7.445,-0.733,-116.944,175.6086,-44.9982,7.5429,3093.7170,-554.1742,122.8429,0.0254274,-0.0410329,-0.3027286,0.000000,0.000000,0.000000,0.00000,0.00000,0.000,0.000,0.000,0.000,0.000,-6.0000,0.0000,0.0000,6.0000,95.00,95.00,90.00,90.00,65535,65535,65535,1500,1,10,40.4365783,-86.8936885,0.000,0.463,0.011,0.000
36241,33117,25248,22220,0,0,0.11013,-1.12288,9.99699,0.040480,-0.009587,0.008522,-7.367,-0.628,-116.644,175.5293,-44.9746,7.5508,3098.1450,-555.4169,123.0910,0.0253859,-0.0410279,-0.3025924,0.000000,0.000000,0.000000,0.00000,0.00000,0.000,0.000,0.000,0.000,0.000,-6.0000,0.0000,0.0000,6.0000,95.00,95.00,90.00,90.00,65535,65535,65535,1500,1,10,40.4365783,-86.8936885,0.000,0.463,0.011,0.000
36292,26399,18236,15213,0,0,-0.03711,-1.46525,9.59357,-0.025566,-0.003196,0.018109,-7.594,-0.360,-115.762,175.4864,-44.9620,7.5626,3107.5527,-557.8881,123.5283,0.0253773,-0.0410318,-0.3025175,0.000000,0.000000,0.000000,0.00000,0.00000,0.000,0.000,0.000,0.000,0.000,-6.0000,0.0000,0.0000,6.0000,95.00,95.00,90.00,90.00,65535,65535,65535,1500,1,10,40.4365788,-86.8936883,0.000,0.226,0.005,0.000
36346,23928,23688,15293,0,0,0.78171,-1.13365,9.18057,0.004261,-0.014914,0.024501,-7.756,-0.161,-111.109,176.5639,-45.3101,7.5301,3134.8198,-563.3765,123.9147,0.0252595,-0.0407977,-0.3043344,0.000000,0.000000,0.000000,0.00000,0.00000,0.000,0.000,0.000,0.000,0.000,-6.0000,0.0000,0.0000,6.0000,95.00,95.00,90.00,90.00,65535,65535,65535,1500,1,10,40.4365788,-86.8936883,0.000,0.226,0.005,0.000
36397,26467,18278,15216,0,0,0.41180,-1.25097,10.04128,-0.029827,-0.031958,0.015979,-7.844,-0.016,-108.660,176.9670,-45.4475,7.5603,3151.8071,-567.1699,124.3468,0.0251823,-0.0406846,-0.3050162,0.000000,0.000000,0.000000,0.00000,0.00000,0.000,0.000,0.000,0.000,0.000,-6.0000,0.0000,0.0000,6.0000,95.00,95.00,90.00,90.00,65535,65535,65535,1500,1,10,40.4365787,-86.8936870,155.000,0.093,0.002,0.000
36448,26029,18259,15199,0,0,-0.24181,-1.33836,9.90242,-0.063916,-0.028762,0.008522,-7.941,0.052,-108.809,176.6659,-45.3476,7.5424,3155.4917,-568.5234,124.7211,0.0250881,-0.0406832,-0.3045079,0.000000,0.000000,0.000000,0.00000,0.00000,0.000,0.000,0.000,0.000,0.000,-6.0000,0.0000,0.0000,6.0000,95.00,95.00,90.00,90.00,65535,65535,65535,1500,1,10,40.4365787,-86.8936870,155.000,0.093,0.002,0.000
36499,27223,18247,15205,0,0,0.74579,-1.22344,9.66060,0.000000,-0.038350,-0.007457,-8.024,0.187,-106.033,177.2011,-45.5313,7.5405,3174.0291,-572.5395,125.1218,0.0250247,-0.0405680,-0.3054139,0.000000,0.000000,0.000000,0.00000,0.00000,0.000,0.000,0.000,0.000,0.000,-6.0000,0.0000,0.0000,6.0000,95.00,95.00,90.00,90.00,65535,65535,65535,1500,1,10,40.4365773,-86.8936877,154.800,0.381,0.009,0.000
36539,24312,33374,30327,0,0,0.25019,-1.23301,10.28429,0.033023,-0.041545,-0.014914,-7.958,0.201,-105.346,177.2807,-45.5594,7.5538,3179.7339,-573.8903,125.3065,0.0249563,-0.0405217,-0.3055480,0.000000,0.000000,0.000000,0.00000,0.00000,0.000,0.000,0.000,0.000,0.000,-6.0000,0.0000,0.0000,6.0000,95.00,95.00,90.00,90.00,65535,65535,65535,1500,1,10,40.4365773,-86.8936877,154.800,0.381,0.009,0.000
36601,33418,18276,15230,0,0,0.03711,-1.18992,10.79186,0.036219,-0.029827,0.000000,-7.787,0.324,-103.246,177.4998,-45.6488,7.6109,3197.2234,-578.0745,125.8933,0.0248288,-0.0403997,-0.3059172,0.000000,0.000000,0.000000,0.00000,0.00000,0.000,0.000,0.000,0.000,0.000,-6.0000,0.0000,0.0000,6.0000,95.00,95.00,90.00,90.00,65535,65535,65535,1500,1,10,40.4365757,-86.8936877,154.700,0.381,0.009,0.000
36651,25909,18216,15190,0,0,0.38906,-1.08816,9.93833,0.026632,-0.012783,-0.001065,-7.770,0.429,-101.921,177.6283,-45.6947,7.6381,3208.4351,-580.7733,126.2799,0.0247382,-0.0403039,-0.3061346,0.000000,0.000000,0.000000,0.00000,0.00000,0.000,0.000,0.000,0.000,0.000,-6.0000,0.0000,0.0000,6.0000,95.00,95.00,90.00,90.00,65535,65535,65535,1500,1,10,40.4365757,-86.8936877,154.700,0.381,0.009,0.000
36683,25044,24900,21871,0,0,0.11133,-1.71664,9.81383,0.010653,-0.007457,-0.001065,-7.891,0.575,-100.693,177.8551,-45.7746,7.6424,3216.8953,-582.6439,126.4762,0.0248055,-0.0402789,-0.3065196,0.000000,0.000000,0.000000,0.00000,0.00000,0.000,0.000,0.000,0.000,0.000,-6.0000,0.0000,0.0000,6.0000,95.00,95.00,90.00,90.00,65535,65535,65535,1500,1,10,40.4365755,-86.8936888,154.700,-0.622,0.143,0.000
36733,25644,18245,15208,0,0,0.87269,-1.13246,10.59315,0.042611,0.017044,-0.014914,-7.667,0.708,-99.327,177.9694,-45.8165,7.6758,3229.1228,-585.6224,126.9172,0.0247186,-0.0401160,-0.3067140,0.000000,0.000000,0.000000,0.00000,0.00000,0.000,0.000,0.000,0.000,0.000,-6.0000,0.0000,0.0000,6.0000,95.00,95.00,90.00,90.00,65535,65535,65535,1500,1,10,40.4365755,-86.8936888,154.700,-0.622,0.143,0.000
36787,24500,23319,15306,0,0,-0.46088,-1.86029,10.85052,0.025566,0.021305,-0.010653,-7.568,0.941,-99.149,177.7838,-45.7497,7.7092,3234.5286,-587.2589,127.2881,0.0246396,-0.0401175,-0.3064004,0.000000,0.000000,0.000000,0.00000,0.00000,0.000,0.000,0.000,0.000,0.000,-6.0000,0.0000,0.0000,6.0000,95.00,95.00,90.00,90.00,65535,65535,65535,1500,1,9,40.4365760,-86.8936895,154.600,-0.622,0.143,0.000
36838,25943,18259,15204,0,0,0.35195,-1.85670,10.08677,0.018109,0.000000,-0.021305,-7.705,1.221,-96.589,178.2402,-45.9186,7.7288,3252.5503,-591.2802,127.7256,0.0247259,-0.0400040,-0.3071822,0.000000,0.000000,0.000000,0.00000,0.00000,0.000,0.000,0.000,0.000,0.000,-6.0000,0.0000,0.0000,6.0000,95.00,95.00,90.00,90.00,65535,65535,65535,1500,1,9,40.4365760,-86.8936895,154.600,-0.622,0.143,0.000
36889,26684,18273,15213,0,0,0.66200,-1.52989,9.43196,-0.014914,0.018109,-0.005326,-7.812,1.339,-94.009,178.7138,-46.0950,7.7286,3270.2173,-595.1835,128.1353,0.0247359,-0.0397296,-0.3079915,0.000000,0.000000,0.000000,0.00000,0.00000,0.000,0.000,0.000,0.000,0.000,-6.0000,0.0000,0.0000,6.0000,95.00,95.00,90.00,90.00,65535,65535,65535,1500,1,9,40.4365768,-86.8936903,154.500,-0.221,0.051,0.000
36940,25932,18269,15194,0,0,1.31921,-1.37307,10.39921,0.000000,0.001065,-0.031958,-7.796,1.246,-92.327,178.9488,-46.1864,7.7636,3283.3691,-598.2411,128.5294,0.0246500,-0.0393861,-0.3083935,0.000000,0.000000,0.000000,0.00000,0.00000,0.000,0.000,0.000,0.000,0.000,-6.0000,0.0000,0.0000,6.0000,95.00,95.00,90.00,90.00,65535,65535,65535,1500,1,9,40.4365768,-86.8936903,154.500,-0.221,0.051,0.000
36989,23781,18254,15296,0,0,0.95170,-1.24858,10.91876,-0.031958,0.000000,-0.021305,-7.720,1.119,-91.794,178.8719,-46.1577,7.8218,3290.7102,-600.2193,128.9092,0.0244975,-0.0391135,-0.3082624,0.000000,0.000000,0.000000,0.00000,0.00000,0.000,0.000,0.000,0.000,0.000,-6.0000,0.0000,0.0000,6.0000,95.00,95.00,90.00,90.00,65535,65535,65535,1500,1,9,40.4365767,-86.8936898,154.500,-0.130,0.030,0.000
37056,34343,26968,19047,0,0,-0.02394,-1.69390,11.16775,-0.052198,-0.012783,-0.026632,-7.834,1.129,-90.402,178.9934,-46.2083,7.9012,3303.4084,-603.3214,129.3736,0.0244418,-0.0389114,-0.3084745,0.000000,0.000000,0.000000,0.00000,0.00000,0.000,0.000,0.000,0.000,0.000,-6.0000,0.0000,0.0000,6.0000,95.00,95.00,90.00,90.00,65535,65535,65535,1500,1,9,40.4365767,-86.8936898,154.500,-0.130,0.030,0.000
37093,33890,30447,27437,0,0,0.34357,-1.52391,10.32978,-0.047937,-0.011718,-0.024501,-7.980,1.187,-89.233,179.1642,-46.2799,7.9227,3312.5356,-605.4461,129.6453,0.0244179,-0.0388074,-0.3087696,0.000000,0.000000,0.000000,0.00000,0.00000,0.000,0.000,0.000,0.000,0.000,-6.0000,0.0000,0.0000,6.0000,95.00,95.00,90.00,90.00,65535,65535,65535,1500,1,9,40.4365758,-86.8936888,154.500,-0.130,0.030,0.000
37142,30116,17630,14617,0,0,0.47884,-1.94409,10.11670,-0.056459,0.006392,-0.013848,-8.283,1.271,-86.012,179.7763,-46.5292,7.9534,3334.5205,-610.3083,130.1477,0.0243194,-0.0385154,-0.3098226,0.000000,0.000000,0.000000,0.00000,0.00000,0.000,0.000,0.000,0.000,0.000,-6.0000,0.0000,0.0000,6.0000,95.00,95.00,90.00,90.00,65535,65535,65535,1500,1,9,40.4365758,-86.8936888,154.500,-0.130,0.030,0.000
37213,44056,21270,15437,0,0,-0.46088,-1.21147,10.98819,-0.028762,0.009587,-0.018109,-8.383,1.405,-85.624,179.5835,-46.4425,8.0252,3342.9114,-612.7277,130.6773,0.0241475,-0.0383889,-0.3094831,0.000000,0.000000,0.000000,0.00000,0.00000,0.000,0.000,0.000,0.000,0.000,-6.0000,0.0000,0.0000,6.0000,95.00,95.00,90.00,90.00,65535,65535,65535,1500,1,9,40.4365755,-86.8936882,154.500,-0.316,0.073,0.000
37238,27572,18934,15853,0,0,-0.23343,-1.55743,10.79785,0.022371,0.000000,-0.037284,-8.367,1.516,-85.188,179.5884,-46.4445,8.0557,3347.9465,-614.0227,130.8991,0.0241371,-0.0383780,-0.3094917,0.000000,0.000000,0.000000,0.00000,0.00000,0.000,0.000,0.000,0.000,0.000,-6.0000,0.0000,0.0000,6.0000,95.00,95.00,90.00,90.00,65535,65535,65535,1500,1,9,40.4365755,-86.8936882,154.500,-0.316,0.073,0.000
37289,26457,18243,15197,0,0,0.91937,-1.72263,10.15261,0.001065,-0.008522,-0.033023,-8.516,1.719,-81.259,180.4478,-46.7929,8.0943,3372.6714,-619.2998,131.3340,0.0240949,-0.0381672,-0.3109717,0.000000,0.000000,0.000000,0.00000,0.00000,0.000,0.000,0.000,0.000,0.000,-6.0000,0.0000,0.0000,6.0000,95.00,95.00,90.00,90.00,65535,65535,65535,1500,1,9,40.4365757,-86.8936885,154.500,-0.286,0.066,0.000
37340,26047,18243,15194,0,0,0.77213,-1.29167,9.77672,-0.023436,-0.010653,-0.021305,-8.537,1.780,-78.011,181.1093,-47.0595,8.1063,3393.7029,-623.8862,131.7606,0.0239761,-0.0378857,-0.3121094,0.000000,0.000000,0.000000,0.00000,0.00000,0.000,0.000,0.000,0.000,0.000,-6.0000,0.0000,0.0000,6.0000,95.00,95.00,90.00,90.00,65535,65535,65535,1500,1,223,0.0166667,0.0221667,5.000,-0.286,0.066,0.000
37391,26232,18203,15186,0,0,0.60693,-1.52271,10.73201,0.056459,-0.042611,-0.033023,-8.380,1.759,-76.233,181.3677,-47.1655,8.1471,3407.4558,-627.1176,132.1774,0.0238935,-0.0376833,-0.3125524,0.000000,0.000000,0.000000,0.00000,0.00000,0.000,0.000,0.000,0.000,0.000,-6.0000,0.0000,0.0000,6.0000,95.00,95.00,90.00,90.00,65535,65535,65535,1500,1,223,40.4365758,-86.8936883,5.000,-0.351,0.081,0.000
37439,20490,18163,15143,0,0,0.62489,-0.85473,10.87327,0.030893,-0.025566,-0.021305,-8.057,1.386,-76.084,181.1624,-47.0728,8.1705,3412.4966,-628.6589,132.5702,0.0235366,-0.0372976,-0.3122124,0.000000,0.000000,0.000000,0.00000,0.00000,0.000,0.000,0.000,0.000,0.000,-6.0000,0.0000,0.0000,6.0000,95.00,95.00,90.00,90.00,65535,65535,65535,1500,1,223,40.4365758,-86.8936883,5.000,-0.351,0.081,0.000
37490,26577,18248,15203,0,0,0.29209,-1.53229,10.39443,0.044741,-0.020240,-0.006392,-8.026,1.295,-73.664,181.5862,-47.2482,8.2141,3429.2485,-632.4628,132.9958,0.0234850,-0.0369766,-0.3129381,0.000000,0.000000,0.000000,0.00000,0.00000,0.000,0.000,0.000,0.000,0.000,-6.0000,0.0000,0.0000,6.0000,95.00,95.00,90.00,90.00,65535,65535,65535,1500,1,223,40.4365758,-86.8936883,5.000,-0.411,0.095,0.000
37560,39531,23614,20571,0,0,-0.21428,-1.35991,11.09952,0.049002,-0.022371,-0.002131,-7.888,1.483,-72.883,181.5005,-47.2110,8.2831,3439.2686,-635.1808,133.5213,0.0234576,-0.0369908,-0.3127867,0.000000,0.000000,0.000000,0.00000,0.00000,0.000,0.000,0.000,0.000,0.000,-6.0000,0.0000,0.0000,6.0000,95.00,95.00,90.00,90.00,65535,65535,65535,1500,1,223,40.4365758,-86.8936883,5.000,-0.411,0.095,0.000
37596,29843,29859,26858,0,0,0.25379,-1.06422,10.62427,-0.014914,-0.025566,-0.008522,-7.837,1.398,-72.648,181.4193,-47.1754,8.3093,3443.1321,-636.2811,133.7673,0.0233529,-0.0368583,-0.3126464,0.000000,0.000000,0.000000,0.00000,0.00000,0.000,0.000,0.000,0.000,0.000,-6.0000,0.0000,0.0000,6.0000,95.00,95.00,90.00,90.00,65535,65535,65535,1500,1,223,40.4365758,-86.8936883,5.000,-0.411,0.095,0.000
37650,25436,18171,15142,0,0,1.17555,-0.77692,9.95030,-0.023436,-0.023436,0.004261,-7.803,1.092,-70.955,181.5371,-47.2280,8.3325,3457.0554,-639.7299,134.3184,0.0230908,-0.0363711,-0.3128597,0.000000,0.000000,0.000000,0.00000,0.00000,0.000,0.000,0.000,0.000,0.000,-6.0000,0.0000,0.0000,6.0000,95.00,95.00,90.00,90.00,65535,65535,65535,1500,1,9,40.4365763,-86.8936887,154.200,-0.411,0.095,0.000
37701,26411,18244,15199,0,0,0.01556,-0.95648,10.66976,-0.009587,-0.021305,0.019175,-7.661,0.885,-70.095,181.5057,-47.2099,8.3785,3465.6045,-641.9719,134.7416,0.0228669,-0.0360686,-0.3128162,0.000000,0.000000,0.000000,0.00000,0.00000,0.000,0.000,0.000,0.000,0.000,-6.0000,0.0000,0.0000,6.0000,95.00,95.00,90.00,90.00,65535,65535,65535,1500,1,9,40.4365767,-86.8936890,154.300,-0.271,0.062,0.000
37751,25935,18261,15208,0,0,-0.06823,-1.26294,10.46625,0.024501,-0.012783,0.008522,-7.624,0.826,-68.880,181.5780,-47.2385,8.4201,3475.9995,-644.5743,135.1665,0.0227238,-0.0358448,-0.3129490,0.000000,0.000000,0.000000,0.00000,0.00000,0.000,0.000,0.000,0.000,0.000,-6.0000,0.0000,0.0000,6.0000,95.00,95.00,90.00,90.00,65535,65535,65535,1500,1,9,40.4365767,-86.8936890,154.300,-0.271,0.062,0.000
37782,24412,25201,22188,0,0,0.38786,-1.70228,10.52491,-0.025566,-0.008522,0.004261,-7.753,0.862,-67.774,181.7602,-47.3167,8.4407,3483.6895,-646.3538,135.3760,0.0227353,-0.0357494,-0.3132630,0.000000,0.000000,0.000000,0.00000,0.00000,0.000,0.000,0.000,0.000,0.000,-6.0000,0.0000,0.0000,6.0000,95.00,95.00,90.00,90.00,65535,65535,65535,1500,1,9,40.4365767,-86.8936890,154.300,-0.271,0.062,0.000
37842,29341,22888,15330,0,0,0.48363,-1.09774,9.51695,-0.079895,-0.001065,0.024501,-7.866,1.010,-66.250,181.8558,-47.3579,8.4422,3496.5869,-649.5906,135.8988,0.0226523,-0.0356227,-0.3134326,0.000000,0.000000,0.000000,0.00000,0.00000,0.000,0.000,0.000,0.000,0.000,-6.0000,0.0000,0.0000,6.0000,95.00,95.00,90.00,90.00,65535,65535,65535,1500,1,9,40.4365775,-86.8936900,154.200,-0.216,0.050,0.000
37887,20272,18248,15211,0,0,0.94451,-1.37786,10.38126,0.039415,-0.008522,0.007457,-7.687,0.751,-64.531,182.0586,-47.4391,8.4737,3509.0886,-652.5839,136.3217,0.0223331,-0.0351978,-0.3137974,0.000000,0.000000,0.000000,0.00000,0.00000,0.000,0.000,0.000,0.000,0.000,-6.0000,0.0000,0.0000,6.0000,95.00,95.00,90.00,90.00,65535,65535,65535,1500,1,9,40.4365792,-86.8936902,154.200,-0.521,0.120,0.000
37938,26017,18289,15217,0,0,-0.27773,-1.59574,10.33816,-0.023436,-0.008522,0.018109,-7.861,0.922,-62.684,182.2990,-47.5445,8.5108,3522.6887,-655.8460,136.7600,0.0223565,-0.0351092,-0.3142111,0.000000,0.000000,0.000000,0.00000,0.00000,0.000,0.000,0.000,0.000,0.000,-6.0000,0.0000,0.0000,6.0000,95.00,95.00,90.00,90.00,65535,65535,65535,1500,1,9,40.4365792,-86.8936902,154.200,-0.521,0.120,0.000
37988,26026,18276,15218,0,0,0.67995,-1.41378,9.15423,-0.056459,-0.004261,0.026632,-8.103,1.000,-60.174,182.7172,-47.7265,8.5085,3539.3655,-659.7053,137.1982,0.0222995,-0.0349115,-0.3149356,0.000000,0.000000,0.000000,0.00000,0.00000,0.000,0.000,0.000,0.000,0.000,-6.0000,0.0000,0.0000,6.0000,95.00,95.00,90.00,90.00,65535,65535,65535,1500,1,9,40.4365792,-86.8936902,154.200,-0.521,0.120,0.000
38062,43203,23900,15420,0,0,-0.04788,-1.48800,9.53371,-0.017044,-0.005326,0.011718,-8.381,1.396,-57.476,183.1164,-47.9079,8.5034,3558.9912,-664.3820,137.7865,0.0224276,-0.0348928,-0.3156139,0.000000,0.000000,0.000000,0.00000,0.00000,0.000,0.000,0.000,0.000,0.000,-6.0000,0.0000,0.0000,6.0000,95.00,95.00,90.00,90.00,65535,65535,65535,1500,1,9,40.4365800,-86.8936917,154.100,-0.521,0.120,0.000
38093,30256,24575,21524,0,0,-0.52912,-1.80762,10.70448,-0.019175,-0.010653,0.018109,-8.494,1.587,-56.875,183.1275,-47.9141,8.5352,3564.7783,-665.8846,138.0444,0.0224855,-0.0349420,-0.3156332,0.000000,0.000000,0.000000,0.00000,0.00000,0.000,0.000,0.000,0.000,0.000,-6.0000,0.0000,0.0000,6.0000,95.00,95.00,90.00,90.00,65535,65535,65535,1500,1,9,40.4365800,-86.8936917,154.100,-0.521,0.120,0.000
38144,26066,18276,15212,0,0,0.12570,-1.10852,10.48660,0.021305,-0.017044,0.021305,-8.438,1.648,-55.476,183.2029,-47.9473,8.5670,3576.6216,-668.8912,138.5385,0.0223490,-0.0347956,-0.3157681,0.000000,0.000000,0.000000,0.00000,0.00000,0.000,0.000,0.000,0.000,0.000,-6.0000,0.0000,0.0000,6.0000,95.00,95.00,90.00,90.00,65535,65535,65535,1500,1,9,40.4365793,-86.8936920,153.900,-0.521,0.120,0.000
38196,27285,18340,15299,0,0,0.21069,-1.18992,9.34816,-0.046872,-0.012783,0.028762,-8.441,1.604,-53.904,183.3502,-48.0111,8.5703,3588.6851,-671.8701,138.9845,0.0221177,-0.0345682,-0.3160350,0.000000,0.000000,0.000000,0.00000,0.00000,0.000,0.000,0.000,0.000,0.000,-6.0000,0.0000,0.0000,6.0000,95.00,95.00,90.00,90.00,65535,65535,65535,1500,1,9,40.4365793,-86.8936923,153.900,-0.100,0.137,0.000
38236,24591,33357,30344,0,0,0.37469,-0.61890,10.08917,-0.024501,-0.012783,0.021305,-8.260,1.490,-53.705,183.2633,-47.9696,8.5777,3591.6257,-672.7233,139.1943,0.0218882,-0.0344215,-0.3158996,0.000000,0.000000,0.000000,0.00000,0.00000,0.000,0.000,0.000,0.000,0.000,-6.0000,0.0000,0.0000,6.0000,95.00,95.00,90.00,90.00,65535,65535,65535,1500,1,9,40.4365793,-86.8936923,153.900,-0.100,0.137,0.000
38292,28284,18280,15223,0,0,-0.06225,-1.80283,10.31063,-0.012783,-0.018109,0.009587,-8.276,1.633,-51.490,183.5051,-48.0798,8.5913,3608.8970,-676.9860,139.8139,0.0217903,-0.0342773,-0.3163037,0.000000,0.000000,0.000000,0.00000,0.00000,0.000,0.000,0.000,0.000,0.000,-6.0000,0.0000,0.0000,6.0000,95.00,95.00,90.00,90.00,65535,65535,65535,1500,1,9,40.4365793,-86.8936923,153.900,-0.100,0.137,0.000
38342,25884,18237,15204,0,0,0.18794,-1.81121,9.35534,0.008522,-0.030893,0.022371,-8.350,1.675,-49.226,183.8574,-48.2392,8.5764,3624.4058,-680.6645,140.2514,0.0217279,-0.0341185,-0.3169147,0.000000,0.000000,0.000000,0.00000,0.00000,0.000,0.000,0.000,0.000,0.000,-6.0000,0.0000,0.0000,6.0000,95.00,95.00,90.00,90.00,65535,65535,65535,1500,1,9,40.4365793,-86.8936923,153.900,-0.100,0.137,0.000
38393,31086,18218,15184,0,0,-0.01077,-1.91656,9.30507,0.011718,-0.035154,0.017044,-8.202,1.641,-47.205,184.1402,-48.3690,8.5561,3638.7527,-684.1159,140.6870,0.0217293,-0.0339157,-0.3174120,0.000000,0.000000,0.000000,0.00000,0.00000,0.000,0.000,0.000,0.000,0.000,-6.0000,0.0000,0.0000,6.0000,95.00,95.00,90.00,90.00,65535,65535,65535,1500,1,9,40.4365793,-86.8936923,153.900,-0.100,0.137,0.000
38443,26071,18240,15220,0,0,-0.02394,-1.16717,9.29788,0.262055,-0.046872,0.018109,-7.820,1.488,-45.583,184.3108,-48.4423,8.5322,3651.0562,-687.1567,141.1220,0.0216638,-0.0336380,-0.3177134,0.000000,0.000000,0.000000,0.00000,0.00000,0.000,0.000,0.000,0.000,0.000,-6.0000,0.0000,0.0000,6.0000,95.00,95.00,90.00,90.00,65535,65535,65535,1500,1,9,40.4365793,-86.8936923,153.900,-0.100,0.137,0.000
38497,25783,18235,15223,0,0,0.45250,-1.34075,9.84975,0.026632,-0.041545,0.013848,-7.730,1.238,-44.803,184.2312,-48.4015,8.5423,3659.4893,-689.4462,141.5830,0.0215772,-0.0333264,-0.3175851,0.000000,0.000000,0.000000,0.00000,0.00000,0.000,0.000,0.000,0.000,0.000,-6.0000,0.0000,0.0000,6.0000,95.00,95.00,90.00,90.00,65535,65535,65535,1500,1,9,40.4365767,-86.8936928,153.900,0.530,0.000,0.000
38537,24369,33373,30360,0,0,0.87149,-1.06542,8.95072,-0.035154,-0.026632,0.014914,-7.752,0.973,-44.429,184.1891,-48.3778,8.5243,3663.2068,-690.4529,141.7912,0.0214887,-0.0330289,-0.3175297,0.000000,0.000000,0.000000,0.00000,0.00000,0.000,0.000,0.000,0.000,0.000,-6.0000,0.0000,0.0000,6.0000,95.00,95.00,90.00,90.00,65535,65535,65535,1500,1,9,40.4365767,-86.8936928,153.900,0.530,0.000,0.000
38596,36801,18414,15345,0,0,0.29329,-0.79368,10.20050,0.004261,-0.015979,0.019175,-7.718,0.990,-43.134,184.1629,-48.3661,8.5715,3676.2190,-693.8977,142.4242,0.0214236,-0.0328518,-0.3174818,0.000000,0.000000,0.000000,0.00000,0.00000,0.000,0.000,0.000,0.000,0.000,-6.0000,0.0000,0.0000,6.0000,95.00,95.00,90.00,90.00,65535,65535,65535,1500,1,9,40.4365767,-86.8936928,153.900,0.530,0.000,0.000
38647,27015,18263,15197,0,0,0.62130,-1.27970,9.87129,-0.045806,-0.006392,0.000000,-7.766,1.106,-42.317,184.1253,-48.3487,8.5852,3685.0352,-696.2477,142.8668,0.0213128,-0.0327985,-0.3174217,0.000000,0.000000,0.000000,0.00000,0.00000,0.000,0.000,0.000,0.000,0.000,-6.0000,0.0000,0.0000,6.0000,95.00,95.00,90.00,90.00,65535,65535,65535,1500,1,9,40.4365767,-86.8936928,153.900,0.530,0.000,0.000
38682,28289,24671,16714,0,0,0.23104,-1.58137,9.62589,-0.001065,-0.014914,0.015979,-7.861,1.123,-41.477,184.2062,-48.3869,8.5834,3691.6455,-697.9036,143.1111,0.0213419,-0.0326970,-0.3175632,0.000000,0.000000,0.000000,0.00000,0.00000,0.000,0.000,0.000,0.000,0.000,-6.0000,0.0000,0.0000,6.0000,95.00,95.00,90.00,90.00,65535,65535,65535,1500,1,9,40.4365767,-86.8936928,153.900,0.530,0.000,0.000
38746,19022,18103,15097,0,0,0.24541,-1.84593,9.86411,0.036219,-0.037284,0.000000,-7.929,1.162,-39.757,184.3230,-48.4403,8.6000,3706.5864,-701.7164,143.7171,0.0213986,-0.0325212,-0.3177668,0.000000,0.000000,0.000000,0.00000,0.00000,0.000,0.000,0.000,0.000,0.000,-6.0000,0.0000,0.0000,6.0000,95.00,95.00,90.00,90.00,65535,65535,65535,1500,1,10,40.4365780,-86.8936937,154.600,0.268,0.000,0.000
38797,26494,18291,15236,0,0,0.94092,-1.54187,9.17817,0.013848,-0.009587,-0.004261,-8.030,0.976,-38.375,184.4380,-48.4922,8.6037,3717.8704,-704.5687,144.1566,0.0214279,-0.0321416,-0.3179814,0.000000,0.000000,0.000000,0.00000,0.00000,0.000,0.000,0.000,0.000,0.000,-6.0000,0.0000,0.0000,6.0000,95.00,95.00,90.00,90.00,65535,65535,65535,1500,1,10,40.4365792,-86.8936952,154.500,0.345,0.000,0.000
38847,25956,18244,15201,0,0,0.25259,-0.99120,9.53132,0.067112,0.005326,0.000000,-7.894,0.880,-37.522,184.4044,-48.4739,8.5931,3726.5195,-706.8675,144.5908,0.0213599,-0.0318493,-0.3179416,0.000000,0.000000,0.000000,0.00000,0.00000,0.000,0.000,0.000,0.000,0.000,-6.0000,0.0000,0.0000,6.0000,95.00,95.00,90.00,90.00,65535,65535,65535,1500,1,10,40.4365792,-86.8936952,154.500,0.345,0.000,0.000
38905,30391,21658,15330,0,0,0.21668,-1.23421,9.46667,0.006392,0.005326,0.013848,-7.988,1.005,-36.259,184.4690,-48.5038,8.5950,3737.6836,-709.7449,145.0630,0.0214287,-0.0316932,-0.3180564,0.000000,0.000000,0.000000,0.00000,0.00000,0.000,0.000,0.000,0.000,0.000,-6.0000,0.0000,0.0000,6.0000,95.00,95.00,90.00,90.00,65535,65535,65535,1500,1,10,40.4365797,-86.8936962,154.500,0.448,0.000,0.000
38949,19762,18244,15190,0,0,1.16837,-0.92775,9.77433,-0.018109,-0.008522,0.000000,-7.988,0.644,-35.600,184.3750,-48.4594,8.5968,3744.7939,-711.6857,145.4720,0.0212806,-0.0312273,-0.3179378,0.000000,0.000000,0.000000,0.00000,0.00000,0.000,0.000,0.000,0.000,0.000,-6.0000,0.0000,0.0000,6.0000,95.00,95.00,90.00,90.00,65535,65535,65535,1500,1,10,40.4365797,-86.8936962,154.500,0.448,0.000,0.000
39000,31373,18265,15241,0,0,0.15203,-1.86149,9.41161,-0.033023,-0.007457,-0.007457,-8.247,0.664,-34.239,184.4883,-48.5163,8.5833,3756.1091,-714.5577,145.9081,0.0213140,-0.0310342,-0.3181484,0.000000,0.000000,0.000000,0.00000,0.00000,0.000,0.000,0.000,0.000,0.000,-6.0000,0.0000,0.0000,6.0000,95.00,95.00,90.00,90.00,65535,65535,65535,1500,1,10,40.4365800,-86.8936962,154.500,0.453,0.000,0.000
39040,24447,33356,30327,0,0,-0.19632,-1.07380,9.95868,-0.061785,-0.007457,-0.003196,-8.257,0.734,-34.130,184.3977,-48.4733,8.5889,3759.0408,-715.4055,146.1170,0.0212454,-0.0310401,-0.3179952,0.000000,0.000000,0.000000,0.00000,0.00000,0.000,0.000,0.000,0.000,0.000,-6.0000,0.0000,0.0000,6.0000,95.00,95.00,90.00,90.00,65535,65535,65535,1500,1,10,40.4365800,-86.8936962,154.500,0.453,0.000,0.000
39105,38381,20432,17396,0,0,-0.58179,-1.73580,10.14064,0.001065,-0.015979,0.001065,-8.298,0.921,-32.440,184.4840,-48.5199,8.6091,3774.8789,-719.4990,146.7887,0.0212907,-0.0309624,-0.3181427,0.000000,0.000000,0.000000,0.00000,0.00000,0.000,0.000,0.000,0.000,0.000,-6.0000,0.0000,0.0000,6.0000,95.00,95.00,90.00,90.00,65535,65535,65535,1500,1,10,40.4365792,-86.8936940,154.500,0.170,0.000,0.000
39140,30371,25741,16940,0,0,0.43694,-1.21625,9.65821,-0.008522,0.001065,0.015979,-8.284,0.890,-31.824,184.4893,-48.5217,8.6072,3780.4929,-720.9719,147.0506,0.0212099,-0.0308140,-0.3181580,0.000000,0.000000,0.000000,0.00000,0.00000,0.000,0.000,0.000,0.000,0.000,-6.0000,0.0000,0.0000,6.0000,95.00,95.00,90.00,90.00,65535,65535,65535,1500,1,10,40.4365792,-86.8936940,154.500,0.170,0.000,0.000
39184,18963,18188,15160,0,0,0.22505,-1.02951,9.16620,-0.031958,0.005326,0.011718,-8.397,1.047,-30.735,184.5286,-48.5456,8.5958,3790.6455,-723.6052,147.4884,0.0212009,-0.0307497,-0.3182397,0.000000,0.000000,0.000000,0.00000,0.00000,0.000,0.000,0.000,0.000,0.000,-6.0000,0.0000,0.0000,6.0000,95.00,95.00,90.00,90.00,65535,65535,65535,1500,1,10,40.4365792,-86.8936940,154.500,0.170,0.000,0.000
39235,26073,18248,15208,0,0,-0.22146,-1.04746,10.05804,-0.058590,0.002131,-0.004261,-8.333,1.170,-30.399,184.3637,-48.4657,8.6327,3797.1931,-725.4574,147.9276,0.0210586,-0.0307141,-0.3179633,0.000000,0.000000,0.000000,0.00000,0.00000,0.000,0.000,0.000,0.000,0.000,-6.0000,0.0000,0.0000,6.0000,95.00,95.00,90.00,90.00,65535,65535,65535,1500,1,10,40.4365783,-86.8936938,155.100,0.159,0.000,0.000
39302,34308,26594,18553,0,0,0.67636,-1.15999,9.94192,-0.025566,0.004261,-0.001065,-8.431,1.156,-28.496,184.5889,-48.5704,8.6329,3811.7302,-729.1085,148.4370,0.0208590,-0.0304239,-0.3183510,0.000000,0.000000,0.000000,0.00000,0.00000,0.000,0.000,0.000,0.000,0.000,-6.0000,0.0000,0.0000,6.0000,95.00,95.00,90.00,90.00,65535,65535,65535,1500,1,10,40.4365783,-86.8936938,155.100,0.159,0.000,0.000
39333,32909,24538,21467,0,0,-0.46567,-1.20907,9.79707,-0.009587,0.007457,0.008522,-8.411,1.324,-28.352,184.4631,-48.5084,8.6361,3815.6445,-730.2338,148.7200,0.0208376,-0.0304585,-0.3181379,0.000000,0.000000,0.000000,0.00000,0.00000,0.000,0.000,0.000,0.000,0.000,-6.0000,0.0000,0.0000,6.0000,95.00,95.00,90.00,90.00,65535,65535,65535,1500,1,10,40.4365783,-86.8936938,155.100,0.159,0.000,0.000
39385,23832,18232,15176,0,0,0.50398,-0.75896,9.53012,-0.033023,-0.007457,0.002131,-8.313,1.172,-26.474,184.6669,-48.6064,8.6297,3829.7654,-733.7956,149.2261,0.0204883,-0.0301023,-0.3184966,0.000000,0.000000,0.000000,0.00000,0.00000,0.000,0.000,0.000,0.000,0.000,-6.0000,0.0000,0.0000,6.0000,95.00,95.00,90.00,90.00,65535,65535,65535,1500,1,10,40.4365783,-86.8936938,155.100,0.159,0.000,0.000
39436,25976,18277,15218,0,0,-0.13168,-1.33477,9.75757,0.027697,-0.002131,0.008522,-8.404,1.254,-24.271,185.0162,-48.7715,8.6300,3845.1792,-737.5950,149.6682,0.0203995,-0.0299307,-0.3190953,0.000000,0.000000,0.000000,0.00000,0.00000,0.000,0.000,0.000,0.000,0.000,-6.0000,0.0000,0.0000,6.0000,95.00,95.00,90.00,90.00,65535,65535,65535,1500,1,10,40.4365773,-86.8936932,155.800,0.159,0.000,0.000
39486,25909,18135,15125,0,0,0.00359,-1.58855,9.64384,0.030893,-0.010653,-0.004261,-8.453,1.347,-22.448,185.2742,-48.8933,8.6694,3858.8870,-741.0227,150.1063,0.0203478,-0.0297986,-0.3195328,0.000000,0.000000,0.000000,0.00000,0.00000,0.000,0.000,0.000,0.000,0.000,-6.0000,0.0000,0.0000,6.0000,95.00,95.00,90.00,90.00,65535,65535,65535,1500,1,10,40.4365773,-86.8936932,155.800,0.159,0.000,0.000
39554,39439,21594,18597,0,0,-0.01796,-1.03190,9.72046,-0.049002,-0.010653,-0.008522,-8.443,1.337,-21.113,185.3205,-48.9078,8.6794,3871.4712,-744.3120,150.6649,0.0201057,-0.0295862,-0.3196163,0.000000,0.000000,0.000000,0.00000,0.00000,0.000,0.000,0.000,0.000,0.000,-6.0000,0.0000,0.0000,6.0000,95.00,95.00,90.00,90.00,65535,65535,65535,1500,1,10,40.4365772,-86.8936932,156.000,0.159,0.000,0.000
39589,31782,25105,16413,0,0,-0.03232,-1.44370,9.70969,-0.024501,-0.007457,-0.002131,-8.505,1.431,-20.318,185.3837,-48.9373,8.6793,3878.4189,-746.1022,150.9412,0.0200773,-0.0295506,-0.3197220,0.000000,0.000000,0.000000,0.00000,0.00000,0.000,0.000,0.000,0.000,0.000,-6.0000,0.0000,0.0000,6.0000,95.00,95.00,90.00,90.00,65535,65535,65535,1500,1,10,40.4365772,-86.8936932,156.000,0.159,0.000,0.000
39640,25922,18177,15160,0,0,0.93853,-1.36110,9.19613,-0.057524,-0.005326,-0.003196,-8.675,1.420,-16.465,186.1575,-49.2997,8.6600,3902.3115,-751.8830,151.4487,0.0198062,-0.0292189,-0.3210231,0.000000,0.000000,0.000000,0.00000,0.00000,0.000,0.000,0.000,0.000,0.000,-6.0000,0.0000,0.0000,6.0000,95.00,95.00,90.00,90.00,65535,65535,65535,1500,1,10,40.4365777,-86.8936950,156.000,0.268,0.000,0.000
39690,25909,18195,15183,0,0,0.19632,-1.64362,9.43076,0.029827,-0.024501,-0.008522,-8.810,1.552,-13.748,186.6606,-49.5322,8.6472,3920.2341,-756.2879,151.8861,0.0197903,-0.0290960,-0.3218635,0.000000,0.000000,0.000000,0.00000,0.00000,0.000,0.000,0.000,0.000,0.000,-6.0000,0.0000,0.0000,6.0000,95.00,95.00,90.00,90.00,65535,65535,65535,1500,1,10,40.4365777,-86.8936950,156.000,0.268,0.000,0.000
39741,26237,18226,15175,0,0,0.78051,-1.11330,9.20690,0.002131,-0.033023,-0.004261,-8.750,1.480,-11.730,186.9543,-49.6668,8.6298,3934.7483,-759.9404,152.3287,0.0195694,-0.0288802,-0.3223636,0.000000,0.000000,0.000000,0.00000,0.00000,0.000,0.000,0.000,0.000,0.000,-6.0000,0.0000,0.0000,6.0000,95.00,95.00,90.00,90.00,65535,65535,65535,1500,1,10,40.4365782,-86.8936975,156.100,0.268,0.000,0.000
39797,29661,19879,15254,0,0,0.56862,-1.65679,9.60195,-0.025566,-0.042611,-0.012783,-8.763,1.413,-9.620,187.2644,-49.8082,8.6231,3950.0381,-763.7990,152.7960,0.0193793,-0.0286842,-0.3228823,0.000000,0.000000,0.000000,0.00000,0.00000,0.000,0.000,0.000,0.000,0.000,-6.0000,0.0000,0.0000,6.0000,95.00,95.00,90.00,90.00,65535,65535,65535,1500,1,10,40.4365782,-86.8936975,156.100,0.268,0.000,0.000
39841,19592,18173,15162,0,0,-0.17238,-1.10612,10.64582,0.039415,-0.038350,-0.012783,-8.492,1.337,-8.915,187.2208,-49.7882,8.6451,3957.9910,-765.9387,153.1953,0.0191082,-0.0285920,-0.3228184,0.000000,0.000000,0.000000,0.00000,0.00000,0.000,0.000,0.000,0.000,0.000,-6.0000,0.0000,0.0000,6.0000,95.00,95.00,90.00,90.00,65535,65535,65535,1500,1,10,40.4365777,-86.8936970,156.100,0.268,0.000,0.000
39891,30820,18206,15164,0,0,0.06704,-1.47842,9.80306,-0.010653,-0.029827,0.007457,-8.400,1.303,-7.422,187.3671,-49.8586,8.6505,3969.8594,-768.9982,153.6277,0.0188695,-0.0284470,-0.3230723,0.000000,0.000000,0.000000,0.00000,0.00000,0.000,0.000,0.000,0.000,0.000,-6.0000,0.0000,0.0000,6.0000,95.00,95.00,90.00,90.00,65535,65535,65535,1500,1,10,40.4365777,-86.8936970,156.100,0.268,0.000,0.000
39942,25860,18179,15155,0,0,-0.08499,-1.43173,10.15381,0.007457,-0.024501,-0.003196,-8.459,1.396,-5.978,187.5098,-49.9235,8.6835,3981.7344,-772.0708,154.0673,0.0188642,-0.0283852,-0.3233083,0.000000,0.000000,0.000000,0.00000,0.00000,0.000,0.000,0.000,0.000,0.000,-6.0000,0.0000,0.0000,6.0000,95.00,95.00,90.00,90.00,65535,65535,65535,1500,1,10,40.4365770,-86.8936963,156.500,0.268,0.000,0.000
39998,29342,20352,15296,0,0,-0.13288,-0.80565,10.29986,0.015979,-0.009587,0.006392,-8.393,1.448,-4.352,187.6810,-49.9960,8.6989,3994.6812,-775.4124,154.5343,0.0187044,-0.0282563,-0.3235950,0.000000,0.000000,0.000000,0.00000,0.00000,0.000,0.000,0.000,0.000,0.000,-6.0000,0.0000,0.0000,6.0000,95.00,95.00,90.00,90.00,65535,65535,65535,1500,1,10,40.4365770,-86.8936963,156.500,0.268,0.000,0.000
40038,27135,33314,30271,0,0,0.24421,-1.43413,10.14304,0.059655,-0.013848,0.009587,-8.296,1.458,-3.482,187.7795,-50.0394,8.7099,4001.3921,-777.1425,154.7708,0.0186450,-0.0281690,-0.3237586,0.000000,0.000000,0.000000,0.00000,0.00000,0.000,0.000,0.000,0.000,0.000,-6.0000,0.0000,0.0000,6.0000,95.00,95.00,90.00,90.00,65535,65535,65535,1500,1,10,40.4365762,-86.8936970,156.700,0.268,0.000,0.000
40097,36406,18356,15277,0,0,0.51236,-1.17914,9.54209,-0.021305,-0.005326,0.015979,-8.403,1.552,-1.064,188.0664,-50.1629,8.7057,4019.7998,-781.8897,155.4123,0.0185112,-0.0279701,-0.3242186,0.000000,0.000000,0.000000,0.00000,0.00000,0.000,0.000,0.000,0.000,0.000,-6.0000,0.0000,0.0000,6.0000,95.00,95.00,90.00,90.00,65535,65535,65535,1500,1,10,40.4365762,-86.8936970,156.700,0.268,0.000,0.000
40147,25962,18172,15157,0,0,0.38188,-1.25097,9.49780,-0.029827,-0.008522,0.017044,-8.520,1.582,1.073,188.3873,-50.3053,8.6933,4034.7241,-785.6907,155.8555,0.0184443,-0.0277844,-0.3247535,0.000000,0.000000,0.000000,0.00000,0.00000,0.000,0.000,0.000,0.000,0.000,-6.0000,0.0000,0.0000,6.0000,95.00,95.00,90.00,90.00,65535,65535,65535,1500,1,10,40.4365762,-86.8936965,156.800,0.268,0.000,0.000
40209,29580,25712,15246,0,0,-0.39863,-1.17316,10.76912,0.008522,-0.011718,0.001065,-8.514,1.640,2.850,188.5969,-50.3959,8.7070,4048.4316,-789.2316,156.3234,0.0182952,-0.0276368,-0.3251086,0.000000,0.000000,0.000000,0.00000,0.00000,0.000,0.000,0.000,0.000,0.000,-6.0000,0.0000,0.0000,6.0000,95.00,95.00,90.00,90.00,65535,65535,65535,1500,1,10,40.4365762,-86.8936965,156.800,0.268,0.000,0.000
40234,32446,18750,15735,0,0,0.19154,-1.39702,10.09276,0.037284,-0.015979,0.000000,-8.425,1.660,3.780,188.6902,-50.4341,8.7185,4056.0383,-791.2157,156.6061,0.0182234,-0.0275505,-0.3252592,0.000000,0.000000,0.000000,0.00000,0.00000,0.000,0.000,0.000,0.000,0.000,-6.0000,0.0000,0.0000,6.0000,95.00,95.00,90.00,90.00,65535,65535,65535,1500,1,10,40.4365763,-86.8936937,157.000,0.268,0.000,0.000
40284,25838,18149,15141,0,0,0.24541,-1.88424,10.06882,0.011718,-0.010653,0.008522,-8.440,1.605,5.929,189.0167,-50.5779,8.7206,4071.0300,-795.0505,157.0480,0.0180605,-0.0273029,-0.3258050,0.000000,0.000000,0.000000,0.00000,0.00000,0.000,0.000,0.000,0.000,0.000,-6.0000,0.0000,0.0000,6.0000,95.00,95.00,90.00,90.00,65535,65535,65535,1500,1,10,40.4365763,-86.8936937,157.000,0.268,0.000,0.000
40352,34744,26712,18701,0,0,0.08978,-1.13844,10.13226,0.053263,-0.001065,0.000000,-8.298,1.623,7.786,189.2200,-50.6605,8.7298,4085.5627,-798.8354,157.5647,0.0178855,-0.0270875,-0.3261438,0.000000,0.000000,0.000000,0.00000,0.00000,0.000,0.000,0.000,0.000,0.000,-6.0000,0.0000,0.0000,6.0000,95.00,95.00,90.00,90.00,65535,65535,65535,1500,1,10,40.4365767,-86.8936930,157.100,0.170,0.000,0.000
40383,32938,24865,21828,0,0,-0.18316,-0.96726,10.37408,0.043676,-0.012783,-0.003196,-8.096,1.668,8.128,189.1427,-50.6220,8.7508,4090.5300,-800.2034,157.8531,0.0177727,-0.0270526,-0.3260196,0.000000,0.000000,0.000000,0.00000,0.00000,0.000,0.000,0.000,0.000,0.000,-6.0000,0.0000,0.0000,6.0000,95.00,95.00,90.00,90.00,65535,65535,65535,1500,1,10,40.4365767,-86.8936930,157.100,0.170,0.000,0.000
40450,18912,18056,15077,0,0,0.13288,-1.34075,9.84855,-0.003196,0.000000,0.007457,-8.134,1.689,10.314,189.3588,-50.7162,8.7549,4107.8647,-804.7481,158.4943,0.0177679,-0.0267741,-0.3263857,0.000000,0.000000,0.000000,0.00000,0.00000,0.000,0.000,0.000,0.000,0.000,-6.0000,0.0000,0.0000,6.0000,95.00,95.00,90.00,90.00,65535,65535,65535,1500,1,10,40.4365767,-86.8936930,157.100,0.170,0.000,0.000
40500,25741,18128,15100,0,0,0.29808,-1.75375,9.16620,0.015979,-0.005326,0.005326,-8.247,1.517,12.262,189.6237,-50.8292,8.7346,4121.6450,-808.3251,158.9305,0.0177111,-0.0263995,-0.3268455,0.000000,0.000000,0.000000,0.00000,0.00000,0.000,0.000,0.000,0.000,0.000,-6.0000,0.0000,0.0000,6.0000,95.00,95.00,90.00,90.00,65535,65535,65535,1500,1,10,40.4365767,-86.8936930,157.100,0.170,0.000,0.000
40540,24801,33313,30302,0,0,0.24780,-1.71425,9.74679,0.035154,-0.006392,-0.012783,-8.286,1.516,13.072,189.7234,-50.8711,8.7358,4127.9531,-809.9742,159.1467,0.0177348,-0.0262921,-0.3270151,0.000000,0.000000,0.000000,0.00000,0.00000,0.000,0.000,0.000,0.000,0.000,-6.0000,0.0000,0.0000,6.0000,95.00,95.00,90.00,90.00,65535,65535,65535,1500,1,10,40.4365750,-86.8936922,157.300,0.170,0.000,0.000
40605,38126,20445,17438,0,0,0.45250,-1.28808,9.85573,0.068177,0.012783,-0.006392,-8.195,1.624,14.534,189.7350,-50.8639,8.7681,4142.6797,-813.9304,159.8279,0.0176210,-0.0260757,-0.3270332,0.000000,0.000000,0.000000,0.00000,0.00000,0.000,0.000,0.000,0.000,0.000,-6.0000,0.0000,0.0000,6.0000,95.00,95.00,90.00,90.00,65535,65535,65535,1500,1,10,40.4365750,-86.8936922,157.300,0.170,0.000,0.000
40641,31104,25754,16084,0,0,-0.31244,-1.86149,10.06283,0.008522,0.010653,0.002131,-8.299,1.817,15.440,189.8343,-50.9078,8.7800,4150.1860,-815.8997,160.0999,0.0176950,-0.0260900,-0.3271919,0.000000,0.000000,0.000000,0.00000,0.00000,0.000,0.000,0.000,0.000,0.000,-6.0000,0.0000,0.0000,6.0000,95.00,95.00,90.00,90.00,65535,65535,65535,1500,1,10,40.4365750,-86.8936932,157.500,0.360,0.000,0.000
40685,19601,18152,15134,0,0,0.69671,-0.99000,9.40682,-0.042611,-0.008522,0.004261,-8.258,1.622,16.562,189.8474,-50.9183,8.7698,4160.1992,-818.5942,160.5540,0.0175175,-0.0257276,-0.3272482,0.000000,0.000000,0.000000,0.00000,0.00000,0.000,0.000,0.000,0.000,0.000,-6.0000,0.0000,0.0000,6.0000,95.00,95.00,90.00,90.00,65535,65535,65535,1500,1,10,40.4365750,-86.8936932,157.500,0.360,0.000,0.000
40736,26424,18194,15166,0,0,0.36033,-1.34434,9.01058,0.020240,-0.024501,-0.025566,-8.429,1.622,18.331,190.0826,-51.0158,8.7500,4173.7031,-822.1287,161.0003,0.0175744,-0.0255410,-0.3276453,0.000000,0.000000,0.000000,0.00000,0.00000,0.000,0.000,0.000,0.000,0.000,-6.0000,0.0000,0.0000,6.0000,95.00,95.00,90.00,90.00,65535,65535,65535,1500,1,10,40.4365740,-86.8936927,157.700,0.514,0.000,0.000
40787,26254,18207,15170,0,0,0.41420,-1.16598,9.04051,0.011718,-0.036219,-0.012783,-8.534,1.453,19.941,190.2632,-51.0905,8.7230,4186.2285,-825.4317,161.4414,0.0175100,-0.0252484,-0.3279638,0.000000,0.000000,0.000000,0.00000,0.00000,0.000,0.000,0.000,0.000,0.000,-6.0000,0.0000,0.0000,6.0000,95.00,95.00,90.00,90.00,65535,65535,65535,1500,1,10,40.4365740,-86.8936927,157.700,0.514,0.000,0.000
40841,29849,18258,15306,0,0,0.87867,-1.13605,9.85932,-0.028762,-0.042611,-0.014914,-8.505,1.014,21.589,190.4233,-51.1490,8.7338,4199.0420,-828.8385,161.9180,0.0173405,-0.0247487,-0.3282568,0.000000,0.000000,0.000000,0.00000,0.00000,0.000,0.000,0.000,0.000,0.000,-6.0000,0.0000,0.0000,6.0000,95.00,95.00,90.00,90.00,65535,65535,65535,1500,1,10,40.4365743,-86.8936945,157.900,0.520,0.000,0.000
40885,24561,18143,15148,0,0,0.38188,-1.10612,9.99459,0.014914,-0.047937,-0.033023,-8.357,0.652,22.699,190.4912,-51.1815,8.7460,4208.5264,-831.3748,162.3010,0.0170914,-0.0243847,-0.3284046,0.000000,0.000000,0.000000,0.00000,0.00000,0.000,0.000,0.000,0.000,0.000,-6.0000,0.0000,0.0000,6.0000,95.00,95.00,90.00,90.00,65535,65535,65535,1500,1,10,40.4365743,-86.8936945,157.900,0.520,0.000,0.000
40936,26380,18264,15203,0,0,0.80206,-1.14443,9.93115,-0.050067,-0.028762,-0.007457,-8.298,0.418,24.075,190.5991,-51.2219,8.7699,4219.9092,-834.4039,162.7454,0.0168002,-0.0240903,-0.3285979,0.000000,0.000000,0.000000,0.00000,0.00000,0.000,0.000,0.000,0.000,0.000,-6.0000,0.0000,0.0000,6.0000,95.00,95.00,90.00,90.00,65535,65535,65535,1500,1,10,40.4365740,-86.8936955,158.100,0.653,0.000,0.000
40986,25942,18265,15231,0,0,-0.00958,-1.06662,10.45668,-0.062851,-0.023436,-0.025566,-8.236,0.470,24.917,190.5815,-51.2138,8.8118,4229.2637,-836.9204,163.1887,0.0166318,-0.0240526,-0.3285698,0.000000,0.000000,0.000000,0.00000,0.00000,0.000,0.000,0.000,0.000,0.000,-6.0000,0.0000,0.0000,6.0000,95.00,95.00,90.00,90.00,65535,65535,65535,1500,1,10,40.4365740,-86.8936955,158.100,0.653,0.000,0.000
41058,48980,21432,15456,0,0,1.19710,-1.35153,9.52533,-0.025566,-0.024501,-0.015979,-8.293,0.355,27.155,190.8846,-51.3095,8.8130,4246.7314,-841.5284,163.7866,0.0164299,-0.0237805,-0.3290368,0.000000,0.000000,0.000000,0.00000,0.00000,0.000,0.000,0.000,0.000,0.000,-6.0000,0.0000,0.0000,6.0000,95.00,95.00,90.00,90.00,65535,65535,65535,1500,1,10,40.4365738,-86.8936960,158.400,0.648,0.000,0.000
41088,27695,24457,21402,0,0,-0.25618,-1.64362,9.56364,-0.030893,-0.022371,-0.008522,-8.432,0.469,27.563,190.8593,-51.3000,8.8102,4251.5937,-842.8456,164.0309,0.0165056,-0.0238071,-0.3289959,0.000000,0.000000,0.000000,0.00000,0.00000,0.000,0.000,0.000,0.000,0.000,-6.0000,0.0000,0.0000,6.0000,95.00,95.00,90.00,90.00,65535,65535,65535,1500,1,10,40.4365738,-86.8936960,158.400,0.648,0.000,0.000
41139,31285,18279,15239,0,0,0.48602,-1.46046,9.75757,-0.029827,-0.025566,-0.018109,-8.622,0.452,29.398,191.0937,-51.3872,8.8076,4266.1572,-846.6929,164.5282,0.0164577,-0.0236459,-0.3293819,0.000000,0.000000,0.000000,0.00000,0.00000,0.000,0.000,0.000,0.000,0.000,-6.0000,0.0000,0.0000,6.0000,95.00,95.00,90.00,90.00,65535,65535,65535,1500,1,10,40.4365737,-86.8936967,158.500,0.648,0.000,0.000
41189,25915,18256,15208,0,0,0.06345,-1.92853,9.77074,-0.009587,-0.023436,-0.001065,-8.967,0.400,32.025,191.5654,-51.5681,8.7913,4283.4102,-851.1949,164.9638,0.0164220,-0.0233978,-0.3301667,0.000000,0.000000,0.000000,0.00000,0.00000,0.000,0.000,0.000,0.000,0.000,-6.0000,0.0000,0.0000,6.0000,95.00,95.00,90.00,90.00,65535,65535,65535,1500,1,10,40.4365737,-86.8936967,158.500,0.648,0.000,0.000
41240,31389,18284,15233,0,0,0.02514,-1.68432,10.04966,-0.019175,-0.023436,-0.007457,-9.045,0.440,33.711,191.7770,-51.6515,8.7888,4296.5859,-854.6768,165.4054,0.0163243,-0.0232875,-0.3305176,0.000000,0.000000,0.000000,0.00000,0.00000,0.000,0.000,0.000,0.000,0.000,-6.0000,0.0000,0.0000,6.0000,95.00,95.00,90.00,90.00,65535,65535,65535,1500,1,10,40.4365738,-86.8936972,158.700,0.622,0.000,0.000
41295,26296,18209,15188,0,0,0.12809,-1.70946,9.85214,-0.029827,-0.018109,0.003196,-9.235,0.590,35.051,191.8663,-51.6842,8.8091,4308.4634,-857.8530,165.8845,0.0163473,-0.0232448,-0.3306641,0.000000,0.000000,0.000000,0.00000,0.00000,0.000,0.000,0.000,0.000,0.000,-6.0000,0.0000,0.0000,6.0000,95.00,95.00,90.00,90.00,65535,65535,65535,1500,1,10,40.4365738,-86.8936972,158.700,0.622,0.000,0.000
41340,20054,18214,15206,0,0,0.11253,-1.67115,10.00297,-0.047937,-0.012783,-0.002131,-9.369,0.649,36.806,192.1266,-51.7805,8.8050,4321.3110,-861.2377,166.2755,0.0162547,-0.0231387,-0.3310887,0.000000,0.000000,0.000000,0.00000,0.00000,0.000,0.000,0.000,0.000,0.000,-6.0000,0.0000,0.0000,6.0000,95.00,95.00,90.00,90.00,65535,65535,65535,1500,1,10,40.4365742,-86.8936972,158.800,0.448,0.000,0.000
41407,39344,27001,18990,0,0,0.18794,-2.09253,9.94432,0.029827,-0.011718,0.012783,-9.257,0.849,37.929,192.1407,-51.7866,8.8236,4332.6162,-864.2795,166.7913,0.0161642,-0.0231347,-0.3310887,0.000000,0.000000,0.000000,0.00000,0.00000,0.000,0.000,0.000,0.000,0.000,-6.0000,0.0000,0.0000,6.0000,95.00,95.00,90.00,90.00,65535,65535,65535,1500,1,10,40.4365742,-86.8936972,158.800,0.448,0.000,0.000
41439,33826,25000,21958,0,0,0.44772,-1.09295,9.58878,0.018109,-0.012783,-0.004261,-9.106,0.870,39.048,192.2805,-51.8307,8.8159,4341.3887,-866.5989,167.0872,0.0159793,-0.0230535,-0.3313089,0.000000,0.000000,0.000000,0.00000,0.00000,0.000,0.000,0.000,0.000,0.000,-6.0000,0.0000,0.0000,6.0000,95.00,95.00,90.00,90.00,65535,65535,65535,1500,1,10,40.4365738,-86.8936963,158.800,0.309,0.000,0.000
41493,29380,18717,15340,0,0,0.33040,-1.12647,10.04966,-0.003196,-0.018109,0.005326,-8.923,1.024,40.240,192.2899,-51.8325,8.8429,4353.3164,-869.7993,167.6231,0.0157828,-0.0230359,-0.3313203,0.000000,0.000000,0.000000,0.00000,0.00000,0.000,0.000,0.000,0.000,0.000,-6.0000,0.0000,0.0000,6.0000,95.00,95.00,90.00,90.00,65535,65535,65535,1500,1,10,40.4365738,-86.8936963,158.800,0.309,0.000,0.000
41533,25483,33374,30309,0,0,0.36631,-1.42814,9.99699,0.027697,-0.014914,0.001065,-8.853,1.016,41.128,192.4021,-51.8718,8.8486,4360.0229,-871.5787,167.8463,0.0156932,-0.0229483,-0.3315032,0.000000,0.000000,0.000000,0.00000,0.00000,0.000,0.000,0.000,0.000,0.000,-6.0000,0.0000,0.0000,6.0000,95.00,95.00,90.00,90.00,65535,65535,65535,1500,1,10,40.4365740,-86.8936995,158.800,-0.477,-0.476,0.000
41593,36702,18360,15302,0,0,-0.22625,-1.03549,10.25915,0.055394,-0.012783,0.003196,-8.706,1.174,42.906,192.5051,-51.8996,8.8677,4376.0522,-875.8664,168.5036,0.0155093,-0.0228763,-0.3316644,0.000000,0.000000,0.000000,0.00000,0.00000,0.000,0.000,0.000,0.000,0.000,-6.0000,0.0000,0.0000,6.0000,95.00,95.00,90.00,90.00,65535,65535,65535,1500,1,10,40.4365740,-86.8936995,159.000,-0.477,-0.476,0.000
41644,26707,18257,15226,0,0,0.66918,-1.06662,9.74799,0.009587,0.004261,0.018109,-8.487,1.100,44.741,192.7286,-51.9776,8.8721,4389.6855,-879.4846,168.9593,0.0151487,-0.0226262,-0.3320276,0.000000,0.000000,0.000000,0.00000,0.00000,0.000,0.000,0.000,0.000,0.000,-6.0000,0.0000,0.0000,6.0000,95.00,95.00,90.00,90.00,65535,65535,65535,1500,1,10,40.4365745,-86.8937000,159.300,-0.282,-0.629,0.000
41704,34570,24131,15319,0,0,0.30167,-0.95888,10.26873,0.011718,-0.001065,0.008522,-8.352,1.130,46.219,192.8414,-52.0117,8.8900,4401.9341,-882.7618,169.4345,0.0149529,-0.0224618,-0.3322187,0.000000,0.000000,0.000000,0.00000,0.00000,0.000,0.000,0.000,0.000,0.000,-6.0000,0.0000,0.0000,6.0000,95.00,95.00,90.00,90.00,65535,65535,65535,1500,1,10,40.4365745,-86.8937000,159.300,-0.282,-0.629,0.000
41749,19640,18195,15150,0,0,0.63446,-1.68073,9.32302,0.022371,-0.027697,-0.001065,-8.340,0.992,47.920,193.0287,-52.0767,8.8867,4414.7119,-886.1903,169.8811,0.0149211,-0.0221849,-0.3325529,0.000000,0.000000,0.000000,0.00000,0.00000,0.000,0.000,0.000,0.000,0.000,-6.0000,0.0000,0.0000,6.0000,95.00,95.00,90.00,90.00,65535,65535,65535,1500,1,10,40.4365752,-86.8937013,159.300,-0.109,-0.774,0.000
41799,25927,18262,15215,0,0,-0.36512,-1.03908,10.59315,0.082025,-0.035154,-0.006392,-8.057,1.083,48.864,193.0245,-52.0759,8.9057,4424.3940,-888.7980,170.3280,0.0148503,-0.0221789,-0.3325452,0.000000,0.000000,0.000000,0.00000,0.00000,0.000,0.000,0.000,0.000,0.000,-6.0000,0.0000,0.0000,6.0000,95.00,95.00,90.00,90.00,65535,65535,65535,1500,1,10,40.4365752,-86.8937013,159.300,-0.109,-0.774,0.000
41851,26502,18254,15213,0,0,1.25576,-1.16598,9.70969,0.043676,-0.033023,-0.010653,-7.983,0.663,49.678,192.9410,-52.0471,8.9124,4432.7910,-891.1412,170.7904,0.0148711,-0.0216946,-0.3324669,0.000000,0.000000,0.000000,0.00000,0.00000,0.000,0.000,0.000,0.000,0.000,-6.0000,0.0000,0.0000,6.0000,95.00,95.00,90.00,90.00,65535,65535,65535,1500,1,10,40.4365750,-86.8937018,159.500,-0.038,-0.724,0.000
41882,24423,25022,21983,0,0,0.30526,-1.08218,9.88686,0.013848,-0.028762,0.011718,-7.897,0.589,50.065,192.9062,-52.0365,8.9167,4436.9331,-892.2721,171.0094,0.0147870,-0.0215896,-0.3324182,0.000000,0.000000,0.000000,0.00000,0.00000,0.000,0.000,0.000,0.000,0.000,-6.0000,0.0000,0.0000,6.0000,95.00,95.00,90.00,90.00,65535,65535,65535,1500,1,10,40.4365750,-86.8937018,159.500,-0.038,-0.724,0.000
41935,25003,18209,15187,0,0,0.17717,-1.17076,9.90361,0.057524,-0.034088,-0.013848,-7.661,0.404,50.954,192.8246,-52.0021,8.9440,4447.1084,-895.0521,171.5483,0.0146369,-0.0213454,-0.3323039,0.000000,0.000000,0.000000,0.00000,0.00000,0.000,0.000,0.000,0.000,0.000,-6.0000,0.0000,0.0000,6.0000,95.00,95.00,90.00,90.00,65535,65535,65535,1500,1,10,40.4365742,-86.8937002,159.700,-0.025,-0.483,0.000
41987,27997,18243,15211,0,0,-0.04669,-1.30245,9.66659,0.078830,-0.028762,-0.003196,-7.684,0.230,51.665,192.7237,-51.9716,8.9310,4455.4502,-897.3654,172.0192,0.0147480,-0.0210828,-0.3321845,0.000000,0.000000,0.000000,0.00000,0.00000,0.000,0.000,0.000,0.000,0.000,-6.0000,0.0000,0.0000,6.0000,95.00,95.00,90.00,90.00,65535,65535,65535,1500,1,10,40.4365742,-86.8937002,159.700,-0.025,-0.483,0.000
42055,39999,26720,18792,0,0,-0.58179,-1.26773,9.14705,0.028762,-0.026632,-0.010653,-7.592,0.543,53.033,192.8204,-52.0085,8.9280,4468.5532,-900.8561,172.5449,0.0147453,-0.0212559,-0.3323234,0.000000,0.000000,0.000000,0.00000,0.00000,0.000,0.000,0.000,0.000,0.000,-6.0000,0.0000,0.0000,6.0000,95.00,95.00,90.00,90.00,65535,65535,65535,1500,1,10,40.4365735,-86.8936992,159.800,-0.019,-0.365,0.000
42092,32973,30369,27341,0,0,0.81044,-1.34913,10.14782,0.024501,-0.034088,-0.028762,-7.573,0.275,53.111,192.6570,-51.9510,8.9460,4472.0635,-901.8744,172.8455,0.0147494,-0.0209707,-0.3320903,0.000000,0.000000,0.000000,0.00000,0.00000,0.000,0.000,0.000,0.000,0.000,-6.0000,0.0000,0.0000,6.0000,95.00,95.00,90.00,90.00,65535,65535,65535,1500,1,10,40.4365735,-86.8936992,159.800,-0.019,-0.365,0.000
42147,26837,18224,15197,0,0,0.50278,-1.28688,10.33697,0.044741,-0.020240,-0.035154,-7.486,-0.129,53.488,192.4001,-51.8560,8.9904,4480.4810,-904.2551,173.4574,0.0146980,-0.0204929,-0.3317212,0.000000,0.000000,0.000000,0.00000,0.00000,0.000,0.000,0.000,0.000,0.000,-6.0000,0.0000,0.0000,6.0000,95.00,95.00,90.00,90.00,65535,65535,65535,1500,1,10,40.4365720,-86.8936977,160.000,-0.019,-0.365,0.000
42191,19708,18185,15147,0,0,-0.25019,-1.82797,10.15501,0.030893,0.008522,-0.021305,-7.668,-0.207,53.817,192.2506,-51.8119,8.9888,4486.4116,-905.9308,173.8589,0.0148760,-0.0202582,-0.3315300,0.000000,0.000000,0.000000,0.00000,0.00000,0.000,0.000,0.000,0.000,0.000,-6.0000,0.0000,0.0000,6.0000,95.00,95.00,90.00,90.00,65535,65535,65535,1500,1,10,40.4365720,-86.8936977,160.000,-0.019,-0.365,0.000
42242,26646,18287,15222,0,0,0.40821,-1.82797,10.13226,0.051133,0.004261,-0.023436,-7.708,-0.404,54.146,192.0597,-51.7590,8.9854,4492.9062,-907.7720,174.3246,0.0149186,-0.0198987,-0.3312727,0.000000,0.000000,0.000000,0.00000,0.00000,0.000,0.000,0.000,0.000,0.000,-6.0000,0.0000,0.0000,6.0000,95.00,95.00,90.00,90.00,65535,65535,65535,1500,1,10,40.4365703,-86.8936963,159.900,-0.433,-0.496,0.000
42292,25915,18236,15198,0,0,0.26815,-1.23301,10.17536,0.027697,-0.020240,-0.039415,-7.616,-0.226,55.037,192.0754,-51.7627,8.9930,4502.8735,-910.4448,174.7769,0.0148606,-0.0199319,-0.3312881,0.000000,0.000000,0.000000,0.00000,0.00000,0.000,0.000,0.000,0.000,0.000,-6.0000,0.0000,0.0000,6.0000,95.00,95.00,90.00,90.00,65535,65535,65535,1500,1,10,40.4365703,-86.8936963,159.900,-0.433,-0.496,0.000
42347,30357,18317,15317,0,0,-0.35075,-2.05901,9.66420,-0.008522,0.001065,-0.021305,-7.841,-0.206,55.795,192.0037,-51.7486,8.9797,4512.0771,-912.9697,175.2717,0.0149168,-0.0197636,-0.3311976,0.000000,0.000000,0.000000,0.00000,0.00000,0.000,0.000,0.000,0.000,0.000,-6.0000,0.0000,0.0000,6.0000,95.00,95.00,90.00,90.00,65535,65535,65535,1500,1,11,40.4365698,-86.8936958,159.900,-0.433,-0.496,0.000
42391,19793,18221,15168,0,0,0.28371,-0.85114,10.24958,0.005326,-0.002131,-0.022371,-7.735,-0.073,56.475,191.9802,-51.7433,8.9931,4520.2339,-915.1546,175.6709,0.0147481,-0.0197577,-0.3311433,0.000000,0.000000,0.000000,0.00000,0.00000,0.000,0.000,0.000,0.000,0.000,-6.0000,0.0000,0.0000,6.0000,95.00,95.00,90.00,90.00,65535,65535,65535,1500,1,11,40.4365698,-86.8936958,159.900,-0.433,-0.496,0.000
42460,40140,22085,19068,0,0,0.50757,-1.34794,9.75039,0.022371,-0.004261,-0.021305,-7.801,0.149,57.594,191.9850,-51.7380,9.0196,4532.6055,-918.4952,176.2522,0.0147943,-0.0197495,-0.3311496,0.000000,0.000000,0.000000,0.00000,0.00000,0.000,0.000,0.000,0.000,0.000,-6.0000,0.0000,0.0000,6.0000,95.00,95.00,90.00,90.00,65535,65535,65535,1500,1,11,40.4365702,-86.8936962,160.000,-0.433,-0.496,0.000
42491,28419,24888,21874,0,0,0.33878,-1.53468,9.79947,-0.008522,-0.020240,-0.035154,-7.888,0.106,58.053,191.9694,-51.7332,9.0233,4537.7090,-919.8943,176.5092,0.0148271,-0.0196436,-0.3311411,0.000000,0.000000,0.000000,0.00000,0.00000,0.000,0.000,0.000,0.000,0.000,-6.0000,0.0000,0.0000,6.0000,95.00,95.00,90.00,90.00,65535,65535,65535,1500,1,11,40.4365702,-86.8936962,160.000,-0.433,-0.496,0.000
42563,43985,21923,15424,0,0,-0.16879,-1.29287,8.97586,0.002131,-0.011718,-0.023436,-8.115,0.254,59.424,191.9782,-51.7369,8.9831,4552.1470,-923.8130,177.1861,0.0149311,-0.0195442,-0.3311763,0.000000,0.000000,0.000000,0.00000,0.00000,0.000,0.000,0.000,0.000,0.000,-6.0000,0.0000,0.0000,6.0000,95.00,95.00,90.00,90.00,65535,65535,65535,1500,1,11,40.4365710,-86.8936955,160.200,-0.146,-0.167,0.000
42600,28128,30491,27484,0,0,0.79487,-1.60890,9.39964,0.015979,-0.009587,-0.043676,-8.190,0.084,59.902,191.9598,-51.7321,8.9763,4557.0586,-925.1848,177.4395,0.0149655,-0.0193020,-0.3311847,0.000000,0.000000,0.000000,0.00000,0.00000,0.000,0.000,0.000,0.000,0.000,-6.0000,0.0000,0.0000,6.0000,95.00,95.00,90.00,90.00,65535,65535,65535,1500,1,11,40.4365710,-86.8936955,160.200,-0.146,-0.167,0.000
42645,20279,18241,15204,0,0,-0.11851,-1.73340,9.88087,-0.008522,-0.005326,-0.023436,-8.365,0.471,61.004,192.0067,-51.7521,9.0081,4568.8647,-928.3503,177.9502,0.0151136,-0.0194611,-0.3312547,0.000000,0.000000,0.000000,0.00000,0.00000,0.000,0.000,0.000,0.000,0.000,-6.0000,0.0000,0.0000,6.0000,95.00,95.00,90.00,90.00,65535,65535,65535,1500,1,11,40.4365717,-86.8936957,160.400,-0.146,-0.167,0.000
42695,26071,18273,15231,0,0,0.14605,-1.37427,9.44991,-0.058590,-0.005326,-0.029827,-8.299,0.395,61.770,191.9635,-51.7431,8.9925,4577.7861,-930.7708,178.4069,0.0149151,-0.0192693,-0.3311940,0.000000,0.000000,0.000000,0.00000,0.00000,0.000,0.000,0.000,0.000,0.000,-6.0000,0.0000,0.0000,6.0000,95.00,95.00,90.00,90.00,65535,65535,65535,1500,1,11,40.4365717,-86.8936957,160.400,-0.146,-0.167,0.000
42746,26778,18294,15240,0,0,-0.18675,-1.54665,10.03290,-0.063916,0.008522,-0.028762,-8.466,0.482,62.737,191.9771,-51.7490,8.9830,4587.7734,-933.4793,178.8659,0.0149026,-0.0191600,-0.3312332,0.000000,0.000000,0.000000,0.00000,0.00000,0.000,0.000,0.000,0.000,0.000,-6.0000,0.0000,0.0000,6.0000,95.00,95.00,90.00,90.00,65535,65535,65535,1500,1,11,40.4365717,-86.8936950,160.500,-0.074,-0.085,0.000
42782,28334,25589,16771,0,0,0.95768,-1.29766,9.73722,-0.022371,-0.009587,-0.020240,-8.475,0.330,63.627,192.0691,-51.7697,8.9819,4594.5767,-935.3287,179.1164,0.0147884,-0.0189376,-0.3314060,0.000000,0.000000,0.000000,0.00000,0.00000,0.000,0.000,0.000,0.000,0.000,-6.0000,0.0000,0.0000,6.0000,95.00,95.00,90.00,90.00,65535,65535,65535,1500,1,11,40.4365717,-86.8936950,160.500,-0.074,-0.085,0.000
42846,19762,18199,15166,0,0,0.43694,-1.41138,10.66138,-0.005326,-0.020240,-0.012783,-8.526,0.246,65.575,192.2351,-51.8168,8.9889,4610.8408,-939.7144,179.7500,0.0145850,-0.0186878,-0.3316925,0.000000,0.000000,0.000000,0.00000,0.00000,0.000,0.000,0.000,0.000,0.000,-6.0000,0.0000,0.0000,6.0000,95.00,95.00,90.00,90.00,65535,65535,65535,1500,1,12,40.4365732,-86.8936960,160.900,-0.240,-0.275,0.000
42896,26014,18266,15204,0,0,-0.04310,-1.23780,10.82897,0.027697,-0.035154,-0.024501,-8.366,0.226,66.658,192.2829,-51.8287,9.0189,4621.3154,-942.5324,180.2012,0.0144464,-0.0185909,-0.3317750,0.000000,0.000000,0.000000,0.00000,0.00000,0.000,0.000,0.000,0.000,0.000,-6.0000,0.0000,0.0000,6.0000,95.00,95.00,90.00,90.00,65535,65535,65535,1500,1,12,40.4365732,-86.8936960,160.900,-0.240,-0.275,0.000
42947,31508,18335,15265,0,0,0.60454,-0.85473,9.71567,-0.017044,-0.024501,-0.015979,-8.239,0.182,67.860,192.3601,-51.8430,9.0233,4632.3745,-945.4909,180.6558,0.0141740,-0.0184760,-0.3318948,0.000000,0.000000,0.000000,0.00000,0.00000,0.000,0.000,0.000,0.000,0.000,-6.0000,0.0000,0.0000,6.0000,95.00,95.00,90.00,90.00,65535,65535,65535,1500,1,12,40.4365738,-86.8936963,160.900,-0.315,-0.360,0.000
43007,29978,24146,15333,0,0,0.50159,-1.37906,10.35732,-0.023436,-0.018109,-0.003196,-8.367,0.248,69.134,192.4265,-51.8548,9.0488,4643.8677,-948.5959,181.1441,0.0141750,-0.0183955,-0.3320161,0.000000,0.000000,0.000000,0.00000,0.00000,0.000,0.000,0.000,0.000,0.000,-6.0000,0.0000,0.0000,6.0000,95.00,95.00,90.00,90.00,65535,65535,65535,1500,1,12,40.4365738,-86.8936963,160.900,-0.315,-0.360,0.000
43047,30417,33376,30329,0,0,0.65481,-1.08936,10.00896,0.038350,-0.018109,-0.012783,-8.221,0.180,70.002,192.5061,-51.8688,9.0552,4651.0093,-950.5157,181.4155,0.0140316,-0.0182703,-0.3321539,0.000000,0.000000,0.000000,0.00000,0.00000,0.000,0.000,0.000,0.000,0.000,-6.0000,0.0000,0.0000,6.0000,95.00,95.00,90.00,90.00,65535,65535,65535,1500,1,12,40.4365738,-86.8936963,160.900,-0.315,-0.360,0.000
43083,40441,28450,25426,0,0,0.33758,-1.33836,8.87650,0.222640,-0.015979,-0.008522,-7.775,0.154,70.629,192.4633,-51.8546,9.0228,4657.9482,-952.4161,181.7834,0.0140612,-0.0181420,-0.3321006,0.000000,0.000000,0.000000,0.00000,0.00000,0.000,0.000,0.000,0.000,0.000,-6.0000,0.0000,0.0000,6.0000,95.00,95.00,90.00,90.00,65535,65535,65535,1500,1,12,40.4365730,-86.8936953,161.300,-0.220,-0.252,0.000
43140,32765,18357,15307,0,0,-0.12330,-1.87945,10.10353,0.004261,-0.019175,-0.009587,-7.954,0.345,71.885,192.4642,-51.8548,9.0598,4670.8687,-955.9119,182.3935,0.0141486,-0.0181265,-0.3321095,0.000000,0.000000,0.000000,0.00000,0.00000,0.000,0.000,0.000,0.000,0.000,-6.0000,0.0000,0.0000,6.0000,95.00,95.00,90.00,90.00,65535,65535,65535,1500,1,12,40.4365730,-86.8936953,161.300,-0.220,-0.252,0.000
43191,25899,18223,15177,0,0,0.65122,-0.92895,10.08318,0.013848,-0.030893,-0.003196,-7.792,0.284,72.734,192.4315,-51.8474,9.0775,4680.1450,-958.4166,182.8589,0.0140041,-0.0180053,-0.3320601,0.000000,0.000000,0.000000,0.00000,0.00000,0.000,0.000,0.000,0.000,0.000,-6.0000,0.0000,0.0000,6.0000,95.00,95.00,90.00,90.00,65535,65535,65535,1500,1,12,40.4365717,-86.8936940,161.400,-0.220,-0.252,0.000
43245,25271,18236,15198,0,0,0.57221,-1.31083,10.57040,0.042611,-0.038350,0.001065,-7.674,0.172,73.709,192.4065,-51.8414,9.1106,4690.0249,-961.0875,183.3477,0.0138625,-0.0178624,-0.3320287,0.000000,0.000000,0.000000,0.00000,0.00000,0.000,0.000,0.000,0.000,0.000,-6.0000,0.0000,0.0000,6.0000,95.00,95.00,90.00,90.00,65535,65535,65535,1500,1,12,40.4365717,-86.8936940,161.400,-0.220,-0.252,0.000
43289,19645,18205,15184,0,0,0.97205,-1.27970,9.99459,-0.008522,-0.030893,0.001065,-7.677,0.035,74.585,192.3970,-51.8454,9.1330,4698.3936,-963.3633,183.7556,0.0137505,-0.0176698,-0.3320346,0.000000,0.000000,0.000000,0.00000,0.00000,0.000,0.000,0.000,0.000,0.000,-6.0000,0.0000,0.0000,6.0000,95.00,95.00,90.00,90.00,65535,65535,65535,1500,1,11,40.4365705,-86.8936907,161.600,-0.220,-0.252,0.000
43339,25886,18241,15210,0,0,0.81523,-0.90860,9.41999,-0.051133,-0.023436,0.011718,-7.785,-0.074,75.809,192.4450,-51.8559,9.1239,4708.7617,-966.1752,184.2118,0.0136351,-0.0174616,-0.3321369,0.000000,0.000000,0.000000,0.00000,0.00000,0.000,0.000,0.000,0.000,0.000,-6.0000,0.0000,0.0000,6.0000,95.00,95.00,90.00,90.00,65535,65535,65535,1500,1,11,40.4365705,-86.8936907,161.600,-0.220,-0.252,0.000
43391,25968,18228,15178,0,0,0.29928,-1.44011,9.06205,0.013848,-0.015979,-0.005326,-8.129,-0.133,76.793,192.4186,-51.8503,9.1145,4717.9155,-968.7175,184.6795,0.0138462,-0.0172336,-0.3321524,0.000000,0.000000,0.000000,0.00000,0.00000,0.000,0.000,0.000,0.000,0.000,-6.0000,0.0000,0.0000,6.0000,95.00,95.00,90.00,90.00,65535,65535,65535,1500,1,10,40.4365693,-86.8936875,161.800,-0.519,0.031,0.000
43462,43435,21463,15412,0,0,-0.23104,-1.31561,9.86291,-0.027697,-0.008522,0.007457,-8.300,0.091,78.032,192.4031,-51.8517,9.1136,4730.7759,-972.1808,185.2982,0.0138434,-0.0172495,-0.3321290,0.000000,0.000000,0.000000,0.00000,0.00000,0.000,0.000,0.000,0.000,0.000,-6.0000,0.0000,0.0000,6.0000,95.00,95.00,90.00,90.00,65535,65535,65535,1500,1,10,40.4365693,-86.8936875,161.800,-0.519,0.031,0.000
43487,28334,18791,15748,0,0,0.11133,-1.02711,9.82820,0.033023,-0.010653,0.003196,-8.156,0.156,78.690,192.4384,-51.8581,9.1148,4736.8779,-973.8057,185.5545,0.0137276,-0.0172439,-0.3321780,0.000000,0.000000,0.000000,0.00000,0.00000,0.000,0.000,0.000,0.000,0.000,-6.0000,0.0000,0.0000,6.0000,95.00,95.00,90.00,90.00,65535,65535,65535,1500,1,11,40.4365697,-86.8936872,161.900,-0.519,0.031,0.000
43554,39214,26593,18616,0,0,0.39385,-0.93254,9.29549,-0.057524,-0.011718,0.023436,-8.157,0.306,80.086,192.4998,-51.8628,9.1003,4749.3662,-977.1487,186.0885,0.0135996,-0.0172250,-0.3322767,0.000000,0.000000,0.000000,0.00000,0.00000,0.000,0.000,0.000,0.000,0.000,-6.0000,0.0000,0.0000,6.0000,95.00,95.00,90.00,90.00,65535,65535,65535,1500,1,11,40.4365697,-86.8936872,161.900,-0.519,0.031,0.000
43591,33421,30374,27352,0,0,0.01915,-1.77051,9.66420,-0.049002,-0.020240,0.003196,-8.376,0.368,80.732,192.4976,-51.8615,9.1007,4755.6475,-978.8624,186.3926,0.0136886,-0.0171865,-0.3322849,0.000000,0.000000,0.000000,0.00000,0.00000,0.000,0.000,0.000,0.000,0.000,-6.0000,0.0000,0.0000,6.0000,95.00,95.00,90.00,90.00,65535,65535,65535,1500,1,11,40.4365693,-86.8936857,161.900,-0.420,0.348,0.000
43642,30803,18266,15222,0,0,-0.08859,-1.65439,10.41597,-0.027697,-0.021305,0.001065,-8.328,0.445,82.212,192.5714,-51.8724,9.1316,4768.9033,-982.4209,186.9557,0.0135758,-0.0171233,-0.3324092,0.000000,0.000000,0.000000,0.00000,0.00000,0.000,0.000,0.000,0.000,0.000,-6.0000,0.0000,0.0000,6.0000,95.00,95.00,90.00,90.00,65535,65535,65535,1500,1,11,40.4365693,-86.8936857,161.900,-0.420,0.348,0.000
43689,19605,18173,15144,0,0,-0.11133,-1.76333,9.72884,-0.023436,-0.022371,0.009587,-8.423,0.533,83.188,192.5785,-51.8733,9.1354,4778.2593,-984.9510,187.3929,0.0136036,-0.0170892,-0.3324343,0.000000,0.000000,0.000000,0.00000,0.00000,0.000,0.000,0.000,0.000,0.000,-6.0000,0.0000,0.0000,6.0000,95.00,95.00,90.00,90.00,65535,65535,65535,1500,1,11,40.4365693,-86.8936857,161.900,-0.420,0.348,0.000
43739,30701,18220,15201,0,0,0.05866,-1.85431,9.49780,-0.020240,-0.011718,0.010653,-8.522,0.520,84.946,192.7830,-51.9135,9.1176,4791.1182,-988.4080,187.8333,0.0134837,-0.0169228,-0.3327855,0.000000,0.000000,0.000000,0.00000,0.00000,0.000,0.000,0.000,0.000,0.000,-6.0000,0.0000,0.0000,6.0000,95.00,95.00,90.00,90.00,65535,65535,65535,1500,1,11,40.4365693,-86.8936857,161.900,-0.420,0.348,0.000
43791,26964,18236,15203,0,0,-0.01676,-1.04028,9.48583,-0.054328,-0.023436,-0.006392,-8.579,0.473,86.774,193.0058,-51.9528,9.0945,4804.7202,-992.0551,188.2843,0.0133272,-0.0167539,-0.3331759,0.000000,0.000000,0.000000,0.00000,0.00000,0.000,0.000,0.000,0.000,0.000,-6.0000,0.0000,0.0000,6.0000,95.00,95.00,90.00,90.00,65535,65535,65535,1500,1,11,40.4365678,-86.8936840,162.300,-0.334,0.364,0.000
43841,26019,18218,15186,0,0,0.66319,-1.29287,9.45351,0.019175,-0.013848,0.004261,-8.446,0.349,89.306,193.4094,-52.0209,9.0613,4821.2383,-996.4598,188.7135,0.0130234,-0.0164966,-0.3338715,0.000000,0.000000,0.000000,0.00000,0.00000,0.000,0.000,0.000,0.000,0.000,-6.0000,0.0000,0.0000,6.0000,95.00,95.00,90.00,90.00,65535,65535,65535,1500,1,11,40.4365678,-86.8936840,162.300,-0.334,0.364,0.000
43899,29991,21633,15315,0,0,0.10175,-1.76213,9.66420,-0.029827,-0.009587,0.009587,-8.622,0.463,90.489,193.4371,-52.0231,9.0765,4832.1035,-999.4059,189.2041,0.0131084,-0.0164300,-0.3339379,0.000000,0.000000,0.000000,0.00000,0.00000,0.000,0.000,0.000,0.000,0.000,-6.0000,0.0000,0.0000,6.0000,95.00,95.00,90.00,90.00,65535,65535,65535,1500,1,11,40.4365675,-86.8936828,162.400,-0.334,0.364,0.000
43943,19712,18190,15163,0,0,0.51116,-0.84276,10.25676,0.009587,-0.025566,0.001065,-8.403,0.464,92.397,193.7054,-52.0669,9.0785,4845.9868,-1003.0660,189.6179,0.0127305,-0.0163430,-0.3343650,0.000000,0.000000,0.000000,0.00000,0.00000,0.000,0.000,0.000,0.000,0.000,-6.0000,0.0000,0.0000,6.0000,95.00,95.00,90.00,90.00,65535,65535,65535,1500,1,11,40.4365675,-86.8936828,162.400,-0.334,0.364,0.000
43994,26730,18256,15233,0,0,0.01556,-1.15281,10.21606,-0.041545,-0.027697,-0.011718,-8.353,0.588,93.457,193.7418,-52.0736,9.1093,4856.6206,-1005.8893,190.0803,0.0125848,-0.0163792,-0.3344060,0.000000,0.000000,0.000000,0.00000,0.00000,0.000,0.000,0.000,0.000,0.000,-6.0000,0.0000,0.0000,6.0000,95.00,95.00,90.00,90.00,65535,65535,65535,1500,1,11,40.4365667,-86.8936818,162.500,-0.381,0.376,0.000
44034,24435,33355,30337,0,0,-0.12570,-1.21147,10.35373,0.001065,-0.028762,-0.018109,-8.285,0.644,93.947,193.7598,-52.0769,9.1240,4861.7178,-1007.2410,190.3021,0.0125102,-0.0164001,-0.3344247,0.000000,0.000000,0.000000,0.00000,0.00000,0.000,0.000,0.000,0.000,0.000,-6.0000,0.0000,0.0000,6.0000,95.00,95.00,90.00,90.00,65535,65535,65535,1500,1,11,40.4365667,-86.8936818,162.500,-0.381,0.376,0.000
44105,42444,22825,15431,0,0,0.54468,-1.36469,10.32021,0.008522,-0.028762,-0.012783,-8.156,0.673,96.154,193.9294,-52.0889,9.1511,4880.6709,-1012.3049,191.0382,0.0123370,-0.0162950,-0.3347270,0.000000,0.000000,0.000000,0.00000,0.00000,0.000,0.000,0.000,0.000,0.000,-6.0000,0.0000,0.0000,6.0000,95.00,95.00,90.00,90.00,65535,65535,65535,1500,1,11,40.4365667,-86.8936807,162.500,-0.325,0.399,0.000
44149,19761,18211,15192,0,0,0.38786,-1.22463,9.99220,0.038350,-0.033023,-0.007457,-7.996,0.654,97.733,194.1010,-52.1153,9.1674,4893.1289,-1015.6129,191.4715,0.0121314,-0.0162064,-0.3350147,0.000000,0.000000,0.000000,0.00000,0.00000,0.000,0.000,0.000,0.000,0.000,-6.0000,0.0000,0.0000,6.0000,95.00,95.00,90.00,90.00,65535,65535,65535,1500,1,11,40.4365667,-86.8936807,162.500,-0.325,0.399,0.000
44200,31534,18279,15245,0,0,0.28491,-1.37068,9.67138,0.060720,-0.037284,-0.011718,-7.974,0.537,99.042,194.1751,-52.1253,9.1615,4904.1533,-1018.5987,191.9289,0.0121386,-0.0160236,-0.3351791,0.000000,0.000000,0.000000,0.00000,0.00000,0.000,0.000,0.000,0.000,0.000,-6.0000,0.0000,0.0000,6.0000,95.00,95.00,90.00,90.00,65535,65535,65535,1500,1,12,40.4365673,-86.8936805,162.700,-0.224,0.275,0.000
44250,25925,18225,15190,0,0,0.76734,-1.55264,9.70609,0.018109,-0.030893,-0.022371,-7.928,0.385,100.426,194.2824,-52.1386,9.1777,4915.7339,-1021.7132,192.3819,0.0120285,-0.0158155,-0.3353894,0.000000,0.000000,0.000000,0.00000,0.00000,0.000,0.000,0.000,0.000,0.000,-6.0000,0.0000,0.0000,6.0000,95.00,95.00,90.00,90.00,65535,65535,65535,1500,1,12,40.4365673,-86.8936805,162.700,-0.224,0.275,0.000
44311,35512,24182,15318,0,0,0.51595,-0.91937,9.89763,0.023436,-0.030893,-0.022371,-7.768,0.234,102.186,194.4645,-52.1625,9.1738,4929.6050,-1025.4067,192.8679,0.0117811,-0.0156095,-0.3357214,0.000000,0.000000,0.000000,0.00000,0.00000,0.000,0.000,0.000,0.000,0.000,-6.0000,0.0000,0.0000,6.0000,95.00,95.00,90.00,90.00,65535,65535,65535,1500,1,12,40.4365672,-86.8936810,162.800,-0.088,0.108,0.000
44336,30491,18849,15835,0,0,0.30406,-1.78727,9.78989,0.018109,-0.025566,-0.021305,-7.880,0.179,102.619,194.4198,-52.1531,9.1790,4934.5937,-1026.7914,193.1508,0.0118870,-0.0154874,-0.3356747,0.000000,0.000000,0.000000,0.00000,0.00000,0.000,0.000,0.000,0.000,0.000,-6.0000,0.0000,0.0000,6.0000,95.00,95.00,90.00,90.00,65535,65535,65535,1500,1,12,40.4365672,-86.8936810,162.800,-0.088,0.108,0.000
44387,26309,18237,15214,0,0,-0.05986,-1.41138,11.14501,0.010653,-0.005326,-0.025566,-7.768,0.253,103.670,194.4498,-52.1570,9.2284,4945.1079,-1029.6064,193.6203,0.0118239,-0.0154335,-0.3357300,0.000000,0.000000,0.000000,0.00000,0.00000,0.000,0.000,0.000,0.000,0.000,-6.0000,0.0000,0.0000,6.0000,95.00,95.00,90.00,90.00,65535,65535,65535,1500,1,12,40.4365667,-86.8936800,162.800,-0.107,0.132,0.000
44437,25939,18251,15217,0,0,0.72065,-1.11570,9.77672,-0.008522,-0.003196,-0.024501,-7.649,0.137,104.720,194.4715,-52.1594,9.2256,4955.2178,-1032.3356,194.0835,0.0117081,-0.0152047,-0.3357938,0.000000,0.000000,0.000000,0.00000,0.00000,0.000,0.000,0.000,0.000,0.000,-6.0000,0.0000,0.0000,6.0000,95.00,95.00,90.00,90.00,65535,65535,65535,1500,1,12,40.4365667,-86.8936800,162.800,-0.107,0.132,0.000
44505,40168,21563,18511,0,0,0.62728,-0.87029,10.34056,-0.011718,-0.004261,-0.013848,-7.571,-0.085,106.172,194.5074,-52.1570,9.2606,4968.4707,-1035.9109,194.6752,0.0114933,-0.0148357,-0.3359145,0.000000,0.000000,0.000000,0.00000,0.00000,0.000,0.000,0.000,0.000,0.000,-6.0000,0.0000,0.0000,6.0000,95.00,95.00,90.00,90.00,65535,65535,65535,1500,1,12,40.4365667,-86.8936787,162.800,-0.101,0.124,0.000
44559,31505,43839,33417,0,0,0.33758,-1.44370,9.09916,0.000000,-0.022371,-0.025566,-7.661,-0.128,106.706,194.4888,-52.1526,9.2424,4974.1655,-1037.4691,194.9678,0.0115426,-0.0147299,-0.3359063,0.000000,0.000000,0.000000,0.00000,0.00000,0.000,0.000,0.000,0.000,0.000,-6.0000,0.0000,0.0000,6.0000,95.00,95.00,90.00,90.00,65535,65535,65535,1500,1,12,40.4365667,-86.8936787,162.800,-0.101,0.124,0.000
44589,44947,29411,21380,0,0,-0.09218,-0.93853,9.90840,-0.073503,-0.012783,-0.024501,-7.758,0.023,107.584,194.5137,-52.1612,9.2479,4983.5718,-1039.9559,195.3812,0.0114295,-0.0147839,-0.3359383,0.000000,0.000000,0.000000,0.00000,0.00000,0.000,0.000,0.000,0.000,0.000,-6.0000,0.0000,0.0000,6.0000,95.00,95.00,90.00,90.00,65535,65535,65535,1500,1,12,40.4365667,-86.8936787,162.800,-0.101,0.124,0.000
44640,30915,18314,15234,0,0,-0.53510,-0.98043,9.59237,0.018109,-0.022371,-0.031958,-7.847,0.293,108.368,194.4491,-52.1568,9.2444,4994.4033,-1042.8579,195.9558,0.0114816,-0.0148993,-0.3358053,0.000000,0.000000,0.000000,0.00000,0.00000,0.000,0.000,0.000,0.000,0.000,-6.0000,0.0000,0.0000,6.0000,95.00,95.00,90.00,90.00,65535,65535,65535,1500,1,12,40.4365667,-86.8936787,162.800,-0.101,0.124,0.000
44691,26654,18278,15237,0,0,0.27054,-0.98043,10.23761,0.025566,-0.018109,-0.036219,-7.916,0.407,109.148,194.4187,-52.1529,9.2563,5003.8013,-1045.3943,196.4305,0.0115348,-0.0148919,-0.3357633,0.000000,0.000000,0.000000,0.00000,0.00000,0.000,0.000,0.000,0.000,0.000,-6.0000,0.0000,0.0000,6.0000,95.00,95.00,90.00,90.00,65535,65535,65535,1500,1,12,40.4365645,-86.8936785,163.500,-0.266,0.327,0.000
44752,29929,25008,15321,0,0,0.42138,-1.28569,8.85735,0.000000,-0.012783,-0.024501,-7.999,0.323,110.508,194.4928,-52.1573,9.2599,5015.5737,-1048.5782,196.9268,0.0115227,-0.0146781,-0.3359372,0.000000,0.000000,0.000000,0.00000,0.00000,0.000,0.000,0.000,0.000,0.000,-6.0000,0.0000,0.0000,6.0000,95.00,95.00,90.00,90.00,65535,65535,65535,1500,1,12,40.4365645,-86.8936785,163.500,-0.266,0.327,0.000
44797,20230,18271,15208,0,0,0.22745,-1.36709,10.10233,-0.027697,-0.018109,-0.019175,-8.199,0.412,111.491,194.5017,-52.1587,9.2746,5025.6816,-1051.3024,197.4041,0.0115598,-0.0146382,-0.3359618,0.000000,0.000000,0.000000,0.00000,0.00000,0.000,0.000,0.000,0.000,0.000,-6.0000,0.0000,0.0000,6.0000,95.00,95.00,90.00,90.00,65535,65535,65535,1500,1,12,40.4365648,-86.8936795,163.600,-0.266,0.327,0.000
44847,25819,18278,15209,0,0,0.16759,-1.36829,10.33936,0.036219,-0.009587,-0.036219,-8.228,0.502,112.349,194.4890,-52.1565,9.3027,5035.1665,-1053.8704,197.8716,0.0116255,-0.0145863,-0.3359587,0.000000,0.000000,0.000000,0.00000,0.00000,0.000,0.000,0.000,0.000,0.000,-6.0000,0.0000,0.0000,6.0000,95.00,95.00,90.00,90.00,65535,65535,65535,1500,1,12,40.4365648,-86.8936795,163.600,-0.266,0.327,0.000
44898,26667,18262,15218,0,0,0.62968,-1.37667,10.01016,0.055394,-0.009587,-0.027697,-8.117,0.444,113.515,194.5417,-52.1589,9.2939,5046.0034,-1056.7877,198.3416,0.0115573,-0.0144007,-0.3360819,0.000000,0.000000,0.000000,0.00000,0.00000,0.000,0.000,0.000,0.000,0.000,-6.0000,0.0000,0.0000,6.0000,95.00,95.00,90.00,90.00,65535,65535,65535,1500,1,12,40.4365643,-86.8936777,163.800,-0.140,0.172,0.000
44953,30095,18716,15340,0,0,0.23463,-1.35392,10.07241,-0.011718,-0.004261,-0.028762,-8.089,0.402,114.615,194.5627,-52.1595,9.2871,5056.8940,-1059.7253,198.8440,0.0115094,-0.0142297,-0.3361475,0.000000,0.000000,0.000000,0.00000,0.00000,0.000,0.000,0.000,0.000,0.000,-6.0000,0.0000,0.0000,6.0000,95.00,95.00,90.00,90.00,65535,65535,65535,1500,1,12,40.4365643,-86.8936777,163.800,-0.140,0.172,0.000
44984,25457,24269,21250,0,0,0.66679,-1.04746,9.70131,0.004261,-0.019175,-0.031958,-8.002,0.280,115.285,194.6087,-52.1626,9.2847,5062.6533,-1061.2631,199.0756,0.0113810,-0.0140798,-0.3362429,0.000000,0.000000,0.000000,0.00000,0.00000,0.000,0.000,0.000,0.000,0.000,-6.0000,0.0000,0.0000,6.0000,95.00,95.00,90.00,90.00,65535,65535,65535,1500,1,12,40.4365630,-86.8936757,163.800,-0.240,0.295,0.000
45046,36832,18354,15318,0,0,0.42138,-1.19950,10.53568,0.018109,-0.011718,-0.023436,-8.007,0.243,116.406,194.5700,-52.1516,9.3189,5074.9136,-1064.6068,199.7031,0.0114467,-0.0138720,-0.3362266,0.000000,0.000000,0.000000,0.00000,0.00000,0.000,0.000,0.000,0.000,0.000,-6.0000,0.0000,0.0000,6.0000,95.00,95.00,90.00,90.00,65535,65535,65535,1500,1,12,40.4365630,-86.8936757,163.800,-0.240,0.295,0.000
45082,19282,35578,27559,0,0,-0.62130,-0.94930,10.29507,-0.004261,0.000000,-0.017044,-7.891,0.465,116.806,194.6057,-52.1520,9.3280,5079.4766,-1065.7726,199.8805,0.0113455,-0.0140368,-0.3362452,0.000000,0.000000,0.000000,0.00000,0.00000,0.000,0.000,0.000,0.000,0.000,-6.0000,0.0000,0.0000,6.0000,95.00,95.00,90.00,90.00,65535,65535,65535,1500,1,12,40.4365630,-86.8936757,163.800,-0.240,0.295,0.000
45134,27261,18229,15203,0,0,0.67756,-1.25935,9.76954,0.004261,-0.005326,-0.019175,-7.908,0.115,117.780,194.4829,-52.1204,9.3352,5090.3784,-1068.8220,200.5411,0.0113799,-0.0135046,-0.3361239,0.000000,0.000000,0.000000,0.00000,0.00000,0.000,0.000,0.000,0.000,0.000,-6.0000,0.0000,0.0000,6.0000,95.00,95.00,90.00,90.00,65535,65535,65535,1500,1,10,40.4365623,-86.8936737,164.100,-0.276,0.339,0.000
45189,26369,18288,15245,0,0,0.36990,-0.76255,9.80545,-0.034088,-0.004261,-0.005326,-7.983,0.112,118.833,194.4785,-52.1185,9.3324,5100.8418,-1071.6400,201.0513,0.0112975,-0.0133440,-0.3361342,0.000000,0.000000,0.000000,0.00000,0.00000,0.000,0.000,0.000,0.000,0.000,-6.0000,0.0000,0.0000,6.0000,95.00,95.00,90.00,90.00,65535,65535,65535,1500,1,10,40.4365622,-86.8936733,164.300,-0.237,0.291,0.000
45233,19784,18234,15200,0,0,-0.15203,-1.08098,10.27950,-0.017044,-0.013848,-0.006392,-8.063,0.253,119.643,194.4804,-52.1178,9.3461,5109.5015,-1073.9503,201.4650,0.0112703,-0.0133694,-0.3361265,0.000000,0.000000,0.000000,0.00000,0.00000,0.000,0.000,0.000,0.000,0.000,-6.0000,0.0000,0.0000,6.0000,95.00,95.00,90.00,90.00,65535,65535,65535,1500,1,10,40.4365622,-86.8936733,164.300,-0.237,0.291,0.000
45284,26448,18321,15254,0,0,0.00718,-1.28688,9.98981,-0.027697,-0.006392,-0.009587,-8.013,0.181,120.767,194.5114,-52.1189,9.3554,5119.8965,-1076.7369,201.9364,0.0111413,-0.0131862,-0.3362033,0.000000,0.000000,0.000000,0.00000,0.00000,0.000,0.000,0.000,0.000,0.000,-6.0000,0.0000,0.0000,6.0000,95.00,95.00,90.00,90.00,65535,65535,65535,1500,1,10,40.4365622,-86.8936743,164.300,-0.192,0.235,0.000
45335,26208,18259,15203,0,0,0.35314,-1.95846,9.48224,0.025566,-0.017044,-0.015979,-8.237,0.125,121.862,194.5190,-52.1161,9.3494,5129.6714,-1079.4238,202.4074,0.0112946,-0.0129795,-0.3362835,0.000000,0.000000,0.000000,0.00000,0.00000,0.000,0.000,0.000,0.000,0.000,-6.0000,0.0000,0.0000,6.0000,95.00,95.00,90.00,90.00,65535,65535,65535,1500,1,10,40.4365622,-86.8936743,164.300,-0.192,0.235,0.000
45394,30522,22503,15336,0,0,-0.24062,-1.18274,10.28070,-0.018109,-0.011718,0.001065,-8.302,0.325,122.819,194.5055,-52.1185,9.3594,5140.1572,-1082.2310,202.9225,0.0113199,-0.0130360,-0.3362525,0.000000,0.000000,0.000000,0.00000,0.00000,0.000,0.000,0.000,0.000,0.000,-6.0000,0.0000,0.0000,6.0000,95.00,95.00,90.00,90.00,65535,65535,65535,1500,1,10,40.4365625,-86.8936747,164.300,-0.162,0.200,0.000
45444,25862,18264,15218,0,0,0.11013,-1.57898,9.85453,-0.017044,-0.014914,-0.008522,-8.292,0.231,124.050,194.5315,-52.1160,9.3565,5151.2158,-1085.2107,203.4302,0.0112549,-0.0128337,-0.3363389,0.000000,0.000000,0.000000,0.00000,0.00000,0.000,0.000,0.000,0.000,0.000,-6.0000,0.0000,0.0000,6.0000,95.00,95.00,90.00,90.00,65535,65535,65535,1500,1,10,40.4365625,-86.8936747,164.300,-0.162,0.200,0.000
45489,25437,18245,15200,0,0,0.19632,-2.28407,9.61392,-0.028762,-0.027697,-0.004261,-8.302,0.082,124.603,194.4349,-52.1106,9.3622,5157.7095,-1087.0592,203.8580,0.0114436,-0.0125930,-0.3362207,0.000000,0.000000,0.000000,0.00000,0.00000,0.000,0.000,0.000,0.000,0.000,-6.0000,0.0000,0.0000,6.0000,95.00,95.00,90.00,90.00,65535,65535,65535,1500,1,10,40.4365630,-86.8936758,164.700,-0.257,0.315,0.000
45568,39594,33383,30382,0,0,0.56623,-1.71185,9.96467,0.060720,-0.038350,-0.012783,-8.144,-0.105,125.726,194.3951,-52.0981,9.3620,5169.2681,-1090.1864,204.4621,0.0113204,-0.0123514,-0.3361721,0.000000,0.000000,0.000000,0.00000,0.00000,0.000,0.000,0.000,0.000,0.000,-6.0000,0.0000,0.0000,6.0000,95.00,95.00,90.00,90.00,65535,65535,65535,1500,1,10,40.4365630,-86.8936758,164.700,-0.257,0.315,0.000
45613,44009,33689,30405,0,0,1.00197,-1.75974,9.54329,0.029827,-0.041545,-0.007457,-8.214,-0.423,126.050,194.2377,-52.0721,9.3626,5174.5186,-1091.7181,204.8921,0.0114155,-0.0120133,-0.3359493,0.000000,0.000000,0.000000,0.00000,0.00000,0.000,0.000,0.000,0.000,0.000,-6.0000,0.0000,0.0000,6.0000,95.00,95.00,90.00,90.00,65535,65535,65535,1500,1,10,40.4365630,-86.8936757,164.700,-0.218,0.267,0.000
45645,34747,31689,26561,0,0,0.08021,-1.46166,9.84975,0.049002,-0.031958,-0.018109,-8.159,-0.382,126.649,194.2290,-52.0713,9.3682,5181.0742,-1093.4832,205.2186,0.0114302,-0.0120033,-0.3359354,0.000000,0.000000,0.000000,0.00000,0.00000,0.000,0.000,0.000,0.000,0.000,-6.0000,0.0000,0.0000,6.0000,95.00,95.00,90.00,90.00,65535,65535,65535,1500,1,10,40.4365630,-86.8936757,164.700,-0.218,0.267,0.000
45690,25506,18271,15227,0,0,-0.14605,-0.95768,10.17416,-0.014914,-0.038350,-0.002131,-8.007,-0.331,128.020,194.2894,-52.0713,9.3876,5193.7490,-1096.8230,205.7579,0.0112381,-0.0119949,-0.3360367,0.000000,0.000000,0.000000,0.00000,0.00000,0.000,0.000,0.000,0.000,0.000,-6.0000,0.0000,0.0000,6.0000,95.00,95.00,90.00,90.00,65535,65535,65535,1500,1,11,40.4365632,-86.8936760,165.000,-0.201,0.247,0.000
45741,26023,18275,15212,0,0,-0.02753,-1.60890,10.12508,-0.013848,-0.026632,-0.013848,-8.029,-0.500,128.532,194.1731,-52.0677,9.4060,5201.0249,-1098.8591,206.2473,0.0112787,-0.0117745,-0.3358495,0.000000,0.000000,0.000000,0.00000,0.00000,0.000,0.000,0.000,0.000,0.000,-6.0000,0.0000,0.0000,6.0000,95.00,95.00,90.00,90.00,65535,65535,65535,1500,1,11,40.4365632,-86.8936760,165.000,-0.201,0.247,0.000
45797,30761,19157,15329,0,0,0.06704,-1.44849,10.02692,0.035154,-0.033023,-0.011718,-7.917,-0.471,129.572,194.1739,-52.0674,9.4092,5211.7256,-1101.7271,206.7660,0.0112425,-0.0117412,-0.3358509,0.000000,0.000000,0.000000,0.00000,0.00000,0.000,0.000,0.000,0.000,0.000,-6.0000,0.0000,0.0000,6.0000,95.00,95.00,90.00,90.00,65535,65535,65535,1500,1,11,40.4365635,-86.8936755,165.100,-0.182,0.223,0.000
45847,26016,18261,15223,0,0,0.74819,-1.17555,9.42597,0.036219,-0.034088,-0.010653,-7.831,-0.727,129.924,194.0153,-52.0635,9.4059,5218.2563,-1103.5887,207.2712,0.0112575,-0.0114550,-0.3355846,0.000000,0.000000,0.000000,0.00000,0.00000,0.000,0.000,0.000,0.000,0.000,-6.0000,0.0000,0.0000,6.0000,95.00,95.00,90.00,90.00,65535,65535,65535,1500,1,11,40.4365635,-86.8936755,165.100,-0.182,0.223,0.000
45892,20259,18247,15209,0,0,0.44532,-1.01993,9.43794,0.031958,-0.033023,0.000000,-7.759,-0.707,130.813,194.0219,-52.0637,9.3989,5227.1147,-1105.9596,207.6961,0.0112056,-0.0114207,-0.3355925,0.000000,0.000000,0.000000,0.00000,0.00000,0.000,0.000,0.000,0.000,0.000,-6.0000,0.0000,0.0000,6.0000,95.00,95.00,90.00,90.00,65535,65535,65535,1500,1,11,40.4365640,-86.8936748,165.400,-0.214,0.263,0.000
45942,30777,18287,15226,0,0,-0.14844,-1.45927,8.97586,-0.021305,-0.031958,0.000000,-8.004,-0.911,130.834,193.7888,-52.0659,9.3773,5231.6782,-1107.3619,208.1980,0.0114036,-0.0111625,-0.3351848,0.000000,0.000000,0.000000,0.00000,0.00000,0.000,0.000,0.000,0.000,0.000,-6.0000,0.0000,0.0000,6.0000,95.00,95.00,90.00,90.00,65535,65535,65535,1500,1,11,40.4365640,-86.8936748,165.400,-0.214,0.263,0.000
45998,35586,18733,15313,0,0,0.69552,-1.43054,9.77912,0.036219,-0.028762,-0.006392,-7.930,-1.272,131.236,193.6884,-52.0593,9.3716,5239.9336,-1109.6632,208.7257,0.0112965,-0.0108083,-0.3350290,0.000000,0.000000,0.000000,0.00000,0.00000,0.000,0.000,0.000,0.000,0.000,-6.0000,0.0000,0.0000,6.0000,95.00,95.00,90.00,90.00,65535,65535,65535,1500,1,11,40.4365637,-86.8936740,165.600,-0.185,0.227,0.000
46037,24934,33405,30368,0,0,0.63087,-1.69270,8.48864,0.015979,-0.037284,-0.005326,-8.081,-1.495,130.923,193.4915,-52.0587,9.3498,5240.4087,-1109.9491,208.9871,0.0114655,-0.0105752,-0.3346889,0.000000,0.000000,0.000000,0.00000,0.00000,0.000,0.000,0.000,0.000,0.000,-6.0000,0.0000,0.0000,6.0000,95.00,95.00,90.00,90.00,65535,65535,65535,1500,1,11,40.4365637,-86.8936740,165.600,-0.185,0.227,0.000
46103,43963,20965,17924,0,0,0.23104,-1.67474,8.85974,-0.009587,-0.026632,0.014914,-8.290,-1.233,132.518,193.5176,-52.0594,9.2896,5256.1118,-1114.1519,209.7154,0.0114894,-0.0106722,-0.3347167,0.000000,0.000000,0.000000,0.00000,0.00000,0.000,0.000,0.000,0.000,0.000,-6.0000,0.0000,0.0000,6.0000,95.00,95.00,90.00,90.00,65535,65535,65535,1500,1,11,40.4365630,-86.8936727,165.600,-0.081,0.100,0.000
46147,19720,18184,15183,0,0,0.38786,-1.56701,8.84658,-0.047937,-0.012783,0.015979,-8.474,-1.107,133.194,193.4646,-52.0625,9.2516,5264.0088,-1116.3196,210.1567,0.0115880,-0.0106785,-0.3346174,0.000000,0.000000,0.000000,0.00000,0.00000,0.000,0.000,0.000,0.000,0.000,-6.0000,0.0000,0.0000,6.0000,95.00,95.00,90.00,90.00,65535,65535,65535,1500,1,11,40.4365630,-86.8936727,165.600,-0.081,0.100,0.000
46209,30619,24193,15345,0,0,-0.22625,-0.88346,8.78672,-0.022371,-0.023436,0.005326,-8.446,-0.935,134.486,193.5181,-52.0659,9.1859,5275.9629,-1119.4854,210.6601,0.0115177,-0.0107418,-0.3347076,0.000000,0.000000,0.000000,0.00000,0.00000,0.000,0.000,0.000,0.000,0.000,-6.0000,0.0000,0.0000,6.0000,95.00,95.00,90.00,90.00,65535,65535,65535,1500,1,11,40.4365627,-86.8936715,165.900,-0.036,0.044,0.000
46240,30526,25054,22033,0,0,-0.16999,-1.29646,9.61511,0.005326,-0.021305,0.007457,-8.429,-0.755,135.215,193.5588,-52.0686,9.1812,5282.8179,-1121.2861,210.9349,0.0114891,-0.0108447,-0.3347656,0.000000,0.000000,0.000000,0.00000,0.00000,0.000,0.000,0.000,0.000,0.000,-6.0000,0.0000,0.0000,6.0000,95.00,95.00,90.00,90.00,65535,65535,65535,1500,1,11,40.4365627,-86.8936715,165.900,-0.036,0.044,0.000
46291,26411,18273,15214,0,0,0.71826,-0.93374,8.82383,0.007457,-0.024501,0.010653,-8.255,-0.751,136.984,193.6868,-52.0654,9.1283,5296.7651,-1124.9420,211.4422,0.0112594,-0.0107612,-0.3350297,0.000000,0.000000,0.000000,0.00000,0.00000,0.000,0.000,0.000,0.000,0.000,-6.0000,0.0000,0.0000,6.0000,95.00,95.00,90.00,90.00,65535,65535,65535,1500,1,11,40.4365635,-86.8936718,166.100,-0.036,0.044,0.000
46335,19790,18221,15160,0,0,-0.01676,-1.37307,9.05248,-0.014914,-0.025566,0.017044,-8.377,-0.702,137.817,193.6679,-52.0652,9.0906,5304.8848,-1127.1462,211.8477,0.0112729,-0.0107075,-0.3350040,0.000000,0.000000,0.000000,0.00000,0.00000,0.000,0.000,0.000,0.000,0.000,-6.0000,0.0000,0.0000,6.0000,95.00,95.00,90.00,90.00,65535,65535,65535,1500,1,11,40.4365635,-86.8936718,166.100,-0.036,0.044,0.000
46386,26556,18273,15240,0,0,-0.25139,-0.96247,9.14226,-0.006392,-0.026632,0.010653,-8.146,-0.484,139.644,193.8612,-52.0630,9.0555,5319.1235,-1130.7969,212.2788,0.0110036,-0.0108300,-0.3353568,0.000000,0.000000,0.000000,0.00000,0.00000,0.000,0.000,0.000,0.000,0.000,-6.0000,0.0000,0.0000,6.0000,95.00,95.00,90.00,90.00,65535,65535,65535,1500,1,11,40.4365635,-86.8936717,166.300,-0.153,0.188,0.000
46441,26360,18242,15180,0,0,0.75298,-1.69988,8.69933,0.033023,-0.018109,0.014914,-8.123,-0.558,140.418,193.7755,-52.0634,9.0142,5327.6665,-1133.1807,212.7850,0.0110674,-0.0106469,-0.3352201,0.000000,0.000000,0.000000,0.00000,0.00000,0.000,0.000,0.000,0.000,0.000,-6.0000,0.0000,0.0000,6.0000,95.00,95.00,90.00,90.00,65535,65535,65535,1500,1,11,40.4365635,-86.8936717,166.300,-0.153,0.188,0.000
46492,26455,18256,15213,0,0,0.37469,-1.24379,8.54251,-0.013848,-0.004261,0.018109,-8.120,-0.710,141.507,193.7646,-52.0599,8.9642,5337.2158,-1135.7786,213.2475,0.0109730,-0.0103768,-0.3352445,0.000000,0.000000,0.000000,0.00000,0.00000,0.000,0.000,0.000,0.000,0.000,-6.0000,0.0000,0.0000,6.0000,95.00,95.00,90.00,90.00,65535,65535,65535,1500,1,11,40.4365635,-86.8936705,166.500,-0.120,0.148,0.000
46571,39548,33284,30300,0,0,0.03232,-1.10253,9.25957,-0.012783,0.003196,0.015979,-8.231,-0.593,142.553,193.7073,-52.0641,8.9256,5348.2935,-1138.8130,213.8287,0.0110293,-0.0102895,-0.3351494,0.000000,0.000000,0.000000,0.00000,0.00000,0.000,0.000,0.000,0.000,0.000,-6.0000,0.0000,0.0000,6.0000,95.00,95.00,90.00,90.00,65535,65535,65535,1500,1,11,40.4365635,-86.8936705,166.500,-0.120,0.148,0.000
46607,39918,29402,26370,0,0,0.07302,-0.85234,8.66103,0.053263,0.006392,0.019175,-8.019,-0.404,143.625,193.7692,-52.0668,8.8791,5357.5625,-1141.2323,214.1736,0.0109038,-0.0103355,-0.3352636,0.000000,0.000000,0.000000,0.00000,0.00000,0.000,0.000,0.000,0.000,0.000,-6.0000,0.0000,0.0000,6.0000,95.00,95.00,90.00,90.00,65535,65535,65535,1500,1,11,40.4365620,-86.8936675,166.500,-0.159,0.196,0.000
46642,39355,25186,16810,0,0,0.20111,-0.90381,8.38330,0.023436,-0.001065,0.011718,-7.903,-0.309,144.543,193.7974,-52.0671,8.8239,5365.9185,-1143.4415,214.5168,0.0108054,-0.0103154,-0.3353222,0.000000,0.000000,0.000000,0.00000,0.00000,0.000,0.000,0.000,0.000,0.000,-6.0000,0.0000,0.0000,6.0000,95.00,95.00,90.00,90.00,65535,65535,65535,1500,1,11,40.4365620,-86.8936675,166.500,-0.159,0.196,0.000
46693,25915,18289,15229,0,0,0.40462,-1.27372,8.71011,-0.005326,-0.003196,0.022371,-7.983,-0.460,145.328,193.6900,-52.0637,8.7901,5374.4014,-1145.8441,215.0385,0.0108471,-0.0100021,-0.3351634,0.000000,0.000000,0.000000,0.00000,0.00000,0.000,0.000,0.000,0.000,0.000,-6.0000,0.0000,0.0000,6.0000,95.00,95.00,90.00,90.00,65535,65535,65535,1500,1,11,40.4365620,-86.8936675,166.500,-0.159,0.196,0.000
46743,25612,18257,15202,0,0,0.38786,-1.82199,8.75919,0.000000,-0.002131,0.022371,-8.127,-0.302,146.098,193.6328,-52.0649,8.7553,5382.7031,-1148.1545,215.4865,0.0110255,-0.0099728,-0.3350723,0.000000,0.000000,0.000000,0.00000,0.00000,0.000,0.000,0.000,0.000,0.000,-6.0000,0.0000,0.0000,6.0000,95.00,95.00,90.00,90.00,65535,65535,65535,1500,1,11,40.4365620,-86.8936675,166.500,-0.159,0.196,0.000
46788,19739,18231,15193,0,0,-0.00239,-1.96444,8.79390,0.011718,-0.007457,0.018109,-8.169,-0.092,146.945,193.6192,-52.0688,8.7205,5391.1226,-1150.4446,215.8804,0.0111484,-0.0100208,-0.3350577,0.000000,0.000000,0.000000,0.00000,0.00000,0.000,0.000,0.000,0.000,0.000,-6.0000,0.0000,0.0000,6.0000,95.00,95.00,90.00,90.00,65535,65535,65535,1500,1,11,40.4365608,-86.8936652,166.700,-0.257,0.315,0.000
46842,30034,18328,15333,0,0,-0.11492,-1.14084,9.88446,-0.030893,-0.017044,0.026632,-8.096,-0.161,147.887,193.5826,-52.0718,8.6999,5400.7349,-1153.0553,216.3612,0.0110444,-0.0098723,-0.3349851,0.000000,0.000000,0.000000,0.00000,0.00000,0.000,0.000,0.000,0.000,0.000,-6.0000,0.0000,0.0000,6.0000,95.00,95.00,90.00,90.00,65535,65535,65535,1500,1,11,40.4365608,-86.8936652,166.700,-0.257,0.315,0.000
46893,26007,18275,15239,0,0,-0.48363,-1.54067,9.05128,-0.017044,-0.004261,0.014914,-8.199,-0.111,148.808,193.5558,-52.0721,8.6701,5409.9595,-1155.5668,216.8105,0.0110434,-0.0097969,-0.3349389,0.000000,0.000000,0.000000,0.00000,0.00000,0.000,0.000,0.000,0.000,0.000,-6.0000,0.0000,0.0000,6.0000,95.00,95.00,90.00,90.00,65535,65535,65535,1500,1,11,40.4365610,-86.8936655,166.800,-0.175,0.215,0.000
46943,25917,18212,15189,0,0,0.08260,-1.40181,8.81425,-0.015979,-0.002131,0.004261,-8.268,-0.081,149.596,193.5106,-52.0721,8.6407,5418.5391,-1157.9353,217.2538,0.0110898,-0.0096761,-0.3348702,0.000000,0.000000,0.000000,0.00000,0.00000,0.000,0.000,0.000,0.000,0.000,-6.0000,0.0000,0.0000,6.0000,95.00,95.00,90.00,90.00,65535,65535,65535,1500,1,11,40.4365610,-86.8936655,166.800,-0.175,0.215,0.000
46995,25973,18250,15190,0,0,0.67876,-1.53708,9.88446,-0.022371,0.018109,0.010653,-8.387,-0.118,150.416,193.4499,-52.0688,8.6558,5426.8574,-1160.2618,217.7050,0.0111366,-0.0094466,-0.3347969,0.000000,0.000000,0.000000,0.00000,0.00000,0.000,0.000,0.000,0.000,0.000,-6.0000,0.0000,0.0000,6.0000,95.00,95.00,90.00,90.00,65535,65535,65535,1500,1,11,40.4365615,-86.8936662,166.800,-0.071,0.088,0.000
47034,24387,33418,30370,0,0,0.20231,-1.15999,9.38048,0.020240,-0.001065,0.008522,-8.312,-0.089,150.916,193.4543,-52.0683,8.6470,5431.6831,-1161.5492,217.9154,0.0110706,-0.0094088,-0.3348049,0.000000,0.000000,0.000000,0.00000,0.00000,0.000,0.000,0.000,0.000,0.000,-6.0000,0.0000,0.0000,6.0000,95.00,95.00,90.00,90.00,65535,65535,65535,1500,1,11,40.4365615,-86.8936662,166.800,-0.071,0.088,0.000
47097,37313,18278,15236,0,0,-0.29568,-0.63686,9.04649,-0.020240,-0.012783,0.005326,-8.338,-0.012,152.428,193.4368,-52.0633,8.5907,5446.5762,-1165.5603,218.5904,0.0109554,-0.0092671,-0.3348021,0.000000,0.000000,0.000000,0.00000,0.00000,0.000,0.000,0.000,0.000,0.000,-6.0000,0.0000,0.0000,6.0000,95.00,95.00,90.00,90.00,65535,65535,65535,1500,1,11,40.4365615,-86.8936662,166.800,-0.071,0.088,0.000
47148,26023,18261,15207,0,0,0.10774,-1.21625,9.87369,-0.008522,0.004261,0.003196,-8.424,0.020,153.422,193.4310,-52.0600,8.6144,5456.1377,-1168.1543,219.0239,0.0109421,-0.0091392,-0.3348238,0.000000,0.000000,0.000000,0.00000,0.00000,0.000,0.000,0.000,0.000,0.000,-6.0000,0.0000,0.0000,6.0000,95.00,95.00,90.00,90.00,65535,65535,65535,1500,1,11,40.4365615,-86.8936662,166.800,-0.071,0.088,0.000
47198,25535,18255,15224,0,0,-0.02274,-1.45089,9.55047,0.033023,0.020240,-0.003196,-8.428,0.143,154.470,193.4408,-52.0576,8.5989,5466.1650,-1170.8489,219.4580,0.0109033,-0.0090615,-0.3348632,0.000000,0.000000,0.000000,0.00000,0.00000,0.000,0.000,0.000,0.000,0.000,-6.0000,0.0000,0.0000,6.0000,95.00,95.00,90.00,90.00,65535,65535,65535,1500,1,11,40.4365615,-86.8936657,167.000,-0.062,0.076,0.000
47242,24667,18232,15211,0,0,0.45969,-1.16957,9.16740,0.026632,0.012783,-0.014914,-8.495,0.130,155.314,193.4257,-52.0558,8.5900,5474.1250,-1173.0469,219.8345,0.0109692,-0.0088584,-0.3348966,0.000000,0.000000,0.000000,0.00000,0.00000,0.000,0.000,0.000,0.000,0.000,-6.0000,0.0000,0.0000,6.0000,95.00,95.00,90.00,90.00,65535,65535,65535,1500,1,11,40.4365615,-86.8936657,167.000,-0.062,0.076,0.000
47297,21205,18191,15177,0,0,0.63327,-1.56341,9.72644,0.006392,0.012783,-0.015979,-8.323,-0.036,156.216,193.3755,-52.0586,8.6036,5483.6709,-1175.6576,220.3175,0.0107777,-0.0085324,-0.3348430,0.000000,0.000000,0.000000,0.00000,0.00000,0.000,0.000,0.000,0.000,0.000,-6.0000,0.0000,0.0000,6.0000,95.00,95.00,90.00,90.00,65535,65535,65535,1500,1,11,40.4365620,-86.8936663,167.000,-0.088,0.108,0.000
47347,30832,18248,15188,0,0,0.83438,-1.23182,9.36133,-0.017044,0.007457,-0.021305,-8.413,-0.289,157.193,193.3453,-52.0522,8.6055,5492.4282,-1178.0862,220.7485,0.0107304,-0.0081267,-0.3348801,0.000000,0.000000,0.000000,0.00000,0.00000,0.000,0.000,0.000,0.000,0.000,-6.0000,0.0000,0.0000,6.0000,95.00,95.00,90.00,90.00,65535,65535,65535,1500,1,11,40.4365620,-86.8936663,167.000,-0.088,0.108,0.000
47398,25769,18184,15153,0,0,0.09218,-1.10373,9.36013,-0.033023,0.020240,-0.011718,-8.514,-0.386,158.181,193.3277,-52.0442,8.6190,5501.7725,-1180.6470,221.1872,0.0107016,-0.0078491,-0.3349180,0.000000,0.000000,0.000000,0.00000,0.00000,0.000,0.000,0.000,0.000,0.000,-6.0000,0.0000,0.0000,6.0000,95.00,95.00,90.00,90.00,65535,65535,65535,1500,1,11,40.4365625,-86.8936670,167.000,-0.091,0.112,0.000
47442,24679,18162,15118,0,0,1.22703,-1.53468,10.48301,0.033023,-0.002131,-0.041545,-8.327,-0.846,158.981,193.2978,-52.0354,8.6483,5509.2378,-1182.7032,221.5686,0.0104488,-0.0073398,-0.3349318,0.000000,0.000000,0.000000,0.00000,0.00000,0.000,0.000,0.000,0.000,0.000,-6.0000,0.0000,0.0000,6.0000,95.00,95.00,90.00,90.00,65535,65535,65535,1500,1,11,40.4365625,-86.8936670,167.000,-0.091,0.112,0.000
47502,30180,23248,15262,0,0,0.77931,-1.53109,9.24760,0.028762,-0.015979,-0.038350,-8.168,-0.845,159.650,193.2513,-52.0416,8.6556,5518.8101,-1185.2845,222.0591,0.0102239,-0.0072683,-0.3347886,0.000000,0.000000,0.000000,0.00000,0.00000,0.000,0.000,0.000,0.000,0.000,-6.0000,0.0000,0.0000,6.0000,95.00,95.00,90.00,90.00,65535,65535,65535,1500,1,11,40.4365627,-86.8936680,167.100,-0.146,0.180,0.000
47542,29359,33326,30334,0,0,0.84874,-1.05943,9.36253,-0.026632,-0.002131,-0.043676,-8.155,-0.957,160.248,193.2543,-52.0382,8.6446,5524.6045,-1186.8384,222.3102,0.0101135,-0.0071063,-0.3348333,0.000000,0.000000,0.000000,0.00000,0.00000,0.000,0.000,0.000,0.000,0.000,-6.0000,0.0000,0.0000,6.0000,95.00,95.00,90.00,90.00,65535,65535,65535,1500,1,11,40.4365627,-86.8936680,167.100,-0.146,0.180,0.000
47620,38690,33240,30220,0,0,-0.00120,-1.01993,9.02973,-0.010653,-0.018109,-0.037284,-8.122,-0.757,161.409,193.2429,-52.0479,8.6451,5539.4673,-1190.8281,222.9942,0.0100259,-0.0071674,-0.3347617,0.000000,0.000000,0.000000,0.00000,0.00000,0.000,0.000,0.000,0.000,0.000,-6.0000,0.0000,0.0000,6.0000,95.00,95.00,90.00,90.00,65535,65535,65535,1500,1,11,40.4365628,-86.8936695,167.000,-0.146,0.180,0.000
47654,38562,29095,26083,0,0,-0.50398,-1.27132,9.61990,-0.020240,-0.017044,-0.037284,-8.161,-0.539,161.800,193.2241,-52.0582,8.6423,5546.3057,-1192.6793,223.3374,0.0100346,-0.0073132,-0.3346456,0.000000,0.000000,0.000000,0.00000,0.00000,0.000,0.000,0.000,0.000,0.000,-6.0000,0.0000,0.0000,6.0000,95.00,95.00,90.00,90.00,65535,65535,65535,1500,1,11,40.4365628,-86.8936695,167.000,-0.146,0.180,0.000
47704,28642,19080,15288,0,0,-0.49560,-0.56264,9.15184,-0.044741,-0.009587,-0.041545,-8.040,-0.325,162.404,193.1865,-52.0706,8.6614,5556.9575,-1195.5266,223.8690,0.0098100,-0.0074481,-0.3344549,0.000000,0.000000,0.000000,0.00000,0.00000,0.000,0.000,0.000,0.000,0.000,-6.0000,0.0000,0.0000,6.0000,95.00,95.00,90.00,90.00,65535,65535,65535,1500,1,11,40.4365625,-86.8936687,167.000,-0.162,0.200,0.000
47735,25276,24936,21929,0,0,0.31125,-1.87825,11.35091,-0.009587,-0.009587,-0.045806,-8.136,-0.312,162.972,193.2018,-52.0658,8.7032,5562.2227,-1196.9441,224.0821,0.0098525,-0.0073947,-0.3345251,0.000000,0.000000,0.000000,0.00000,0.00000,0.000,0.000,0.000,0.000,0.000,-6.0000,0.0000,0.0000,6.0000,95.00,95.00,90.00,90.00,65535,65535,65535,1500,1,11,40.4365625,-86.8936687,167.000,-0.162,0.200,0.000
47786,26498,18184,15177,0,0,0.28970,-1.74777,10.52611,-0.054328,-0.004261,-0.041545,-8.193,-0.156,163.883,193.2029,-52.0716,8.7410,5573.4531,-1199.9478,224.5880,0.0097571,-0.0074301,-0.3344972,0.000000,0.000000,0.000000,0.00000,0.00000,0.000,0.000,0.000,0.000,0.000,-6.0000,0.0000,0.0000,6.0000,95.00,95.00,90.00,90.00,65535,65535,65535,1500,1,12,40.4365602,-86.8936642,167.000,-0.279,0.343,0.000
47836,25609,18171,15138,0,0,0.29568,-1.92135,10.55125,-0.010653,0.003196,-0.046872,-8.179,-0.066,164.897,193.2327,-52.0653,8.7473,5583.9277,-1202.7269,225.0164,0.0096755,-0.0073960,-0.3345778,0.000000,0.000000,0.000000,0.00000,0.00000,0.000,0.000,0.000,0.000,0.000,-6.0000,0.0000,0.0000,6.0000,95.00,95.00,90.00,90.00,65535,65535,65535,1500,1,12,40.4365602,-86.8936642,167.000,-0.279,0.343,0.000
47905,23233,19429,15230,0,0,0.77452,-1.10852,10.17655,0.028762,-0.002131,-0.039415,-7.935,-0.102,166.522,193.3056,-52.0559,8.7723,5599.0400,-1206.6927,225.5901,0.0094465,-0.0072293,-0.3347960,0.000000,0.000000,0.000000,0.00000,0.00000,0.000,0.000,0.000,0.000,0.000,-6.0000,0.0000,0.0000,6.0000,95.00,95.00,90.00,90.00,65535,65535,65535,1500,1,11,40.4365602,-86.8936637,167.000,-0.276,0.339,0.000
47936,25633,24902,21879,0,0,0.41180,-1.40779,9.66539,-0.007457,-0.018109,-0.045806,-7.976,-0.140,167.175,193.3315,-52.0507,8.7698,5604.6895,-1208.1910,225.8053,0.0094341,-0.0071478,-0.3348967,0.000000,0.000000,0.000000,0.00000,0.00000,0.000,0.000,0.000,0.000,0.000,-6.0000,0.0000,0.0000,6.0000,95.00,95.00,90.00,90.00,65535,65535,65535,1500,1,11,40.4365602,-86.8936637,167.000,-0.276,0.339,0.000
47987,26388,18207,15210,0,0,-0.45969,-1.32519,10.02931,-0.004261,0.003196,-0.051133,-8.106,-0.000,168.154,193.3331,-52.0465,8.7942,5615.8765,-1211.2089,226.3068,0.0094790,-0.0071253,-0.3349253,0.000000,0.000000,0.000000,0.00000,0.00000,0.000,0.000,0.000,0.000,0.000,-6.0000,0.0000,0.0000,6.0000,95.00,95.00,90.00,90.00,65535,65535,65535,1500,1,11,40.4365602,-86.8936627,167.000,-0.276,0.339,0.000
48054,34325,26752,18744,0,0,0.33519,-1.02592,9.39844,-0.044741,0.002131,-0.034088,-8.085,-0.017,169.662,193.3965,-52.0381,8.7860,5629.0815,-1214.6708,226.8012,0.0093081,-0.0069549,-0.3351449,0.000000,0.000000,0.000000,0.00000,0.00000,0.000,0.000,0.000,0.000,0.000,-6.0000,0.0000,0.0000,6.0000,95.00,95.00,90.00,90.00,65535,65535,65535,1500,1,11,40.4365602,-86.8936627,167.000,-0.276,0.339,0.000
48091,33604,30416,27423,0,0,0.45370,-1.26055,9.33260,-0.017044,0.008522,-0.031958,-8.114,0.003,170.582,193.4363,-52.0313,8.7706,5636.7881,-1216.6913,227.0811,0.0092538,-0.0068665,-0.3352938,0.000000,0.000000,0.000000,0.00000,0.00000,0.000,0.000,0.000,0.000,0.000,-6.0000,0.0000,0.0000,6.0000,95.00,95.00,90.00,90.00,65535,65535,65535,1500,1,11,40.4365597,-86.8936615,167.000,-0.292,0.359,0.000
48139,19238,18092,15103,0,0,0.79966,-1.12288,9.86770,0.013848,0.000000,-0.026632,-7.988,-0.048,172.269,193.5158,-52.0203,8.7835,5650.6636,-1220.3101,227.5802,0.0090579,-0.0066567,-0.3355665,0.000000,0.000000,0.000000,0.00000,0.00000,0.000,0.000,0.000,0.000,0.000,-6.0000,0.0000,0.0000,6.0000,95.00,95.00,90.00,90.00,65535,65535,65535,1500,1,11,40.4365597,-86.8936615,167.000,-0.292,0.359,0.000
48191,26493,18185,15151,0,0,0.71587,-0.86311,8.99142,0.025566,-0.001065,-0.039415,-7.951,-0.010,173.363,193.5401,-52.0156,8.7644,5661.2661,-1223.1283,228.0220,0.0089919,-0.0065562,-0.3356586,0.000000,0.000000,0.000000,0.00000,0.00000,0.000,0.000,0.000,0.000,0.000,-6.0000,0.0000,0.0000,6.0000,95.00,95.00,90.00,90.00,65535,65535,65535,1500,1,11,40.4365595,-86.8936613,167.000,-0.276,0.339,0.000
48241,25964,18174,15157,0,0,0.22984,-1.49638,9.16500,0.021305,-0.005326,-0.025566,-8.179,-0.017,174.942,193.6147,-52.0022,8.7380,5673.1040,-1226.2484,228.4306,0.0090851,-0.0063756,-0.3359723,0.000000,0.000000,0.000000,0.00000,0.00000,0.000,0.000,0.000,0.000,0.000,-6.0000,0.0000,0.0000,6.0000,95.00,95.00,90.00,90.00,65535,65535,65535,1500,1,11,40.4365595,-86.8936613,167.000,-0.276,0.339,0.000
48291,25562,18191,15160,0,0,0.48602,-1.36829,9.62349,0.034088,-0.007457,-0.027697,-8.211,-0.003,176.192,193.6521,-51.9952,8.7220,5683.9844,-1229.1262,228.8565,0.0090476,-0.0062483,-0.3361265,0.000000,0.000000,0.000000,0.00000,0.00000,0.000,0.000,0.000,0.000,0.000,-6.0000,0.0000,0.0000,6.0000,95.00,95.00,90.00,90.00,65535,65535,65535,1500,1,11,40.4365595,-86.8936610,167.000,-0.250,0.307,0.000
48345,28764,24102,15274,0,0,0.62968,-1.72143,9.58279,-0.039415,-0.013848,-0.009587,-8.316,0.093,177.154,193.6576,-51.9904,8.7249,5693.5908,-1231.6884,229.2702,0.0090322,-0.0062418,-0.3361620,0.000000,0.000000,0.000000,0.00000,0.00000,0.000,0.000,0.000,0.000,0.000,-6.0000,0.0000,0.0000,6.0000,95.00,95.00,90.00,90.00,65535,65535,65535,1500,1,11,40.4365595,-86.8936610,167.000,-0.250,0.307,0.000
48396,25950,18138,15147,0,0,0.63327,-1.75136,9.74799,-0.037284,-0.011718,-0.020240,-8.467,0.126,178.694,193.7181,-51.9844,8.7351,5706.4180,-1235.0430,229.7424,0.0089563,-0.0061534,-0.3363760,0.000000,0.000000,0.000000,0.00000,0.00000,0.000,0.000,0.000,0.000,0.000,-6.0000,0.0000,0.0000,6.0000,95.00,95.00,90.00,90.00,65535,65535,65535,1500,1,11,40.4365585,-86.8936595,167.000,-0.379,0.385,0.000
48446,25969,18149,15146,0,0,0.01077,-1.88304,10.21606,-0.012783,-0.030893,-0.019175,-8.205,0.231,179.554,193.7107,-51.9844,8.7624,5715.9360,-1237.6132,230.1845,0.0090047,-0.0061794,-0.3363542,0.000000,0.000000,0.000000,0.00000,0.00000,0.000,0.000,0.000,0.000,0.000,-6.0000,0.0000,0.0000,6.0000,95.00,95.00,90.00,90.00,65535,65535,65535,1500,1,11,40.4365585,-86.8936595,167.000,-0.379,0.385,0.000
48497,26077,18180,15152,0,0,-0.04669,-1.56940,9.71926,-0.027697,-0.028762,-0.019175,-8.136,0.300,-179.510,193.7198,-51.9848,8.7631,5726.1040,-1240.3136,230.6308,0.0089239,-0.0062066,-0.3363559,0.000000,0.000000,0.000000,0.00000,0.00000,0.000,0.000,0.000,0.000,0.000,-6.0000,0.0000,0.0000,6.0000,95.00,95.00,90.00,90.00,65535,65535,65535,1500,1,10,40.4365585,-86.8936593,166.900,-0.352,0.368,0.000
48537,19113,38271,30294,0,0,0.43694,-0.77452,10.26873,0.036219,-0.028762,-0.028762,-7.928,0.225,-178.947,193.7542,-51.9786,8.7706,5730.8008,-1241.5018,230.7883,0.0087373,-0.0061398,-0.3364443,0.000000,0.000000,0.000000,0.00000,0.00000,0.000,0.000,0.000,0.000,0.000,-6.0000,0.0000,0.0000,6.0000,95.00,95.00,90.00,90.00,65535,65535,65535,1500,1,10,40.4365585,-86.8936593,166.900,-0.352,0.368,0.000
48599,34393,18238,15178,0,0,-0.01915,-1.40899,9.92516,-0.015979,-0.012783,-0.006392,-7.924,0.287,-177.255,193.7562,-51.9820,8.7986,5747.2559,-1245.8907,231.5099,0.0086552,-0.0060397,-0.3365057,0.000000,0.000000,0.000000,0.00000,0.00000,0.000,0.000,0.000,0.000,0.000,-6.0000,0.0000,0.0000,6.0000,95.00,95.00,90.00,90.00,65535,65535,65535,1500,1,10,40.4365585,-86.8936593,166.900,-0.352,0.368,0.000
48639,19155,38310,30299,0,0,0.21668,-1.51074,10.02213,0.014914,-0.004261,-0.011718,-7.947,0.267,-176.871,193.7536,-51.9811,8.8049,5750.8301,-1246.8634,231.6778,0.0086715,-0.0059693,-0.3365206,0.000000,0.000000,0.000000,0.00000,0.00000,0.000,0.000,0.000,0.000,0.000,-6.0000,0.0000,0.0000,6.0000,95.00,95.00,90.00,90.00,65535,65535,65535,1500,1,10,40.4365585,-86.8936593,166.900,-0.352,0.368,0.000
48697,37871,19658,15287,0,0,0.35554,-1.46405,8.92798,-0.005326,-0.012783,0.006392,-8.176,0.174,-174.938,193.7670,-51.9689,8.7543,5766.6348,-1251.0815,232.3367,0.0086746,-0.0056825,-0.3367200,0.000000,0.000000,0.000000,0.00000,0.00000,0.000,0.000,0.000,0.000,0.000,-6.0000,0.0000,0.0000,6.0000,95.00,95.00,90.00,90.00,65535,65535,65535,1500,1,10,40.4365585,-86.8936593,166.900,-0.352,0.368,0.000
48747,25540,18183,15134,0,0,0.23822,-1.14443,9.38048,-0.030893,-0.007457,0.008522,-8.264,0.191,-173.739,193.7798,-51.9641,8.7484,5776.9951,-1253.8473,232.7775,0.0086734,-0.0055647,-0.3368087,0.000000,0.000000,0.000000,0.00000,0.00000,0.000,0.000,0.000,0.000,0.000,-6.0000,0.0000,0.0000,6.0000,95.00,95.00,90.00,90.00,65535,65535,65535,1500,1,10,40.4365585,-86.8936593,166.900,-0.352,0.368,0.000
48796,20030,18085,15077,0,0,0.88346,-1.55503,9.42597,-0.037284,-0.010653,0.008522,-8.515,-0.002,-172.257,193.8058,-51.9509,8.7369,5787.2788,-1256.6036,233.1856,0.0087688,-0.0052311,-0.3370394,0.000000,0.000000,0.000000,0.00000,0.00000,0.000,0.000,0.000,0.000,0.000,-6.0000,0.0000,0.0000,6.0000,95.00,95.00,90.00,90.00,65535,65535,65535,1500,1,10,40.4365603,-86.8936597,167.000,-0.260,0.271,0.000
48846,25898,18189,15161,0,0,0.31125,-1.85910,10.54766,-0.011718,-0.025566,-0.004261,-8.549,0.133,-171.324,193.8058,-51.9516,8.7754,5797.0122,-1259.2045,233.6258,0.0087378,-0.0052671,-0.3370209,0.000000,0.000000,0.000000,0.00000,0.00000,0.000,0.000,0.000,0.000,0.000,-6.0000,0.0000,0.0000,6.0000,95.00,95.00,90.00,90.00,65535,65535,65535,1500,1,10,40.4365603,-86.8936597,167.000,-0.260,0.271,0.000
48897,25891,18246,15193,0,0,0.32082,-1.22344,9.93713,0.023436,-0.021305,-0.001065,-8.438,0.246,-170.203,193.8298,-51.9512,8.7871,5807.6924,-1262.0088,234.0662,0.0086309,-0.0052979,-0.3370713,0.000000,0.000000,0.000000,0.00000,0.00000,0.000,0.000,0.000,0.000,0.000,-6.0000,0.0000,0.0000,6.0000,95.00,95.00,90.00,90.00,65535,65535,65535,1500,1,10,40.4365602,-86.8936593,167.000,-0.281,0.294,0.000
48947,30715,18141,15144,0,0,0.28012,-1.51792,9.65941,0.040480,-0.020240,0.007457,-8.287,0.252,-168.939,193.8566,-51.9450,8.7990,5818.3232,-1264.8002,234.4920,0.0085393,-0.0052123,-0.3371865,0.000000,0.000000,0.000000,0.00000,0.00000,0.000,0.000,0.000,0.000,0.000,-6.0000,0.0000,0.0000,6.0000,95.00,95.00,90.00,90.00,65535,65535,65535,1500,1,10,40.4365602,-86.8936593,167.000,-0.281,0.294,0.000
48998,23778,19896,15261,0,0,-0.20231,-1.20189,10.02452,-0.010653,-0.012783,0.012783,-8.213,0.288,-167.830,193.8692,-51.9425,8.8293,5828.2319,-1267.4244,234.9140,0.0084745,-0.0051435,-0.3372491,0.000000,0.000000,0.000000,0.00000,0.00000,0.000,0.000,0.000,0.000,0.000,-6.0000,0.0000,0.0000,6.0000,95.00,95.00,90.00,90.00,65535,65535,65535,1500,1,10,40.4365600,-86.8936588,167.000,-0.281,0.294,0.000
49037,26131,33324,30313,0,0,0.54468,-1.34674,9.56723,-0.001065,-0.017044,0.017044,-8.213,0.201,-167.135,193.8762,-51.9390,8.8247,5833.5640,-1268.8397,235.1377,0.0084333,-0.0050089,-0.3373199,0.000000,0.000000,0.000000,0.00000,0.00000,0.000,0.000,0.000,0.000,0.000,-6.0000,0.0000,0.0000,6.0000,95.00,95.00,90.00,90.00,65535,65535,65535,1500,1,10,40.4365600,-86.8936588,167.000,-0.281,0.294,0.000
49102,37857,25517,17549,0,0,0.22146,-1.82678,9.67736,0.008522,-0.014914,0.010653,-8.170,0.153,-165.600,193.8650,-51.9367,8.8338,5847.4521,-1272.5688,235.7724,0.0083969,-0.0048362,-0.3373644,0.000000,0.000000,0.000000,0.00000,0.00000,0.000,0.000,0.000,0.000,0.000,-6.0000,0.0000,0.0000,6.0000,95.00,95.00,90.00,90.00,65535,65535,65535,1500,1,10,40.4365600,-86.8936588,167.000,-0.281,0.294,0.000
49133,31827,24854,21851,0,0,0.90860,-1.47004,9.44513,0.022371,-0.013848,0.020240,-8.177,-0.049,-164.952,193.8346,-51.9341,8.8271,5852.7544,-1274.0437,236.0571,0.0083857,-0.0045786,-0.3373655,0.000000,0.000000,0.000000,0.00000,0.00000,0.000,0.000,0.000,0.000,0.000,-6.0000,0.0000,0.0000,6.0000,95.00,95.00,90.00,90.00,65535,65535,65535,1500,1,10,40.4365600,-86.8936588,167.000,-0.281,0.294,0.000
49183,25759,18237,15197,0,0,-0.17358,-1.50954,9.85214,-0.004261,-0.008522,0.014914,-8.215,0.029,-163.837,193.8181,-51.9341,8.8399,5863.3193,-1276.9060,236.5650,0.0084052,-0.0045082,-0.3373433,0.000000,0.000000,0.000000,0.00000,0.00000,0.000,0.000,0.000,0.000,0.000,-6.0000,0.0000,0.0000,6.0000,95.00,95.00,90.00,90.00,65535,65535,65535,1500,1,10,40.4365612,-86.8936600,167.000,-0.281,0.294,0.000
49237,25364,18085,15092,0,0,0.42258,-1.48441,10.15740,0.042611,-0.019175,0.021305,-8.008,0.135,-162.462,193.8586,-51.9342,8.8657,5875.0957,-1279.9637,237.0250,0.0082399,-0.0045113,-0.3374529,0.000000,0.000000,0.000000,0.00000,0.00000,0.000,0.000,0.000,0.000,0.000,-6.0000,0.0000,0.0000,6.0000,95.00,95.00,90.00,90.00,65535,65535,65535,1500,1,10,40.4365612,-86.8936600,167.000,-0.281,0.294,0.000
49288,25996,18178,15144,0,0,0.69911,-1.08936,10.03051,0.047937,-0.029827,0.011718,-7.976,-0.138,-161.781,193.7886,-51.9336,8.8829,5882.4873,-1282.0918,237.5008,0.0082679,-0.0041939,-0.3373088,0.000000,0.000000,0.000000,0.00000,0.00000,0.000,0.000,0.000,0.000,0.000,-6.0000,0.0000,0.0000,6.0000,95.00,95.00,90.00,90.00,65535,65535,65535,1500,1,10,40.4365620,-86.8936615,167.000,-0.121,0.126,0.000
49338,26042,18214,15171,0,0,0.74101,-1.16478,9.82580,-0.012783,-0.025566,0.026632,-8.092,-0.449,-161.104,193.7126,-51.9320,8.8946,5889.5107,-1284.1360,237.9744,0.0082862,-0.0038295,-0.3371540,0.000000,0.000000,0.000000,0.00000,0.00000,0.000,0.000,0.000,0.000,0.000,-6.0000,0.0000,0.0000,6.0000,95.00,95.00,90.00,90.00,65535,65535,65535,1500,1,10,40.4365620,-86.8936615,167.000,-0.121,0.126,0.000
49389,25711,18189,15175,0,0,0.62249,-1.28928,9.58998,0.022371,-0.034088,0.005326,-8.203,-0.490,-160.331,193.6726,-51.9324,8.8951,5897.8877,-1286.4741,238.4419,0.0083585,-0.0037338,-0.3370480,0.000000,0.000000,0.000000,0.00000,0.00000,0.000,0.000,0.000,0.000,0.000,-6.0000,0.0000,0.0000,6.0000,95.00,95.00,90.00,90.00,65535,65535,65535,1500,1,10,40.4365623,-86.8936615,167.100,-0.071,0.074,0.000
49438,21626,18071,15070,0,0,0.79607,-1.68432,9.31823,0.024501,-0.045806,0.010653,-8.207,-0.860,-159.885,193.5796,-51.9315,8.9043,5903.9946,-1288.3196,238.9211,0.0083974,-0.0033697,-0.3368124,0.000000,0.000000,0.000000,0.00000,0.00000,0.000,0.000,0.000,0.000,0.000,-6.0000,0.0000,0.0000,6.0000,95.00,95.00,90.00,90.00,65535,65535,65535,1500,1,10,40.4365623,-86.8936615,167.100,-0.071,0.074,0.000
49489,25820,18208,15174,0,0,0.38906,-1.41138,9.25239,-0.019175,-0.026632,0.021305,-8.292,-0.978,-158.853,193.5658,-51.9286,8.8917,5913.3315,-1290.8491,239.3754,0.0083447,-0.0032012,-0.3368128,0.000000,0.000000,0.000000,0.00000,0.00000,0.000,0.000,0.000,0.000,0.000,-6.0000,0.0000,0.0000,6.0000,95.00,95.00,90.00,90.00,65535,65535,65535,1500,1,9,40.4365622,-86.8936615,167.100,-0.046,0.048,0.000
49558,39213,28508,20501,0,0,-0.15682,-1.73699,10.50815,0.004261,-0.019175,0.006392,-8.385,-0.834,-157.894,193.5508,-51.9252,8.9305,5923.8818,-1293.7284,239.9056,0.0084091,-0.0032315,-0.3367333,0.000000,0.000000,0.000000,0.00000,0.00000,0.000,0.000,0.000,0.000,0.000,-6.0000,0.0000,0.0000,6.0000,95.00,95.00,90.00,90.00,65535,65535,65535,1500,1,9,40.4365622,-86.8936615,167.100,-0.046,0.048,0.000
49595,30188,35334,27322,0,0,0.54708,-0.97803,10.36330,0.005326,-0.012783,0.007457,-8.258,-0.798,-156.782,193.6060,-51.9267,8.9441,5931.9277,-1295.7429,240.1461,0.0082452,-0.0032075,-0.3369479,0.000000,0.000000,0.000000,0.00000,0.00000,0.000,0.000,0.000,0.000,0.000,-6.0000,0.0000,0.0000,6.0000,95.00,95.00,90.00,90.00,65535,65535,65535,1500,1,9,40.4365623,-86.8936618,167.000,-0.046,0.048,0.000
49645,45361,39952,30472,0,0,0.40582,-1.13485,10.39323,-0.014914,-0.008522,0.010653,-8.228,-0.705,-155.499,193.6455,-51.9346,8.9702,5942.3467,-1298.4310,240.5306,0.0081273,-0.0031926,-0.3371073,0.000000,0.000000,0.000000,0.00000,0.00000,0.000,0.000,0.000,0.000,0.000,-6.0000,0.0000,0.0000,6.0000,95.00,95.00,90.00,90.00,65535,65535,65535,1500,1,9,40.4365623,-86.8936618,167.000,-0.046,0.048,0.000
49692,27506,18277,15212,0,0,0.75537,-1.75136,10.29148,-0.019175,-0.009587,-0.012783,-8.358,-0.998,-154.060,193.6091,-51.9325,8.9418,5954.7944,-1301.8220,241.1422,0.0080754,-0.0027736,-0.3371754,0.000000,0.000000,0.000000,0.00000,0.00000,0.000,0.000,0.000,0.000,0.000,-6.0000,0.0000,0.0000,6.0000,95.00,95.00,90.00,90.00,65535,65535,65535,1500,1,9,40.4365623,-86.8936618,167.000,-0.046,0.048,0.000
49743,26246,18274,15208,0,0,0.32322,-1.30963,9.90122,-0.011718,-0.005326,-0.006392,-8.198,-0.836,-152.236,193.7071,-51.9300,8.9294,5968.5083,-1305.2448,241.5443,0.0078205,-0.0028191,-0.3375281,0.000000,0.000000,0.000000,0.00000,0.00000,0.000,0.000,0.000,0.000,0.000,-6.0000,0.0000,0.0000,6.0000,95.00,95.00,90.00,90.00,65535,65535,65535,1500,1,9,40.4365623,-86.8936618,167.000,-0.046,0.048,0.000
49794,25894,18306,15224,0,0,0.39983,-1.00078,9.78031,-0.006392,-0.017044,-0.023436,-8.143,-0.714,-151.055,193.7353,-51.9299,8.9457,5979.4937,-1308.1157,241.9849,0.0077453,-0.0028351,-0.3376286,0.000000,0.000000,0.000000,0.00000,0.00000,0.000,0.000,0.000,0.000,0.000,-6.0000,0.0000,0.0000,6.0000,95.00,95.00,90.00,90.00,65535,65535,65535,1500,1,9,40.4365613,-86.8936612,166.900,-0.046,0.048,0.000
49851,30283,20420,15295,0,0,0.32322,-1.91776,9.45829,0.002131,-0.026632,-0.019175,-8.290,-0.737,-150.676,193.6572,-51.9264,8.9715,5987.0527,-1310.3427,242.5135,0.0079339,-0.0027266,-0.3373805,0.000000,0.000000,0.000000,0.00000,0.00000,0.000,0.000,0.000,0.000,0.000,-6.0000,0.0000,0.0000,6.0000,95.00,95.00,90.00,90.00,65535,65535,65535,1500,1,9,40.4365608,-86.8936615,166.900,-0.242,0.245,0.000
49895,19741,18244,15201,0,0,-0.15921,-0.70270,9.79707,-0.009587,-0.006392,-0.014914,-8.314,-0.562,-149.580,193.6872,-51.9246,8.9788,5997.4229,-1313.0316,242.9145,0.0078466,-0.0027991,-0.3374815,0.000000,0.000000,0.000000,0.00000,0.00000,0.000,0.000,0.000,0.000,0.000,-6.0000,0.0000,0.0000,6.0000,95.00,95.00,90.00,90.00,65535,65535,65535,1500,1,9,40.4365608,-86.8936615,166.900,-0.242,0.245,0.000
49946,26513,18262,15220,0,0,0.44412,-1.42934,9.34936,-0.022371,-0.017044,-0.024501,-8.397,-0.559,-148.429,193.7028,-51.9232,8.9695,6007.9961,-1315.8212,243.3580,0.0078007,-0.0027178,-0.3375857,0.000000,0.000000,0.000000,0.00000,0.00000,0.000,0.000,0.000,0.000,0.000,-6.0000,0.0000,0.0000,6.0000,95.00,95.00,90.00,90.00,65535,65535,65535,1500,1,9,40.4365607,-86.8936627,166.900,-0.228,0.231,0.000
49996,26026,18219,15198,0,0,-0.25857,-1.72742,10.64103,0.025566,-0.024501,-0.026632,-8.285,-0.493,-147.156,193.7440,-51.9224,8.9914,6019.4663,-1318.7855,243.7877,0.0076995,-0.0027288,-0.3377457,0.000000,0.000000,0.000000,0.00000,0.00000,0.000,0.000,0.000,0.000,0.000,-6.0000,0.0000,0.0000,6.0000,95.00,95.00,90.00,90.00,65535,65535,65535,1500,1,9,40.4365607,-86.8936627,166.900,-0.228,0.231,0.000
50036,24403,33391,30398,0,0,-0.07063,-1.13365,9.56244,0.033023,-0.030893,-0.029827,-8.183,-0.399,-146.513,193.7722,-51.9240,8.9849,6025.3599,-1320.2886,243.9932,0.0076369,-0.0027982,-0.3378312,0.000000,0.000000,0.000000,0.00000,0.00000,0.000,0.000,0.000,0.000,0.000,-6.0000,0.0000,0.0000,6.0000,95.00,95.00,90.00,90.00,65535,65535,65535,1500,1,9,40.4365607,-86.8936627,166.900,-0.228,0.231,0.000
50088,47597,38078,27618,0,0,0.45969,-0.69911,9.86651,-0.009587,-0.018109,-0.047937,-8.029,-0.331,-144.896,193.8571,-51.9444,8.9806,6038.1304,-1323.4784,244.3705,0.0074135,-0.0028056,-0.3381717,0.000000,0.000000,0.000000,0.00000,0.00000,0.000,0.000,0.000,0.000,0.000,-6.0000,0.0000,0.0000,6.0000,95.00,95.00,90.00,90.00,65535,65535,65535,1500,1,9,40.4365605,-86.8936625,166.900,-0.152,0.154,0.000
50132,24726,18221,15197,0,0,-0.04788,-1.49039,9.42238,0.013848,-0.013848,-0.041545,-7.992,-0.274,-144.099,193.8230,-51.9429,8.9939,6049.1733,-1326.5258,244.9626,0.0074926,-0.0027613,-0.3380592,0.000000,0.000000,0.000000,0.00000,0.00000,0.000,0.000,0.000,0.000,0.000,-6.0000,0.0000,0.0000,6.0000,95.00,95.00,90.00,90.00,65535,65535,65535,1500,1,9,40.4365605,-86.8936625,166.900,-0.152,0.154,0.000
50183,26093,18278,15209,0,0,0.43455,-1.30604,10.35373,0.042611,-0.005326,-0.050067,-7.806,-0.421,-142.887,193.8414,-51.9407,9.0082,6059.9834,-1329.3521,245.4036,0.0073261,-0.0025426,-0.3382101,0.000000,0.000000,0.000000,0.00000,0.00000,0.000,0.000,0.000,0.000,0.000,-6.0000,0.0000,0.0000,6.0000,95.00,95.00,90.00,90.00,65535,65535,65535,1500,1,9,40.4365592,-86.8936602,167.000,-0.152,0.154,0.000
50234,26036,18259,15188,0,0,0.31005,-1.72981,10.06163,-0.040480,0.007457,-0.040480,-7.815,-0.301,-141.689,193.8734,-51.9420,9.0323,6071.1641,-1332.2521,245.8374,0.0072172,-0.0025244,-0.3383495,0.000000,0.000000,0.000000,0.00000,0.00000,0.000,0.000,0.000,0.000,0.000,-6.0000,0.0000,0.0000,6.0000,95.00,95.00,90.00,90.00,65535,65535,65535,1500,1,9,40.4365592,-86.8936602,167.000,-0.152,0.154,0.000
50292,29642,21632,15328,0,0,0.44891,-1.23421,9.37330,0.010653,0.009587,-0.028762,-7.743,-0.145,-140.613,193.8866,-51.9437,9.0338,6082.3574,-1335.2086,246.3229,0.0071588,-0.0025192,-0.3384042,0.000000,0.000000,0.000000,0.00000,0.00000,0.000,0.000,0.000,0.000,0.000,-6.0000,0.0000,0.0000,6.0000,95.00,95.00,90.00,90.00,65535,65535,65535,1500,1,9,40.4365587,-86.8936597,167.100,-0.152,0.154,0.000
50336,20264,18235,15192,0,0,0.10056,-1.04866,9.63307,0.001065,-0.010653,-0.044741,-7.730,-0.088,-139.671,193.8926,-51.9424,9.0503,6092.0708,-1337.7831,246.7527,0.0071002,-0.0024654,-0.3384527,0.000000,0.000000,0.000000,0.00000,0.00000,0.000,0.000,0.000,0.000,0.000,-6.0000,0.0000,0.0000,6.0000,95.00,95.00,90.00,90.00,65535,65535,65535,1500,1,9,40.4365587,-86.8936592,167.100,-0.293,0.289,0.000
50388,26031,18261,15191,0,0,-0.25019,-0.54229,10.01495,-0.009587,-0.006392,-0.056459,-7.586,0.126,-138.561,193.9325,-51.9468,9.0853,6103.6377,-1340.7671,247.1969,0.0069744,-0.0025784,-0.3385596,0.000000,0.000000,0.000000,0.00000,0.00000,0.000,0.000,0.000,0.000,0.000,-6.0000,0.0000,0.0000,6.0000,95.00,95.00,90.00,90.00,65535,65535,65535,1500,1,9,40.4365587,-86.8936592,167.200,-0.293,0.289,0.000
50438,26101,18267,15211,0,0,-0.14724,-1.07380,10.07480,-0.005326,-0.008522,-0.043676,-7.561,0.213,-137.701,193.9356,-51.9473,9.1071,6113.5640,-1343.4174,247.6552,0.0069617,-0.0025822,-0.3385686,0.000000,0.000000,0.000000,0.00000,0.00000,0.000,0.000,0.000,0.000,0.000,-6.0000,0.0000,0.0000,6.0000,95.00,95.00,90.00,90.00,65535,65535,65535,1500,1,9,40.4365587,-86.8936592,167.200,-0.293,0.289,0.000
50493,30066,18305,15344,0,0,0.32202,-1.01035,10.31422,0.026632,-0.018109,-0.053263,-7.519,0.237,-136.835,193.9269,-51.9485,9.1424,6123.9185,-1346.2126,248.1626,0.0069668,-0.0025374,-0.3385499,0.000000,0.000000,0.000000,0.00000,0.00000,0.000,0.000,0.000,0.000,0.000,-6.0000,0.0000,0.0000,6.0000,95.00,95.00,90.00,90.00,65535,65535,65535,1500,1,9,40.4365588,-86.8936595,167.200,-0.293,0.289,0.000
50533,19291,38272,30263,0,0,0.39145,-1.48560,9.51815,0.027697,-0.022371,-0.061785,-7.561,0.106,-136.741,193.8977,-51.9430,9.1413,6126.2764,-1346.9318,248.3548,0.0070121,-0.0023975,-0.3384648,0.000000,0.000000,0.000000,0.00000,0.00000,0.000,0.000,0.000,0.000,0.000,-6.0000,0.0000,0.0000,6.0000,95.00,95.00,90.00,90.00,65535,65535,65535,1500,1,9,40.4365588,-86.8936595,167.200,-0.293,0.289,0.000
50599,19128,18117,15125,0,0,0.09577,-1.52750,10.01255,0.027697,-0.010653,-0.057524,-7.570,0.114,-135.191,193.9072,-51.9436,9.1540,6143.2988,-1351.4705,249.1400,0.0069394,-0.0022816,-0.3385228,0.000000,0.000000,0.000000,0.00000,0.00000,0.000,0.000,0.000,0.000,0.000,-6.0000,0.0000,0.0000,6.0000,95.00,95.00,90.00,90.00,65535,65535,65535,1500,1,9,40.4365592,-86.8936603,167.200,-0.117,0.115,0.000
50650,26740,18251,15202,0,0,0.67876,-1.65439,9.81623,0.031958,-0.012783,-0.044741,-7.667,-0.159,-134.748,193.8407,-51.9325,9.1511,6150.3545,-1353.5391,249.6378,0.0070228,-0.0019562,-0.3383639,0.000000,0.000000,0.000000,0.00000,0.00000,0.000,0.000,0.000,0.000,0.000,-6.0000,0.0000,0.0000,6.0000,95.00,95.00,90.00,90.00,65535,65535,65535,1500,1,9,40.4365590,-86.8936600,167.300,-0.139,0.137,0.000
50690,24401,33377,30353,0,0,0.04190,-1.12049,10.17057,0.012783,-0.018109,-0.039415,-7.595,-0.111,-134.177,193.8570,-51.9349,9.1600,6155.8306,-1354.9548,249.8510,0.0069610,-0.0019751,-0.3384250,0.000000,0.000000,0.000000,0.00000,0.00000,0.000,0.000,0.000,0.000,0.000,-6.0000,0.0000,0.0000,6.0000,95.00,95.00,90.00,90.00,65535,65535,65535,1500,1,9,40.4365590,-86.8936600,167.300,-0.139,0.137,0.000
50734,43415,34388,26420,0,0,0.46448,-1.09535,9.44991,-0.027697,-0.013848,-0.037284,-7.630,-0.156,-133.294,193.8570,-51.9424,9.1465,6164.4893,-1357.2533,250.2412,0.0068930,-0.0018738,-0.3384809,0.000000,0.000000,0.000000,0.00000,0.00000,0.000,0.000,0.000,0.000,0.000,-6.0000,0.0000,0.0000,6.0000,95.00,95.00,90.00,90.00,65535,65535,65535,1500,1,9,40.4365590,-86.8936600,167.300,-0.139,0.137,0.000
50798,19026,18133,15127,0,0,0.11492,-1.18154,9.34577,-0.004261,-0.010653,-0.033023,-7.796,-0.320,-132.477,193.7569,-51.9270,9.1544,6176.4687,-1360.6921,251.0139,0.0070650,-0.0015524,-0.3382668,0.000000,0.000000,0.000000,0.00000,0.00000,0.000,0.000,0.000,0.000,0.000,-6.0000,0.0000,0.0000,6.0000,95.00,95.00,90.00,90.00,65535,65535,65535,1500,1,9,40.4365588,-86.8936608,167.300,-0.183,0.180,0.000
50849,26667,18271,15225,0,0,0.30885,-1.00317,9.78750,0.002131,-0.001065,-0.036219,-7.718,-0.171,-131.366,193.7814,-51.9324,9.1590,6187.4922,-1363.5667,251.4646,0.0069640,-0.0015876,-0.3383574,0.000000,0.000000,0.000000,0.00000,0.00000,0.000,0.000,0.000,0.000,0.000,-6.0000,0.0000,0.0000,6.0000,95.00,95.00,90.00,90.00,65535,65535,65535,1500,1,9,40.4365595,-86.8936617,167.100,-0.253,0.249,0.000
50899,25940,18271,15230,0,0,-0.07302,-1.43413,10.37288,0.011718,0.004261,-0.022371,-7.772,-0.008,-130.640,193.7678,-51.9296,9.1927,6196.5850,-1366.0540,251.9373,0.0070597,-0.0016117,-0.3382944,0.000000,0.000000,0.000000,0.00000,0.00000,0.000,0.000,0.000,0.000,0.000,-6.0000,0.0000,0.0000,6.0000,95.00,95.00,90.00,90.00,65535,65535,65535,1500,1,9,40.4365595,-86.8936617,167.100,-0.253,0.249,0.000
50935,28276,25747,17004,0,0,0.18555,-0.97923,9.43196,-0.008522,-0.003196,-0.021305,-7.708,0.021,-129.989,193.7798,-51.9326,9.1823,6202.6509,-1367.6349,252.1881,0.0069695,-0.0015866,-0.3383495,0.000000,0.000000,0.000000,0.00000,0.00000,0.000,0.000,0.000,0.000,0.000,-6.0000,0.0000,0.0000,6.0000,95.00,95.00,90.00,90.00,65535,65535,65535,1500,1,9,40.4365595,-86.8936617,167.100,-0.253,0.249,0.000
50999,19008,18119,15119,0,0,0.01197,-1.07260,9.42358,0.030893,-0.030893,-0.023436,-7.721,-0.084,-128.826,193.7536,-51.9243,9.1903,6215.2827,-1371.0936,252.8576,0.0069740,-0.0013922,-0.3382973,0.000000,0.000000,0.000000,0.00000,0.00000,0.000,0.000,0.000,0.000,0.000,-6.0000,0.0000,0.0000,6.0000,95.00,95.00,90.00,90.00,65535,65535,65535,1500,1,9,40.4365598,-86.8936623,167.000,-0.271,0.267,0.000
51038,24232,33340,30352,0,0,0.75896,-1.79685,9.55885,0.006392,-0.029827,-0.024501,-7.860,-0.329,-128.827,193.6955,-51.9099,9.1931,6217.2788,-1371.7987,253.1143,0.0070751,-0.0011451,-0.3381223,0.000000,0.000000,0.000000,0.00000,0.00000,0.000,0.000,0.000,0.000,0.000,-6.0000,0.0000,0.0000,6.0000,95.00,95.00,90.00,90.00,65535,65535,65535,1500,1,9,40.4365598,-86.8936623,167.000,-0.271,0.267,0.000
51104,37874,20649,17578,0,0,0.35674,-0.82001,9.90840,-0.022371,-0.028762,-0.008522,-7.926,-0.259,-127.147,193.7112,-51.9162,9.2086,6233.2939,-1376.0345,253.8201,0.0070112,-0.0011316,-0.3382127,0.000000,0.000000,0.000000,0.00000,0.00000,0.000,0.000,0.000,0.000,0.000,-6.0000,0.0000,0.0000,6.0000,95.00,95.00,90.00,90.00,65535,65535,65535,1500,1,9,40.4365600,-86.8936628,166.900,-0.290,0.285,0.000
51135,26955,24942,21906,0,0,0.20830,-1.56701,9.83897,-0.034088,-0.027697,-0.007457,-8.043,-0.293,-126.761,193.6945,-51.9120,9.2142,6237.7510,-1377.2787,254.0780,0.0070527,-0.0010699,-0.3381630,0.000000,0.000000,0.000000,0.00000,0.00000,0.000,0.000,0.000,0.000,0.000,-6.0000,0.0000,0.0000,6.0000,95.00,95.00,90.00,90.00,65535,65535,65535,1500,1,9,40.4365600,-86.8936628,166.900,-0.290,0.285,0.000
51190,20310,18224,15212,0,0,1.00078,-1.26773,9.54688,-0.001065,-0.028762,-0.006392,-8.109,-0.590,-125.345,193.6766,-51.9082,9.2211,6249.3174,-1380.3944,254.6318,0.0070065,-0.0007498,-0.3382704,0.000000,0.000000,0.000000,0.00000,0.00000,0.000,0.000,0.000,0.000,0.000,-6.0000,0.0000,0.0000,6.0000,95.00,95.00,90.00,90.00,65535,65535,65535,1500,1,9,40.4365603,-86.8936623,166.900,-0.396,0.390,0.000
51235,20300,18250,15219,0,0,0.16879,-1.24977,10.37168,-0.005326,-0.020240,-0.007457,-8.211,-0.631,-124.376,193.6738,-51.9077,9.2326,6258.0225,-1382.7249,255.0378,0.0069941,-0.0006475,-0.3383226,0.000000,0.000000,0.000000,0.00000,0.00000,0.000,0.000,0.000,0.000,0.000,-6.0000,0.0000,0.0000,6.0000,95.00,95.00,90.00,90.00,65535,65535,65535,1500,1,9,40.4365605,-86.8936618,166.900,-0.411,0.404,0.000
51286,26036,18211,15179,0,0,0.39983,-1.54187,10.38485,-0.005326,-0.018109,-0.002131,-8.320,-0.624,-123.336,193.6671,-51.9074,9.2630,6267.7466,-1385.3434,255.5086,0.0070036,-0.0005656,-0.3383448,0.000000,0.000000,0.000000,0.00000,0.00000,0.000,0.000,0.000,0.000,0.000,-6.0000,0.0000,0.0000,6.0000,95.00,95.00,90.00,90.00,65535,65535,65535,1500,1,9,40.4365605,-86.8936618,166.900,-0.411,0.404,0.000
51336,26402,18292,15245,0,0,0.55665,-1.50835,10.64821,0.040480,-0.015979,0.000000,-8.184,-0.565,-122.128,193.6799,-51.9138,9.2931,6278.3667,-1388.1388,255.9647,0.0069432,-0.0005388,-0.3384349,0.000000,0.000000,0.000000,0.00000,0.00000,0.000,0.000,0.000,0.000,0.000,-6.0000,0.0000,0.0000,6.0000,95.00,95.00,90.00,90.00,65535,65535,65535,1500,1,9,40.4365605,-86.8936618,166.900,-0.411,0.404,0.000
51391,25808,18271,15222,0,0,0.44891,-1.69629,9.95270,0.011718,-0.015979,0.015979,-8.137,-0.392,-120.756,193.7087,-51.9221,9.3099,6290.2759,-1391.2471,256.4534,0.0068678,-0.0005971,-0.3385434,0.000000,0.000000,0.000000,0.00000,0.00000,0.000,0.000,0.000,0.000,0.000,-6.0000,0.0000,0.0000,6.0000,95.00,95.00,90.00,90.00,65535,65535,65535,1500,1,9,40.4365592,-86.8936602,166.800,-0.411,0.404,0.000
51436,20290,18235,15202,0,0,0.07542,-1.87227,9.73123,-0.042611,-0.021305,0.023436,-8.282,-0.304,-120.253,193.6839,-51.9123,9.3150,6297.4224,-1393.2593,256.8982,0.0069680,-0.0006158,-0.3383788,0.000000,0.000000,0.000000,0.00000,0.00000,0.000,0.000,0.000,0.000,0.000,-6.0000,0.0000,0.0000,6.0000,95.00,95.00,90.00,90.00,65535,65535,65535,1500,1,9,40.4365583,-86.8936582,166.800,-0.372,0.887,0.000
51487,26054,18254,15211,0,0,-0.00599,-1.47842,9.88087,-0.050067,-0.026632,0.014914,-8.396,-0.304,-119.139,193.6829,-51.9125,9.3029,6307.3862,-1395.9257,257.3688,0.0069548,-0.0005490,-0.3384159,0.000000,0.000000,0.000000,0.00000,0.00000,0.000,0.000,0.000,0.000,0.000,-6.0000,0.0000,0.0000,6.0000,95.00,95.00,90.00,90.00,65535,65535,65535,1500,1,9,40.4365583,-86.8936582,166.800,-0.372,0.887,0.000
51555,39713,21882,18837,0,0,0.50757,-2.05782,9.95270,-0.034088,-0.030893,0.020240,-8.528,-0.305,-117.718,193.6681,-51.9152,9.3006,6319.8364,-1399.2629,257.9593,0.0069596,-0.0004712,-0.3384593,0.000000,0.000000,0.000000,0.00000,0.00000,0.000,0.000,0.000,0.000,0.000,-6.0000,0.0000,0.0000,6.0000,95.00,95.00,90.00,90.00,65535,65535,65535,1500,1,9,40.4365583,-86.8936582,166.800,-0.372,0.887,0.000
51596,31901,31206,22480,0,0,0.33639,-0.97564,10.19571,-0.036219,-0.029827,0.017044,-8.454,-0.220,-116.196,193.7298,-51.9467,9.3060,6329.4199,-1401.6260,258.1933,0.0068041,-0.0005011,-0.3388157,0.000000,0.000000,0.000000,0.00000,0.00000,0.000,0.000,0.000,0.000,0.000,-6.0000,0.0000,0.0000,6.0000,95.00,95.00,90.00,90.00,65535,65535,65535,1500,1,9,40.4365583,-86.8936582,166.800,-0.372,0.887,0.000
51646,25690,18274,15226,0,0,-0.38666,-1.32878,9.50019,-0.004261,-0.024501,0.012783,-8.539,0.033,-115.235,193.7284,-51.9373,9.3146,6341.0679,-1404.7772,258.8043,0.0067897,-0.0006425,-0.3386662,0.000000,0.000000,0.000000,0.00000,0.00000,0.000,0.000,0.000,0.000,0.000,-6.0000,0.0000,0.0000,6.0000,95.00,95.00,90.00,90.00,65535,65535,65535,1500,1,9,40.4365583,-86.8936548,166.800,-0.296,1.012,0.000
51690,19824,18203,15190,0,0,0.19513,-1.17914,9.96706,0.023436,-0.025566,0.012783,-8.271,0.161,-112.511,193.8426,-51.9948,9.3079,6356.5312,-1408.5151,259.0851,0.0065018,-0.0006692,-0.3394125,0.000000,0.000000,0.000000,0.00000,0.00000,0.000,0.000,0.000,0.000,0.000,-6.0000,0.0000,0.0000,6.0000,95.00,95.00,90.00,90.00,65535,65535,65535,1500,1,9,40.4365583,-86.8936548,166.800,-0.296,1.012,0.000
51759,39180,28420,20441,0,0,0.21787,-1.37068,10.18972,-0.056459,-0.022371,0.020240,-8.443,0.103,-110.889,193.8530,-52.0072,9.3184,6368.6543,-1411.7269,259.5998,0.0065092,-0.0005114,-0.3395957,0.000000,0.000000,0.000000,0.00000,0.00000,0.000,0.000,0.000,0.000,0.000,-6.0000,0.0000,0.0000,6.0000,95.00,95.00,90.00,90.00,65535,65535,65535,1500,1,9,40.4365583,-86.8936548,166.800,-0.296,1.012,0.000
51794,38550,24773,16777,0,0,-0.00359,-1.09056,9.76954,0.008522,-0.026632,0.023436,-8.329,0.220,-109.612,193.8924,-52.0267,9.3146,6378.1333,-1414.1500,259.9232,0.0064149,-0.0005638,-0.3397886,0.000000,0.000000,0.000000,0.00000,0.00000,0.000,0.000,0.000,0.000,0.000,-6.0000,0.0000,0.0000,6.0000,95.00,95.00,90.00,90.00,65535,65535,65535,1500,1,9,40.4365583,-86.8936548,166.800,-0.296,1.012,0.000
51844,25738,18251,15222,0,0,-0.02274,-1.61489,9.56962,0.011718,-0.018109,0.026632,-8.550,0.110,-108.087,193.8783,-52.0365,9.3042,6389.1611,-1417.1254,260.4317,0.0065067,-0.0003183,-0.3399421,0.000000,0.000000,0.000000,0.00000,0.00000,0.000,0.000,0.000,0.000,0.000,-6.0000,0.0000,0.0000,6.0000,95.00,95.00,90.00,90.00,65535,65535,65535,1500,1,9,40.4365583,-86.8936548,166.800,-0.296,1.012,0.000
51889,19636,18238,15185,0,0,0.33998,-1.44251,10.50456,-0.042611,-0.009587,0.021305,-8.665,0.082,-105.975,193.9271,-52.0728,9.2919,6401.2549,-1420.1860,260.7627,0.0064496,-0.0001533,-0.3404353,0.000000,0.000000,0.000000,0.00000,0.00000,0.000,0.000,0.000,0.000,0.000,-6.0000,0.0000,0.0000,6.0000,95.00,95.00,90.00,90.00,65535,65535,65535,1500,1,9,40.4365580,-86.8936545,167.100,-0.296,1.012,0.000
51939,25830,18233,15207,0,0,0.95888,-1.47962,9.92037,0.001065,-0.020240,0.011718,-8.612,0.076,-103.732,193.9832,-52.1176,9.2821,6414.8013,-1423.6149,261.1408,0.0063561,-0.0000303,-0.3409426,0.000000,0.000000,0.000000,0.00000,0.00000,0.000,0.000,0.000,0.000,0.000,-6.0000,0.0000,0.0000,6.0000,95.00,95.00,90.00,90.00,65535,65535,65535,1500,1,9,40.4365580,-86.8936545,167.100,-0.296,1.012,0.000
51997,29867,21605,15291,0,0,0.50637,-1.85431,9.75039,-0.011718,-0.021305,0.005326,-8.528,0.117,-101.892,194.0199,-52.1477,9.2879,6427.9263,-1427.0027,261.5953,0.0062737,0.0000234,-0.3412529,0.000000,0.000000,0.000000,0.00000,0.00000,0.000,0.000,0.000,0.000,0.000,-6.0000,0.0000,0.0000,6.0000,95.00,95.00,90.00,90.00,65535,65535,65535,1500,1,9,40.4365587,-86.8936550,167.100,-0.296,1.012,0.000
52037,27723,33368,30356,0,0,-0.46807,-1.01275,9.89404,-0.014914,-0.013848,0.012783,-8.430,0.313,-101.208,194.0464,-52.1548,9.2898,6434.4673,-1428.6851,261.8408,0.0061772,-0.0001170,-0.3412973,0.000000,0.000000,0.000000,0.00000,0.00000,0.000,0.000,0.000,0.000,0.000,-6.0000,0.0000,0.0000,6.0000,95.00,95.00,90.00,90.00,65535,65535,65535,1500,1,9,40.4365587,-86.8936550,167.100,-0.296,1.012,0.000
52096,34128,18415,15353,0,0,0.18794,-1.17316,9.88925,0.009587,-0.027697,0.012783,-8.458,0.268,-99.238,194.0421,-52.1802,9.3105,6449.5195,-1432.7029,262.4978,0.0061982,0.0000755,-0.3414906,0.000000,0.000000,0.000000,0.00000,0.00000,0.000,0.000,0.000,0.000,0.000,-6.0000,0.0000,0.0000,6.0000,95.00,95.00,90.00,90.00,65535,65535,65535,1500,1,9,40.4365587,-86.8936550,167.100,-0.296,1.012,0.000
52146,25780,18257,15207,0,0,0.06704,-1.30723,10.57040,0.049002,-0.024501,0.009587,-8.383,0.231,-97.728,194.0578,-52.1984,9.3379,6460.5142,-1435.5970,262.9329,0.0061650,0.0002000,-0.3416952,0.000000,0.000000,0.000000,0.00000,0.00000,0.000,0.000,0.000,0.000,0.000,-6.0000,0.0000,0.0000,6.0000,95.00,95.00,90.00,90.00,65535,65535,65535,1500,1,9,40.4365587,-86.8936550,167.100,-0.296,1.012,0.000
52208,29993,24948,15304,0,0,0.49919,-1.42455,9.41280,0.014914,-0.011718,0.002131,-8.301,0.237,-95.670,194.1041,-52.2400,9.3362,6474.2651,-1439.1293,263.3760,0.0060295,0.0003159,-0.3420949,0.000000,0.000000,0.000000,0.00000,0.00000,0.000,0.000,0.000,0.000,0.000,-6.0000,0.0000,0.0000,6.0000,95.00,95.00,90.00,90.00,65535,65535,65535,1500,1,10,40.4365583,-86.8936512,167.400,-0.296,1.012,0.000
52239,31293,25068,22045,0,0,0.17358,-1.61968,10.19930,0.008522,-0.004261,0.001065,-8.329,0.254,-95.067,194.0958,-52.2396,9.3528,6480.0259,-1440.7000,263.6703,0.0060510,0.0003788,-0.3420937,0.000000,0.000000,0.000000,0.00000,0.00000,0.000,0.000,0.000,0.000,0.000,-6.0000,0.0000,0.0000,6.0000,95.00,95.00,90.00,90.00,65535,65535,65535,1500,1,10,40.4365583,-86.8936512,167.400,-0.296,1.012,0.000
52289,25208,18238,15210,0,0,0.20231,-1.24858,9.34337,-0.066046,0.009587,0.021305,-8.226,0.210,-92.747,194.1467,-52.2918,9.3247,6494.4897,-1444.4116,264.1203,0.0058577,0.0005987,-0.3425672,0.000000,0.000000,0.000000,0.00000,0.00000,0.000,0.000,0.000,0.000,0.000,-6.0000,0.0000,0.0000,6.0000,95.00,95.00,90.00,90.00,65535,65535,65535,1500,1,10,40.4365585,-86.8936488,167.400,-0.142,0.915,0.000
52333,24680,18230,15188,0,0,-0.18794,-1.92614,9.85693,-0.031958,0.002131,0.001065,-8.412,0.316,-92.509,194.1066,-52.2640,9.3286,6500.6240,-1446.1995,264.5761,0.0060094,0.0006193,-0.3423246,0.000000,0.000000,0.000000,0.00000,0.00000,0.000,0.000,0.000,0.000,0.000,-6.0000,0.0000,0.0000,6.0000,95.00,95.00,90.00,90.00,65535,65535,65535,1500,1,10,40.4365585,-86.8936488,167.400,-0.142,0.915,0.000
52384,26039,18306,15231,0,0,0.15323,-1.17196,9.62828,0.008522,0.000000,-0.020240,-8.264,0.559,-91.327,194.1336,-52.2768,9.3374,6511.8569,-1449.1414,265.0330,0.0058979,0.0005119,-0.3424053,0.000000,0.000000,0.000000,0.00000,0.00000,0.000,0.000,0.000,0.000,0.000,-6.0000,0.0000,0.0000,6.0000,95.00,95.00,90.00,90.00,65535,65535,65535,1500,1,10,40.4365590,-86.8936483,167.400,-0.077,0.866,0.000
52440,27582,18203,15175,0,0,0.32441,-1.17675,9.89883,-0.003196,0.002131,-0.008522,-8.173,0.653,-89.877,194.1531,-52.2956,9.3285,6523.9380,-1452.3284,265.5257,0.0058084,0.0005696,-0.3425627,0.000000,0.000000,0.000000,0.00000,0.00000,0.000,0.000,0.000,0.000,0.000,-6.0000,0.0000,0.0000,6.0000,95.00,95.00,90.00,90.00,65535,65535,65535,1500,1,10,40.4365590,-86.8936483,167.400,-0.077,0.866,0.000
52491,25584,18221,15186,0,0,-0.02155,-0.77931,10.20768,-0.015979,0.009587,-0.018109,-8.039,0.762,-88.261,194.1960,-52.3300,9.3583,6536.2905,-1455.5153,265.9469,0.0056049,0.0005990,-0.3428343,0.000000,0.000000,0.000000,0.00000,0.00000,0.000,0.000,0.000,0.000,0.000,-6.0000,0.0000,0.0000,6.0000,95.00,95.00,90.00,90.00,65535,65535,65535,1500,1,10,40.4365587,-86.8936477,167.800,-0.055,0.785,0.000
52552,34335,20550,15285,0,0,-0.43096,-1.06901,10.00537,0.005326,0.006392,-0.021305,-8.138,0.905,-87.141,194.1928,-52.3280,9.3827,6547.4917,-1458.5514,266.4956,0.0056502,0.0006601,-0.3428544,0.000000,0.000000,0.000000,0.00000,0.00000,0.000,0.000,0.000,0.000,0.000,-6.0000,0.0000,0.0000,6.0000,95.00,95.00,90.00,90.00,65535,65535,65535,1500,1,10,40.4365587,-86.8936477,167.800,-0.055,0.785,0.000
52589,27407,30500,27498,0,0,1.37427,-1.22463,9.74440,0.011718,0.000000,-0.028762,-8.060,0.667,-85.753,194.2155,-52.3697,9.3755,6554.7671,-1460.4259,266.6883,0.0055467,0.0009541,-0.3432255,0.000000,0.000000,0.000000,0.00000,0.00000,0.000,0.000,0.000,0.000,0.000,-6.0000,0.0000,0.0000,6.0000,95.00,95.00,90.00,90.00,65535,65535,65535,1500,1,10,40.4365562,-86.8936450,167.800,-0.055,0.785,0.000
52649,29906,23701,15292,0,0,-0.02753,-1.33477,9.14944,-0.031958,-0.015979,-0.022371,-8.009,0.883,-84.743,194.2152,-52.3565,9.3723,6567.5303,-1463.8722,267.3233,0.0055840,0.0008370,-0.3431563,0.000000,0.000000,0.000000,0.00000,0.00000,0.000,0.000,0.000,0.000,0.000,-6.0000,0.0000,0.0000,6.0000,95.00,95.00,90.00,90.00,65535,65535,65535,1500,1,10,40.4365562,-86.8936450,167.800,-0.055,0.785,0.000
52700,26010,18227,15196,0,0,0.50996,-1.90938,10.22923,-0.009587,-0.021305,-0.042611,-8.134,0.828,-83.607,194.2076,-52.3598,9.4094,6578.3682,-1466.8145,267.8494,0.0056188,0.0009745,-0.3432143,0.000000,0.000000,0.000000,0.00000,0.00000,0.000,0.000,0.000,0.000,0.000,-6.0000,0.0000,0.0000,6.0000,95.00,95.00,90.00,90.00,65535,65535,65535,1500,1,10,40.4365557,-86.8936437,167.800,-0.392,1.133,0.000
52744,19686,18226,15192,0,0,-0.08380,-0.97205,9.70490,0.027697,-0.014914,-0.038350,-7.900,0.857,-82.365,194.2346,-52.3852,9.4119,6588.6870,-1469.5020,268.2268,0.0054495,0.0009924,-0.3434004,0.000000,0.000000,0.000000,0.00000,0.00000,0.000,0.000,0.000,0.000,0.000,-6.0000,0.0000,0.0000,6.0000,95.00,95.00,90.00,90.00,65535,65535,65535,1500,1,10,40.4365557,-86.8936437,167.800,-0.392,1.133,0.000
52784,25013,33259,30279,0,0,0.60094,-1.92614,9.64504,0.013848,-0.010653,-0.039415,-8.045,0.680,-82.018,194.2040,-52.3734,9.4137,6592.1680,-1470.5269,268.4740,0.0055605,0.0012165,-0.3433738,0.000000,0.000000,0.000000,0.00000,0.00000,0.000,0.000,0.000,0.000,0.000,-6.0000,0.0000,0.0000,6.0000,95.00,95.00,90.00,90.00,65535,65535,65535,1500,1,10,40.4365553,-86.8936423,168.000,-0.337,1.124,0.000
52850,40786,19220,15382,0,0,0.25259,-0.98641,9.79588,-0.025566,-0.005326,-0.034088,-8.057,0.704,-79.855,194.2484,-52.4254,9.4227,6610.0259,-1475.2368,269.1699,0.0053827,0.0013417,-0.3436856,0.000000,0.000000,0.000000,0.00000,0.00000,0.000,0.000,0.000,0.000,0.000,-6.0000,0.0000,0.0000,6.0000,95.00,95.00,90.00,90.00,65535,65535,65535,1500,1,10,40.4365553,-86.8936423,168.000,-0.337,1.124,0.000
52882,26239,24987,21949,0,0,0.78171,-1.70707,10.08079,-0.001065,-0.006392,-0.043676,-8.131,0.554,-79.033,194.2454,-52.4417,9.4308,6615.4155,-1476.6984,269.3916,0.0054152,0.0015474,-0.3438449,0.000000,0.000000,0.000000,0.00000,0.00000,0.000,0.000,0.000,0.000,0.000,-6.0000,0.0000,0.0000,6.0000,95.00,95.00,90.00,90.00,65535,65535,65535,1500,1,10,40.4365530,-86.8936387,168.100,-0.535,1.365,0.000
52932,25349,18212,15174,0,0,0.12929,-2.03986,10.75116,0.050067,-0.003196,-0.045806,-8.042,0.536,-77.723,194.2549,-52.4608,9.4660,6627.0898,-1479.8289,269.9007,0.0053758,0.0016814,-0.3439924,0.000000,0.000000,0.000000,0.00000,0.00000,0.000,0.000,0.000,0.000,0.000,-6.0000,0.0000,0.0000,6.0000,95.00,95.00,90.00,90.00,65535,65535,65535,1500,1,10,40.4365530,-86.8936387,168.100,-0.535,1.365,0.000
52996,19053,18122,15131,0,0,0.84156,-1.25576,9.46907,-0.012783,-0.003196,-0.038350,-7.853,0.380,-75.820,194.2751,-52.4968,9.4602,6641.3672,-1483.6049,270.4440,0.0051546,0.0019339,-0.3443134,0.000000,0.000000,0.000000,0.00000,0.00000,0.000,0.000,0.000,0.000,0.000,-6.0000,0.0000,0.0000,6.0000,95.00,95.00,90.00,90.00,65535,65535,65535,1500,1,10,40.4365518,-86.8936372,168.200,-0.634,1.334,0.000
53035,24268,33344,30345,0,0,0.43934,-0.93374,10.06403,0.013848,-0.013848,-0.045806,-7.715,0.322,-75.060,194.2912,-52.5153,9.4645,6647.1138,-1485.1094,270.6470,0.0050301,0.0020067,-0.3444510,0.000000,0.000000,0.000000,0.00000,0.00000,0.000,0.000,0.000,0.000,0.000,-6.0000,0.0000,0.0000,6.0000,95.00,95.00,90.00,90.00,65535,65535,65535,1500,1,10,40.4365518,-86.8936372,168.200,-0.634,1.334,0.000
53088,43453,42018,27402,0,0,-0.33399,-1.18513,9.53970,-0.042611,-0.010653,-0.043676,-7.793,0.460,-74.388,194.2959,-52.5080,9.4565,6655.6440,-1487.4028,271.0626,0.0050087,0.0019376,-0.3444181,0.000000,0.000000,0.000000,0.00000,0.00000,0.000,0.000,0.000,0.000,0.000,-6.0000,0.0000,0.0000,6.0000,95.00,95.00,90.00,90.00,65535,65535,65535,1500,1,10,40.4365518,-86.8936372,168.200,-0.634,1.334,0.000
53138,30674,18231,15200,0,0,-0.17717,-1.68193,9.89045,-0.017044,-0.013848,-0.042611,-7.903,0.418,-72.938,194.2887,-52.5219,9.4548,6669.8237,-1491.2643,271.7577,0.0050498,0.0020915,-0.3444793,0.000000,0.000000,0.000000,0.00000,0.00000,0.000,0.000,0.000,0.000,0.000,-6.0000,0.0000,0.0000,6.0000,95.00,95.00,90.00,90.00,65535,65535,65535,1500,1,10,40.4365507,-86.8936343,168.300,-0.634,1.334,0.000
53183,20403,18242,15201,0,0,-0.09816,-0.94810,9.83538,-0.042611,-0.020240,-0.030893,-8.036,0.341,-71.832,194.2881,-52.5361,9.4522,6678.8979,-1493.7197,272.1600,0.0050562,0.0022352,-0.3446083,0.000000,0.000000,0.000000,0.00000,0.00000,0.000,0.000,0.000,0.000,0.000,-6.0000,0.0000,0.0000,6.0000,95.00,95.00,90.00,90.00,65535,65535,65535,1500,1,10,40.4365498,-86.8936318,168.300,-0.780,1.531,0.000
53233,25858,18240,15192,0,0,-0.31963,-1.17316,9.78989,0.024501,-0.012783,-0.036219,-8.111,0.439,-71.092,194.2806,-52.5257,9.4479,6688.1626,-1496.2454,272.6482,0.0050956,0.0022192,-0.3445438,0.000000,0.000000,0.000000,0.00000,0.00000,0.000,0.000,0.000,0.000,0.000,-6.0000,0.0000,0.0000,6.0000,95.00,95.00,90.00,90.00,65535,65535,65535,1500,1,10,40.4365498,-86.8936318,168.300,-0.780,1.531,0.000
53291,30614,21198,15287,0,0,0.33878,-1.57419,9.73722,-0.017044,-0.001065,-0.018109,-8.189,0.505,-70.025,194.2755,-52.5307,9.4450,6698.6895,-1499.1079,273.1624,0.0051317,0.0022893,-0.3445757,0.000000,0.000000,0.000000,0.00000,0.00000,0.000,0.000,0.000,0.000,0.000,-6.0000,0.0000,0.0000,6.0000,95.00,95.00,90.00,90.00,65535,65535,65535,1500,1,10,40.4365490,-86.8936297,168.400,-0.765,1.544,0.000
53342,25938,18262,15220,0,0,-0.11971,-1.17076,9.23084,-0.017044,-0.004261,-0.024501,-8.341,0.571,-68.828,194.2784,-52.5441,9.4341,6709.4062,-1502.0037,273.6492,0.0051432,0.0023622,-0.3446685,0.000000,0.000000,0.000000,0.00000,0.00000,0.000,0.000,0.000,0.000,0.000,-6.0000,0.0000,0.0000,6.0000,95.00,95.00,90.00,90.00,65535,65535,65535,1500,1,10,40.4365490,-86.8936297,168.400,-0.765,1.544,0.000
53392,31566,18259,15228,0,0,0.58538,-1.24020,10.38126,-0.002131,0.002131,-0.015979,-8.235,0.551,-66.867,194.3239,-52.6107,9.4537,6722.0225,-1505.3296,274.0465,0.0050010,0.0025063,-0.3450800,0.000000,0.000000,0.000000,0.00000,0.00000,0.000,0.000,0.000,0.000,0.000,-6.0000,0.0000,0.0000,6.0000,95.00,95.00,90.00,90.00,65535,65535,65535,1500,1,10,40.4365470,-86.8936267,168.400,-0.969,1.698,0.000
53436,19699,18189,15178,0,0,0.22027,-1.64841,10.58596,0.011718,-0.019175,-0.018109,-8.244,0.615,-65.831,194.3341,-52.6236,9.4647,6731.2187,-1507.7977,274.4460,0.0049580,0.0025278,-0.3451645,0.000000,0.000000,0.000000,0.00000,0.00000,0.000,0.000,0.000,0.000,0.000,-6.0000,0.0000,0.0000,6.0000,95.00,95.00,90.00,90.00,65535,65535,65535,1500,1,10,40.4365470,-86.8936267,168.400,-0.969,1.698,0.000
53492,30875,19158,15314,0,0,0.34477,-1.08816,9.86770,0.008522,-0.027697,-0.021305,-8.054,0.484,-63.662,194.3852,-52.6974,9.4595,6744.9634,-1511.4327,274.8756,0.0047947,0.0026995,-0.3456246,0.000000,0.000000,0.000000,0.00000,0.00000,0.000,0.000,0.000,0.000,0.000,-6.0000,0.0000,0.0000,6.0000,95.00,95.00,90.00,90.00,65535,65535,65535,1500,1,10,40.4365467,-86.8936255,168.500,-0.911,1.577,0.000
53532,20168,38423,30372,0,0,-0.25738,-1.42455,9.88925,0.021305,-0.033023,-0.021305,-8.041,0.526,-63.401,194.3819,-52.6909,9.4642,6748.6309,-1512.4320,275.0756,0.0048068,0.0026705,-0.3455773,0.000000,0.000000,0.000000,0.00000,0.00000,0.000,0.000,0.000,0.000,0.000,-6.0000,0.0000,0.0000,6.0000,95.00,95.00,90.00,90.00,65535,65535,65535,1500,1,10,40.4365467,-86.8936255,168.500,-0.911,1.577,0.000
53597,43611,20755,17723,0,0,1.11330,-1.20787,9.74799,-0.004261,-0.025566,-0.019175,-8.141,0.399,-60.605,194.4417,-52.7880,9.4756,6767.7036,-1517.5424,275.7646,0.0047257,0.0028804,-0.3460730,0.000000,0.000000,0.000000,0.00000,0.00000,0.000,0.000,0.000,0.000,0.000,-6.0000,0.0000,0.0000,6.0000,95.00,95.00,90.00,90.00,65535,65535,65535,1500,1,10,40.4365472,-86.8936263,168.500,-0.706,1.261,0.000
53641,19659,18211,15184,0,0,0.42856,-1.53468,9.37928,-0.064981,-0.022371,-0.006392,-8.347,0.285,-59.170,194.4492,-52.8161,9.4648,6777.4805,-1520.2092,276.1640,0.0047783,0.0030612,-0.3462946,0.000000,0.000000,0.000000,0.00000,0.00000,0.000,0.000,0.000,0.000,0.000,-6.0000,0.0000,0.0000,6.0000,95.00,95.00,90.00,90.00,65535,65535,65535,1500,1,10,40.4365472,-86.8936263,168.500,-0.706,1.261,0.000
53696,30729,18316,15322,0,0,0.85712,-1.65320,9.25119,0.009587,-0.013848,-0.008522,-8.512,0.159,-57.582,194.4516,-52.8493,9.4414,6788.5864,-1523.2637,276.6443,0.0048748,0.0033037,-0.3465203,0.000000,0.000000,0.000000,0.00000,0.00000,0.000,0.000,0.000,0.000,0.000,-6.0000,0.0000,0.0000,6.0000,95.00,95.00,90.00,90.00,65535,65535,65535,1500,1,10,40.4365467,-86.8936257,168.400,-0.645,1.107,0.000
53747,31088,18316,15244,0,0,0.00599,-1.15520,9.39844,-0.040480,-0.006392,0.000000,-8.221,0.273,-56.270,194.4738,-52.8730,9.4304,6799.5391,-1526.2006,277.0909,0.0047904,0.0032972,-0.3466507,0.000000,0.000000,0.000000,0.00000,0.00000,0.000,0.000,0.000,0.000,0.000,-6.0000,0.0000,0.0000,6.0000,95.00,95.00,90.00,90.00,65535,65535,65535,1500,1,10,40.4365467,-86.8936257,168.400,-0.645,1.107,0.000
53786,24432,33417,30383,0,0,0.17957,-1.11690,8.99621,-0.035154,-0.001065,-0.005326,-8.214,0.306,-55.501,194.4891,-52.8935,9.4094,6805.1641,-1527.7061,277.2961,0.0047339,0.0033228,-0.3467690,0.000000,0.000000,0.000000,0.00000,0.00000,0.000,0.000,0.000,0.000,0.000,-6.0000,0.0000,0.0000,6.0000,95.00,95.00,90.00,90.00,65535,65535,65535,1500,1,10,40.4365467,-86.8936257,168.400,-0.645,1.107,0.000
53862,39458,29158,26167,0,0,0.37948,-1.32758,9.99938,-0.005326,-0.015979,-0.007457,-8.236,0.355,-53.676,194.4995,-52.9167,9.4540,6821.1489,-1532.0581,278.0284,0.0047141,0.0034230,-0.3468831,0.000000,0.000000,0.000000,0.00000,0.00000,0.000,0.000,0.000,0.000,0.000,-6.0000,0.0000,0.0000,6.0000,95.00,95.00,90.00,90.00,65535,65535,65535,1500,1,10,40.4365460,-86.8936243,168.500,-0.652,1.091,0.000
53895,30296,31979,28900,0,0,-0.11372,-1.08577,9.35893,-0.067112,-0.011718,0.006392,-8.267,0.458,-52.862,194.5188,-52.9330,9.4400,6827.9575,-1533.8743,278.2957,0.0046431,0.0033771,-0.3469618,0.000000,0.000000,0.000000,0.00000,0.00000,0.000,0.000,0.000,0.000,0.000,-6.0000,0.0000,0.0000,6.0000,95.00,95.00,90.00,90.00,65535,65535,65535,1500,1,10,40.4365460,-86.8936243,168.500,-0.652,1.091,0.000
53950,25736,18271,15217,0,0,-0.24062,-1.39941,10.25915,-0.006392,-0.026632,-0.002131,-8.365,0.556,-51.439,194.5211,-52.9421,9.4834,6841.4033,-1537.5352,278.9395,0.0046465,0.0033966,-0.3469889,0.000000,0.000000,0.000000,0.00000,0.00000,0.000,0.000,0.000,0.000,0.000,-6.0000,0.0000,0.0000,6.0000,95.00,95.00,90.00,90.00,65535,65535,65535,1500,1,10,40.4365458,-86.8936232,168.500,-0.652,1.091,0.000
54001,26738,18226,15206,0,0,-0.10175,-0.97324,10.09755,0.047937,-0.022371,-0.009587,-8.274,0.641,-50.469,194.5221,-52.9418,9.5203,6851.3784,-1540.2472,279.4266,0.0046438,0.0033835,-0.3469838,0.000000,0.000000,0.000000,0.00000,0.00000,0.000,0.000,0.000,0.000,0.000,-6.0000,0.0000,0.0000,6.0000,95.00,95.00,90.00,90.00,65535,65535,65535,1500,1,10,40.4365450,-86.8936223,168.600,-0.628,0.972,0.000
54041,24420,33333,30310,0,0,0.56743,-1.73580,9.62948,0.024501,-0.025566,-0.009587,-8.337,0.480,-49.950,194.5032,-52.9368,9.5200,6855.3779,-1541.3915,279.6599,0.0046999,0.0035722,-0.3470078,0.000000,0.000000,0.000000,0.00000,0.00000,0.000,0.000,0.000,0.000,0.000,-6.0000,0.0000,0.0000,6.0000,95.00,95.00,90.00,90.00,65535,65535,65535,1500,1,10,40.4365450,-86.8936223,168.600,-0.628,0.972,0.000
54099,33760,18382,15331,0,0,0.10774,-0.92416,9.29070,-0.022371,-0.020240,-0.011718,-8.227,0.527,-47.470,194.5777,-53.0213,9.5017,6872.9609,-1546.1066,280.2636,0.0045139,0.0036031,-0.3474350,0.000000,0.000000,0.000000,0.00000,0.00000,0.000,0.000,0.000,0.000,0.000,-6.0000,0.0000,0.0000,6.0000,95.00,95.00,90.00,90.00,65535,65535,65535,1500,1,10,40.4365447,-86.8936210,168.600,-0.627,0.967,0.000
54136,28270,27522,17013,0,0,0.12450,-1.68432,10.94270,0.040480,-0.029827,-0.017044,-8.193,0.490,-46.932,194.5715,-53.0202,9.5377,6878.1875,-1547.5490,280.5342,0.0045305,0.0036620,-0.3474368,0.000000,0.000000,0.000000,0.00000,0.00000,0.000,0.000,0.000,0.000,0.000,-6.0000,0.0000,0.0000,6.0000,95.00,95.00,90.00,90.00,65535,65535,65535,1500,1,10,40.4365447,-86.8936210,168.600,-0.627,0.967,0.000
54187,31251,18246,15194,0,0,0.32441,-1.53588,10.00776,-0.010653,-0.027697,-0.009587,-8.151,0.315,-45.536,194.5680,-53.0341,9.5462,6889.7427,-1550.7378,281.0889,0.0045089,0.0038623,-0.3475370,0.000000,0.000000,0.000000,0.00000,0.00000,0.000,0.000,0.000,0.000,0.000,-6.0000,0.0000,0.0000,6.0000,95.00,95.00,90.00,90.00,65535,65535,65535,1500,1,10,40.4365447,-86.8936210,168.600,-0.627,0.967,0.000
54238,25640,18240,15175,0,0,0.18316,-1.94649,9.62589,-0.037284,-0.015979,-0.002131,-8.406,0.231,-45.253,194.5046,-52.9704,9.5569,6896.6484,-1552.7100,281.6411,0.0046612,0.0040159,-0.3472580,0.000000,0.000000,0.000000,0.00000,0.00000,0.000,0.000,0.000,0.000,0.000,-6.0000,0.0000,0.0000,6.0000,95.00,95.00,90.00,90.00,65535,65535,65535,1500,1,10,40.4365443,-86.8936195,168.700,-0.627,0.967,0.000
54282,19750,18238,15197,0,0,-0.14126,-1.72263,9.78989,-0.028762,-0.013848,-0.017044,-8.480,0.251,-44.649,194.4860,-52.9498,9.5472,6904.3413,-1554.8308,282.0838,0.0047055,0.0040613,-0.3471720,0.000000,0.000000,0.000000,0.00000,0.00000,0.000,0.000,0.000,0.000,0.000,-6.0000,0.0000,0.0000,6.0000,95.00,95.00,90.00,90.00,65535,65535,65535,1500,1,10,40.4365443,-86.8936195,168.700,-0.627,0.967,0.000
54337,30026,18277,15319,0,0,0.57461,-1.26174,9.50618,-0.017044,-0.006392,-0.011718,-8.291,0.265,-42.518,194.5509,-53.0365,9.5283,6918.1152,-1558.5491,282.5142,0.0045219,0.0041536,-0.3476048,0.000000,0.000000,0.000000,0.00000,0.00000,0.000,0.000,0.000,0.000,0.000,-6.0000,0.0000,0.0000,6.0000,95.00,95.00,90.00,90.00,65535,65535,65535,1500,1,10,40.4365437,-86.8936183,168.700,-0.539,0.942,0.000
54388,26079,18243,15198,0,0,0.40223,-1.51553,10.21726,-0.041545,0.001065,-0.020240,-8.178,0.243,-40.831,194.5886,-53.0932,9.5454,6929.7573,-1561.7211,282.9317,0.0043931,0.0042834,-0.3479032,0.000000,0.000000,0.000000,0.00000,0.00000,0.000,0.000,0.000,0.000,0.000,-6.0000,0.0000,0.0000,6.0000,95.00,95.00,90.00,90.00,65535,65535,65535,1500,1,10,40.4365437,-86.8936183,168.700,-0.539,0.942,0.000
54438,25852,18225,15174,0,0,0.10175,-1.54306,10.10473,-0.015979,-0.005326,-0.010653,-8.198,0.345,-39.694,194.5980,-53.1061,9.5497,6940.0884,-1564.5361,283.4027,0.0043661,0.0042961,-0.3479657,0.000000,0.000000,0.000000,0.00000,0.00000,0.000,0.000,0.000,0.000,0.000,-6.0000,0.0000,0.0000,6.0000,95.00,95.00,90.00,90.00,65535,65535,65535,1500,1,10,40.4365430,-86.8936168,168.800,-0.539,0.942,0.000
54482,24772,18202,15160,0,0,0.43335,-1.67834,9.34457,0.013848,-0.008522,-0.015979,-8.196,0.330,-38.998,194.5777,-53.0912,9.5527,6947.7539,-1566.6643,283.8381,0.0044087,0.0043949,-0.3479134,0.000000,0.000000,0.000000,0.00000,0.00000,0.000,0.000,0.000,0.000,0.000,-6.0000,0.0000,0.0000,6.0000,95.00,95.00,90.00,90.00,65535,65535,65535,1500,1,10,40.4365430,-86.8936168,168.800,-0.539,0.942,0.000
54556,43354,24085,15377,0,0,0.74101,-1.23182,9.52294,-0.026632,-0.023436,-0.005326,-8.225,0.028,-37.219,194.5825,-53.1215,9.5481,6960.8237,-1570.3210,284.4582,0.0043412,0.0047736,-0.3481012,0.000000,0.000000,0.000000,0.00000,0.00000,0.000,0.000,0.000,0.000,0.000,-6.0000,0.0000,0.0000,6.0000,95.00,95.00,90.00,90.00,65535,65535,65535,1500,1,10,40.4365427,-86.8936152,168.800,-0.539,0.942,0.000
54593,30466,30483,27475,0,0,0.34117,-0.93374,10.41238,0.006392,-0.030893,-0.011718,-8.066,0.041,-36.010,194.6315,-53.1719,9.5612,6968.7266,-1572.4545,284.6918,0.0042110,0.0047731,-0.3483461,0.000000,0.000000,0.000000,0.00000,0.00000,0.000,0.000,0.000,0.000,0.000,-6.0000,0.0000,0.0000,6.0000,95.00,95.00,90.00,90.00,65535,65535,65535,1500,1,10,40.4365427,-86.8936152,168.800,-0.539,0.942,0.000
54644,26019,18240,15184,0,0,0.97324,-1.75016,10.08198,0.009587,-0.020240,-0.009587,-8.133,-0.367,-34.819,194.5896,-53.1583,9.5607,6979.1128,-1575.4176,285.3124,0.0042202,0.0052133,-0.3483447,0.000000,0.000000,0.000000,0.00000,0.00000,0.000,0.000,0.000,0.000,0.000,-6.0000,0.0000,0.0000,6.0000,95.00,95.00,90.00,90.00,65535,65535,65535,1500,1,10,40.4365405,-86.8936120,168.800,-0.667,1.201,0.000
54695,30971,18270,15222,0,0,0.34357,-0.97085,9.71687,-0.042611,-0.008522,-0.008522,-8.102,-0.425,-33.277,194.6186,-53.1984,9.5636,6990.1143,-1578.4434,285.7423,0.0041037,0.0053432,-0.3485727,0.000000,0.000000,0.000000,0.00000,0.00000,0.000,0.000,0.000,0.000,0.000,-6.0000,0.0000,0.0000,6.0000,95.00,95.00,90.00,90.00,65535,65535,65535,1500,1,10,40.4365402,-86.8936103,168.800,-0.656,1.142,0.000
54739,19621,18186,15180,0,0,0.01437,-0.95409,10.32500,-0.047937,-0.001065,-0.006392,-8.128,-0.325,-31.931,194.6522,-53.2398,9.5601,7000.1597,-1581.1798,286.1190,0.0040100,0.0053499,-0.3487619,0.000000,0.000000,0.000000,0.00000,0.00000,0.000,0.000,0.000,0.000,0.000,-6.0000,0.0000,0.0000,6.0000,95.00,95.00,90.00,90.00,65535,65535,65535,1500,1,10,40.4365402,-86.8936103,168.800,-0.656,1.142,0.000
54794,27003,18218,15195,0,0,0.19273,-1.38505,9.60554,-0.262055,-0.007457,-0.013848,-8.557,-0.201,-30.824,194.6534,-53.2437,9.5745,7010.9438,-1584.1349,286.6420,0.0040324,0.0053543,-0.3487817,0.000000,0.000000,0.000000,0.00000,0.00000,0.000,0.000,0.000,0.000,0.000,-6.0000,0.0000,0.0000,6.0000,95.00,95.00,90.00,90.00,65535,65535,65535,1500,1,10,40.4365393,-86.8936082,168.800,-0.675,1.149,0.000
54834,24463,33441,30386,0,0,0.19632,-2.14640,10.62906,0.042611,-0.013848,-0.009587,-8.644,-0.238,-30.648,194.6189,-53.2153,9.6031,7014.2993,-1585.0908,286.9074,0.0041384,0.0054434,-0.3486673,0.000000,0.000000,0.000000,0.00000,0.00000,0.000,0.000,0.000,0.000,0.000,-6.0000,0.0000,0.0000,6.0000,95.00,95.00,90.00,90.00,65535,65535,65535,1500,1,10,40.4365393,-86.8936082,168.800,-0.675,1.149,0.000
54892,32609,19603,15355,0,0,-0.10056,-1.31681,9.54568,-0.008522,-0.022371,-0.006392,-8.774,-0.093,-28.921,194.6453,-53.2431,9.6086,7029.2979,-1589.1926,287.5727,0.0041057,0.0054432,-0.3487929,0.000000,0.000000,0.000000,0.00000,0.00000,0.000,0.000,0.000,0.000,0.000,-6.0000,0.0000,0.0000,6.0000,95.00,95.00,90.00,90.00,65535,65535,65535,1500,1,10,40.4365393,-86.8936082,168.800,-0.675,1.149,0.000
54936,19671,18209,15175,0,0,0.36152,-1.24858,10.28788,0.031958,-0.025566,-0.004261,-8.574,0.019,-27.069,194.7225,-53.3272,9.6089,7041.3086,-1592.4578,287.9183,0.0039467,0.0053836,-0.3491676,0.000000,0.000000,0.000000,0.00000,0.00000,0.000,0.000,0.000,0.000,0.000,-6.0000,0.0000,0.0000,6.0000,95.00,95.00,90.00,90.00,65535,65535,65535,1500,1,10,40.4365393,-86.8936082,168.800,-0.675,1.149,0.000
54997,32425,22527,15344,0,0,0.76614,-0.90261,9.67377,-0.002131,-0.026632,-0.003196,-8.349,0.125,-24.390,194.8518,-53.4606,9.6015,7057.1611,-1596.7957,288.3140,0.0037390,0.0053402,-0.3497843,0.000000,0.000000,0.000000,0.00000,0.00000,0.000,0.000,0.000,0.000,0.000,-6.0000,0.0000,0.0000,6.0000,95.00,95.00,90.00,90.00,65535,65535,65535,1500,1,10,40.4365393,-86.8936082,168.800,-0.675,1.149,0.000
55037,28629,33350,30352,0,0,0.53750,-1.26174,10.12388,0.005326,-0.027697,-0.005326,-8.277,0.101,-23.072,194.9044,-53.5220,9.6053,7064.6436,-1598.8765,288.5182,0.0036883,0.0053925,-0.3500859,0.000000,0.000000,0.000000,0.00000,0.00000,0.000,0.000,0.000,0.000,0.000,-6.0000,0.0000,0.0000,6.0000,95.00,95.00,90.00,90.00,65535,65535,65535,1500,1,10,40.4365393,-86.8936082,168.800,-0.675,1.149,0.000
55102,38006,20494,17478,0,0,-0.23942,-1.10014,9.71806,0.004261,-0.011718,0.008522,-8.179,0.314,-21.434,194.9190,-53.5279,9.5970,7080.4370,-1603.1820,289.2543,0.0036318,0.0053067,-0.3501101,0.000000,0.000000,0.000000,0.00000,0.00000,0.000,0.000,0.000,0.000,0.000,-6.0000,0.0000,0.0000,6.0000,95.00,95.00,90.00,90.00,65535,65535,65535,1500,1,10,40.4365393,-86.8936082,168.800,-0.675,1.149,0.000
55132,26777,24119,21094,0,0,-0.12091,-1.49518,9.80066,0.010653,-0.015979,-0.004261,-8.192,0.356,-21.040,194.9080,-53.5161,9.6013,7085.2412,-1604.5004,289.5246,0.0036519,0.0053092,-0.3500562,0.000000,0.000000,0.000000,0.00000,0.00000,0.000,0.000,0.000,0.000,0.000,-6.0000,0.0000,0.0000,6.0000,95.00,95.00,90.00,90.00,65535,65535,65535,1500,1,10,40.4365393,-86.8936082,168.800,-0.675,1.149,0.000
55200,23785,18179,15228,0,0,0.41539,-1.39941,10.01016,0.045806,-0.030893,-0.001065,-8.067,0.260,-19.286,194.9115,-53.5266,9.6192,7099.6548,-1608.5138,290.2136,0.0036465,0.0054669,-0.3501624,0.000000,0.000000,0.000000,0.00000,0.00000,0.000,0.000,0.000,0.000,0.000,-6.0000,0.0000,0.0000,6.0000,95.00,95.00,90.00,90.00,65535,65535,65535,1500,1,10,40.4365333,-86.8935998,168.500,-0.987,1.438,0.000
55250,25842,18166,15148,0,0,0.76974,-0.97564,9.34218,-0.034088,-0.028762,0.005326,-7.870,0.175,-17.125,194.9914,-53.6213,9.5923,7112.3779,-1612.0626,290.5874,0.0034823,0.0055609,-0.3506138,0.000000,0.000000,0.000000,0.00000,0.00000,0.000,0.000,0.000,0.000,0.000,-6.0000,0.0000,0.0000,6.0000,95.00,95.00,90.00,90.00,65535,65535,65535,1500,1,10,40.4365333,-86.8935998,168.500,-0.987,1.438,0.000
55301,26448,18194,15142,0,0,0.28371,-1.55025,10.54646,-0.051133,-0.028762,0.013848,-8.168,-0.036,-16.136,194.9567,-53.6038,9.6178,7120.8599,-1614.4767,291.0898,0.0035558,0.0058101,-0.3505900,0.000000,0.000000,0.000000,0.00000,0.00000,0.000,0.000,0.000,0.000,0.000,-6.0000,0.0000,0.0000,6.0000,95.00,95.00,90.00,90.00,65535,65535,65535,1500,1,10,40.4365323,-86.8935985,168.500,-1.063,1.284,0.000
55351,25605,18136,15120,0,0,0.42018,-1.43772,10.16698,-0.013848,-0.020240,0.015979,-8.155,0.004,-14.418,195.0094,-53.6613,9.6258,7132.4565,-1617.6968,291.5051,0.0034887,0.0058296,-0.3508598,0.000000,0.000000,0.000000,0.00000,0.00000,0.000,0.000,0.000,0.000,0.000,-6.0000,0.0000,0.0000,6.0000,95.00,95.00,90.00,90.00,65535,65535,65535,1500,1,10,40.4365323,-86.8935985,168.500,-1.063,1.284,0.000
55395,20167,18194,15168,0,0,0.64763,-1.74896,9.61033,-0.008522,-0.021305,0.005326,-8.081,-0.012,-12.719,195.0630,-53.7240,9.6165,7143.0747,-1620.6714,291.8569,0.0034216,0.0058917,-0.3511750,0.000000,0.000000,0.000000,0.00000,0.00000,0.000,0.000,0.000,0.000,0.000,-6.0000,0.0000,0.0000,6.0000,95.00,95.00,90.00,90.00,65535,65535,65535,1500,1,10,40.4365313,-86.8935965,168.500,-1.040,1.236,0.000
55450,26388,18119,15131,0,0,0.30885,-1.44251,10.36330,0.018109,-0.013848,0.006392,-7.918,0.164,-10.774,195.1419,-53.7954,9.6311,7156.6294,-1624.4056,292.3027,0.0032961,0.0057971,-0.3514972,0.000000,0.000000,0.000000,0.00000,0.00000,0.000,0.000,0.000,0.000,0.000,-6.0000,0.0000,0.0000,6.0000,95.00,95.00,90.00,90.00,65535,65535,65535,1500,1,10,40.4365313,-86.8935965,168.600,-1.040,1.236,0.000
55500,30877,18224,15164,0,0,0.31603,-1.41737,9.60314,-0.038350,-0.011718,0.020240,-8.065,0.033,-9.309,195.1470,-53.8193,9.6278,7166.4126,-1627.2034,292.7493,0.0033259,0.0060250,-0.3516682,0.000000,0.000000,0.000000,0.00000,0.00000,0.000,0.000,0.000,0.000,0.000,-6.0000,0.0000,0.0000,6.0000,95.00,95.00,90.00,90.00,65535,65535,65535,1500,1,10,40.4365313,-86.8935965,168.600,-1.040,1.236,0.000
55539,19163,38159,30252,0,0,0.19632,-1.48081,9.21169,0.002131,-0.008522,0.021305,-8.115,0.010,-8.952,195.1335,-53.8107,9.6194,7169.6714,-1628.1240,292.9408,0.0033572,0.0060916,-0.3516505,0.000000,0.000000,0.000000,0.00000,0.00000,0.000,0.000,0.000,0.000,0.000,-6.0000,0.0000,0.0000,6.0000,95.00,95.00,90.00,90.00,65535,65535,65535,1500,1,10,40.4365313,-86.8935965,168.600,-1.040,1.236,0.000
55598,37759,19390,15263,0,0,-0.32920,-1.27372,10.06522,-0.008522,-0.012783,0.010653,-8.130,0.238,-7.231,195.1475,-53.8185,9.6660,7185.2534,-1632.4048,293.6723,0.0033214,0.0060358,-0.3516862,0.000000,0.000000,0.000000,0.00000,0.00000,0.000,0.000,0.000,0.000,0.000,-6.0000,0.0000,0.0000,6.0000,95.00,95.00,90.00,90.00,65535,65535,65535,1500,1,10,40.4365313,-86.8935965,168.600,-1.040,1.236,0.000
55633,29969,24783,16827,0,0,0.22146,-1.10373,9.57681,-0.019175,-0.003196,0.029827,-8.081,0.301,-6.090,195.1897,-53.8592,9.6558,7192.4517,-1634.4198,293.9127,0.0032628,0.0060438,-0.3518804,0.000000,0.000000,0.000000,0.00000,0.00000,0.000,0.000,0.000,0.000,0.000,-6.0000,0.0000,0.0000,6.0000,95.00,95.00,90.00,90.00,65535,65535,65535,1500,1,10,40.4365303,-86.8935928,169.000,-1.040,1.236,0.000
55683,25850,18160,15151,0,0,-0.22625,-1.14203,9.92756,-0.041545,-0.005326,0.024501,-8.250,0.315,-4.448,195.2135,-53.8916,9.6404,7204.0972,-1637.7065,294.4213,0.0032771,0.0061664,-0.3520549,0.000000,0.000000,0.000000,0.00000,0.00000,0.000,0.000,0.000,0.000,0.000,-6.0000,0.0000,0.0000,6.0000,95.00,95.00,90.00,90.00,65535,65535,65535,1500,1,10,40.4365303,-86.8935928,169.000,-1.040,1.236,0.000
55735,26686,18170,15160,0,0,0.44652,-1.42694,9.71088,0.057524,-0.014914,0.010653,-8.224,0.306,-3.143,195.2201,-53.9055,9.6285,7214.1782,-1640.5448,294.8964,0.0032990,0.0062739,-0.3521466,0.000000,0.000000,0.000000,0.00000,0.00000,0.000,0.000,0.000,0.000,0.000,-6.0000,0.0000,0.0000,6.0000,95.00,95.00,90.00,90.00,65535,65535,65535,1500,1,10,40.4365295,-86.8935903,169.200,-0.991,1.347,0.000
55784,25129,18147,15132,0,0,0.87747,-1.13605,10.18493,0.047937,-0.020240,0.011718,-7.944,0.363,-1.594,195.2697,-53.9505,9.6419,7225.4209,-1643.6758,295.3198,0.0031839,0.0062697,-0.3523513,0.000000,0.000000,0.000000,0.00000,0.00000,0.000,0.000,0.000,0.000,0.000,-6.0000,0.0000,0.0000,6.0000,95.00,95.00,90.00,90.00,65535,65535,65535,1500,1,10,40.4365295,-86.8935903,169.200,-0.991,1.347,0.000
55833,23803,18177,15234,0,0,1.01634,-1.49997,10.27232,0.061785,-0.009587,0.022371,-7.724,0.204,-0.353,195.2673,-53.9610,9.6562,7234.7061,-1646.3190,295.7744,0.0031149,0.0064842,-0.3524401,0.000000,0.000000,0.000000,0.00000,0.00000,0.000,0.000,0.000,0.000,0.000,-6.0000,0.0000,0.0000,6.0000,95.00,95.00,90.00,90.00,65535,65535,65535,1500,1,10,40.4365283,-86.8935880,169.200,-1.042,1.424,0.000
55900,34234,26924,18971,0,0,0.12091,-1.58017,9.99459,0.064981,-0.004261,0.020240,-7.577,0.085,0.582,195.2158,-53.9287,9.6607,7244.3325,-1649.0245,296.3784,0.0031269,0.0067104,-0.3523197,0.000000,0.000000,0.000000,0.00000,0.00000,0.000,0.000,0.000,0.000,0.000,-6.0000,0.0000,0.0000,6.0000,95.00,95.00,90.00,90.00,65535,65535,65535,1500,1,10,40.4365283,-86.8935880,169.200,-1.042,1.424,0.000
55932,33800,24941,21896,0,0,-0.49680,-1.18393,9.24162,0.010653,-0.008522,0.021305,-7.545,0.317,1.493,195.2444,-53.9496,9.6414,7252.0234,-1651.1226,296.6805,0.0031507,0.0065617,-0.3523938,0.000000,0.000000,0.000000,0.00000,0.00000,0.000,0.000,0.000,0.000,0.000,-6.0000,0.0000,0.0000,6.0000,95.00,95.00,90.00,90.00,65535,65535,65535,1500,1,10,40.4365267,-86.8935823,169.600,-1.105,1.718,0.000
55982,25565,18183,15167,0,0,0.18675,-0.75417,9.50259,-0.036219,-0.269512,0.014914,-7.696,-0.142,2.747,195.2231,-53.9450,9.6337,7262.1460,-1653.9860,297.2361,0.0031802,0.0067548,-0.3523912,0.000000,0.000000,0.000000,0.00000,0.00000,0.000,0.000,0.000,0.000,0.000,-6.0000,0.0000,0.0000,6.0000,95.00,95.00,90.00,90.00,65535,65535,65535,1500,1,10,40.4365267,-86.8935823,169.600,-1.105,1.718,0.000
56051,43452,19143,15291,0,0,-0.17358,-1.03310,9.53611,0.005326,-0.009587,0.018109,-7.760,-0.007,3.962,195.1953,-53.9187,9.6130,7274.7319,-1657.4487,297.9192,0.0032099,0.0067741,-0.3522960,0.000000,0.000000,0.000000,0.00000,0.00000,0.000,0.000,0.000,0.000,0.000,-6.0000,0.0000,0.0000,6.0000,95.00,95.00,90.00,90.00,65535,65535,65535,1500,1,10,40.4365255,-86.8935790,169.800,-1.097,1.802,0.000
56087,20152,35040,27167,0,0,-0.01197,-2.07458,10.79186,0.005326,-0.010653,0.019175,-7.918,-0.065,3.650,195.1149,-53.8514,9.6448,7276.1899,-1657.8176,298.1935,0.0033042,0.0068728,-0.3520055,0.000000,0.000000,0.000000,0.00000,0.00000,0.000,0.000,0.000,0.000,0.000,-6.0000,0.0000,0.0000,6.0000,95.00,95.00,90.00,90.00,65535,65535,65535,1500,1,10,40.4365255,-86.8935790,169.800,-1.097,1.802,0.000
56138,26268,18183,15159,0,0,0.87867,-1.61489,9.38886,-0.051133,-0.028762,0.031958,-7.922,-0.317,5.680,195.1393,-53.8761,9.6208,7289.6665,-1661.6766,298.7990,0.0031723,0.0071631,-0.3522203,0.000000,0.000000,0.000000,0.00000,0.00000,0.000,0.000,0.000,0.000,0.000,-6.0000,0.0000,0.0000,6.0000,95.00,95.00,90.00,90.00,65535,65535,65535,1500,1,10,40.4365247,-86.8935760,169.900,-1.097,1.802,0.000
56188,25781,18136,15113,0,0,-0.31244,-1.54306,9.48463,-0.078830,-0.046872,0.042611,-7.962,-0.060,7.516,195.2356,-53.9450,9.6089,7302.5220,-1665.2090,299.1978,0.0030867,0.0069063,-0.3524936,0.000000,0.000000,0.000000,0.00000,0.00000,0.000,0.000,0.000,0.000,0.000,-6.0000,0.0000,0.0000,6.0000,95.00,95.00,90.00,90.00,65535,65535,65535,1500,1,10,40.4365247,-86.8935760,169.900,-1.097,1.802,0.000
56233,19796,18209,15178,0,0,-0.42018,-1.26653,9.75996,-0.017044,-0.067112,0.020240,-7.928,-0.010,8.675,195.2665,-53.9647,9.5949,7312.1689,-1667.8628,299.6027,0.0030647,0.0068140,-0.3525678,0.000000,0.000000,0.000000,0.00000,0.00000,0.000,0.000,0.000,0.000,0.000,-6.0000,0.0000,0.0000,6.0000,95.00,95.00,90.00,90.00,65535,65535,65535,1500,1,10,40.4365240,-86.8935728,169.900,-1.006,1.924,0.000
56287,26004,18159,15143,0,0,0.32681,-1.57419,10.38006,-0.011718,-0.064981,0.010653,-7.998,-0.239,10.076,195.2748,-53.9790,9.6158,7322.7456,-1670.8619,300.1019,0.0030543,0.0069520,-0.3526678,0.000000,0.000000,0.000000,0.00000,0.00000,0.000,0.000,0.000,0.000,0.000,-6.0000,0.0000,0.0000,6.0000,95.00,95.00,90.00,90.00,65535,65535,65535,1500,1,10,40.4365240,-86.8935728,169.900,-1.006,1.924,0.000
56338,26402,18216,15168,0,0,-0.05626,-1.26174,10.11311,-0.012783,-0.071373,0.028762,-7.938,-0.307,12.117,195.3586,-54.0511,9.6202,7335.0698,-1674.3760,300.4996,0.0030020,0.0069535,-0.3530253,0.000000,0.000000,0.000000,0.00000,0.00000,0.000,0.000,0.000,0.000,0.000,-6.0000,0.0000,0.0000,6.0000,95.00,95.00,90.00,90.00,65535,65535,65535,1500,1,10,40.4365227,-86.8935695,170.100,-1.000,2.036,0.000
56388,30728,18206,15143,0,0,0.57461,-1.62447,11.13424,-0.006392,-0.055394,0.014914,-7.925,-0.471,13.475,195.3755,-54.0689,9.6782,7345.0205,-1677.2013,300.9554,0.0029884,0.0070637,-0.3531370,0.000000,0.000000,0.000000,0.00000,0.00000,0.000,0.000,0.000,0.000,0.000,-6.0000,0.0000,0.0000,6.0000,95.00,95.00,90.00,90.00,65535,65535,65535,1500,1,10,40.4365227,-86.8935695,170.100,-1.000,2.036,0.000
56438,30597,18181,15157,0,0,0.10056,-0.92895,10.05924,0.005326,-0.044741,0.022371,-7.712,-0.366,15.704,195.4973,-54.1618,9.6792,7358.2222,-1680.9573,301.3116,0.0029302,0.0069449,-0.3535893,0.000000,0.000000,0.000000,0.00000,0.00000,0.000,0.000,0.000,0.000,0.000,-6.0000,0.0000,0.0000,6.0000,95.00,95.00,90.00,90.00,65535,65535,65535,1500,1,10,40.4365222,-86.8935670,170.200,-0.924,1.998,0.000
56492,26384,18064,15077,0,0,0.08739,-1.08577,9.62230,-0.020240,-0.051133,0.010653,-7.679,-0.528,17.904,195.5837,-54.2363,9.6669,7370.9087,-1684.6508,301.7311,0.0028712,0.0070767,-0.3540038,0.000000,0.000000,0.000000,0.00000,0.00000,0.000,0.000,0.000,0.000,0.000,-6.0000,0.0000,0.0000,6.0000,95.00,95.00,90.00,90.00,65535,65535,65535,1500,1,10,40.4365222,-86.8935670,170.200,-0.924,1.998,0.000
56533,24820,33344,30298,0,0,-0.08140,-1.96085,10.82299,-0.006392,-0.040480,0.012783,-7.830,-0.606,17.437,195.4795,-54.1576,9.7071,7372.8945,-1685.0999,302.0808,0.0029183,0.0071544,-0.3536117,0.000000,0.000000,0.000000,0.00000,0.00000,0.000,0.000,0.000,0.000,0.000,-6.0000,0.0000,0.0000,6.0000,95.00,95.00,90.00,90.00,65535,65535,65535,1500,1,10,40.4365212,-86.8935648,170.200,-0.914,1.889,0.000
56598,38177,20556,17541,0,0,-0.16999,-1.35751,9.77912,-0.050067,-0.045806,0.010653,-7.845,-0.435,20.272,195.6077,-54.2462,9.7000,7391.9600,-1690.4762,302.7107,0.0028602,0.0069812,-0.3540679,0.000000,0.000000,0.000000,0.00000,0.00000,0.000,0.000,0.000,0.000,0.000,-6.0000,0.0000,0.0000,6.0000,95.00,95.00,90.00,90.00,65535,65535,65535,1500,1,10,40.4365212,-86.8935648,170.300,-0.914,1.889,0.000
56649,25576,18164,15160,0,0,0.79847,-0.85353,10.15860,-0.107592,-0.051133,0.015979,-7.781,-0.374,23.466,195.8155,-54.4052,9.7162,7407.7695,-1695.1277,302.9981,0.0028028,0.0069093,-0.3548886,0.000000,0.000000,0.000000,0.00000,0.00000,0.000,0.000,0.000,0.000,0.000,-6.0000,0.0000,0.0000,6.0000,95.00,95.00,90.00,90.00,65535,65535,65535,1500,1,10,40.4365195,-86.8935623,170.300,-0.971,1.832,0.000
56684,27996,25472,15356,0,0,0.08140,-1.48201,9.76715,0.024501,-0.053263,-0.001065,-7.798,-0.436,23.723,195.7799,-54.3798,9.7217,7412.2651,-1696.3474,303.3061,0.0028163,0.0069510,-0.3547636,0.000000,0.000000,0.000000,0.00000,0.00000,0.000,0.000,0.000,0.000,0.000,-6.0000,0.0000,0.0000,6.0000,95.00,95.00,90.00,90.00,65535,65535,65535,1500,1,10,40.4365195,-86.8935623,170.300,-0.971,1.832,0.000
56735,26725,18303,15239,0,0,1.74537,-1.78129,9.33380,-0.020240,-0.031958,0.007457,-8.101,-0.842,25.200,195.7499,-54.3797,9.6842,7422.1543,-1699.3026,303.8605,0.0028929,0.0073894,-0.3548776,0.000000,0.000000,0.000000,0.00000,0.00000,0.000,0.000,0.000,0.000,0.000,-6.0000,0.0000,0.0000,6.0000,95.00,95.00,90.00,90.00,65535,65535,65535,1500,1,10,40.4365175,-86.8935607,170.300,-1.082,1.628,0.000
56785,30940,18259,15198,0,0,1.06422,-1.24498,9.46907,-0.013848,-0.020240,0.022371,-8.138,-0.938,27.164,195.8181,-54.4332,9.6769,7433.3179,-1702.5957,304.2572,0.0029026,0.0075487,-0.3552272,0.000000,0.000000,0.000000,0.00000,0.00000,0.000,0.000,0.000,0.000,0.000,-6.0000,0.0000,0.0000,6.0000,95.00,95.00,90.00,90.00,65535,65535,65535,1500,1,10,40.4365175,-86.8935607,170.300,-1.082,1.628,0.000
56836,31523,18270,15226,0,0,-0.22266,-1.09894,9.46428,-0.008522,-0.001065,0.005326,-8.245,-0.873,27.807,195.7670,-54.3999,9.6881,7442.0015,-1704.9663,304.7948,0.0029200,0.0075966,-0.3550663,0.000000,0.000000,0.000000,0.00000,0.00000,0.000,0.000,0.000,0.000,0.000,-6.0000,0.0000,0.0000,6.0000,95.00,95.00,90.00,90.00,65535,65535,65535,1500,1,10,40.4365167,-86.8935582,170.300,-1.109,1.554,0.000
56885,23836,19138,15317,0,0,-0.04429,-1.15879,9.71806,-0.027697,0.009587,0.004261,-8.309,-0.864,29.229,195.7955,-54.4260,9.6960,7451.8970,-1707.8335,305.2185,0.0029276,0.0077251,-0.3552446,0.000000,0.000000,0.000000,0.00000,0.00000,0.000,0.000,0.000,0.000,0.000,-6.0000,0.0000,0.0000,6.0000,95.00,95.00,90.00,90.00,65535,65535,65535,1500,1,10,40.4365167,-86.8935582,170.300,-1.109,1.554,0.000
56953,39784,26898,18916,0,0,0.00359,-1.83276,10.30943,0.045806,0.000000,-0.015979,-8.193,-0.810,31.359,195.8753,-54.5003,9.7068,7465.4634,-1711.7946,305.6969,0.0029223,0.0078260,-0.3556263,0.000000,0.000000,0.000000,0.00000,0.00000,0.000,0.000,0.000,0.000,0.000,-6.0000,0.0000,0.0000,6.0000,95.00,95.00,90.00,90.00,65535,65535,65535,1500,1,10,40.4365155,-86.8935555,170.300,-1.115,1.587,0.000
56984,33225,24962,21947,0,0,-0.03472,-1.14443,9.92037,0.042611,0.012783,-0.011718,-8.051,-0.630,32.271,195.9103,-54.5209,9.7094,7473.0322,-1713.9092,305.9873,0.0028866,0.0077472,-0.3557285,0.000000,0.000000,0.000000,0.00000,0.00000,0.000,0.000,0.000,0.000,0.000,-6.0000,0.0000,0.0000,6.0000,95.00,95.00,90.00,90.00,65535,65535,65535,1500,1,10,40.4365155,-86.8935555,170.300,-1.115,1.587,0.000
57052,40195,21895,18854,0,0,0.11013,-1.05824,10.67814,0.031958,0.027697,-0.029827,-8.038,-0.501,33.344,195.8673,-54.4933,9.7491,7485.7041,-1717.4464,306.7134,0.0029168,0.0078809,-0.3556302,0.000000,0.000000,0.000000,0.00000,0.00000,0.000,0.000,0.000,0.000,0.000,-6.0000,0.0000,0.0000,6.0000,95.00,95.00,90.00,90.00,65535,65535,65535,1500,1,10,40.4365147,-86.8935530,170.300,-1.073,1.591,0.000
57092,28210,32744,29740,0,0,0.55426,-1.03310,9.18176,-0.019175,0.049002,-0.014914,-7.995,-0.458,34.278,195.9000,-54.5179,9.7293,7491.9150,-1719.2614,306.9466,0.0028505,0.0079645,-0.3557869,0.000000,0.000000,0.000000,0.00000,0.00000,0.000,0.000,0.000,0.000,0.000,-6.0000,0.0000,0.0000,6.0000,95.00,95.00,90.00,90.00,65535,65535,65535,1500,1,10,40.4365147,-86.8935530,170.300,-1.073,1.591,0.000
57145,25185,18208,15166,0,0,0.07302,-0.67756,10.25796,0.018109,0.034088,-0.026632,-7.911,-0.012,35.581,195.9215,-54.5371,9.7588,7506.1226,-1723.1563,307.5973,0.0027683,0.0078171,-0.3557971,0.000000,0.000000,0.000000,0.00000,0.00000,0.000,0.000,0.000,0.000,0.000,-6.0000,0.0000,0.0000,6.0000,95.00,95.00,90.00,90.00,65535,65535,65535,1500,1,10,40.4365125,-86.8935497,170.600,-1.073,1.591,0.000
57195,26239,18198,15171,0,0,-0.29808,-1.65798,10.73560,0.054328,0.021305,-0.037284,-7.707,0.024,36.728,195.9332,-54.5520,9.7880,7516.1875,-1726.0333,308.0689,0.0027120,0.0079324,-0.3558924,0.000000,0.000000,0.000000,0.00000,0.00000,0.000,0.000,0.000,0.000,0.000,-6.0000,0.0000,0.0000,6.0000,95.00,95.00,90.00,90.00,65535,65535,65535,1500,1,10,40.4365125,-86.8935497,170.600,-1.073,1.591,0.000
57246,31443,18271,15229,0,0,-0.55905,-0.73382,9.17817,0.050067,0.000000,-0.055394,-7.438,0.216,37.854,195.9716,-54.5747,9.7824,7527.3433,-1729.1342,308.5314,0.0026238,0.0078285,-0.3559905,0.000000,0.000000,0.000000,0.00000,0.00000,0.000,0.000,0.000,0.000,0.000,-6.0000,0.0000,0.0000,6.0000,95.00,95.00,90.00,90.00,65535,65535,65535,1500,1,10,40.4365115,-86.8935470,170.600,-1.241,1.831,0.000
57296,25654,18240,15186,0,0,0.30287,-1.40899,9.87848,0.027697,-0.007457,-0.047937,-7.486,-0.135,38.324,195.8820,-54.5366,9.7942,7534.4331,-1731.1833,309.0806,0.0026219,0.0082253,-0.3558408,0.000000,0.000000,0.000000,0.00000,0.00000,0.000,0.000,0.000,0.000,0.000,-6.0000,0.0000,0.0000,6.0000,95.00,95.00,90.00,90.00,65535,65535,65535,1500,1,10,40.4365115,-86.8935470,170.600,-1.241,1.831,0.000
57346,21892,18241,15212,0,0,-0.19393,-1.42335,9.60793,0.072438,-0.001065,-0.058590,-7.414,0.072,39.208,195.8929,-54.5407,9.8172,7544.5552,-1733.9889,309.5633,0.0027356,0.0081276,-0.3558578,0.000000,0.000000,0.000000,0.00000,0.00000,0.000,0.000,0.000,0.000,0.000,-6.0000,0.0000,0.0000,6.0000,95.00,95.00,90.00,90.00,65535,65535,65535,1500,1,10,40.4365112,-86.8935447,170.700,-1.241,1.831,0.000
57396,25922,18251,15199,0,0,0.16041,-1.55144,9.47625,0.049002,-0.020240,-0.063916,-7.649,-0.041,39.506,195.8038,-54.4965,9.8173,7551.9448,-1736.0378,310.1284,0.0029377,0.0083092,-0.3556440,0.000000,0.000000,0.000000,0.00000,0.00000,0.000,0.000,0.000,0.000,0.000,-6.0000,0.0000,0.0000,6.0000,95.00,95.00,90.00,90.00,65535,65535,65535,1500,1,10,40.4365112,-86.8935447,170.700,-1.241,1.831,0.000
57447,31558,18235,15193,0,0,0.25498,-1.42934,9.14705,0.023436,-0.018109,-0.061785,-7.510,-0.343,39.838,195.7193,-54.4615,9.8193,7559.5625,-1738.1486,310.6975,0.0028032,0.0086012,-0.3554364,0.000000,0.000000,0.000000,0.00000,0.00000,0.000,0.000,0.000,0.000,0.000,-6.0000,0.0000,0.0000,6.0000,95.00,95.00,90.00,90.00,65535,65535,65535,1500,1,10,40.4365100,-86.8935415,170.900,-1.193,1.789,0.000
57497,25894,18227,15208,0,0,0.13767,-0.79248,9.84376,-0.030893,-0.015979,-0.069242,-7.435,-0.601,40.239,195.6491,-54.4298,9.8261,7567.5024,-1740.3473,311.2500,0.0026554,0.0088487,-0.3552641,0.000000,0.000000,0.000000,0.00000,0.00000,0.000,0.000,0.000,0.000,0.000,-6.0000,0.0000,0.0000,6.0000,95.00,95.00,90.00,90.00,65535,65535,65535,1500,1,10,40.4365100,-86.8935415,170.900,-1.193,1.789,0.000
57544,28074,36722,27618,0,0,0.29688,-1.83276,10.16698,-0.033023,-0.006392,-0.055394,-7.624,-0.657,40.401,195.6031,-54.4085,9.8445,7571.7002,-1741.5009,311.5661,0.0027325,0.0089464,-0.3551421,0.000000,0.000000,0.000000,0.00000,0.00000,0.000,0.000,0.000,0.000,0.000,-6.0000,0.0000,0.0000,6.0000,95.00,95.00,90.00,90.00,65535,65535,65535,1500,1,10,40.4365100,-86.8935415,170.900,-1.193,1.789,0.000
57600,31274,18275,15233,0,0,0.56623,-1.62087,9.35893,-0.037284,-0.002131,-0.046872,-7.798,-1.008,41.397,195.5409,-54.3635,9.8483,7584.0332,-1745.0073,312.3496,0.0026057,0.0093362,-0.3550344,0.000000,0.000000,0.000000,0.00000,0.00000,0.000,0.000,0.000,0.000,0.000,-6.0000,0.0000,0.0000,6.0000,95.00,95.00,90.00,90.00,65535,65535,65535,1500,1,10,40.4365090,-86.8935390,170.900,-1.193,1.789,0.000
57651,31791,18220,15217,0,0,0.96127,-1.60531,9.48104,-0.012783,-0.034088,-0.061785,-8.055,-1.337,41.768,195.4510,-54.3241,9.8467,7591.3101,-1747.0663,312.9190,0.0026862,0.0096518,-0.3548530,0.000000,0.000000,0.000000,0.00000,0.00000,0.000,0.000,0.000,0.000,0.000,-6.0000,0.0000,0.0000,6.0000,95.00,95.00,90.00,90.00,65535,65535,65535,1500,1,10,40.4365082,-86.8935360,171.100,-1.161,1.779,0.000
57682,24332,24959,21922,0,0,0.32681,-0.81642,9.65342,-0.035154,-0.022371,-0.068177,-7.966,-1.306,42.534,195.4973,-54.3465,9.8395,7597.1816,-1748.7452,313.1155,0.0025735,0.0096201,-0.3549936,0.000000,0.000000,0.000000,0.00000,0.00000,0.000,0.000,0.000,0.000,0.000,-6.0000,0.0000,0.0000,6.0000,95.00,95.00,90.00,90.00,65535,65535,65535,1500,1,10,40.4365082,-86.8935360,171.100,-1.161,1.779,0.000
57738,34436,20394,15346,0,0,0.13886,-1.40300,9.90361,-0.015979,-0.010653,-0.057524,-8.084,-1.497,43.412,195.4512,-54.3315,9.8500,7607.5200,-1751.6772,313.7390,0.0025723,0.0098554,-0.3549342,0.000000,0.000000,0.000000,0.00000,0.00000,0.000,0.000,0.000,0.000,0.000,-6.0000,0.0000,0.0000,6.0000,95.00,95.00,90.00,90.00,65535,65535,65535,1500,1,10,40.4365082,-86.8935360,171.100,-1.161,1.779,0.000
57782,19708,18207,15189,0,0,0.11851,-0.61172,9.75039,-0.073503,-0.006392,-0.047937,-8.183,-1.458,44.439,195.4784,-54.3453,9.8489,7617.0562,-1754.3698,314.1715,0.0025061,0.0098701,-0.3550167,0.000000,0.000000,0.000000,0.00000,0.00000,0.000,0.000,0.000,0.000,0.000,-6.0000,0.0000,0.0000,6.0000,95.00,95.00,90.00,90.00,65535,65535,65535,1500,1,10,40.4365082,-86.8935360,171.100,-1.161,1.779,0.000
57832,30848,18244,15196,0,0,-0.04070,-1.68312,10.44351,0.011718,-0.005326,-0.068177,-8.321,-1.325,45.003,195.4493,-54.3329,9.8651,7626.2886,-1756.8732,314.6953,0.0025745,0.0098365,-0.3549062,0.000000,0.000000,0.000000,0.00000,0.00000,0.000,0.000,0.000,0.000,0.000,-6.0000,0.0000,0.0000,6.0000,95.00,95.00,90.00,90.00,65535,65535,65535,1500,1,10,40.4365082,-86.8935360,171.100,-1.161,1.779,0.000
57883,26009,18274,15203,0,0,0.20830,-1.14682,10.16817,0.000000,-0.004261,-0.054328,-8.258,-1.006,45.913,195.4834,-54.3417,9.8802,7637.5269,-1759.9109,315.1845,0.0025028,0.0096152,-0.3549177,0.000000,0.000000,0.000000,0.00000,0.00000,0.000,0.000,0.000,0.000,0.000,-6.0000,0.0000,0.0000,6.0000,95.00,95.00,90.00,90.00,65535,65535,65535,1500,1,10,40.4365078,-86.8935337,171.300,-1.161,1.779,0.000
57955,48494,21897,15420,0,0,-0.05626,-1.19351,9.16740,0.012783,-0.006392,-0.042611,-8.133,-0.858,47.302,195.5061,-54.3562,9.8543,7651.4404,-1763.8020,315.8278,0.0024393,0.0095835,-0.3549965,0.000000,0.000000,0.000000,0.00000,0.00000,0.000,0.000,0.000,0.000,0.000,-6.0000,0.0000,0.0000,6.0000,95.00,95.00,90.00,90.00,65535,65535,65535,1500,1,10,40.4365078,-86.8935337,171.300,-1.161,1.779,0.000
57999,19817,18182,15173,0,0,0.37110,-1.24020,9.35295,0.017044,-0.008522,-0.045806,-8.056,-0.931,48.172,195.4954,-54.3555,9.8540,7660.3428,-1766.3281,316.3023,0.0024140,0.0097044,-0.3550107,0.000000,0.000000,0.000000,0.00000,0.00000,0.000,0.000,0.000,0.000,0.000,-6.0000,0.0000,0.0000,6.0000,95.00,95.00,90.00,90.00,65535,65535,65535,1500,1,10,40.4365078,-86.8935337,171.300,-1.161,1.779,0.000
58039,24290,33386,30384,0,0,-0.48123,-1.40181,9.95389,-0.001065,-0.022371,-0.043676,-8.065,-0.740,48.601,195.5134,-54.3592,9.8591,7665.8062,-1767.7864,316.5363,0.0024395,0.0095458,-0.3550047,0.000000,0.000000,0.000000,0.00000,0.00000,0.000,0.000,0.000,0.000,0.000,-6.0000,0.0000,0.0000,6.0000,95.00,95.00,90.00,90.00,65535,65535,65535,1500,1,10,40.4365078,-86.8935337,171.300,-1.161,1.779,0.000
58083,40444,37009,28935,0,0,-0.09577,-1.15640,10.05086,0.027697,-0.014914,-0.047937,-7.946,-0.613,49.486,195.5377,-54.3697,9.8693,7674.5210,-1770.2102,316.9118,0.0024026,0.0094643,-0.3550704,0.000000,0.000000,0.000000,0.00000,0.00000,0.000,0.000,0.000,0.000,0.000,-6.0000,0.0000,0.0000,6.0000,95.00,95.00,90.00,90.00,65535,65535,65535,1500,1,10,40.4365068,-86.8935303,171.600,-1.099,1.471,0.000
58135,33083,18373,15329,0,0,-0.07901,-1.27252,9.50857,-0.073503,-0.011718,-0.030893,-8.100,-0.313,51.057,195.5823,-54.3876,9.8591,7690.0088,-1774.4836,317.5773,0.0023108,0.0092725,-0.3551615,0.000000,0.000000,0.000000,0.00000,0.00000,0.000,0.000,0.000,0.000,0.000,-6.0000,0.0000,0.0000,6.0000,95.00,95.00,90.00,90.00,65535,65535,65535,1500,1,10,40.4365068,-86.8935303,171.600,-1.099,1.471,0.000
58192,23080,18226,15187,0,0,1.55264,-1.23661,9.70370,-0.028762,-0.020240,-0.033023,-7.985,-0.534,53.492,195.6938,-54.4415,9.8352,7703.0005,-1778.4818,317.9903,0.0021351,0.0095362,-0.3557046,0.000000,0.000000,0.000000,0.00000,0.00000,0.000,0.000,0.000,0.000,0.000,-6.0000,0.0000,0.0000,6.0000,95.00,95.00,90.00,90.00,65535,65535,65535,1500,1,10,40.4365058,-86.8935282,171.700,-1.099,1.471,0.000
58237,25369,18215,15183,0,0,0.16041,-1.38145,10.59793,-0.051133,-0.040480,-0.019175,-8.046,-0.614,54.984,195.7513,-54.4713,9.8423,7712.7134,-1781.3480,318.3564,0.0020664,0.0096173,-0.3559547,0.000000,0.000000,0.000000,0.00000,0.00000,0.000,0.000,0.000,0.000,0.000,-6.0000,0.0000,0.0000,6.0000,95.00,95.00,90.00,90.00,65535,65535,65535,1500,1,10,40.4365048,-86.8935267,171.700,-1.178,1.409,0.000
58287,25938,18254,15204,0,0,0.35075,-1.16837,10.71764,-0.018109,-0.036219,-0.029827,-7.896,-0.760,56.880,195.8366,-54.5067,9.8715,7723.9922,-1784.7406,318.7446,0.0019815,0.0097491,-0.3563316,0.000000,0.000000,0.000000,0.00000,0.00000,0.000,0.000,0.000,0.000,0.000,-6.0000,0.0000,0.0000,6.0000,95.00,95.00,90.00,90.00,65535,65535,65535,1500,1,10,40.4365048,-86.8935267,171.700,-1.178,1.409,0.000
58338,26442,18273,15218,0,0,0.06105,-1.27132,9.88566,-0.042611,-0.034088,-0.020240,-8.086,-0.858,58.061,195.8418,-54.5110,9.8839,7733.7437,-1787.5504,319.2265,0.0020125,0.0098663,-0.3564152,0.000000,0.000000,0.000000,0.00000,0.00000,0.000,0.000,0.000,0.000,0.000,-6.0000,0.0000,0.0000,6.0000,95.00,95.00,90.00,90.00,65535,65535,65535,1500,1,10,40.4365033,-86.8935233,171.700,-1.269,1.548,0.000
58392,25995,18278,15220,0,0,-0.06943,-1.87945,9.78510,0.034088,-0.037284,-0.023436,-7.951,-0.775,59.223,195.8657,-54.5186,9.8989,7745.1509,-1790.7137,319.7442,0.0019589,0.0097776,-0.3564649,0.000000,0.000000,0.000000,0.00000,0.00000,0.000,0.000,0.000,0.000,0.000,-6.0000,0.0000,0.0000,6.0000,95.00,95.00,90.00,90.00,65535,65535,65535,1500,1,10,40.4365033,-86.8935233,171.700,-1.269,1.548,0.000
58437,25233,18245,15209,0,0,0.48602,-1.84354,9.47745,0.039415,-0.041545,-0.020240,-8.196,-1.100,59.491,195.7545,-54.4868,9.9007,7750.9219,-1792.3300,320.2681,0.0021088,0.0100966,-0.3562398,0.000000,0.000000,0.000000,0.00000,0.00000,0.000,0.000,0.000,0.000,0.000,-6.0000,0.0000,0.0000,6.0000,95.00,95.00,90.00,90.00,65535,65535,65535,1500,1,10,40.4365025,-86.8935205,171.700,-1.269,1.640,0.000
58488,25990,18273,15223,0,0,0.84276,-1.13006,9.04889,0.022371,-0.025566,-0.012783,-8.123,-1.137,61.004,195.8034,-54.5049,9.8799,7761.7451,-1795.4756,320.7122,0.0020550,0.0101524,-0.3564444,0.000000,0.000000,0.000000,0.00000,0.00000,0.000,0.000,0.000,0.000,0.000,-6.0000,0.0000,0.0000,6.0000,95.00,95.00,90.00,90.00,65535,65535,65535,1500,1,10,40.4365025,-86.8935205,172.100,-1.269,1.640,0.000
58556,40070,21850,18828,0,0,0.45849,-1.55264,10.23521,0.090547,-0.020240,-0.022371,-7.957,-1.157,61.985,195.7713,-54.4914,9.9255,7773.5034,-1798.7211,321.3849,0.0020736,0.0102239,-0.3563462,0.000000,0.000000,0.000000,0.00000,0.00000,0.000,0.000,0.000,0.000,0.000,-6.0000,0.0000,0.0000,6.0000,95.00,95.00,90.00,90.00,65535,65535,65535,1500,1,10,40.4365023,-86.8935182,172.100,-1.163,1.723,0.000
58597,31908,31447,21914,0,0,-0.42737,-1.34794,10.26155,-0.023436,-0.010653,-0.011718,-7.991,-0.931,62.678,195.7948,-54.5016,9.9411,7780.6411,-1800.6600,321.6876,0.0020858,0.0100615,-0.3563680,0.000000,0.000000,0.000000,0.00000,0.00000,0.000,0.000,0.000,0.000,0.000,-6.0000,0.0000,0.0000,6.0000,95.00,95.00,90.00,90.00,65535,65535,65535,1500,1,10,40.4365023,-86.8935182,172.100,-1.163,1.723,0.000
58642,20133,18277,15241,0,0,0.59376,-1.24977,10.00896,0.007457,-0.012783,-0.021305,-7.804,-0.807,64.613,195.8807,-54.5322,9.9366,7793.9702,-1804.5182,322.1636,0.0019675,0.0100087,-0.3566797,0.000000,0.000000,0.000000,0.00000,0.00000,0.000,0.000,0.000,0.000,0.000,-6.0000,0.0000,0.0000,6.0000,95.00,95.00,90.00,90.00,65535,65535,65535,1500,1,10,40.4365027,-86.8935175,172.100,-1.000,1.601,0.000
58693,25829,18236,15211,0,0,-0.12570,-1.45448,9.69412,0.017044,-0.022371,-0.002131,-7.773,-0.807,65.569,195.8668,-54.5280,9.9587,7803.5322,-1807.1819,322.6803,0.0019728,0.0100561,-0.3566507,0.000000,0.000000,0.000000,0.00000,0.00000,0.000,0.000,0.000,0.000,0.000,-6.0000,0.0000,0.0000,6.0000,95.00,95.00,90.00,90.00,65535,65535,65535,1500,1,10,40.4365027,-86.8935175,172.400,-1.000,1.601,0.000
58744,26869,18263,15209,0,0,-0.26695,-0.96606,9.95030,0.001065,-0.009587,0.003196,-7.498,-0.567,67.382,195.9698,-54.5573,9.9597,7816.0020,-1810.7544,323.0904,0.0018866,0.0098904,-0.3569483,0.000000,0.000000,0.000000,0.00000,0.00000,0.000,0.000,0.000,0.000,0.000,-6.0000,0.0000,0.0000,6.0000,95.00,95.00,90.00,90.00,65535,65535,65535,1500,1,10,40.4365022,-86.8935153,172.400,-0.952,1.660,0.000
58802,30013,22025,15303,0,0,0.78530,-1.36709,10.14064,0.030893,-0.017044,-0.004261,-7.567,-1.011,67.837,195.8475,-54.5231,9.9938,7823.2393,-1812.7920,323.7330,0.0018411,0.0103446,-0.3566988,0.000000,0.000000,0.000000,0.00000,0.00000,0.000,0.000,0.000,0.000,0.000,-6.0000,0.0000,0.0000,6.0000,95.00,95.00,90.00,90.00,65535,65535,65535,1500,1,10,40.4365022,-86.8935153,172.400,-0.952,1.660,0.000
58833,23093,29187,21120,0,0,0.37709,-1.56341,9.27633,0.040480,-0.031958,0.000000,-7.619,-1.121,67.893,195.7882,-54.5086,9.9895,7826.3760,-1813.6151,324.0196,0.0018722,0.0104536,-0.3565367,0.000000,0.000000,0.000000,0.00000,0.00000,0.000,0.000,0.000,0.000,0.000,-6.0000,0.0000,0.0000,6.0000,95.00,95.00,90.00,90.00,65535,65535,65535,1500,1,10,40.4365022,-86.8935153,172.400,-0.952,1.660,0.000
58897,18996,18131,15111,0,0,-0.39863,-1.23661,9.95509,0.023436,-0.028762,0.012783,-7.608,-0.779,69.919,195.8708,-54.5227,10.0028,7843.0972,-1818.2776,324.7041,0.0018886,0.0102077,-0.3567065,0.000000,0.000000,0.000000,0.00000,0.00000,0.000,0.000,0.000,0.000,0.000,-6.0000,0.0000,0.0000,6.0000,95.00,95.00,90.00,90.00,65535,65535,65535,1500,1,10,40.4365008,-86.8935135,172.600,-1.015,1.640,0.000
58947,31590,18246,15226,0,0,0.31244,-0.30167,9.73842,-0.031958,-0.026632,0.023436,-7.385,-0.644,72.121,195.9976,-54.5512,9.9927,7855.8550,-1822.0251,325.0699,0.0017513,0.0100964,-0.3571364,0.000000,0.000000,0.000000,0.00000,0.00000,0.000,0.000,0.000,0.000,0.000,-6.0000,0.0000,0.0000,6.0000,95.00,95.00,90.00,90.00,65535,65535,65535,1500,1,10,40.4365000,-86.8935128,172.600,-1.026,1.529,0.000
58987,24364,33353,30350,0,0,1.22344,-1.58616,10.30824,0.041545,-0.040480,0.013848,-7.402,-0.990,72.182,195.9133,-54.5314,10.0144,7858.2866,-1822.7131,325.3835,0.0017090,0.0104049,-0.3569622,0.000000,0.000000,0.000000,0.00000,0.00000,0.000,0.000,0.000,0.000,0.000,-6.0000,0.0000,0.0000,6.0000,95.00,95.00,90.00,90.00,65535,65535,65535,1500,1,10,40.4365000,-86.8935128,172.600,-1.026,1.529,0.000
59043,43526,45754,30490,0,0,-0.59256,-1.75854,10.09994,-0.042611,-0.029827,0.033023,-7.640,-0.815,72.701,195.8825,-54.5393,10.0373,7866.4590,-1824.8392,325.8715,0.0017965,0.0102768,-0.3567788,0.000000,0.000000,0.000000,0.00000,0.00000,0.000,0.000,0.000,0.000,0.000,-6.0000,0.0000,0.0000,6.0000,95.00,95.00,90.00,90.00,65535,65535,65535,1500,1,10,40.4365000,-86.8935128,172.600,-1.026,1.529,0.000
59102,37509,19620,15324,0,0,0.63805,-1.52271,10.40879,0.022371,-0.025566,0.037284,-7.708,-1.028,74.394,195.8344,-54.5156,10.0844,7881.4829,-1829.0602,326.7682,0.0017747,0.0105211,-0.3566877,0.000000,0.000000,0.000000,0.00000,0.00000,0.000,0.000,0.000,0.000,0.000,-6.0000,0.0000,0.0000,6.0000,95.00,95.00,90.00,90.00,65535,65535,65535,1500,1,10,40.4365003,-86.8935133,172.600,-0.893,1.272,0.000
59133,26397,25057,21990,0,0,-0.47405,-1.43413,10.43034,-0.019175,-0.026632,0.039415,-7.754,-0.827,74.968,195.8500,-54.5194,10.1028,7887.3462,-1830.6251,327.0314,0.0018086,0.0103616,-0.3566730,0.000000,0.000000,0.000000,0.00000,0.00000,0.000,0.000,0.000,0.000,0.000,-6.0000,0.0000,0.0000,6.0000,95.00,95.00,90.00,90.00,65535,65535,65535,1500,1,10,40.4365005,-86.8935125,172.600,-0.773,1.135,0.000
59185,25968,18241,15187,0,0,-0.16041,-1.04746,8.44555,-0.025566,-0.005326,0.050067,-7.936,-0.442,76.218,195.8686,-54.5257,10.0797,7899.6523,-1833.9297,327.6193,0.0018215,0.0101223,-0.3566251,0.000000,0.000000,0.000000,0.00000,0.00000,0.000,0.000,0.000,0.000,0.000,-6.0000,0.0000,0.0000,6.0000,95.00,95.00,90.00,90.00,65535,65535,65535,1500,1,10,40.4365005,-86.8935125,172.700,-0.773,1.135,0.000
59243,30657,21671,15308,0,0,1.21625,-1.66756,9.82221,-0.026632,-0.007457,0.059655,-8.288,-0.709,77.194,195.7871,-54.5052,10.1169,7907.7896,-1836.2911,328.2321,0.0019042,0.0105142,-0.3565109,0.000000,0.000000,0.000000,0.00000,0.00000,0.000,0.000,0.000,0.000,0.000,-6.0000,0.0000,0.0000,6.0000,95.00,95.00,90.00,90.00,65535,65535,65535,1500,1,11,40.4364997,-86.8935103,172.800,-0.816,1.206,0.000
59287,19728,18176,15175,0,0,0.44412,-1.00676,10.03889,0.022371,-0.006392,0.049002,-8.118,-0.666,79.279,195.8831,-54.5212,10.1225,7918.7178,-1839.5793,328.5954,0.0018127,0.0105823,-0.3568948,0.000000,0.000000,0.000000,0.00000,0.00000,0.000,0.000,0.000,0.000,0.000,-6.0000,0.0000,0.0000,6.0000,95.00,95.00,90.00,90.00,65535,65535,65535,1500,1,11,40.4364997,-86.8935103,172.800,-0.816,1.206,0.000
59341,28894,18272,15226,0,0,-0.11732,-0.90860,9.52533,-0.060720,-0.005326,0.056459,-8.099,-0.487,81.008,195.9408,-54.5307,10.1266,7930.4277,-1842.9149,329.0717,0.0017404,0.0105174,-0.3570793,0.000000,0.000000,0.000000,0.00000,0.00000,0.000,0.000,0.000,0.000,0.000,-6.0000,0.0000,0.0000,6.0000,95.00,95.00,90.00,90.00,65535,65535,65535,1500,1,11,40.4365002,-86.8935107,172.800,-0.816,1.206,0.000
59391,25930,18191,15167,0,0,-0.31005,-1.72502,10.72602,-0.067112,-0.002131,0.059655,-8.134,-0.422,82.682,195.9876,-54.5384,10.1640,7941.0566,-1846.0049,329.5213,0.0016909,0.0105657,-0.3572779,0.000000,0.000000,0.000000,0.00000,0.00000,0.000,0.000,0.000,0.000,0.000,-6.0000,0.0000,0.0000,6.0000,95.00,95.00,90.00,90.00,65535,65535,65535,1500,1,11,40.4365002,-86.8935107,172.800,-0.816,1.206,0.000
59446,30459,18280,15271,0,0,1.54785,-1.38505,9.43555,-0.002131,-0.025566,0.037284,-8.009,-0.508,84.924,196.0716,-54.5407,10.1352,7953.0640,-1849.6274,329.9658,0.0016346,0.0107100,-0.3576650,0.000000,0.000000,0.000000,0.00000,0.00000,0.000,0.000,0.000,0.000,0.000,-6.0000,0.0000,0.0000,6.0000,95.00,95.00,90.00,90.00,65535,65535,65535,1500,1,10,40.4365015,-86.8935120,172.800,-0.455,0.710,0.000
59496,30388,18206,15200,0,0,0.48483,-0.86910,9.53491,-0.006392,-0.025566,0.050067,-7.886,-0.536,86.863,196.1414,-54.5485,10.1203,7963.9624,-1852.8684,330.3707,0.0015740,0.0107827,-0.3579791,0.000000,0.000000,0.000000,0.00000,0.00000,0.000,0.000,0.000,0.000,0.000,-6.0000,0.0000,0.0000,6.0000,95.00,95.00,90.00,90.00,65535,65535,65535,1500,1,10,40.4365015,-86.8935120,172.800,-0.455,0.710,0.000
59536,25159,33282,30262,0,0,0.89783,-1.53588,9.69891,0.005326,-0.009587,0.045806,-7.939,-0.682,87.658,196.1377,-54.5463,10.1194,7968.3169,-1854.2118,330.6059,0.0016010,0.0109755,-0.3580691,0.000000,0.000000,0.000000,0.00000,0.00000,0.000,0.000,0.000,0.000,0.000,-6.0000,0.0000,0.0000,6.0000,95.00,95.00,90.00,90.00,65535,65535,65535,1500,1,10,40.4365030,-86.8935127,172.900,-0.285,0.617,0.000
59594,36443,18360,15315,0,0,0.35195,-1.49638,10.55723,0.031958,-0.008522,0.028762,-7.915,-0.683,89.145,196.1059,-54.5350,10.1554,7981.5942,-1857.9365,331.3745,0.0016411,0.0111333,-0.3580127,0.000000,0.000000,0.000000,0.00000,0.00000,0.000,0.000,0.000,0.000,0.000,-6.0000,0.0000,0.0000,6.0000,95.00,95.00,90.00,90.00,65535,65535,65535,1500,1,10,40.4365030,-86.8935127,172.900,-0.285,0.617,0.000
59655,30007,23740,15344,0,0,0.53630,-1.12647,9.79827,0.039415,-0.024501,0.015979,-7.594,-0.537,91.480,196.2334,-54.5463,10.1400,7995.1743,-1861.9106,331.7891,0.0014440,0.0110344,-0.3584487,0.000000,0.000000,0.000000,0.00000,0.00000,0.000,0.000,0.000,0.000,0.000,-6.0000,0.0000,0.0000,6.0000,95.00,95.00,90.00,90.00,65535,65535,65535,1500,1,10,40.4365035,-86.8935128,172.900,-0.195,0.537,0.000
59686,29832,24727,21708,0,0,0.49560,-2.05542,9.76834,0.010653,-0.021305,0.019175,-7.795,-0.691,91.567,196.1562,-54.5356,10.1514,7999.0059,-1862.9329,332.1713,0.0015387,0.0112246,-0.3582348,0.000000,0.000000,0.000000,0.00000,0.00000,0.000,0.000,0.000,0.000,0.000,-6.0000,0.0000,0.0000,6.0000,95.00,95.00,90.00,90.00,65535,65535,65535,1500,1,10,40.4365035,-86.8935128,172.900,-0.195,0.537,0.000
59750,19016,18085,15101,0,0,0.16879,-1.77291,10.06044,0.042611,-0.009587,0.015979,-7.748,-0.638,93.193,196.1593,-54.5358,10.1944,8012.7397,-1866.7981,332.8738,0.0015210,0.0112803,-0.3582810,0.000000,0.000000,0.000000,0.00000,0.00000,0.000,0.000,0.000,0.000,0.000,-6.0000,0.0000,0.0000,6.0000,95.00,95.00,90.00,90.00,65535,65535,65535,1500,1,10,40.4365042,-86.8935137,172.900,-0.128,0.353,0.000
59801,26476,18272,15218,0,0,1.13126,-1.94289,9.87369,0.044741,-0.004261,0.001065,-7.789,-0.888,94.080,196.1057,-54.5276,10.1771,8020.8325,-1869.1321,333.4270,0.0015101,0.0115995,-0.3582171,0.000000,0.000000,0.000000,0.00000,0.00000,0.000,0.000,0.000,0.000,0.000,-6.0000,0.0000,0.0000,6.0000,95.00,95.00,90.00,90.00,65535,65535,65535,1500,1,10,40.4365045,-86.8935148,172.900,-0.053,0.145,0.000
59832,24523,25014,22000,0,0,-0.35195,-0.97564,9.39365,0.023436,-0.013848,0.001065,-7.680,-0.681,94.836,196.1502,-54.5309,10.1644,8026.8965,-1870.8081,333.6371,0.0014929,0.0114346,-0.3583111,0.000000,0.000000,0.000000,0.00000,0.00000,0.000,0.000,0.000,0.000,0.000,-6.0000,0.0000,0.0000,6.0000,95.00,95.00,90.00,90.00,65535,65535,65535,1500,1,10,40.4365045,-86.8935148,172.900,-0.053,0.145,0.000
59887,26819,18225,15171,0,0,-0.18675,-1.47363,10.12388,0.044741,-0.002131,-0.018109,-7.557,-0.520,96.037,196.1550,-54.5321,10.1734,8039.2412,-1874.2196,334.2644,0.0015274,0.0113787,-0.3583059,0.000000,0.000000,0.000000,0.00000,0.00000,0.000,0.000,0.000,0.000,0.000,-6.0000,0.0000,0.0000,6.0000,95.00,95.00,90.00,90.00,65535,65535,65535,1500,1,10,40.4365045,-86.8935148,172.900,-0.053,0.145,0.000
59938,25947,18229,15189,0,0,0.44532,-1.57299,9.86411,0.047937,-0.004261,-0.026632,-7.629,-0.462,96.611,196.1097,-54.5296,10.1728,8048.2598,-1876.6567,334.8371,0.0016174,0.0114146,-0.3581457,0.000000,0.000000,0.000000,0.00000,0.00000,0.000,0.000,0.000,0.000,0.000,-6.0000,0.0000,0.0000,6.0000,95.00,95.00,90.00,90.00,65535,65535,65535,1500,1,11,40.4365048,-86.8935153,173.000,-0.053,0.145,0.000
59982,20180,18204,15192,0,0,0.62728,-1.55264,9.88326,0.019175,0.003196,-0.014914,-7.474,-0.621,97.490,196.0885,-54.5295,10.1768,8056.1470,-1878.9117,335.3010,0.0014615,0.0116201,-0.3581478,0.000000,0.000000,0.000000,0.00000,0.00000,0.000,0.000,0.000,0.000,0.000,-6.0000,0.0000,0.0000,6.0000,95.00,95.00,90.00,90.00,65535,65535,65535,1500,1,11,40.4365060,-86.8935162,173.000,-0.035,0.097,0.000
60062,34329,33377,30345,0,0,0.06225,-0.76495,9.51575,-0.063916,0.012783,-0.010653,-7.708,-0.865,98.233,196.0042,-54.5257,10.1671,8065.4033,-1881.5143,335.9764,0.0013670,0.0119682,-0.3579851,0.000000,0.000000,0.000000,0.00000,0.00000,0.000,0.000,0.000,0.000,0.000,-6.0000,0.0000,0.0000,6.0000,95.00,95.00,90.00,90.00,65535,65535,65535,1500,1,11,40.4365060,-86.8935162,173.000,-0.035,0.097,0.000
60113,48512,40851,27649,0,0,-0.12091,-1.22344,9.32661,-0.060720,0.007457,-0.008522,-7.873,-0.672,99.198,196.0121,-54.5325,10.1472,8075.2607,-1884.2281,336.4659,0.0013631,0.0118988,-0.3579837,0.000000,0.000000,0.000000,0.00000,0.00000,0.000,0.000,0.000,0.000,0.000,-6.0000,0.0000,0.0000,6.0000,95.00,95.00,90.00,90.00,65535,65535,65535,1500,1,11,40.4365060,-86.8935162,173.000,-0.035,0.097,0.000
60144,41961,29678,21563,0,0,0.11013,-1.63883,9.82341,0.007457,0.003196,-0.033023,-7.947,-0.607,99.830,195.9989,-54.5315,10.1551,8083.0596,-1886.3826,336.9118,0.0014154,0.0119271,-0.3579280,0.000000,0.000000,0.000000,0.00000,0.00000,0.000,0.000,0.000,0.000,0.000,-6.0000,0.0000,0.0000,6.0000,95.00,95.00,90.00,90.00,65535,65535,65535,1500,1,11,40.4365060,-86.8935162,173.000,-0.035,0.097,0.000
60188,25311,18196,15183,0,0,0.50398,-1.60531,10.13825,0.004261,-0.001065,-0.024501,-7.911,-0.447,100.963,196.0091,-54.5352,10.1765,8094.3926,-1889.5293,337.4716,0.0013878,0.0118840,-0.3579518,0.000000,0.000000,0.000000,0.00000,0.00000,0.000,0.000,0.000,0.000,0.000,-6.0000,0.0000,0.0000,6.0000,95.00,95.00,90.00,90.00,65535,65535,65535,1500,1,11,40.4365073,-86.8935173,173.100,-0.035,0.097,0.000
60238,25903,18196,15164,0,0,0.75776,-1.36829,9.77553,-0.004261,0.003196,-0.043676,-7.877,-0.389,101.992,196.0166,-54.5322,10.1630,8104.3071,-1892.3213,337.9693,0.0013415,0.0119171,-0.3579970,0.000000,0.000000,0.000000,0.00000,0.00000,0.000,0.000,0.000,0.000,0.000,-6.0000,0.0000,0.0000,6.0000,95.00,95.00,90.00,90.00,65535,65535,65535,1500,1,11,40.4365073,-86.8935173,173.100,-0.035,0.097,0.000
60297,30713,21260,15333,0,0,0.02753,-1.03669,10.27352,0.013848,-0.007457,-0.042611,-7.879,-0.317,103.018,196.0152,-54.5326,10.1855,8115.2271,-1895.3643,338.5336,0.0013363,0.0119211,-0.3580036,0.000000,0.000000,0.000000,0.00000,0.00000,0.000,0.000,0.000,0.000,0.000,-6.0000,0.0000,0.0000,6.0000,95.00,95.00,90.00,90.00,65535,65535,65535,1500,1,11,40.4365067,-86.8935167,173.100,-0.072,0.198,0.000
60347,25938,18191,15177,0,0,0.53630,-1.35033,10.56202,0.033023,-0.001065,-0.043676,-7.850,-0.394,103.836,195.9855,-54.5300,10.2284,8124.7036,-1898.0309,339.1034,0.0013541,0.0120693,-0.3579516,0.000000,0.000000,0.000000,0.00000,0.00000,0.000,0.000,0.000,0.000,0.000,-6.0000,0.0000,0.0000,6.0000,95.00,95.00,90.00,90.00,65535,65535,65535,1500,1,11,40.4365067,-86.8935167,173.100,-0.072,0.198,0.000
60392,19634,18234,15173,0,0,0.40582,-1.34674,10.41478,0.042611,0.001065,-0.042611,-7.784,-0.412,104.718,195.9834,-54.5293,10.2639,8133.1763,-1900.4302,339.5549,0.0012854,0.0121540,-0.3579809,0.000000,0.000000,0.000000,0.00000,0.00000,0.000,0.000,0.000,0.000,0.000,-6.0000,0.0000,0.0000,6.0000,95.00,95.00,90.00,90.00,65535,65535,65535,1500,1,11,40.4365063,-86.8935175,173.100,-0.072,0.198,0.000
60445,28310,18240,15188,0,0,-0.14245,-1.39103,9.50378,0.043676,-0.001065,-0.039415,-7.805,-0.471,105.512,195.9523,-54.5307,10.2494,8142.5132,-1903.0533,340.1232,0.0013263,0.0122950,-0.3579203,0.000000,0.000000,0.000000,0.00000,0.00000,0.000,0.000,0.000,0.000,0.000,-6.0000,0.0000,0.0000,6.0000,95.00,95.00,90.00,90.00,65535,65535,65535,1500,1,11,40.4365063,-86.8935175,173.100,-0.072,0.198,0.000
60500,29996,18292,15330,0,0,0.43934,-0.98043,9.56962,-0.030893,0.000000,-0.037284,-7.590,-0.407,106.811,195.9803,-54.5264,10.2578,8153.9224,-1906.2751,340.6460,0.0011530,0.0122878,-0.3580423,0.000000,0.000000,0.000000,0.00000,0.00000,0.000,0.000,0.000,0.000,0.000,-6.0000,0.0000,0.0000,6.0000,95.00,95.00,90.00,90.00,65535,65535,65535,1500,1,11,40.4365068,-86.8935175,173.000,-0.072,0.198,0.000
60539,24457,33404,30360,0,0,1.13605,-1.20069,9.95509,-0.002131,-0.020240,-0.049002,-7.564,-0.701,107.130,195.9412,-54.5239,10.2661,8157.2764,-1907.2787,340.9255,0.0010546,0.0125535,-0.3580032,0.000000,0.000000,0.000000,0.00000,0.00000,0.000,0.000,0.000,0.000,0.000,-6.0000,0.0000,0.0000,6.0000,95.00,95.00,90.00,90.00,65535,65535,65535,1500,1,11,40.4365068,-86.8935175,173.000,-0.072,0.198,0.000
60605,38028,20593,17574,0,0,-0.09457,-2.01233,9.83658,0.028762,-0.026632,-0.050067,-7.831,-0.844,108.212,195.8965,-54.5169,10.2852,8171.2012,-1911.1538,341.7860,0.0011539,0.0127222,-0.3578682,0.000000,0.000000,0.000000,0.00000,0.00000,0.000,0.000,0.000,0.000,0.000,-6.0000,0.0000,0.0000,6.0000,95.00,95.00,90.00,90.00,65535,65535,65535,1500,1,11,40.4365072,-86.8935177,173.100,-0.146,0.401,0.000
60650,20170,18238,15176,0,0,0.51116,-2.12126,10.04128,0.043676,-0.017044,-0.038350,-8.013,-1.041,108.434,195.8156,-54.5266,10.2921,8178.4102,-1913.1193,342.3707,0.0012756,0.0129368,-0.3576222,0.000000,0.000000,0.000000,0.00000,0.00000,0.000,0.000,0.000,0.000,0.000,-6.0000,0.0000,0.0000,6.0000,95.00,95.00,90.00,90.00,65535,65535,65535,1500,1,11,40.4365080,-86.8935167,172.900,-0.148,0.668,0.000
60710,29935,23354,15364,0,0,0.59975,-0.98162,10.11670,-0.040480,0.000000,-0.034088,-7.991,-1.080,109.577,195.8132,-54.5211,10.3042,8188.7939,-1916.0734,342.9165,0.0011827,0.0130401,-0.3576803,0.000000,0.000000,0.000000,0.00000,0.00000,0.000,0.000,0.000,0.000,0.000,-6.0000,0.0000,0.0000,6.0000,95.00,95.00,90.00,90.00,65535,65535,65535,1500,1,11,40.4365080,-86.8935167,172.900,-0.148,0.668,0.000
60742,30353,24969,21954,0,0,0.57940,-1.18752,10.60033,0.027697,-0.013848,-0.033023,-7.881,-1.134,110.252,195.8120,-54.5162,10.3297,8194.5869,-1917.7308,343.2190,0.0011110,0.0131105,-0.3577247,0.000000,0.000000,0.000000,0.00000,0.00000,0.000,0.000,0.000,0.000,0.000,-6.0000,0.0000,0.0000,6.0000,95.00,95.00,90.00,90.00,65535,65535,65535,1500,1,11,40.4365080,-86.8935153,172.900,-0.158,0.944,0.000
60792,25852,18230,15179,0,0,-0.11013,-1.44370,10.26634,0.010653,-0.014914,-0.030893,-7.923,-0.941,111.307,195.8264,-54.5197,10.3546,8206.3545,-1920.9623,343.8040,0.0011722,0.0129867,-0.3577197,0.000000,0.000000,0.000000,0.00000,0.00000,0.000,0.000,0.000,0.000,0.000,-6.0000,0.0000,0.0000,6.0000,95.00,95.00,90.00,90.00,65535,65535,65535,1500,1,11,40.4365080,-86.8935153,172.900,-0.158,0.944,0.000
60837,20142,18194,15170,0,0,0.58419,-1.73220,9.78151,0.029827,-0.033023,-0.039415,-8.004,-1.308,111.617,195.7487,-54.5279,10.3765,8212.8154,-1922.7761,344.3580,0.0011584,0.0133059,-0.3575216,0.000000,0.000000,0.000000,0.00000,0.00000,0.000,0.000,0.000,0.000,0.000,-6.0000,0.0000,0.0000,6.0000,95.00,95.00,90.00,90.00,65535,65535,65535,1500,1,11,40.4365080,-86.8935137,172.800,-0.192,1.142,0.000
60887,25816,18203,15181,0,0,0.91698,-2.14880,9.77313,-0.006392,-0.037284,-0.023436,-8.117,-1.451,112.214,195.7071,-54.5332,10.3894,8221.4609,-1925.1552,344.9352,0.0011824,0.0134270,-0.3573768,0.000000,0.000000,0.000000,0.00000,0.00000,0.000,0.000,0.000,0.000,0.000,-6.0000,0.0000,0.0000,6.0000,95.00,95.00,90.00,90.00,65535,65535,65535,1500,1,11,40.4365080,-86.8935137,172.800,-0.192,1.142,0.000
60942,21019,18235,15177,0,0,0.21668,-1.55743,10.42555,0.059655,-0.037284,-0.029827,-7.947,-1.460,113.706,195.7352,-54.5228,10.4103,8232.9785,-1928.4513,345.4475,0.0010940,0.0134248,-0.3575560,0.000000,0.000000,0.000000,0.00000,0.00000,0.000,0.000,0.000,0.000,0.000,-6.0000,0.0000,0.0000,6.0000,95.00,95.00,90.00,90.00,65535,65535,65535,1500,1,11,40.4365083,-86.8935120,172.800,-0.187,1.257,0.000
60992,30824,18238,15198,0,0,0.81283,-1.53349,9.65582,0.035154,-0.036219,-0.020240,-8.102,-1.777,113.753,195.6322,-54.5397,10.4188,8240.0088,-1930.3271,346.1081,0.0011220,0.0136990,-0.3571962,0.000000,0.000000,0.000000,0.00000,0.00000,0.000,0.000,0.000,0.000,0.000,-6.0000,0.0000,0.0000,6.0000,95.00,95.00,90.00,90.00,65535,65535,65535,1500,1,11,40.4365083,-86.8935120,172.800,-0.187,1.257,0.000
61033,24968,33399,30340,0,0,0.41300,-1.37786,9.81024,0.008522,-0.018109,-0.007457,-8.102,-1.785,114.239,195.6281,-54.5396,10.4218,8244.7363,-1931.6515,346.3719,0.0011097,0.0137268,-0.3571906,0.000000,0.000000,0.000000,0.00000,0.00000,0.000,0.000,0.000,0.000,0.000,-6.0000,0.0000,0.0000,6.0000,95.00,95.00,90.00,90.00,65535,65535,65535,1500,1,10,40.4365118,-86.8935152,173.000,-0.187,1.257,0.000
61107,34374,34087,26334,0,0,0.90621,-1.44251,9.25718,-0.027697,-0.015979,-0.007457,-8.191,-1.700,115.795,195.6339,-54.5434,10.4184,8259.3105,-1935.7303,347.1346,0.0011150,0.0137281,-0.3572175,0.000000,0.000000,0.000000,0.00000,0.00000,0.000,0.000,0.000,0.000,0.000,-6.0000,0.0000,0.0000,6.0000,95.00,95.00,90.00,90.00,65535,65535,65535,1500,1,10,40.4365118,-86.8935152,173.000,-0.187,1.257,0.000
61142,44196,24904,17027,0,0,0.86910,-1.45328,8.76038,-0.041545,-0.005326,0.001065,-8.376,-1.850,116.468,195.5924,-54.5368,10.3820,8266.5830,-1937.7919,347.6367,0.0010954,0.0139346,-0.3571309,0.000000,0.000000,0.000000,0.00000,0.00000,0.000,0.000,0.000,0.000,0.000,-6.0000,0.0000,0.0000,6.0000,95.00,95.00,90.00,90.00,65535,65535,65535,1500,1,10,40.4365118,-86.8935152,173.000,-0.187,1.257,0.000
61193,26669,18302,15240,0,0,-0.18076,-1.73580,9.84496,-0.050067,-0.012783,-0.006392,-8.513,-1.416,117.836,195.6418,-54.5432,10.4044,8279.7998,-1941.3810,348.1945,0.0010945,0.0136090,-0.3571961,0.000000,0.000000,0.000000,0.00000,0.00000,0.000,0.000,0.000,0.000,0.000,-6.0000,0.0000,0.0000,6.0000,95.00,95.00,90.00,90.00,65535,65535,65535,1500,1,10,40.4365140,-86.8935143,173.100,0.269,0.832,0.000
61243,30574,18242,15214,0,0,0.06584,-1.55144,9.83418,0.004261,-0.018109,-0.021305,-8.413,-1.326,119.284,195.6835,-54.5301,10.4015,8290.3936,-1944.4155,348.6453,0.0010373,0.0135817,-0.3573857,0.000000,0.000000,0.000000,0.00000,0.00000,0.000,0.000,0.000,0.000,0.000,-6.0000,0.0000,0.0000,6.0000,95.00,95.00,90.00,90.00,65535,65535,65535,1500,1,10,40.4365140,-86.8935143,173.100,0.269,0.832,0.000
61288,20187,18244,15206,0,0,0.23463,-1.22942,10.11790,0.008522,-0.021305,-0.015979,-8.278,-1.162,120.737,195.7343,-54.5149,10.4091,8300.5957,-1947.3165,349.0349,0.0009751,0.0134700,-0.3575982,0.000000,0.000000,0.000000,0.00000,0.00000,0.000,0.000,0.000,0.000,0.000,-6.0000,0.0000,0.0000,6.0000,95.00,95.00,90.00,90.00,65535,65535,65535,1500,1,10,40.4365150,-86.8935135,173.100,0.372,0.865,0.000
61343,34939,18294,15335,0,0,0.53032,-1.04746,10.66258,0.001065,-0.030893,-0.010653,-8.187,-1.197,122.145,195.7414,-54.5048,10.4605,8311.3574,-1950.3970,349.5590,0.0009351,0.0135264,-0.3577250,0.000000,0.000000,0.000000,0.00000,0.00000,0.000,0.000,0.000,0.000,0.000,-6.0000,0.0000,0.0000,6.0000,95.00,95.00,90.00,90.00,65535,65535,65535,1500,1,10,40.4365150,-86.8935135,173.100,0.372,0.865,0.000
61394,26048,18287,15222,0,0,0.89064,-0.99240,10.04607,0.006392,-0.028762,-0.005326,-7.980,-1.220,123.841,195.7799,-54.4831,10.4627,8322.1670,-1953.5452,350.0053,0.0008534,0.0135607,-0.3579885,0.000000,0.000000,0.000000,0.00000,0.00000,0.000,0.000,0.000,0.000,0.000,-6.0000,0.0000,0.0000,6.0000,95.00,95.00,90.00,90.00,65535,65535,65535,1500,1,10,40.4365162,-86.8935142,173.000,0.413,0.747,0.000
61444,26011,18235,15219,0,0,0.25379,-1.65080,10.14902,0.000000,-0.027697,0.000000,-8.035,-1.044,124.848,195.7947,-54.4856,10.4848,8332.7090,-1956.4188,350.5299,0.0008746,0.0134208,-0.3579746,0.000000,0.000000,0.000000,0.00000,0.00000,0.000,0.000,0.000,0.000,0.000,-6.0000,0.0000,0.0000,6.0000,95.00,95.00,90.00,90.00,65535,65535,65535,1500,1,10,40.4365162,-86.8935142,173.000,0.413,0.747,0.000
61497,28034,18283,15228,0,0,1.02472,-1.63644,10.13585,-0.015979,-0.014914,-0.010653,-7.996,-0.907,126.153,195.8186,-54.4768,10.5110,8343.8281,-1959.5295,351.0470,0.0008711,0.0133410,-0.3580717,0.000000,0.000000,0.000000,0.00000,0.00000,0.000,0.000,0.000,0.000,0.000,-6.0000,0.0000,0.0000,6.0000,95.00,95.00,90.00,90.00,65535,65535,65535,1500,1,10,40.4365172,-86.8935142,173.100,0.413,0.747,0.000
61537,24403,33363,30322,0,0,0.51356,-1.27850,9.23204,-0.007457,-0.017044,-0.002131,-8.009,-0.980,126.711,195.8123,-54.4741,10.4991,8348.2266,-1960.8004,351.2998,0.0008537,0.0134331,-0.3580975,0.000000,0.000000,0.000000,0.00000,0.00000,0.000,0.000,0.000,0.000,0.000,-6.0000,0.0000,0.0000,6.0000,95.00,95.00,90.00,90.00,65535,65535,65535,1500,1,10,40.4365172,-86.8935142,173.100,0.413,0.747,0.000
61599,31325,18191,15159,0,0,0.10894,-1.68312,9.92037,0.014914,-0.007457,-0.011718,-8.365,-1.091,127.536,195.7450,-54.4771,10.5431,8361.2598,-1964.3810,352.2337,0.0009296,0.0136615,-0.3578073,0.000000,0.000000,0.000000,0.00000,0.00000,0.000,0.000,0.000,0.000,0.000,-6.0000,0.0000,0.0000,6.0000,95.00,95.00,90.00,90.00,65535,65535,65535,1500,1,10,40.4365192,-86.8935150,173.100,0.572,0.584,0.000
61649,26154,18251,15193,0,0,0.13527,-0.85832,10.32021,0.045806,-0.012783,-0.005326,-8.167,-0.979,128.919,195.7695,-54.4649,10.5573,8371.7637,-1967.3568,352.7095,0.0008898,0.0136262,-0.3579531,0.000000,0.000000,0.000000,0.00000,0.00000,0.000,0.000,0.000,0.000,0.000,-6.0000,0.0000,0.0000,6.0000,95.00,95.00,90.00,90.00,65535,65535,65535,1500,1,10,40.4365202,-86.8935148,173.100,0.641,0.557,0.000
61700,25593,18219,15208,0,0,0.64045,-1.15640,9.50737,0.038350,-0.010653,-0.011718,-8.079,-1.084,129.807,195.7463,-54.4680,10.5488,8380.7705,-1969.8932,353.2683,0.0008598,0.0137703,-0.3579062,0.000000,0.000000,0.000000,0.00000,0.00000,0.000,0.000,0.000,0.000,0.000,-6.0000,0.0000,0.0000,6.0000,95.00,95.00,90.00,90.00,65535,65535,65535,1500,1,10,40.4365202,-86.8935148,173.200,0.641,0.557,0.000
61744,19626,18151,15135,0,0,1.52511,-1.74896,9.93953,0.023436,-0.023436,-0.021305,-8.083,-1.380,130.467,195.7063,-54.4771,10.5663,8387.6084,-1971.8700,353.7733,0.0007812,0.0140684,-0.3578372,0.000000,0.000000,0.000000,0.00000,0.00000,0.000,0.000,0.000,0.000,0.000,-6.0000,0.0000,0.0000,6.0000,95.00,95.00,90.00,90.00,65535,65535,65535,1500,1,10,40.4365203,-86.8935147,173.200,0.559,0.502,0.000
61799,26620,18313,15244,0,0,1.20309,-0.82839,9.51815,-0.031958,-0.018109,-0.008522,-8.000,-1.402,132.239,195.7322,-54.4523,10.5528,8398.8789,-1975.1473,354.2703,0.0006829,0.0141460,-0.3580934,0.000000,0.000000,0.000000,0.00000,0.00000,0.000,0.000,0.000,0.000,0.000,-6.0000,0.0000,0.0000,6.0000,95.00,95.00,90.00,90.00,65535,65535,65535,1500,1,10,40.4365203,-86.8935147,173.200,0.559,0.502,0.000
61850,26308,18246,15208,0,0,0.42377,-1.44370,9.02135,0.035154,-0.024501,-0.027697,-8.285,-1.546,132.212,195.6622,-54.4893,10.5581,8406.6943,-1977.2078,354.9553,0.0007791,0.0142999,-0.3576980,0.000000,0.000000,0.000000,0.00000,0.00000,0.000,0.000,0.000,0.000,0.000,-6.0000,0.0000,0.0000,6.0000,95.00,95.00,90.00,90.00,65535,65535,65535,1500,1,10,40.4365205,-86.8935145,173.200,0.456,0.409,0.000
61900,25910,18174,15152,0,0,0.70749,-1.41378,9.45829,-0.002131,-0.019175,-0.019175,-8.477,-1.685,132.762,195.6219,-54.5037,10.5695,8415.2344,-1979.5771,355.5623,0.0008019,0.0144676,-0.3575310,0.000000,0.000000,0.000000,0.00000,0.00000,0.000,0.000,0.000,0.000,0.000,-6.0000,0.0000,0.0000,6.0000,95.00,95.00,90.00,90.00,65535,65535,65535,1500,1,10,40.4365205,-86.8935145,173.200,0.456,0.409,0.000
61943,19113,18195,15165,0,0,0.44891,-1.18992,10.05684,-0.020240,-0.009587,-0.015979,-8.490,-1.572,134.107,195.6536,-54.4833,10.5601,8424.5645,-1982.2406,355.9447,0.0007533,0.0144154,-0.3577261,0.000000,0.000000,0.000000,0.00000,0.00000,0.000,0.000,0.000,0.000,0.000,-6.0000,0.0000,0.0000,6.0000,95.00,95.00,90.00,90.00,65535,65535,65535,1500,1,10,40.4365205,-86.8935145,173.200,0.456,0.409,0.000
62003,29919,23271,15274,0,0,0.84156,-1.40300,9.76116,0.000000,-0.015979,-0.014914,-8.482,-1.470,135.337,195.6618,-54.4763,10.5738,8435.6299,-1985.3363,356.5026,0.0007369,0.0143894,-0.3577848,0.000000,0.000000,0.000000,0.00000,0.00000,0.000,0.000,0.000,0.000,0.000,-6.0000,0.0000,0.0000,6.0000,95.00,95.00,90.00,90.00,65535,65535,65535,1500,1,10,40.4365208,-86.8935132,173.300,0.434,0.509,0.000
62043,24275,38390,30353,0,0,0.89423,-0.87867,9.83418,0.006392,-0.018109,-0.020240,-8.338,-1.529,136.456,195.6820,-54.4483,10.5691,8440.7402,-1986.9005,356.6723,0.0006620,0.0144762,-0.3580412,0.000000,0.000000,0.000000,0.00000,0.00000,0.000,0.000,0.000,0.000,0.000,-6.0000,0.0000,0.0000,6.0000,95.00,95.00,90.00,90.00,65535,65535,65535,1500,1,10,40.4365208,-86.8935132,173.300,0.434,0.509,0.000
62120,32839,37693,29839,0,0,-0.44173,-0.42976,9.25718,-0.025566,-0.014914,-0.023436,-8.184,-1.249,138.432,195.7252,-54.4251,10.5673,8457.5078,-1991.5787,357.4151,0.0006153,0.0142952,-0.3582374,0.000000,0.000000,0.000000,0.00000,0.00000,0.000,0.000,0.000,0.000,0.000,-6.0000,0.0000,0.0000,6.0000,95.00,95.00,90.00,90.00,65535,65535,65535,1500,1,10,40.4365207,-86.8935118,173.300,0.325,0.625,0.000
62154,38407,32856,26119,0,0,-0.01915,-1.17436,9.27993,0.049002,-0.022371,-0.014914,-8.052,-1.134,139.351,195.7414,-54.4221,10.5478,8465.6025,-1993.8264,357.7937,0.0006133,0.0142176,-0.3582981,0.000000,0.000000,0.000000,0.00000,0.00000,0.000,0.000,0.000,0.000,0.000,-6.0000,0.0000,0.0000,6.0000,95.00,95.00,90.00,90.00,65535,65535,65535,1500,1,10,40.4365207,-86.8935118,173.300,0.325,0.625,0.000
62204,29459,19950,15288,0,0,-0.31005,-0.89064,9.31225,0.002131,-0.019175,-0.019175,-8.165,-0.848,140.581,195.7660,-54.4249,10.5586,8478.9902,-1997.4705,358.4603,0.0006377,0.0140253,-0.3582818,0.000000,0.000000,0.000000,0.00000,0.00000,0.000,0.000,0.000,0.000,0.000,-6.0000,0.0000,0.0000,6.0000,95.00,95.00,90.00,90.00,65535,65535,65535,1500,1,10,40.4365212,-86.8935112,173.300,0.276,0.721,0.000
62235,20988,30053,22009,0,0,0.23343,-1.78129,9.97185,-0.026632,-0.015979,-0.014914,-8.297,-0.892,140.684,195.7462,-54.4392,10.5688,8482.4434,-1998.4034,358.7294,0.0006692,0.0140835,-0.3581609,0.000000,0.000000,0.000000,0.00000,0.00000,0.000,0.000,0.000,0.000,0.000,-6.0000,0.0000,0.0000,6.0000,95.00,95.00,90.00,90.00,65535,65535,65535,1500,1,10,40.4365212,-86.8935112,173.300,0.276,0.721,0.000
62287,26623,18286,15254,0,0,-0.07661,-1.12168,9.68694,-0.010653,-0.023436,-0.007457,-8.220,-0.750,142.285,195.7687,-54.4257,10.5675,8495.6221,-2002.0867,359.3431,0.0006404,0.0139932,-0.3582907,0.000000,0.000000,0.000000,0.00000,0.00000,0.000,0.000,0.000,0.000,0.000,-6.0000,0.0000,0.0000,6.0000,95.00,95.00,90.00,90.00,65535,65535,65535,1500,1,10,40.4365225,-86.8935107,173.400,0.320,0.803,0.000
62337,25712,18248,15202,0,0,0.11492,-1.24379,10.47942,-0.066046,-0.010653,-0.009587,-8.089,-0.624,144.197,195.8109,-54.3844,10.5716,8506.7607,-2005.3058,359.7392,0.0005480,0.0139406,-0.3586507,0.000000,0.000000,0.000000,0.00000,0.00000,0.000,0.000,0.000,0.000,0.000,-6.0000,0.0000,0.0000,6.0000,95.00,95.00,90.00,90.00,65535,65535,65535,1500,1,10,40.4365225,-86.8935107,173.400,0.320,0.803,0.000
62382,20210,18264,15208,0,0,0.42258,-1.23661,10.77151,0.044741,-0.014914,-0.025566,-7.928,-0.690,145.824,195.8275,-54.3492,10.6024,8515.9014,-2008.0035,360.1158,0.0004866,0.0140487,-0.3589471,0.000000,0.000000,0.000000,0.00000,0.00000,0.000,0.000,0.000,0.000,0.000,-6.0000,0.0000,0.0000,6.0000,95.00,95.00,90.00,90.00,65535,65535,65535,1500,1,11,40.4365230,-86.8935100,173.400,0.290,0.825,0.000
62437,26428,18269,15190,0,0,-0.23104,-1.64601,9.94911,-0.019175,-0.006392,-0.002131,-8.124,-0.606,146.249,195.8058,-54.3795,10.6157,8525.9150,-2010.6750,360.7917,0.0005558,0.0140365,-0.3586811,0.000000,0.000000,0.000000,0.00000,0.00000,0.000,0.000,0.000,0.000,0.000,-6.0000,0.0000,0.0000,6.0000,95.00,95.00,90.00,90.00,65535,65535,65535,1500,1,11,40.4365230,-86.8935100,173.400,0.290,0.825,0.000
62488,26404,18225,15210,0,0,0.15323,-2.05183,10.46745,0.024501,0.000000,-0.017044,-8.209,-0.512,146.790,195.7921,-54.4003,10.6395,8535.5781,-2013.2836,361.4066,0.0006131,0.0140227,-0.3584959,0.000000,0.000000,0.000000,0.00000,0.00000,0.000,0.000,0.000,0.000,0.000,-6.0000,0.0000,0.0000,6.0000,95.00,95.00,90.00,90.00,65535,65535,65535,1500,1,11,40.4365230,-86.8935097,173.400,0.195,0.763,0.000
62557,39252,28613,20574,0,0,1.11450,-1.82917,9.42118,-0.028762,0.005326,0.000000,-8.231,-0.587,148.259,195.7724,-54.3680,10.6303,8546.3418,-2016.3922,361.9972,0.0005870,0.0142206,-0.3586127,0.000000,0.000000,0.000000,0.00000,0.00000,0.000,0.000,0.000,0.000,0.000,-6.0000,0.0000,0.0000,6.0000,95.00,95.00,90.00,90.00,65535,65535,65535,1500,1,11,40.4365230,-86.8935097,173.400,0.195,0.763,0.000
62594,29712,35342,27420,0,0,0.09816,-1.69390,9.11592,0.018109,0.002131,0.007457,-8.318,-0.565,148.573,195.7590,-54.3813,10.6176,8551.6240,-2017.8323,362.3588,0.0006370,0.0142631,-0.3584937,0.000000,0.000000,0.000000,0.00000,0.00000,0.000,0.000,0.000,0.000,0.000,-6.0000,0.0000,0.0000,6.0000,95.00,95.00,90.00,90.00,65535,65535,65535,1500,1,11,40.4365230,-86.8935097,173.400,0.195,0.763,0.000
62646,23902,18202,15163,0,0,-0.74460,-1.92254,10.17536,-0.055394,-0.001065,0.006392,-8.491,-0.304,149.436,195.7570,-54.4061,10.6242,8565.2188,-2021.4872,363.1644,0.0007465,0.0141394,-0.3582765,0.000000,0.000000,0.000000,0.00000,0.00000,0.000,0.000,0.000,0.000,0.000,-6.0000,0.0000,0.0000,6.0000,95.00,95.00,90.00,90.00,65535,65535,65535,1500,1,11,40.4365228,-86.8935035,173.400,0.017,1.379,0.000
62697,26002,18261,15206,0,0,-0.54947,-1.53229,10.04966,0.007457,-0.009587,-0.009587,-8.504,-0.017,150.428,195.7737,-54.4114,10.6364,8575.9688,-2024.4031,363.7050,0.0007654,0.0139717,-0.3582502,0.000000,0.000000,0.000000,0.00000,0.00000,0.000,0.000,0.000,0.000,0.000,-6.0000,0.0000,0.0000,6.0000,95.00,95.00,90.00,90.00,65535,65535,65535,1500,1,11,40.4365228,-86.8935035,173.800,0.017,1.379,0.000
62747,26042,18259,15215,0,0,0.32920,-1.35392,10.16698,0.027697,-0.031958,-0.010653,-8.308,-0.225,151.853,195.7626,-54.3881,10.6404,8585.1943,-2027.0994,364.1952,0.0006597,0.0141831,-0.3584140,0.000000,0.000000,0.000000,0.00000,0.00000,0.000,0.000,0.000,0.000,0.000,-6.0000,0.0000,0.0000,6.0000,95.00,95.00,90.00,90.00,65535,65535,65535,1500,1,11,40.4365228,-86.8935028,173.800,-0.071,1.330,0.000
62798,25569,18248,15185,0,0,0.35195,-1.27731,10.54885,0.037284,-0.026632,-0.003196,-8.122,-0.333,153.120,195.7538,-54.3752,10.6740,8594.7002,-2029.8141,364.7099,0.0005808,0.0143077,-0.3585046,0.000000,0.000000,0.000000,0.00000,0.00000,0.000,0.000,0.000,0.000,0.000,-6.0000,0.0000,0.0000,6.0000,95.00,95.00,90.00,90.00,65535,65535,65535,1500,1,11,40.4365228,-86.8935028,173.800,-0.071,1.330,0.000
62846,20805,18199,15149,0,0,0.67995,-1.33118,10.54167,0.039415,-0.021305,-0.003196,-8.028,-0.447,154.492,195.7476,-54.3559,10.7035,8603.8936,-2032.4669,365.1869,0.0004810,0.0144493,-0.3586519,0.000000,0.000000,0.000000,0.00000,0.00000,0.000,0.000,0.000,0.000,0.000,-6.0000,0.0000,0.0000,6.0000,95.00,95.00,90.00,90.00,65535,65535,65535,1500,1,11,40.4365228,-86.8935028,173.800,-0.071,1.330,0.000
62897,26003,18241,15201,0,0,0.49201,-1.58736,10.01734,0.002131,-0.019175,0.007457,-8.097,-0.630,155.159,195.7186,-54.3733,10.7242,8612.5371,-2034.8827,365.8022,0.0004813,0.0146441,-0.3585005,0.000000,0.000000,0.000000,0.00000,0.00000,0.000,0.000,0.000,0.000,0.000,-6.0000,0.0000,0.0000,6.0000,95.00,95.00,90.00,90.00,65535,65535,65535,1500,1,11,40.4365230,-86.8935015,173.900,-0.129,1.336,0.000
62947,30759,18304,15234,0,0,0.43934,-1.32519,9.88087,-0.038350,-0.005326,0.014914,-8.126,-1.055,156.297,195.6801,-54.3666,10.7301,8620.1191,-2037.1584,366.3535,0.0003327,0.0150937,-0.3585405,0.000000,0.000000,0.000000,0.00000,0.00000,0.000,0.000,0.000,0.000,0.000,-6.0000,0.0000,0.0000,6.0000,95.00,95.00,90.00,90.00,65535,65535,65535,1500,1,11,40.4365230,-86.8935015,173.900,-0.129,1.336,0.000
62998,25844,18184,15136,0,0,0.27653,-1.02592,9.51216,-0.018109,-0.007457,0.002131,-8.116,-0.973,157.560,195.6826,-54.3562,10.7093,8630.2471,-2040.0011,366.8707,0.0002988,0.0150997,-0.3586213,0.000000,0.000000,0.000000,0.00000,0.00000,0.000,0.000,0.000,0.000,0.000,-6.0000,0.0000,0.0000,6.0000,95.00,95.00,90.00,90.00,65535,65535,65535,1500,1,11,40.4365233,-86.8935008,174.000,-0.143,1.237,0.000
63045,28102,36512,27425,0,0,-0.17358,-1.02113,9.29788,0.019175,-0.018109,0.011718,-8.012,-0.814,158.401,195.6989,-54.3458,10.6933,8636.5361,-2041.7377,367.1296,0.0002813,0.0149846,-0.3587144,0.000000,0.000000,0.000000,0.00000,0.00000,0.000,0.000,0.000,0.000,0.000,-6.0000,0.0000,0.0000,6.0000,95.00,95.00,90.00,90.00,65535,65535,65535,1500,1,11,40.4365233,-86.8935008,174.000,-0.143,1.237,0.000
63082,43426,30288,27291,0,0,0.44293,-1.25456,9.59955,-0.073503,-0.011718,0.014914,-8.172,-0.814,159.522,195.6890,-54.3353,10.6864,8644.8848,-2044.1052,367.5694,0.0002621,0.0150477,-0.3587909,0.000000,0.000000,0.000000,0.00000,0.00000,0.000,0.000,0.000,0.000,0.000,-6.0000,0.0000,0.0000,6.0000,95.00,95.00,90.00,90.00,65535,65535,65535,1500,1,11,40.4365243,-86.8934997,174.000,-0.082,1.268,0.000
63148,38977,26004,23025,0,0,0.39983,-1.20907,10.70088,-0.007457,-0.011718,0.008522,-8.226,-0.862,161.233,195.6696,-54.3247,10.7040,8658.0898,-2047.8573,368.2977,0.0002506,0.0151971,-0.3588785,0.000000,0.000000,0.000000,0.00000,0.00000,0.000,0.000,0.000,0.000,0.000,-6.0000,0.0000,0.0000,6.0000,95.00,95.00,90.00,90.00,65535,65535,65535,1500,1,11,40.4365243,-86.8934997,174.000,-0.082,1.268,0.000
63197,30710,18202,15161,0,0,-0.35793,-1.38385,9.80665,-0.013848,-0.019175,-0.007457,-8.152,-0.576,162.488,195.6949,-54.3223,10.6999,8670.3633,-2051.1960,368.8802,0.0002130,0.0149847,-0.3589151,0.000000,0.000000,0.000000,0.00000,0.00000,0.000,0.000,0.000,0.000,0.000,-6.0000,0.0000,0.0000,6.0000,95.00,95.00,90.00,90.00,65535,65535,65535,1500,1,11,40.4365253,-86.8934963,174.000,0.059,1.568,0.000
63258,29364,24931,15284,0,0,0.21668,-1.64601,9.84975,0.009587,-0.002131,0.000000,-8.086,-0.542,163.925,195.6926,-54.3034,10.6978,8680.9600,-2054.1992,369.4175,0.0001802,0.0150426,-0.3590409,0.000000,0.000000,0.000000,0.00000,0.00000,0.000,0.000,0.000,0.000,0.000,-6.0000,0.0000,0.0000,6.0000,95.00,95.00,90.00,90.00,65535,65535,65535,1500,1,11,40.4365253,-86.8934963,174.400,0.059,1.568,0.000
63283,31021,18676,15668,0,0,0.68235,-2.05303,9.81503,-0.019175,-0.002131,0.000000,-8.308,-0.691,164.249,195.6674,-54.3135,10.7083,8685.7959,-2055.5801,369.8059,0.0002553,0.0152442,-0.3589217,0.000000,0.000000,0.000000,0.00000,0.00000,0.000,0.000,0.000,0.000,0.000,-6.0000,0.0000,0.0000,6.0000,95.00,95.00,90.00,90.00,65535,65535,65535,1500,1,11,40.4365253,-86.8934963,174.400,0.059,1.568,0.000
63334,25911,18186,15162,0,0,0.75537,-1.40181,9.91199,0.069242,-0.001065,-0.008522,-8.236,-0.746,165.302,195.6522,-54.3118,10.7063,8695.1377,-2058.2263,370.3637,0.0002436,0.0153880,-0.3589257,0.000000,0.000000,0.000000,0.00000,0.00000,0.000,0.000,0.000,0.000,0.000,-6.0000,0.0000,0.0000,6.0000,95.00,95.00,90.00,90.00,65535,65535,65535,1500,1,11,40.4365258,-86.8934930,174.600,0.059,1.568,0.000
63385,26469,18211,15170,0,0,0.32441,-1.15760,9.48942,0.069242,-0.005326,-0.012783,-8.221,-0.737,166.012,195.6416,-54.3280,10.7044,8704.4258,-2060.7996,370.9582,0.0002889,0.0154737,-0.3588053,0.000000,0.000000,0.000000,0.00000,0.00000,0.000,0.000,0.000,0.000,0.000,-6.0000,0.0000,0.0000,6.0000,95.00,95.00,90.00,90.00,65535,65535,65535,1500,1,11,40.4365257,-86.8934933,174.600,0.080,1.479,0.000
63435,25704,18149,15153,0,0,1.13485,-1.56341,9.80306,0.036219,-0.005326,-0.011718,-8.335,-1.200,166.330,195.5906,-54.3579,10.7095,8711.2842,-2062.7964,371.6225,0.0002538,0.0159644,-0.3585530,0.000000,0.000000,0.000000,0.00000,0.00000,0.000,0.000,0.000,0.000,0.000,-6.0000,0.0000,0.0000,6.0000,95.00,95.00,90.00,90.00,65535,65535,65535,1500,1,11,40.4365257,-86.8934933,174.600,0.080,1.479,0.000
63489,26131,18178,15140,0,0,-0.78290,-1.08936,9.94073,0.013848,-0.005326,-0.022371,-8.275,-0.876,167.656,195.6127,-54.3458,10.7240,8723.1865,-2066.0623,372.1487,0.0002831,0.0157483,-0.3586605,0.000000,0.000000,0.000000,0.00000,0.00000,0.000,0.000,0.000,0.000,0.000,-6.0000,0.0000,0.0000,6.0000,95.00,95.00,90.00,90.00,65535,65535,65535,1500,1,11,40.4365258,-86.8934922,174.700,0.029,1.414,0.000
63556,39442,21767,18754,0,0,-0.45610,-1.44011,10.00058,-0.009587,-0.012783,-0.007457,-8.347,-0.623,168.903,195.6362,-54.3517,10.7407,8736.4180,-2069.6848,372.8282,0.0003646,0.0155991,-0.3586447,0.000000,0.000000,0.000000,0.00000,0.00000,0.000,0.000,0.000,0.000,0.000,-6.0000,0.0000,0.0000,6.0000,95.00,95.00,90.00,90.00,65535,65535,65535,1500,1,11,40.4365258,-86.8934922,174.700,0.029,1.414,0.000
63594,28817,30457,27472,0,0,-0.01197,-0.77812,9.41041,0.006392,-0.020240,-0.028762,-8.168,-0.506,169.897,195.6434,-54.3299,10.7246,8742.7715,-2071.4688,373.0670,0.0002910,0.0155127,-0.3588193,0.000000,0.000000,0.000000,0.00000,0.00000,0.000,0.000,0.000,0.000,0.000,-6.0000,0.0000,0.0000,6.0000,95.00,95.00,90.00,90.00,65535,65535,65535,1500,1,11,40.4365257,-86.8934858,175.200,-0.073,1.974,0.000
63645,26428,18147,15151,0,0,0.07422,-1.41018,10.36929,0.059655,-0.018109,-0.041545,-8.027,-0.299,171.180,195.6619,-54.3270,10.7325,8755.8838,-2075.0750,373.7232,0.0003478,0.0153797,-0.3588494,0.000000,0.000000,0.000000,0.00000,0.00000,0.000,0.000,0.000,0.000,0.000,-6.0000,0.0000,0.0000,6.0000,95.00,95.00,90.00,90.00,65535,65535,65535,1500,1,11,40.4365257,-86.8934858,175.200,-0.073,1.974,0.000
63700,26854,18188,15165,0,0,-0.37469,-1.26773,10.03530,-0.053263,-0.011718,-0.023436,-8.251,-0.275,171.948,195.6605,-54.3419,10.7358,8766.4258,-2077.9792,374.3645,0.0003835,0.0154092,-0.3587345,0.000000,0.000000,0.000000,0.00000,0.00000,0.000,0.000,0.000,0.000,0.000,-6.0000,0.0000,0.0000,6.0000,95.00,95.00,90.00,90.00,65535,65535,65535,1500,1,11,40.4365257,-86.8934842,175.200,-0.121,1.858,0.000
63744,24260,18155,15128,0,0,0.37110,-0.93972,9.37450,0.047937,-0.006392,-0.035154,-8.038,-0.309,172.989,195.6517,-54.3267,10.7459,8774.6338,-2080.3101,374.8013,0.0002805,0.0154859,-0.3588309,0.000000,0.000000,0.000000,0.00000,0.00000,0.000,0.000,0.000,0.000,0.000,-6.0000,0.0000,0.0000,6.0000,95.00,95.00,90.00,90.00,65535,65535,65535,1500,1,11,40.4365257,-86.8934842,175.200,-0.121,1.858,0.000
63795,26329,18209,15154,0,0,0.82839,-1.53588,9.85094,-0.021305,0.001065,-0.043676,-8.032,-0.402,173.877,195.6367,-54.3264,10.7556,8783.9023,-2082.9275,375.3669,0.0002212,0.0156258,-0.3588199,0.000000,0.000000,0.000000,0.00000,0.00000,0.000,0.000,0.000,0.000,0.000,-6.0000,0.0000,0.0000,6.0000,95.00,95.00,90.00,90.00,65535,65535,65535,1500,1,11,40.4365240,-86.8934772,175.700,-0.346,2.533,0.000
63845,25959,18150,15140,0,0,-0.30885,-1.58616,9.92157,-0.007457,0.004261,-0.041545,-8.082,-0.175,174.866,195.6499,-54.3234,10.7625,8794.4834,-2085.8289,375.8878,0.0002592,0.0154940,-0.3588485,0.000000,0.000000,0.000000,0.00000,0.00000,0.000,0.000,0.000,0.000,0.000,-6.0000,0.0000,0.0000,6.0000,95.00,95.00,90.00,90.00,65535,65535,65535,1500,1,11,40.4365240,-86.8934772,175.700,-0.346,2.533,0.000
63900,25635,18197,15142,0,0,1.00317,-1.09894,10.36809,-0.019175,-0.010653,-0.060720,-7.936,-0.301,175.899,195.6316,-54.3161,10.7901,8804.3545,-2088.6333,376.4690,0.0001576,0.0156484,-0.3588946,0.000000,0.000000,0.000000,0.00000,0.00000,0.000,0.000,0.000,0.000,0.000,-6.0000,0.0000,0.0000,6.0000,95.00,95.00,90.00,90.00,65535,65535,65535,1500,1,11,40.4365230,-86.8934745,175.700,-0.455,2.521,0.000
63944,19589,18170,15137,0,0,-0.03831,-1.32280,9.24641,0.073503,-0.018109,-0.070307,-7.875,-0.378,176.366,195.6248,-54.3289,10.8071,8812.3506,-2090.8579,376.9888,0.0001768,0.0157402,-0.3587929,0.000000,0.000000,0.000000,0.00000,0.00000,0.000,0.000,0.000,0.000,0.000,-6.0000,0.0000,0.0000,6.0000,95.00,95.00,90.00,90.00,65535,65535,65535,1500,1,11,40.4365230,-86.8934745,175.700,-0.455,2.521,0.000
63995,25855,18185,15142,0,0,1.21147,-1.58257,9.14585,0.024501,-0.007457,-0.047937,-7.871,-0.992,176.205,195.5848,-54.3766,10.8237,8818.9258,-2092.7517,377.7349,-0.0000178,0.0162735,-0.3583947,0.000000,0.000000,0.000000,0.00000,0.00000,0.000,0.000,0.000,0.000,0.000,-6.0000,0.0000,0.0000,6.0000,95.00,95.00,90.00,90.00,65535,65535,65535,1500,1,11,40.4365218,-86.8934720,175.900,-0.610,2.483,0.000
64034,24341,33304,30275,0,0,0.48123,-1.53109,9.82461,0.037284,-0.006392,-0.044741,-7.872,-1.087,176.373,195.5792,-54.3893,10.8305,8823.0244,-2093.8965,378.0456,-0.0000382,0.0163728,-0.3582912,0.000000,0.000000,0.000000,0.00000,0.00000,0.000,0.000,0.000,0.000,0.000,-6.0000,0.0000,0.0000,6.0000,95.00,95.00,90.00,90.00,65535,65535,65535,1500,1,11,40.4365218,-86.8934720,175.900,-0.610,2.483,0.000
64104,47677,20623,15409,0,0,-0.08619,-1.56581,10.30105,0.045806,-0.005326,-0.052198,-7.750,-0.857,178.074,195.5941,-54.3760,10.8645,8839.8340,-2098.5593,378.8867,0.0000113,0.0162561,-0.3583922,0.000000,0.000000,0.000000,0.00000,0.00000,0.000,0.000,0.000,0.000,0.000,-6.0000,0.0000,0.0000,6.0000,95.00,95.00,90.00,90.00,65535,65535,65535,1500,1,11,40.4365208,-86.8934700,175.900,-0.610,2.483,0.000
64143,26902,32819,29797,0,0,-0.16281,-1.36589,9.42597,0.036219,-0.005326,-0.049002,-7.728,-0.716,178.691,195.6006,-54.3702,10.8549,8845.6377,-2100.1597,379.1514,0.0000759,0.0161719,-0.3584436,0.000000,0.000000,0.000000,0.00000,0.00000,0.000,0.000,0.000,0.000,0.000,-6.0000,0.0000,0.0000,6.0000,95.00,95.00,90.00,90.00,65535,65535,65535,1500,1,11,40.4365208,-86.8934700,175.900,-0.610,2.483,0.000
64194,33031,18240,15179,0,0,-0.23822,-1.28209,9.17817,-0.015979,-0.003196,-0.049002,-7.891,-0.448,-179.925,195.6133,-54.3622,10.8484,8859.4248,-2103.9661,379.8328,0.0001385,0.0160380,-0.3585149,0.000000,0.000000,0.000000,0.00000,0.00000,0.000,0.000,0.000,0.000,0.000,-6.0000,0.0000,0.0000,6.0000,95.00,95.00,90.00,90.00,65535,65535,65535,1500,1,11,40.4365213,-86.8934688,175.900,-0.667,2.212,0.000
64244,30781,18155,15147,0,0,-0.27414,-0.92177,10.08079,-0.009587,-0.001065,-0.036219,-7.854,-0.577,-179.212,195.6083,-54.3735,10.8611,8868.2197,-2106.4482,380.4146,0.0000346,0.0161998,-0.3584510,0.000000,0.000000,0.000000,0.00000,0.00000,0.000,0.000,0.000,0.000,0.000,-6.0000,0.0000,0.0000,6.0000,95.00,95.00,90.00,90.00,65535,65535,65535,1500,1,11,40.4365213,-86.8934688,175.900,-0.667,2.212,0.000
64304,35436,22852,15260,0,0,0.48243,-1.26653,9.08600,0.020240,-0.003196,-0.055394,-7.780,-0.862,-178.599,195.5861,-54.3855,10.8576,8877.1172,-2108.9900,381.0807,-0.0001133,0.0164947,-0.3583263,0.000000,0.000000,0.000000,0.00000,0.00000,0.000,0.000,0.000,0.000,0.000,-6.0000,0.0000,0.0000,6.0000,95.00,95.00,90.00,90.00,65535,65535,65535,1500,1,11,40.4365220,-86.8934710,175.900,-0.489,1.626,0.000
64334,29173,24594,21568,0,0,0.42258,-1.77410,9.69053,-0.039415,-0.005326,-0.049002,-7.974,-0.955,-178.424,195.5838,-54.4005,10.8628,8882.1445,-2110.3928,381.4559,-0.0000788,0.0166034,-0.3581933,0.000000,0.000000,0.000000,0.00000,0.00000,0.000,0.000,0.000,0.000,0.000,-6.0000,0.0000,0.0000,6.0000,95.00,95.00,90.00,90.00,65535,65535,65535,1500,1,11,40.4365220,-86.8934710,175.900,-0.489,1.626,0.000
64398,19540,18115,15112,0,0,0.23822,-1.10373,9.44632,0.020240,-0.011718,-0.040480,-7.919,-1.100,-177.369,195.5727,-54.4081,10.8540,8894.8662,-2113.9744,382.2652,-0.0001528,0.0167830,-0.3581179,0.000000,0.000000,0.000000,0.00000,0.00000,0.000,0.000,0.000,0.000,0.000,-6.0000,0.0000,0.0000,6.0000,95.00,95.00,90.00,90.00,65535,65535,65535,1500,1,11,40.4365223,-86.8934707,176.000,-0.399,1.523,0.000
64449,30927,18179,15166,0,0,0.89304,-1.08338,10.31302,0.013848,-0.017044,-0.047937,-7.783,-1.037,-176.226,195.5586,-54.3981,10.8738,8904.8340,-2116.7612,382.7701,-0.0002111,0.0167557,-0.3582151,0.000000,0.000000,0.000000,0.00000,0.00000,0.000,0.000,0.000,0.000,0.000,-6.0000,0.0000,0.0000,6.0000,95.00,95.00,90.00,90.00,65535,65535,65535,1500,1,11,40.4365223,-86.8934707,176.000,-0.399,1.523,0.000
64505,35701,19545,15315,0,0,-0.05148,-1.57060,9.85334,-0.050067,-0.017044,-0.029827,-7.889,-0.782,-175.033,195.5728,-54.3898,10.8882,8916.6572,-2120.0005,383.3259,-0.0001093,0.0165695,-0.3582771,0.000000,0.000000,0.000000,0.00000,0.00000,0.000,0.000,0.000,0.000,0.000,-6.0000,0.0000,0.0000,6.0000,95.00,95.00,90.00,90.00,65535,65535,65535,1500,1,11,40.4365212,-86.8934688,175.900,-0.444,1.676,0.000
64544,25790,33260,30249,0,0,-0.21428,-1.34315,10.33457,-0.028762,-0.020240,-0.030893,-7.913,-0.659,-174.420,195.5790,-54.3850,10.9022,8922.2422,-2121.5322,383.5814,-0.0000921,0.0164754,-0.3583240,0.000000,0.000000,0.000000,0.00000,0.00000,0.000,0.000,0.000,0.000,0.000,-6.0000,0.0000,0.0000,6.0000,95.00,95.00,90.00,90.00,65535,65535,65535,1500,1,11,40.4365212,-86.8934688,175.900,-0.444,1.676,0.000
64582,34341,36825,28842,0,0,0.99958,-1.45208,9.74201,-0.011718,-0.025566,-0.025566,-7.969,-0.927,-173.958,195.5533,-54.3912,10.9073,8927.6230,-2123.0952,384.0020,-0.0001508,0.0167136,-0.3582536,0.000000,0.000000,0.000000,0.00000,0.00000,0.000,0.000,0.000,0.000,0.000,-6.0000,0.0000,0.0000,6.0000,95.00,95.00,90.00,90.00,65535,65535,65535,1500,1,11,40.4365212,-86.8934688,175.900,-0.444,1.676,0.000
64634,26783,18207,15154,0,0,-0.27773,-1.00676,10.55005,0.036219,-0.026632,-0.031958,-7.755,-0.647,-172.092,195.5631,-54.3689,10.9293,8942.7324,-2127.2705,384.6784,-0.0001319,0.0164950,-0.3584529,0.000000,0.000000,0.000000,0.00000,0.00000,0.000,0.000,0.000,0.000,0.000,-6.0000,0.0000,0.0000,6.0000,95.00,95.00,90.00,90.00,65535,65535,65535,1500,1,12,40.4365208,-86.8934677,175.900,-0.436,1.630,0.000
64685,26914,18149,15151,0,0,0.11732,-1.35153,10.14423,-0.017044,-0.021305,-0.015979,-7.747,-0.671,-170.802,195.5478,-54.3528,10.9454,8952.5654,-2130.0493,385.1975,-0.0001971,0.0165392,-0.3585714,0.000000,0.000000,0.000000,0.00000,0.00000,0.000,0.000,0.000,0.000,0.000,-6.0000,0.0000,0.0000,6.0000,95.00,95.00,90.00,90.00,65535,65535,65535,1500,1,12,40.4365205,-86.8934675,176.000,-0.415,1.438,0.000
64741,27163,18174,15164,0,0,-0.16400,-1.60651,10.55364,0.045806,-0.012783,-0.022371,-7.741,-0.590,-169.829,195.5540,-54.3574,10.9794,8963.4814,-2133.0676,385.8174,-0.0001693,0.0165203,-0.3585321,0.000000,0.000000,0.000000,0.00000,0.00000,0.000,0.000,0.000,0.000,0.000,-6.0000,0.0000,0.0000,6.0000,95.00,95.00,90.00,90.00,65535,65535,65535,1500,1,12,40.4365205,-86.8934675,176.000,-0.415,1.438,0.000
64792,26146,18184,15169,0,0,-0.09697,-1.55025,10.26873,-0.014914,-0.010653,-0.013848,-7.701,-0.428,-168.550,195.5523,-54.3444,10.9978,8973.9824,-2135.9807,386.3300,-0.0001792,0.0164312,-0.3586383,0.000000,0.000000,0.000000,0.00000,0.00000,0.000,0.000,0.000,0.000,0.000,-6.0000,0.0000,0.0000,6.0000,95.00,95.00,90.00,90.00,65535,65535,65535,1500,1,12,40.4365213,-86.8934690,176.000,-0.276,0.997,0.000
64836,19639,18127,15101,0,0,0.62130,-1.63883,9.68455,0.000000,0.000000,-0.002131,-7.714,-0.375,-167.730,195.5570,-54.3484,11.0070,8982.4980,-2138.3464,386.8247,-0.0001715,0.0164469,-0.3586135,0.000000,0.000000,0.000000,0.00000,0.00000,0.000,0.000,0.000,0.000,0.000,-6.0000,0.0000,0.0000,6.0000,95.00,95.00,90.00,90.00,65535,65535,65535,1500,1,12,40.4365213,-86.8934690,176.000,-0.276,0.997,0.000
64886,26290,18190,15169,0,0,-0.44652,-1.19830,9.40203,0.013848,-0.012783,-0.014914,-7.682,-0.122,-166.600,195.5682,-54.3445,10.9901,8993.3213,-2141.3057,387.3493,-0.0001311,0.0162773,-0.3586607,0.000000,0.000000,0.000000,0.00000,0.00000,0.000,0.000,0.000,0.000,0.000,-6.0000,0.0000,0.0000,6.0000,95.00,95.00,90.00,90.00,65535,65535,65535,1500,1,11,40.4365212,-86.8934702,176.000,-0.217,0.757,0.000
64940,25829,18147,15117,0,0,0.69552,-1.79685,9.89164,0.006392,-0.005326,-0.004261,-7.740,-0.319,-165.861,195.5600,-54.3592,11.0199,9002.6152,-2143.9363,388.0150,-0.0001602,0.0165076,-0.3585249,0.000000,0.000000,0.000000,0.00000,0.00000,0.000,0.000,0.000,0.000,0.000,-6.0000,0.0000,0.0000,6.0000,95.00,95.00,90.00,90.00,65535,65535,65535,1500,1,11,40.4365212,-86.8934702,176.000,-0.217,0.757,0.000
64991,26484,18186,15155,0,0,0.40701,-1.09056,9.80904,-0.015979,0.002131,0.000000,-7.698,-0.428,-164.654,195.5343,-54.3482,11.0200,9011.6260,-2146.5200,388.5612,-0.0002545,0.0166815,-0.3585997,0.000000,0.000000,0.000000,0.00000,0.00000,0.000,0.000,0.000,0.000,0.000,-6.0000,0.0000,0.0000,6.0000,95.00,95.00,90.00,90.00,65535,65535,65535,1500,1,11,40.4365207,-86.8934698,176.000,-0.217,0.757,0.000
65058,39426,20978,17968,0,0,0.52912,-1.25576,10.57998,0.027697,-0.008522,-0.012783,-7.733,-0.571,-163.306,195.5050,-54.3470,11.0457,9022.9336,-2149.7485,389.2703,-0.0003051,0.0169040,-0.3586281,0.000000,0.000000,0.000000,0.00000,0.00000,0.000,0.000,0.000,0.000,0.000,-6.0000,0.0000,0.0000,6.0000,95.00,95.00,90.00,90.00,65535,65535,65535,1500,1,11,40.4365207,-86.8934698,176.000,-0.217,0.757,0.000
65089,27984,24295,21290,0,0,-0.20590,-0.90022,10.10952,-0.036219,-0.003196,0.010653,-7.667,-0.403,-162.413,195.5016,-54.3353,11.0515,9028.9473,-2151.4111,389.5270,-0.0003499,0.0167972,-0.3587452,0.000000,0.000000,0.000000,0.00000,0.00000,0.000,0.000,0.000,0.000,0.000,-6.0000,0.0000,0.0000,6.0000,95.00,95.00,90.00,90.00,65535,65535,65535,1500,1,11,40.4365202,-86.8934695,176.000,-0.222,0.680,0.000
65146,29919,20959,14688,0,0,0.17358,-1.51673,9.49421,-0.029827,-0.015979,0.001065,-7.832,-0.302,-161.461,195.5218,-54.3467,11.0711,9041.0176,-2154.7229,390.2361,-0.0002889,0.0167530,-0.3586330,0.000000,0.000000,0.000000,0.00000,0.00000,0.000,0.000,0.000,0.000,0.000,-6.0000,0.0000,0.0000,6.0000,95.00,95.00,90.00,90.00,65535,65535,65535,1500,1,11,40.4365202,-86.8934695,176.000,-0.222,0.680,0.000
65185,26339,33253,30266,0,0,0.27653,-1.29287,10.30584,-0.031958,-0.022371,0.003196,-7.847,-0.329,-160.781,195.5109,-54.3403,11.0852,9045.9531,-2156.1226,390.5105,-0.0003082,0.0167955,-0.3586858,0.000000,0.000000,0.000000,0.00000,0.00000,0.000,0.000,0.000,0.000,0.000,-6.0000,0.0000,0.0000,6.0000,95.00,95.00,90.00,90.00,65535,65535,65535,1500,1,11,40.4365202,-86.8934695,176.000,-0.222,0.680,0.000
65243,32460,19530,15276,0,0,0.20590,-1.50595,10.10233,-0.034088,-0.001065,0.003196,-7.823,-0.313,-159.323,195.5032,-54.3412,11.1012,9059.7441,-2159.9790,391.3214,-0.0003113,0.0168669,-0.3586780,0.000000,0.000000,0.000000,0.00000,0.00000,0.000,0.000,0.000,0.000,0.000,-6.0000,0.0000,0.0000,6.0000,95.00,95.00,90.00,90.00,65535,65535,65535,1500,1,11,40.4365202,-86.8934690,176.000,-0.184,0.686,0.000
65288,20092,18150,15142,0,0,0.69312,-1.20907,9.30507,-0.037284,-0.006392,-0.002131,-7.888,-0.477,-158.134,195.4733,-54.3244,11.1033,9067.5918,-2162.2629,391.8050,-0.0003402,0.0170904,-0.3587832,0.000000,0.000000,0.000000,0.00000,0.00000,0.000,0.000,0.000,0.000,0.000,-6.0000,0.0000,0.0000,6.0000,95.00,95.00,90.00,90.00,65535,65535,65535,1500,1,11,40.4365215,-86.8934707,176.000,-0.116,0.432,0.000
65339,25718,18201,15135,0,0,0.14245,-1.64960,9.70729,0.031958,-0.017044,-0.009587,-8.063,-0.568,-157.527,195.4866,-54.3425,11.1042,9076.9092,-2164.8552,392.4409,-0.0002618,0.0172179,-0.3586141,0.000000,0.000000,0.000000,0.00000,0.00000,0.000,0.000,0.000,0.000,0.000,-6.0000,0.0000,0.0000,6.0000,95.00,95.00,90.00,90.00,65535,65535,65535,1500,1,11,40.4365215,-86.8934707,176.000,-0.116,0.432,0.000
65394,26928,18246,15196,0,0,0.65242,-1.26653,9.26915,0.004261,-0.011718,0.004261,-7.954,-0.647,-156.075,195.4564,-54.3277,11.1080,9086.9639,-2167.7283,393.0133,-0.0003228,0.0173548,-0.3587434,0.000000,0.000000,0.000000,0.00000,0.00000,0.000,0.000,0.000,0.000,0.000,-6.0000,0.0000,0.0000,6.0000,95.00,95.00,90.00,90.00,65535,65535,65535,1500,1,11,40.4365215,-86.8934707,176.000,-0.115,0.427,0.000
65445,26330,18234,15204,0,0,0.62010,-1.69150,9.64624,-0.003196,-0.020240,-0.007457,-8.090,-0.849,-155.265,195.4502,-54.3346,11.1078,9095.8291,-2170.2458,393.6283,-0.0003007,0.0175760,-0.3586541,0.000000,0.000000,0.000000,0.00000,0.00000,0.000,0.000,0.000,0.000,0.000,-6.0000,0.0000,0.0000,6.0000,95.00,95.00,90.00,90.00,65535,65535,65535,1500,1,11,40.4365215,-86.8934707,176.000,-0.115,0.427,0.000
65495,25896,18274,15223,0,0,0.59376,-1.10014,9.02015,-0.004261,-0.026632,0.000000,-8.178,-0.968,-154.230,195.4388,-54.3324,11.0965,9105.0059,-2172.8433,394.1953,-0.0003007,0.0177091,-0.3586564,0.000000,0.000000,0.000000,0.00000,0.00000,0.000,0.000,0.000,0.000,0.000,-6.0000,0.0000,0.0000,6.0000,95.00,95.00,90.00,90.00,65535,65535,65535,1500,1,11,40.4365218,-86.8934707,176.000,-0.104,0.388,0.000
65535,24461,33394,30338,0,0,0.33040,-2.02909,10.03649,0.026632,-0.022371,0.004261,-8.300,-1.054,-154.153,195.4573,-54.3490,11.1116,9109.4326,-2174.0601,394.5393,-0.0002527,0.0177911,-0.3584859,0.000000,0.000000,0.000000,0.00000,0.00000,0.000,0.000,0.000,0.000,0.000,-6.0000,0.0000,0.0000,6.0000,95.00,95.00,90.00,90.00,65535,65535,65535,1500,1,11,40.4365218,-86.8934707,176.000,-0.104,0.388,0.000
65598,40654,18813,15379,0,0,0.22865,-0.94930,9.24641,-0.030893,-0.012783,0.003196,-8.099,-0.960,-151.796,195.4121,-54.3276,11.0680,9124.4893,-2178.3210,395.2792,-0.0003474,0.0177888,-0.3587930,0.000000,0.000000,0.000000,0.00000,0.00000,0.000,0.000,0.000,0.000,0.000,-6.0000,0.0000,0.0000,6.0000,95.00,95.00,90.00,90.00,65535,65535,65535,1500,1,11,40.4365218,-86.8934707,176.000,-0.104,0.388,0.000
65648,26028,18211,15190,0,0,0.49680,-1.74896,9.90361,-0.037284,-0.009587,0.004261,-8.075,-0.922,-150.296,195.3813,-54.3089,11.0743,9134.2422,-2181.0879,395.7780,-0.0003908,0.0178262,-0.3589701,0.000000,0.000000,0.000000,0.00000,0.00000,0.000,0.000,0.000,0.000,0.000,-6.0000,0.0000,0.0000,6.0000,95.00,95.00,90.00,90.00,65535,65535,65535,1500,1,11,40.4365218,-86.8934707,176.000,-0.104,0.388,0.000
65699,26447,18285,15220,0,0,-0.00120,-1.60292,10.60751,0.007457,-0.021305,-0.011718,-8.006,-0.612,-149.256,195.4003,-54.3116,11.0777,9145.4551,-2184.1155,396.3212,-0.0004041,0.0175579,-0.3589723,0.000000,0.000000,0.000000,0.00000,0.00000,0.000,0.000,0.000,0.000,0.000,-6.0000,0.0000,0.0000,6.0000,95.00,95.00,90.00,90.00,65535,65535,65535,1500,1,11,40.4365215,-86.8934710,176.200,0.211,0.011,0.000
65743,19718,18194,15185,0,0,0.13527,-1.49518,9.83418,0.013848,-0.030893,-0.011718,-7.881,-0.627,-147.984,195.3746,-54.2975,11.0901,9153.8633,-2186.4998,396.7556,-0.0004406,0.0175920,-0.3591189,0.000000,0.000000,0.000000,0.00000,0.00000,0.000,0.000,0.000,0.000,0.000,-6.0000,0.0000,0.0000,6.0000,95.00,95.00,90.00,90.00,65535,65535,65535,1500,1,11,40.4365215,-86.8934710,176.200,0.211,0.011,0.000
65799,30530,19164,15323,0,0,-0.66918,-0.80445,10.07121,-0.004261,-0.025566,-0.008522,-7.907,-0.698,-146.699,195.3648,-54.2907,11.0887,9164.0986,-2189.3911,397.3454,-0.0004528,0.0176852,-0.3591813,0.000000,0.000000,0.000000,0.00000,0.00000,0.000,0.000,0.000,0.000,0.000,-6.0000,0.0000,0.0000,6.0000,95.00,95.00,90.00,90.00,65535,65535,65535,1500,1,11,40.4365215,-86.8934703,176.200,0.267,0.014,0.000
65832,25364,27159,24096,0,0,0.30765,-1.58376,10.09515,0.025566,-0.027697,-0.006392,-7.924,-0.761,-146.327,195.3688,-54.2952,11.1008,9168.7939,-2190.7012,397.6532,-0.0004466,0.0177432,-0.3591254,0.000000,0.000000,0.000000,0.00000,0.00000,0.000,0.000,0.000,0.000,0.000,-6.0000,0.0000,0.0000,6.0000,95.00,95.00,90.00,90.00,65535,65535,65535,1500,1,11,40.4365215,-86.8934703,176.200,0.267,0.014,0.000
65883,26509,18311,15246,0,0,0.10295,-1.92614,10.33337,-0.011718,-0.019175,-0.004261,-8.094,-0.727,-145.513,195.3982,-54.3088,11.1340,9180.6016,-2193.9382,398.3829,-0.0004177,0.0177332,-0.3589599,0.000000,0.000000,0.000000,0.00000,0.00000,0.000,0.000,0.000,0.000,0.000,-6.0000,0.0000,0.0000,6.0000,95.00,95.00,90.00,90.00,65535,65535,65535,1500,1,11,40.4365213,-86.8934702,176.200,0.211,0.011,0.000
65933,25292,18248,15211,0,0,0.16400,-0.75657,10.49379,-0.017044,-0.023436,0.002131,-7.809,-0.464,-143.613,195.3575,-54.2814,11.1622,9191.1172,-2196.8821,398.7863,-0.0004530,0.0175371,-0.3593027,0.000000,0.000000,0.000000,0.00000,0.00000,0.000,0.000,0.000,0.000,0.000,-6.0000,0.0000,0.0000,6.0000,95.00,95.00,90.00,90.00,65535,65535,65535,1500,1,11,40.4365213,-86.8934702,176.200,0.211,0.011,0.000
66001,23729,18254,15247,0,0,0.67516,-1.78967,9.87848,-0.005326,-0.018109,0.006392,-7.948,-1.019,-142.668,195.3465,-54.2880,11.1736,9202.0039,-2200.0327,399.6580,-0.0004996,0.0180506,-0.3591282,0.000000,0.000000,0.000000,0.00000,0.00000,0.000,0.000,0.000,0.000,0.000,-6.0000,0.0000,0.0000,6.0000,95.00,95.00,90.00,90.00,65535,65535,65535,1500,1,11,40.4365218,-86.8934705,176.300,0.288,0.015,0.000
66041,24395,33408,30393,0,0,0.57461,-1.20787,9.97784,-0.021305,-0.015979,0.007457,-7.937,-1.070,-141.923,195.3239,-54.2793,11.1778,9206.3340,-2201.2849,399.8991,-0.0005211,0.0181278,-0.3592206,0.000000,0.000000,0.000000,0.00000,0.00000,0.000,0.000,0.000,0.000,0.000,-6.0000,0.0000,0.0000,6.0000,95.00,95.00,90.00,90.00,65535,65535,65535,1500,1,11,40.4365218,-86.8934705,176.300,0.288,0.015,0.000
66106,38728,20611,17587,0,0,-0.28371,-1.33956,8.93037,-0.004261,-0.020240,0.006392,-8.137,-1.084,-140.790,195.3428,-54.2915,11.1600,9221.3428,-2205.4346,400.8617,-0.0004956,0.0182159,-0.3590215,0.000000,0.000000,0.000000,0.00000,0.00000,0.000,0.000,0.000,0.000,0.000,-6.0000,0.0000,0.0000,6.0000,95.00,95.00,90.00,90.00,65535,65535,65535,1500,1,10,40.4365223,-86.8934715,176.300,0.298,0.016,0.000
66137,21657,29627,21725,0,0,0.82839,-1.80164,9.97664,-0.037284,-0.018109,0.001065,-8.288,-1.268,-140.560,195.3453,-54.2951,11.1705,9224.7637,-2206.4221,401.1497,-0.0004869,0.0183960,-0.3589381,0.000000,0.000000,0.000000,0.00000,0.00000,0.000,0.000,0.000,0.000,0.000,-6.0000,0.0000,0.0000,6.0000,95.00,95.00,90.00,90.00,65535,65535,65535,1500,1,10,40.4365223,-86.8934715,176.300,0.298,0.016,0.000
66203,23696,18238,15266,0,0,0.52672,-1.34195,10.63265,0.005326,-0.004261,-0.004261,-8.239,-1.118,-138.709,195.3282,-54.2888,11.2031,9239.9102,-2210.6509,401.9685,-0.0005059,0.0183687,-0.3590456,0.000000,0.000000,0.000000,0.00000,0.00000,0.000,0.000,0.000,0.000,0.000,-6.0000,0.0000,0.0000,6.0000,95.00,95.00,90.00,90.00,65535,65535,65535,1500,1,10,40.4365213,-86.8934703,176.300,0.159,0.008,0.000
66243,24432,33392,30338,0,0,-0.34237,-1.41018,10.06044,0.012783,-0.018109,0.263120,-8.224,-0.909,-137.884,195.3421,-54.2921,11.2114,9245.3105,-2212.1060,402.2411,-0.0004956,0.0182422,-0.3590262,0.000000,0.000000,0.000000,0.00000,0.00000,0.000,0.000,0.000,0.000,0.000,-6.0000,0.0000,0.0000,6.0000,95.00,95.00,90.00,90.00,65535,65535,65535,1500,1,10,40.4365213,-86.8934703,176.300,0.159,0.008,0.000
66302,34764,18389,15342,0,0,0.09577,-1.58736,10.23162,0.010653,-0.011718,0.005326,-8.255,-1.052,-136.558,195.3298,-54.2993,11.2473,9258.9336,-2215.9363,403.1247,-0.0005042,0.0184438,-0.3589447,0.000000,0.000000,0.000000,0.00000,0.00000,0.000,0.000,0.000,0.000,0.000,-6.0000,0.0000,0.0000,6.0000,95.00,95.00,90.00,90.00,65535,65535,65535,1500,1,10,40.4365213,-86.8934703,176.300,0.159,0.008,0.000
66333,24595,25016,21990,0,0,-0.44652,-1.79206,10.78708,-0.001065,-0.012783,-0.012783,-8.319,-0.893,-136.293,195.3585,-54.3069,11.2764,9264.4678,-2217.4077,403.4284,-0.0004637,0.0183156,-0.3588538,0.000000,0.000000,0.000000,0.00000,0.00000,0.000,0.000,0.000,0.000,0.000,-6.0000,0.0000,0.0000,6.0000,95.00,95.00,90.00,90.00,65535,65535,65535,1500,1,10,40.4365213,-86.8934703,176.300,0.159,0.008,0.000
66383,25260,18229,15195,0,0,-0.06225,-1.32519,10.51294,0.031958,-0.008522,0.000000,-8.190,-0.761,-134.824,195.3395,-54.3005,11.2943,9275.6572,-2220.5334,404.0106,-0.0004788,0.0182576,-0.3589781,0.000000,0.000000,0.000000,0.00000,0.00000,0.000,0.000,0.000,0.000,0.000,-6.0000,0.0000,0.0000,6.0000,95.00,95.00,90.00,90.00,65535,65535,65535,1500,1,10,40.4365213,-86.8934703,176.300,0.159,0.008,0.000
66450,18983,18121,15119,0,0,0.07183,-1.62327,9.62589,0.030893,-0.009587,-0.004261,-8.038,-0.578,-133.172,195.3275,-54.2976,11.3125,9289.1260,-2224.2842,404.7211,-0.0004898,0.0181798,-0.3590957,0.000000,0.000000,0.000000,0.00000,0.00000,0.000,0.000,0.000,0.000,0.000,-6.0000,0.0000,0.0000,6.0000,95.00,95.00,90.00,90.00,65535,65535,65535,1500,1,11,40.4365187,-86.8934655,176.500,-0.170,0.577,0.000
66501,26551,18257,15211,0,0,0.86550,-1.56820,9.83418,-0.008522,-0.004261,-0.013848,-8.145,-0.773,-132.373,195.3235,-54.2993,11.3172,9297.9639,-2226.7942,405.3463,-0.0005249,0.0184106,-0.3590152,0.000000,0.000000,0.000000,0.00000,0.00000,0.000,0.000,0.000,0.000,0.000,-6.0000,0.0000,0.0000,6.0000,95.00,95.00,90.00,90.00,65535,65535,65535,1500,1,11,40.4365182,-86.8934643,176.500,-0.166,0.584,0.000
66541,24402,33324,30322,0,0,-0.34477,-1.09654,9.17099,-0.038350,0.003196,0.001065,-8.140,-0.566,-131.708,195.3211,-54.2983,11.3009,9303.3350,-2228.2607,405.5870,-0.0005213,0.0182728,-0.3590772,0.000000,0.000000,0.000000,0.00000,0.00000,0.000,0.000,0.000,0.000,0.000,-6.0000,0.0000,0.0000,6.0000,95.00,95.00,90.00,90.00,65535,65535,65535,1500,1,11,40.4365182,-86.8934643,176.500,-0.166,0.584,0.000
66606,38254,20727,17722,0,0,0.64524,-1.72143,9.91559,-0.030893,-0.021305,-0.019175,-8.267,-0.849,-130.523,195.3094,-54.3080,11.3261,9317.1855,-2232.1716,406.5458,-0.0005476,0.0185772,-0.3589424,0.000000,0.000000,0.000000,0.00000,0.00000,0.000,0.000,0.000,0.000,0.000,-6.0000,0.0000,0.0000,6.0000,95.00,95.00,90.00,90.00,65535,65535,65535,1500,1,11,40.4365182,-86.8934643,176.500,-0.166,0.584,0.000
66635,31218,18736,15414,0,0,0.31484,-1.04507,9.17937,-0.012783,-0.018109,-0.001065,-8.211,-0.839,-129.600,195.2845,-54.3028,11.3057,9323.0049,-2233.8311,406.8564,-0.0005810,0.0186016,-0.3590539,0.000000,0.000000,0.000000,0.00000,0.00000,0.000,0.000,0.000,0.000,0.000,-6.0000,0.0000,0.0000,6.0000,95.00,95.00,90.00,90.00,65535,65535,65535,1500,1,10,40.4365173,-86.8934592,176.900,-0.166,0.584,0.000
66685,25852,18239,15199,0,0,0.19273,-1.58496,10.40281,0.008522,-0.013848,-0.012783,-8.078,-0.793,-128.209,195.2517,-54.2940,11.3139,9332.6465,-2236.5605,407.3705,-0.0006232,0.0186116,-0.3592036,0.000000,0.000000,0.000000,0.00000,0.00000,0.000,0.000,0.000,0.000,0.000,-6.0000,0.0000,0.0000,6.0000,95.00,95.00,90.00,90.00,65535,65535,65535,1500,1,10,40.4365173,-86.8934592,176.900,-0.166,0.584,0.000
66737,26076,18233,15201,0,0,0.43814,-1.54785,9.68215,-0.052198,-0.025566,-0.009587,-8.051,-0.819,-126.715,195.2081,-54.2839,11.3188,9342.1406,-2239.2742,407.8773,-0.0006695,0.0186612,-0.3593942,0.000000,0.000000,0.000000,0.00000,0.00000,0.000,0.000,0.000,0.000,0.000,-6.0000,0.0000,0.0000,6.0000,95.00,95.00,90.00,90.00,65535,65535,65535,1500,1,10,40.4365172,-86.8934577,177.100,-0.134,0.947,0.000
66787,26046,18263,15210,0,0,0.21668,-1.51912,9.94911,-0.019175,-0.024501,-0.011718,-7.926,-0.722,-125.084,195.1603,-54.2728,11.3194,9351.9180,-2242.0500,408.3450,-0.0007134,0.0186036,-0.3596389,0.000000,0.000000,0.000000,0.00000,0.00000,0.000,0.000,0.000,0.000,0.000,-6.0000,0.0000,0.0000,6.0000,95.00,95.00,90.00,90.00,65535,65535,65535,1500,1,10,40.4365172,-86.8934577,177.100,-0.134,0.947,0.000
66843,29272,19943,15316,0,0,0.27653,-1.01634,9.98981,-0.004261,-0.012783,-0.010653,-7.957,-0.646,-124.064,195.1687,-54.2750,11.3536,9362.7510,-2245.0435,408.9701,-0.0007110,0.0185659,-0.3596143,0.000000,0.000000,0.000000,0.00000,0.00000,0.000,0.000,0.000,0.000,0.000,-6.0000,0.0000,0.0000,6.0000,95.00,95.00,90.00,90.00,65535,65535,65535,1500,1,10,40.4365168,-86.8934560,177.100,-0.126,0.995,0.000
66887,19671,18187,15180,0,0,0.55426,-1.67474,9.49899,0.020240,-0.019175,-0.015979,-7.921,-0.691,-123.186,195.1700,-54.2731,11.3599,9371.3672,-2247.4563,409.4990,-0.0007158,0.0186326,-0.3596025,0.000000,0.000000,0.000000,0.00000,0.00000,0.000,0.000,0.000,0.000,0.000,-6.0000,0.0000,0.0000,6.0000,95.00,95.00,90.00,90.00,65535,65535,65535,1500,1,10,40.4365168,-86.8934560,177.100,-0.126,0.995,0.000
66941,28243,18259,15208,0,0,-0.11013,-1.53947,10.58117,0.000000,-0.019175,-0.027697,-7.893,-0.596,-122.279,195.1860,-54.2748,11.4013,9382.1250,-2250.4128,410.1226,-0.0006956,0.0185785,-0.3595496,0.000000,0.000000,0.000000,0.00000,0.00000,0.000,0.000,0.000,0.000,0.000,-6.0000,0.0000,0.0000,6.0000,95.00,95.00,90.00,90.00,65535,65535,65535,1500,1,10,40.4365147,-86.8934515,177.200,-0.272,1.299,0.000
66991,26292,18222,15193,0,0,0.70749,-1.60292,9.78271,-0.022371,-0.021305,-0.013848,-7.895,-0.812,-121.336,195.1722,-54.2719,11.4100,9391.0156,-2252.9465,410.7241,-0.0007369,0.0187842,-0.3595340,0.000000,0.000000,0.000000,0.00000,0.00000,0.000,0.000,0.000,0.000,0.000,-6.0000,0.0000,0.0000,6.0000,95.00,95.00,90.00,90.00,65535,65535,65535,1500,1,10,40.4365147,-86.8934515,177.200,-0.272,1.299,0.000
67064,43370,22431,15463,0,0,0.04070,-1.91297,9.37928,0.010653,-0.019175,-0.020240,-8.141,-0.863,-120.923,195.2430,-54.2760,11.4108,9404.7764,-2256.6611,411.6571,-0.0006778,0.0188237,-0.3591642,0.000000,0.000000,0.000000,0.00000,0.00000,0.000,0.000,0.000,0.000,0.000,-6.0000,0.0000,0.0000,6.0000,95.00,95.00,90.00,90.00,65535,65535,65535,1500,1,9,40.4365135,-86.8934503,177.300,-0.272,1.299,0.000
67094,28712,24404,21396,0,0,0.19034,-1.27372,9.33619,-0.028762,-0.010653,-0.010653,-8.175,-0.836,-120.276,195.2360,-54.2752,11.3992,9410.2900,-2258.2065,411.9736,-0.0006843,0.0188320,-0.3591927,0.000000,0.000000,0.000000,0.00000,0.00000,0.000,0.000,0.000,0.000,0.000,-6.0000,0.0000,0.0000,6.0000,95.00,95.00,90.00,90.00,65535,65535,65535,1500,1,9,40.4365135,-86.8934503,177.300,-0.272,1.299,0.000
67145,25766,18231,15182,0,0,0.38547,-1.12767,9.80066,0.008522,-0.006392,-0.004261,-8.126,-0.925,-118.994,195.2086,-54.2725,11.4011,9420.5303,-2261.1255,412.6184,-0.0007301,0.0189979,-0.3592449,0.000000,0.000000,0.000000,0.00000,0.00000,0.000,0.000,0.000,0.000,0.000,-6.0000,0.0000,0.0000,6.0000,95.00,95.00,90.00,90.00,65535,65535,65535,1500,1,10,40.4365110,-86.8934433,177.600,-0.585,1.605,0.000
67196,30909,18246,15184,0,0,-0.07901,-0.96845,9.93474,-0.008522,0.007457,-0.007457,-8.142,-0.723,-117.917,195.2128,-54.2752,11.4116,9430.6670,-2263.9277,413.1711,-0.0007299,0.0189104,-0.3592750,0.000000,0.000000,0.000000,0.00000,0.00000,0.000,0.000,0.000,0.000,0.000,-6.0000,0.0000,0.0000,6.0000,95.00,95.00,90.00,90.00,65535,65535,65535,1500,1,10,40.4365110,-86.8934433,177.600,-0.585,1.605,0.000
67236,24961,33376,30320,0,0,0.79847,-1.32280,9.44752,-0.045806,0.012783,-0.004261,-8.202,-0.838,-117.276,195.1871,-54.2701,11.4046,9434.6182,-2265.0989,413.4452,-0.0007521,0.0190803,-0.3593319,0.000000,0.000000,0.000000,0.00000,0.00000,0.000,0.000,0.000,0.000,0.000,-6.0000,0.0000,0.0000,6.0000,95.00,95.00,90.00,90.00,65535,65535,65535,1500,1,10,40.4365088,-86.8934350,177.900,-0.585,1.605,0.000
67298,33835,18322,15242,0,0,-0.47645,-1.55863,10.34175,0.010653,-0.006392,-0.010653,-8.262,-0.525,-115.861,195.2172,-54.2675,11.4461,9450.5996,-2269.4683,414.3408,-0.0007340,0.0189140,-0.3592693,0.000000,0.000000,0.000000,0.00000,0.00000,0.000,0.000,0.000,0.000,0.000,-6.0000,0.0000,0.0000,6.0000,95.00,95.00,90.00,90.00,65535,65535,65535,1500,1,10,40.4365088,-86.8934350,177.900,-0.585,1.605,0.000
67343,19717,18256,15215,0,0,0.13048,-0.70749,9.89045,0.027697,-0.008522,-0.015979,-7.952,-0.506,-114.112,195.1284,-54.2593,11.4537,9458.3066,-2271.7607,414.7211,-0.0008513,0.0189688,-0.3596131,0.000000,0.000000,0.000000,0.00000,0.00000,0.000,0.000,0.000,0.000,0.000,-6.0000,0.0000,0.0000,6.0000,95.00,95.00,90.00,90.00,65535,65535,65535,1500,1,10,40.4365122,-86.8934377,178.100,-0.585,1.605,0.000
67393,25931,18253,15206,0,0,0.23942,-1.11690,10.35971,0.045806,-0.012783,-0.004261,-7.869,-0.543,-113.167,195.1304,-54.2590,11.4704,9467.8574,-2274.4275,415.3143,-0.0008533,0.0190370,-0.3595862,0.000000,0.000000,0.000000,0.00000,0.00000,0.000,0.000,0.000,0.000,0.000,-6.0000,0.0000,0.0000,6.0000,95.00,95.00,90.00,90.00,65535,65535,65535,1500,1,10,40.4365122,-86.8934377,178.100,-0.585,1.605,0.000
67444,25975,18207,15190,0,0,0.76255,-1.54426,9.69293,0.013848,-0.020240,-0.005326,-7.928,-0.571,-112.313,195.1448,-54.2582,11.4922,9477.7627,-2277.1658,415.9339,-0.0008417,0.0190807,-0.3595110,0.000000,0.000000,0.000000,0.00000,0.00000,0.000,0.000,0.000,0.000,0.000,-6.0000,0.0000,0.0000,6.0000,95.00,95.00,90.00,90.00,65535,65535,65535,1500,1,10,40.4365112,-86.8934355,178.200,-0.585,1.605,0.000
67499,26343,18262,15217,0,0,0.09457,-1.58017,9.20451,0.013848,-0.028762,0.003196,-7.996,-0.434,-111.481,195.1849,-54.2589,11.5018,9489.3086,-2280.2874,416.6030,-0.0007665,0.0189702,-0.3593847,0.000000,0.000000,0.000000,0.00000,0.00000,0.000,0.000,0.000,0.000,0.000,-6.0000,0.0000,0.0000,6.0000,95.00,95.00,90.00,90.00,65535,65535,65535,1500,1,10,40.4365112,-86.8934355,178.200,-0.585,1.605,0.000
67539,24974,33328,30272,0,0,-0.42258,-1.20548,10.48062,0.071373,-0.033023,-0.012783,-7.832,-0.270,-110.696,195.1712,-54.2612,11.5169,9494.6748,-2281.7756,416.8337,-0.0007349,0.0188328,-0.3594926,0.000000,0.000000,0.000000,0.00000,0.00000,0.000,0.000,0.000,0.000,0.000,-6.0000,0.0000,0.0000,6.0000,95.00,95.00,90.00,90.00,65535,65535,65535,1500,1,10,40.4365117,-86.8934357,178.300,-0.585,1.605,0.000
67597,36539,18351,15310,0,0,0.22505,-1.02831,9.47026,0.008522,-0.024501,-0.008522,-7.709,-0.353,-108.702,195.1200,-54.2647,11.4729,9507.9971,-2285.5950,417.6108,-0.0008206,0.0189376,-0.3596830,0.000000,0.000000,0.000000,0.00000,0.00000,0.000,0.000,0.000,0.000,0.000,-6.0000,0.0000,0.0000,6.0000,95.00,95.00,90.00,90.00,65535,65535,65535,1500,1,10,40.4365117,-86.8934357,178.300,-0.585,1.605,0.000
67648,26304,18245,15200,0,0,-0.19393,-1.78847,9.90481,-0.034088,-0.019175,0.008522,-7.873,-0.533,-107.878,195.1296,-54.2584,11.4758,9517.3232,-2288.2058,418.2580,-0.0008583,0.0191177,-0.3595809,0.000000,0.000000,0.000000,0.00000,0.00000,0.000,0.000,0.000,0.000,0.000,-6.0000,0.0000,0.0000,6.0000,95.00,95.00,90.00,90.00,65535,65535,65535,1500,1,10,40.4365125,-86.8934367,178.300,-0.585,1.605,0.000
67684,28139,25528,17088,0,0,0.50039,-1.79206,9.32901,0.007457,-0.026632,-0.001065,-8.013,-0.713,-107.778,195.1620,-54.2546,11.4723,9522.5117,-2289.6172,418.6704,-0.0008582,0.0192664,-0.3593930,0.000000,0.000000,0.000000,0.00000,0.00000,0.000,0.000,0.000,0.000,0.000,-6.0000,0.0000,0.0000,6.0000,95.00,95.00,90.00,90.00,65535,65535,65535,1500,1,10,40.4365125,-86.8934367,178.300,-0.585,1.605,0.000
67734,25344,18228,15202,0,0,0.09816,-1.30963,10.57639,-0.001065,-0.024501,0.000000,-7.895,-0.737,-106.574,195.1581,-54.2549,11.5090,9533.5781,-2292.7063,419.3387,-0.0008725,0.0193054,-0.3593901,0.000000,0.000000,0.000000,0.00000,0.00000,0.000,0.000,0.000,0.000,0.000,-6.0000,0.0000,0.0000,6.0000,95.00,95.00,90.00,90.00,65535,65535,65535,1500,1,10,40.4365138,-86.8934400,178.300,-0.208,0.570,0.000
67798,19510,18212,15175,0,0,-0.68953,-1.41258,9.81503,0.030893,-0.022371,0.007457,-7.852,-0.565,-105.247,195.1705,-54.2588,11.5173,9546.5742,-2296.2791,420.0593,-0.0008105,0.0191999,-0.3593868,0.000000,0.000000,0.000000,0.00000,0.00000,0.000,0.000,0.000,0.000,0.000,-6.0000,0.0000,0.0000,6.0000,95.00,95.00,90.00,90.00,65535,65535,65535,1500,1,10,40.4365132,-86.8934395,178.300,-0.208,0.570,0.000
67849,26101,18267,15229,0,0,0.06823,-0.81163,10.51174,-0.035154,-0.025566,0.017044,-7.632,-0.663,-103.575,195.1043,-54.2599,11.5359,9555.2998,-2298.8513,420.5588,-0.0009125,0.0193037,-0.3596280,0.000000,0.000000,0.000000,0.00000,0.00000,0.000,0.000,0.000,0.000,0.000,-6.0000,0.0000,0.0000,6.0000,95.00,95.00,90.00,90.00,65535,65535,65535,1500,1,9,40.4365132,-86.8934395,178.200,-0.208,0.570,0.000
67907,30584,21675,15325,0,0,0.31005,-1.17196,9.36612,0.002131,-0.036219,-0.006392,-7.555,-0.881,-102.454,195.0901,-54.2570,11.5458,9565.1035,-2301.6375,421.2116,-0.0009926,0.0194705,-0.3596277,0.000000,0.000000,0.000000,0.00000,0.00000,0.000,0.000,0.000,0.000,0.000,-6.0000,0.0000,0.0000,6.0000,95.00,95.00,90.00,90.00,65535,65535,65535,1500,1,9,40.4365132,-86.8934412,178.200,-0.111,0.305,0.000
67938,27889,24868,21815,0,0,0.27414,-1.51553,9.81264,-0.015979,-0.024501,-0.004261,-7.643,-0.941,-102.120,195.1078,-54.2543,11.5518,9570.5225,-2303.1187,421.5767,-0.0010021,0.0195171,-0.3595351,0.000000,0.000000,0.000000,0.00000,0.00000,0.000,0.000,0.000,0.000,0.000,-6.0000,0.0000,0.0000,6.0000,95.00,95.00,90.00,90.00,65535,65535,65535,1500,1,9,40.4365132,-86.8934412,178.200,-0.111,0.305,0.000
67982,24771,18240,15183,0,0,0.17957,-1.10014,9.53611,-0.015979,-0.023436,0.012783,-7.614,-0.885,-100.771,195.0846,-54.2569,11.5430,9580.2666,-2305.8689,422.1181,-0.0010039,0.0194978,-0.3596376,0.000000,0.000000,0.000000,0.00000,0.00000,0.000,0.000,0.000,0.000,0.000,-6.0000,0.0000,0.0000,6.0000,95.00,95.00,90.00,90.00,65535,65535,65535,1500,1,9,40.4365132,-86.8934412,178.200,-0.111,0.305,0.000
68053,39509,23640,20600,0,0,0.23942,-1.49159,9.31823,-0.021305,-0.005326,0.012783,-7.706,-0.841,-99.678,195.1074,-54.2542,11.5613,9593.1318,-2309.3972,422.9130,-0.0009927,0.0195075,-0.3595265,0.000000,0.000000,0.000000,0.00000,0.00000,0.000,0.000,0.000,0.000,0.000,-6.0000,0.0000,0.0000,6.0000,95.00,95.00,90.00,90.00,65535,65535,65535,1500,1,9,40.4365120,-86.8934405,178.200,-0.104,0.285,0.000
68089,29904,30224,27219,0,0,0.41061,-1.95367,9.66180,0.037284,-0.015979,-0.002131,-7.831,-0.990,-99.781,195.1624,-54.2438,11.5700,9599.0713,-2310.9561,423.3866,-0.0010064,0.0196264,-0.3592469,0.000000,0.000000,0.000000,0.00000,0.00000,0.000,0.000,0.000,0.000,0.000,-6.0000,0.0000,0.0000,6.0000,95.00,95.00,90.00,90.00,65535,65535,65535,1500,1,9,40.4365120,-86.8934405,178.200,-0.104,0.285,0.000
68144,20962,18151,15146,0,0,0.21668,-1.58736,10.28429,0.002131,-0.033023,-0.014914,-7.766,-1.156,-98.338,195.1456,-54.2520,11.5569,9611.2031,-2314.3989,424.1588,-0.0010727,0.0197756,-0.3592840,0.000000,0.000000,0.000000,0.00000,0.00000,0.000,0.000,0.000,0.000,0.000,-6.0000,0.0000,0.0000,6.0000,95.00,95.00,90.00,90.00,65535,65535,65535,1500,1,9,40.4365113,-86.8934377,178.200,-0.213,0.585,0.000
68194,25832,18254,15243,0,0,-0.37230,-0.76016,9.13867,-0.045806,-0.023436,0.007457,-7.695,-1.016,-96.614,195.0886,-54.2638,11.5467,9620.6875,-2317.1375,424.6243,-0.0010787,0.0196966,-0.3595412,0.000000,0.000000,0.000000,0.00000,0.00000,0.000,0.000,0.000,0.000,0.000,-6.0000,0.0000,0.0000,6.0000,95.00,95.00,90.00,90.00,65535,65535,65535,1500,1,9,40.4365110,-86.8934357,178.200,0.009,0.802,0.000
68238,19690,18196,15172,0,0,-0.21428,-1.02472,9.92037,0.037284,-0.012783,0.007457,-7.671,-0.868,-95.654,195.0908,-54.2685,11.5786,9629.7256,-2319.6277,425.1230,-0.0010536,0.0196102,-0.3595511,0.000000,0.000000,0.000000,0.00000,0.00000,0.000,0.000,0.000,0.000,0.000,-6.0000,0.0000,0.0000,6.0000,95.00,95.00,90.00,90.00,65535,65535,65535,1500,1,9,40.4365110,-86.8934357,178.200,0.009,0.802,0.000
68306,40151,21986,18969,0,0,-0.13168,-1.19112,9.24042,0.001065,-0.011718,0.001065,-7.631,-0.550,-94.176,195.0962,-54.2728,11.5798,9643.3203,-2323.3630,425.8257,-0.0009873,0.0193882,-0.3596077,0.000000,0.000000,0.000000,0.00000,0.00000,0.000,0.000,0.000,0.000,0.000,-6.0000,0.0000,0.0000,6.0000,95.00,95.00,90.00,90.00,65535,65535,65535,1500,1,9,40.4365102,-86.8934318,178.200,0.125,1.052,0.000
68342,31904,25705,16888,0,0,0.05148,-1.54067,10.02213,-0.020240,-0.009587,-0.008522,-7.725,-0.530,-93.716,195.1124,-54.2693,11.5922,9649.7383,-2325.1116,426.2258,-0.0009803,0.0193918,-0.3595353,0.000000,0.000000,0.000000,0.00000,0.00000,0.000,0.000,0.000,0.000,0.000,-6.0000,0.0000,0.0000,6.0000,95.00,95.00,90.00,90.00,65535,65535,65535,1500,1,9,40.4365102,-86.8934318,178.200,0.125,1.052,0.000
68393,26224,18232,15202,0,0,0.42497,-1.74537,9.38647,0.023436,-0.019175,-0.009587,-7.834,-0.519,-93.183,195.1736,-54.2536,11.6041,9661.8701,-2328.3503,427.0039,-0.0009506,0.0193847,-0.3592870,0.000000,0.000000,0.000000,0.00000,0.00000,0.000,0.000,0.000,0.000,0.000,-6.0000,0.0000,0.0000,6.0000,95.00,95.00,90.00,90.00,65535,65535,65535,1500,1,9,40.4365098,-86.8934293,178.200,0.191,1.089,0.000
68437,19687,18155,15150,0,0,0.29090,-2.06620,9.87010,0.005326,-0.013848,-0.020240,-8.046,-0.572,-93.228,195.2635,-54.2346,11.6260,9671.4570,-2330.8289,427.6661,-0.0009097,0.0194070,-0.3589323,0.000000,0.000000,0.000000,0.00000,0.00000,0.000,0.000,0.000,0.000,0.000,-6.0000,0.0000,0.0000,6.0000,95.00,95.00,90.00,90.00,65535,65535,65535,1500,1,9,40.4365098,-86.8934293,178.200,0.191,1.089,0.000
68488,26406,18205,15174,0,0,0.56862,-1.34195,8.76517,-0.015979,-0.007457,-0.020240,-8.018,-0.759,-92.320,195.2506,-54.2257,11.5837,9680.2754,-2333.3391,428.2852,-0.0009928,0.0196176,-0.3589092,0.000000,0.000000,0.000000,0.00000,0.00000,0.000,0.000,0.000,0.000,0.000,-6.0000,0.0000,0.0000,6.0000,95.00,95.00,90.00,90.00,65535,65535,65535,1500,1,9,40.4365095,-86.8934283,178.200,0.174,0.925,0.000
68560,43386,23092,15415,0,0,0.65122,-0.99359,9.41999,-0.003196,0.000000,-0.024501,-7.936,-0.864,-90.942,195.2304,-54.2315,11.5790,9692.3418,-2336.7783,429.0746,-0.0010828,0.0198046,-0.3589457,0.000000,0.000000,0.000000,0.00000,0.00000,0.000,0.000,0.000,0.000,0.000,-6.0000,0.0000,0.0000,6.0000,95.00,95.00,90.00,90.00,65535,65535,65535,1500,1,9,40.4365095,-86.8934283,178.200,0.174,0.925,0.000
68596,29271,30064,26983,0,0,-0.30646,-1.44370,10.70208,0.022371,0.001065,-0.028762,-7.894,-0.684,-90.281,195.2307,-54.2344,11.6063,9698.5439,-2338.4844,429.3864,-0.0010420,0.0196931,-0.3589847,0.000000,0.000000,0.000000,0.00000,0.00000,0.000,0.000,0.000,0.000,0.000,-6.0000,0.0000,0.0000,6.0000,95.00,95.00,90.00,90.00,65535,65535,65535,1500,1,9,40.4365095,-86.8934283,178.200,0.174,0.925,0.000
68647,30784,18231,15205,0,0,0.08978,-1.23661,9.22845,0.082025,-0.014914,-0.040480,-8.068,-0.793,-89.835,195.2866,-54.2152,11.6006,9711.0703,-2341.8345,430.2436,-0.0010041,0.0198315,-0.3586945,0.000000,0.000000,0.000000,0.00000,0.00000,0.000,0.000,0.000,0.000,0.000,-6.0000,0.0000,0.0000,6.0000,95.00,95.00,90.00,90.00,65535,65535,65535,1500,1,10,40.4365098,-86.8934280,178.800,0.174,0.925,0.000
68692,20350,18209,15207,0,0,1.31442,-1.66756,9.80665,0.040480,-0.010653,-0.043676,-8.179,-1.047,-89.720,195.3370,-54.1865,11.6014,9719.5479,-2344.1003,430.8967,-0.0010541,0.0200444,-0.3584235,0.000000,0.000000,0.000000,0.00000,0.00000,0.000,0.000,0.000,0.000,0.000,-6.0000,0.0000,0.0000,6.0000,95.00,95.00,90.00,90.00,65535,65535,65535,1500,1,9,40.4365108,-86.8934300,178.600,0.303,0.710,0.000
68742,25941,18232,15199,0,0,1.12288,-0.90501,9.35295,-0.021305,-0.013848,-0.031958,-7.975,-1.090,-88.232,195.2699,-54.2000,11.5764,9728.0029,-2346.6245,431.3956,-0.0011698,0.0201294,-0.3586549,0.000000,0.000000,0.000000,0.00000,0.00000,0.000,0.000,0.000,0.000,0.000,-6.0000,0.0000,0.0000,6.0000,95.00,95.00,90.00,90.00,65535,65535,65535,1500,1,9,40.4365108,-86.8934300,178.600,0.303,0.710,0.000
68797,26583,18280,15222,0,0,0.11372,-2.40617,9.92037,0.005326,-0.006392,-0.045806,-8.275,-1.005,-87.831,195.3342,-54.1828,11.5836,9739.9238,-2349.7556,432.1265,-0.0010649,0.0200921,-0.3584055,0.000000,0.000000,0.000000,0.00000,0.00000,0.000,0.000,0.000,0.000,0.000,-6.0000,0.0000,0.0000,6.0000,95.00,95.00,90.00,90.00,65535,65535,65535,1500,1,9,40.4365100,-86.8934290,178.600,0.265,0.620,0.000
68847,25560,18237,15184,0,0,0.07063,-0.76255,8.43717,-0.007457,0.005326,-0.036219,-8.208,-0.725,-86.499,195.3049,-54.1995,11.5452,9749.8623,-2352.5686,432.6263,-0.0010711,0.0199391,-0.3585665,0.000000,0.000000,0.000000,0.00000,0.00000,0.000,0.000,0.000,0.000,0.000,-6.0000,0.0000,0.0000,6.0000,95.00,95.00,90.00,90.00,65535,65535,65535,1500,1,9,40.4365100,-86.8934290,178.600,0.265,0.620,0.000
68892,20459,18195,15182,0,0,-0.25259,-1.49039,10.20648,-0.011718,-0.006392,-0.040480,-8.331,-0.725,-85.840,195.3157,-54.1951,11.5704,9758.5811,-2354.9656,433.1740,-0.0010636,0.0199947,-0.3585056,0.000000,0.000000,0.000000,0.00000,0.00000,0.000,0.000,0.000,0.000,0.000,-6.0000,0.0000,0.0000,6.0000,95.00,95.00,90.00,90.00,65535,65535,65535,1500,1,9,40.4365093,-86.8934287,178.700,0.230,0.539,0.000
68942,25929,18211,15175,0,0,0.30167,-1.38744,10.47703,0.049002,-0.012783,-0.055394,-8.172,-0.550,-84.737,195.3041,-54.2049,11.5856,9768.5918,-2357.7661,433.7154,-0.0010792,0.0198874,-0.3585856,0.000000,0.000000,0.000000,0.00000,0.00000,0.000,0.000,0.000,0.000,0.000,-6.0000,0.0000,0.0000,6.0000,95.00,95.00,90.00,90.00,65535,65535,65535,1500,1,9,40.4365093,-86.8934287,178.700,0.230,0.539,0.000
69000,30648,20873,15323,0,0,-0.12450,-1.87945,10.15381,-0.066046,-0.006392,-0.028762,-8.303,-0.333,-83.831,195.3273,-54.2055,11.5861,9780.4189,-2360.9573,434.3552,-0.0009913,0.0197314,-0.3585358,0.000000,0.000000,0.000000,0.00000,0.00000,0.000,0.000,0.000,0.000,0.000,-6.0000,0.0000,0.0000,6.0000,95.00,95.00,90.00,90.00,65535,65535,65535,1500,1,9,40.4365088,-86.8934277,178.700,0.220,0.516,0.000
69040,27167,33397,30353,0,0,-0.29928,-0.82600,9.88805,-0.011718,-0.010653,-0.029827,-8.155,-0.155,-82.924,195.2982,-54.2204,11.5846,9785.6348,-2362.4792,434.5971,-0.0010285,0.0196122,-0.3586923,0.000000,0.000000,0.000000,0.00000,0.00000,0.000,0.000,0.000,0.000,0.000,-6.0000,0.0000,0.0000,6.0000,95.00,95.00,90.00,90.00,65535,65535,65535,1500,1,9,40.4365088,-86.8934277,178.700,0.220,0.516,0.000
69101,35458,19518,16464,0,0,-0.25857,-1.35392,9.60913,0.029827,-0.010653,-0.047937,-7.970,-0.252,-81.249,195.2603,-54.2358,11.5592,9798.9746,-2366.3247,435.4285,-0.0011035,0.0197671,-0.3588198,0.000000,0.000000,0.000000,0.00000,0.00000,0.000,0.000,0.000,0.000,0.000,-6.0000,0.0000,0.0000,6.0000,95.00,95.00,90.00,90.00,65535,65535,65535,1500,1,9,40.4365078,-86.8934267,178.800,0.222,0.520,0.000
69132,25733,24792,21758,0,0,0.38547,-1.04507,9.95988,0.051133,-0.009587,-0.030893,-7.802,-0.302,-80.596,195.2363,-54.2398,11.5632,9803.2793,-2367.5991,435.7052,-0.0011662,0.0198360,-0.3588911,0.000000,0.000000,0.000000,0.00000,0.00000,0.000,0.000,0.000,0.000,0.000,-6.0000,0.0000,0.0000,6.0000,95.00,95.00,90.00,90.00,65535,65535,65535,1500,1,9,40.4365078,-86.8934267,178.800,0.222,0.520,0.000
69210,23428,24084,15265,0,0,-0.42258,-1.39462,10.07839,0.010653,-0.006392,-0.030893,-7.800,-0.149,-79.011,195.2310,-54.2427,11.5941,9818.7783,-2371.9192,436.5966,-0.0011597,0.0197850,-0.3589341,0.000000,0.000000,0.000000,0.00000,0.00000,0.000,0.000,0.000,0.000,0.000,-6.0000,0.0000,0.0000,6.0000,95.00,95.00,90.00,90.00,65535,65535,65535,1500,1,9,40.4365077,-86.8934270,178.800,0.220,0.516,0.000
69242,30950,24962,21938,0,0,-0.26576,-1.77650,9.86411,0.018109,-0.008522,-0.026632,-7.886,-0.070,-78.654,195.2574,-54.2346,11.6024,9825.5654,-2373.7114,436.9884,-0.0010927,0.0197361,-0.3588372,0.000000,0.000000,0.000000,0.00000,0.00000,0.000,0.000,0.000,0.000,0.000,-6.0000,0.0000,0.0000,6.0000,95.00,95.00,90.00,90.00,65535,65535,65535,1500,1,9,40.4365077,-86.8934270,178.700,0.220,0.516,0.000
69309,39666,21257,18265,0,0,0.55067,-1.08218,10.00417,0.027697,-0.010653,-0.030893,-7.782,-0.071,-76.969,195.2241,-54.2496,11.6357,9838.3516,-2377.3958,437.7676,-0.0011806,0.0198117,-0.3589718,0.000000,0.000000,0.000000,0.00000,0.00000,0.000,0.000,0.000,0.000,0.000,-6.0000,0.0000,0.0000,6.0000,95.00,95.00,90.00,90.00,65535,65535,65535,1500,1,9,40.4365077,-86.8934270,178.700,0.220,0.516,0.000
69334,27939,18722,15660,0,0,-0.31125,-1.70347,10.35253,-0.014914,-0.010653,-0.019175,-7.881,0.019,-76.593,195.2460,-54.2441,11.6560,9844.4707,-2379.0193,438.1151,-0.0011348,0.0197490,-0.3589014,0.000000,0.000000,0.000000,0.00000,0.00000,0.000,0.000,0.000,0.000,0.000,-6.0000,0.0000,0.0000,6.0000,95.00,95.00,90.00,90.00,65535,65535,65535,1500,1,9,40.4365067,-86.8934270,178.700,0.220,0.516,0.000
69385,25935,18219,15166,0,0,0.65841,-2.03148,9.73602,-0.020240,-0.008522,-0.025566,-8.159,-0.386,-76.032,195.2570,-54.2153,11.6589,9853.2490,-2381.4463,438.8063,-0.0011189,0.0201576,-0.3587362,0.000000,0.000000,0.000000,0.00000,0.00000,0.000,0.000,0.000,0.000,0.000,-6.0000,0.0000,0.0000,6.0000,95.00,95.00,90.00,90.00,65535,65535,65535,1500,1,9,40.4365067,-86.8934270,178.700,0.220,0.516,0.000
69440,20996,18204,15161,0,0,0.17478,-1.37068,9.69412,0.033023,-0.001065,-0.017044,-8.153,-0.500,-75.131,195.2599,-54.2072,11.6543,9863.5098,-2384.2905,439.4865,-0.0011219,0.0203174,-0.3586698,0.000000,0.000000,0.000000,0.00000,0.00000,0.000,0.000,0.000,0.000,0.000,-6.0000,0.0000,0.0000,6.0000,95.00,95.00,90.00,90.00,65535,65535,65535,1500,1,9,40.4365073,-86.8934275,178.700,0.190,0.445,0.000
69490,25706,18200,15193,0,0,0.39624,-1.07021,9.51575,0.008522,-0.007457,-0.025566,-8.096,-0.701,-74.161,195.2384,-54.1986,11.6401,9871.9824,-2386.7280,440.0913,-0.0012042,0.0205581,-0.3586754,0.000000,0.000000,0.000000,0.00000,0.00000,0.000,0.000,0.000,0.000,0.000,-6.0000,0.0000,0.0000,6.0000,95.00,95.00,90.00,90.00,65535,65535,65535,1500,1,9,40.4365073,-86.8934275,178.700,0.190,0.445,0.000
69552,36769,18321,15278,0,0,0.21189,-1.57419,9.29549,0.037284,-0.017044,-0.018109,-8.091,-0.696,-73.154,195.2552,-54.1906,11.6440,9884.3418,-2390.0955,440.8459,-0.0011743,0.0205836,-0.3585915,0.000000,0.000000,0.000000,0.00000,0.00000,0.000,0.000,0.000,0.000,0.000,-6.0000,0.0000,0.0000,6.0000,95.00,95.00,90.00,90.00,65535,65535,65535,1500,1,9,40.4365075,-86.8934280,178.700,0.190,0.445,0.000
69588,24469,30392,27400,0,0,0.87628,-1.70467,9.62110,0.024501,-0.017044,-0.021305,-8.155,-0.951,-73.048,195.2716,-54.1668,11.6480,9888.6162,-2391.2388,441.2109,-0.0012215,0.0207986,-0.3584495,0.000000,0.000000,0.000000,0.00000,0.00000,0.000,0.000,0.000,0.000,0.000,-6.0000,0.0000,0.0000,6.0000,95.00,95.00,90.00,90.00,65535,65535,65535,1500,1,9,40.4365075,-86.8934280,178.700,0.190,0.445,0.000
69643,25891,18223,15196,0,0,0.29688,-1.16598,10.31063,-0.021305,-0.017044,-0.010653,-8.242,-1.039,-71.678,195.2571,-54.1711,11.6669,9901.0283,-2394.7334,441.9941,-0.0012664,0.0209022,-0.3584678,0.000000,0.000000,0.000000,0.00000,0.00000,0.000,0.000,0.000,0.000,0.000,-6.0000,0.0000,0.0000,6.0000,95.00,95.00,90.00,90.00,65535,65535,65535,1500,1,9,40.4365073,-86.8934283,178.700,0.148,0.345,0.000
69693,26009,18244,15192,0,0,0.11732,-1.50954,10.71645,-0.006392,-0.020240,-0.020240,-8.150,-0.978,-70.462,195.2373,-54.1830,11.6991,9910.6123,-2397.4607,442.5412,-0.0012846,0.0208615,-0.3585618,0.000000,0.000000,0.000000,0.00000,0.00000,0.000,0.000,0.000,0.000,0.000,-6.0000,0.0000,0.0000,6.0000,95.00,95.00,90.00,90.00,65535,65535,65535,1500,1,9,40.4365073,-86.8934283,178.700,0.148,0.345,0.000
69744,25927,18227,15199,0,0,-0.17119,-1.47363,9.94312,-0.007457,-0.024501,-0.024501,-8.112,-0.794,-69.236,195.2249,-54.1984,11.7092,9920.7813,-2400.3220,443.0850,-0.0012768,0.0207227,-0.3586582,0.000000,0.000000,0.000000,0.00000,0.00000,0.000,0.000,0.000,0.000,0.000,-6.0000,0.0000,0.0000,6.0000,95.00,95.00,90.00,90.00,65535,65535,65535,1500,1,9,40.4365067,-86.8934285,178.700,0.148,0.345,0.000
69789,20229,18216,15178,0,0,0.39863,-1.67474,9.65582,-0.042611,-0.012783,-0.009587,-8.220,-0.772,-68.501,195.2401,-54.1899,11.7133,9929.7822,-2402.7673,443.6303,-0.0012562,0.0207236,-0.3585990,0.000000,0.000000,0.000000,0.00000,0.00000,0.000,0.000,0.000,0.000,0.000,-6.0000,0.0000,0.0000,6.0000,95.00,95.00,90.00,90.00,65535,65535,65535,1500,1,9,40.4365057,-86.8934315,178.700,0.049,0.114,0.000
69844,26828,18245,15188,0,0,1.13485,-1.30963,9.57441,0.031958,-0.019175,-0.027697,-8.010,-1.070,-67.001,195.1760,-54.2032,11.7250,9938.1475,-2405.3491,444.2379,-0.0013783,0.0210384,-0.3587782,0.000000,0.000000,0.000000,0.00000,0.00000,0.000,0.000,0.000,0.000,0.000,-6.0000,0.0000,0.0000,6.0000,95.00,95.00,90.00,90.00,65535,65535,65535,1500,1,10,40.4365057,-86.8934315,178.400,0.049,0.114,0.000
69895,31399,18272,15221,0,0,0.70988,-1.00796,9.61033,-0.011718,-0.017044,-0.006392,-7.977,-1.234,-65.906,195.1562,-54.2026,11.7253,9946.9092,-2407.8752,444.8322,-0.0014364,0.0212164,-0.3588173,0.000000,0.000000,0.000000,0.00000,0.00000,0.000,0.000,0.000,0.000,0.000,-6.0000,0.0000,0.0000,6.0000,95.00,95.00,90.00,90.00,65535,65535,65535,1500,1,10,40.4365050,-86.8934330,178.400,0.071,0.166,0.000
69945,25615,18272,15230,0,0,-0.14724,-1.08098,9.98622,-0.023436,-0.022371,-0.008522,-8.057,-1.070,-64.878,195.1647,-54.2066,11.7296,9957.2451,-2410.7141,445.4069,-0.0014169,0.0210950,-0.3588226,0.000000,0.000000,0.000000,0.00000,0.00000,0.000,0.000,0.000,0.000,0.000,-6.0000,0.0000,0.0000,6.0000,95.00,95.00,90.00,90.00,65535,65535,65535,1500,1,10,40.4365050,-86.8934330,178.400,0.071,0.166,0.000
69990,20323,18253,15198,0,0,-0.24900,-1.43652,10.38485,-0.006392,-0.019175,-0.018109,-8.203,-1.013,-64.293,195.1961,-54.1943,11.7582,9966.7910,-2413.2427,445.9781,-0.0013934,0.0210456,-0.3587033,0.000000,0.000000,0.000000,0.00000,0.00000,0.000,0.000,0.000,0.000,0.000,-6.0000,0.0000,0.0000,6.0000,95.00,95.00,90.00,90.00,65535,65535,65535,1500,1,10,40.4365048,-86.8934358,178.400,0.135,0.317,0.000
70040,28716,40045,30453,0,0,0.38068,-1.27850,10.27112,0.007457,-0.021305,-0.017044,-8.148,-1.029,-63.552,195.1787,-54.2029,11.7725,9971.8867,-2414.7324,446.2896,-0.0014078,0.0210812,-0.3587738,0.000000,0.000000,0.000000,0.00000,0.00000,0.000,0.000,0.000,0.000,0.000,-6.0000,0.0000,0.0000,6.0000,95.00,95.00,90.00,90.00,65535,65535,65535,1500,1,9,40.4365048,-86.8934358,178.200,0.135,0.317,0.000
70101,37207,18377,15314,0,0,0.29449,-1.38026,10.19691,-0.035154,-0.006392,0.000000,-8.184,-0.917,-62.035,195.1903,-54.1937,11.7929,9988.4551,-2419.2610,447.2762,-0.0013822,0.0210323,-0.3587134,0.000000,0.000000,0.000000,0.00000,0.00000,0.000,0.000,0.000,0.000,0.000,-6.0000,0.0000,0.0000,6.0000,95.00,95.00,90.00,90.00,65535,65535,65535,1500,1,9,40.4365042,-86.8934367,178.200,0.144,0.336,0.000
70132,24591,25231,22187,0,0,0.04788,-1.64123,10.36929,-0.026632,-0.011718,-0.003196,-8.264,-0.878,-61.657,195.2030,-54.1875,11.8109,9993.5957,-2420.6355,447.5855,-0.0013725,0.0210124,-0.3586636,0.000000,0.000000,0.000000,0.00000,0.00000,0.000,0.000,0.000,0.000,0.000,-6.0000,0.0000,0.0000,6.0000,95.00,95.00,90.00,90.00,65535,65535,65535,1500,1,9,40.4365042,-86.8934367,178.200,0.144,0.336,0.000
70182,25357,18266,15213,0,0,0.34237,-1.18513,10.03290,0.028762,-0.001065,-0.008522,-8.120,-0.669,-60.325,195.1924,-54.1980,11.8241,10004.7705,-2423.7800,448.2153,-0.0013764,0.0209034,-0.3587396,0.000000,0.000000,0.000000,0.00000,0.00000,0.000,0.000,0.000,0.000,0.000,-6.0000,0.0000,0.0000,6.0000,95.00,95.00,90.00,90.00,65535,65535,65535,1500,1,9,40.4365042,-86.8934367,178.200,0.144,0.336,0.000
70236,23829,23319,15324,0,0,0.16999,-1.43652,10.44710,-0.018109,-0.005326,-0.009587,-7.989,-0.447,-58.886,195.1607,-54.2255,11.8485,10013.9355,-2426.4658,448.7140,-0.0013970,0.0207946,-0.3589154,0.000000,0.000000,0.000000,0.00000,0.00000,0.000,0.000,0.000,0.000,0.000,-6.0000,0.0000,0.0000,6.0000,95.00,95.00,90.00,90.00,65535,65535,65535,1500,1,9,40.4365045,-86.8934377,178.100,0.077,0.180,0.000
70287,26511,18253,15211,0,0,0.31484,-1.48800,9.96586,0.000000,-0.009587,-0.007457,-8.076,-0.476,-57.990,195.1749,-54.2112,11.8709,10025.0234,-2429.4768,449.4237,-0.0013845,0.0208722,-0.3588232,0.000000,0.000000,0.000000,0.00000,0.00000,0.000,0.000,0.000,0.000,0.000,-6.0000,0.0000,0.0000,6.0000,95.00,95.00,90.00,90.00,65535,65535,65535,1500,1,9,40.4365045,-86.8934390,178.100,0.095,0.222,0.000
70355,39400,21696,18665,0,0,0.25738,-1.58137,9.75278,-0.036219,-0.018109,0.004261,-8.144,-0.511,-56.659,195.1682,-54.2114,11.8822,10037.2158,-2432.8853,450.1980,-0.0013959,0.0209593,-0.3588201,0.000000,0.000000,0.000000,0.00000,0.00000,0.000,0.000,0.000,0.000,0.000,-6.0000,0.0000,0.0000,6.0000,95.00,95.00,90.00,90.00,65535,65535,65535,1500,1,9,40.4365045,-86.8934390,178.000,0.095,0.222,0.000
70386,28097,24615,21570,0,0,-0.17597,-1.01394,9.95749,0.000000,-0.024501,0.000000,-8.033,-0.391,-55.799,195.1502,-54.2291,11.8848,10042.4893,-2434.4397,450.4795,-0.0014138,0.0208717,-0.3589312,0.000000,0.000000,0.000000,0.00000,0.00000,0.000,0.000,0.000,0.000,0.000,-6.0000,0.0000,0.0000,6.0000,95.00,95.00,90.00,90.00,65535,65535,65535,1500,1,9,40.4365045,-86.8934390,178.000,0.095,0.222,0.000
70437,23762,20799,15293,0,0,0.14964,-1.41617,9.42837,-0.030893,-0.022371,0.004261,-8.083,-0.399,-54.343,195.1225,-54.2447,11.8679,10052.4600,-2437.3450,451.0891,-0.0014320,0.0209152,-0.3590516,0.000000,0.000000,0.000000,0.00000,0.00000,0.000,0.000,0.000,0.000,0.000,-6.0000,0.0000,0.0000,6.0000,95.00,95.00,90.00,90.00,65535,65535,65535,1500,1,9,40.4365043,-86.8934402,177.900,0.055,0.128,0.000
70489,26561,18285,15232,0,0,0.03950,-1.48800,10.10712,-0.003196,-0.028762,-0.007457,-8.162,-0.275,-53.404,195.1433,-54.2363,11.8992,10063.7002,-2440.3745,451.7485,-0.0014417,0.0208038,-0.3589843,0.000000,0.000000,0.000000,0.00000,0.00000,0.000,0.000,0.000,0.000,0.000,-6.0000,0.0000,0.0000,6.0000,95.00,95.00,90.00,90.00,65535,65535,65535,1500,1,9,40.4365042,-86.8934412,177.900,0.042,0.099,0.000
70556,34320,26632,18769,0,0,0.52672,-1.44849,9.39485,0.001065,-0.023436,-0.004261,-8.151,-0.468,-51.764,195.0950,-54.2593,11.8958,10073.4570,-2443.3108,452.3910,-0.0014240,0.0210282,-0.3591507,0.000000,0.000000,0.000000,0.00000,0.00000,0.000,0.000,0.000,0.000,0.000,-6.0000,0.0000,0.0000,6.0000,95.00,95.00,90.00,90.00,65535,65535,65535,1500,1,9,40.4365042,-86.8934412,177.900,0.042,0.099,0.000
70595,32869,33353,30338,0,0,0.58538,-1.65439,9.99459,0.028762,-0.024501,0.008522,-8.164,-0.604,-51.136,195.0930,-54.2552,11.9077,10079.4658,-2444.9858,452.8029,-0.0014145,0.0211639,-0.3591224,0.000000,0.000000,0.000000,0.00000,0.00000,0.000,0.000,0.000,0.000,0.000,-6.0000,0.0000,0.0000,6.0000,95.00,95.00,90.00,90.00,65535,65535,65535,1500,1,9,40.4365042,-86.8934412,177.900,0.042,0.099,0.000
70648,28752,20784,15305,0,0,0.55186,-1.44969,10.09395,0.014914,-0.015979,0.004261,-8.033,-0.567,-49.428,195.0652,-54.2711,11.9325,10091.4238,-2448.4609,453.5294,-0.0014298,0.0211890,-0.3592557,0.000000,0.000000,0.000000,0.00000,0.00000,0.000,0.000,0.000,0.000,0.000,-6.0000,0.0000,0.0000,6.0000,95.00,95.00,90.00,90.00,65535,65535,65535,1500,1,10,40.4365033,-86.8934407,177.700,0.042,0.099,0.000
70699,26422,18269,15235,0,0,0.34836,-1.32758,10.72962,0.033023,-0.011718,-0.004261,-7.881,-0.420,-48.258,195.0657,-54.2776,11.9726,10102.0488,-2451.4231,454.1477,-0.0014286,0.0211004,-0.3592831,0.000000,0.000000,0.000000,0.00000,0.00000,0.000,0.000,0.000,0.000,0.000,-6.0000,0.0000,0.0000,6.0000,95.00,95.00,90.00,90.00,65535,65535,65535,1500,1,10,40.4365020,-86.8934403,177.600,0.042,0.099,0.000
70749,25959,18252,15211,0,0,0.66439,-1.43293,10.52132,0.003196,-0.017044,0.006392,-7.959,-0.658,-47.067,195.0362,-54.2767,11.9996,10110.4014,-2453.8757,454.7527,-0.0014563,0.0213759,-0.3593314,0.000000,0.000000,0.000000,0.00000,0.00000,0.000,0.000,0.000,0.000,0.000,-6.0000,0.0000,0.0000,6.0000,95.00,95.00,90.00,90.00,65535,65535,65535,1500,1,10,40.4365020,-86.8934403,177.600,0.042,0.099,0.000
70800,31633,18258,15233,0,0,-0.46926,-1.50715,9.86172,0.031958,-0.018109,-0.010653,-8.037,-0.485,-46.423,195.0790,-54.2526,12.0154,10121.8838,-2456.8484,455.4202,-0.0014145,0.0212338,-0.3591693,0.000000,0.000000,0.000000,0.00000,0.00000,0.000,0.000,0.000,0.000,0.000,-6.0000,0.0000,0.0000,6.0000,95.00,95.00,90.00,90.00,65535,65535,65535,1500,1,10,40.4365005,-86.8934408,177.400,0.139,0.326,0.000
70859,34421,23289,15296,0,0,-0.18076,-0.80924,10.01495,-0.006392,-0.024501,0.000000,-8.084,-0.492,-45.368,195.0855,-54.2380,12.0252,10132.3438,-2459.7407,456.0753,-0.0014127,0.0212596,-0.3591488,0.000000,0.000000,0.000000,0.00000,0.00000,0.000,0.000,0.000,0.000,0.000,-6.0000,0.0000,0.0000,6.0000,95.00,95.00,90.00,90.00,65535,65535,65535,1500,1,10,40.4365005,-86.8934408,177.400,0.139,0.326,0.000
70885,30216,18780,15729,0,0,0.80325,-1.75136,10.27950,0.034088,-0.029827,-0.005326,-8.109,-0.714,-44.974,195.0902,-54.2215,12.0469,10137.8428,-2461.2261,456.4919,-0.0014404,0.0214444,-0.3590617,0.000000,0.000000,0.000000,0.00000,0.00000,0.000,0.000,0.000,0.000,0.000,-6.0000,0.0000,0.0000,6.0000,95.00,95.00,90.00,90.00,65535,65535,65535,1500,1,10,40.4364992,-86.8934418,177.400,0.184,0.430,0.000
70935,25922,18247,15213,0,0,-0.20351,-1.59574,10.13944,0.010653,-0.030893,-0.002131,-8.130,-0.588,-44.034,195.1082,-54.2182,12.0736,10148.6152,-2464.1326,457.1131,-0.0014120,0.0213179,-0.3590184,0.000000,0.000000,0.000000,0.00000,0.00000,0.000,0.000,0.000,0.000,0.000,-6.0000,0.0000,0.0000,6.0000,95.00,95.00,90.00,90.00,65535,65535,65535,1500,1,10,40.4364992,-86.8934418,177.400,0.184,0.430,0.000
70986,26744,18298,15233,0,0,-0.04788,-1.56820,9.02734,0.023436,-0.025566,-0.008522,-8.319,-0.748,-43.531,195.1407,-54.1762,12.0583,10159.2031,-2466.8616,457.8326,-0.0014182,0.0214430,-0.3588018,0.000000,0.000000,0.000000,0.00000,0.00000,0.000,0.000,0.000,0.000,0.000,-6.0000,0.0000,0.0000,6.0000,95.00,95.00,90.00,90.00,65535,65535,65535,1500,1,10,40.4364980,-86.8934423,177.200,0.222,0.520,0.000
71054,39490,21828,18805,0,0,-0.36033,-1.34315,9.85573,0.000000,-0.022371,-0.018109,-8.346,-0.629,-42.576,195.1701,-54.1531,12.0602,10172.9141,-2470.4900,458.6438,-0.0013796,0.0213285,-0.3586803,0.000000,0.000000,0.000000,0.00000,0.00000,0.000,0.000,0.000,0.000,0.000,-6.0000,0.0000,0.0000,6.0000,95.00,95.00,90.00,90.00,65535,65535,65535,1500,1,10,40.4364980,-86.8934423,177.200,0.222,0.520,0.000
71090,32503,26166,16543,0,0,0.02753,-1.82199,9.81024,-0.026632,-0.018109,0.000000,-8.504,-0.633,-42.266,195.1950,-54.1293,12.0689,10180.0479,-2472.3010,459.0976,-0.0013747,0.0213301,-0.3585365,0.000000,0.000000,0.000000,0.00000,0.00000,0.000,0.000,0.000,0.000,0.000,-6.0000,0.0000,0.0000,6.0000,95.00,95.00,90.00,90.00,65535,65535,65535,1500,1,10,40.4364973,-86.8934440,177.200,0.204,0.478,0.000
71140,25840,17847,14805,0,0,0.31723,-1.79924,9.50139,-0.045806,-0.014914,-0.011718,-8.663,-0.640,-40.992,195.1864,-54.1313,12.0605,10191.0186,-2475.3953,459.7913,-0.0013754,0.0213873,-0.3585685,0.000000,0.000000,0.000000,0.00000,0.00000,0.000,0.000,0.000,0.000,0.000,-6.0000,0.0000,0.0000,6.0000,95.00,95.00,90.00,90.00,65535,65535,65535,1500,1,10,40.4364973,-86.8934440,177.200,0.204,0.478,0.000
71191,31395,18292,15220,0,0,0.10534,-1.74058,10.12867,-0.022371,-0.015979,-0.013848,-8.658,-0.493,-39.903,195.1850,-54.1464,12.0570,10200.8945,-2478.1577,460.3678,-0.0013734,0.0212984,-0.3586072,0.000000,0.000000,0.000000,0.00000,0.00000,0.000,0.000,0.000,0.000,0.000,-6.0000,0.0000,0.0000,6.0000,95.00,95.00,90.00,90.00,65535,65535,65535,1500,1,10,40.4364967,-86.8934443,177.200,0.196,0.459,0.000
71242,26687,18233,15212,0,0,0.70270,-1.37427,10.30824,-0.023436,-0.011718,-0.018109,-8.523,-0.509,-38.341,195.1393,-54.1838,12.0766,10209.2217,-2480.7605,460.8979,-0.0013778,0.0214022,-0.3588275,0.000000,0.000000,0.000000,0.00000,0.00000,0.000,0.000,0.000,0.000,0.000,-6.0000,0.0000,0.0000,6.0000,95.00,95.00,90.00,90.00,65535,65535,65535,1500,1,10,40.4364967,-86.8934443,177.200,0.196,0.459,0.000
71300,30117,21652,15330,0,0,-0.25259,-1.91536,9.40921,0.003196,-0.009587,-0.011718,-8.497,-0.437,-37.280,195.1379,-54.1839,12.0851,10219.9043,-2483.7207,461.5577,-0.0013740,0.0214000,-0.3588238,0.000000,0.000000,0.000000,0.00000,0.00000,0.000,0.000,0.000,0.000,0.000,-6.0000,0.0000,0.0000,6.0000,95.00,95.00,90.00,90.00,65535,65535,65535,1500,1,10,40.4364955,-86.8934443,176.800,-0.191,0.582,0.000
71344,19710,18180,15158,0,0,-0.25857,-1.54067,10.21606,-0.013848,-0.010653,-0.003196,-8.623,-0.290,-36.562,195.1620,-54.1696,12.1023,10230.1348,-2486.4165,462.1704,-0.0013710,0.0213119,-0.3587256,0.000000,0.000000,0.000000,0.00000,0.00000,0.000,0.000,0.000,0.000,0.000,-6.0000,0.0000,0.0000,6.0000,95.00,95.00,90.00,90.00,65535,65535,65535,1500,1,10,40.4364955,-86.8934443,176.800,-0.191,0.582,0.000
71383,24327,33356,30332,0,0,-0.31244,-1.63644,10.18733,0.018109,-0.007457,-0.023436,-8.624,-0.187,-36.244,195.1779,-54.1609,12.1158,10235.5498,-2487.8254,462.4846,-0.0013668,0.0212339,-0.3586666,0.000000,0.000000,0.000000,0.00000,0.00000,0.000,0.000,0.000,0.000,0.000,-6.0000,0.0000,0.0000,6.0000,95.00,95.00,90.00,90.00,65535,65535,65535,1500,1,10,40.4364955,-86.8934443,176.800,-0.191,0.582,0.000
71443,34549,18380,15311,0,0,0.21428,-1.16119,10.19212,0.030893,-0.014914,-0.012783,-8.537,-0.088,-34.315,195.1507,-54.1886,12.1166,10249.0713,-2491.8022,463.3219,-0.0013872,0.0212503,-0.3588382,0.000000,0.000000,0.000000,0.00000,0.00000,0.000,0.000,0.000,0.000,0.000,-6.0000,0.0000,0.0000,6.0000,95.00,95.00,90.00,90.00,65535,65535,65535,1500,1,10,40.4364950,-86.8934437,176.600,-0.322,0.592,0.000
71501,35475,21233,15321,0,0,0.05746,-1.24139,9.78630,-0.003196,-0.012783,-0.009587,-8.483,-0.116,-33.090,195.1369,-54.1922,12.1250,10259.1299,-2494.6807,463.9711,-0.0013922,0.0213327,-0.3588882,0.000000,0.000000,0.000000,0.00000,0.00000,0.000,0.000,0.000,0.000,0.000,-6.0000,0.0000,0.0000,6.0000,95.00,95.00,90.00,90.00,65535,65535,65535,1500,1,10,40.4364943,-86.8934435,176.600,-0.370,0.600,0.000
71541,27381,33344,30311,0,0,0.32801,-1.61968,9.81383,-0.010653,-0.019175,-0.008522,-8.541,-0.192,-32.585,195.1350,-54.1867,12.1296,10264.2666,-2496.1013,464.3170,-0.0013858,0.0214175,-0.3588679,0.000000,0.000000,0.000000,0.00000,0.00000,0.000,0.000,0.000,0.000,0.000,-6.0000,0.0000,0.0000,6.0000,95.00,95.00,90.00,90.00,65535,65535,65535,1500,1,10,40.4364943,-86.8934435,176.600,-0.370,0.600,0.000
71600,37080,18414,15337,0,0,0.51715,-1.44490,9.41759,0.035154,-0.021305,-0.022371,-8.396,-0.352,-30.541,195.0897,-54.2258,12.1166,10276.2959,-2499.8152,465.1274,-0.0014039,0.0216490,-0.3591070,0.000000,0.000000,0.000000,0.00000,0.00000,0.000,0.000,0.000,0.000,0.000,-6.0000,0.0000,0.0000,6.0000,95.00,95.00,90.00,90.00,65535,65535,65535,1500,1,10,40.4364933,-86.8934443,176.600,-0.398,0.512,0.000
71650,25949,18274,15195,0,0,0.37350,-0.70270,9.53251,-0.007457,-0.011718,-0.010653,-8.218,-0.404,-28.912,195.0377,-54.2669,12.1001,10284.0439,-2502.3359,465.6466,-0.0014421,0.0217824,-0.3593531,0.000000,0.000000,0.000000,0.00000,0.00000,0.000,0.000,0.000,0.000,0.000,-6.0000,0.0000,0.0000,6.0000,95.00,95.00,90.00,90.00,65535,65535,65535,1500,1,10,40.4364933,-86.8934443,176.600,-0.398,0.512,0.000
71712,30566,24983,15311,0,0,-0.23942,-1.45328,10.59315,0.021305,-0.015979,-0.011718,-8.284,-0.419,-27.901,195.0387,-54.2566,12.1280,10294.8330,-2505.2996,466.3315,-0.0014292,0.0218344,-0.3593165,0.000000,0.000000,0.000000,0.00000,0.00000,0.000,0.000,0.000,0.000,0.000,-6.0000,0.0000,0.0000,6.0000,95.00,95.00,90.00,90.00,65535,65535,65535,1500,1,10,40.4364925,-86.8934450,176.200,-0.434,0.454,0.000
71743,31287,24586,21531,0,0,0.63566,-1.80044,9.59955,0.020240,-0.012783,-0.008522,-8.368,-0.587,-27.508,195.0442,-54.2370,12.1295,10300.8574,-2506.8875,466.7629,-0.0014232,0.0220022,-0.3592205,0.000000,0.000000,0.000000,0.00000,0.00000,0.000,0.000,0.000,0.000,0.000,-6.0000,0.0000,0.0000,6.0000,95.00,95.00,90.00,90.00,65535,65535,65535,1500,1,10,40.4364925,-86.8934450,176.200,-0.434,0.454,0.000
71788,20331,18245,15192,0,0,0.62010,-1.80643,10.21366,0.000000,-0.010653,-0.020240,-8.273,-0.551,-26.222,195.0228,-54.2516,12.1316,10310.0361,-2509.5999,467.3395,-0.0014427,0.0220225,-0.3593316,0.000000,0.000000,0.000000,0.00000,0.00000,0.000,0.000,0.000,0.000,0.000,-6.0000,0.0000,0.0000,6.0000,95.00,95.00,90.00,90.00,65535,65535,65535,1500,1,10,40.4364913,-86.8934448,176.000,-0.498,0.499,0.000
71838,25941,18230,15176,0,0,0.42617,-2.11288,9.74440,0.002131,-0.004261,-0.008522,-8.507,-0.815,-25.657,195.0306,-54.2104,12.1358,10319.8955,-2512.1643,468.0440,-0.0014223,0.0223015,-0.3591538,0.000000,0.000000,0.000000,0.00000,0.00000,0.000,0.000,0.000,0.000,0.000,-6.0000,0.0000,0.0000,6.0000,95.00,95.00,90.00,90.00,65535,65535,65535,1500,1,10,40.4364913,-86.8934448,176.000,-0.498,0.499,0.000
71889,26583,18242,15230,0,0,0.05746,-1.21865,9.16022,-0.001065,0.001065,-0.015979,-8.509,-0.841,-24.412,195.0063,-54.2233,12.1057,10328.7305,-2514.7817,468.6325,-0.0014420,0.0224213,-0.3592455,0.000000,0.000000,0.000000,0.00000,0.00000,0.000,0.000,0.000,0.000,0.000,-6.0000,0.0000,0.0000,6.0000,95.00,95.00,90.00,90.00,65535,65535,65535,1500,1,10,40.4364883,-86.8934438,176.000,-0.886,0.644,0.000
71944,26407,18192,15175,0,0,-0.18794,-1.68312,9.67138,-0.006392,0.000000,-0.006392,-8.546,-0.653,-23.520,195.0255,-54.2109,12.1114,10340.3760,-2517.8738,469.3213,-0.0014111,0.0223305,-0.3591623,0.000000,0.000000,0.000000,0.00000,0.00000,0.000,0.000,0.000,0.000,0.000,-6.0000,0.0000,0.0000,6.0000,95.00,95.00,90.00,90.00,65535,65535,65535,1500,1,10,40.4364883,-86.8934438,176.000,-0.886,0.644,0.000
71988,20352,18163,15138,0,0,0.33040,-1.07739,9.61511,-0.027697,-0.003196,-0.010653,-8.455,-0.602,-22.190,194.9931,-54.2422,12.1049,10347.6631,-2520.1648,469.7970,-0.0014661,0.0223737,-0.3593341,0.000000,0.000000,0.000000,0.00000,0.00000,0.000,0.000,0.000,0.000,0.000,-6.0000,0.0000,0.0000,6.0000,95.00,95.00,90.00,90.00,65535,65535,65535,1500,1,10,40.4364868,-86.8934440,175.800,-1.015,0.608,0.000
72056,39469,21766,18766,0,0,0.58059,-1.62087,9.70969,0.031958,-0.021305,0.001065,-8.307,-0.481,-20.716,194.9905,-54.2619,12.1048,10359.7197,-2523.6165,470.5393,-0.0015199,0.0223107,-0.3594053,0.000000,0.000000,0.000000,0.00000,0.00000,0.000,0.000,0.000,0.000,0.000,-6.0000,0.0000,0.0000,6.0000,95.00,95.00,90.00,90.00,65535,65535,65535,1500,1,10,40.4364868,-86.8934440,175.800,-1.015,0.608,0.000
72093,28662,30619,27628,0,0,0.07542,-1.48201,9.44872,-0.010653,-0.020240,-0.011718,-8.355,-0.476,-20.207,194.9943,-54.2571,12.0984,10365.4873,-2525.1819,470.8972,-0.0015120,0.0223153,-0.3593783,0.000000,0.000000,0.000000,0.00000,0.00000,0.000,0.000,0.000,0.000,0.000,-6.0000,0.0000,0.0000,6.0000,95.00,95.00,90.00,90.00,65535,65535,65535,1500,1,10,40.4364860,-86.8934443,175.800,-0.970,0.541,0.000
72148,21131,17855,14853,0,0,-0.40582,-1.45807,10.36450,-0.045806,-0.015979,0.001065,-8.465,-0.377,-18.733,194.9986,-54.2649,12.0903,10378.4893,-2528.8464,471.6947,-0.0015367,0.0222670,-0.3594153,0.000000,0.000000,0.000000,0.00000,0.00000,0.000,0.000,0.000,0.000,0.000,-6.0000,0.0000,0.0000,6.0000,95.00,95.00,90.00,90.00,65535,65535,65535,1500,1,10,40.4364860,-86.8934443,175.700,-0.970,0.541,0.000
72197,30013,18204,15155,0,0,-0.42018,-1.53708,10.23880,-0.021305,-0.018109,-0.003196,-8.491,-0.215,-17.849,195.0088,-54.2600,12.1027,10388.6240,-2531.5803,472.2925,-0.0015633,0.0221376,-0.3593750,0.000000,0.000000,0.000000,0.00000,0.00000,0.000,0.000,0.000,0.000,0.000,-6.0000,0.0000,0.0000,6.0000,95.00,95.00,90.00,90.00,65535,65535,65535,1500,1,10,40.4364860,-86.8934443,175.700,-0.970,0.541,0.000
72241,19692,18130,15124,0,0,-0.24780,-1.24139,9.66659,0.023436,-0.021305,-0.015979,-8.342,-0.127,-16.779,195.0025,-54.2768,12.1039,10396.9941,-2534.0125,472.8000,-0.0015830,0.0220853,-0.3594509,0.000000,0.000000,0.000000,0.00000,0.00000,0.000,0.000,0.000,0.000,0.000,-6.0000,0.0000,0.0000,6.0000,95.00,95.00,90.00,90.00,65535,65535,65535,1500,1,10,40.4364858,-86.8934450,175.700,-0.780,0.438,0.000
72291,25955,18134,15124,0,0,0.60813,-1.37547,9.18176,0.034088,-0.022371,-0.011718,-8.500,-0.260,-16.126,195.0138,-54.2467,12.1044,10407.3154,-2536.6963,473.4753,-0.0015483,0.0222197,-0.3593062,0.000000,0.000000,0.000000,0.00000,0.00000,0.000,0.000,0.000,0.000,0.000,-6.0000,0.0000,0.0000,6.0000,95.00,95.00,90.00,90.00,65535,65535,65535,1500,1,10,40.4364858,-86.8934450,175.700,-0.780,0.438,0.000
72354,31749,24098,15296,0,0,-0.39504,-1.07978,9.82102,0.013848,-0.014914,-0.006392,-8.349,-0.205,-14.718,194.9976,-54.2622,12.1170,10417.6143,-2539.7195,474.1227,-0.0015622,0.0222369,-0.3594066,0.000000,0.000000,0.000000,0.00000,0.00000,0.000,0.000,0.000,0.000,0.000,-6.0000,0.0000,0.0000,6.0000,95.00,95.00,90.00,90.00,65535,65535,65535,1500,1,10,40.4364857,-86.8934452,175.700,-0.675,0.424,0.000
72394,30294,33330,30320,0,0,-0.07661,-1.50356,9.90840,0.005326,-0.007457,-0.003196,-8.354,-0.144,-14.148,195.0013,-54.2593,12.1238,10423.7598,-2541.3928,474.4962,-0.0015567,0.0222140,-0.3593868,0.000000,0.000000,0.000000,0.00000,0.00000,0.000,0.000,0.000,0.000,0.000,-6.0000,0.0000,0.0000,6.0000,95.00,95.00,90.00,90.00,65535,65535,65535,1500,1,10,40.4364857,-86.8934452,175.700,-0.675,0.424,0.000
72433,40236,32334,28981,0,0,0.34357,-0.93733,9.54808,-0.049002,-0.006392,-0.009587,-8.322,-0.128,-12.907,194.9803,-54.2849,12.1114,10430.1279,-2543.4512,474.9161,-0.0015860,0.0222715,-0.3595614,0.000000,0.000000,0.000000,0.00000,0.00000,0.000,0.000,0.000,0.000,0.000,-6.0000,0.0000,0.0000,6.0000,95.00,95.00,90.00,90.00,65535,65535,65535,1500,1,10,40.4364852,-86.8934450,175.700,-0.586,0.419,0.000
72496,19042,18054,15062,0,0,-0.31125,-0.89783,9.22845,-0.013848,-0.020240,-0.003196,-8.247,-0.318,-11.248,194.9704,-54.2931,12.1249,10444.0439,-2547.4395,475.8494,-0.0016058,0.0224714,-0.3595996,0.000000,0.000000,0.000000,0.00000,0.00000,0.000,0.000,0.000,0.000,0.000,-6.0000,0.0000,0.0000,6.0000,95.00,95.00,90.00,90.00,65535,65535,65535,1500,1,10,40.4364852,-86.8934450,175.700,-0.586,0.419,0.000
72536,24997,33294,30297,0,0,1.18752,-1.29167,9.63666,0.006392,-0.017044,-0.011718,-8.209,-0.589,-10.507,194.9380,-54.3029,12.1223,10447.0918,-2548.5139,476.1331,-0.0016370,0.0227478,-0.3596955,0.000000,0.000000,0.000000,0.00000,0.00000,0.000,0.000,0.000,0.000,0.000,-6.0000,0.0000,0.0000,6.0000,95.00,95.00,90.00,90.00,65535,65535,65535,1500,1,10,40.4364848,-86.8934428,175.900,-0.547,0.492,0.000
72583,43308,37053,30360,0,0,0.25857,-1.62207,10.95108,-0.001065,-0.025566,-0.004261,-8.227,-0.621,-9.626,194.9388,-54.3025,12.1773,10455.4199,-2550.8369,476.6635,-0.0016386,0.0227826,-0.3596915,0.000000,0.000000,0.000000,0.00000,0.00000,0.000,0.000,0.000,0.000,0.000,-6.0000,0.0000,0.0000,6.0000,95.00,95.00,90.00,90.00,65535,65535,65535,1500,1,10,40.4364848,-86.8934428,175.900,-0.547,0.492,0.000
72635,32348,18180,15169,0,0,0.81762,-1.74896,10.05445,0.036219,-0.033023,-0.018109,-8.217,-0.854,-8.502,194.9410,-54.2786,12.1839,10469.1260,-2554.5295,477.5851,-0.0016690,0.0229602,-0.3595790,0.000000,0.000000,0.000000,0.00000,0.00000,0.000,0.000,0.000,0.000,0.000,-6.0000,0.0000,0.0000,6.0000,95.00,95.00,90.00,90.00,65535,65535,65535,1500,1,10,40.4364848,-86.8934428,175.900,-0.547,0.492,0.000
72698,19480,18088,15103,0,0,0.73861,-1.26294,10.20289,0.008522,-0.023436,-0.021305,-8.119,-0.901,-6.800,194.9150,-54.3111,12.1774,10479.8779,-2557.8298,478.2903,-0.0017009,0.0230366,-0.3597552,0.000000,0.000000,0.000000,0.00000,0.00000,0.000,0.000,0.000,0.000,0.000,-6.0000,0.0000,0.0000,6.0000,95.00,95.00,90.00,90.00,65535,65535,65535,1500,1,10,40.4364828,-86.8934405,175.900,-0.592,0.705,0.000
72749,25917,18154,15148,0,0,0.28611,-0.82839,10.26634,-0.015979,-0.014914,-0.009587,-7.930,-0.753,-5.301,194.8999,-54.3496,12.2137,10488.7666,-2560.5996,478.8181,-0.0016921,0.0229534,-0.3599525,0.000000,0.000000,0.000000,0.00000,0.00000,0.000,0.000,0.000,0.000,0.000,-6.0000,0.0000,0.0000,6.0000,95.00,95.00,90.00,90.00,65535,65535,65535,1500,1,10,40.4364828,-86.8934405,175.900,-0.592,0.705,0.000
72784,28055,24949,16945,0,0,-0.16999,-1.51673,10.25796,-0.036219,-0.010653,-0.005326,-8.013,-0.659,-4.814,194.9077,-54.3455,12.2298,10494.7754,-2562.2000,479.1698,-0.0016798,0.0228864,-0.3599180,0.000000,0.000000,0.000000,0.00000,0.00000,0.000,0.000,0.000,0.000,0.000,-6.0000,0.0000,0.0000,6.0000,95.00,95.00,90.00,90.00,65535,65535,65535,1500,1,10,40.4364828,-86.8934405,175.900,-0.592,0.705,0.000
72835,25887,18169,15143,0,0,0.71467,-0.96127,9.62469,-0.002131,-0.011718,-0.008522,-7.856,-0.664,-3.068,194.8751,-54.3859,12.2157,10503.9961,-2565.1870,479.7825,-0.0017064,0.0229640,-0.3601581,0.000000,0.000000,0.000000,0.00000,0.00000,0.000,0.000,0.000,0.000,0.000,-6.0000,0.0000,0.0000,6.0000,95.00,95.00,90.00,90.00,65535,65535,65535,1500,1,10,40.4364815,-86.8934415,175.900,-0.638,0.606,0.000
72885,26120,18169,15134,0,0,0.42138,-1.27012,10.44471,-0.014914,-0.005326,-0.017044,-7.633,-0.589,-1.442,194.8481,-54.4318,12.2376,10511.9619,-2567.8320,480.2936,-0.0017293,0.0229701,-0.3604114,0.000000,0.000000,0.000000,0.00000,0.00000,0.000,0.000,0.000,0.000,0.000,-6.0000,0.0000,0.0000,6.0000,95.00,95.00,90.00,90.00,65535,65535,65535,1500,1,10,40.4364815,-86.8934415,175.900,-0.638,0.606,0.000
72948,18905,18056,15081,0,0,0.95170,-1.19351,9.36013,0.022371,-0.006392,-0.023436,-7.638,-0.735,0.123,194.8127,-54.4494,12.2525,10522.4648,-2571.0442,481.0323,-0.0017564,0.0231879,-0.3605415,0.000000,0.000000,0.000000,0.00000,0.00000,0.000,0.000,0.000,0.000,0.000,-6.0000,0.0000,0.0000,6.0000,95.00,95.00,90.00,90.00,65535,65535,65535,1500,1,10,40.4364792,-86.8934387,175.900,-0.638,0.606,0.000
73006,35422,21142,15251,0,0,-0.11492,-1.85431,9.68335,0.033023,-0.012783,-0.018109,-7.713,-0.724,0.775,194.8274,-54.4259,12.2651,10534.3564,-2574.0825,481.7674,-0.0017239,0.0231899,-0.3603742,0.000000,0.000000,0.000000,0.00000,0.00000,0.000,0.000,0.000,0.000,0.000,-6.0000,0.0000,0.0000,6.0000,95.00,95.00,90.00,90.00,65535,65535,65535,1500,1,10,40.4364770,-86.8934357,175.900,-1.029,0.788,0.000
73045,27448,33330,30302,0,0,0.19034,-1.91057,9.64145,-0.018109,-0.008522,-0.009587,-7.906,-0.773,0.904,194.8419,-54.3956,12.2691,10540.8252,-2575.6094,482.1780,-0.0016999,0.0232369,-0.3602024,0.000000,0.000000,0.000000,0.00000,0.00000,0.000,0.000,0.000,0.000,0.000,-6.0000,0.0000,0.0000,6.0000,95.00,95.00,90.00,90.00,65535,65535,65535,1500,1,10,40.4364770,-86.8934357,175.900,-1.029,0.788,0.000
73084,39608,31806,28804,0,0,0.21548,-1.17675,10.34535,-0.004261,-0.004261,-0.011718,-7.855,-0.724,1.879,194.8349,-54.4044,12.2915,10547.9297,-2577.7229,482.6348,-0.0017156,0.0232439,-0.3602769,0.000000,0.000000,0.000000,0.00000,0.00000,0.000,0.000,0.000,0.000,0.000,-6.0000,0.0000,0.0000,6.0000,95.00,95.00,90.00,90.00,65535,65535,65535,1500,1,10,40.4364770,-86.8934357,175.900,-1.029,0.788,0.000
73136,26836,18150,15135,0,0,0.52074,-1.42455,9.39485,-0.011718,-0.002131,-0.014914,-7.812,-0.862,3.289,194.8189,-54.4033,12.2678,10559.4785,-2581.0847,483.4392,-0.0017585,0.0234399,-0.3603225,0.000000,0.000000,0.000000,0.00000,0.00000,0.000,0.000,0.000,0.000,0.000,-6.0000,0.0000,0.0000,6.0000,95.00,95.00,90.00,90.00,65535,65535,65535,1500,1,10,40.4364752,-86.8934322,175.900,-1.077,0.972,0.000
73186,26060,18203,15163,0,0,0.42737,-1.81121,10.14184,0.027697,-0.015979,-0.009587,-7.964,-1.158,4.003,194.8074,-54.3755,12.2679,10569.0391,-2583.6292,484.1266,-0.0017640,0.0237204,-0.3602052,0.000000,0.000000,0.000000,0.00000,0.00000,0.000,0.000,0.000,0.000,0.000,-6.0000,0.0000,0.0000,6.0000,95.00,95.00,90.00,90.00,65535,65535,65535,1500,1,10,40.4364752,-86.8934322,175.900,-1.077,0.972,0.000
73241,21057,18148,15122,0,0,0.05866,-1.93930,10.16339,0.017044,-0.023436,-0.020240,-7.922,-1.125,4.949,194.8149,-54.3644,12.2800,10580.3252,-2586.6833,484.8160,-0.0017430,0.0236795,-0.3601578,0.000000,0.000000,0.000000,0.00000,0.00000,0.000,0.000,0.000,0.000,0.000,-6.0000,0.0000,0.0000,6.0000,95.00,95.00,90.00,90.00,65535,65535,65535,1500,1,10,40.4364742,-86.8934302,176.200,-1.077,0.972,0.000
73292,26371,18218,15186,0,0,0.28850,-0.92775,9.73602,-0.025566,-0.022371,-0.013848,-7.785,-1.239,6.480,194.7828,-54.3969,12.2700,10587.8467,-2589.2075,485.3633,-0.0018195,0.0238076,-0.3603756,0.000000,0.000000,0.000000,0.00000,0.00000,0.000,0.000,0.000,0.000,0.000,-6.0000,0.0000,0.0000,6.0000,95.00,95.00,90.00,90.00,65535,65535,65535,1500,1,10,40.4364743,-86.8934317,176.200,-0.845,1.017,0.000
73336,19618,18141,15110,0,0,0.04429,-0.71587,10.25556,0.004261,-0.023436,-0.020240,-7.626,-1.170,7.974,194.7631,-54.4425,12.2668,10594.5645,-2591.5176,485.7990,-0.0018491,0.0237881,-0.3606251,0.000000,0.000000,0.000000,0.00000,0.00000,0.000,0.000,0.000,0.000,0.000,-6.0000,0.0000,0.0000,6.0000,95.00,95.00,90.00,90.00,65535,65535,65535,1500,1,10,40.4364743,-86.8934317,176.200,-0.845,1.017,0.000
73386,25861,18191,15164,0,0,-0.22146,-1.17076,10.05086,0.011718,-0.029827,-0.025566,-7.648,-1.002,8.941,194.7758,-54.4470,12.2976,10605.1260,-2594.4102,486.4026,-0.0018244,0.0236140,-0.3606198,0.000000,0.000000,0.000000,0.00000,0.00000,0.000,0.000,0.000,0.000,0.000,-6.0000,0.0000,0.0000,6.0000,95.00,95.00,90.00,90.00,65535,65535,65535,1500,1,10,40.4364743,-86.8934317,176.200,-0.845,1.017,0.000
73461,43354,24604,16296,0,0,0.33519,-1.53588,9.30746,0.001065,-0.033023,-0.022371,-7.839,-1.236,9.728,194.7856,-54.4109,12.3081,10619.4414,-2598.0708,487.3469,-0.0018383,0.0237528,-0.3604037,0.000000,0.000000,0.000000,0.00000,0.00000,0.000,0.000,0.000,0.000,0.000,-6.0000,0.0000,0.0000,6.0000,95.00,95.00,90.00,90.00,65535,65535,65535,1500,1,10,40.4364743,-86.8934325,176.000,-0.845,1.017,0.000
73492,31008,24887,21870,0,0,0.40103,-1.56341,9.90361,0.049002,-0.031958,-0.029827,-7.818,-1.331,10.125,194.7877,-54.3970,12.3170,10625.7969,-2599.7258,487.7675,-0.0018524,0.0238082,-0.3603257,0.000000,0.000000,0.000000,0.00000,0.00000,0.000,0.000,0.000,0.000,0.000,-6.0000,0.0000,0.0000,6.0000,95.00,95.00,90.00,90.00,65535,65535,65535,1500,1,10,40.4364743,-86.8934325,176.000,-0.845,1.017,0.000
73532,31837,33316,30284,0,0,0.04549,-0.99838,10.08318,0.006392,-0.025566,-0.033023,-7.716,-1.239,11.089,194.7817,-54.4207,12.3237,10631.2588,-2601.4824,488.0922,-0.0018341,0.0237421,-0.3604680,0.000000,0.000000,0.000000,0.00000,0.00000,0.000,0.000,0.000,0.000,0.000,-6.0000,0.0000,0.0000,6.0000,95.00,95.00,90.00,90.00,65535,65535,65535,1500,1,10,40.4364733,-86.8934315,176.000,-0.845,1.017,0.000
73590,33748,18311,15279,0,0,0.42856,-1.91297,9.82102,0.006392,-0.026632,-0.036219,-7.861,-1.422,11.930,194.7903,-54.3839,12.3492,10646.6123,-2605.4170,489.1018,-0.0018704,0.0238533,-0.3602490,0.000000,0.000000,0.000000,0.00000,0.00000,0.000,0.000,0.000,0.000,0.000,-6.0000,0.0000,0.0000,6.0000,95.00,95.00,90.00,90.00,65535,65535,65535,1500,1,10,40.4364733,-86.8934315,176.000,-0.845,1.017,0.000
73640,30739,18139,15128,0,0,0.89184,-1.46405,9.13268,-0.010653,-0.025566,-0.033023,-8.031,-1.654,12.563,194.7848,-54.3568,12.3348,10656.4297,-2607.9910,489.7912,-0.0019132,0.0240403,-0.3601239,0.000000,0.000000,0.000000,0.00000,0.00000,0.000,0.000,0.000,0.000,0.000,-6.0000,0.0000,0.0000,6.0000,95.00,95.00,90.00,90.00,65535,65535,65535,1500,1,10,40.4364733,-86.8934315,176.000,-0.845,1.017,0.000
73695,26526,18124,15110,0,0,-0.07302,-1.69749,9.55167,-0.038350,-0.009587,-0.026632,-8.246,-1.670,13.094,194.7977,-54.3225,12.3430,10668.6396,-2611.0173,490.5585,-0.0019266,0.0240387,-0.3599115,0.000000,0.000000,0.000000,0.00000,0.00000,0.000,0.000,0.000,0.000,0.000,-6.0000,0.0000,0.0000,6.0000,95.00,95.00,90.00,90.00,65535,65535,65535,1500,1,10,40.4364712,-86.8934293,176.100,-0.713,0.852,0.000
73745,25876,18186,15144,0,0,0.45610,-1.34195,9.20092,-0.061785,0.001065,-0.022371,-8.345,-1.552,14.329,194.7948,-54.3405,12.3298,10677.8018,-2613.7500,491.1302,-0.0019147,0.0240072,-0.3600154,0.000000,0.000000,0.000000,0.00000,0.00000,0.000,0.000,0.000,0.000,0.000,-6.0000,0.0000,0.0000,6.0000,95.00,95.00,90.00,90.00,65535,65535,65535,1500,1,10,40.4364712,-86.8934293,176.100,-0.713,0.852,0.000
73790,20228,18140,15142,0,0,-0.01915,-1.29407,10.22444,-0.023436,0.003196,-0.020240,-8.355,-1.352,15.426,194.7964,-54.3579,12.3467,10686.0576,-2616.2058,491.6340,-0.0019305,0.0239091,-0.3601117,0.000000,0.000000,0.000000,0.00000,0.00000,0.000,0.000,0.000,0.000,0.000,-6.0000,0.0000,0.0000,6.0000,95.00,95.00,90.00,90.00,65535,65535,65535,1500,1,10,40.4364718,-86.8934303,176.100,-0.537,0.664,0.000
73840,25666,18224,15159,0,0,-0.65841,-1.47483,10.52730,0.036219,-0.013848,-0.031958,-8.423,-1.081,15.827,194.8209,-54.3283,12.3806,10698.2686,-2619.1558,492.3325,-0.0019639,0.0236597,-0.3598941,0.000000,0.000000,0.000000,0.00000,0.00000,0.000,0.000,0.000,0.000,0.000,-6.0000,0.0000,0.0000,6.0000,95.00,95.00,90.00,90.00,65535,65535,65535,1500,1,10,40.4364718,-86.8934303,176.100,-0.537,0.664,0.000
73897,30433,20774,15295,0,0,-0.17837,-1.33118,10.42316,-0.028762,-0.010653,-0.014914,-8.522,-0.884,16.536,194.8360,-54.3071,12.3914,10710.5830,-2622.2908,493.0624,-0.0019839,0.0234909,-0.3597535,0.000000,0.000000,0.000000,0.00000,0.00000,0.000,0.000,0.000,0.000,0.000,-6.0000,0.0000,0.0000,6.0000,95.00,95.00,90.00,90.00,65535,65535,65535,1500,1,10,40.4364718,-86.8934312,176.100,-0.469,0.580,0.000
73947,25973,18147,15130,0,0,0.00000,-1.68432,10.23042,0.001065,-0.008522,-0.024501,-8.582,-0.838,17.402,194.8402,-54.2977,12.4245,10721.4775,-2625.2009,493.7469,-0.0019820,0.0234763,-0.3596872,0.000000,0.000000,0.000000,0.00000,0.00000,0.000,0.000,0.000,0.000,0.000,-6.0000,0.0000,0.0000,6.0000,95.00,95.00,90.00,90.00,65535,65535,65535,1500,1,10,40.4364718,-86.8934312,176.100,-0.469,0.580,0.000
73997,30936,18159,15154,0,0,0.39863,-1.57419,9.14824,0.009587,-0.020240,-0.019175,-8.730,-0.937,18.137,194.8401,-54.2801,12.4106,10731.7197,-2627.8909,494.4148,-0.0019602,0.0235746,-0.3595866,0.000000,0.000000,0.000000,0.00000,0.00000,0.000,0.000,0.000,0.000,0.000,-6.0000,0.0000,0.0000,6.0000,95.00,95.00,90.00,90.00,65535,65535,65535,1500,1,10,40.4364707,-86.8934337,176.100,-0.585,0.488,0.000
74037,19123,38341,30305,0,0,0.49799,-1.44370,9.56843,0.053263,-0.018109,-0.018109,-8.672,-1.006,18.609,194.8314,-54.2849,12.4077,10734.8701,-2628.8569,494.6415,-0.0019572,0.0236568,-0.3596229,0.000000,0.000000,0.000000,0.00000,0.00000,0.000,0.000,0.000,0.000,0.000,-6.0000,0.0000,0.0000,6.0000,95.00,95.00,90.00,90.00,65535,65535,65535,1500,1,10,40.4364707,-86.8934337,176.100,-0.585,0.488,0.000
74099,42566,18306,15316,0,0,0.95648,-1.68672,9.22366,-0.034088,-0.008522,-0.013848,-8.858,-1.173,20.297,194.8314,-54.2825,12.4117,10750.0078,-2633.1494,495.6663,-0.0019228,0.0238965,-0.3596329,0.000000,0.000000,0.000000,0.00000,0.00000,0.000,0.000,0.000,0.000,0.000,-6.0000,0.0000,0.0000,6.0000,95.00,95.00,90.00,90.00,65535,65535,65535,1500,1,10,40.4364707,-86.8934337,176.100,-0.585,0.488,0.000
74149,26169,18129,15111,0,0,0.48842,-1.47004,9.53371,-0.018109,-0.007457,-0.012783,-8.795,-1.033,21.721,194.8261,-54.3067,12.4168,10758.6426,-2635.8623,496.2256,-0.0019426,0.0238604,-0.3597999,0.000000,0.000000,0.000000,0.00000,0.00000,0.000,0.000,0.000,0.000,0.000,-6.0000,0.0000,0.0000,6.0000,95.00,95.00,90.00,90.00,65535,65535,65535,1500,1,10,40.4364707,-86.8934337,176.100,-0.585,0.488,0.000
74200,26229,18164,15143,0,0,0.19992,-1.09295,10.10473,0.011718,-0.007457,-0.019175,-8.624,-0.948,23.209,194.8161,-54.3338,12.4293,10766.7139,-2638.4973,496.7678,-0.0019635,0.0238741,-0.3600003,0.000000,0.000000,0.000000,0.00000,0.00000,0.000,0.000,0.000,0.000,0.000,-6.0000,0.0000,0.0000,6.0000,95.00,95.00,90.00,90.00,65535,65535,65535,1500,1,10,40.4364720,-86.8934382,176.100,0.242,0.008,0.000
74244,19633,18208,15190,0,0,0.26935,-1.18274,10.19691,0.035154,-0.004261,-0.009587,-8.409,-0.848,24.658,194.8055,-54.3657,12.4483,10773.3623,-2640.7832,497.2242,-0.0019998,0.0238741,-0.3602248,0.000000,0.000000,0.000000,0.00000,0.00000,0.000,0.000,0.000,0.000,0.000,-6.0000,0.0000,0.0000,6.0000,95.00,95.00,90.00,90.00,65535,65535,65535,1500,1,10,40.4364720,-86.8934382,176.100,0.242,0.008,0.000
74300,30339,19562,15284,0,0,0.04429,-0.81882,9.47266,0.010653,0.004261,-0.014914,-8.240,-0.877,26.151,194.7871,-54.3825,12.4365,10782.1377,-2643.5806,497.8480,-0.0020275,0.0240044,-0.3603870,0.000000,0.000000,0.000000,0.00000,0.00000,0.000,0.000,0.000,0.000,0.000,-6.0000,0.0000,0.0000,6.0000,95.00,95.00,90.00,90.00,65535,65535,65535,1500,1,10,40.4364720,-86.8934382,176.100,0.123,0.004,0.000
74350,25994,18262,15227,0,0,-0.16999,-1.64482,10.24000,0.075634,-0.004261,-0.009587,-8.288,-0.798,26.868,194.7964,-54.3673,12.4621,10793.5645,-2646.5007,498.5414,-0.0019705,0.0239935,-0.3602526,0.000000,0.000000,0.000000,0.00000,0.00000,0.000,0.000,0.000,0.000,0.000,-6.0000,0.0000,0.0000,6.0000,95.00,95.00,90.00,90.00,65535,65535,65535,1500,1,10,40.4364720,-86.8934382,176.100,0.123,0.004,0.000
74401,26608,18228,15197,0,0,0.77692,-1.51433,9.84017,0.064981,-0.007457,-0.017044,-8.251,-0.982,27.531,194.7869,-54.3435,12.4540,10803.8008,-2649.1509,499.2503,-0.0019986,0.0241821,-0.3601164,0.000000,0.000000,0.000000,0.00000,0.00000,0.000,0.000,0.000,0.000,0.000,-6.0000,0.0000,0.0000,6.0000,95.00,95.00,90.00,90.00,65535,65535,65535,1500,1,10,40.4364712,-86.8934390,176.100,0.216,0.007,0.000
74441,24406,33392,30345,0,0,0.62010,-1.45927,9.93115,0.001065,-0.005326,-0.006392,-8.259,-1.083,27.964,194.7773,-54.3371,12.4610,10808.1738,-2650.3645,499.5764,-0.0020396,0.0242918,-0.3600942,0.000000,0.000000,0.000000,0.00000,0.00000,0.000,0.000,0.000,0.000,0.000,-6.0000,0.0000,0.0000,6.0000,95.00,95.00,90.00,90.00,65535,65535,65535,1500,1,10,40.4364712,-86.8934390,176.100,0.216,0.007,0.000
74501,33857,20401,15336,0,0,0.28730,-1.81121,9.22845,0.023436,-0.013848,-0.011718,-8.070,-1.093,29.519,194.7662,-54.3297,12.4608,10821.7100,-2654.2454,500.4881,-0.0021012,0.0243507,-0.3601352,0.000000,0.000000,0.000000,0.00000,0.00000,0.000,0.000,0.000,0.000,0.000,-6.0000,0.0000,0.0000,6.0000,95.00,95.00,90.00,90.00,65535,65535,65535,1500,1,10,40.4364712,-86.8934390,176.100,0.216,0.007,0.000
74541,26553,33387,30373,0,0,-0.07901,-1.25576,9.88087,-0.012783,-0.014914,-0.006392,-8.056,-0.982,30.203,194.7708,-54.3388,12.4632,10826.7793,-2655.7441,500.7876,-0.0020801,0.0242770,-0.3601910,0.000000,0.000000,0.000000,0.00000,0.00000,0.000,0.000,0.000,0.000,0.000,-6.0000,0.0000,0.0000,6.0000,95.00,95.00,90.00,90.00,65535,65535,65535,1500,1,10,40.4364712,-86.8934390,176.100,0.216,0.007,0.000
74606,38038,20563,17505,0,0,-0.18435,-1.00437,10.18015,0.029827,-0.018109,-0.003196,-7.985,-0.912,31.921,194.7700,-54.3437,12.4856,10841.5498,-2659.9583,501.7348,-0.0020798,0.0242638,-0.3602408,0.000000,0.000000,0.000000,0.00000,0.00000,0.000,0.000,0.000,0.000,0.000,-6.0000,0.0000,0.0000,6.0000,95.00,95.00,90.00,90.00,65535,65535,65535,1500,1,10,40.4364712,-86.8934390,176.100,0.216,0.007,0.000
74637,26842,24826,21815,0,0,0.45729,-1.18034,10.07839,-0.051133,-0.011718,-0.005326,-8.000,-0.959,32.589,194.7612,-54.3469,12.4942,10845.9277,-2661.3064,502.0587,-0.0021265,0.0243274,-0.3602931,0.000000,0.000000,0.000000,0.00000,0.00000,0.000,0.000,0.000,0.000,0.000,-6.0000,0.0000,0.0000,6.0000,95.00,95.00,90.00,90.00,65535,65535,65535,1500,1,10,40.4364712,-86.8934390,176.100,0.216,0.007,0.000
74705,23768,18272,15299,0,0,-0.18196,-1.23900,10.39203,0.026632,-0.005326,0.000000,-8.037,-0.873,34.113,194.7635,-54.3462,12.5268,10860.6982,-2665.3901,502.9945,-0.0021117,0.0243093,-0.3602774,0.000000,0.000000,0.000000,0.00000,0.00000,0.000,0.000,0.000,0.000,0.000,-6.0000,0.0000,0.0000,6.0000,95.00,95.00,90.00,90.00,65535,65535,65535,1500,1,10,40.4364700,-86.8934388,175.700,0.103,0.000,0.000
74736,24447,24753,21712,0,0,0.30167,-1.72143,9.85573,-0.022371,0.006392,0.005326,-8.160,-0.899,34.416,194.7619,-54.3354,12.5335,10866.0068,-2666.7173,503.3389,-0.0021022,0.0243635,-0.3601923,0.000000,0.000000,0.000000,0.00000,0.00000,0.000,0.000,0.000,0.000,0.000,-6.0000,0.0000,0.0000,6.0000,95.00,95.00,90.00,90.00,65535,65535,65535,1500,1,10,40.4364700,-86.8934388,175.700,0.103,0.000,0.000
74786,25838,18249,15197,0,0,-0.48363,-1.78009,10.38365,-0.011718,-0.005326,-0.265251,-8.219,-0.646,35.212,194.7768,-54.3410,12.5517,10878.0205,-2670.0063,504.0326,-0.0020506,0.0241689,-0.3601911,0.000000,0.000000,0.000000,0.00000,0.00000,0.000,0.000,0.000,0.000,0.000,-6.0000,0.0000,0.0000,6.0000,95.00,95.00,90.00,90.00,65535,65535,65535,1500,1,10,40.4364700,-86.8934388,175.700,0.103,0.000,0.000
74837,26001,18256,15199,0,0,0.46208,-1.05824,10.14543,0.029827,-0.011718,0.003196,-8.057,-0.573,36.433,194.7745,-54.3482,12.5771,10887.2471,-2672.7280,504.6437,-0.0020803,0.0241518,-0.3602658,0.000000,0.000000,0.000000,0.00000,0.00000,0.000,0.000,0.000,0.000,0.000,-6.0000,0.0000,0.0000,6.0000,95.00,95.00,90.00,90.00,65535,65535,65535,1500,1,10,40.4364693,-86.8934393,175.800,0.103,0.000,0.000
74886,25171,18273,15208,0,0,0.56503,-1.38145,10.20529,0.041545,-0.019175,0.000000,-7.986,-0.773,37.293,194.7565,-54.3356,12.5891,10896.4160,-2675.2290,505.3162,-0.0021537,0.0243434,-0.3602049,0.000000,0.000000,0.000000,0.00000,0.00000,0.000,0.000,0.000,0.000,0.000,-6.0000,0.0000,0.0000,6.0000,95.00,95.00,90.00,90.00,65535,65535,65535,1500,1,10,40.4364693,-86.8934393,175.800,0.103,0.000,0.000
74935,19673,18191,15145,0,0,0.73622,-1.16957,9.65103,-0.021305,-0.017044,0.003196,-8.023,-0.866,38.378,194.7417,-54.3390,12.6032,10904.8945,-2677.7000,505.9254,-0.0022063,0.0244595,-0.3602383,0.000000,0.000000,0.000000,0.00000,0.00000,0.000,0.000,0.000,0.000,0.000,-6.0000,0.0000,0.0000,6.0000,95.00,95.00,90.00,90.00,65535,65535,65535,1500,1,10,40.4364685,-86.8934390,175.900,0.103,0.000,0.000
74985,25913,18241,15186,0,0,0.20710,-0.98282,9.47266,-0.051133,-0.020240,0.014914,-8.007,-0.956,39.793,194.7262,-54.3492,12.6020,10912.7568,-2680.2168,506.5183,-0.0022784,0.0245800,-0.3603790,0.000000,0.000000,0.000000,0.00000,0.00000,0.000,0.000,0.000,0.000,0.000,-6.0000,0.0000,0.0000,6.0000,95.00,95.00,90.00,90.00,65535,65535,65535,1500,1,10,40.4364685,-86.8934390,175.900,0.103,0.000,0.000
75053,39552,21798,18780,0,0,0.03711,-1.13485,9.88087,-0.006392,-0.043676,0.007457,-8.147,-0.898,40.990,194.7312,-54.3423,12.6131,10926.3496,-2683.8379,507.3512,-0.0022500,0.0244927,-0.3603063,0.000000,0.000000,0.000000,0.00000,0.00000,0.000,0.000,0.000,0.000,0.000,-6.0000,0.0000,0.0000,6.0000,95.00,95.00,90.00,90.00,65535,65535,65535,1500,1,10,40.4364685,-86.8934392,175.900,0.103,0.000,0.000
75090,28053,30718,27709,0,0,-0.01317,-1.94050,10.45189,-0.007457,-0.031958,0.000000,-8.275,-0.905,41.236,194.7356,-54.3314,12.6386,10933.1191,-2685.4438,507.7602,-0.0022383,0.0244701,-0.3601682,0.000000,0.000000,0.000000,0.00000,0.00000,0.000,0.000,0.000,0.000,0.000,-6.0000,0.0000,0.0000,6.0000,95.00,95.00,90.00,90.00,65535,65535,65535,1500,1,10,40.4364685,-86.8934392,175.900,0.103,0.000,0.000
75143,24519,18177,15135,0,0,0.47525,-1.30245,9.15303,-0.052198,-0.019175,0.013848,-8.453,-1.058,42.402,194.7324,-54.3244,12.6165,10946.2588,-2688.9539,508.6381,-0.0022387,0.0245979,-0.3600734,0.000000,0.000000,0.000000,0.00000,0.00000,0.000,0.000,0.000,0.000,0.000,-6.0000,0.0000,0.0000,6.0000,95.00,95.00,90.00,90.00,65535,65535,65535,1500,1,10,40.4364693,-86.8934393,175.900,0.170,0.000,0.000
75193,25467,18235,15201,0,0,-0.03232,-1.70228,9.89404,-0.001065,-0.026632,0.007457,-8.456,-1.000,43.669,194.7335,-54.3333,12.6273,10955.3154,-2691.6443,509.2296,-0.0022409,0.0245715,-0.3601586,0.000000,0.000000,0.000000,0.00000,0.00000,0.000,0.000,0.000,0.000,0.000,-6.0000,0.0000,0.0000,6.0000,95.00,95.00,90.00,90.00,65535,65535,65535,1500,1,10,40.4364693,-86.8934393,175.900,0.170,0.000,0.000
75244,26033,18244,15191,0,0,-0.05746,-1.59334,10.15381,0.031958,-0.020240,-0.008522,-8.408,-0.893,44.609,194.7398,-54.3314,12.6491,10965.9688,-2694.5054,509.8866,-0.0022398,0.0244777,-0.3601156,0.000000,0.000000,0.000000,0.00000,0.00000,0.000,0.000,0.000,0.000,0.000,-6.0000,0.0000,0.0000,6.0000,95.00,95.00,90.00,90.00,65535,65535,65535,1500,1,10,40.4364698,-86.8934403,175.900,0.257,0.000,0.000
75294,26144,18207,15187,0,0,0.40223,-1.53947,9.89284,-0.010653,-0.008522,0.004261,-8.192,-0.806,46.309,194.7390,-54.3541,12.6598,10973.5752,-2697.1489,510.4171,-0.0022368,0.0244814,-0.3603746,0.000000,0.000000,0.000000,0.00000,0.00000,0.000,0.000,0.000,0.000,0.000,-6.0000,0.0000,0.0000,6.0000,95.00,95.00,90.00,90.00,65535,65535,65535,1500,1,10,40.4364698,-86.8934403,175.900,0.257,0.000,0.000
75349,25569,18214,15204,0,0,0.23104,-1.90698,10.76194,-0.003196,-0.009587,-0.008522,-8.288,-0.782,47.357,194.7377,-54.3517,12.6908,10984.2305,-2700.0791,511.1142,-0.0022356,0.0245093,-0.3603492,0.000000,0.000000,0.000000,0.00000,0.00000,0.000,0.000,0.000,0.000,0.000,-6.0000,0.0000,0.0000,6.0000,95.00,95.00,90.00,90.00,65535,65535,65535,1500,1,10,40.4364700,-86.8934403,175.900,0.257,0.000,0.000
75393,19730,18233,15192,0,0,0.44053,-1.80164,9.84615,-0.009587,-0.022371,-0.002131,-8.297,-0.800,48.234,194.7335,-54.3500,12.6927,10992.8447,-2702.4600,511.6830,-0.0022367,0.0245412,-0.3603334,0.000000,0.000000,0.000000,0.00000,0.00000,0.000,0.000,0.000,0.000,0.000,-6.0000,0.0000,0.0000,6.0000,95.00,95.00,90.00,90.00,65535,65535,65535,1500,1,10,40.4364700,-86.8934403,175.900,0.257,0.000,0.000
75444,26016,18199,15168,0,0,0.51715,-1.38624,9.03691,-0.010653,-0.031958,-0.005326,-8.364,-1.012,49.614,194.7193,-54.3571,12.6668,11000.9404,-2705.0308,512.2895,-0.0022247,0.0247645,-0.3604587,0.000000,0.000000,0.000000,0.00000,0.00000,0.000,0.000,0.000,0.000,0.000,-6.0000,0.0000,0.0000,6.0000,95.00,95.00,90.00,90.00,65535,65535,65535,1500,1,10,40.4364708,-86.8934415,175.800,0.324,0.000,0.000
75483,24372,33399,30374,0,0,0.76854,-1.77769,9.64983,0.014914,-0.034088,-0.013848,-8.446,-1.208,49.932,194.7087,-54.3491,12.6691,11005.7578,-2706.2708,512.6390,-0.0022255,0.0249232,-0.3603861,0.000000,0.000000,0.000000,0.00000,0.00000,0.000,0.000,0.000,0.000,0.000,-6.0000,0.0000,0.0000,6.0000,95.00,95.00,90.00,90.00,65535,65535,65535,1500,1,10,40.4364708,-86.8934415,175.800,0.324,0.000,0.000
75564,46830,32626,23483,0,0,0.60334,-1.37786,9.35295,-0.007457,-0.049002,-0.020240,-8.550,-1.401,51.490,194.7086,-54.3416,12.6782,11021.5391,-2710.6448,513.6880,-0.0022248,0.0250094,-0.3603598,0.000000,0.000000,0.000000,0.00000,0.00000,0.000,0.000,0.000,0.000,0.000,-6.0000,0.0000,0.0000,6.0000,95.00,95.00,90.00,90.00,65535,65535,65535,1500,1,10,40.4364708,-86.8934415,175.800,0.324,0.000,0.000
75595,39055,24448,21409,0,0,0.33040,-1.60412,10.09635,0.035154,-0.037284,-0.012783,-8.512,-1.457,52.192,194.7082,-54.3386,12.6955,11029.3398,-2712.7581,514.2008,-0.0022321,0.0250327,-0.3603248,0.000000,0.000000,0.000000,0.00000,0.00000,0.000,0.000,0.000,0.000,0.000,-6.0000,0.0000,0.0000,6.0000,95.00,95.00,90.00,90.00,65535,65535,65535,1500,1,10,40.4364708,-86.8934415,175.800,0.324,0.000,0.000
75646,25851,18261,15201,0,0,0.42258,-1.38145,9.98023,-0.021305,-0.025566,-0.014914,-8.375,-1.292,54.001,194.7161,-54.3593,12.7043,11038.8330,-2715.8948,514.8041,-0.0021769,0.0249207,-0.3605827,0.000000,0.000000,0.000000,0.00000,0.00000,0.000,0.000,0.000,0.000,0.000,-6.0000,0.0000,0.0000,6.0000,95.00,95.00,90.00,90.00,65535,65535,65535,1500,1,10,40.4364710,-86.8934415,176.000,0.231,0.000,0.000
75697,26361,18227,15184,0,0,0.61411,-1.95127,9.56603,-0.002131,-0.030893,-0.023436,-8.469,-1.358,54.618,194.7135,-54.3488,12.7080,11049.9111,-2718.6873,515.5177,-0.0022045,0.0249311,-0.3604320,0.000000,0.000000,0.000000,0.00000,0.00000,0.000,0.000,0.000,0.000,0.000,-6.0000,0.0000,0.0000,6.0000,95.00,95.00,90.00,90.00,65535,65535,65535,1500,1,10,40.4364707,-86.8934412,176.000,0.195,0.000,0.000
75757,29970,23730,15316,0,0,0.35314,-1.61489,10.21247,-0.033023,-0.013848,-0.023436,-8.547,-1.378,55.527,194.7119,-54.3445,12.7351,11060.9355,-2721.6487,516.2386,-0.0022155,0.0249498,-0.3603720,0.000000,0.000000,0.000000,0.00000,0.00000,0.000,0.000,0.000,0.000,0.000,-6.0000,0.0000,0.0000,6.0000,95.00,95.00,90.00,90.00,65535,65535,65535,1500,1,10,40.4364707,-86.8934412,176.000,0.195,0.000,0.000
75788,30143,24801,21786,0,0,-0.67636,-1.54785,10.69490,0.007457,-0.015979,-0.026632,-8.528,-1.132,56.021,194.7233,-54.3508,12.7647,11067.9053,-2723.4690,516.6203,-0.0022006,0.0247331,-0.3603400,0.000000,0.000000,0.000000,0.00000,0.00000,0.000,0.000,0.000,0.000,0.000,-6.0000,0.0000,0.0000,6.0000,95.00,95.00,90.00,90.00,65535,65535,65535,1500,1,10,40.4364707,-86.8934412,176.000,0.195,0.000,0.000
75833,19719,18215,15177,0,0,0.03591,-1.38026,10.63026,0.031958,-0.001065,-0.015979,-8.369,-1.064,57.663,194.7250,-54.3613,12.7722,11075.7002,-2726.1538,517.1721,-0.0021690,0.0247810,-0.3605854,0.000000,0.000000,0.000000,0.00000,0.00000,0.000,0.000,0.000,0.000,0.000,-6.0000,0.0000,0.0000,6.0000,95.00,95.00,90.00,90.00,65535,65535,65535,1500,1,10,40.4364713,-86.8934437,175.900,0.201,0.000,0.000
75884,26657,18311,15256,0,0,0.36033,-1.39821,10.48301,0.042611,-0.003196,-0.026632,-8.318,-1.091,58.483,194.7187,-54.3557,12.8026,11085.9287,-2728.8931,517.8591,-0.0021890,0.0248427,-0.3605192,0.000000,0.000000,0.000000,0.00000,0.00000,0.000,0.000,0.000,0.000,0.000,-6.0000,0.0000,0.0000,6.0000,95.00,95.00,90.00,90.00,65535,65535,65535,1500,1,10,40.4364715,-86.8934433,175.900,0.252,0.000,0.000
75934,25989,18245,15214,0,0,0.92775,-1.38265,9.39245,0.005326,-0.002131,-0.024501,-8.381,-1.266,59.312,194.7007,-54.3492,12.8012,11095.3418,-2731.4668,518.5499,-0.0022373,0.0250509,-0.3604625,0.000000,0.000000,0.000000,0.00000,0.00000,0.000,0.000,0.000,0.000,0.000,-6.0000,0.0000,0.0000,6.0000,95.00,95.00,90.00,90.00,65535,65535,65535,1500,1,10,40.4364715,-86.8934433,175.900,0.252,0.000,0.000
75989,26588,18224,15221,0,0,0.52194,-1.55623,9.29070,0.035154,-0.007457,-0.038350,-8.258,-1.364,60.368,194.6884,-54.3461,12.8023,11105.2002,-2734.2974,519.2578,-0.0022802,0.0251809,-0.3604811,0.000000,0.000000,0.000000,0.00000,0.00000,0.000,0.000,0.000,0.000,0.000,-6.0000,0.0000,0.0000,6.0000,95.00,95.00,90.00,90.00,65535,65535,65535,1500,1,9,40.4364708,-86.8934427,176.000,0.134,0.000,0.000
76050,34365,20598,15281,0,0,-0.28611,-1.38864,10.23880,0.019175,-0.005326,-0.024501,-8.170,-1.135,61.603,194.7004,-54.3550,12.8137,11117.1357,-2737.6497,519.9761,-0.0022120,0.0250337,-0.3605147,0.000000,0.000000,0.000000,0.00000,0.00000,0.000,0.000,0.000,0.000,0.000,-6.0000,0.0000,0.0000,6.0000,95.00,95.00,90.00,90.00,65535,65535,65535,1500,1,9,40.4364708,-86.8934427,176.000,0.134,0.000,0.000
76087,27256,30477,27476,0,0,0.12330,-1.26174,9.72884,-0.006392,0.001065,-0.028762,-8.149,-1.064,62.236,194.7024,-54.3571,12.8128,11122.1230,-2739.1299,520.3038,-0.0022067,0.0250114,-0.3605609,0.000000,0.000000,0.000000,0.00000,0.00000,0.000,0.000,0.000,0.000,0.000,-6.0000,0.0000,0.0000,6.0000,95.00,95.00,90.00,90.00,65535,65535,65535,1500,1,9,40.4364703,-86.8934430,176.000,0.062,0.000,0.000
76138,25977,18106,15091,0,0,0.34477,-1.03190,10.32859,-0.034088,-0.010653,-0.013848,-8.038,-0.936,64.087,194.6986,-54.3638,12.8361,11132.1309,-2742.4285,521.0121,-0.0022279,0.0249927,-0.3608081,0.000000,0.000000,0.000000,0.00000,0.00000,0.000,0.000,0.000,0.000,0.000,-6.0000,0.0000,0.0000,6.0000,95.00,95.00,90.00,90.00,65535,65535,65535,1500,1,9,40.4364703,-86.8934430,175.900,0.062,0.000,0.000
76191,25417,18210,15171,0,0,-0.59376,-1.23900,10.05325,0.011718,-0.023436,-0.027697,-7.995,-0.706,65.177,194.7172,-54.3691,12.8439,11143.2148,-2745.5115,521.6607,-0.0021627,0.0247933,-0.3608323,0.000000,0.000000,0.000000,0.00000,0.00000,0.000,0.000,0.000,0.000,0.000,-6.0000,0.0000,0.0000,6.0000,95.00,95.00,90.00,90.00,65535,65535,65535,1500,1,9,40.4364703,-86.8934430,175.900,0.062,0.000,0.000
76236,19635,18200,15164,0,0,-0.10654,-1.31921,9.89763,0.035154,-0.022371,-0.033023,-7.792,-0.784,66.382,194.7103,-54.3707,12.8458,11150.1016,-2747.7595,522.1848,-0.0022036,0.0248772,-0.3609775,0.000000,0.000000,0.000000,0.00000,0.00000,0.000,0.000,0.000,0.000,0.000,-6.0000,0.0000,0.0000,6.0000,95.00,95.00,90.00,90.00,65535,65535,65535,1500,1,9,40.4364700,-86.8934432,175.900,0.077,0.000,0.000
76286,25840,18229,15201,0,0,0.73741,-1.57898,9.54688,0.021305,-0.018109,-0.018109,-8.034,-1.106,66.592,194.6859,-54.3578,12.8486,11161.5537,-2750.4016,522.9839,-0.0022762,0.0251176,-0.3606710,0.000000,0.000000,0.000000,0.00000,0.00000,0.000,0.000,0.000,0.000,0.000,-6.0000,0.0000,0.0000,6.0000,95.00,95.00,90.00,90.00,65535,65535,65535,1500,1,9,40.4364700,-86.8934432,175.900,0.077,0.000,0.000
76337,26061,18241,15215,0,0,0.67277,-1.22224,9.93235,0.009587,-0.023436,-0.025566,-7.873,-1.071,68.057,194.6865,-54.3613,12.8611,11169.7285,-2753.0728,523.5625,-0.0022846,0.0251111,-0.3608610,0.000000,0.000000,0.000000,0.00000,0.00000,0.000,0.000,0.000,0.000,0.000,-6.0000,0.0000,0.0000,6.0000,95.00,95.00,90.00,90.00,65535,65535,65535,1500,1,9,40.4364698,-86.8934433,175.800,0.206,0.000,0.000
76399,29960,25752,15291,0,0,0.87628,-1.53947,10.07839,0.039415,-0.025566,-0.029827,-7.783,-1.305,69.470,194.6691,-54.3576,12.8557,11177.8145,-2755.7036,524.2273,-0.0023610,0.0253457,-0.3610080,0.000000,0.000000,0.000000,0.00000,0.00000,0.000,0.000,0.000,0.000,0.000,-6.0000,0.0000,0.0000,6.0000,95.00,95.00,90.00,90.00,65535,65535,65535,1500,1,9,40.4364698,-86.8934433,175.800,0.206,0.000,0.000
76449,25327,18200,15185,0,0,1.18513,-1.30484,9.28950,-0.009587,-0.026632,-0.013848,-7.824,-1.559,70.584,194.6508,-54.3554,12.8239,11188.2197,-2758.6575,524.9954,-0.0024164,0.0255466,-0.3610023,0.000000,0.000000,0.000000,0.00000,0.00000,0.000,0.000,0.000,0.000,0.000,-6.0000,0.0000,0.0000,6.0000,95.00,95.00,90.00,90.00,65535,65535,65535,1500,1,9,40.4364692,-86.8934433,175.800,0.206,0.000,0.000
76494,20023,18191,15198,0,0,0.06584,-1.25097,10.23880,-0.037284,-0.017044,-0.008522,-7.824,-1.415,71.830,194.6588,-54.3581,12.8522,11195.9463,-2761.0732,525.4996,-0.0023986,0.0254592,-0.3611404,0.000000,0.000000,0.000000,0.00000,0.00000,0.000,0.000,0.000,0.000,0.000,-6.0000,0.0000,0.0000,6.0000,95.00,95.00,90.00,90.00,65535,65535,65535,1500,1,9,40.4364685,-86.8934428,175.800,0.345,0.000,0.000
76534,24777,33399,30348,0,0,0.97085,-1.16238,9.96946,0.015979,-0.007457,-0.012783,-7.758,-1.560,72.532,194.6462,-54.3559,12.8576,11199.3076,-2762.2305,525.7983,-0.0024259,0.0256228,-0.3612244,0.000000,0.000000,0.000000,0.00000,0.00000,0.000,0.000,0.000,0.000,0.000,-6.0000,0.0000,0.0000,6.0000,95.00,95.00,90.00,90.00,65535,65535,65535,1500,1,9,40.4364685,-86.8934428,176.000,0.345,0.000,0.000
76617,43298,33619,30431,0,0,0.07781,-0.90621,9.73602,0.020240,-0.006392,-0.012783,-7.696,-1.343,74.349,194.6484,-54.3621,12.8394,11215.3555,-2766.7986,526.8318,-0.0024127,0.0255126,-0.3612815,0.000000,0.000000,0.000000,0.00000,0.00000,0.000,0.000,0.000,0.000,0.000,-6.0000,0.0000,0.0000,6.0000,95.00,95.00,90.00,90.00,65535,65535,65535,1500,1,9,40.4364685,-86.8934428,176.000,0.345,0.000,0.000
76650,34710,32539,26470,0,0,0.20710,-0.88466,9.52892,-0.018109,0.001065,-0.001065,-7.627,-1.251,75.384,194.6461,-54.3619,12.8285,11220.9160,-2768.6140,527.2236,-0.0024213,0.0254921,-0.3614118,0.000000,0.000000,0.000000,0.00000,0.00000,0.000,0.000,0.000,0.000,0.000,-6.0000,0.0000,0.0000,6.0000,95.00,95.00,90.00,90.00,65535,65535,65535,1500,1,9,40.4364685,-86.8934428,176.000,0.345,0.000,0.000
76695,24990,18228,15208,0,0,0.89902,-1.24618,9.36851,0.002131,-0.010653,0.004261,-7.727,-1.485,76.529,194.6290,-54.3583,12.8152,11231.6182,-2771.6121,528.0085,-0.0024482,0.0257506,-0.3613816,0.000000,0.000000,0.000000,0.00000,0.00000,0.000,0.000,0.000,0.000,0.000,-6.0000,0.0000,0.0000,6.0000,95.00,95.00,90.00,90.00,65535,65535,65535,1500,1,9,40.4364682,-86.8934407,176.000,0.180,0.000,0.000
76745,25831,18213,15194,0,0,0.56383,-1.20787,9.43076,-0.054328,-0.009587,0.000000,-7.704,-1.487,77.991,194.6240,-54.3573,12.8068,11239.5020,-2774.1785,528.5896,-0.0024656,0.0258144,-0.3615505,0.000000,0.000000,0.000000,0.00000,0.00000,0.000,0.000,0.000,0.000,0.000,-6.0000,0.0000,0.0000,6.0000,95.00,95.00,90.00,90.00,65535,65535,65535,1500,1,9,40.4364682,-86.8934407,176.000,0.180,0.000,0.000
76801,30247,19978,15333,0,0,0.36871,-1.91177,9.77912,0.005326,-0.014914,0.003196,-7.765,-1.490,79.031,194.6263,-54.3576,12.8285,11250.4854,-2777.1680,529.3069,-0.0024619,0.0258297,-0.3615105,0.000000,0.000000,0.000000,0.00000,0.00000,0.000,0.000,0.000,0.000,0.000,-6.0000,0.0000,0.0000,6.0000,95.00,95.00,90.00,90.00,65535,65535,65535,1500,1,9,40.4364678,-86.8934402,176.000,0.139,0.000,0.000
76832,21034,29768,21863,0,0,-0.62249,-1.42575,10.26514,-0.003196,-0.023436,0.005326,-7.782,-1.273,79.311,194.6404,-54.3578,12.8403,11255.9229,-2778.4993,529.5890,-0.0024553,0.0256201,-0.3614463,0.000000,0.000000,0.000000,0.00000,0.00000,0.000,0.000,0.000,0.000,0.000,-6.0000,0.0000,0.0000,6.0000,95.00,95.00,90.00,90.00,65535,65535,65535,1500,1,9,40.4364678,-86.8934402,176.000,0.139,0.000,0.000
76882,30797,18248,15185,0,0,0.02873,-0.91578,9.87369,-0.027697,-0.018109,0.011718,-7.685,-1.110,81.028,194.6417,-54.3580,12.8521,11266.6201,-2781.7993,530.3089,-0.0024714,0.0255120,-0.3616125,0.000000,0.000000,0.000000,0.00000,0.00000,0.000,0.000,0.000,0.000,0.000,-6.0000,0.0000,0.0000,6.0000,95.00,95.00,90.00,90.00,65535,65535,65535,1500,1,9,40.4364678,-86.8934402,176.000,0.139,0.000,0.000
76945,18998,18097,15092,0,0,-0.07422,-0.82001,9.63546,0.015979,-0.030893,0.000000,-7.726,-1.129,82.679,194.6424,-54.3551,12.8552,11277.5977,-2785.1375,531.0728,-0.0024675,0.0255532,-0.3617410,0.000000,0.000000,0.000000,0.00000,0.00000,0.000,0.000,0.000,0.000,0.000,-6.0000,0.0000,0.0000,6.0000,95.00,95.00,90.00,90.00,65535,65535,65535,1500,1,9,40.4364677,-86.8934407,176.300,0.139,0.000,0.000
76996,31123,18236,15195,0,0,0.45849,-1.45448,9.69173,-0.042611,-0.021305,0.009587,-7.861,-1.273,83.778,194.6361,-54.3540,12.8622,11286.9541,-2787.7947,531.7203,-0.0024427,0.0256954,-0.3617456,0.000000,0.000000,0.000000,0.00000,0.00000,0.000,0.000,0.000,0.000,0.000,-6.0000,0.0000,0.0000,6.0000,95.00,95.00,90.00,90.00,65535,65535,65535,1500,1,9,40.4364668,-86.8934412,176.300,0.329,0.000,0.000
77046,28293,40062,30412,0,0,0.41659,-1.52511,10.57040,0.029827,-0.030893,0.002131,-7.840,-1.329,84.372,194.6345,-54.3529,12.8872,11292.3730,-2789.3127,532.0873,-0.0024373,0.0257379,-0.3617427,0.000000,0.000000,0.000000,0.00000,0.00000,0.000,0.000,0.000,0.000,0.000,-6.0000,0.0000,0.0000,6.0000,95.00,95.00,90.00,90.00,65535,65535,65535,1500,1,9,40.4364668,-86.8934412,176.300,0.329,0.000,0.000
77084,44725,33386,30354,0,0,0.22266,-1.14922,9.06804,-0.020240,-0.031958,0.007457,-7.876,-1.335,85.431,194.6328,-54.3517,12.8567,11300.7002,-2791.7202,532.6458,-0.0024354,0.0257348,-0.3617837,0.000000,0.000000,0.000000,0.00000,0.00000,0.000,0.000,0.000,0.000,0.000,-6.0000,0.0000,0.0000,6.0000,95.00,95.00,90.00,90.00,65535,65535,65535,1500,1,9,40.4364668,-86.8934412,176.300,0.329,0.000,0.000
77149,19001,18074,15086,0,0,-0.20351,-1.17076,10.31542,-0.024501,-0.022371,0.008522,-7.931,-1.369,87.283,194.6353,-54.3394,12.8518,11315.8027,-2796.0591,533.6622,-0.0024343,0.0257586,-0.3618407,0.000000,0.000000,0.000000,0.00000,0.00000,0.000,0.000,0.000,0.000,0.000,-6.0000,0.0000,0.0000,6.0000,95.00,95.00,90.00,90.00,65535,65535,65535,1500,1,9,40.4364652,-86.8934403,176.300,0.401,0.000,0.000
77200,31364,18227,15211,0,0,-0.12091,-0.42377,9.67257,-0.018109,-0.017044,0.005326,-7.829,-1.245,88.982,194.6297,-54.3364,12.8404,11323.2969,-2798.6541,534.2001,-0.0024235,0.0257150,-0.3620946,0.000000,0.000000,0.000000,0.00000,0.00000,0.000,0.000,0.000,0.000,0.000,-6.0000,0.0000,0.0000,6.0000,95.00,95.00,90.00,90.00,65535,65535,65535,1500,1,9,40.4364648,-86.8934400,176.300,0.365,0.000,0.000
77235,28144,25464,17038,0,0,0.85234,-1.61968,9.69652,-0.002131,-0.009587,0.007457,-7.921,-1.393,89.616,194.6241,-54.3334,12.8415,11328.3682,-2800.1199,534.5623,-0.0023809,0.0258853,-0.3620996,0.000000,0.000000,0.000000,0.00000,0.00000,0.000,0.000,0.000,0.000,0.000,-6.0000,0.0000,0.0000,6.0000,95.00,95.00,90.00,90.00,65535,65535,65535,1500,1,9,40.4364648,-86.8934400,176.300,0.365,0.000,0.000
77286,25907,18261,15217,0,0,0.59855,-1.35392,10.02213,-0.011718,-0.012783,0.008522,-7.910,-1.332,91.119,194.6219,-54.3308,12.8358,11338.5352,-2803.1738,535.2561,-0.0023720,0.0258936,-0.3622056,0.000000,0.000000,0.000000,0.00000,0.00000,0.000,0.000,0.000,0.000,0.000,-6.0000,0.0000,0.0000,6.0000,95.00,95.00,90.00,90.00,65535,65535,65535,1500,1,9,40.4364648,-86.8934400,176.300,0.365,0.000,0.000
77349,19030,18093,15101,0,0,0.48123,-1.42814,9.76954,0.035154,-0.021305,0.006392,-7.825,-1.211,92.647,194.6243,-54.3288,12.8434,11350.3359,-2806.6006,536.0416,-0.0024045,0.0257967,-0.3622821,0.000000,0.000000,0.000000,0.00000,0.00000,0.000,0.000,0.000,0.000,0.000,-6.0000,0.0000,0.0000,6.0000,95.00,95.00,90.00,90.00,65535,65535,65535,1500,1,9,40.4364638,-86.8934385,176.400,0.365,0.000,0.000
77400,26397,18271,15244,0,0,0.68235,-1.95127,9.94312,0.022371,-0.026632,-0.006392,-7.990,-1.479,93.446,194.6172,-54.3314,12.8423,11360.7480,-2809.3320,536.7446,-0.0023715,0.0260204,-0.3621682,0.000000,0.000000,0.000000,0.00000,0.00000,0.000,0.000,0.000,0.000,0.000,-6.0000,0.0000,0.0000,6.0000,95.00,95.00,90.00,90.00,65535,65535,65535,1500,1,9,40.4364635,-86.8934365,176.400,0.314,0.000,0.000
77455,30344,18283,15335,0,0,0.53151,-1.87825,9.67856,0.025566,-0.023436,-0.006392,-8.034,-1.512,94.382,194.6201,-54.3324,12.8314,11372.0684,-2812.3450,537.4813,-0.0023798,0.0260409,-0.3620920,0.000000,0.000000,0.000000,0.00000,0.00000,0.000,0.000,0.000,0.000,0.000,-6.0000,0.0000,0.0000,6.0000,95.00,95.00,90.00,90.00,65535,65535,65535,1500,1,9,40.4364635,-86.8934365,176.400,0.314,0.000,0.000
77486,24869,25090,22074,0,0,0.36272,-1.75495,9.75158,-0.009587,-0.022371,-0.020240,-8.153,-1.575,94.602,194.6197,-54.3372,12.8362,11377.8623,-2813.7502,537.8487,-0.0023843,0.0260814,-0.3619811,0.000000,0.000000,0.000000,0.00000,0.00000,0.000,0.000,0.000,0.000,0.000,-6.0000,0.0000,0.0000,6.0000,95.00,95.00,90.00,90.00,65535,65535,65535,1500,1,9,40.4364635,-86.8934360,176.400,0.216,0.000,0.000
77566,39573,33301,30299,0,0,0.53750,-1.07260,9.09318,0.009587,-0.019175,-0.012783,-8.008,-1.628,96.371,194.6076,-54.3249,12.8336,11390.1689,-2817.4709,538.7200,-0.0023829,0.0261824,-0.3621102,0.000000,0.000000,0.000000,0.00000,0.00000,0.000,0.000,0.000,0.000,0.000,-6.0000,0.0000,0.0000,6.0000,95.00,95.00,90.00,90.00,65535,65535,65535,1500,1,9,40.4364635,-86.8934360,176.500,0.216,0.000,0.000
77601,34515,34275,26424,0,0,0.28730,-1.39462,9.99220,0.029827,-0.012783,-0.024501,-7.962,-1.612,97.046,194.6075,-54.3248,12.8435,11396.8711,-2819.3445,539.1627,-0.0023829,0.0261831,-0.3621114,0.000000,0.000000,0.000000,0.00000,0.00000,0.000,0.000,0.000,0.000,0.000,-6.0000,0.0000,0.0000,6.0000,95.00,95.00,90.00,90.00,65535,65535,65535,1500,1,9,40.4364635,-86.8934360,176.500,0.216,0.000,0.000
77633,40571,25038,22006,0,0,0.08380,-1.47243,10.40041,0.002131,-0.011718,-0.020240,-7.978,-1.537,97.813,194.6118,-54.3293,12.8717,11405.0771,-2821.5967,539.6855,-0.0023766,0.0261339,-0.3620987,0.000000,0.000000,0.000000,0.00000,0.00000,0.000,0.000,0.000,0.000,0.000,-6.0000,0.0000,0.0000,6.0000,95.00,95.00,90.00,90.00,65535,65535,65535,1500,1,9,40.4364635,-86.8934360,176.500,0.216,0.000,0.000
77689,28213,18298,15251,0,0,0.51236,-1.64601,9.41759,0.005326,-0.011718,-0.018109,-8.023,-1.710,98.643,194.6059,-54.3357,12.8546,11418.4658,-2825.0347,540.5837,-0.0024132,0.0262846,-0.3619277,0.000000,0.000000,0.000000,0.00000,0.00000,0.000,0.000,0.000,0.000,0.000,-6.0000,0.0000,0.0000,6.0000,95.00,95.00,90.00,90.00,65535,65535,65535,1500,1,9,40.4364627,-86.8934347,176.500,0.314,0.000,0.000
77739,30629,18228,15187,0,0,0.24421,-1.62686,9.49301,-0.023436,0.005326,-0.008522,-8.126,-1.786,99.452,194.6012,-54.3421,12.8542,11428.4229,-2827.6997,541.2670,-0.0024423,0.0264006,-0.3618536,0.000000,0.000000,0.000000,0.00000,0.00000,0.000,0.000,0.000,0.000,0.000,-6.0000,0.0000,0.0000,6.0000,95.00,95.00,90.00,90.00,65535,65535,65535,1500,1,9,40.4364627,-86.8934347,176.500,0.314,0.000,0.000
77784,20262,18219,15213,0,0,0.59496,-0.87867,10.17775,0.041545,0.001065,-0.023436,-7.888,-1.772,100.914,194.5873,-54.3251,12.8690,11434.1240,-2829.8018,541.7578,-0.0024985,0.0264830,-0.3620965,0.000000,0.000000,0.000000,0.00000,0.00000,0.000,0.000,0.000,0.000,0.000,-6.0000,0.0000,0.0000,6.0000,95.00,95.00,90.00,90.00,65535,65535,65535,1500,1,9,40.4364627,-86.8934345,176.400,0.293,0.000,0.000
77834,25902,18242,15222,0,0,0.44532,-1.30245,9.90721,0.046872,-0.001065,-0.029827,-7.844,-1.627,101.906,194.5919,-54.3257,12.8972,11444.1133,-2832.5850,542.3974,-0.0024875,0.0264142,-0.3621030,0.000000,0.000000,0.000000,0.00000,0.00000,0.000,0.000,0.000,0.000,0.000,-6.0000,0.0000,0.0000,6.0000,95.00,95.00,90.00,90.00,65535,65535,65535,1500,1,9,40.4364627,-86.8934345,176.400,0.293,0.000,0.000
77889,26723,18240,15195,0,0,0.14964,-1.18393,9.90122,0.022371,0.005326,-0.022371,-7.840,-1.504,102.985,194.5953,-54.3262,12.9169,11454.9590,-2835.6042,543.1019,-0.0024759,0.0263783,-0.3621037,0.000000,0.000000,0.000000,0.00000,0.00000,0.000,0.000,0.000,0.000,0.000,-6.0000,0.0000,0.0000,6.0000,95.00,95.00,90.00,90.00,65535,65535,65535,1500,1,9,40.4364622,-86.8934335,176.500,0.293,0.000,0.000
77939,25872,18248,15213,0,0,0.30406,-1.61728,9.26317,0.053263,-0.008522,-0.022371,-7.869,-1.534,103.622,194.6010,-54.3376,12.9321,11466.2568,-2838.4753,543.8081,-0.0024453,0.0264212,-0.3619566,0.000000,0.000000,0.000000,0.00000,0.00000,0.000,0.000,0.000,0.000,0.000,-6.0000,0.0000,0.0000,6.0000,95.00,95.00,90.00,90.00,65535,65535,65535,1500,1,9,40.4364622,-86.8934335,176.500,0.293,0.000,0.000
77990,26349,18278,15226,0,0,0.08739,-1.35392,9.60913,-0.007457,-0.001065,-0.008522,-7.862,-1.569,104.554,194.5961,-54.3390,12.9381,11476.0898,-2841.1841,544.4858,-0.0024783,0.0264783,-0.3619293,0.000000,0.000000,0.000000,0.00000,0.00000,0.000,0.000,0.000,0.000,0.000,-6.0000,0.0000,0.0000,6.0000,95.00,95.00,90.00,90.00,65535,65535,65535,1500,1,9,40.4364625,-86.8934340,176.500,0.293,0.000,0.000
78051,36800,18267,15282,0,0,0.78530,-1.46046,9.88805,0.044741,-0.004261,-0.025566,-7.747,-1.824,105.684,194.5690,-54.3302,12.9499,11486.5977,-2844.1667,545.3297,-0.0026420,0.0267295,-0.3619144,0.000000,0.000000,0.000000,0.00000,0.00000,0.000,0.000,0.000,0.000,0.000,-6.0000,0.0000,0.0000,6.0000,95.00,95.00,90.00,90.00,65535,65535,65535,1500,1,9,40.4364625,-86.8934340,176.500,0.293,0.000,0.000
78093,29012,31123,22782,0,0,0.31963,-1.65200,9.43316,-0.027697,0.007457,-0.018109,-7.904,-1.811,106.057,194.5750,-54.3373,12.9447,11493.1797,-2845.8411,545.7354,-0.0026149,0.0267508,-0.3618296,0.000000,0.000000,0.000000,0.00000,0.00000,0.000,0.000,0.000,0.000,0.000,-6.0000,0.0000,0.0000,6.0000,95.00,95.00,90.00,90.00,65535,65535,65535,1500,1,9,40.4364623,-86.8934347,176.500,0.340,0.000,0.000
78143,30604,17611,14592,0,0,0.47525,-1.53947,9.92397,-0.012783,-0.002131,-0.007457,-7.943,-1.875,107.217,194.5652,-54.3368,12.9415,11505.1826,-2849.1477,546.5820,-0.0026717,0.0268687,-0.3617892,0.000000,0.000000,0.000000,0.00000,0.00000,0.000,0.000,0.000,0.000,0.000,-6.0000,0.0000,0.0000,6.0000,95.00,95.00,90.00,90.00,65535,65535,65535,1500,1,9,40.4364623,-86.8934347,176.500,0.340,0.000,0.000
78192,30938,18257,15205,0,0,0.33160,-0.68235,9.39485,-0.055394,-0.006392,-0.011718,-7.830,-1.930,108.521,194.5401,-54.3241,12.9311,11512.1270,-2851.4189,547.1848,-0.0028129,0.0269602,-0.3619407,0.000000,0.000000,0.000000,0.00000,0.00000,0.000,0.000,0.000,0.000,0.000,-6.0000,0.0000,0.0000,6.0000,95.00,95.00,90.00,90.00,65535,65535,65535,1500,1,9,40.4364617,-86.8934352,176.500,0.262,0.000,0.000
78236,19759,18180,15165,0,0,0.73741,-1.34674,9.69891,0.066046,-0.010653,-0.023436,-7.731,-2.085,109.347,194.5263,-54.3245,12.9642,11519.9854,-2853.6423,547.7834,-0.0028873,0.0271077,-0.3619332,0.000000,0.000000,0.000000,0.00000,0.00000,0.000,0.000,0.000,0.000,0.000,-6.0000,0.0000,0.0000,6.0000,95.00,95.00,90.00,90.00,65535,65535,65535,1500,1,9,40.4364617,-86.8934352,176.500,0.262,0.000,0.000
78297,30589,23745,15296,0,0,0.08380,-0.48722,10.13466,0.003196,-0.003196,-0.015979,-7.515,-1.890,110.965,194.5093,-54.3068,12.9779,11528.3457,-2856.3914,548.4136,-0.0029525,0.0270034,-0.3621562,0.000000,0.000000,0.000000,0.00000,0.00000,0.000,0.000,0.000,0.000,0.000,-6.0000,0.0000,0.0000,6.0000,95.00,95.00,90.00,90.00,65535,65535,65535,1500,1,9,40.4364603,-86.8934355,176.500,0.190,0.000,0.000
78347,25961,18210,15208,0,0,0.52553,-1.05105,10.20289,0.025566,-0.003196,-0.008522,-7.442,-1.801,112.128,194.5118,-54.3064,12.9941,11539.2031,-2859.4468,549.1309,-0.0029452,0.0269694,-0.3621731,0.000000,0.000000,0.000000,0.00000,0.00000,0.000,0.000,0.000,0.000,0.000,-6.0000,0.0000,0.0000,6.0000,95.00,95.00,90.00,90.00,65535,65535,65535,1500,1,9,40.4364603,-86.8934355,176.500,0.190,0.000,0.000
78398,26485,18264,15228,0,0,0.43335,-1.29287,10.04966,0.005326,-0.004261,-0.010653,-7.519,-1.791,113.151,194.5092,-54.3062,13.0177,11548.9922,-2862.1826,549.7991,-0.0029583,0.0269982,-0.3621701,0.000000,0.000000,0.000000,0.00000,0.00000,0.000,0.000,0.000,0.000,0.000,-6.0000,0.0000,0.0000,6.0000,95.00,95.00,90.00,90.00,65535,65535,65535,1500,1,9,40.4364600,-86.8934353,176.400,0.185,0.000,0.000
78442,19772,18212,15156,0,0,0.80565,-1.65679,9.73363,-0.053263,0.000000,-0.006392,-7.734,-1.964,113.832,194.5034,-54.3170,13.0249,11557.9121,-2864.5437,550.4244,-0.0029705,0.0271850,-0.3620787,0.000000,0.000000,0.000000,0.00000,0.00000,0.000,0.000,0.000,0.000,0.000,-6.0000,0.0000,0.0000,6.0000,95.00,95.00,90.00,90.00,65535,65535,65535,1500,1,9,40.4364600,-86.8934353,176.400,0.185,0.000,0.000
78498,30427,18762,15341,0,0,0.37948,-1.95367,9.79348,0.022371,-0.007457,-0.008522,-7.771,-1.894,114.921,194.5109,-54.3178,13.0356,11568.9619,-2867.5823,551.1423,-0.0029550,0.0271565,-0.3620586,0.000000,0.000000,0.000000,0.00000,0.00000,0.000,0.000,0.000,0.000,0.000,-6.0000,0.0000,0.0000,6.0000,95.00,95.00,90.00,90.00,65535,65535,65535,1500,1,9,40.4364592,-86.8934347,176.400,0.041,0.000,0.000
78537,24939,33376,30357,0,0,-0.02993,-1.33237,9.34218,-0.007457,-0.001065,-0.001065,-7.809,-1.770,115.418,194.5184,-54.3196,13.0259,11574.3281,-2869.0376,551.4606,-0.0029253,0.0270737,-0.3620480,0.000000,0.000000,0.000000,0.00000,0.00000,0.000,0.000,0.000,0.000,0.000,-6.0000,0.0000,0.0000,6.0000,95.00,95.00,90.00,90.00,65535,65535,65535,1500,1,9,40.4364592,-86.8934347,176.400,0.041,0.000,0.000
78615,43427,33344,30350,0,0,-0.07183,-1.05943,10.57399,-0.013848,-0.013848,-0.006392,-7.938,-1.656,116.966,194.5262,-54.3299,13.0835,11590.0732,-2873.3669,552.4795,-0.0029014,0.0270104,-0.3620217,0.000000,0.000000,0.000000,0.00000,0.00000,0.000,0.000,0.000,0.000,0.000,-6.0000,0.0000,0.0000,6.0000,95.00,95.00,90.00,90.00,65535,65535,65535,1500,1,9,40.4364595,-86.8934350,176.400,0.062,0.000,0.000
78650,34441,33588,26287,0,0,0.35793,-1.58137,9.37210,0.006392,-0.017044,0.001065,-8.018,-1.688,117.543,194.5323,-54.3355,13.0743,11597.4434,-2875.3108,552.9528,-0.0028810,0.0270447,-0.3619586,0.000000,0.000000,0.000000,0.00000,0.00000,0.000,0.000,0.000,0.000,0.000,-6.0000,0.0000,0.0000,6.0000,95.00,95.00,90.00,90.00,65535,65535,65535,1500,1,9,40.4364595,-86.8934350,176.400,0.062,0.000,0.000
78699,23809,19110,15304,0,0,-0.38068,-1.26294,10.27831,0.006392,-0.024501,-0.005326,-8.058,-1.535,118.902,194.5357,-54.3299,13.0997,11609.9854,-2878.8333,553.7688,-0.0028784,0.0269126,-0.3619859,0.000000,0.000000,0.000000,0.00000,0.00000,0.000,0.000,0.000,0.000,0.000,-6.0000,0.0000,0.0000,6.0000,95.00,95.00,90.00,90.00,65535,65535,65535,1500,1,9,40.4364595,-86.8934350,176.400,0.062,0.000,0.000
78749,26031,18210,15178,0,0,0.33279,-1.67115,10.31422,0.035154,-0.022371,-0.015979,-8.141,-1.601,119.684,194.5441,-54.3428,13.1189,11621.1504,-2881.7488,554.4831,-0.0028559,0.0269536,-0.3618755,0.000000,0.000000,0.000000,0.00000,0.00000,0.000,0.000,0.000,0.000,0.000,-6.0000,0.0000,0.0000,6.0000,95.00,95.00,90.00,90.00,65535,65535,65535,1500,1,9,40.4364595,-86.8934350,176.400,0.062,0.000,0.000
78783,25092,26464,23440,0,0,-0.30646,-0.86431,9.69412,-0.017044,-0.015979,-0.012783,-8.030,-1.386,120.478,194.5427,-54.3281,13.1138,11625.2031,-2883.0747,554.7545,-0.0028590,0.0267848,-0.3619988,0.000000,0.000000,0.000000,0.00000,0.00000,0.000,0.000,0.000,0.000,0.000,-6.0000,0.0000,0.0000,6.0000,95.00,95.00,90.00,90.00,65535,65535,65535,1500,1,9,40.4364588,-86.8934360,176.400,0.099,-0.065,0.000
78833,25882,18161,15099,0,0,0.25139,-1.05225,9.66779,-0.003196,-0.009587,-0.023436,-7.943,-1.281,121.901,194.5334,-54.3154,13.1118,11635.3936,-2886.1284,555.4808,-0.0028809,0.0267438,-0.3621129,0.000000,0.000000,0.000000,0.00000,0.00000,0.000,0.000,0.000,0.000,0.000,-6.0000,0.0000,0.0000,6.0000,95.00,95.00,90.00,90.00,65535,65535,65535,1500,1,9,40.4364588,-86.8934360,176.400,0.099,-0.065,0.000
78901,23254,18248,15275,0,0,0.67756,-1.68672,9.51815,0.022371,-0.017044,-0.020240,-8.205,-1.514,122.618,194.5460,-54.3478,13.1301,11650.8994,-2890.0181,556.4798,-0.0028567,0.0269470,-0.3618549,0.000000,0.000000,0.000000,0.00000,0.00000,0.000,0.000,0.000,0.000,0.000,-6.0000,0.0000,0.0000,6.0000,95.00,95.00,90.00,90.00,65535,65535,65535,1500,1,9,40.4364580,-86.8934360,176.400,0.060,-0.040,0.000
78932,24419,24748,21747,0,0,0.67038,-1.36589,9.24401,-0.011718,-0.010653,-0.021305,-8.238,-1.621,123.106,194.5392,-54.3474,13.1195,11655.1875,-2891.2495,556.8093,-0.0028754,0.0270579,-0.3618580,0.000000,0.000000,0.000000,0.00000,0.00000,0.000,0.000,0.000,0.000,0.000,-6.0000,0.0000,0.0000,6.0000,95.00,95.00,90.00,90.00,65535,65535,65535,1500,1,9,40.4364580,-86.8934360,176.400,0.060,-0.040,0.000
78983,26398,18283,15244,0,0,0.50039,-1.49159,9.53730,-0.008522,-0.011718,-0.018109,-8.308,-1.573,124.148,194.5455,-54.3538,13.1275,11666.8486,-2894.4338,557.5736,-0.0028633,0.0270450,-0.3618213,0.000000,0.000000,0.000000,0.00000,0.00000,0.000,0.000,0.000,0.000,0.000,-6.0000,0.0000,0.0000,6.0000,95.00,95.00,90.00,90.00,65535,65535,65535,1500,1,9,40.4364573,-86.8934365,176.300,0.060,-0.040,0.000
79050,39570,21775,18751,0,0,-0.01556,-0.68833,10.07001,-0.009587,-0.012783,-0.011718,-8.288,-1.428,125.639,194.5319,-54.3532,13.1255,11678.5088,-2897.8379,558.3786,-0.0028775,0.0269693,-0.3619083,0.000000,0.000000,0.000000,0.00000,0.00000,0.000,0.000,0.000,0.000,0.000,-6.0000,0.0000,0.0000,6.0000,95.00,95.00,90.00,90.00,65535,65535,65535,1500,1,9,40.4364573,-86.8934365,176.300,0.060,-0.040,0.000
79088,28805,30362,27320,0,0,-0.39624,-1.87586,10.58117,-0.031958,-0.004261,-0.012783,-8.428,-1.264,125.931,194.5546,-54.3712,13.1537,11685.9072,-2899.6538,558.7900,-0.0028572,0.0268298,-0.3617923,0.000000,0.000000,0.000000,0.00000,0.00000,0.000,0.000,0.000,0.000,0.000,-6.0000,0.0000,0.0000,6.0000,95.00,95.00,90.00,90.00,65535,65535,65535,1500,1,9,40.4364558,-86.8934360,176.300,0.197,-0.131,0.000
79139,23521,17535,14541,0,0,0.45610,-2.19069,9.75877,-0.031958,-0.011718,-0.017044,-8.720,-1.317,126.551,194.5895,-54.4094,13.1763,11701.4717,-2903.5061,559.7252,-0.0027944,0.0268763,-0.3615220,0.000000,0.000000,0.000000,0.00000,0.00000,0.000,0.000,0.000,0.000,0.000,-6.0000,0.0000,0.0000,6.0000,95.00,95.00,90.00,90.00,65535,65535,65535,1500,1,9,40.4364558,-86.8934360,176.300,0.197,-0.131,0.000
79188,30878,18292,15228,0,0,0.30047,-1.72023,9.60314,-0.045806,-0.018109,-0.013848,-8.751,-1.118,127.656,194.5904,-54.3938,13.1746,11710.6377,-2906.1443,560.3380,-0.0028120,0.0267303,-0.3615804,0.000000,0.000000,0.000000,0.00000,0.00000,0.000,0.000,0.000,0.000,0.000,-6.0000,0.0000,0.0000,6.0000,95.00,95.00,90.00,90.00,65535,65535,65535,1500,1,9,40.4364558,-86.8934372,176.300,0.120,-0.080,0.000
79239,26004,18328,15260,0,0,-0.46208,-1.55503,9.89284,-0.003196,-0.021305,-0.009587,-8.755,-0.899,128.603,194.5995,-54.3985,13.1831,11721.2422,-2909.0176,561.0159,-0.0028494,0.0265347,-0.3615540,0.000000,0.000000,0.000000,0.00000,0.00000,0.000,0.000,0.000,0.000,0.000,-6.0000,0.0000,0.0000,6.0000,95.00,95.00,90.00,90.00,65535,65535,65535,1500,1,9,40.4364558,-86.8934372,176.200,0.120,-0.080,0.000
79290,26377,18266,15232,0,0,-0.22386,-1.37906,10.15141,0.056459,-0.021305,-0.025566,-8.428,-0.781,130.076,194.5806,-54.3709,13.1999,11729.0352,-2911.5505,561.6089,-0.0028679,0.0264638,-0.3617542,0.000000,0.000000,0.000000,0.00000,0.00000,0.000,0.000,0.000,0.000,0.000,-6.0000,0.0000,0.0000,6.0000,95.00,95.00,90.00,90.00,65535,65535,65535,1500,1,9,40.4364550,-86.8934372,176.200,0.197,-0.131,0.000
79341,23033,18159,15172,0,0,0.10295,-1.43532,10.31901,-0.028762,-0.012783,-0.002131,-8.466,-0.671,131.216,194.5795,-54.3664,13.1993,11738.8027,-2914.3284,562.2703,-0.0028735,0.0263991,-0.3617884,0.000000,0.000000,0.000000,0.00000,0.00000,0.000,0.000,0.000,0.000,0.000,-6.0000,0.0000,0.0000,6.0000,95.00,95.00,90.00,90.00,65535,65535,65535,1500,1,9,40.4364550,-86.8934372,176.200,0.197,-0.131,0.000
79392,26426,18277,15212,0,0,0.15323,-1.29526,9.71567,0.002131,-0.018109,-0.007457,-8.473,-0.747,132.371,194.5704,-54.3600,13.2073,11747.9219,-2916.9753,562.9286,-0.0028692,0.0265019,-0.3618302,0.000000,0.000000,0.000000,0.00000,0.00000,0.000,0.000,0.000,0.000,0.000,-6.0000,0.0000,0.0000,6.0000,95.00,95.00,90.00,90.00,65535,65535,65535,1500,1,9,40.4364547,-86.8934380,176.200,0.163,-0.108,0.000
79442,25966,18210,15192,0,0,0.48243,-1.52152,9.23803,-0.020240,-0.012783,0.000000,-8.554,-0.862,133.318,194.5701,-54.3663,13.2029,11757.8906,-2919.7073,563.6188,-0.0028603,0.0266405,-0.3617838,0.000000,0.000000,0.000000,0.00000,0.00000,0.000,0.000,0.000,0.000,0.000,-6.0000,0.0000,0.0000,6.0000,95.00,95.00,90.00,90.00,65535,65535,65535,1500,1,9,40.4364547,-86.8934380,176.200,0.163,-0.108,0.000
79493,31425,18273,15250,0,0,0.13168,-0.72664,9.28112,-0.003196,-0.005326,-0.005326,-8.492,-0.862,134.464,194.5573,-54.3651,13.1866,11767.0234,-2922.3528,564.2753,-0.0028715,0.0266951,-0.3618278,0.000000,0.000000,0.000000,0.00000,0.00000,0.000,0.000,0.000,0.000,0.000,-6.0000,0.0000,0.0000,6.0000,95.00,95.00,90.00,90.00,65535,65535,65535,1500,1,9,40.4364545,-86.8934390,176.200,0.176,-0.116,0.000
79542,28276,38706,30420,0,0,0.48004,-2.03028,9.87129,-0.027697,-0.001065,-0.001065,-8.684,-0.947,134.782,194.5692,-54.3799,13.1961,11773.6543,-2924.0146,564.6942,-0.0028491,0.0267956,-0.3617111,0.000000,0.000000,0.000000,0.00000,0.00000,0.000,0.000,0.000,0.000,0.000,-6.0000,0.0000,0.0000,6.0000,95.00,95.00,90.00,90.00,65535,65535,65535,1500,1,9,40.4364545,-86.8934390,176.200,0.176,-0.116,0.000
79595,33808,18305,15251,0,0,0.00359,-1.59693,10.58357,-0.019175,-0.010653,-0.006392,-8.581,-0.715,136.565,194.5543,-54.3723,13.2470,11786.7959,-2927.8833,565.6212,-0.0028802,0.0266821,-0.3618314,0.000000,0.000000,0.000000,0.00000,0.00000,0.000,0.000,0.000,0.000,0.000,-6.0000,0.0000,0.0000,6.0000,95.00,95.00,90.00,90.00,65535,65535,65535,1500,1,9,40.4364553,-86.8934408,176.200,0.159,-0.105,0.000
79635,24507,33347,30321,0,0,0.05986,-0.99599,9.74320,-0.030893,-0.020240,-0.011718,-8.493,-0.650,137.343,194.5391,-54.3532,13.2445,11790.1709,-2929.0391,565.9026,-0.0029052,0.0266474,-0.3619523,0.000000,0.000000,0.000000,0.00000,0.00000,0.000,0.000,0.000,0.000,0.000,-6.0000,0.0000,0.0000,6.0000,95.00,95.00,90.00,90.00,65535,65535,65535,1500,1,9,40.4364553,-86.8934408,176.200,0.159,-0.105,0.000
79695,35426,18401,15338,0,0,0.37110,-1.49278,10.57279,0.006392,-0.022371,-0.011718,-8.473,-0.704,138.988,194.5260,-54.3434,13.2664,11804.0273,-2933.0088,566.8843,-0.0029017,0.0267393,-0.3619962,0.000000,0.000000,0.000000,0.00000,0.00000,0.000,0.000,0.000,0.000,0.000,-6.0000,0.0000,0.0000,6.0000,95.00,95.00,90.00,90.00,65535,65535,65535,1500,1,9,40.4364550,-86.8934427,176.100,0.305,-0.202,0.000
79750,26748,18224,15196,0,0,0.18316,-1.35991,10.32978,-0.002131,-0.029827,-0.010653,-8.268,-0.496,140.627,194.5003,-54.3116,13.2849,11812.4688,-2935.7283,567.5322,-0.0029504,0.0265739,-0.3622164,0.000000,0.000000,0.000000,0.00000,0.00000,0.000,0.000,0.000,0.000,0.000,-6.0000,0.0000,0.0000,6.0000,95.00,95.00,90.00,90.00,65535,65535,65535,1500,1,9,40.4364550,-86.8934427,176.100,0.305,-0.202,0.000
79795,20165,18207,15204,0,0,-0.22027,-1.31442,9.47625,-0.026632,-0.033023,-0.006392,-8.293,-0.446,141.478,194.5048,-54.3146,13.2895,11821.7129,-2938.2478,568.1414,-0.0029580,0.0265107,-0.3621892,0.000000,0.000000,0.000000,0.00000,0.00000,0.000,0.000,0.000,0.000,0.000,-6.0000,0.0000,0.0000,6.0000,95.00,95.00,90.00,90.00,65535,65535,65535,1500,1,9,40.4364545,-86.8934437,176.000,0.326,-0.216,0.000
79845,25923,18279,15236,0,0,0.13408,-1.07380,9.63427,-0.043676,-0.024501,-0.015979,-8.369,-0.603,142.638,194.4922,-54.3063,13.2840,11830.5117,-2940.8352,568.7927,-0.0029382,0.0266666,-0.3622445,0.000000,0.000000,0.000000,0.00000,0.00000,0.000,0.000,0.000,0.000,0.000,-6.0000,0.0000,0.0000,6.0000,95.00,95.00,90.00,90.00,65535,65535,65535,1500,1,9,40.4364545,-86.8934437,176.000,0.326,-0.216,0.000
79899,28690,18233,15203,0,0,0.31843,-1.57299,9.68095,0.033023,-0.029827,-0.013848,-8.556,-0.928,143.597,194.4944,-54.3175,13.2836,11841.2529,-2943.7622,569.5367,-0.0028782,0.0269609,-0.3621706,0.000000,0.000000,0.000000,0.00000,0.00000,0.000,0.000,0.000,0.000,0.000,-6.0000,0.0000,0.0000,6.0000,95.00,95.00,90.00,90.00,65535,65535,65535,1500,1,10,40.4364540,-86.8934447,176.000,0.399,-0.264,0.000
79933,28140,24837,16876,0,0,0.65481,-1.47243,9.70969,0.007457,-0.023436,-0.008522,-8.553,-1.045,144.298,194.4826,-54.3090,13.2837,11845.9258,-2945.1721,569.8970,-0.0028642,0.0270845,-0.3622157,0.000000,0.000000,0.000000,0.00000,0.00000,0.000,0.000,0.000,0.000,0.000,-6.0000,0.0000,0.0000,6.0000,95.00,95.00,90.00,90.00,65535,65535,65535,1500,1,10,40.4364540,-86.8934447,176.000,0.399,-0.264,0.000
79984,30963,18220,15199,0,0,0.51475,-1.64721,9.94073,0.031958,-0.031958,-0.021305,-8.544,-1.065,145.296,194.4893,-54.3166,13.2936,11857.5957,-2948.3293,570.6761,-0.0028766,0.0270781,-0.3621577,0.000000,0.000000,0.000000,0.00000,0.00000,0.000,0.000,0.000,0.000,0.000,-6.0000,0.0000,0.0000,6.0000,95.00,95.00,90.00,90.00,65535,65535,65535,1500,1,10,40.4364538,-86.8934457,176.000,0.429,-0.284,0.000
80045,34339,20433,15312,0,0,0.02753,-1.61489,10.81940,0.023436,-0.027697,-0.009587,-8.557,-1.095,146.440,194.4940,-54.3217,13.3301,11869.2441,-2951.5469,571.4667,-0.0028753,0.0270919,-0.3621356,0.000000,0.000000,0.000000,0.00000,0.00000,0.000,0.000,0.000,0.000,0.000,-6.0000,0.0000,0.0000,6.0000,95.00,95.00,90.00,90.00,65535,65535,65535,1500,1,10,40.4364538,-86.8934457,176.000,0.429,-0.284,0.000
80102,31870,18325,15236,0,0,0.29568,-1.61369,10.22324,0.040480,-0.033023,-0.011718,-8.427,-1.038,147.803,194.4863,-54.3104,13.3558,11880.1191,-2954.6924,572.2231,-0.0028676,0.0270364,-0.3622051,0.000000,0.000000,0.000000,0.00000,0.00000,0.000,0.000,0.000,0.000,0.000,-6.0000,0.0000,0.0000,6.0000,95.00,95.00,90.00,90.00,65535,65535,65535,1500,1,11,40.4364545,-86.8934463,176.100,0.287,-0.190,0.000
80138,28170,26472,16798,0,0,0.37110,-1.79924,9.50259,-0.030893,-0.011718,0.004261,-8.591,-1.114,148.087,194.5018,-54.3306,13.3543,11886.7793,-2956.3474,572.6555,-0.0028884,0.0271028,-0.3620779,0.000000,0.000000,0.000000,0.00000,0.00000,0.000,0.000,0.000,0.000,0.000,-6.0000,0.0000,0.0000,6.0000,95.00,95.00,90.00,90.00,65535,65535,65535,1500,1,11,40.4364545,-86.8934463,176.100,0.287,-0.190,0.000
80188,25790,18271,15230,0,0,-0.39265,-0.91818,9.48942,-0.020240,-0.024501,-0.008522,-8.474,-0.762,149.685,194.4917,-54.3054,13.3586,11897.1611,-2959.4705,573.3508,-0.0028527,0.0268343,-0.3622416,0.000000,0.000000,0.000000,0.00000,0.00000,0.000,0.000,0.000,0.000,0.000,-6.0000,0.0000,0.0000,6.0000,95.00,95.00,90.00,90.00,65535,65535,65535,1500,1,11,40.4364553,-86.8934467,176.100,0.167,-0.111,0.000
80233,19748,18254,15183,0,0,-0.09457,-0.91339,9.61751,0.002131,-0.030893,-0.011718,-8.400,-0.831,150.926,194.4688,-54.2799,13.3493,11904.1826,-2961.6733,573.9001,-0.0028378,0.0269152,-0.3623729,0.000000,0.000000,0.000000,0.00000,0.00000,0.000,0.000,0.000,0.000,0.000,-6.0000,0.0000,0.0000,6.0000,95.00,95.00,90.00,90.00,65535,65535,65535,1500,1,11,40.4364553,-86.8934467,176.000,0.167,-0.111,0.000
80283,25828,18289,15225,0,0,0.44412,-1.55863,9.54808,0.040480,-0.039415,-0.011718,-8.336,-0.878,152.053,194.4608,-54.2719,13.3314,11913.3936,-2964.3201,574.5566,-0.0028402,0.0269407,-0.3624140,0.000000,0.000000,0.000000,0.00000,0.00000,0.000,0.000,0.000,0.000,0.000,-6.0000,0.0000,0.0000,6.0000,95.00,95.00,90.00,90.00,65535,65535,65535,1500,1,11,40.4364553,-86.8934467,176.000,0.167,-0.111,0.000
80338,30236,18301,15345,0,0,-0.34477,-1.29526,9.80904,-0.047937,-0.041545,0.002131,-8.247,-0.834,153.726,194.4328,-54.2381,13.3353,11922.0176,-2967.0715,575.2029,-0.0028036,0.0268854,-0.3626243,0.000000,0.000000,0.000000,0.00000,0.00000,0.000,0.000,0.000,0.000,0.000,-6.0000,0.0000,0.0000,6.0000,95.00,95.00,90.00,90.00,65535,65535,65535,1500,1,11,40.4364570,-86.8934490,176.000,0.167,-0.111,0.000
80389,26742,18246,15213,0,0,-0.22027,-1.22344,9.08121,-0.001065,-0.056459,-0.017044,-8.199,-0.797,154.887,194.4315,-54.2308,13.3036,11931.8477,-2969.8643,575.8578,-0.0027838,0.0267805,-0.3626676,0.000000,0.000000,0.000000,0.00000,0.00000,0.000,0.000,0.000,0.000,0.000,-6.0000,0.0000,0.0000,6.0000,95.00,95.00,90.00,90.00,65535,65535,65535,1500,1,11,40.4364565,-86.8934497,176.000,0.197,-0.131,0.000
80439,30538,18226,15192,0,0,0.05986,-1.42694,8.97466,0.036219,-0.072438,-0.022371,-8.138,-0.931,155.862,194.4353,-54.2323,13.2754,11941.7041,-2972.5881,576.5261,-0.0027887,0.0267721,-0.3626534,0.000000,0.000000,0.000000,0.00000,0.00000,0.000,0.000,0.000,0.000,0.000,-6.0000,0.0000,0.0000,6.0000,95.00,95.00,90.00,90.00,65535,65535,65535,1500,1,11,40.4364565,-86.8934497,176.000,0.197,-0.131,0.000
80484,20123,18193,15143,0,0,0.58299,-1.05105,9.15782,0.043676,-0.072438,-0.014914,-7.959,-1.106,157.495,194.3917,-54.1840,13.2527,11947.2354,-2974.6099,576.9996,-0.0027060,0.0268751,-0.3629293,0.000000,0.000000,0.000000,0.00000,0.00000,0.000,0.000,0.000,0.000,0.000,-6.0000,0.0000,0.0000,6.0000,95.00,95.00,90.00,90.00,65535,65535,65535,1500,1,11,40.4364563,-86.8934512,176.000,0.249,-0.165,0.000
80558,43344,24291,15387,0,0,-0.37110,-1.35272,9.11233,0.028762,-0.024501,-0.006392,-7.944,-1.075,159.062,194.3984,-54.1776,13.1955,11960.2256,-2978.3020,577.8716,-0.0026690,0.0268261,-0.3629797,0.000000,0.000000,0.000000,0.00000,0.00000,0.000,0.000,0.000,0.000,0.000,-6.0000,0.0000,0.0000,6.0000,95.00,95.00,90.00,90.00,65535,65535,65535,1500,1,12,40.4364563,-86.8934512,175.900,0.249,-0.165,0.000
80595,30723,30557,27537,0,0,-0.42377,-1.16238,8.82982,0.027697,-0.011718,0.002131,-7.882,-0.863,159.773,194.4063,-54.1747,13.1666,11966.6143,-2980.0859,578.2480,-0.0026202,0.0266625,-0.3630041,0.000000,0.000000,0.000000,0.00000,0.00000,0.000,0.000,0.000,0.000,0.000,-6.0000,0.0000,0.0000,6.0000,95.00,95.00,90.00,90.00,65535,65535,65535,1500,1,12,40.4364563,-86.8934512,175.900,0.249,-0.165,0.000
80635,37260,33295,30269,0,0,0.61770,-1.40420,8.44315,-0.045806,0.001065,0.023436,-8.059,-0.995,160.381,194.4086,-54.1862,13.1223,11974.1982,-2982.0901,578.7897,-0.0026711,0.0268158,-0.3629175,0.000000,0.000000,0.000000,0.00000,0.00000,0.000,0.000,0.000,0.000,0.000,-6.0000,0.0000,0.0000,6.0000,95.00,95.00,90.00,90.00,65535,65535,65535,1500,1,12,40.4364555,-86.8934523,175.800,0.249,-0.165,0.000
80688,28482,18200,15183,0,0,-0.38786,-0.85114,8.64187,-0.020240,0.020240,0.011718,-7.923,-0.673,162.475,194.3665,-54.1438,13.0615,11985.0625,-2985.5105,579.5656,-0.0026004,0.0267201,-0.3631688,0.000000,0.000000,0.000000,0.00000,0.00000,0.000,0.000,0.000,0.000,0.000,-6.0000,0.0000,0.0000,6.0000,95.00,95.00,90.00,90.00,65535,65535,65535,1500,1,12,40.4364568,-86.8934540,175.800,0.350,0.000,0.000
80738,25766,18222,15185,0,0,0.19273,-0.87867,8.70651,0.029827,0.024501,0.021305,-7.765,-0.802,164.119,194.3184,-54.1051,13.0002,11991.4746,-2987.7153,580.1483,-0.0025852,0.0270041,-0.3633893,0.000000,0.000000,0.000000,0.00000,0.00000,0.000,0.000,0.000,0.000,0.000,-6.0000,0.0000,0.0000,6.0000,95.00,95.00,90.00,90.00,65535,65535,65535,1500,1,12,40.4364568,-86.8934540,175.800,0.350,0.000,0.000
80793,26989,18191,15155,0,0,-0.23583,-1.58137,8.43358,0.007457,0.005326,0.015979,-7.739,-0.433,165.092,194.3483,-54.1206,12.9219,12004.1875,-2991.0601,580.8699,-0.0025332,0.0267489,-0.3633039,0.000000,0.000000,0.000000,0.00000,0.00000,0.000,0.000,0.000,0.000,0.000,-6.0000,0.0000,0.0000,6.0000,95.00,95.00,90.00,90.00,65535,65535,65535,1500,1,12,40.4364572,-86.8934552,175.600,0.381,0.000,0.000
80843,25981,18184,15141,0,0,0.57700,-1.71425,8.23845,-0.229032,-0.015979,0.012783,-8.070,-0.677,166.140,194.3425,-54.1226,12.8530,12013.4023,-2993.6531,581.5381,-0.0025400,0.0269985,-0.3632910,0.000000,0.000000,0.000000,0.00000,0.00000,0.000,0.000,0.000,0.000,0.000,-6.0000,0.0000,0.0000,6.0000,95.00,95.00,90.00,90.00,65535,65535,65535,1500,1,12,40.4364572,-86.8934552,175.600,0.381,0.000,0.000
80894,31046,18203,15175,0,0,-0.60454,-1.43892,8.28992,0.029827,-0.046872,-0.013848,-8.105,-0.664,166.852,194.3777,-54.1468,12.7837,12024.9307,-2996.6313,582.2277,-0.0025483,0.0269148,-0.3631585,0.000000,0.000000,0.000000,0.00000,0.00000,0.000,0.000,0.000,0.000,0.000,-6.0000,0.0000,0.0000,6.0000,95.00,95.00,90.00,90.00,65535,65535,65535,1500,1,12,40.4364583,-86.8934572,175.600,-0.454,-0.329,0.000
80933,17063,15655,12637,0,0,0.21069,-1.13964,7.25084,-0.019175,-0.078830,-0.005326,-8.127,-0.777,167.722,194.3901,-54.1521,12.6909,12032.9893,-2998.8765,582.7559,-0.0025483,0.0269148,-0.3631585,0.000000,0.000000,0.000000,0.00000,0.00000,0.000,0.000,0.000,0.000,0.000,-6.0000,0.0000,0.0000,6.0000,95.00,95.00,90.00,90.00,65535,65535,65535,1500,1,12,40.4364583,-86.8934572,175.600,-0.454,-0.329,0.000
80990,35011,21184,15282,0,0,0.61531,-1.29407,8.30429,-0.056459,-0.094809,-0.025566,-8.311,-1.148,168.870,194.3729,-54.1382,12.6099,12042.3203,-3001.5513,583.3990,-0.0025265,0.0270696,-0.3631884,0.000000,0.000000,0.000000,0.00000,0.00000,0.000,0.000,0.000,0.000,0.000,-6.0000,0.0000,0.0000,6.0000,95.00,95.00,90.00,90.00,65535,65535,65535,1500,1,12,40.4364593,-86.8934585,175.600,0.084,-0.643,0.000
81055,31834,26849,18835,0,0,0.01676,-1.26294,7.95713,-0.021305,-0.073503,-0.025566,-8.466,-1.318,169.805,194.3899,-54.1642,12.5028,12054.9141,-3004.9016,584.1857,-0.0025711,0.0270132,-0.3630944,0.000000,0.000000,0.000000,0.00000,0.00000,0.000,0.000,0.000,0.000,0.000,-6.0000,0.0000,0.0000,6.0000,95.00,95.00,90.00,90.00,65535,65535,65535,1500,1,12,40.4364593,-86.8934585,175.600,0.084,-0.643,0.000
81091,33279,29693,26682,0,0,0.21548,-1.16358,8.18817,0.009587,-0.036219,-0.025566,-8.438,-1.337,170.562,194.3826,-54.1572,12.4511,12060.9746,-3006.6536,584.5828,-0.0025545,0.0270180,-0.3631341,0.000000,0.000000,0.000000,0.00000,0.00000,0.000,0.000,0.000,0.000,0.000,-6.0000,0.0000,0.0000,6.0000,95.00,95.00,90.00,90.00,65535,65535,65535,1500,1,12,40.4364593,-86.8934585,175.600,0.084,-0.643,0.000
81135,19568,18131,15118,0,0,0.17597,-1.41737,8.08402,0.004261,0.054328,-0.004261,-8.388,-1.039,171.498,194.4012,-54.1736,12.3735,12072.8447,-3009.8367,585.3017,-0.0025759,0.0269109,-0.3630678,0.000000,0.000000,0.000000,0.00000,0.00000,0.000,0.000,0.000,0.000,0.000,-6.0000,0.0000,0.0000,6.0000,95.00,95.00,90.00,90.00,65535,65535,65535,1500,1,12,40.4364600,-86.8934615,175.300,0.084,-0.643,0.000
81191,27589,21998,15263,0,0,0.50996,-1.81720,9.45470,0.000000,0.092678,0.002131,-8.601,-1.022,172.532,194.4017,-54.1769,12.3402,12082.6436,-3012.5784,585.9505,-0.0025173,0.0272182,-0.3630435,0.000000,0.000000,0.000000,0.00000,0.00000,0.000,0.000,0.000,0.000,0.000,-6.0000,0.0000,0.0000,6.0000,95.00,95.00,90.00,90.00,65535,65535,65535,1500,1,12,40.4364600,-86.8934615,175.300,0.084,-0.643,0.000
81242,25940,18179,15148,0,0,-0.32920,-1.91776,9.60075,0.040480,0.089482,-0.003196,-8.655,-0.573,173.375,194.4306,-54.1963,12.3276,12095.0361,-3015.8445,586.6579,-0.0024885,0.0271280,-0.3629383,0.000000,0.000000,0.000000,0.00000,0.00000,0.000,0.000,0.000,0.000,0.000,-6.0000,0.0000,0.0000,6.0000,95.00,95.00,90.00,90.00,65535,65535,65535,1500,1,12,40.4364612,-86.8934637,175.100,0.603,-0.647,0.000
81292,25948,18207,15168,0,0,-0.16161,-0.84396,8.82263,0.086286,0.051133,-0.018109,-8.276,-0.321,174.513,194.4070,-54.1804,12.3032,12103.4443,-3018.3274,587.2622,-0.0025604,0.0271170,-0.3630218,0.000000,0.000000,0.000000,0.00000,0.00000,0.000,0.000,0.000,0.000,0.000,-6.0000,0.0000,0.0000,6.0000,95.00,95.00,90.00,90.00,65535,65535,65535,1500,1,12,40.4364612,-86.8934637,175.100,0.603,-0.647,0.000
81342,25222,18167,15144,0,0,1.16957,-1.57538,9.11832,-0.002131,0.017044,-0.017044,-8.284,-0.737,175.426,194.3906,-54.1834,12.3045,12111.8477,-3020.7178,587.9351,-0.0026473,0.0275950,-0.3629924,0.000000,0.000000,0.000000,0.00000,0.00000,0.000,0.000,0.000,0.000,0.000,-6.0000,0.0000,0.0000,6.0000,95.00,95.00,90.00,90.00,65535,65535,65535,1500,1,12,40.4364598,-86.8934632,174.700,0.603,-0.647,0.000
81392,28708,19850,15245,0,0,0.14365,-1.68911,9.15543,0.018109,-0.007457,-0.025566,-8.323,-0.688,176.320,194.3986,-54.1855,12.2812,12121.6572,-3023.4072,588.5234,-0.0026112,0.0275884,-0.3629678,0.000000,0.000000,0.000000,0.00000,0.00000,0.000,0.000,0.000,0.000,0.000,-6.0000,0.0000,0.0000,6.0000,95.00,95.00,90.00,90.00,65535,65535,65535,1500,1,12,40.4364598,-86.8934632,174.700,0.603,-0.647,0.000
81443,25925,18154,15148,0,0,0.40103,-2.09373,9.04410,0.029827,-0.022371,-0.038350,-8.579,-0.927,177.067,194.4298,-54.2082,12.2608,12133.5547,-3026.5337,589.2078,-0.0025067,0.0278161,-0.3628304,0.000000,0.000000,0.000000,0.00000,0.00000,0.000,0.000,0.000,0.000,0.000,-6.0000,0.0000,0.0000,6.0000,95.00,95.00,90.00,90.00,65535,65535,65535,1500,1,12,40.4364602,-86.8934647,174.300,0.603,-0.647,0.000
81493,26019,18213,15180,0,0,-0.02274,-0.91818,9.40442,0.015979,-0.002131,-0.027697,-8.382,-0.683,178.211,194.4180,-54.1965,12.2474,12142.8740,-3029.2214,589.7875,-0.0024992,0.0276530,-0.3629057,0.000000,0.000000,0.000000,0.00000,0.00000,0.000,0.000,0.000,0.000,0.000,-6.0000,0.0000,0.0000,6.0000,95.00,95.00,90.00,90.00,65535,65535,65535,1500,1,12,40.4364602,-86.8934647,174.300,0.603,-0.647,0.000
81533,24959,33292,30287,0,0,0.52553,-1.24858,10.23521,0.023436,0.013848,-0.019175,-8.284,-0.741,178.705,194.4047,-54.1940,12.2608,12146.8643,-3030.3799,590.1135,-0.0025883,0.0277391,-0.3629188,0.000000,0.000000,0.000000,0.00000,0.00000,0.000,0.000,0.000,0.000,0.000,-6.0000,0.0000,0.0000,6.0000,95.00,95.00,90.00,90.00,65535,65535,65535,1500,1,12,40.4364598,-86.8934658,174.200,0.603,-0.647,0.000
81603,37746,25820,15346,0,0,0.09816,-1.16358,9.99819,0.018109,0.017044,-0.012783,-8.227,-0.517,-179.773,194.4213,-54.1941,12.2655,12162.7256,-3034.7461,591.0460,-0.0025026,0.0276968,-0.3628949,0.000000,0.000000,0.000000,0.00000,0.00000,0.000,0.000,0.000,0.000,0.000,-6.0000,0.0000,0.0000,6.0000,95.00,95.00,90.00,90.00,65535,65535,65535,1500,1,12,40.4364598,-86.8934658,174.200,0.603,-0.647,0.000
81634,32127,24759,21735,0,0,-0.31843,-2.21823,10.04008,0.006392,0.017044,-0.007457,-8.427,-0.336,-179.159,194.4536,-54.1972,12.2788,12170.8887,-3036.9092,591.4042,-0.0022876,0.0276335,-0.3628469,0.000000,0.000000,0.000000,0.00000,0.00000,0.000,0.000,0.000,0.000,0.000,-6.0000,0.0000,0.0000,6.0000,95.00,95.00,90.00,90.00,65535,65535,65535,1500,1,12,40.4364598,-86.8934658,174.200,0.603,-0.647,0.000
81702,39478,21854,18840,0,0,0.72664,-0.68714,10.14184,-0.010653,-0.008522,-0.008522,-8.157,-0.305,-177.424,194.3757,-54.1826,12.3097,12180.3828,-3039.8850,592.2906,-0.0026420,0.0276502,-0.3630275,0.000000,0.000000,0.000000,0.00000,0.00000,0.000,0.000,0.000,0.000,0.000,-6.0000,0.0000,0.0000,6.0000,95.00,95.00,90.00,90.00,65535,65535,65535,1500,1,12,40.4364598,-86.8934658,174.200,0.603,-0.647,0.000
81733,28163,24968,21951,0,0,0.20830,-1.81480,10.33577,-0.082025,-0.011718,0.008522,-8.373,-0.333,-176.876,194.3851,-54.1871,12.3292,12186.4004,-3041.5139,592.6404,-0.0025930,0.0277019,-0.3629945,0.000000,0.000000,0.000000,0.00000,0.00000,0.000,0.000,0.000,0.000,0.000,-6.0000,0.0000,0.0000,6.0000,95.00,95.00,90.00,90.00,65535,65535,65535,1500,1,12,40.4364598,-86.8934658,174.200,0.603,-0.647,0.000
81783,25424,18132,15136,0,0,0.55665,-1.75734,10.15620,-0.025566,-0.034088,0.002131,-8.594,-0.475,-175.598,194.3774,-54.1837,12.3327,12196.9912,-3044.5122,593.3337,-0.0025633,0.0278443,-0.3630111,0.000000,0.000000,0.000000,0.00000,0.00000,0.000,0.000,0.000,0.000,0.000,-6.0000,0.0000,0.0000,6.0000,95.00,95.00,90.00,90.00,65535,65535,65535,1500,1,12,40.4364598,-86.8934658,174.200,0.603,-0.647,0.000
81833,21379,18100,15099,0,0,0.90980,-1.69150,9.67976,-0.037284,-0.020240,0.008522,-8.448,-0.638,-174.070,194.3184,-54.1537,12.3426,12203.2998,-3046.6150,593.9128,-0.0026519,0.0280189,-0.3632070,0.000000,0.000000,0.000000,0.00000,0.00000,0.000,0.000,0.000,0.000,0.000,-6.0000,0.0000,0.0000,6.0000,95.00,95.00,90.00,90.00,65535,65535,65535,1500,1,12,40.4364618,-86.8934713,173.600,0.603,-0.647,0.000
81883,25942,18223,15180,0,0,-0.27653,-1.88304,10.56920,-0.039415,-0.005326,0.018109,-8.666,-0.552,-173.186,194.3456,-54.1679,12.3739,12214.4180,-3049.5693,594.5553,-0.0026263,0.0279747,-0.3631202,0.000000,0.000000,0.000000,0.00000,0.00000,0.000,0.000,0.000,0.000,0.000,-6.0000,0.0000,0.0000,6.0000,95.00,95.00,90.00,90.00,65535,65535,65535,1500,1,12,40.4364618,-86.8934713,173.600,0.603,-0.647,0.000
81934,25933,18164,15157,0,0,0.29568,-1.52989,10.51653,0.027697,-0.006392,0.008522,-8.479,-0.537,-171.709,194.2924,-54.1378,12.3885,12221.5654,-3051.8455,595.1437,-0.0027006,0.0280204,-0.3632933,0.000000,0.000000,0.000000,0.00000,0.00000,0.000,0.000,0.000,0.000,0.000,-6.0000,0.0000,0.0000,6.0000,95.00,95.00,90.00,90.00,65535,65535,65535,1500,1,12,40.4364637,-86.8934728,173.500,0.603,-0.647,0.000
81984,26003,18231,15184,0,0,0.21069,-1.03310,10.07600,-0.050067,-0.003196,0.007457,-8.383,-0.503,-170.280,194.2417,-54.1106,12.4095,12228.7324,-3054.1113,595.7289,-0.0027748,0.0280534,-0.3634582,0.000000,0.000000,0.000000,0.00000,0.00000,0.000,0.000,0.000,0.000,0.000,-6.0000,0.0000,0.0000,6.0000,95.00,95.00,90.00,90.00,65535,65535,65535,1500,1,12,40.4364637,-86.8934728,173.500,0.603,-0.647,0.000
82033,28749,38272,29852,0,0,-0.39385,-1.64960,9.99340,0.033023,-0.012783,0.007457,-8.379,-0.381,-169.891,194.2712,-54.1249,12.4197,12235.7295,-3055.9072,596.1125,-0.0027774,0.0279462,-0.3633693,0.000000,0.000000,0.000000,0.00000,0.00000,0.000,0.000,0.000,0.000,0.000,-6.0000,0.0000,0.0000,6.0000,95.00,95.00,90.00,90.00,65535,65535,65535,1500,1,12,40.4364655,-86.8934757,173.200,0.603,-0.647,0.000
82089,35941,18238,15188,0,0,0.21548,-1.07739,9.37330,0.004261,-0.019175,0.005326,-8.407,-0.500,-167.774,194.2033,-54.0964,12.4054,12247.5361,-3059.5200,596.9792,-0.0027354,0.0281532,-0.3635626,0.000000,0.000000,0.000000,0.00000,0.00000,0.000,0.000,0.000,0.000,0.000,-6.0000,0.0000,0.0000,6.0000,95.00,95.00,90.00,90.00,65535,65535,65535,1500,1,12,40.4364655,-86.8934757,173.200,0.603,-0.647,0.000
82139,25857,18191,15187,0,0,0.42377,-0.26815,9.25119,-0.034088,-0.002131,0.009587,-8.141,-0.774,-165.678,194.0762,-54.0259,12.3854,12250.9775,-3061.1697,597.4868,-0.0027555,0.0285178,-0.3639761,0.000000,0.000000,0.000000,0.00000,0.00000,0.000,0.000,0.000,0.000,0.000,-6.0000,0.0000,0.0000,6.0000,95.00,95.00,90.00,90.00,65535,65535,65535,1500,1,12,40.4364663,-86.8934768,173.100,0.603,-0.647,0.000
82190,25932,18190,15164,0,0,-0.58299,-1.30245,9.87129,0.001065,0.004261,0.012783,-8.174,-0.498,-164.939,194.1136,-54.0458,12.4175,12262.4971,-3064.1667,598.1590,-0.0028260,0.0282960,-0.3638549,0.000000,0.000000,0.000000,0.00000,0.00000,0.000,0.000,0.000,0.000,0.000,-6.0000,0.0000,0.0000,6.0000,95.00,95.00,90.00,90.00,65535,65535,65535,1500,1,12,40.4364663,-86.8934768,173.100,0.603,-0.647,0.000
82244,25577,18175,15149,0,0,0.75058,-1.44729,9.33978,0.008522,0.008522,0.011718,-8.181,-0.610,-163.493,194.0815,-54.0289,12.4103,12271.4463,-3066.8396,598.7928,-0.0027704,0.0285033,-0.3639580,0.000000,0.000000,0.000000,0.00000,0.00000,0.000,0.000,0.000,0.000,0.000,-6.0000,0.0000,0.0000,6.0000,95.00,95.00,90.00,90.00,65535,65535,65535,1500,1,12,40.4364665,-86.8934787,172.900,0.603,-0.647,0.000
82288,19712,18187,15147,0,0,0.50278,-2.06979,10.41837,0.003196,0.003196,0.003196,-8.212,-0.726,-162.358,194.0612,-54.0182,12.4240,12278.9014,-3069.0417,599.3101,-0.0027124,0.0286958,-0.3640280,0.000000,0.000000,0.000000,0.00000,0.00000,0.000,0.000,0.000,0.000,0.000,-6.0000,0.0000,0.0000,6.0000,95.00,95.00,90.00,90.00,65535,65535,65535,1500,1,12,40.4364665,-86.8934787,172.900,0.603,-0.647,0.000
82339,25906,18192,15160,0,0,1.15640,-1.08577,8.72567,0.079895,-0.001065,0.009587,-7.993,-0.937,-160.989,194.0177,-53.9985,12.3931,12286.2783,-3071.3154,599.9312,-0.0027722,0.0289731,-0.3641404,0.000000,0.000000,0.000000,0.00000,0.00000,0.000,0.000,0.000,0.000,0.000,-6.0000,0.0000,0.0000,6.0000,95.00,95.00,90.00,90.00,65535,65535,65535,1500,1,12,40.4364672,-86.8934807,172.800,0.321,0.415,0.000
82389,26110,18212,15182,0,0,0.22027,-1.29646,9.78151,0.059655,-0.019175,-0.003196,-8.103,-0.892,-160.275,194.0797,-54.0274,12.3921,12299.3350,-3074.6572,600.5771,-0.0026094,0.0289529,-0.3639636,0.000000,0.000000,0.000000,0.00000,0.00000,0.000,0.000,0.000,0.000,0.000,-6.0000,0.0000,0.0000,6.0000,95.00,95.00,90.00,90.00,65535,65535,65535,1500,1,12,40.4364672,-86.8934807,172.800,0.321,0.415,0.000
82446,29921,20301,15262,0,0,-0.07542,-1.56820,9.47026,0.021305,-0.025566,0.025566,-8.087,-0.764,-159.090,194.0913,-54.0289,12.3803,12310.7432,-3077.7881,601.2431,-0.0025539,0.0288479,-0.3639494,0.000000,0.000000,0.000000,0.00000,0.00000,0.000,0.000,0.000,0.000,0.000,-6.0000,0.0000,0.0000,6.0000,95.00,95.00,90.00,90.00,65535,65535,65535,1500,1,12,40.4364683,-86.8934830,172.600,0.321,0.415,0.000
82491,20183,18168,15164,0,0,-0.01676,-1.20787,10.58596,-0.033023,-0.026632,0.011718,-8.021,-0.730,-157.789,194.0480,-54.0086,12.3751,12317.6963,-3079.9275,601.7929,-0.0026289,0.0288361,-0.3640787,0.000000,0.000000,0.000000,0.00000,0.00000,0.000,0.000,0.000,0.000,0.000,-6.0000,0.0000,0.0000,6.0000,95.00,95.00,90.00,90.00,65535,65535,65535,1500,1,12,40.4364687,-86.8934845,172.600,0.545,-0.202,0.000
82559,39440,21580,18540,0,0,0.59376,-1.86628,10.30464,-0.015979,-0.046872,0.008522,-8.237,-0.778,-156.608,194.0727,-54.0201,12.4248,12331.7549,-3083.6836,602.6173,-0.0025951,0.0288186,-0.3639793,0.000000,0.000000,0.000000,0.00000,0.00000,0.000,0.000,0.000,0.000,0.000,-6.0000,0.0000,0.0000,6.0000,95.00,95.00,90.00,90.00,65535,65535,65535,1500,1,12,40.4364687,-86.8934845,172.400,0.545,-0.202,0.000
82595,27808,30657,27670,0,0,-0.17837,-1.84354,9.86890,-0.021305,-0.047937,0.003196,-8.384,-0.768,-156.308,194.1141,-54.0373,12.4325,12339.0625,-3085.5188,602.9988,-0.0025779,0.0287584,-0.3638545,0.000000,0.000000,0.000000,0.00000,0.00000,0.000,0.000,0.000,0.000,0.000,-6.0000,0.0000,0.0000,6.0000,95.00,95.00,90.00,90.00,65535,65535,65535,1500,1,12,40.4364687,-86.8934845,172.400,0.545,-0.202,0.000
82657,29956,24139,15297,0,0,0.00000,-1.42216,9.66659,-0.011718,-0.035154,-0.009587,-8.420,-0.783,-154.892,194.1160,-54.0374,12.4778,12352.2959,-3089.1997,603.8401,-0.0025775,0.0287146,-0.3638567,0.000000,0.000000,0.000000,0.00000,0.00000,0.000,0.000,0.000,0.000,0.000,-6.0000,0.0000,0.0000,6.0000,95.00,95.00,90.00,90.00,65535,65535,65535,1500,1,12,40.4364685,-86.8934858,172.200,0.415,-0.154,0.000
82696,30450,33437,30424,0,0,0.45370,-1.34075,9.02375,-0.049002,-0.033023,-0.007457,-8.507,-0.885,-154.160,194.1015,-54.0320,12.4568,12357.5439,-3090.7266,604.2091,-0.0025681,0.0288027,-0.3638934,0.000000,0.000000,0.000000,0.00000,0.00000,0.000,0.000,0.000,0.000,0.000,-6.0000,0.0000,0.0000,6.0000,95.00,95.00,90.00,90.00,65535,65535,65535,1500,1,12,40.4364685,-86.8934858,172.200,0.415,-0.154,0.000
82750,27793,18269,15208,0,0,0.10894,-1.46046,9.80785,-0.018109,-0.025566,-0.001065,-8.581,-0.778,-152.655,194.1005,-54.0280,12.4711,12370.5117,-3094.3777,605.0457,-0.0025875,0.0286724,-0.3639313,0.000000,0.000000,0.000000,0.00000,0.00000,0.000,0.000,0.000,0.000,0.000,-6.0000,0.0000,0.0000,6.0000,95.00,95.00,90.00,90.00,65535,65535,65535,1500,1,12,40.4364683,-86.8934867,172.100,0.236,-0.088,0.000
82800,31533,18274,15223,0,0,0.47645,-0.91937,10.51533,-0.011718,-0.011718,-0.007457,-8.421,-0.682,-151.246,194.0522,-54.0140,12.5020,12378.4561,-3096.8115,605.6210,-0.0025745,0.0286354,-0.3640848,0.000000,0.000000,0.000000,0.00000,0.00000,0.000,0.000,0.000,0.000,0.000,-6.0000,0.0000,0.0000,6.0000,95.00,95.00,90.00,90.00,65535,65535,65535,1500,1,12,40.4364685,-86.8934887,172.100,0.154,-0.057,0.000
82859,30084,22088,15351,0,0,-0.15682,-1.11330,9.25479,0.009587,0.012783,0.001065,-8.269,-0.578,-149.964,194.0324,-54.0047,12.4916,12388.1504,-3099.6091,606.2772,-0.0025713,0.0286257,-0.3641526,0.000000,0.000000,0.000000,0.00000,0.00000,0.000,0.000,0.000,0.000,0.000,-6.0000,0.0000,0.0000,6.0000,95.00,95.00,90.00,90.00,65535,65535,65535,1500,1,12,40.4364685,-86.8934887,172.100,0.154,-0.057,0.000
82890,28428,24965,21961,0,0,-0.69312,-1.34075,9.83059,-0.029827,0.021305,0.002131,-8.293,-0.302,-149.509,194.0537,-54.0112,12.4952,12394.6553,-3101.3284,606.6437,-0.0025929,0.0284273,-0.3641075,0.000000,0.000000,0.000000,0.00000,0.00000,0.000,0.000,0.000,0.000,0.000,-6.0000,0.0000,0.0000,6.0000,95.00,95.00,90.00,90.00,65535,65535,65535,1500,1,12,40.4364685,-86.8934887,172.100,0.154,-0.057,0.000
82941,25870,18277,15214,0,0,0.88226,-1.00916,10.23880,-0.024501,0.002131,-0.006392,-8.244,-0.496,-147.234,193.9106,-53.9570,12.4948,12399.8457,-3103.4280,607.2196,-0.0025048,0.0287862,-0.3645239,0.000000,0.000000,0.000000,0.00000,0.00000,0.000,0.000,0.000,0.000,0.000,-6.0000,0.0000,0.0000,6.0000,95.00,95.00,90.00,90.00,65535,65535,65535,1500,1,12,40.4364690,-86.8934902,171.700,0.087,-0.032,0.000
82986,20263,18281,15235,0,0,0.16640,-0.89783,10.36450,-0.017044,0.009587,0.001065,-8.178,-0.261,-146.170,193.8841,-53.9462,12.4868,12407.4141,-3105.6362,607.7673,-0.0025883,0.0286505,-0.3645964,0.000000,0.000000,0.000000,0.00000,0.00000,0.000,0.000,0.000,0.000,0.000,-6.0000,0.0000,0.0000,6.0000,95.00,95.00,90.00,90.00,65535,65535,65535,1500,1,12,40.4364692,-86.8934917,171.700,0.024,-0.009,0.000
83054,39590,21959,18941,0,0,0.22146,-1.31801,9.71567,0.064981,0.001065,-0.004261,-8.044,-0.146,-144.907,193.8885,-53.9517,12.4765,12420.1816,-3109.1550,608.5883,-0.0026177,0.0286205,-0.3645736,0.000000,0.000000,0.000000,0.00000,0.00000,0.000,0.000,0.000,0.000,0.000,-6.0000,0.0000,0.0000,6.0000,95.00,95.00,90.00,90.00,65535,65535,65535,1500,1,12,40.4364692,-86.8934917,171.500,0.024,-0.009,0.000
83096,31949,31825,23123,0,0,0.35075,-1.63883,10.29028,0.033023,-0.008522,-0.018109,-8.033,-0.215,-144.286,193.8890,-53.9535,12.4962,12426.4775,-3110.8936,608.9907,-0.0025958,0.0287070,-0.3645592,0.000000,0.000000,0.000000,0.00000,0.00000,0.000,0.000,0.000,0.000,0.000,-6.0000,0.0000,0.0000,6.0000,95.00,95.00,90.00,90.00,65535,65535,65535,1500,1,12,40.4364692,-86.8934917,171.500,0.024,-0.009,0.000
83147,25688,18242,15199,0,0,-0.14724,-1.25576,9.12430,-0.013848,-0.017044,-0.028762,-7.805,-0.156,-142.712,193.8467,-53.9436,12.4798,12437.0137,-3114.0220,609.7628,-0.0026453,0.0286726,-0.3646896,0.000000,0.000000,0.000000,0.00000,0.00000,0.000,0.000,0.000,0.000,0.000,-6.0000,0.0000,0.0000,6.0000,95.00,95.00,90.00,90.00,65535,65535,65535,1500,1,12,40.4364708,-86.8934957,171.300,0.024,-0.009,0.000
83191,20121,18242,15191,0,0,0.12330,-1.38026,10.44830,0.053263,-0.023436,-0.029827,-7.675,-0.109,-141.831,193.8434,-53.9420,12.5023,12445.5225,-3116.4038,610.3115,-0.0026514,0.0286219,-0.3647031,0.000000,0.000000,0.000000,0.00000,0.00000,0.000,0.000,0.000,0.000,0.000,-6.0000,0.0000,0.0000,6.0000,95.00,95.00,90.00,90.00,65535,65535,65535,1500,1,12,40.4364712,-86.8934983,171.300,0.367,-0.382,0.000
83242,25935,18213,15189,0,0,0.34716,-1.45448,9.74320,0.002131,-0.024501,-0.037284,-7.588,-0.183,-140.758,193.8242,-53.9352,12.4979,12454.4863,-3118.9790,610.9397,-0.0026758,0.0286664,-0.3647512,0.000000,0.000000,0.000000,0.00000,0.00000,0.000,0.000,0.000,0.000,0.000,-6.0000,0.0000,0.0000,6.0000,95.00,95.00,90.00,90.00,65535,65535,65535,1500,1,12,40.4364712,-86.8934983,171.100,0.367,-0.382,0.000
83299,30546,20415,15339,0,0,0.32082,-0.93613,9.38647,-0.034088,-0.022371,-0.034088,-7.472,-0.228,-139.398,193.7765,-53.9197,12.4946,12463.0459,-3121.5693,611.5887,-0.0027028,0.0286966,-0.3648863,0.000000,0.000000,0.000000,0.00000,0.00000,0.000,0.000,0.000,0.000,0.000,-6.0000,0.0000,0.0000,6.0000,95.00,95.00,90.00,90.00,65535,65535,65535,1500,1,12,40.4364720,-86.8935022,171.100,0.247,-0.720,0.000
83350,26192,18279,15223,0,0,-0.24062,-0.99120,9.55167,-0.063916,-0.007457,-0.033023,-7.529,-0.260,-138.339,193.7640,-53.9169,12.5122,12472.6924,-3124.3003,612.2474,-0.0027259,0.0287324,-0.3649121,0.000000,0.000000,0.000000,0.00000,0.00000,0.000,0.000,0.000,0.000,0.000,-6.0000,0.0000,0.0000,6.0000,95.00,95.00,90.00,90.00,65535,65535,65535,1500,1,12,40.4364720,-86.8935022,171.100,0.247,-0.720,0.000
83400,25862,18242,15208,0,0,-0.35913,-1.37068,10.30345,0.014914,0.003196,-0.038350,-7.483,-0.106,-137.413,193.7696,-53.9176,12.5344,12482.8174,-3127.0967,612.8720,-0.0027205,0.0286152,-0.3649082,0.000000,0.000000,0.000000,0.00000,0.00000,0.000,0.000,0.000,0.000,0.000,-6.0000,0.0000,0.0000,6.0000,95.00,95.00,90.00,90.00,65535,65535,65535,1500,1,12,40.4364735,-86.8935057,170.700,0.234,-0.832,0.000
83444,19716,18192,15170,0,0,-0.20231,-1.46645,9.77792,0.050067,0.000000,-0.053263,-7.477,-0.080,-136.824,193.8024,-53.9301,12.5426,12492.8086,-3129.7358,613.4485,-0.0026916,0.0286101,-0.3648168,0.000000,0.000000,0.000000,0.00000,0.00000,0.000,0.000,0.000,0.000,0.000,-6.0000,0.0000,0.0000,6.0000,95.00,95.00,90.00,90.00,65535,65535,65535,1500,1,12,40.4364735,-86.8935057,170.700,0.234,-0.832,0.000
83500,30525,19583,15324,0,0,-0.52194,-1.62925,10.89601,-0.044741,-0.006392,-0.035154,-7.652,0.026,-136.130,193.8601,-53.9440,12.5809,12505.9727,-3133.1643,614.1670,-0.0026371,0.0285177,-0.3646724,0.000000,0.000000,0.000000,0.00000,0.00000,0.000,0.000,0.000,0.000,0.000,-6.0000,0.0000,0.0000,6.0000,95.00,95.00,90.00,90.00,65535,65535,65535,1500,1,12,40.4364752,-86.8935082,170.700,0.328,-0.738,0.000
83540,25847,33362,30331,0,0,0.19154,-0.71467,9.20810,-0.021305,-0.020240,-0.042611,-7.524,0.002,-135.323,193.8079,-53.9270,12.5642,12508.7285,-3134.1521,614.4551,-0.0026742,0.0285454,-0.3648147,0.000000,0.000000,0.000000,0.00000,0.00000,0.000,0.000,0.000,0.000,0.000,-6.0000,0.0000,0.0000,6.0000,95.00,95.00,90.00,90.00,65535,65535,65535,1500,1,12,40.4364752,-86.8935082,170.700,0.328,-0.738,0.000
83604,37887,24760,16814,0,0,-0.97205,-1.31202,10.08438,0.068177,-0.022371,-0.067112,-7.369,-0.148,-133.895,193.7902,-53.9186,12.5566,12521.9492,-3137.9146,615.3425,-0.0026367,0.0286685,-0.3648647,0.000000,0.000000,0.000000,0.00000,0.00000,0.000,0.000,0.000,0.000,0.000,-6.0000,0.0000,0.0000,6.0000,95.00,95.00,90.00,90.00,65535,65535,65535,1500,1,12,40.4364752,-86.8935082,170.700,0.328,-0.738,0.000
83648,19664,18170,15160,0,0,1.38145,-1.53947,9.56603,0.075634,-0.015979,-0.064981,-7.206,-0.767,-133.363,193.8104,-53.9252,12.5707,12530.8623,-3140.3167,616.1143,-0.0029052,0.0291439,-0.3647428,0.000000,0.000000,0.000000,0.00000,0.00000,0.000,0.000,0.000,0.000,0.000,-6.0000,0.0000,0.0000,6.0000,95.00,95.00,90.00,90.00,65535,65535,65535,1500,1,12,40.4364752,-86.8935082,170.700,0.328,-0.738,0.000
83703,30531,18354,15334,0,0,-0.58658,-1.86508,10.41119,0.015979,-0.006392,-0.054328,-7.253,-0.456,-132.278,193.8218,-53.9217,12.5727,12542.8564,-3143.6116,616.7445,-0.0027423,0.0288892,-0.3647541,0.000000,0.000000,0.000000,0.00000,0.00000,0.000,0.000,0.000,0.000,0.000,-6.0000,0.0000,0.0000,6.0000,95.00,95.00,90.00,90.00,65535,65535,65535,1500,1,12,40.4364755,-86.8935100,169.900,0.234,0.130,0.000
83743,24548,33363,30367,0,0,0.45370,-1.71066,9.35415,0.003196,0.004261,-0.041545,-7.398,-0.595,-132.224,193.8762,-53.9377,12.5680,12549.4824,-3145.2273,617.1232,-0.0027762,0.0290074,-0.3645874,0.000000,0.000000,0.000000,0.00000,0.00000,0.000,0.000,0.000,0.000,0.000,-6.0000,0.0000,0.0000,6.0000,95.00,95.00,90.00,90.00,65535,65535,65535,1500,1,12,40.4364755,-86.8935100,169.900,0.234,0.130,0.000
83802,34972,18371,15331,0,0,0.92057,-1.27252,9.08839,0.073503,-0.019175,-0.058590,-7.315,-0.918,-131.365,193.9157,-53.9531,12.5881,12564.9502,-3149.3284,618.1732,-0.0029341,0.0292402,-0.3644142,0.000000,0.000000,0.000000,0.00000,0.00000,0.000,0.000,0.000,0.000,0.000,-6.0000,0.0000,0.0000,6.0000,95.00,95.00,90.00,90.00,65535,65535,65535,1500,1,12,40.4364762,-86.8935105,169.900,0.315,0.175,0.000
83833,24508,24283,21261,0,0,0.48842,-2.05782,10.37647,0.025566,-0.021305,-0.050067,-7.472,-1.086,-131.451,193.9893,-53.9729,12.6104,12572.3877,-3151.0864,618.5696,-0.0029696,0.0293403,-0.3641930,0.000000,0.000000,0.000000,0.00000,0.00000,0.000,0.000,0.000,0.000,0.000,-6.0000,0.0000,0.0000,6.0000,95.00,95.00,90.00,90.00,65535,65535,65535,1500,1,12,40.4364762,-86.8935105,169.900,0.315,0.175,0.000
83896,19679,18166,15156,0,0,0.33399,-1.72263,9.97784,-0.012783,0.012783,-0.051133,-7.603,-1.277,-130.727,194.0609,-53.9865,12.6198,12588.0908,-3155.1724,619.5537,-0.0030574,0.0295028,-0.3639797,0.000000,0.000000,0.000000,0.00000,0.00000,0.000,0.000,0.000,0.000,0.000,-6.0000,0.0000,0.0000,6.0000,95.00,95.00,90.00,90.00,65535,65535,65535,1500,1,12,40.4364772,-86.8935122,169.500,0.333,0.185,0.000
83933,28031,26803,17120,0,0,-0.08499,-1.24020,9.34457,0.021305,0.026632,-0.046872,-7.575,-1.117,-130.120,194.0541,-53.9845,12.6078,12593.5332,-3156.7195,619.8770,-0.0030002,0.0294296,-0.3640145,0.000000,0.000000,0.000000,0.00000,0.00000,0.000,0.000,0.000,0.000,0.000,-6.0000,0.0000,0.0000,6.0000,95.00,95.00,90.00,90.00,65535,65535,65535,1500,1,12,40.4364772,-86.8935122,169.500,0.333,0.185,0.000
83984,26440,18255,15216,0,0,0.75178,-1.52271,8.80947,0.026632,0.030893,-0.051133,-7.715,-1.042,-129.225,194.0878,-53.9894,12.5627,12606.2471,-3160.1274,620.6553,-0.0029925,0.0294842,-0.3639250,0.000000,0.000000,0.000000,0.00000,0.00000,0.000,0.000,0.000,0.000,0.000,-6.0000,0.0000,0.0000,6.0000,95.00,95.00,90.00,90.00,65535,65535,65535,1500,1,12,40.4364787,-86.8935145,169.500,0.463,0.257,0.000
84052,39471,21988,18979,0,0,0.39624,-0.85832,9.70250,0.026632,-0.006392,-0.053263,-7.471,-1.287,-128.193,194.0792,-53.9921,12.5677,12617.2031,-3163.2095,621.5494,-0.0032354,0.0297101,-0.3639015,0.000000,0.000000,0.000000,0.00000,0.00000,0.000,0.000,0.000,0.000,0.000,-6.0000,0.0000,0.0000,6.0000,95.00,95.00,90.00,90.00,65535,65535,65535,1500,1,12,40.4364787,-86.8935145,169.400,0.463,0.257,0.000
84083,28046,24507,21480,0,0,0.15443,-1.13605,10.63145,-0.025566,-0.007457,-0.036219,-7.452,-1.239,-127.539,194.0602,-53.9881,12.5917,12621.8320,-3164.5806,621.8862,-0.0032504,0.0296813,-0.3639576,0.000000,0.000000,0.000000,0.00000,0.00000,0.000,0.000,0.000,0.000,0.000,-6.0000,0.0000,0.0000,6.0000,95.00,95.00,90.00,90.00,65535,65535,65535,1500,1,12,40.4364787,-86.8935145,169.400,0.463,0.257,0.000
84143,29908,22903,15322,0,0,0.24660,-1.34315,9.13148,-0.023436,-0.007457,-0.040480,-7.779,-1.309,-126.714,194.1073,-53.9976,12.5971,12635.8154,-3168.2600,622.6960,-0.0032019,0.0297605,-0.3638166,0.000000,0.000000,0.000000,0.00000,0.00000,0.000,0.000,0.000,0.000,0.000,-6.0000,0.0000,0.0000,6.0000,95.00,95.00,90.00,90.00,65535,65535,65535,1500,1,12,40.4364800,-86.8935162,169.300,0.463,0.257,0.000
84196,28887,18262,15215,0,0,0.39145,-0.78889,9.21049,-0.052198,-0.013848,-0.038350,-7.773,-1.365,-125.409,194.0635,-53.9890,12.5886,12644.9961,-3170.9907,623.4163,-0.0032808,0.0298165,-0.3639207,0.000000,0.000000,0.000000,0.00000,0.00000,0.000,0.000,0.000,0.000,0.000,-6.0000,0.0000,0.0000,6.0000,95.00,95.00,90.00,90.00,65535,65535,65535,1500,1,12,40.4364812,-86.8935185,169.300,0.504,-0.485,0.000
84246,25933,18268,15190,0,0,0.10774,-1.42694,10.06283,0.026632,-0.021305,-0.044741,-7.900,-1.376,-124.727,194.1152,-54.0001,12.5841,12657.0156,-3174.1299,624.0731,-0.0032098,0.0298134,-0.3637933,0.000000,0.000000,0.000000,0.00000,0.00000,0.000,0.000,0.000,0.000,0.000,-6.0000,0.0000,0.0000,6.0000,95.00,95.00,90.00,90.00,65535,65535,65535,1500,1,12,40.4364812,-86.8935185,169.300,0.504,-0.485,0.000
84297,25950,18244,15206,0,0,1.15281,-1.80762,9.94192,-0.020240,-0.015979,-0.045806,-7.918,-1.468,-123.824,194.1157,-54.0012,12.5905,12666.7500,-3176.8264,624.7170,-0.0032215,0.0298814,-0.3637792,0.000000,0.000000,0.000000,0.00000,0.00000,0.000,0.000,0.000,0.000,0.000,-6.0000,0.0000,0.0000,6.0000,95.00,95.00,90.00,90.00,65535,65535,65535,1500,1,12,40.4364818,-86.8935198,169.300,0.434,-0.379,0.000
84345,23876,18276,15311,0,0,0.34237,-1.13725,9.81024,0.012783,-0.006392,-0.031958,-7.726,-1.293,-122.594,194.0665,-53.9920,12.6109,12674.2764,-3179.1260,625.2762,-0.0032315,0.0297676,-0.3639228,0.000000,0.000000,0.000000,0.00000,0.00000,0.000,0.000,0.000,0.000,0.000,-6.0000,0.0000,0.0000,6.0000,95.00,95.00,90.00,90.00,65535,65535,65535,1500,1,12,40.4364818,-86.8935198,169.300,0.434,-0.379,0.000
84396,26542,18232,15201,0,0,0.34716,-1.18274,10.29267,0.012783,-0.017044,-0.025566,-7.759,-1.422,-121.802,194.0920,-53.9964,12.6263,12684.9307,-3181.9866,625.9578,-0.0032552,0.0298781,-0.3638433,0.000000,0.000000,0.000000,0.00000,0.00000,0.000,0.000,0.000,0.000,0.000,-6.0000,0.0000,0.0000,6.0000,95.00,95.00,90.00,90.00,65535,65535,65535,1500,1,12,40.4364820,-86.8935203,169.300,0.283,-0.247,0.000
84447,26199,18245,15197,0,0,0.14365,-1.08338,9.45351,-0.093743,-0.005326,-0.019175,-8.091,-1.323,-120.964,194.1205,-54.0012,12.6438,12696.1260,-3184.9834,626.6063,-0.0032152,0.0298153,-0.3637752,0.000000,0.000000,0.000000,0.00000,0.00000,0.000,0.000,0.000,0.000,0.000,-6.0000,0.0000,0.0000,6.0000,95.00,95.00,90.00,90.00,65535,65535,65535,1500,1,12,40.4364820,-86.8935203,169.300,0.283,-0.247,0.000
84498,26673,18288,15241,0,0,0.90381,-1.28449,9.55167,0.011718,-0.010653,-0.020240,-8.217,-1.470,-120.017,194.1296,-54.0031,12.6362,12706.2529,-3187.7603,627.2682,-0.0032030,0.0299726,-0.3637388,0.000000,0.000000,0.000000,0.00000,0.00000,0.000,0.000,0.000,0.000,0.000,-6.0000,0.0000,0.0000,6.0000,95.00,95.00,90.00,90.00,65535,65535,65535,1500,1,12,40.4364828,-86.8935217,168.600,0.283,-0.247,0.000
84537,24472,33431,30375,0,0,-0.26456,-1.24379,9.53251,-0.012783,-0.014914,-0.011718,-8.205,-1.320,-119.525,194.1316,-54.0045,12.6309,12711.2363,-3189.1394,627.5709,-0.0032081,0.0298407,-0.3637429,0.000000,0.000000,0.000000,0.00000,0.00000,0.000,0.000,0.000,0.000,0.000,-6.0000,0.0000,0.0000,6.0000,95.00,95.00,90.00,90.00,65535,65535,65535,1500,1,12,40.4364828,-86.8935217,168.600,0.283,-0.247,0.000
84601,37627,18290,15230,0,0,0.39504,-1.47243,10.27112,-0.055394,-0.014914,-0.004261,-8.075,-1.071,-117.468,194.0737,-53.9925,12.6429,12723.6025,-3192.8887,628.4968,-0.0032513,0.0296555,-0.3639540,0.000000,0.000000,0.000000,0.00000,0.00000,0.000,0.000,0.000,0.000,0.000,-6.0000,0.0000,0.0000,6.0000,95.00,95.00,90.00,90.00,65535,65535,65535,1500,1,12,40.4364838,-86.8935230,168.600,0.283,-0.247,0.000
84632,24488,25021,22003,0,0,0.23703,-1.36589,10.48421,-0.037284,-0.018109,0.008522,-8.099,-1.064,-116.860,194.0603,-53.9906,12.6613,12727.7998,-3194.1116,628.7970,-0.0032563,0.0296607,-0.3639892,0.000000,0.000000,0.000000,0.00000,0.00000,0.000,0.000,0.000,0.000,0.000,-6.0000,0.0000,0.0000,6.0000,95.00,95.00,90.00,90.00,65535,65535,65535,1500,1,12,40.4364838,-86.8935230,168.600,0.283,-0.247,0.000
84682,26020,18292,15234,0,0,-0.05267,-1.02831,9.96347,-0.004261,-0.001065,0.009587,-8.281,-0.861,-115.920,194.0957,-53.9925,12.6807,12740.3145,-3197.4460,629.5643,-0.0033212,0.0295065,-0.3638957,0.000000,0.000000,0.000000,0.00000,0.00000,0.000,0.000,0.000,0.000,0.000,-6.0000,0.0000,0.0000,6.0000,95.00,95.00,90.00,90.00,65535,65535,65535,1500,1,12,40.4364838,-86.8935230,168.600,0.283,-0.247,0.000
84751,39509,21837,18816,0,0,-0.69791,-1.02592,9.73842,0.039415,0.004261,0.010653,-8.155,-0.538,-114.690,194.1250,-53.9879,12.6909,12753.6484,-3201.0757,630.4073,-0.0033921,0.0292864,-0.3638508,0.000000,0.000000,0.000000,0.00000,0.00000,0.000,0.000,0.000,0.000,0.000,-6.0000,0.0000,0.0000,6.0000,95.00,95.00,90.00,90.00,65535,65535,65535,1500,1,12,40.4364847,-86.8935247,168.500,0.283,-0.247,0.000
84784,31736,23703,15398,0,0,0.24301,-1.75256,10.35971,-0.049002,0.003196,0.013848,-8.311,-0.535,-114.056,194.1349,-53.9897,12.7132,12760.3496,-3202.8904,630.8130,-0.0033569,0.0293329,-0.3638199,0.000000,0.000000,0.000000,0.00000,0.00000,0.000,0.000,0.000,0.000,0.000,-6.0000,0.0000,0.0000,6.0000,95.00,95.00,90.00,90.00,65535,65535,65535,1500,1,12,40.4364847,-86.8935247,168.500,0.283,-0.247,0.000
84835,26000,18270,15215,0,0,-0.44412,-2.01233,10.40281,0.036219,-0.015979,0.009587,-8.315,-0.403,-113.010,194.1612,-53.9927,12.7304,12772.3379,-3206.1226,631.5517,-0.0033792,0.0292307,-0.3637583,0.000000,0.000000,0.000000,0.00000,0.00000,0.000,0.000,0.000,0.000,0.000,-6.0000,0.0000,0.0000,6.0000,95.00,95.00,90.00,90.00,65535,65535,65535,1500,1,12,40.4364858,-86.8935273,168.400,0.283,-0.247,0.000
84886,26654,18285,15248,0,0,0.03831,-2.01233,9.73722,0.021305,-0.042611,0.001065,-8.404,-0.537,-112.150,194.2001,-53.9959,12.7353,12783.8477,-3209.1624,632.2253,-0.0033310,0.0293182,-0.3636540,0.000000,0.000000,0.000000,0.00000,0.00000,0.000,0.000,0.000,0.000,0.000,-6.0000,0.0000,0.0000,6.0000,95.00,95.00,90.00,90.00,65535,65535,65535,1500,1,12,40.4364867,-86.8935298,168.400,0.424,-0.428,0.000
84937,26027,18232,15205,0,0,-0.19872,-1.58616,10.77870,0.063916,-0.064981,-0.005326,-8.372,-0.715,-111.220,194.2241,-53.9969,12.7724,12794.5957,-3212.0552,632.8839,-0.0032990,0.0293914,-0.3635908,0.000000,0.000000,0.000000,0.00000,0.00000,0.000,0.000,0.000,0.000,0.000,-6.0000,0.0000,0.0000,6.0000,95.00,95.00,90.00,90.00,65535,65535,65535,1500,1,12,40.4364867,-86.8935298,168.400,0.424,-0.428,0.000
84996,30548,22108,15342,0,0,-0.24541,-1.61130,9.88446,0.001065,-0.058590,-0.012783,-8.356,-0.919,-110.238,194.2471,-53.9932,12.7535,12805.9854,-3215.1304,633.6136,-0.0033178,0.0294554,-0.3635255,0.000000,0.000000,0.000000,0.00000,0.00000,0.000,0.000,0.000,0.000,0.000,-6.0000,0.0000,0.0000,6.0000,95.00,95.00,90.00,90.00,65535,65535,65535,1500,1,12,40.4364870,-86.8935313,168.400,0.375,-0.389,0.000
85035,28459,33355,30313,0,0,1.20787,-2.14401,9.81623,-0.025566,-0.052198,-0.013848,-8.590,-1.323,-110.149,194.3111,-53.9970,12.7642,12813.5361,-3216.9482,634.0768,-0.0033954,0.0297319,-0.3633172,0.000000,0.000000,0.000000,0.00000,0.00000,0.000,0.000,0.000,0.000,0.000,-6.0000,0.0000,0.0000,6.0000,95.00,95.00,90.00,90.00,65535,65535,65535,1500,1,12,40.4364870,-86.8935313,168.400,0.375,-0.389,0.000
85094,36897,20589,15322,0,0,-0.18914,-1.12408,9.90242,0.039415,-0.034088,-0.006392,-8.315,-1.056,-107.866,194.2069,-53.9886,12.7574,12823.5967,-3220.2178,634.8417,-0.0032877,0.0294975,-0.3636491,0.000000,0.000000,0.000000,0.00000,0.00000,0.000,0.000,0.000,0.000,0.000,-6.0000,0.0000,0.0000,6.0000,95.00,95.00,90.00,90.00,65535,65535,65535,1500,1,12,40.4364870,-86.8935313,168.400,0.375,-0.389,0.000
85144,26020,18245,15216,0,0,0.75298,-1.55384,10.00417,-0.062851,-0.013848,-0.014914,-8.333,-1.027,-105.940,194.0815,-53.9816,12.7585,12829.2480,-3222.3035,635.3847,-0.0031920,0.0295433,-0.3639863,0.000000,0.000000,0.000000,0.00000,0.00000,0.000,0.000,0.000,0.000,0.000,-6.0000,0.0000,0.0000,6.0000,95.00,95.00,90.00,90.00,65535,65535,65535,1500,1,12,40.4364870,-86.8935313,168.400,0.375,-0.389,0.000
85199,35175,18285,15317,0,0,0.25738,-1.65200,9.96467,-0.061785,0.005326,0.001065,-8.484,-1.064,-104.614,194.0494,-53.9765,12.7679,12838.6025,-3225.0256,636.0518,-0.0031608,0.0296606,-0.3640592,0.000000,0.000000,0.000000,0.00000,0.00000,0.000,0.000,0.000,0.000,0.000,-6.0000,0.0000,0.0000,6.0000,95.00,95.00,90.00,90.00,65535,65535,65535,1500,1,12,40.4364890,-86.8935362,168.400,0.547,-0.530,0.000
85243,19675,18209,15161,0,0,1.03190,-1.84354,10.14064,-0.074569,0.010653,-0.006392,-8.421,-1.058,-102.914,193.9346,-53.9675,12.7826,12842.8047,-3226.6775,636.4932,-0.0030507,0.0297969,-0.3643695,0.000000,0.000000,0.000000,0.00000,0.00000,0.000,0.000,0.000,0.000,0.000,-6.0000,0.0000,0.0000,6.0000,95.00,95.00,90.00,90.00,65535,65535,65535,1500,1,12,40.4364890,-86.8935362,168.400,0.547,-0.530,0.000
85296,28919,18244,15211,0,0,-1.09535,-1.57658,10.14543,-0.035154,-0.002131,-0.012783,-8.674,-0.696,-103.040,194.1105,-53.9686,12.8109,12859.6143,-3230.6362,637.3655,-0.0032818,0.0294085,-0.3639131,0.000000,0.000000,0.000000,0.00000,0.00000,0.000,0.000,0.000,0.000,0.000,-6.0000,0.0000,0.0000,6.0000,95.00,95.00,90.00,90.00,65535,65535,65535,1500,1,12,40.4364887,-86.8935365,167.100,0.310,-0.301,0.000
85347,25986,18264,15203,0,0,1.05584,-1.22583,9.82341,0.011718,0.008522,-0.021305,-8.480,-0.869,-100.741,193.9218,-53.9620,12.7962,12862.2910,-3232.1558,637.8173,-0.0030820,0.0297773,-0.3644018,0.000000,0.000000,0.000000,0.00000,0.00000,0.000,0.000,0.000,0.000,0.000,-6.0000,0.0000,0.0000,6.0000,95.00,95.00,90.00,90.00,65535,65535,65535,1500,1,12,40.4364887,-86.8935365,167.100,0.310,-0.301,0.000
85408,30721,24119,15278,0,0,0.40223,-1.58975,10.57878,-0.035154,0.006392,-0.009587,-8.710,-0.919,-99.700,193.9433,-53.9649,12.8268,12873.9160,-3235.3000,638.5268,-0.0030100,0.0299140,-0.3643448,0.000000,0.000000,0.000000,0.00000,0.00000,0.000,0.000,0.000,0.000,0.000,-6.0000,0.0000,0.0000,6.0000,95.00,95.00,90.00,90.00,65535,65535,65535,1500,1,12,40.4364892,-86.8935385,166.900,0.384,-0.365,0.000
85438,30430,24083,21035,0,0,0.30167,-1.40540,9.21169,0.011718,0.005326,-0.008522,-8.693,-0.903,-98.997,193.9317,-53.9653,12.8116,12879.3877,-3236.8701,638.9039,-0.0029901,0.0299560,-0.3643742,0.000000,0.000000,0.000000,0.00000,0.00000,0.000,0.000,0.000,0.000,0.000,-6.0000,0.0000,0.0000,6.0000,95.00,95.00,90.00,90.00,65535,65535,65535,1500,1,12,40.4364892,-86.8935385,166.900,0.384,-0.365,0.000
85483,20277,18219,15186,0,0,-0.40582,-1.86269,9.89643,-0.006392,0.000000,-0.030893,-8.649,-0.515,-98.460,193.9922,-53.9657,12.7898,12891.2031,-3239.9214,639.6366,-0.0031808,0.0296049,-0.3642264,0.000000,0.000000,0.000000,0.00000,0.00000,0.000,0.000,0.000,0.000,0.000,-6.0000,0.0000,0.0000,6.0000,95.00,95.00,90.00,90.00,65535,65535,65535,1500,1,12,40.4364898,-86.8935397,166.900,0.422,-0.345,0.000
85551,39513,22130,19102,0,0,-0.44652,-1.95487,9.07163,-0.056459,-0.026632,-0.012783,-8.782,-0.184,-98.044,194.1164,-53.9587,12.7817,12908.7344,-3244.2607,640.5905,-0.0033365,0.0292014,-0.3638999,0.000000,0.000000,0.000000,0.00000,0.00000,0.000,0.000,0.000,0.000,0.000,-6.0000,0.0000,0.0000,6.0000,95.00,95.00,90.00,90.00,65535,65535,65535,1500,1,12,40.4364898,-86.8935397,166.800,0.422,-0.345,0.000
85588,28365,30435,27415,0,0,-0.38666,-0.70150,8.73165,0.069242,-0.036219,-0.045806,-8.468,-0.044,-97.267,194.0699,-53.9588,12.7504,12912.3330,-3245.4600,640.9249,-0.0033982,0.0290552,-0.3640248,0.000000,0.000000,0.000000,0.00000,0.00000,0.000,0.000,0.000,0.000,0.000,-6.0000,0.0000,0.0000,6.0000,95.00,95.00,90.00,90.00,65535,65535,65535,1500,1,12,40.4364898,-86.8935397,166.800,0.422,-0.345,0.000
85642,25736,18259,15221,0,0,0.65481,-0.50159,9.46428,0.042611,-0.027697,-0.046872,-8.051,-0.255,-94.838,193.8889,-53.9646,12.7511,12917.9297,-3247.7900,641.6261,-0.0033508,0.0292625,-0.3644945,0.000000,0.000000,0.000000,0.00000,0.00000,0.000,0.000,0.000,0.000,0.000,-6.0000,0.0000,0.0000,6.0000,95.00,95.00,90.00,90.00,65535,65535,65535,1500,1,12,40.4364898,-86.8935405,166.600,0.422,-0.345,0.000
85687,25468,18212,15179,0,0,-0.23343,-0.46687,9.48942,-0.005326,-0.021305,-0.030893,-7.912,-0.322,-93.429,193.8042,-53.9609,12.7483,12923.1221,-3249.6013,642.1254,-0.0033280,0.0293645,-0.3647150,0.000000,0.000000,0.000000,0.00000,0.00000,0.000,0.000,0.000,0.000,0.000,-6.0000,0.0000,0.0000,6.0000,95.00,95.00,90.00,90.00,65535,65535,65535,1500,1,12,40.4364893,-86.8935402,166.600,0.127,-0.104,0.000
85737,25929,18223,15194,0,0,-0.28371,-2.17753,10.21247,0.025566,0.017044,-0.023436,-8.170,-0.420,-92.957,193.8879,-53.9573,12.7568,12936.3027,-3252.9043,642.8281,-0.0032752,0.0295080,-0.3644892,0.000000,0.000000,0.000000,0.00000,0.00000,0.000,0.000,0.000,0.000,0.000,-6.0000,0.0000,0.0000,6.0000,95.00,95.00,90.00,90.00,65535,65535,65535,1500,1,12,40.4364893,-86.8935402,166.600,0.127,-0.104,0.000
85805,39806,26931,18918,0,0,-0.07781,-1.25336,9.32901,0.062851,0.049002,-0.018109,-7.794,-0.010,-91.525,193.8343,-53.9604,12.7479,12945.7578,-3255.7568,643.5422,-0.0033186,0.0293292,-0.3646292,0.000000,0.000000,0.000000,0.00000,0.00000,0.000,0.000,0.000,0.000,0.000,-6.0000,0.0000,0.0000,6.0000,95.00,95.00,90.00,90.00,65535,65535,65535,1500,1,12,40.4364893,-86.8935413,166.600,0.119,-0.098,0.000
85841,36913,25661,16946,0,0,-1.15520,-1.85311,10.15620,0.046872,0.045806,-0.013848,-7.818,0.417,-90.917,193.8688,-53.9525,12.7660,12955.3936,-3258.2708,643.9803,-0.0031643,0.0290773,-0.3645602,0.000000,0.000000,0.000000,0.00000,0.00000,0.000,0.000,0.000,0.000,0.000,-6.0000,0.0000,0.0000,6.0000,95.00,95.00,90.00,90.00,65535,65535,65535,1500,1,12,40.4364893,-86.8935413,166.600,0.119,-0.098,0.000
85891,25838,18285,15221,0,0,-0.41061,-1.91057,9.56962,0.064981,0.039415,-0.028762,-7.941,0.430,-90.101,193.9286,-53.9577,12.7530,12969.5645,-3261.9392,644.7238,-0.0029857,0.0292764,-0.3644026,0.000000,0.000000,0.000000,0.00000,0.00000,0.000,0.000,0.000,0.000,0.000,-6.0000,0.0000,0.0000,6.0000,95.00,95.00,90.00,90.00,65535,65535,65535,1500,1,12,40.4364893,-86.8935422,166.000,0.183,-0.150,0.000
85935,19736,18187,15153,0,0,0.89663,-0.73263,8.99382,0.024501,0.034088,-0.033023,-7.880,0.122,-89.627,193.9531,-53.9363,12.7376,12977.9736,-3264.1482,645.4059,-0.0032183,0.0296303,-0.3642771,0.000000,0.000000,0.000000,0.00000,0.00000,0.000,0.000,0.000,0.000,0.000,-6.0000,0.0000,0.0000,6.0000,95.00,95.00,90.00,90.00,65535,65535,65535,1500,1,12,40.4364893,-86.8935422,166.000,0.183,-0.150,0.000
85986,26546,18203,15191,0,0,-0.50039,-1.21506,9.71806,0.050067,0.000000,-0.025566,-8.097,0.430,-88.555,193.9754,-53.9466,12.7434,12990.0957,-3267.4277,645.9601,-0.0029030,0.0294730,-0.3642665,0.000000,0.000000,0.000000,0.00000,0.00000,0.000,0.000,0.000,0.000,0.000,-6.0000,0.0000,0.0000,6.0000,95.00,95.00,90.00,90.00,65535,65535,65535,1500,1,12,40.4364890,-86.8935438,166.000,0.100,-0.081,0.000
86060,43394,23846,15415,0,0,0.64883,-1.88304,10.26634,-0.044741,-0.020240,-0.043676,-8.306,0.370,-87.308,193.9862,-53.9627,12.7798,13004.3262,-3271.3059,646.8071,-0.0027894,0.0295414,-0.3642274,0.000000,0.000000,0.000000,0.00000,0.00000,0.000,0.000,0.000,0.000,0.000,-6.0000,0.0000,0.0000,6.0000,95.00,95.00,90.00,90.00,65535,65535,65535,1500,1,12,40.4364890,-86.8935438,166.000,0.100,-0.081,0.000
86097,30758,30559,27543,0,0,-0.45729,-1.35392,9.94671,0.013848,-0.041545,-0.042611,-8.247,0.451,-86.654,193.9792,-53.9637,12.7862,13010.2236,-3272.9822,647.1775,-0.0027576,0.0294389,-0.3642581,0.000000,0.000000,0.000000,0.00000,0.00000,0.000,0.000,0.000,0.000,0.000,-6.0000,0.0000,0.0000,6.0000,95.00,95.00,90.00,90.00,65535,65535,65535,1500,1,12,40.4364893,-86.8935463,166.000,0.171,-0.140,0.000
86141,19582,18146,15108,0,0,0.04070,-1.21745,9.74919,0.029827,-0.028762,-0.049002,-8.080,0.683,-85.357,193.9489,-53.9602,12.7771,13020.4863,-3275.9775,647.8370,-0.0026900,0.0291858,-0.3643632,0.000000,0.000000,0.000000,0.00000,0.00000,0.000,0.000,0.000,0.000,0.000,-6.0000,0.0000,0.0000,6.0000,95.00,95.00,90.00,90.00,65535,65535,65535,1500,1,12,40.4364893,-86.8935463,166.000,0.171,-0.140,0.000
86192,26522,18262,15228,0,0,-0.98162,-1.90698,10.49498,0.004261,-0.055394,-0.040480,-8.017,0.542,-84.436,193.9418,-53.9538,12.7987,13029.8613,-3278.6042,648.4991,-0.0027425,0.0292269,-0.3643659,0.000000,0.000000,0.000000,0.00000,0.00000,0.000,0.000,0.000,0.000,0.000,-6.0000,0.0000,0.0000,6.0000,95.00,95.00,90.00,90.00,65535,65535,65535,1500,1,12,40.4364893,-86.8935477,166.000,0.171,-0.140,0.000
86242,26026,18253,15209,0,0,-0.59735,-0.77452,10.00896,-0.013848,-0.051133,-0.033023,-7.651,0.784,-82.717,193.8339,-53.9704,12.8036,13035.8096,-3280.7493,649.0198,-0.0026661,0.0289796,-0.3646753,0.000000,0.000000,0.000000,0.00000,0.00000,0.000,0.000,0.000,0.000,0.000,-6.0000,0.0000,0.0000,6.0000,95.00,95.00,90.00,90.00,65535,65535,65535,1500,1,12,40.4364893,-86.8935477,166.000,0.171,-0.140,0.000
86297,26985,18195,15195,0,0,0.05267,-1.83396,10.01854,0.024501,-0.027697,-0.027697,-7.694,0.473,-81.848,193.8522,-53.9633,12.8108,13046.6367,-3283.6746,649.7902,-0.0027695,0.0292007,-0.3645997,0.000000,0.000000,0.000000,0.00000,0.00000,0.000,0.000,0.000,0.000,0.000,-6.0000,0.0000,0.0000,6.0000,95.00,95.00,90.00,90.00,65535,65535,65535,1500,1,12,40.4364892,-86.8935487,165.100,0.147,-0.120,0.000
86350,32941,18230,15190,0,0,-1.35871,-0.91698,9.71447,0.005326,-0.030893,-0.020240,-7.616,0.916,-80.507,193.8360,-53.9709,12.8157,13057.1777,-3286.7097,650.3487,-0.0025569,0.0288187,-0.3647021,0.000000,0.000000,0.000000,0.00000,0.00000,0.000,0.000,0.000,0.000,0.000,-6.0000,0.0000,0.0000,6.0000,95.00,95.00,90.00,90.00,65535,65535,65535,1500,1,12,40.4364892,-86.8935487,165.100,0.147,-0.120,0.000
86394,20356,18219,15173,0,0,0.46208,-1.75136,9.74919,0.041545,-0.019175,-0.028762,-7.912,0.348,-80.809,193.9998,-53.9340,12.8238,13071.2744,-3289.8865,651.1397,-0.0027603,0.0292099,-0.3642276,0.000000,0.000000,0.000000,0.00000,0.00000,0.000,0.000,0.000,0.000,0.000,-6.0000,0.0000,0.0000,6.0000,95.00,95.00,90.00,90.00,65535,65535,65535,1500,1,12,40.4364883,-86.8935503,164.800,0.187,-0.153,0.000
86444,25897,18257,15204,0,0,0.47884,-0.57102,9.22965,0.029827,-0.011718,-0.013848,-7.732,0.333,-79.492,193.9451,-53.9398,12.7971,13078.5977,-3292.1714,651.7524,-0.0027915,0.0292413,-0.3643659,0.000000,0.000000,0.000000,0.00000,0.00000,0.000,0.000,0.000,0.000,0.000,-6.0000,0.0000,0.0000,6.0000,95.00,95.00,90.00,90.00,65535,65535,65535,1500,1,12,40.4364883,-86.8935503,164.800,0.187,-0.153,0.000
86499,26814,18252,15190,0,0,1.23541,-1.38265,9.55885,0.030893,-0.002131,-0.019175,-7.869,-0.319,-79.250,194.0397,-53.9118,12.8069,13091.5479,-3295.3064,652.6650,-0.0030942,0.0297632,-0.3640385,0.000000,0.000000,0.000000,0.00000,0.00000,0.000,0.000,0.000,0.000,0.000,-6.0000,0.0000,0.0000,6.0000,95.00,95.00,90.00,90.00,65535,65535,65535,1500,1,12,40.4364870,-86.8935518,164.600,0.295,-0.241,0.000
86539,19237,38411,30327,0,0,-0.07422,-1.51553,9.39604,-0.004261,-0.007457,-0.014914,-7.933,-0.289,-78.985,194.0633,-53.9103,12.8017,13096.3057,-3296.5269,652.9208,-0.0030746,0.0297397,-0.3639837,0.000000,0.000000,0.000000,0.00000,0.00000,0.000,0.000,0.000,0.000,0.000,-6.0000,0.0000,0.0000,6.0000,95.00,95.00,90.00,90.00,65535,65535,65535,1500,1,12,40.4364870,-86.8935518,164.600,0.295,-0.241,0.000
86597,37328,19366,15292,0,0,0.39624,-1.90100,9.96108,-0.025566,0.006392,0.006392,-8.036,-0.171,-77.756,194.1211,-53.8998,12.8324,13114.5303,-3301.2671,653.9282,-0.0029856,0.0296906,-0.3638121,0.000000,0.000000,0.000000,0.00000,0.00000,0.000,0.000,0.000,0.000,0.000,-6.0000,0.0000,0.0000,6.0000,95.00,95.00,90.00,90.00,65535,65535,65535,1500,1,12,40.4364870,-86.8935518,164.600,0.295,-0.241,0.000
86647,25851,18200,15164,0,0,-0.29928,-1.38265,10.17177,0.051133,-0.014914,0.003196,-7.869,0.152,-76.217,194.0742,-53.9168,12.8428,13123.3311,-3303.9448,654.4900,-0.0028410,0.0294642,-0.3639714,0.000000,0.000000,0.000000,0.00000,0.00000,0.000,0.000,0.000,0.000,0.000,-6.0000,0.0000,0.0000,6.0000,95.00,95.00,90.00,90.00,65535,65535,65535,1500,1,12,40.4364870,-86.8935518,164.600,0.295,-0.241,0.000
86684,28270,26604,16976,0,0,-0.54229,-1.46046,9.72525,-0.020240,-0.031958,0.008522,-7.926,0.291,-75.556,194.0771,-53.9208,12.8427,13129.4209,-3305.6272,654.8190,-0.0027541,0.0293405,-0.3639813,0.000000,0.000000,0.000000,0.00000,0.00000,0.000,0.000,0.000,0.000,0.000,-6.0000,0.0000,0.0000,6.0000,95.00,95.00,90.00,90.00,65535,65535,65535,1500,1,12,40.4364870,-86.8935518,164.600,0.295,-0.241,0.000
86735,25873,18216,15193,0,0,1.08936,-1.20907,10.13585,0.005326,-0.020240,0.003196,-7.854,-0.157,-74.502,194.0846,-53.9079,12.8770,13139.9971,-3308.5127,655.6928,-0.0029926,0.0296993,-0.3639088,0.000000,0.000000,0.000000,0.00000,0.00000,0.000,0.000,0.000,0.000,0.000,-6.0000,0.0000,0.0000,6.0000,95.00,95.00,90.00,90.00,65535,65535,65535,1500,1,12,40.4364860,-86.8935543,164.200,0.356,0.174,0.000
86802,34277,26739,18800,0,0,1.04986,-1.56341,9.39126,-0.027697,-0.009587,0.017044,-8.257,-0.672,-74.093,194.1986,-53.8794,12.8954,13155.1846,-3312.1543,656.6296,-0.0031756,0.0301199,-0.3635464,0.000000,0.000000,0.000000,0.00000,0.00000,0.000,0.000,0.000,0.000,0.000,-6.0000,0.0000,0.0000,6.0000,95.00,95.00,90.00,90.00,65535,65535,65535,1500,1,12,40.4364860,-86.8935543,164.200,0.356,0.174,0.000
86846,19675,18228,15185,0,0,-0.35913,-1.50954,9.59955,-0.051133,-0.034088,0.028762,-8.499,-0.724,-73.492,194.2868,-53.8670,12.8758,13169.2930,-3315.6348,657.3790,-0.0031784,0.0300941,-0.3633055,0.000000,0.000000,0.000000,0.00000,0.00000,0.000,0.000,0.000,0.000,0.000,-6.0000,0.0000,0.0000,6.0000,95.00,95.00,90.00,90.00,65535,65535,65535,1500,1,12,40.4364860,-86.8935543,164.200,0.356,0.174,0.000
86903,30486,19918,15275,0,0,0.10415,-1.13725,9.12430,-0.039415,-0.008522,0.027697,-8.576,-0.885,-72.160,194.2606,-53.8660,12.8671,13178.3945,-3318.2759,658.0966,-0.0032351,0.0302923,-0.3633554,0.000000,0.000000,0.000000,0.00000,0.00000,0.000,0.000,0.000,0.000,0.000,-6.0000,0.0000,0.0000,6.0000,95.00,95.00,90.00,90.00,65535,65535,65535,1500,1,12,40.4364853,-86.8935558,164.200,0.351,0.171,0.000
86934,26175,24998,21980,0,0,0.64284,-2.07218,10.21366,-0.082025,-0.010653,0.023436,-8.835,-1.024,-71.837,194.2978,-53.8564,12.8850,13185.0059,-3319.9126,658.4753,-0.0032409,0.0304230,-0.3632393,0.000000,0.000000,0.000000,0.00000,0.00000,0.000,0.000,0.000,0.000,0.000,-6.0000,0.0000,0.0000,6.0000,95.00,95.00,90.00,90.00,65535,65535,65535,1500,1,12,40.4364853,-86.8935558,164.200,0.351,0.171,0.000
86984,25664,18188,15180,0,0,0.21668,-1.77171,10.10233,0.004261,-0.021305,0.013848,-8.936,-0.744,-71.115,194.3744,-53.8376,12.8916,13199.7871,-3323.6279,659.2570,-0.0032484,0.0301519,-0.3630429,0.000000,0.000000,0.000000,0.00000,0.00000,0.000,0.000,0.000,0.000,0.000,-6.0000,0.0000,0.0000,6.0000,95.00,95.00,90.00,90.00,65535,65535,65535,1500,1,12,40.4364853,-86.8935558,164.200,0.351,0.171,0.000
87046,36994,18343,15303,0,0,-0.25019,-0.79487,10.10593,-0.030893,-0.018109,0.012783,-8.878,-0.475,-69.174,194.2962,-53.8532,12.8979,13208.1611,-3326.3884,659.9791,-0.0032599,0.0299783,-0.3632931,0.000000,0.000000,0.000000,0.00000,0.00000,0.000,0.000,0.000,0.000,0.000,-6.0000,0.0000,0.0000,6.0000,95.00,95.00,90.00,90.00,65535,65535,65535,1500,1,12,40.4364848,-86.8935572,163.800,0.476,0.232,0.000
87083,19268,35337,27399,0,0,0.45849,-1.31202,9.81264,-0.023436,-0.013848,0.005326,-8.840,-0.521,-68.454,194.2493,-53.8624,12.8981,13209.9727,-3327.1138,660.1857,-0.0032247,0.0300653,-0.3634137,0.000000,0.000000,0.000000,0.00000,0.00000,0.000,0.000,0.000,0.000,0.000,-6.0000,0.0000,0.0000,6.0000,95.00,95.00,90.00,90.00,65535,65535,65535,1500,1,12,40.4364848,-86.8935572,163.800,0.476,0.232,0.000
87139,27602,18233,15186,0,0,0.44412,-1.64841,10.03530,-0.014914,0.000000,0.006392,-8.945,-0.361,-66.588,194.2102,-53.8616,12.8997,13222.1787,-3330.7297,661.0917,-0.0032364,0.0300083,-0.3635416,0.000000,0.000000,0.000000,0.00000,0.00000,0.000,0.000,0.000,0.000,0.000,-6.0000,0.0000,0.0000,6.0000,95.00,95.00,90.00,90.00,65535,65535,65535,1500,1,12,40.4364848,-86.8935572,163.800,0.476,0.232,0.000
87189,25889,18245,15203,0,0,-1.23301,-1.72023,10.42196,-0.010653,-0.009587,-0.011718,-8.861,-0.032,-65.996,194.2618,-53.8432,12.9227,13234.0137,-3333.7456,661.8159,-0.0033972,0.0296959,-0.3634005,0.000000,0.000000,0.000000,0.00000,0.00000,0.000,0.000,0.000,0.000,0.000,-6.0000,0.0000,0.0000,6.0000,95.00,95.00,90.00,90.00,65535,65535,65535,1500,1,12,40.4364848,-86.8935572,163.800,0.476,0.232,0.000
87240,25987,18279,15207,0,0,0.35314,-1.18154,10.00776,-0.046872,-0.010653,0.006392,-8.543,0.176,-64.376,194.1756,-53.8658,12.9422,13240.0264,-3335.8660,662.4070,-0.0034268,0.0295793,-0.3636478,0.000000,0.000000,0.000000,0.00000,0.00000,0.000,0.000,0.000,0.000,0.000,-6.0000,0.0000,0.0000,6.0000,95.00,95.00,90.00,90.00,65535,65535,65535,1500,1,11,40.4364843,-86.8935593,163.500,0.476,0.232,0.000
87284,19637,18211,15155,0,0,-0.06943,-0.62249,9.34098,0.002131,-0.014914,0.011718,-8.361,-0.003,-62.680,194.0625,-53.8966,12.9280,13243.8408,-3337.4844,662.8737,-0.0033282,0.0298326,-0.3639416,0.000000,0.000000,0.000000,0.00000,0.00000,0.000,0.000,0.000,0.000,0.000,-6.0000,0.0000,0.0000,6.0000,95.00,95.00,90.00,90.00,65535,65535,65535,1500,1,11,40.4364843,-86.8935593,163.500,0.476,0.232,0.000
87339,21130,18211,15197,0,0,0.97803,-1.22703,9.84017,0.038350,-0.029827,-0.005326,-8.314,-0.100,-61.800,194.0896,-53.8780,12.9298,13256.0840,-3340.6863,663.6219,-0.0033451,0.0298669,-0.3638334,0.000000,0.000000,0.000000,0.00000,0.00000,0.000,0.000,0.000,0.000,0.000,-6.0000,0.0000,0.0000,6.0000,95.00,95.00,90.00,90.00,65535,65535,65535,1500,1,11,40.4364845,-86.8935598,163.200,0.449,0.219,0.000
87389,25990,18253,15217,0,0,0.04070,-1.50116,9.74799,-0.042611,-0.023436,-0.006392,-8.553,-0.323,-60.974,194.1196,-53.8639,12.9054,13267.1094,-3343.5781,664.3029,-0.0033240,0.0300762,-0.3637351,0.000000,0.000000,0.000000,0.00000,0.00000,0.000,0.000,0.000,0.000,0.000,-6.0000,0.0000,0.0000,6.0000,95.00,95.00,90.00,90.00,65535,65535,65535,1500,1,11,40.4364845,-86.8935598,163.200,0.449,0.219,0.000
87440,25631,18250,15200,0,0,0.89184,-1.43892,8.50780,0.024501,-0.006392,-0.003196,-8.524,-0.423,-59.639,194.0792,-53.8722,12.8742,13275.0703,-3345.9956,664.9221,-0.0032953,0.0302258,-0.3638392,0.000000,0.000000,0.000000,0.00000,0.00000,0.000,0.000,0.000,0.000,0.000,-6.0000,0.0000,0.0000,6.0000,95.00,95.00,90.00,90.00,65535,65535,65535,1500,1,11,40.4364857,-86.8935608,163.000,0.449,0.219,0.000
87484,19667,18209,15177,0,0,-1.22823,-1.38864,9.78989,0.044741,-0.027697,0.005326,-8.390,-0.023,-58.950,194.1199,-53.8724,12.8863,13285.6602,-3348.7483,665.5001,-0.0033057,0.0298446,-0.3637608,0.000000,0.000000,0.000000,0.00000,0.00000,0.000,0.000,0.000,0.000,0.000,-6.0000,0.0000,0.0000,6.0000,95.00,95.00,90.00,90.00,65535,65535,65535,1500,1,11,40.4364857,-86.8935608,163.000,0.449,0.219,0.000
87556,43389,22023,15431,0,0,0.92536,-1.70347,8.94953,-0.024501,-0.043676,0.004261,-8.501,-0.323,-57.635,194.1398,-53.8782,12.8848,13299.5811,-3352.5034,666.4128,-0.0033137,0.0300405,-0.3636934,0.000000,0.000000,0.000000,0.00000,0.00000,0.000,0.000,0.000,0.000,0.000,-6.0000,0.0000,0.0000,6.0000,95.00,95.00,90.00,90.00,65535,65535,65535,1500,1,11,40.4364870,-86.8935632,162.700,0.227,0.111,0.000
87593,28207,30365,27305,0,0,0.39624,-1.39343,9.86651,-0.018109,-0.042611,0.009587,-8.504,-0.422,-56.879,194.1202,-53.8846,12.8887,13304.0664,-3353.8589,666.7609,-0.0033031,0.0301195,-0.3637475,0.000000,0.000000,0.000000,0.00000,0.00000,0.000,0.000,0.000,0.000,0.000,-6.0000,0.0000,0.0000,6.0000,95.00,95.00,90.00,90.00,65535,65535,65535,1500,1,11,40.4364870,-86.8935632,162.700,0.227,0.111,0.000
87644,30819,18267,15221,0,0,0.06704,-1.47363,10.42914,-0.031958,-0.007457,0.031958,-8.568,-0.248,-55.727,194.1513,-53.8722,12.9282,13318.0176,-3357.5408,667.5975,-0.0033140,0.0299797,-0.3636562,0.000000,0.000000,0.000000,0.00000,0.00000,0.000,0.000,0.000,0.000,0.000,-6.0000,0.0000,0.0000,6.0000,95.00,95.00,90.00,90.00,65535,65535,65535,1500,1,11,40.4364872,-86.8935643,162.300,0.245,0.120,0.000
87688,19646,18186,15162,0,0,1.14802,-2.06859,9.16381,-0.021305,0.008522,0.040480,-8.631,-0.626,-54.338,194.0944,-53.8745,12.8910,13323.8555,-3359.4407,668.1339,-0.0032607,0.0304498,-0.3637792,0.000000,0.000000,0.000000,0.00000,0.00000,0.000,0.000,0.000,0.000,0.000,-6.0000,0.0000,0.0000,6.0000,95.00,95.00,90.00,90.00,65535,65535,65535,1500,1,11,40.4364872,-86.8935643,162.300,0.245,0.120,0.000
87738,25700,18260,15216,0,0,-0.27533,-1.44969,9.20092,-0.013848,-0.006392,0.036219,-8.656,-0.353,-53.238,194.1038,-53.8728,12.8782,13334.1895,-3362.2620,668.7951,-0.0032944,0.0302615,-0.3637628,0.000000,0.000000,0.000000,0.00000,0.00000,0.000,0.000,0.000,0.000,0.000,-6.0000,0.0000,0.0000,6.0000,95.00,95.00,90.00,90.00,65535,65535,65535,1500,1,11,40.4364873,-86.8935652,162.100,0.199,0.097,0.000
87793,26226,18262,15198,0,0,0.81283,-1.60292,9.64744,-0.008522,-0.001065,0.051133,-8.780,-0.682,-51.344,194.0307,-53.9011,12.8546,13341.2588,-3364.6516,669.4119,-0.0031480,0.0307239,-0.3639658,0.000000,0.000000,0.000000,0.00000,0.00000,0.000,0.000,0.000,0.000,0.000,-6.0000,0.0000,0.0000,6.0000,95.00,95.00,90.00,90.00,65535,65535,65535,1500,1,11,40.4364873,-86.8935652,162.100,0.199,0.097,0.000
87833,24956,33353,30305,0,0,-0.60214,-1.57419,9.53251,-0.046872,-0.003196,0.067112,-8.875,-0.490,-51.089,194.0758,-53.8843,12.8526,13348.2158,-3366.3184,669.7838,-0.0032177,0.0305505,-0.3638359,0.000000,0.000000,0.000000,0.00000,0.00000,0.000,0.000,0.000,0.000,0.000,-6.0000,0.0000,0.0000,6.0000,95.00,95.00,90.00,90.00,65535,65535,65535,1500,1,11,40.4364875,-86.8935652,161.900,0.199,0.097,0.000
87892,34026,18396,15321,0,0,1.26653,-1.40899,9.78151,-0.009587,-0.028762,0.040480,-8.881,-0.881,-48.091,193.9450,-53.9608,12.8637,13355.4336,-3369.2380,670.5469,-0.0029640,0.0310665,-0.3642853,0.000000,0.000000,0.000000,0.00000,0.00000,0.000,0.000,0.000,0.000,0.000,-6.0000,0.0000,0.0000,6.0000,95.00,95.00,90.00,90.00,65535,65535,65535,1500,1,11,40.4364875,-86.8935652,161.900,0.199,0.097,0.000
87936,19755,18171,15174,0,0,0.35075,-1.74298,9.86291,0.049002,-0.044741,0.060720,-8.769,-0.764,-47.228,193.9750,-53.9472,12.8734,13365.5518,-3371.8682,671.1616,-0.0030274,0.0309111,-0.3641971,0.000000,0.000000,0.000000,0.00000,0.00000,0.000,0.000,0.000,0.000,0.000,-6.0000,0.0000,0.0000,6.0000,95.00,95.00,90.00,90.00,65535,65535,65535,1500,1,11,40.4364887,-86.8935657,161.700,0.199,0.097,0.000
87996,30444,22913,15300,0,0,0.51595,-0.89783,9.15423,0.033023,-0.037284,0.051133,-8.493,-1.098,-44.975,193.8536,-53.9877,12.8385,13369.9736,-3373.8467,671.7548,-0.0029457,0.0312842,-0.3645536,0.000000,0.000000,0.000000,0.00000,0.00000,0.000,0.000,0.000,0.000,0.000,-6.0000,0.0000,0.0000,6.0000,95.00,95.00,90.00,90.00,65535,65535,65535,1500,1,11,40.4364887,-86.8935673,161.700,0.245,0.120,0.000
88035,29213,33393,30366,0,0,-0.52074,-1.91776,10.44351,0.011718,-0.045806,0.056459,-8.573,-0.989,-44.664,193.9034,-53.9677,12.8633,13378.4502,-3375.8701,672.1763,-0.0029696,0.0311307,-0.3643942,0.000000,0.000000,0.000000,0.00000,0.00000,0.000,0.000,0.000,0.000,0.000,-6.0000,0.0000,0.0000,6.0000,95.00,95.00,90.00,90.00,65535,65535,65535,1500,1,11,40.4364887,-86.8935673,161.700,0.245,0.120,0.000
88099,37936,24928,17032,0,0,0.13288,-1.56701,10.34295,0.035154,-0.036219,0.085221,-8.449,-0.795,-42.473,193.8643,-53.9809,12.8807,13390.6660,-3379.5295,673.0581,-0.0029474,0.0309938,-0.3645302,0.000000,0.000000,0.000000,0.00000,0.00000,0.000,0.000,0.000,0.000,0.000,-6.0000,0.0000,0.0000,6.0000,95.00,95.00,90.00,90.00,65535,65535,65535,1500,1,11,40.4364887,-86.8935673,161.700,0.245,0.120,0.000
88143,19527,18176,15179,0,0,0.63925,-1.00556,9.22965,-0.001065,-0.027697,0.089482,-8.429,-0.751,-41.002,193.8356,-53.9871,12.9139,13399.5537,-3382.1274,673.6888,-0.0029320,0.0309868,-0.3645917,0.000000,0.000000,0.000000,0.00000,0.00000,0.000,0.000,0.000,0.000,0.000,-6.0000,0.0000,0.0000,6.0000,95.00,95.00,90.00,90.00,65535,65535,65535,1500,1,11,40.4364887,-86.8935673,161.700,0.245,0.120,0.000
88198,30579,18358,15362,0,0,-0.07901,-1.84473,10.32500,0.034088,-0.013848,0.092678,-8.477,-0.622,-39.821,193.8681,-53.9745,12.9357,13411.9980,-3385.3677,674.4302,-0.0029520,0.0309084,-0.3644854,0.000000,0.000000,0.000000,0.00000,0.00000,0.000,0.000,0.000,0.000,0.000,-6.0000,0.0000,0.0000,6.0000,95.00,95.00,90.00,90.00,65535,65535,65535,1500,1,11,40.4364880,-86.8935697,161.000,0.201,0.004,0.000
88249,26061,18252,15199,0,0,0.23703,-0.98521,9.88446,0.059655,-0.012783,0.095874,-8.312,-0.488,-38.334,193.8530,-53.9826,12.9266,13420.9922,-3387.9854,675.0640,-0.0029426,0.0308669,-0.3645431,0.000000,0.000000,0.000000,0.00000,0.00000,0.000,0.000,0.000,0.000,0.000,-6.0000,0.0000,0.0000,6.0000,95.00,95.00,90.00,90.00,65535,65535,65535,1500,1,11,40.4364880,-86.8935697,161.000,0.201,0.004,0.000
88300,26512,18279,15221,0,0,1.25336,-1.09415,9.47026,-0.055394,-0.029827,0.119310,-8.400,-0.734,-36.074,193.7519,-54.0244,12.9491,13425.5234,-3389.9309,675.6278,-0.0028548,0.0311969,-0.3648586,0.000000,0.000000,0.000000,0.00000,0.00000,0.000,0.000,0.000,0.000,0.000,-6.0000,0.0000,0.0000,6.0000,95.00,95.00,90.00,90.00,65535,65535,65535,1500,1,11,40.4364877,-86.8935702,160.800,0.309,0.007,0.000
88350,25410,18250,15200,0,0,-0.29928,-1.66158,10.46745,-0.058590,-0.053263,0.096939,-8.463,-0.523,-34.750,193.7544,-54.0248,12.9779,13435.4082,-3392.6709,676.2763,-0.0028911,0.0309807,-0.3648604,0.000000,0.000000,0.000000,0.00000,0.00000,0.000,0.000,0.000,0.000,0.000,-6.0000,0.0000,0.0000,6.0000,95.00,95.00,90.00,90.00,65535,65535,65535,1500,1,11,40.4364877,-86.8935702,160.800,0.309,0.007,0.000
88399,24238,18293,15305,0,0,0.54109,-1.13844,10.01255,-0.064981,-0.036219,0.111853,-8.378,-0.472,-32.744,193.6786,-54.0636,12.9929,13441.0830,-3394.7959,676.8143,-0.0027969,0.0309913,-0.3651225,0.000000,0.000000,0.000000,0.00000,0.00000,0.000,0.000,0.000,0.000,0.000,-6.0000,0.0000,0.0000,6.0000,95.00,95.00,90.00,90.00,65535,65535,65535,1500,1,11,40.4364880,-86.8935722,160.500,0.293,0.006,0.000
88450,26049,18227,15190,0,0,0.18914,-1.28688,9.80426,-0.090547,-0.018109,0.126766,-8.477,-0.430,-31.006,193.6421,-54.0828,13.0184,13448.9668,-3397.2668,677.4208,-0.0027407,0.0310305,-0.3652507,0.000000,0.000000,0.000000,0.00000,0.00000,0.000,0.000,0.000,0.000,0.000,-6.0000,0.0000,0.0000,6.0000,95.00,95.00,90.00,90.00,65535,65535,65535,1500,1,11,40.4364880,-86.8935722,160.500,0.293,0.006,0.000
88483,25097,26497,23478,0,0,-0.60094,-0.98641,9.50618,0.038350,-0.033023,0.111853,-8.306,-0.230,-30.289,193.6353,-54.0867,13.0117,13453.4404,-3398.5657,677.7474,-0.0027896,0.0308450,-0.3652813,0.000000,0.000000,0.000000,0.00000,0.00000,0.000,0.000,0.000,0.000,0.000,-6.0000,0.0000,0.0000,6.0000,95.00,95.00,90.00,90.00,65535,65535,65535,1500,1,11,40.4364885,-86.8935735,160.200,0.221,0.005,0.000
88551,39552,21899,18904,0,0,-0.28611,-1.48560,10.23282,0.025566,-0.050067,0.070307,-8.277,-0.490,-27.951,193.5928,-54.1162,13.0434,13465.0029,-3402.1553,678.6122,-0.0026542,0.0310805,-0.3654433,0.000000,0.000000,0.000000,0.00000,0.00000,0.000,0.000,0.000,0.000,0.000,-6.0000,0.0000,0.0000,6.0000,95.00,95.00,90.00,90.00,65535,65535,65535,1500,1,11,40.4364885,-86.8935735,160.200,0.221,0.005,0.000
88582,28871,24363,21342,0,0,0.59855,-0.94930,8.25401,-0.093743,-0.093743,0.068177,-8.337,-0.668,-26.509,193.5197,-54.1576,12.9962,13466.8252,-3403.2236,678.8737,-0.0024986,0.0312169,-0.3657034,0.000000,0.000000,0.000000,0.00000,0.00000,0.000,0.000,0.000,0.000,0.000,-6.0000,0.0000,0.0000,6.0000,95.00,95.00,90.00,90.00,65535,65535,65535,1500,1,11,40.4364893,-86.8935738,160.000,0.031,0.001,0.000
88647,16473,15599,12591,0,0,-0.35434,-3.05141,25.46712,-0.287621,0.082025,-0.012783,-6.852,-0.004,-24.820,193.7135,-54.3573,13.9736,13481.1357,-3407.2319,679.8616,-0.0024986,0.0312169,-0.3657034,0.000000,0.000000,0.000000,0.00000,0.00000,0.000,0.000,0.000,0.000,0.000,-6.0000,0.0000,0.0000,6.0000,95.00,95.00,90.00,90.00,65535,65535,65535,1500,1,11,40.4364893,-86.8935738,160.000,0.031,0.001,0.000
88693,23463,15728,12692,0,0,3.94804,-3.66313,3.67031,-1.084439,0.772317,0.171508,-8.089,1.561,-23.683,193.6624,-54.5525,13.9639,13490.0059,-3409.7263,680.5045,-0.0024986,0.0312169,-0.3657034,0.000000,0.000000,0.000000,0.00000,0.00000,0.000,0.000,0.000,0.000,0.000,-6.0000,0.0000,0.0000,6.0000,95.00,95.00,90.00,90.00,65535,65535,65535,1500,1,11,40.4364900,-86.8935752,159.700,0.046,0.001,0.000
88738,23335,15725,12698,0,0,-2.53905,0.00000,2.98437,-0.483630,0.309992,-0.025566,-8.618,2.662,-22.945,193.6372,-54.4858,13.8979,13498.7393,-3412.1848,681.1355,-0.0024986,0.0312169,-0.3657034,0.000000,0.000000,0.000000,0.00000,0.00000,0.000,0.000,0.000,0.000,0.000,-6.0000,0.0000,0.0000,6.0000,95.00,95.00,90.00,90.00,65535,65535,65535,1500,1,11,40.4364900,-86.8935752,159.700,0.046,0.001,0.000
88783,22701,15677,12682,0,0,0.71228,-1.19590,5.90290,-0.262055,0.062851,-0.003196,-9.346,3.061,-22.115,193.6774,-54.4827,13.7644,13507.4834,-3414.6445,681.7605,-0.0024986,0.0312169,-0.3657034,0.000000,0.000000,0.000000,0.00000,0.00000,0.000,0.000,0.000,0.000,0.000,-6.0000,0.0000,0.0000,6.0000,95.00,95.00,90.00,90.00,65535,65535,65535,1500,1,11,40.4364913,-86.8935783,159.600,0.350,0.007,0.000
88842,16292,15573,12604,0,0,0.54947,-1.20189,6.33386,-0.165116,-0.377104,-0.095874,-9.976,2.260,-21.014,193.6607,-54.4619,13.5644,13518.8408,-3417.8386,682.5623,-0.0024986,0.0312169,-0.3657034,0.000000,0.000000,0.000000,0.00000,0.00000,0.000,0.000,0.000,0.000,0.000,-6.0000,0.0000,0.0000,6.0000,95.00,95.00,90.00,90.00,65535,65535,65535,1500,1,11,40.4364913,-86.8935783,159.600,0.350,0.007,0.000
88905,31707,24359,16382,0,0,0.39265,-0.15562,6.14592,-0.088417,-0.728641,-0.148072,-10.305,0.258,-19.952,193.6728,-54.4388,13.3650,13529.2949,-3420.7783,683.2892,-0.0024986,0.0312169,-0.3657034,0.000000,0.000000,0.000000,0.00000,0.00000,0.000,0.000,0.000,0.000,0.000,-6.0000,0.0000,0.0000,6.0000,95.00,95.00,90.00,90.00,65535,65535,65535,1500,1,11,40.4364912,-86.8935793,159.500,0.329,0.007,0.000
88933,30617,22309,19218,0,0,-0.61770,-1.50236,4.68545,0.026632,-0.829841,-0.170442,-10.259,-1.167,-19.345,193.6456,-54.4501,13.2137,13535.2246,-3422.4453,683.6960,-0.0024986,0.0312169,-0.3657034,0.000000,0.000000,0.000000,0.00000,0.00000,0.000,0.000,0.000,0.000,0.000,-6.0000,0.0000,0.0000,6.0000,95.00,95.00,90.00,90.00,65535,65535,65535,1500,1,11,40.4364912,-86.8935793,159.500,0.329,0.007,0.000
88998,16465,18096,15124,0,0,0.19513,-2.28527,9.49181,0.345146,-0.435693,-0.099070,-9.645,-4.025,-21.675,193.9251,-54.1832,13.0924,13564.8174,-3427.8894,685.3027,-0.0036400,0.0310554,-0.3643861,0.000000,0.000000,0.000000,0.00000,0.00000,0.000,0.000,0.000,0.000,0.000,-6.0000,0.0000,0.0000,6.0000,95.00,95.00,90.00,90.00,65535,65535,65535,1500,1,11,40.4364900,-86.8935788,159.500,0.473,0.010,0.000
89041,27834,33682,24911,0,0,2.29963,-4.28203,16.61815,0.276969,0.559264,0.150202,-9.239,-3.059,-21.002,193.9455,-54.2375,13.2979,13570.2158,-3429.3982,685.6700,-0.0036400,0.0310554,-0.3643861,0.000000,0.000000,0.000000,0.00000,0.00000,0.000,0.000,0.000,0.000,0.000,-6.0000,0.0000,0.0000,6.0000,95.00,95.00,90.00,90.00,65535,65535,65535,1500,1,11,40.4364900,-86.8935788,159.500,0.473,0.010,0.000
89093,31846,18023,12799,0,0,-1.58376,-0.61172,12.42591,0.222640,0.514523,0.258859,-8.103,0.199,-18.757,193.9510,-54.2245,13.6136,13583.2656,-3433.0483,686.5776,-0.0036400,0.0310554,-0.3643861,0.000000,0.000000,0.000000,0.00000,0.00000,0.000,0.000,0.000,0.000,0.000,-6.0000,0.0000,0.0000,6.0000,95.00,95.00,90.00,90.00,65535,65535,65535,1500,1,11,40.4364897,-86.8935805,159.500,-0.495,-0.342,0.000
89141,24869,17528,14553,0,0,-1.96085,0.65841,7.92241,-0.088417,0.330232,0.193878,-6.802,2.460,-18.974,194.0260,-54.2170,13.5984,13591.5029,-3434.6858,687.8062,-0.0053054,0.0296660,-0.3640933,0.000000,0.000000,0.000000,0.00000,0.00000,0.000,0.000,0.000,0.000,0.000,-6.0000,0.0000,0.0000,6.0000,95.00,95.00,90.00,90.00,65535,65535,65535,1500,1,11,40.4364897,-86.8935805,159.500,-0.495,-0.342,0.000
89191,26526,18167,15166,0,0,-2.43969,0.84276,9.20930,-0.070307,0.262055,0.033023,-5.948,4.040,-20.827,194.2267,-54.0748,13.6023,13607.5928,-3437.2991,689.2611,-0.0072091,0.0283322,-0.3632563,0.000000,0.000000,0.000000,0.00000,0.00000,0.000,0.000,0.000,0.000,0.000,-6.0000,0.0000,0.0000,6.0000,95.00,95.00,90.00,90.00,65535,65535,65535,1500,1,11,40.4364895,-86.8935825,159.500,-0.661,-0.334,0.000
89251,29181,24037,15257,0,0,-2.02430,-0.66798,9.41400,-0.210922,-0.082025,-0.098004,-6.170,5.091,-22.838,194.4855,-53.9061,13.6035,13629.1367,-3441.1753,690.5892,-0.0084489,0.0271778,-0.3623360,0.000000,0.000000,0.000000,0.00000,0.00000,0.000,0.000,0.000,0.000,0.000,-6.0000,0.0000,0.0000,6.0000,95.00,95.00,90.00,90.00,65535,65535,65535,1500,1,11,40.4364895,-86.8935825,159.500,-0.661,-0.334,0.000
89295,20203,18171,15150,0,0,-0.84755,-1.52630,9.98502,-0.252468,-0.157659,-0.154463,-6.990,4.874,-22.496,194.5402,-53.8775,13.6078,13642.1455,-3444.4070,691.3002,-0.0084034,0.0270411,-0.3621803,0.000000,0.000000,0.000000,0.00000,0.00000,0.000,0.000,0.000,0.000,0.000,-6.0000,0.0000,0.0000,6.0000,95.00,95.00,90.00,90.00,65535,65535,65535,1500,1,11,40.4364892,-86.8935828,158.800,-0.661,-0.334,0.000
89345,30784,18166,15145,0,0,0.75417,-3.13042,10.52850,-0.166181,-0.090547,-0.070307,-8.058,4.222,-17.530,194.3112,-54.1671,13.6250,13641.5586,-3446.9834,690.9410,-0.0060831,0.0279776,-0.3634205,0.000000,0.000000,0.000000,0.00000,0.00000,0.000,0.000,0.000,0.000,0.000,-6.0000,0.0000,0.0000,6.0000,95.00,95.00,90.00,90.00,65535,65535,65535,1500,1,11,40.4364892,-86.8935828,158.800,-0.661,-0.334,0.000
89397,26684,18207,15198,0,0,0.96726,-4.87340,9.24401,0.014914,-0.066046,-0.003196,-9.320,3.784,-13.416,194.2274,-54.3730,13.6081,13649.6084,-3450.9177,690.7001,-0.0037015,0.0288586,-0.3641945,0.000000,0.000000,0.000000,0.00000,0.00000,0.000,0.000,0.000,0.000,0.000,-6.0000,0.0000,0.0000,6.0000,95.00,95.00,90.00,90.00,65535,65535,65535,1500,1,11,40.4364890,-86.8935833,158.500,-0.646,-0.059,0.000
89452,29699,19476,15280,0,0,-0.42377,-1.65559,9.78750,0.062851,0.017044,0.043676,-9.223,3.792,-10.582,194.1464,-54.4732,13.6080,13655.8027,-3453.6890,691.0862,-0.0029461,0.0292308,-0.3646463,0.000000,0.000000,0.000000,0.00000,0.00000,0.000,0.000,0.000,0.000,0.000,-6.0000,0.0000,0.0000,6.0000,95.00,95.00,90.00,90.00,65535,65535,65535,1500,1,11,40.4364890,-86.8935833,158.500,-0.646,-0.059,0.000
89497,19666,18128,15118,0,0,-0.46567,-1.07619,9.92995,0.052198,-0.047937,-0.046872,-8.678,3.576,-9.000,194.0669,-54.5239,13.6154,13659.6426,-3455.4509,691.6462,-0.0029524,0.0293656,-0.3649287,0.000000,0.000000,0.000000,0.00000,0.00000,0.000,0.000,0.000,0.000,0.000,-6.0000,0.0000,0.0000,6.0000,95.00,95.00,90.00,90.00,65535,65535,65535,1500,1,10,40.4364892,-86.8935848,158.200,-0.566,0.013,0.000
89536,24257,33308,30307,0,0,-1.56581,-2.38822,9.61871,0.061785,-0.058590,-0.035154,-8.893,3.700,-9.321,194.1623,-54.4671,13.6227,13670.5605,-3457.7017,692.0446,-0.0029143,0.0291912,-0.3645958,0.000000,0.000000,0.000000,0.00000,0.00000,0.000,0.000,0.000,0.000,0.000,-6.0000,0.0000,0.0000,6.0000,95.00,95.00,90.00,90.00,65535,65535,65535,1500,1,10,40.4364892,-86.8935848,158.200,-0.566,0.013,0.000
89603,43740,22183,19157,0,0,0.15203,-0.79128,9.61511,0.055394,-0.103331,-0.055394,-8.301,3.216,-7.338,194.1234,-54.4912,13.6259,13682.3691,-3461.4666,693.0668,-0.0029163,0.0293030,-0.3647799,0.000000,0.000000,0.000000,0.00000,0.00000,0.000,0.000,0.000,0.000,0.000,-6.0000,0.0000,0.0000,6.0000,95.00,95.00,90.00,90.00,65535,65535,65535,1500,1,10,40.4364902,-86.8935870,158.000,-0.566,0.013,0.000
89634,23277,24824,21820,0,0,0.02993,-1.51433,9.52653,0.036219,-0.068177,-0.062851,-8.262,2.985,-6.816,194.1086,-54.4940,13.6216,13686.2881,-3462.6523,693.3706,-0.0028843,0.0294602,-0.3648070,0.000000,0.000000,0.000000,0.00000,0.00000,0.000,0.000,0.000,0.000,0.000,-6.0000,0.0000,0.0000,6.0000,95.00,95.00,90.00,90.00,65535,65535,65535,1500,1,10,40.4364902,-86.8935870,158.000,-0.566,0.013,0.000
89688,25695,18158,15120,0,0,-0.20351,-1.01754,9.67497,0.026632,-0.056459,0.005326,-7.939,2.764,-5.198,194.0830,-54.5097,13.6165,13697.1836,-3465.9424,694.2505,-0.0028977,0.0296022,-0.3648945,0.000000,0.000000,0.000000,0.00000,0.00000,0.000,0.000,0.000,0.000,0.000,-6.0000,0.0000,0.0000,6.0000,95.00,95.00,90.00,90.00,65535,65535,65535,1500,1,10,40.4364902,-86.8935870,158.000,-0.566,0.013,0.000
89732,19638,18111,15115,0,0,0.36152,-1.32998,10.42196,0.001065,-0.009587,-0.001065,-7.895,2.559,-4.199,194.0653,-54.5089,13.6358,13704.9912,-3468.1997,694.8553,-0.0029170,0.0297737,-0.3649099,0.000000,0.000000,0.000000,0.00000,0.00000,0.000,0.000,0.000,0.000,0.000,-6.0000,0.0000,0.0000,6.0000,95.00,95.00,90.00,90.00,65535,65535,65535,1500,1,10,40.4364902,-86.8935870,158.000,-0.566,0.013,0.000
89783,25838,18165,15141,0,0,0.12689,-1.56701,9.96586,0.019175,-0.028762,-0.026632,-7.889,2.236,-3.059,194.0383,-54.5107,13.6452,13713.4082,-3470.7117,695.5518,-0.0029366,0.0300859,-0.3649510,0.000000,0.000000,0.000000,0.00000,0.00000,0.000,0.000,0.000,0.000,0.000,-6.0000,0.0000,0.0000,6.0000,95.00,95.00,90.00,90.00,65535,65535,65535,1500,1,10,40.4364915,-86.8935895,157.700,0.170,0.006,0.000
89833,25429,18160,15141,0,0,-0.52792,-1.38026,9.92756,-0.024501,-0.001065,-0.041545,-8.091,2.093,-2.483,194.0670,-54.4793,13.6491,13725.6201,-3473.7664,696.2736,-0.0029312,0.0302188,-0.3647870,0.000000,0.000000,0.000000,0.00000,0.00000,0.000,0.000,0.000,0.000,0.000,-6.0000,0.0000,0.0000,6.0000,95.00,95.00,90.00,90.00,65535,65535,65535,1500,1,10,40.4364915,-86.8935895,157.700,0.170,0.006,0.000
89905,43236,22110,15289,0,0,-0.20949,-1.85192,9.29669,0.007457,-0.031958,0.001065,-8.261,1.944,-1.443,194.1005,-54.4575,13.6542,13741.6660,-3477.8730,697.2468,-0.0029083,0.0303675,-0.3646136,0.000000,0.000000,0.000000,0.00000,0.00000,0.000,0.000,0.000,0.000,0.000,-6.0000,0.0000,0.0000,6.0000,95.00,95.00,90.00,90.00,65535,65535,65535,1500,1,10,40.4364925,-86.8935908,157.500,0.046,0.002,0.000
89949,20049,18130,15126,0,0,0.11732,-1.55384,9.57082,0.004261,-0.034088,-0.025566,-8.301,1.714,-0.632,194.1074,-54.4407,13.6665,13752.0771,-3480.6184,697.9354,-0.0029192,0.0305261,-0.3645307,0.000000,0.000000,0.000000,0.00000,0.00000,0.000,0.000,0.000,0.000,0.000,-6.0000,0.0000,0.0000,6.0000,95.00,95.00,90.00,90.00,65535,65535,65535,1500,1,10,40.4364920,-86.8935908,157.500,0.242,0.009,0.000
90000,25806,18189,15150,0,0,0.07302,-1.33716,9.66659,0.031958,-0.033023,-0.033023,-8.157,1.426,0.418,194.0874,-54.4408,13.6746,13760.6523,-3483.1326,698.6429,-0.0029705,0.0307537,-0.3645602,0.000000,0.000000,0.000000,0.00000,0.00000,0.000,0.000,0.000,0.000,0.000,-6.0000,0.0000,0.0000,6.0000,95.00,95.00,90.00,90.00,65535,65535,65535,1500,1,10,40.4364920,-86.8935908,157.400,0.242,0.009,0.000
90039,24175,33228,30263,0,0,0.02514,-1.47363,9.97544,0.039415,-0.049002,-0.025566,-8.103,1.304,0.858,194.0861,-54.4361,13.6819,13765.3789,-3484.4290,698.9872,-0.0029928,0.0308209,-0.3645434,0.000000,0.000000,0.000000,0.00000,0.00000,0.000,0.000,0.000,0.000,0.000,-6.0000,0.0000,0.0000,6.0000,95.00,95.00,90.00,90.00,65535,65535,65535,1500,1,10,40.4364920,-86.8935908,157.400,0.242,0.009,0.000
90107,41786,19804,15179,0,0,-0.16281,-1.80403,10.34056,0.015979,-0.019175,0.004261,-8.166,1.101,2.051,194.1245,-54.4061,13.7082,13784.3662,-3489.2500,700.1807,-0.0030470,0.0309578,-0.3643272,0.000000,0.000000,0.000000,0.00000,0.00000,0.000,0.000,0.000,0.000,0.000,-6.0000,0.0000,0.0000,6.0000,95.00,95.00,90.00,90.00,65535,65535,65535,1500,1,10,40.4364923,-86.8935920,157.400,0.262,0.010,0.000
90149,17804,18020,15046,0,0,-0.10654,-1.62087,9.85094,0.021305,-0.030893,-0.014914,-8.145,0.995,2.876,194.1232,-54.3987,13.7226,13792.8838,-3491.5947,700.7933,-0.0030760,0.0310242,-0.3643053,0.000000,0.000000,0.000000,0.00000,0.00000,0.000,0.000,0.000,0.000,0.000,-6.0000,0.0000,0.0000,6.0000,95.00,95.00,90.00,90.00,65535,65535,65535,1500,1,10,40.4364923,-86.8935920,157.400,0.262,0.010,0.000
90200,26168,18159,15141,0,0,-0.41061,-1.70467,10.27950,0.007457,-0.018109,-0.007457,-8.177,1.098,3.696,194.1483,-54.3862,13.7457,13804.8311,-3494.6870,701.4968,-0.0030321,0.0309312,-0.3642074,0.000000,0.000000,0.000000,0.00000,0.00000,0.000,0.000,0.000,0.000,0.000,-6.0000,0.0000,0.0000,6.0000,95.00,95.00,90.00,90.00,65535,65535,65535,1500,1,10,40.4364930,-86.8935935,157.100,0.231,0.008,0.000
90250,25903,18145,15131,0,0,0.00239,-1.49398,9.75278,0.013848,-0.035154,-0.013848,-8.109,0.915,4.659,194.1425,-54.3794,13.7443,13814.3633,-3497.3318,702.2147,-0.0030899,0.0310449,-0.3641889,0.000000,0.000000,0.000000,0.00000,0.00000,0.000,0.000,0.000,0.000,0.000,-6.0000,0.0000,0.0000,6.0000,95.00,95.00,90.00,90.00,65535,65535,65535,1500,1,10,40.4364930,-86.8935935,157.100,0.231,0.008,0.000
90305,29910,18640,15248,0,0,-0.25618,-1.62447,9.60195,0.008522,-0.031958,-0.017044,-8.095,0.857,5.614,194.1531,-54.3696,13.7376,13826.1035,-3500.4592,702.9886,-0.0030982,0.0310504,-0.3641230,0.000000,0.000000,0.000000,0.00000,0.00000,0.000,0.000,0.000,0.000,0.000,-6.0000,0.0000,0.0000,6.0000,95.00,95.00,90.00,90.00,65535,65535,65535,1500,1,10,40.4364933,-86.8935948,157.000,0.298,0.011,0.000
90336,19628,29260,21320,0,0,-0.01197,-1.41018,10.34894,-0.008522,-0.024501,-0.017044,-8.078,0.817,6.038,194.1479,-54.3711,13.7501,13829.5449,-3501.4622,703.2606,-0.0031119,0.0310802,-0.3641368,0.000000,0.000000,0.000000,0.00000,0.00000,0.000,0.000,0.000,0.000,0.000,-6.0000,0.0000,0.0000,6.0000,95.00,95.00,90.00,90.00,65535,65535,65535,1500,1,10,40.4364933,-86.8935948,157.000,0.298,0.011,0.000
90399,18989,18054,15060,0,0,-0.07901,-1.41138,10.42675,0.005326,-0.008522,-0.024501,-8.086,0.661,7.301,194.1547,-54.3544,13.7628,13844.9746,-3505.5798,704.3325,-0.0031766,0.0311940,-0.3640470,0.000000,0.000000,0.000000,0.00000,0.00000,0.000,0.000,0.000,0.000,0.000,-6.0000,0.0000,0.0000,6.0000,95.00,95.00,90.00,90.00,65535,65535,65535,1500,1,10,40.4364933,-86.8935955,156.900,0.298,0.011,0.000
90449,26055,18164,15123,0,0,0.03711,-1.71784,10.08079,-0.038350,0.004261,-0.002131,-8.222,0.585,8.125,194.1614,-54.3393,13.7868,13855.6221,-3508.3831,705.0631,-0.0032223,0.0313028,-0.3639682,0.000000,0.000000,0.000000,0.00000,0.00000,0.000,0.000,0.000,0.000,0.000,-6.0000,0.0000,0.0000,6.0000,95.00,95.00,90.00,90.00,65535,65535,65535,1500,1,10,40.4364933,-86.8935955,156.900,0.298,0.011,0.000
90500,25952,18130,15132,0,0,-0.05746,-1.37547,9.50977,-0.031958,-0.005326,0.002131,-8.208,0.568,9.373,194.1449,-54.3506,13.7812,13863.9131,-3510.9124,705.7497,-0.0032355,0.0313585,-0.3640487,0.000000,0.000000,0.000000,0.00000,0.00000,0.000,0.000,0.000,0.000,0.000,-6.0000,0.0000,0.0000,6.0000,95.00,95.00,90.00,90.00,65535,65535,65535,1500,1,10,40.4364923,-86.8935955,156.900,0.298,0.011,0.000
90550,28067,39883,30359,0,0,0.06225,-1.77530,10.21965,-0.051133,0.030893,0.001065,-8.356,0.585,9.808,194.1549,-54.3413,13.7979,13870.3818,-3512.5679,706.1550,-0.0032361,0.0314122,-0.3639829,0.000000,0.000000,0.000000,0.00000,0.00000,0.000,0.000,0.000,0.000,0.000,-6.0000,0.0000,0.0000,6.0000,95.00,95.00,90.00,90.00,65535,65535,65535,1500,1,10,40.4364923,-86.8935955,156.900,0.298,0.011,0.000
90584,45162,29281,26280,0,0,-0.13288,-1.76932,9.90601,-0.037284,0.018109,-0.010653,-8.520,0.665,10.551,194.1684,-54.3365,13.8102,13880.4805,-3515.2095,706.7929,-0.0032236,0.0314234,-0.3639081,0.000000,0.000000,0.000000,0.00000,0.00000,0.000,0.000,0.000,0.000,0.000,-6.0000,0.0000,0.0000,6.0000,95.00,95.00,90.00,90.00,65535,65535,65535,1500,1,10,40.4364932,-86.8935965,156.900,-0.531,-0.063,0.000
90634,30686,18228,15169,0,0,0.08140,-1.70826,9.92756,-0.029827,0.022371,0.006392,-8.730,0.744,11.607,194.1871,-54.3252,13.8163,13894.2109,-3518.8044,707.6504,-0.0031821,0.0314852,-0.3638055,0.000000,0.000000,0.000000,0.00000,0.00000,0.000,0.000,0.000,0.000,0.000,-6.0000,0.0000,0.0000,6.0000,95.00,95.00,90.00,90.00,65535,65535,65535,1500,1,10,40.4364932,-86.8935965,156.900,-0.531,-0.063,0.000
90688,27988,18169,15136,0,0,-0.11851,-1.38505,10.31542,-0.017044,-0.036219,-0.001065,-8.595,0.712,13.122,194.1564,-54.3479,13.8101,13901.4258,-3521.2419,708.3586,-0.0032171,0.0315387,-0.3639696,0.000000,0.000000,0.000000,0.00000,0.00000,0.000,0.000,0.000,0.000,0.000,-6.0000,0.0000,0.0000,6.0000,95.00,95.00,90.00,90.00,65535,65535,65535,1500,1,10,40.4364930,-86.8935982,156.600,-0.613,-0.108,0.000
90746,34603,22787,15250,0,0,-0.21069,-1.54187,9.79827,-0.021305,0.004261,-0.033023,-8.761,0.925,13.747,194.1904,-54.3201,13.8258,13915.0820,-3524.6047,709.1405,-0.0032318,0.0313634,-0.3637973,0.000000,0.000000,0.000000,0.00000,0.00000,0.000,0.000,0.000,0.000,0.000,-6.0000,0.0000,0.0000,6.0000,95.00,95.00,90.00,90.00,65535,65535,65535,1500,1,10,40.4364930,-86.8935982,156.600,-0.613,-0.108,0.000
90796,25104,18152,15149,0,0,-0.33878,-1.58855,9.54089,0.010653,-0.039415,-0.021305,-8.877,0.946,14.407,194.2221,-54.2984,13.8295,13929.1885,-3528.0854,709.9282,-0.0031924,0.0313100,-0.3636153,0.000000,0.000000,0.000000,0.00000,0.00000,0.000,0.000,0.000,0.000,0.000,-6.0000,0.0000,0.0000,6.0000,95.00,95.00,90.00,90.00,65535,65535,65535,1500,1,10,40.4364938,-86.8935997,156.500,-0.613,-0.108,0.000
90839,19125,18138,15092,0,0,-0.05028,-1.56820,9.76595,0.018109,-0.029827,0.002131,-8.853,0.889,15.283,194.2236,-54.2959,13.8446,13937.9180,-3530.4846,710.5320,-0.0031828,0.0313532,-0.3635962,0.000000,0.000000,0.000000,0.00000,0.00000,0.000,0.000,0.000,0.000,0.000,-6.0000,0.0000,0.0000,6.0000,95.00,95.00,90.00,90.00,65535,65535,65535,1500,1,10,40.4364938,-86.8935997,156.500,-0.613,-0.108,0.000
90890,25872,18146,15131,0,0,0.17957,-1.81720,9.66659,-0.001065,-0.020240,-0.012783,-8.898,0.728,16.272,194.2265,-54.2899,13.8481,13948.3447,-3533.3127,711.2480,-0.0031673,0.0315115,-0.3635518,0.000000,0.000000,0.000000,0.00000,0.00000,0.000,0.000,0.000,0.000,0.000,-6.0000,0.0000,0.0000,6.0000,95.00,95.00,90.00,90.00,65535,65535,65535,1500,1,10,40.4364943,-86.8936013,156.400,-0.486,-0.085,0.000
90961,48234,21006,15398,0,0,-0.39744,-1.69031,9.75039,-0.005326,0.028762,0.004261,-8.811,0.895,17.785,194.2146,-54.3066,13.8536,13960.4736,-3536.8452,712.1658,-0.0031677,0.0314843,-0.3636095,0.000000,0.000000,0.000000,0.00000,0.00000,0.000,0.000,0.000,0.000,0.000,-6.0000,0.0000,0.0000,6.0000,95.00,95.00,90.00,90.00,65535,65535,65535,1500,1,10,40.4364943,-86.8936013,156.400,-0.486,-0.085,0.000
90992,27371,24630,21596,0,0,0.08619,-1.59334,10.66138,-0.012783,0.027697,-0.001065,-8.800,0.916,18.415,194.2098,-54.3092,13.8799,13965.1914,-3538.2402,712.5430,-0.0031731,0.0315425,-0.3636360,0.000000,0.000000,0.000000,0.00000,0.00000,0.000,0.000,0.000,0.000,0.000,-6.0000,0.0000,0.0000,6.0000,95.00,95.00,90.00,90.00,65535,65535,65535,1500,1,10,40.4364943,-86.8936013,156.400,-0.486,-0.085,0.000
91053,36864,18242,15232,0,0,0.25139,-1.00317,10.73560,0.029827,0.030893,-0.020240,-8.753,0.936,19.729,194.2124,-54.2962,13.8978,13978.5986,-3541.9287,713.5001,-0.0032082,0.0315178,-0.3636142,0.000000,0.000000,0.000000,0.00000,0.00000,0.000,0.000,0.000,0.000,0.000,-6.0000,0.0000,0.0000,6.0000,95.00,95.00,90.00,90.00,65535,65535,65535,1500,1,10,40.4364970,-86.8936038,156.400,-0.198,-0.035,0.000
91090,24544,30351,27355,0,0,-0.17957,-2.22182,8.93756,-0.004261,-0.036219,-0.044741,-9.013,0.854,19.735,194.2433,-54.2685,13.8843,13987.3066,-3543.8347,713.8693,-0.0031404,0.0315523,-0.3634027,0.000000,0.000000,0.000000,0.00000,0.00000,0.000,0.000,0.000,0.000,0.000,-6.0000,0.0000,0.0000,6.0000,95.00,95.00,90.00,90.00,65535,65535,65535,1500,1,10,40.4364970,-86.8936038,156.400,-0.198,-0.035,0.000
91138,24651,17560,14554,0,0,-0.45610,-1.30005,9.74560,0.006392,-0.024501,0.006392,-8.765,0.822,21.341,194.2231,-54.2801,13.9110,13995.9121,-3546.6750,714.7010,-0.0031911,0.0316122,-0.3635717,0.000000,0.000000,0.000000,0.00000,0.00000,0.000,0.000,0.000,0.000,0.000,-6.0000,0.0000,0.0000,6.0000,95.00,95.00,90.00,90.00,65535,65535,65535,1500,1,10,40.4364970,-86.8936038,156.400,-0.198,-0.035,0.000
91193,27371,18164,15143,0,0,-0.25379,-1.59693,10.01375,-0.011718,-0.007457,0.020240,-8.826,0.837,22.421,194.2290,-54.2746,13.9288,14007.2432,-3549.7283,715.4639,-0.0031787,0.0316519,-0.3635247,0.000000,0.000000,0.000000,0.00000,0.00000,0.000,0.000,0.000,0.000,0.000,-6.0000,0.0000,0.0000,6.0000,95.00,95.00,90.00,90.00,65535,65535,65535,1500,1,10,40.4364983,-86.8936048,156.100,-0.304,-0.053,0.000
91242,25067,18148,15134,0,0,-0.26935,-1.70707,9.75158,-0.015979,-0.011718,-0.024501,-8.831,0.867,23.419,194.2268,-54.2757,13.9341,14016.6289,-3552.3767,716.1525,-0.0031827,0.0316745,-0.3635333,0.000000,0.000000,0.000000,0.00000,0.00000,0.000,0.000,0.000,0.000,0.000,-6.0000,0.0000,0.0000,6.0000,95.00,95.00,90.00,90.00,65535,65535,65535,1500,1,10,40.4364983,-86.8936048,156.100,-0.304,-0.053,0.000
91287,25383,18258,15204,0,0,-0.25977,-1.47962,9.65342,-0.025566,0.005326,-0.018109,-8.881,0.938,24.268,194.2275,-54.2743,13.9421,14025.4658,-3554.8198,716.7746,-0.0031800,0.0316774,-0.3635226,0.000000,0.000000,0.000000,0.00000,0.00000,0.000,0.000,0.000,0.000,0.000,-6.0000,0.0000,0.0000,6.0000,95.00,95.00,90.00,90.00,65535,65535,65535,1500,1,10,40.4364988,-86.8936062,155.900,-0.193,-0.034,0.000
91337,25999,18238,15202,0,0,-0.14844,-1.54905,9.75517,-0.003196,-0.007457,0.006392,-8.921,0.982,25.273,194.2314,-54.2717,13.9548,14035.7686,-3557.6340,717.4798,-0.0031656,0.0316918,-0.3634960,0.000000,0.000000,0.000000,0.00000,0.00000,0.000,0.000,0.000,0.000,0.000,-6.0000,0.0000,0.0000,6.0000,95.00,95.00,90.00,90.00,65535,65535,65535,1500,1,10,40.4364988,-86.8936062,155.900,-0.193,-0.034,0.000
91398,35764,23308,15297,0,0,-0.20830,-1.50954,9.86890,-0.007457,-0.009587,-0.012783,-8.971,1.007,26.322,194.2360,-54.2662,13.9655,14047.2500,-3560.7405,718.2511,-0.0031448,0.0317068,-0.3634550,0.000000,0.000000,0.000000,0.00000,0.00000,0.000,0.000,0.000,0.000,0.000,-6.0000,0.0000,0.0000,6.0000,95.00,95.00,90.00,90.00,65535,65535,65535,1500,1,10,40.4364995,-86.8936077,155.700,-0.142,-0.025,0.000
91448,25684,18230,15191,0,0,-0.09337,-1.49757,9.74679,-0.001065,-0.013848,-0.019175,-8.966,1.027,27.393,194.2379,-54.2654,13.9709,14058.2568,-3563.7815,719.0247,-0.0031371,0.0317180,-0.3634409,0.000000,0.000000,0.000000,0.00000,0.00000,0.000,0.000,0.000,0.000,0.000,-6.0000,0.0000,0.0000,6.0000,95.00,95.00,90.00,90.00,65535,65535,65535,1500,1,10,40.4364995,-86.8936077,155.700,-0.142,-0.025,0.000
91492,19689,18189,15174,0,0,-0.05148,-1.59574,9.90721,0.002131,-0.018109,-0.006392,-8.967,1.033,28.267,194.2400,-54.2636,13.9800,14067.3291,-3566.2664,719.6522,-0.0031285,0.0317264,-0.3634208,0.000000,0.000000,0.000000,0.00000,0.00000,0.000,0.000,0.000,0.000,0.000,-6.0000,0.0000,0.0000,6.0000,95.00,95.00,90.00,90.00,65535,65535,65535,1500,1,10,40.4364998,-86.8936080,155.500,-0.142,-0.025,0.000
91532,19114,38420,30361,0,0,-0.04190,-1.55384,9.83418,0.012783,-0.015979,-0.004261,-8.944,1.008,28.681,194.2378,-54.2644,13.9828,14070.8770,-3567.2773,719.9195,-0.0031291,0.0317593,-0.3634265,0.000000,0.000000,0.000000,0.00000,0.00000,0.000,0.000,0.000,0.000,0.000,-6.0000,0.0000,0.0000,6.0000,95.00,95.00,90.00,90.00,65535,65535,65535,1500,1,10,40.4364998,-86.8936080,155.500,-0.142,-0.025,0.000
91601,46871,21591,15438,0,0,-0.14245,-1.39702,9.86291,-0.006392,-0.012783,-0.015979,-8.854,1.017,30.530,194.2315,-54.2648,14.0007,14086.7910,-3571.8362,721.1237,-0.0031434,0.0317782,-0.3634698,0.000000,0.000000,0.000000,0.00000,0.00000,0.000,0.000,0.000,0.000,0.000,-6.0000,0.0000,0.0000,6.0000,95.00,95.00,90.00,90.00,65535,65535,65535,1500,1,10,40.4364998,-86.8936080,155.500,-0.142,-0.025,0.000
91632,22707,24888,21875,0,0,-0.08978,-1.61728,9.92037,0.002131,-0.012783,-0.014914,-8.860,1.000,30.964,194.2321,-54.2633,14.0064,14091.3926,-3573.0938,721.4442,-0.0031395,0.0318038,-0.3634571,0.000000,0.000000,0.000000,0.00000,0.00000,0.000,0.000,0.000,0.000,0.000,-6.0000,0.0000,0.0000,6.0000,95.00,95.00,90.00,90.00,65535,65535,65535,1500,1,10,40.4364998,-86.8936080,155.500,-0.142,-0.025,0.000
91683,25131,18274,15218,0,0,-0.11732,-1.41617,9.83179,-0.008522,-0.008522,-0.005326,-8.822,1.037,32.296,194.2288,-54.2659,14.0183,14102.9277,-3576.3848,722.3120,-0.0031480,0.0318212,-0.3634829,0.000000,0.000000,0.000000,0.00000,0.00000,0.000,0.000,0.000,0.000,0.000,-6.0000,0.0000,0.0000,6.0000,95.00,95.00,90.00,90.00,65535,65535,65535,1500,1,10,40.4365012,-86.8936085,155.500,-0.370,-0.065,0.000
91745,18501,18109,15119,0,0,-0.14365,-1.56820,9.80186,-0.004261,-0.006392,-0.007457,-8.841,1.044,33.516,194.2308,-54.2626,14.0301,14115.5215,-3579.8301,723.1880,-0.0031377,0.0318534,-0.3634523,0.000000,0.000000,0.000000,0.00000,0.00000,0.000,0.000,0.000,0.000,0.000,-6.0000,0.0000,0.0000,6.0000,95.00,95.00,90.00,90.00,65535,65535,65535,1500,1,10,40.4365012,-86.8936085,155.500,-0.370,-0.065,0.000
91802,32246,18299,15349,0,0,-0.11492,-1.59933,9.87848,0.004261,-0.012783,-0.014914,-8.828,1.043,34.660,194.2315,-54.2620,14.0412,14126.7188,-3582.9465,723.9943,-0.0031356,0.0318845,-0.3634458,0.000000,0.000000,0.000000,0.00000,0.00000,0.000,0.000,0.000,0.000,0.000,-6.0000,0.0000,0.0000,6.0000,95.00,95.00,90.00,90.00,65535,65535,65535,1500,1,11,40.4365020,-86.8936107,155.200,-0.177,-0.031,0.000
91833,19275,29759,21775,0,0,-0.16520,-1.60651,9.75039,-0.003196,-0.009587,-0.010653,-8.847,1.047,35.011,194.2333,-54.2598,14.0428,14130.8252,-3584.0444,724.2673,-0.0031290,0.0318929,-0.3634260,0.000000,0.000000,0.000000,0.00000,0.00000,0.000,0.000,0.000,0.000,0.000,-6.0000,0.0000,0.0000,6.0000,95.00,95.00,90.00,90.00,65535,65535,65535,1500,1,11,40.4365020,-86.8936107,155.200,-0.177,-0.031,0.000
91884,25626,18208,15167,0,0,-0.13527,-1.53468,9.76715,-0.004261,-0.014914,-0.008522,-8.833,1.055,36.276,194.2339,-54.2590,14.0536,14142.9521,-3587.4207,725.1416,-0.0031275,0.0319188,-0.3634199,0.000000,0.000000,0.000000,0.00000,0.00000,0.000,0.000,0.000,0.000,0.000,-6.0000,0.0000,0.0000,6.0000,95.00,95.00,90.00,90.00,65535,65535,65535,1500,1,11,40.4365028,-86.8936122,155.200,-0.193,-0.034,0.000
91946,18343,18065,15077,0,0,-0.16400,-1.56102,9.86770,-0.001065,-0.008522,-0.010653,-8.842,1.058,37.473,194.2361,-54.2560,14.0651,14155.5635,-3590.8689,726.0215,-0.0031186,0.0319528,-0.3633886,0.000000,0.000000,0.000000,0.00000,0.00000,0.000,0.000,0.000,0.000,0.000,-6.0000,0.0000,0.0000,6.0000,95.00,95.00,90.00,90.00,65535,65535,65535,1500,1,11,40.4365028,-86.8936122,155.200,-0.193,-0.034,0.000
91986,25003,33320,30306,0,0,-0.14605,-1.52870,9.84855,-0.003196,-0.018109,-0.010653,-8.832,1.055,37.988,194.2356,-54.2561,14.0692,14160.3652,-3592.2163,726.3735,-0.0031196,0.0319620,-0.3633905,0.000000,0.000000,0.000000,0.00000,0.00000,0.000,0.000,0.000,0.000,0.000,-6.0000,0.0000,0.0000,6.0000,95.00,95.00,90.00,90.00,65535,65535,65535,1500,1,11,40.4365040,-86.8936145,154.800,-0.117,-0.020,0.000
92040,43208,44485,30391,0,0,-0.17119,-1.57538,9.81383,-0.001065,-0.007457,-0.011718,-8.826,1.084,38.840,194.2375,-54.2557,14.0751,14168.9619,-3594.5894,726.9832,-0.0031162,0.0319689,-0.3633791,0.000000,0.000000,0.000000,0.00000,0.00000,0.000,0.000,0.000,0.000,0.000,-6.0000,0.0000,0.0000,6.0000,95.00,95.00,90.00,90.00,65535,65535,65535,1500,1,11,40.4365040,-86.8936145,154.800,-0.117,-0.020,0.000
92104,37571,25471,22432,0,0,-0.11372,-1.53468,9.82221,-0.002131,-0.011718,-0.009587,-8.797,1.104,40.558,194.2374,-54.2547,14.0877,14184.9717,-3599.0757,728.1547,-0.0031188,0.0319979,-0.3633831,0.000000,0.000000,0.000000,0.00000,0.00000,0.000,0.000,0.000,0.000,0.000,-6.0000,0.0000,0.0000,6.0000,95.00,95.00,90.00,90.00,65535,65535,65535,1500,1,11,40.4365040,-86.8936145,154.800,-0.117,-0.020,0.000
92134,31759,23538,20529,0,0,-0.19393,-1.59334,9.82580,-0.006392,-0.006392,-0.012783,-8.813,1.126,41.163,194.2394,-54.2536,14.0926,14191.4609,-3600.8447,728.6042,-0.0031132,0.0320022,-0.3633659,0.000000,0.000000,0.000000,0.00000,0.00000,0.000,0.000,0.000,0.000,0.000,-6.0000,0.0000,0.0000,6.0000,95.00,95.00,90.00,90.00,65535,65535,65535,1500,1,11,40.4365040,-86.8936145,154.800,-0.117,-0.020,0.000
92195,19553,18163,15169,0,0,-0.14365,-1.60651,9.86770,0.000000,-0.012783,-0.007457,-8.846,1.113,42.429,194.2416,-54.2499,14.1049,14205.0518,-3604.5398,729.5452,-0.0031008,0.0320484,-0.3633235,0.000000,0.000000,0.000000,0.00000,0.00000,0.000,0.000,0.000,0.000,0.000,-6.0000,0.0000,0.0000,6.0000,95.00,95.00,90.00,90.00,65535,65535,65535,1500,1,11,40.4365048,-86.8936167,154.800,-0.172,-0.030,0.000
92250,21293,18200,15164,0,0,-0.13886,-1.53349,9.87129,0.000000,-0.012783,-0.011718,-8.828,1.126,43.546,194.2416,-54.2497,14.1141,14215.7920,-3607.5281,730.3218,-0.0030998,0.0320655,-0.3633179,0.000000,0.000000,0.000000,0.00000,0.00000,0.000,0.000,0.000,0.000,0.000,-6.0000,0.0000,0.0000,6.0000,95.00,95.00,90.00,90.00,65535,65535,65535,1500,1,11,40.4365048,-86.8936167,154.500,-0.172,-0.030,0.000
92301,26665,18246,15218,0,0,-0.17478,-1.57778,9.84735,-0.004261,-0.012783,-0.013848,-8.828,1.131,44.542,194.2426,-54.2484,14.1217,14225.9629,-3610.3303,731.0446,-0.0030959,0.0320852,-0.3633018,0.000000,0.000000,0.000000,0.00000,0.00000,0.000,0.000,0.000,0.000,0.000,-6.0000,0.0000,0.0000,6.0000,95.00,95.00,90.00,90.00,65535,65535,65535,1500,1,11,40.4365053,-86.8936172,154.400,-0.263,-0.046,0.000
92332,24421,24673,21642,0,0,-0.17957,-1.55623,9.85693,-0.004261,-0.011718,-0.010653,-8.828,1.140,45.028,194.2430,-54.2480,14.1260,14230.7930,-3611.6670,731.3904,-0.0030945,0.0320913,-0.3632965,0.000000,0.000000,0.000000,0.00000,0.00000,0.000,0.000,0.000,0.000,0.000,-6.0000,0.0000,0.0000,6.0000,95.00,95.00,90.00,90.00,65535,65535,65535,1500,1,11,40.4365053,-86.8936172,154.400,-0.263,-0.046,0.000
92396,19607,18144,15137,0,0,-0.14126,-1.55144,9.86531,-0.001065,-0.014914,-0.010653,-8.822,1.132,46.421,194.2444,-54.2460,14.1380,14244.9678,-3615.5620,732.3953,-0.0030889,0.0321255,-0.3632697,0.000000,0.000000,0.000000,0.00000,0.00000,0.000,0.000,0.000,0.000,0.000,-6.0000,0.0000,0.0000,6.0000,95.00,95.00,90.00,90.00,65535,65535,65535,1500,1,11,40.4365058,-86.8936182,154.200,-0.345,-0.061,0.000
92450,25680,18214,15152,0,0,-0.17119,-1.55982,9.86531,-0.002131,-0.011718,-0.013848,-8.818,1.138,47.486,194.2452,-54.2449,14.1470,14255.6611,-3618.5159,733.1612,-0.0030867,0.0321469,-0.3632559,0.000000,0.000000,0.000000,0.00000,0.00000,0.000,0.000,0.000,0.000,0.000,-6.0000,0.0000,0.0000,6.0000,95.00,95.00,90.00,90.00,65535,65535,65535,1500,1,11,40.4365058,-86.8936182,154.200,-0.345,-0.061,0.000
92482,24875,25050,22050,0,0,-0.17358,-1.59454,9.85693,-0.002131,-0.012783,-0.012783,-8.825,1.139,47.959,194.2462,-54.2439,14.1516,14260.7441,-3619.8997,733.5155,-0.0030834,0.0321563,-0.3632415,0.000000,0.000000,0.000000,0.00000,0.00000,0.000,0.000,0.000,0.000,0.000,-6.0000,0.0000,0.0000,6.0000,95.00,95.00,90.00,90.00,65535,65535,65535,1500,1,11,40.4365073,-86.8936205,154.200,-0.203,-0.036,0.000
92550,39584,21826,18795,0,0,-0.18914,-1.53229,9.83059,-0.002131,-0.013848,-0.009587,-8.820,1.163,49.369,194.2480,-54.2428,14.1636,14274.8418,-3623.7917,734.5233,-0.0030793,0.0321694,-0.3632234,0.000000,0.000000,0.000000,0.00000,0.00000,0.000,0.000,0.000,0.000,0.000,-6.0000,0.0000,0.0000,6.0000,95.00,95.00,90.00,90.00,65535,65535,65535,1500,1,11,40.4365073,-86.8936205,154.200,-0.203,-0.036,0.000
92587,28835,30506,27493,0,0,-0.18435,-1.58616,9.85573,-0.001065,-0.012783,-0.011718,-8.822,1.168,49.926,194.2491,-54.2420,14.1689,14280.6777,-3625.3879,734.9340,-0.0030764,0.0321773,-0.3632100,0.000000,0.000000,0.000000,0.00000,0.00000,0.000,0.000,0.000,0.000,0.000,-6.0000,0.0000,0.0000,6.0000,95.00,95.00,90.00,90.00,65535,65535,65535,1500,1,10,40.4365082,-86.8936233,153.800,-0.167,-0.029,0.000
92635,23711,18240,15246,0,0,-0.19632,-1.59574,9.84376,-0.001065,-0.012783,-0.012783,-8.823,1.181,51.095,194.2511,-54.2402,14.1785,14292.8477,-3628.7219,735.7934,-0.0030709,0.0321947,-0.3631839,0.000000,0.000000,0.000000,0.00000,0.00000,0.000,0.000,0.000,0.000,0.000,-6.0000,0.0000,0.0000,6.0000,95.00,95.00,90.00,90.00,65535,65535,65535,1500,1,10,40.4365082,-86.8936233,153.800,-0.167,-0.029,0.000
92686,31878,18243,15179,0,0,-0.17238,-1.58855,9.82700,-0.001065,-0.013848,-0.009587,-8.828,1.180,52.090,194.2523,-54.2388,14.1864,14303.1357,-3631.5403,736.5215,-0.0030670,0.0322165,-0.3631614,0.000000,0.000000,0.000000,0.00000,0.00000,0.000,0.000,0.000,0.000,0.000,-6.0000,0.0000,0.0000,6.0000,95.00,95.00,90.00,90.00,65535,65535,65535,1500,1,10,40.4365088,-86.8936262,153.700,-0.345,-0.061,0.000
92736,30919,18168,15163,0,0,-0.17717,-1.59933,9.83658,-0.001065,-0.012783,-0.010653,-8.828,1.181,53.071,194.2532,-54.2378,14.1946,14313.1904,-3634.3010,737.2369,-0.0030641,0.0322386,-0.3631417,0.000000,0.000000,0.000000,0.00000,0.00000,0.000,0.000,0.000,0.000,0.000,-6.0000,0.0000,0.0000,6.0000,95.00,95.00,90.00,90.00,65535,65535,65535,1500,1,10,40.4365088,-86.8936262,153.700,-0.345,-0.061,0.000
92788,26341,18178,15163,0,0,-0.20111,-1.58257,9.86411,-0.001065,-0.012783,-0.012783,-8.831,1.183,54.060,194.2543,-54.2365,14.2038,14323.5430,-3637.1348,737.9696,-0.0030603,0.0322594,-0.3631184,0.000000,0.000000,0.000000,0.00000,0.00000,0.000,0.000,0.000,0.000,0.000,-6.0000,0.0000,0.0000,6.0000,95.00,95.00,90.00,90.00,65535,65535,65535,1500,1,10,40.4365093,-86.8936280,153.600,-0.380,-0.067,0.000
92836,23882,18222,15276,0,0,-0.18196,-1.57538,9.82580,-0.002131,-0.012783,-0.009587,-8.837,1.187,54.996,194.2551,-54.2352,14.2110,14333.2744,-3639.7986,738.6588,-0.0030568,0.0322784,-0.3630965,0.000000,0.000000,0.000000,0.00000,0.00000,0.000,0.000,0.000,0.000,0.000,-6.0000,0.0000,0.0000,6.0000,95.00,95.00,90.00,90.00,65535,65535,65535,1500,1,10,40.4365093,-86.8936280,153.600,-0.380,-0.067,0.000
92889,28425,18219,15180,0,0,-0.19393,-1.59334,9.89045,-0.001065,-0.012783,-0.010653,-8.846,1.199,56.021,194.2571,-54.2337,14.2229,14344.2051,-3642.7727,739.4235,-0.0030506,0.0322915,-0.3630655,0.000000,0.000000,0.000000,0.00000,0.00000,0.000,0.000,0.000,0.000,0.000,-6.0000,0.0000,0.0000,6.0000,95.00,95.00,90.00,90.00,65535,65535,65535,1500,1,10,40.4365092,-86.8936305,153.400,-0.518,-0.297,0.000
92940,30897,18245,15172,0,0,-0.17957,-1.56581,9.88446,-0.001065,-0.012783,-0.012783,-8.835,1.207,57.009,194.2575,-54.2330,14.2332,14354.1270,-3645.5139,740.1387,-0.0030492,0.0323054,-0.3630534,0.000000,0.000000,0.000000,0.00000,0.00000,0.000,0.000,0.000,0.000,0.000,-6.0000,0.0000,0.0000,6.0000,95.00,95.00,90.00,90.00,65535,65535,65535,1500,1,10,40.4365092,-86.8936305,153.400,-0.518,-0.297,0.000
93008,39529,21766,18764,0,0,-0.19752,-1.59454,9.86890,-0.001065,-0.012783,-0.009587,-8.841,1.221,58.257,194.2600,-54.2318,14.2451,14367.2861,-3649.1052,741.0664,-0.0030432,0.0323218,-0.3630203,0.000000,0.000000,0.000000,0.00000,0.00000,0.000,0.000,0.000,0.000,0.000,-6.0000,0.0000,0.0000,6.0000,95.00,95.00,90.00,90.00,65535,65535,65535,1500,1,10,40.4365093,-86.8936325,153.300,-0.514,-0.404,0.000
93048,28069,33311,30269,0,0,-0.18435,-1.60052,9.84975,-0.002131,-0.013848,-0.010653,-8.847,1.221,58.794,194.2609,-54.2311,14.2502,14373.0156,-3650.6646,741.4692,-0.0030407,0.0323325,-0.3630040,0.000000,0.000000,0.000000,0.00000,0.00000,0.000,0.000,0.000,0.000,0.000,-6.0000,0.0000,0.0000,6.0000,95.00,95.00,90.00,90.00,65535,65535,65535,1500,1,10,40.4365093,-86.8936325,153.300,-0.514,-0.404,0.000
93090,43838,32054,26314,0,0,-0.15203,-1.55384,9.84256,-0.001065,-0.012783,-0.010653,-8.831,1.226,59.678,194.2616,-54.2300,14.2572,14381.5723,-3653.0444,742.0959,-0.0030416,0.0323499,-0.3629996,0.000000,0.000000,0.000000,0.00000,0.00000,0.000,0.000,0.000,0.000,0.000,-6.0000,0.0000,0.0000,6.0000,95.00,95.00,90.00,90.00,65535,65535,65535,1500,1,10,40.4365102,-86.8936343,153.300,-0.435,-0.386,0.000
93140,25793,17604,14591,0,0,-0.15682,-1.58257,9.86172,-0.002131,-0.013848,-0.012783,-8.824,1.222,60.938,194.2620,-54.2289,14.2681,14394.2715,-3656.5496,743.0140,-0.0030409,0.0323778,-0.3629824,0.000000,0.000000,0.000000,0.00000,0.00000,0.000,0.000,0.000,0.000,0.000,-6.0000,0.0000,0.0000,6.0000,95.00,95.00,90.00,90.00,65535,65535,65535,1500,1,10,40.4365102,-86.8936343,153.300,-0.435,-0.386,0.000
93187,28841,18132,15114,0,0,-0.16759,-1.57060,9.85932,0.000000,-0.012783,-0.008522,-8.824,1.216,61.849,194.2620,-54.2281,14.2766,14403.6436,-3659.1182,743.6844,-0.0030395,0.0324038,-0.3629623,0.000000,0.000000,0.000000,0.00000,0.00000,0.000,0.000,0.000,0.000,0.000,-6.0000,0.0000,0.0000,6.0000,95.00,95.00,90.00,90.00,65535,65535,65535,1500,1,10,40.4365102,-86.8936343,153.300,-0.435,-0.386,0.000
93238,26333,18283,15216,0,0,-0.16520,-1.56581,9.85573,0.000000,-0.013848,-0.009587,-8.812,1.216,62.870,194.2621,-54.2274,14.2852,14413.8262,-3661.9272,744.4208,-0.0030390,0.0324251,-0.3629479,0.000000,0.000000,0.000000,0.00000,0.00000,0.000,0.000,0.000,0.000,0.000,-6.0000,0.0000,0.0000,6.0000,95.00,95.00,90.00,90.00,65535,65535,65535,1500,1,10,40.4365113,-86.8936372,153.100,-0.396,-0.626,0.000
93286,28750,18257,15290,0,0,-0.17597,-1.58376,9.83418,-0.002131,-0.012783,-0.014914,-8.824,1.216,63.779,194.2627,-54.2264,14.2930,14423.6152,-3664.5916,745.1116,-0.0030355,0.0324444,-0.3629202,0.000000,0.000000,0.000000,0.00000,0.00000,0.000,0.000,0.000,0.000,0.000,-6.0000,0.0000,0.0000,6.0000,95.00,95.00,90.00,90.00,65535,65535,65535,1500,1,10,40.4365113,-86.8936372,153.100,-0.396,-0.626,0.000
93338,26261,18213,15201,0,0,-0.17358,-1.59214,9.84376,-0.001065,-0.013848,-0.011718,-8.828,1.216,64.765,194.2635,-54.2256,14.3019,14434.0410,-3667.4380,745.8519,-0.0030324,0.0324632,-0.3628941,0.000000,0.000000,0.000000,0.00000,0.00000,0.000,0.000,0.000,0.000,0.000,-6.0000,0.0000,0.0000,6.0000,95.00,95.00,90.00,90.00,65535,65535,65535,1500,1,10,40.4365120,-86.8936392,153.100,-0.377,-0.685,0.000
93388,26018,18220,15181,0,0,-0.18316,-1.56341,9.84855,-0.001065,-0.014914,-0.007457,-8.827,1.214,65.752,194.2639,-54.2249,14.3106,14444.1992,-3670.2190,746.5777,-0.0030305,0.0324837,-0.3628717,0.000000,0.000000,0.000000,0.00000,0.00000,0.000,0.000,0.000,0.000,0.000,-6.0000,0.0000,0.0000,6.0000,95.00,95.00,90.00,90.00,65535,65535,65535,1500,1,10,40.4365120,-86.8936392,153.100,-0.377,-0.685,0.000
93439,26030,18227,15214,0,0,-0.18914,-1.58376,9.86052,-0.002131,-0.012783,-0.015979,-8.831,1.217,66.737,194.2645,-54.2244,14.3198,14454.5146,-3673.0430,747.3147,-0.0030283,0.0325022,-0.3628490,0.000000,0.000000,0.000000,0.00000,0.00000,0.000,0.000,0.000,0.000,0.000,-6.0000,0.0000,0.0000,6.0000,95.00,95.00,90.00,90.00,65535,65535,65535,1500,1,10,40.4365125,-86.8936408,153.000,-0.308,-0.674,0.000
93497,34481,21998,15274,0,0,-0.17837,-1.59214,9.86172,-0.001065,-0.013848,-0.007457,-8.834,1.223,67.777,194.2655,-54.2237,14.3295,14465.3555,-3676.0078,748.0879,-0.0030255,0.0325182,-0.3628242,0.000000,0.000000,0.000000,0.00000,0.00000,0.000,0.000,0.000,0.000,0.000,-6.0000,0.0000,0.0000,6.0000,95.00,95.00,90.00,90.00,65535,65535,65535,1500,1,10,40.4365125,-86.8936408,153.000,-0.308,-0.674,0.000
93537,29158,33343,30294,0,0,-0.17358,-1.58855,9.85334,0.001065,-0.015979,-0.004261,-8.832,1.219,68.353,194.2660,-54.2233,14.3348,14471.2412,-3677.6174,748.5087,-0.0030245,0.0325309,-0.3628104,0.000000,0.000000,0.000000,0.00000,0.00000,0.000,0.000,0.000,0.000,0.000,-6.0000,0.0000,0.0000,6.0000,95.00,95.00,90.00,90.00,65535,65535,65535,1500,1,10,40.4365128,-86.8936410,152.900,-0.210,-0.458,0.000
93596,36721,18384,15313,0,0,-0.18675,-1.58616,9.86052,-0.002131,-0.012783,-0.017044,-8.824,1.229,69.782,194.2676,-54.2226,14.3481,14485.9297,-3681.6587,749.5688,-0.0030227,0.0325521,-0.3627861,0.000000,0.000000,0.000000,0.00000,0.00000,0.000,0.000,0.000,0.000,0.000,-6.0000,0.0000,0.0000,6.0000,95.00,95.00,90.00,90.00,65535,65535,65535,1500,1,10,40.4365128,-86.8936410,152.900,-0.210,-0.458,0.000
93647,25980,18232,15179,0,0,-0.19273,-1.58616,9.84855,-0.001065,-0.013848,-0.009587,-8.830,1.233,70.769,194.2682,-54.2223,14.3572,14496.3555,-3684.5037,750.3107,-0.0030198,0.0325672,-0.3627596,0.000000,0.000000,0.000000,0.00000,0.00000,0.000,0.000,0.000,0.000,0.000,-6.0000,0.0000,0.0000,6.0000,95.00,95.00,90.00,90.00,65535,65535,65535,1500,1,11,40.4365137,-86.8936417,152.900,-0.154,-0.337,0.000
93707,29989,24091,15278,0,0,-0.17238,-1.56940,9.85094,-0.001065,-0.013848,-0.009587,-8.824,1.234,71.842,194.2686,-54.2219,14.3668,14507.2354,-3687.4937,751.0966,-0.0030189,0.0325871,-0.3627402,0.000000,0.000000,0.000000,0.00000,0.00000,0.000,0.000,0.000,0.000,0.000,-6.0000,0.0000,0.0000,6.0000,95.00,95.00,90.00,90.00,65535,65535,65535,1500,1,11,40.4365137,-86.8936417,152.900,-0.154,-0.337,0.000
93732,25201,18716,15666,0,0,-0.18914,-1.58137,9.85334,-0.001065,-0.013848,-0.014914,-8.826,1.233,72.321,194.2687,-54.2218,14.3713,14512.3428,-3688.8882,751.4612,-0.0030178,0.0325963,-0.3627274,0.000000,0.000000,0.000000,0.00000,0.00000,0.000,0.000,0.000,0.000,0.000,-6.0000,0.0000,0.0000,6.0000,95.00,95.00,90.00,90.00,65535,65535,65535,1500,1,11,40.4365137,-86.8936417,152.900,-0.154,-0.337,0.000
93783,26061,18216,15166,0,0,-0.18435,-1.58616,9.85334,-0.001065,-0.013848,-0.011718,-8.833,1.233,73.386,194.2695,-54.2216,14.3813,14523.6914,-3691.9846,752.2706,-0.0030152,0.0326166,-0.3626980,0.000000,0.000000,0.000000,0.00000,0.00000,0.000,0.000,0.000,0.000,0.000,-6.0000,0.0000,0.0000,6.0000,95.00,95.00,90.00,90.00,65535,65535,65535,1500,1,11,40.4365137,-86.8936417,152.900,-0.154,-0.337,0.000
93834,26074,18229,15172,0,0,-0.19393,-1.57658,9.86052,-0.001065,-0.013848,-0.009587,-8.836,1.236,74.376,194.2699,-54.2216,14.3905,14534.0898,-3694.8232,753.0133,-0.0030129,0.0326333,-0.3626719,0.000000,0.000000,0.000000,0.00000,0.00000,0.000,0.000,0.000,0.000,0.000,-6.0000,0.0000,0.0000,6.0000,95.00,95.00,90.00,90.00,65535,65535,65535,1500,1,11,40.4365162,-86.8936462,152.900,-0.106,-0.593,0.000
93884,26036,18210,15169,0,0,-0.19154,-1.58855,9.85453,-0.001065,-0.013848,-0.013848,-8.839,1.235,75.344,194.2702,-54.2216,14.3996,14544.2910,-3697.6104,753.7438,-0.0030110,0.0326515,-0.3626470,0.000000,0.000000,0.000000,0.00000,0.00000,0.000,0.000,0.000,0.000,0.000,-6.0000,0.0000,0.0000,6.0000,95.00,95.00,90.00,90.00,65535,65535,65535,1500,1,11,40.4365162,-86.8936462,152.900,-0.106,-0.593,0.000
93939,20489,18172,15168,0,0,-0.19393,-1.58736,9.84256,-0.001065,-0.013848,-0.010653,-8.846,1.237,76.387,194.2710,-54.2218,14.4095,14555.3848,-3700.6353,754.5353,-0.0030084,0.0326686,-0.3626178,0.000000,0.000000,0.000000,0.00000,0.00000,0.000,0.000,0.000,0.000,0.000,-6.0000,0.0000,0.0000,6.0000,95.00,95.00,90.00,90.00,65535,65535,65535,1500,1,11,40.4365167,-86.8936475,152.800,-0.106,-0.593,0.000
93983,19773,18224,15185,0,0,-0.18196,-1.59095,9.84975,-0.001065,-0.013848,-0.009587,-8.853,1.231,77.233,194.2708,-54.2220,14.4174,14564.3613,-3703.0803,755.1760,-0.0030068,0.0326886,-0.3625926,0.000000,0.000000,0.000000,0.00000,0.00000,0.000,0.000,0.000,0.000,0.000,-6.0000,0.0000,0.0000,6.0000,95.00,95.00,90.00,90.00,65535,65535,65535,1500,1,11,40.4365167,-86.8936475,152.800,-0.106,-0.593,0.000
94063,39403,33334,30297,0,0,-0.18675,-1.57658,9.84615,-0.002131,-0.013848,-0.011718,-8.847,1.238,78.495,194.2717,-54.2220,14.4284,14577.2646,-3706.6284,756.1118,-0.0030056,0.0327064,-0.3625705,0.000000,0.000000,0.000000,0.00000,0.00000,0.000,0.000,0.000,0.000,0.000,-6.0000,0.0000,0.0000,6.0000,95.00,95.00,90.00,90.00,65535,65535,65535,1500,1,11,40.4365183,-86.8936490,152.800,0.062,-0.563,0.000
94098,39637,28621,25591,0,0,-0.19632,-1.58257,9.85453,-0.001065,-0.013848,-0.010653,-8.840,1.246,79.274,194.2726,-54.2220,14.4355,14585.1807,-3708.8064,756.6862,-0.0030046,0.0327143,-0.3625576,0.000000,0.000000,0.000000,0.00000,0.00000,0.000,0.000,0.000,0.000,0.000,-6.0000,0.0000,0.0000,6.0000,95.00,95.00,90.00,90.00,65535,65535,65535,1500,1,11,40.4365183,-86.8936490,152.800,0.062,-0.563,0.000
94141,39241,32634,26641,0,0,-0.18794,-1.58376,9.84615,-0.002131,-0.012783,-0.010653,-8.837,1.253,80.042,194.2735,-54.2219,14.4423,14593.0254,-3710.9634,757.2555,-0.0030037,0.0327250,-0.3625440,0.000000,0.000000,0.000000,0.00000,0.00000,0.000,0.000,0.000,0.000,0.000,-6.0000,0.0000,0.0000,6.0000,95.00,95.00,90.00,90.00,65535,65535,65535,1500,1,11,40.4365193,-86.8936503,152.800,0.062,-0.563,0.000
94184,18419,18191,15152,0,0,-0.19034,-1.58616,9.85453,0.000000,-0.013848,-0.011718,-8.838,1.252,81.149,194.2739,-54.2223,14.4525,14604.6133,-3714.1323,758.0895,-0.0030020,0.0327462,-0.3625166,0.000000,0.000000,0.000000,0.00000,0.00000,0.000,0.000,0.000,0.000,0.000,-6.0000,0.0000,0.0000,6.0000,95.00,95.00,90.00,90.00,65535,65535,65535,1500,1,11,40.4365193,-86.8936503,152.800,0.062,-0.563,0.000
94235,26192,18259,15210,0,0,-0.18914,-1.58975,9.85094,-0.001065,-0.013848,-0.010653,-8.844,1.250,82.129,194.2740,-54.2230,14.4617,14615.0166,-3716.9685,758.8346,-0.0030002,0.0327661,-0.3624884,0.000000,0.000000,0.000000,0.00000,0.00000,0.000,0.000,0.000,0.000,0.000,-6.0000,0.0000,0.0000,6.0000,95.00,95.00,90.00,90.00,65535,65535,65535,1500,1,11,40.4365203,-86.8936525,152.700,0.100,-0.567,0.000
94285,25964,18191,15178,0,0,-0.20111,-1.57898,9.85334,-0.002131,-0.013848,-0.010653,-8.848,1.252,83.098,194.2742,-54.2237,14.4708,14625.2393,-3719.7603,759.5687,-0.0029982,0.0327817,-0.3624627,0.000000,0.000000,0.000000,0.00000,0.00000,0.000,0.000,0.000,0.000,0.000,-6.0000,0.0000,0.0000,6.0000,95.00,95.00,90.00,90.00,65535,65535,65535,1500,1,11,40.4365203,-86.8936525,152.700,0.100,-0.567,0.000
94341,30429,18250,15262,0,0,-0.19632,-1.58616,9.85094,-0.001065,-0.013848,-0.011718,-8.848,1.252,84.170,194.2746,-54.2244,14.4808,14636.4316,-3722.8232,760.3767,-0.0029967,0.0328006,-0.3624373,0.000000,0.000000,0.000000,0.00000,0.00000,0.000,0.000,0.000,0.000,0.000,-6.0000,0.0000,0.0000,6.0000,95.00,95.00,90.00,90.00,65535,65535,65535,1500,1,12,40.4365213,-86.8936548,152.600,0.111,-0.633,0.000
94391,25520,18186,15183,0,0,-0.19273,-1.58137,9.85094,-0.001065,-0.013848,-0.011718,-8.847,1.253,85.134,194.2746,-54.2252,14.4896,14646.5078,-3725.5811,761.1047,-0.0029955,0.0328172,-0.3624145,0.000000,0.000000,0.000000,0.00000,0.00000,0.000,0.000,0.000,0.000,0.000,-6.0000,0.0000,0.0000,6.0000,95.00,95.00,90.00,90.00,65535,65535,65535,1500,1,12,40.4365213,-86.8936548,152.600,0.111,-0.633,0.000
94436,19684,18194,15119,0,0,-0.18435,-1.58975,9.84496,-0.001065,-0.013848,-0.011718,-8.853,1.247,85.989,194.2743,-54.2263,14.4976,14655.6465,-3728.0701,761.7601,-0.0029943,0.0328380,-0.3623885,0.000000,0.000000,0.000000,0.00000,0.00000,0.000,0.000,0.000,0.000,0.000,-6.0000,0.0000,0.0000,6.0000,95.00,95.00,90.00,90.00,65535,65535,65535,1500,1,12,40.4365227,-86.8936582,152.400,0.157,-0.813,0.000
94486,25870,18217,15143,0,0,-0.18555,-1.58137,9.85813,-0.001065,-0.013848,-0.010653,-8.853,1.247,86.961,194.2744,-54.2271,14.5067,14665.7695,-3730.8418,762.4928,-0.0029933,0.0328557,-0.3623659,0.000000,0.000000,0.000000,0.00000,0.00000,0.000,0.000,0.000,0.000,0.000,-6.0000,0.0000,0.0000,6.0000,95.00,95.00,90.00,90.00,65535,65535,65535,1500,1,12,40.4365227,-86.8936582,152.400,0.157,-0.813,0.000
94561,43315,24533,15350,0,0,-0.19992,-1.59214,9.85094,-0.001065,-0.013848,-0.010653,-8.845,1.256,88.298,194.2757,-54.2278,14.5187,14679.4834,-3734.6108,763.4916,-0.0029919,0.0328729,-0.3623410,0.000000,0.000000,0.000000,0.00000,0.00000,0.000,0.000,0.000,0.000,0.000,-6.0000,0.0000,0.0000,6.0000,95.00,95.00,90.00,90.00,65535,65535,65535,1500,1,12,40.4365235,-86.8936608,152.300,0.144,-0.925,0.000
94597,30832,29738,26725,0,0,-0.19034,-1.58616,9.85094,-0.001065,-0.013848,-0.011718,-8.844,1.256,88.894,194.2760,-54.2283,14.5241,14685.6953,-3736.3125,763.9419,-0.0029912,0.0328829,-0.3623275,0.000000,0.000000,0.000000,0.00000,0.00000,0.000,0.000,0.000,0.000,0.000,-6.0000,0.0000,0.0000,6.0000,95.00,95.00,90.00,90.00,65535,65535,65535,1500,1,12,40.4365235,-86.8936608,152.300,0.144,-0.925,0.000
94642,19632,18192,15150,0,0,-0.18794,-1.58616,9.85334,-0.001065,-0.013848,-0.010653,-8.844,1.256,89.988,194.2762,-54.2294,14.5342,14697.0791,-3739.4307,764.7678,-0.0029902,0.0329032,-0.3623023,0.000000,0.000000,0.000000,0.00000,0.00000,0.000,0.000,0.000,0.000,0.000,-6.0000,0.0000,0.0000,6.0000,95.00,95.00,90.00,90.00,65535,65535,65535,1500,1,12,40.4365247,-86.8936638,152.200,0.173,-1.066,0.000
94692,25813,18222,15169,0,0,-0.18794,-1.58257,9.84855,-0.001065,-0.014914,-0.011718,-8.845,1.252,90.953,194.2762,-54.2307,14.5430,14707.2188,-3742.2046,765.5020,-0.0029892,0.0329220,-0.3622780,0.000000,0.000000,0.000000,0.00000,0.00000,0.000,0.000,0.000,0.000,0.000,-6.0000,0.0000,0.0000,6.0000,95.00,95.00,90.00,90.00,65535,65535,65535,1500,1,12,40.4365247,-86.8936638,152.200,0.173,-1.066,0.000
94743,26150,18223,15186,0,0,-0.18675,-1.58137,9.85453,-0.001065,-0.013848,-0.010653,-8.846,1.251,91.940,194.2763,-54.2320,14.5523,14717.5645,-3745.0359,766.2519,-0.0029882,0.0329406,-0.3622535,0.000000,0.000000,0.000000,0.00000,0.00000,0.000,0.000,0.000,0.000,0.000,-6.0000,0.0000,0.0000,6.0000,95.00,95.00,90.00,90.00,65535,65535,65535,1500,1,11,40.4365260,-86.8936653,152.400,0.173,-1.066,0.000
94798,26571,18192,15162,0,0,-0.19273,-1.59095,9.85094,-0.001065,-0.013848,-0.011718,-8.848,1.251,92.994,194.2767,-54.2334,14.5621,14728.6367,-3748.0647,767.0542,-0.0029870,0.0329592,-0.3622270,0.000000,0.000000,0.000000,0.00000,0.00000,0.000,0.000,0.000,0.000,0.000,-6.0000,0.0000,0.0000,6.0000,95.00,95.00,90.00,90.00,65535,65535,65535,1500,1,11,40.4365267,-86.8936658,152.400,0.134,-0.849,0.000
94848,25481,18233,15180,0,0,-0.20590,-1.58736,9.84855,0.000000,-0.014914,-0.011718,-8.851,1.251,93.947,194.2769,-54.2352,14.5710,14738.7822,-3750.8328,767.7858,-0.0029854,0.0329749,-0.3621997,0.000000,0.000000,0.000000,0.00000,0.00000,0.000,0.000,0.000,0.000,0.000,-6.0000,0.0000,0.0000,6.0000,95.00,95.00,90.00,90.00,65535,65535,65535,1500,1,11,40.4365267,-86.8936658,152.400,0.134,-0.849,0.000
94892,20135,18210,15173,0,0,-0.19513,-1.57299,9.85573,-0.002131,-0.014914,-0.010653,-8.855,1.248,94.803,194.2768,-54.2368,14.5790,14747.8027,-3753.2979,768.4391,-0.0029844,0.0329911,-0.3621770,0.000000,0.000000,0.000000,0.00000,0.00000,0.000,0.000,0.000,0.000,0.000,-6.0000,0.0000,0.0000,6.0000,95.00,95.00,90.00,90.00,65535,65535,65535,1500,1,11,40.4365272,-86.8936675,152.400,0.094,-0.813,0.000
94943,25966,18271,15218,0,0,-0.19393,-1.58257,9.85932,-0.001065,-0.013848,-0.011718,-8.855,1.249,95.784,194.2771,-54.2383,14.5883,14758.0820,-3756.1130,769.1865,-0.0029835,0.0330077,-0.3621535,0.000000,0.000000,0.000000,0.00000,0.00000,0.000,0.000,0.000,0.000,0.000,-6.0000,0.0000,0.0000,6.0000,95.00,95.00,90.00,90.00,65535,65535,65535,1500,1,11,40.4365272,-86.8936675,152.300,0.094,-0.813,0.000
95002,30580,21638,15293,0,0,-0.20111,-1.58616,9.85573,-0.001065,-0.013848,-0.011718,-8.854,1.253,96.847,194.2776,-54.2400,14.5983,14769.1768,-3759.1528,769.9938,-0.0029823,0.0330231,-0.3621287,0.000000,0.000000,0.000000,0.00000,0.00000,0.000,0.000,0.000,0.000,0.000,-6.0000,0.0000,0.0000,6.0000,95.00,95.00,90.00,90.00,65535,65535,65535,1500,1,11,40.4365280,-86.8936685,152.300,0.079,-0.742,0.000
95041,27985,33407,30372,0,0,-0.20470,-1.58017,9.84975,-0.001065,-0.014914,-0.011718,-8.852,1.255,97.388,194.2779,-54.2408,14.6032,14774.8125,-3760.6987,770.4044,-0.0029815,0.0330288,-0.3621168,0.000000,0.000000,0.000000,0.00000,0.00000,0.000,0.000,0.000,0.000,0.000,-6.0000,0.0000,0.0000,6.0000,95.00,95.00,90.00,90.00,65535,65535,65535,1500,1,11,40.4365280,-86.8936685,152.300,0.079,-0.742,0.000
95115,39247,33475,25567,0,0,-0.18794,-1.58376,9.85813,-0.001065,-0.013848,-0.011718,-8.839,1.260,98.832,194.2789,-54.2417,14.6165,14789.5107,-3764.7490,771.4863,-0.0029810,0.0330481,-0.3620935,0.000000,0.000000,0.000000,0.00000,0.00000,0.000,0.000,0.000,0.000,0.000,-6.0000,0.0000,0.0000,6.0000,95.00,95.00,90.00,90.00,65535,65535,65535,1500,1,11,40.4365280,-86.8936685,152.300,0.079,-0.742,0.000
95147,34559,30639,26570,0,0,-0.20830,-1.59214,9.84735,-0.001065,-0.013848,-0.010653,-8.839,1.266,99.497,194.2798,-54.2428,14.6225,14796.5068,-3766.6638,771.9943,-0.0029798,0.0330544,-0.3620769,0.000000,0.000000,0.000000,0.00000,0.00000,0.000,0.000,0.000,0.000,0.000,-6.0000,0.0000,0.0000,6.0000,95.00,95.00,90.00,90.00,65535,65535,65535,1500,1,11,40.4365280,-86.8936685,152.300,0.079,-0.742,0.000
95203,35261,19548,15321,0,0,-0.20231,-1.58855,9.85334,0.000000,-0.013848,-0.011718,-8.832,1.271,100.794,194.2808,-54.2447,14.6345,14809.9814,-3770.3618,772.9792,-0.0029785,0.0330704,-0.3620490,0.000000,0.000000,0.000000,0.00000,0.00000,0.000,0.000,0.000,0.000,0.000,-6.0000,0.0000,0.0000,6.0000,95.00,95.00,90.00,90.00,65535,65535,65535,1500,1,11,40.4365280,-86.8936685,152.300,0.079,-0.742,0.000
95234,25797,24908,21871,0,0,-0.19154,-1.58975,9.84256,-0.001065,-0.013848,-0.010653,-8.837,1.268,101.284,194.2809,-54.2461,14.6389,14815.2510,-3771.7974,773.3598,-0.0029780,0.0330812,-0.3620332,0.000000,0.000000,0.000000,0.00000,0.00000,0.000,0.000,0.000,0.000,0.000,-6.0000,0.0000,0.0000,6.0000,95.00,95.00,90.00,90.00,65535,65535,65535,1500,1,11,40.4365280,-86.8936685,152.300,0.079,-0.742,0.000
95284,25473,18207,15171,0,0,-0.20470,-1.59095,9.85573,-0.001065,-0.013848,-0.011718,-8.841,1.270,102.367,194.2816,-54.2488,14.6494,14826.7813,-3774.9460,774.1956,-0.0029764,0.0330979,-0.3620022,0.000000,0.000000,0.000000,0.00000,0.00000,0.000,0.000,0.000,0.000,0.000,-6.0000,0.0000,0.0000,6.0000,95.00,95.00,90.00,90.00,65535,65535,65535,1500,1,11,40.4365280,-86.8936685,152.300,0.079,-0.742,0.000
95348,19006,18089,15083,0,0,-0.19632,-1.58616,9.84975,-0.001065,-0.013848,-0.011718,-8.853,1.263,103.575,194.2814,-54.2530,14.6609,14839.8535,-3778.5059,775.1397,-0.0029747,0.0331233,-0.3619623,0.000000,0.000000,0.000000,0.00000,0.00000,0.000,0.000,0.000,0.000,0.000,-6.0000,0.0000,0.0000,6.0000,95.00,95.00,90.00,90.00,65535,65535,65535,1500,1,11,40.4365307,-86.8936710,152.200,0.076,-0.493,0.000
95404,30552,19586,15318,0,0,-0.19752,-1.58496,9.85334,-0.001065,-0.014914,-0.011718,-8.853,1.263,104.629,194.2819,-54.2554,14.6707,14850.9258,-3781.5391,775.9482,-0.0029737,0.0331399,-0.3619364,0.000000,0.000000,0.000000,0.00000,0.00000,0.000,0.000,0.000,0.000,0.000,-6.0000,0.0000,0.0000,6.0000,95.00,95.00,90.00,90.00,65535,65535,65535,1500,1,11,40.4365312,-86.8936715,152.200,0.038,-0.405,0.000
95435,25828,24921,21903,0,0,-0.20351,-1.58376,9.85094,-0.001065,-0.013848,-0.011718,-8.854,1.265,105.124,194.2822,-54.2566,14.6753,14856.1563,-3782.9709,776.3293,-0.0029730,0.0331465,-0.3619236,0.000000,0.000000,0.000000,0.00000,0.00000,0.000,0.000,0.000,0.000,0.000,-6.0000,0.0000,0.0000,6.0000,95.00,95.00,90.00,90.00,65535,65535,65535,1500,1,11,40.4365312,-86.8936715,152.200,0.038,-0.405,0.000
95485,25859,18185,15179,0,0,-0.19752,-1.58496,9.84975,-0.002131,-0.013848,-0.011718,-8.855,1.268,106.220,194.2828,-54.2591,14.6852,14867.6572,-3786.1230,777.1702,-0.0029718,0.0331620,-0.3618973,0.000000,0.000000,0.000000,0.00000,0.00000,0.000,0.000,0.000,0.000,0.000,-6.0000,0.0000,0.0000,6.0000,95.00,95.00,90.00,90.00,65535,65535,65535,1500,1,11,40.4365312,-86.8936715,152.200,0.038,-0.405,0.000
95547,34286,20471,15286,0,0,-0.20351,-1.58975,9.85094,-0.001065,-0.013848,-0.011718,-8.851,1.274,107.365,194.2837,-54.2615,14.6956,14879.5684,-3789.3933,778.0439,-0.0029706,0.0331765,-0.3618723,0.000000,0.000000,0.000000,0.00000,0.00000,0.000,0.000,0.000,0.000,0.000,-6.0000,0.0000,0.0000,6.0000,95.00,95.00,90.00,90.00,65535,65535,65535,1500,1,11,40.4365315,-86.8936720,152.100,0.038,-0.405,0.000
95583,26699,30368,27373,0,0,-0.19632,-1.58975,9.85334,-0.001065,-0.013848,-0.011718,-8.853,1.273,107.875,194.2840,-54.2629,14.7005,14884.9873,-3790.8752,778.4390,-0.0029701,0.0331857,-0.3618582,0.000000,0.000000,0.000000,0.00000,0.00000,0.000,0.000,0.000,0.000,0.000,-6.0000,0.0000,0.0000,6.0000,95.00,95.00,90.00,90.00,65535,65535,65535,1500,1,11,40.4365315,-86.8936720,152.100,0.038,-0.405,0.000
95639,26556,18181,15174,0,0,-0.19752,-1.58017,9.84975,-0.001065,-0.013848,-0.010653,-8.846,1.277,109.187,194.2849,-54.2650,14.7124,14898.5029,-3794.5938,779.4355,-0.0029693,0.0332048,-0.3618326,0.000000,0.000000,0.000000,0.00000,0.00000,0.000,0.000,0.000,0.000,0.000,-6.0000,0.0000,0.0000,6.0000,95.00,95.00,90.00,90.00,65535,65535,65535,1500,1,11,40.4365323,-86.8936750,152.100,0.018,-0.581,0.000
95689,25936,18205,15192,0,0,-0.19992,-1.58376,9.85573,-0.001065,-0.013848,-0.010653,-8.850,1.276,110.152,194.2854,-54.2681,14.7214,14908.7031,-3797.3853,780.1805,-0.0029682,0.0332216,-0.3618065,0.000000,0.000000,0.000000,0.00000,0.00000,0.000,0.000,0.000,0.000,0.000,-6.0000,0.0000,0.0000,6.0000,95.00,95.00,90.00,90.00,65535,65535,65535,1500,1,11,40.4365323,-86.8936750,152.100,0.018,-0.581,0.000
95740,25562,18177,15161,0,0,-0.19992,-1.58137,9.84496,-0.001065,-0.013848,-0.011718,-8.852,1.275,111.120,194.2858,-54.2712,14.7302,14918.9619,-3800.1931,780.9304,-0.0029672,0.0332387,-0.3617804,0.000000,0.000000,0.000000,0.00000,0.00000,0.000,0.000,0.000,0.000,0.000,-6.0000,0.0000,0.0000,6.0000,95.00,95.00,90.00,90.00,65535,65535,65535,1500,1,11,40.4365330,-86.8936770,151.800,0.018,-0.581,0.000
95784,19662,18175,15149,0,0,-0.19752,-1.58736,9.85094,-0.001065,-0.013848,-0.010653,-8.858,1.273,111.955,194.2861,-54.2746,14.7380,14927.9482,-3802.6450,781.5834,-0.0029659,0.0332539,-0.3617541,0.000000,0.000000,0.000000,0.00000,0.00000,0.000,0.000,0.000,0.000,0.000,-6.0000,0.0000,0.0000,6.0000,95.00,95.00,90.00,90.00,65535,65535,65535,1500,1,11,40.4365330,-86.8936770,151.800,0.018,-0.581,0.000
95845,30157,24168,15352,0,0,-0.20470,-1.58736,9.84735,-0.001065,-0.013848,-0.010653,-8.857,1.277,113.023,194.2869,-54.2775,14.7479,14939.1084,-3805.7068,782.4028,-0.0029646,0.0332686,-0.3617289,0.000000,0.000000,0.000000,0.00000,0.00000,0.000,0.000,0.000,0.000,0.000,-6.0000,0.0000,0.0000,6.0000,95.00,95.00,90.00,90.00,65535,65535,65535,1500,1,11,40.4365338,-86.8936783,151.700,0.039,-0.683,0.000
95896,26122,18219,15198,0,0,-0.19992,-1.58616,9.85214,-0.001065,-0.014914,-0.011718,-8.857,1.275,114.111,194.2878,-54.2807,14.7581,14950.5459,-3808.8438,783.2426,-0.0029635,0.0332849,-0.3617021,0.000000,0.000000,0.000000,0.00000,0.00000,0.000,0.000,0.000,0.000,0.000,-6.0000,0.0000,0.0000,6.0000,95.00,95.00,90.00,90.00,65535,65535,65535,1500,1,11,40.4365338,-86.8936783,151.700,0.039,-0.683,0.000
95947,26032,18223,15193,0,0,-0.20470,-1.59214,9.85693,-0.001065,-0.013848,-0.010653,-8.859,1.277,115.092,194.2886,-54.2839,14.7673,14960.8809,-3811.6758,784.0004,-0.0029624,0.0333000,-0.3616767,0.000000,0.000000,0.000000,0.00000,0.00000,0.000,0.000,0.000,0.000,0.000,-6.0000,0.0000,0.0000,6.0000,95.00,95.00,90.00,90.00,65535,65535,65535,1500,1,11,40.4365347,-86.8936793,151.700,0.039,-0.683,0.000
95991,19826,18215,15137,0,0,-0.19992,-1.58616,9.85334,-0.001065,-0.014914,-0.010653,-8.864,1.276,115.934,194.2891,-54.2875,14.7752,14969.8936,-3814.1389,784.6579,-0.0029611,0.0333138,-0.3616512,0.000000,0.000000,0.000000,0.00000,0.00000,0.000,0.000,0.000,0.000,0.000,-6.0000,0.0000,0.0000,6.0000,95.00,95.00,90.00,90.00,65535,65535,65535,1500,1,11,40.4365347,-86.8936793,151.700,0.039,-0.683,0.000
96065,43192,24395,15387,0,0,-0.19992,-1.58017,9.85094,-0.001065,-0.013848,-0.010653,-8.855,1.280,117.266,194.2903,-54.2901,14.7873,14983.5605,-3817.9055,785.6720,-0.0029605,0.0333317,-0.3616267,0.000000,0.000000,0.000000,0.00000,0.00000,0.000,0.000,0.000,0.000,0.000,-6.0000,0.0000,0.0000,6.0000,95.00,95.00,90.00,90.00,65535,65535,65535,1500,1,10,40.4365353,-86.8936805,151.700,0.084,-0.622,0.000
96105,30461,33271,30277,0,0,-0.20470,-1.58616,9.84975,-0.001065,-0.013848,-0.011718,-8.854,1.282,117.853,194.2909,-54.2917,14.7927,14989.7041,-3819.5930,786.1248,-0.0029599,0.0333390,-0.3616131,0.000000,0.000000,0.000000,0.00000,0.00000,0.000,0.000,0.000,0.000,0.000,-6.0000,0.0000,0.0000,6.0000,95.00,95.00,90.00,90.00,65535,65535,65535,1500,1,10,40.4365353,-86.8936805,151.700,0.084,-0.622,0.000
96141,40193,29528,26522,0,0,-0.20231,-1.58376,9.85693,-0.001065,-0.013848,-0.011718,-8.847,1.288,118.638,194.2918,-54.2929,14.8000,14997.7285,-3821.8071,786.7219,-0.0029594,0.0333472,-0.3616000,0.000000,0.000000,0.000000,0.00000,0.00000,0.000,0.000,0.000,0.000,0.000,-6.0000,0.0000,0.0000,6.0000,95.00,95.00,90.00,90.00,65535,65535,65535,1500,1,10,40.4365360,-86.8936818,151.600,0.084,-0.622,0.000
96203,36061,19657,16643,0,0,-0.19273,-1.59214,9.84975,-0.001065,-0.013848,-0.011718,-8.843,1.290,120.024,194.2935,-54.2963,14.8127,15012.1973,-3825.7839,787.7910,-0.0029583,0.0333675,-0.3615689,0.000000,0.000000,0.000000,0.00000,0.00000,0.000,0.000,0.000,0.000,0.000,-6.0000,0.0000,0.0000,6.0000,95.00,95.00,90.00,90.00,65535,65535,65535,1500,1,10,40.4365360,-86.8936818,151.600,0.084,-0.622,0.000
96247,19597,18182,15161,0,0,-0.20111,-1.59334,9.84975,-0.001065,-0.014914,-0.011718,-8.854,1.282,120.881,194.2942,-54.3011,14.8209,15021.5293,-3828.3281,788.4703,-0.0029572,0.0333869,-0.3615387,0.000000,0.000000,0.000000,0.00000,0.00000,0.000,0.000,0.000,0.000,0.000,-6.0000,0.0000,0.0000,6.0000,95.00,95.00,90.00,90.00,65535,65535,65535,1500,1,10,40.4365360,-86.8936818,151.600,0.084,-0.622,0.000
96282,28178,25356,16977,0,0,-0.20949,-1.58616,9.85453,-0.001065,-0.014914,-0.010653,-8.854,1.283,121.423,194.2948,-54.3031,14.8260,15027.2354,-3829.8936,788.8903,-0.0029564,0.0333931,-0.3615249,0.000000,0.000000,0.000000,0.00000,0.00000,0.000,0.000,0.000,0.000,0.000,-6.0000,0.0000,0.0000,6.0000,95.00,95.00,90.00,90.00,65535,65535,65535,1500,1,10,40.4365360,-86.8936818,151.600,0.084,-0.622,0.000
96334,25965,18260,15197,0,0,-0.19632,-1.58975,9.84735,-0.002131,-0.013848,-0.011718,-8.854,1.284,122.546,194.2960,-54.3069,14.8362,15039.0117,-3833.1289,789.7604,-0.0029554,0.0334100,-0.3614982,0.000000,0.000000,0.000000,0.00000,0.00000,0.000,0.000,0.000,0.000,0.000,-6.0000,0.0000,0.0000,6.0000,95.00,95.00,90.00,90.00,65535,65535,65535,1500,1,10,40.4365378,-86.8936853,151.600,0.180,-0.708,0.000
96384,25875,18188,15165,0,0,-0.20470,-1.59334,9.85094,-0.001065,-0.013848,-0.011718,-8.860,1.285,123.501,194.2972,-54.3115,14.8451,15049.2783,-3835.9373,790.5118,-0.0029538,0.0334240,-0.3614689,0.000000,0.000000,0.000000,0.00000,0.00000,0.000,0.000,0.000,0.000,0.000,-6.0000,0.0000,0.0000,6.0000,95.00,95.00,90.00,90.00,65535,65535,65535,1500,1,10,40.4365378,-86.8936853,151.600,0.180,-0.708,0.000
96435,25869,18247,15201,0,0,-0.20470,-1.58137,9.84855,-0.001065,-0.013848,-0.010653,-8.861,1.286,124.479,194.2982,-54.3153,14.8539,15059.5586,-3838.7600,791.2708,-0.0029528,0.0334380,-0.3614445,0.000000,0.000000,0.000000,0.00000,0.00000,0.000,0.000,0.000,0.000,0.000,-6.0000,0.0000,0.0000,6.0000,95.00,95.00,90.00,90.00,65535,65535,65535,1500,1,10,40.4365387,-86.8936875,151.400,0.180,-0.708,0.000
96487,23829,22017,15301,0,0,-0.20470,-1.58855,9.84735,-0.002131,-0.013848,-0.011718,-8.865,1.284,125.400,194.2992,-54.3195,14.8623,15069.3408,-3841.4426,791.9916,-0.0029519,0.0334534,-0.3614193,0.000000,0.000000,0.000000,0.00000,0.00000,0.000,0.000,0.000,0.000,0.000,-6.0000,0.0000,0.0000,6.0000,95.00,95.00,90.00,90.00,65535,65535,65535,1500,1,10,40.4365387,-86.8936875,151.400,0.180,-0.708,0.000
96555,39526,21753,18729,0,0,-0.20710,-1.59574,9.85693,-0.001065,-0.013848,-0.011718,-8.861,1.292,126.720,194.3013,-54.3235,14.8748,15083.1523,-3845.2422,793.0149,-0.0029502,0.0334672,-0.3613894,0.000000,0.000000,0.000000,0.00000,0.00000,0.000,0.000,0.000,0.000,0.000,-6.0000,0.0000,0.0000,6.0000,95.00,95.00,90.00,90.00,65535,65535,65535,1500,1,9,40.4365390,-86.8936880,151.300,0.180,-0.708,0.000
96592,27996,30446,27438,0,0,-0.19513,-1.59574,9.85453,-0.001065,-0.014914,-0.011718,-8.864,1.288,127.254,194.3021,-54.3258,14.8799,15088.8398,-3846.8010,793.4340,-0.0029498,0.0334776,-0.3613742,0.000000,0.000000,0.000000,0.00000,0.00000,0.000,0.000,0.000,0.000,0.000,-6.0000,0.0000,0.0000,6.0000,95.00,95.00,90.00,90.00,65535,65535,65535,1500,1,9,40.4365390,-86.8936880,151.300,0.180,-0.708,0.000
96643,25644,18249,15202,0,0,-0.20470,-1.59454,9.85214,-0.001065,-0.014914,-0.010653,-8.862,1.292,128.473,194.3039,-54.3302,14.8912,15101.6113,-3850.3132,794.3806,-0.0029484,0.0334924,-0.3613456,0.000000,0.000000,0.000000,0.00000,0.00000,0.000,0.000,0.000,0.000,0.000,-6.0000,0.0000,0.0000,6.0000,95.00,95.00,90.00,90.00,65535,65535,65535,1500,1,10,40.4365395,-86.8936883,151.200,0.141,-0.495,0.000
96697,24370,24097,15274,0,0,-0.20710,-1.59214,9.85693,-0.001065,-0.014914,-0.011718,-8.869,1.288,129.394,194.3054,-54.3354,14.9002,15111.5918,-3853.0427,795.1122,-0.0029471,0.0335081,-0.3613155,0.000000,0.000000,0.000000,0.00000,0.00000,0.000,0.000,0.000,0.000,0.000,-6.0000,0.0000,0.0000,6.0000,95.00,95.00,90.00,90.00,65535,65535,65535,1500,1,10,40.4365400,-86.8936880,151.200,0.096,-0.337,0.000
96748,26206,18232,15205,0,0,-0.21069,-1.58975,9.85094,-0.001065,-0.013848,-0.011718,-8.869,1.290,130.485,194.3069,-54.3398,14.9103,15123.0547,-3856.1938,795.9622,-0.0029461,0.0335242,-0.3612887,0.000000,0.000000,0.000000,0.00000,0.00000,0.000,0.000,0.000,0.000,0.000,-6.0000,0.0000,0.0000,6.0000,95.00,95.00,90.00,90.00,65535,65535,65535,1500,1,10,40.4365400,-86.8936880,151.200,0.096,-0.337,0.000
96799,31659,18276,15236,0,0,-0.19872,-1.58855,9.85334,-0.001065,-0.014914,-0.011718,-8.870,1.287,131.462,194.3082,-54.3440,14.9194,15133.3320,-3859.0195,796.7247,-0.0029454,0.0335403,-0.3612643,0.000000,0.000000,0.000000,0.00000,0.00000,0.000,0.000,0.000,0.000,0.000,-6.0000,0.0000,0.0000,6.0000,95.00,95.00,90.00,90.00,65535,65535,65535,1500,1,10,40.4365402,-86.8936875,151.200,0.034,-0.119,0.000
96850,25997,18221,15196,0,0,-0.20470,-1.58376,9.85214,-0.001065,-0.014914,-0.011718,-8.869,1.288,132.431,194.3096,-54.3482,14.9282,15143.5322,-3861.8250,797.4817,-0.0029444,0.0335531,-0.3612406,0.000000,0.000000,0.000000,0.00000,0.00000,0.000,0.000,0.000,0.000,0.000,-6.0000,0.0000,0.0000,6.0000,95.00,95.00,90.00,90.00,65535,65535,65535,1500,1,10,40.4365402,-86.8936875,151.200,0.034,-0.119,0.000
96909,30623,22508,15307,0,0,-0.21069,-1.57898,9.85334,-0.001065,-0.014914,-0.010653,-8.866,1.293,133.495,194.3112,-54.3523,14.9379,15154.6074,-3864.8752,798.3063,-0.0029433,0.0335646,-0.3612170,0.000000,0.000000,0.000000,0.00000,0.00000,0.000,0.000,0.000,0.000,0.000,-6.0000,0.0000,0.0000,6.0000,95.00,95.00,90.00,90.00,65535,65535,65535,1500,1,10,40.4365402,-86.8936875,151.200,0.018,-0.064,0.000
96934,28806,18851,15803,0,0,-0.20590,-1.58975,9.84975,-0.001065,-0.013848,-0.011718,-8.866,1.294,134.047,194.3121,-54.3546,14.9430,15160.4346,-3866.4775,798.7389,-0.0029428,0.0335721,-0.3612032,0.000000,0.000000,0.000000,0.00000,0.00000,0.000,0.000,0.000,0.000,0.000,-6.0000,0.0000,0.0000,6.0000,95.00,95.00,90.00,90.00,65535,65535,65535,1500,1,10,40.4365402,-86.8936875,151.200,0.018,-0.064,0.000
96985,26530,18221,15171,0,0,-0.20470,-1.59334,9.85094,-0.001065,-0.013848,-0.011718,-8.870,1.295,135.026,194.3141,-54.3601,14.9521,15170.9600,-3869.3630,799.5151,-0.0029414,0.0335864,-0.3611733,0.000000,0.000000,0.000000,0.00000,0.00000,0.000,0.000,0.000,0.000,0.000,-6.0000,0.0000,0.0000,6.0000,95.00,95.00,90.00,90.00,65535,65535,65535,1500,1,10,40.4365405,-86.8936868,151.200,0.077,-0.272,0.000
97053,39571,21970,18968,0,0,-0.20949,-1.58257,9.84975,-0.001065,-0.013848,-0.010653,-8.861,1.304,136.272,194.3160,-54.3637,14.9634,15183.7754,-3872.9028,800.4758,-0.0029404,0.0335984,-0.3611504,0.000000,0.000000,0.000000,0.00000,0.00000,0.000,0.000,0.000,0.000,0.000,-6.0000,0.0000,0.0000,6.0000,95.00,95.00,90.00,90.00,65535,65535,65535,1500,1,10,40.4365405,-86.8936868,151.200,0.077,-0.272,0.000
97093,28852,33323,30312,0,0,-0.20710,-1.59095,9.84735,-0.001065,-0.013848,-0.011718,-8.862,1.305,136.823,194.3171,-54.3663,14.9685,15189.6240,-3874.5103,800.9099,-0.0029398,0.0336062,-0.3611358,0.000000,0.000000,0.000000,0.00000,0.00000,0.000,0.000,0.000,0.000,0.000,-6.0000,0.0000,0.0000,6.0000,95.00,95.00,90.00,90.00,65535,65535,65535,1500,1,10,40.4365402,-86.8936860,151.200,0.129,-0.455,0.000
97138,49157,29660,26622,0,0,-0.20830,-1.59813,9.84615,-0.001065,-0.013848,-0.011718,-8.854,1.312,137.778,194.3190,-54.3682,14.9770,15199.4697,-3877.2305,801.6485,-0.0029389,0.0336147,-0.3611182,0.000000,0.000000,0.000000,0.00000,0.00000,0.000,0.000,0.000,0.000,0.000,-6.0000,0.0000,0.0000,6.0000,95.00,95.00,90.00,90.00,65535,65535,65535,1500,1,10,40.4365402,-86.8936860,151.200,0.129,-0.455,0.000
97188,29888,18321,15223,0,0,-0.20351,-1.58376,9.84735,-0.001065,-0.014914,-0.011718,-8.853,1.310,138.943,194.3212,-54.3731,14.9878,15211.6934,-3880.5977,802.5604,-0.0029380,0.0336311,-0.3610906,0.000000,0.000000,0.000000,0.00000,0.00000,0.000,0.000,0.000,0.000,0.000,-6.0000,0.0000,0.0000,6.0000,95.00,95.00,90.00,90.00,65535,65535,65535,1500,1,10,40.4365402,-86.8936860,151.200,0.129,-0.455,0.000
97239,25945,18209,15183,0,0,-0.19872,-1.59214,9.85214,-0.001065,-0.013848,-0.010653,-8.860,1.304,139.917,194.3233,-54.3789,14.9970,15222.1309,-3883.4619,803.3334,-0.0029371,0.0336492,-0.3610613,0.000000,0.000000,0.000000,0.00000,0.00000,0.000,0.000,0.000,0.000,0.000,-6.0000,0.0000,0.0000,6.0000,95.00,95.00,90.00,90.00,65535,65535,65535,1500,1,10,40.4365397,-86.8936867,151.100,-0.305,-0.519,0.000
97289,26029,18251,15208,0,0,-0.20470,-1.60052,9.85214,-0.001065,-0.013848,-0.010653,-8.866,1.302,140.873,194.3257,-54.3848,15.0061,15232.4150,-3886.2830,804.0941,-0.0029359,0.0336659,-0.3610316,0.000000,0.000000,0.000000,0.00000,0.00000,0.000,0.000,0.000,0.000,0.000,-6.0000,0.0000,0.0000,6.0000,95.00,95.00,90.00,90.00,65535,65535,65535,1500,1,10,40.4365397,-86.8936867,151.100,-0.305,-0.519,0.000
97344,20144,18228,15199,0,0,-0.21069,-1.57898,9.84855,-0.001065,-0.013848,-0.011718,-8.866,1.303,141.915,194.3279,-54.3898,15.0158,15243.3867,-3889.3040,804.9125,-0.0029349,0.0336804,-0.3610056,0.000000,0.000000,0.000000,0.00000,0.00000,0.000,0.000,0.000,0.000,0.000,-6.0000,0.0000,0.0000,6.0000,95.00,95.00,90.00,90.00,65535,65535,65535,1500,1,10,40.4365397,-86.8936882,151.000,-0.305,-0.519,0.000
97388,19877,18196,15182,0,0,-0.21189,-1.59334,9.85214,-0.001065,-0.014914,-0.010653,-8.873,1.299,142.753,194.3300,-54.3956,15.0236,15252.4365,-3891.7861,805.5817,-0.0029338,0.0336939,-0.3609789,0.000000,0.000000,0.000000,0.00000,0.00000,0.000,0.000,0.000,0.000,0.000,-6.0000,0.0000,0.0000,6.0000,95.00,95.00,90.00,90.00,65535,65535,65535,1500,1,10,40.4365397,-86.8936882,151.000,-0.305,-0.519,0.000
97439,26032,18249,15205,0,0,-0.21189,-1.58975,9.85334,0.000000,-0.013848,-0.011718,-8.870,1.302,143.737,194.3321,-54.4004,15.0327,15262.7744,-3894.6348,806.3544,-0.0029329,0.0337072,-0.3609550,0.000000,0.000000,0.000000,0.00000,0.00000,0.000,0.000,0.000,0.000,0.000,-6.0000,0.0000,0.0000,6.0000,95.00,95.00,90.00,90.00,65535,65535,65535,1500,1,10,40.4365397,-86.8936885,151.000,-0.554,-0.044,0.000
97490,26327,18278,15230,0,0,-0.20470,-1.59095,9.84975,-0.001065,-0.014914,-0.011718,-8.873,1.300,144.703,194.3345,-54.4058,15.0419,15273.0771,-3897.4688,807.1213,-0.0029318,0.0337213,-0.3609281,0.000000,0.000000,0.000000,0.00000,0.00000,0.000,0.000,0.000,0.000,0.000,-6.0000,0.0000,0.0000,6.0000,95.00,95.00,90.00,90.00,65535,65535,65535,1500,1,10,40.4365397,-86.8936885,151.000,-0.554,-0.044,0.000
97562,43324,21816,15395,0,0,-0.21548,-1.57898,9.85214,-0.001065,-0.013848,-0.010653,-8.864,1.309,146.032,194.3372,-54.4104,15.0540,15286.7969,-3901.2617,808.1542,-0.0029306,0.0337330,-0.3609024,0.000000,0.000000,0.000000,0.00000,0.00000,0.000,0.000,0.000,0.000,0.000,-6.0000,0.0000,0.0000,6.0000,95.00,95.00,90.00,90.00,65535,65535,65535,1500,1,10,40.4365400,-86.8936905,150.900,-0.554,-0.044,0.000
97593,28742,24375,21363,0,0,-0.20470,-1.58736,9.85214,-0.001065,-0.013848,-0.011718,-8.864,1.309,146.584,194.3384,-54.4129,15.0592,15292.5977,-3902.8613,808.5890,-0.0029302,0.0337414,-0.3608893,0.000000,0.000000,0.000000,0.00000,0.00000,0.000,0.000,0.000,0.000,0.000,-6.0000,0.0000,0.0000,6.0000,95.00,95.00,90.00,90.00,65535,65535,65535,1500,1,10,40.4365400,-86.8936910,150.900,-0.497,-0.039,0.000
97644,25786,18235,15182,0,0,-0.21069,-1.58137,9.85573,-0.001065,-0.014914,-0.011718,-8.860,1.312,147.685,194.3409,-54.4177,15.0694,15304.0928,-3906.0352,809.4526,-0.0029293,0.0337541,-0.3608651,0.000000,0.000000,0.000000,0.00000,0.00000,0.000,0.000,0.000,0.000,0.000,-6.0000,0.0000,0.0000,6.0000,95.00,95.00,90.00,90.00,65535,65535,65535,1500,1,10,40.4365400,-86.8936910,150.900,-0.497,-0.039,0.000
97695,26677,18283,15241,0,0,-0.20590,-1.58736,9.85573,-0.001065,-0.014914,-0.010653,-8.861,1.307,148.665,194.3433,-54.4231,15.0786,15314.4336,-3908.8845,810.2267,-0.0029287,0.0337705,-0.3608398,0.000000,0.000000,0.000000,0.00000,0.00000,0.000,0.000,0.000,0.000,0.000,-6.0000,0.0000,0.0000,6.0000,95.00,95.00,90.00,90.00,65535,65535,65535,1500,1,10,40.4365400,-86.8936927,150.900,-0.525,-0.129,0.000
97745,26018,18225,15191,0,0,-0.20590,-1.58137,9.85813,-0.001065,-0.013848,-0.011718,-8.861,1.306,149.634,194.3457,-54.4281,15.0879,15324.6299,-3911.6970,810.9919,-0.0029281,0.0337858,-0.3608162,0.000000,0.000000,0.000000,0.00000,0.00000,0.000,0.000,0.000,0.000,0.000,-6.0000,0.0000,0.0000,6.0000,95.00,95.00,90.00,90.00,65535,65535,65535,1500,1,10,40.4365400,-86.8936927,150.900,-0.525,-0.129,0.000
97801,27766,18270,15218,0,0,-0.20590,-1.58736,9.84855,-0.001065,-0.014914,-0.011718,-8.858,1.308,150.708,194.3484,-54.4332,15.0977,15335.9063,-3914.8091,811.8387,-0.0029271,0.0337985,-0.3607909,0.000000,0.000000,0.000000,0.00000,0.00000,0.000,0.000,0.000,0.000,0.000,-6.0000,0.0000,0.0000,6.0000,95.00,95.00,90.00,90.00,65535,65535,65535,1500,1,8,40.4365403,-86.8936935,150.800,-0.435,-0.107,0.000
97845,24678,18215,15172,0,0,-0.20710,-1.59454,9.84735,-0.001065,-0.013848,-0.011718,-8.864,1.305,151.539,194.3512,-54.4391,15.1055,15344.8730,-3917.2737,812.5059,-0.0029261,0.0338114,-0.3607651,0.000000,0.000000,0.000000,0.00000,0.00000,0.000,0.000,0.000,0.000,0.000,-6.0000,0.0000,0.0000,6.0000,95.00,95.00,90.00,90.00,65535,65535,65535,1500,1,8,40.4365403,-86.8936935,150.800,-0.435,-0.107,0.000
97896,26666,18249,15201,0,0,-0.21308,-1.59334,9.85214,-0.002131,-0.013848,-0.010653,-8.871,1.303,152.508,194.3545,-54.4453,15.1145,15355.2559,-3920.1299,813.2798,-0.0029250,0.0338258,-0.3607360,0.000000,0.000000,0.000000,0.00000,0.00000,0.000,0.000,0.000,0.000,0.000,-6.0000,0.0000,0.0000,6.0000,95.00,95.00,90.00,90.00,65535,65535,65535,1500,1,9,40.4365405,-86.8936942,150.800,-0.410,-0.100,0.000
97947,26044,18244,15206,0,0,-0.21548,-1.58855,9.84975,-0.001065,-0.013848,-0.010653,-8.873,1.307,153.471,194.3576,-54.4511,15.1235,15365.4902,-3922.9500,814.0452,-0.0029237,0.0338369,-0.3607096,0.000000,0.000000,0.000000,0.00000,0.00000,0.000,0.000,0.000,0.000,0.000,-6.0000,0.0000,0.0000,6.0000,95.00,95.00,90.00,90.00,65535,65535,65535,1500,1,9,40.4365405,-86.8936942,150.800,-0.410,-0.100,0.000
97984,28169,27405,16928,0,0,-0.20351,-1.58616,9.84256,-0.001065,-0.014914,-0.011718,-8.872,1.305,154.013,194.3590,-54.4536,15.1282,15371.1680,-3924.5186,814.4731,-0.0029235,0.0338451,-0.3606972,0.000000,0.000000,0.000000,0.00000,0.00000,0.000,0.000,0.000,0.000,0.000,-6.0000,0.0000,0.0000,6.0000,95.00,95.00,90.00,90.00,65535,65535,65535,1500,1,9,40.4365405,-86.8936942,150.800,-0.410,-0.100,0.000
98046,36723,18326,15280,0,0,-0.20470,-1.58736,9.84735,-0.001065,-0.013848,-0.010653,-8.862,1.312,155.393,194.3622,-54.4582,15.1407,15385.4180,-3928.4651,815.5529,-0.0029225,0.0338596,-0.3606708,0.000000,0.000000,0.000000,0.00000,0.00000,0.000,0.000,0.000,0.000,0.000,-6.0000,0.0000,0.0000,6.0000,95.00,95.00,90.00,90.00,65535,65535,65535,1500,1,9,40.4365408,-86.8936957,150.700,-0.410,-0.100,0.000
98083,24442,30469,27446,0,0,-0.21069,-1.58257,9.85214,-0.001065,-0.014914,-0.011718,-8.863,1.311,155.861,194.3637,-54.4609,15.1451,15390.3672,-3929.8308,815.9247,-0.0029221,0.0338663,-0.3606588,0.000000,0.000000,0.000000,0.00000,0.00000,0.000,0.000,0.000,0.000,0.000,-6.0000,0.0000,0.0000,6.0000,95.00,95.00,90.00,90.00,65535,65535,65535,1500,1,9,40.4365408,-86.8936957,150.700,-0.410,-0.100,0.000
98151,39476,22268,19257,0,0,-0.21787,-1.58376,9.85573,-0.001065,-0.014914,-0.011718,-8.849,1.320,157.362,194.3671,-54.4653,15.1588,15405.7773,-3934.1045,817.0965,-0.0029210,0.0338785,-0.3606333,0.000000,0.000000,0.000000,0.00000,0.00000,0.000,0.000,0.000,0.000,0.000,-6.0000,0.0000,0.0000,6.0000,95.00,95.00,90.00,90.00,65535,65535,65535,1500,1,10,40.4365412,-86.8936973,150.700,-0.424,-0.343,0.000
98188,32158,26550,17765,0,0,-0.21189,-1.58616,9.84975,-0.001065,-0.013848,-0.010653,-8.847,1.322,157.982,194.3689,-54.4682,15.1645,15412.2656,-3935.8979,817.5861,-0.0029205,0.0338859,-0.3606189,0.000000,0.000000,0.000000,0.00000,0.00000,0.000,0.000,0.000,0.000,0.000,-6.0000,0.0000,0.0000,6.0000,95.00,95.00,90.00,90.00,65535,65535,65535,1500,1,10,40.4365412,-86.8936973,150.700,-0.424,-0.343,0.000
98238,25372,18203,15152,0,0,-0.20830,-1.58736,9.85334,-0.001065,-0.013848,-0.011718,-8.848,1.322,159.108,194.3728,-54.4745,15.1751,15424.2070,-3939.1938,818.4843,-0.0029194,0.0339013,-0.3605895,0.000000,0.000000,0.000000,0.00000,0.00000,0.000,0.000,0.000,0.000,0.000,-6.0000,0.0000,0.0000,6.0000,95.00,95.00,90.00,90.00,65535,65535,65535,1500,1,9,40.4365412,-86.8936978,150.700,-0.424,-0.343,0.000
98283,25286,18158,15152,0,0,-0.21907,-1.58376,9.84855,-0.001065,-0.014914,-0.011718,-8.853,1.323,159.947,194.3764,-54.4809,15.1830,15433.2939,-3941.6946,819.1622,-0.0029178,0.0339106,-0.3605630,0.000000,0.000000,0.000000,0.00000,0.00000,0.000,0.000,0.000,0.000,0.000,-6.0000,0.0000,0.0000,6.0000,95.00,95.00,90.00,90.00,65535,65535,65535,1500,1,9,40.4365418,-86.8936988,150.700,-0.270,-0.414,0.000
98333,25862,18161,15153,0,0,-0.21069,-1.57538,9.84975,-0.001065,-0.014914,-0.011718,-8.852,1.321,160.913,194.3796,-54.4863,15.1918,15443.4707,-3944.5068,819.9305,-0.0029171,0.0339232,-0.3605396,0.000000,0.000000,0.000000,0.00000,0.00000,0.000,0.000,0.000,0.000,0.000,-6.0000,0.0000,0.0000,6.0000,95.00,95.00,90.00,90.00,65535,65535,65535,1500,1,9,40.4365418,-86.8936988,150.700,-0.270,-0.414,0.000
98394,30354,24082,15248,0,0,-0.21428,-1.58137,9.85214,-0.001065,-0.014914,-0.011718,-8.854,1.320,161.956,194.3835,-54.4925,15.2015,15454.5498,-3947.5657,820.7645,-0.0029160,0.0339370,-0.3605118,0.000000,0.000000,0.000000,0.00000,0.00000,0.000,0.000,0.000,0.000,0.000,-6.0000,0.0000,0.0000,6.0000,95.00,95.00,90.00,90.00,65535,65535,65535,1500,1,9,40.4365425,-86.8936990,150.700,-0.197,-0.302,0.000
98444,25922,18163,15135,0,0,-0.21907,-1.58736,9.85094,-0.001065,-0.013848,-0.011718,-8.855,1.322,163.033,194.3876,-54.4988,15.2115,15465.9941,-3950.7253,821.6260,-0.0029148,0.0339504,-0.3604829,0.000000,0.000000,0.000000,0.00000,0.00000,0.000,0.000,0.000,0.000,0.000,-6.0000,0.0000,0.0000,6.0000,95.00,95.00,90.00,90.00,65535,65535,65535,1500,1,9,40.4365425,-86.8936990,150.700,-0.197,-0.302,0.000
98489,20298,18154,15137,0,0,-0.20590,-1.58496,9.85214,-0.001065,-0.014914,-0.011718,-8.858,1.317,163.878,194.3913,-54.5049,15.2194,15475.0693,-3953.2278,822.3076,-0.0029141,0.0339649,-0.3604577,0.000000,0.000000,0.000000,0.00000,0.00000,0.000,0.000,0.000,0.000,0.000,-6.0000,0.0000,0.0000,6.0000,95.00,95.00,90.00,90.00,65535,65535,65535,1500,1,8,40.4365425,-86.8936987,150.800,-0.197,-0.302,0.000
98556,34264,26445,18474,0,0,-0.22505,-1.59334,9.84256,-0.001065,-0.013848,-0.011718,-8.859,1.320,164.997,194.3959,-54.5113,15.2296,15486.9570,-3956.5117,823.2034,-0.0029126,0.0339764,-0.3604280,0.000000,0.000000,0.000000,0.00000,0.00000,0.000,0.000,0.000,0.000,0.000,-6.0000,0.0000,0.0000,6.0000,95.00,95.00,90.00,90.00,65535,65535,65535,1500,1,8,40.4365425,-86.8936987,150.800,-0.197,-0.302,0.000
98592,32802,30324,27296,0,0,-0.20710,-1.58616,9.85453,-0.001065,-0.014914,-0.011718,-8.856,1.320,165.631,194.3978,-54.5139,15.2355,15493.5479,-3958.3381,823.7050,-0.0029123,0.0339846,-0.3604150,0.000000,0.000000,0.000000,0.00000,0.00000,0.000,0.000,0.000,0.000,0.000,-6.0000,0.0000,0.0000,6.0000,95.00,95.00,90.00,90.00,65535,65535,65535,1500,1,8,40.4365425,-86.8936987,150.800,-0.197,-0.302,0.000
98647,25769,18212,15165,0,0,-0.21069,-1.59574,9.85932,-0.001065,-0.013848,-0.010653,-8.852,1.323,166.913,194.4023,-54.5199,15.2475,15506.9590,-3962.0510,824.7225,-0.0029113,0.0339999,-0.3603856,0.000000,0.000000,0.000000,0.00000,0.00000,0.000,0.000,0.000,0.000,0.000,-6.0000,0.0000,0.0000,6.0000,95.00,95.00,90.00,90.00,65535,65535,65535,1500,1,8,40.4365425,-86.8936987,150.800,-0.197,-0.302,0.000
98698,25989,18206,15171,0,0,-0.21787,-1.58137,9.85214,-0.001065,-0.014914,-0.010653,-8.854,1.321,167.887,194.4065,-54.5261,15.2565,15517.3096,-3964.9109,825.5037,-0.0029104,0.0340136,-0.3603592,0.000000,0.000000,0.000000,0.00000,0.00000,0.000,0.000,0.000,0.000,0.000,-6.0000,0.0000,0.0000,6.0000,95.00,95.00,90.00,90.00,65535,65535,65535,1500,1,9,40.4365432,-86.8937005,150.600,-0.250,-0.384,0.000
98742,19616,18123,15107,0,0,-0.21308,-1.59334,9.84975,-0.001065,-0.014914,-0.011718,-8.862,1.315,168.714,194.4111,-54.5331,15.2643,15526.3330,-3967.3960,826.1789,-0.0029093,0.0340272,-0.3603310,0.000000,0.000000,0.000000,0.00000,0.00000,0.000,0.000,0.000,0.000,0.000,-6.0000,0.0000,0.0000,6.0000,95.00,95.00,90.00,90.00,65535,65535,65535,1500,1,9,40.4365432,-86.8937005,150.600,-0.250,-0.384,0.000
98793,26551,18178,15157,0,0,-0.21189,-1.60052,9.84735,-0.001065,-0.013848,-0.010653,-8.869,1.314,169.677,194.4162,-54.5402,15.2732,15536.7412,-3970.2666,826.9605,-0.0029081,0.0340413,-0.3603006,0.000000,0.000000,0.000000,0.00000,0.00000,0.000,0.000,0.000,0.000,0.000,-6.0000,0.0000,0.0000,6.0000,95.00,95.00,90.00,90.00,65535,65535,65535,1500,1,10,40.4365433,-86.8937010,150.600,-0.239,-0.366,0.000
98854,30039,24910,15259,0,0,-0.21308,-1.58736,9.84496,0.000000,-0.014914,-0.011718,-8.871,1.311,170.710,194.4212,-54.5470,15.2826,15547.8174,-3973.3264,827.7958,-0.0029070,0.0340552,-0.3602707,0.000000,0.000000,0.000000,0.00000,0.00000,0.000,0.000,0.000,0.000,0.000,-6.0000,0.0000,0.0000,6.0000,95.00,95.00,90.00,90.00,65535,65535,65535,1500,1,10,40.4365433,-86.8937010,150.600,-0.239,-0.366,0.000
98886,31874,24853,21836,0,0,-0.20470,-1.58736,9.85214,-0.001065,-0.013848,-0.011718,-8.869,1.311,171.326,194.4232,-54.5496,15.2883,15554.2217,-3975.1030,828.2849,-0.0029068,0.0340635,-0.3602580,0.000000,0.000000,0.000000,0.00000,0.00000,0.000,0.000,0.000,0.000,0.000,-6.0000,0.0000,0.0000,6.0000,95.00,95.00,90.00,90.00,65535,65535,65535,1500,1,10,40.4365428,-86.8936993,150.600,-0.070,-0.108,0.000
98936,25799,18179,15158,0,0,-0.20470,-1.59574,9.85094,-0.001065,-0.014914,-0.011718,-8.871,1.310,172.410,194.4284,-54.5563,15.2985,15565.7920,-3978.3027,829.1602,-0.0029057,0.0340783,-0.3602282,0.000000,0.000000,0.000000,0.00000,0.00000,0.000,0.000,0.000,0.000,0.000,-6.0000,0.0000,0.0000,6.0000,95.00,95.00,90.00,90.00,65535,65535,65535,1500,1,10,40.4365428,-86.8936993,150.600,-0.070,-0.108,0.000
99000,19019,18027,15052,0,0,-0.21668,-1.57898,9.84735,-0.001065,-0.014914,-0.011718,-8.876,1.310,173.621,194.4348,-54.5651,15.3097,15578.7900,-3981.8948,830.1409,-0.0029042,0.0340918,-0.3601928,0.000000,0.000000,0.000000,0.00000,0.00000,0.000,0.000,0.000,0.000,0.000,-6.0000,0.0000,0.0000,6.0000,95.00,95.00,90.00,90.00,65535,65535,65535,1500,1,10,40.4365433,-86.8936993,150.600,-0.031,-0.047,0.000
99039,24201,33276,30277,0,0,-0.21428,-1.58257,9.84855,-0.001065,-0.014914,-0.011718,-8.875,1.310,174.085,194.4369,-54.5678,15.3139,15583.6826,-3983.2505,830.5129,-0.0029038,0.0340972,-0.3601815,0.000000,0.000000,0.000000,0.00000,0.00000,0.000,0.000,0.000,0.000,0.000,-6.0000,0.0000,0.0000,6.0000,95.00,95.00,90.00,90.00,65535,65535,65535,1500,1,10,40.4365433,-86.8936993,150.600,-0.031,-0.047,0.000
99092,43329,42633,27600,0,0,-0.19752,-1.58257,9.84615,-0.002131,-0.013848,-0.011718,-8.868,1.313,174.934,194.4384,-54.5696,15.3212,15592.2900,-3985.6484,831.1783,-0.0029038,0.0341071,-0.3601701,0.000000,0.000000,0.000000,0.00000,0.00000,0.000,0.000,0.000,0.000,0.000,-6.0000,0.0000,0.0000,6.0000,95.00,95.00,90.00,90.00,65535,65535,65535,1500,1,10,40.4365433,-86.8936993,150.600,-0.031,-0.047,0.000
99158,39236,25506,22500,0,0,-0.20710,-1.58736,9.85094,0.000000,-0.014914,-0.011718,-8.848,1.320,176.556,194.4424,-54.5740,15.3359,15608.8340,-3990.2534,832.4536,-0.0029032,0.0341220,-0.3601450,0.000000,0.000000,0.000000,0.00000,0.00000,0.000,0.000,0.000,0.000,0.000,-6.0000,0.0000,0.0000,6.0000,95.00,95.00,90.00,90.00,65535,65535,65535,1500,1,10,40.4365433,-86.8936993,150.600,-0.031,-0.047,0.000
99201,25110,18181,15133,0,0,-0.21069,-1.58257,9.85094,-0.002131,-0.013848,-0.011718,-8.856,1.317,177.514,194.4483,-54.5813,15.3450,15619.2275,-3993.1238,833.2370,-0.0029020,0.0341366,-0.3601143,0.000000,0.000000,0.000000,0.00000,0.00000,0.000,0.000,0.000,0.000,0.000,-6.0000,0.0000,0.0000,6.0000,95.00,95.00,90.00,90.00,65535,65535,65535,1500,1,10,40.4365435,-86.8936988,150.600,-0.051,-0.078,0.000
99232,24388,25047,22051,0,0,-0.20830,-1.58137,9.85693,-0.001065,-0.013848,-0.011718,-8.857,1.316,177.980,194.4506,-54.5842,15.3494,15624.1631,-3994.4912,833.6129,-0.0029018,0.0341441,-0.3601025,0.000000,0.000000,0.000000,0.00000,0.00000,0.000,0.000,0.000,0.000,0.000,-6.0000,0.0000,0.0000,6.0000,95.00,95.00,90.00,90.00,65535,65535,65535,1500,1,10,40.4365435,-86.8936988,150.600,-0.051,-0.078,0.000
99295,31869,24920,15282,0,0,-0.21428,-1.59214,9.85453,-0.001065,-0.014914,-0.011718,-8.854,1.319,179.192,194.4558,-54.5900,15.3607,15636.8633,-3998.0154,834.5834,-0.0029005,0.0341556,-0.3600756,0.000000,0.000000,0.000000,0.00000,0.00000,0.000,0.000,0.000,0.000,0.000,-6.0000,0.0000,0.0000,6.0000,95.00,95.00,90.00,90.00,65535,65535,65535,1500,1,10,40.4365435,-86.8936988,150.600,-0.051,-0.078,0.000
99346,25934,18176,15157,0,0,-0.21069,-1.58137,9.84855,-0.001065,-0.013848,-0.010653,-8.853,1.319,-179.699,194.4611,-54.5961,15.3706,15648.5283,-4001.2498,835.4734,-0.0028996,0.0341696,-0.3600487,0.000000,0.000000,0.000000,0.00000,0.00000,0.000,0.000,0.000,0.000,0.000,-6.0000,0.0000,0.0000,6.0000,95.00,95.00,90.00,90.00,65535,65535,65535,1500,1,11,40.4365440,-86.8937000,150.600,-0.051,-0.078,0.000
99396,25690,18191,15165,0,0,-0.22027,-1.58736,9.84137,-0.001065,-0.013848,-0.010653,-8.858,1.319,-178.751,194.4671,-54.6031,15.3789,15658.7451,-4004.0747,836.2458,-0.0028983,0.0341808,-0.3600196,0.000000,0.000000,0.000000,0.00000,0.00000,0.000,0.000,0.000,0.000,0.000,-6.0000,0.0000,0.0000,6.0000,95.00,95.00,90.00,90.00,65535,65535,65535,1500,1,11,40.4365437,-86.8937000,150.600,-0.183,-0.280,0.000
99440,19671,18138,15106,0,0,-0.21548,-1.59454,9.85334,-0.001065,-0.014914,-0.010653,-8.868,1.314,-177.927,194.4734,-54.6105,15.3867,15667.8076,-4006.5750,836.9266,-0.0028970,0.0341928,-0.3599898,0.000000,0.000000,0.000000,0.00000,0.00000,0.000,0.000,0.000,0.000,0.000,-6.0000,0.0000,0.0000,6.0000,95.00,95.00,90.00,90.00,65535,65535,65535,1500,1,11,40.4365437,-86.8937000,150.600,-0.183,-0.280,0.000
99496,30554,19522,15263,0,0,-0.21069,-1.58376,9.85094,-0.001065,-0.013848,-0.011718,-8.867,1.316,-176.876,194.4787,-54.6164,15.3965,15678.9014,-4009.6521,837.7737,-0.0028961,0.0342054,-0.3599640,0.000000,0.000000,0.000000,0.00000,0.00000,0.000,0.000,0.000,0.000,0.000,-6.0000,0.0000,0.0000,6.0000,95.00,95.00,90.00,90.00,65535,65535,65535,1500,1,11,40.4365438,-86.8937017,150.600,-0.267,-0.409,0.000
99536,20535,38229,30299,0,0,-0.21668,-1.57778,9.84615,0.000000,-0.013848,-0.011718,-8.867,1.316,-176.486,194.4810,-54.6191,15.4000,15683.0732,-4010.8083,838.0912,-0.0028956,0.0342103,-0.3599533,0.000000,0.000000,0.000000,0.00000,0.00000,0.000,0.000,0.000,0.000,0.000,-6.0000,0.0000,0.0000,6.0000,95.00,95.00,90.00,90.00,65535,65535,65535,1500,1,11,40.4365438,-86.8937017,150.600,-0.267,-0.409,0.000
99600,38130,25649,17591,0,0,-0.21428,-1.58257,9.84855,-0.001065,-0.014914,-0.011718,-8.856,1.323,-174.986,194.4865,-54.6244,15.4137,15698.6064,-4015.1299,839.2877,-0.0028944,0.0342227,-0.3599252,0.000000,0.000000,0.000000,0.00000,0.00000,0.000,0.000,0.000,0.000,0.000,-6.0000,0.0000,0.0000,6.0000,95.00,95.00,90.00,90.00,65535,65535,65535,1500,1,11,40.4365442,-86.8937022,150.600,-0.301,-0.461,0.000
99644,19615,18124,15103,0,0,-0.20830,-1.58496,9.84615,-0.001065,-0.013848,-0.011718,-8.855,1.318,-173.995,194.4917,-54.6301,15.4228,15709.0361,-4018.0247,840.0865,-0.0028940,0.0342385,-0.3599010,0.000000,0.000000,0.000000,0.00000,0.00000,0.000,0.000,0.000,0.000,0.000,-6.0000,0.0000,0.0000,6.0000,95.00,95.00,90.00,90.00,65535,65535,65535,1500,1,11,40.4365442,-86.8937022,150.600,-0.301,-0.461,0.000
99700,30615,18249,15271,0,0,-0.22625,-1.57658,9.86291,0.001065,-0.013848,-0.010653,-8.856,1.316,-172.942,194.4985,-54.6371,15.4326,15720.3418,-4021.1563,840.9465,-0.0028928,0.0342537,-0.3598703,0.000000,0.000000,0.000000,0.00000,0.00000,0.000,0.000,0.000,0.000,0.000,-6.0000,0.0000,0.0000,6.0000,95.00,95.00,90.00,90.00,65535,65535,65535,1500,1,11,40.4365450,-86.8937032,150.700,-0.244,-0.375,0.000
99750,25934,18195,15150,0,0,-0.23942,-1.57778,9.88805,0.000000,-0.013848,-0.007457,-8.856,1.319,-171.982,194.5055,-54.6443,15.4416,15730.6514,-4024.0088,841.7271,-0.0028912,0.0342626,-0.3598400,0.000000,0.000000,0.000000,0.00000,0.00000,0.000,0.000,0.000,0.000,0.000,-6.0000,0.0000,0.0000,6.0000,95.00,95.00,90.00,90.00,65535,65535,65535,1500,1,11,40.4365450,-86.8937032,150.700,-0.244,-0.375,0.000
99782,25123,24891,21897,0,0,-0.19513,-1.57419,9.81742,-0.002131,-0.013848,-0.008522,-8.857,1.315,-171.495,194.5079,-54.6469,15.4451,15735.7090,-4025.4146,842.1168,-0.0028914,0.0342731,-0.3598291,0.000000,0.000000,0.000000,0.00000,0.00000,0.000,0.000,0.000,0.000,0.000,-6.0000,0.0000,0.0000,6.0000,95.00,95.00,90.00,90.00,65535,65535,65535,1500,1,12,40.4365452,-86.8937030,150.800,-0.188,-0.289,0.000
99832,25319,18165,15144,0,0,-0.22027,-1.56940,9.84256,-0.001065,-0.012783,-0.013848,-8.852,1.322,-170.414,194.5132,-54.6521,15.4559,15747.0654,-4028.5720,842.9900,-0.0028903,0.0342821,-0.3598056,0.000000,0.000000,0.000000,0.00000,0.00000,0.000,0.000,0.000,0.000,0.000,-6.0000,0.0000,0.0000,6.0000,95.00,95.00,90.00,90.00,65535,65535,65535,1500,1,12,40.4365452,-86.8937030,150.800,-0.188,-0.289,0.000
99900,23217,18146,15222,0,0,-0.21548,-1.59454,9.85214,0.000000,-0.014914,-0.009587,-8.868,1.327,-169.139,194.5237,-54.6626,15.4682,15761.0293,-4032.4336,844.0448,-0.0028873,0.0342929,-0.3597621,0.000000,0.000000,0.000000,0.00000,0.00000,0.000,0.000,0.000,0.000,0.000,-6.0000,0.0000,0.0000,6.0000,95.00,95.00,90.00,90.00,65535,65535,65535,1500,1,12,40.4365453,-86.8937032,150.900,-0.202,-0.310,0.000
99950,25849,18187,15165,0,0,-0.22266,-1.57898,9.84735,-0.001065,-0.014914,-0.009587,-8.870,1.327,-168.181,194.5302,-54.6688,15.4771,15771.2441,-4035.2664,844.8239,-0.0028859,0.0343027,-0.3597350,0.000000,0.000000,0.000000,0.00000,0.00000,0.000,0.000,0.000,0.000,0.000,-6.0000,0.0000,0.0000,6.0000,95.00,95.00,90.00,90.00,65535,65535,65535,1500,1,12,40.4365453,-86.8937032,150.900,-0.202,-0.310,0.000
99982,25161,24963,21961,0,0,-0.21668,-1.58736,9.85813,0.000000,-0.013848,-0.012783,-8.869,1.328,-167.702,194.5331,-54.6717,15.4817,15776.3457,-4036.6829,845.2147,-0.0028853,0.0343085,-0.3597227,0.000000,0.000000,0.000000,0.00000,0.00000,0.000,0.000,0.000,0.000,0.000,-6.0000,0.0000,0.0000,6.0000,95.00,95.00,90.00,90.00,65535,65535,65535,1500,1,12,40.4365453,-86.8937023,151.000,-0.180,-0.276,0.000
100049,34231,26318,18324,0,0,-0.20830,-1.58257,9.84735,-0.001065,-0.014914,-0.010653,-8.857,1.331,-166.434,194.5385,-54.6765,15.4929,15789.4854,-4040.3430,846.2318,-0.0028843,0.0343187,-0.3596990,0.000000,0.000000,0.000000,0.00000,0.00000,0.000,0.000,0.000,0.000,0.000,-6.0000,0.0000,0.0000,6.0000,95.00,95.00,90.00,90.00,65535,65535,65535,1500,1,12,40.4365453,-86.8937023,151.000,-0.180,-0.276,0.000
100109,30020,24105,15256,0,0,-0.22146,-1.57060,9.85214,-0.001065,-0.014914,-0.010653,-8.849,1.331,-165.214,194.5442,-54.6816,15.5042,15802.1426,-4043.8662,847.2101,-0.0028837,0.0343318,-0.3596739,0.000000,0.000000,0.000000,0.00000,0.00000,0.000,0.000,0.000,0.000,0.000,-6.0000,0.0000,0.0000,6.0000,95.00,95.00,90.00,90.00,65535,65535,65535,1500,1,12,40.4365458,-86.8937023,151.100,-0.118,-0.181,0.000
100140,30377,24471,21485,0,0,-0.21668,-1.57658,9.85813,-0.002131,-0.013848,-0.011718,-8.846,1.333,-164.627,194.5468,-54.6840,15.5097,15808.2354,-4045.5640,847.6825,-0.0028834,0.0343378,-0.3596629,0.000000,0.000000,0.000000,0.00000,0.00000,0.000,0.000,0.000,0.000,0.000,-6.0000,0.0000,0.0000,6.0000,95.00,95.00,90.00,90.00,65535,65535,65535,1500,1,12,40.4365458,-86.8937023,151.100,-0.118,-0.181,0.000
100206,38115,26459,18434,0,0,-0.21548,-1.57179,9.85693,-0.001065,-0.014914,-0.011718,-8.840,1.336,-163.405,194.5527,-54.6893,15.5209,15820.9971,-4049.1172,848.6696,-0.0028825,0.0343502,-0.3596377,0.000000,0.000000,0.000000,0.00000,0.00000,0.000,0.000,0.000,0.000,0.000,-6.0000,0.0000,0.0000,6.0000,95.00,95.00,90.00,90.00,65535,65535,65535,1500,1,12,40.4365458,-86.8937023,151.100,-0.118,-0.181,0.000
100238,33590,24958,21942,0,0,-0.23224,-1.58616,9.85813,-0.001065,-0.013848,-0.010653,-8.837,1.342,-162.759,194.5565,-54.6923,15.5270,15827.7900,-4051.0061,849.1923,-0.0028815,0.0343531,-0.3596227,0.000000,0.000000,0.000000,0.00000,0.00000,0.000,0.000,0.000,0.000,0.000,-6.0000,0.0000,0.0000,6.0000,95.00,95.00,90.00,90.00,65535,65535,65535,1500,1,12,40.4365465,-86.8937028,151.200,-0.135,-0.207,0.000
100288,25598,18132,15136,0,0,-0.22505,-1.58736,9.84855,-0.001065,-0.014914,-0.011718,-8.841,1.339,-161.680,194.5644,-54.6991,15.5370,15839.3818,-4054.2224,850.0787,-0.0028802,0.0343652,-0.3595914,0.000000,0.000000,0.000000,0.00000,0.00000,0.000,0.000,0.000,0.000,0.000,-6.0000,0.0000,0.0000,6.0000,95.00,95.00,90.00,90.00,65535,65535,65535,1500,1,12,40.4365465,-86.8937028,151.200,-0.135,-0.207,0.000
100340,23145,18124,15129,0,0,-0.24660,-1.61728,9.84975,-0.006392,-0.014914,-0.011718,-8.863,1.346,-160.719,194.5744,-54.7076,15.5462,15850.1377,-4057.1963,850.8891,-0.0028774,0.0343675,-0.3595542,0.000000,0.000000,0.000000,0.00000,0.00000,0.000,0.000,0.000,0.000,0.000,-6.0000,0.0000,0.0000,6.0000,95.00,95.00,90.00,90.00,65535,65535,65535,1500,1,12,40.4365470,-86.8937035,151.200,-0.174,-0.267,0.000
100392,28166,18205,15149,0,0,-0.22505,-1.60412,9.86052,-0.010653,-0.018109,-0.011718,-8.896,1.340,-159.734,194.5831,-54.7149,15.5558,15860.9043,-4060.1794,851.7078,-0.0028758,0.0343749,-0.3595214,0.000000,0.000000,0.000000,0.00000,0.00000,0.000,0.000,0.000,0.000,0.000,-6.0000,0.0000,0.0000,6.0000,95.00,95.00,90.00,90.00,65535,65535,65535,1500,1,12,40.4365470,-86.8937035,151.200,-0.174,-0.267,0.000
100443,26181,18166,15158,0,0,-0.19273,-1.56341,9.87249,-0.011718,-0.012783,-0.013848,-8.909,1.326,-158.711,194.5839,-54.7158,15.5657,15870.9199,-4062.9910,852.5067,-0.0028758,0.0344016,-0.3595170,0.000000,0.000000,0.000000,0.00000,0.00000,0.000,0.000,0.000,0.000,0.000,-6.0000,0.0000,0.0000,6.0000,95.00,95.00,90.00,90.00,65535,65535,65535,1500,1,12,40.4365472,-86.8937037,151.300,-0.166,-0.254,0.000
100493,30779,18197,15165,0,0,-0.22984,-1.60052,9.87848,-0.017044,-0.008522,-0.010653,-8.930,1.334,-157.724,194.5861,-54.7169,15.5748,15880.7373,-4065.7424,853.2841,-0.0028747,0.0344215,-0.3595093,0.000000,0.000000,0.000000,0.00000,0.00000,0.000,0.000,0.000,0.000,0.000,-6.0000,0.0000,0.0000,6.0000,95.00,95.00,90.00,90.00,65535,65535,65535,1500,1,12,40.4365472,-86.8937037,151.300,-0.166,-0.254,0.000
