ms,control_dt_us,control_exec_us,esekf_us,missed,log_dropped,ax,ay,az,gx,gy,gz,roll_deg,pitch_deg,yaw_deg,vn,ve,vu,pn,pe,pu,bgx,bgy,bgz,bax,bay,baz,s_roll,s_pitch,u_diff_deg,u_sym_deg,u_tail_deg,left_inc_deg,right_inc_deg,b00,b01,b10,b11,left_deg,right_deg,morph_deg,tail_deg,left_pwm,right_pwm,morph_pwm,tail_pwm,gps_fix,gps_sats,gps_lat_deg,gps_lon_deg,gps_alt_m,gps_vn,gps_ve,gps_vd,gps_fix_type,gps_hacc_m,gps_vacc_m,gps_sacc_mps,gps_origin_set
517,500972,15148,12030,0,0,-8.25640,-4.39216,1.78009,0.966195,-1.669269,0.144876,-24.683,-9.121,0.606,-0.1083,-0.0417,-0.0963,-0.0007,-0.0003,-0.0006,0.0000000,0.0000000,0.0000000,0.000000,0.000000,0.000000,0.00000,0.00000,0.000,0.000,0.000,0.000,0.000,-6.0000,0.0000,0.0000,6.0000,95.00,95.00,90.00,90.00,1650,1575,2472,1500,0,,,,,,,,0,,,,0
580,17348,15093,12122,0,0,-6.51223,-2.81678,2.69827,0.651942,-0.528371,0.755273,-21.661,-11.236,3.548,-0.6342,-0.2287,-0.5482,-0.0249,-0.0098,-0.0210,0.0000000,0.0000000,0.0000000,0.000000,0.000000,0.000000,0.00000,0.00000,0.000,0.000,0.000,0.000,0.000,-6.0000,0.0000,0.0000,6.0000,95.00,95.00,90.00,90.00,1650,1575,2469,1500,0,,,,,,,,0,,,,0
622,26498,15647,12625,0,0,-7.87094,-3.34350,4.38139,0.456998,0.566721,0.714792,-20.835,-9.266,5.009,-0.9769,-0.3469,-0.8238,-0.0585,-0.0222,-0.0502,0.0000000,0.0000000,0.0000000,0.000000,0.000000,0.000000,0.00000,0.00000,0.000,0.000,0.000,0.000,0.000,-6.0000,0.0000,0.0000,6.0000,95.00,95.00,90.00,90.00,1650,1575,2462,1500,0,,,,,,,,0,,,,0
674,15292,15443,12262,0,0,-7.08085,-4.24253,2.99275,0.674312,-0.398409,-0.051133,-19.172,-10.238,5.638,-1.4244,-0.5244,-1.1056,-0.1218,-0.0447,-0.0998,0.0000000,0.0000000,0.0000000,0.000000,0.000000,0.000000,0.00000,0.00000,0.000,0.000,0.000,0.000,0.000,-6.0000,0.0000,0.0000,6.0000,95.00,95.00,90.00,90.00,1650,1575,2459,1500,0,,,,,,,,0,,,,0
731,15565,15484,12527,0,0,-7.53455,-4.07373,4.57891,0.227967,1.603223,0.217314,-18.396,-5.904,4.501,-1.8409,-0.7260,-1.4938,-0.2147,-0.0809,-0.1752,0.0000000,0.0000000,0.0000000,0.000000,0.000000,0.000000,0.00000,0.00000,0.000,0.000,0.000,0.000,0.000,-6.0000,0.0000,0.0000,6.0000,95.00,95.00,90.00,90.00,1650,1575,2452,1500,0,,,,,,,,0,,,,0
773,26059,15632,12652,0,0,-7.71771,-5.53539,5.49230,0.137419,0.479369,-0.094809,-17.949,-4.396,4.009,-2.1837,-0.8887,-1.6213,-0.2989,-0.1145,-0.2401,0.0000000,0.0000000,0.0000000,0.000000,0.000000,0.000000,0.00000,0.00000,0.000,0.000,0.000,0.000,0.000,-6.0000,0.0000,0.0000,6.0000,95.00,95.00,90.00,90.00,1650,1575,2445,1500,0,,,,,,,,0,,,,0
825,15664,15492,12535,0,0,-6.86178,-4.98114,3.05141,0.273773,0.594418,-0.034088,-17.304,-3.095,3.499,-2.5429,-1.1058,-1.9028,-0.4206,-0.1658,-0.3304,0.0000000,0.0000000,0.0000000,0.000000,0.000000,0.000000,0.00000,0.00000,0.000,0.000,0.000,0.000,0.000,-6.0000,0.0000,0.0000,6.0000,95.00,95.00,90.00,90.00,1650,1575,2442,1500,0,,,,,,,,0,,,,0
867,25993,16129,13099,0,0,-7.70095,-5.29119,4.35266,0.602940,0.846885,0.332363,-16.032,-1.035,3.454,-2.8515,-1.2878,-2.0971,-0.5330,-0.2157,-0.4141,0.0000000,0.0000000,0.0000000,0.000000,0.000000,0.000000,0.00000,0.00000,0.000,0.000,0.000,0.000,0.000,-6.0000,0.0000,0.0000,6.0000,95.00,95.00,90.00,90.00,1650,1575,2435,1500,0,,,,,,,,0,,,,0
926,15773,15490,12530,0,0,-8.36773,-5.54258,3.56257,0.667921,0.635963,0.436758,-13.813,1.409,4.117,-3.3192,-1.5793,-2.3620,-0.7175,-0.3014,-0.5472,0.0000000,0.0000000,0.0000000,0.000000,0.000000,0.000000,0.00000,0.00000,0.000,0.000,0.000,0.000,0.000,-6.0000,0.0000,0.0000,6.0000,95.00,95.00,90.00,90.00,1650,1575,2432,1500,0,,,,,,,,0,,,,0
977,15584,15094,12123,0,0,-9.05128,-5.22535,3.54222,0.561394,0.657268,0.327036,-12.168,3.680,4.740,-3.7393,-1.8354,-2.5998,-0.8978,-0.3886,-0.6740,0.0000000,0.0000000,0.0000000,0.000000,0.000000,0.000000,0.00000,0.00000,0.000,0.000,0.000,0.000,0.000,-6.0000,0.0000,0.0000,6.0000,95.00,95.00,90.00,90.00,1650,1575,2425,1500,0,,,,,,,,0,,,,0
1037,36282,23568,20543,0,0,-9.31225,-4.23295,2.50673,0.299339,0.751011,0.145941,-11.083,5.912,4.966,-4.1810,-2.0688,-2.8837,-1.1022,-0.4895,-0.8154,0.0000000,0.0000000,0.0000000,0.000000,0.000000,0.000000,0.00000,0.00000,0.000,0.000,0.000,0.000,0.000,-6.0000,0.0000,0.0000,6.0000,95.00,95.00,90.00,90.00,1650,1575,2419,1500,0,,,,,,,,0,,,,0
1068,23933,30299,27280,0,0,-9.34218,-3.93846,2.97599,0.211988,0.825580,0.198139,-10.786,7.075,5.018,-4.3843,-2.1662,-3.0039,-1.2047,-0.5401,-0.8859,0.0000000,0.0000000,0.0000000,0.000000,0.000000,0.000000,0.00000,0.00000,0.000,0.000,0.000,0.000,0.000,-6.0000,0.0000,0.0000,6.0000,95.00,95.00,90.00,90.00,1650,1575,2415,1500,0,,,,,,,,0,,,,0
1119,15750,15091,12138,0,0,-9.30507,-3.36744,1.03070,-0.049002,1.117462,0.366451,-10.597,10.881,5.473,-4.9460,-2.4342,-3.4351,-1.5175,-0.6945,-1.1018,0.0000000,0.0000000,0.0000000,0.000000,0.000000,0.000000,0.00000,0.00000,0.000,0.000,0.000,0.000,0.000,-6.0000,0.0000,0.0000,6.0000,95.00,95.00,90.00,90.00,1650,1575,2409,1500,0,,,,,,,,0,,,,0
1177,15706,15109,12141,0,0,-10.46984,-3.57813,0.90261,-0.180030,1.016262,0.403735,-11.115,15.157,6.016,-5.4761,-2.6725,-3.7707,-1.8166,-0.8410,-1.3089,0.0000000,0.0000000,0.0000000,0.000000,0.000000,0.000000,0.00000,0.00000,0.000,0.000,0.000,0.000,0.000,-6.0000,0.0000,0.0000,6.0000,95.00,95.00,90.00,90.00,1650,1575,2402,1500,0,,,,,,,,0,,,,0
1219,26211,15726,12643,0,0,-9.57441,-3.27886,-0.28850,-0.194943,1.035437,0.368582,-11.582,17.780,6.421,-5.8382,-2.8472,-4.0415,-2.0518,-0.9557,-1.4712,0.0000000,0.0000000,0.0000000,0.000000,0.000000,0.000000,0.00000,0.00000,0.000,0.000,0.000,0.000,0.000,-6.0000,0.0000,0.0000,6.0000,95.00,95.00,90.00,90.00,1650,1575,2395,1500,0,,,,,,,,0,,,,0
1271,15714,15480,12533,0,0,-9.34696,-3.10528,-0.27294,-0.309992,1.469000,0.396278,-12.223,21.881,6.736,-6.2662,-3.0642,-4.3771,-2.3688,-1.1105,-1.6919,0.0000000,0.0000000,0.0000000,0.000000,0.000000,0.000000,0.00000,0.00000,0.000,0.000,0.000,0.000,0.000,-6.0000,0.0000,0.0000,6.0000,95.00,95.00,90.00,90.00,1650,1575,2392,1500,0,,,,,,,,0,,,,0
1329,15774,15522,12551,0,0,-10.18134,-4.32632,-0.53750,-0.132093,1.352886,0.327036,-12.744,26.629,7.024,-6.7466,-3.3662,-4.6494,-2.7443,-1.2958,-1.9523,0.0000000,0.0000000,0.0000000,0.000000,0.000000,0.000000,0.00000,0.00000,0.000,0.000,0.000,0.000,0.000,-6.0000,0.0000,0.0000,6.0000,95.00,95.00,90.00,90.00,1650,1575,2385,1500,0,,,,,,,,0,,,,0
1371,26011,15653,12654,0,0,-10.21965,-4.13239,-0.46448,-0.025566,1.318797,0.367516,-12.778,29.919,7.183,-7.0854,-3.5836,-4.8314,-3.0333,-1.4410,-2.1504,0.0000000,0.0000000,0.0000000,0.000000,0.000000,0.000000,0.00000,0.00000,0.000,0.000,0.000,0.000,0.000,-6.0000,0.0000,0.0000,6.0000,95.00,95.00,90.00,90.00,1650,1575,2379,1500,0,,,,,,,,0,,,,0
1423,16128,15804,12749,0,0,-10.55723,-4.28203,-1.29047,0.082025,1.353951,0.275903,-12.618,34.070,7.240,-7.5184,-3.8684,-5.0629,-3.4122,-1.6344,-2.4073,0.0000000,0.0000000,0.0000000,0.000000,0.000000,0.000000,0.00000,0.00000,0.000,0.000,0.000,0.000,0.000,-6.0000,0.0000,0.0000,6.0000,95.00,95.00,90.00,90.00,1650,1575,2375,1500,0,,,,,,,,0,,,,0
1481,15782,15113,12125,0,0,-9.66659,-3.57933,-2.39181,0.079895,1.210140,0.171508,-12.534,38.248,6.957,-7.9803,-4.1512,-5.3560,-3.8652,-1.8687,-2.7116,0.0000000,0.0000000,0.0000000,0.000000,0.000000,0.000000,0.00000,0.00000,0.000,0.000,0.000,0.000,0.000,-6.0000,0.0000,0.0000,6.0000,95.00,95.00,90.00,90.00,1650,1575,2369,1500,0,,,,,,,,0,,,,0
1517,15725,35642,27652,0,0,-9.66779,-3.66433,-2.70066,0.079895,1.161138,0.125701,-12.555,39.294,6.808,-8.1075,-4.2323,-5.4363,-3.9916,-1.9346,-2.7965,0.0000000,0.0000000,0.0000000,0.000000,0.000000,0.000000,0.00000,0.00000,0.000,0.000,0.000,0.000,0.000,-6.0000,0.0000,0.0000,6.0000,95.00,95.00,90.00,90.00,1650,1575,2365,1500,0,,,,,,,,0,,,,0
1581,20761,15584,12552,0,0,-8.81186,-2.74854,-3.83312,0.040480,1.027980,0.027697,-12.938,44.180,5.537,-8.7642,-4.6138,-5.9049,-4.7046,-2.3090,-3.2755,0.0000000,0.0000000,0.0000000,0.000000,0.000000,0.000000,0.00000,0.00000,0.000,0.000,0.000,0.000,0.000,-6.0000,0.0000,0.0000,6.0000,95.00,95.00,90.00,90.00,1650,1575,2355,1500,0,,,,,,,,0,,,,0
1624,26147,15719,12632,0,0,-8.16902,-2.23020,-4.02465,-0.091613,1.094027,0.028762,-13.640,46.752,4.785,-9.0972,-4.7799,-6.1627,-5.0794,-2.5061,-3.5286,0.0000000,0.0000000,0.0000000,0.000000,0.000000,0.000000,0.00000,0.00000,0.000,0.000,0.000,0.000,0.000,-6.0000,0.0000,0.0000,6.0000,95.00,95.00,90.00,90.00,1650,1575,2352,1500,0,,,,,,,,0,,,,0
1682,35769,22844,19527,0,0,-7.97987,-2.01831,-4.94881,-0.112918,0.876713,0.042611,-14.508,49.295,4.005,-9.5117,-4.9729,-6.4969,-5.5601,-2.7581,-3.8557,0.0000000,0.0000000,0.0000000,0.000000,0.000000,0.000000,0.00000,0.00000,0.000,0.000,0.000,0.000,0.000,-6.0000,0.0000,0.0000,6.0000,95.00,95.00,90.00,90.00,1650,1575,2349,1500,0,,,,,,,,0,,,,0
1718,19864,15667,12579,0,0,-8.31506,-2.30681,-4.70341,-0.136354,0.780839,0.088417,-15.241,51.287,3.457,-9.8554,-5.1438,-6.7428,-5.9764,-2.9756,-4.1402,0.0000000,0.0000000,0.0000000,0.000000,0.000000,0.000000,0.00000,0.00000,0.000,0.000,0.000,0.000,0.000,-6.0000,0.0000,0.0000,6.0000,95.00,95.00,90.00,90.00,1650,1575,2345,1500,0,,,,,,,,0,,,,0
1777,15709,15205,12165,0,0,-8.20253,-2.49715,-5.25048,-0.067112,0.279099,0.138484,-15.604,52.928,3.404,-10.3323,-5.4006,-7.0735,-6.5722,-3.2867,-4.5479,0.0000000,0.0000000,0.0000000,0.000000,0.000000,0.000000,0.00000,0.00000,0.000,0.000,0.000,0.000,0.000,-6.0000,0.0000,0.0000,6.0000,95.00,95.00,90.00,90.00,1650,1575,2339,1500,0,,,,,,,,0,,,,0
1819,26420,15247,12222,0,0,-8.02058,-2.45286,-5.68024,0.020240,0.207727,0.208792,-15.161,53.558,3.937,-10.6837,-5.5848,-7.3356,-7.0123,-3.5168,-4.8497,0.0000000,0.0000000,0.0000000,0.000000,0.000000,0.000000,0.00000,0.00000,0.000,0.000,0.000,0.000,0.000,-6.0000,0.0000,0.0000,6.0000,95.00,95.00,90.00,90.00,1650,1575,2332,1500,0,,,,,,,,0,,,,0
1870,15724,15490,12517,0,0,-8.21690,-2.13084,-6.06092,-0.182160,0.178964,0.221575,-15.012,54.255,4.727,-11.1211,-5.8021,-7.6556,-7.5701,-3.8080,-5.2332,0.0000000,0.0000000,0.0000000,0.000000,0.000000,0.000000,0.00000,0.00000,0.000,0.000,0.000,0.000,0.000,-6.0000,0.0000,0.0000,6.0000,95.00,95.00,90.00,90.00,1650,1575,2329,1500,0,,,,,,,,0,,,,0
1928,16467,15589,12595,0,0,-8.16543,-2.03148,-5.67665,-0.170442,0.243946,0.247141,-14.739,55.224,5.731,-11.6157,-6.0436,-8.0085,-8.2286,-4.1510,-5.6869,0.0000000,0.0000000,0.0000000,0.000000,0.000000,0.000000,0.00000,0.00000,0.000,0.000,0.000,0.000,0.000,-6.0000,0.0000,0.0000,6.0000,95.00,95.00,90.00,90.00,1650,1575,2322,1500,0,,,,,,,,0,,,,0
1970,25778,15705,12669,0,0,-8.09480,-1.86149,-5.54497,-0.113983,0.139550,0.249272,-14.342,55.759,6.573,-11.9595,-6.2183,-8.2534,-8.7196,-4.4064,-6.0256,0.0000000,0.0000000,0.0000000,0.000000,0.000000,0.000000,0.00000,0.00000,0.000,0.000,0.000,0.000,0.000,-6.0000,0.0000,0.0000,6.0000,95.00,95.00,90.00,90.00,1650,1575,2315,1500,0,,,,,,,,0,,,,0
2022,35500,16898,13888,0,0,-8.53892,-1.98240,-5.43125,-0.045806,-0.185356,0.258859,-13.355,55.670,8.032,-12.3832,-6.4395,-8.5393,-9.3453,-4.7317,-6.4574,0.0000000,0.0000000,0.0000000,0.000000,0.000000,0.000000,0.00000,0.00000,0.000,0.000,0.000,0.000,0.000,-6.0000,0.0000,0.0000,6.0000,95.00,95.00,90.00,90.00,1650,1575,2312,1500,0,,,,,,,,0,,,,0
2074,35225,15726,12728,0,0,-8.81186,-2.02430,-4.68186,-0.107592,-0.191748,0.349407,-12.013,55.282,9.952,-12.7934,-6.6643,-8.8034,-10.0049,-5.0749,-6.9118,0.0000000,0.0000000,0.0000000,0.000000,0.000000,0.000000,0.00000,0.00000,0.000,0.000,0.000,0.000,0.000,-6.0000,0.0000,0.0000,6.0000,95.00,95.00,90.00,90.00,1650,1575,2305,1500,0,,,,,,,,0,,,,0
2131,15642,15499,12515,0,0,-8.08402,-1.04267,-5.36062,-0.225836,-0.129962,0.481500,-10.358,55.174,12.727,-13.2651,-6.8998,-9.1412,-10.7555,-5.4658,-7.4285,0.0000000,0.0000000,0.0000000,0.000000,0.000000,0.000000,0.00000,0.00000,0.000,0.000,0.000,0.000,0.000,-6.0000,0.0000,0.0000,6.0000,95.00,95.00,90.00,90.00,1650,1575,2302,1500,0,,,,,,,,0,,,,0
2173,25880,15651,12639,0,0,-7.83263,-0.40582,-5.70897,-0.508131,-0.029827,0.593352,-9.466,55.249,15.160,-13.6090,-7.0508,-9.4121,-11.3149,-5.7562,-7.8147,0.0000000,0.0000000,0.0000000,0.000000,0.000000,0.000000,0.00000,0.00000,0.000,0.000,0.000,0.000,0.000,-6.0000,0.0000,0.0000,6.0000,95.00,95.00,90.00,90.00,1650,1575,2295,1500,0,,,,,,,,0,,,,0
2224,15690,15525,12539,0,0,-7.97030,-0.33878,-5.03620,-0.677508,0.050067,0.561394,-8.882,55.632,18.075,-14.0203,-7.2527,-9.7169,-12.0267,-6.1247,-8.3074,0.0000000,0.0000000,0.0000000,0.000000,0.000000,0.000000,0.00000,0.00000,0.000,0.000,0.000,0.000,0.000,-6.0000,0.0000,0.0000,6.0000,95.00,95.00,90.00,90.00,1650,1575,2292,1500,0,,,,,,,,0,,,,0
2282,15812,15663,12626,0,0,-8.03614,0.23942,-4.91649,-0.735032,0.202400,0.443150,-9.101,56.462,20.722,-14.4706,-7.4519,-10.0574,-12.8470,-6.5480,-8.8768,0.0000000,0.0000000,0.0000000,0.000000,0.000000,0.000000,0.00000,0.00000,0.000,0.000,0.000,0.000,0.000,-6.0000,0.0000,0.0000,6.0000,95.00,95.00,90.00,90.00,1650,1575,2285,1500,0,,,,,,,,0,,,,0
2325,26980,15679,12665,0,0,-8.38090,0.01796,-4.68186,-0.585895,0.148072,0.233293,-9.690,56.974,21.875,-14.7978,-7.6154,-10.2901,-13.4768,-6.8722,-9.3147,0.0000000,0.0000000,0.0000000,0.000000,0.000000,0.000000,0.00000,0.00000,0.000,0.000,0.000,0.000,0.000,-6.0000,0.0000,0.0000,6.0000,95.00,95.00,90.00,90.00,1650,1575,2279,1500,0,,,,,,,,2,,,,0
2376,15286,15395,12177,0,0,-8.74482,0.17119,-4.19105,-0.351537,-0.088417,0.108657,-10.328,56.983,22.595,-15.1687,-7.7910,-10.5444,-14.2438,-7.2664,-9.8481,0.0000000,0.0000000,0.0000000,0.000000,0.000000,0.000000,0.00000,0.00000,0.000,0.000,0.000,0.000,0.000,-6.0000,0.0000,0.0000,6.0000,95.00,95.00,90.00,90.00,1650,1575,2275,1500,0,,,,,,,,2,,,,0
2418,26265,15497,12381,0,0,-8.96748,0.12689,-4.84227,-0.069242,-0.401605,-0.120375,-10.666,56.136,22.547,-15.4983,-7.9680,-10.7478,-14.8862,-7.5967,-10.2941,0.0000000,0.0000000,0.0000000,0.000000,0.000000,0.000000,0.00000,0.00000,0.000,0.000,0.000,0.000,0.000,-6.0000,0.0000,0.0000,6.0000,95.00,95.00,90.00,90.00,1650,1575,2269,1500,0,,,,,,,,2,,,,0
2476,15360,15553,12170,0,0,-8.68736,0.58658,-5.89093,0.061785,-0.245011,-0.208792,-11.001,55.009,21.955,-16.0052,-8.2059,-11.0878,-15.8032,-8.0675,-10.9296,0.0000000,0.0000000,0.0000000,0.000000,0.000000,0.000000,0.00000,0.00000,0.000,0.000,0.000,0.000,0.000,-6.0000,0.0000,0.0000,6.0000,95.00,95.00,90.00,90.00,1650,1575,2265,1500,0,,,,,,,,2,,,,0
2529,35599,16976,13960,0,0,-8.62511,0.61531,-5.58807,0.106526,-0.232228,-0.238619,-11.426,54.193,21.037,-16.4591,-8.4073,-11.4014,-16.6377,-8.4945,-11.5077,0.0000000,0.0000000,0.0000000,0.000000,0.000000,0.000000,0.00000,0.00000,0.000,0.000,0.000,0.000,0.000,-6.0000,0.0000,0.0000,6.0000,95.00,95.00,90.00,90.00,1650,1575,2259,1500,0,,,,,,,,2,,,,0
2578,31545,17124,13952,0,0,-8.55209,0.91818,-5.48751,-0.004261,-0.060720,-0.237554,-12.959,56.601,19.050,-16.6172,-8.3128,-10.8965,-17.1840,-8.6426,-11.2886,0.0014015,-0.0058337,0.0001633,0.000000,0.000000,0.000000,0.00000,0.00000,0.000,0.000,0.000,0.000,0.000,-6.0000,0.0000,0.0000,6.0000,95.00,95.00,90.00,90.00,1650,1575,2255,1500,0,,,,,,,,2,,,,0
2620,26480,15355,12333,0,0,-8.96150,1.02113,-5.24330,-0.125701,-0.140615,-0.256729,-14.006,56.126,18.101,-17.0042,-8.4515,-11.1301,-17.9208,-9.0099,-11.7713,0.0014015,-0.0058337,0.0001633,0.000000,0.000000,0.000000,0.00000,0.00000,0.000,0.000,0.000,0.000,0.000,-6.0000,0.0000,0.0000,6.0000,95.00,95.00,90.00,90.00,1650,1575,2252,1500,0,,,,,,,,2,,,,0
2672,15379,15493,12542,0,0,-8.96988,0.81642,-4.81235,-0.268447,0.028762,-0.227967,-15.673,55.805,16.890,-17.4598,-8.6120,-11.4019,-18.8243,-9.4572,-12.3620,0.0014015,-0.0058337,0.0001633,0.000000,0.000000,0.000000,0.00000,0.00000,0.000,0.000,0.000,0.000,0.000,-6.0000,0.0000,0.0000,6.0000,95.00,95.00,90.00,90.00,1650,1575,2249,1500,0,,,,,,,,2,,,,0
2730,15669,15554,12550,0,0,-8.88369,0.78889,-5.20619,-0.351537,0.029827,-0.221575,-17.866,55.677,15.590,-17.9504,-8.8054,-11.7021,-19.8398,-9.9568,-13.0245,0.0014015,-0.0058337,0.0001633,0.000000,0.000000,0.000000,0.00000,0.00000,0.000,0.000,0.000,0.000,0.000,-6.0000,0.0000,0.0000,6.0000,95.00,95.00,90.00,90.00,1650,1575,2242,1500,0,,,,,,,,2,,,,0
2772,26437,15691,12678,0,0,-8.34020,0.88825,-5.48751,-0.332363,0.147006,-0.217314,-19.582,55.803,14.526,-18.3163,-8.9440,-11.9519,-20.6057,-10.3317,-13.5241,0.0014015,-0.0058337,0.0001633,0.000000,0.000000,0.000000,0.00000,0.00000,0.000,0.000,0.000,0.000,0.000,-6.0000,0.0000,0.0000,6.0000,95.00,95.00,90.00,90.00,1650,1575,2235,1500,0,,,,,,,,2,,,,0
2824,15741,15551,12553,0,0,-8.14148,0.78650,-5.15352,-0.197074,0.167247,-0.240750,-21.618,56.178,13.008,-18.7515,-9.1082,-12.2604,-21.5633,-10.7980,-14.1496,0.0014015,-0.0058337,0.0001633,0.000000,0.000000,0.000000,0.00000,0.00000,0.000,0.000,0.000,0.000,0.000,-6.0000,0.0000,0.0000,6.0000,95.00,95.00,90.00,90.00,1650,1575,2229,1500,0,,,,,,,,2,,,,0
2884,36690,23383,20053,0,0,-8.14627,0.50278,-5.39414,-0.058590,0.068177,-0.250337,-23.058,56.110,11.574,-19.1847,-9.2842,-12.5678,-22.5578,-11.2802,-14.8004,0.0014015,-0.0058337,0.0001633,0.000000,0.000000,0.000000,0.00000,0.00000,0.000,0.000,0.000,0.000,0.000,-6.0000,0.0000,0.0000,6.0000,95.00,95.00,90.00,90.00,1650,1575,2225,1500,0,,,,,,,,2,,,,0
2941,31310,24739,13869,0,0,-7.89847,0.53630,-4.97036,0.122505,-0.166181,-0.116114,-23.885,56.560,9.268,-19.7067,-9.0502,-12.6573,-23.7322,-11.3497,-15.2654,0.0004910,-0.0108759,0.0020313,0.000000,0.000000,0.000000,0.00000,0.00000,0.000,0.000,0.000,0.000,0.000,-6.0000,0.0000,0.0000,6.0000,95.00,95.00,90.00,90.00,1650,1575,2225,1500,0,,,,,,,,2,,,,0
2980,21900,16792,13736,0,0,-8.20253,-0.07661,-5.20978,0.083091,0.021305,0.030893,-23.766,57.017,8.527,-20.1108,-9.0180,-12.8035,-24.7133,-11.5709,-15.7547,-0.0001351,-0.0140653,0.0028070,0.000000,0.000000,0.000000,0.00000,0.00000,0.000,0.000,0.000,0.000,0.000,-6.0000,0.0000,0.0000,6.0000,95.00,95.00,90.00,90.00,1650,1575,2225,1500,0,,,,,,,,2,,,,0
3017,17099,37222,29174,0,0,-8.46470,-0.30526,-5.17986,0.145941,0.053263,0.044741,-23.603,57.317,8.347,-20.2527,-9.0257,-12.8504,-25.0690,-11.6680,-15.9383,-0.0003818,-0.0155299,0.0029866,0.000000,0.000000,0.000000,0.00000,0.00000,0.000,0.000,0.000,0.000,0.000,-6.0000,0.0000,0.0000,6.0000,95.00,95.00,90.00,90.00,1650,1575,2225,1500,0,,,,,,,,2,,,,0
3075,29379,28547,20571,0,0,-8.54491,-0.01317,-4.47476,-0.064981,-0.150202,-0.049002,-22.219,57.768,8.625,-20.7506,-9.1876,-13.0650,-26.4362,-12.2381,-16.7493,-0.0017465,-0.0228372,0.0027308,0.000000,0.000000,0.000000,0.00000,0.00000,0.000,0.000,0.000,0.000,0.000,-6.0000,0.0000,0.0000,6.0000,95.00,95.00,90.00,90.00,1650,1575,2225,1500,0,,,,,,,,2,,,,0
3139,20944,22403,13796,0,0,-8.70053,-0.54229,-5.42766,-0.070307,-0.139550,-0.023436,-21.869,57.644,8.777,-21.3084,-9.3528,-13.3694,-27.9455,-12.8247,-17.6926,-0.0027318,-0.0287038,0.0028706,0.000000,0.000000,0.000000,0.00000,0.00000,0.000,0.000,0.000,0.000,0.000,-6.0000,0.0000,0.0000,6.0000,95.00,95.00,90.00,90.00,1650,1575,2225,1500,0,,,,,,,,2,,,,0
3167,22651,27923,19907,0,0,-8.84298,-0.15323,-5.48392,-0.213053,-0.006392,-0.083091,-22.309,57.689,8.501,-21.5091,-9.4176,-13.4837,-28.4431,-13.0220,-18.0065,-0.0028452,-0.0294072,0.0029498,0.000000,0.000000,0.000000,0.00000,0.00000,0.000,0.000,0.000,0.000,0.000,-6.0000,0.0000,0.0000,6.0000,95.00,95.00,90.00,90.00,1650,1575,2225,1500,0,,,,,,,,2,,,,0
3229,15845,16016,12990,0,0,-9.14824,-0.18794,-5.94121,0.122505,0.158724,-0.182160,-23.308,57.963,7.158,-22.1493,-9.7310,-13.8448,-30.0111,-13.7669,-18.9733,-0.0024588,-0.0272438,0.0027431,0.000000,0.000000,0.000000,0.00000,0.00000,0.000,0.000,0.000,0.000,0.000,-6.0000,0.0000,0.0000,6.0000,95.00,95.00,90.00,90.00,1650,1575,2225,1500,0,,,,,,,,2,,,,0
3272,20894,15694,12656,0,0,-8.83580,-0.38547,-5.39294,0.358994,-0.020240,-0.315318,-23.695,57.733,5.785,-22.5102,-9.8780,-14.0519,-30.9670,-14.1867,-19.5704,-0.0024588,-0.0272438,0.0027431,0.000000,0.000000,0.000000,0.00000,0.00000,0.000,0.000,0.000,0.000,0.000,-6.0000,0.0000,0.0000,6.0000,95.00,95.00,90.00,90.00,1650,1575,2225,1500,0,,,,,,,,2,,,,0
3323,15756,15562,12546,0,0,-8.57723,-0.47645,-4.93206,0.343015,-0.099070,-0.309992,-24.022,57.258,4.216,-22.9323,-10.0381,-14.3078,-32.1416,-14.7015,-20.3035,-0.0024588,-0.0272438,0.0027431,0.000000,0.000000,0.000000,0.00000,0.00000,0.000,0.000,0.000,0.000,0.000,-6.0000,0.0000,0.0000,6.0000,95.00,95.00,90.00,90.00,1650,1575,2225,1500,0,,,,,,,,2,,,,0
3371,15754,15601,12584,0,0,-8.61913,-0.48722,-4.92846,0.245011,-0.052198,-0.192813,-24.040,57.114,3.765,-23.1287,-10.1110,-14.4262,-32.6969,-14.9444,-20.6499,-0.0024588,-0.0272438,0.0027431,0.000000,0.000000,0.000000,0.00000,0.00000,0.000,0.000,0.000,0.000,0.000,-6.0000,0.0000,0.0000,6.0000,95.00,95.00,90.00,90.00,1650,1575,2225,1500,0,,,,,,,,2,,,,0
3434,17342,17716,14654,0,0,-8.70412,-0.78051,-4.82910,-0.047937,0.008522,0.006392,-16.036,59.645,8.767,-23.4232,-10.7794,-14.8183,-33.9583,-16.3386,-21.9846,-0.0118817,-0.0438807,-0.0023032,0.000000,0.000000,0.000000,0.00000,0.00000,0.000,0.000,0.000,0.000,0.000,-6.0000,0.0000,0.0000,6.0000,95.00,95.00,90.00,90.00,1650,1575,2225,1500,0,,,,,,,,2,,,,0
3474,21611,17125,14096,0,0,-8.36654,-0.12929,-5.29119,-0.098004,0.000000,0.071373,-17.564,59.359,7.974,-23.7804,-10.8071,-14.9788,-34.9219,-16.6158,-22.4566,-0.0102240,-0.0399697,-0.0014380,0.000000,0.000000,0.000000,0.00000,0.00000,0.000,0.000,0.000,0.000,0.000,-6.0000,0.0000,0.0000,6.0000,95.00,95.00,90.00,90.00,1650,1575,2225,1500,0,,,,,,,,2,,,,0
3534,36332,23615,20589,0,0,-8.74482,0.08140,-6.51103,-0.029827,0.034088,0.050067,-20.178,58.654,6.614,-24.2961,-10.7795,-15.1319,-36.1753,-16.8626,-22.8661,-0.0072605,-0.0296083,-0.0000900,0.000000,0.000000,0.000000,0.00000,0.00000,0.000,0.000,0.000,0.000,0.000,-6.0000,0.0000,0.0000,6.0000,95.00,95.00,90.00,90.00,1650,1575,2225,1500,0,,,,,,,,2,,,,0
3573,32839,29915,19914,0,0,-8.47308,0.31484,-6.36139,0.127832,-0.005326,0.001065,-22.123,57.718,5.062,-24.6681,-10.6335,-15.2166,-37.0075,-16.8083,-23.0224,-0.0049092,-0.0205932,0.0015627,0.000000,0.000000,0.000000,0.00000,0.00000,0.000,0.000,0.000,0.000,0.000,-6.0000,0.0000,0.0000,6.0000,95.00,95.00,90.00,90.00,1650,1575,2225,1500,0,,,,,,,,2,,,,0
3627,15799,16032,13013,0,0,-8.59638,0.31364,-6.15908,0.378169,-0.053263,-0.120375,-23.588,56.603,2.806,-25.4087,-10.4953,-15.5399,-38.7981,-17.0223,-23.7668,-0.0027349,-0.0125215,0.0036714,0.000000,0.000000,0.000000,0.00000,0.00000,0.000,0.000,0.000,0.000,0.000,-6.0000,0.0000,0.0000,6.0000,95.00,95.00,90.00,90.00,1650,1575,2225,1500,0,,,,,,,,2,,,,0
3670,21444,15709,12681,0,0,-9.09078,0.00838,-6.65588,0.779774,-0.148072,-0.331297,-22.651,56.049,1.824,-25.8433,-10.6211,-15.7823,-39.9100,-17.4804,-24.4463,-0.0027349,-0.0125215,0.0036714,0.000000,0.000000,0.000000,0.00000,0.00000,0.000,0.000,0.000,0.000,0.000,-6.0000,0.0000,0.0000,6.0000,95.00,95.00,90.00,90.00,1650,1575,2225,1500,0,,,,,,,,2,,,,0
3728,15796,15599,12582,0,0,-8.74003,-0.68235,-5.87417,1.320928,-0.148072,-0.448476,-20.501,55.099,-0.202,-26.3994,-10.7717,-16.1077,-41.4202,-18.0988,-25.3680,-0.0027349,-0.0125215,0.0036714,0.000000,0.000000,0.000000,0.00000,0.00000,0.000,0.000,0.000,0.000,0.000,-6.0000,0.0000,0.0000,6.0000,95.00,95.00,90.00,90.00,1650,1575,2225,1500,0,,,,,,,,2,,,,0
3772,23624,20613,12641,0,0,-8.92798,-2.02789,-4.93086,1.850364,-0.386691,-0.594418,-17.937,54.029,-1.853,-26.7482,-10.8942,-16.3085,-42.4683,-18.5260,-26.0072,-0.0027349,-0.0125215,0.0036714,0.000000,0.000000,0.000000,0.00000,0.00000,0.000,0.000,0.000,0.000,0.000,-6.0000,0.0000,0.0000,6.0000,95.00,95.00,90.00,90.00,1650,1575,2225,1500,0,,,,,,,,2,,,,0
3830,15768,15579,12573,0,0,-9.13627,-3.41413,-3.70263,2.261556,-0.688161,-0.753142,-12.759,51.525,-4.953,-27.2645,-11.0903,-16.6008,-44.1607,-19.2147,-27.0385,-0.0027349,-0.0125215,0.0036714,0.000000,0.000000,0.000000,0.00000,0.00000,0.000,0.000,0.000,0.000,0.000,-6.0000,0.0000,0.0000,6.0000,95.00,95.00,90.00,90.00,1650,1575,2225,1500,0,,,,,,,,2,,,,0
3873,26755,15925,12873,0,0,-8.63948,-3.46561,-2.68629,2.391519,-1.022654,-0.998153,-9.167,48.830,-7.846,-27.5984,-11.2164,-16.7978,-45.3275,-19.6891,-27.7488,-0.0027349,-0.0125215,0.0036714,0.000000,0.000000,0.000000,0.00000,0.00000,0.000,0.000,0.000,0.000,0.000,-6.0000,0.0000,0.0000,6.0000,95.00,95.00,90.00,90.00,1650,1575,2225,1500,0,,,,,,,,2,,,,0
3931,15795,15558,12550,0,0,-8.95192,-4.62560,-2.12126,2.354234,-1.258077,-1.390170,-5.289,44.241,-13.367,-28.0788,-11.4032,-17.0534,-46.9462,-20.3469,-28.7330,-0.0027349,-0.0125215,0.0036714,0.000000,0.000000,0.000000,0.00000,0.00000,0.000,0.000,0.000,0.000,0.000,-6.0000,0.0000,0.0000,6.0000,95.00,95.00,90.00,90.00,1650,1575,2225,1500,0,,,,,,,,2,,,,0
3971,23345,16872,12656,0,0,-9.19733,-5.49110,-0.26576,2.257295,-1.272991,-1.588309,-3.222,41.226,-17.831,-28.3994,-11.5177,-17.2151,-48.0508,-20.7951,-29.4034,-0.0027349,-0.0125215,0.0036714,0.000000,0.000000,0.000000,0.00000,0.00000,0.000,0.000,0.000,0.000,0.000,-6.0000,0.0000,0.0000,6.0000,95.00,95.00,90.00,90.00,1650,1575,2225,1500,0,,,,,,,,2,,,,0
4038,36104,31005,27932,0,0,-7.80629,-6.22612,0.47046,1.890844,-1.783253,-2.030394,-1.735,35.777,-25.147,-28.8299,-11.6882,-17.4543,-49.5732,-21.4125,-30.3254,-0.0027349,-0.0125215,0.0036714,0.000000,0.000000,0.000000,0.00000,0.00000,0.000,0.000,0.000,0.000,0.000,-6.0000,0.0000,0.0000,6.0000,95.00,95.00,90.00,90.00,1650,1575,2225,1500,0,,,,,,,,2,,,,0
4069,31862,29946,21615,0,0,-7.32147,-6.69419,0.85353,1.477522,-1.221858,-2.207228,-1.770,33.445,-29.967,-29.0885,-11.7843,-17.6100,-50.4959,-21.7865,-30.8840,-0.0027349,-0.0125215,0.0036714,0.000000,0.000000,0.000000,0.00000,0.00000,0.000,0.000,0.000,0.000,0.000,-6.0000,0.0000,0.0000,6.0000,95.00,95.00,90.00,90.00,1650,1575,2225,1500,0,,,,,,,,2,,,,0
4131,19900,15607,12569,0,0,-5.62518,-8.57364,2.19069,0.839428,-0.458064,-2.239186,-3.234,30.164,-41.133,-29.7013,-12.0899,-17.9506,-52.7233,-22.6910,-32.2313,-0.0027349,-0.0125215,0.0036714,0.000000,0.000000,0.000000,0.00000,0.00000,0.000,0.000,0.000,0.000,0.000,-6.0000,0.0000,0.0000,6.0000,95.00,95.00,90.00,90.00,1650,1575,2225,1500,0,,,,,,,,2,,,,0
4179,29740,18370,12252,0,0,-3.61165,-9.16620,3.37104,0.736098,-0.482565,-2.300971,-4.605,28.632,-47.852,-30.0511,-12.3272,-18.1544,-54.0845,-23.2472,-33.0537,-0.0027349,-0.0125215,0.0036714,0.000000,0.000000,0.000000,0.00000,0.00000,0.000,0.000,0.000,0.000,0.000,-6.0000,0.0000,0.0000,6.0000,95.00,95.00,90.00,90.00,1650,1575,2225,1500,0,,,,,,,,2,,,,0
4221,26517,15854,12834,0,0,-1.83396,-9.00459,2.98198,0.437824,-0.288687,-2.645051,-6.822,27.099,-55.216,-30.3806,-12.5602,-18.3918,-55.4480,-23.8087,-33.8780,-0.0027349,-0.0125215,0.0036714,0.000000,0.000000,0.000000,0.00000,0.00000,0.000,0.000,0.000,0.000,0.000,-6.0000,0.0000,0.0000,6.0000,95.00,95.00,90.00,90.00,1650,1575,2225,1500,0,,,,,,,,2,,,,0
4274,15307,15504,12262,0,0,-0.46448,-9.57202,4.46399,0.575243,-0.137419,-2.593919,-9.162,25.791,-63.700,-30.7181,-12.8625,-18.6353,-57.0534,-24.4768,-34.8514,-0.0027349,-0.0125215,0.0036714,0.000000,0.000000,0.000000,0.00000,0.00000,0.000,0.000,0.000,0.000,0.000,-6.0000,0.0000,0.0000,6.0000,95.00,95.00,90.00,90.00,1650,1575,2225,1500,0,,,,,,,,2,,,,0
4331,15653,15534,12552,0,0,1.25217,-8.67419,4.21380,0.649811,-0.531567,-2.579005,-10.911,22.898,-72.872,-31.1149,-13.1884,-18.8816,-58.8332,-25.2267,-35.9308,-0.0027349,-0.0125215,0.0036714,0.000000,0.000000,0.000000,0.00000,0.00000,0.000,0.000,0.000,0.000,0.000,-6.0000,0.0000,0.0000,6.0000,95.00,95.00,90.00,90.00,1650,1575,2225,1500,0,,,,,,,,2,,,,0
4378,31033,15232,12271,0,0,2.16915,-8.71250,4.39935,0.517718,-0.264186,-2.259426,-11.781,20.829,-79.272,-31.4195,-13.4534,-19.1199,-60.2954,-25.8498,-36.8196,-0.0027349,-0.0125215,0.0036714,0.000000,0.000000,0.000000,0.00000,0.00000,0.000,0.000,0.000,0.000,0.000,-6.0000,0.0000,0.0000,6.0000,95.00,95.00,90.00,90.00,1650,1575,2225,1500,0,,,,,,,,2,,,,0
4429,15662,15535,12554,0,0,2.73418,-7.88889,4.71897,0.378169,-0.477238,-2.198706,-12.791,18.426,-85.849,-31.7595,-13.7183,-19.3596,-61.9067,-26.5428,-37.8009,-0.0027349,-0.0125215,0.0036714,0.000000,0.000000,0.000000,0.00000,0.00000,0.000,0.000,0.000,0.000,0.000,-6.0000,0.0000,0.0000,6.0000,95.00,95.00,90.00,90.00,1650,1575,2225,1500,0,,,,,,,,2,,,,0
4471,26046,15775,12740,0,0,3.64278,-6.92882,3.97198,0.026632,-0.259925,-1.802427,-13.940,16.625,-90.459,-32.0098,-13.9326,-19.5862,-63.2388,-27.1204,-38.6144,-0.0027349,-0.0125215,0.0036714,0.000000,0.000000,0.000000,0.00000,0.00000,0.000,0.000,0.000,0.000,0.000,-6.0000,0.0000,0.0000,6.0000,95.00,95.00,90.00,90.00,1650,1575,2225,1500,0,,,,,,,,2,,,,0
4531,36693,22911,19888,0,0,3.54581,-7.64708,3.28963,-0.056459,-0.160855,-1.389105,-15.196,15.112,-94.546,-32.3578,-14.1658,-19.8882,-64.9375,-27.8622,-39.6563,-0.0027349,-0.0125215,0.0036714,0.000000,0.000000,0.000000,0.00000,0.00000,0.000,0.000,0.000,0.000,0.000,-6.0000,0.0000,0.0000,6.0000,95.00,95.00,90.00,90.00,1650,1575,2225,1500,0,,,,,,,,3,,,,0
4572,25495,15676,12663,0,0,3.92410,-7.63990,2.77847,-0.148072,0.117179,-1.614941,-16.659,14.017,-98.906,-32.7058,-14.3531,-20.1710,-66.5190,-28.5554,-40.6298,-0.0027349,-0.0125215,0.0036714,0.000000,0.000000,0.000000,0.00000,0.00000,0.000,0.000,0.000,0.000,0.000,-6.0000,0.0000,0.0000,6.0000,95.00,95.00,90.00,90.00,1650,1575,2225,1500,0,,,,,,,,3,,,,0
4620,23411,15307,12296,0,0,4.85065,-7.18261,3.13401,0.121440,-0.160855,-1.094027,-17.073,12.797,-101.892,-33.0429,-14.5743,-20.4505,-68.1026,-29.2522,-41.6082,-0.0027349,-0.0125215,0.0036714,0.000000,0.000000,0.000000,0.00000,0.00000,0.000,0.000,0.000,0.000,0.000,-6.0000,0.0000,0.0000,6.0000,95.00,95.00,90.00,90.00,1650,1575,2225,1500,0,,,,,,,,3,,,,0
4679,15832,15148,12156,0,0,5.24091,-8.09719,3.41653,0.430367,-0.289752,-1.564873,-16.820,10.880,-106.142,-33.5239,-14.8059,-20.7829,-70.0667,-30.1191,-42.8251,-0.0027349,-0.0125215,0.0036714,0.000000,0.000000,0.000000,0.00000,0.00000,0.000,0.000,0.000,0.000,0.000,-6.0000,0.0000,0.0000,6.0000,95.00,95.00,90.00,90.00,1650,1575,2225,1500,1,4,40.4368098,-86.8935015,151.396,-3.230,0.380,-2.360,3,65.09,58.05,10.25,0
4722,27210,15590,12564,0,0,6.31590,-7.41005,3.48715,0.631702,-0.648746,-1.606419,-15.898,8.416,-109.541,-33.8714,-15.0005,-21.0118,-71.5010,-30.7534,-43.7145,-0.0027349,-0.0125215,0.0036714,0.000000,0.000000,0.000000,0.00000,0.00000,0.000,0.000,0.000,0.000,0.000,-6.0000,0.0000,0.0000,6.0000,95.00,95.00,90.00,90.00,1650,1575,2225,1500,1,4,40.4368098,-86.8935015,151.396,-3.230,0.380,-2.360,3,65.09,58.05,10.25,0
4774,15318,15542,12258,0,0,7.39449,-6.41287,3.72538,0.514523,-0.465521,-1.299623,-14.677,5.890,-113.134,-34.2886,-15.2671,-21.3041,-73.2801,-31.5434,-44.8193,-0.0027349,-0.0125215,0.0036714,0.000000,0.000000,0.000000,0.00000,0.00000,0.000,0.000,0.000,0.000,0.000,-6.0000,0.0000,0.0000,6.0000,95.00,95.00,90.00,90.00,1650,1575,2225,1500,1,4,40.4368098,-86.8935015,151.396,-3.230,0.380,-2.360,3,65.09,58.05,10.25,0
4821,21509,15214,12194,0,0,7.58483,-6.03459,3.93248,0.456998,-0.604005,-0.941694,-13.614,3.750,-115.335,-34.6499,-15.5129,-21.5412,-74.8885,-32.2617,-45.8189,-0.0027349,-0.0125215,0.0036714,0.000000,0.000000,0.000000,0.00000,0.00000,0.000,0.000,0.000,0.000,0.000,-6.0000,0.0000,0.0000,6.0000,95.00,95.00,90.00,90.00,1650,1575,2225,1500,1,4,40.4368098,-86.8935015,151.396,-3.230,0.380,-2.360,3,65.09,58.05,10.25,0
4880,16413,15313,12310,0,0,8.44914,-4.15035,3.33752,0.201335,-0.413323,-0.986435,-12.385,1.189,-118.338,-35.0805,-15.8321,-21.8801,-76.9519,-33.1887,-47.1035,-0.0027349,-0.0125215,0.0036714,0.000000,0.000000,0.000000,0.00000,0.00000,0.000,0.000,0.000,0.000,0.000,-6.0000,0.0000,0.0000,6.0000,95.00,95.00,90.00,90.00,1650,1575,2225,1500,1,4,40.4368098,-86.8935015,151.396,-3.230,0.380,-2.360,3,65.09,58.05,10.25,0
4924,27518,15672,12645,0,0,8.43477,-4.00430,3.12084,-0.084156,-0.276969,-0.793622,-12.425,0.049,-120.117,-35.3835,-16.0822,-22.1354,-78.4836,-33.8825,-48.0603,-0.0027349,-0.0125215,0.0036714,0.000000,0.000000,0.000000,0.00000,0.00000,0.000,0.000,0.000,0.000,0.000,-6.0000,0.0000,0.0000,6.0000,95.00,95.00,90.00,90.00,1650,1575,2225,1500,1,4,40.4368111,-86.8935083,149.631,-2.860,0.380,-1.970,3,57.39,52.82,7.75,0
4982,15791,15519,12510,0,0,8.53772,-3.86185,3.04423,-0.188552,-0.100135,-0.349407,-12.970,-0.789,-121.648,-35.7950,-16.4157,-22.4859,-80.5697,-34.8349,-49.3682,-0.0027349,-0.0125215,0.0036714,0.000000,0.000000,0.000000,0.00000,0.00000,0.000,0.000,0.000,0.000,0.000,-6.0000,0.0000,0.0000,6.0000,95.00,95.00,90.00,90.00,1650,1575,2225,1500,1,4,40.4368111,-86.8935083,149.631,-2.860,0.380,-1.970,3,57.39,52.82,7.75,0
5029,24728,37918,28869,0,0,8.56765,-3.52786,2.65876,-0.137419,-0.012783,-0.124636,-13.159,-0.830,-121.825,-35.9655,-16.5578,-22.6414,-81.4570,-35.2426,-49.9262,-0.0027349,-0.0125215,0.0036714,0.000000,0.000000,0.000000,0.00000,0.00000,0.000,0.000,0.000,0.000,0.000,-6.0000,0.0000,0.0000,6.0000,95.00,95.00,90.00,90.00,1650,1575,2225,1500,1,4,40.4368111,-86.8935083,149.631,-2.860,0.380,-1.970,3,57.39,52.82,7.75,0
5075,28215,16764,12423,0,0,8.81784,-3.65834,2.69108,-0.204531,0.205596,0.256729,-13.996,-0.020,-121.263,-36.4314,-16.9615,-23.0619,-83.8804,-36.3647,-51.4561,-0.0027349,-0.0125215,0.0036714,0.000000,0.000000,0.000000,0.00000,0.00000,0.000,0.000,0.000,0.000,0.000,-6.0000,0.0000,0.0000,6.0000,95.00,95.00,90.00,90.00,1650,1575,2225,1500,1,4,40.4368271,-86.8935100,146.603,-2.000,0.050,-0.130,3,46.43,43.95,6.04,0
5135,36105,24012,20993,0,0,8.61673,-4.09049,2.84910,-0.196009,0.502805,0.623180,-14.564,1.808,-119.956,-36.8107,-17.2809,-23.3987,-85.8251,-37.2740,-52.6898,-0.0027349,-0.0125215,0.0036714,0.000000,0.000000,0.000000,0.00000,0.00000,0.000,0.000,0.000,0.000,0.000,-6.0000,0.0000,0.0000,6.0000,95.00,95.00,90.00,90.00,1650,1575,2225,1500,1,4,40.4368271,-86.8935100,146.603,-2.000,0.050,-0.130,3,46.43,43.95,6.04,0
5178,27240,15277,12220,0,0,8.83101,-3.82593,3.24175,-0.286556,0.712662,1.125985,-15.155,4.424,-117.704,-37.1685,-17.6163,-23.7273,-87.7298,-38.1722,-53.9030,-0.0027349,-0.0125215,0.0036714,0.000000,0.000000,0.000000,0.00000,0.00000,0.000,0.000,0.000,0.000,0.000,-6.0000,0.0000,0.0000,6.0000,95.00,95.00,90.00,90.00,1650,1575,2225,1500,1,4,40.4368271,-86.8935100,146.603,-2.000,0.050,-0.130,3,46.43,43.95,6.04,0
5230,31355,20689,13118,0,0,7.40527,-4.34308,3.25971,-0.556068,1.039698,2.148638,-15.977,8.349,-113.421,-37.4626,-17.9080,-24.0377,-89.4779,-39.0044,-55.0218,-0.0027349,-0.0125215,0.0036714,0.000000,0.000000,0.000000,0.00000,0.00000,0.000,0.000,0.000,0.000,0.000,-6.0000,0.0000,0.0000,6.0000,95.00,95.00,90.00,90.00,1650,1575,2225,1500,1,4,40.4368271,-86.8935100,146.603,-2.000,0.050,-0.130,3,46.43,43.95,6.04,0
5274,26769,15650,12655,0,0,5.99987,-5.74968,3.25013,-0.787230,1.316667,2.491653,-16.967,13.595,-107.849,-37.7745,-18.1661,-24.3537,-91.2953,-39.8759,-56.1907,-0.0027349,-0.0125215,0.0036714,0.000000,0.000000,0.000000,0.00000,0.00000,0.000,0.000,0.000,0.000,0.000,-6.0000,0.0000,0.0000,6.0000,95.00,95.00,90.00,90.00,1650,1575,2225,1500,1,4,40.4368270,-86.8935120,145.449,-1.630,-0.320,0.690,3,40.10,38.65,4.02,0
5326,15685,15536,12557,0,0,4.22098,-6.24767,3.50990,-1.041829,1.429585,3.057309,-17.866,20.242,-100.693,-38.0971,-18.4325,-24.6892,-93.2814,-40.8340,-57.4744,-0.0027349,-0.0125215,0.0036714,0.000000,0.000000,0.000000,0.00000,0.00000,0.000,0.000,0.000,0.000,0.000,-6.0000,0.0000,0.0000,6.0000,95.00,95.00,90.00,90.00,1650,1575,2225,1500,1,4,40.4368270,-86.8935120,145.449,-1.630,-0.320,0.690,3,40.10,38.65,4.02,0
5369,26914,15683,12682,0,0,1.52391,-8.25880,3.45124,-1.146224,1.262338,3.440804,-17.697,25.828,-93.244,-38.3897,-18.5904,-24.9112,-94.9129,-41.6238,-58.5324,-0.0027349,-0.0125215,0.0036714,0.000000,0.000000,0.000000,0.00000,0.00000,0.000,0.000,0.000,0.000,0.000,-6.0000,0.0000,0.0000,6.0000,95.00,95.00,90.00,90.00,1650,1575,2225,1500,1,4,40.4368270,-86.8935120,145.449,-1.630,-0.320,0.690,3,40.10,38.65,4.02,0
5438,19956,20596,12612,0,0,-1.24379,-8.80109,2.68031,-0.918258,0.964064,3.810451,-14.575,33.322,-79.375,-38.8764,-18.7803,-25.2538,-97.4040,-42.8285,-60.1495,-0.0027349,-0.0125215,0.0036714,0.000000,0.000000,0.000000,0.00000,0.00000,0.000,0.000,0.000,0.000,0.000,-6.0000,0.0000,0.0000,6.0000,95.00,95.00,90.00,90.00,1650,1575,2225,1500,1,4,40.4368270,-86.8935120,145.449,-1.630,-0.320,0.690,3,40.10,38.65,4.02,0
5482,22450,15617,12574,0,0,-2.53307,-9.18536,2.81678,-0.810666,0.788296,3.782754,-9.784,37.923,-67.158,-39.2451,-18.9606,-25.4973,-99.3197,-43.7539,-61.3942,-0.0027349,-0.0125215,0.0036714,0.000000,0.000000,0.000000,0.00000,0.00000,0.000,0.000,0.000,0.000,0.000,-6.0000,0.0000,0.0000,6.0000,95.00,95.00,90.00,90.00,1650,1575,2225,1500,1,4,40.4368212,-86.8935124,145.186,-1.620,-0.210,0.450,3,35.79,35.41,4.05,0
5518,15848,35627,27689,0,0,-2.87304,-8.78552,3.22619,-0.704140,0.735032,3.652792,-7.898,39.104,-63.107,-39.3580,-19.0275,-25.5699,-99.9425,-44.0549,-61.7988,-0.0027349,-0.0125215,0.0036714,0.000000,0.000000,0.000000,0.00000,0.00000,0.000,0.000,0.000,0.000,0.000,-6.0000,0.0000,0.0000,6.0000,95.00,95.00,90.00,90.00,1650,1575,2225,1500,1,4,40.4368212,-86.8935124,145.186,-1.620,-0.210,0.450,3,35.79,35.41,4.05,0
5568,28414,21733,18692,0,0,-6.18303,-9.06564,2.62165,-0.646616,0.366451,3.163835,-0.363,41.786,-47.454,-39.8572,-19.2928,-25.8143,-102.4869,-45.2862,-63.4499,-0.0027349,-0.0125215,0.0036714,0.000000,0.000000,0.000000,0.00000,0.00000,0.000,0.000,0.000,0.000,0.000,-6.0000,0.0000,0.0000,6.0000,95.00,95.00,90.00,90.00,1650,1575,2225,1500,1,4,40.4368212,-86.8935124,145.186,-1.620,-0.210,0.450,3,35.79,35.41,4.05,0
5628,15857,16123,13052,0,0,-7.39808,-8.52216,2.25773,-0.284426,0.401605,2.416020,7.216,42.255,-34.154,-40.4650,-19.5739,-26.0521,-105.0893,-46.5452,-65.1298,-0.0027349,-0.0125215,0.0036714,0.000000,0.000000,0.000000,0.00000,0.00000,0.000,0.000,0.000,0.000,0.000,-6.0000,0.0000,0.0000,6.0000,95.00,95.00,90.00,90.00,1650,1575,2225,1500,1,4,40.4368212,-86.8935124,145.186,-1.620,-0.210,0.450,3,35.79,35.41,4.05,0
5676,22748,15573,12238,0,0,-8.82383,-8.79749,2.22541,0.099070,0.269512,2.164617,13.231,41.879,-25.399,-40.9224,-19.8210,-26.2231,-107.0746,-47.5060,-66.4049,-0.0027349,-0.0125215,0.0036714,0.000000,0.000000,0.000000,0.00000,0.00000,0.000,0.000,0.000,0.000,0.000,-6.0000,0.0000,0.0000,6.0000,95.00,95.00,90.00,90.00,1650,1575,2225,1500,1,4,40.4368036,-86.8935122,145.989,-1.930,-0.030,-0.360,3,32.03,32.31,4.73,0
5719,27340,15248,12213,0,0,-9.41640,-8.49702,2.59891,0.315318,0.133158,1.547829,17.549,41.197,-19.938,-41.3445,-20.0679,-26.3754,-108.8492,-48.3664,-67.5394,-0.0027349,-0.0125215,0.0036714,0.000000,0.000000,0.000000,0.00000,0.00000,0.000,0.000,0.000,0.000,0.000,-6.0000,0.0000,0.0000,6.0000,95.00,95.00,90.00,90.00,1650,1575,2225,1500,1,4,40.4368036,-86.8935122,145.989,-1.930,-0.030,-0.360,3,32.03,32.31,4.73,0
5777,15697,15211,12174,0,0,-8.27436,-5.68024,2.55342,-0.018109,0.077764,1.194161,21.039,40.009,-14.962,-41.8133,-20.3408,-26.6053,-111.2640,-49.5398,-69.0774,-0.0027349,-0.0125215,0.0036714,0.000000,0.000000,0.000000,0.00000,0.00000,0.000,0.000,0.000,0.000,0.000,-6.0000,0.0000,0.0000,6.0000,95.00,95.00,90.00,90.00,1650,1575,2225,1500,1,4,40.4368036,-86.8935122,145.989,-1.930,-0.030,-0.360,3,32.03,32.31,4.73,0
5829,15747,15559,12537,0,0,-9.33140,-6.20457,2.43490,-0.050067,0.174703,0.749946,23.121,39.609,-11.381,-42.2374,-20.5876,-26.8319,-113.4538,-50.6060,-70.4699,-0.0027349,-0.0125215,0.0036714,0.000000,0.000000,0.000000,0.00000,0.00000,0.000,0.000,0.000,0.000,0.000,-6.0000,0.0000,0.0000,6.0000,95.00,95.00,90.00,90.00,1650,1575,2225,1500,1,4,40.4368036,-86.8935122,145.989,-1.930,-0.030,-0.360,3,32.03,32.31,4.73,0
5878,24523,15308,12238,0,0,-9.01297,-5.26246,2.09971,0.072438,-0.189617,0.196009,23.749,38.957,-10.647,-42.6458,-20.8125,-27.0357,-115.5436,-51.6254,-71.7959,-0.0027349,-0.0125215,0.0036714,0.000000,0.000000,0.000000,0.00000,0.00000,0.000,0.000,0.000,0.000,0.000,-6.0000,0.0000,0.0000,6.0000,95.00,95.00,90.00,90.00,1650,1575,2225,1500,1,4,40.4367839,-86.8935160,146.515,-1.740,0.310,-0.240,3,28.72,28.62,4.25,0
5925,29241,17314,14248,0,0,-8.67419,-5.27682,2.34153,0.152333,-0.088417,-0.074569,47.004,47.864,25.149,-34.4172,-35.2255,-25.5453,-99.1703,-84.5990,-68.4346,0.0136435,-0.0261517,-0.0485179,0.000000,0.000000,0.000000,0.00000,0.00000,0.000,0.000,0.000,0.000,0.000,-6.0000,0.0000,0.0000,6.0000,95.00,95.00,90.00,90.00,1650,1575,2225,1500,1,4,40.4367839,-86.8935160,146.515,-1.740,0.310,-0.240,3,28.72,28.62,4.25,0
5969,28554,15745,12680,0,0,-8.99502,-5.85023,2.70904,0.150202,-0.147006,-0.314253,50.274,48.452,29.220,-33.6348,-37.2696,-25.6106,-98.6573,-90.0076,-69.1827,0.0150744,-0.0283902,-0.0547035,0.000000,0.000000,0.000000,0.00000,0.00000,0.000,0.000,0.000,0.000,0.000,-6.0000,0.0000,0.0000,6.0000,95.00,95.00,90.00,90.00,1650,1575,2225,1500,1,4,40.4367839,-86.8935160,146.515,-1.740,0.310,-0.240,3,28.72,28.62,4.25,0
6030,30413,29495,21511,0,0,-9.12909,-6.03339,2.78206,0.118244,-0.185356,-0.400539,49.594,48.859,27.891,-33.8352,-37.6924,-25.8338,-100.2236,-91.7480,-70.3771,0.0150744,-0.0283902,-0.0547035,0.000000,0.000000,0.000000,0.00000,0.00000,0.000,0.000,0.000,0.000,0.000,-6.0000,0.0000,0.0000,6.0000,95.00,95.00,90.00,90.00,1650,1575,2225,1500,1,4,40.4367839,-86.8935160,146.515,-1.740,0.310,-0.240,3,28.72,28.62,4.25,0
6077,21996,15340,12221,0,0,-9.95749,-7.46871,3.88818,-0.027697,-0.506001,-0.781904,46.904,49.499,24.297,-34.1107,-38.3568,-26.0811,-102.3170,-94.0910,-71.9765,0.0150744,-0.0283902,-0.0547035,0.000000,0.000000,0.000000,0.00000,0.00000,0.000,0.000,0.000,0.000,0.000,-6.0000,0.0000,0.0000,6.0000,95.00,95.00,90.00,90.00,1650,1575,2225,1500,1,4,40.4367655,-86.8935216,146.228,-1.900,0.520,-0.710,3,25.97,25.81,4.13,0
6137,35472,24324,21274,0,0,-9.08600,-8.72208,4.37660,-0.124636,-1.054612,-2.249839,39.698,51.283,15.354,-34.3362,-38.9110,-26.2926,-104.0633,-96.0624,-73.3130,0.0150744,-0.0283902,-0.0547035,0.000000,0.000000,0.000000,0.00000,0.00000,0.000,0.000,0.000,0.000,0.000,-6.0000,0.0000,0.0000,6.0000,95.00,95.00,90.00,90.00,1650,1575,2225,1500,1,4,40.4367655,-86.8935216,146.228,-1.900,0.520,-0.710,3,25.97,25.81,4.13,0
6180,27287,15293,12215,0,0,-6.11719,-7.00304,4.06655,-0.248207,-0.981109,-2.594984,29.273,52.966,2.885,-34.5250,-39.3527,-26.5307,-105.8491,-98.0918,-74.6824,0.0150744,-0.0283902,-0.0547035,0.000000,0.000000,0.000000,0.00000,0.00000,0.000,0.000,0.000,0.000,0.000,-6.0000,0.0000,0.0000,6.0000,95.00,95.00,90.00,90.00,1650,1575,2225,1500,1,4,40.4367655,-86.8935216,146.228,-1.900,0.520,-0.710,3,25.97,25.81,4.13,0
6223,27404,15719,12659,0,0,-4.88058,-7.03297,2.99036,-0.380299,-1.125985,-2.728142,19.048,53.226,-8.761,-34.6705,-39.6723,-26.7573,-107.3339,-99.7878,-75.8258,0.0150744,-0.0283902,-0.0547035,0.000000,0.000000,0.000000,0.00000,0.00000,0.000,0.000,0.000,0.000,0.000,-6.0000,0.0000,0.0000,6.0000,95.00,95.00,90.00,90.00,1650,1575,2225,1500,1,4,40.4367655,-86.8935216,146.228,-1.900,0.520,-0.710,3,25.97,25.81,4.13,0
6272,26032,16977,13143,0,0,-3.71820,-7.41604,3.05261,-0.506001,-1.123854,-2.744121,7.569,52.042,-21.577,-34.8366,-39.9949,-27.0252,-108.9678,-101.6605,-77.0901,0.0150744,-0.0283902,-0.0547035,0.000000,0.000000,0.000000,0.00000,0.00000,0.000,0.000,0.000,0.000,0.000,-6.0000,0.0000,0.0000,6.0000,95.00,95.00,90.00,90.00,1650,1575,2225,1500,1,4,40.4367655,-86.8935216,146.228,-1.900,0.520,-0.710,3,25.97,25.81,4.13,0
6325,15764,15615,12593,0,0,-1.15041,-7.04733,2.92212,-0.619984,-1.108940,-2.700445,-4.733,48.617,-35.290,-34.9823,-40.3509,-27.3772,-110.8785,-103.8590,-78.5785,0.0150744,-0.0283902,-0.0547035,0.000000,0.000000,0.000000,0.00000,0.00000,0.000,0.000,0.000,0.000,0.000,-6.0000,0.0000,0.0000,6.0000,95.00,95.00,90.00,90.00,1650,1575,2225,1500,1,5,40.4367002,-86.8935279,148.898,-4.430,1.040,-2.590,3,21.96,22.26,2.84,0
6367,26028,15724,12678,0,0,-0.62848,-8.84658,2.93170,-0.924650,-0.720119,-2.256230,-12.424,46.011,-42.718,-35.1133,-40.6744,-27.6362,-112.3460,-105.5553,-79.7303,0.0150744,-0.0283902,-0.0547035,0.000000,0.000000,0.000000,0.00000,0.00000,0.000,0.000,0.000,0.000,0.000,-6.0000,0.0000,0.0000,6.0000,95.00,95.00,90.00,90.00,1650,1575,2225,1500,1,5,40.4367002,-86.8935279,148.898,-4.430,1.040,-2.590,3,21.96,22.26,2.84,0
6429,17061,15664,12639,0,0,0.37230,-8.89805,3.49194,-1.051416,-0.471912,-1.314536,-20.796,42.752,-49.519,-35.2565,-41.1652,-27.9833,-114.5228,-108.0866,-81.4511,0.0150744,-0.0283902,-0.0547035,0.000000,0.000000,0.000000,0.00000,0.00000,0.000,0.000,0.000,0.000,0.000,-6.0000,0.0000,0.0000,6.0000,95.00,95.00,90.00,90.00,1650,1575,2225,1500,1,5,40.4366662,-86.8935319,149.427,-4.049,1.535,-2.541,3,19.93,20.53,2.39,0
6479,31103,18853,12285,0,0,0.38547,-10.03889,3.30879,-0.958738,-0.550742,-0.379234,-23.652,41.212,-49.997,-35.3766,-41.5654,-28.2245,-116.1854,-110.0340,-82.7746,0.0150744,-0.0283902,-0.0547035,0.000000,0.000000,0.000000,0.00000,0.00000,0.000,0.000,0.000,0.000,0.000,-6.0000,0.0000,0.0000,6.0000,95.00,95.00,90.00,90.00,1650,1575,2225,1500,1,5,40.4366662,-86.8935319,149.427,-4.050,1.530,-2.540,3,19.93,20.53,2.39,0
6539,35555,24461,21396,0,0,0.29209,-10.58716,2.37265,-0.833037,-0.656203,-1.059938,-27.885,38.087,-52.442,-35.5835,-42.0478,-28.4648,-118.1247,-112.3192,-84.3238,0.0150744,-0.0283902,-0.0547035,0.000000,0.000000,0.000000,0.00000,0.00000,0.000,0.000,0.000,0.000,0.000,-6.0000,0.0000,0.0000,6.0000,95.00,95.00,90.00,90.00,1650,1575,2225,1500,1,5,40.4366662,-86.8935319,149.427,-4.050,1.530,-2.540,3,19.93,20.53,2.39,0
6571,24676,31168,27752,0,0,0.65481,-9.83299,1.53109,-0.654072,-0.600809,-0.973652,-29.407,36.754,-53.389,-35.6763,-42.2462,-28.5947,-119.0039,-113.3592,-85.0278,0.0150744,-0.0283902,-0.0547035,0.000000,0.000000,0.000000,0.00000,0.00000,0.000,0.000,0.000,0.000,0.000,-6.0000,0.0000,0.0000,6.0000,95.00,95.00,90.00,90.00,1650,1575,2225,1500,1,5,40.4366662,-86.8935319,149.427,-4.050,1.530,-2.540,3,19.93,20.53,2.39,0
6625,16391,15854,12810,0,0,1.58137,-9.54329,0.98521,-0.696683,-0.509196,-0.605070,-33.162,33.548,-54.730,-35.9236,-42.8066,-28.9848,-121.4916,-116.3142,-87.0285,0.0150744,-0.0283902,-0.0547035,0.000000,0.000000,0.000000,0.00000,0.00000,0.000,0.000,0.000,0.000,0.000,-6.0000,0.0000,0.0000,6.0000,95.00,95.00,90.00,90.00,1650,1575,2225,1500,1,5,40.4366662,-86.8935319,149.427,-4.050,1.530,-2.540,3,19.93,20.53,2.39,0
6668,22013,15744,12680,0,0,2.30681,-9.08600,0.59017,-0.728641,-0.723315,-0.273773,-34.907,31.760,-54.512,-36.0502,-43.1638,-29.2497,-123.0621,-118.1903,-88.2992,0.0150744,-0.0283902,-0.0547035,0.000000,0.000000,0.000000,0.00000,0.00000,0.000,0.000,0.000,0.000,0.000,-6.0000,0.0000,0.0000,6.0000,95.00,95.00,90.00,90.00,1650,1575,2225,1500,1,5,40.4366319,-86.8935388,149.806,-4.160,1.080,-2.490,3,18.42,19.30,2.26,0
6717,24095,15263,12215,0,0,1.79805,-9.57681,-1.21506,-0.671117,-0.886300,-0.080960,-36.153,29.781,-53.030,-36.2524,-43.5646,-29.5706,-124.8366,-120.3190,-89.7429,0.0150744,-0.0283902,-0.0547035,0.000000,0.000000,0.000000,0.00000,0.00000,0.000,0.000,0.000,0.000,0.000,-6.0000,0.0000,0.0000,6.0000,95.00,95.00,90.00,90.00,1650,1575,2225,1500,1,5,40.4366319,-86.8935388,149.806,-4.160,1.080,-2.490,3,18.42,19.30,2.26,0
6775,15371,15471,12207,0,0,1.52989,-10.04727,-1.94409,-0.595483,-0.793622,0.133158,-37.019,27.866,-50.818,-36.5326,-44.0396,-29.9616,-126.9482,-122.8604,-91.4701,0.0150744,-0.0283902,-0.0547035,0.000000,0.000000,0.000000,0.00000,0.00000,0.000,0.000,0.000,0.000,0.000,-6.0000,0.0000,0.0000,6.0000,95.00,95.00,90.00,90.00,1650,1575,2225,1500,1,5,40.4366319,-86.8935388,149.806,-4.160,1.080,-2.490,3,18.42,19.30,2.26,0
6818,27053,15288,12225,0,0,1.47722,-10.63504,-2.03627,-0.278034,-0.811732,0.046872,-37.231,26.579,-49.268,-36.7539,-44.4220,-30.2258,-128.5143,-124.7507,-92.7562,0.0150744,-0.0283902,-0.0547035,0.000000,0.000000,0.000000,0.00000,0.00000,0.000,0.000,0.000,0.000,0.000,-6.0000,0.0000,0.0000,6.0000,95.00,95.00,90.00,90.00,1650,1575,2225,1500,1,5,40.4366319,-86.8935388,149.806,-4.160,1.080,-2.490,3,18.42,19.30,2.26,0
6872,16654,15580,12598,0,0,1.45927,-10.57160,-2.28886,-0.231162,-0.760599,0.044741,-37.382,24.905,-47.407,-37.0148,-44.9016,-30.5574,-130.4897,-127.1427,-94.3840,0.0150744,-0.0283902,-0.0547035,0.000000,0.000000,0.000000,0.00000,0.00000,0.000,0.000,0.000,0.000,0.000,-6.0000,0.0000,0.0000,6.0000,95.00,95.00,90.00,90.00,1650,1575,2225,1500,1,5,40.4366082,-86.8935472,149.216,-4.050,0.850,-2.400,3,17.08,18.25,2.21,0
6918,22243,15229,12197,0,0,1.14922,-11.06600,-2.12605,-0.153398,-0.602940,-0.056459,-37.421,23.696,-46.240,-37.2549,-45.3323,-30.8328,-132.2379,-129.2667,-95.8291,0.0150744,-0.0283902,-0.0547035,0.000000,0.000000,0.000000,0.00000,0.00000,0.000,0.000,0.000,0.000,0.000,-6.0000,0.0000,0.0000,6.0000,95.00,95.00,90.00,90.00,1650,1575,2225,1500,1,5,40.4366082,-86.8935472,149.216,-4.050,0.850,-2.400,3,17.08,18.25,2.21,0
6977,15727,15162,12151,0,0,1.86029,-10.08677,-2.05063,-0.124636,-0.742489,-0.625310,-37.640,20.885,-45.999,-37.5346,-45.8676,-31.1717,-134.4300,-131.9394,-97.6459,0.0150744,-0.0283902,-0.0547035,0.000000,0.000000,0.000000,0.00000,0.00000,0.000,0.000,0.000,0.000,0.000,-6.0000,0.0000,0.0000,6.0000,95.00,95.00,90.00,90.00,1650,1575,2225,1500,1,5,40.4366082,-86.8935472,149.216,-4.050,0.850,-2.400,3,17.08,18.25,2.21,0
7038,36394,24333,21294,0,0,2.07338,-10.63744,-2.08296,-0.089482,-0.833037,-0.502805,-37.770,18.340,-45.520,-37.7618,-46.3426,-31.4833,-136.3790,-134.3262,-99.2679,0.0150744,-0.0283902,-0.0547035,0.000000,0.000000,0.000000,0.00000,0.00000,0.000,0.000,0.000,0.000,0.000,-6.0000,0.0000,0.0000,6.0000,95.00,95.00,90.00,90.00,1650,1575,2225,1500,1,5,40.4365973,-86.8935527,148.113,-3.661,0.620,-1.940,3,16.01,17.36,2.11,0
7068,24701,30324,22313,0,0,2.13802,-10.72243,-2.23379,-0.251402,-0.730771,-0.486826,-38.106,17.180,-45.385,-37.8741,-46.5740,-31.6265,-137.3131,-135.4738,-100.0473,0.0150744,-0.0283902,-0.0547035,0.000000,0.000000,0.000000,0.00000,0.00000,0.000,0.000,0.000,0.000,0.000,-6.0000,0.0000,0.0000,6.0000,95.00,95.00,90.00,90.00,1650,1575,2225,1500,1,5,40.4365973,-86.8935527,148.113,-3.660,0.620,-1.940,3,16.01,17.36,2.11,0
7133,38511,25832,17893,0,0,2.29005,-9.46308,-2.35709,-0.223706,-0.716923,-0.418649,-38.914,14.082,-44.893,-38.1522,-47.1766,-32.0500,-139.9375,-138.7102,-102.2450,0.0150744,-0.0283902,-0.0547035,0.000000,0.000000,0.000000,0.00000,0.00000,0.000,0.000,0.000,0.000,0.000,-6.0000,0.0000,0.0000,6.0000,95.00,95.00,90.00,90.00,1650,1575,2225,1500,1,5,40.4365973,-86.8935527,148.113,-3.660,0.620,-1.940,3,16.01,17.36,2.11,0
7170,20680,15587,12573,0,0,2.62285,-9.00340,-2.95205,-0.471912,-0.497478,-0.208792,-39.978,12.627,-44.394,-38.3263,-47.5740,-32.3786,-141.7248,-140.9245,-103.7508,0.0150744,-0.0283902,-0.0547035,0.000000,0.000000,0.000000,0.00000,0.00000,0.000,0.000,0.000,0.000,0.000,-6.0000,0.0000,0.0000,6.0000,95.00,95.00,90.00,90.00,1650,1575,2225,1500,1,5,40.4365973,-86.8935527,148.113,-3.660,0.620,-1.940,3,16.01,17.36,2.11,0
7229,16909,15653,12655,0,0,2.86825,-8.75081,-2.85868,-0.562460,-0.402670,-0.125701,-41.863,11.322,-43.816,-38.5389,-48.0841,-32.7787,-144.0190,-143.7793,-105.6953,0.0150744,-0.0283902,-0.0547035,0.000000,0.000000,0.000000,0.00000,0.00000,0.000,0.000,0.000,0.000,0.000,-6.0000,0.0000,0.0000,6.0000,95.00,95.00,90.00,90.00,1650,1575,2225,1500,1,5,40.4365831,-86.8935595,147.206,-3.666,0.421,-1.794,3,15.00,16.42,1.98,0
7273,22382,15673,12665,0,0,2.71622,-8.88249,-3.20584,-0.497478,-0.442085,-0.002131,-43.068,10.692,-43.075,-38.6884,-48.4552,-33.0687,-145.6960,-145.8758,-107.1253,0.0150744,-0.0283902,-0.0547035,0.000000,0.000000,0.000000,0.00000,0.00000,0.000,0.000,0.000,0.000,0.000,-6.0000,0.0000,0.0000,6.0000,95.00,95.00,90.00,90.00,1650,1575,2225,1500,1,5,40.4365831,-86.8935595,147.206,-3.670,0.420,-1.790,3,15.00,16.42,1.98,0
7322,31390,17288,12625,0,0,2.54145,-9.44273,-3.61165,-0.273773,-0.371777,0.067112,-43.766,10.186,-42.157,-38.8675,-48.8804,-33.3737,-147.5300,-148.1775,-108.6966,0.0150744,-0.0283902,-0.0547035,0.000000,0.000000,0.000000,0.00000,0.00000,0.000,0.000,0.000,0.000,0.000,-6.0000,0.0000,0.0000,6.0000,95.00,95.00,90.00,90.00,1650,1575,2225,1500,1,5,40.4365831,-86.8935595,147.206,-3.670,0.420,-1.790,3,15.00,16.42,1.98,0
7380,15803,15144,12141,0,0,2.64080,-8.24204,-3.53863,-0.135289,-0.282295,0.064981,-44.240,9.877,-41.430,-39.1115,-49.4001,-33.7823,-149.8826,-151.1419,-110.7219,0.0150744,-0.0283902,-0.0547035,0.000000,0.000000,0.000000,0.00000,0.00000,0.000,0.000,0.000,0.000,0.000,-6.0000,0.0000,0.0000,6.0000,95.00,95.00,90.00,90.00,1650,1575,2225,1500,1,5,40.4365831,-86.8935595,147.206,-3.670,0.420,-1.790,3,15.00,16.42,1.98,0
7417,21813,15514,12445,0,0,2.82157,-8.46829,-3.50631,-0.100135,-0.243946,0.184291,-44.395,9.864,-40.787,-39.2250,-49.7210,-34.0447,-151.3382,-152.9838,-111.9824,0.0150744,-0.0283902,-0.0547035,0.000000,0.000000,0.000000,0.00000,0.00000,0.000,0.000,0.000,0.000,0.000,-6.0000,0.0000,0.0000,6.0000,95.00,95.00,90.00,90.00,1650,1575,2225,1500,1,5,40.4365831,-86.8935595,147.206,-3.670,0.420,-1.790,3,15.00,16.42,1.98,0
7476,15328,15521,12170,0,0,2.46603,-9.02015,-4.34907,0.118244,-0.267381,-0.088417,-44.251,9.232,-40.034,-39.4372,-50.2564,-34.4336,-153.6508,-155.9232,-113.9955,0.0150744,-0.0283902,-0.0547035,0.000000,0.000000,0.000000,0.00000,0.00000,0.000,0.000,0.000,0.000,0.000,-6.0000,0.0000,0.0000,6.0000,95.00,95.00,90.00,90.00,1650,1575,2225,1500,1,6,40.4365461,-86.8935644,149.375,-3.190,0.320,-1.340,3,13.89,15.43,1.82,0
7543,39544,26606,16180,0,0,2.49955,-9.35055,-3.73855,0.245011,-0.303600,-0.416518,-43.508,8.013,-40.167,-39.6516,-50.7602,-34.7976,-155.8369,-158.7152,-115.9091,0.0150744,-0.0283902,-0.0547035,0.000000,0.000000,0.000000,0.00000,0.00000,0.000,0.000,0.000,0.000,0.000,-6.0000,0.0000,0.0000,6.0000,95.00,95.00,90.00,90.00,1650,1575,2225,1500,1,6,40.4365461,-86.8935644,149.375,-3.190,0.320,-1.340,3,13.89,15.43,1.82,0
7575,26901,32132,22632,0,0,2.62764,-9.47505,-3.94205,0.265251,-0.249272,-0.362190,-43.138,7.440,-40.279,-39.7557,-51.0108,-34.9744,-156.9050,-160.0841,-116.8476,0.0150744,-0.0283902,-0.0547035,0.000000,0.000000,0.000000,0.00000,0.00000,0.000,0.000,0.000,0.000,0.000,-6.0000,0.0000,0.0000,6.0000,95.00,95.00,90.00,90.00,1650,1575,2225,1500,1,6,40.4365461,-86.8935644,149.375,-3.190,0.320,-1.340,3,13.89,15.43,1.82,0
7618,26974,15773,12676,0,0,2.98557,-9.23803,-3.81636,0.108657,-0.253533,-0.423975,-42.731,6.028,-40.640,-39.9764,-51.5646,-35.3561,-159.2703,-163.1269,-118.9337,0.0150744,-0.0283902,-0.0547035,0.000000,0.000000,0.000000,0.00000,0.00000,0.000,0.000,0.000,0.000,0.000,-6.0000,0.0000,0.0000,6.0000,95.00,95.00,90.00,90.00,1650,1575,2225,1500,1,6,40.4365461,-86.8935644,149.375,-3.190,0.320,-1.340,3,13.89,15.43,1.82,0
7671,15692,15534,12563,0,0,3.18908,-9.14944,-3.69665,-0.087352,-0.137419,-0.398409,-42.900,5.041,-41.196,-40.1644,-52.0622,-35.7248,-161.4252,-165.9134,-120.8451,0.0150744,-0.0283902,-0.0547035,0.000000,0.000000,0.000000,0.00000,0.00000,0.000,0.000,0.000,0.000,0.000,-6.0000,0.0000,0.0000,6.0000,95.00,95.00,90.00,90.00,1650,1575,2225,1500,1,8,40.4365194,-86.8935671,152.455,-0.310,0.200,-0.050,3,12.61,14.12,0.73,0
7737,19919,19725,12252,0,0,3.44166,-8.49223,-4.07254,-0.019175,-0.189617,-0.398409,-43.037,3.735,-41.706,-40.3758,-52.6317,-36.1432,-163.9142,-169.1488,-123.0657,0.0150744,-0.0283902,-0.0547035,0.000000,0.000000,0.000000,0.00000,0.00000,0.000,0.000,0.000,0.000,0.000,-6.0000,0.0000,0.0000,6.0000,95.00,95.00,90.00,90.00,1650,1575,2225,1500,1,8,40.4365194,-86.8935671,152.455,-0.310,0.200,-0.050,3,12.61,14.12,0.73,0
7782,27452,17160,14154,0,0,3.42131,-8.64067,-3.76249,-0.118244,-0.089482,-0.218379,-48.503,-8.102,-22.447,-33.3666,-57.0649,-32.4373,-151.6414,-183.3682,-114.4832,0.0577442,-0.0189304,-0.0625165,0.000000,0.000000,0.000000,0.00000,0.00000,0.000,0.000,0.000,0.000,0.000,-6.0000,0.0000,0.0000,6.0000,95.00,95.00,90.00,90.00,1650,1575,2225,1500,1,8,40.4365194,-86.8935671,152.455,-0.310,0.200,-0.050,3,12.61,14.12,0.73,0
7828,23699,17144,14124,0,0,3.33153,-8.88369,-3.88579,0.002131,-0.177899,-0.094809,-51.619,-12.031,-14.549,-30.7522,-58.9633,-31.2250,-147.8436,-190.3539,-112.0776,0.0730151,-0.0142686,-0.0659155,0.000000,0.000000,0.000000,0.00000,0.00000,0.000,0.000,0.000,0.000,0.000,-6.0000,0.0000,0.0000,6.0000,95.00,95.00,90.00,90.00,1650,1575,2225,1500,1,8,40.4365194,-86.8935671,152.455,-0.310,0.200,-0.050,3,12.61,14.12,0.73,0
7875,29574,17159,13859,0,0,3.65714,-8.88608,-3.95762,-0.029827,-0.109722,0.033023,-52.977,-13.520,-10.501,-29.5264,-60.1326,-30.9020,-146.7050,-195.2723,-111.6538,0.0787588,-0.0099899,-0.0687017,0.000000,0.000000,0.000000,0.00000,0.00000,0.000,0.000,0.000,0.000,0.000,-6.0000,0.0000,0.0000,6.0000,95.00,95.00,90.00,90.00,1650,1575,2225,1500,1,8,40.4364867,-86.8935657,155.114,-0.060,0.410,0.110,3,11.59,13.03,0.87,0
7921,28139,16748,13709,0,0,3.42850,-8.91601,-3.82354,0.044741,-0.140615,0.059655,-53.166,-13.979,-8.088,-28.8741,-61.0421,-30.9996,-146.5428,-199.4065,-112.0405,0.0799903,-0.0056879,-0.0717234,0.000000,0.000000,0.000000,0.00000,0.00000,0.000,0.000,0.000,0.000,0.000,-6.0000,0.0000,0.0000,6.0000,95.00,95.00,90.00,90.00,1650,1575,2225,1500,1,8,40.4364867,-86.8935657,155.114,-0.060,0.410,0.110,3,11.59,13.03,0.87,0
7982,17218,16941,13938,0,0,3.37942,-9.00699,-3.95522,0.150202,-0.143811,0.101200,-52.246,-14.357,-5.259,-28.1952,-62.2923,-31.4256,-146.4332,-205.1268,-112.7332,0.0784448,0.0023717,-0.0766252,0.000000,0.000000,0.000000,0.00000,0.00000,0.000,0.000,0.000,0.000,0.000,-6.0000,0.0000,0.0000,6.0000,95.00,95.00,90.00,90.00,1650,1575,2225,1500,1,8,40.4364867,-86.8935657,155.114,-0.060,0.410,0.110,3,11.59,13.03,0.87,0
8018,17190,35857,27831,0,0,3.36864,-9.23922,-3.78404,0.062851,-0.107592,0.152333,-52.318,-14.244,-5.028,-28.1734,-62.4434,-31.4967,-146.9177,-206.1989,-113.2740,0.0784448,0.0023717,-0.0766252,0.000000,0.000000,0.000000,0.00000,0.00000,0.000,0.000,0.000,0.000,0.000,-6.0000,0.0000,0.0000,6.0000,95.00,95.00,90.00,90.00,1650,1575,2225,1500,1,8,40.4364867,-86.8935657,155.114,-0.060,0.410,0.110,3,11.59,13.03,0.87,0
8086,29580,36891,23839,0,0,3.16274,-8.97826,-4.14197,0.137419,-0.167247,0.070307,-51.826,-14.162,-3.534,-27.9583,-63.2977,-31.9757,-148.2270,-211.0813,-115.1034,0.0766281,0.0056654,-0.0788246,0.000000,0.000000,0.000000,0.00000,0.00000,0.000,0.000,0.000,0.000,0.000,-6.0000,0.0000,0.0000,6.0000,95.00,95.00,90.00,90.00,1650,1575,2225,1500,1,8,40.4364579,-86.8935649,157.303,-0.230,0.370,0.200,3,10.74,12.07,0.88,0
8138,30823,21746,13797,0,0,2.79523,-9.34457,-3.82354,0.262055,-0.160855,-0.188552,-50.966,-14.696,-2.781,-27.8011,-64.0726,-32.4086,-149.7497,-215.8813,-117.0874,0.0753825,0.0080747,-0.0801880,0.000000,0.000000,0.000000,0.00000,0.00000,0.000,0.000,0.000,0.000,0.000,-6.0000,0.0000,0.0000,6.0000,95.00,95.00,90.00,90.00,1650,1575,2225,1500,1,8,40.4364579,-86.8935649,157.303,-0.230,0.370,0.200,3,10.74,12.07,0.88,0
8170,30986,22671,13848,0,0,2.81199,-8.87171,-3.80678,0.356864,-0.178964,-0.392017,-50.441,-15.335,-2.877,-27.7666,-64.3407,-32.5575,-150.6106,-217.8708,-118.0939,0.0753825,0.0080747,-0.0801880,0.000000,0.000000,0.000000,0.00000,0.00000,0.000,0.000,0.000,0.000,0.000,-6.0000,0.0000,0.0000,6.0000,95.00,95.00,90.00,90.00,1650,1575,2225,1500,1,8,40.4364579,-86.8935649,157.303,-0.230,0.370,0.200,3,10.74,12.07,0.88,0
8223,15886,15949,12931,0,0,3.20224,-8.82144,-3.57335,0.225836,-0.126766,-0.564590,-49.671,-16.825,-3.559,-27.7005,-64.8590,-32.8404,-152.2648,-221.7237,-120.0442,0.0753825,0.0080747,-0.0801880,0.000000,0.000000,0.000000,0.00000,0.00000,0.000,0.000,0.000,0.000,0.000,-6.0000,0.0000,0.0000,6.0000,95.00,95.00,90.00,90.00,1650,1575,2225,1500,1,8,40.4364579,-86.8935649,157.303,-0.230,0.370,0.200,3,10.74,12.07,0.88,0
8267,22045,15642,12640,0,0,3.67390,-9.09557,-3.36984,0.169377,-0.124636,-0.532632,-49.169,-17.966,-4.040,-27.6419,-65.2413,-33.0281,-153.4799,-224.5801,-121.4904,0.0753825,0.0080747,-0.0801880,0.000000,0.000000,0.000000,0.00000,0.00000,0.000,0.000,0.000,0.000,0.000,-6.0000,0.0000,0.0000,6.0000,95.00,95.00,90.00,90.00,1650,1575,2225,1500,1,9,40.4364245,-86.8935642,159.850,-0.050,0.420,0.130,3,9.89,11.22,0.82,0
8325,15802,15526,12537,0,0,3.93846,-8.76757,-3.51708,0.299339,-0.161920,-0.614658,-48.293,-19.752,-4.843,-27.5486,-65.7416,-33.2839,-155.0954,-228.4141,-123.4314,0.0753825,0.0080747,-0.0801880,0.000000,0.000000,0.000000,0.00000,0.00000,0.000,0.000,0.000,0.000,0.000,-6.0000,0.0000,0.0000,6.0000,95.00,95.00,90.00,90.00,1650,1575,2225,1500,1,9,40.4364245,-86.8935642,159.850,-0.050,0.420,0.130,3,9.89,11.22,0.82,0
8373,32237,15663,12703,0,0,4.10845,-8.49822,-3.25252,0.202400,-0.119310,-0.542220,-47.647,-20.951,-5.500,-27.4713,-66.1443,-33.5021,-156.4154,-231.5785,-125.0338,0.0753825,0.0080747,-0.0801880,0.000000,0.000000,0.000000,0.00000,0.00000,0.000,0.000,0.000,0.000,0.000,-6.0000,0.0000,0.0000,6.0000,95.00,95.00,90.00,90.00,1650,1575,2225,1500,1,9,40.4364245,-86.8935642,159.850,-0.050,0.420,0.130,3,9.89,11.22,0.82,0
8433,16778,15605,12641,0,0,4.23175,-8.30788,-3.50391,0.171508,-0.071373,-0.376038,-47.063,-22.174,-6.069,-27.3765,-66.6498,-33.7760,-158.0517,-235.5402,-127.0408,0.0753825,0.0080747,-0.0801880,0.000000,0.000000,0.000000,0.00000,0.00000,0.000,0.000,0.000,0.000,0.000,-6.0000,0.0000,0.0000,6.0000,95.00,95.00,90.00,90.00,1650,1575,2225,1500,1,8,40.4363960,-86.8935642,161.727,0.000,0.360,0.130,3,9.16,10.41,0.78,0
8472,22291,17056,14057,0,0,4.35864,-8.21690,-3.36744,0.142745,-0.017044,-0.196009,-49.878,-24.871,-6.906,-27.9404,-65.9021,-32.5978,-159.8770,-235.5365,-125.8950,0.0839986,0.0133398,-0.0690117,0.000000,0.000000,0.000000,0.00000,0.00000,0.000,0.000,0.000,0.000,0.000,-6.0000,0.0000,0.0000,6.0000,95.00,95.00,90.00,90.00,1650,1575,2225,1500,1,8,40.4363960,-86.8935642,161.727,0.000,0.360,0.130,3,9.16,10.41,0.78,0
8534,37615,23289,20265,0,0,4.60525,-8.41921,-3.24055,0.116114,0.027697,0.046872,-50.953,-25.660,-6.976,-28.1268,-65.9445,-32.3004,-161.6957,-238.1981,-126.6667,0.0871507,0.0159735,-0.0647286,0.000000,0.000000,0.000000,0.00000,0.00000,0.000,0.000,0.000,0.000,0.000,-6.0000,0.0000,0.0000,6.0000,95.00,95.00,90.00,90.00,1650,1575,2225,1500,1,8,40.4363960,-86.8935642,161.727,0.000,0.360,0.130,3,9.16,10.41,0.78,0
8590,36767,18989,12687,0,0,4.64954,-8.61314,-3.11127,0.073503,0.078830,0.343015,-51.233,-24.617,-6.289,-28.0449,-66.4307,-32.5209,-163.3895,-242.1895,-128.6213,0.0871507,0.0159735,-0.0647286,0.000000,0.000000,0.000000,0.00000,0.00000,0.000,0.000,0.000,0.000,0.000,-6.0000,0.0000,0.0000,6.0000,95.00,95.00,90.00,90.00,1650,1575,2225,1500,1,8,40.4363960,-86.8935642,161.727,0.000,0.360,0.130,3,9.16,10.41,0.78,0
8617,19239,27256,19292,0,0,4.59687,-8.69454,-3.18309,0.068177,0.082025,0.396278,-51.372,-24.175,-6.003,-28.0182,-66.5866,-32.5890,-163.9287,-243.4691,-129.2476,0.0871507,0.0159735,-0.0647286,0.000000,0.000000,0.000000,0.00000,0.00000,0.000,0.000,0.000,0.000,0.000,-6.0000,0.0000,0.0000,6.0000,95.00,95.00,90.00,90.00,1650,1575,2225,1500,1,8,40.4363960,-86.8935642,161.727,0.000,0.360,0.130,3,9.16,10.41,0.78,0
8676,15352,15224,12172,0,0,4.16950,-8.80109,-3.16873,0.078830,0.094809,0.653007,-51.951,-21.917,-4.570,-27.9275,-67.1607,-32.8282,-165.9143,-248.2161,-131.5693,0.0871507,0.0159735,-0.0647286,0.000000,0.000000,0.000000,0.00000,0.00000,0.000,0.000,0.000,0.000,0.000,-6.0000,0.0000,0.0000,6.0000,95.00,95.00,90.00,90.00,1650,1575,2225,1500,1,8,40.4363688,-86.8935639,163.697,-0.050,0.190,0.160,3,8.48,9.64,0.79,0
8729,15745,15537,12550,0,0,3.57095,-8.89805,-3.63919,0.264186,0.241815,0.882039,-52.038,-19.495,-3.292,-27.8613,-67.5975,-33.0346,-167.3782,-251.7519,-133.2973,0.0871507,0.0159735,-0.0647286,0.000000,0.000000,0.000000,0.00000,0.00000,0.000,0.000,0.000,0.000,0.000,-6.0000,0.0000,0.0000,6.0000,95.00,95.00,90.00,90.00,1650,1575,2225,1500,1,8,40.4363688,-86.8935639,163.697,-0.050,0.190,0.160,3,8.48,9.64,0.79,0
8771,26025,15658,12656,0,0,3.20464,-9.14106,-2.41814,0.361125,0.515588,1.106810,-51.684,-16.673,-2.436,-27.8163,-67.9249,-33.1869,-168.5413,-254.5830,-134.6808,0.0871507,0.0159735,-0.0647286,0.000000,0.000000,0.000000,0.00000,0.00000,0.000,0.000,0.000,0.000,0.000,-6.0000,0.0000,0.0000,6.0000,95.00,95.00,90.00,90.00,1650,1575,2225,1500,1,8,40.4363688,-86.8935639,163.697,-0.050,0.190,0.160,3,8.48,9.64,0.79,0
8819,23439,15210,12200,0,0,2.86347,-9.72525,-2.17753,0.360059,0.385626,1.059938,-51.243,-13.480,-1.270,-27.7607,-68.3013,-33.3447,-169.8851,-257.8767,-136.2895,0.0871507,0.0159735,-0.0647286,0.000000,0.000000,0.000000,0.00000,0.00000,0.000,0.000,0.000,0.000,0.000,-6.0000,0.0000,0.0000,6.0000,95.00,95.00,90.00,90.00,1650,1575,2225,1500,1,8,40.4363688,-86.8935639,163.697,-0.050,0.190,0.160,3,8.48,9.64,0.79,0
8879,15841,15134,12135,0,0,2.05303,-9.95030,-2.13323,0.267381,0.324906,0.975782,-50.813,-9.931,0.132,-27.7034,-68.7737,-33.5296,-171.5469,-261.9838,-138.2932,0.0871507,0.0159735,-0.0647286,0.000000,0.000000,0.000000,0.00000,0.00000,0.000,0.000,0.000,0.000,0.000,-6.0000,0.0000,0.0000,6.0000,95.00,95.00,90.00,90.00,1650,1575,2225,1500,1,10,40.4363404,-86.8935676,164.606,0.020,0.100,0.160,3,7.76,8.78,0.60,0
8921,27082,15584,12573,0,0,1.86269,-9.92397,-2.06859,0.199204,0.263120,0.818123,-50.641,-7.799,1.088,-27.6577,-69.1087,-33.6673,-172.7216,-264.9095,-139.7190,0.0871507,0.0159735,-0.0647286,0.000000,0.000000,0.000000,0.00000,0.00000,0.000,0.000,0.000,0.000,0.000,-6.0000,0.0000,0.0000,6.0000,95.00,95.00,90.00,90.00,1650,1575,2225,1500,1,10,40.4363404,-86.8935676,164.606,0.020,0.100,0.160,3,7.76,8.78,0.60,0
8973,15371,15461,12532,0,0,1.43054,-10.17655,-1.69270,0.138484,0.295078,0.741424,-50.488,-5.322,2.010,-27.6012,-69.5118,-33.8193,-174.1591,-268.5155,-141.4746,0.0871507,0.0159735,-0.0647286,0.000000,0.000000,0.000000,0.00000,0.00000,0.000,0.000,0.000,0.000,0.000,-6.0000,0.0000,0.0000,6.0000,95.00,95.00,90.00,90.00,1650,1575,2225,1500,1,10,40.4363404,-86.8935676,164.606,0.020,0.100,0.160,3,7.76,8.78,0.60,0
9022,25045,38764,28311,0,0,1.17914,-10.11909,-1.83755,0.100135,0.194943,0.660464,-50.509,-4.355,2.475,-27.5759,-69.7075,-33.8969,-174.8500,-270.2589,-142.3226,0.0871507,0.0159735,-0.0647286,0.000000,0.000000,0.000000,0.00000,0.00000,0.000,0.000,0.000,0.000,0.000,-6.0000,0.0000,0.0000,6.0000,95.00,95.00,90.00,90.00,1650,1575,2225,1500,1,10,40.4363404,-86.8935676,164.606,0.020,0.100,0.160,3,7.76,8.78,0.60,0
9084,26662,35073,22242,0,0,0.74340,-10.02093,-1.77171,0.072438,0.160855,0.581634,-50.495,-1.944,3.646,-27.5048,-70.2224,-34.1074,-176.6814,-274.9115,-144.5837,0.0871507,0.0159735,-0.0647286,0.000000,0.000000,0.000000,0.00000,0.00000,0.000,0.000,0.000,0.000,0.000,-6.0000,0.0000,0.0000,6.0000,95.00,95.00,90.00,90.00,1650,1575,2225,1500,1,10,40.4363166,-86.8935697,164.763,-0.180,0.310,0.260,3,7.11,7.94,0.47,0
9131,29589,17034,14023,0,0,0.34836,-10.06522,-1.68432,0.053263,0.087352,0.567786,-50.622,0.021,4.894,-27.4423,-70.7220,-34.3006,-178.4639,-279.4838,-146.8027,0.0871507,0.0159735,-0.0647286,0.000000,0.000000,0.000000,0.00000,0.00000,0.000,0.000,0.000,0.000,0.000,-6.0000,0.0000,0.0000,6.0000,95.00,95.00,90.00,90.00,1650,1575,2225,1500,1,10,40.4363166,-86.8935697,164.763,-0.180,0.310,0.260,3,7.11,7.94,0.47,0
9174,21999,15555,12318,0,0,0.16400,-9.85813,-1.82079,0.006392,0.139550,0.614658,-50.766,1.440,5.795,-27.3959,-71.0583,-34.4427,-179.6777,-282.6219,-148.3242,0.0871507,0.0159735,-0.0647286,0.000000,0.000000,0.000000,0.00000,0.00000,0.000,0.000,0.000,0.000,0.000,-6.0000,0.0000,0.0000,6.0000,95.00,95.00,90.00,90.00,1650,1575,2225,1500,1,10,40.4363166,-86.8935697,164.763,-0.180,0.310,0.260,3,7.11,7.94,0.47,0
9231,16528,15700,12700,0,0,-0.31005,-9.99100,-1.79086,0.069242,0.144876,0.600809,-50.795,3.378,6.896,-27.3396,-71.4923,-34.6221,-181.2406,-286.6924,-150.2963,0.0871507,0.0159735,-0.0647286,0.000000,0.000000,0.000000,0.00000,0.00000,0.000,0.000,0.000,0.000,0.000,-6.0000,0.0000,0.0000,6.0000,95.00,95.00,90.00,90.00,1650,1575,2225,1500,1,10,40.4362977,-86.8935737,164.797,-0.090,0.387,0.244,3,6.57,7.23,0.42,0
9274,26131,15615,12621,0,0,-0.69671,-9.90242,-1.78967,0.046872,0.218379,0.688161,-50.834,5.057,7.666,-27.3013,-71.8129,-34.7589,-182.3979,-289.7274,-151.7657,0.0871507,0.0159735,-0.0647286,0.000000,0.000000,0.000000,0.00000,0.00000,0.000,0.000,0.000,0.000,0.000,-6.0000,0.0000,0.0000,6.0000,95.00,95.00,90.00,90.00,1650,1575,2225,1500,1,10,40.4362977,-86.8935737,164.797,-0.090,0.390,0.240,3,6.57,7.23,0.42,0
9332,15737,15497,12551,0,0,-0.93015,-9.74560,-1.96085,0.068177,0.380299,0.743555,-50.773,7.863,8.576,-27.2422,-72.2597,-34.9594,-183.9945,-293.9447,-153.8064,0.0871507,0.0159735,-0.0647286,0.000000,0.000000,0.000000,0.00000,0.00000,0.000,0.000,0.000,0.000,0.000,-6.0000,0.0000,0.0000,6.0000,95.00,95.00,90.00,90.00,1650,1575,2225,1500,1,10,40.4362977,-86.8935737,164.797,-0.090,0.390,0.240,3,6.57,7.23,0.42,0
9376,28431,15485,12234,0,0,-1.68911,-10.08079,-2.00514,0.100135,0.604005,0.965130,-50.678,10.627,9.111,-27.2019,-72.6046,-35.0985,-185.1962,-297.1424,-155.3529,0.0871507,0.0159735,-0.0647286,0.000000,0.000000,0.000000,0.00000,0.00000,0.000,0.000,0.000,0.000,0.000,-6.0000,0.0000,0.0000,6.0000,95.00,95.00,90.00,90.00,1650,1575,2225,1500,1,10,40.4362977,-86.8935737,164.797,-0.090,0.390,0.240,3,6.57,7.23,0.42,0
9424,31550,16017,13044,0,0,-1.98958,-9.98382,-1.65320,0.049002,0.655138,1.006675,-50.646,13.936,9.647,-27.1572,-72.9635,-35.2333,-186.4807,-300.5820,-157.0148,0.0871507,0.0159735,-0.0647286,0.000000,0.000000,0.000000,0.00000,0.00000,0.000,0.000,0.000,0.000,0.000,-6.0000,0.0000,0.0000,6.0000,95.00,95.00,90.00,90.00,1650,1575,2225,1500,1,10,40.4362977,-86.8935737,164.797,-0.090,0.390,0.240,3,6.57,7.23,0.42,0
9477,15609,15189,12135,0,0,-2.53546,-10.02332,-2.07458,0.035154,0.673247,1.112136,-50.747,17.795,10.367,-27.1056,-73.3760,-35.3882,-187.9298,-304.4901,-158.9008,0.0871507,0.0159735,-0.0647286,0.000000,0.000000,0.000000,0.00000,0.00000,0.000,0.000,0.000,0.000,0.000,-6.0000,0.0000,0.0000,6.0000,95.00,95.00,90.00,90.00,1650,1575,2225,1500,1,10,40.4362815,-86.8935775,164.909,-0.010,0.230,0.230,3,6.12,6.63,0.44,0
9536,30329,29038,21143,0,0,-2.97839,-9.66539,-1.32280,-0.074569,0.692422,1.057808,-50.868,21.279,10.913,-27.0621,-73.7090,-35.5077,-189.1684,-307.8533,-160.5220,0.0871507,0.0159735,-0.0647286,0.000000,0.000000,0.000000,0.00000,0.00000,0.000,0.000,0.000,0.000,0.000,-6.0000,0.0000,0.0000,6.0000,95.00,95.00,90.00,90.00,1650,1575,2225,1500,1,10,40.4362815,-86.8935775,164.909,-0.010,0.230,0.230,3,6.12,6.63,0.44,0
9567,29250,30320,27275,0,0,-3.30041,-9.80904,-1.27611,-0.095874,0.619984,0.965130,-51.051,23.258,11.238,-27.0310,-73.9163,-35.5730,-189.9595,-310.0124,-161.5615,0.0871507,0.0159735,-0.0647286,0.000000,0.000000,0.000000,0.00000,0.00000,0.000,0.000,0.000,0.000,0.000,-6.0000,0.0000,0.0000,6.0000,95.00,95.00,90.00,90.00,1650,1575,2225,1500,1,10,40.4362815,-86.8935775,164.909,-0.010,0.230,0.230,3,6.12,6.63,0.44,0
9632,21152,16112,13138,0,0,-3.51589,-9.12191,-2.14760,-0.028762,0.503870,0.803209,-51.149,27.742,12.383,-26.9390,-74.5036,-35.7761,-192.0951,-315.8853,-164.3841,0.0871507,0.0159735,-0.0647286,0.000000,0.000000,0.000000,0.00000,0.00000,0.000,0.000,0.000,0.000,0.000,-6.0000,0.0000,0.0000,6.0000,95.00,95.00,90.00,90.00,1650,1575,2225,1500,1,10,40.4362815,-86.8935775,164.909,-0.010,0.230,0.230,3,6.12,6.63,0.44,0
9675,22034,15668,12277,0,0,-4.35146,-9.14226,-1.77410,0.014914,0.422910,0.902279,-50.913,30.305,13.164,-26.8984,-74.8203,-35.8905,-193.2825,-319.1787,-165.9648,0.0871507,0.0159735,-0.0647286,0.000000,0.000000,0.000000,0.00000,0.00000,0.000,0.000,0.000,0.000,0.000,-6.0000,0.0000,0.0000,6.0000,95.00,95.00,90.00,90.00,1650,1575,2225,1500,1,10,40.4362679,-86.8935813,164.859,-0.100,0.100,0.250,3,5.72,6.14,0.36,0
9717,21563,15265,12207,0,0,-4.62679,-8.79630,-1.98958,0.124636,0.351537,0.931041,-50.446,32.684,14.031,-26.8538,-75.1258,-35.9954,-194.4244,-322.3644,-167.4919,0.0871507,0.0159735,-0.0647286,0.000000,0.000000,0.000000,0.00000,0.00000,0.000,0.000,0.000,0.000,0.000,-6.0000,0.0000,0.0000,6.0000,95.00,95.00,90.00,90.00,1650,1575,2225,1500,1,10,40.4362679,-86.8935813,164.859,-0.100,0.100,0.250,3,5.72,6.14,0.36,0
9770,15639,15557,12536,0,0,-4.70341,-8.68377,-1.71664,-0.074569,0.410127,0.807470,-50.285,35.357,14.970,-26.8012,-75.4833,-36.1406,-195.8269,-326.3009,-169.3775,0.0871507,0.0159735,-0.0647286,0.000000,0.000000,0.000000,0.00000,0.00000,0.000,0.000,0.000,0.000,0.000,-6.0000,0.0000,0.0000,6.0000,95.00,95.00,90.00,90.00,1650,1575,2225,1500,1,10,40.4362679,-86.8935813,164.859,-0.100,0.100,0.250,3,5.72,6.14,0.36,0
9839,19986,22108,12512,0,0,-4.95360,-7.79313,-2.32118,-0.366451,0.412257,0.516653,-50.970,38.061,15.559,-26.7546,-75.9174,-36.3232,-197.5052,-331.0457,-171.6482,0.0871507,0.0159735,-0.0647286,0.000000,0.000000,0.000000,0.00000,0.00000,0.000,0.000,0.000,0.000,0.000,-6.0000,0.0000,0.0000,6.0000,95.00,95.00,90.00,90.00,1650,1575,2225,1500,1,10,40.4362679,-86.8935813,164.859,-0.100,0.100,0.250,3,5.72,6.14,0.36,0
9868,28025,22665,19570,0,0,-5.39054,-7.85777,-2.27329,-0.461259,0.456998,0.449542,-51.881,39.148,15.509,-26.7363,-76.1054,-36.3988,-198.2548,-333.1759,-172.6673,0.0871507,0.0159735,-0.0647286,0.000000,0.000000,0.000000,0.00000,0.00000,0.000,0.000,0.000,0.000,0.000,-6.0000,0.0000,0.0000,6.0000,95.00,95.00,90.00,90.00,1650,1575,2225,1500,1,11,40.4362611,-86.8935854,164.265,0.297,0.109,0.223,3,5.33,5.71,0.39,0
9927,15844,15594,12557,0,0,-5.26246,-7.72369,-3.08373,-0.661529,0.488956,0.156594,-54.835,41.212,14.660,-26.6761,-76.5703,-36.5797,-200.0145,-338.2061,-175.0715,0.0871507,0.0159735,-0.0647286,0.000000,0.000000,0.000000,0.00000,0.00000,0.000,0.000,0.000,0.000,0.000,-6.0000,0.0000,0.0000,6.0000,95.00,95.00,90.00,90.00,1650,1575,2225,1500,1,11,40.4362611,-86.8935854,164.265,0.300,0.110,0.220,3,5.33,5.71,0.39,0
9969,26363,15701,12673,0,0,-5.21218,-7.80270,-3.54581,-0.590156,0.517718,-0.021305,-57.317,42.036,13.457,-26.6381,-76.8725,-36.7027,-201.1389,-341.4423,-176.6171,0.0871507,0.0159735,-0.0647286,0.000000,0.000000,0.000000,0.00000,0.00000,0.000,0.000,0.000,0.000,0.000,-6.0000,0.0000,0.0000,6.0000,95.00,95.00,90.00,90.00,1650,1575,2225,1500,1,11,40.4362611,-86.8935854,164.265,0.300,0.110,0.220,3,5.33,5.71,0.39,0
10023,35475,18587,15518,0,0,-5.07930,-7.85777,-4.02824,-0.523045,0.615723,-0.112918,-60.557,42.801,11.392,-26.5873,-77.2445,-36.8541,-202.5073,-345.4042,-178.5082,0.0871507,0.0159735,-0.0647286,0.000000,0.000000,0.000000,0.00000,0.00000,0.000,0.000,0.000,0.000,0.000,-6.0000,0.0000,0.0000,6.0000,95.00,95.00,90.00,90.00,1650,1575,2225,1500,1,11,40.4362611,-86.8935854,164.265,0.300,0.110,0.220,3,5.33,5.71,0.39,0
10069,28676,36178,27829,0,0,-5.03501,-7.76679,-4.12042,-0.436758,0.617853,-0.117179,-62.266,43.198,10.149,-26.5585,-77.4508,-36.9328,-203.2693,-347.6222,-179.5662,0.0871507,0.0159735,-0.0647286,0.000000,0.000000,0.000000,0.00000,0.00000,0.000,0.000,0.000,0.000,0.000,-6.0000,0.0000,0.0000,6.0000,95.00,95.00,90.00,90.00,1650,1575,2225,1500,1,12,40.4362538,-86.8935899,163.744,0.010,0.120,0.150,3,4.99,5.33,0.41,0
10121,29395,22400,13928,0,0,-5.01705,-7.61356,-4.97156,-0.249272,0.456998,0.090547,-65.291,44.390,7.990,-26.4975,-77.9392,-37.1179,-205.0149,-352.7346,-182.0026,0.0871507,0.0159735,-0.0647286,0.000000,0.000000,0.000000,0.00000,0.00000,0.000,0.000,0.000,0.000,0.000,-6.0000,0.0000,0.0000,6.0000,95.00,95.00,90.00,90.00,1650,1575,2225,1500,1,12,40.4362538,-86.8935899,163.744,0.010,0.120,0.150,3,4.99,5.33,0.41,0
10180,15847,15181,12158,0,0,-4.88896,-7.63990,-5.01466,-0.078830,0.109722,0.240750,-66.450,45.731,7.573,-26.4239,-78.4382,-37.3002,-206.7525,-357.8690,-184.4459,0.0871507,0.0159735,-0.0647286,0.000000,0.000000,0.000000,0.00000,0.00000,0.000,0.000,0.000,0.000,0.000,-6.0000,0.0000,0.0000,6.0000,95.00,95.00,90.00,90.00,1650,1575,2225,1500,1,12,40.4362538,-86.8935899,163.744,0.010,0.120,0.150,3,4.99,5.33,0.41,0
10223,26807,16196,13116,0,0,-4.62081,-7.46991,-5.04817,0.098004,0.000000,0.233293,-66.149,46.366,8.013,-26.3688,-78.7571,-37.4312,-207.8666,-361.1864,-186.0230,0.0871507,0.0159735,-0.0647286,0.000000,0.000000,0.000000,0.00000,0.00000,0.000,0.000,0.000,0.000,0.000,-6.0000,0.0000,0.0000,6.0000,95.00,95.00,90.00,90.00,1650,1575,2225,1500,1,12,40.4362538,-86.8935899,163.744,0.010,0.120,0.150,3,4.99,5.33,0.41,0
10280,15782,15164,12153,0,0,-5.18105,-8.17620,-4.91290,0.311057,-0.005326,0.122505,-65.277,47.071,8.436,-26.2746,-79.1989,-37.5798,-209.3963,-365.7764,-188.2029,0.0871507,0.0159735,-0.0647286,0.000000,0.000000,0.000000,0.00000,0.00000,0.000,0.000,0.000,0.000,0.000,-6.0000,0.0000,0.0000,6.0000,95.00,95.00,90.00,90.00,1650,1575,2225,1500,1,12,40.4362484,-86.8935974,163.757,0.540,-0.390,-0.020,3,4.66,5.03,0.29,0
10324,27503,15735,12684,0,0,-5.12000,-7.92481,-4.60405,0.460194,-0.052198,-0.012783,-64.154,47.145,8.756,-26.2120,-79.5217,-37.6870,-210.5222,-369.1811,-189.8174,0.0871507,0.0159735,-0.0647286,0.000000,0.000000,0.000000,0.00000,0.00000,0.000,0.000,0.000,0.000,0.000,-6.0000,0.0000,0.0000,6.0000,95.00,95.00,90.00,90.00,1650,1575,2225,1500,1,12,40.4362484,-86.8935974,163.757,0.540,-0.390,-0.020,3,4.66,5.03,0.29,0
10369,29439,15727,12699,0,0,-5.07690,-7.70813,-4.55377,0.663660,-0.238619,-0.122505,-62.288,46.818,9.435,-26.1548,-79.8631,-37.8115,-211.7112,-372.8001,-191.5316,0.0871507,0.0159735,-0.0647286,0.000000,0.000000,0.000000,0.00000,0.00000,0.000,0.000,0.000,0.000,0.000,-6.0000,0.0000,0.0000,6.0000,95.00,95.00,90.00,90.00,1650,1575,2225,1500,1,12,40.4362484,-86.8935974,163.757,0.540,-0.390,-0.020,3,4.66,5.03,0.29,0
10428,16026,16064,12999,0,0,-4.72376,-7.82545,-4.03543,0.752077,-0.258859,-0.265251,-59.571,45.838,10.270,-26.0821,-80.2997,-38.0038,-213.2499,-377.5176,-193.7647,0.0871507,0.0159735,-0.0647286,0.000000,0.000000,0.000000,0.00000,0.00000,0.000,0.000,0.000,0.000,0.000,-6.0000,0.0000,0.0000,6.0000,95.00,95.00,90.00,90.00,1650,1575,2225,1500,1,12,40.4362484,-86.8935974,163.757,0.540,-0.390,-0.020,3,4.66,5.03,0.29,0
10483,30890,22483,12590,0,0,-4.93924,-8.91002,-3.65954,0.705205,-0.164051,-0.294013,-57.710,45.045,10.435,-25.9971,-80.6629,-38.1243,-214.4961,-381.3690,-195.5863,0.0871507,0.0159735,-0.0647286,0.000000,0.000000,0.000000,0.00000,0.00000,0.000,0.000,0.000,0.000,0.000,-6.0000,0.0000,0.0000,6.0000,95.00,95.00,90.00,90.00,1650,1575,2225,1500,1,13,40.4362423,-86.8936004,163.349,-0.030,-0.160,0.010,3,4.36,4.75,0.27,0
10519,22797,35732,22731,0,0,-4.80516,-8.71370,-3.43089,0.661529,-0.247141,-0.300405,-56.838,44.600,10.608,-25.9565,-80.8324,-38.1830,-215.0883,-383.2098,-196.4561,0.0871507,0.0159735,-0.0647286,0.000000,0.000000,0.000000,0.00000,0.00000,0.000,0.000,0.000,0.000,0.000,-6.0000,0.0000,0.0000,6.0000,95.00,95.00,90.00,90.00,1650,1575,2225,1500,1,13,40.4362423,-86.8936004,163.349,-0.030,-0.160,0.010,3,4.36,4.75,0.27,0
10568,26832,22594,14521,0,0,-4.95001,-8.38928,-2.73298,0.534763,-0.446346,-0.183225,-54.258,43.325,11.775,-25.8643,-81.2761,-38.3495,-216.7155,-388.3003,-198.8594,0.0871507,0.0159735,-0.0647286,0.000000,0.000000,0.000000,0.00000,0.00000,0.000,0.000,0.000,0.000,0.000,-6.0000,0.0000,0.0000,6.0000,95.00,95.00,90.00,90.00,1650,1575,2225,1500,1,13,40.4362423,-86.8936004,163.349,-0.030,-0.160,0.010,3,4.36,4.75,0.27,0
10627,16098,16038,12984,0,0,-4.76925,-8.50660,-2.09612,0.401605,-0.599744,-0.177899,-51.512,41.656,13.887,-25.7628,-81.7247,-38.5274,-218.4082,-393.6445,-201.3798,0.0871507,0.0159735,-0.0647286,0.000000,0.000000,0.000000,0.00000,0.00000,0.000,0.000,0.000,0.000,0.000,-6.0000,0.0000,0.0000,6.0000,95.00,95.00,90.00,90.00,1650,1575,2225,1500,1,13,40.4362423,-86.8936004,163.349,-0.030,-0.160,0.010,3,4.36,4.75,0.27,0
10671,22099,15739,12687,0,0,-4.72855,-8.64307,-1.84832,0.384560,-0.497478,-0.283360,-49.977,40.440,14.970,-25.6853,-82.0255,-38.6393,-219.5402,-397.2478,-203.0778,0.0871507,0.0159735,-0.0647286,0.000000,0.000000,0.000000,0.00000,0.00000,0.000,0.000,0.000,0.000,0.000,-6.0000,0.0000,0.0000,6.0000,95.00,95.00,90.00,90.00,1650,1575,2225,1500,1,13,40.4362361,-86.8936048,162.946,0.400,-0.240,-0.030,3,4.07,4.52,0.22,0
10719,22996,15255,12204,0,0,-4.46279,-8.65384,-2.02071,0.416518,-0.494283,-0.511327,-48.739,38.661,15.450,-25.6034,-82.3604,-38.7782,-220.7704,-401.1907,-204.9347,0.0871507,0.0159735,-0.0647286,0.000000,0.000000,0.000000,0.00000,0.00000,0.000,0.000,0.000,0.000,0.000,-6.0000,0.0000,0.0000,6.0000,95.00,95.00,90.00,90.00,1650,1575,2225,1500,1,13,40.4362361,-86.8936048,162.946,0.400,-0.240,-0.030,3,4.07,4.52,0.22,0
10777,15748,15214,12151,0,0,-4.40294,-8.71370,-1.34674,0.434628,-0.638093,-0.857538,-47.521,35.636,15.405,-25.5137,-82.7560,-38.9546,-222.2676,-406.0269,-207.2117,0.0871507,0.0159735,-0.0647286,0.000000,0.000000,0.000000,0.00000,0.00000,0.000,0.000,0.000,0.000,0.000,-6.0000,0.0000,0.0000,6.0000,95.00,95.00,90.00,90.00,1650,1575,2225,1500,1,13,40.4362361,-86.8936048,162.946,0.400,-0.240,-0.030,3,4.07,4.52,0.22,0
10830,15798,15586,12574,0,0,-4.03662,-9.30626,-0.86311,0.300405,-0.626375,-1.062069,-47.066,32.213,14.797,-25.4284,-83.1084,-39.0884,-223.5988,-410.3613,-209.2512,0.0871507,0.0159735,-0.0647286,0.000000,0.000000,0.000000,0.00000,0.00000,0.000,0.000,0.000,0.000,0.000,-6.0000,0.0000,0.0000,6.0000,95.00,95.00,90.00,90.00,1650,1575,2225,1500,1,13,40.4362361,-86.8936048,162.946,0.400,-0.240,-0.030,3,4.07,4.52,0.22,0
10874,28118,15714,12374,0,0,-3.55180,-9.47146,-0.70030,0.030893,-0.597613,-1.220793,-47.613,29.080,13.886,-25.3531,-83.4049,-39.1862,-224.7145,-414.0196,-210.9708,0.0871507,0.0159735,-0.0647286,0.000000,0.000000,0.000000,0.00000,0.00000,0.000,0.000,0.000,0.000,0.000,-6.0000,0.0000,0.0000,6.0000,95.00,95.00,90.00,90.00,1650,1575,2225,1500,1,13,40.4362310,-86.8936069,162.739,0.310,-0.080,-0.120,3,3.81,4.32,0.23,0
10921,22012,15208,12193,0,0,-2.31160,-8.71250,-0.46926,-0.602940,-0.705205,-1.460477,-49.487,25.069,12.833,-25.2688,-83.6849,-39.3373,-225.9137,-417.9778,-212.8309,0.0871507,0.0159735,-0.0647286,0.000000,0.000000,0.000000,0.00000,0.00000,0.000,0.000,0.000,0.000,0.000,-6.0000,0.0000,0.0000,6.0000,95.00,95.00,90.00,90.00,1650,1575,2225,1500,1,13,40.4362310,-86.8936069,162.739,0.310,-0.080,-0.120,3,3.81,4.32,0.23,0
10979,15787,15116,12141,0,0,-0.79727,-9.51815,-1.70826,-0.838363,-0.495348,-1.817341,-53.495,19.505,10.760,-25.1282,-84.0787,-39.5114,-227.3964,-422.9124,-215.1499,0.0871507,0.0159735,-0.0647286,0.000000,0.000000,0.000000,0.00000,0.00000,0.000,0.000,0.000,0.000,0.000,-6.0000,0.0000,0.0000,6.0000,95.00,95.00,90.00,90.00,1650,1575,2225,1500,1,13,40.4362310,-86.8936069,162.739,0.310,-0.080,-0.120,3,3.81,4.32,0.23,0
11040,30511,30335,22395,0,0,0.33519,-10.61110,-1.90818,-1.120658,0.411192,-1.532915,-57.397,16.357,7.831,-24.9672,-84.3879,-39.6330,-228.5446,-426.7737,-216.9642,0.0871507,0.0159735,-0.0647286,0.000000,0.000000,0.000000,0.00000,0.00000,0.000,0.000,0.000,0.000,0.000,-6.0000,0.0000,0.0000,6.0000,95.00,95.00,90.00,90.00,1650,1575,2225,1500,1,13,40.4362310,-86.8936069,162.739,0.310,-0.080,-0.120,3,3.81,4.32,0.23,0
11072,36254,25582,22562,0,0,0.57581,-10.88045,-1.90339,-1.135572,0.691357,-1.285774,-60.639,14.904,5.227,-24.8446,-84.6313,-39.6944,-229.4475,-429.8375,-218.4022,0.0871507,0.0159735,-0.0647286,0.000000,0.000000,0.000000,0.00000,0.00000,0.000,0.000,0.000,0.000,0.000,-6.0000,0.0000,0.0000,6.0000,95.00,95.00,90.00,90.00,1650,1575,2225,1500,1,12,40.4362253,-86.8936063,162.703,-0.100,-0.050,-0.050,3,3.59,4.19,0.22,0
11132,35481,24522,14132,0,0,0.64643,-10.46745,-2.78685,-0.517718,0.553937,-0.743555,-64.026,13.410,1.866,-24.6668,-85.0666,-39.8205,-230.9638,-435.0351,-220.8377,0.0871507,0.0159735,-0.0647286,0.000000,0.000000,0.000000,0.00000,0.00000,0.000,0.000,0.000,0.000,0.000,-6.0000,0.0000,0.0000,6.0000,95.00,95.00,90.00,90.00,1650,1575,2225,1500,1,12,40.4362253,-86.8936063,162.703,-0.100,-0.050,-0.050,3,3.59,4.19,0.22,0
11175,26871,15710,12339,0,0,0.78410,-10.17775,-2.79403,-0.022371,0.465521,-0.577373,-65.118,12.509,-0.208,-24.5316,-85.4220,-39.9237,-232.2339,-439.4366,-222.8963,0.0871507,0.0159735,-0.0647286,0.000000,0.000000,0.000000,0.00000,0.00000,0.000,0.000,0.000,0.000,0.000,-6.0000,0.0000,0.0000,6.0000,95.00,95.00,90.00,90.00,1650,1575,2225,1500,1,12,40.4362253,-86.8936063,162.703,-0.100,-0.050,-0.050,3,3.59,4.19,0.22,0
11218,27147,15503,12473,0,0,1.24498,-9.60075,-2.79164,-0.365386,0.454868,-0.700944,-66.372,11.516,-1.846,-24.4220,-85.7015,-40.0350,-233.2884,-443.1228,-224.6187,0.0871507,0.0159735,-0.0647286,0.000000,0.000000,0.000000,0.00000,0.00000,0.000,0.000,0.000,0.000,0.000,-6.0000,0.0000,0.0000,6.0000,95.00,95.00,90.00,90.00,1650,1575,2225,1500,1,12,40.4362253,-86.8936063,162.703,-0.100,-0.050,-0.050,3,3.59,4.19,0.22,0
11277,15754,15163,12156,0,0,2.09612,-10.04128,-2.92571,0.014914,0.290817,-0.705205,-67.678,9.906,-3.812,-24.2446,-86.0994,-40.1666,-234.7327,-448.2212,-226.9989,0.0871507,0.0159735,-0.0647286,0.000000,0.000000,0.000000,0.00000,0.00000,0.000,0.000,0.000,0.000,0.000,-6.0000,0.0000,0.0000,6.0000,95.00,95.00,90.00,90.00,1650,1575,2225,1500,1,12,40.4362231,-86.8936057,162.908,-0.100,0.000,-0.060,3,3.42,4.08,0.26,0
11334,19842,16316,12344,0,0,2.43730,-9.64744,-3.13760,0.082025,0.175769,-0.719054,-68.102,8.159,-5.208,-24.0777,-86.4868,-40.2863,-236.0903,-453.0703,-229.2592,0.0871507,0.0159735,-0.0647286,0.000000,0.000000,0.000000,0.00000,0.00000,0.000,0.000,0.000,0.000,0.000,-6.0000,0.0000,0.0000,6.0000,95.00,95.00,90.00,90.00,1650,1575,2225,1500,1,12,40.4362231,-86.8936057,162.908,-0.100,0.000,-0.060,3,3.42,4.08,0.26,0
11379,29540,15223,12213,0,0,2.64080,-9.30985,-3.12922,0.185356,0.104396,-0.591222,-68.008,6.855,-6.023,-23.9468,-86.7972,-40.4095,-237.1971,-457.0641,-231.1190,0.0871507,0.0159735,-0.0647286,0.000000,0.000000,0.000000,0.00000,0.00000,0.000,0.000,0.000,0.000,0.000,-6.0000,0.0000,0.0000,6.0000,95.00,95.00,90.00,90.00,1650,1575,2225,1500,1,12,40.4362231,-86.8936057,162.908,-0.100,0.000,-0.060,3,3.42,4.08,0.26,0
11423,27149,16065,13032,0,0,3.11246,-9.23324,-3.15077,0.159790,-0.007457,-0.337689,-67.934,6.137,-6.282,-23.8162,-87.0853,-40.5286,-238.2137,-460.7648,-232.8416,0.0871507,0.0159735,-0.0647286,0.000000,0.000000,0.000000,0.00000,0.00000,0.000,0.000,0.000,0.000,0.000,-6.0000,0.0000,0.0000,6.0000,95.00,95.00,90.00,90.00,1650,1575,2225,1500,1,12,40.4362231,-86.8936057,162.908,-0.100,0.000,-0.060,3,3.42,4.08,0.26,0
11468,22529,17173,14159,0,0,3.10049,-9.49301,-2.97360,0.155529,-0.006392,0.063916,-43.390,9.270,19.089,-14.6202,-96.6702,-54.5215,-222.9606,-488.8061,-266.6335,0.0500708,0.0743886,-0.1171700,0.000000,0.000000,0.000000,0.00000,0.00000,0.000,0.000,0.000,0.000,0.000,-6.0000,0.0000,0.0000,6.0000,95.00,95.00,90.00,90.00,1650,1575,2225,1500,1,13,40.4362216,-86.8936049,162.705,-0.030,0.050,0.000,3,3.26,3.96,0.24,0
11528,30407,28545,20571,0,0,2.85269,-9.29070,-2.74016,0.545415,-0.117179,-0.006392,-42.180,9.086,19.587,-14.3153,-97.0116,-54.8054,-223.6527,-493.4394,-269.2487,0.0500708,0.0743886,-0.1171700,0.000000,0.000000,0.000000,0.00000,0.00000,0.000,0.000,0.000,0.000,0.000,-6.0000,0.0000,0.0000,6.0000,95.00,95.00,90.00,90.00,1650,1575,2225,1500,1,13,40.4362216,-86.8936049,162.705,-0.030,0.050,0.000,3,3.26,3.96,0.24,0
11574,26898,15541,12334,0,0,2.83234,-9.28711,-2.87424,0.512392,-0.171508,0.509196,-40.260,9.625,21.579,-13.9287,-97.4373,-55.1940,-224.4977,-499.2569,-272.5396,0.0500708,0.0743886,-0.1171700,0.000000,0.000000,0.000000,0.00000,0.00000,0.000,0.000,0.000,0.000,0.000,-6.0000,0.0000,0.0000,6.0000,95.00,95.00,90.00,90.00,1650,1575,2225,1500,1,13,40.4362216,-86.8936049,162.705,-0.030,0.050,0.000,3,3.26,3.96,0.24,0
11632,15679,16022,13018,0,0,2.45765,-9.83059,-2.49236,0.404800,-0.126766,1.098288,-38.457,11.309,24.796,-13.5432,-97.8322,-55.5550,-225.2871,-504.8671,-275.7216,0.0500708,0.0743886,-0.1171700,0.000000,0.000000,0.000000,0.00000,0.00000,0.000,0.000,0.000,0.000,0.000,-6.0000,0.0000,0.0000,6.0000,95.00,95.00,90.00,90.00,1650,1575,2225,1500,1,13,40.4362216,-86.8936049,162.705,-0.030,0.050,0.000,3,3.26,3.96,0.24,0
11676,26891,15587,12254,0,0,1.80882,-9.86531,-2.19907,0.275903,-0.082025,1.540372,-37.036,13.548,28.461,-13.2452,-98.1318,-55.8319,-225.8743,-509.1627,-278.1633,0.0500708,0.0743886,-0.1171700,0.000000,0.000000,0.000000,0.00000,0.00000,0.000,0.000,0.000,0.000,0.000,-6.0000,0.0000,0.0000,6.0000,95.00,95.00,90.00,90.00,1650,1575,2225,1500,1,13,40.4362203,-86.8936029,162.673,0.010,0.200,0.040,3,3.13,3.84,0.32,0
11719,27483,15220,12199,0,0,1.27012,-10.29626,-1.83755,0.002131,-0.098004,1.621332,-36.115,15.770,32.293,-12.9410,-98.4202,-56.0834,-226.4412,-513.4173,-280.5859,0.0500708,0.0743886,-0.1171700,0.000000,0.000000,0.000000,0.00000,0.00000,0.000,0.000,0.000,0.000,0.000,-6.0000,0.0000,0.0000,6.0000,95.00,95.00,90.00,90.00,1650,1575,2225,1500,1,13,40.4362203,-86.8936029,162.673,0.010,0.200,0.040,3,3.13,3.84,0.32,0
11770,31116,19817,12683,0,0,0.43215,-10.26514,-1.96325,-0.377104,-0.123571,1.397627,-35.957,17.829,36.140,-12.6126,-98.7264,-56.3480,-227.0359,-518.0061,-283.2028,0.0500708,0.0743886,-0.1171700,0.000000,0.000000,0.000000,0.00000,0.00000,0.000,0.000,0.000,0.000,0.000,-6.0000,0.0000,0.0000,6.0000,95.00,95.00,90.00,90.00,1650,1575,2225,1500,1,13,40.4362203,-86.8936029,162.673,0.010,0.200,0.040,3,3.13,3.84,0.32,0
11828,15766,15717,12715,0,0,-0.65003,-9.40682,-2.53187,-0.240750,-0.124636,1.234641,-35.660,20.153,40.720,-12.1975,-99.1299,-56.7214,-227.8109,-524.1881,-286.7354,0.0500708,0.0743886,-0.1171700,0.000000,0.000000,0.000000,0.00000,0.00000,0.000,0.000,0.000,0.000,0.000,-6.0000,0.0000,0.0000,6.0000,95.00,95.00,90.00,90.00,1650,1575,2225,1500,1,13,40.4362203,-86.8936029,162.673,0.010,0.200,0.040,3,3.13,3.84,0.32,0
11882,15779,15476,12482,0,0,-1.35751,-9.22725,-2.70305,-0.082025,-0.148072,1.272991,-34.760,22.036,44.866,-11.8490,-99.4889,-57.0568,-228.4594,-529.5446,-289.8038,0.0500708,0.0743886,-0.1171700,0.000000,0.000000,0.000000,0.00000,0.00000,0.000,0.000,0.000,0.000,0.000,-6.0000,0.0000,0.0000,6.0000,95.00,95.00,90.00,90.00,1650,1575,2225,1500,1,14,40.4362198,-86.8936001,162.670,0.050,0.470,0.100,3,3.02,3.72,0.36,0
11925,27226,15684,12654,0,0,-1.83156,-9.75996,-2.74256,0.008522,-0.057524,1.263404,-33.703,23.646,48.138,-11.5569,-99.7802,-57.3219,-228.9618,-533.8220,-292.2589,0.0500708,0.0743886,-0.1171700,0.000000,0.000000,0.000000,0.00000,0.00000,0.000,0.000,0.000,0.000,0.000,-6.0000,0.0000,0.0000,6.0000,95.00,95.00,90.00,90.00,1650,1575,2225,1500,1,14,40.4362198,-86.8936001,162.670,0.050,0.470,0.100,3,3.02,3.72,0.36,0
11978,30842,21458,12271,0,0,-2.57137,-9.22246,-2.42772,0.313188,0.096939,1.329450,-31.705,25.667,51.730,-11.2477,-100.0874,-57.6117,-229.4948,-538.4945,-294.9458,0.0500708,0.0743886,-0.1171700,0.000000,0.000000,0.000000,0.00000,0.00000,0.000,0.000,0.000,0.000,0.000,-6.0000,0.0000,0.0000,6.0000,95.00,95.00,90.00,90.00,1650,1575,2225,1500,1,14,40.4362198,-86.8936001,162.670,0.050,0.470,0.100,3,3.02,3.72,0.36,0
12044,35795,30426,27394,0,0,-3.67271,-9.17578,-2.20626,0.294013,0.141680,1.539307,-28.576,28.517,56.744,-10.8752,-100.4747,-57.9529,-230.1310,-544.2618,-298.2690,0.0500708,0.0743886,-0.1171700,0.000000,0.000000,0.000000,0.00000,0.00000,0.000,0.000,0.000,0.000,0.000,-6.0000,0.0000,0.0000,6.0000,95.00,95.00,90.00,90.00,1650,1575,2225,1500,1,14,40.4362198,-86.8936001,162.670,0.050,0.470,0.100,3,3.02,3.72,0.36,0
12072,31153,26839,23752,0,0,-4.67588,-9.03931,-1.60172,0.316384,0.126766,1.679922,-26.528,30.084,59.956,-10.6805,-100.6859,-58.1152,-230.4668,-547.3951,-300.0769,0.0500708,0.0743886,-0.1171700,0.000000,0.000000,0.000000,0.00000,0.00000,0.000,0.000,0.000,0.000,0.000,-6.0000,0.0000,0.0000,6.0000,95.00,95.00,90.00,90.00,1650,1575,2225,1500,1,14,40.4362192,-86.8935990,162.701,-0.140,0.030,0.140,3,2.92,3.60,0.33,0
12125,31188,22221,17579,0,0,-6.06212,-8.95791,-1.23541,0.075634,-0.102265,1.817341,-22.579,32.426,66.919,-10.3147,-101.0890,-58.3905,-231.0782,-553.2693,-303.4688,0.0500708,0.0743886,-0.1171700,0.000000,0.000000,0.000000,0.00000,0.00000,0.000,0.000,0.000,0.000,0.000,-6.0000,0.0000,0.0000,6.0000,95.00,95.00,90.00,90.00,1650,1575,2225,1500,1,14,40.4362192,-86.8935990,162.701,-0.140,0.030,0.140,3,2.92,3.60,0.33,0
12176,26134,19735,12274,0,0,-7.01022,-8.74123,-1.27970,0.086286,-0.325971,1.638377,-18.667,33.411,73.630,-9.9515,-101.4698,-58.6360,-231.6216,-558.6990,-306.6058,0.0500708,0.0743886,-0.1171700,0.000000,0.000000,0.000000,0.00000,0.00000,0.000,0.000,0.000,0.000,0.000,-6.0000,0.0000,0.0000,6.0000,95.00,95.00,90.00,90.00,1650,1575,2225,1500,1,14,40.4362192,-86.8935990,162.701,-0.140,0.030,0.140,3,2.92,3.60,0.33,0
12220,27409,15730,12659,0,0,-7.10240,-7.93438,-0.89304,0.340885,-0.352603,1.415736,-15.086,33.557,78.994,-9.6272,-101.7907,-58.8625,-232.0856,-563.5168,-309.3907,0.0500708,0.0743886,-0.1171700,0.000000,0.000000,0.000000,0.00000,0.00000,0.000,0.000,0.000,0.000,0.000,-6.0000,0.0000,0.0000,6.0000,95.00,95.00,90.00,90.00,1650,1575,2225,1500,1,14,40.4362192,-86.8935990,162.701,-0.140,0.030,0.140,3,2.92,3.60,0.33,0
12280,15827,15193,12166,0,0,-7.69377,-7.18500,-0.68474,0.418649,-0.253533,1.251686,-10.842,33.374,84.860,-9.2127,-102.2020,-59.1568,-232.6529,-569.6608,-312.9452,0.0500708,0.0743886,-0.1171700,0.000000,0.000000,0.000000,0.00000,0.00000,0.000,0.000,0.000,0.000,0.000,-6.0000,0.0000,0.0000,6.0000,95.00,95.00,90.00,90.00,1650,1575,2225,1500,1,14,40.4362194,-86.8935985,162.905,0.100,-0.090,0.090,3,2.83,3.49,0.29,0
12322,26790,15641,12591,0,0,-7.99544,-7.24007,-0.35793,0.403735,-0.211988,1.088700,-8.069,33.182,88.501,-8.9173,-102.4781,-59.3663,-233.0354,-573.9789,-315.4456,0.0500708,0.0743886,-0.1171700,0.000000,0.000000,0.000000,0.00000,0.00000,0.000,0.000,0.000,0.000,0.000,-6.0000,0.0000,0.0000,6.0000,95.00,95.00,90.00,90.00,1650,1575,2225,1500,1,14,40.4362194,-86.8935985,162.905,0.100,-0.090,0.090,3,2.83,3.49,0.29,0
12385,19807,21585,12647,0,0,-8.62870,-7.23767,-0.47645,-0.132093,-0.047937,0.891626,-6.233,33.003,92.762,-8.5127,-102.8531,-59.6408,-233.5293,-579.7927,-318.8153,0.0500708,0.0743886,-0.1171700,0.000000,0.000000,0.000000,0.00000,0.00000,0.000,0.000,0.000,0.000,0.000,-6.0000,0.0000,0.0000,6.0000,95.00,95.00,90.00,90.00,1650,1575,2225,1500,1,14,40.4362194,-86.8935985,162.905,0.100,-0.090,0.090,3,2.83,3.49,0.29,0
12429,27513,16019,12944,0,0,-8.64187,-6.62356,-0.54468,-0.263120,0.078830,0.614658,-5.636,33.197,95.391,-8.1479,-103.1776,-59.8865,-233.9402,-584.8754,-321.7640,0.0500708,0.0743886,-0.1171700,0.000000,0.000000,0.000000,0.00000,0.00000,0.000,0.000,0.000,0.000,0.000,-6.0000,0.0000,0.0000,6.0000,95.00,95.00,90.00,90.00,1650,1575,2225,1500,1,14,40.4362194,-86.8935985,162.905,0.100,-0.090,0.090,3,2.83,3.49,0.29,0
12472,27072,15728,12685,0,0,-9.02015,-6.36858,-0.62608,-0.309992,0.181095,0.374973,-5.727,33.600,96.925,-7.8290,-103.4697,-60.0998,-234.2903,-589.4043,-324.3936,0.0500708,0.0743886,-0.1171700,0.000000,0.000000,0.000000,0.00000,0.00000,0.000,0.000,0.000,0.000,0.000,-6.0000,0.0000,0.0000,6.0000,95.00,95.00,90.00,90.00,1650,1575,2225,1500,1,14,40.4362194,-86.8935975,162.992,0.060,-0.030,0.080,3,2.74,3.39,0.26,1
12532,36113,23476,20406,0,0,-9.16620,-6.26802,-0.76016,-0.368582,0.223706,0.104396,-6.441,34.107,97.838,-7.4471,-103.8202,-60.3476,-234.6881,-594.8024,-327.5303,0.0500708,0.0743886,-0.1171700,0.000000,0.000000,0.000000,0.00000,0.00000,0.000,0.000,0.000,0.000,0.000,-6.0000,0.0000,0.0000,6.0000,95.00,95.00,90.00,90.00,1650,1575,2225,1500,1,14,40.4362194,-86.8935975,162.992,0.060,-0.030,0.080,3,2.74,3.39,0.26,1
12585,36708,15799,12774,0,0,-9.08959,-6.53258,-1.37427,-0.314253,0.270577,-0.312122,-8.029,34.671,97.412,-6.9908,-104.2320,-60.6484,-235.1242,-601.0862,-331.1847,0.0500708,0.0743886,-0.1171700,0.000000,0.000000,0.000000,0.00000,0.00000,0.000,0.000,0.000,0.000,0.000,-6.0000,0.0000,0.0000,6.0000,95.00,95.00,90.00,90.00,1650,1575,2225,1500,1,14,40.4362194,-86.8935975,162.992,0.060,-0.030,0.080,3,2.74,3.39,0.26,1
12622,20865,16054,12984,0,0,-8.61673,-5.91727,-1.39343,-0.176834,0.272708,-0.612527,-9.182,34.951,96.276,-6.7390,-104.4752,-60.8404,-235.3776,-604.9388,-333.4272,0.0500708,0.0743886,-0.1171700,0.000000,0.000000,0.000000,0.00000,0.00000,0.000,0.000,0.000,0.000,0.000,-6.0000,0.0000,0.0000,6.0000,95.00,95.00,90.00,90.00,1650,1575,2225,1500,1,14,40.4362194,-86.8935975,162.992,0.060,-0.030,0.080,3,2.74,3.39,0.26,1
12667,23563,15970,12904,0,0,-8.73764,-6.48948,-1.55623,0.284426,0.193878,-1.129180,-3.748,33.389,103.051,0.4086,-106.0038,-64.5907,-210.6322,-620.5496,-348.0921,0.0449476,0.0675943,-0.1315272,-0.097488,0.004906,-0.047902,0.00000,0.00000,0.000,0.000,0.000,0.000,0.000,-6.0000,0.0000,0.0000,6.0000,95.00,95.00,90.00,90.00,1650,1575,2225,1500,1,14,40.4362198,-86.8935972,163.207,0.230,-0.100,0.050,3,2.65,3.30,0.31,1
12727,15994,15812,12777,0,0,-7.16824,-6.67264,-2.19907,0.329167,0.321710,-1.537177,-5.984,33.713,97.852,0.8528,-106.3442,-64.9959,-210.5948,-626.8718,-351.9499,0.0449476,0.0675943,-0.1315272,-0.097488,0.004906,-0.047902,0.00000,0.00000,0.000,0.000,0.000,0.000,0.000,-6.0000,0.0000,0.0000,6.0000,95.00,95.00,90.00,90.00,1650,1575,2225,1500,1,14,40.4362198,-86.8935972,163.207,0.230,-0.100,0.050,3,2.65,3.30,0.31,1
12770,26928,15909,12862,0,0,-6.70975,-6.96473,-1.89262,0.455933,0.369647,-1.600027,-7.458,33.999,93.443,1.1770,-106.5825,-65.2908,-210.5512,-631.4457,-354.7487,0.0449476,0.0675943,-0.1315272,-0.097488,0.004906,-0.047902,0.00000,0.00000,0.000,0.000,0.000,0.000,0.000,-6.0000,0.0000,0.0000,6.0000,95.00,95.00,90.00,90.00,1650,1575,2225,1500,1,14,40.4362198,-86.8935972,163.207,0.230,-0.100,0.050,3,2.65,3.30,0.31,1
12819,24251,15451,12407,0,0,-5.91368,-8.01938,-1.81480,0.589091,0.324906,-1.533981,-8.629,34.170,88.464,1.5761,-106.8492,-65.6336,-210.4827,-636.7591,-358.0080,0.0449476,0.0675943,-0.1315272,-0.097488,0.004906,-0.047902,0.00000,0.00000,0.000,0.000,0.000,0.000,0.000,-6.0000,0.0000,0.0000,6.0000,95.00,95.00,90.00,90.00,1650,1575,2225,1500,1,14,40.4362198,-86.8935972,163.207,0.230,-0.100,0.050,3,2.65,3.30,0.31,1
12875,16322,17098,14093,0,0,-5.93283,-9.04889,-1.67594,0.565655,0.279099,-1.419997,-13.713,32.369,75.466,0.9340,-108.4441,-64.6189,-194.2518,-652.8425,-354.5299,0.0413320,0.0705657,-0.1150819,-0.217106,-0.114518,-0.123363,0.00000,0.00000,0.000,0.000,0.000,0.000,0.000,-6.0000,0.0000,0.0000,6.0000,95.00,95.00,90.00,90.00,1650,1575,2225,1500,1,14,40.4362195,-86.8935967,163.365,0.140,-0.070,0.020,3,2.56,3.21,0.36,1
12917,26763,15475,12428,0,0,-5.26006,-9.21049,-1.65080,0.184291,0.232228,-1.390170,-15.206,31.956,71.651,1.2630,-108.7284,-64.8983,-194.2034,-657.6326,-357.3867,0.0413320,0.0705657,-0.1150819,-0.217106,-0.114518,-0.123363,0.00000,0.00000,0.000,0.000,0.000,0.000,0.000,-6.0000,0.0000,0.0000,6.0000,95.00,95.00,90.00,90.00,1650,1575,2225,1500,1,14,40.4362195,-86.8935967,163.365,0.140,-0.070,0.020,3,2.56,3.21,0.36,1
12977,15560,15779,12374,0,0,-3.92649,-9.10994,-1.76692,-0.083091,0.338754,-1.514806,-18.092,31.397,66.286,1.6988,-109.0896,-65.2870,-194.1160,-664.0472,-361.2204,0.0413320,0.0705657,-0.1150819,-0.217106,-0.114518,-0.123363,0.00000,0.00000,0.000,0.000,0.000,0.000,0.000,-6.0000,0.0000,0.0000,6.0000,95.00,95.00,90.00,90.00,1650,1575,2225,1500,1,14,40.4362195,-86.8935967,163.365,0.140,-0.070,0.020,3,2.56,3.21,0.36,1
13025,25473,38332,27920,0,0,-3.14000,-9.25718,-1.85311,-0.422910,0.511327,-1.528654,-20.086,31.330,63.756,1.8893,-109.2321,-65.4651,-194.0703,-666.8279,-362.8857,0.0413320,0.0705657,-0.1150819,-0.217106,-0.114518,-0.123363,0.00000,0.00000,0.000,0.000,0.000,0.000,0.000,-6.0000,0.0000,0.0000,6.0000,95.00,95.00,90.00,90.00,1650,1575,2225,1500,1,14,40.4362195,-86.8935967,163.365,0.140,-0.070,0.020,3,2.56,3.21,0.36,1
13090,37274,27326,24246,0,0,-1.98240,-9.66300,-2.37984,-0.369647,0.484695,-1.652225,-28.620,27.056,48.288,1.5103,-111.4783,-64.4948,-174.0932,-688.9982,-359.5056,0.0367804,0.0730707,-0.0973953,-0.330337,-0.241349,-0.209759,0.00000,0.00000,0.000,0.000,0.000,0.000,0.000,-6.0000,0.0000,0.0000,6.0000,95.00,95.00,90.00,90.00,1650,1575,2225,1500,1,14,40.4362189,-86.8935957,163.417,0.240,-0.100,0.010,3,2.47,3.12,0.40,1
13118,27558,27636,24594,0,0,-1.55982,-9.57561,-2.50314,-0.340885,0.454868,-1.640507,-30.433,26.380,45.582,1.6939,-111.6535,-64.6821,-174.0491,-692.0728,-361.2856,0.0367804,0.0730707,-0.0973953,-0.330337,-0.241349,-0.209759,0.00000,0.00000,0.000,0.000,0.000,0.000,0.000,-6.0000,0.0000,0.0000,6.0000,95.00,95.00,90.00,90.00,1650,1575,2225,1500,1,14,40.4362189,-86.8935957,163.417,0.240,-0.100,0.010,3,2.47,3.12,0.40,1
13176,15515,15616,12382,0,0,-0.60693,-10.02811,-2.74136,0.066046,0.274838,-1.497762,-33.471,24.256,39.624,2.1777,-112.1090,-65.1560,-173.9138,-699.8926,-365.8232,0.0367804,0.0730707,-0.0973953,-0.330337,-0.241349,-0.209759,0.00000,0.00000,0.000,0.000,0.000,0.000,0.000,-6.0000,0.0000,0.0000,6.0000,95.00,95.00,90.00,90.00,1650,1575,2225,1500,1,14,40.4362189,-86.8935957,163.417,0.240,-0.100,0.010,3,2.47,3.12,0.40,1
13228,32142,19522,13162,0,0,0.29209,-9.80306,-2.80720,0.658333,0.217314,-1.427454,-33.535,22.541,36.064,2.5096,-112.4236,-65.4948,-173.8014,-705.2772,-368.9563,0.0367804,0.0730707,-0.0973953,-0.330337,-0.241349,-0.209759,0.00000,0.00000,0.000,0.000,0.000,0.000,0.000,-6.0000,0.0000,0.0000,6.0000,95.00,95.00,90.00,90.00,1650,1575,2225,1500,1,14,40.4362189,-86.8935957,163.417,0.240,-0.100,0.010,3,2.47,3.12,0.40,1
13273,23398,15942,12902,0,0,0.87628,-9.95749,-2.11528,1.018393,0.157659,-1.232511,-32.212,13.120,19.594,0.9128,-117.6200,-62.4636,-131.2573,-746.6725,-351.1638,0.0257239,0.0768247,-0.0611576,-0.491133,-0.449868,-0.394257,0.00000,0.00000,0.000,0.000,0.000,0.000,0.000,-6.0000,0.0000,0.0000,6.0000,95.00,95.00,90.00,90.00,1650,1575,2225,1500,1,14,40.4362179,-86.8935955,163.756,0.110,-0.040,-0.090,3,2.39,3.04,0.22,1
13317,28396,15462,12424,0,0,1.54665,-10.38246,-1.69749,0.953412,0.139550,-1.021589,-30.285,11.941,17.251,1.1553,-117.9728,-62.7511,-131.2112,-751.9234,-353.9547,0.0257239,0.0768247,-0.0611576,-0.491133,-0.449868,-0.394257,0.00000,0.00000,0.000,0.000,0.000,0.000,0.000,-6.0000,0.0000,0.0000,6.0000,95.00,95.00,90.00,90.00,1650,1575,2225,1500,1,14,40.4362179,-86.8935955,163.756,0.110,-0.040,-0.090,3,2.39,3.04,0.22,1
13376,15526,15597,12432,0,0,2.21583,-9.88925,-1.00796,0.686030,0.196009,-0.677508,-28.251,11.109,14.915,1.4791,-118.4122,-63.1295,-131.1344,-758.8132,-357.6236,0.0257239,0.0768247,-0.0611576,-0.491133,-0.449868,-0.394257,0.00000,0.00000,0.000,0.000,0.000,0.000,0.000,-6.0000,0.0000,0.0000,6.0000,95.00,95.00,90.00,90.00,1650,1575,2225,1500,1,14,40.4362179,-86.8935955,163.756,0.110,-0.040,-0.090,3,2.39,3.04,0.22,1
13437,21437,18752,13710,0,0,2.38103,-10.16099,-0.14605,0.755273,0.101200,-0.304666,-24.608,5.535,4.535,0.5116,-123.5322,-60.4728,-101.0342,-800.3092,-342.5677,0.0178131,0.0793536,-0.0354159,-0.558234,-0.479550,-0.508574,0.00000,0.00000,0.000,0.000,0.000,0.000,0.000,-6.0000,0.0000,0.0000,6.0000,95.00,95.00,90.00,90.00,1650,1575,2225,1500,1,14,40.4362161,-86.8935949,163.847,-0.164,-0.054,-0.005,3,2.32,2.97,0.20,1
13481,22579,15406,12415,0,0,2.63362,-9.49421,-0.31005,0.358994,0.014914,-0.214118,-23.305,5.182,4.055,0.7024,-123.9091,-60.7716,-101.0058,-806.1077,-345.4089,0.0178131,0.0793536,-0.0354159,-0.558234,-0.479550,-0.508574,0.00000,0.00000,0.000,0.000,0.000,0.000,0.000,-6.0000,0.0000,0.0000,6.0000,95.00,95.00,90.00,90.00,1650,1575,2225,1500,1,14,40.4362161,-86.8935949,163.847,-0.160,-0.050,-0.010,3,2.32,2.97,0.20,1
13519,15985,37337,29477,0,0,3.00472,-9.10874,-0.22386,0.190682,0.044741,0.094809,-5.386,-11.191,7.461,0.7319,-134.2570,-69.8435,-85.3550,-861.0560,-364.2778,-0.0145544,0.1218014,-0.0289325,-0.630162,-0.450803,-0.533591,0.00000,0.00000,0.000,0.000,0.000,0.000,0.000,-6.0000,0.0000,0.0000,6.0000,95.00,95.00,90.00,90.00,1650,1575,2225,1500,1,14,40.4362161,-86.8935949,163.847,-0.160,-0.050,-0.010,3,2.32,2.97,0.20,1
13579,35327,24434,21454,0,0,2.53426,-10.17296,-0.46328,-0.022371,0.017044,0.168312,-3.376,-13.462,8.215,1.0419,-136.2026,-71.5754,-83.3916,-877.5812,-371.7464,-0.0186699,0.1268892,-0.0281658,-0.638182,-0.447466,-0.536324,0.00000,0.00000,0.000,0.000,0.000,0.000,0.000,-6.0000,0.0000,0.0000,6.0000,95.00,95.00,90.00,90.00,1650,1575,2225,1500,1,14,40.4362161,-86.8935949,163.847,-0.160,-0.050,-0.010,3,2.32,2.97,0.20,1
13623,27609,16268,13186,0,0,2.55940,-9.54927,-0.53391,-0.221575,-0.018109,0.236489,-4.062,-13.871,9.057,1.2670,-136.6581,-72.0140,-83.3312,-884.7166,-375.5012,-0.0186699,0.1268892,-0.0281658,-0.638182,-0.447466,-0.536324,0.00000,0.00000,0.000,0.000,0.000,0.000,0.000,-6.0000,0.0000,0.0000,6.0000,95.00,95.00,90.00,90.00,1650,1575,2225,1500,1,14,40.4362161,-86.8935949,163.847,-0.160,-0.050,-0.010,3,2.32,2.97,0.20,1
13672,22900,15782,12788,0,0,2.40976,-10.28429,-0.37469,-0.384560,-0.009587,0.358994,8.019,-15.224,-10.023,0.3101,-147.8935,-67.5430,-1.9516,-968.3798,-340.1627,-0.0407713,0.1284564,0.0180086,-0.861069,-0.377343,-0.823019,0.00000,0.00000,0.000,0.000,0.000,0.000,0.000,-6.0000,0.0000,0.0000,6.0000,95.00,95.00,90.00,90.00,1650,1575,2225,1500,1,15,40.4362153,-86.8935957,164.064,0.080,-0.080,-0.050,3,2.24,2.90,0.21,1
13730,15945,15706,12735,0,0,2.04944,-10.43393,-0.57940,-0.204531,-0.123571,0.437824,7.155,-16.114,-8.574,0.3970,-148.4947,-68.1161,-1.9310,-977.0271,-344.1206,-0.0407713,0.1284564,0.0180086,-0.861069,-0.377343,-0.823019,0.00000,0.00000,0.000,0.000,0.000,0.000,0.000,-6.0000,0.0000,0.0000,6.0000,95.00,95.00,90.00,90.00,1650,1575,2225,1500,1,15,40.4362153,-86.8935957,164.064,0.080,-0.080,-0.050,3,2.24,2.90,0.21,1
13773,27150,15843,12851,0,0,2.02310,-10.10233,-0.40941,-0.132093,-0.139550,0.351537,6.673,-16.875,-7.775,0.4685,-148.9231,-68.5352,-1.9124,-983.4327,-347.0638,-0.0407713,0.1284564,0.0180086,-0.861069,-0.377343,-0.823019,0.00000,0.00000,0.000,0.000,0.000,0.000,0.000,-6.0000,0.0000,0.0000,6.0000,95.00,95.00,90.00,90.00,1650,1575,2225,1500,1,15,40.4362153,-86.8935957,164.064,0.080,-0.080,-0.050,3,2.24,2.90,0.21,1
13817,22705,15458,12427,0,0,1.85551,-10.09036,-0.35674,0.225836,-0.079895,0.167247,7.046,-17.505,-7.338,0.5301,-149.3596,-68.9611,-1.8906,-989.9650,-350.0750,-0.0407713,0.1284564,0.0180086,-0.861069,-0.377343,-0.823019,0.00000,0.00000,0.000,0.000,0.000,0.000,0.000,-6.0000,0.0000,0.0000,6.0000,95.00,95.00,90.00,90.00,1650,1575,2225,1500,1,15,40.4362153,-86.8935957,164.064,0.080,-0.080,-0.050,3,2.24,2.90,0.21,1
13874,33205,23558,15150,0,0,1.51433,-9.60793,-0.34836,0.478304,0.040480,0.337689,5.278,-17.327,-8.376,0.2305,-148.7184,-66.5378,-1.1159,-993.2998,-343.5310,-0.0338357,0.1294355,0.0213246,-0.873920,-0.338629,-0.856198,0.00000,0.00000,0.000,0.000,0.000,0.000,0.000,-6.0000,0.0000,0.0000,6.0000,95.00,95.00,90.00,90.00,1650,1575,2225,1500,1,15,40.4362153,-86.8935957,163.968,0.020,-0.010,0.010,3,2.19,2.83,0.27,1
13932,15926,15683,12739,0,0,1.03430,-10.49738,-0.27892,0.520914,0.033023,1.008805,6.619,-17.946,-5.172,0.3157,-149.3676,-67.1853,-1.0977,-1003.2264,-347.9842,-0.0338357,0.1294355,0.0213246,-0.873920,-0.338629,-0.856198,0.00000,0.00000,0.000,0.000,0.000,0.000,0.000,-6.0000,0.0000,0.0000,6.0000,95.00,95.00,90.00,90.00,1650,1575,2225,1500,1,15,40.4362153,-86.8935957,163.968,0.020,-0.010,0.010,3,2.19,2.83,0.27,1
13969,20997,15759,12768,0,0,0.94451,-9.70490,-0.64404,0.469782,-0.148072,1.281513,6.865,-18.754,-2.667,0.3683,-149.7283,-67.5580,-1.0851,-1008.7441,-350.4699,-0.0338357,0.1294355,0.0213246,-0.873920,-0.338629,-0.856198,0.00000,0.00000,0.000,0.000,0.000,0.000,0.000,-6.0000,0.0000,0.0000,6.0000,95.00,95.00,90.00,90.00,1650,1575,2225,1500,1,15,40.4362153,-86.8935957,163.968,0.020,-0.010,0.010,3,2.19,2.83,0.27,1
