ms,control_dt_us,control_exec_us,esekf_us,missed,log_dropped,ax,ay,az,gx,gy,gz,roll_deg,pitch_deg,yaw_deg,vn,ve,vu,pn,pe,pu,bgx,bgy,bgz,bax,bay,baz,s_roll,s_pitch,u_diff_deg,u_sym_deg,u_tail_deg,left_inc_deg,right_inc_deg,b00,b01,b10,b11,left_deg,right_deg,morph_deg,tail_deg,left_pwm,right_pwm,morph_pwm,tail_pwm,gps_fix,gps_sats,gps_lat_deg,gps_lon_deg,gps_alt_m,gps_vn,gps_ve,gps_vd,gps_fix_type,gps_hacc_m,gps_vacc_m,gps_sacc_mps,gps_origin_set
1519,1501147,17417,14402,0,0,-1.83755,0.33998,9.70849,0.019175,-0.038350,-0.013848,2.001,10.711,0.000,-0.0000,0.0000,0.0010,-0.0000,0.0000,0.0000,0.0193467,-0.0385625,-0.0140678,0.000000,0.000000,0.000000,0.00000,0.00000,0.000,0.000,0.000,0.000,0.000,-6.0000,0.0000,0.0000,6.0000,95.00,95.00,90.00,90.00,1575,1425,2475,1500,0,,,,,,,,0,,,,0
1579,18038,17787,14566,0,0,-1.84114,0.33758,9.71567,0.019175,-0.038350,-0.013848,1.979,10.731,0.002,-0.0001,-0.0001,0.0062,-0.0000,-0.0000,0.0002,0.0193540,-0.0385706,-0.0140678,0.000000,0.000000,0.000000,0.00000,0.00000,0.000,0.000,0.000,0.000,0.000,-6.0000,0.0000,0.0000,6.0000,95.00,95.00,90.00,90.00,1575,1425,2475,1500,0,,,,,,,,0,,,,0
1626,28960,18015,15006,0,0,-1.84832,0.33040,9.71447,0.018109,-0.038350,-0.013848,1.974,10.736,0.002,-0.0002,-0.0002,0.0104,-0.0000,-0.0000,0.0006,0.0193668,-0.0385848,-0.0140678,0.000000,0.000000,0.000000,0.00000,0.00000,0.000,0.000,0.000,0.000,0.000,-6.0000,0.0000,0.0000,6.0000,95.00,95.00,90.00,90.00,1575,1425,2475,1500,0,,,,,,,,0,,,,0
1684,18026,17970,14981,0,0,-1.83994,0.33878,9.71088,0.018109,-0.037284,-0.014914,1.963,10.737,0.002,-0.0002,-0.0002,0.0153,-0.0000,-0.0000,0.0014,0.0193851,-0.0385647,-0.0140679,0.000000,0.000000,0.000000,0.00000,0.00000,0.000,0.000,0.000,0.000,0.000,-6.0000,0.0000,0.0000,6.0000,95.00,95.00,90.00,90.00,1575,1425,2475,1500,0,,,,,,,,0,,,,0
1733,30024,18102,15089,0,0,-1.84114,0.32441,9.70969,0.020240,-0.039415,-0.013848,1.962,10.732,0.003,-0.0002,-0.0003,0.0192,-0.0000,-0.0000,0.0022,0.0194105,-0.0385369,-0.0140679,0.000000,0.000000,0.000000,0.00000,0.00000,0.000,0.000,0.000,0.000,0.000,-6.0000,0.0000,0.0000,6.0000,95.00,95.00,90.00,90.00,1575,1425,2475,1500,1,6,40.4361388,-86.8938375,144.253,-0.310,-0.570,1.640,3,35.66,77.62,3.76,0
1772,39042,18229,15273,0,0,-1.84114,0.33878,9.71806,0.019175,-0.038350,-0.013848,1.966,10.731,0.003,-0.0002,-0.0002,0.0227,-0.0001,-0.0000,0.0030,0.0193673,-0.0385237,-0.0140679,0.000000,0.000000,0.000000,0.00000,0.00000,0.000,0.000,0.000,0.000,0.000,-6.0000,0.0000,0.0000,6.0000,95.00,95.00,90.00,90.00,1575,1425,2475,1500,1,6,40.4361388,-86.8938375,144.253,-0.310,-0.570,1.640,3,35.66,77.62,3.76,0
1820,29611,17649,14608,0,0,-1.83994,0.33160,9.71208,0.019175,-0.038350,-0.013848,1.969,10.729,0.004,-0.0002,-0.0002,0.0269,-0.0001,-0.0001,0.0042,0.0193407,-0.0385075,-0.0140679,0.000000,0.000000,0.000000,0.00000,0.00000,0.000,0.000,0.000,0.000,0.000,-6.0000,0.0000,0.0000,6.0000,95.00,95.00,90.00,90.00,1575,1425,2475,1500,1,6,40.4361388,-86.8938375,144.253,-0.310,-0.570,1.640,3,35.66,77.62,3.76,0
1882,19643,17898,14905,0,0,-1.84473,0.33758,9.70969,0.020240,-0.038350,-0.013848,1.973,10.736,0.005,-0.0001,-0.0002,0.0322,-0.0000,-0.0001,0.0060,0.0192641,-0.0386061,-0.0140678,0.000000,0.000000,0.000000,0.00000,0.00000,0.000,0.000,0.000,0.000,0.000,-6.0000,0.0000,0.0000,6.0000,95.00,95.00,90.00,90.00,1575,1425,2475,1500,1,6,40.4361664,-86.8938115,146.648,-0.450,-0.310,1.560,3,21.30,37.43,1.68,0
1930,29723,18012,14996,0,0,-1.84234,0.33519,9.70969,0.018109,-0.037284,-0.014914,1.969,10.738,0.002,-0.0001,-0.0002,0.0362,-0.0001,-0.0001,0.0077,0.0192871,-0.0385879,-0.0140678,0.000000,0.000000,0.000000,0.00000,0.00000,0.000,0.000,0.000,0.000,0.000,-6.0000,0.0000,0.0000,6.0000,95.00,95.00,90.00,90.00,1575,1425,2475,1500,1,6,40.4361664,-86.8938115,146.648,-0.450,-0.310,1.560,3,21.30,37.43,1.68,0
1988,39086,19427,15202,0,0,-1.84114,0.34117,9.71088,0.019175,-0.038350,-0.013848,1.970,10.733,0.003,-0.0001,-0.0001,0.0409,-0.0001,-0.0001,0.0099,0.0192475,-0.0384705,-0.0140679,0.000000,0.000000,0.000000,0.00000,0.00000,0.000,0.000,0.000,0.000,0.000,-6.0000,0.0000,0.0000,6.0000,95.00,95.00,90.00,90.00,1575,1425,2475,1500,1,6,40.4361664,-86.8938115,146.648,-0.450,-0.310,1.560,3,21.30,37.43,1.68,0
2027,19722,37894,29870,0,0,-1.83396,0.32322,9.70490,0.019175,-0.039415,-0.013848,1.965,10.729,0.003,-0.0002,-0.0000,0.0424,-0.0001,-0.0001,0.0107,0.0193642,-0.0384026,-0.0140679,0.000000,0.000000,0.000000,0.00000,0.00000,0.000,0.000,0.000,0.000,0.000,-6.0000,0.0000,0.0000,6.0000,95.00,95.00,90.00,90.00,1575,1425,2475,1500,1,6,40.4361664,-86.8938115,146.648,-0.450,-0.310,1.560,3,21.30,37.43,1.68,0
2090,37694,25582,22581,0,0,-1.85072,0.33758,9.71687,0.019175,-0.039415,-0.013848,1.974,10.731,0.004,-0.0003,0.0002,0.0489,-0.0001,-0.0001,0.0142,0.0191483,-0.0384985,-0.0140679,0.000000,0.000000,0.000000,0.00000,0.00000,0.000,0.000,0.000,0.000,0.000,-6.0000,0.0000,0.0000,6.0000,95.00,95.00,90.00,90.00,1575,1425,2475,1500,1,6,40.4361628,-86.8937986,146.584,-0.310,-0.240,1.220,3,20.02,38.81,1.52,0
2132,23243,17912,14916,0,0,-1.83994,0.33160,9.70969,0.019175,-0.038350,-0.013848,1.974,10.730,0.005,-0.0003,0.0002,0.0529,-0.0001,-0.0001,0.0167,0.0191529,-0.0384409,-0.0140679,0.000000,0.000000,0.000000,0.00000,0.00000,0.000,0.000,0.000,0.000,0.000,-6.0000,0.0000,0.0000,6.0000,95.00,95.00,90.00,90.00,1575,1425,2475,1500,1,6,40.4361628,-86.8937986,146.584,-0.310,-0.240,1.220,3,20.02,38.81,1.52,0
2190,39060,18601,15219,0,0,-1.84593,0.32322,9.71447,0.019175,-0.038350,-0.014914,1.969,10.730,0.003,-0.0003,0.0000,0.0578,-0.0002,-0.0001,0.0198,0.0192331,-0.0384177,-0.0140679,0.000000,0.000000,0.000000,0.00000,0.00000,0.000,0.000,0.000,0.000,0.000,-6.0000,0.0000,0.0000,6.0000,95.00,95.00,90.00,90.00,1575,1425,2475,1500,1,6,40.4361628,-86.8937986,146.584,-0.310,-0.240,1.220,3,20.02,38.81,1.52,0
2219,18888,29433,21445,0,0,-1.83516,0.33040,9.71088,0.019175,-0.038350,-0.014914,1.967,10.727,0.002,-0.0004,0.0001,0.0593,-0.0002,-0.0001,0.0209,0.0192735,-0.0383481,-0.0140679,0.000000,0.000000,0.000000,0.00000,0.00000,0.000,0.000,0.000,0.000,0.000,-6.0000,0.0000,0.0000,6.0000,95.00,95.00,90.00,90.00,1575,1425,2475,1500,1,6,40.4361628,-86.8937986,146.584,-0.310,-0.240,1.220,3,20.02,38.81,1.52,0
2287,19076,17951,14969,0,0,-1.84952,0.32920,9.71208,0.019175,-0.039415,-0.013848,1.963,10.742,0.003,-0.0005,0.0001,0.0664,-0.0001,-0.0000,0.0259,0.0193565,-0.0386816,-0.0140679,0.000000,0.000000,0.000000,0.00000,0.00000,0.000,0.000,0.000,0.000,0.000,-6.0000,0.0000,0.0000,6.0000,95.00,95.00,90.00,90.00,1575,1425,2475,1500,1,6,40.4361762,-86.8937949,148.453,-0.180,-0.470,0.950,3,16.56,33.71,1.38,0
2328,23158,17922,14933,0,0,-1.84593,0.33279,9.71687,0.020240,-0.039415,-0.013848,1.962,10.744,0.004,-0.0005,0.0001,0.0700,-0.0001,-0.0000,0.0287,0.0194098,-0.0387586,-0.0140678,0.000000,0.000000,0.000000,0.00000,0.00000,0.000,0.000,0.000,0.000,0.000,-6.0000,0.0000,0.0000,6.0000,95.00,95.00,90.00,90.00,1575,1425,2475,1500,1,6,40.4361762,-86.8937949,148.453,-0.180,-0.470,0.950,3,16.56,33.71,1.38,0
2377,30139,18052,14716,0,0,-1.84114,0.32561,9.71208,0.018109,-0.038350,-0.013848,1.956,10.747,0.004,-0.0004,0.0000,0.0741,-0.0001,0.0000,0.0322,0.0194904,-0.0388022,-0.0140679,0.000000,0.000000,0.000000,0.00000,0.00000,0.000,0.000,0.000,0.000,0.000,-6.0000,0.0000,0.0000,6.0000,95.00,95.00,90.00,90.00,1575,1425,2475,1500,1,6,40.4361762,-86.8937949,148.453,-0.180,-0.470,0.950,3,16.56,33.71,1.38,0
2437,21677,17822,14652,0,0,-1.84354,0.35195,9.72525,0.018109,-0.038350,-0.013848,1.966,10.745,0.004,-0.0004,0.0001,0.0797,-0.0002,-0.0001,0.0368,0.0192577,-0.0387744,-0.0140679,0.000000,0.000000,0.000000,0.00000,0.00000,0.000,0.000,0.000,0.000,0.000,-6.0000,0.0000,0.0000,6.0000,95.00,95.00,90.00,90.00,1575,1425,2475,1500,1,6,40.4361762,-86.8937949,148.453,-0.180,-0.470,0.950,3,16.56,33.71,1.38,0
2487,31416,18027,15027,0,0,-1.84354,0.33279,9.70969,0.019175,-0.038350,-0.014914,1.959,10.743,0.003,-0.0004,0.0001,0.0838,-0.0002,-0.0000,0.0409,0.0193721,-0.0387243,-0.0140679,0.000000,0.000000,0.000000,0.00000,0.00000,0.000,0.000,0.000,0.000,0.000,-6.0000,0.0000,0.0000,6.0000,95.00,95.00,90.00,90.00,1575,1425,2475,1500,1,6,40.4361826,-86.8937889,149.722,-0.170,-0.360,1.100,3,14.01,29.40,1.30,0
2525,18282,37947,29950,0,0,-1.84593,0.33279,9.70490,0.019175,-0.037284,-0.013848,1.960,10.746,0.003,-0.0004,0.0001,0.0853,-0.0002,-0.0000,0.0424,0.0193645,-0.0387527,-0.0140679,0.000000,0.000000,0.000000,0.00000,0.00000,0.000,0.000,0.000,0.000,0.000,-6.0000,0.0000,0.0000,6.0000,95.00,95.00,90.00,90.00,1575,1425,2475,1500,1,6,40.4361826,-86.8937889,149.722,-0.170,-0.360,1.100,3,14.01,29.40,1.30,0
2591,37940,28276,25267,0,0,-1.83635,0.32561,9.70729,0.018109,-0.037284,-0.013848,1.951,10.744,0.004,-0.0002,-0.0001,0.0913,-0.0003,0.0000,0.0492,0.0195132,-0.0386290,-0.0140680,0.000000,0.000000,0.000000,0.00000,0.00000,0.000,0.000,0.000,0.000,0.000,-6.0000,0.0000,0.0000,6.0000,95.00,95.00,90.00,90.00,1575,1425,2475,1500,1,6,40.4361826,-86.8937889,149.722,-0.170,-0.360,1.100,3,14.01,29.40,1.30,0
2636,54667,18241,15284,0,0,-1.84114,0.32681,9.70969,0.019175,-0.038350,-0.013848,1.948,10.743,0.005,-0.0002,-0.0002,0.0958,-0.0003,0.0000,0.0543,0.0195487,-0.0386072,-0.0140680,0.000000,0.000000,0.000000,0.00000,0.00000,0.000,0.000,0.000,0.000,0.000,-6.0000,0.0000,0.0000,6.0000,95.00,95.00,90.00,90.00,1575,1425,2475,1500,1,6,40.4361826,-86.8937889,149.722,-0.170,-0.360,1.100,3,14.01,29.40,1.30,0
2685,29746,18678,15653,0,0,-1.85192,0.33279,9.71208,0.018109,-0.038350,-0.013848,1.950,10.748,0.005,-0.0002,-0.0003,0.0999,-0.0003,-0.0000,0.0590,0.0194390,-0.0386796,-0.0140679,0.000000,0.000000,0.000000,0.00000,0.00000,0.000,0.000,0.000,0.000,0.000,-6.0000,0.0000,0.0000,6.0000,95.00,95.00,90.00,90.00,1575,1425,2475,1500,1,6,40.4361826,-86.8937889,149.722,-0.170,-0.360,1.100,3,14.01,29.40,1.30,0
2733,24389,17971,14967,0,0,-1.84114,0.33758,9.70969,0.019175,-0.038350,-0.013848,1.953,10.745,0.005,-0.0002,-0.0003,0.1041,-0.0003,-0.0001,0.0640,0.0193846,-0.0385805,-0.0140679,0.000000,0.000000,0.000000,0.00000,0.00000,0.000,0.000,0.000,0.000,0.000,-6.0000,0.0000,0.0000,6.0000,95.00,95.00,90.00,90.00,1575,1425,2475,1500,1,6,40.4361918,-86.8937871,151.815,-0.190,-0.550,1.270,3,12.10,25.88,1.22,0
2774,23212,17937,14944,0,0,-1.83875,0.33279,9.71328,0.018109,-0.037284,-0.013848,1.959,10.740,0.005,-0.0003,-0.0004,0.1075,-0.0003,-0.0001,0.0684,0.0192631,-0.0384721,-0.0140679,0.000000,0.000000,0.000000,0.00000,0.00000,0.000,0.000,0.000,0.000,0.000,-6.0000,0.0000,0.0000,6.0000,95.00,95.00,90.00,90.00,1575,1425,2475,1500,1,6,40.4361918,-86.8937871,151.815,-0.190,-0.550,1.270,3,12.10,25.88,1.22,0
2832,33313,19001,15216,0,0,-1.83875,0.32561,9.70131,0.019175,-0.037284,-0.013848,1.956,10.739,0.006,-0.0003,-0.0004,0.1119,-0.0004,-0.0001,0.0746,0.0193034,-0.0384288,-0.0140680,0.000000,0.000000,0.000000,0.00000,0.00000,0.000,0.000,0.000,0.000,0.000,-6.0000,0.0000,0.0000,6.0000,95.00,95.00,90.00,90.00,1575,1425,2475,1500,1,6,40.4361918,-86.8937871,151.815,-0.190,-0.550,1.270,3,12.10,25.88,1.22,0
2882,31734,18023,14998,0,0,-1.83875,0.33758,9.70849,0.019175,-0.038350,-0.013848,1.963,10.740,0.007,-0.0002,-0.0005,0.1160,-0.0004,-0.0002,0.0804,0.0191993,-0.0384383,-0.0140679,0.000000,0.000000,0.000000,0.00000,0.00000,0.000,0.000,0.000,0.000,0.000,-6.0000,0.0000,0.0000,6.0000,95.00,95.00,90.00,90.00,1575,1425,2475,1500,1,7,40.4361963,-86.8937880,152.765,-0.430,-0.590,1.840,3,10.66,23.11,1.09,0
2930,29582,17985,14992,0,0,-1.85072,0.33998,9.71208,0.018109,-0.037284,-0.013848,1.965,10.742,0.006,-0.0003,-0.0004,0.1200,-0.0004,-0.0002,0.0861,0.0191262,-0.0384315,-0.0140678,0.000000,0.000000,0.000000,0.00000,0.00000,0.000,0.000,0.000,0.000,0.000,-6.0000,0.0000,0.0000,6.0000,95.00,95.00,90.00,90.00,1575,1425,2475,1500,1,7,40.4361963,-86.8937880,152.765,-0.430,-0.590,1.840,3,10.66,23.11,1.09,0
2977,28860,18036,14698,0,0,-1.83516,0.33519,9.70729,0.019175,-0.037284,-0.013848,1.970,10.745,0.006,-0.0002,-0.0005,0.1236,-0.0004,-0.0003,0.0918,0.0190580,-0.0384548,-0.0140676,0.000000,0.000000,0.000000,0.00000,0.00000,0.000,0.000,0.000,0.000,0.000,-6.0000,0.0000,0.0000,6.0000,95.00,95.00,90.00,90.00,1575,1425,2475,1500,1,7,40.4361963,-86.8937880,152.765,-0.430,-0.590,1.840,3,10.66,23.11,1.09,0
3046,50431,18229,15262,0,0,-1.83994,0.33639,9.70609,0.020240,-0.038350,-0.013848,1.973,10.742,0.007,-0.0002,-0.0004,0.1291,-0.0004,-0.0003,0.1005,0.0190504,-0.0384089,-0.0140676,0.000000,0.000000,0.000000,0.00000,0.00000,0.000,0.000,0.000,0.000,0.000,-6.0000,0.0000,0.0000,6.0000,95.00,95.00,90.00,90.00,1575,1425,2475,1500,1,7,40.4361963,-86.8937880,152.765,-0.430,-0.590,1.840,3,10.66,23.11,1.09,0
3082,18511,35618,27653,0,0,-1.84473,0.33639,9.70969,0.019175,-0.038350,-0.013848,1.974,10.743,0.007,-0.0001,-0.0004,0.1306,-0.0004,-0.0003,0.1029,0.0190393,-0.0384173,-0.0140676,0.000000,0.000000,0.000000,0.00000,0.00000,0.000,0.000,0.000,0.000,0.000,-6.0000,0.0000,0.0000,6.0000,95.00,95.00,90.00,90.00,1575,1425,2475,1500,1,7,40.4361963,-86.8937880,152.765,-0.430,-0.590,1.840,3,10.66,23.11,1.09,0
3130,29388,18009,15001,0,0,-1.84593,0.32801,9.70849,0.019175,-0.038350,-0.013848,1.973,10.748,0.008,-0.0002,-0.0004,0.1361,-0.0004,-0.0003,0.1117,0.0190551,-0.0384765,-0.0140677,0.000000,0.000000,0.000000,0.00000,0.00000,0.000,0.000,0.000,0.000,0.000,-6.0000,0.0000,0.0000,6.0000,95.00,95.00,90.00,90.00,1575,1425,2475,1500,1,9,40.4361980,-86.8937839,154.048,0.080,-0.190,0.290,3,9.18,19.70,0.34,0
3178,29323,17900,14657,0,0,-1.83516,0.33878,9.71926,0.019175,-0.038350,-0.013848,1.974,10.743,0.008,-0.0002,-0.0004,0.1402,-0.0005,-0.0004,0.1183,0.0190414,-0.0383992,-0.0140676,0.000000,0.000000,0.000000,0.00000,0.00000,0.000,0.000,0.000,0.000,0.000,-6.0000,0.0000,0.0000,6.0000,95.00,95.00,90.00,90.00,1575,1425,2475,1500,1,9,40.4361980,-86.8937839,154.048,0.080,-0.190,0.290,3,9.18,19.70,0.34,0
3226,30139,17975,14975,0,0,-1.83755,0.33519,9.70370,0.019175,-0.038350,-0.013848,1.975,10.747,0.009,-0.0001,-0.0004,0.1440,-0.0005,-0.0004,0.1251,0.0190357,-0.0384400,-0.0140676,0.000000,0.000000,0.000000,0.00000,0.00000,0.000,0.000,0.000,0.000,0.000,-6.0000,0.0000,0.0000,6.0000,95.00,95.00,90.00,90.00,1575,1425,2475,1500,1,9,40.4361980,-86.8937839,154.048,0.080,-0.190,0.290,3,9.18,19.70,0.34,0
3278,19262,18206,14773,0,0,-1.84354,0.33878,9.71208,0.018109,-0.038350,-0.013848,1.973,10.747,0.010,-0.0001,-0.0005,0.1486,-0.0005,-0.0004,0.1327,0.0190433,-0.0384437,-0.0140676,0.000000,0.000000,0.000000,0.00000,0.00000,0.000,0.000,0.000,0.000,0.000,-6.0000,0.0000,0.0000,6.0000,95.00,95.00,90.00,90.00,1575,1425,2475,1500,1,10,40.4361918,-86.8937786,153.410,0.000,-0.008,0.156,3,8.06,17.14,0.24,0
3326,29863,17991,14974,0,0,-1.84234,0.33878,9.71926,0.020240,-0.038350,-0.014914,1.977,10.747,0.008,-0.0001,-0.0005,0.1527,-0.0005,-0.0004,0.1400,0.0190108,-0.0384380,-0.0140676,0.000000,0.000000,0.000000,0.00000,0.00000,0.000,0.000,0.000,0.000,0.000,-6.0000,0.0000,0.0000,6.0000,95.00,95.00,90.00,90.00,1575,1425,2475,1500,1,10,40.4361918,-86.8937786,153.410,0.000,-0.010,0.160,3,8.06,17.14,0.24,0
3374,29749,18001,14987,0,0,-1.85072,0.33639,9.71328,0.018109,-0.037284,-0.013848,1.975,10.751,0.009,-0.0001,-0.0005,0.1567,-0.0005,-0.0005,0.1474,0.0190033,-0.0384448,-0.0140676,0.000000,0.000000,0.000000,0.00000,0.00000,0.000,0.000,0.000,0.000,0.000,-6.0000,0.0000,0.0000,6.0000,95.00,95.00,90.00,90.00,1575,1425,2475,1500,1,10,40.4361918,-86.8937786,153.410,0.000,-0.010,0.160,3,8.06,17.14,0.24,0
3422,29734,17941,14905,0,0,-1.84354,0.32801,9.72046,0.019175,-0.037284,-0.013848,1.971,10.747,0.010,-0.0002,-0.0005,0.1609,-0.0005,-0.0005,0.1550,0.0190450,-0.0383840,-0.0140677,0.000000,0.000000,0.000000,0.00000,0.00000,0.000,0.000,0.000,0.000,0.000,-6.0000,0.0000,0.0000,6.0000,95.00,95.00,90.00,90.00,1575,1425,2475,1500,1,10,40.4361918,-86.8937786,153.410,0.000,-0.010,0.160,3,8.06,17.14,0.24,0
3474,33158,18827,15410,0,0,-1.83994,0.33040,9.71687,0.020240,-0.039415,-0.013848,1.974,10.745,0.010,-0.0001,-0.0006,0.1652,-0.0005,-0.0005,0.1634,0.0190357,-0.0383776,-0.0140676,0.000000,0.000000,0.000000,0.00000,0.00000,0.000,0.000,0.000,0.000,0.000,-6.0000,0.0000,0.0000,6.0000,95.00,95.00,90.00,90.00,1575,1425,2475,1500,1,10,40.4361918,-86.8937786,153.410,0.000,-0.010,0.160,3,8.06,17.14,0.24,0
3540,33695,25878,17720,0,0,-1.84234,0.33279,9.70729,0.019175,-0.038350,-0.013848,1.971,10.745,0.009,-0.0001,-0.0006,0.1700,-0.0005,-0.0005,0.1732,0.0190577,-0.0383753,-0.0140677,0.000000,0.000000,0.000000,0.00000,0.00000,0.000,0.000,0.000,0.000,0.000,-6.0000,0.0000,0.0000,6.0000,95.00,95.00,90.00,90.00,1575,1425,2475,1500,1,10,40.4361897,-86.8937764,153.718,-0.010,-0.130,0.120,3,7.16,15.07,0.23,0
3578,26124,37726,29752,0,0,-1.83396,0.33519,9.70969,0.019175,-0.038350,-0.013848,1.972,10.741,0.010,-0.0001,-0.0006,0.1721,-0.0005,-0.0005,0.1776,0.0190538,-0.0383392,-0.0140676,0.000000,0.000000,0.000000,0.00000,0.00000,0.000,0.000,0.000,0.000,0.000,-6.0000,0.0000,0.0000,6.0000,95.00,95.00,90.00,90.00,1575,1425,2475,1500,1,10,40.4361897,-86.8937764,153.718,-0.010,-0.130,0.120,3,7.16,15.07,0.23,0
3641,33684,29106,26047,0,0,-1.84354,0.32801,9.70370,0.018109,-0.037284,-0.013848,1.966,10.748,0.011,-0.0002,-0.0007,0.1778,-0.0005,-0.0006,0.1902,0.0190901,-0.0383695,-0.0140677,0.000000,0.000000,0.000000,0.00000,0.00000,0.000,0.000,0.000,0.000,0.000,-6.0000,0.0000,0.0000,6.0000,95.00,95.00,90.00,90.00,1575,1425,2475,1500,1,10,40.4361897,-86.8937764,153.718,-0.010,-0.130,0.120,3,7.16,15.07,0.23,0
3670,29375,29054,25684,0,0,-1.83755,0.33639,9.70969,0.018109,-0.038350,-0.013848,1.966,10.746,0.011,-0.0002,-0.0007,0.1802,-0.0005,-0.0006,0.1954,0.0190777,-0.0383449,-0.0140677,0.000000,0.000000,0.000000,0.00000,0.00000,0.000,0.000,0.000,0.000,0.000,-6.0000,0.0000,0.0000,6.0000,95.00,95.00,90.00,90.00,1575,1425,2475,1500,1,10,40.4361897,-86.8937764,153.718,-0.010,-0.130,0.120,3,7.16,15.07,0.23,0
3724,20953,18033,15013,0,0,-1.83875,0.32801,9.70609,0.019175,-0.039415,-0.013848,1.965,10.742,0.012,-0.0001,-0.0006,0.1853,-0.0006,-0.0006,0.2073,0.0190907,-0.0383177,-0.0140678,0.000000,0.000000,0.000000,0.00000,0.00000,0.000,0.000,0.000,0.000,0.000,-6.0000,0.0000,0.0000,6.0000,95.00,95.00,90.00,90.00,1575,1425,2475,1500,1,11,40.4361888,-86.8937753,154.332,-0.060,0.000,0.000,3,6.49,13.48,0.13,0
3771,29340,17992,14997,0,0,-1.84832,0.33040,9.70969,0.019175,-0.039415,-0.013848,1.965,10.738,0.012,-0.0002,-0.0006,0.1894,-0.0006,-0.0007,0.2162,0.0190986,-0.0383039,-0.0140678,0.000000,0.000000,0.000000,0.00000,0.00000,0.000,0.000,0.000,0.000,0.000,-6.0000,0.0000,0.0000,6.0000,95.00,95.00,90.00,90.00,1575,1425,2475,1500,1,11,40.4361888,-86.8937753,154.332,-0.060,0.000,0.000,3,6.49,13.48,0.13,0
3837,18175,17762,14614,0,0,-1.85072,0.33878,9.71208,0.018109,-0.038350,-0.013848,1.966,10.743,0.013,-0.0002,-0.0007,0.1950,-0.0006,-0.0007,0.2288,0.0190791,-0.0383461,-0.0140678,0.000000,0.000000,0.000000,0.00000,0.00000,0.000,0.000,0.000,0.000,0.000,-6.0000,0.0000,0.0000,6.0000,95.00,95.00,90.00,90.00,1575,1425,2475,1500,1,11,40.4361888,-86.8937753,154.332,-0.060,0.000,0.000,3,6.49,13.48,0.13,0
3886,31056,18068,15084,0,0,-1.84952,0.33399,9.71208,0.019175,-0.039415,-0.013848,1.962,10.741,0.014,-0.0003,-0.0005,0.1991,-0.0006,-0.0007,0.2385,0.0191216,-0.0383412,-0.0140678,0.000000,0.000000,0.000000,0.00000,0.00000,0.000,0.000,0.000,0.000,0.000,-6.0000,0.0000,0.0000,6.0000,95.00,95.00,90.00,90.00,1575,1425,2475,1500,1,11,40.4361853,-86.8937765,154.292,0.020,-0.010,0.020,3,5.90,12.11,0.16,0
3936,18316,17871,14625,0,0,-1.84114,0.34836,9.70729,0.018109,-0.038350,-0.013848,1.968,10.743,0.013,-0.0004,-0.0006,0.2035,-0.0006,-0.0008,0.2486,0.0190556,-0.0383578,-0.0140679,0.000000,0.000000,0.000000,0.00000,0.00000,0.000,0.000,0.000,0.000,0.000,-6.0000,0.0000,0.0000,6.0000,95.00,95.00,90.00,90.00,1575,1425,2475,1500,1,11,40.4361853,-86.8937765,154.292,0.020,-0.010,0.020,3,5.90,12.11,0.16,0
3984,24590,18012,15025,0,0,-1.84713,0.33758,9.71328,0.019175,-0.038350,-0.013848,1.970,10.746,0.012,-0.0004,-0.0006,0.2076,-0.0006,-0.0008,0.2585,0.0190443,-0.0383778,-0.0140679,0.000000,0.000000,0.000000,0.00000,0.00000,0.000,0.000,0.000,0.000,0.000,-6.0000,0.0000,0.0000,6.0000,95.00,95.00,90.00,90.00,1575,1425,2475,1500,1,11,40.4361853,-86.8937765,154.292,0.020,-0.010,0.020,3,5.90,12.11,0.16,0
4023,18261,38486,30477,0,0,-1.83755,0.32202,9.71687,0.018109,-0.038350,-0.013848,1.965,10.743,0.012,-0.0004,-0.0005,0.2092,-0.0006,-0.0008,0.2623,0.0190784,-0.0383571,-0.0140679,0.000000,0.000000,0.000000,0.00000,0.00000,0.000,0.000,0.000,0.000,0.000,-6.0000,0.0000,0.0000,6.0000,95.00,95.00,90.00,90.00,1575,1425,2475,1500,1,11,40.4361853,-86.8937765,154.292,0.020,-0.010,0.020,3,5.90,12.11,0.16,0
4086,37133,25556,17288,0,0,-1.85192,0.33758,9.71447,0.019175,-0.038350,-0.013848,1.968,10.743,0.013,-0.0004,-0.0004,0.2156,-0.0007,-0.0009,0.2784,0.0190576,-0.0383506,-0.0140679,0.000000,0.000000,0.000000,0.00000,0.00000,0.000,0.000,0.000,0.000,0.000,-6.0000,0.0000,0.0000,6.0000,95.00,95.00,90.00,90.00,1575,1425,2475,1500,1,10,40.4361881,-86.8937769,155.474,0.005,0.003,0.000,3,5.38,10.91,0.10,0
4145,38408,19963,15295,0,0,-1.83396,0.33160,9.71088,0.019175,-0.037284,-0.014914,1.969,10.747,0.012,-0.0003,-0.0005,0.2210,-0.0007,-0.0009,0.2924,0.0190505,-0.0383622,-0.0140679,0.000000,0.000000,0.000000,0.00000,0.00000,0.000,0.000,0.000,0.000,0.000,-6.0000,0.0000,0.0000,6.0000,95.00,95.00,90.00,90.00,1575,1425,2475,1500,1,10,40.4361881,-86.8937769,155.474,0.010,0.000,0.000,3,5.38,10.91,0.10,0
4186,23279,17937,14933,0,0,-1.85192,0.33639,9.70490,0.018109,-0.038350,-0.013848,1.968,10.748,0.012,-0.0003,-0.0005,0.2244,-0.0007,-0.0009,0.3021,0.0190482,-0.0383748,-0.0140679,0.000000,0.000000,0.000000,0.00000,0.00000,0.000,0.000,0.000,0.000,0.000,-6.0000,0.0000,0.0000,6.0000,95.00,95.00,90.00,90.00,1575,1425,2475,1500,1,10,40.4361881,-86.8937769,155.474,0.010,0.000,0.000,3,5.38,10.91,0.10,0
4234,29308,17988,14970,0,0,-1.83156,0.33998,9.71567,0.019175,-0.038350,-0.013848,1.971,10.747,0.014,-0.0001,-0.0005,0.2284,-0.0007,-0.0009,0.3129,0.0190320,-0.0383652,-0.0140679,0.000000,0.000000,0.000000,0.00000,0.00000,0.000,0.000,0.000,0.000,0.000,-6.0000,0.0000,0.0000,6.0000,95.00,95.00,90.00,90.00,1575,1425,2475,1500,1,10,40.4361881,-86.8937769,155.474,0.010,0.000,0.000,3,5.38,10.91,0.10,0
4283,31020,18104,15097,0,0,-1.85431,0.33399,9.71567,0.018109,-0.038350,-0.013848,1.969,10.750,0.015,-0.0002,-0.0004,0.2327,-0.0007,-0.0010,0.3242,0.0190384,-0.0383908,-0.0140679,0.000000,0.000000,0.000000,0.00000,0.00000,0.000,0.000,0.000,0.000,0.000,-6.0000,0.0000,0.0000,6.0000,95.00,95.00,90.00,90.00,1575,1425,2475,1500,1,11,40.4361911,-86.8937776,156.490,-0.020,-0.060,0.070,3,4.87,9.66,0.13,0
4331,29419,17973,14984,0,0,-1.84952,0.33519,9.70969,0.019175,-0.038350,-0.013848,1.970,10.749,0.015,-0.0003,-0.0004,0.2367,-0.0007,-0.0010,0.3354,0.0190289,-0.0383818,-0.0140679,0.000000,0.000000,0.000000,0.00000,0.00000,0.000,0.000,0.000,0.000,0.000,-6.0000,0.0000,0.0000,6.0000,95.00,95.00,90.00,90.00,1575,1425,2475,1500,1,11,40.4361911,-86.8937776,156.490,-0.020,-0.060,0.070,3,4.87,9.66,0.13,0
4383,19433,17976,14956,0,0,-1.84234,0.33519,9.70729,0.019175,-0.038350,-0.013848,1.972,10.754,0.016,-0.0004,-0.0004,0.2411,-0.0007,-0.0010,0.3480,0.0190205,-0.0384133,-0.0140679,0.000000,0.000000,0.000000,0.00000,0.00000,0.000,0.000,0.000,0.000,0.000,-6.0000,0.0000,0.0000,6.0000,95.00,95.00,90.00,90.00,1575,1425,2475,1500,1,11,40.4361911,-86.8937776,156.490,-0.020,-0.060,0.070,3,4.87,9.66,0.13,0
4430,28429,17985,14998,0,0,-1.85431,0.33399,9.70609,0.019175,-0.038350,-0.013848,1.968,10.759,0.016,-0.0004,-0.0004,0.2449,-0.0008,-0.0010,0.3594,0.0190390,-0.0384383,-0.0140679,0.000000,0.000000,0.000000,0.00000,0.00000,0.000,0.000,0.000,0.000,0.000,-6.0000,0.0000,0.0000,6.0000,95.00,95.00,90.00,90.00,1575,1425,2475,1500,1,11,40.4361911,-86.8937776,156.490,-0.020,-0.060,0.070,3,4.87,9.66,0.13,0
4479,31036,17786,14701,0,0,-1.84713,0.33040,9.71088,0.019175,-0.038350,-0.013848,1.967,10.757,0.016,-0.0005,-0.0004,0.2488,-0.0008,-0.0010,0.3715,0.0190479,-0.0384229,-0.0140679,0.000000,0.000000,0.000000,0.00000,0.00000,0.000,0.000,0.000,0.000,0.000,-6.0000,0.0000,0.0000,6.0000,95.00,95.00,90.00,90.00,1575,1425,2475,1500,1,11,40.4361906,-86.8937759,157.088,0.085,0.029,0.001,3,4.46,8.64,0.09,0
4545,32911,27212,19146,0,0,-1.84473,0.34117,9.70849,0.019175,-0.038350,-0.013848,1.971,10.755,0.017,-0.0005,-0.0003,0.2535,-0.0008,-0.0011,0.3857,0.0190170,-0.0384123,-0.0140679,0.000000,0.000000,0.000000,0.00000,0.00000,0.000,0.000,0.000,0.000,0.000,-6.0000,0.0000,0.0000,6.0000,95.00,95.00,90.00,90.00,1575,1425,2475,1500,1,11,40.4361906,-86.8937759,157.088,0.080,0.030,0.000,3,4.46,8.64,0.09,0
4606,70499,18288,15297,0,0,-1.84593,0.33160,9.71208,0.019175,-0.038350,-0.013848,1.971,10.756,0.018,-0.0005,-0.0005,0.2595,-0.0008,-0.0011,0.4037,0.0190235,-0.0384123,-0.0140679,0.000000,0.000000,0.000000,0.00000,0.00000,0.000,0.000,0.000,0.000,0.000,-6.0000,0.0000,0.0000,6.0000,95.00,95.00,90.00,90.00,1575,1425,2475,1500,1,11,40.4361906,-86.8937759,157.088,0.080,0.030,0.000,3,4.46,8.64,0.09,0
4630,18598,23057,15162,0,0,-1.84114,0.33279,9.71447,0.018109,-0.038350,-0.014914,1.969,10.754,0.017,-0.0005,-0.0005,0.2611,-0.0008,-0.0011,0.4086,0.0190264,-0.0384007,-0.0140679,0.000000,0.000000,0.000000,0.00000,0.00000,0.000,0.000,0.000,0.000,0.000,-6.0000,0.0000,0.0000,6.0000,95.00,95.00,90.00,90.00,1575,1425,2475,1500,1,11,40.4361906,-86.8937759,157.088,0.080,0.030,0.000,3,4.46,8.64,0.09,0
4678,29813,18054,14699,0,0,-1.85670,0.32561,9.70490,0.020240,-0.038350,-0.013848,1.972,10.755,0.018,-0.0006,-0.0005,0.2655,-0.0009,-0.0011,0.4226,0.0190252,-0.0384073,-0.0140680,0.000000,0.000000,0.000000,0.00000,0.00000,0.000,0.000,0.000,0.000,0.000,-6.0000,0.0000,0.0000,6.0000,95.00,95.00,90.00,90.00,1575,1425,2475,1500,1,11,40.4361906,-86.8937759,157.088,0.080,0.030,0.000,3,4.46,8.64,0.09,0
4728,32045,18037,15033,0,0,-1.83755,0.32441,9.71447,0.019175,-0.038350,-0.013848,1.972,10.752,0.017,-0.0006,-0.0007,0.2697,-0.0009,-0.0012,0.4360,0.0190255,-0.0383827,-0.0140679,0.000000,0.000000,0.000000,0.00000,0.00000,0.000,0.000,0.000,0.000,0.000,-6.0000,0.0000,0.0000,6.0000,95.00,95.00,90.00,90.00,1575,1425,2475,1500,1,12,40.4361909,-86.8937719,158.124,-0.050,0.000,-0.010,3,4.10,7.75,0.11,0
4787,39326,19012,15211,0,0,-1.85551,0.34477,9.70969,0.018109,-0.038350,-0.014914,1.976,10.755,0.016,-0.0007,-0.0006,0.2745,-0.0009,-0.0012,0.4517,0.0189792,-0.0384001,-0.0140678,0.000000,0.000000,0.000000,0.00000,0.00000,0.000,0.000,0.000,0.000,0.000,-6.0000,0.0000,0.0000,6.0000,95.00,95.00,90.00,90.00,1575,1425,2475,1500,1,12,40.4361909,-86.8937719,158.124,-0.050,0.000,-0.010,3,4.10,7.75,0.11,0
4828,23234,17928,14936,0,0,-1.83276,0.32561,9.71806,0.020240,-0.039415,-0.014914,1.972,10.746,0.014,-0.0008,-0.0005,0.2781,-0.0010,-0.0012,0.4635,0.0190100,-0.0383529,-0.0140679,0.000000,0.000000,0.000000,0.00000,0.00000,0.000,0.000,0.000,0.000,0.000,-6.0000,0.0000,0.0000,6.0000,95.00,95.00,90.00,90.00,1575,1425,2475,1500,1,12,40.4361909,-86.8937719,158.124,-0.050,0.000,-0.010,3,4.10,7.75,0.11,0
4877,25034,18227,14879,0,0,-1.83875,0.32801,9.71687,0.018109,-0.038350,-0.013848,1.972,10.744,0.013,-0.0008,-0.0006,0.2825,-0.0010,-0.0012,0.4770,0.0190013,-0.0383407,-0.0140679,0.000000,0.000000,0.000000,0.00000,0.00000,0.000,0.000,0.000,0.000,0.000,-6.0000,0.0000,0.0000,6.0000,95.00,95.00,90.00,90.00,1575,1425,2475,1500,1,12,40.4361904,-86.8937680,158.745,0.046,0.020,0.024,3,3.80,7.04,0.10,0
4925,29603,18061,15047,0,0,-1.85192,0.33279,9.71447,0.019175,-0.037284,-0.013848,1.972,10.748,0.014,-0.0009,-0.0006,0.2866,-0.0011,-0.0013,0.4908,0.0189958,-0.0383459,-0.0140679,0.000000,0.000000,0.000000,0.00000,0.00000,0.000,0.000,0.000,0.000,0.000,-6.0000,0.0000,0.0000,6.0000,95.00,95.00,90.00,90.00,1575,1425,2475,1500,1,12,40.4361904,-86.8937680,158.745,0.050,0.020,0.020,3,3.80,7.04,0.10,0
4972,29277,17988,14968,0,0,-1.83994,0.33519,9.71567,0.018109,-0.038350,-0.014914,1.977,10.750,0.013,-0.0008,-0.0007,0.2906,-0.0011,-0.0013,0.5045,0.0189633,-0.0383588,-0.0140678,0.000000,0.000000,0.000000,0.00000,0.00000,0.000,0.000,0.000,0.000,0.000,-6.0000,0.0000,0.0000,6.0000,95.00,95.00,90.00,90.00,1575,1425,2475,1500,1,12,40.4361904,-86.8937680,158.745,0.050,0.020,0.020,3,3.80,7.04,0.10,0
5029,55813,18222,15254,0,0,-1.85311,0.33878,9.70729,0.018109,-0.038350,-0.013848,1.975,10.753,0.014,-0.0010,-0.0006,0.2952,-0.0012,-0.0014,0.5208,0.0189552,-0.0383754,-0.0140677,0.000000,0.000000,0.000000,0.00000,0.00000,0.000,0.000,0.000,0.000,0.000,-6.0000,0.0000,0.0000,6.0000,95.00,95.00,90.00,90.00,1575,1425,2475,1500,1,12,40.4361904,-86.8937680,158.745,0.050,0.020,0.020,3,3.80,7.04,0.10,0
5077,30153,18182,14791,0,0,-1.84234,0.32561,9.71687,0.019175,-0.037284,-0.013848,1.974,10.754,0.013,-0.0010,-0.0007,0.2995,-0.0012,-0.0014,0.5353,0.0189686,-0.0383741,-0.0140677,0.000000,0.000000,0.000000,0.00000,0.00000,0.000,0.000,0.000,0.000,0.000,-6.0000,0.0000,0.0000,6.0000,95.00,95.00,90.00,90.00,1575,1425,2475,1500,1,12,40.4361894,-86.8937642,159.174,-0.028,-0.020,0.017,3,3.54,6.42,0.10,0
5125,24751,18069,15059,0,0,-1.84593,0.34117,9.71687,0.018109,-0.037284,-0.013848,1.973,10.757,0.014,-0.0010,-0.0007,0.3036,-0.0012,-0.0014,0.5499,0.0189592,-0.0383735,-0.0140677,0.000000,0.000000,0.000000,0.00000,0.00000,0.000,0.000,0.000,0.000,0.000,-6.0000,0.0000,0.0000,6.0000,95.00,95.00,90.00,90.00,1575,1425,2475,1500,1,12,40.4361894,-86.8937642,159.174,-0.030,-0.020,0.020,3,3.54,6.42,0.10,0
5173,29241,17980,14972,0,0,-1.83516,0.33160,9.70969,0.019175,-0.038350,-0.013848,1.973,10.751,0.014,-0.0010,-0.0007,0.3073,-0.0013,-0.0015,0.5644,0.0189630,-0.0383445,-0.0140679,0.000000,0.000000,0.000000,0.00000,0.00000,0.000,0.000,0.000,0.000,0.000,-6.0000,0.0000,0.0000,6.0000,95.00,95.00,90.00,90.00,1575,1425,2475,1500,1,12,40.4361894,-86.8937642,159.174,-0.030,-0.020,0.020,3,3.54,6.42,0.10,0
5231,39448,18158,15205,0,0,-1.84114,0.34117,9.71208,0.019175,-0.038350,-0.013848,1.974,10.749,0.015,-0.0010,-0.0006,0.3122,-0.0014,-0.0015,0.5823,0.0189542,-0.0383328,-0.0140680,0.000000,0.000000,0.000000,0.00000,0.00000,0.000,0.000,0.000,0.000,0.000,-6.0000,0.0000,0.0000,6.0000,95.00,95.00,90.00,90.00,1575,1425,2475,1500,1,12,40.4361894,-86.8937642,159.174,-0.030,-0.020,0.020,3,3.54,6.42,0.10,0
5274,24322,18125,15115,0,0,-1.83994,0.32920,9.71328,0.020240,-0.038350,-0.013848,1.973,10.746,0.016,-0.0010,-0.0006,0.3159,-0.0014,-0.0015,0.5957,0.0189652,-0.0383175,-0.0140681,0.000000,0.000000,0.000000,0.00000,0.00000,0.000,0.000,0.000,0.000,0.000,-6.0000,0.0000,0.0000,6.0000,95.00,95.00,90.00,90.00,1575,1425,2475,1500,1,11,40.4361889,-86.8937621,159.612,0.054,-0.013,0.006,3,3.30,5.87,0.12,0
5321,28852,17636,14594,0,0,-1.84473,0.33160,9.70609,0.018109,-0.037284,-0.013848,1.971,10.751,0.016,-0.0009,-0.0006,0.3196,-0.0014,-0.0015,0.6108,0.0189739,-0.0383306,-0.0140681,0.000000,0.000000,0.000000,0.00000,0.00000,0.000,0.000,0.000,0.000,0.000,-6.0000,0.0000,0.0000,6.0000,95.00,95.00,90.00,90.00,1575,1425,2475,1500,1,11,40.4361889,-86.8937621,159.612,0.050,-0.010,0.010,3,3.30,5.87,0.12,0
5387,18526,17889,14888,0,0,-1.84354,0.33519,9.71687,0.019175,-0.038350,-0.013848,1.974,10.745,0.014,-0.0010,-0.0005,0.3252,-0.0015,-0.0016,0.6322,0.0189604,-0.0382976,-0.0140682,0.000000,0.000000,0.000000,0.00000,0.00000,0.000,0.000,0.000,0.000,0.000,-6.0000,0.0000,0.0000,6.0000,95.00,95.00,90.00,90.00,1575,1425,2475,1500,1,11,40.4361889,-86.8937621,159.612,0.050,-0.010,0.010,3,3.30,5.87,0.12,0
5444,38845,18304,15312,0,0,-1.83755,0.33878,9.70969,0.018109,-0.037284,-0.013848,1.974,10.748,0.015,-0.0008,-0.0005,0.3297,-0.0016,-0.0016,0.6508,0.0189544,-0.0383013,-0.0140681,0.000000,0.000000,0.000000,0.00000,0.00000,0.000,0.000,0.000,0.000,0.000,-6.0000,0.0000,0.0000,6.0000,95.00,95.00,90.00,90.00,1575,1425,2475,1500,1,11,40.4361889,-86.8937621,159.612,0.050,-0.010,0.010,3,3.30,5.87,0.12,0
5474,18596,29603,21588,0,0,-1.84473,0.33040,9.70969,0.018109,-0.037284,-0.013848,1.972,10.749,0.015,-0.0008,-0.0004,0.3312,-0.0016,-0.0016,0.6570,0.0189607,-0.0383019,-0.0140682,0.000000,0.000000,0.000000,0.00000,0.00000,0.000,0.000,0.000,0.000,0.000,-6.0000,0.0000,0.0000,6.0000,95.00,95.00,90.00,90.00,1575,1425,2475,1500,1,11,40.4361889,-86.8937621,159.612,0.050,-0.010,0.010,3,3.30,5.87,0.12,0
5534,38136,20787,17787,0,0,-1.84473,0.33639,9.71208,0.018109,-0.037284,-0.013848,1.970,10.748,0.016,-0.0008,-0.0004,0.3371,-0.0016,-0.0016,0.6799,0.0189553,-0.0382888,-0.0140683,0.000000,0.000000,0.000000,0.00000,0.00000,0.000,0.000,0.000,0.000,0.000,-6.0000,0.0000,0.0000,6.0000,95.00,95.00,90.00,90.00,1575,1425,2475,1500,1,12,40.4361882,-86.8937604,159.901,-0.010,0.010,0.010,3,3.10,5.41,0.12,0
5570,26050,30090,26712,0,0,-1.83875,0.33399,9.70849,0.019175,-0.038350,-0.013848,1.970,10.747,0.016,-0.0008,-0.0004,0.3392,-0.0017,-0.0017,0.6887,0.0189553,-0.0382810,-0.0140684,0.000000,0.000000,0.000000,0.00000,0.00000,0.000,0.000,0.000,0.000,0.000,-6.0000,0.0000,0.0000,6.0000,95.00,95.00,90.00,90.00,1575,1425,2475,1500,1,12,40.4361882,-86.8937604,159.901,-0.010,0.010,0.010,3,3.10,5.41,0.12,0
5634,37817,26359,18371,0,0,-1.84593,0.33639,9.70969,0.018109,-0.038350,-0.013848,1.968,10.750,0.017,-0.0008,-0.0004,0.3447,-0.0017,-0.0017,0.7121,0.0189502,-0.0382997,-0.0140680,0.000000,0.000000,0.000000,0.00000,0.00000,0.000,0.000,0.000,0.000,0.000,-6.0000,0.0000,0.0000,6.0000,95.00,95.00,90.00,90.00,1575,1425,2475,1500,1,12,40.4361882,-86.8937604,159.901,-0.010,0.010,0.010,3,3.10,5.41,0.12,0
5673,47280,18214,15260,0,0,-1.84713,0.34117,9.71208,0.019175,-0.038350,-0.013848,1.971,10.751,0.018,-0.0009,-0.0002,0.3487,-0.0017,-0.0017,0.7284,0.0189387,-0.0383028,-0.0140679,0.000000,0.000000,0.000000,0.00000,0.00000,0.000,0.000,0.000,0.000,0.000,-6.0000,0.0000,0.0000,6.0000,95.00,95.00,90.00,90.00,1575,1425,2475,1500,1,12,40.4361882,-86.8937604,159.901,-0.010,0.010,0.010,3,3.10,5.41,0.12,0
5723,26058,18011,15020,0,0,-1.85192,0.33639,9.70729,0.018109,-0.038350,-0.013848,1.972,10.755,0.019,-0.0008,-0.0002,0.3528,-0.0018,-0.0017,0.7459,0.0189300,-0.0383294,-0.0140674,0.000000,0.000000,0.000000,0.00000,0.00000,0.000,0.000,0.000,0.000,0.000,-6.0000,0.0000,0.0000,6.0000,95.00,95.00,90.00,90.00,1575,1425,2475,1500,1,12,40.4361878,-86.8937580,160.267,-0.010,-0.010,0.000,3,2.92,5.01,0.09,0
5782,18137,17870,14876,0,0,-1.84593,0.33040,9.71328,0.018109,-0.038350,-0.014914,1.971,10.756,0.018,-0.0008,-0.0002,0.3577,-0.0018,-0.0017,0.7672,0.0189354,-0.0383387,-0.0140673,0.000000,0.000000,0.000000,0.00000,0.00000,0.000,0.000,0.000,0.000,0.000,-6.0000,0.0000,0.0000,6.0000,95.00,95.00,90.00,90.00,1575,1425,2475,1500,1,12,40.4361878,-86.8937580,160.267,-0.010,-0.010,0.000,3,2.92,5.01,0.09,0
5830,29426,17991,14978,0,0,-1.84473,0.33040,9.70849,0.019175,-0.037284,-0.013848,1.974,10.757,0.018,-0.0008,-0.0003,0.3616,-0.0019,-0.0017,0.7843,0.0189249,-0.0383328,-0.0140674,0.000000,0.000000,0.000000,0.00000,0.00000,0.000,0.000,0.000,0.000,0.000,-6.0000,0.0000,0.0000,6.0000,95.00,95.00,90.00,90.00,1575,1425,2475,1500,1,12,40.4361878,-86.8937580,160.267,-0.010,-0.010,0.000,3,2.92,5.01,0.09,0
5891,41917,18245,15289,0,0,-1.85072,0.32681,9.70849,0.019175,-0.038350,-0.013848,1.971,10.758,0.019,-0.0010,-0.0004,0.3664,-0.0019,-0.0017,0.8062,0.0189361,-0.0383307,-0.0140675,0.000000,0.000000,0.000000,0.00000,0.00000,0.000,0.000,0.000,0.000,0.000,-6.0000,0.0000,0.0000,6.0000,95.00,95.00,90.00,90.00,1575,1425,2475,1500,1,11,40.4361878,-86.8937551,160.751,-0.010,0.000,-0.020,3,2.76,4.66,0.11,0
5920,18530,29298,21371,0,0,-1.84952,0.33758,9.70609,0.018109,-0.038350,-0.013848,1.971,10.759,0.019,-0.0009,-0.0004,0.3678,-0.0019,-0.0017,0.8130,0.0189310,-0.0383364,-0.0140674,0.000000,0.000000,0.000000,0.00000,0.00000,0.000,0.000,0.000,0.000,0.000,-6.0000,0.0000,0.0000,6.0000,95.00,95.00,90.00,90.00,1575,1425,2475,1500,1,11,40.4361878,-86.8937551,160.751,-0.010,0.000,-0.020,3,2.76,4.66,0.11,0
5980,18027,17513,14521,0,0,-1.84354,0.34117,9.70609,0.019175,-0.038350,-0.013848,1.974,10.755,0.020,-0.0009,-0.0004,0.3736,-0.0020,-0.0018,0.8394,0.0189161,-0.0383214,-0.0140675,0.000000,0.000000,0.000000,0.00000,0.00000,0.000,0.000,0.000,0.000,0.000,-6.0000,0.0000,0.0000,6.0000,95.00,95.00,90.00,90.00,1575,1425,2475,1500,1,11,40.4361878,-86.8937551,160.751,-0.010,0.000,-0.020,3,2.76,4.66,0.11,0
6045,37944,27050,19038,0,0,-1.84593,0.33758,9.71806,0.018109,-0.038350,-0.013848,1.972,10.757,0.019,-0.0009,-0.0004,0.3784,-0.0021,-0.0018,0.8604,0.0189173,-0.0383278,-0.0140675,0.000000,0.000000,0.000000,0.00000,0.00000,0.000,0.000,0.000,0.000,0.000,-6.0000,0.0000,0.0000,6.0000,95.00,95.00,90.00,90.00,1575,1425,2475,1500,1,11,40.4361878,-86.8937551,160.751,-0.010,0.000,-0.020,3,2.76,4.66,0.11,0
6080,27408,34797,26893,0,0,-1.84952,0.33639,9.71328,0.019175,-0.037284,-0.014914,1.973,10.759,0.018,-0.0009,-0.0004,0.3808,-0.0021,-0.0018,0.8708,0.0189149,-0.0383313,-0.0140674,0.000000,0.000000,0.000000,0.00000,0.00000,0.000,0.000,0.000,0.000,0.000,-6.0000,0.0000,0.0000,6.0000,95.00,95.00,90.00,90.00,1575,1425,2475,1500,1,11,40.4361878,-86.8937551,160.751,-0.010,0.000,-0.020,3,2.76,4.66,0.11,0
6120,56908,17942,14922,0,0,-1.85072,0.33160,9.70609,0.019175,-0.039415,-0.013848,1.973,10.758,0.019,-0.0011,-0.0005,0.3854,-0.0021,-0.0018,0.8926,0.0189189,-0.0383390,-0.0140673,0.000000,0.000000,0.000000,0.00000,0.00000,0.000,0.000,0.000,0.000,0.000,-6.0000,0.0000,0.0000,6.0000,95.00,95.00,90.00,90.00,1575,1425,2475,1500,1,13,40.4361874,-86.8937524,160.985,0.040,0.000,0.000,3,2.62,4.34,0.11,1
6186,18108,17887,14904,0,0,-1.84473,0.33639,9.70969,0.018109,-0.036219,-0.013848,1.973,10.763,0.018,-0.0011,-0.0005,0.3908,-0.0022,-0.0018,0.9183,0.0189111,-0.0383442,-0.0140673,0.000000,0.000000,0.000000,0.00000,0.00000,0.000,0.000,0.000,0.000,0.000,-6.0000,0.0000,0.0000,6.0000,95.00,95.00,90.00,90.00,1575,1425,2475,1500,1,13,40.4361874,-86.8937524,160.985,0.040,0.000,0.000,3,2.62,4.34,0.11,1
6228,23177,17933,14934,0,0,-1.83755,0.33519,9.71328,0.018109,-0.037284,-0.013848,1.972,10.762,0.018,-0.0011,-0.0005,0.3942,-0.0023,-0.0019,0.9345,0.0189027,-0.0383271,-0.0140675,0.000000,0.000000,0.000000,0.00000,0.00000,0.000,0.000,0.000,0.000,0.000,-6.0000,0.0000,0.0000,6.0000,95.00,95.00,90.00,90.00,1575,1425,2475,1500,1,13,40.4361874,-86.8937524,160.985,0.040,0.000,0.000,3,2.62,4.34,0.11,1
6283,30683,24306,21081,0,0,-1.84952,0.33998,9.70250,0.019175,-0.039415,-0.013848,2.029,10.755,0.300,-0.0140,-0.0343,0.0021,-0.1290,0.1416,-0.0553,0.0188818,-0.0383364,-0.0147231,-0.009049,0.005643,0.043566,0.00000,0.00000,0.000,0.000,0.000,0.000,0.000,-6.0000,0.0000,0.0000,6.0000,95.00,95.00,90.00,90.00,1575,1425,2475,1500,1,13,40.4361859,-86.8937497,161.107,-0.013,-0.037,0.006,3,2.49,4.07,0.10,1
6324,47001,18648,15659,0,0,-1.83994,0.33519,9.71208,0.019175,-0.040480,-0.013848,2.027,10.747,0.303,-0.0138,-0.0349,0.0039,-0.1296,0.1398,-0.0552,0.0188932,-0.0383304,-0.0147249,-0.009065,0.005661,0.043562,0.00000,0.00000,0.000,0.000,0.000,0.000,0.000,-6.0000,0.0000,0.0000,6.0000,95.00,95.00,90.00,90.00,1575,1425,2475,1500,1,13,40.4361859,-86.8937497,161.107,-0.010,-0.040,0.010,3,2.49,4.07,0.10,1
6373,29750,18710,15719,0,0,-1.85551,0.33399,9.71926,0.020240,-0.039415,-0.013848,2.023,10.749,0.308,-0.0140,-0.0356,0.0060,-0.1305,0.1377,-0.0550,0.0189217,-0.0383487,-0.0147298,-0.009028,0.005701,0.043568,0.00000,0.00000,0.000,0.000,0.000,0.000,0.000,-6.0000,0.0000,0.0000,6.0000,95.00,95.00,90.00,90.00,1575,1425,2475,1500,1,13,40.4361859,-86.8937497,161.107,-0.010,-0.040,0.010,3,2.49,4.07,0.10,1
6433,18377,18203,15232,0,0,-1.85311,0.33279,9.71328,0.019175,-0.037284,-0.014914,2.019,10.750,0.311,-0.0140,-0.0360,0.0085,-0.1314,0.1353,-0.0545,0.0189395,-0.0383498,-0.0147322,-0.009029,0.005724,0.043567,0.00000,0.00000,0.000,0.000,0.000,0.000,0.000,-6.0000,0.0000,0.0000,6.0000,95.00,95.00,90.00,90.00,1575,1425,2475,1500,1,13,40.4361859,-86.8937497,161.107,-0.010,-0.040,0.010,3,2.49,4.07,0.10,1
6489,31252,24385,21374,0,0,-1.84234,0.34477,9.71208,0.019175,-0.037284,-0.013848,1.982,10.761,0.122,-0.0052,0.0006,-0.0021,-0.1799,0.2684,0.0488,0.0189489,-0.0383561,-0.0142446,-0.011508,0.004194,0.047003,0.00000,0.00000,0.000,0.000,0.000,0.000,0.000,-6.0000,0.0000,0.0000,6.0000,95.00,95.00,90.00,90.00,1575,1425,2475,1500,1,13,40.4361852,-86.8937474,161.240,0.000,0.020,0.010,3,2.38,3.84,0.11,1
6548,64136,18596,15621,0,0,-1.84952,0.33279,9.71806,0.017044,-0.037284,-0.013848,1.974,10.765,0.124,-0.0051,0.0003,0.0007,-0.1803,0.2684,0.0487,0.0189517,-0.0383570,-0.0142453,-0.011506,0.004198,0.047003,0.00000,0.00000,0.000,0.000,0.000,0.000,0.000,-6.0000,0.0000,0.0000,6.0000,95.00,95.00,90.00,90.00,1575,1425,2475,1500,1,13,40.4361852,-86.8937474,161.240,0.000,0.020,0.010,3,2.38,3.84,0.11,1
6583,18900,35342,27409,0,0,-1.83156,0.33639,9.71208,0.018109,-0.036219,-0.013848,1.974,10.763,0.124,-0.0048,0.0002,0.0013,-0.1802,0.2684,0.0487,0.0189497,-0.0383379,-0.0142445,-0.011551,0.004198,0.046995,0.00000,0.00000,0.000,0.000,0.000,0.000,0.000,-6.0000,0.0000,0.0000,6.0000,95.00,95.00,90.00,90.00,1575,1425,2475,1500,1,13,40.4361852,-86.8937474,161.240,0.000,0.020,0.010,3,2.38,3.84,0.11,1
6622,35629,38690,30797,0,0,-1.85790,0.33639,9.70609,0.019175,-0.037284,-0.013848,1.975,10.768,0.125,-0.0051,0.0002,0.0025,-0.1805,0.2684,0.0488,0.0189476,-0.0383512,-0.0142443,-0.011521,0.004194,0.047000,0.00000,0.00000,0.000,0.000,0.000,0.000,0.000,-6.0000,0.0000,0.0000,6.0000,95.00,95.00,90.00,90.00,1575,1425,2475,1500,1,13,40.4361852,-86.8937474,161.240,0.000,0.020,0.010,3,2.38,3.84,0.11,1
6672,30967,18386,15344,0,0,-1.83755,0.33519,9.71926,0.018109,-0.037284,-0.013848,1.973,10.767,0.127,-0.0045,-0.0001,0.0052,-0.1807,0.2684,0.0491,0.0189543,-0.0383295,-0.0142454,-0.011566,0.004203,0.046992,0.00000,0.00000,0.000,0.000,0.000,0.000,0.000,-6.0000,0.0000,0.0000,6.0000,95.00,95.00,90.00,90.00,1575,1425,2475,1500,1,13,40.4361852,-86.8937474,161.240,0.000,0.020,0.010,3,2.38,3.84,0.11,1
6739,42266,24481,21497,0,0,-1.84234,0.32801,9.71208,0.018109,-0.038350,-0.013848,1.956,10.772,0.071,0.0045,0.0125,0.0030,-0.2082,0.3781,0.1704,0.0189670,-0.0383442,-0.0140759,-0.013787,0.004405,0.049248,0.00000,0.00000,0.000,0.000,0.000,0.000,0.000,-6.0000,0.0000,0.0000,6.0000,95.00,95.00,90.00,90.00,1575,1425,2475,1500,1,16,40.4361850,-86.8937453,161.459,0.010,0.020,0.000,3,2.27,3.61,0.10,1
6769,24772,30030,22118,0,0,-1.84114,0.32920,9.70969,0.019175,-0.038350,-0.014914,1.955,10.770,0.070,0.0047,0.0124,0.0038,-0.2081,0.3784,0.1704,0.0189699,-0.0383360,-0.0140765,-0.013811,0.004410,0.049243,0.00000,0.00000,0.000,0.000,0.000,0.000,0.000,-6.0000,0.0000,0.0000,6.0000,95.00,95.00,90.00,90.00,1575,1425,2475,1500,1,16,40.4361850,-86.8937453,161.459,0.010,0.020,0.000,3,2.27,3.61,0.10,1
6836,18487,18191,15210,0,0,-1.85311,0.32561,9.71806,0.019175,-0.038350,-0.013848,1.957,10.772,0.069,0.0051,0.0126,0.0059,-0.2077,0.3795,0.1708,0.0189531,-0.0383363,-0.0140711,-0.013805,0.004389,0.049245,0.00000,0.00000,0.000,0.000,0.000,0.000,0.000,-6.0000,0.0000,0.0000,6.0000,95.00,95.00,90.00,90.00,1575,1425,2475,1500,1,16,40.4361850,-86.8937453,161.459,0.010,0.020,0.000,3,2.27,3.61,0.10,1
6886,24615,25181,21480,0,0,-1.85311,0.34117,9.71328,0.019175,-0.038350,-0.013848,1.997,10.770,0.248,0.0130,-0.0003,-0.0067,-0.2282,0.4719,0.2742,0.0189253,-0.0383520,-0.0145495,-0.016500,0.005957,0.052726,0.00000,0.00000,0.000,0.000,0.000,0.000,0.000,-6.0000,0.0000,0.0000,6.0000,95.00,95.00,90.00,90.00,1575,1425,2475,1500,1,16,40.4361848,-86.8937438,161.584,0.020,-0.011,0.019,3,2.17,3.42,0.12,1
6946,40803,18601,15609,0,0,-1.85072,0.33160,9.70969,0.018109,-0.038350,-0.013848,1.991,10.770,0.254,0.0134,-0.0010,-0.0048,-0.2273,0.4718,0.2739,0.0189450,-0.0383529,-0.0145571,-0.016504,0.005980,0.052725,0.00000,0.00000,0.000,0.000,0.000,0.000,0.000,-6.0000,0.0000,0.0000,6.0000,95.00,95.00,90.00,90.00,1575,1425,2475,1500,1,16,40.4361848,-86.8937438,161.584,0.020,-0.010,0.020,3,2.17,3.42,0.12,1
6976,18887,30002,22089,0,0,-1.85910,0.33040,9.70609,0.019175,-0.038350,-0.013848,1.989,10.773,0.256,0.0133,-0.0012,-0.0043,-0.2270,0.4718,0.2738,0.0189527,-0.0383652,-0.0145603,-0.016474,0.005986,0.052730,0.00000,0.00000,0.000,0.000,0.000,0.000,0.000,-6.0000,0.0000,0.0000,6.0000,95.00,95.00,90.00,90.00,1575,1425,2475,1500,1,16,40.4361848,-86.8937438,161.584,0.020,-0.010,0.020,3,2.17,3.42,0.12,1
7042,38381,27403,19403,0,0,-1.86029,0.33639,9.70969,0.019175,-0.038350,-0.013848,1.989,10.775,0.260,0.0137,-0.0016,-0.0023,-0.2261,0.4717,0.2736,0.0189612,-0.0383640,-0.0145632,-0.016481,0.005994,0.052729,0.00000,0.00000,0.000,0.000,0.000,0.000,0.000,-6.0000,0.0000,0.0000,6.0000,95.00,95.00,90.00,90.00,1575,1425,2475,1500,1,16,40.4361848,-86.8937438,161.584,0.020,-0.010,0.020,3,2.17,3.42,0.12,1
7078,27653,35499,27641,0,0,-1.84832,0.32801,9.70490,0.019175,-0.038350,-0.013848,1.987,10.775,0.262,0.0139,-0.0019,-0.0016,-0.2257,0.4717,0.2735,0.0189710,-0.0383644,-0.0145663,-0.016483,0.006003,0.052728,0.00000,0.00000,0.000,0.000,0.000,0.000,0.000,-6.0000,0.0000,0.0000,6.0000,95.00,95.00,90.00,90.00,1575,1425,2475,1500,1,16,40.4361848,-86.8937438,161.584,0.020,-0.010,0.020,3,2.17,3.42,0.12,1
7127,30218,18301,15293,0,0,-1.85790,0.33998,9.70250,0.018109,-0.038350,-0.013848,1.977,10.771,0.244,-0.0173,0.0110,-0.0055,-0.2457,0.5642,0.3731,0.0189804,-0.0383462,-0.0144963,-0.012103,0.005421,0.055946,0.00000,0.00000,0.000,0.000,0.000,0.000,0.000,-6.0000,0.0000,0.0000,6.0000,95.00,95.00,90.00,90.00,1575,1425,2475,1500,1,17,40.4361847,-86.8937420,161.732,-0.040,0.020,0.010,3,2.09,3.25,0.12,1
7187,18791,18265,15261,0,0,-1.85192,0.33160,9.70969,0.020240,-0.038350,-0.013848,1.974,10.767,0.248,-0.0167,0.0105,-0.0041,-0.2467,0.5648,0.3728,0.0189912,-0.0383353,-0.0145003,-0.012138,0.005434,0.055939,0.00000,0.00000,0.000,0.000,0.000,0.000,0.000,-6.0000,0.0000,0.0000,6.0000,95.00,95.00,90.00,90.00,1575,1425,2475,1500,1,17,40.4361847,-86.8937420,161.732,-0.040,0.020,0.010,3,2.09,3.25,0.12,1
7236,24798,18318,15322,0,0,-1.84234,0.34117,9.71328,0.018109,-0.038350,-0.013848,1.972,10.769,0.250,-0.0167,0.0103,-0.0029,-0.2475,0.5653,0.3727,0.0189945,-0.0383366,-0.0145018,-0.012136,0.005437,0.055940,0.00000,0.00000,0.000,0.000,0.000,0.000,0.000,-6.0000,0.0000,0.0000,6.0000,95.00,95.00,90.00,90.00,1575,1425,2475,1500,1,17,40.4361847,-86.8937420,161.732,-0.040,0.020,0.010,3,2.09,3.25,0.12,1
7292,31253,24383,21373,0,0,-1.85670,0.33279,9.71208,0.019175,-0.038350,-0.013848,2.052,10.765,0.664,0.0205,-0.0300,0.0050,-0.2516,0.6515,0.4824,0.0189801,-0.0383747,-0.0155972,-0.018973,0.008209,0.055041,0.00000,0.00000,0.000,0.000,0.000,0.000,0.000,-6.0000,0.0000,0.0000,6.0000,95.00,95.00,90.00,90.00,1575,1425,2475,1500,1,17,40.4361848,-86.8937403,161.941,0.050,-0.060,-0.010,3,2.01,3.11,0.12,1
7334,23569,18273,15273,0,0,-1.84114,0.34357,9.71806,0.019175,-0.038350,-0.013848,2.049,10.765,0.672,0.0209,-0.0307,0.0066,-0.2506,0.6500,0.4827,0.0189976,-0.0383740,-0.0156059,-0.018982,0.008226,0.055039,0.00000,0.00000,0.000,0.000,0.000,0.000,0.000,-6.0000,0.0000,0.0000,6.0000,95.00,95.00,90.00,90.00,1575,1425,2475,1500,1,17,40.4361848,-86.8937403,161.941,0.050,-0.060,-0.010,3,2.01,3.11,0.12,1
7376,40763,19740,15941,0,0,-1.84593,0.32801,9.70729,0.019175,-0.038350,-0.013848,2.045,10.764,0.680,0.0212,-0.0316,0.0075,-0.2498,0.6488,0.4830,0.0190173,-0.0383733,-0.0156149,-0.018991,0.008244,0.055036,0.00000,0.00000,0.000,0.000,0.000,0.000,0.000,-6.0000,0.0000,0.0000,6.0000,95.00,95.00,90.00,90.00,1575,1425,2475,1500,1,17,40.4361848,-86.8937403,161.941,0.050,-0.060,-0.010,3,2.01,3.11,0.12,1
7425,30200,18380,15358,0,0,-1.83875,0.34117,9.70969,0.019175,-0.038350,-0.013848,2.043,10.761,0.686,0.0219,-0.0321,0.0088,-0.2487,0.6472,0.4834,0.0190294,-0.0383625,-0.0156195,-0.019024,0.008257,0.055030,0.00000,0.00000,0.000,0.000,0.000,0.000,0.000,-6.0000,0.0000,0.0000,6.0000,95.00,95.00,90.00,90.00,1575,1425,2475,1500,1,17,40.4361848,-86.8937403,161.941,0.050,-0.060,-0.010,3,2.01,3.11,0.12,1
7474,30041,18712,15704,0,0,-1.85910,0.33639,9.70969,0.018109,-0.037284,-0.014914,2.037,10.768,0.692,0.0220,-0.0326,0.0101,-0.2476,0.6456,0.4839,0.0190434,-0.0383798,-0.0156260,-0.018986,0.008263,0.055037,0.00000,0.00000,0.000,0.000,0.000,0.000,0.000,-6.0000,0.0000,0.0000,6.0000,95.00,95.00,90.00,90.00,1575,1425,2475,1500,1,17,40.4361848,-86.8937403,161.941,0.050,-0.060,-0.010,3,2.01,3.11,0.12,1
7527,24601,47418,44157,0,0,-1.84593,0.32681,9.71208,0.019175,-0.038350,-0.013848,1.910,10.778,0.107,-0.0190,0.0344,0.0163,-0.2508,0.7353,0.6048,0.0191042,-0.0383458,-0.0140458,-0.011732,0.005894,0.057302,0.00000,0.00000,0.000,0.000,0.000,0.000,0.000,-6.0000,0.0000,0.0000,6.0000,95.00,95.00,90.00,90.00,1575,1425,2475,1500,1,19,40.4361853,-86.8937391,162.177,-0.050,0.080,-0.020,3,1.94,2.98,0.12,1
7586,40364,18562,15574,0,0,-1.83875,0.33998,9.71088,0.019175,-0.038350,-0.013848,1.916,10.778,0.099,-0.0186,0.0353,0.0183,-0.2525,0.7383,0.6063,0.0190729,-0.0383347,-0.0140287,-0.011751,0.005875,0.057299,0.00000,0.00000,0.000,0.000,0.000,0.000,0.000,-6.0000,0.0000,0.0000,6.0000,95.00,95.00,90.00,90.00,1575,1425,2475,1500,1,19,40.4361853,-86.8937391,162.177,-0.050,0.080,-0.020,3,1.94,2.98,0.12,1
7635,24822,18306,15309,0,0,-1.84832,0.33399,9.71447,0.018109,-0.038350,-0.014914,1.920,10.777,0.094,-0.0185,0.0354,0.0195,-0.2534,0.7400,0.6072,0.0190517,-0.0383326,-0.0140183,-0.011749,0.005861,0.057300,0.00000,0.00000,0.000,0.000,0.000,0.000,0.000,-6.0000,0.0000,0.0000,6.0000,95.00,95.00,90.00,90.00,1575,1425,2475,1500,1,19,40.4361853,-86.8937391,162.177,-0.050,0.080,-0.020,3,1.94,2.98,0.12,1
7674,18554,38860,30473,0,0,-1.84354,0.33519,9.71687,0.019175,-0.038350,-0.013848,1.923,10.775,0.092,-0.0184,0.0354,0.0201,-0.2537,0.7407,0.6076,0.0190427,-0.0383260,-0.0140139,-0.011763,0.005857,0.057297,0.00000,0.00000,0.000,0.000,0.000,0.000,0.000,-6.0000,0.0000,0.0000,6.0000,95.00,95.00,90.00,90.00,1575,1425,2475,1500,1,19,40.4361853,-86.8937391,162.177,-0.050,0.080,-0.020,3,1.94,2.98,0.12,1
7737,37897,25361,21373,0,0,-1.84593,0.32920,9.70609,0.018109,-0.037284,-0.013848,2.027,10.758,0.611,-0.0194,-0.0102,0.0035,-0.2378,0.7906,0.7037,0.0190035,-0.0383223,-0.0153467,-0.013237,0.007224,0.061127,0.00000,0.00000,0.000,0.000,0.000,0.000,0.000,-6.0000,0.0000,0.0000,6.0000,95.00,95.00,90.00,90.00,1575,1425,2475,1500,1,19,40.4361861,-86.8937396,162.215,-0.020,-0.040,0.010,3,1.88,2.86,0.10,1
7791,29735,18534,15574,0,0,-1.85192,0.33639,9.70370,0.018109,-0.038350,-0.013848,2.021,10.763,0.620,-0.0195,-0.0109,0.0046,-0.2390,0.7900,0.7039,0.0190199,-0.0383325,-0.0153570,-0.013212,0.007231,0.061131,0.00000,0.00000,0.000,0.000,0.000,0.000,0.000,-6.0000,0.0000,0.0000,6.0000,95.00,95.00,90.00,90.00,1575,1425,2475,1500,1,19,40.4361861,-86.8937396,162.215,-0.020,-0.040,0.010,3,1.88,2.86,0.10,1
7820,18823,28991,20965,0,0,-1.84473,0.32920,9.70849,0.019175,-0.038350,-0.014914,2.017,10.762,0.623,-0.0195,-0.0112,0.0049,-0.2394,0.7898,0.7040,0.0190324,-0.0383309,-0.0153638,-0.013223,0.007238,0.061129,0.00000,0.00000,0.000,0.000,0.000,0.000,0.000,-6.0000,0.0000,0.0000,6.0000,95.00,95.00,90.00,90.00,1575,1425,2475,1500,1,19,40.4361861,-86.8937396,162.215,-0.020,-0.040,0.010,3,1.88,2.86,0.10,1
7870,30269,19193,16152,0,0,-1.85551,0.33040,9.71208,0.019175,-0.038350,-0.013848,2.011,10.765,0.634,-0.0196,-0.0121,0.0063,-0.2405,0.7891,0.7044,0.0190583,-0.0383416,-0.0153779,-0.013204,0.007249,0.061132,0.00000,0.00000,0.000,0.000,0.000,0.000,0.000,-6.0000,0.0000,0.0000,6.0000,95.00,95.00,90.00,90.00,1575,1425,2475,1500,1,19,40.4361861,-86.8937396,162.215,-0.020,-0.040,0.010,3,1.88,2.86,0.10,1
7926,31321,18414,15399,0,0,-1.84713,0.32681,9.71088,0.018109,-0.038350,-0.013848,1.936,10.783,0.294,0.0081,0.0174,0.0041,-0.2149,0.8358,0.7901,0.0190855,-0.0383600,-0.0144824,-0.016440,0.007603,0.062149,0.00000,0.00000,0.000,0.000,0.000,0.000,0.000,-6.0000,0.0000,0.0000,6.0000,95.00,95.00,90.00,90.00,1575,1425,2475,1500,1,20,40.4361866,-86.8937396,162.287,0.030,0.040,0.000,3,1.81,2.76,0.08,1
7973,29156,18327,15331,0,0,-1.84832,0.33639,9.71088,0.019175,-0.037284,-0.013848,1.938,10.784,0.293,0.0083,0.0174,0.0051,-0.2145,0.8366,0.7903,0.0190761,-0.0383565,-0.0144767,-0.016447,0.007599,0.062148,0.00000,0.00000,0.000,0.000,0.000,0.000,0.000,-6.0000,0.0000,0.0000,6.0000,95.00,95.00,90.00,90.00,1575,1425,2475,1500,1,20,40.4361866,-86.8937396,162.287,0.030,0.040,0.000,3,1.81,2.76,0.08,1
8025,51743,18612,15640,0,0,-1.85072,0.33040,9.70729,0.019175,-0.038350,-0.013848,1.939,10.784,0.295,0.0086,0.0172,0.0059,-0.2140,0.8375,0.7906,0.0190744,-0.0383572,-0.0144758,-0.016444,0.007598,0.062148,0.00000,0.00000,0.000,0.000,0.000,0.000,0.000,-6.0000,0.0000,0.0000,6.0000,95.00,95.00,90.00,90.00,1575,1425,2475,1500,1,20,40.4361866,-86.8937396,162.287,0.030,0.040,0.000,3,1.81,2.76,0.08,1
8087,37030,24480,21338,0,0,-1.85192,0.33519,9.70370,0.019175,-0.039415,-0.014914,1.945,10.781,0.305,0.0031,0.0193,-0.0036,-0.1890,0.8828,0.8816,0.0190629,-0.0383567,-0.0144903,-0.015885,0.007715,0.064968,0.00000,0.00000,0.000,0.000,0.000,0.000,0.000,-6.0000,0.0000,0.0000,6.0000,95.00,95.00,90.00,90.00,1575,1425,2475,1500,1,20,40.4361872,-86.8937386,162.462,-0.002,0.020,0.013,3,1.76,2.66,0.08,1
8137,26203,18185,15030,0,0,-1.86029,0.34357,9.70250,0.018109,-0.038350,-0.013848,1.947,10.785,0.302,0.0032,0.0193,-0.0028,-0.1888,0.8838,0.8815,0.0190481,-0.0383622,-0.0144816,-0.015860,0.007706,0.064973,0.00000,0.00000,0.000,0.000,0.000,0.000,0.000,-6.0000,0.0000,0.0000,6.0000,95.00,95.00,90.00,90.00,1575,1425,2475,1500,1,20,40.4361872,-86.8937386,162.462,0.000,0.020,0.010,3,1.76,2.66,0.08,1
8185,29961,18357,15349,0,0,-1.84234,0.32202,9.71447,0.018109,-0.037284,-0.013848,1.943,10.781,0.305,0.0037,0.0188,-0.0018,-0.1887,0.8848,0.8814,0.0190559,-0.0383414,-0.0144846,-0.015929,0.007716,0.064959,0.00000,0.00000,0.000,0.000,0.000,0.000,0.000,-6.0000,0.0000,0.0000,6.0000,95.00,95.00,90.00,90.00,1575,1425,2475,1500,1,20,40.4361872,-86.8937386,162.462,0.000,0.020,0.010,3,1.76,2.66,0.08,1
8220,34584,18224,15182,0,0,-1.84832,0.33519,9.70490,0.019175,-0.039415,-0.013848,1.945,10.779,0.305,0.0039,0.0188,-0.0014,-0.1885,0.8854,0.8813,0.0190508,-0.0383411,-0.0144818,-0.015927,0.007714,0.064960,0.00000,0.00000,0.000,0.000,0.000,0.000,0.000,-6.0000,0.0000,0.0000,6.0000,95.00,95.00,90.00,90.00,1575,1425,2475,1500,1,20,40.4361872,-86.8937386,162.462,0.000,0.020,0.010,3,1.76,2.66,0.08,1
8294,19776,24217,21221,0,0,-1.85192,0.33040,9.71926,0.019175,-0.037284,-0.013848,1.931,10.777,0.233,0.0139,0.0261,-0.0107,-0.1563,0.9336,0.9818,0.0190447,-0.0383266,-0.0142848,-0.017252,0.008145,0.067482,0.00000,0.00000,0.000,0.000,0.000,0.000,0.000,-6.0000,0.0000,0.0000,6.0000,95.00,95.00,90.00,90.00,1575,1425,2475,1500,1,20,40.4361879,-86.8937376,162.677,0.020,0.030,0.020,3,1.70,2.57,0.07,1
8324,24471,25019,21613,0,0,-1.84593,0.33279,9.71208,0.019175,-0.038350,-0.013848,1.933,10.776,0.233,0.0140,0.0260,-0.0103,-0.1560,0.9342,0.9815,0.0190403,-0.0383235,-0.0142817,-0.017260,0.008145,0.067481,0.00000,0.00000,0.000,0.000,0.000,0.000,0.000,-6.0000,0.0000,0.0000,6.0000,95.00,95.00,90.00,90.00,1575,1425,2475,1500,1,20,40.4361879,-86.8937376,162.677,0.020,0.030,0.020,3,1.70,2.57,0.07,1
8373,29602,18585,15322,0,0,-1.84713,0.33519,9.71567,0.019175,-0.038350,-0.013848,1.935,10.775,0.230,0.0145,0.0259,-0.0095,-0.1551,0.9358,0.9809,0.0190339,-0.0383170,-0.0142773,-0.017278,0.008146,0.067478,0.00000,0.00000,0.000,0.000,0.000,0.000,0.000,-6.0000,0.0000,0.0000,6.0000,95.00,95.00,90.00,90.00,1575,1425,2475,1500,1,20,40.4361879,-86.8937376,162.677,0.020,0.030,0.020,3,1.70,2.57,0.07,1
8432,40256,18491,15528,0,0,-1.84354,0.33160,9.71447,0.019175,-0.038350,-0.013848,1.936,10.776,0.231,0.0148,0.0256,-0.0086,-0.1543,0.9373,0.9804,0.0190300,-0.0383199,-0.0142754,-0.017266,0.008144,0.067480,0.00000,0.00000,0.000,0.000,0.000,0.000,0.000,-6.0000,0.0000,0.0000,6.0000,95.00,95.00,90.00,90.00,1575,1425,2475,1500,1,20,40.4361879,-86.8937376,162.677,0.020,0.030,0.020,3,1.70,2.57,0.07,1
8475,24160,18580,15566,0,0,-1.84114,0.34237,9.70490,0.019175,-0.038350,-0.013848,1.943,10.771,0.227,0.0152,0.0257,-0.0082,-0.1536,0.9384,0.9800,0.0190072,-0.0383064,-0.0142626,-0.017292,0.008143,0.067475,0.00000,0.00000,0.000,0.000,0.000,0.000,0.000,-6.0000,0.0000,0.0000,6.0000,95.00,95.00,90.00,90.00,1575,1425,2475,1500,1,20,40.4361879,-86.8937376,162.677,0.020,0.030,0.020,3,1.70,2.57,0.07,1
8529,24702,47933,44847,0,0,-1.85192,0.33758,9.71447,0.019175,-0.039415,-0.013848,2.014,10.755,0.569,-0.0046,-0.0007,0.0032,-0.1272,0.9773,1.0856,0.0189867,-0.0382973,-0.0150807,-0.015050,0.007911,0.067648,0.00000,0.00000,0.000,0.000,0.000,0.000,0.000,-6.0000,0.0000,0.0000,6.0000,95.00,95.00,90.00,90.00,1575,1425,2475,1500,1,19,40.4361883,-86.8937370,162.851,-0.020,-0.020,-0.010,3,1.66,2.49,0.07,1
8584,34031,20218,15440,0,0,-1.84354,0.33519,9.70849,0.018109,-0.038350,-0.013848,2.007,10.756,0.575,-0.0042,-0.0017,0.0045,-0.1275,0.9772,1.0859,0.0189990,-0.0382932,-0.0150881,-0.015071,0.007915,0.067644,0.00000,0.00000,0.000,0.000,0.000,0.000,0.000,-6.0000,0.0000,0.0000,6.0000,95.00,95.00,90.00,90.00,1575,1425,2475,1500,1,19,40.4361883,-86.8937370,162.851,-0.020,-0.020,-0.010,3,1.66,2.49,0.07,1
8643,40896,18549,15577,0,0,-1.85910,0.33998,9.70729,0.018109,-0.037284,-0.013848,2.004,10.763,0.579,-0.0044,-0.0020,0.0053,-0.1278,0.9771,1.0862,0.0190006,-0.0383020,-0.0150896,-0.015047,0.007913,0.067649,0.00000,0.00000,0.000,0.000,0.000,0.000,0.000,-6.0000,0.0000,0.0000,6.0000,95.00,95.00,90.00,90.00,1575,1425,2475,1500,1,19,40.4361883,-86.8937370,162.851,-0.020,-0.020,-0.010,3,1.66,2.49,0.07,1
8686,23583,18419,15427,0,0,-1.84593,0.33279,9.71687,0.019175,-0.038350,-0.014914,2.002,10.763,0.581,-0.0043,-0.0024,0.0060,-0.1280,0.9770,1.0865,0.0190053,-0.0383022,-0.0150921,-0.015048,0.007913,0.067648,0.00000,0.00000,0.000,0.000,0.000,0.000,0.000,-6.0000,0.0000,0.0000,6.0000,95.00,95.00,90.00,90.00,1575,1425,2475,1500,1,19,40.4361883,-86.8937370,162.851,-0.020,-0.020,-0.010,3,1.66,2.49,0.07,1
8724,18767,38269,30275,0,0,-1.84473,0.33279,9.70250,0.018109,-0.038350,-0.013848,2.000,10.762,0.583,-0.0043,-0.0025,0.0062,-0.1280,0.9770,1.0866,0.0190103,-0.0383018,-0.0150946,-0.015052,0.007914,0.067648,0.00000,0.00000,0.000,0.000,0.000,0.000,0.000,-6.0000,0.0000,0.0000,6.0000,95.00,95.00,90.00,90.00,1575,1425,2475,1500,1,19,40.4361883,-86.8937370,162.851,-0.020,-0.020,-0.010,3,1.66,2.49,0.07,1
8770,39164,44675,36646,0,0,-1.85431,0.33758,9.71208,0.018109,-0.037284,-0.013848,2.040,10.757,0.794,-0.0129,-0.0185,0.0098,-0.0958,1.0160,1.1941,0.0190028,-0.0383020,-0.0155747,-0.014191,0.007846,0.068649,0.00000,0.00000,0.000,0.000,0.000,0.000,0.000,-6.0000,0.0000,0.0000,6.0000,95.00,95.00,90.00,90.00,1575,1425,2475,1500,1,20,40.4361890,-86.8937364,163.085,-0.020,-0.030,-0.010,3,1.61,2.41,0.07,1
8848,29612,18525,15544,0,0,-1.84952,0.32561,9.71447,0.019175,-0.038350,-0.013848,2.036,10.758,0.814,-0.0128,-0.0202,0.0116,-0.0972,1.0140,1.1952,0.0190364,-0.0383070,-0.0155964,-0.014196,0.007843,0.068649,0.00000,0.00000,0.000,0.000,0.000,0.000,0.000,-6.0000,0.0000,0.0000,6.0000,95.00,95.00,90.00,90.00,1575,1425,2475,1500,1,20,40.4361890,-86.8937364,163.085,-0.020,-0.030,-0.010,3,1.61,2.41,0.07,1
8879,18811,30809,22812,0,0,-1.84473,0.33519,9.71926,0.019175,-0.038350,-0.013848,2.034,10.757,0.818,-0.0127,-0.0204,0.0121,-0.0974,1.0136,1.1955,0.0190446,-0.0383047,-0.0156011,-0.014207,0.007844,0.068646,0.00000,0.00000,0.000,0.000,0.000,0.000,0.000,-6.0000,0.0000,0.0000,6.0000,95.00,95.00,90.00,90.00,1575,1425,2475,1500,1,20,40.4361890,-86.8937364,163.085,-0.020,-0.030,-0.010,3,1.61,2.41,0.07,1
8929,30307,18288,15301,0,0,-1.84832,0.33160,9.71926,0.018109,-0.037284,-0.013848,1.972,10.770,0.528,-0.0102,0.0082,0.0235,-0.0602,1.0610,1.3073,0.0190621,-0.0383063,-0.0148997,-0.013492,0.008213,0.068619,0.00000,0.00000,0.000,0.000,0.000,0.000,0.000,-6.0000,0.0000,0.0000,6.0000,95.00,95.00,90.00,90.00,1575,1425,2475,1500,1,19,40.4361897,-86.8937357,163.321,-0.010,0.030,-0.030,3,1.56,2.33,0.10,1
8977,29661,18330,15051,0,0,-1.84234,0.32920,9.70849,0.018109,-0.037284,-0.014914,1.970,10.767,0.528,-0.0099,0.0079,0.0241,-0.0607,1.0614,1.3085,0.0190636,-0.0382924,-0.0148992,-0.013539,0.008221,0.068610,0.00000,0.00000,0.000,0.000,0.000,0.000,0.000,-6.0000,0.0000,0.0000,6.0000,95.00,95.00,90.00,90.00,1575,1425,2475,1500,1,19,40.4361897,-86.8937357,163.321,-0.010,0.030,-0.030,3,1.56,2.33,0.10,1
9042,38153,27016,19054,0,0,-1.83516,0.34477,9.70370,0.019175,-0.038350,-0.013848,1.975,10.762,0.527,-0.0095,0.0079,0.0246,-0.0612,1.0619,1.3098,0.0190501,-0.0382765,-0.0148893,-0.013579,0.008231,0.068602,0.00000,0.00000,0.000,0.000,0.000,0.000,0.000,-6.0000,0.0000,0.0000,6.0000,95.00,95.00,90.00,90.00,1575,1425,2475,1500,1,19,40.4361897,-86.8937357,163.321,-0.010,0.030,-0.030,3,1.56,2.33,0.10,1
9097,56768,24548,21571,0,0,-1.84473,0.33639,9.70729,0.019175,-0.039415,-0.013848,2.009,10.755,0.686,0.0023,-0.0071,0.0012,-0.0215,1.0965,1.3985,0.0190402,-0.0382827,-0.0152369,-0.015684,0.008602,0.072241,0.00000,0.00000,0.000,0.000,0.000,0.000,0.000,-6.0000,0.0000,0.0000,6.0000,95.00,95.00,90.00,90.00,1575,1425,2475,1500,1,19,40.4361902,-86.8937356,163.341,0.010,-0.020,0.020,3,1.52,2.25,0.11,1
9120,24836,23613,15633,0,0,-1.83994,0.33040,9.71447,0.019175,-0.038350,-0.013848,2.007,10.753,0.690,0.0025,-0.0074,0.0015,-0.0215,1.0963,1.3986,0.0190484,-0.0382779,-0.0152421,-0.015706,0.008604,0.072236,0.00000,0.00000,0.000,0.000,0.000,0.000,0.000,-6.0000,0.0000,0.0000,6.0000,95.00,95.00,90.00,90.00,1575,1425,2475,1500,1,19,40.4361902,-86.8937356,163.341,0.010,-0.020,0.020,3,1.52,2.25,0.11,1
9187,18458,18214,15215,0,0,-1.83994,0.33998,9.71328,0.019175,-0.038350,-0.013848,2.003,10.751,0.697,0.0028,-0.0080,0.0022,-0.0213,1.0958,1.3987,0.0190545,-0.0382700,-0.0152454,-0.015735,0.008608,0.072231,0.00000,0.00000,0.000,0.000,0.000,0.000,0.000,-6.0000,0.0000,0.0000,6.0000,95.00,95.00,90.00,90.00,1575,1425,2475,1500,1,19,40.4361902,-86.8937356,163.341,0.010,-0.020,0.020,3,1.52,2.25,0.11,1
9235,29768,18324,15329,0,0,-1.84713,0.33639,9.71806,0.018109,-0.037284,-0.013848,2.000,10.752,0.702,0.0029,-0.0084,0.0029,-0.0212,1.0954,1.3988,0.0190573,-0.0382705,-0.0152471,-0.015735,0.008607,0.072231,0.00000,0.00000,0.000,0.000,0.000,0.000,0.000,-6.0000,0.0000,0.0000,6.0000,95.00,95.00,90.00,90.00,1575,1425,2475,1500,1,19,40.4361902,-86.8937356,163.341,0.010,-0.020,0.020,3,1.52,2.25,0.11,1
9303,42697,24882,21849,0,0,-1.83994,0.34117,9.70969,0.018109,-0.037284,-0.013848,1.967,10.764,0.553,0.0252,0.0033,0.0137,0.0191,1.1267,1.4782,0.0190655,-0.0382811,-0.0148907,-0.017590,0.009337,0.071385,0.00000,0.00000,0.000,0.000,0.000,0.000,0.000,-6.0000,0.0000,0.0000,6.0000,95.00,95.00,90.00,90.00,1575,1425,2475,1500,1,19,40.4361906,-86.8937358,163.341,0.040,0.010,-0.020,3,1.47,2.18,0.08,1
9333,25173,29538,21543,0,0,-1.84114,0.33639,9.71926,0.019175,-0.037284,-0.013848,1.968,10.763,0.553,0.0255,0.0032,0.0142,0.0197,1.1267,1.4785,0.0190636,-0.0382755,-0.0148887,-0.017608,0.009341,0.071381,0.00000,0.00000,0.000,0.000,0.000,0.000,0.000,-6.0000,0.0000,0.0000,6.0000,95.00,95.00,90.00,90.00,1575,1425,2475,1500,1,19,40.4361906,-86.8937358,163.341,0.040,0.010,-0.020,3,1.47,2.18,0.08,1
9375,23526,18238,15233,0,0,-1.83875,0.33758,9.71208,0.018109,-0.038350,-0.013848,1.969,10.762,0.555,0.0258,0.0030,0.0147,0.0211,1.1269,1.4793,0.0190581,-0.0382691,-0.0148843,-0.017625,0.009346,0.071378,0.00000,0.00000,0.000,0.000,0.000,0.000,0.000,-6.0000,0.0000,0.0000,6.0000,95.00,95.00,90.00,90.00,1575,1425,2475,1500,1,19,40.4361906,-86.8937358,163.341,0.040,0.010,-0.020,3,1.47,2.18,0.08,1
9424,30651,18350,15331,0,0,-1.83875,0.33878,9.70969,0.019175,-0.037284,-0.013848,1.971,10.762,0.556,0.0262,0.0027,0.0152,0.0223,1.1270,1.4800,0.0190536,-0.0382649,-0.0148812,-0.017635,0.009349,0.071376,0.00000,0.00000,0.000,0.000,0.000,0.000,0.000,-6.0000,0.0000,0.0000,6.0000,95.00,95.00,90.00,90.00,1575,1425,2475,1500,1,19,40.4361906,-86.8937358,163.341,0.040,0.010,-0.020,3,1.47,2.18,0.08,1
9473,30208,18637,15631,0,0,-1.85192,0.33519,9.71208,0.019175,-0.038350,-0.013848,1.971,10.766,0.561,0.0262,0.0023,0.0159,0.0236,1.1272,1.4808,0.0190590,-0.0382757,-0.0148854,-0.017607,0.009342,0.071381,0.00000,0.00000,0.000,0.000,0.000,0.000,0.000,-6.0000,0.0000,0.0000,6.0000,95.00,95.00,90.00,90.00,1575,1425,2475,1500,1,19,40.4361906,-86.8937358,163.341,0.040,0.010,-0.020,3,1.47,2.18,0.08,1
9537,58645,24523,21530,0,0,-1.85192,0.33399,9.71088,0.019175,-0.038350,-0.013848,1.980,10.762,0.607,0.0120,0.0015,0.0020,0.0532,1.1487,1.5430,0.0190588,-0.0382703,-0.0149724,-0.016210,0.009125,0.074074,0.00000,0.00000,0.000,0.000,0.000,0.000,0.000,-6.0000,0.0000,0.0000,6.0000,95.00,95.00,90.00,90.00,1575,1425,2475,1500,1,20,40.4361908,-86.8937362,163.321,0.000,0.000,0.010,3,1.43,2.11,0.09,1
9586,29542,18401,15393,0,0,-1.85910,0.33399,9.71926,0.018109,-0.038350,-0.013848,1.978,10.763,0.611,0.0120,0.0011,0.0028,0.0538,1.1488,1.5431,0.0190606,-0.0382732,-0.0149739,-0.016202,0.009123,0.074075,0.00000,0.00000,0.000,0.000,0.000,0.000,0.000,-6.0000,0.0000,0.0000,6.0000,95.00,95.00,90.00,90.00,1575,1425,2475,1500,1,20,40.4361908,-86.8937362,163.321,0.000,0.000,0.010,3,1.43,2.11,0.09,1
9633,28635,18306,15296,0,0,-1.84354,0.34117,9.71208,0.019175,-0.038350,-0.013848,1.982,10.764,0.612,0.0121,0.0010,0.0033,0.0544,1.1488,1.5432,0.0190529,-0.0382758,-0.0149691,-0.016188,0.009125,0.074078,0.00000,0.00000,0.000,0.000,0.000,0.000,0.000,-6.0000,0.0000,0.0000,6.0000,95.00,95.00,90.00,90.00,1575,1425,2475,1500,1,20,40.4361908,-86.8937362,163.321,0.000,0.000,0.010,3,1.43,2.11,0.09,1
9681,30067,18264,15213,0,0,-1.84234,0.34117,9.70969,0.018109,-0.038350,-0.013848,1.981,10.760,0.615,0.0123,0.0007,0.0038,0.0550,1.1489,1.5434,0.0190532,-0.0382670,-0.0149686,-0.016214,0.009129,0.074073,0.00000,0.00000,0.000,0.000,0.000,0.000,0.000,-6.0000,0.0000,0.0000,6.0000,95.00,95.00,90.00,90.00,1575,1425,2475,1500,1,20,40.4361908,-86.8937362,163.321,0.000,0.000,0.010,3,1.43,2.11,0.09,1
9747,59233,24606,21557,0,0,-1.84114,0.33040,9.72285,0.019175,-0.038350,-0.013848,2.024,10.747,0.835,0.0007,-0.0172,0.0030,0.0804,1.1615,1.6003,0.0190494,-0.0382550,-0.0154330,-0.015233,0.008565,0.075067,0.00000,0.00000,0.000,0.000,0.000,0.000,0.000,-6.0000,0.0000,0.0000,6.0000,95.00,95.00,90.00,90.00,1575,1425,2475,1500,1,20,40.4361909,-86.8937365,163.341,-0.010,-0.030,0.000,3,1.39,2.05,0.08,1
9776,24905,28855,20910,0,0,-1.84473,0.34117,9.71088,0.018109,-0.037284,-0.014914,2.022,10.748,0.836,0.0007,-0.0174,0.0032,0.0804,1.1611,1.6004,0.0190506,-0.0382552,-0.0154339,-0.015233,0.008565,0.075067,0.00000,0.00000,0.000,0.000,0.000,0.000,0.000,-6.0000,0.0000,0.0000,6.0000,95.00,95.00,90.00,90.00,1575,1425,2475,1500,1,20,40.4361909,-86.8937365,163.341,-0.010,-0.030,0.000,3,1.39,2.05,0.08,1
9837,18389,18191,14961,0,0,-1.84473,0.33399,9.71088,0.018109,-0.038350,-0.013848,2.016,10.748,0.847,0.0008,-0.0182,0.0038,0.0805,1.1599,1.6006,0.0190642,-0.0382526,-0.0154428,-0.015250,0.008560,0.075063,0.00000,0.00000,0.000,0.000,0.000,0.000,0.000,-6.0000,0.0000,0.0000,6.0000,95.00,95.00,90.00,90.00,1575,1425,2475,1500,1,20,40.4361909,-86.8937365,163.341,-0.010,-0.030,0.000,3,1.39,2.05,0.08,1
9886,30548,18577,15567,0,0,-1.84832,0.33040,9.71328,0.018109,-0.037284,-0.013848,2.009,10.751,0.856,0.0008,-0.0188,0.0042,0.0805,1.1590,1.6008,0.0190767,-0.0382554,-0.0154509,-0.015250,0.008552,0.075064,0.00000,0.00000,0.000,0.000,0.000,0.000,0.000,-6.0000,0.0000,0.0000,6.0000,95.00,95.00,90.00,90.00,1575,1425,2475,1500,1,20,40.4361909,-86.8937365,163.341,-0.010,-0.030,0.000,3,1.39,2.05,0.08,1
9934,42148,24531,21538,0,0,-1.83875,0.33399,9.72405,0.018109,-0.037284,-0.014914,1.933,10.761,0.502,-0.0039,0.0153,-0.0024,0.1039,1.1789,1.6528,0.0190966,-0.0382447,-0.0146936,-0.014014,0.009265,0.076653,0.00000,0.00000,0.000,0.000,0.000,0.000,0.000,-6.0000,0.0000,0.0000,6.0000,95.00,95.00,90.00,90.00,1575,1425,2475,1500,1,20,40.4361910,-86.8937366,163.394,-0.010,0.040,0.010,3,1.35,1.99,0.08,1
9983,30222,18331,15314,0,0,-1.84713,0.33279,9.71447,0.019175,-0.037284,-0.013848,1.936,10.767,0.502,-0.0039,0.0153,-0.0021,0.1037,1.1798,1.6526,0.0190865,-0.0382465,-0.0146862,-0.014000,0.009273,0.076655,0.00000,0.00000,0.000,0.000,0.000,0.000,0.000,-6.0000,0.0000,0.0000,6.0000,95.00,95.00,90.00,90.00,1575,1425,2475,1500,1,20,40.4361910,-86.8937366,163.394,-0.010,0.040,0.010,3,1.35,1.99,0.08,1
10022,18579,38727,30717,0,0,-1.85192,0.32681,9.71447,0.019175,-0.037284,-0.013848,1.936,10.769,0.503,-0.0040,0.0152,-0.0019,0.1036,1.1800,1.6526,0.0190875,-0.0382487,-0.0146871,-0.013993,0.009271,0.076657,0.00000,0.00000,0.000,0.000,0.000,0.000,0.000,-6.0000,0.0000,0.0000,6.0000,95.00,95.00,90.00,90.00,1575,1425,2475,1500,1,20,40.4361910,-86.8937366,163.394,-0.010,0.040,0.010,3,1.35,1.99,0.08,1
10078,34164,21192,18188,0,0,-1.83635,0.32681,9.71328,0.019175,-0.038350,-0.013848,1.939,10.769,0.505,-0.0039,0.0149,-0.0014,0.1033,1.1812,1.6525,0.0190818,-0.0382449,-0.0146829,-0.013999,0.009277,0.076655,0.00000,0.00000,0.000,0.000,0.000,0.000,0.000,-6.0000,0.0000,0.0000,6.0000,95.00,95.00,90.00,90.00,1575,1425,2475,1500,1,20,40.4361910,-86.8937366,163.394,-0.010,0.040,0.010,3,1.35,1.99,0.08,1
10145,42438,19410,15585,0,0,-1.85670,0.36033,9.73602,0.020240,-0.040480,-0.012783,1.960,10.761,0.537,-0.0065,0.0133,0.0125,0.1245,1.1911,1.7056,0.0190558,-0.0382447,-0.0147368,-0.013436,0.009153,0.075844,0.00000,0.00000,0.000,0.000,0.000,0.000,0.000,-6.0000,0.0000,0.0000,6.0000,95.00,95.00,90.00,90.00,1575,1425,2475,1500,1,19,40.4361911,-86.8937369,163.447,-0.010,0.010,-0.020,3,1.31,1.93,0.10,1
10175,19701,29731,21712,0,0,-1.84234,0.31603,9.71328,0.020240,-0.039415,-0.013848,1.957,10.758,0.542,-0.0065,0.0130,0.0127,0.1244,1.1913,1.7059,0.0190670,-0.0382419,-0.0147442,-0.013454,0.009149,0.075841,0.00000,0.00000,0.000,0.000,0.000,0.000,0.000,-6.0000,0.0000,0.0000,6.0000,95.00,95.00,90.00,90.00,1575,1425,2475,1500,1,19,40.4361911,-86.8937369,163.447,-0.010,0.010,-0.020,3,1.31,1.93,0.10,1
10224,29443,18359,15337,0,0,-1.85431,0.32561,9.71088,0.019175,-0.037284,-0.014914,1.965,10.761,0.539,-0.0068,0.0130,0.0131,0.1240,1.1921,1.7066,0.0190532,-0.0382497,-0.0147361,-0.013421,0.009149,0.075847,0.00000,0.00000,0.000,0.000,0.000,0.000,0.000,-6.0000,0.0000,0.0000,6.0000,95.00,95.00,90.00,90.00,1575,1425,2475,1500,1,19,40.4361911,-86.8937369,163.447,-0.010,0.010,-0.020,3,1.31,1.93,0.10,1
10285,19009,18552,15564,0,0,-1.86149,0.33160,9.71447,0.018109,-0.037284,-0.013848,1.959,10.765,0.546,-0.0069,0.0124,0.0138,0.1236,1.1929,1.7075,0.0190635,-0.0382515,-0.0147423,-0.013423,0.009143,0.075847,0.00000,0.00000,0.000,0.000,0.000,0.000,0.000,-6.0000,0.0000,0.0000,6.0000,95.00,95.00,90.00,90.00,1575,1425,2475,1500,1,19,40.4361911,-86.8937369,163.447,-0.010,0.010,-0.020,3,1.31,1.93,0.10,1
10322,24396,30882,27896,0,0,-1.84473,0.33279,9.71208,0.018109,-0.037284,-0.014914,1.967,10.760,0.594,-0.0245,0.0112,0.0070,0.1423,1.1994,1.7530,0.0190626,-0.0382403,-0.0148406,-0.011711,0.008732,0.077387,0.00000,0.00000,0.000,0.000,0.000,0.000,0.000,-6.0000,0.0000,0.0000,6.0000,95.00,95.00,90.00,90.00,1575,1425,2475,1500,1,20,40.4361915,-86.8937372,163.485,-0.040,0.010,0.000,3,1.28,1.87,0.09,1
10382,18807,18206,15191,0,0,-1.85072,0.32561,9.71088,0.018109,-0.037284,-0.014914,1.962,10.768,0.599,-0.0252,0.0106,0.0077,0.1405,1.2002,1.7535,0.0190669,-0.0382489,-0.0148445,-0.011686,0.008723,0.077392,0.00000,0.00000,0.000,0.000,0.000,0.000,0.000,-6.0000,0.0000,0.0000,6.0000,95.00,95.00,90.00,90.00,1575,1425,2475,1500,1,20,40.4361915,-86.8937372,163.485,-0.040,0.010,0.000,3,1.28,1.87,0.09,1
10431,30448,18354,15351,0,0,-1.84354,0.33040,9.71806,0.018109,-0.037284,-0.013848,1.962,10.769,0.600,-0.0253,0.0104,0.0082,0.1393,1.2007,1.7539,0.0190617,-0.0382495,-0.0148410,-0.011680,0.008727,0.077393,0.00000,0.00000,0.000,0.000,0.000,0.000,0.000,-6.0000,0.0000,0.0000,6.0000,95.00,95.00,90.00,90.00,1575,1425,2475,1500,1,20,40.4361915,-86.8937372,163.485,-0.040,0.010,0.000,3,1.28,1.87,0.09,1
10474,23620,18766,15732,0,0,-1.84713,0.32441,9.71208,0.019175,-0.037284,-0.013848,1.961,10.769,0.603,-0.0254,0.0101,0.0085,0.1382,1.2012,1.7542,0.0190646,-0.0382470,-0.0148425,-0.011689,0.008725,0.077391,0.00000,0.00000,0.000,0.000,0.000,0.000,0.000,-6.0000,0.0000,0.0000,6.0000,95.00,95.00,90.00,90.00,1575,1425,2475,1500,1,20,40.4361915,-86.8937372,163.485,-0.040,0.010,0.000,3,1.28,1.87,0.09,1
10527,19693,52790,44505,0,0,-1.85072,0.33279,9.70849,0.018109,-0.038350,-0.013848,1.965,10.773,0.628,-0.0048,0.0046,0.0102,0.1645,1.2047,1.7974,0.0190616,-0.0382579,-0.0148879,-0.013729,0.009036,0.077199,0.00000,0.00000,0.000,0.000,0.000,0.000,0.000,-6.0000,0.0000,0.0000,6.0000,95.00,95.00,90.00,90.00,1575,1425,2475,1500,1,20,40.4361918,-86.8937374,163.503,0.010,0.000,-0.010,3,1.24,1.82,0.08,1
10574,80862,18588,15609,0,0,-1.85431,0.33639,9.71328,0.019175,-0.038350,-0.013848,1.968,10.774,0.633,-0.0053,0.0043,0.0109,0.1641,1.2051,1.7982,0.0190598,-0.0382612,-0.0148869,-0.013717,0.009036,0.077201,0.00000,0.00000,0.000,0.000,0.000,0.000,0.000,-6.0000,0.0000,0.0000,6.0000,95.00,95.00,90.00,90.00,1575,1425,2475,1500,1,20,40.4361918,-86.8937374,163.503,0.010,0.000,-0.010,3,1.24,1.82,0.08,1
10623,30190,18336,15243,0,0,-1.84473,0.34357,9.70849,0.018109,-0.037284,-0.014914,1.969,10.774,0.632,-0.0052,0.0042,0.0111,0.1639,1.2053,1.7987,0.0190537,-0.0382582,-0.0148827,-0.013722,0.009043,0.077200,0.00000,0.00000,0.000,0.000,0.000,0.000,0.000,-6.0000,0.0000,0.0000,6.0000,95.00,95.00,90.00,90.00,1575,1425,2475,1500,1,20,40.4361918,-86.8937374,163.503,0.010,0.000,-0.010,3,1.24,1.82,0.08,1
10671,29423,18351,15358,0,0,-1.84114,0.33639,9.71447,0.019175,-0.037284,-0.013848,1.969,10.773,0.634,-0.0051,0.0039,0.0114,0.1636,1.2055,1.7993,0.0190526,-0.0382497,-0.0148814,-0.013744,0.009048,0.077195,0.00000,0.00000,0.000,0.000,0.000,0.000,0.000,-6.0000,0.0000,0.0000,6.0000,95.00,95.00,90.00,90.00,1575,1425,2475,1500,1,20,40.4361918,-86.8937374,163.503,0.010,0.000,-0.010,3,1.24,1.82,0.08,1
10738,19684,24183,21212,0,0,-1.84593,0.32920,9.71088,0.019175,-0.038350,-0.013848,2.003,10.770,0.814,0.0079,-0.0148,0.0168,0.1875,1.2042,1.8394,0.0190491,-0.0382551,-0.0152284,-0.015226,0.008737,0.076700,0.00000,0.00000,0.000,0.000,0.000,0.000,0.000,-6.0000,0.0000,0.0000,6.0000,95.00,95.00,90.00,90.00,1575,1425,2475,1500,1,19,40.4361920,-86.8937377,163.503,0.015,-0.027,-0.019,3,1.21,1.77,0.08,1
10797,63729,18599,15608,0,0,-1.84713,0.33878,9.71088,0.018109,-0.037284,-0.013848,2.000,10.773,0.819,0.0080,-0.0152,0.0172,0.1880,1.2033,1.8405,0.0190494,-0.0382540,-0.0152285,-0.015230,0.008738,0.076699,0.00000,0.00000,0.000,0.000,0.000,0.000,0.000,-6.0000,0.0000,0.0000,6.0000,95.00,95.00,90.00,90.00,1575,1425,2475,1500,1,19,40.4361920,-86.8937377,163.503,0.020,-0.030,-0.020,3,1.21,1.77,0.07,1
10827,18887,29941,21988,0,0,-1.85311,0.33279,9.70609,0.018109,-0.037284,-0.013848,1.998,10.776,0.822,0.0080,-0.0154,0.0172,0.1882,1.2030,1.8408,0.0190532,-0.0382570,-0.0152315,-0.015223,0.008731,0.076701,0.00000,0.00000,0.000,0.000,0.000,0.000,0.000,-6.0000,0.0000,0.0000,6.0000,95.00,95.00,90.00,90.00,1575,1425,2475,1500,1,19,40.4361920,-86.8937377,163.503,0.020,-0.030,-0.020,3,1.21,1.77,0.07,1
10876,29642,18924,15906,0,0,-1.85431,0.33160,9.71208,0.018109,-0.038350,-0.013848,1.997,10.776,0.828,0.0079,-0.0158,0.0175,0.1887,1.2021,1.8418,0.0190555,-0.0382598,-0.0152331,-0.015217,0.008728,0.076702,0.00000,0.00000,0.000,0.000,0.000,0.000,0.000,-6.0000,0.0000,0.0000,6.0000,95.00,95.00,90.00,90.00,1575,1425,2475,1500,1,19,40.4361920,-86.8937377,163.503,0.020,-0.030,-0.020,3,1.21,1.77,0.07,1
10926,25546,18406,15384,0,0,-1.84354,0.33399,9.71447,0.019175,-0.038350,-0.013848,1.929,10.783,0.499,0.0050,0.0155,0.0199,0.2079,1.2116,1.8782,0.0190672,-0.0382503,-0.0145879,-0.014096,0.009706,0.076962,0.00000,0.00000,0.000,0.000,0.000,0.000,0.000,-6.0000,0.0000,0.0000,6.0000,95.00,95.00,90.00,90.00,1575,1425,2475,1500,1,20,40.4361921,-86.8937376,163.515,0.000,0.040,-0.020,3,1.19,1.73,0.09,1
10985,40277,18612,15622,0,0,-1.84832,0.34117,9.70609,0.019175,-0.038350,-0.013848,1.935,10.780,0.496,0.0051,0.0156,0.0200,0.2082,1.2125,1.8794,0.0190539,-0.0382436,-0.0145778,-0.014108,0.009726,0.076960,0.00000,0.00000,0.000,0.000,0.000,0.000,0.000,-6.0000,0.0000,0.0000,6.0000,95.00,95.00,90.00,90.00,1575,1425,2475,1500,1,20,40.4361921,-86.8937376,163.515,0.000,0.040,-0.020,3,1.19,1.73,0.09,1
11024,18897,38802,30854,0,0,-1.84713,0.33279,9.70849,0.019175,-0.038350,-0.014914,1.936,10.779,0.494,0.0051,0.0155,0.0200,0.2083,1.2128,1.8797,0.0190511,-0.0382423,-0.0145758,-0.014110,0.009730,0.076959,0.00000,0.00000,0.000,0.000,0.000,0.000,0.000,-6.0000,0.0000,0.0000,6.0000,95.00,95.00,90.00,90.00,1575,1425,2475,1500,1,20,40.4361921,-86.8937376,163.515,0.000,0.040,-0.020,3,1.19,1.73,0.09,1
11087,36320,26221,17884,0,0,-1.84713,0.34357,9.71328,0.019175,-0.038350,-0.013848,1.942,10.777,0.494,0.0052,0.0155,0.0208,0.2087,1.2140,1.8813,0.0190408,-0.0382405,-0.0145695,-0.014108,0.009740,0.076959,0.00000,0.00000,0.000,0.000,0.000,0.000,0.000,-6.0000,0.0000,0.0000,6.0000,95.00,95.00,90.00,90.00,1575,1425,2475,1500,1,20,40.4361921,-86.8937376,163.515,0.000,0.040,-0.020,3,1.19,1.73,0.09,1
11123,32260,30203,27220,0,0,-1.84713,0.32920,9.71447,0.019175,-0.039415,-0.014914,1.951,10.771,0.541,-0.0024,0.0122,0.0156,0.2250,1.2156,1.9114,0.0190398,-0.0382347,-0.0146600,-0.013505,0.009473,0.077894,0.00000,0.00000,0.000,0.000,0.000,0.000,0.000,-6.0000,0.0000,0.0000,6.0000,95.00,95.00,90.00,90.00,1575,1425,2475,1500,1,20,40.4361921,-86.8937377,163.494,-0.010,0.010,-0.010,3,1.16,1.69,0.10,1
11194,28709,18491,15526,0,0,-1.84354,0.33160,9.69891,0.018109,-0.038350,-0.013848,1.958,10.770,0.538,-0.0023,0.0123,0.0156,0.2248,1.2166,1.9127,0.0190235,-0.0382296,-0.0146477,-0.013508,0.009495,0.077892,0.00000,0.00000,0.000,0.000,0.000,0.000,0.000,-6.0000,0.0000,0.0000,6.0000,95.00,95.00,90.00,90.00,1575,1425,2475,1500,1,20,40.4361921,-86.8937377,163.494,-0.010,0.010,-0.010,3,1.16,1.69,0.10,1
11224,18778,29995,21854,0,0,-1.83994,0.37230,9.70490,0.019175,-0.039415,-0.013848,1.969,10.767,0.531,-0.0022,0.0126,0.0156,0.2247,1.2169,1.9130,0.0189996,-0.0382254,-0.0146317,-0.013503,0.009522,0.077893,0.00000,0.00000,0.000,0.000,0.000,0.000,0.000,-6.0000,0.0000,0.0000,6.0000,95.00,95.00,90.00,90.00,1575,1425,2475,1500,1,20,40.4361921,-86.8937377,163.494,-0.010,0.010,-0.010,3,1.16,1.69,0.10,1
11273,29642,18526,15494,0,0,-1.83516,0.35674,9.71328,0.019175,-0.037284,-0.014914,1.970,10.762,0.529,-0.0019,0.0124,0.0160,0.2246,1.2176,1.9139,0.0189939,-0.0382137,-0.0146275,-0.013533,0.009534,0.077886,0.00000,0.00000,0.000,0.000,0.000,0.000,0.000,-6.0000,0.0000,0.0000,6.0000,95.00,95.00,90.00,90.00,1575,1425,2475,1500,1,20,40.4361921,-86.8937377,163.494,-0.010,0.010,-0.010,3,1.16,1.69,0.10,1
11328,31017,24318,21307,0,0,-1.83875,0.34596,9.71806,0.018109,-0.037284,-0.013848,2.041,10.752,0.874,-0.0114,-0.0185,0.0078,0.2387,1.2135,1.9401,0.0189766,-0.0382125,-0.0152724,-0.013456,0.008220,0.079023,0.00000,0.00000,0.000,0.000,0.000,0.000,0.000,-6.0000,0.0000,0.0000,6.0000,95.00,95.00,90.00,90.00,1575,1425,2475,1500,1,20,40.4361921,-86.8937376,163.482,-0.020,-0.040,0.000,3,1.13,1.66,0.07,1
11371,23597,18259,15254,0,0,-1.84713,0.34117,9.71208,0.017044,-0.037284,-0.014914,2.036,10.755,0.880,-0.0114,-0.0190,0.0079,0.2381,1.2125,1.9405,0.0189840,-0.0382126,-0.0152779,-0.013462,0.008210,0.079022,0.00000,0.00000,0.000,0.000,0.000,0.000,0.000,-6.0000,0.0000,0.0000,6.0000,95.00,95.00,90.00,90.00,1575,1425,2475,1500,1,20,40.4361921,-86.8937376,163.482,-0.020,-0.040,0.000,3,1.13,1.66,0.07,1
11429,19114,18286,15287,0,0,-1.84114,0.32561,9.70969,0.018109,-0.037284,-0.013848,2.028,10.750,0.889,-0.0111,-0.0197,0.0082,0.2374,1.2114,1.9410,0.0189979,-0.0382030,-0.0152863,-0.013503,0.008197,0.079014,0.00000,0.00000,0.000,0.000,0.000,0.000,0.000,-6.0000,0.0000,0.0000,6.0000,95.00,95.00,90.00,90.00,1575,1425,2475,1500,1,20,40.4361921,-86.8937376,163.482,-0.020,-0.040,0.000,3,1.13,1.66,0.07,1
11479,30502,18667,15311,0,0,-1.85910,0.33758,9.70849,0.019175,-0.038350,-0.013848,2.028,10.755,0.895,-0.0115,-0.0201,0.0085,0.2369,1.2104,1.9414,0.0190005,-0.0382147,-0.0152888,-0.013472,0.008189,0.079021,0.00000,0.00000,0.000,0.000,0.000,0.000,0.000,-6.0000,0.0000,0.0000,6.0000,95.00,95.00,90.00,90.00,1575,1425,2475,1500,1,20,40.4361921,-86.8937376,163.482,-0.020,-0.040,0.000,3,1.13,1.66,0.07,1
11529,24589,44110,41119,0,0,-1.84114,0.32801,9.71447,0.018109,-0.038350,-0.013848,1.941,10.772,0.493,0.0125,0.0141,0.0101,0.2574,1.2201,1.9674,0.0190218,-0.0382205,-0.0145400,-0.014765,0.010036,0.078776,0.00000,0.00000,0.000,0.000,0.000,0.000,0.000,-6.0000,0.0000,0.0000,6.0000,95.00,95.00,90.00,90.00,1575,1425,2475,1500,1,20,40.4361922,-86.8937375,163.492,0.030,0.040,-0.010,3,1.11,1.62,0.07,1
11589,35447,24148,16202,0,0,-1.83875,0.33878,9.71208,0.019175,-0.038350,-0.013848,1.945,10.769,0.492,0.0127,0.0142,0.0103,0.2584,1.2212,1.9682,0.0190107,-0.0382155,-0.0145317,-0.014772,0.010053,0.078774,0.00000,0.00000,0.000,0.000,0.000,0.000,0.000,-6.0000,0.0000,0.0000,6.0000,95.00,95.00,90.00,90.00,1575,1425,2475,1500,1,20,40.4361922,-86.8937375,163.492,0.030,0.040,-0.010,3,1.11,1.62,0.07,1
11624,40764,18598,15632,0,0,-1.85072,0.33160,9.70609,0.018109,-0.037284,-0.013848,1.944,10.772,0.493,0.0126,0.0140,0.0103,0.2589,1.2218,1.9686,0.0190093,-0.0382173,-0.0145310,-0.014765,0.010054,0.078775,0.00000,0.00000,0.000,0.000,0.000,0.000,0.000,-6.0000,0.0000,0.0000,6.0000,95.00,95.00,90.00,90.00,1575,1425,2475,1500,1,20,40.4361922,-86.8937375,163.492,0.030,0.040,-0.010,3,1.11,1.62,0.07,1
11672,29696,18327,15329,0,0,-1.84114,0.33279,9.71088,0.018109,-0.038350,-0.013848,1.947,10.769,0.492,0.0128,0.0138,0.0104,0.2595,1.2224,1.9691,0.0190011,-0.0382116,-0.0145255,-0.014775,0.010066,0.078773,0.00000,0.00000,0.000,0.000,0.000,0.000,0.000,-6.0000,0.0000,0.0000,6.0000,95.00,95.00,90.00,90.00,1575,1425,2475,1500,1,20,40.4361922,-86.8937375,163.492,0.030,0.040,-0.010,3,1.11,1.62,0.07,1
11721,25064,18717,15343,0,0,-1.84832,0.34477,9.71088,0.019175,-0.038350,-0.013848,1.952,10.768,0.491,0.0128,0.0137,0.0106,0.2601,1.2231,1.9696,0.0189914,-0.0382114,-0.0145202,-0.014769,0.010076,0.078774,0.00000,0.00000,0.000,0.000,0.000,0.000,0.000,-6.0000,0.0000,0.0000,6.0000,95.00,95.00,90.00,90.00,1575,1425,2475,1500,1,20,40.4361922,-86.8937375,163.492,0.030,0.040,-0.010,3,1.11,1.62,0.07,1
11772,19476,49664,41734,0,0,-1.84234,0.33639,9.71567,0.018109,-0.037284,-0.013848,2.005,10.756,0.753,-0.0002,-0.0090,0.0052,0.2719,1.2207,1.9916,0.0189803,-0.0382024,-0.0149948,-0.014195,0.008908,0.079630,0.00000,0.00000,0.000,0.000,0.000,0.000,0.000,-6.0000,0.0000,0.0000,6.0000,95.00,95.00,90.00,90.00,1575,1425,2475,1500,1,20,40.4361923,-86.8937374,163.484,-0.011,-0.024,0.000,3,1.09,1.59,0.07,1
11829,38079,18544,15572,0,0,-1.85551,0.33399,9.70370,0.018109,-0.038350,-0.013848,2.001,10.760,0.760,-0.0004,-0.0096,0.0051,0.2719,1.2199,1.9921,0.0189818,-0.0382059,-0.0149959,-0.014185,0.008904,0.079632,0.00000,0.00000,0.000,0.000,0.000,0.000,0.000,-6.0000,0.0000,0.0000,6.0000,95.00,95.00,90.00,90.00,1575,1425,2475,1500,1,20,40.4361923,-86.8937374,163.484,-0.010,-0.020,0.000,3,1.09,1.59,0.07,1
11877,28986,18869,15630,0,0,-1.83875,0.33160,9.71806,0.019175,-0.038350,-0.013848,2.000,10.758,0.764,-0.0003,-0.0100,0.0055,0.2719,1.2194,1.9923,0.0189840,-0.0382015,-0.0149970,-0.014199,0.008903,0.079629,0.00000,0.00000,0.000,0.000,0.000,0.000,0.000,-6.0000,0.0000,0.0000,6.0000,95.00,95.00,90.00,90.00,1575,1425,2475,1500,1,20,40.4361923,-86.8937374,163.484,-0.010,-0.020,0.000,3,1.09,1.59,0.07,1
11933,31606,18396,15377,0,0,-1.84593,0.33639,9.71328,0.018109,-0.037284,-0.013848,1.925,10.773,0.382,0.0173,0.0236,0.0087,0.2902,1.2309,2.0134,0.0189867,-0.0381991,-0.0143081,-0.014847,0.010652,0.079327,0.00000,0.00000,0.000,0.000,0.000,0.000,0.000,-6.0000,0.0000,0.0000,6.0000,95.00,95.00,90.00,90.00,1575,1425,2475,1500,1,20,40.4361924,-86.8937371,163.454,0.030,0.050,-0.010,3,1.07,1.56,0.08,1
11982,30095,18299,15239,0,0,-1.84832,0.33998,9.71806,0.018109,-0.037284,-0.013848,1.930,10.774,0.378,0.0173,0.0236,0.0091,0.2910,1.2320,2.0138,0.0189726,-0.0381971,-0.0142979,-0.014840,0.010675,0.079328,0.00000,0.00000,0.000,0.000,0.000,0.000,0.000,-6.0000,0.0000,0.0000,6.0000,95.00,95.00,90.00,90.00,1575,1425,2475,1500,1,20,40.4361924,-86.8937371,163.454,0.030,0.050,-0.010,3,1.07,1.56,0.08,1
12020,18550,38405,30424,0,0,-1.84114,0.33998,9.70969,0.018109,-0.037284,-0.013848,1.932,10.773,0.376,0.0174,0.0236,0.0091,0.2914,1.2325,2.0140,0.0189656,-0.0381930,-0.0142928,-0.014847,0.010688,0.079326,0.00000,0.00000,0.000,0.000,0.000,0.000,0.000,-6.0000,0.0000,0.0000,6.0000,95.00,95.00,90.00,90.00,1575,1425,2475,1500,1,20,40.4361924,-86.8937371,163.454,0.030,0.050,-0.010,3,1.07,1.56,0.08,1
12088,19341,18556,15532,0,0,-1.83994,0.34477,9.71806,0.019175,-0.039415,-0.013848,1.937,10.771,0.372,0.0177,0.0237,0.0096,0.2929,1.2345,2.0148,0.0189500,-0.0381851,-0.0142829,-0.014857,0.010713,0.079323,0.00000,0.00000,0.000,0.000,0.000,0.000,0.000,-6.0000,0.0000,0.0000,6.0000,95.00,95.00,90.00,90.00,1575,1425,2475,1500,1,20,40.4361924,-86.8937371,163.454,0.030,0.050,-0.010,3,1.07,1.56,0.08,1
12125,24404,31250,28274,0,0,-1.84114,0.33998,9.71806,0.018109,-0.037284,-0.014914,2.051,10.745,0.924,-0.0086,-0.0250,-0.0065,0.2997,1.2273,2.0278,0.0189258,-0.0381702,-0.0152586,-0.013976,0.008155,0.081205,0.00000,0.00000,0.000,0.000,0.000,0.000,0.000,-6.0000,0.0000,0.0000,6.0000,95.00,95.00,90.00,90.00,1575,1425,2475,1500,1,20,40.4361923,-86.8937372,163.399,-0.030,-0.060,0.020,3,1.05,1.53,0.08,1
12173,29751,18370,15351,0,0,-1.83875,0.34477,9.71088,0.018109,-0.037284,-0.014914,2.046,10.748,0.928,-0.0087,-0.0255,-0.0065,0.2992,1.2257,2.0274,0.0189306,-0.0381701,-0.0152622,-0.013980,0.008146,0.081204,0.00000,0.00000,0.000,0.000,0.000,0.000,0.000,-6.0000,0.0000,0.0000,6.0000,95.00,95.00,90.00,90.00,1575,1425,2475,1500,1,20,40.4361923,-86.8937372,163.399,-0.030,-0.060,0.020,3,1.05,1.53,0.08,1
12222,30083,18285,15281,0,0,-1.84832,0.34477,9.70609,0.018109,-0.037284,-0.014914,2.040,10.751,0.933,-0.0089,-0.0259,-0.0064,0.2987,1.2244,2.0271,0.0189374,-0.0381720,-0.0152672,-0.013980,0.008133,0.081205,0.00000,0.00000,0.000,0.000,0.000,0.000,0.000,-6.0000,0.0000,0.0000,6.0000,95.00,95.00,90.00,90.00,1575,1425,2475,1500,1,20,40.4361923,-86.8937372,163.399,-0.030,-0.060,0.020,3,1.05,1.53,0.08,1
12276,18688,18751,15742,0,0,-1.85072,0.34477,9.71567,0.019175,-0.038350,-0.013848,2.036,10.753,0.942,-0.0090,-0.0268,-0.0063,0.2983,1.2230,2.0267,0.0189495,-0.0381759,-0.0152751,-0.013979,0.008112,0.081206,0.00000,0.00000,0.000,0.000,0.000,0.000,0.000,-6.0000,0.0000,0.0000,6.0000,95.00,95.00,90.00,90.00,1575,1425,2475,1500,1,20,40.4361923,-86.8937372,163.399,-0.030,-0.060,0.020,3,1.05,1.53,0.08,1
12331,31255,18361,15359,0,0,-1.84713,0.34117,9.71088,0.019175,-0.038350,-0.013848,1.986,10.757,0.691,-0.0220,-0.0000,0.0127,0.3061,1.2320,2.0457,0.0189565,-0.0381691,-0.0148318,-0.011956,0.008891,0.079966,0.00000,0.00000,0.000,0.000,0.000,0.000,0.000,-6.0000,0.0000,0.0000,6.0000,95.00,95.00,90.00,90.00,1575,1425,2475,1500,1,20,40.4361923,-86.8937370,163.383,-0.030,0.020,-0.030,3,1.03,1.50,0.10,1
12379,30011,18047,14963,0,0,-1.85072,0.34357,9.70849,0.018109,-0.038350,-0.013848,1.987,10.758,0.691,-0.0223,-0.0001,0.0128,0.3050,1.2320,2.0463,0.0189498,-0.0381711,-0.0148272,-0.011944,0.008902,0.079968,0.00000,0.00000,0.000,0.000,0.000,0.000,0.000,-6.0000,0.0000,0.0000,6.0000,95.00,95.00,90.00,90.00,1575,1425,2475,1500,1,20,40.4361923,-86.8937370,163.383,-0.030,0.020,-0.030,3,1.03,1.50,0.10,1
12429,30524,18371,15353,0,0,-1.84234,0.33639,9.70969,0.019175,-0.037284,-0.013848,1.991,10.758,0.692,-0.0223,-0.0003,0.0129,0.3039,1.2320,2.0469,0.0189453,-0.0381664,-0.0148237,-0.011954,0.008911,0.079965,0.00000,0.00000,0.000,0.000,0.000,0.000,0.000,-6.0000,0.0000,0.0000,6.0000,95.00,95.00,90.00,90.00,1575,1425,2475,1500,1,20,40.4361923,-86.8937370,163.383,-0.030,0.020,-0.030,3,1.03,1.50,0.10,1
12470,40720,19195,16234,0,0,-1.84832,0.33878,9.71328,0.018109,-0.037284,-0.014914,1.989,10.760,0.691,-0.0225,-0.0005,0.0131,0.3030,1.2320,2.0475,0.0189445,-0.0381671,-0.0148233,-0.011951,0.008912,0.079966,0.00000,0.00000,0.000,0.000,0.000,0.000,0.000,-6.0000,0.0000,0.0000,6.0000,95.00,95.00,90.00,90.00,1575,1425,2475,1500,1,20,40.4361923,-86.8937370,163.383,-0.030,0.020,-0.030,3,1.03,1.50,0.10,1
12536,41823,18414,15413,0,0,-1.84952,0.33519,9.71328,0.018109,-0.037284,-0.014914,1.999,10.769,0.742,0.0130,-0.0117,0.0065,0.3223,1.2321,2.0580,0.0189396,-0.0381807,-0.0149073,-0.015166,0.009286,0.080042,0.00000,0.00000,0.000,0.000,0.000,0.000,0.000,-6.0000,0.0000,0.0000,6.0000,95.00,95.00,90.00,90.00,1575,1425,2475,1500,1,20,40.4361924,-86.8937371,163.333,0.040,-0.020,0.000,3,1.01,1.48,0.09,1
12572,18668,35446,27511,0,0,-1.83755,0.34117,9.71687,0.018109,-0.037284,-0.013848,1.999,10.767,0.743,0.0132,-0.0118,0.0066,0.3226,1.2319,2.0582,0.0189385,-0.0381747,-0.0149060,-0.015185,0.009291,0.080039,0.00000,0.00000,0.000,0.000,0.000,0.000,0.000,-6.0000,0.0000,0.0000,6.0000,95.00,95.00,90.00,90.00,1575,1425,2475,1500,1,20,40.4361924,-86.8937371,163.333,0.040,-0.020,0.000,3,1.01,1.48,0.09,1
12621,30165,18047,14943,0,0,-1.84832,0.34237,9.71447,0.019175,-0.037284,-0.013848,2.001,10.768,0.746,0.0134,-0.0122,0.0071,0.3234,1.2311,2.0586,0.0189379,-0.0381704,-0.0149053,-0.015198,0.009294,0.080036,0.00000,0.00000,0.000,0.000,0.000,0.000,0.000,-6.0000,0.0000,0.0000,6.0000,95.00,95.00,90.00,90.00,1575,1425,2475,1500,1,20,40.4361924,-86.8937371,163.333,0.040,-0.020,0.000,3,1.01,1.48,0.09,1
12680,40817,18220,15144,0,0,-1.84473,0.33040,9.71806,0.019175,-0.037284,-0.013848,2.000,10.768,0.751,0.0136,-0.0129,0.0074,0.3242,1.2303,2.0590,0.0189417,-0.0381664,-0.0149074,-0.015212,0.009289,0.080034,0.00000,0.00000,0.000,0.000,0.000,0.000,0.000,-6.0000,0.0000,0.0000,6.0000,95.00,95.00,90.00,90.00,1575,1425,2475,1500,1,20,40.4361924,-86.8937371,163.333,0.040,-0.020,0.000,3,1.01,1.48,0.09,1
12723,24204,18859,15856,0,0,-1.85192,0.33998,9.70969,0.019175,-0.038350,-0.013848,1.999,10.768,0.755,0.0136,-0.0132,0.0075,0.3248,1.2298,2.0594,0.0189444,-0.0381665,-0.0149090,-0.015214,0.009284,0.080033,0.00000,0.00000,0.000,0.000,0.000,0.000,0.000,-6.0000,0.0000,0.0000,6.0000,95.00,95.00,90.00,90.00,1575,1425,2475,1500,1,20,40.4361924,-86.8937371,163.333,0.040,-0.020,0.000,3,1.01,1.48,0.09,1
12777,29856,18432,15075,0,0,-1.84473,0.34477,9.70849,0.019175,-0.037284,-0.014914,1.968,10.775,0.587,0.0245,0.0013,0.0034,0.3398,1.2355,2.0678,0.0189458,-0.0381671,-0.0146261,-0.015787,0.010183,0.080320,0.00000,0.00000,0.000,0.000,0.000,0.000,0.000,-6.0000,0.0000,0.0000,6.0000,95.00,95.00,90.00,90.00,1575,1425,2475,1500,1,19,40.4361926,-86.8937372,163.290,0.030,0.010,0.000,3,1.00,1.45,0.07,1
12843,38252,27318,19309,0,0,-1.84234,0.34357,9.71567,0.018109,-0.037284,-0.014914,1.969,10.775,0.583,0.0249,0.0013,0.0037,0.3412,1.2356,2.0680,0.0189376,-0.0381607,-0.0146197,-0.015799,0.010205,0.080317,0.00000,0.00000,0.000,0.000,0.000,0.000,0.000,-6.0000,0.0000,0.0000,6.0000,95.00,95.00,90.00,90.00,1575,1425,2475,1500,1,19,40.4361926,-86.8937372,163.290,0.030,0.010,0.000,3,1.00,1.45,0.07,1
12873,27621,29824,21900,0,0,-1.85192,0.33878,9.71208,0.018109,-0.037284,-0.013848,1.970,10.777,0.584,0.0248,0.0012,0.0038,0.3419,1.2357,2.0681,0.0189351,-0.0381619,-0.0146181,-0.015793,0.010209,0.080317,0.00000,0.00000,0.000,0.000,0.000,0.000,0.000,-6.0000,0.0000,0.0000,6.0000,95.00,95.00,90.00,90.00,1575,1425,2475,1500,1,19,40.4361926,-86.8937372,163.290,0.030,0.010,0.000,3,1.00,1.45,0.07,1
12922,53594,25241,22253,0,0,-1.84354,0.33160,9.71328,0.017044,-0.037284,-0.013848,1.971,10.771,0.624,0.0068,0.0003,0.0020,0.3494,1.2364,2.0742,0.0189360,-0.0381505,-0.0146809,-0.014360,0.009770,0.080815,0.00000,0.00000,0.000,0.000,0.000,0.000,0.000,-6.0000,0.0000,0.0000,6.0000,95.00,95.00,90.00,90.00,1575,1425,2475,1500,1,19,40.4361926,-86.8937376,163.227,-0.010,0.000,0.000,3,0.98,1.43,0.08,1
12983,18499,18231,15236,0,0,-1.84354,0.34477,9.70490,0.018109,-0.037284,-0.013848,1.972,10.774,0.625,0.0067,-0.0001,0.0022,0.3499,1.2364,2.0744,0.0189306,-0.0381497,-0.0146769,-0.014357,0.009783,0.080815,0.00000,0.00000,0.000,0.000,0.000,0.000,0.000,-6.0000,0.0000,0.0000,6.0000,95.00,95.00,90.00,90.00,1575,1425,2475,1500,1,19,40.4361926,-86.8937376,163.227,-0.010,0.000,0.000,3,0.98,1.43,0.08,1
13022,18529,38627,30784,0,0,-1.85072,0.33399,9.71088,0.018109,-0.038350,-0.013848,1.972,10.775,0.626,0.0067,-0.0002,0.0022,0.3500,1.2364,2.0744,0.0189308,-0.0381506,-0.0146771,-0.014354,0.009783,0.080816,0.00000,0.00000,0.000,0.000,0.000,0.000,0.000,-6.0000,0.0000,0.0000,6.0000,95.00,95.00,90.00,90.00,1575,1425,2475,1500,1,19,40.4361926,-86.8937376,163.227,-0.010,0.000,0.000,3,0.98,1.43,0.08,1
13085,36207,26154,17892,0,0,-1.85192,0.33758,9.71088,0.020240,-0.040480,-0.013848,1.976,10.769,0.629,0.0066,-0.0007,0.0024,0.3505,1.2364,2.0746,0.0189302,-0.0381509,-0.0146768,-0.014353,0.009783,0.080816,0.00000,0.00000,0.000,0.000,0.000,0.000,0.000,-6.0000,0.0000,0.0000,6.0000,95.00,95.00,90.00,90.00,1575,1425,2475,1500,1,19,40.4361926,-86.8937376,163.227,-0.010,0.000,0.000,3,0.98,1.43,0.08,1
13133,49401,24549,21561,0,0,-1.84473,0.34836,9.71447,0.019175,-0.038350,-0.013848,2.016,10.762,0.799,0.0093,-0.0178,-0.0043,0.3612,1.2319,2.0767,0.0189173,-0.0381499,-0.0149499,-0.015000,0.009084,0.081335,0.00000,0.00000,0.000,0.000,0.000,0.000,0.000,-6.0000,0.0000,0.0000,6.0000,95.00,95.00,90.00,90.00,1575,1425,2475,1500,1,19,40.4361926,-86.8937380,163.161,0.010,-0.030,0.010,3,0.97,1.41,0.09,1
13175,23634,18266,15268,0,0,-1.84114,0.33519,9.71328,0.018109,-0.037284,-0.013848,2.012,10.761,0.804,0.0095,-0.0182,-0.0042,0.3617,1.2310,2.0765,0.0189208,-0.0381436,-0.0149518,-0.015025,0.009082,0.081331,0.00000,0.00000,0.000,0.000,0.000,0.000,0.000,-6.0000,0.0000,0.0000,6.0000,95.00,95.00,90.00,90.00,1575,1425,2475,1500,1,19,40.4361926,-86.8937380,163.161,0.010,-0.030,0.010,3,0.97,1.41,0.09,1
13223,29276,18367,15346,0,0,-1.84354,0.33998,9.70849,0.018109,-0.036219,-0.013848,2.008,10.765,0.808,0.0095,-0.0185,-0.0043,0.3621,1.2301,2.0763,0.0189226,-0.0381426,-0.0149530,-0.015030,0.009078,0.081330,0.00000,0.00000,0.000,0.000,0.000,0.000,0.000,-6.0000,0.0000,0.0000,6.0000,95.00,95.00,90.00,90.00,1575,1425,2475,1500,1,19,40.4361926,-86.8937380,163.161,0.010,-0.030,0.010,3,0.97,1.41,0.09,1
13271,29638,18615,15614,0,0,-1.85551,0.33998,9.71328,0.018109,-0.037284,-0.013848,2.005,10.770,0.812,0.0094,-0.0189,-0.0041,0.3626,1.2292,2.0761,0.0189252,-0.0381472,-0.0149550,-0.015019,0.009071,0.081332,0.00000,0.00000,0.000,0.000,0.000,0.000,0.000,-6.0000,0.0000,0.0000,6.0000,95.00,95.00,90.00,90.00,1575,1425,2475,1500,1,19,40.4361926,-86.8937380,163.161,0.010,-0.030,0.010,3,0.97,1.41,0.09,1
13337,41145,24483,21500,0,0,-1.84354,0.34836,9.70131,0.018109,-0.037284,-0.013848,1.972,10.768,0.656,-0.0291,0.0034,-0.0075,0.3621,1.2313,2.0761,0.0189289,-0.0381281,-0.0146986,-0.011626,0.009242,0.082241,0.00000,0.00000,0.000,0.000,0.000,0.000,0.000,-6.0000,0.0000,0.0000,6.0000,95.00,95.00,90.00,90.00,1575,1425,2475,1500,1,19,40.4361923,-86.8937384,163.090,-0.060,0.020,0.010,3,0.95,1.39,0.08,1
13386,29609,18357,15358,0,0,-1.85192,0.33279,9.71806,0.018109,-0.037284,-0.013848,1.970,10.773,0.659,-0.0295,0.0030,-0.0073,0.3605,1.2315,2.0757,0.0189285,-0.0381328,-0.0146987,-0.011610,0.009240,0.082244,0.00000,0.00000,0.000,0.000,0.000,0.000,0.000,-6.0000,0.0000,0.0000,6.0000,95.00,95.00,90.00,90.00,1575,1425,2475,1500,1,19,40.4361923,-86.8937384,163.090,-0.060,0.020,0.010,3,0.95,1.39,0.08,1
13428,23581,18551,15362,0,0,-1.86149,0.34596,9.72405,0.018109,-0.039415,-0.013848,1.973,10.769,0.660,-0.0296,0.0028,-0.0065,0.3592,1.2316,2.0755,0.0189265,-0.0381290,-0.0146971,-0.011621,0.009246,0.082242,0.00000,0.00000,0.000,0.000,0.000,0.000,0.000,-6.0000,0.0000,0.0000,6.0000,95.00,95.00,90.00,90.00,1575,1425,2475,1500,1,19,40.4361923,-86.8937384,163.090,-0.060,0.020,0.010,3,0.95,1.39,0.08,1
13477,29635,18941,15938,0,0,-1.83156,0.34955,9.71926,0.018109,-0.038350,-0.013848,1.968,10.768,0.664,-0.0296,0.0026,-0.0060,0.3578,1.2317,2.0752,0.0189315,-0.0381291,-0.0147007,-0.011624,0.009234,0.082242,0.00000,0.00000,0.000,0.000,0.000,0.000,0.000,-6.0000,0.0000,0.0000,6.0000,95.00,95.00,90.00,90.00,1575,1425,2475,1500,1,19,40.4361923,-86.8937384,163.090,-0.060,0.020,0.010,3,0.95,1.39,0.08,1
13527,25007,44307,41266,0,0,-1.84832,0.34117,9.70490,0.019175,-0.038350,-0.013848,1.962,10.778,0.613,0.0085,0.0011,0.0025,0.3724,1.2285,2.0760,0.0189272,-0.0381435,-0.0146164,-0.014353,0.009994,0.080978,0.00000,0.00000,0.000,0.000,0.000,0.000,0.000,-6.0000,0.0000,0.0000,6.0000,95.00,95.00,90.00,90.00,1575,1425,2475,1500,1,19,40.4361921,-86.8937387,163.034,0.040,0.000,-0.010,3,0.94,1.37,0.08,1
13578,76321,18674,15336,0,0,-1.85910,0.33160,9.70849,0.018109,-0.037284,-0.013848,1.959,10.784,0.617,0.0078,0.0005,0.0026,0.3730,1.2286,2.0762,0.0189274,-0.0381480,-0.0146169,-0.014339,0.009991,0.080980,0.00000,0.00000,0.000,0.000,0.000,0.000,0.000,-6.0000,0.0000,0.0000,6.0000,95.00,95.00,90.00,90.00,1575,1425,2475,1500,1,19,40.4361921,-86.8937387,163.034,0.040,0.000,-0.010,3,0.94,1.37,0.08,1
13620,24026,17957,14901,0,0,-1.84952,0.33399,9.71926,0.018109,-0.038350,-0.013848,1.960,10.784,0.616,0.0078,0.0003,0.0029,0.3733,1.2286,2.0764,0.0189209,-0.0381463,-0.0146125,-0.014338,0.010006,0.080980,0.00000,0.00000,0.000,0.000,0.000,0.000,0.000,-6.0000,0.0000,0.0000,6.0000,95.00,95.00,90.00,90.00,1575,1425,2475,1500,1,19,40.4361921,-86.8937387,163.034,0.040,0.000,-0.010,3,0.94,1.37,0.08,1
13669,25290,18336,15330,0,0,-1.84832,0.33758,9.70609,0.019175,-0.037284,-0.014914,1.964,10.784,0.615,0.0078,0.0001,0.0031,0.3737,1.2286,2.0765,0.0189162,-0.0381452,-0.0146096,-0.014337,0.010016,0.080980,0.00000,0.00000,0.000,0.000,0.000,0.000,0.000,-6.0000,0.0000,0.0000,6.0000,95.00,95.00,90.00,90.00,1575,1425,2475,1500,1,19,40.4361921,-86.8937387,163.034,0.040,0.000,-0.010,3,0.94,1.37,0.08,1
13744,19766,24690,21334,0,0,-1.83156,0.33519,9.71567,0.018109,-0.038350,-0.013848,1.993,10.767,0.752,-0.0020,-0.0125,-0.0104,0.3771,1.2213,2.0699,0.0189043,-0.0381259,-0.0148200,-0.014064,0.009268,0.082129,0.00000,0.00000,0.000,0.000,0.000,0.000,0.000,-6.0000,0.0000,0.0000,6.0000,95.00,95.00,90.00,90.00,1575,1425,2475,1500,1,19,40.4361919,-86.8937392,162.949,-0.010,-0.020,0.020,3,0.93,1.35,0.09,1
13785,47192,18684,15696,0,0,-1.85670,0.33758,9.71328,0.019175,-0.038350,-0.013848,1.994,10.769,0.755,-0.0024,-0.0128,-0.0102,0.3770,1.2207,2.0694,0.0189046,-0.0381299,-0.0148206,-0.014051,0.009265,0.082132,0.00000,0.00000,0.000,0.000,0.000,0.000,0.000,-6.0000,0.0000,0.0000,6.0000,95.00,95.00,90.00,90.00,1575,1425,2475,1500,1,19,40.4361919,-86.8937392,162.949,-0.010,-0.020,0.020,3,0.93,1.35,0.09,1
13824,18978,38836,30856,0,0,-1.84114,0.33399,9.70849,0.018109,-0.038350,-0.013848,1.993,10.767,0.757,-0.0024,-0.0130,-0.0103,0.3769,1.2205,2.0692,0.0189065,-0.0381270,-0.0148216,-0.014062,0.009263,0.082129,0.00000,0.00000,0.000,0.000,0.000,0.000,0.000,-6.0000,0.0000,0.0000,6.0000,95.00,95.00,90.00,90.00,1575,1425,2475,1500,1,19,40.4361919,-86.8937392,162.949,-0.010,-0.020,0.020,3,0.93,1.35,0.09,1
13875,31331,18911,15869,0,0,-1.80882,0.35075,9.73004,0.020240,-0.043676,-0.013848,2.000,10.746,0.757,-0.0018,-0.0130,-0.0098,0.3767,1.2195,2.0685,0.0188989,-0.0381105,-0.0148159,-0.014102,0.009285,0.082121,0.00000,0.00000,0.000,0.000,0.000,0.000,0.000,-6.0000,0.0000,0.0000,6.0000,95.00,95.00,90.00,90.00,1575,1425,2475,1500,1,19,40.4361919,-86.8937392,162.949,-0.010,-0.020,0.020,3,0.93,1.35,0.09,1
13930,31218,18662,15467,0,0,-1.87107,0.31484,9.73004,0.018109,-0.039415,-0.013848,2.012,10.746,0.831,-0.0018,-0.0210,0.0081,0.3809,1.2116,2.0671,0.0189047,-0.0381273,-0.0149247,-0.013984,0.008902,0.080721,0.00000,0.00000,0.000,0.000,0.000,0.000,0.000,-6.0000,0.0000,0.0000,6.0000,95.00,95.00,90.00,90.00,1575,1425,2475,1500,1,19,40.4361917,-86.8937396,162.891,0.000,-0.030,-0.020,3,0.92,1.33,0.07,1
13990,40731,18535,15570,0,0,-1.86628,0.33399,9.71328,0.019175,-0.039415,-0.013848,2.010,10.743,0.836,-0.0023,-0.0217,0.0083,0.3808,1.2104,2.0676,0.0189098,-0.0381265,-0.0149275,-0.013994,0.008897,0.080719,0.00000,0.00000,0.000,0.000,0.000,0.000,0.000,-6.0000,0.0000,0.0000,6.0000,95.00,95.00,90.00,90.00,1575,1425,2475,1500,1,19,40.4361917,-86.8937396,162.891,0.000,-0.030,-0.020,3,0.92,1.33,0.07,1
14028,18826,38105,30097,0,0,-1.85790,0.34716,9.70250,0.017044,-0.037284,-0.013848,2.010,10.748,0.837,-0.0025,-0.0217,0.0083,0.3808,1.2100,2.0677,0.0189066,-0.0381336,-0.0149264,-0.013970,0.008895,0.080724,0.00000,0.00000,0.000,0.000,0.000,0.000,0.000,-6.0000,0.0000,0.0000,6.0000,95.00,95.00,90.00,90.00,1575,1425,2475,1500,1,19,40.4361917,-86.8937396,162.891,0.000,-0.030,-0.020,3,0.92,1.33,0.07,1
14086,37428,19957,15597,0,0,-1.86269,0.33279,9.70729,0.018109,-0.037284,-0.013848,2.002,10.748,0.845,-0.0024,-0.0228,0.0086,0.3806,1.2083,2.0684,0.0189166,-0.0381323,-0.0149313,-0.013982,0.008887,0.080722,0.00000,0.00000,0.000,0.000,0.000,0.000,0.000,-6.0000,0.0000,0.0000,6.0000,95.00,95.00,90.00,90.00,1575,1425,2475,1500,1,19,40.4361917,-86.8937396,162.891,0.000,-0.030,-0.020,3,0.92,1.33,0.07,1
14122,25722,30013,27028,0,0,-1.85551,0.34357,9.71567,0.018109,-0.037284,-0.013848,1.951,10.761,0.600,-0.0007,0.0015,0.0148,0.3844,1.2071,2.0632,0.0189229,-0.0381366,-0.0145579,-0.013472,0.010102,0.080270,0.00000,0.00000,0.000,0.000,0.000,0.000,0.000,-6.0000,0.0000,0.0000,6.0000,95.00,95.00,90.00,90.00,1575,1425,2475,1500,1,19,40.4361916,-86.8937399,162.840,0.000,0.020,-0.020,3,0.90,1.32,0.09,1
14170,29914,18334,15324,0,0,-1.85790,0.34117,9.70729,0.018109,-0.037284,-0.013848,1.951,10.761,0.601,-0.0007,0.0012,0.0150,0.3844,1.2072,2.0641,0.0189190,-0.0381345,-0.0145553,-0.013477,0.010109,0.080269,0.00000,0.00000,0.000,0.000,0.000,0.000,0.000,-6.0000,0.0000,0.0000,6.0000,95.00,95.00,90.00,90.00,1575,1425,2475,1500,1,19,40.4361916,-86.8937399,162.840,0.000,0.020,-0.020,3,0.90,1.32,0.09,1
14229,18775,18263,15270,0,0,-1.83755,0.32202,9.71208,0.018109,-0.036219,-0.013848,1.944,10.756,0.603,-0.0001,0.0005,0.0150,0.3843,1.2073,2.0650,0.0189269,-0.0381210,-0.0145589,-0.013524,0.010105,0.080260,0.00000,0.00000,0.000,0.000,0.000,0.000,0.000,-6.0000,0.0000,0.0000,6.0000,95.00,95.00,90.00,90.00,1575,1425,2475,1500,1,19,40.4361916,-86.8937399,162.840,0.000,0.020,-0.020,3,0.90,1.32,0.09,1
14278,29385,18862,15454,0,0,-1.85431,0.33998,9.70609,0.018109,-0.037284,-0.013848,1.948,10.763,0.602,-0.0004,0.0004,0.0150,0.3843,1.2073,2.0657,0.0189179,-0.0381291,-0.0145545,-0.013494,0.010115,0.080265,0.00000,0.00000,0.000,0.000,0.000,0.000,0.000,-6.0000,0.0000,0.0000,6.0000,95.00,95.00,90.00,90.00,1575,1425,2475,1500,1,19,40.4361916,-86.8937399,162.840,0.000,0.020,-0.020,3,0.90,1.32,0.09,1
14327,25202,18327,15309,0,0,-1.83994,0.32441,9.72285,0.018109,-0.034088,-0.013848,1.952,10.759,0.636,-0.0164,-0.0009,-0.0099,0.3831,1.2000,2.0514,0.0189181,-0.0381129,-0.0146023,-0.012730,0.009811,0.082338,0.00000,0.00000,0.000,0.000,0.000,0.000,0.000,-6.0000,0.0000,0.0000,6.0000,95.00,95.00,90.00,90.00,1575,1425,2475,1500,1,19,40.4361915,-86.8937403,162.771,-0.030,0.000,0.030,3,0.89,1.30,0.08,1
14376,29742,18367,15364,0,0,-1.85192,0.32202,9.71447,0.019175,-0.037284,-0.013848,1.959,10.768,0.636,-0.0169,-0.0012,-0.0097,0.3823,1.1999,2.0509,0.0189109,-0.0381233,-0.0145981,-0.012688,0.009821,0.082346,0.00000,0.00000,0.000,0.000,0.000,0.000,0.000,-6.0000,0.0000,0.0000,6.0000,95.00,95.00,90.00,90.00,1575,1425,2475,1500,1,19,40.4361915,-86.8937403,162.771,-0.030,0.000,0.030,3,0.89,1.30,0.08,1
14436,19108,18401,15399,0,0,-1.87107,0.34836,9.70609,0.019175,-0.038350,-0.013848,1.967,10.773,0.636,-0.0172,-0.0014,-0.0097,0.3813,1.1998,2.0503,0.0189032,-0.0381320,-0.0145943,-0.012657,0.009829,0.082352,0.00000,0.00000,0.000,0.000,0.000,0.000,0.000,-6.0000,0.0000,0.0000,6.0000,95.00,95.00,90.00,90.00,1575,1425,2475,1500,1,19,40.4361915,-86.8937403,162.771,-0.030,0.000,0.030,3,0.89,1.30,0.08,1
14491,30955,24513,21478,0,0,-1.83276,0.32561,9.71447,0.019175,-0.039415,-0.013848,1.949,10.782,0.541,0.0364,-0.0012,-0.0156,0.3951,1.1925,2.0390,0.0189014,-0.0381417,-0.0144498,-0.016436,0.011007,0.082012,0.00000,0.00000,0.000,0.000,0.000,0.000,0.000,-6.0000,0.0000,0.0000,6.0000,95.00,95.00,90.00,90.00,1575,1425,2475,1500,1,19,40.4361915,-86.8937405,162.724,0.080,0.000,0.020,3,0.88,1.28,0.08,1
14531,25099,38717,30705,0,0,-1.85910,0.34237,9.71447,0.018109,-0.038350,-0.013848,1.951,10.784,0.540,0.0362,-0.0011,-0.0154,0.3960,1.1925,2.0386,0.0188961,-0.0381451,-0.0144466,-0.016419,0.011016,0.082015,0.00000,0.00000,0.000,0.000,0.000,0.000,0.000,-6.0000,0.0000,0.0000,6.0000,95.00,95.00,90.00,90.00,1575,1425,2475,1500,1,19,40.4361915,-86.8937405,162.724,0.080,0.000,0.020,3,0.88,1.28,0.08,1
14585,34848,19586,15505,0,0,-1.84114,0.34237,9.71088,0.018109,-0.038350,-0.013848,1.954,10.782,0.538,0.0366,-0.0011,-0.0152,0.3987,1.1924,2.0375,0.0188861,-0.0381407,-0.0144399,-0.016423,0.011041,0.082013,0.00000,0.00000,0.000,0.000,0.000,0.000,0.000,-6.0000,0.0000,0.0000,6.0000,95.00,95.00,90.00,90.00,1575,1425,2475,1500,1,19,40.4361915,-86.8937405,162.724,0.080,0.000,0.020,3,0.88,1.28,0.08,1
14626,41763,18586,15614,0,0,-1.85431,0.33758,9.70609,0.018109,-0.037284,-0.013848,1.954,10.786,0.538,0.0365,-0.0012,-0.0153,0.4002,1.1924,2.0369,0.0188830,-0.0381426,-0.0144382,-0.016415,0.011046,0.082015,0.00000,0.00000,0.000,0.000,0.000,0.000,0.000,-6.0000,0.0000,0.0000,6.0000,95.00,95.00,90.00,90.00,1575,1425,2475,1500,1,19,40.4361915,-86.8937405,162.724,0.080,0.000,0.020,3,0.88,1.28,0.08,1
14675,29899,18342,15342,0,0,-1.84832,0.33160,9.70490,0.018109,-0.036219,-0.013848,1.951,10.785,0.539,0.0367,-0.0016,-0.0153,0.4020,1.1923,2.0361,0.0188819,-0.0381328,-0.0144370,-0.016440,0.011053,0.082010,0.00000,0.00000,0.000,0.000,0.000,0.000,0.000,-6.0000,0.0000,0.0000,6.0000,95.00,95.00,90.00,90.00,1575,1425,2475,1500,1,19,40.4361915,-86.8937405,162.724,0.080,0.000,0.020,3,0.88,1.28,0.08,1
14731,31557,24351,21351,0,0,-1.84952,0.33998,9.70849,0.018109,-0.038350,-0.013848,2.007,10.774,0.810,0.0093,-0.0257,-0.0301,0.3982,1.1784,2.0209,0.0188702,-0.0381298,-0.0148275,-0.015244,0.009387,0.083361,0.00000,0.00000,0.000,0.000,0.000,0.000,0.000,-6.0000,0.0000,0.0000,6.0000,95.00,95.00,90.00,90.00,1575,1425,2475,1500,1,19,40.4361912,-86.8937409,162.655,-0.010,-0.040,0.040,3,0.87,1.27,0.10,1
14773,23508,18232,15246,0,0,-1.85551,0.34716,9.71806,0.018109,-0.037284,-0.013848,2.007,10.777,0.811,0.0092,-0.0259,-0.0300,0.3986,1.1771,2.0194,0.0188667,-0.0381319,-0.0148253,-0.015234,0.009395,0.083363,0.00000,0.00000,0.000,0.000,0.000,0.000,0.000,-6.0000,0.0000,0.0000,6.0000,95.00,95.00,90.00,90.00,1575,1425,2475,1500,1,19,40.4361912,-86.8937409,162.655,-0.010,-0.040,0.040,3,0.87,1.27,0.10,1
14832,40449,18535,15565,0,0,-1.83037,0.33878,9.71447,0.018109,-0.038350,-0.013848,2.005,10.772,0.814,0.0098,-0.0263,-0.0300,0.3992,1.1756,2.0176,0.0188675,-0.0381233,-0.0148253,-0.015260,0.009396,0.083358,0.00000,0.00000,0.000,0.000,0.000,0.000,0.000,-6.0000,0.0000,0.0000,6.0000,95.00,95.00,90.00,90.00,1575,1425,2475,1500,1,19,40.4361912,-86.8937409,162.655,-0.010,-0.040,0.040,3,0.87,1.27,0.10,1
14871,18818,38698,30864,0,0,-1.85192,0.33639,9.70849,0.019175,-0.038350,-0.014914,2.004,10.773,0.815,0.0098,-0.0265,-0.0300,0.3994,1.1751,2.0171,0.0188690,-0.0381249,-0.0148263,-0.015257,0.009392,0.083358,0.00000,0.00000,0.000,0.000,0.000,0.000,0.000,-6.0000,0.0000,0.0000,6.0000,95.00,95.00,90.00,90.00,1575,1425,2475,1500,1,19,40.4361912,-86.8937409,162.655,-0.010,-0.040,0.040,3,0.87,1.27,0.10,1
14935,37806,26101,21792,0,0,-1.84234,0.33399,9.71088,0.018109,-0.037284,-0.013848,1.969,10.771,0.665,-0.0182,-0.0064,-0.0080,0.3931,1.1693,2.0086,0.0188753,-0.0381081,-0.0146050,-0.012621,0.009758,0.082152,0.00000,0.00000,0.000,0.000,0.000,0.000,0.000,-6.0000,0.0000,0.0000,6.0000,95.00,95.00,90.00,90.00,1575,1425,2475,1500,1,19,40.4361909,-86.8937412,162.615,-0.040,0.010,-0.010,3,0.86,1.25,0.09,1
14987,32627,18321,15319,0,0,-1.83875,0.34955,9.71208,0.018109,-0.038350,-0.013848,1.969,10.774,0.666,-0.0185,-0.0066,-0.0080,0.3920,1.1689,2.0082,0.0188721,-0.0381112,-0.0146033,-0.012606,0.009764,0.082154,0.00000,0.00000,0.000,0.000,0.000,0.000,0.000,-6.0000,0.0000,0.0000,6.0000,95.00,95.00,90.00,90.00,1575,1425,2475,1500,1,19,40.4361909,-86.8937412,162.615,-0.040,0.010,-0.010,3,0.86,1.25,0.09,1
15025,18566,38169,30276,0,0,-1.84234,0.33399,9.72166,0.019175,-0.037284,-0.013848,1.969,10.772,0.667,-0.0185,-0.0067,-0.0078,0.3916,1.1688,2.0080,0.0188722,-0.0381075,-0.0146031,-0.012618,0.009765,0.082152,0.00000,0.00000,0.000,0.000,0.000,0.000,0.000,-6.0000,0.0000,0.0000,6.0000,95.00,95.00,90.00,90.00,1575,1425,2475,1500,1,19,40.4361909,-86.8937412,162.615,-0.040,0.010,-0.010,3,0.86,1.25,0.09,1
15074,67696,19038,16054,0,0,-1.84234,0.33878,9.71208,0.019175,-0.038350,-0.013848,1.972,10.769,0.669,-0.0183,-0.0069,-0.0077,0.3904,1.1683,2.0075,0.0188701,-0.0381046,-0.0146017,-0.012624,0.009771,0.082151,0.00000,0.00000,0.000,0.000,0.000,0.000,0.000,-6.0000,0.0000,0.0000,6.0000,95.00,95.00,90.00,90.00,1575,1425,2475,1500,1,19,40.4361909,-86.8937412,162.615,-0.040,0.010,-0.010,3,0.86,1.25,0.09,1
15130,36721,18390,15375,0,0,-1.85551,0.34477,9.71088,0.019175,-0.038350,-0.013848,1.925,10.784,0.416,0.0085,0.0146,0.0110,0.3958,1.1648,2.0001,0.0188705,-0.0381145,-0.0142407,-0.013699,0.011376,0.080477,0.00000,0.00000,0.000,0.000,0.000,0.000,0.000,-6.0000,0.0000,0.0000,6.0000,95.00,95.00,90.00,90.00,1575,1425,2475,1500,1,19,40.4361908,-86.8937413,162.587,0.030,0.030,-0.030,3,0.85,1.24,0.08,1
15178,29499,18362,15059,0,0,-1.85072,0.33399,9.71567,0.018109,-0.037284,-0.013848,1.926,10.785,0.413,0.0085,0.0144,0.0112,0.3962,1.1655,2.0006,0.0188646,-0.0381122,-0.0142367,-0.013701,0.011392,0.080476,0.00000,0.00000,0.000,0.000,0.000,0.000,0.000,-6.0000,0.0000,0.0000,6.0000,95.00,95.00,90.00,90.00,1575,1425,2475,1500,1,19,40.4361908,-86.8937413,162.587,0.030,0.030,-0.030,3,0.85,1.24,0.08,1
15220,23920,17939,14898,0,0,-1.85192,0.33878,9.71328,0.018109,-0.037284,-0.013848,1.930,10.786,0.410,0.0084,0.0143,0.0114,0.3966,1.1661,2.0011,0.0188567,-0.0381128,-0.0142320,-0.013691,0.011409,0.080477,0.00000,0.00000,0.000,0.000,0.000,0.000,0.000,-6.0000,0.0000,0.0000,6.0000,95.00,95.00,90.00,90.00,1575,1425,2475,1500,1,19,40.4361908,-86.8937413,162.587,0.030,0.030,-0.030,3,0.85,1.24,0.08,1
15279,40308,18933,15736,0,0,-1.84713,0.33040,9.70969,0.018109,-0.038350,-0.013848,1.933,10.786,0.408,0.0084,0.0140,0.0114,0.3971,1.1670,2.0018,0.0188489,-0.0381114,-0.0142275,-0.013688,0.011427,0.080477,0.00000,0.00000,0.000,0.000,0.000,0.000,0.000,-6.0000,0.0000,0.0000,6.0000,95.00,95.00,90.00,90.00,1575,1425,2475,1500,1,19,40.4361908,-86.8937413,162.587,0.030,0.030,-0.030,3,0.85,1.24,0.08,1
15335,36321,18382,15370,0,0,-1.85311,0.33399,9.71687,0.018109,-0.037284,-0.014914,1.987,10.776,0.673,-0.0163,-0.0109,0.0060,0.3897,1.1524,1.9886,0.0188382,-0.0381069,-0.0145972,-0.012640,0.009767,0.081098,0.00000,0.00000,0.000,0.000,0.000,0.000,0.000,-6.0000,0.0000,0.0000,6.0000,95.00,95.00,90.00,90.00,1575,1425,2475,1500,1,19,40.4361906,-86.8937415,162.556,-0.030,-0.030,0.000,3,0.84,1.22,0.07,1
15384,30153,18307,15293,0,0,-1.85790,0.33998,9.71447,0.018109,-0.037284,-0.013848,1.987,10.776,0.674,-0.0165,-0.0111,0.0064,0.3889,1.1519,1.9889,0.0188362,-0.0381053,-0.0145959,-0.012643,0.009774,0.081097,0.00000,0.00000,0.000,0.000,0.000,0.000,0.000,-6.0000,0.0000,0.0000,6.0000,95.00,95.00,90.00,90.00,1575,1425,2475,1500,1,19,40.4361906,-86.8937415,162.556,-0.030,-0.030,0.000,3,0.84,1.22,0.07,1
15432,29388,18742,15752,0,0,-1.83635,0.33160,9.71328,0.018109,-0.037284,-0.013848,1.985,10.774,0.677,-0.0164,-0.0116,0.0067,0.3881,1.1514,1.9892,0.0188384,-0.0381009,-0.0145969,-0.012658,0.009770,0.081094,0.00000,0.00000,0.000,0.000,0.000,0.000,0.000,-6.0000,0.0000,0.0000,6.0000,95.00,95.00,90.00,90.00,1575,1425,2475,1500,1,19,40.4361906,-86.8937415,162.556,-0.030,-0.030,0.000,3,0.84,1.22,0.07,1
15486,35097,18853,15843,0,0,-1.85431,0.33998,9.71567,0.018109,-0.038350,-0.013848,1.988,10.777,0.678,-0.0167,-0.0118,0.0070,0.3872,1.1507,1.9896,0.0188338,-0.0381048,-0.0145945,-0.012643,0.009779,0.081097,0.00000,0.00000,0.000,0.000,0.000,0.000,0.000,-6.0000,0.0000,0.0000,6.0000,95.00,95.00,90.00,90.00,1575,1425,2475,1500,1,19,40.4361906,-86.8937415,162.556,-0.030,-0.030,0.000,3,0.84,1.22,0.07,1
15540,24737,47829,41306,0,0,-1.83037,0.33998,9.69891,0.018109,-0.038350,-0.013848,1.957,10.782,0.527,0.0041,0.0001,0.0136,0.3896,1.1445,1.9792,0.0188360,-0.0381043,-0.0143853,-0.013638,0.010818,0.080320,0.00000,0.00000,0.000,0.000,0.000,0.000,0.000,-6.0000,0.0000,0.0000,6.0000,95.00,95.00,90.00,90.00,1575,1425,2475,1500,1,19,40.4361904,-86.8937416,162.544,0.020,0.010,-0.020,3,0.83,1.21,0.09,1
15574,48039,33837,30448,0,0,-1.87227,0.33519,9.71687,0.015979,-0.038350,-0.013848,1.951,10.787,0.528,0.0032,-0.0001,0.0142,0.3897,1.1445,1.9799,0.0188341,-0.0381129,-0.0143845,-0.013608,0.010820,0.080326,0.00000,0.00000,0.000,0.000,0.000,0.000,0.000,-6.0000,0.0000,0.0000,6.0000,95.00,95.00,90.00,90.00,1575,1425,2475,1500,1,19,40.4361904,-86.8937416,162.544,0.020,0.010,-0.020,3,0.83,1.21,0.09,1
15624,31552,18415,15387,0,0,-1.84832,0.30885,9.72644,0.018109,-0.037284,-0.013848,1.948,10.786,0.530,0.0032,-0.0006,0.0147,0.3899,1.1445,1.9808,0.0188342,-0.0381096,-0.0143842,-0.013617,0.010821,0.080324,0.00000,0.00000,0.000,0.000,0.000,0.000,0.000,-6.0000,0.0000,0.0000,6.0000,95.00,95.00,90.00,90.00,1575,1425,2475,1500,1,19,40.4361904,-86.8937416,162.544,0.020,0.010,-0.020,3,0.83,1.21,0.09,1
15695,28726,18490,15527,0,0,-1.83276,0.33639,9.70849,0.018109,-0.037284,-0.013848,1.953,10.786,0.528,0.0033,-0.0008,0.0148,0.3902,1.1444,1.9819,0.0188243,-0.0381052,-0.0143787,-0.013619,0.010843,0.080323,0.00000,0.00000,0.000,0.000,0.000,0.000,0.000,-6.0000,0.0000,0.0000,6.0000,95.00,95.00,90.00,90.00,1575,1425,2475,1500,1,19,40.4361904,-86.8937416,162.544,0.020,0.010,-0.020,3,0.83,1.21,0.09,1
15726,18788,30755,22742,0,0,-1.84234,0.32561,9.71806,0.018109,-0.037284,-0.013848,1.951,10.784,0.530,0.0034,-0.0010,0.0150,0.3902,1.1444,1.9821,0.0188267,-0.0381011,-0.0143798,-0.013632,0.010838,0.080321,0.00000,0.00000,0.000,0.000,0.000,0.000,0.000,-6.0000,0.0000,0.0000,6.0000,95.00,95.00,90.00,90.00,1575,1425,2475,1500,1,19,40.4361904,-86.8937416,162.544,0.020,0.010,-0.020,3,0.83,1.21,0.09,1
15782,36136,18390,15299,0,0,-1.83994,0.32561,9.71447,0.018109,-0.037284,-0.013848,1.955,10.783,0.550,0.0042,-0.0042,-0.0013,0.3873,1.1345,1.9658,0.0188215,-0.0380989,-0.0144045,-0.013939,0.010794,0.081356,0.00000,0.00000,0.000,0.000,0.000,0.000,0.000,-6.0000,0.0000,0.0000,6.0000,95.00,95.00,90.00,90.00,1575,1425,2475,1500,1,19,40.4361901,-86.8937418,162.509,0.000,0.000,0.010,3,0.82,1.20,0.10,1
15830,29952,18332,15327,0,0,-1.85192,0.33639,9.70849,0.019175,-0.038350,-0.013848,1.959,10.781,0.549,0.0042,-0.0044,-0.0012,0.3876,1.1343,1.9657,0.0188166,-0.0380967,-0.0144014,-0.013941,0.010806,0.081355,0.00000,0.00000,0.000,0.000,0.000,0.000,0.000,-6.0000,0.0000,0.0000,6.0000,95.00,95.00,90.00,90.00,1575,1425,2475,1500,1,19,40.4361901,-86.8937418,162.509,0.000,0.000,0.010,3,0.82,1.20,0.10,1
15870,18593,38982,31029,0,0,-1.84114,0.33758,9.70131,0.018109,-0.038350,-0.013848,1.959,10.779,0.549,0.0042,-0.0045,-0.0013,0.3876,1.1342,1.9657,0.0188141,-0.0380939,-0.0143998,-0.013948,0.010813,0.081354,0.00000,0.00000,0.000,0.000,0.000,0.000,0.000,-6.0000,0.0000,0.0000,6.0000,95.00,95.00,90.00,90.00,1575,1425,2475,1500,1,19,40.4361901,-86.8937418,162.509,0.000,0.000,0.010,3,0.82,1.20,0.10,1
15938,24715,18799,15426,0,0,-1.83994,0.33878,9.71088,0.018109,-0.038350,-0.013848,1.935,10.779,0.420,0.0071,0.0083,-0.0011,0.3847,1.1281,1.9530,0.0188096,-0.0380901,-0.0142230,-0.013865,0.011556,0.081288,0.00000,0.00000,0.000,0.000,0.000,0.000,0.000,-6.0000,0.0000,0.0000,6.0000,95.00,95.00,90.00,90.00,1575,1425,2475,1500,1,19,40.4361899,-86.8937419,162.493,0.010,0.020,0.000,3,0.82,1.19,0.08,1
15987,30235,18310,15302,0,0,-1.84713,0.34955,9.71208,0.018109,-0.037284,-0.013848,1.942,10.781,0.414,0.0071,0.0085,-0.0010,0.3851,1.1285,1.9530,0.0187956,-0.0380890,-0.0142144,-0.013854,0.011591,0.081289,0.00000,0.00000,0.000,0.000,0.000,0.000,0.000,-6.0000,0.0000,0.0000,6.0000,95.00,95.00,90.00,90.00,1575,1425,2475,1500,1,19,40.4361899,-86.8937419,162.493,0.010,0.020,0.000,3,0.82,1.19,0.08,1
16025,18557,38175,30319,0,0,-1.84713,0.34117,9.71447,0.018109,-0.037284,-0.013848,1.944,10.781,0.412,0.0071,0.0085,-0.0009,0.3852,1.1287,1.9530,0.0187907,-0.0380874,-0.0142114,-0.013854,0.011603,0.081288,0.00000,0.00000,0.000,0.000,0.000,0.000,0.000,-6.0000,0.0000,0.0000,6.0000,95.00,95.00,90.00,90.00,1575,1425,2475,1500,1,19,40.4361899,-86.8937419,162.493,0.010,0.020,0.000,3,0.82,1.19,0.08,1
16088,37172,25265,22181,0,0,-1.85311,0.34716,9.71567,0.019175,-0.038350,-0.013848,1.948,10.780,0.411,0.0072,0.0082,-0.0002,0.3858,1.1293,1.9529,0.0187840,-0.0380846,-0.0142079,-0.013857,0.011617,0.081287,0.00000,0.00000,0.000,0.000,0.000,0.000,0.000,-6.0000,0.0000,0.0000,6.0000,95.00,95.00,90.00,90.00,1575,1425,2475,1500,1,19,40.4361899,-86.8937419,162.493,0.010,0.020,0.000,3,0.82,1.19,0.08,1
16129,42329,24614,21621,0,0,-1.83875,0.34117,9.70969,0.019175,-0.038350,-0.013848,1.964,10.772,0.473,-0.0029,0.0025,0.0161,0.3782,1.1194,1.9444,0.0187781,-0.0380770,-0.0142882,-0.013121,0.011144,0.080273,0.00000,0.00000,0.000,0.000,0.000,0.000,0.000,-6.0000,0.0000,0.0000,6.0000,95.00,95.00,90.00,90.00,1575,1425,2475,1500,1,19,40.4361895,-86.8937420,162.484,-0.010,0.000,-0.030,3,0.81,1.17,0.09,1
16178,29527,18364,15049,0,0,-1.85790,0.34596,9.70609,0.019175,-0.037284,-0.013848,1.970,10.777,0.469,-0.0034,0.0026,0.0163,0.3780,1.1195,1.9453,0.0187666,-0.0380830,-0.0142814,-0.013089,0.011170,0.080279,0.00000,0.00000,0.000,0.000,0.000,0.000,0.000,-6.0000,0.0000,0.0000,6.0000,95.00,95.00,90.00,90.00,1575,1425,2475,1500,1,19,40.4361895,-86.8937420,162.484,-0.010,0.000,-0.030,3,0.81,1.17,0.09,1
16226,29862,18316,15306,0,0,-1.84952,0.33758,9.69891,0.018109,-0.037284,-0.013848,1.971,10.779,0.470,-0.0035,0.0023,0.0161,0.3779,1.1197,1.9461,0.0187650,-0.0380826,-0.0142805,-0.013089,0.011174,0.080278,0.00000,0.00000,0.000,0.000,0.000,0.000,0.000,-6.0000,0.0000,0.0000,6.0000,95.00,95.00,90.00,90.00,1575,1425,2475,1500,1,19,40.4361895,-86.8937420,162.484,-0.010,0.000,-0.030,3,0.81,1.17,0.09,1
16275,29515,18762,15745,0,0,-1.84952,0.33160,9.71447,0.019175,-0.037284,-0.013848,1.971,10.779,0.470,-0.0035,0.0019,0.0163,0.3777,1.1198,1.9468,0.0187647,-0.0380797,-0.0142801,-0.013097,0.011176,0.080277,0.00000,0.00000,0.000,0.000,0.000,0.000,0.000,-6.0000,0.0000,0.0000,6.0000,95.00,95.00,90.00,90.00,1575,1425,2475,1500,1,19,40.4361895,-86.8937420,162.484,-0.010,0.000,-0.030,3,0.81,1.17,0.09,1
16340,46550,18180,15159,0,0,-1.85431,0.34357,9.70609,0.018109,-0.037284,-0.013848,1.995,10.779,0.581,-0.0036,-0.0113,0.0064,0.3716,1.1070,1.9324,0.0187581,-0.0380811,-0.0144231,-0.013476,0.010621,0.080842,0.00000,0.00000,0.000,0.000,0.000,0.000,0.000,-6.0000,0.0000,0.0000,6.0000,95.00,95.00,90.00,90.00,1575,1425,2475,1500,1,19,40.4361893,-86.8937423,162.452,0.000,-0.020,0.000,3,0.80,1.16,0.08,1
16383,24195,18347,15332,0,0,-1.83396,0.33639,9.70250,0.018109,-0.038350,-0.013848,1.995,10.772,0.582,-0.0033,-0.0116,0.0061,0.3714,1.1065,1.9326,0.0187576,-0.0380712,-0.0144220,-0.013506,0.010629,0.080836,0.00000,0.00000,0.000,0.000,0.000,0.000,0.000,-6.0000,0.0000,0.0000,6.0000,95.00,95.00,90.00,90.00,1575,1425,2475,1500,1,19,40.4361893,-86.8937423,162.452,0.000,-0.020,0.000,3,0.80,1.16,0.08,1
16431,29834,18335,15331,0,0,-1.84713,0.34716,9.70969,0.018109,-0.037284,-0.014914,1.994,10.776,0.581,-0.0035,-0.0118,0.0062,0.3713,1.1060,1.9329,0.0187559,-0.0380754,-0.0144214,-0.013492,0.010631,0.080838,0.00000,0.00000,0.000,0.000,0.000,0.000,0.000,-6.0000,0.0000,0.0000,6.0000,95.00,95.00,90.00,90.00,1575,1425,2475,1500,1,19,40.4361893,-86.8937423,162.452,0.000,-0.020,0.000,3,0.80,1.16,0.08,1
16480,30198,18523,15464,0,0,-1.85072,0.33758,9.71926,0.018109,-0.038350,-0.013848,1.993,10.776,0.583,-0.0036,-0.0123,0.0066,0.3711,1.1054,1.9333,0.0187573,-0.0380755,-0.0144222,-0.013493,0.010627,0.080838,0.00000,0.00000,0.000,0.000,0.000,0.000,0.000,-6.0000,0.0000,0.0000,6.0000,95.00,95.00,90.00,90.00,1575,1425,2475,1500,1,19,40.4361893,-86.8937423,162.452,0.000,-0.020,0.000,3,0.80,1.16,0.08,1
16530,24468,44090,41087,0,0,-1.83635,0.34117,9.71088,0.018109,-0.037284,-0.014914,1.967,10.779,0.456,0.0035,-0.0003,0.0079,0.3661,1.0986,1.9209,0.0187596,-0.0380725,-0.0142583,-0.013666,0.011405,0.080643,0.00000,0.00000,0.000,0.000,0.000,0.000,0.000,-6.0000,0.0000,0.0000,6.0000,95.00,95.00,90.00,90.00,1575,1425,2475,1500,1,19,40.4361891,-86.8937424,162.435,0.010,0.010,-0.010,3,0.79,1.15,0.08,1
16574,69596,18598,15612,0,0,-1.84354,0.33399,9.71208,0.018109,-0.038350,-0.013848,1.965,10.776,0.457,0.0038,-0.0009,0.0080,0.3664,1.0986,1.9215,0.0187593,-0.0380699,-0.0142579,-0.013674,0.011408,0.080641,0.00000,0.00000,0.000,0.000,0.000,0.000,0.000,-6.0000,0.0000,0.0000,6.0000,95.00,95.00,90.00,90.00,1575,1425,2475,1500,1,19,40.4361891,-86.8937424,162.435,0.010,0.010,-0.010,3,0.79,1.15,0.08,1
16624,30549,18361,15332,0,0,-1.84713,0.32920,9.70969,0.018109,-0.038350,-0.013848,1.963,10.776,0.459,0.0037,-0.0013,0.0081,0.3665,1.0985,1.9219,0.0187589,-0.0380707,-0.0142578,-0.013671,0.011408,0.080642,0.00000,0.00000,0.000,0.000,0.000,0.000,0.000,-6.0000,0.0000,0.0000,6.0000,95.00,95.00,90.00,90.00,1575,1425,2475,1500,1,19,40.4361891,-86.8937424,162.435,0.010,0.010,-0.010,3,0.79,1.15,0.08,1
16672,29611,18329,15325,0,0,-1.84832,0.34117,9.71088,0.019175,-0.038350,-0.013848,1.969,10.774,0.456,0.0037,-0.0015,0.0082,0.3667,1.0984,1.9223,0.0187505,-0.0380681,-0.0142533,-0.013671,0.011427,0.080641,0.00000,0.00000,0.000,0.000,0.000,0.000,0.000,-6.0000,0.0000,0.0000,6.0000,95.00,95.00,90.00,90.00,1575,1425,2475,1500,1,19,40.4361891,-86.8937424,162.435,0.010,0.010,-0.010,3,0.79,1.15,0.08,1
16721,29915,18632,15543,0,0,-1.84114,0.33998,9.69891,0.018109,-0.037284,-0.013848,1.971,10.774,0.455,0.0037,-0.0017,0.0080,0.3669,1.0983,1.9227,0.0187455,-0.0380671,-0.0142509,-0.013669,0.011437,0.080641,0.00000,0.00000,0.000,0.000,0.000,0.000,0.000,-6.0000,0.0000,0.0000,6.0000,95.00,95.00,90.00,90.00,1575,1425,2475,1500,1,19,40.4361891,-86.8937424,162.435,0.010,0.010,-0.010,3,0.79,1.15,0.08,1
16788,41366,19376,15561,0,0,-1.85431,0.32082,9.70849,0.017044,-0.038350,-0.013848,1.962,10.776,0.465,-0.0055,-0.0027,0.0145,0.3572,1.0890,1.9120,0.0187534,-0.0380693,-0.0142625,-0.013059,0.011290,0.080317,0.00000,0.00000,0.000,0.000,0.000,0.000,0.000,-6.0000,0.0000,0.0000,6.0000,95.00,95.00,90.00,90.00,1575,1425,2475,1500,1,19,40.4361888,-86.8937425,162.416,-0.010,0.000,-0.020,3,0.78,1.14,0.10,1
16830,23732,18234,15247,0,0,-1.83635,0.34357,9.71088,0.017044,-0.037284,-0.013848,1.966,10.776,0.459,-0.0054,-0.0026,0.0146,0.3569,1.0889,1.9127,0.0187415,-0.0380660,-0.0142555,-0.013056,0.011319,0.080316,0.00000,0.00000,0.000,0.000,0.000,0.000,0.000,-6.0000,0.0000,0.0000,6.0000,95.00,95.00,90.00,90.00,1575,1425,2475,1500,1,19,40.4361888,-86.8937425,162.416,-0.010,0.000,-0.020,3,0.78,1.14,0.10,1
16879,29841,18820,15511,0,0,-1.84952,0.34955,9.70490,0.018109,-0.038350,-0.013848,1.969,10.773,0.457,-0.0055,-0.0026,0.0144,0.3567,1.0888,1.9134,0.0187347,-0.0380638,-0.0142519,-0.013057,0.011335,0.080316,0.00000,0.00000,0.000,0.000,0.000,0.000,0.000,-6.0000,0.0000,0.0000,6.0000,95.00,95.00,90.00,90.00,1575,1425,2475,1500,1,19,40.4361888,-86.8937425,162.416,-0.010,0.000,-0.020,3,0.78,1.14,0.10,1
16929,24857,44061,41077,0,0,-1.84473,0.33040,9.70969,0.018109,-0.037284,-0.013848,1.973,10.774,0.483,0.0020,-0.0076,0.0114,0.3500,1.0785,1.8998,0.0187350,-0.0380650,-0.0142828,-0.013627,0.011302,0.080354,0.00000,0.00000,0.000,0.000,0.000,0.000,0.000,-6.0000,0.0000,0.0000,6.0000,95.00,95.00,90.00,90.00,1575,1425,2475,1500,1,19,40.4361885,-86.8937426,162.387,0.010,-0.010,-0.010,3,0.78,1.13,0.08,1
16993,44954,18507,15552,0,0,-1.84952,0.33639,9.70969,0.018109,-0.037284,-0.013848,1.973,10.777,0.483,0.0017,-0.0080,0.0118,0.3501,1.0779,1.9008,0.0187305,-0.0380666,-0.0142802,-0.013617,0.011312,0.080355,0.00000,0.00000,0.000,0.000,0.000,0.000,0.000,-6.0000,0.0000,0.0000,6.0000,95.00,95.00,90.00,90.00,1575,1425,2475,1500,1,19,40.4361885,-86.8937426,162.387,0.010,-0.010,-0.010,3,0.78,1.13,0.08,1
17032,18804,38819,30774,0,0,-1.85072,0.34237,9.71447,0.018109,-0.037284,-0.013848,1.974,10.778,0.482,0.0016,-0.0080,0.0119,0.3502,1.0777,1.9011,0.0187274,-0.0380667,-0.0142786,-0.013614,0.011319,0.080356,0.00000,0.00000,0.000,0.000,0.000,0.000,0.000,-6.0000,0.0000,0.0000,6.0000,95.00,95.00,90.00,90.00,1575,1425,2475,1500,1,19,40.4361885,-86.8937426,162.387,0.010,-0.010,-0.010,3,0.78,1.13,0.08,1
17088,34311,21361,15723,0,0,-1.84952,0.33279,9.71806,0.019175,-0.038350,-0.013848,1.972,10.774,0.485,0.0017,-0.0088,0.0122,0.3503,1.0771,1.9019,0.0187298,-0.0380641,-0.0142797,-0.013623,0.011315,0.080354,0.00000,0.00000,0.000,0.000,0.000,0.000,0.000,-6.0000,0.0000,0.0000,6.0000,95.00,95.00,90.00,90.00,1575,1425,2475,1500,1,19,40.4361885,-86.8937426,162.387,0.010,-0.010,-0.010,3,0.78,1.13,0.08,1
17125,27329,30862,27870,0,0,-1.84234,0.33639,9.71447,0.019175,-0.038350,-0.013848,1.951,10.778,0.376,0.0112,0.0011,-0.0119,0.3437,1.0701,1.8831,0.0187324,-0.0380642,-0.0141431,-0.014264,0.012084,0.081722,0.00000,0.00000,0.000,0.000,0.000,0.000,0.000,-6.0000,0.0000,0.0000,6.0000,95.00,95.00,90.00,90.00,1575,1425,2475,1500,1,19,40.4361883,-86.8937427,162.356,0.020,0.010,0.030,3,0.77,1.12,0.08,1
17173,29813,18299,15299,0,0,-1.85551,0.33758,9.70849,0.018109,-0.038350,-0.013848,1.951,10.778,0.376,0.0110,0.0007,-0.0119,0.3443,1.0702,1.8824,0.0187291,-0.0380663,-0.0141413,-0.014255,0.012091,0.081723,0.00000,0.00000,0.000,0.000,0.000,0.000,0.000,-6.0000,0.0000,0.0000,6.0000,95.00,95.00,90.00,90.00,1575,1425,2475,1500,1,19,40.4361883,-86.8937427,162.356,0.020,0.010,0.030,3,0.77,1.12,0.08,1
17237,21274,18237,14997,0,0,-1.84234,0.33519,9.71687,0.019175,-0.038350,-0.014914,1.952,10.776,0.376,0.0108,-0.0001,-0.0118,0.3450,1.0702,1.8816,0.0187306,-0.0380649,-0.0141421,-0.014260,0.012088,0.081722,0.00000,0.00000,0.000,0.000,0.000,0.000,0.000,-6.0000,0.0000,0.0000,6.0000,95.00,95.00,90.00,90.00,1575,1425,2475,1500,1,19,40.4361883,-86.8937427,162.356,0.020,0.010,0.030,3,0.77,1.12,0.08,1
17280,23766,18882,15509,0,0,-1.83994,0.32082,9.71567,0.019175,-0.038350,-0.013848,1.950,10.774,0.378,0.0109,-0.0006,-0.0118,0.3455,1.0702,1.8811,0.0187334,-0.0380609,-0.0141431,-0.014272,0.012086,0.081720,0.00000,0.00000,0.000,0.000,0.000,0.000,0.000,-6.0000,0.0000,0.0000,6.0000,95.00,95.00,90.00,90.00,1575,1425,2475,1500,1,19,40.4361883,-86.8937427,162.356,0.020,0.010,0.030,3,0.77,1.12,0.08,1
17335,31122,18348,15352,0,0,-1.85910,0.33040,9.70490,0.018109,-0.038350,-0.013848,1.949,10.778,0.377,0.0092,-0.0015,-0.0059,0.3368,1.0614,1.8691,0.0187314,-0.0380657,-0.0141417,-0.014114,0.012078,0.081340,0.00000,0.00000,0.000,0.000,0.000,0.000,0.000,-6.0000,0.0000,0.0000,6.0000,95.00,95.00,90.00,90.00,1575,1425,2475,1500,1,19,40.4361882,-86.8937427,162.359,0.010,0.000,0.000,3,0.76,1.11,0.08,1
17384,25383,18369,15363,0,0,-1.84593,0.34117,9.70250,0.018109,-0.037284,-0.013848,1.952,10.777,0.374,0.0093,-0.0017,-0.0060,0.3373,1.0613,1.8688,0.0187254,-0.0380612,-0.0141381,-0.014122,0.012095,0.081338,0.00000,0.00000,0.000,0.000,0.000,0.000,0.000,-6.0000,0.0000,0.0000,6.0000,95.00,95.00,90.00,90.00,1575,1425,2475,1500,1,19,40.4361882,-86.8937427,162.359,0.010,0.000,0.000,3,0.76,1.11,0.08,1
17425,40496,18652,15659,0,0,-1.88543,0.34477,9.70011,0.017044,-0.040480,-0.013848,1.952,10.782,0.374,0.0081,-0.0016,-0.0061,0.3376,1.0612,1.8686,0.0187195,-0.0380760,-0.0141360,-0.014076,0.012100,0.081347,0.00000,0.00000,0.000,0.000,0.000,0.000,0.000,-6.0000,0.0000,0.0000,6.0000,95.00,95.00,90.00,90.00,1575,1425,2475,1500,1,19,40.4361882,-86.8937427,162.359,0.010,0.000,0.000,3,0.76,1.11,0.08,1
17487,18924,18564,15554,0,0,-1.83396,0.33399,9.71328,0.020240,-0.038350,-0.013848,1.954,10.778,0.375,0.0082,-0.0022,-0.0058,0.3381,1.0611,1.8682,0.0187213,-0.0380665,-0.0141363,-0.014101,0.012101,0.081342,0.00000,0.00000,0.000,0.000,0.000,0.000,0.000,-6.0000,0.0000,0.0000,6.0000,95.00,95.00,90.00,90.00,1575,1425,2475,1500,1,19,40.4361882,-86.8937427,162.359,0.010,0.000,0.000,3,0.76,1.11,0.08,1
17537,24416,44206,41233,0,0,-1.86149,0.34716,9.70490,0.019175,-0.037284,-0.013848,1.970,10.779,0.431,-0.0031,-0.0077,-0.0032,0.3267,1.0512,1.8559,0.0187143,-0.0380684,-0.0142041,-0.013525,0.011681,0.081258,0.00000,0.00000,0.000,0.000,0.000,0.000,0.000,-6.0000,0.0000,0.0000,6.0000,95.00,95.00,90.00,90.00,1575,1425,2475,1500,1,19,40.4361881,-86.8937428,162.345,-0.010,-0.010,0.000,3,0.76,1.10,0.07,1
17574,44465,36948,30470,0,0,-1.83875,0.33519,9.70969,0.018109,-0.037284,-0.013848,1.969,10.778,0.432,-0.0028,-0.0080,-0.0033,0.3266,1.0509,1.8558,0.0187137,-0.0380643,-0.0142035,-0.013538,0.011686,0.081256,0.00000,0.00000,0.000,0.000,0.000,0.000,0.000,-6.0000,0.0000,0.0000,6.0000,95.00,95.00,90.00,90.00,1575,1425,2475,1500,1,19,40.4361881,-86.8937428,162.345,-0.010,-0.010,0.000,3,0.76,1.10,0.07,1
17635,42545,18534,15580,0,0,-1.85192,0.33639,9.70969,0.018109,-0.038350,-0.013848,1.972,10.777,0.430,-0.0030,-0.0081,-0.0034,0.3264,1.0503,1.8555,0.0187061,-0.0380653,-0.0141995,-0.013528,0.011702,0.081257,0.00000,0.00000,0.000,0.000,0.000,0.000,0.000,-6.0000,0.0000,0.0000,6.0000,95.00,95.00,90.00,90.00,1575,1425,2475,1500,1,19,40.4361881,-86.8937428,162.345,-0.010,-0.010,0.000,3,0.76,1.10,0.07,1
17684,29478,18354,15323,0,0,-1.85311,0.34716,9.70729,0.018109,-0.037284,-0.013848,1.977,10.775,0.428,-0.0030,-0.0082,-0.0034,0.3262,1.0499,1.8554,0.0186981,-0.0380610,-0.0141955,-0.013533,0.011721,0.081256,0.00000,0.00000,0.000,0.000,0.000,0.000,0.000,-6.0000,0.0000,0.0000,6.0000,95.00,95.00,90.00,90.00,1575,1425,2475,1500,1,19,40.4361881,-86.8937428,162.345,-0.010,-0.010,0.000,3,0.76,1.10,0.07,1
17726,23720,18691,15695,0,0,-1.83635,0.32202,9.72285,0.018109,-0.038350,-0.013848,1.971,10.771,0.430,-0.0030,-0.0088,-0.0031,0.3261,1.0495,1.8552,0.0187039,-0.0380571,-0.0141978,-0.013546,0.011712,0.081253,0.00000,0.00000,0.000,0.000,0.000,0.000,0.000,-6.0000,0.0000,0.0000,6.0000,95.00,95.00,90.00,90.00,1575,1425,2475,1500,1,19,40.4361881,-86.8937428,162.345,-0.010,-0.010,0.000,3,0.76,1.10,0.07,1
17781,31029,18299,15254,0,0,-1.85551,0.34596,9.71088,0.018109,-0.038350,-0.013848,1.987,10.770,0.486,-0.0025,-0.0166,-0.0077,0.3175,1.0385,1.8411,0.0186966,-0.0380599,-0.0142649,-0.013771,0.011428,0.081477,0.00000,0.00000,0.000,0.000,0.000,0.000,0.000,-6.0000,0.0000,0.0000,6.0000,95.00,95.00,90.00,90.00,1575,1425,2475,1500,1,19,40.4361881,-86.8937429,162.334,0.000,-0.020,0.010,3,0.75,1.09,0.09,1
17842,40738,19357,15482,0,0,-1.84952,0.33639,9.70609,0.019175,-0.037284,-0.014914,1.986,10.770,0.486,-0.0025,-0.0172,-0.0078,0.3173,1.0375,1.8406,0.0186987,-0.0380565,-0.0142658,-0.013783,0.011426,0.081475,0.00000,0.00000,0.000,0.000,0.000,0.000,0.000,-6.0000,0.0000,0.0000,6.0000,95.00,95.00,90.00,90.00,1575,1425,2475,1500,1,19,40.4361881,-86.8937429,162.334,0.000,-0.020,0.010,3,0.75,1.09,0.09,1
17873,19647,30497,22574,0,0,-1.85072,0.33878,9.71328,0.018109,-0.037284,-0.013848,1.986,10.772,0.486,-0.0026,-0.0173,-0.0077,0.3173,1.0371,1.8405,0.0186979,-0.0380571,-0.0142654,-0.013781,0.011427,0.081475,0.00000,0.00000,0.000,0.000,0.000,0.000,0.000,-6.0000,0.0000,0.0000,6.0000,95.00,95.00,90.00,90.00,1575,1425,2475,1500,1,19,40.4361881,-86.8937429,162.334,0.000,-0.020,0.010,3,0.75,1.09,0.09,1
17922,25115,18272,15243,0,0,-1.84713,0.33399,9.70969,0.017044,-0.037284,-0.013848,1.960,10.777,0.396,0.0055,-0.0091,-0.0116,0.3109,1.0302,1.8265,0.0187017,-0.0380558,-0.0141555,-0.014104,0.012048,0.081595,0.00000,0.00000,0.000,0.000,0.000,0.000,0.000,-6.0000,0.0000,0.0000,6.0000,95.00,95.00,90.00,90.00,1575,1425,2475,1500,1,19,40.4361881,-86.8937429,162.319,0.010,0.000,0.010,3,0.75,1.09,0.09,1
17988,38377,27350,19094,0,0,-1.83276,0.33279,9.71447,0.018109,-0.038350,-0.013848,1.959,10.774,0.395,0.0058,-0.0096,-0.0114,0.3112,1.0297,1.8259,0.0186990,-0.0380517,-0.0141538,-0.014113,0.012057,0.081592,0.00000,0.00000,0.000,0.000,0.000,0.000,0.000,-6.0000,0.0000,0.0000,6.0000,95.00,95.00,90.00,90.00,1575,1425,2475,1500,1,19,40.4361881,-86.8937429,162.319,0.010,0.000,0.010,3,0.75,1.09,0.09,1
18026,27606,38021,30163,0,0,-1.83156,0.34117,9.70729,0.019175,-0.038350,-0.013848,1.962,10.769,0.394,0.0061,-0.0096,-0.0115,0.3113,1.0294,1.8255,0.0186957,-0.0380456,-0.0141517,-0.014127,0.012068,0.081589,0.00000,0.00000,0.000,0.000,0.000,0.000,0.000,-6.0000,0.0000,0.0000,6.0000,95.00,95.00,90.00,90.00,1575,1425,2475,1500,1,19,40.4361881,-86.8937429,162.319,0.010,0.000,0.010,3,0.75,1.09,0.09,1
18082,74880,19232,16179,0,0,-1.83755,0.33279,9.71567,0.018109,-0.037284,-0.013848,1.960,10.768,0.395,0.0067,-0.0103,-0.0113,0.3118,1.0287,1.8247,0.0186955,-0.0380410,-0.0141515,-0.014139,0.012070,0.081587,0.00000,0.00000,0.000,0.000,0.000,0.000,0.000,-6.0000,0.0000,0.0000,6.0000,95.00,95.00,90.00,90.00,1575,1425,2475,1500,1,19,40.4361881,-86.8937429,162.319,0.010,0.000,0.010,3,0.75,1.09,0.09,1
18137,30751,18462,15093,0,0,-1.85790,0.34716,9.71208,0.018109,-0.037284,-0.013848,1.955,10.769,0.334,-0.0205,0.0005,-0.0054,0.2974,1.0228,1.8132,0.0186872,-0.0380378,-0.0140787,-0.012375,0.012143,0.081544,0.00000,0.00000,0.000,0.000,0.000,0.000,0.000,-6.0000,0.0000,0.0000,6.0000,95.00,95.00,90.00,90.00,1575,1425,2475,1500,1,19,40.4361881,-86.8937430,162.308,-0.040,0.010,0.000,3,0.74,1.08,0.08,1
18180,23985,17984,14945,0,0,-1.84234,0.32202,9.71567,0.018109,-0.037284,-0.013848,1.953,10.763,0.334,-0.0204,0.0001,-0.0053,0.2965,1.0228,1.8130,0.0186872,-0.0380287,-0.0140780,-0.012403,0.012149,0.081539,0.00000,0.00000,0.000,0.000,0.000,0.000,0.000,-6.0000,0.0000,0.0000,6.0000,95.00,95.00,90.00,90.00,1575,1425,2475,1500,1,19,40.4361881,-86.8937430,162.308,-0.040,0.010,0.000,3,0.74,1.08,0.08,1
18228,29984,18306,15291,0,0,-1.84952,0.34716,9.70609,0.019175,-0.037284,-0.013848,1.960,10.769,0.331,-0.0207,0.0001,-0.0053,0.2955,1.0228,1.8127,0.0186775,-0.0380336,-0.0140734,-0.012379,0.012171,0.081543,0.00000,0.00000,0.000,0.000,0.000,0.000,0.000,-6.0000,0.0000,0.0000,6.0000,95.00,95.00,90.00,90.00,1575,1425,2475,1500,1,19,40.4361881,-86.8937430,162.308,-0.040,0.010,0.000,3,0.74,1.08,0.08,1
18269,40917,18540,15566,0,0,-1.84473,0.34477,9.72525,0.018109,-0.037284,-0.013848,1.962,10.769,0.329,-0.0206,0.0001,-0.0047,0.2947,1.0228,1.8125,0.0186728,-0.0380312,-0.0140710,-0.012381,0.012183,0.081542,0.00000,0.00000,0.000,0.000,0.000,0.000,0.000,-6.0000,0.0000,0.0000,6.0000,95.00,95.00,90.00,90.00,1575,1425,2475,1500,1,19,40.4361881,-86.8937430,162.308,-0.040,0.010,0.000,3,0.74,1.08,0.08,1
18325,30552,24680,21376,0,0,-1.83875,0.34357,9.72166,0.018109,-0.038350,-0.013848,1.975,10.771,0.355,0.0244,-0.0123,0.0031,0.2969,1.0123,1.8020,0.0186608,-0.0380345,-0.0141015,-0.014961,0.012502,0.080559,0.00000,0.00000,0.000,0.000,0.000,0.000,0.000,-6.0000,0.0000,0.0000,6.0000,95.00,95.00,90.00,90.00,1575,1425,2475,1500,1,20,40.4361882,-86.8937430,162.302,0.060,-0.020,-0.010,3,0.73,1.07,0.08,1
18385,18382,18233,15260,0,0,-1.85790,0.33639,9.70849,0.018109,-0.038350,-0.013848,1.979,10.778,0.351,0.0241,-0.0125,0.0035,0.2986,1.0114,1.8023,0.0186519,-0.0380425,-0.0140969,-0.014927,0.012522,0.080565,0.00000,0.00000,0.000,0.000,0.000,0.000,0.000,-6.0000,0.0000,0.0000,6.0000,95.00,95.00,90.00,90.00,1575,1425,2475,1500,1,20,40.4361882,-86.8937430,162.302,0.060,-0.020,-0.010,3,0.73,1.07,0.08,1
18433,28731,18293,15304,0,0,-1.85072,0.33758,9.71088,0.018109,-0.037284,-0.014914,1.980,10.778,0.349,0.0241,-0.0129,0.0036,0.2997,1.0108,1.8024,0.0186493,-0.0380403,-0.0140954,-0.014931,0.012531,0.080564,0.00000,0.00000,0.000,0.000,0.000,0.000,0.000,-6.0000,0.0000,0.0000,6.0000,95.00,95.00,90.00,90.00,1575,1425,2475,1500,1,20,40.4361882,-86.8937430,162.302,0.060,-0.020,-0.010,3,0.73,1.07,0.08,1
18475,40620,19699,15877,0,0,-1.84114,0.33279,9.71088,0.018109,-0.037284,-0.013848,1.978,10.778,0.349,0.0244,-0.0133,0.0036,0.3007,1.0103,1.8026,0.0186503,-0.0380371,-0.0140957,-0.014940,0.012530,0.080562,0.00000,0.00000,0.000,0.000,0.000,0.000,0.000,-6.0000,0.0000,0.0000,6.0000,95.00,95.00,90.00,90.00,1575,1425,2475,1500,1,20,40.4361882,-86.8937430,162.302,0.060,-0.020,-0.010,3,0.73,1.07,0.08,1
18548,39668,32599,24323,0,0,-1.84713,0.33399,9.71208,0.018109,-0.038350,-0.013848,1.944,10.773,0.202,-0.0187,0.0108,0.0010,0.2846,1.0082,1.7903,0.0186560,-0.0380233,-0.0139258,-0.012205,0.012949,0.081201,0.00000,0.00000,0.000,0.000,0.000,0.000,0.000,-6.0000,0.0000,0.0000,6.0000,95.00,95.00,90.00,90.00,1575,1425,2475,1500,1,19,40.4361882,-86.8937429,162.300,-0.050,0.030,0.000,3,0.73,1.06,0.08,1
18583,32874,35456,27491,0,0,-1.83396,0.33878,9.70490,0.018109,-0.038350,-0.013848,1.945,10.768,0.200,-0.0185,0.0107,0.0007,0.2840,1.0086,1.7904,0.0186524,-0.0380184,-0.0139234,-0.012217,0.012962,0.081199,0.00000,0.00000,0.000,0.000,0.000,0.000,0.000,-6.0000,0.0000,0.0000,6.0000,95.00,95.00,90.00,90.00,1575,1425,2475,1500,1,19,40.4361882,-86.8937429,162.300,-0.050,0.030,0.000,3,0.73,1.06,0.08,1
18625,23557,18297,15307,0,0,-1.84114,0.34237,9.71447,0.018109,-0.038350,-0.013848,1.947,10.764,0.198,-0.0185,0.0104,0.0010,0.2829,1.0092,1.7904,0.0186469,-0.0380148,-0.0139205,-0.012222,0.012977,0.081197,0.00000,0.00000,0.000,0.000,0.000,0.000,0.000,-6.0000,0.0000,0.0000,6.0000,95.00,95.00,90.00,90.00,1575,1425,2475,1500,1,19,40.4361882,-86.8937429,162.300,-0.050,0.030,0.000,3,0.73,1.06,0.08,1
18685,40711,18619,15631,0,0,-1.83516,0.33758,9.71567,0.018109,-0.037284,-0.013848,1.950,10.764,0.195,-0.0183,0.0101,0.0013,0.2818,1.0098,1.7905,0.0186407,-0.0380107,-0.0139173,-0.012226,0.012994,0.081196,0.00000,0.00000,0.000,0.000,0.000,0.000,0.000,-6.0000,0.0000,0.0000,6.0000,95.00,95.00,90.00,90.00,1575,1425,2475,1500,1,19,40.4361882,-86.8937429,162.300,-0.050,0.030,0.000,3,0.73,1.06,0.08,1
18734,29840,18918,15910,0,0,-1.85192,0.34237,9.70729,0.018109,-0.038350,-0.013848,1.955,10.765,0.192,-0.0186,0.0100,0.0013,0.2809,1.0103,1.7906,0.0186307,-0.0380123,-0.0139129,-0.012214,0.013016,0.081197,0.00000,0.00000,0.000,0.000,0.000,0.000,0.000,-6.0000,0.0000,0.0000,6.0000,95.00,95.00,90.00,90.00,1575,1425,2475,1500,1,19,40.4361882,-86.8937429,162.300,-0.050,0.030,0.000,3,0.73,1.06,0.08,1
18771,24892,30980,27580,0,0,-1.84952,0.34117,9.71088,0.019175,-0.038350,-0.013848,1.982,10.768,0.297,0.0087,-0.0085,-0.0059,0.2809,0.9988,1.7773,0.0186227,-0.0380215,-0.0140321,-0.014059,0.012721,0.081244,0.00000,0.00000,0.000,0.000,0.000,0.000,0.000,-6.0000,0.0000,0.0000,6.0000,95.00,95.00,90.00,90.00,1575,1425,2475,1500,1,19,40.4361883,-86.8937430,162.295,0.030,-0.020,0.010,3,0.72,1.05,0.09,1
18831,18401,18207,15229,0,0,-1.85072,0.33519,9.71447,0.018109,-0.037284,-0.013848,1.984,10.770,0.295,0.0086,-0.0089,-0.0057,0.2815,0.9982,1.7768,0.0186173,-0.0380210,-0.0140291,-0.014055,0.012736,0.081244,0.00000,0.00000,0.000,0.000,0.000,0.000,0.000,-6.0000,0.0000,0.0000,6.0000,95.00,95.00,90.00,90.00,1575,1425,2475,1500,1,19,40.4361883,-86.8937430,162.295,0.030,-0.020,0.010,3,0.72,1.05,0.09,1
18890,39939,18862,15844,0,0,-1.84473,0.34357,9.71088,0.019175,-0.038350,-0.013848,1.990,10.770,0.293,0.0086,-0.0092,-0.0056,0.2820,0.9976,1.7765,0.0186108,-0.0380215,-0.0140259,-0.014047,0.012752,0.081245,0.00000,0.00000,0.000,0.000,0.000,0.000,0.000,-6.0000,0.0000,0.0000,6.0000,95.00,95.00,90.00,90.00,1575,1425,2475,1500,1,19,40.4361883,-86.8937430,162.295,0.030,-0.020,0.010,3,0.72,1.05,0.09,1
18928,19677,36361,28434,0,0,-1.84593,0.34117,9.71208,0.018109,-0.038350,-0.013848,1.981,10.772,0.244,0.0141,-0.0050,-0.0084,0.2776,0.9916,1.7644,0.0186108,-0.0380223,-0.0139703,-0.014278,0.013105,0.081328,0.00000,0.00000,0.000,0.000,0.000,0.000,0.000,-6.0000,0.0000,0.0000,6.0000,95.00,95.00,90.00,90.00,1575,1425,2475,1500,1,19,40.4361884,-86.8937430,162.285,0.020,0.000,0.010,3,0.72,1.05,0.08,1
18994,38380,27395,19520,0,0,-1.84114,0.33279,9.71088,0.018109,-0.037284,-0.013848,1.980,10.772,0.245,0.0141,-0.0058,-0.0085,0.2787,0.9912,1.7638,0.0186114,-0.0380205,-0.0139704,-0.014283,0.013105,0.081327,0.00000,0.00000,0.000,0.000,0.000,0.000,0.000,-6.0000,0.0000,0.0000,6.0000,95.00,95.00,90.00,90.00,1575,1425,2475,1500,1,19,40.4361884,-86.8937430,162.285,0.020,0.000,0.010,3,0.72,1.05,0.08,1
19033,27648,38904,30512,0,0,-1.84713,0.33878,9.71567,0.018109,-0.038350,-0.013848,1.980,10.770,0.245,0.0141,-0.0060,-0.0083,0.2791,0.9910,1.7635,0.0186103,-0.0380197,-0.0139699,-0.014284,0.013108,0.081327,0.00000,0.00000,0.000,0.000,0.000,0.000,0.000,-6.0000,0.0000,0.0000,6.0000,95.00,95.00,90.00,90.00,1575,1425,2475,1500,1,19,40.4361884,-86.8937430,162.285,0.020,0.000,0.010,3,0.72,1.05,0.08,1
19070,39155,36615,28683,0,0,-1.84713,0.35554,9.71208,0.018109,-0.037284,-0.013848,1.985,10.772,0.242,0.0141,-0.0058,-0.0082,0.2796,0.9908,1.7632,0.0186029,-0.0380190,-0.0139664,-0.014280,0.013126,0.081327,0.00000,0.00000,0.000,0.000,0.000,0.000,0.000,-6.0000,0.0000,0.0000,6.0000,95.00,95.00,90.00,90.00,1575,1425,2475,1500,1,19,40.4361884,-86.8937430,162.285,0.020,0.000,0.010,3,0.72,1.05,0.08,1
19137,24693,18346,15045,0,0,-1.84713,0.34117,9.71088,0.018109,-0.037284,-0.013848,2.001,10.769,0.332,-0.0056,-0.0149,0.0122,0.2703,0.9813,1.7570,0.0185960,-0.0380154,-0.0140699,-0.013205,0.012375,0.080340,0.00000,0.00000,0.000,0.000,0.000,0.000,0.000,-6.0000,0.0000,0.0000,6.0000,95.00,95.00,90.00,90.00,1575,1425,2475,1500,1,19,40.4361884,-86.8937431,162.294,-0.020,-0.020,-0.030,3,0.71,1.04,0.08,1
19186,30094,18357,15350,0,0,-1.85192,0.34357,9.70490,0.018109,-0.037284,-0.013848,1.999,10.770,0.333,-0.0057,-0.0153,0.0119,0.2701,0.9806,1.7576,0.0185963,-0.0380142,-0.0140701,-0.013210,0.012375,0.080339,0.00000,0.00000,0.000,0.000,0.000,0.000,0.000,-6.0000,0.0000,0.0000,6.0000,95.00,95.00,90.00,90.00,1575,1425,2475,1500,1,19,40.4361884,-86.8937431,162.294,-0.020,-0.020,-0.030,3,0.71,1.04,0.08,1
19234,29624,18296,15302,0,0,-1.85072,0.34117,9.71328,0.018109,-0.037284,-0.014914,1.997,10.772,0.332,-0.0058,-0.0158,0.0121,0.2698,0.9798,1.7581,0.0185975,-0.0380145,-0.0140707,-0.013211,0.012371,0.080339,0.00000,0.00000,0.000,0.000,0.000,0.000,0.000,-6.0000,0.0000,0.0000,6.0000,95.00,95.00,90.00,90.00,1575,1425,2475,1500,1,19,40.4361884,-86.8937431,162.294,-0.020,-0.020,-0.030,3,0.71,1.04,0.08,1
19282,29694,18431,15401,0,0,-1.85311,0.34117,9.70729,0.018109,-0.037284,-0.013848,1.997,10.776,0.331,-0.0060,-0.0162,0.0120,0.2695,0.9790,1.7587,0.0185959,-0.0380162,-0.0140701,-0.013205,0.012375,0.080340,0.00000,0.00000,0.000,0.000,0.000,0.000,0.000,-6.0000,0.0000,0.0000,6.0000,95.00,95.00,90.00,90.00,1575,1425,2475,1500,1,19,40.4361884,-86.8937431,162.294,-0.020,-0.020,-0.030,3,0.71,1.04,0.08,1
19324,34985,25703,21607,0,0,-1.84832,0.33878,9.70849,0.018109,-0.038350,-0.013848,1.962,10.778,0.176,-0.0143,0.0038,0.0047,0.2624,0.9765,1.7464,0.0186013,-0.0380132,-0.0138978,-0.012490,0.013216,0.080836,0.00000,0.00000,0.000,0.000,0.000,0.000,0.000,-6.0000,0.0000,0.0000,6.0000,95.00,95.00,90.00,90.00,1575,1425,2475,1500,1,19,40.4361885,-86.8937431,162.274,-0.020,0.020,0.000,3,0.71,1.03,0.09,1
19373,29765,18315,15328,0,0,-1.85072,0.34357,9.71447,0.018109,-0.038350,-0.013848,1.970,10.779,0.170,-0.0144,0.0038,0.0049,0.2616,0.9768,1.7467,0.0185909,-0.0380124,-0.0138920,-0.012481,0.013248,0.080837,0.00000,0.00000,0.000,0.000,0.000,0.000,0.000,-6.0000,0.0000,0.0000,6.0000,95.00,95.00,90.00,90.00,1575,1425,2475,1500,1,19,40.4361885,-86.8937431,162.274,-0.020,0.020,0.000,3,0.71,1.03,0.09,1
19422,30290,18360,15254,0,0,-1.82797,0.34477,9.72046,0.018109,-0.038350,-0.013848,1.971,10.770,0.168,-0.0140,0.0035,0.0051,0.2609,0.9770,1.7469,0.0185878,-0.0380015,-0.0138899,-0.012509,0.013263,0.080831,0.00000,0.00000,0.000,0.000,0.000,0.000,0.000,-6.0000,0.0000,0.0000,6.0000,95.00,95.00,90.00,90.00,1575,1425,2475,1500,1,19,40.4361885,-86.8937431,162.274,-0.020,0.020,0.000,3,0.71,1.03,0.09,1
19471,29921,19303,16308,0,0,-1.85431,0.36272,9.70490,0.017044,-0.037284,-0.013848,1.973,10.775,0.166,-0.0143,0.0035,0.0051,0.2602,0.9771,1.7472,0.0185803,-0.0380056,-0.0138868,-0.012491,0.013279,0.080834,0.00000,0.00000,0.000,0.000,0.000,0.000,0.000,-6.0000,0.0000,0.0000,6.0000,95.00,95.00,90.00,90.00,1575,1425,2475,1500,1,19,40.4361885,-86.8937431,162.274,-0.020,0.020,0.000,3,0.71,1.03,0.09,1
19521,25317,44249,40914,0,0,-1.84713,0.33758,9.71088,0.018109,-0.037284,-0.013848,2.001,10.774,0.297,-0.0016,-0.0158,-0.0036,0.2585,0.9666,1.7344,0.0185745,-0.0380091,-0.0140291,-0.013561,0.012684,0.081117,0.00000,0.00000,0.000,0.000,0.000,0.000,0.000,-6.0000,0.0000,0.0000,6.0000,95.00,95.00,90.00,90.00,1575,1425,2475,1500,1,19,40.4361886,-86.8937431,162.266,0.010,-0.030,0.010,3,0.70,1.02,0.10,1
19587,18778,18271,15265,0,0,-1.84593,0.32681,9.71208,0.018109,-0.037284,-0.013848,1.994,10.779,0.301,-0.0022,-0.0172,-0.0032,0.2583,0.9651,1.7341,0.0185808,-0.0380100,-0.0140324,-0.013565,0.012665,0.081117,0.00000,0.00000,0.000,0.000,0.000,0.000,0.000,-6.0000,0.0000,0.0000,6.0000,95.00,95.00,90.00,90.00,1575,1425,2475,1500,1,19,40.4361886,-86.8937431,162.266,0.010,-0.030,0.010,3,0.70,1.02,0.10,1
19635,29738,18333,15337,0,0,-1.85192,0.34955,9.70609,0.017044,-0.037284,-0.013848,1.994,10.781,0.301,-0.0023,-0.0175,-0.0031,0.2582,0.9642,1.7340,0.0185789,-0.0380116,-0.0140316,-0.013559,0.012670,0.081118,0.00000,0.00000,0.000,0.000,0.000,0.000,0.000,-6.0000,0.0000,0.0000,6.0000,95.00,95.00,90.00,90.00,1575,1425,2475,1500,1,19,40.4361886,-86.8937431,162.266,0.010,-0.030,0.010,3,0.70,1.02,0.10,1
19684,25179,18394,15378,0,0,-1.84354,0.34117,9.71806,0.018109,-0.037284,-0.013848,1.994,10.778,0.300,-0.0023,-0.0179,-0.0030,0.2581,0.9634,1.7338,0.0185767,-0.0380076,-0.0140304,-0.013566,0.012677,0.081116,0.00000,0.00000,0.000,0.000,0.000,0.000,0.000,-6.0000,0.0000,0.0000,6.0000,95.00,95.00,90.00,90.00,1575,1425,2475,1500,1,19,40.4361886,-86.8937431,162.266,0.010,-0.030,0.010,3,0.70,1.02,0.10,1
19739,30253,24296,21298,0,0,-1.85311,0.34237,9.71447,0.018109,-0.037284,-0.013848,1.938,10.791,0.032,-0.0072,0.0158,0.0098,0.2523,0.9647,1.7265,0.0185836,-0.0380081,-0.0137408,-0.012586,0.014172,0.080531,0.00000,0.00000,0.000,0.000,0.000,0.000,0.000,-6.0000,0.0000,0.0000,6.0000,95.00,95.00,90.00,90.00,1575,1425,2475,1500,1,19,40.4361885,-86.8937430,162.279,-0.010,0.040,-0.020,3,0.70,1.02,0.10,1
19774,40987,18554,15594,0,0,-1.85551,0.33998,9.70849,0.018109,-0.037284,-0.013848,1.940,10.793,0.030,-0.0074,0.0157,0.0098,0.2520,0.9654,1.7269,0.0185794,-0.0380094,-0.0137386,-0.012577,0.014185,0.080532,0.00000,0.00000,0.000,0.000,0.000,0.000,0.000,-6.0000,0.0000,0.0000,6.0000,95.00,95.00,90.00,90.00,1575,1425,2475,1500,1,19,40.4361885,-86.8937430,162.279,-0.010,0.040,-0.020,3,0.70,1.02,0.10,1
19823,30201,18396,15360,0,0,-1.85072,0.33279,9.71447,0.018109,-0.037284,-0.013848,1.943,10.795,0.027,-0.0076,0.0153,0.0100,0.2516,0.9662,1.7274,0.0185743,-0.0380102,-0.0137361,-0.012569,0.014200,0.080533,0.00000,0.00000,0.000,0.000,0.000,0.000,0.000,-6.0000,0.0000,0.0000,6.0000,95.00,95.00,90.00,90.00,1575,1425,2475,1500,1,19,40.4361885,-86.8937430,162.279,-0.010,0.040,-0.020,3,0.70,1.02,0.10,1
19872,29700,18677,15662,0,0,-1.84832,0.34117,9.70849,0.018109,-0.037284,-0.013848,1.947,10.792,0.023,-0.0075,0.0151,0.0100,0.2512,0.9669,1.7279,0.0185667,-0.0380048,-0.0137322,-0.012576,0.014224,0.080531,0.00000,0.00000,0.000,0.000,0.000,0.000,0.000,-6.0000,0.0000,0.0000,6.0000,95.00,95.00,90.00,90.00,1575,1425,2475,1500,1,19,40.4361885,-86.8937430,162.279,-0.010,0.040,-0.020,3,0.70,1.02,0.10,1
19927,30824,24385,21342,0,0,-1.83755,0.33758,9.71328,0.018109,-0.037284,-0.013848,1.976,10.791,0.150,0.0129,-0.0055,0.0094,0.2520,0.9569,1.7181,0.0185590,-0.0380074,-0.0138674,-0.013944,0.013688,0.080296,0.00000,0.00000,0.000,0.000,0.000,0.000,0.000,-6.0000,0.0000,0.0000,6.0000,95.00,95.00,90.00,90.00,1575,1425,2475,1500,1,19,40.4361887,-86.8937431,162.275,0.030,-0.020,-0.010,3,0.69,1.01,0.08,1
19980,34520,18301,15185,0,0,-1.85192,0.33399,9.70490,0.018109,-0.037284,-0.013848,1.974,10.794,0.150,0.0128,-0.0062,0.0094,0.2528,0.9566,1.7187,0.0185591,-0.0380075,-0.0138674,-0.013944,0.013688,0.080296,0.00000,0.00000,0.000,0.000,0.000,0.000,0.000,-6.0000,0.0000,0.0000,6.0000,95.00,95.00,90.00,90.00,1575,1425,2475,1500,1,19,40.4361887,-86.8937431,162.275,0.030,-0.020,-0.010,3,0.69,1.01,0.08,1
20019,18590,38626,30406,0,0,-1.84234,0.33519,9.71328,0.018109,-0.037284,-0.013848,1.974,10.792,0.150,0.0129,-0.0064,0.0095,0.2530,0.9565,1.7189,0.0185590,-0.0380039,-0.0138671,-0.013954,0.013691,0.080294,0.00000,0.00000,0.000,0.000,0.000,0.000,0.000,-6.0000,0.0000,0.0000,6.0000,95.00,95.00,90.00,90.00,1575,1425,2475,1500,1,19,40.4361887,-86.8937431,162.275,0.030,-0.020,-0.010,3,0.69,1.01,0.08,1
20092,38818,33992,25720,0,0,-1.83635,0.34117,9.70609,0.018109,-0.037284,-0.013848,1.975,10.786,0.148,0.0134,-0.0069,0.0095,0.2540,0.9559,1.7196,0.0185551,-0.0379963,-0.0138650,-0.013970,0.013705,0.080291,0.00000,0.00000,0.000,0.000,0.000,0.000,0.000,-6.0000,0.0000,0.0000,6.0000,95.00,95.00,90.00,90.00,1575,1425,2475,1500,1,19,40.4361887,-86.8937431,162.275,0.030,-0.020,-0.010,3,0.69,1.01,0.08,1
20137,34907,43137,40125,0,0,-1.84354,0.33399,9.71567,0.019175,-0.038350,-0.013848,1.964,10.781,0.099,-0.0053,0.0018,0.0093,0.2465,0.9521,1.7100,0.0185582,-0.0379881,-0.0138135,-0.012889,0.013827,0.080493,0.00000,0.00000,0.000,0.000,0.000,0.000,0.000,-6.0000,0.0000,0.0000,6.0000,95.00,95.00,90.00,90.00,1575,1425,2475,1500,1,19,40.4361887,-86.8937431,162.273,-0.020,0.010,-0.010,3,0.69,1.00,0.09,1
20196,40752,18542,15585,0,0,-1.84952,0.33758,9.71208,0.018109,-0.037284,-0.013848,1.964,10.782,0.098,-0.0055,0.0011,0.0093,0.2461,0.9522,1.7107,0.0185559,-0.0379884,-0.0138124,-0.012885,0.013833,0.080493,0.00000,0.00000,0.000,0.000,0.000,0.000,0.000,-6.0000,0.0000,0.0000,6.0000,95.00,95.00,90.00,90.00,1575,1425,2475,1500,1,19,40.4361887,-86.8937431,162.273,-0.020,0.010,-0.010,3,0.69,1.00,0.09,1
20220,18830,23538,15568,0,0,-1.85072,0.34237,9.70131,0.018109,-0.037284,-0.013848,1.966,10.783,0.096,-0.0056,0.0010,0.0092,0.2459,0.9522,1.7109,0.0185524,-0.0379891,-0.0138108,-0.012880,0.013843,0.080494,0.00000,0.00000,0.000,0.000,0.000,0.000,0.000,-6.0000,0.0000,0.0000,6.0000,95.00,95.00,90.00,90.00,1575,1425,2475,1500,1,19,40.4361887,-86.8937431,162.273,-0.020,0.010,-0.010,3,0.69,1.00,0.09,1
20294,19395,24315,21312,0,0,-1.85192,0.34357,9.70609,0.018109,-0.037284,-0.013848,1.950,10.789,0.002,0.0031,0.0102,0.0001,0.2449,0.9492,1.6997,0.0185481,-0.0379909,-0.0137115,-0.013220,0.014494,0.080891,0.00000,0.00000,0.000,0.000,0.000,0.000,0.000,-6.0000,0.0000,0.0000,6.0000,95.00,95.00,90.00,90.00,1575,1425,2475,1500,1,19,40.4361889,-86.8937430,162.264,0.011,0.019,0.007,3,0.68,1.00,0.07,1
20325,24894,30447,22175,0,0,-1.84713,0.33279,9.71687,0.017044,-0.037284,-0.013848,1.948,10.789,0.001,0.0031,0.0099,0.0003,0.2449,0.9495,1.6997,0.0185473,-0.0379889,-0.0137109,-0.013225,0.014498,0.080890,0.00000,0.00000,0.000,0.000,0.000,0.000,0.000,-6.0000,0.0000,0.0000,6.0000,95.00,95.00,90.00,90.00,1575,1425,2475,1500,1,19,40.4361889,-86.8937430,162.264,0.010,0.020,0.010,3,0.68,1.00,0.07,1
20373,29570,18327,15331,0,0,-1.85551,0.33639,9.70490,0.018109,-0.037284,-0.013848,1.949,10.787,-0.000,0.0032,0.0092,0.0004,0.2451,0.9500,1.6997,0.0185468,-0.0379862,-0.0137105,-0.013233,0.014502,0.080888,0.00000,0.00000,0.000,0.000,0.000,0.000,0.000,-6.0000,0.0000,0.0000,6.0000,95.00,95.00,90.00,90.00,1575,1425,2475,1500,1,19,40.4361889,-86.8937430,162.264,0.010,0.020,0.010,3,0.68,1.00,0.07,1
20429,21265,18239,15247,0,0,-1.84593,0.32561,9.71208,0.018109,-0.037284,-0.013848,1.951,10.783,-0.003,0.0034,0.0090,0.0006,0.2453,0.9505,1.6997,0.0185428,-0.0379808,-0.0137084,-0.013243,0.014516,0.080886,0.00000,0.00000,0.000,0.000,0.000,0.000,0.000,-6.0000,0.0000,0.0000,6.0000,95.00,95.00,90.00,90.00,1575,1425,2475,1500,1,19,40.4361889,-86.8937430,162.264,0.010,0.020,0.010,3,0.68,1.00,0.07,1
20478,29916,18962,15804,0,0,-1.87586,0.31963,9.70131,0.017044,-0.037284,-0.013848,1.950,10.789,-0.005,0.0029,0.0084,0.0005,0.2455,0.9510,1.6997,0.0185389,-0.0379853,-0.0137068,-0.013229,0.014525,0.080888,0.00000,0.00000,0.000,0.000,0.000,0.000,0.000,-6.0000,0.0000,0.0000,6.0000,95.00,95.00,90.00,90.00,1575,1425,2475,1500,1,19,40.4361889,-86.8937430,162.264,0.010,0.020,0.010,3,0.68,1.00,0.07,1
20551,38674,33720,25716,0,0,-1.86269,0.31963,9.70969,0.018109,-0.037284,-0.013848,1.947,10.791,-0.030,0.0126,0.0085,0.0172,0.2458,0.9470,1.6945,0.0185375,-0.0379830,-0.0136807,-0.013530,0.014736,0.079921,0.00000,0.00000,0.000,0.000,0.000,0.000,0.000,-6.0000,0.0000,0.0000,6.0000,95.00,95.00,90.00,90.00,1575,1425,2475,1500,1,20,40.4361890,-86.8937428,162.274,0.020,0.010,-0.030,3,0.68,0.99,0.09,1
20586,33988,35509,27500,0,0,-1.84593,0.33160,9.70729,0.017044,-0.037284,-0.014914,1.944,10.791,-0.033,0.0127,0.0082,0.0171,0.2462,0.9473,1.6951,0.0185368,-0.0379812,-0.0136802,-0.013535,0.014739,0.079920,0.00000,0.00000,0.000,0.000,0.000,0.000,0.000,-6.0000,0.0000,0.0000,6.0000,95.00,95.00,90.00,90.00,1575,1425,2475,1500,1,20,40.4361890,-86.8937428,162.274,0.020,0.010,-0.030,3,0.68,0.99,0.09,1
20631,59388,20252,15612,0,0,-1.86149,0.33519,9.71088,0.018109,-0.037284,-0.013848,1.944,10.796,-0.034,0.0121,0.0078,0.0174,0.2469,0.9478,1.6961,0.0185346,-0.0379843,-0.0136794,-0.013524,0.014744,0.079922,0.00000,0.00000,0.000,0.000,0.000,0.000,0.000,-6.0000,0.0000,0.0000,6.0000,95.00,95.00,90.00,90.00,1575,1425,2475,1500,1,20,40.4361890,-86.8937428,162.274,0.020,0.010,-0.030,3,0.68,0.99,0.09,1
20673,23664,18328,15315,0,0,-1.83635,0.33040,9.71208,0.018109,-0.038350,-0.014914,1.946,10.791,-0.038,0.0122,0.0073,0.0175,0.2475,0.9481,1.6969,0.0185313,-0.0379793,-0.0136776,-0.013533,0.014757,0.079920,0.00000,0.00000,0.000,0.000,0.000,0.000,0.000,-6.0000,0.0000,0.0000,6.0000,95.00,95.00,90.00,90.00,1575,1425,2475,1500,1,20,40.4361890,-86.8937428,162.274,0.020,0.010,-0.030,3,0.68,0.99,0.09,1
20722,30080,18612,15538,0,0,-1.85670,0.34716,9.70011,0.017044,-0.035154,-0.014914,1.950,10.791,-0.044,0.0122,0.0072,0.0174,0.2480,0.9485,1.6977,0.0185230,-0.0379753,-0.0136739,-0.013536,0.014782,0.079919,0.00000,0.00000,0.000,0.000,0.000,0.000,0.000,-6.0000,0.0000,0.0000,6.0000,95.00,95.00,90.00,90.00,1575,1425,2475,1500,1,20,40.4361890,-86.8937428,162.274,0.020,0.010,-0.030,3,0.68,0.99,0.09,1
20777,30731,24332,21327,0,0,-1.82318,0.32082,9.71926,0.018109,-0.038350,-0.013848,1.956,10.770,-0.018,-0.0185,0.0080,0.0125,0.2389,0.9449,1.6878,0.0185212,-0.0379521,-0.0137015,-0.012096,0.014386,0.080447,0.00000,0.00000,0.000,0.000,0.000,0.000,0.000,-6.0000,0.0000,0.0000,6.0000,95.00,95.00,90.00,90.00,1575,1425,2475,1500,1,19,40.4361891,-86.8937427,162.262,-0.040,0.010,-0.010,3,0.67,0.98,0.09,1
20837,40808,18538,15282,0,0,-1.84713,0.33878,9.71567,0.018109,-0.037284,-0.013848,1.963,10.775,-0.024,-0.0188,0.0079,0.0127,0.2377,0.9454,1.6886,0.0185106,-0.0379544,-0.0136962,-0.012077,0.014419,0.080450,0.00000,0.00000,0.000,0.000,0.000,0.000,0.000,-6.0000,0.0000,0.0000,6.0000,95.00,95.00,90.00,90.00,1575,1425,2475,1500,1,19,40.4361891,-86.8937427,162.262,-0.040,0.010,-0.010,3,0.67,0.98,0.09,1
20880,24135,18577,15503,0,0,-1.86628,0.34716,9.70011,0.018109,-0.037284,-0.014914,1.966,10.779,-0.028,-0.0191,0.0076,0.0127,0.2368,0.9458,1.6892,0.0185051,-0.0379563,-0.0136938,-0.012067,0.014434,0.080451,0.00000,0.00000,0.000,0.000,0.000,0.000,0.000,-6.0000,0.0000,0.0000,6.0000,95.00,95.00,90.00,90.00,1575,1425,2475,1500,1,19,40.4361891,-86.8937427,162.262,-0.040,0.010,-0.010,3,0.67,0.98,0.09,1
20936,31124,18384,15360,0,0,-1.82558,0.32202,9.71328,0.018109,-0.037284,-0.013848,1.965,10.789,-0.049,0.0168,0.0028,0.0057,0.2442,0.9412,1.6785,0.0184993,-0.0379634,-0.0136727,-0.013886,0.014887,0.080436,0.00000,0.00000,0.000,0.000,0.000,0.000,0.000,-6.0000,0.0000,0.0000,6.0000,95.00,95.00,90.00,90.00,1575,1425,2475,1500,1,19,40.4361893,-86.8937426,162.250,0.050,0.000,0.000,3,0.67,0.98,0.08,1
20985,30183,18780,15527,0,0,-1.86867,0.34357,9.69891,0.018109,-0.037284,-0.013848,1.968,10.794,-0.051,0.0163,0.0024,0.0055,0.2450,0.9413,1.6788,0.0184955,-0.0379684,-0.0136711,-0.013867,0.014895,0.080440,0.00000,0.00000,0.000,0.000,0.000,0.000,0.000,-6.0000,0.0000,0.0000,6.0000,95.00,95.00,90.00,90.00,1575,1425,2475,1500,1,19,40.4361893,-86.8937426,162.250,0.050,0.000,0.000,3,0.67,0.98,0.08,1
21024,19042,38893,30883,0,0,-1.83755,0.32801,9.70969,0.018109,-0.037284,-0.013848,1.966,10.791,-0.050,0.0164,0.0021,0.0055,0.2453,0.9414,1.6789,0.0184973,-0.0379637,-0.0136717,-0.013882,0.014893,0.080437,0.00000,0.00000,0.000,0.000,0.000,0.000,0.000,-6.0000,0.0000,0.0000,6.0000,95.00,95.00,90.00,90.00,1575,1425,2475,1500,1,19,40.4361893,-86.8937426,162.250,0.050,0.000,0.000,3,0.67,0.98,0.08,1
21101,91213,24954,21643,0,0,-1.83635,0.33758,9.70969,0.018109,-0.038350,-0.013848,1.978,10.781,0.009,0.0106,-0.0058,0.0025,0.2450,0.9363,1.6694,0.0184939,-0.0379567,-0.0137330,-0.013715,0.014496,0.080611,0.00000,0.00000,0.000,0.000,0.000,0.000,0.000,-6.0000,0.0000,0.0000,6.0000,95.00,95.00,90.00,90.00,1575,1425,2475,1500,1,19,40.4361895,-86.8937426,162.245,0.005,-0.011,-0.001,3,0.67,0.97,0.08,1
21126,30562,18914,15888,0,0,-1.84354,0.32801,9.71208,0.019175,-0.038350,-0.013848,1.977,10.778,0.010,0.0108,-0.0064,0.0026,0.2453,0.9361,1.6694,0.0184967,-0.0379544,-0.0137342,-0.013725,0.014490,0.080609,0.00000,0.00000,0.000,0.000,0.000,0.000,0.000,-6.0000,0.0000,0.0000,6.0000,95.00,95.00,90.00,90.00,1575,1425,2475,1500,1,19,40.4361895,-86.8937426,162.245,0.000,-0.010,0.000,3,0.67,0.97,0.08,1
21174,29612,18318,15320,0,0,-1.85311,0.35075,9.70250,0.018109,-0.037284,-0.013848,1.985,10.785,0.006,0.0104,-0.0065,0.0024,0.2458,0.9358,1.6696,0.0184871,-0.0379610,-0.0137302,-0.013696,0.014511,0.080614,0.00000,0.00000,0.000,0.000,0.000,0.000,0.000,-6.0000,0.0000,0.0000,6.0000,95.00,95.00,90.00,90.00,1575,1425,2475,1500,1,19,40.4361895,-86.8937426,162.245,0.000,-0.010,0.000,3,0.67,0.97,0.08,1
21222,29854,18298,15267,0,0,-1.83875,0.34117,9.70849,0.019175,-0.038350,-0.013848,1.984,10.778,0.006,0.0107,-0.0070,0.0023,0.2463,0.9355,1.6697,0.0184886,-0.0379525,-0.0137304,-0.013720,0.014514,0.080610,0.00000,0.00000,0.000,0.000,0.000,0.000,0.000,-6.0000,0.0000,0.0000,6.0000,95.00,95.00,90.00,90.00,1575,1425,2475,1500,1,19,40.4361895,-86.8937426,162.245,0.000,-0.010,0.000,3,0.67,0.97,0.08,1
21283,36283,18992,15904,0,0,-1.83396,0.33639,9.71447,0.018109,-0.037284,-0.013848,1.985,10.778,0.004,0.0109,-0.0076,0.0027,0.2469,0.9350,1.6698,0.0184851,-0.0379502,-0.0137288,-0.013722,0.014525,0.080609,0.00000,0.00000,0.000,0.000,0.000,0.000,0.000,-6.0000,0.0000,0.0000,6.0000,95.00,95.00,90.00,90.00,1575,1425,2475,1500,1,19,40.4361895,-86.8937426,162.245,0.000,-0.010,0.000,3,0.67,0.97,0.08,1
21332,24781,18330,15345,0,0,-1.85790,0.34477,9.71567,0.017044,-0.037284,-0.013848,1.975,10.776,-0.035,-0.0181,0.0019,0.0065,0.2398,0.9342,1.6619,0.0184865,-0.0379437,-0.0136907,-0.012179,0.014503,0.080700,0.00000,0.00000,0.000,0.000,0.000,0.000,0.000,-6.0000,0.0000,0.0000,6.0000,95.00,95.00,90.00,90.00,1575,1425,2475,1500,1,19,40.4361895,-86.8937424,162.251,-0.040,0.010,-0.010,3,0.66,0.97,0.09,1
21380,29957,18042,14997,0,0,-1.84473,0.33160,9.71088,0.018109,-0.037284,-0.013848,1.972,10.777,-0.035,-0.0181,0.0012,0.0066,0.2390,0.9343,1.6622,0.0184889,-0.0379429,-0.0136918,-0.012184,0.014496,0.080700,0.00000,0.00000,0.000,0.000,0.000,0.000,0.000,-6.0000,0.0000,0.0000,6.0000,95.00,95.00,90.00,90.00,1575,1425,2475,1500,1,19,40.4361895,-86.8937424,162.251,-0.040,0.010,-0.010,3,0.66,0.97,0.09,1
21429,29981,18271,15278,0,0,-1.85551,0.34117,9.70849,0.017044,-0.036219,-0.013848,1.973,10.783,-0.037,-0.0184,0.0009,0.0067,0.2381,0.9343,1.6625,0.0184838,-0.0379450,-0.0136897,-0.012174,0.014509,0.080701,0.00000,0.00000,0.000,0.000,0.000,0.000,0.000,-6.0000,0.0000,0.0000,6.0000,95.00,95.00,90.00,90.00,1575,1425,2475,1500,1,19,40.4361895,-86.8937424,162.251,-0.040,0.010,-0.010,3,0.66,0.97,0.09,1
21489,40997,19173,16022,0,0,-1.85072,0.34477,9.70849,0.017044,-0.037284,-0.013848,1.973,10.782,-0.040,-0.0185,0.0005,0.0068,0.2370,0.9343,1.6629,0.0184788,-0.0379417,-0.0136875,-0.012177,0.014525,0.080700,0.00000,0.00000,0.000,0.000,0.000,0.000,0.000,-6.0000,0.0000,0.0000,6.0000,95.00,95.00,90.00,90.00,1575,1425,2475,1500,1,19,40.4361895,-86.8937424,162.251,-0.040,0.010,-0.010,3,0.66,0.97,0.09,1
21539,25100,44112,41112,0,0,-1.84832,0.34596,9.71088,0.017044,-0.037284,-0.013848,1.961,10.788,-0.104,-0.0024,0.0057,0.0025,0.2405,0.9329,1.6532,0.0184763,-0.0379449,-0.0136239,-0.012864,0.015048,0.080757,0.00000,0.00000,0.000,0.000,0.000,0.000,0.000,-6.0000,0.0000,0.0000,6.0000,95.00,95.00,90.00,90.00,1575,1425,2475,1500,1,20,40.4361896,-86.8937423,162.248,0.010,0.010,0.000,3,0.66,0.96,0.07,1
21572,44365,32867,26180,0,0,-1.85072,0.33998,9.71447,0.018109,-0.037284,-0.013848,1.962,10.789,-0.106,-0.0025,0.0055,0.0027,0.2404,0.9332,1.6533,0.0184737,-0.0379443,-0.0136227,-0.012863,0.015057,0.080757,0.00000,0.00000,0.000,0.000,0.000,0.000,0.000,-6.0000,0.0000,0.0000,6.0000,95.00,95.00,90.00,90.00,1575,1425,2475,1500,1,20,40.4361896,-86.8937423,162.248,0.010,0.010,0.000,3,0.66,0.96,0.07,1
21620,30012,18010,14969,0,0,-1.84593,0.34357,9.69771,0.015979,-0.035154,-0.013848,1.968,10.790,-0.111,-0.0025,0.0053,0.0020,0.2403,0.9335,1.6535,0.0184646,-0.0379426,-0.0136185,-0.012858,0.015085,0.080757,0.00000,0.00000,0.000,0.000,0.000,0.000,0.000,-6.0000,0.0000,0.0000,6.0000,95.00,95.00,90.00,90.00,1575,1425,2475,1500,1,20,40.4361896,-86.8937423,162.248,0.010,0.010,0.000,3,0.66,0.96,0.07,1
21669,30244,18323,15324,0,0,-1.83875,0.33040,9.71328,0.018109,-0.037284,-0.013848,1.965,10.785,-0.112,-0.0022,0.0047,0.0022,0.2402,0.9338,1.6536,0.0184651,-0.0379333,-0.0136183,-0.012882,0.015087,0.080752,0.00000,0.00000,0.000,0.000,0.000,0.000,0.000,-6.0000,0.0000,0.0000,6.0000,95.00,95.00,90.00,90.00,1575,1425,2475,1500,1,20,40.4361896,-86.8937423,162.248,0.010,0.010,0.000,3,0.66,0.96,0.07,1
21729,19225,18584,15542,0,0,-1.83875,0.34117,9.71926,0.018109,-0.038350,-0.012783,1.972,10.785,-0.116,-0.0028,0.0048,0.0022,0.2400,0.9340,1.6537,0.0184542,-0.0379343,-0.0136142,-0.012869,0.015116,0.080753,0.00000,0.00000,0.000,0.000,0.000,0.000,0.000,-6.0000,0.0000,0.0000,6.0000,95.00,95.00,90.00,90.00,1575,1425,2475,1500,1,20,40.4361896,-86.8937423,162.248,0.010,0.010,0.000,3,0.66,0.96,0.07,1
21778,24623,18301,14982,0,0,-1.86269,0.34955,9.70490,0.018109,-0.038350,-0.013848,2.014,10.782,0.068,0.0044,-0.0226,0.0061,0.2424,0.9245,1.6465,0.0184463,-0.0379404,-0.0137958,-0.013592,0.014090,0.080429,0.00000,0.00000,0.000,0.000,0.000,0.000,0.000,-6.0000,0.0000,0.0000,6.0000,95.00,95.00,90.00,90.00,1575,1425,2475,1500,1,19,40.4361897,-86.8937423,162.258,0.010,-0.040,-0.010,3,0.65,0.95,0.07,1
21829,32416,18352,15339,0,0,-1.83037,0.33519,9.72166,0.018109,-0.037284,-0.013848,2.009,10.781,0.069,0.0047,-0.0233,0.0063,0.2426,0.9234,1.6468,0.0184494,-0.0379355,-0.0137970,-0.013608,0.014084,0.080426,0.00000,0.00000,0.000,0.000,0.000,0.000,0.000,-6.0000,0.0000,0.0000,6.0000,95.00,95.00,90.00,90.00,1575,1425,2475,1500,1,19,40.4361897,-86.8937423,162.258,0.010,-0.040,-0.010,3,0.65,0.95,0.07,1
21878,29981,18859,15510,0,0,-1.86149,0.33639,9.70370,0.018109,-0.037284,-0.013848,2.009,10.784,0.070,0.0044,-0.0239,0.0063,0.2429,0.9222,1.6471,0.0184495,-0.0379388,-0.0137972,-0.013600,0.014082,0.080428,0.00000,0.00000,0.000,0.000,0.000,0.000,0.000,-6.0000,0.0000,0.0000,6.0000,95.00,95.00,90.00,90.00,1575,1425,2475,1500,1,19,40.4361897,-86.8937423,162.258,0.010,-0.040,-0.010,3,0.65,0.95,0.07,1
21926,42596,24567,21544,0,0,-1.83396,0.32681,9.70969,0.019175,-0.037284,-0.013848,1.978,10.785,-0.066,0.0024,-0.0059,0.0024,0.2433,0.9236,1.6380,0.0184589,-0.0379322,-0.0136658,-0.013226,0.014858,0.080648,0.00000,0.00000,0.000,0.000,0.000,0.000,0.000,-6.0000,0.0000,0.0000,6.0000,95.00,95.00,90.00,90.00,1575,1425,2475,1500,1,19,40.4361898,-86.8937422,162.249,0.000,0.010,0.000,3,0.65,0.95,0.08,1
21974,28939,18710,15565,0,0,-1.84832,0.33998,9.71687,0.018109,-0.036219,-0.013848,1.983,10.791,-0.072,0.0022,-0.0060,0.0026,0.2434,0.9233,1.6382,0.0184506,-0.0379340,-0.0136618,-0.013211,0.014884,0.080650,0.00000,0.00000,0.000,0.000,0.000,0.000,0.000,-6.0000,0.0000,0.0000,6.0000,95.00,95.00,90.00,90.00,1575,1425,2475,1500,1,19,40.4361898,-86.8937422,162.249,0.000,0.010,0.000,3,0.65,0.95,0.08,1
22033,34026,19252,15401,0,0,-1.85072,0.35075,9.71567,0.018109,-0.037284,-0.013848,1.985,10.787,-0.076,0.0024,-0.0062,0.0028,0.2435,0.9230,1.6383,0.0184440,-0.0379271,-0.0136586,-0.013223,0.014910,0.080647,0.00000,0.00000,0.000,0.000,0.000,0.000,0.000,-6.0000,0.0000,0.0000,6.0000,95.00,95.00,90.00,90.00,1575,1425,2475,1500,1,19,40.4361898,-86.8937422,162.249,0.000,0.010,0.000,3,0.65,0.95,0.08,1
22072,19498,38698,30825,0,0,-1.86029,0.34117,9.70729,0.018109,-0.037284,-0.013848,1.986,10.790,-0.077,0.0023,-0.0064,0.0029,0.2436,0.9228,1.6384,0.0184425,-0.0379301,-0.0136581,-0.013214,0.014912,0.080649,0.00000,0.00000,0.000,0.000,0.000,0.000,0.000,-6.0000,0.0000,0.0000,6.0000,95.00,95.00,90.00,90.00,1575,1425,2475,1500,1,19,40.4361898,-86.8937422,162.249,0.000,0.010,0.000,3,0.65,0.95,0.08,1
22154,56898,24537,21544,0,0,-1.85431,0.33878,9.69652,0.018109,-0.037284,-0.013848,2.000,10.785,-0.015,-0.0047,-0.0150,0.0118,0.2430,0.9185,1.6328,0.0184382,-0.0379259,-0.0137184,-0.012941,0.014475,0.080224,0.00000,0.00000,0.000,0.000,0.000,0.000,0.000,-6.0000,0.0000,0.0000,6.0000,95.00,95.00,90.00,90.00,1575,1425,2475,1500,1,19,40.4361898,-86.8937422,162.252,-0.010,-0.020,-0.020,3,0.65,0.94,0.07,1
22184,24843,29941,21856,0,0,-1.84952,0.33519,9.69771,0.018109,-0.037284,-0.013848,1.998,10.787,-0.015,-0.0048,-0.0154,0.0116,0.2428,0.9181,1.6330,0.0184393,-0.0379262,-0.0137189,-0.012941,0.014471,0.080224,0.00000,0.00000,0.000,0.000,0.000,0.000,0.000,-6.0000,0.0000,0.0000,6.0000,95.00,95.00,90.00,90.00,1575,1425,2475,1500,1,19,40.4361898,-86.8937422,162.252,-0.010,-0.020,-0.020,3,0.65,0.94,0.07,1
22226,23568,18286,15285,0,0,-1.84713,0.34117,9.70370,0.018109,-0.037284,-0.013848,1.998,10.787,-0.016,-0.0049,-0.0159,0.0115,0.2426,0.9173,1.6337,0.0184383,-0.0379247,-0.0137184,-0.012944,0.014476,0.080224,0.00000,0.00000,0.000,0.000,0.000,0.000,0.000,-6.0000,0.0000,0.0000,6.0000,95.00,95.00,90.00,90.00,1575,1425,2475,1500,1,19,40.4361898,-86.8937422,162.252,-0.010,-0.020,-0.020,3,0.65,0.94,0.07,1
22275,29607,18929,15933,0,0,-1.85192,0.34357,9.70609,0.018109,-0.037284,-0.013848,1.996,10.790,-0.015,-0.0050,-0.0165,0.0114,0.2423,0.9165,1.6342,0.0184395,-0.0379254,-0.0137190,-0.012944,0.014471,0.080224,0.00000,0.00000,0.000,0.000,0.000,0.000,0.000,-6.0000,0.0000,0.0000,6.0000,95.00,95.00,90.00,90.00,1575,1425,2475,1500,1,19,40.4361898,-86.8937422,162.252,-0.010,-0.020,-0.020,3,0.65,0.94,0.07,1
22341,42232,18496,15470,0,0,-1.86508,0.34237,9.70250,0.017044,-0.037284,-0.013848,1.971,10.799,-0.117,-0.0081,-0.0028,0.0048,0.2425,0.9176,1.6249,0.0184422,-0.0379291,-0.0136226,-0.012644,0.015053,0.080556,0.00000,0.00000,0.000,0.000,0.000,0.000,0.000,-6.0000,0.0000,0.0000,6.0000,95.00,95.00,90.00,90.00,1575,1425,2475,1500,1,19,40.4361899,-86.8937421,162.237,-0.010,0.010,0.000,3,0.64,0.94,0.09,1
22372,18789,29800,21926,0,0,-1.85072,0.33399,9.71088,0.018109,-0.037284,-0.013848,1.970,10.799,-0.117,-0.0081,-0.0030,0.0048,0.2424,0.9176,1.6250,0.0184423,-0.0379282,-0.0136226,-0.012647,0.015053,0.080555,0.00000,0.00000,0.000,0.000,0.000,0.000,0.000,-6.0000,0.0000,0.0000,6.0000,95.00,95.00,90.00,90.00,1575,1425,2475,1500,1,19,40.4361899,-86.8937421,162.237,-0.010,0.010,0.000,3,0.64,0.94,0.09,1
22420,29855,18039,14955,0,0,-1.84713,0.34357,9.70370,0.018109,-0.037284,-0.013848,1.972,10.798,-0.121,-0.0079,-0.0034,0.0047,0.2419,0.9174,1.6253,0.0184365,-0.0379224,-0.0136198,-0.012656,0.015075,0.080553,0.00000,0.00000,0.000,0.000,0.000,0.000,0.000,-6.0000,0.0000,0.0000,6.0000,95.00,95.00,90.00,90.00,1575,1425,2475,1500,1,19,40.4361899,-86.8937421,162.237,-0.010,0.010,0.000,3,0.64,0.94,0.09,1
22481,18384,18313,15291,0,0,-1.85072,0.34237,9.70609,0.018109,-0.037284,-0.014914,1.975,10.798,-0.127,-0.0080,-0.0039,0.0047,0.2414,0.9172,1.6256,0.0184283,-0.0379191,-0.0136164,-0.012656,0.015101,0.080552,0.00000,0.00000,0.000,0.000,0.000,0.000,0.000,-6.0000,0.0000,0.0000,6.0000,95.00,95.00,90.00,90.00,1575,1425,2475,1500,1,19,40.4361899,-86.8937421,162.237,-0.010,0.010,0.000,3,0.64,0.94,0.09,1
22520,18976,38554,30523,0,0,-1.84593,0.34716,9.70729,0.017044,-0.036219,-0.013848,1.977,10.798,-0.129,-0.0080,-0.0040,0.0047,0.2413,0.9171,1.6257,0.0184244,-0.0379170,-0.0136148,-0.012657,0.015114,0.080551,0.00000,0.00000,0.000,0.000,0.000,0.000,0.000,-6.0000,0.0000,0.0000,6.0000,95.00,95.00,90.00,90.00,1575,1425,2475,1500,1,19,40.4361899,-86.8937421,162.237,-0.010,0.010,0.000,3,0.64,0.94,0.09,1
22582,75567,24844,21836,0,0,-1.84832,0.34117,9.71208,0.018109,-0.037284,-0.013848,1.955,10.810,-0.240,0.0272,0.0044,-0.0105,0.2512,0.9174,1.6138,0.0184245,-0.0379237,-0.0135104,-0.014178,0.016076,0.080966,0.00000,0.00000,0.000,0.000,0.000,0.000,0.000,-6.0000,0.0000,0.0000,6.0000,95.00,95.00,90.00,90.00,1575,1425,2475,1500,1,19,40.4361901,-86.8937421,162.230,0.050,0.010,0.020,3,0.64,0.93,0.08,1
22631,30044,18349,15344,0,0,-1.85910,0.33279,9.71088,0.017044,-0.037284,-0.013848,1.958,10.811,-0.245,0.0272,0.0041,-0.0105,0.2527,0.9176,1.6132,0.0184172,-0.0379221,-0.0135068,-0.014174,0.016103,0.080966,0.00000,0.00000,0.000,0.000,0.000,0.000,0.000,-6.0000,0.0000,0.0000,6.0000,95.00,95.00,90.00,90.00,1575,1425,2475,1500,1,19,40.4361901,-86.8937421,162.230,0.050,0.010,0.020,3,0.64,0.93,0.08,1
22673,23631,18260,15269,0,0,-1.84952,0.33878,9.71088,0.019175,-0.037284,-0.013848,1.962,10.809,-0.249,0.0273,0.0037,-0.0105,0.2539,0.9178,1.6128,0.0184124,-0.0379191,-0.0135045,-0.014177,0.016120,0.080965,0.00000,0.00000,0.000,0.000,0.000,0.000,0.000,-6.0000,0.0000,0.0000,6.0000,95.00,95.00,90.00,90.00,1575,1425,2475,1500,1,19,40.4361901,-86.8937421,162.230,0.050,0.010,0.020,3,0.64,0.93,0.08,1
22721,29137,18658,15560,0,0,-1.85790,0.34477,9.70490,0.017044,-0.038350,-0.013848,1.963,10.808,-0.252,0.0272,0.0033,-0.0107,0.2552,0.9180,1.6123,0.0184074,-0.0379187,-0.0135026,-0.014173,0.016135,0.080965,0.00000,0.00000,0.000,0.000,0.000,0.000,0.000,-6.0000,0.0000,0.0000,6.0000,95.00,95.00,90.00,90.00,1575,1425,2475,1500,1,19,40.4361901,-86.8937421,162.230,0.050,0.010,0.020,3,0.64,0.93,0.08,1
22787,24800,18294,15284,0,0,-1.84952,0.34596,9.70131,0.018109,-0.037284,-0.013848,1.982,10.799,-0.190,0.0179,-0.0046,-0.0055,0.2563,0.9147,1.6051,0.0183978,-0.0379120,-0.0135616,-0.013831,0.015683,0.080768,0.00000,0.00000,0.000,0.000,0.000,0.000,0.000,-6.0000,0.0000,0.0000,6.0000,95.00,95.00,90.00,90.00,1575,1425,2475,1500,1,19,40.4361902,-86.8937421,162.235,0.010,-0.010,0.000,3,0.64,0.93,0.09,1
22835,29669,18360,15361,0,0,-1.85072,0.33519,9.70490,0.017044,-0.037284,-0.013848,1.981,10.798,-0.193,0.0180,-0.0051,-0.0056,0.2572,0.9144,1.6049,0.0183946,-0.0379089,-0.0135601,-0.013836,0.015694,0.080766,0.00000,0.00000,0.000,0.000,0.000,0.000,0.000,-6.0000,0.0000,0.0000,6.0000,95.00,95.00,90.00,90.00,1575,1425,2475,1500,1,19,40.4361902,-86.8937421,162.235,0.010,-0.010,0.000,3,0.64,0.93,0.09,1
22884,29602,18760,15731,0,0,-1.84713,0.35075,9.70250,0.018109,-0.036219,-0.013848,1.986,10.799,-0.199,0.0181,-0.0053,-0.0059,0.2581,0.9142,1.6046,0.0183863,-0.0379039,-0.0135564,-0.013841,0.015722,0.080765,0.00000,0.00000,0.000,0.000,0.000,0.000,0.000,-6.0000,0.0000,0.0000,6.0000,95.00,95.00,90.00,90.00,1575,1425,2475,1500,1,19,40.4361902,-86.8937421,162.235,0.010,-0.010,0.000,3,0.64,0.93,0.09,1
22933,25105,18354,15360,0,0,-1.84593,0.33758,9.71088,0.017044,-0.035154,-0.013848,1.986,10.799,-0.191,0.0101,-0.0057,-0.0075,0.2591,0.9123,1.5961,0.0183837,-0.0378976,-0.0135641,-0.013507,0.015611,0.080888,0.00000,0.00000,0.000,0.000,0.000,0.000,0.000,-6.0000,0.0000,0.0000,6.0000,95.00,95.00,90.00,90.00,1575,1425,2475,1500,1,19,40.4361903,-86.8937422,162.227,0.000,0.000,0.010,3,0.63,0.92,0.10,1
22979,42836,21437,15431,0,0,-1.85551,0.33279,9.71567,0.018109,-0.037284,-0.013848,1.984,10.801,-0.191,0.0100,-0.0064,-0.0071,0.2595,0.9120,1.5957,0.0183850,-0.0378979,-0.0135647,-0.013507,0.015607,0.080888,0.00000,0.00000,0.000,0.000,0.000,0.000,0.000,-6.0000,0.0000,0.0000,6.0000,95.00,95.00,90.00,90.00,1575,1425,2475,1500,1,19,40.4361903,-86.8937422,162.227,0.000,0.000,0.010,3,0.63,0.92,0.10,1
23045,38198,27407,19393,0,0,-1.85072,0.34117,9.70609,0.018109,-0.038350,-0.013848,1.985,10.798,-0.194,0.0100,-0.0070,-0.0073,0.2601,0.9116,1.5953,0.0183821,-0.0378946,-0.0135633,-0.013513,0.015617,0.080886,0.00000,0.00000,0.000,0.000,0.000,0.000,0.000,-6.0000,0.0000,0.0000,6.0000,95.00,95.00,90.00,90.00,1575,1425,2475,1500,1,19,40.4361903,-86.8937422,162.227,0.000,0.000,0.010,3,0.63,0.92,0.10,1
23084,27671,38418,30437,0,0,-1.84354,0.34716,9.71088,0.018109,-0.037284,-0.013848,1.987,10.796,-0.196,0.0102,-0.0071,-0.0073,0.2604,0.9114,1.5951,0.0183787,-0.0378915,-0.0135619,-0.013517,0.015629,0.080885,0.00000,0.00000,0.000,0.000,0.000,0.000,0.000,-6.0000,0.0000,0.0000,6.0000,95.00,95.00,90.00,90.00,1575,1425,2475,1500,1,19,40.4361903,-86.8937422,162.227,0.000,0.000,0.010,3,0.63,0.92,0.10,1
23123,38968,38285,30234,0,0,-1.83755,0.35913,9.69891,0.019175,-0.037284,-0.013848,1.995,10.794,-0.200,0.0105,-0.0070,-0.0077,0.2608,0.9111,1.5948,0.0183714,-0.0378872,-0.0135590,-0.013520,0.015652,0.080884,0.00000,0.00000,0.000,0.000,0.000,0.000,0.000,-6.0000,0.0000,0.0000,6.0000,95.00,95.00,90.00,90.00,1575,1425,2475,1500,1,19,40.4361903,-86.8937422,162.227,0.000,0.000,0.010,3,0.63,0.92,0.10,1
23190,46054,20221,15568,0,0,-1.84473,0.34596,9.70969,0.018109,-0.037284,-0.013848,1.998,10.794,-0.192,0.0106,-0.0094,0.0017,0.2641,0.9082,1.5891,0.0183660,-0.0378843,-0.0135676,-0.013461,0.015587,0.080417,0.00000,0.00000,0.000,0.000,0.000,0.000,0.000,-6.0000,0.0000,0.0000,6.0000,95.00,95.00,90.00,90.00,1575,1425,2475,1500,1,19,40.4361904,-86.8937423,162.220,0.010,-0.010,-0.010,3,0.63,0.92,0.08,1
23220,20503,29525,21675,0,0,-1.84952,0.34596,9.70131,0.018109,-0.037284,-0.013848,1.999,10.794,-0.193,0.0106,-0.0095,0.0016,0.2644,0.9080,1.5892,0.0183634,-0.0378839,-0.0135665,-0.013459,0.015596,0.080417,0.00000,0.00000,0.000,0.000,0.000,0.000,0.000,-6.0000,0.0000,0.0000,6.0000,95.00,95.00,90.00,90.00,1575,1425,2475,1500,1,19,40.4361904,-86.8937423,162.220,0.010,-0.010,-0.010,3,0.63,0.92,0.08,1
23294,19368,24353,21361,0,0,-1.85670,0.34716,9.70849,0.018109,-0.037284,-0.013848,2.007,10.795,-0.194,0.0132,-0.0112,-0.0016,0.2684,0.9050,1.5806,0.0183534,-0.0378810,-0.0135667,-0.013606,0.015628,0.080537,0.00000,0.00000,0.000,0.000,0.000,0.000,0.000,-6.0000,0.0000,0.0000,6.0000,95.00,95.00,90.00,90.00,1575,1425,2475,1500,1,19,40.4361905,-86.8937424,162.205,0.015,-0.012,0.004,3,0.63,0.91,0.10,1
23325,29955,25035,21680,0,0,-1.85311,0.34357,9.70370,0.017044,-0.037284,-0.013848,2.006,10.796,-0.196,0.0131,-0.0115,-0.0018,0.2688,0.9046,1.5805,0.0183521,-0.0378815,-0.0135661,-0.013603,0.015633,0.080538,0.00000,0.00000,0.000,0.000,0.000,0.000,0.000,-6.0000,0.0000,0.0000,6.0000,95.00,95.00,90.00,90.00,1575,1425,2475,1500,1,19,40.4361905,-86.8937424,162.205,0.020,-0.010,0.000,3,0.63,0.91,0.10,1
23395,28514,18538,15571,0,0,-1.84114,0.33639,9.70969,0.017044,-0.037284,-0.013848,1.999,10.791,-0.198,0.0134,-0.0127,-0.0018,0.2698,0.9037,1.5804,0.0183542,-0.0378734,-0.0135667,-0.013628,0.015629,0.080533,0.00000,0.00000,0.000,0.000,0.000,0.000,0.000,-6.0000,0.0000,0.0000,6.0000,95.00,95.00,90.00,90.00,1575,1425,2475,1500,1,19,40.4361905,-86.8937424,162.205,0.020,-0.010,0.000,3,0.63,0.91,0.10,1
23426,18821,29888,21996,0,0,-1.85192,0.33998,9.70609,0.019175,-0.037284,-0.013848,2.000,10.792,-0.198,0.0134,-0.0129,-0.0019,0.2701,0.9034,1.5804,0.0183538,-0.0378736,-0.0135665,-0.013627,0.015630,0.080533,0.00000,0.00000,0.000,0.000,0.000,0.000,0.000,-6.0000,0.0000,0.0000,6.0000,95.00,95.00,90.00,90.00,1575,1425,2475,1500,1,19,40.4361905,-86.8937424,162.205,0.020,-0.010,0.000,3,0.63,0.91,0.10,1
23474,29755,18336,15331,0,0,-1.85192,0.34117,9.70370,0.018109,-0.037284,-0.013848,1.999,10.793,-0.200,0.0134,-0.0135,-0.0020,0.2709,0.9026,1.5803,0.0183522,-0.0378720,-0.0135659,-0.013629,0.015635,0.080533,0.00000,0.00000,0.000,0.000,0.000,0.000,0.000,-6.0000,0.0000,0.0000,6.0000,95.00,95.00,90.00,90.00,1575,1425,2475,1500,1,19,40.4361905,-86.8937424,162.205,0.020,-0.010,0.000,3,0.63,0.91,0.10,1
23548,45303,28072,24643,0,0,-1.85192,0.34237,9.70609,0.018109,-0.037284,-0.014914,1.993,10.789,-0.222,-0.0176,-0.0060,-0.0071,0.2665,0.9021,1.5713,0.0183514,-0.0378643,-0.0135494,-0.012251,0.015506,0.081028,0.00000,0.00000,0.000,0.000,0.000,0.000,0.000,-6.0000,0.0000,0.0000,6.0000,95.00,95.00,90.00,90.00,1575,1425,2475,1500,1,18,40.4361904,-86.8937423,162.213,-0.040,0.000,0.010,3,0.62,0.91,0.08,1
23583,28352,35574,27657,0,0,-1.85431,0.33878,9.71088,0.017044,-0.036219,-0.013848,1.991,10.792,-0.223,-0.0177,-0.0064,-0.0071,0.2660,0.9020,1.5711,0.0183511,-0.0378649,-0.0135492,-0.012249,0.015507,0.081028,0.00000,0.00000,0.000,0.000,0.000,0.000,0.000,-6.0000,0.0000,0.0000,6.0000,95.00,95.00,90.00,90.00,1575,1425,2475,1500,1,18,40.4361904,-86.8937423,162.213,-0.040,0.000,0.010,3,0.62,0.91,0.08,1
23636,18797,18222,14994,0,0,-1.86149,0.34357,9.70609,0.017044,-0.037284,-0.013848,1.991,10.793,-0.225,-0.0174,-0.0071,-0.0069,0.2648,0.9015,1.5706,0.0183486,-0.0378633,-0.0135481,-0.012251,0.015516,0.081028,0.00000,0.00000,0.000,0.000,0.000,0.000,0.000,-6.0000,0.0000,0.0000,6.0000,95.00,95.00,90.00,90.00,1575,1425,2475,1500,1,18,40.4361904,-86.8937423,162.213,-0.040,0.000,0.010,3,0.62,0.91,0.08,1
23685,30108,18386,15388,0,0,-1.85311,0.34117,9.70969,0.018109,-0.038350,-0.013848,1.994,10.793,-0.229,-0.0175,-0.0075,-0.0068,0.2639,0.9011,1.5703,0.0183429,-0.0378634,-0.0135459,-0.012245,0.015534,0.081028,0.00000,0.00000,0.000,0.000,0.000,0.000,0.000,-6.0000,0.0000,0.0000,6.0000,95.00,95.00,90.00,90.00,1575,1425,2475,1500,1,18,40.4361904,-86.8937423,162.213,-0.040,0.000,0.010,3,0.62,0.91,0.08,1
23741,31094,24308,21307,0,0,-1.85072,0.33758,9.70490,0.018109,-0.037284,-0.013848,1.996,10.801,-0.225,0.0150,-0.0150,0.0021,0.2738,0.8976,1.5653,0.0183404,-0.0378700,-0.0135496,-0.013626,0.015753,0.080331,0.00000,0.00000,0.000,0.000,0.000,0.000,0.000,-6.0000,0.0000,0.0000,6.0000,95.00,95.00,90.00,90.00,1575,1425,2475,1500,1,19,40.4361906,-86.8937423,162.235,0.040,-0.020,-0.010,3,0.62,0.91,0.08,1
23771,24858,29874,22001,0,0,-1.84354,0.34237,9.70849,0.018109,-0.037284,-0.013848,1.997,10.799,-0.226,0.0151,-0.0152,0.0021,0.2742,0.8973,1.5653,0.0183391,-0.0378670,-0.0135489,-0.013633,0.015759,0.080330,0.00000,0.00000,0.000,0.000,0.000,0.000,0.000,-6.0000,0.0000,0.0000,6.0000,95.00,95.00,90.00,90.00,1575,1425,2475,1500,1,19,40.4361906,-86.8937423,162.235,0.040,-0.020,-0.010,3,0.62,0.91,0.08,1
23825,34541,18623,15638,0,0,-1.84354,0.32801,9.71088,0.017044,-0.037284,-0.013848,1.996,10.800,-0.228,0.0153,-0.0160,0.0020,0.2752,0.8963,1.5654,0.0183376,-0.0378643,-0.0135481,-0.013638,0.015766,0.080329,0.00000,0.00000,0.000,0.000,0.000,0.000,0.000,-6.0000,0.0000,0.0000,6.0000,95.00,95.00,90.00,90.00,1575,1425,2475,1500,1,19,40.4361906,-86.8937423,162.235,0.040,-0.020,-0.010,3,0.62,0.91,0.08,1
23874,29938,18939,15936,0,0,-1.85790,0.34836,9.70131,0.017044,-0.037284,-0.013848,1.997,10.802,-0.231,0.0151,-0.0164,0.0017,0.2759,0.8955,1.5655,0.0183337,-0.0378640,-0.0135465,-0.013635,0.015778,0.080329,0.00000,0.00000,0.000,0.000,0.000,0.000,0.000,-6.0000,0.0000,0.0000,6.0000,95.00,95.00,90.00,90.00,1575,1425,2475,1500,1,19,40.4361906,-86.8937423,162.235,0.040,-0.020,-0.010,3,0.62,0.91,0.08,1
23929,31152,18365,15364,0,0,-1.83875,0.33639,9.71447,0.018109,-0.037284,-0.013848,1.961,10.797,-0.421,-0.0028,0.0136,0.0005,0.2747,0.9012,1.5587,0.0183341,-0.0378487,-0.0133791,-0.012440,0.016736,0.080571,0.00000,0.00000,0.000,0.000,0.000,0.000,0.000,-6.0000,0.0000,0.0000,6.0000,95.00,95.00,90.00,90.00,1575,1425,2475,1500,1,19,40.4361906,-86.8937422,162.241,-0.020,0.040,0.000,3,0.62,0.90,0.09,1
23978,29856,18445,15019,0,0,-1.85551,0.33758,9.70370,0.017044,-0.035154,-0.013848,1.963,10.798,-0.426,-0.0028,0.0133,0.0003,0.2746,0.9019,1.5587,0.0183267,-0.0378456,-0.0133758,-0.012441,0.016762,0.080570,0.00000,0.00000,0.000,0.000,0.000,0.000,0.000,-6.0000,0.0000,0.0000,6.0000,95.00,95.00,90.00,90.00,1575,1425,2475,1500,1,19,40.4361906,-86.8937422,162.241,-0.020,0.040,0.000,3,0.62,0.90,0.09,1
24057,60593,18478,15292,0,0,-1.85311,0.34596,9.70011,0.019175,-0.036219,-0.014914,1.973,10.803,-0.437,-0.0030,0.0130,-0.0001,0.2744,0.9029,1.5587,0.0183181,-0.0378421,-0.0133722,-0.012440,0.016793,0.080569,0.00000,0.00000,0.000,0.000,0.000,0.000,0.000,-6.0000,0.0000,0.0000,6.0000,95.00,95.00,90.00,90.00,1575,1425,2475,1500,1,19,40.4361906,-86.8937422,162.241,-0.020,0.040,0.000,3,0.62,0.90,0.09,1
24088,24109,25019,21966,0,0,-1.84354,0.34117,9.70131,0.017044,-0.037284,-0.013848,1.973,10.801,-0.439,-0.0030,0.0128,-0.0003,0.2743,0.9032,1.5587,0.0183158,-0.0378394,-0.0133712,-0.012444,0.016803,0.080568,0.00000,0.00000,0.000,0.000,0.000,0.000,0.000,-6.0000,0.0000,0.0000,6.0000,95.00,95.00,90.00,90.00,1575,1425,2475,1500,1,19,40.4361906,-86.8937422,162.241,-0.020,0.040,0.000,3,0.62,0.90,0.09,1
24138,30865,44098,41089,0,0,-1.84114,0.33758,9.70490,0.018109,-0.037284,-0.013848,1.998,10.798,-0.331,0.0102,-0.0063,-0.0006,0.2799,0.8981,1.5522,0.0183102,-0.0378395,-0.0134675,-0.013264,0.016272,0.080427,0.00000,0.00000,0.000,0.000,0.000,0.000,0.000,-6.0000,0.0000,0.0000,6.0000,95.00,95.00,90.00,90.00,1575,1425,2475,1500,1,19,40.4361906,-86.8937422,162.240,0.020,-0.020,0.000,3,0.62,0.90,0.09,1
24171,44340,32927,26398,0,0,-1.84832,0.33878,9.69652,0.017044,-0.037284,-0.013848,1.994,10.799,-0.332,0.0102,-0.0068,-0.0011,0.2803,0.8978,1.5522,0.0183098,-0.0378387,-0.0134673,-0.013266,0.016274,0.080427,0.00000,0.00000,0.000,0.000,0.000,0.000,0.000,-6.0000,0.0000,0.0000,6.0000,95.00,95.00,90.00,90.00,1575,1425,2475,1500,1,19,40.4361906,-86.8937422,162.240,0.020,-0.020,0.000,3,0.62,0.90,0.09,1
24249,29226,18502,15527,0,0,-1.85551,0.34836,9.69771,0.019175,-0.037284,-0.014914,1.995,10.797,-0.339,0.0103,-0.0076,-0.0016,0.2813,0.8972,1.5521,0.0183025,-0.0378349,-0.0134643,-0.013269,0.016300,0.080426,0.00000,0.00000,0.000,0.000,0.000,0.000,0.000,-6.0000,0.0000,0.0000,6.0000,95.00,95.00,90.00,90.00,1575,1425,2475,1500,1,19,40.4361906,-86.8937422,162.240,0.020,-0.020,0.000,3,0.62,0.90,0.09,1
24273,18791,24267,16272,0,0,-1.85670,0.33399,9.70011,0.018109,-0.037284,-0.013848,1.994,10.799,-0.339,0.0103,-0.0079,-0.0017,0.2815,0.8970,1.5520,0.0183037,-0.0378366,-0.0134648,-0.013266,0.016295,0.080426,0.00000,0.00000,0.000,0.000,0.000,0.000,0.000,-6.0000,0.0000,0.0000,6.0000,95.00,95.00,90.00,90.00,1575,1425,2475,1500,1,19,40.4361906,-86.8937422,162.240,0.020,-0.020,0.000,3,0.62,0.90,0.09,1
24328,30509,18369,15363,0,0,-1.85551,0.34955,9.69412,0.017044,-0.036219,-0.013848,2.004,10.797,-0.300,-0.0174,-0.0095,-0.0125,0.2772,0.8952,1.5426,0.0182957,-0.0378314,-0.0134999,-0.012250,0.015872,0.081090,0.00000,0.00000,0.000,0.000,0.000,0.000,0.000,-6.0000,0.0000,0.0000,6.0000,95.00,95.00,90.00,90.00,1575,1425,2475,1500,1,18,40.4361905,-86.8937422,162.226,-0.040,-0.010,0.020,3,0.61,0.90,0.09,1
24376,29705,18383,15360,0,0,-1.84114,0.34117,9.70729,0.019175,-0.036219,-0.013848,2.006,10.793,-0.303,-0.0171,-0.0100,-0.0126,0.2764,0.8947,1.5420,0.0182932,-0.0378234,-0.0134986,-0.012269,0.015883,0.081086,0.00000,0.00000,0.000,0.000,0.000,0.000,0.000,-6.0000,0.0000,0.0000,6.0000,95.00,95.00,90.00,90.00,1575,1425,2475,1500,1,18,40.4361905,-86.8937422,162.226,-0.040,-0.010,0.020,3,0.61,0.90,0.09,1
24425,25006,18364,15349,0,0,-1.84593,0.34357,9.71208,0.017044,-0.036219,-0.013848,2.005,10.795,-0.306,-0.0172,-0.0104,-0.0127,0.2755,0.8942,1.5414,0.0182893,-0.0378219,-0.0134970,-0.012269,0.015897,0.081085,0.00000,0.00000,0.000,0.000,0.000,0.000,0.000,-6.0000,0.0000,0.0000,6.0000,95.00,95.00,90.00,90.00,1575,1425,2475,1500,1,18,40.4361905,-86.8937422,162.226,-0.040,-0.010,0.020,3,0.61,0.90,0.09,1
24485,19348,18642,15603,0,0,-1.85790,0.35793,9.69771,0.017044,-0.037284,-0.013848,2.012,10.797,-0.309,-0.0173,-0.0107,-0.0134,0.2745,0.8936,1.5406,0.0182797,-0.0378226,-0.0134935,-0.012258,0.015928,0.081086,0.00000,0.00000,0.000,0.000,0.000,0.000,0.000,-6.0000,0.0000,0.0000,6.0000,95.00,95.00,90.00,90.00,1575,1425,2475,1500,1,18,40.4361905,-86.8937422,162.226,-0.040,-0.010,0.020,3,0.61,0.90,0.09,1
24532,24461,41340,38314,0,0,-1.84234,0.33279,9.71567,0.018109,-0.036219,-0.013848,2.037,10.804,-0.190,0.0379,-0.0392,-0.0231,0.2899,0.8853,1.5314,0.0182758,-0.0378330,-0.0135964,-0.014973,0.015689,0.081005,0.00000,0.00000,0.000,0.000,0.000,0.000,0.000,-6.0000,0.0000,0.0000,6.0000,95.00,95.00,90.00,90.00,1575,1425,2475,1500,1,18,40.4361907,-86.8937424,162.216,0.080,-0.060,0.030,3,0.61,0.89,0.11,1
24587,35672,18437,15423,0,0,-1.84473,0.35554,9.70609,0.018109,-0.036219,-0.013848,2.036,10.804,-0.193,0.0380,-0.0399,-0.0238,0.2928,0.8823,1.5296,0.0182725,-0.0378308,-0.0135950,-0.014975,0.015701,0.081004,0.00000,0.00000,0.000,0.000,0.000,0.000,0.000,-6.0000,0.0000,0.0000,6.0000,95.00,95.00,90.00,90.00,1575,1425,2475,1500,1,18,40.4361907,-86.8937424,162.216,0.080,-0.060,0.030,3,0.61,0.89,0.11,1
24635,29661,18351,15345,0,0,-1.83994,0.33519,9.70490,0.018109,-0.036219,-0.013848,2.029,10.803,-0.193,0.0383,-0.0407,-0.0240,0.2947,0.8803,1.5285,0.0182756,-0.0378251,-0.0135960,-0.014992,0.015691,0.081001,0.00000,0.00000,0.000,0.000,0.000,0.000,0.000,-6.0000,0.0000,0.0000,6.0000,95.00,95.00,90.00,90.00,1575,1425,2475,1500,1,18,40.4361907,-86.8937424,162.216,0.080,-0.060,0.030,3,0.61,0.89,0.11,1
24675,40361,18586,15615,0,0,-1.84832,0.33758,9.70849,0.015979,-0.038350,-0.013848,2.023,10.800,-0.193,0.0384,-0.0414,-0.0240,0.2962,0.8787,1.5275,0.0182774,-0.0378235,-0.0135966,-0.014998,0.015685,0.081000,0.00000,0.00000,0.000,0.000,0.000,0.000,0.000,-6.0000,0.0000,0.0000,6.0000,95.00,95.00,90.00,90.00,1575,1425,2475,1500,1,18,40.4361907,-86.8937424,162.216,0.080,-0.060,0.030,3,0.61,0.89,0.11,1
24732,31447,24335,21340,0,0,-1.85072,0.35674,9.70490,0.018109,-0.036219,-0.013848,2.004,10.795,-0.282,0.0112,-0.0235,-0.0166,0.2940,0.8802,1.5221,0.0182792,-0.0378112,-0.0135206,-0.013586,0.015968,0.080912,0.00000,0.00000,0.000,0.000,0.000,0.000,0.000,-6.0000,0.0000,0.0000,6.0000,95.00,95.00,90.00,90.00,1575,1425,2475,1500,1,17,40.4361907,-86.8937423,162.224,-0.010,-0.010,0.010,3,0.61,0.89,0.11,1
24774,23619,18299,15286,0,0,-1.84114,0.33998,9.71208,0.018109,-0.037284,-0.013848,2.001,10.792,-0.282,0.0114,-0.0242,-0.0167,0.2945,0.8790,1.5213,0.0182806,-0.0378061,-0.0135211,-0.013602,0.015963,0.080909,0.00000,0.00000,0.000,0.000,0.000,0.000,0.000,-6.0000,0.0000,0.0000,6.0000,95.00,95.00,90.00,90.00,1575,1425,2475,1500,1,17,40.4361907,-86.8937423,162.224,-0.010,-0.010,0.010,3,0.61,0.89,0.11,1
24823,30334,18309,15254,0,0,-1.85431,0.34716,9.69891,0.017044,-0.037284,-0.013848,2.000,10.795,-0.284,0.0112,-0.0247,-0.0170,0.2951,0.8778,1.5204,0.0182780,-0.0378073,-0.0135201,-0.013596,0.015972,0.080910,0.00000,0.00000,0.000,0.000,0.000,0.000,0.000,-6.0000,0.0000,0.0000,6.0000,95.00,95.00,90.00,90.00,1575,1425,2475,1500,1,17,40.4361907,-86.8937423,162.224,-0.010,-0.010,0.010,3,0.61,0.89,0.11,1
24883,41115,18976,15937,0,0,-1.85311,0.33878,9.70969,0.017044,-0.037284,-0.013848,1.998,10.797,-0.286,0.0111,-0.0254,-0.0170,0.2957,0.8763,1.5194,0.0182769,-0.0378065,-0.0135197,-0.013597,0.015975,0.080910,0.00000,0.00000,0.000,0.000,0.000,0.000,0.000,-6.0000,0.0000,0.0000,6.0000,95.00,95.00,90.00,90.00,1575,1425,2475,1500,1,17,40.4361907,-86.8937423,162.224,-0.010,-0.010,0.010,3,0.61,0.89,0.11,1
24920,24911,30787,27788,0,0,-1.84713,0.34117,9.70370,0.018109,-0.036219,-0.013848,1.926,10.805,-0.619,-0.0055,0.0276,0.0300,0.2941,0.8877,1.5248,0.0182887,-0.0377994,-0.0132354,-0.011775,0.017713,0.079120,0.00000,0.00000,0.000,0.000,0.000,0.000,0.000,-6.0000,0.0000,0.0000,6.0000,95.00,95.00,90.00,90.00,1575,1425,2475,1500,1,18,40.4361906,-86.8937421,162.249,-0.020,0.070,-0.070,3,0.61,0.89,0.13,1
24981,18489,17895,14879,0,0,-1.85311,0.35195,9.70250,0.017044,-0.037284,-0.013848,1.933,10.803,-0.630,-0.0054,0.0274,0.0296,0.2937,0.8898,1.5270,0.0182723,-0.0377947,-0.0132286,-0.011770,0.017771,0.079119,0.00000,0.00000,0.000,0.000,0.000,0.000,0.000,-6.0000,0.0000,0.0000,6.0000,95.00,95.00,90.00,90.00,1575,1425,2475,1500,1,18,40.4361906,-86.8937421,162.249,-0.020,0.070,-0.070,3,0.61,0.89,0.13,1
25020,18447,38830,30876,0,0,-1.84713,0.35075,9.70131,0.017044,-0.037284,-0.013848,1.938,10.803,-0.634,-0.0054,0.0274,0.0295,0.2936,0.8903,1.5275,0.0182654,-0.0377931,-0.0132258,-0.011767,0.017794,0.079119,0.00000,0.00000,0.000,0.000,0.000,0.000,0.000,-6.0000,0.0000,0.0000,6.0000,95.00,95.00,90.00,90.00,1575,1425,2475,1500,1,18,40.4361906,-86.8937421,162.249,-0.020,0.070,-0.070,3,0.61,0.89,0.13,1
25101,56116,24829,21551,0,0,-1.86508,0.33878,9.70011,0.014914,-0.036219,-0.014914,1.945,10.805,-0.603,-0.0293,0.0253,0.0331,0.2899,0.8921,1.5254,0.0182536,-0.0377880,-0.0132574,-0.010836,0.017406,0.079134,0.00000,0.00000,0.000,0.000,0.000,0.000,0.000,-6.0000,0.0000,0.0000,6.0000,95.00,95.00,90.00,90.00,1575,1425,2475,1500,1,16,40.4361906,-86.8937420,162.238,-0.049,0.024,-0.037,3,0.61,0.89,0.11,1
25140,25292,38514,30468,0,0,-1.85551,0.34117,9.71806,0.019175,-0.036219,-0.013848,1.949,10.807,-0.606,-0.0294,0.0251,0.0334,0.2892,0.8927,1.5263,0.0182502,-0.0377877,-0.0132559,-0.010833,0.017419,0.079134,0.00000,0.00000,0.000,0.000,0.000,0.000,0.000,-6.0000,0.0000,0.0000,6.0000,95.00,95.00,90.00,90.00,1575,1425,2475,1500,1,16,40.4361906,-86.8937420,162.238,-0.050,0.020,-0.040,3,0.61,0.89,0.11,1
25177,38745,36041,27784,0,0,-1.85910,0.34237,9.70849,0.019175,-0.038350,-0.013848,1.954,10.808,-0.609,-0.0297,0.0250,0.0336,0.2881,0.8937,1.5275,0.0182465,-0.0377892,-0.0132545,-0.010824,0.017433,0.079135,0.00000,0.00000,0.000,0.000,0.000,0.000,0.000,-6.0000,0.0000,0.0000,6.0000,95.00,95.00,90.00,90.00,1575,1425,2475,1500,1,16,40.4361906,-86.8937420,162.238,-0.050,0.020,-0.040,3,0.61,0.89,0.11,1
25219,24568,18023,14968,0,0,-1.84473,0.33998,9.69891,0.018109,-0.037284,-0.013848,1.962,10.801,-0.616,-0.0294,0.0249,0.0334,0.2863,0.8952,1.5296,0.0182362,-0.0377822,-0.0132504,-0.010831,0.017467,0.079133,0.00000,0.00000,0.000,0.000,0.000,0.000,0.000,-6.0000,0.0000,0.0000,6.0000,95.00,95.00,90.00,90.00,1575,1425,2475,1500,1,16,40.4361906,-86.8937420,162.238,-0.050,0.020,-0.040,3,0.61,0.89,0.11,1
25306,32186,24521,21496,0,0,-1.84713,0.33878,9.70729,0.018109,-0.037284,-0.013848,1.960,10.803,-0.667,-0.0127,0.0275,0.0311,0.2901,0.8977,1.5262,0.0182275,-0.0377797,-0.0132107,-0.011453,0.017876,0.079089,0.00000,0.00000,0.000,0.000,0.000,0.000,0.000,-6.0000,0.0000,0.0000,6.0000,95.00,95.00,90.00,90.00,1575,1425,2475,1500,1,17,40.4361906,-86.8937419,162.252,0.000,0.030,-0.030,3,0.60,0.88,0.13,1
25336,24818,29586,21714,0,0,-1.85551,0.34477,9.70969,0.018109,-0.037284,-0.013848,1.963,10.804,-0.669,-0.0128,0.0274,0.0312,0.2897,0.8984,1.5270,0.0182237,-0.0377802,-0.0132091,-0.011447,0.017890,0.079090,0.00000,0.00000,0.000,0.000,0.000,0.000,0.000,-6.0000,0.0000,0.0000,6.0000,95.00,95.00,90.00,90.00,1575,1425,2475,1500,1,17,40.4361906,-86.8937419,162.252,0.000,0.030,-0.030,3,0.60,0.88,0.13,1
25385,29924,18401,15387,0,0,-1.83755,0.37230,9.71447,0.018109,-0.036219,-0.013848,1.973,10.797,-0.679,-0.0125,0.0275,0.0314,0.2890,0.9000,1.5288,0.0182099,-0.0377723,-0.0132036,-0.011453,0.017935,0.079087,0.00000,0.00000,0.000,0.000,0.000,0.000,0.000,-6.0000,0.0000,0.0000,6.0000,95.00,95.00,90.00,90.00,1575,1425,2475,1500,1,17,40.4361906,-86.8937419,162.252,0.000,0.030,-0.030,3,0.60,0.88,0.13,1
25427,23500,18250,15264,0,0,-1.86269,0.33998,9.70609,0.013848,-0.033023,-0.013848,1.972,10.812,-0.684,-0.0128,0.0272,0.0315,0.2885,0.9012,1.5302,0.0182007,-0.0377778,-0.0132003,-0.011430,0.017966,0.079091,0.00000,0.00000,0.000,0.000,0.000,0.000,0.000,-6.0000,0.0000,0.0000,6.0000,95.00,95.00,90.00,90.00,1575,1425,2475,1500,1,17,40.4361906,-86.8937419,162.252,0.000,0.030,-0.030,3,0.60,0.88,0.13,1
25475,29057,18777,15748,0,0,-1.86389,0.29568,9.69891,0.015979,-0.033023,-0.013848,1.956,10.824,-0.681,-0.0131,0.0258,0.0313,0.2879,0.9025,1.5317,0.0182103,-0.0377761,-0.0132038,-0.011445,0.017926,0.079089,0.00000,0.00000,0.000,0.000,0.000,0.000,0.000,-6.0000,0.0000,0.0000,6.0000,95.00,95.00,90.00,90.00,1575,1425,2475,1500,1,17,40.4361906,-86.8937419,162.252,0.000,0.030,-0.030,3,0.60,0.88,0.13,1
25541,60370,24890,21878,0,0,-1.82438,0.33639,9.71447,0.017044,-0.035154,-0.012783,1.959,10.829,-0.659,0.0186,0.0163,0.0303,0.2966,0.9020,1.5283,0.0182066,-0.0377727,-0.0132198,-0.012768,0.018026,0.078879,0.00000,0.00000,0.000,0.000,0.000,0.000,0.000,-6.0000,0.0000,0.0000,6.0000,95.00,95.00,90.00,90.00,1575,1425,2475,1500,1,17,40.4361906,-86.8937417,162.281,0.040,0.010,-0.030,3,0.60,0.88,0.09,1
25577,25194,35042,27189,0,0,-1.84593,0.32681,9.70011,0.014914,-0.034088,-0.013848,1.953,10.831,-0.659,0.0187,0.0158,0.0301,0.2971,0.9024,1.5290,0.0182079,-0.0377692,-0.0132204,-0.012781,0.018017,0.078877,0.00000,0.00000,0.000,0.000,0.000,0.000,0.000,-6.0000,0.0000,0.0000,6.0000,95.00,95.00,90.00,90.00,1575,1425,2475,1500,1,17,40.4361906,-86.8937417,162.281,0.040,0.010,-0.030,3,0.60,0.88,0.09,1
25625,29408,18402,15394,0,0,-1.82558,0.32082,9.71328,0.015979,-0.035154,-0.013848,1.954,10.829,-0.667,0.0191,0.0157,0.0300,0.2983,0.9034,1.5310,0.0181990,-0.0377614,-0.0132165,-0.012790,0.018053,0.078874,0.00000,0.00000,0.000,0.000,0.000,0.000,0.000,-6.0000,0.0000,0.0000,6.0000,95.00,95.00,90.00,90.00,1575,1425,2475,1500,1,17,40.4361906,-86.8937417,162.281,0.040,0.010,-0.030,3,0.60,0.88,0.09,1
25686,18370,18854,15842,0,0,-1.86389,0.33639,9.71687,0.019175,-0.036219,-0.012783,1.961,10.835,-0.673,0.0189,0.0152,0.0303,0.2994,0.9044,1.5328,0.0181884,-0.0377589,-0.0132121,-0.012783,0.018104,0.078873,0.00000,0.00000,0.000,0.000,0.000,0.000,0.000,-6.0000,0.0000,0.0000,6.0000,95.00,95.00,90.00,90.00,1575,1425,2475,1500,1,17,40.4361906,-86.8937417,162.281,0.040,0.010,-0.030,3,0.60,0.88,0.09,1
25733,41871,24532,21529,0,0,-1.84234,0.33040,9.71088,0.017044,-0.035154,-0.012783,2.009,10.828,-0.436,0.0198,-0.0221,-0.0034,0.3026,0.8965,1.5206,0.0181802,-0.0377547,-0.0134072,-0.013610,0.016782,0.080195,0.00000,0.00000,0.000,0.000,0.000,0.000,0.000,-6.0000,0.0000,0.0000,6.0000,95.00,95.00,90.00,90.00,1575,1425,2475,1500,1,17,40.4361907,-86.8937417,162.269,0.020,-0.050,0.030,3,0.60,0.88,0.12,1
25782,30143,18286,15257,0,0,-1.84473,0.31963,9.70370,0.017044,-0.037284,-0.013848,2.000,10.831,-0.432,0.0198,-0.0235,-0.0038,0.3037,0.8952,1.5204,0.0181893,-0.0377548,-0.0134114,-0.013622,0.016733,0.080195,0.00000,0.00000,0.000,0.000,0.000,0.000,0.000,-6.0000,0.0000,0.0000,6.0000,95.00,95.00,90.00,90.00,1575,1425,2475,1500,1,17,40.4361907,-86.8937417,162.269,0.020,-0.050,0.030,3,0.60,0.88,0.12,1
25831,29973,18339,15359,0,0,-1.87346,0.32441,9.70729,0.015979,-0.035154,-0.014914,1.998,10.912,-0.437,0.0167,-0.0242,-0.0029,0.3044,0.8941,1.5203,0.0181843,-0.0378339,-0.0134094,-0.013393,0.016814,0.080236,0.00000,0.00000,0.000,0.000,0.000,0.000,0.000,-6.0000,0.0000,0.0000,6.0000,95.00,95.00,90.00,90.00,1575,1425,2475,1500,1,17,40.4361907,-86.8937417,162.269,0.020,-0.050,0.030,3,0.60,0.88,0.12,1
25873,23549,18834,15811,0,0,-1.84952,0.32920,9.70370,0.015979,-0.034088,-0.013848,1.998,10.905,-0.439,0.0172,-0.0247,-0.0032,0.3051,0.8931,1.5201,0.0181818,-0.0378193,-0.0134084,-0.013427,0.016814,0.080229,0.00000,0.00000,0.000,0.000,0.000,0.000,0.000,-6.0000,0.0000,0.0000,6.0000,95.00,95.00,90.00,90.00,1575,1425,2475,1500,1,17,40.4361907,-86.8937417,162.269,0.020,-0.050,0.030,3,0.60,0.88,0.12,1
25940,40822,20082,15150,0,0,-1.86149,0.31603,9.71447,0.017044,-0.036219,-0.013848,1.970,10.899,-0.525,-0.0130,-0.0072,-0.0229,0.2998,0.8972,1.5096,0.0181933,-0.0378042,-0.0133400,-0.012167,0.017127,0.081298,0.00000,0.00000,0.000,0.000,0.000,0.000,0.000,-6.0000,0.0000,0.0000,6.0000,95.00,95.00,90.00,90.00,1575,1425,2475,1500,1,17,40.4361906,-86.8937416,162.270,-0.040,0.010,0.040,3,0.60,0.88,0.09,1
25971,20369,30121,22121,0,0,-1.84593,0.34357,9.70490,0.018109,-0.037284,-0.013848,1.973,10.893,-0.528,-0.0127,-0.0074,-0.0229,0.2995,0.8971,1.5091,0.0181904,-0.0377973,-0.0133387,-0.012183,0.017139,0.081295,0.00000,0.00000,0.000,0.000,0.000,0.000,0.000,-6.0000,0.0000,0.0000,6.0000,95.00,95.00,90.00,90.00,1575,1425,2475,1500,1,17,40.4361906,-86.8937416,162.270,-0.040,0.010,0.040,3,0.60,0.88,0.09,1
26036,39304,26255,18231,0,0,-1.84713,0.33519,9.71088,0.017044,-0.036219,-0.014914,1.966,10.890,-0.533,-0.0121,-0.0085,-0.0230,0.2987,0.8965,1.5075,0.0181919,-0.0377877,-0.0133393,-0.012209,0.017125,0.081290,0.00000,0.00000,0.000,0.000,0.000,0.000,0.000,-6.0000,0.0000,0.0000,6.0000,95.00,95.00,90.00,90.00,1575,1425,2475,1500,1,17,40.4361906,-86.8937416,162.270,-0.040,0.010,0.040,3,0.60,0.88,0.09,1
26073,26503,36250,28257,0,0,-1.85670,0.34477,9.70370,0.018109,-0.037284,-0.013848,1.968,10.888,-0.536,-0.0120,-0.0087,-0.0231,0.2983,0.8963,1.5069,0.0181883,-0.0377843,-0.0133379,-0.012213,0.017141,0.081289,0.00000,0.00000,0.000,0.000,0.000,0.000,0.000,-6.0000,0.0000,0.0000,6.0000,95.00,95.00,90.00,90.00,1575,1425,2475,1500,1,17,40.4361906,-86.8937416,162.270,-0.040,0.010,0.040,3,0.60,0.88,0.09,1
26122,29814,18251,15227,0,0,-1.85670,0.33160,9.70609,0.017044,-0.037284,-0.013848,1.983,10.894,-0.466,0.0224,-0.0267,-0.0218,0.3081,0.8923,1.5012,0.0181843,-0.0377889,-0.0133950,-0.013758,0.016930,0.080933,0.00000,0.00000,0.000,0.000,0.000,0.000,0.000,-6.0000,0.0000,0.0000,6.0000,95.00,95.00,90.00,90.00,1575,1425,2475,1500,1,15,40.4361906,-86.8937415,162.273,0.050,-0.040,0.020,3,0.60,0.87,0.12,1
26179,57181,18575,15237,0,0,-1.84832,0.34955,9.71088,0.017044,-0.036219,-0.013848,1.983,10.892,-0.470,0.0234,-0.0268,-0.0216,0.3094,0.8908,1.4999,0.0181799,-0.0377819,-0.0133930,-0.013771,0.016949,0.080930,0.00000,0.00000,0.000,0.000,0.000,0.000,0.000,-6.0000,0.0000,0.0000,6.0000,95.00,95.00,90.00,90.00,1575,1425,2475,1500,1,15,40.4361906,-86.8937415,162.273,0.050,-0.040,0.020,3,0.60,0.87,0.12,1
26229,30540,18332,15322,0,0,-1.85311,0.33160,9.71328,0.017044,-0.037284,-0.013848,1.977,10.886,-0.470,0.0237,-0.0277,-0.0214,0.3106,0.8894,1.4989,0.0181836,-0.0377740,-0.0133945,-0.013796,0.016927,0.080926,0.00000,0.00000,0.000,0.000,0.000,0.000,0.000,-6.0000,0.0000,0.0000,6.0000,95.00,95.00,90.00,90.00,1575,1425,2475,1500,1,15,40.4361906,-86.8937415,162.273,0.050,-0.040,0.020,3,0.60,0.87,0.12,1
26278,30106,18630,15390,0,0,-1.86269,0.33639,9.71208,0.018109,-0.037284,-0.013848,1.978,10.881,-0.472,0.0239,-0.0283,-0.0214,0.3118,0.8881,1.4978,0.0181821,-0.0377658,-0.0133939,-0.013813,0.016931,0.080922,0.00000,0.00000,0.000,0.000,0.000,0.000,0.000,-6.0000,0.0000,0.0000,6.0000,95.00,95.00,90.00,90.00,1575,1425,2475,1500,1,15,40.4361906,-86.8937415,162.273,0.050,-0.040,0.020,3,0.60,0.87,0.12,1
26327,30227,18314,15293,0,0,-1.85790,0.34477,9.71328,0.017044,-0.037284,-0.013848,1.898,10.883,-0.857,0.0111,0.0335,-0.0039,0.3106,0.9041,1.4972,0.0181896,-0.0377503,-0.0130844,-0.012322,0.019070,0.080416,0.00000,0.00000,0.000,0.000,0.000,0.000,0.000,-6.0000,0.0000,0.0000,6.0000,95.00,95.00,90.00,90.00,1575,1425,2475,1500,1,17,40.4361905,-86.8937413,162.284,0.000,0.080,-0.010,3,0.60,0.87,0.11,1
26386,18769,18269,15269,0,0,-1.84952,0.34237,9.71208,0.017044,-0.036219,-0.013848,1.905,10.877,-0.865,0.0116,0.0332,-0.0037,0.3113,0.9061,1.4969,0.0181793,-0.0377406,-0.0130800,-0.012334,0.019115,0.080412,0.00000,0.00000,0.000,0.000,0.000,0.000,0.000,-6.0000,0.0000,0.0000,6.0000,95.00,95.00,90.00,90.00,1575,1425,2475,1500,1,17,40.4361905,-86.8937413,162.284,0.000,0.080,-0.010,3,0.60,0.87,0.11,1
26435,29689,18308,15307,0,0,-1.86029,0.33878,9.70250,0.018109,-0.036219,-0.012783,1.909,10.877,-0.869,0.0116,0.0328,-0.0039,0.3118,0.9077,1.4967,0.0181725,-0.0377367,-0.0130774,-0.012336,0.019144,0.080411,0.00000,0.00000,0.000,0.000,0.000,0.000,0.000,-6.0000,0.0000,0.0000,6.0000,95.00,95.00,90.00,90.00,1575,1425,2475,1500,1,17,40.4361905,-86.8937413,162.284,0.000,0.080,-0.010,3,0.60,0.87,0.11,1
26490,30919,24547,21509,0,0,-1.86269,0.33519,9.70849,0.017044,-0.037284,-0.013848,1.940,10.866,-0.742,-0.0068,0.0149,-0.0036,0.3090,0.9064,1.4926,0.0181613,-0.0377296,-0.0131821,-0.011896,0.018272,0.080513,0.00000,0.00000,0.000,0.000,0.000,0.000,0.000,-6.0000,0.0000,0.0000,6.0000,95.00,95.00,90.00,90.00,1575,1425,2475,1500,1,18,40.4361904,-86.8937413,162.287,-0.022,0.001,0.003,3,0.60,0.87,0.10,1
26530,25138,39149,31106,0,0,-1.85790,0.33040,9.70490,0.018109,-0.037284,-0.013848,1.940,10.865,-0.743,-0.0068,0.0145,-0.0037,0.3088,0.9068,1.4925,0.0181608,-0.0377278,-0.0131818,-0.011901,0.018275,0.080512,0.00000,0.00000,0.000,0.000,0.000,0.000,0.000,-6.0000,0.0000,0.0000,6.0000,95.00,95.00,90.00,90.00,1575,1425,2475,1500,1,18,40.4361904,-86.8937413,162.287,-0.020,0.000,0.000,3,0.60,0.87,0.10,1
26579,69258,18619,15309,0,0,-1.85670,0.33998,9.70849,0.018109,-0.037284,-0.013848,1.942,10.865,-0.748,-0.0066,0.0141,-0.0035,0.3083,0.9078,1.4922,0.0181573,-0.0377253,-0.0131804,-0.011903,0.018289,0.080511,0.00000,0.00000,0.000,0.000,0.000,0.000,0.000,-6.0000,0.0000,0.0000,6.0000,95.00,95.00,90.00,90.00,1575,1425,2475,1500,1,18,40.4361904,-86.8937413,162.287,-0.020,0.000,0.000,3,0.60,0.87,0.10,1
26628,30029,18374,15356,0,0,-1.86029,0.33040,9.69891,0.017044,-0.036219,-0.013848,1.943,10.867,-0.753,-0.0066,0.0135,-0.0037,0.3080,0.9085,1.4920,0.0181524,-0.0377225,-0.0131786,-0.011904,0.018309,0.080510,0.00000,0.00000,0.000,0.000,0.000,0.000,0.000,-6.0000,0.0000,0.0000,6.0000,95.00,95.00,90.00,90.00,1575,1425,2475,1500,1,18,40.4361904,-86.8937413,162.287,-0.020,0.000,0.000,3,0.60,0.87,0.10,1
26676,29460,18336,15317,0,0,-1.85192,0.33639,9.70250,0.017044,-0.037284,-0.013848,1.942,10.862,-0.757,-0.0065,0.0130,-0.0039,0.3077,0.9091,1.4919,0.0181496,-0.0377159,-0.0131775,-0.011916,0.018318,0.080508,0.00000,0.00000,0.000,0.000,0.000,0.000,0.000,-6.0000,0.0000,0.0000,6.0000,95.00,95.00,90.00,90.00,1575,1425,2475,1500,1,18,40.4361904,-86.8937413,162.287,-0.020,0.000,0.000,3,0.60,0.87,0.10,1
26731,31285,24333,21333,0,0,-1.85670,0.33040,9.70490,0.017044,-0.037284,-0.013848,2.002,10.859,-0.492,0.0264,-0.0364,-0.0019,0.3165,0.8990,1.4884,0.0181339,-0.0377227,-0.0133890,-0.013809,0.016962,0.080104,0.00000,0.00000,0.000,0.000,0.000,0.000,0.000,-6.0000,0.0000,0.0000,6.0000,95.00,95.00,90.00,90.00,1575,1425,2475,1500,1,18,40.4361905,-86.8937414,162.297,0.050,-0.070,0.000,3,0.59,0.87,0.11,1
26775,46915,21080,15607,0,0,-1.86269,0.33878,9.71328,0.018109,-0.037284,-0.013848,2.002,10.860,-0.493,0.0264,-0.0371,-0.0015,0.3177,0.8973,1.4884,0.0181341,-0.0377221,-0.0133891,-0.013810,0.016962,0.080104,0.00000,0.00000,0.000,0.000,0.000,0.000,0.000,-6.0000,0.0000,0.0000,6.0000,95.00,95.00,90.00,90.00,1575,1425,2475,1500,1,18,40.4361905,-86.8937414,162.297,0.050,-0.070,0.000,3,0.59,0.87,0.11,1
26836,18465,18229,15252,0,0,-1.85192,0.33998,9.70250,0.018109,-0.036219,-0.013848,2.000,10.856,-0.496,0.0266,-0.0379,-0.0016,0.3194,0.8949,1.4883,0.0181325,-0.0377152,-0.0133883,-0.013826,0.016968,0.080100,0.00000,0.00000,0.000,0.000,0.000,0.000,0.000,-6.0000,0.0000,0.0000,6.0000,95.00,95.00,90.00,90.00,1575,1425,2475,1500,1,18,40.4361905,-86.8937414,162.297,0.050,-0.070,0.000,3,0.59,0.87,0.11,1
26892,31577,24350,21342,0,0,-1.85670,0.34357,9.69771,0.018109,-0.037284,-0.013848,1.995,10.857,-0.530,0.0285,-0.0337,-0.0065,0.3219,0.8953,1.4835,0.0181303,-0.0377134,-0.0133625,-0.013865,0.017178,0.080264,0.00000,0.00000,0.000,0.000,0.000,0.000,0.000,-6.0000,0.0000,0.0000,6.0000,95.00,95.00,90.00,90.00,1575,1425,2475,1500,1,19,40.4361905,-86.8937414,162.300,0.030,-0.030,0.010,3,0.59,0.87,0.12,1
26922,24618,29890,22031,0,0,-1.85910,0.33878,9.70609,0.017044,-0.037284,-0.013848,1.993,10.857,-0.531,0.0285,-0.0341,-0.0065,0.3226,0.8945,1.4834,0.0181300,-0.0377124,-0.0133623,-0.013868,0.017179,0.080263,0.00000,0.00000,0.000,0.000,0.000,0.000,0.000,-6.0000,0.0000,0.0000,6.0000,95.00,95.00,90.00,90.00,1575,1425,2475,1500,1,19,40.4361905,-86.8937414,162.300,0.030,-0.030,0.010,3,0.59,0.87,0.12,1
26982,41111,18494,15482,0,0,-1.85551,0.35075,9.70609,0.017044,-0.037284,-0.013848,1.993,10.856,-0.536,0.0287,-0.0345,-0.0064,0.3247,0.8920,1.4829,0.0181249,-0.0377097,-0.0133604,-0.013869,0.017196,0.080262,0.00000,0.00000,0.000,0.000,0.000,0.000,0.000,-6.0000,0.0000,0.0000,6.0000,95.00,95.00,90.00,90.00,1575,1425,2475,1500,1,19,40.4361905,-86.8937414,162.300,0.030,-0.030,0.010,3,0.59,0.87,0.12,1
27021,18777,38910,30523,0,0,-1.85431,0.33878,9.70490,0.017044,-0.037284,-0.013848,1.992,10.854,-0.536,0.0287,-0.0348,-0.0065,0.3252,0.8914,1.4828,0.0181245,-0.0377075,-0.0133603,-0.013874,0.017197,0.080261,0.00000,0.00000,0.000,0.000,0.000,0.000,0.000,-6.0000,0.0000,0.0000,6.0000,95.00,95.00,90.00,90.00,1575,1425,2475,1500,1,19,40.4361905,-86.8937414,162.300,0.030,-0.030,0.010,3,0.59,0.87,0.12,1
27079,36375,21039,15264,0,0,-1.85431,0.34237,9.70131,0.017044,-0.036219,-0.014914,1.988,10.855,-0.542,0.0289,-0.0357,-0.0069,0.3274,0.8887,1.4823,0.0181225,-0.0377039,-0.0133596,-0.013881,0.017202,0.080260,0.00000,0.00000,0.000,0.000,0.000,0.000,0.000,-6.0000,0.0000,0.0000,6.0000,95.00,95.00,90.00,90.00,1575,1425,2475,1500,1,19,40.4361905,-86.8937414,162.300,0.030,-0.030,0.010,3,0.59,0.87,0.12,1
27134,31189,18386,15372,0,0,-1.85670,0.34955,9.70490,0.017044,-0.036219,-0.013848,1.922,10.860,-0.859,0.0016,0.0194,0.0079,0.3224,0.9027,1.4827,0.0181275,-0.0376931,-0.0131122,-0.012003,0.018849,0.079952,0.00000,0.00000,0.000,0.000,0.000,0.000,0.000,-6.0000,0.0000,0.0000,6.0000,95.00,95.00,90.00,90.00,1575,1425,2475,1500,1,19,40.4361905,-86.8937413,162.310,-0.020,0.060,-0.020,3,0.59,0.87,0.13,1
27173,18647,38676,30467,0,0,-1.85790,0.32920,9.70490,0.017044,-0.036219,-0.013848,1.921,10.860,-0.860,0.0016,0.0192,0.0078,0.3225,0.9031,1.4828,0.0181264,-0.0376916,-0.0131118,-0.012006,0.018853,0.079952,0.00000,0.00000,0.000,0.000,0.000,0.000,0.000,-6.0000,0.0000,0.0000,6.0000,95.00,95.00,90.00,90.00,1575,1425,2475,1500,1,19,40.4361905,-86.8937413,162.310,-0.020,0.060,-0.020,3,0.59,0.87,0.13,1
27222,68666,18590,15567,0,0,-1.85910,0.33519,9.70490,0.018109,-0.036219,-0.013848,1.924,10.865,-0.865,0.0017,0.0186,0.0078,0.3226,0.9044,1.4833,0.0181233,-0.0376900,-0.0131107,-0.012007,0.018864,0.079951,0.00000,0.00000,0.000,0.000,0.000,0.000,0.000,-6.0000,0.0000,0.0000,6.0000,95.00,95.00,90.00,90.00,1575,1425,2475,1500,1,19,40.4361905,-86.8937413,162.310,-0.020,0.060,-0.020,3,0.59,0.87,0.13,1
27290,19679,24272,21293,0,0,-1.85311,0.33519,9.70490,0.017044,-0.037284,-0.013848,1.921,10.853,-0.889,-0.0155,0.0241,0.0262,0.3192,0.9083,1.4851,0.0181182,-0.0376753,-0.0130944,-0.011174,0.018859,0.079369,0.00000,0.00000,0.000,0.000,0.000,0.000,0.000,-6.0000,0.0000,0.0000,6.0000,95.00,95.00,90.00,90.00,1575,1425,2475,1500,1,19,40.4361904,-86.8937412,162.324,-0.030,0.029,-0.042,3,0.59,0.86,0.13,1
27320,29724,24818,21829,0,0,-1.86149,0.34117,9.70609,0.018109,-0.036219,-0.013848,1.925,10.855,-0.893,-0.0156,0.0240,0.0262,0.3187,0.9090,1.4859,0.0181135,-0.0376751,-0.0130926,-0.011169,0.018877,0.079370,0.00000,0.00000,0.000,0.000,0.000,0.000,0.000,-6.0000,0.0000,0.0000,6.0000,95.00,95.00,90.00,90.00,1575,1425,2475,1500,1,19,40.4361904,-86.8937412,162.324,-0.030,0.030,-0.040,3,0.59,0.86,0.13,1
27369,30274,18331,15324,0,0,-1.86269,0.34117,9.70729,0.018109,-0.037284,-0.013848,1.932,10.856,-0.899,-0.0158,0.0237,0.0262,0.3178,0.9104,1.4873,0.0181054,-0.0376743,-0.0130897,-0.011163,0.018905,0.079370,0.00000,0.00000,0.000,0.000,0.000,0.000,0.000,-6.0000,0.0000,0.0000,6.0000,95.00,95.00,90.00,90.00,1575,1425,2475,1500,1,19,40.4361904,-86.8937412,162.324,-0.030,0.030,-0.040,3,0.59,0.86,0.13,1
27429,35630,18552,15570,0,0,-1.85431,0.33639,9.70609,0.018109,-0.037284,-0.013848,1.936,10.853,-0.905,-0.0157,0.0232,0.0262,0.3169,0.9118,1.4889,0.0180980,-0.0376695,-0.0130870,-0.011166,0.018931,0.079368,0.00000,0.00000,0.000,0.000,0.000,0.000,0.000,-6.0000,0.0000,0.0000,6.0000,95.00,95.00,90.00,90.00,1575,1425,2475,1500,1,19,40.4361904,-86.8937412,162.324,-0.030,0.030,-0.040,3,0.59,0.86,0.13,1
27472,23977,18690,15693,0,0,-1.86269,0.33279,9.70370,0.018109,-0.037284,-0.013848,1.940,10.853,-0.909,-0.0158,0.0227,0.0261,0.3162,0.9127,1.4900,0.0180939,-0.0376685,-0.0130858,-0.011165,0.018943,0.079368,0.00000,0.00000,0.000,0.000,0.000,0.000,0.000,-6.0000,0.0000,0.0000,6.0000,95.00,95.00,90.00,90.00,1575,1425,2475,1500,1,19,40.4361904,-86.8937412,162.324,-0.030,0.030,-0.040,3,0.59,0.86,0.13,1
27525,24614,47599,44620,0,0,-1.85311,0.34357,9.69532,0.018109,-0.037284,-0.013848,1.956,10.847,-0.852,-0.0295,0.0154,0.0224,0.3129,0.9126,1.4866,0.0180877,-0.0376637,-0.0131311,-0.010801,0.018523,0.079589,0.00000,0.00000,0.000,0.000,0.000,0.000,0.000,-6.0000,0.0000,0.0000,6.0000,95.00,95.00,90.00,90.00,1575,1425,2475,1500,1,18,40.4361903,-86.8937413,162.318,-0.040,0.010,-0.020,3,0.59,0.86,0.11,1
27579,33238,20258,15040,0,0,-1.86987,0.33399,9.70729,0.017044,-0.037284,-0.013848,1.953,10.849,-0.857,-0.0297,0.0145,0.0224,0.3105,0.9138,1.4884,0.0180847,-0.0376641,-0.0131301,-0.010797,0.018533,0.079589,0.00000,0.00000,0.000,0.000,0.000,0.000,0.000,-6.0000,0.0000,0.0000,6.0000,95.00,95.00,90.00,90.00,1575,1425,2475,1500,1,18,40.4361903,-86.8937413,162.318,-0.040,0.010,-0.020,3,0.59,0.86,0.11,1
27638,40591,18599,15233,0,0,-1.85551,0.34357,9.70849,0.017044,-0.037284,-0.013848,1.956,10.846,-0.862,-0.0297,0.0140,0.0225,0.3087,0.9146,1.4897,0.0180783,-0.0376597,-0.0131279,-0.010801,0.018552,0.079587,0.00000,0.00000,0.000,0.000,0.000,0.000,0.000,-6.0000,0.0000,0.0000,6.0000,95.00,95.00,90.00,90.00,1575,1425,2475,1500,1,18,40.4361903,-86.8937413,162.318,-0.040,0.010,-0.020,3,0.59,0.86,0.11,1
27687,29403,18871,15873,0,0,-1.85431,0.34716,9.70011,0.018109,-0.037284,-0.013848,1.959,10.844,-0.866,-0.0298,0.0135,0.0224,0.3073,0.9153,1.4908,0.0180749,-0.0376560,-0.0131269,-0.010806,0.018562,0.079586,0.00000,0.00000,0.000,0.000,0.000,0.000,0.000,-6.0000,0.0000,0.0000,6.0000,95.00,95.00,90.00,90.00,1575,1425,2475,1500,1,18,40.4361903,-86.8937413,162.318,-0.040,0.010,-0.020,3,0.59,0.86,0.11,1
27736,24849,18391,15380,0,0,-1.85910,0.33399,9.70131,0.017044,-0.037284,-0.013848,1.991,10.848,-0.719,0.0041,-0.0179,-0.0076,0.3152,0.9080,1.4800,0.0180660,-0.0376637,-0.0132402,-0.012663,0.017938,0.080435,0.00000,0.00000,0.000,0.000,0.000,0.000,0.000,-6.0000,0.0000,0.0000,6.0000,95.00,95.00,90.00,90.00,1575,1425,2475,1500,1,19,40.4361903,-86.8937416,162.287,0.030,-0.040,0.030,3,0.59,0.86,0.13,1
27785,30227,18417,15413,0,0,-1.84473,0.34117,9.71088,0.018109,-0.036219,-0.014914,1.993,10.846,-0.724,0.0044,-0.0185,-0.0077,0.3154,0.9071,1.4797,0.0180632,-0.0376583,-0.0132391,-0.012673,0.017949,0.080433,0.00000,0.00000,0.000,0.000,0.000,0.000,0.000,-6.0000,0.0000,0.0000,6.0000,95.00,95.00,90.00,90.00,1575,1425,2475,1500,1,19,40.4361903,-86.8937416,162.287,0.030,-0.040,0.030,3,0.59,0.86,0.13,1
27845,41001,18592,15599,0,0,-1.83875,0.35554,9.69771,0.018109,-0.037284,-0.013848,1.997,10.842,-0.729,0.0048,-0.0188,-0.0082,0.3157,0.9060,1.4792,0.0180572,-0.0376527,-0.0132370,-0.012681,0.017968,0.080431,0.00000,0.00000,0.000,0.000,0.000,0.000,0.000,-6.0000,0.0000,0.0000,6.0000,95.00,95.00,90.00,90.00,1575,1425,2475,1500,1,19,40.4361903,-86.8937416,162.287,0.030,-0.040,0.030,3,0.59,0.86,0.13,1
27876,18880,30407,22401,0,0,-1.86628,0.33279,9.70609,0.017044,-0.036219,-0.013848,1.995,10.845,-0.729,0.0047,-0.0192,-0.0081,0.3158,0.9056,1.4790,0.0180588,-0.0376544,-0.0132376,-0.012678,0.017963,0.080431,0.00000,0.00000,0.000,0.000,0.000,0.000,0.000,-6.0000,0.0000,0.0000,6.0000,95.00,95.00,90.00,90.00,1575,1425,2475,1500,1,19,40.4361903,-86.8937416,162.287,0.030,-0.040,0.030,3,0.59,0.86,0.13,1
27925,25083,18414,15403,0,0,-1.85072,0.33519,9.70729,0.017044,-0.037284,-0.013848,2.004,10.845,-0.672,0.0133,-0.0314,0.0014,0.3185,0.9021,1.4781,0.0180556,-0.0376530,-0.0132828,-0.013068,0.017662,0.079971,0.00000,0.00000,0.000,0.000,0.000,0.000,0.000,-6.0000,0.0000,0.0000,6.0000,95.00,95.00,90.00,90.00,1575,1425,2475,1500,1,17,40.4361903,-86.8937415,162.313,0.020,-0.040,-0.010,3,0.59,0.86,0.11,1
27972,28797,18318,15303,0,0,-1.85670,0.32920,9.69891,0.018109,-0.037284,-0.013848,2.002,10.844,-0.673,0.0133,-0.0323,0.0011,0.3191,0.9006,1.4781,0.0180578,-0.0376506,-0.0132834,-0.013076,0.017656,0.079970,0.00000,0.00000,0.000,0.000,0.000,0.000,0.000,-6.0000,0.0000,0.0000,6.0000,95.00,95.00,90.00,90.00,1575,1425,2475,1500,1,17,40.4361903,-86.8937415,162.313,0.020,-0.040,-0.010,3,0.59,0.86,0.11,1
28038,38737,26494,18590,0,0,-1.85910,0.33639,9.70969,0.017044,-0.037284,-0.013848,1.999,10.844,-0.676,0.0132,-0.0332,0.0012,0.3198,0.8988,1.4782,0.0180572,-0.0376498,-0.0132832,-0.013077,0.017658,0.079969,0.00000,0.00000,0.000,0.000,0.000,0.000,0.000,-6.0000,0.0000,0.0000,6.0000,95.00,95.00,90.00,90.00,1575,1425,2475,1500,1,17,40.4361903,-86.8937415,162.313,0.020,-0.040,-0.010,3,0.59,0.86,0.11,1
28091,55355,24624,21619,0,0,-1.86508,0.32801,9.70131,0.017044,-0.037284,-0.013848,1.914,10.854,-1.027,-0.0044,0.0270,-0.0090,0.3160,0.9120,1.4726,0.0180751,-0.0376452,-0.0130178,-0.011716,0.019601,0.080554,0.00000,0.00000,0.000,0.000,0.000,0.000,0.000,-6.0000,0.0000,0.0000,6.0000,95.00,95.00,90.00,90.00,1575,1425,2475,1500,1,19,40.4361901,-86.8937413,162.299,-0.019,0.076,0.017,3,0.59,0.86,0.10,1
28122,24998,29862,21897,0,0,-1.85311,0.33758,9.71328,0.017044,-0.036219,-0.013848,1.916,10.854,-1.031,-0.0043,0.0268,-0.0089,0.3159,0.9127,1.4723,0.0180712,-0.0376421,-0.0130163,-0.011721,0.019614,0.080552,0.00000,0.00000,0.000,0.000,0.000,0.000,0.000,-6.0000,0.0000,0.0000,6.0000,95.00,95.00,90.00,90.00,1575,1425,2475,1500,1,19,40.4361901,-86.8937413,162.299,-0.020,0.080,0.020,3,0.59,0.86,0.10,1
28182,18428,18155,15148,0,0,-1.85551,0.33040,9.70969,0.018109,-0.037284,-0.013848,1.921,10.851,-1.038,-0.0044,0.0261,-0.0088,0.3156,0.9146,1.4717,0.0180624,-0.0376380,-0.0130133,-0.011722,0.019641,0.080551,0.00000,0.00000,0.000,0.000,0.000,0.000,0.000,-6.0000,0.0000,0.0000,6.0000,95.00,95.00,90.00,90.00,1575,1425,2475,1500,1,19,40.4361901,-86.8937413,162.299,-0.020,0.080,0.020,3,0.59,0.86,0.10,1
28221,18395,38265,30396,0,0,-1.85551,0.33758,9.70729,0.017044,-0.037284,-0.013848,1.923,10.850,-1.041,-0.0044,0.0259,-0.0088,0.3155,0.9151,1.4715,0.0180590,-0.0376362,-0.0130121,-0.011723,0.019651,0.080551,0.00000,0.00000,0.000,0.000,0.000,0.000,0.000,-6.0000,0.0000,0.0000,6.0000,95.00,95.00,90.00,90.00,1575,1425,2475,1500,1,19,40.4361901,-86.8937413,162.299,-0.020,0.080,0.020,3,0.59,0.86,0.10,1
28302,56764,24860,21858,0,0,-1.86269,0.32920,9.70969,0.018109,-0.037284,-0.012783,1.920,10.868,-1.074,0.0371,0.0224,-0.0153,0.3242,0.9179,1.4659,0.0180533,-0.0376486,-0.0129863,-0.013270,0.020091,0.080489,0.00000,0.00000,0.000,0.000,0.000,0.000,0.000,-6.0000,0.0000,0.0000,6.0000,95.00,95.00,90.00,90.00,1575,1425,2475,1500,1,18,40.4361901,-86.8937412,162.295,0.070,0.020,0.020,3,0.58,0.86,0.08,1
28333,25229,29794,21860,0,0,-1.86269,0.34477,9.70490,0.018109,-0.037284,-0.013848,1.926,10.868,-1.078,0.0371,0.0223,-0.0153,0.3251,0.9185,1.4655,0.0180475,-0.0376481,-0.0129843,-0.013265,0.020109,0.080489,0.00000,0.00000,0.000,0.000,0.000,0.000,0.000,-6.0000,0.0000,0.0000,6.0000,95.00,95.00,90.00,90.00,1575,1425,2475,1500,1,18,40.4361901,-86.8937412,162.295,0.070,0.020,0.020,3,0.58,0.86,0.08,1
28380,29306,17957,14923,0,0,-1.85311,0.33878,9.70609,0.018109,-0.037284,-0.013848,1.932,10.864,-1.083,0.0374,0.0218,-0.0154,0.3274,0.9198,1.4646,0.0180399,-0.0376428,-0.0129816,-0.013271,0.020133,0.080487,0.00000,0.00000,0.000,0.000,0.000,0.000,0.000,-6.0000,0.0000,0.0000,6.0000,95.00,95.00,90.00,90.00,1575,1425,2475,1500,1,18,40.4361901,-86.8937412,162.295,0.070,0.020,0.020,3,0.58,0.86,0.08,1
28423,24273,18339,15324,0,0,-1.85790,0.33878,9.70370,0.017044,-0.037284,-0.013848,1.935,10.862,-1.088,0.0374,0.0214,-0.0154,0.3289,0.9207,1.4639,0.0180338,-0.0376395,-0.0129797,-0.013273,0.020151,0.080486,0.00000,0.00000,0.000,0.000,0.000,0.000,0.000,-6.0000,0.0000,0.0000,6.0000,95.00,95.00,90.00,90.00,1575,1425,2475,1500,1,18,40.4361901,-86.8937412,162.295,0.070,0.020,0.020,3,0.58,0.86,0.08,1
28472,30015,18766,15748,0,0,-1.86149,0.33758,9.70370,0.018109,-0.037284,-0.013848,1.939,10.862,-1.092,0.0373,0.0208,-0.0156,0.3308,0.9217,1.4631,0.0180293,-0.0376388,-0.0129784,-0.013271,0.020162,0.080486,0.00000,0.00000,0.000,0.000,0.000,0.000,0.000,-6.0000,0.0000,0.0000,6.0000,95.00,95.00,90.00,90.00,1575,1425,2475,1500,1,18,40.4361901,-86.8937412,162.295,0.070,0.020,0.020,3,0.58,0.86,0.08,1
28537,59035,24951,21950,0,0,-1.85431,0.33040,9.69771,0.017044,-0.037284,-0.013848,1.963,10.844,-0.962,-0.0195,0.0080,-0.0186,0.3171,0.9210,1.4581,0.0180252,-0.0376238,-0.0130798,-0.011473,0.019068,0.080960,0.00000,0.00000,0.000,0.000,0.000,0.000,0.000,-6.0000,0.0000,0.0000,6.0000,95.00,95.00,90.00,90.00,1575,1425,2475,1500,1,14,40.4361898,-86.8937412,162.276,-0.060,0.000,0.020,3,0.58,0.86,0.09,1
28576,25277,38198,30212,0,0,-1.77650,0.50757,9.83299,0.068177,-0.039415,-0.013848,2.076,10.812,-0.995,-0.0175,0.0107,-0.0158,0.3167,0.9213,1.4576,0.0179786,-0.0375924,-0.0130588,-0.011484,0.019358,0.080947,0.00000,0.00000,0.000,0.000,0.000,0.000,0.000,-6.0000,0.0000,0.0000,6.0000,95.00,95.00,90.00,90.00,1575,1425,2475,1500,1,14,40.4361898,-86.8937412,162.276,-0.060,0.000,0.020,3,0.58,0.86,0.09,1
28636,18388,18277,14977,0,0,-1.83516,0.29209,9.68335,0.000000,-0.033023,-0.015979,2.048,10.801,-0.994,-0.0205,-0.0002,-0.0129,0.3149,0.9212,1.4566,0.0180123,-0.0375755,-0.0130670,-0.011531,0.019389,0.080937,0.00000,0.00000,0.000,0.000,0.000,0.000,0.000,-6.0000,0.0000,0.0000,6.0000,95.00,95.00,90.00,90.00,1575,1425,2475,1500,1,14,40.4361898,-86.8937412,162.276,-0.060,0.000,0.020,3,0.58,0.86,0.09,1
28685,29991,18730,15703,0,0,-1.81959,0.48363,9.65103,0.008522,-0.035154,-0.015979,2.005,10.832,-0.972,-0.0214,-0.0008,-0.0134,0.3139,0.9211,1.4560,0.0180509,-0.0376055,-0.0130838,-0.011524,0.019132,0.080948,0.00000,0.00000,0.000,0.000,0.000,0.000,0.000,-6.0000,0.0000,0.0000,6.0000,95.00,95.00,90.00,90.00,1575,1425,2475,1500,1,14,40.4361898,-86.8937412,162.276,-0.060,0.000,0.020,3,0.58,0.86,0.09,1
28733,41921,24548,21559,0,0,-1.78967,0.44652,9.70370,0.022371,-0.039415,-0.013848,2.014,10.821,-1.121,0.0136,0.0181,-0.0064,0.3190,0.9261,1.4535,0.0180238,-0.0375930,-0.0129744,-0.012406,0.020196,0.080453,0.00000,0.00000,0.000,0.000,0.000,0.000,0.000,-6.0000,0.0000,0.0000,6.0000,95.00,95.00,90.00,90.00,1575,1425,2475,1500,1,16,40.4361897,-86.8937411,162.255,0.040,0.030,0.000,3,0.58,0.85,0.09,1
28782,30074,18332,15273,0,0,-1.85072,0.42018,9.68694,0.017044,-0.036219,-0.013848,2.008,10.836,-1.120,0.0128,0.0174,-0.0066,0.3197,0.9270,1.4531,0.0180260,-0.0376026,-0.0129769,-0.012390,0.020147,0.080458,0.00000,0.00000,0.000,0.000,0.000,0.000,0.000,-6.0000,0.0000,0.0000,6.0000,95.00,95.00,90.00,90.00,1575,1425,2475,1500,1,16,40.4361897,-86.8937411,162.255,0.040,0.030,0.000,3,0.58,0.85,0.09,1
28830,29206,18328,15319,0,0,-1.85431,0.32681,9.71208,0.020240,-0.036219,-0.013848,2.000,10.836,-1.118,0.0128,0.0160,-0.0064,0.3203,0.9278,1.4528,0.0180374,-0.0376006,-0.0129802,-0.012403,0.020125,0.080456,0.00000,0.00000,0.000,0.000,0.000,0.000,0.000,-6.0000,0.0000,0.0000,6.0000,95.00,95.00,90.00,90.00,1575,1425,2475,1500,1,16,40.4361897,-86.8937411,162.255,0.040,0.030,0.000,3,0.58,0.85,0.09,1
28872,23638,18735,15712,0,0,-1.86149,0.33279,9.70490,0.017044,-0.037284,-0.013848,2.000,10.842,-1.119,0.0125,0.0152,-0.0065,0.3208,0.9284,1.4525,0.0180368,-0.0376054,-0.0129806,-0.012395,0.020108,0.080458,0.00000,0.00000,0.000,0.000,0.000,0.000,0.000,-6.0000,0.0000,0.0000,6.0000,95.00,95.00,90.00,90.00,1575,1425,2475,1500,1,16,40.4361897,-86.8937411,162.255,0.040,0.030,0.000,3,0.58,0.85,0.09,1
28941,41456,20927,15149,0,0,-1.85790,0.38427,9.69412,0.017044,-0.037284,-0.013848,2.041,10.834,-0.991,-0.0109,-0.0033,-0.0199,0.3126,0.9251,1.4439,0.0180168,-0.0376024,-0.0130785,-0.011930,0.019236,0.081057,0.00000,0.00000,0.000,0.000,0.000,0.000,0.000,-6.0000,0.0000,0.0000,6.0000,95.00,95.00,90.00,90.00,1575,1425,2475,1500,1,18,40.4361895,-86.8937412,162.211,-0.030,-0.020,0.030,3,0.58,0.85,0.11,1
28971,21220,29999,21838,0,0,-1.86389,0.31005,9.70250,0.017044,-0.036219,-0.013848,2.030,10.837,-0.987,-0.0111,-0.0042,-0.0199,0.3124,0.9250,1.4435,0.0180269,-0.0376040,-0.0130818,-0.011936,0.019204,0.081057,0.00000,0.00000,0.000,0.000,0.000,0.000,0.000,-6.0000,0.0000,0.0000,6.0000,95.00,95.00,90.00,90.00,1575,1425,2475,1500,1,18,40.4361895,-86.8937412,162.211,-0.030,-0.020,0.030,3,0.58,0.85,0.11,1
29037,38890,26591,18586,0,0,-1.87705,0.31125,9.70250,0.017044,-0.037284,-0.013848,2.020,10.839,-0.985,-0.0115,-0.0062,-0.0203,0.3116,0.9246,1.4421,0.0180354,-0.0376047,-0.0130842,-0.011942,0.019183,0.081057,0.00000,0.00000,0.000,0.000,0.000,0.000,0.000,-6.0000,0.0000,0.0000,6.0000,95.00,95.00,90.00,90.00,1575,1425,2475,1500,1,18,40.4361895,-86.8937412,162.211,-0.030,-0.020,0.030,3,0.58,0.85,0.11,1
29092,31161,24364,21355,0,0,-1.86149,0.32801,9.71208,0.019175,-0.037284,-0.013848,2.032,10.839,-0.920,-0.0057,-0.0198,-0.0041,0.3090,0.9226,1.4403,0.0180366,-0.0376063,-0.0131339,-0.012202,0.018802,0.080404,0.00000,0.00000,0.000,0.000,0.000,0.000,0.000,-6.0000,0.0000,0.0000,6.0000,95.00,95.00,90.00,90.00,1575,1425,2475,1500,1,18,40.4361893,-86.8937411,162.211,0.000,-0.030,-0.010,3,0.58,0.85,0.08,1
29123,24637,29899,21971,0,0,-1.86389,0.34955,9.70370,0.018109,-0.036219,-0.013848,2.033,10.842,-0.921,-0.0059,-0.0201,-0.0041,0.3089,0.9221,1.4402,0.0180350,-0.0376075,-0.0131335,-0.012198,0.018802,0.080404,0.00000,0.00000,0.000,0.000,0.000,0.000,0.000,-6.0000,0.0000,0.0000,6.0000,95.00,95.00,90.00,90.00,1575,1425,2475,1500,1,18,40.4361893,-86.8937411,162.211,0.000,-0.030,-0.010,3,0.58,0.85,0.08,1
29182,18843,18215,15201,0,0,-1.88065,0.30167,9.70131,0.018109,-0.037284,-0.012783,2.017,10.850,-0.916,-0.0064,-0.0220,-0.0040,0.3084,0.9206,1.4399,0.0180493,-0.0376138,-0.0131383,-0.012198,0.018752,0.080406,0.00000,0.00000,0.000,0.000,0.000,0.000,0.000,-6.0000,0.0000,0.0000,6.0000,95.00,95.00,90.00,90.00,1575,1425,2475,1500,1,18,40.4361893,-86.8937411,162.211,0.000,-0.030,-0.010,3,0.58,0.85,0.08,1
29221,18489,38741,30446,0,0,-1.82558,0.44532,9.69173,0.018109,-0.038350,-0.013848,2.044,10.840,-0.930,-0.0061,-0.0212,-0.0043,0.3083,0.9202,1.4398,0.0180192,-0.0376042,-0.0131289,-0.012192,0.018844,0.080404,0.00000,0.00000,0.000,0.000,0.000,0.000,0.000,-6.0000,0.0000,0.0000,6.0000,95.00,95.00,90.00,90.00,1575,1425,2475,1500,1,18,40.4361893,-86.8937411,162.211,0.000,-0.030,-0.010,3,0.58,0.85,0.08,1
29277,36388,19564,15444,0,0,-1.87227,0.31364,9.70609,0.017044,-0.037284,-0.013848,2.027,10.847,-0.926,-0.0069,-0.0239,-0.0040,0.3078,0.9185,1.4395,0.0180357,-0.0376100,-0.0131336,-0.012194,0.018797,0.080405,0.00000,0.00000,0.000,0.000,0.000,0.000,0.000,-6.0000,0.0000,0.0000,6.0000,95.00,95.00,90.00,90.00,1575,1425,2475,1500,1,18,40.4361893,-86.8937411,162.211,0.000,-0.030,-0.010,3,0.58,0.85,0.08,1
29327,30231,18358,15335,0,0,-1.85311,0.33160,9.70490,0.018109,-0.037284,-0.013848,2.003,10.856,-1.038,0.0192,-0.0108,-0.0078,0.3111,0.9225,1.4337,0.0180404,-0.0376136,-0.0130527,-0.012927,0.019585,0.080369,0.00000,0.00000,0.000,0.000,0.000,0.000,0.000,-6.0000,0.0000,0.0000,6.0000,95.00,95.00,90.00,90.00,1575,1425,2475,1500,1,17,40.4361893,-86.8937410,162.196,0.040,0.000,0.010,3,0.58,0.85,0.09,1
29386,18783,18307,15307,0,0,-1.85551,0.33758,9.69891,0.017044,-0.037284,-0.013848,1.999,10.857,-1.040,0.0190,-0.0120,-0.0082,0.3122,0.9218,1.4332,0.0180426,-0.0376134,-0.0130533,-0.012929,0.019580,0.080369,0.00000,0.00000,0.000,0.000,0.000,0.000,0.000,-6.0000,0.0000,0.0000,6.0000,95.00,95.00,90.00,90.00,1575,1425,2475,1500,1,17,40.4361893,-86.8937410,162.196,0.040,0.000,0.010,3,0.58,0.85,0.09,1
29434,29881,18349,15344,0,0,-1.85192,0.33878,9.71208,0.018109,-0.036219,-0.013848,1.996,10.856,-1.042,0.0191,-0.0129,-0.0081,0.3131,0.9212,1.4328,0.0180452,-0.0376096,-0.0130538,-0.012939,0.019582,0.080367,0.00000,0.00000,0.000,0.000,0.000,0.000,0.000,-6.0000,0.0000,0.0000,6.0000,95.00,95.00,90.00,90.00,1575,1425,2475,1500,1,17,40.4361893,-86.8937410,162.196,0.040,0.000,0.010,3,0.58,0.85,0.09,1
29490,31299,24469,21426,0,0,-1.84952,0.34716,9.71447,0.017044,-0.037284,-0.013848,1.976,10.850,-1.114,-0.0071,0.0031,0.0159,0.3040,0.9266,1.4339,0.0180495,-0.0376005,-0.0130044,-0.011674,0.019825,0.079713,0.00000,0.00000,0.000,0.000,0.000,0.000,0.000,-6.0000,0.0000,0.0000,6.0000,95.00,95.00,90.00,90.00,1575,1425,2475,1500,1,17,40.4361891,-86.8937407,162.221,-0.028,0.016,-0.036,3,0.58,0.85,0.13,1
29529,24896,38567,30655,0,0,-1.85431,0.34357,9.70969,0.018109,-0.037284,-0.013848,1.978,10.849,-1.116,-0.0071,0.0028,0.0160,0.3038,0.9267,1.4343,0.0180471,-0.0375983,-0.0130035,-0.011677,0.019835,0.079712,0.00000,0.00000,0.000,0.000,0.000,0.000,0.000,-6.0000,0.0000,0.0000,6.0000,95.00,95.00,90.00,90.00,1575,1425,2475,1500,1,17,40.4361891,-86.8937407,162.221,-0.030,0.020,-0.040,3,0.58,0.85,0.13,1
29578,68613,18630,15298,0,0,-1.86389,0.33399,9.70370,0.017044,-0.037284,-0.013848,1.974,10.851,-1.119,-0.0075,0.0016,0.0159,0.3033,0.9268,1.4354,0.0180472,-0.0375992,-0.0130036,-0.011675,0.019834,0.079713,0.00000,0.00000,0.000,0.000,0.000,0.000,0.000,-6.0000,0.0000,0.0000,6.0000,95.00,95.00,90.00,90.00,1575,1425,2475,1500,1,17,40.4361891,-86.8937407,162.221,-0.030,0.020,-0.040,3,0.58,0.85,0.13,1
29627,30231,18344,15334,0,0,-1.86748,0.33160,9.70849,0.017044,-0.037284,-0.013848,1.972,10.852,-1.122,-0.0078,0.0008,0.0160,0.3029,0.9269,1.4362,0.0180464,-0.0376005,-0.0130034,-0.011672,0.019834,0.079713,0.00000,0.00000,0.000,0.000,0.000,0.000,0.000,-6.0000,0.0000,0.0000,6.0000,95.00,95.00,90.00,90.00,1575,1425,2475,1500,1,17,40.4361891,-86.8937407,162.221,-0.030,0.020,-0.040,3,0.58,0.85,0.13,1
29675,29434,18338,15339,0,0,-1.86867,0.32082,9.70490,0.018109,-0.037284,-0.013848,1.970,10.856,-1.123,-0.0082,-0.0002,0.0160,0.3026,0.9269,1.4370,0.0180490,-0.0376036,-0.0130042,-0.011668,0.019825,0.079714,0.00000,0.00000,0.000,0.000,0.000,0.000,0.000,-6.0000,0.0000,0.0000,6.0000,95.00,95.00,90.00,90.00,1575,1425,2475,1500,1,17,40.4361891,-86.8937407,162.221,-0.030,0.020,-0.040,3,0.58,0.85,0.13,1
29731,31149,24366,21363,0,0,-1.86029,0.33758,9.70131,0.017044,-0.037284,-0.013848,1.997,10.856,-1.004,0.0018,-0.0238,0.0006,0.3009,0.9236,1.4292,0.0180407,-0.0376075,-0.0130912,-0.012410,0.019181,0.080159,0.00000,0.00000,0.000,0.000,0.000,0.000,0.000,-6.0000,0.0000,0.0000,6.0000,95.00,95.00,90.00,90.00,1575,1425,2475,1500,1,17,40.4361891,-86.8937407,162.190,0.010,-0.040,0.010,3,0.58,0.85,0.12,1
29785,18775,18367,15368,0,0,-1.86508,0.35075,9.70969,0.017044,-0.037284,-0.013848,1.997,10.855,-1.008,0.0019,-0.0249,0.0005,0.3010,0.9221,1.4293,0.0180393,-0.0376052,-0.0130907,-0.012414,0.019187,0.080158,0.00000,0.00000,0.000,0.000,0.000,0.000,0.000,-6.0000,0.0000,0.0000,6.0000,95.00,95.00,90.00,90.00,1575,1425,2475,1500,1,17,40.4361891,-86.8937407,162.190,0.010,-0.040,0.010,3,0.58,0.85,0.12,1
29833,29742,18344,15333,0,0,-1.86508,0.32561,9.70370,0.018109,-0.037284,-0.013848,1.993,10.860,-1.008,0.0016,-0.0260,0.0004,0.3011,0.9209,1.4293,0.0180428,-0.0376079,-0.0130918,-0.012411,0.019176,0.080159,0.00000,0.00000,0.000,0.000,0.000,0.000,0.000,-6.0000,0.0000,0.0000,6.0000,95.00,95.00,90.00,90.00,1575,1425,2475,1500,1,17,40.4361891,-86.8937407,162.190,0.010,-0.040,0.010,3,0.58,0.85,0.12,1
29889,26171,24532,21512,0,0,-1.85790,0.33040,9.70490,0.018109,-0.036219,-0.013848,1.959,10.867,-1.152,0.0063,-0.0028,-0.0043,0.2986,0.9279,1.4236,0.0180496,-0.0376071,-0.0129898,-0.012297,0.020029,0.080325,0.00000,0.00000,0.000,0.000,0.000,0.000,0.000,-6.0000,0.0000,0.0000,6.0000,95.00,95.00,90.00,90.00,1575,1425,2475,1500,1,17,40.4361891,-86.8937405,162.188,0.011,0.017,0.008,3,0.58,0.85,0.08,1
29920,30074,24775,21764,0,0,-1.86269,0.33279,9.70370,0.017044,-0.037284,-0.013848,1.957,10.867,-1.154,0.0062,-0.0033,-0.0044,0.2988,0.9278,1.4234,0.0180492,-0.0376067,-0.0129896,-0.012297,0.020031,0.080325,0.00000,0.00000,0.000,0.000,0.000,0.000,0.000,-6.0000,0.0000,0.0000,6.0000,95.00,95.00,90.00,90.00,1575,1425,2475,1500,1,17,40.4361891,-86.8937405,162.188,0.010,0.020,0.010,3,0.58,0.85,0.08,1
29978,40034,18511,15205,0,0,-1.86149,0.33639,9.70131,0.017044,-0.037284,-0.013848,1.956,10.868,-1.158,0.0062,-0.0043,-0.0045,0.2992,0.9276,1.4232,0.0180474,-0.0376044,-0.0129890,-0.012301,0.020037,0.080324,0.00000,0.00000,0.000,0.000,0.000,0.000,0.000,-6.0000,0.0000,0.0000,6.0000,95.00,95.00,90.00,90.00,1575,1425,2475,1500,1,17,40.4361891,-86.8937405,162.188,0.010,0.020,0.010,3,0.58,0.85,0.08,1
30038,38251,21574,15466,0,0,-1.86149,0.33399,9.70969,0.017044,-0.037284,-0.013848,1.954,10.868,-1.161,0.0061,-0.0052,-0.0044,0.2995,0.9273,1.4229,0.0180469,-0.0376032,-0.0129888,-0.012303,0.020039,0.080324,0.00000,0.00000,0.000,0.000,0.000,0.000,0.000,-6.0000,0.0000,0.0000,6.0000,95.00,95.00,90.00,90.00,1575,1425,2475,1500,1,17,40.4361891,-86.8937405,162.188,0.010,0.020,0.010,3,0.58,0.85,0.08,1
30075,21827,35953,28113,0,0,-1.86748,0.33399,9.70729,0.018109,-0.036219,-0.012783,1.955,10.870,-1.161,0.0060,-0.0055,-0.0043,0.2996,0.9272,1.4228,0.0180461,-0.0376039,-0.0129886,-0.012301,0.020041,0.080324,0.00000,0.00000,0.000,0.000,0.000,0.000,0.000,-6.0000,0.0000,0.0000,6.0000,95.00,95.00,90.00,90.00,1575,1425,2475,1500,1,17,40.4361891,-86.8937405,162.188,0.010,0.020,0.010,3,0.58,0.85,0.08,1
30130,36035,18355,15351,0,0,-1.86029,0.33998,9.70969,0.017044,-0.037284,-0.013848,1.922,10.877,-1.312,0.0305,0.0146,0.0035,0.3032,0.9354,1.4203,0.0180469,-0.0376036,-0.0128833,-0.012792,0.021002,0.079912,0.00000,0.00000,0.000,0.000,0.000,0.000,0.000,-6.0000,0.0000,0.0000,6.0000,95.00,95.00,90.00,90.00,1575,1425,2475,1500,1,18,40.4361892,-86.8937403,162.197,0.050,0.030,-0.010,3,0.58,0.85,0.09,1
30189,40263,18531,15556,0,0,-1.85790,0.33160,9.70849,0.018109,-0.037284,-0.014914,1.928,10.874,-1.321,0.0307,0.0140,0.0036,0.3050,0.9363,1.4205,0.0180394,-0.0375994,-0.0128810,-0.012795,0.021024,0.079911,0.00000,0.00000,0.000,0.000,0.000,0.000,0.000,-6.0000,0.0000,0.0000,6.0000,95.00,95.00,90.00,90.00,1575,1425,2475,1500,1,18,40.4361892,-86.8937403,162.197,0.050,0.030,-0.010,3,0.58,0.85,0.09,1
30231,23704,18282,15284,0,0,-1.85551,0.33040,9.70729,0.017044,-0.037284,-0.014914,1.929,10.871,-1.326,0.0307,0.0133,0.0038,0.3063,0.9369,1.4207,0.0180360,-0.0375958,-0.0128799,-0.012800,0.021033,0.079910,0.00000,0.00000,0.000,0.000,0.000,0.000,0.000,-6.0000,0.0000,0.0000,6.0000,95.00,95.00,90.00,90.00,1575,1425,2475,1500,1,18,40.4361892,-86.8937403,162.197,0.050,0.030,-0.010,3,0.58,0.85,0.09,1
30270,18533,38890,30928,0,0,-1.86628,0.33160,9.70370,0.017044,-0.037284,-0.013848,1.929,10.872,-1.328,0.0307,0.0130,0.0037,0.3069,0.9371,1.4207,0.0180346,-0.0375962,-0.0128796,-0.012798,0.021036,0.079910,0.00000,0.00000,0.000,0.000,0.000,0.000,0.000,-6.0000,0.0000,0.0000,6.0000,95.00,95.00,90.00,90.00,1575,1425,2475,1500,1,18,40.4361892,-86.8937403,162.197,0.050,0.030,-0.010,3,0.58,0.85,0.09,1
30334,44210,18399,15394,0,0,-1.86149,0.34237,9.70969,0.017044,-0.037284,-0.013848,1.963,10.864,-1.181,0.0132,-0.0117,0.0016,0.3012,0.9346,1.4161,0.0180254,-0.0375895,-0.0129879,-0.012544,0.020077,0.080075,0.00000,0.00000,0.000,0.000,0.000,0.000,0.000,-6.0000,0.0000,0.0000,6.0000,95.00,95.00,90.00,90.00,1575,1425,2475,1500,1,17,40.4361892,-86.8937403,162.197,0.000,-0.030,0.000,3,0.58,0.85,0.12,1
30394,41006,18561,15596,0,0,-1.86149,0.33878,9.70849,0.018109,-0.037284,-0.013848,1.964,10.863,-1.185,0.0132,-0.0125,0.0017,0.3020,0.9339,1.4162,0.0180232,-0.0375864,-0.0129871,-0.012550,0.020085,0.080074,0.00000,0.00000,0.000,0.000,0.000,0.000,0.000,-6.0000,0.0000,0.0000,6.0000,95.00,95.00,90.00,90.00,1575,1425,2475,1500,1,17,40.4361892,-86.8937403,162.197,0.000,-0.030,0.000,3,0.58,0.85,0.12,1
30423,18849,29153,20958,0,0,-1.86029,0.34237,9.70849,0.017044,-0.036219,-0.013848,1.965,10.863,-1.187,0.0132,-0.0127,0.0017,0.3022,0.9337,1.4163,0.0180204,-0.0375852,-0.0129864,-0.012550,0.020092,0.080074,0.00000,0.00000,0.000,0.000,0.000,0.000,0.000,-6.0000,0.0000,0.0000,6.0000,95.00,95.00,90.00,90.00,1575,1425,2475,1500,1,17,40.4361892,-86.8937403,162.197,0.000,-0.030,0.000,3,0.58,0.85,0.12,1
30491,19784,24302,21325,0,0,-1.85072,0.34357,9.70609,0.017044,-0.036219,-0.013848,1.953,10.856,-1.269,-0.0165,0.0056,-0.0051,0.2930,0.9406,1.4107,0.0180181,-0.0375726,-0.0129321,-0.011388,0.020390,0.080524,0.00000,0.00000,0.000,0.000,0.000,0.000,0.000,-6.0000,0.0000,0.0000,6.0000,95.00,95.00,90.00,90.00,1575,1425,2475,1500,1,15,40.4361892,-86.8937401,162.198,-0.040,0.020,0.010,3,0.58,0.85,0.08,1
30530,29584,33679,30702,0,0,-1.86867,0.33998,9.70609,0.017044,-0.037284,-0.013848,1.954,10.858,-1.271,-0.0168,0.0053,-0.0050,0.2925,0.9408,1.4105,0.0180155,-0.0375742,-0.0129313,-0.011382,0.020396,0.080525,0.00000,0.00000,0.000,0.000,0.000,0.000,0.000,-6.0000,0.0000,0.0000,6.0000,95.00,95.00,90.00,90.00,1575,1425,2475,1500,1,15,40.4361892,-86.8937401,162.198,-0.040,0.020,0.010,3,0.58,0.85,0.08,1
30603,54344,18613,15635,0,0,-1.85670,0.33279,9.70609,0.018109,-0.037284,-0.013848,1.957,10.858,-1.278,-0.0169,0.0041,-0.0052,0.2910,0.9412,1.4101,0.0180119,-0.0375721,-0.0129302,-0.011383,0.020407,0.080524,0.00000,0.00000,0.000,0.000,0.000,0.000,0.000,-6.0000,0.0000,0.0000,6.0000,95.00,95.00,90.00,90.00,1575,1425,2475,1500,1,15,40.4361892,-86.8937401,162.198,-0.040,0.020,0.010,3,0.58,0.85,0.08,1
30634,18950,29769,21748,0,0,-1.85790,0.33160,9.70131,0.018109,-0.037284,-0.013848,1.956,10.857,-1.279,-0.0169,0.0037,-0.0053,0.2907,0.9413,1.4100,0.0180118,-0.0375710,-0.0129301,-0.011385,0.020408,0.080524,0.00000,0.00000,0.000,0.000,0.000,0.000,0.000,-6.0000,0.0000,0.0000,6.0000,95.00,95.00,90.00,90.00,1575,1425,2475,1500,1,15,40.4361892,-86.8937401,162.198,-0.040,0.020,0.010,3,0.58,0.85,0.08,1
30676,23488,18407,15413,0,0,-1.86508,0.33639,9.70011,0.017044,-0.037284,-0.013848,1.963,10.858,-1.284,-0.0171,0.0032,-0.0052,0.2898,0.9415,1.4097,0.0180055,-0.0375708,-0.0129286,-0.011381,0.020421,0.080524,0.00000,0.00000,0.000,0.000,0.000,0.000,0.000,-6.0000,0.0000,0.0000,6.0000,95.00,95.00,90.00,90.00,1575,1425,2475,1500,1,15,40.4361892,-86.8937401,162.198,-0.040,0.020,0.010,3,0.58,0.85,0.08,1
30732,31578,24357,21345,0,0,-1.85311,0.33279,9.70131,0.018109,-0.037284,-0.013848,1.992,10.855,-1.165,-0.0017,-0.0223,-0.0025,0.2897,0.9390,1.4065,0.0179985,-0.0375714,-0.0130138,-0.012177,0.019798,0.080287,0.00000,0.00000,0.000,0.000,0.000,0.000,0.000,-6.0000,0.0000,0.0000,6.0000,95.00,95.00,90.00,90.00,1575,1425,2475,1500,1,16,40.4361892,-86.8937401,162.213,0.010,-0.040,0.000,3,0.57,0.85,0.10,1
30780,30130,18013,14952,0,0,-1.86389,0.33998,9.70969,0.018109,-0.037284,-0.013848,1.993,10.855,-1.168,-0.0019,-0.0232,-0.0025,0.2896,0.9378,1.4063,0.0179974,-0.0375707,-0.0130135,-0.012178,0.019801,0.080287,0.00000,0.00000,0.000,0.000,0.000,0.000,0.000,-6.0000,0.0000,0.0000,6.0000,95.00,95.00,90.00,90.00,1575,1425,2475,1500,1,16,40.4361892,-86.8937401,162.213,0.010,-0.040,0.000,3,0.57,0.85,0.10,1
30822,40822,18572,15546,0,0,-1.86508,0.33160,9.70490,0.018109,-0.037284,-0.013848,1.991,10.857,-1.169,-0.0021,-0.0241,-0.0025,0.2896,0.9368,1.4062,0.0179992,-0.0375715,-0.0130140,-0.012178,0.019797,0.080287,0.00000,0.00000,0.000,0.000,0.000,0.000,0.000,-6.0000,0.0000,0.0000,6.0000,95.00,95.00,90.00,90.00,1575,1425,2475,1500,1,16,40.4361892,-86.8937401,162.213,0.010,-0.040,0.000,3,0.57,0.85,0.10,1
30871,29654,18818,15774,0,0,-1.86149,0.33399,9.69412,0.017044,-0.036219,-0.013848,1.988,10.858,-1.171,-0.0023,-0.0249,-0.0029,0.2894,0.9356,1.4061,0.0180002,-0.0375702,-0.0130142,-0.012181,0.019796,0.080287,0.00000,0.00000,0.000,0.000,0.000,0.000,0.000,-6.0000,0.0000,0.0000,6.0000,95.00,95.00,90.00,90.00,1575,1425,2475,1500,1,16,40.4361892,-86.8937401,162.213,0.010,-0.040,0.000,3,0.57,0.85,0.10,1
30919,29914,18008,14932,0,0,-1.85790,0.33399,9.70250,0.018109,-0.037284,-0.013848,1.940,10.863,-1.407,-0.0012,0.0158,-0.0017,0.2870,0.9494,1.4031,0.0180043,-0.0375652,-0.0128517,-0.011698,0.021135,0.080284,0.00000,0.00000,0.000,0.000,0.000,0.000,0.000,-6.0000,0.0000,0.0000,6.0000,95.00,95.00,90.00,90.00,1575,1425,2475,1500,1,15,40.4361893,-86.8937398,162.231,0.000,0.050,0.000,3,0.57,0.85,0.11,1
30986,18468,18215,15222,0,0,-1.86029,0.34117,9.70490,0.017044,-0.036219,-0.013848,1.943,10.865,-1.414,-0.0014,0.0150,-0.0019,0.2870,0.9504,1.4029,0.0179975,-0.0375636,-0.0128497,-0.011696,0.021153,0.080283,0.00000,0.00000,0.000,0.000,0.000,0.000,0.000,-6.0000,0.0000,0.0000,6.0000,95.00,95.00,90.00,90.00,1575,1425,2475,1500,1,15,40.4361893,-86.8937398,162.231,0.000,0.050,0.000,3,0.57,0.85,0.11,1
31045,57574,19094,16091,0,0,-1.86269,0.33878,9.70250,0.018109,-0.037284,-0.013848,1.945,10.865,-1.418,-0.0016,0.0144,-0.0020,0.2869,0.9513,1.4028,0.0179947,-0.0375634,-0.0128490,-0.011694,0.021159,0.080284,0.00000,0.00000,0.000,0.000,0.000,0.000,0.000,-6.0000,0.0000,0.0000,6.0000,95.00,95.00,90.00,90.00,1575,1425,2475,1500,1,15,40.4361893,-86.8937398,162.231,0.000,0.050,0.000,3,0.57,0.85,0.11,1
31080,19402,34874,27007,0,0,-1.86628,0.33758,9.70849,0.018109,-0.037284,-0.013848,1.947,10.866,-1.420,-0.0017,0.0141,-0.0020,0.2868,0.9516,1.4028,0.0179925,-0.0375638,-0.0128485,-0.011692,0.021163,0.080284,0.00000,0.00000,0.000,0.000,0.000,0.000,0.000,-6.0000,0.0000,0.0000,6.0000,95.00,95.00,90.00,90.00,1575,1425,2475,1500,1,15,40.4361893,-86.8937398,162.231,0.000,0.050,0.000,3,0.57,0.85,0.11,1
31130,29913,18350,15332,0,0,-1.85790,0.33160,9.70729,0.018109,-0.037284,-0.013848,1.961,10.863,-1.364,0.0102,0.0001,0.0101,0.2873,0.9532,1.4031,0.0179874,-0.0375619,-0.0128898,-0.012161,0.020868,0.079774,0.00000,0.00000,0.000,0.000,0.000,0.000,0.000,-6.0000,0.0000,0.0000,6.0000,95.00,95.00,90.00,90.00,1575,1425,2475,1500,1,17,40.4361893,-86.8937397,162.252,0.020,-0.010,-0.020,3,0.57,0.84,0.08,1
31178,29456,18380,15102,0,0,-1.86867,0.33160,9.70490,0.017044,-0.037284,-0.013848,1.959,10.866,-1.367,0.0099,-0.0007,0.0102,0.2878,0.9532,1.4036,0.0179856,-0.0375635,-0.0128893,-0.012156,0.020871,0.079775,0.00000,0.00000,0.000,0.000,0.000,0.000,0.000,-6.0000,0.0000,0.0000,6.0000,95.00,95.00,90.00,90.00,1575,1425,2475,1500,1,17,40.4361893,-86.8937397,162.252,0.020,-0.010,-0.020,3,0.57,0.84,0.08,1
31237,40486,18542,15269,0,0,-1.85551,0.34237,9.70250,0.018109,-0.037284,-0.013848,1.960,10.865,-1.371,0.0100,-0.0014,0.0100,0.2884,0.9531,1.4042,0.0179836,-0.0375613,-0.0128888,-0.012159,0.020877,0.079774,0.00000,0.00000,0.000,0.000,0.000,0.000,0.000,-6.0000,0.0000,0.0000,6.0000,95.00,95.00,90.00,90.00,1575,1425,2475,1500,1,17,40.4361893,-86.8937397,162.252,0.020,-0.010,-0.020,3,0.57,0.84,0.08,1
31276,18828,38478,30421,0,0,-1.85910,0.33998,9.70849,0.018109,-0.037284,-0.014914,1.962,10.864,-1.374,0.0100,-0.0017,0.0101,0.2886,0.9531,1.4044,0.0179814,-0.0375598,-0.0128882,-0.012160,0.020882,0.079773,0.00000,0.00000,0.000,0.000,0.000,0.000,0.000,-6.0000,0.0000,0.0000,6.0000,95.00,95.00,90.00,90.00,1575,1425,2475,1500,1,17,40.4361893,-86.8937397,162.252,0.020,-0.010,-0.020,3,0.57,0.84,0.08,1
31321,39451,44632,36337,0,0,-1.86149,0.33998,9.70490,0.017044,-0.037284,-0.013848,1.940,10.865,-1.473,0.0042,0.0164,0.0154,0.2851,0.9618,1.4034,0.0179832,-0.0375576,-0.0128221,-0.011716,0.021395,0.079652,0.00000,0.00000,0.000,0.000,0.000,0.000,0.000,-6.0000,0.0000,0.0000,6.0000,95.00,95.00,90.00,90.00,1575,1425,2475,1500,1,15,40.4361893,-86.8937395,162.261,0.000,0.030,-0.020,3,0.57,0.84,0.14,1
31382,18514,18169,15173,0,0,-1.86628,0.33519,9.71447,0.018109,-0.037284,-0.013848,1.943,10.864,-1.481,0.0042,0.0155,0.0154,0.2855,0.9632,1.4047,0.0179760,-0.0375545,-0.0128200,-0.011717,0.021414,0.079651,0.00000,0.00000,0.000,0.000,0.000,0.000,0.000,-6.0000,0.0000,0.0000,6.0000,95.00,95.00,90.00,90.00,1575,1425,2475,1500,1,15,40.4361893,-86.8937395,162.261,0.000,0.030,-0.020,3,0.57,0.84,0.14,1
31443,41835,18603,15539,0,0,-1.86029,0.34596,9.70250,0.018109,-0.037284,-0.013848,1.948,10.865,-1.487,0.0041,0.0150,0.0152,0.2857,0.9641,1.4057,0.0179698,-0.0375542,-0.0128185,-0.011713,0.021426,0.079652,0.00000,0.00000,0.000,0.000,0.000,0.000,0.000,-6.0000,0.0000,0.0000,6.0000,95.00,95.00,90.00,90.00,1575,1425,2475,1500,1,15,40.4361893,-86.8937395,162.261,0.000,0.030,-0.020,3,0.57,0.84,0.14,1
31474,18898,30696,22684,0,0,-1.86389,0.34237,9.70609,0.017044,-0.036219,-0.013848,1.950,10.866,-1.489,0.0040,0.0147,0.0152,0.2858,0.9644,1.4059,0.0179663,-0.0375541,-0.0128177,-0.011711,0.021432,0.079652,0.00000,0.00000,0.000,0.000,0.000,0.000,0.000,-6.0000,0.0000,0.0000,6.0000,95.00,95.00,90.00,90.00,1575,1425,2475,1500,1,15,40.4361893,-86.8937395,162.261,0.000,0.030,-0.020,3,0.57,0.84,0.14,1
31528,36722,47832,44583,0,0,-1.85431,0.33998,9.70370,0.017044,-0.037284,-0.013848,1.958,10.865,-1.459,0.0127,0.0067,0.0232,0.2859,0.9674,1.4060,0.0179616,-0.0375536,-0.0128401,-0.012030,0.021279,0.079309,0.00000,0.00000,0.000,0.000,0.000,0.000,0.000,-6.0000,0.0000,0.0000,6.0000,95.00,95.00,90.00,90.00,1575,1425,2475,1500,1,15,40.4361894,-86.8937395,162.273,0.020,0.000,-0.030,3,0.57,0.84,0.11,1
31576,29988,18360,15357,0,0,-1.86269,0.33519,9.69652,0.018109,-0.037284,-0.013848,1.963,10.867,-1.465,0.0124,0.0059,0.0232,0.2868,0.9679,1.4078,0.0179567,-0.0375541,-0.0128388,-0.012025,0.021290,0.079310,0.00000,0.00000,0.000,0.000,0.000,0.000,0.000,-6.0000,0.0000,0.0000,6.0000,95.00,95.00,90.00,90.00,1575,1425,2475,1500,1,15,40.4361894,-86.8937395,162.273,0.020,0.000,-0.030,3,0.57,0.84,0.11,1
31625,29811,18425,15405,0,0,-1.86269,0.33040,9.70131,0.018109,-0.037284,-0.013848,1.964,10.864,-1.469,0.0123,0.0050,0.0229,0.2874,0.9682,1.4090,0.0179555,-0.0375506,-0.0128383,-0.012031,0.021295,0.079309,0.00000,0.00000,0.000,0.000,0.000,0.000,0.000,-6.0000,0.0000,0.0000,6.0000,95.00,95.00,90.00,90.00,1575,1425,2475,1500,1,15,40.4361894,-86.8937395,162.273,0.020,0.000,-0.030,3,0.57,0.84,0.11,1
31684,18814,18311,15315,0,0,-1.85910,0.33160,9.70131,0.017044,-0.037284,-0.013848,1.963,10.864,-1.473,0.0122,0.0039,0.0227,0.2882,0.9684,1.4103,0.0179554,-0.0375490,-0.0128382,-0.012034,0.021296,0.079308,0.00000,0.00000,0.000,0.000,0.000,0.000,0.000,-6.0000,0.0000,0.0000,6.0000,95.00,95.00,90.00,90.00,1575,1425,2475,1500,1,15,40.4361894,-86.8937395,162.273,0.020,0.000,-0.030,3,0.57,0.84,0.11,1
31740,31071,24372,21362,0,0,-1.85790,0.33639,9.70849,0.018109,-0.037284,-0.013848,1.943,10.857,-1.564,-0.0183,0.0253,0.0152,0.2792,0.9780,1.4066,0.0179589,-0.0375387,-0.0127791,-0.010862,0.021651,0.079784,0.00000,0.00000,0.000,0.000,0.000,0.000,0.000,-6.0000,0.0000,0.0000,6.0000,95.00,95.00,90.00,90.00,1575,1425,2475,1500,1,17,40.4361894,-86.8937395,162.252,-0.040,0.040,-0.010,3,0.57,0.84,0.10,1
31770,24644,29783,21857,0,0,-1.86149,0.33878,9.70729,0.018109,-0.037284,-0.013848,1.945,10.858,-1.566,-0.0184,0.0250,0.0152,0.2788,0.9786,1.4070,0.0179562,-0.0375383,-0.0127783,-0.010861,0.021657,0.079784,0.00000,0.00000,0.000,0.000,0.000,0.000,0.000,-6.0000,0.0000,0.0000,6.0000,95.00,95.00,90.00,90.00,1575,1425,2475,1500,1,17,40.4361894,-86.8937395,162.252,-0.040,0.040,-0.010,3,0.57,0.84,0.10,1
31830,18452,18233,15244,0,0,-1.85790,0.33878,9.70729,0.018109,-0.037284,-0.014914,1.950,10.854,-1.575,-0.0185,0.0241,0.0153,0.2774,0.9804,1.4081,0.0179488,-0.0375339,-0.0127762,-0.010865,0.021676,0.079783,0.00000,0.00000,0.000,0.000,0.000,0.000,0.000,-6.0000,0.0000,0.0000,6.0000,95.00,95.00,90.00,90.00,1575,1425,2475,1500,1,17,40.4361894,-86.8937395,162.252,-0.040,0.040,-0.010,3,0.57,0.84,0.10,1
31875,40843,21703,16235,0,0,-1.86748,0.34357,9.70011,0.018109,-0.037284,-0.014914,1.953,10.857,-1.581,-0.0189,0.0237,0.0152,0.2767,0.9814,1.4087,0.0179451,-0.0375356,-0.0127754,-0.010859,0.021681,0.079784,0.00000,0.00000,0.000,0.000,0.000,0.000,0.000,-6.0000,0.0000,0.0000,6.0000,95.00,95.00,90.00,90.00,1575,1425,2475,1500,1,17,40.4361894,-86.8937395,162.252,-0.040,0.040,-0.010,3,0.57,0.84,0.10,1
31930,31246,18393,15394,0,0,-1.86508,0.33639,9.70490,0.017044,-0.036219,-0.013848,1.982,10.862,-1.452,0.0015,-0.0059,0.0176,0.2796,0.9787,1.4073,0.0179390,-0.0375425,-0.0128664,-0.011841,0.021010,0.079533,0.00000,0.00000,0.000,0.000,0.000,0.000,0.000,-6.0000,0.0000,0.0000,6.0000,95.00,95.00,90.00,90.00,1575,1425,2475,1500,1,17,40.4361895,-86.8937396,162.247,0.020,-0.030,-0.020,3,0.57,0.84,0.09,1
31979,29812,18300,14965,0,0,-1.86269,0.34596,9.70131,0.018109,-0.037284,-0.013848,1.984,10.865,-1.455,0.0012,-0.0066,0.0175,0.2797,0.9784,1.4081,0.0179369,-0.0375445,-0.0128659,-0.011834,0.021012,0.079534,0.00000,0.00000,0.000,0.000,0.000,0.000,0.000,-6.0000,0.0000,0.0000,6.0000,95.00,95.00,90.00,90.00,1575,1425,2475,1500,1,17,40.4361895,-86.8937396,162.247,0.020,-0.030,-0.020,3,0.57,0.84,0.09,1
32041,38201,23214,15327,0,0,-1.86628,0.34836,9.70011,0.018109,-0.037284,-0.013848,1.989,10.864,-1.460,0.0010,-0.0072,0.0173,0.2797,0.9780,1.4091,0.0179315,-0.0375424,-0.0128645,-0.011835,0.021024,0.079534,0.00000,0.00000,0.000,0.000,0.000,0.000,0.000,-6.0000,0.0000,0.0000,6.0000,95.00,95.00,90.00,90.00,1575,1425,2475,1500,1,17,40.4361895,-86.8937396,162.247,0.020,-0.030,-0.020,3,0.57,0.84,0.09,1
32095,52878,24600,21588,0,0,-1.85072,0.33758,9.70849,0.018109,-0.037284,-0.013848,1.990,10.860,-1.458,0.0005,-0.0089,0.0132,0.2785,0.9807,1.4058,0.0179311,-0.0375385,-0.0128683,-0.011851,0.020993,0.079675,0.00000,0.00000,0.000,0.000,0.000,0.000,0.000,-6.0000,0.0000,0.0000,6.0000,95.00,95.00,90.00,90.00,1575,1425,2475,1500,1,16,40.4361896,-86.8937397,162.236,0.000,-0.010,-0.010,3,0.56,0.83,0.09,1
32125,24908,29986,21754,0,0,-1.86029,0.33758,9.70250,0.018109,-0.037284,-0.013848,1.990,10.860,-1.460,0.0005,-0.0093,0.0131,0.2785,0.9804,1.4061,0.0179310,-0.0375378,-0.0128682,-0.011853,0.020995,0.079674,0.00000,0.00000,0.000,0.000,0.000,0.000,0.000,-6.0000,0.0000,0.0000,6.0000,95.00,95.00,90.00,90.00,1575,1425,2475,1500,1,16,40.4361896,-86.8937397,162.236,0.000,-0.010,-0.010,3,0.56,0.83,0.09,1
32173,29756,18337,15328,0,0,-1.85790,0.33998,9.70250,0.018109,-0.037284,-0.013848,1.991,10.860,-1.464,0.0003,-0.0103,0.0129,0.2785,0.9798,1.4069,0.0179301,-0.0375369,-0.0128679,-0.011854,0.020997,0.079674,0.00000,0.00000,0.000,0.000,0.000,0.000,0.000,-6.0000,0.0000,0.0000,6.0000,95.00,95.00,90.00,90.00,1575,1425,2475,1500,1,16,40.4361896,-86.8937397,162.236,0.000,-0.010,-0.010,3,0.56,0.83,0.09,1
32222,29913,18267,15225,0,0,-1.85910,0.33758,9.70370,0.017044,-0.037284,-0.013848,1.990,10.858,-1.467,0.0002,-0.0112,0.0129,0.2785,0.9793,1.4076,0.0179290,-0.0375336,-0.0128675,-0.011860,0.021003,0.079673,0.00000,0.00000,0.000,0.000,0.000,0.000,0.000,-6.0000,0.0000,0.0000,6.0000,95.00,95.00,90.00,90.00,1575,1425,2475,1500,1,16,40.4361896,-86.8937397,162.236,0.000,-0.010,-0.010,3,0.56,0.83,0.09,1
32277,34208,20587,15941,0,0,-1.86149,0.33519,9.70490,0.018109,-0.037284,-0.014914,1.986,10.858,-1.471,0.0001,-0.0123,0.0129,0.2785,0.9787,1.4082,0.0179333,-0.0375332,-0.0128684,-0.011863,0.020996,0.079672,0.00000,0.00000,0.000,0.000,0.000,0.000,0.000,-6.0000,0.0000,0.0000,6.0000,95.00,95.00,90.00,90.00,1575,1425,2475,1500,1,16,40.4361896,-86.8937397,162.236,0.000,-0.010,-0.010,3,0.56,0.83,0.09,1
32366,33846,49236,41193,0,0,-1.87227,0.34237,9.70969,0.018109,-0.037284,-0.013848,1.963,10.862,-1.576,-0.0060,0.0069,0.0111,0.2760,0.9863,1.4054,0.0179377,-0.0375321,-0.0128007,-0.011457,0.021541,0.079803,0.00000,0.00000,0.000,0.000,0.000,0.000,0.000,-6.0000,0.0000,0.0000,6.0000,95.00,95.00,90.00,90.00,1575,1425,2475,1500,1,17,40.4361896,-86.8937396,162.244,-0.010,0.020,-0.010,3,0.56,0.83,0.11,1
32400,49475,34294,26256,0,0,-1.85311,0.33998,9.70011,0.017044,-0.037284,-0.014914,1.961,10.860,-1.583,-0.0058,0.0063,0.0108,0.2757,0.9866,1.4060,0.0179353,-0.0375294,-0.0127999,-0.011461,0.021549,0.079802,0.00000,0.00000,0.000,0.000,0.000,0.000,0.000,-6.0000,0.0000,0.0000,6.0000,95.00,95.00,90.00,90.00,1575,1425,2475,1500,1,17,40.4361896,-86.8937396,162.244,-0.010,0.020,-0.010,3,0.56,0.83,0.11,1
32431,34525,31026,26443,0,0,-1.85910,0.33878,9.70370,0.018109,-0.037284,-0.013848,1.963,10.859,-1.586,-0.0059,0.0058,0.0108,0.2755,0.9868,1.4064,0.0179334,-0.0375284,-0.0127994,-0.011462,0.021553,0.079802,0.00000,0.00000,0.000,0.000,0.000,0.000,0.000,-6.0000,0.0000,0.0000,6.0000,95.00,95.00,90.00,90.00,1575,1425,2475,1500,1,17,40.4361896,-86.8937396,162.244,-0.010,0.020,-0.010,3,0.56,0.83,0.11,1
32497,40658,24496,21506,0,0,-1.85551,0.33040,9.70729,0.018109,-0.038350,-0.013848,1.993,10.856,-1.460,0.0077,-0.0224,0.0113,0.2779,0.9838,1.4043,0.0179270,-0.0375309,-0.0128860,-0.012205,0.020886,0.079665,0.00000,0.00000,0.000,0.000,0.000,0.000,0.000,-6.0000,0.0000,0.0000,6.0000,95.00,95.00,90.00,90.00,1575,1425,2475,1500,1,16,40.4361898,-86.8937398,162.248,0.020,-0.046,-0.012,3,0.56,0.83,0.09,1
32536,24943,38312,30206,0,0,-1.87107,0.33639,9.70849,0.018109,-0.037284,-0.013848,1.993,10.859,-1.461,0.0074,-0.0229,0.0114,0.2781,0.9832,1.4046,0.0179274,-0.0375332,-0.0128863,-0.012200,0.020882,0.079666,0.00000,0.00000,0.000,0.000,0.000,0.000,0.000,-6.0000,0.0000,0.0000,6.0000,95.00,95.00,90.00,90.00,1575,1425,2475,1500,1,16,40.4361898,-86.8937398,162.248,0.020,-0.050,-0.010,3,0.56,0.83,0.09,1
32572,38564,36508,30890,0,0,-1.85790,0.33998,9.70250,0.018109,-0.037284,-0.013848,1.994,10.858,-1.464,0.0074,-0.0235,0.0113,0.2784,0.9823,1.4050,0.0179267,-0.0375319,-0.0128860,-0.012202,0.020885,0.079665,0.00000,0.00000,0.000,0.000,0.000,0.000,0.000,-6.0000,0.0000,0.0000,6.0000,95.00,95.00,90.00,90.00,1575,1425,2475,1500,1,16,40.4361898,-86.8937398,162.248,0.020,-0.050,-0.010,3,0.56,0.83,0.09,1
32623,31816,18418,15353,0,0,-1.86628,0.33758,9.70250,0.018109,-0.037284,-0.013848,1.995,10.862,-1.468,0.0070,-0.0246,0.0111,0.2789,0.9807,1.4058,0.0179251,-0.0375345,-0.0128858,-0.012196,0.020884,0.079667,0.00000,0.00000,0.000,0.000,0.000,0.000,0.000,-6.0000,0.0000,0.0000,6.0000,95.00,95.00,90.00,90.00,1575,1425,2475,1500,1,16,40.4361898,-86.8937398,162.248,0.020,-0.050,-0.010,3,0.56,0.83,0.09,1
32671,29926,18370,15367,0,0,-1.86269,0.33519,9.70609,0.018109,-0.037284,-0.013848,1.997,10.861,-1.471,0.0068,-0.0254,0.0111,0.2792,0.9795,1.4063,0.0179230,-0.0375338,-0.0128853,-0.012196,0.020888,0.079667,0.00000,0.00000,0.000,0.000,0.000,0.000,0.000,-6.0000,0.0000,0.0000,6.0000,95.00,95.00,90.00,90.00,1575,1425,2475,1500,1,16,40.4361898,-86.8937398,162.248,0.020,-0.050,-0.010,3,0.56,0.83,0.09,1
32727,20830,18633,15626,0,0,-1.85790,0.32561,9.71208,0.017044,-0.037284,-0.013848,1.992,10.858,-1.474,0.0068,-0.0266,0.0111,0.2796,0.9781,1.4069,0.0179269,-0.0375299,-0.0128859,-0.012204,0.020888,0.079665,0.00000,0.00000,0.000,0.000,0.000,0.000,0.000,-6.0000,0.0000,0.0000,6.0000,95.00,95.00,90.00,90.00,1575,1425,2475,1500,1,16,40.4361898,-86.8937398,162.248,0.020,-0.050,-0.010,3,0.56,0.83,0.09,1
32782,31263,18300,15278,0,0,-1.86269,0.33399,9.70490,0.018109,-0.037284,-0.013848,1.970,10.853,-1.574,-0.0151,-0.0050,0.0162,0.2735,0.9857,1.4062,0.0179311,-0.0375215,-0.0128224,-0.011249,0.021322,0.079666,0.00000,0.00000,0.000,0.000,0.000,0.000,0.000,-6.0000,0.0000,0.0000,6.0000,95.00,95.00,90.00,90.00,1575,1425,2475,1500,1,16,40.4361898,-86.8937398,162.257,-0.030,0.010,-0.020,3,0.56,0.83,0.10,1
32831,29720,18346,15342,0,0,-1.86748,0.33758,9.70131,0.018109,-0.037284,-0.013848,1.972,10.856,-1.578,-0.0154,-0.0058,0.0162,0.2728,0.9854,1.4070,0.0179290,-0.0375232,-0.0128220,-0.011245,0.021323,0.079666,0.00000,0.00000,0.000,0.000,0.000,0.000,0.000,-6.0000,0.0000,0.0000,6.0000,95.00,95.00,90.00,90.00,1575,1425,2475,1500,1,16,40.4361898,-86.8937398,162.257,-0.030,0.010,-0.020,3,0.56,0.83,0.10,1
32880,30485,18395,15343,0,0,-1.85790,0.33399,9.71088,0.017044,-0.037284,-0.014914,1.969,10.857,-1.583,-0.0156,-0.0067,0.0165,0.2720,0.9851,1.4078,0.0179283,-0.0375230,-0.0128218,-0.011244,0.021324,0.079666,0.00000,0.00000,0.000,0.000,0.000,0.000,0.000,-6.0000,0.0000,0.0000,6.0000,95.00,95.00,90.00,90.00,1575,1425,2475,1500,1,16,40.4361898,-86.8937398,162.257,-0.030,0.010,-0.020,3,0.56,0.83,0.10,1
32928,41776,24672,21602,0,0,-1.85790,0.33758,9.70250,0.018109,-0.037284,-0.013848,1.937,10.863,-1.733,-0.0070,0.0191,-0.0035,0.2736,0.9937,1.4006,0.0179332,-0.0375232,-0.0127240,-0.011320,0.022212,0.080290,0.00000,0.00000,0.000,0.000,0.000,0.000,0.000,-6.0000,0.0000,0.0000,6.0000,95.00,95.00,90.00,90.00,1575,1425,2475,1500,1,16,40.4361899,-86.8937398,162.243,0.000,0.040,0.020,3,0.56,0.83,0.08,1
32970,23762,18268,15273,0,0,-1.86029,0.34237,9.70490,0.018109,-0.037284,-0.013848,1.941,10.860,-1.739,-0.0072,0.0184,-0.0034,0.2733,0.9946,1.4005,0.0179284,-0.0375216,-0.0127227,-0.011320,0.022222,0.080290,0.00000,0.00000,0.000,0.000,0.000,0.000,0.000,-6.0000,0.0000,0.0000,6.0000,95.00,95.00,90.00,90.00,1575,1425,2475,1500,1,16,40.4361899,-86.8937398,162.243,0.000,0.040,0.020,3,0.56,0.83,0.08,1
33036,33229,26916,18943,0,0,-1.85910,0.33878,9.71208,0.017044,-0.037284,-0.013848,1.944,10.858,-1.745,-0.0071,0.0177,-0.0030,0.2729,0.9956,1.4003,0.0179237,-0.0375178,-0.0127214,-0.011325,0.022235,0.080289,0.00000,0.00000,0.000,0.000,0.000,0.000,0.000,-6.0000,0.0000,0.0000,6.0000,95.00,95.00,90.00,90.00,1575,1425,2475,1500,1,16,40.4361899,-86.8937398,162.243,0.000,0.040,0.020,3,0.56,0.83,0.08,1
33073,27162,36617,28528,0,0,-1.86628,0.32681,9.70609,0.017044,-0.037284,-0.013848,1.941,10.859,-1.746,-0.0073,0.0171,-0.0030,0.2727,0.9961,1.4002,0.0179244,-0.0375188,-0.0127216,-0.011324,0.022233,0.080289,0.00000,0.00000,0.000,0.000,0.000,0.000,0.000,-6.0000,0.0000,0.0000,6.0000,95.00,95.00,90.00,90.00,1575,1425,2475,1500,1,16,40.4361899,-86.8937398,162.243,0.000,0.040,0.020,3,0.56,0.83,0.08,1
33139,41793,18792,15150,0,0,-1.86269,0.33279,9.70011,0.018109,-0.037284,-0.013848,1.958,10.859,-1.686,0.0017,0.0015,-0.0016,0.2747,0.9961,1.3976,0.0179201,-0.0375195,-0.0127642,-0.011765,0.021906,0.080172,0.00000,0.00000,0.000,0.000,0.000,0.000,0.000,-6.0000,0.0000,0.0000,6.0000,95.00,95.00,90.00,90.00,1575,1425,2475,1500,1,16,40.4361899,-86.8937398,162.251,0.010,-0.010,0.000,3,0.56,0.82,0.10,1
33182,24299,18268,15254,0,0,-1.85790,0.34117,9.70849,0.017044,-0.037284,-0.013848,1.959,10.858,-1.690,0.0016,0.0009,-0.0016,0.2748,0.9962,1.3975,0.0179171,-0.0375180,-0.0127634,-0.011766,0.021913,0.080172,0.00000,0.00000,0.000,0.000,0.000,0.000,0.000,-6.0000,0.0000,0.0000,6.0000,95.00,95.00,90.00,90.00,1575,1425,2475,1500,1,16,40.4361899,-86.8937398,162.251,0.010,-0.010,0.000,3,0.56,0.82,0.10,1
33230,29899,18333,15311,0,0,-1.85910,0.34716,9.70011,0.017044,-0.037284,-0.013848,1.964,10.857,-1.696,0.0016,0.0005,-0.0018,0.2749,0.9962,1.3974,0.0179083,-0.0375161,-0.0127613,-0.011765,0.021928,0.080171,0.00000,0.00000,0.000,0.000,0.000,0.000,0.000,-6.0000,0.0000,0.0000,6.0000,95.00,95.00,90.00,90.00,1575,1425,2475,1500,1,16,40.4361899,-86.8937398,162.251,0.010,-0.010,0.000,3,0.56,0.82,0.10,1
33279,29519,18815,15450,0,0,-1.85431,0.33399,9.70609,0.018109,-0.037284,-0.013848,1.965,10.856,-1.700,0.0015,-0.0004,-0.0018,0.2749,0.9962,1.3973,0.0179074,-0.0375145,-0.0127611,-0.011767,0.021931,0.080171,0.00000,0.00000,0.000,0.000,0.000,0.000,0.000,-6.0000,0.0000,0.0000,6.0000,95.00,95.00,90.00,90.00,1575,1425,2475,1500,1,16,40.4361899,-86.8937398,162.251,0.010,-0.010,0.000,3,0.56,0.82,0.10,1
33329,24794,44087,41091,0,0,-1.86748,0.33998,9.70729,0.018109,-0.037284,-0.013848,1.961,10.865,-1.733,0.0285,-0.0000,0.0046,0.2820,0.9987,1.3965,0.0179058,-0.0375216,-0.0127397,-0.012533,0.022224,0.079801,0.00000,0.00000,0.000,0.000,0.000,0.000,0.000,-6.0000,0.0000,0.0000,6.0000,95.00,95.00,90.00,90.00,1575,1425,2475,1500,1,16,40.4361901,-86.8937398,162.268,0.050,0.000,-0.010,3,0.56,0.82,0.08,1
33373,69295,18614,15645,0,0,-1.86149,0.34357,9.70609,0.018109,-0.037284,-0.013848,1.964,10.865,-1.739,0.0285,-0.0007,0.0047,0.2840,0.9987,1.3968,0.0179025,-0.0375208,-0.0127389,-0.012533,0.022230,0.079801,0.00000,0.00000,0.000,0.000,0.000,0.000,0.000,-6.0000,0.0000,0.0000,6.0000,95.00,95.00,90.00,90.00,1575,1425,2475,1500,1,16,40.4361901,-86.8937398,162.268,0.050,0.000,-0.010,3,0.56,0.82,0.08,1
33434,18394,18232,15242,0,0,-1.86269,0.33758,9.70490,0.018109,-0.037284,-0.013848,1.969,10.864,-1.746,0.0284,-0.0016,0.0046,0.2857,0.9986,1.3971,0.0178971,-0.0375184,-0.0127375,-0.012534,0.022242,0.079800,0.00000,0.00000,0.000,0.000,0.000,0.000,0.000,-6.0000,0.0000,0.0000,6.0000,95.00,95.00,90.00,90.00,1575,1425,2475,1500,1,16,40.4361901,-86.8937398,162.268,0.050,0.000,-0.010,3,0.56,0.82,0.08,1
33489,30966,24500,21459,0,0,-1.86508,0.33399,9.69652,0.017044,-0.037284,-0.013848,1.976,10.857,-1.712,-0.0017,-0.0037,-0.0035,0.2809,1.0005,1.3933,0.0178939,-0.0375125,-0.0127626,-0.011704,0.021897,0.080231,0.00000,0.00000,0.000,0.000,0.000,0.000,0.000,-6.0000,0.0000,0.0000,6.0000,95.00,95.00,90.00,90.00,1575,1425,2475,1500,1,16,40.4361901,-86.8937398,162.273,-0.027,-0.005,0.010,3,0.55,0.82,0.08,1
33528,25031,38045,30166,0,0,-1.85551,0.33998,9.70011,0.017044,-0.037284,-0.013848,1.976,10.856,-1.714,-0.0017,-0.0041,-0.0037,0.2809,1.0004,1.3932,0.0178924,-0.0375109,-0.0127621,-0.011707,0.021901,0.080231,0.00000,0.00000,0.000,0.000,0.000,0.000,0.000,-6.0000,0.0000,0.0000,6.0000,95.00,95.00,90.00,90.00,1575,1425,2475,1500,1,16,40.4361901,-86.8937398,162.273,-0.030,0.000,0.010,3,0.55,0.82,0.08,1
33603,56190,18673,15669,0,0,-1.85551,0.33639,9.70131,0.018109,-0.036219,-0.014914,1.973,10.860,-1.723,-0.0019,-0.0059,-0.0037,0.2807,0.9999,1.3929,0.0178929,-0.0375099,-0.0127622,-0.011709,0.021901,0.080230,0.00000,0.00000,0.000,0.000,0.000,0.000,0.000,-6.0000,0.0000,0.0000,6.0000,95.00,95.00,90.00,90.00,1575,1425,2475,1500,1,16,40.4361901,-86.8937398,162.273,-0.030,0.000,0.010,3,0.55,0.82,0.08,1
33627,18984,23603,15698,0,0,-1.86508,0.33639,9.70250,0.018109,-0.037284,-0.013848,1.973,10.861,-1.725,-0.0020,-0.0063,-0.0038,0.2807,0.9998,1.3928,0.0178923,-0.0375106,-0.0127621,-0.011707,0.021902,0.080231,0.00000,0.00000,0.000,0.000,0.000,0.000,0.000,-6.0000,0.0000,0.0000,6.0000,95.00,95.00,90.00,90.00,1575,1425,2475,1500,1,16,40.4361901,-86.8937398,162.273,-0.030,0.000,0.010,3,0.55,0.82,0.08,1
33674,28917,18331,15323,0,0,-1.84713,0.33758,9.70250,0.018109,-0.037284,-0.013848,1.975,10.857,-1.729,-0.0020,-0.0072,-0.0040,0.2806,0.9994,1.3926,0.0178905,-0.0375058,-0.0127616,-0.011714,0.021909,0.080229,0.00000,0.00000,0.000,0.000,0.000,0.000,0.000,-6.0000,0.0000,0.0000,6.0000,95.00,95.00,90.00,90.00,1575,1425,2475,1500,1,16,40.4361901,-86.8937398,162.273,-0.030,0.000,0.010,3,0.55,0.82,0.08,1
33730,31325,24373,21369,0,0,-1.85910,0.33878,9.70969,0.018109,-0.037284,-0.013848,1.983,10.855,-1.698,-0.0008,-0.0148,-0.0019,0.2818,0.9997,1.3910,0.0178889,-0.0375053,-0.0127840,-0.011820,0.021722,0.080140,0.00000,0.00000,0.000,0.000,0.000,0.000,0.000,-6.0000,0.0000,0.0000,6.0000,95.00,95.00,90.00,90.00,1575,1425,2475,1500,1,17,40.4361902,-86.8937398,162.282,0.000,-0.020,0.000,3,0.55,0.82,0.10,1
33779,29708,18413,14947,0,0,-1.86389,0.33399,9.70250,0.018109,-0.037284,-0.013848,1.984,10.858,-1.702,-0.0011,-0.0158,-0.0021,0.2817,0.9989,1.3909,0.0178877,-0.0375067,-0.0127837,-0.011816,0.021722,0.080141,0.00000,0.00000,0.000,0.000,0.000,0.000,0.000,-6.0000,0.0000,0.0000,6.0000,95.00,95.00,90.00,90.00,1575,1425,2475,1500,1,17,40.4361902,-86.8937398,162.282,0.000,-0.020,0.000,3,0.55,0.82,0.10,1
33819,40826,18271,15201,0,0,-1.86987,0.33998,9.70370,0.018109,-0.037284,-0.012783,1.986,10.860,-1.702,-0.0015,-0.0164,-0.0021,0.2817,0.9982,1.3908,0.0178867,-0.0375088,-0.0127836,-0.011811,0.021722,0.080142,0.00000,0.00000,0.000,0.000,0.000,0.000,0.000,-6.0000,0.0000,0.0000,6.0000,95.00,95.00,90.00,90.00,1575,1425,2475,1500,1,17,40.4361902,-86.8937398,162.282,0.000,-0.020,0.000,3,0.55,0.82,0.10,1
33888,19385,24396,21410,0,0,-1.86149,0.32681,9.70729,0.018109,-0.037284,-0.013848,1.943,10.863,-1.871,-0.0032,0.0153,-0.0074,0.2822,1.0074,1.3877,0.0178970,-0.0375044,-0.0126757,-0.011426,0.022650,0.080361,0.00000,0.00000,0.000,0.000,0.000,0.000,0.000,-6.0000,0.0000,0.0000,6.0000,95.00,95.00,90.00,90.00,1575,1425,2475,1500,1,16,40.4361902,-86.8937396,162.292,-0.005,0.043,0.012,3,0.55,0.81,0.08,1
33937,24917,18322,15043,0,0,-1.86508,0.33160,9.70729,0.018109,-0.037284,-0.014914,1.945,10.864,-1.880,-0.0035,0.0144,-0.0073,0.2820,1.0083,1.3873,0.0178942,-0.0375044,-0.0126750,-0.011424,0.022655,0.080362,0.00000,0.00000,0.000,0.000,0.000,0.000,0.000,-6.0000,0.0000,0.0000,6.0000,95.00,95.00,90.00,90.00,1575,1425,2475,1500,1,16,40.4361902,-86.8937396,162.292,0.000,0.040,0.010,3,0.55,0.81,0.08,1
33985,30004,18361,15348,0,0,-1.86029,0.33279,9.70969,0.018109,-0.037284,-0.013848,1.946,10.863,-1.884,-0.0036,0.0136,-0.0073,0.2818,1.0090,1.3870,0.0178925,-0.0375026,-0.0126745,-0.011426,0.022660,0.080361,0.00000,0.00000,0.000,0.000,0.000,0.000,0.000,-6.0000,0.0000,0.0000,6.0000,95.00,95.00,90.00,90.00,1575,1425,2475,1500,1,16,40.4361902,-86.8937396,162.292,0.000,0.040,0.010,3,0.55,0.81,0.08,1
34044,58003,18686,15692,0,0,-1.86149,0.33279,9.70969,0.017044,-0.037284,-0.013848,1.943,10.863,-1.888,-0.0037,0.0126,-0.0071,0.2816,1.0097,1.3865,0.0178915,-0.0375018,-0.0126742,-0.011427,0.022663,0.080361,0.00000,0.00000,0.000,0.000,0.000,0.000,0.000,-6.0000,0.0000,0.0000,6.0000,95.00,95.00,90.00,90.00,1575,1425,2475,1500,1,16,40.4361902,-86.8937396,162.292,0.000,0.040,0.010,3,0.55,0.81,0.08,1
34080,18979,36257,28352,0,0,-1.86149,0.33040,9.71328,0.018109,-0.037284,-0.013848,1.943,10.862,-1.890,-0.0038,0.0122,-0.0070,0.2816,1.0099,1.3864,0.0178913,-0.0375008,-0.0126742,-0.011428,0.022664,0.080360,0.00000,0.00000,0.000,0.000,0.000,0.000,0.000,-6.0000,0.0000,0.0000,6.0000,95.00,95.00,90.00,90.00,1575,1425,2475,1500,1,16,40.4361902,-86.8937396,162.292,0.000,0.040,0.010,3,0.55,0.81,0.08,1
34130,24822,18319,15313,0,0,-1.85790,0.34357,9.69771,0.018109,-0.037284,-0.013848,1.985,10.860,-1.739,0.0211,-0.0238,-0.0145,0.2890,1.0043,1.3823,0.0178783,-0.0375038,-0.0127731,-0.012614,0.021916,0.080404,0.00000,0.00000,0.000,0.000,0.000,0.000,0.000,-6.0000,0.0000,0.0000,6.0000,95.00,95.00,90.00,90.00,1575,1425,2475,1500,1,17,40.4361903,-86.8937396,162.290,0.040,-0.050,0.020,3,0.55,0.81,0.11,1
34178,29831,18226,15010,0,0,-1.86508,0.34237,9.70490,0.018109,-0.037284,-0.013848,1.987,10.861,-1.743,0.0209,-0.0246,-0.0144,0.2900,1.0031,1.3816,0.0178768,-0.0375042,-0.0127728,-0.012612,0.021918,0.080405,0.00000,0.00000,0.000,0.000,0.000,0.000,0.000,-6.0000,0.0000,0.0000,6.0000,95.00,95.00,90.00,90.00,1575,1425,2475,1500,1,17,40.4361903,-86.8937396,162.290,0.040,-0.050,0.020,3,0.55,0.81,0.11,1
34237,40441,18576,15273,0,0,-1.85431,0.34477,9.69891,0.018109,-0.037284,-0.013848,1.990,10.859,-1.748,0.0211,-0.0255,-0.0148,0.2913,1.0016,1.3808,0.0178739,-0.0374999,-0.0127720,-0.012618,0.021928,0.080403,0.00000,0.00000,0.000,0.000,0.000,0.000,0.000,-6.0000,0.0000,0.0000,6.0000,95.00,95.00,90.00,90.00,1575,1425,2475,1500,1,17,40.4361903,-86.8937396,162.290,0.040,-0.050,0.020,3,0.55,0.81,0.11,1
34293,30976,24346,21343,0,0,-1.85311,0.34716,9.70969,0.018109,-0.037284,-0.013848,1.979,10.855,-1.812,0.0065,-0.0114,-0.0139,0.2903,1.0064,1.3789,0.0178739,-0.0374920,-0.0127334,-0.012024,0.022193,0.080479,0.00000,0.00000,0.000,0.000,0.000,0.000,0.000,-6.0000,0.0000,0.0000,6.0000,95.00,95.00,90.00,90.00,1575,1425,2475,1500,1,16,40.4361904,-86.8937396,162.298,-0.006,0.000,0.013,3,0.55,0.81,0.09,1
34335,23708,18259,15261,0,0,-1.85670,0.33998,9.70490,0.017044,-0.038350,-0.012783,1.977,10.857,-1.813,0.0062,-0.0124,-0.0140,0.2906,1.0058,1.3782,0.0178741,-0.0374931,-0.0127335,-0.012022,0.022191,0.080479,0.00000,0.00000,0.000,0.000,0.000,0.000,0.000,-6.0000,0.0000,0.0000,6.0000,95.00,95.00,90.00,90.00,1575,1425,2475,1500,1,16,40.4361904,-86.8937396,162.298,-0.010,0.000,0.010,3,0.55,0.81,0.09,1
34374,18509,38195,30275,0,0,-1.85910,0.33758,9.70490,0.018109,-0.037284,-0.014914,1.978,10.856,-1.816,0.0062,-0.0127,-0.0140,0.2907,1.0056,1.3779,0.0178734,-0.0374922,-0.0127333,-0.012023,0.022193,0.080479,0.00000,0.00000,0.000,0.000,0.000,0.000,0.000,-6.0000,0.0000,0.0000,6.0000,95.00,95.00,90.00,90.00,1575,1425,2475,1500,1,16,40.4361904,-86.8937396,162.298,-0.010,0.000,0.010,3,0.55,0.81,0.09,1
34433,33813,24905,21893,0,0,-1.85790,0.34237,9.70490,0.018109,-0.037284,-0.013848,1.982,10.858,-1.823,0.0059,-0.0134,-0.0142,0.2912,1.0047,1.3769,0.0178665,-0.0374924,-0.0127318,-0.012018,0.022205,0.080480,0.00000,0.00000,0.000,0.000,0.000,0.000,0.000,-6.0000,0.0000,0.0000,6.0000,95.00,95.00,90.00,90.00,1575,1425,2475,1500,1,16,40.4361904,-86.8937396,162.298,-0.010,0.000,0.010,3,0.55,0.81,0.09,1
34495,27326,24651,21650,0,0,-1.86029,0.34716,9.70250,0.017044,-0.037284,-0.014914,1.956,10.858,-1.937,-0.0140,0.0109,-0.0009,0.2880,1.0127,1.3782,0.0178683,-0.0374865,-0.0126629,-0.011082,0.022696,0.080211,0.00000,0.00000,0.000,0.000,0.000,0.000,0.000,-6.0000,0.0000,0.0000,6.0000,95.00,95.00,90.00,90.00,1575,1425,2475,1500,1,16,40.4361903,-86.8937394,162.314,-0.030,0.030,-0.010,3,0.55,0.81,0.10,1
