ms,control_dt_us,control_exec_us,esekf_us,missed,log_dropped,ax,ay,az,gx,gy,gz,roll_deg,pitch_deg,yaw_deg,vn,ve,vu,pn,pe,pu,bgx,bgy,bgz,bax,bay,baz,s_roll,s_pitch,u_diff_deg,u_sym_deg,u_tail_deg,left_inc_deg,right_inc_deg,b00,b01,b10,b11,left_deg,right_deg,morph_deg,tail_deg,left_pwm,right_pwm,morph_pwm,tail_pwm,gps_fix,gps_sats,gps_lat_deg,gps_lon_deg,gps_alt_m,gps_vn,gps_ve,gps_vd,gps_fix_type,gps_hacc_m,gps_vacc_m,gps_sacc_mps,gps_origin_set
517,501031,15176,12044,0,0,8.96269,0.15921,-0.70749,-0.093743,0.399474,0.511327,115.460,-69.196,0.278,0.0345,0.0073,-0.0159,0.0002,0.0000,-0.0001,0.0000000,0.0000000,0.0000000,0.000000,0.000000,0.000000,0.00000,0.00000,0.000,0.000,0.000,0.000,0.000,-6.0000,0.0000,0.0000,6.0000,95.00,95.00,90.00,90.00,1575,1575,2472,1500,0,,,,,,,,0,,,,0
580,15936,15172,12147,0,0,9.53730,-0.83677,-0.72544,-0.147006,-0.668986,0.057524,120.142,-68.735,-5.175,0.2640,0.0610,-0.0793,0.0094,0.0023,-0.0030,0.0000000,0.0000000,0.0000000,0.000000,0.000000,0.000000,0.00000,0.00000,0.000,0.000,0.000,0.000,0.000,-6.0000,0.0000,0.0000,6.0000,95.00,95.00,90.00,90.00,1575,1575,2469,1500,0,,,,,,,,0,,,,0
624,27847,15731,12698,0,0,10.86249,-0.59376,0.96606,0.141680,0.425041,-0.150202,118.969,-68.679,-3.653,0.4806,0.0315,-0.0782,0.0256,0.0044,-0.0063,0.0000000,0.0000000,0.0000000,0.000000,0.000000,0.000000,0.00000,0.00000,0.000,0.000,0.000,0.000,0.000,-6.0000,0.0000,0.0000,6.0000,95.00,95.00,90.00,90.00,1575,1575,2462,1500,0,,,,,,,,0,,,,0
675,15284,15594,12278,0,0,9.95389,-0.36871,0.92895,0.476173,0.726510,-0.494283,114.777,-68.843,1.477,0.6827,0.0123,-0.1341,0.0553,0.0056,-0.0119,0.0000000,0.0000000,0.0000000,0.000000,0.000000,0.000000,0.00000,0.00000,0.000,0.000,0.000,0.000,0.000,-6.0000,0.0000,0.0000,6.0000,95.00,95.00,90.00,90.00,1575,1575,2459,1500,0,,,,,,,,0,,,,0
720,28933,15667,12624,0,0,8.74243,-0.79248,-0.65003,0.164051,0.219444,-0.210922,112.457,-68.617,4.352,0.8394,0.0486,-0.2151,0.0893,0.0067,-0.0197,0.0000000,0.0000000,0.0000000,0.000000,0.000000,0.000000,0.00000,0.00000,0.000,0.000,0.000,0.000,0.000,-6.0000,0.0000,0.0000,6.0000,95.00,95.00,90.00,90.00,1575,1575,2452,1500,0,,,,,,,,0,,,,0
778,15828,15164,12143,0,0,9.79707,0.05148,0.67756,0.413323,0.079895,-0.252468,112.675,-67.687,5.456,1.0720,0.0454,-0.2781,0.1456,0.0098,-0.0343,0.0000000,0.0000000,0.0000000,0.000000,0.000000,0.000000,0.00000,0.00000,0.000,0.000,0.000,0.000,0.000,-6.0000,0.0000,0.0000,6.0000,95.00,95.00,90.00,90.00,1575,1575,2449,1500,0,,,,,,,,0,,,,0
830,15796,15585,12581,0,0,9.90960,0.76375,0.53151,0.334493,0.331297,-0.057524,111.356,-67.812,8.059,1.2902,0.0574,-0.2866,0.2064,0.0127,-0.0487,0.0000000,0.0000000,0.0000000,0.000000,0.000000,0.000000,0.00000,0.00000,0.000,0.000,0.000,0.000,0.000,-6.0000,0.0000,0.0000,6.0000,95.00,95.00,90.00,90.00,1575,1575,2442,1500,0,,,,,,,,0,,,,0
872,25944,15737,12688,0,0,9.91559,0.15921,0.87388,0.362190,-0.017044,0.008522,111.847,-67.835,8.330,1.4422,0.0514,-0.3262,0.2632,0.0150,-0.0616,0.0000000,0.0000000,0.0000000,0.000000,0.000000,0.000000,0.00000,0.00000,0.000,0.000,0.000,0.000,0.000,-6.0000,0.0000,0.0000,6.0000,95.00,95.00,90.00,90.00,1575,1575,2439,1500,0,,,,,,,,0,,,,0
917,29397,15387,12280,0,0,10.18972,-0.17837,-0.59137,0.018109,-0.241815,-0.306796,135.260,-59.205,-17.523,2.0591,-0.7666,-0.5164,0.4194,-0.1462,-0.1107,0.0002159,0.0074506,0.0003508,0.000000,0.000000,0.000000,0.00000,0.00000,0.000,0.000,0.000,0.000,0.000,-6.0000,0.0000,0.0000,6.0000,95.00,95.00,90.00,90.00,1575,1575,2435,1500,0,,,,,,,,0,,,,0
968,15723,15586,12569,0,0,8.27676,0.32561,0.61531,-0.308927,-0.515588,-0.054328,136.148,-57.825,-19.260,2.2784,-0.8661,-0.6440,0.5310,-0.1879,-0.1402,0.0002159,0.0074506,0.0003508,0.000000,0.000000,0.000000,0.00000,0.00000,0.000,0.000,0.000,0.000,0.000,-6.0000,0.0000,0.0000,6.0000,95.00,95.00,90.00,90.00,1575,1575,2432,1500,0,,,,,,,,0,,,,0
1027,30492,27537,19551,0,0,11.16895,0.45610,0.58538,-0.318514,0.677508,0.049002,134.197,-58.747,-17.985,2.5305,-0.9869,-0.6759,0.6425,-0.2309,-0.1711,0.0002159,0.0074506,0.0003508,0.000000,0.000000,0.000000,0.00000,0.00000,0.000,0.000,0.000,0.000,0.000,-6.0000,0.0000,0.0000,6.0000,95.00,95.00,90.00,90.00,1575,1575,2425,1500,0,,,,,,,,0,,,,0
1074,30895,16486,13443,0,0,8.34738,0.90980,-0.35674,-0.443150,0.004261,0.316384,132.813,-60.153,-17.591,2.7447,-1.0868,-0.7900,0.7978,-0.2921,-0.2139,0.0002159,0.0074506,0.0003508,0.000000,0.000000,0.000000,0.00000,0.00000,0.000,0.000,0.000,0.000,0.000,-6.0000,0.0000,0.0000,6.0000,95.00,95.00,90.00,90.00,1575,1575,2419,1500,0,,,,,,,,0,,,,0
1127,16291,15650,12640,0,0,10.07839,0.45490,0.00239,-0.434628,-0.568851,0.215183,134.289,-59.576,-20.714,3.0157,-1.1631,-0.8643,0.9524,-0.3521,-0.2584,0.0002159,0.0074506,0.0003508,0.000000,0.000000,0.000000,0.00000,0.00000,0.000,0.000,0.000,0.000,0.000,-6.0000,0.0000,0.0000,6.0000,95.00,95.00,90.00,90.00,1575,1575,2415,1500,0,,,,,,,,0,,,,0
1169,26027,15754,12699,0,0,10.05804,-0.24301,1.31083,0.225836,0.695618,0.269512,133.965,-60.295,-20.005,3.2723,-1.2742,-0.9101,1.0847,-0.4031,-0.2953,0.0002159,0.0074506,0.0003508,0.000000,0.000000,0.000000,0.00000,0.00000,0.000,0.000,0.000,0.000,0.000,-6.0000,0.0000,0.0000,6.0000,95.00,95.00,90.00,90.00,1575,1575,2409,1500,0,,,,,,,,0,,,,0
1227,15819,15614,12592,0,0,9.40802,0.03831,0.98402,0.461259,0.438889,0.219444,133.596,-62.283,-18.914,3.5352,-1.3732,-1.0478,1.2814,-0.4796,-0.3520,0.0002159,0.0074506,0.0003508,0.000000,0.000000,0.000000,0.00000,0.00000,0.000,0.000,0.000,0.000,0.000,-6.0000,0.0000,0.0000,6.0000,95.00,95.00,90.00,90.00,1575,1575,2405,1500,0,,,,,,,,0,,,,0
1278,15677,15229,12154,0,0,8.98783,-0.48363,0.22625,0.208792,0.417584,0.193878,132.911,-63.783,-17.484,3.7899,-1.4687,-1.1009,1.4703,-0.5533,-0.4070,0.0002159,0.0074506,0.0003508,0.000000,0.000000,0.000000,0.00000,0.00000,0.000,0.000,0.000,0.000,0.000,-6.0000,0.0000,0.0000,6.0000,95.00,95.00,90.00,90.00,1575,1575,2399,1500,0,,,,,,,,0,,,,0
1322,27855,15700,12642,0,0,9.23204,-0.55186,0.28132,-0.162985,-0.611462,-0.047937,134.201,-63.079,-19.265,3.9634,-1.5281,-1.1999,1.6380,-0.6182,-0.4571,0.0002159,0.0074506,0.0003508,0.000000,0.000000,0.000000,0.00000,0.00000,0.000,0.000,0.000,0.000,0.000,-6.0000,0.0000,0.0000,6.0000,95.00,95.00,90.00,90.00,1575,1575,2392,1500,0,,,,,,,,0,,,,0
1381,15876,16790,13756,0,0,10.13705,-0.37589,0.92416,-0.095874,-0.015979,-0.024501,154.262,-54.976,-38.897,4.3923,-3.1284,-1.5220,1.9371,-1.3063,-0.5952,-0.0034993,0.0635958,-0.0018762,0.000000,0.000000,0.000000,0.00000,0.00000,0.000,0.000,0.000,0.000,0.000,-6.0000,0.0000,0.0000,6.0000,95.00,95.00,90.00,90.00,1575,1575,2389,1500,0,,,,,,,,0,,,,0
1418,20667,15954,12850,0,0,9.20690,-0.12929,0.66798,-0.068177,0.116114,0.036219,154.197,-55.069,-38.945,4.5741,-3.2766,-1.6192,2.1079,-1.4283,-0.6550,-0.0034993,0.0635958,-0.0018762,0.000000,0.000000,0.000000,0.00000,0.00000,0.000,0.000,0.000,0.000,0.000,-6.0000,0.0000,0.0000,6.0000,95.00,95.00,90.00,90.00,1575,1575,2382,1500,0,,,,,,,,0,,,,0
1476,15371,15602,12219,0,0,9.80545,-0.45969,0.56743,-0.018109,-0.641289,-0.014914,154.984,-53.373,-40.305,4.8218,-3.4722,-1.7716,2.3809,-1.6244,-0.7538,-0.0034993,0.0635958,-0.0018762,0.000000,0.000000,0.000000,0.00000,0.00000,0.000,0.000,0.000,0.000,0.000,-6.0000,0.0000,0.0000,6.0000,95.00,95.00,90.00,90.00,1575,1575,2379,1500,0,,,,,,,,0,,,,0
1537,36518,23921,20837,0,0,10.29148,-0.44772,1.11570,0.264186,0.213053,-0.054328,155.484,-53.270,-40.189,5.1105,-3.7138,-1.8780,2.6412,-1.8125,-0.8491,-0.0034993,0.0635958,-0.0018762,0.000000,0.000000,0.000000,0.00000,0.00000,0.000,0.000,0.000,0.000,0.000,-6.0000,0.0000,0.0000,6.0000,95.00,95.00,90.00,90.00,1575,1575,2372,1500,0,,,,,,,,0,,,,0
1579,25830,15993,12895,0,0,10.18015,-0.06345,0.69671,0.087352,0.070307,-0.160855,155.075,-53.416,-39.108,5.3587,-3.9362,-1.9871,2.9029,-2.0039,-0.9459,-0.0034993,0.0635958,-0.0018762,0.000000,0.000000,0.000000,0.00000,0.00000,0.000,0.000,0.000,0.000,0.000,-6.0000,0.0000,0.0000,6.0000,95.00,95.00,90.00,90.00,1575,1575,2365,1500,0,,,,,,,,0,,,,0
1622,27091,16330,13272,0,0,10.94988,-0.38307,0.64404,-0.132093,0.002131,-0.205596,154.390,-53.023,-38.498,5.6024,-4.1317,-2.0509,3.1405,-2.1789,-1.0334,-0.0034993,0.0635958,-0.0018762,0.000000,0.000000,0.000000,0.00000,0.00000,0.000,0.000,0.000,0.000,0.000,-6.0000,0.0000,0.0000,6.0000,95.00,95.00,90.00,90.00,1575,1575,2362,1500,0,,,,,,,,0,,,,0
1682,30929,23390,20061,0,0,9.73363,-0.17597,0.92775,-0.009587,0.042611,-0.165116,153.679,-52.618,-37.686,5.8671,-4.3370,-2.1880,3.4419,-2.4011,-1.1448,-0.0034993,0.0635958,-0.0018762,0.000000,0.000000,0.000000,0.00000,0.00000,0.000,0.000,0.000,0.000,0.000,-6.0000,0.0000,0.0000,6.0000,95.00,95.00,90.00,90.00,1575,1575,2355,1500,0,,,,,,,,0,,,,0
1718,19832,15666,12574,0,0,8.81545,0.47285,1.30005,0.193878,0.822384,-0.168312,152.548,-53.522,-36.105,6.0854,-4.5242,-2.3123,3.7022,-2.5938,-1.2425,-0.0034993,0.0635958,-0.0018762,0.000000,0.000000,0.000000,0.00000,0.00000,0.000,0.000,0.000,0.000,0.000,-6.0000,0.0000,0.0000,6.0000,95.00,95.00,90.00,90.00,1575,1575,2349,1500,0,,,,,,,,0,,,,0
1778,16437,15905,12839,0,0,9.49421,0.52313,0.97085,0.012783,-0.040480,-0.147006,152.155,-53.504,-35.572,6.3698,-4.7663,-2.4526,4.0747,-2.8712,-1.3850,-0.0034993,0.0635958,-0.0018762,0.000000,0.000000,0.000000,0.00000,0.00000,0.000,0.000,0.000,0.000,0.000,-6.0000,0.0000,0.0000,6.0000,95.00,95.00,90.00,90.00,1575,1575,2345,1500,0,,,,,,,,0,,,,0
1821,26700,15946,12882,0,0,10.29507,-0.01796,1.49518,0.034088,-0.024501,0.030893,152.471,-53.058,-35.831,6.5888,-4.9677,-2.5553,4.3523,-3.0799,-1.4924,-0.0034993,0.0635958,-0.0018762,0.000000,0.000000,0.000000,0.00000,0.00000,0.000,0.000,0.000,0.000,0.000,-6.0000,0.0000,0.0000,6.0000,95.00,95.00,90.00,90.00,1575,1575,2339,1500,0,,,,,,,,0,,,,0
1873,15368,16117,13162,0,0,9.30746,-0.05148,0.56862,-0.027697,0.258859,0.093743,152.112,-53.761,-35.539,6.8612,-5.1591,-2.6812,4.7060,-3.3461,-1.6299,-0.0034993,0.0635958,-0.0018762,0.000000,0.000000,0.000000,0.00000,0.00000,0.000,0.000,0.000,0.000,0.000,-6.0000,0.0000,0.0000,6.0000,95.00,95.00,90.00,90.00,1575,1575,2335,1500,0,,,,,,,,0,,,,0
1917,27022,16359,12987,0,0,11.05642,-0.68953,1.35751,0.043676,0.291882,0.080960,152.235,-54.162,-35.669,7.1101,-5.3337,-2.7733,5.0090,-3.5736,-1.7486,-0.0034993,0.0635958,-0.0018762,0.000000,0.000000,0.000000,0.00000,0.00000,0.000,0.000,0.000,0.000,0.000,-6.0000,0.0000,0.0000,6.0000,95.00,95.00,90.00,90.00,1575,1575,2329,1500,0,,,,,,,,0,,,,0
1975,15387,16332,12948,0,0,8.95192,0.43215,1.44849,0.015979,0.216249,-0.092678,151.402,-55.083,-34.195,7.3555,-5.5894,-2.9251,5.4310,-3.8921,-1.9146,-0.0034993,0.0635958,-0.0018762,0.000000,0.000000,0.000000,0.00000,0.00000,0.000,0.000,0.000,0.000,0.000,-6.0000,0.0000,0.0000,6.0000,95.00,95.00,90.00,90.00,1575,1575,2325,1500,0,,,,,,,,0,,,,0
2031,37332,17826,14784,0,0,9.68095,-1.02711,0.75776,-0.002131,0.077764,0.210922,155.976,-44.431,-42.894,8.1629,-7.2658,-3.9519,6.1685,-5.0833,-2.4789,0.0006668,0.1671355,-0.0001412,0.000000,0.000000,0.000000,0.00000,0.00000,0.000,0.000,0.000,0.000,0.000,-6.0000,0.0000,0.0000,6.0000,95.00,95.00,90.00,90.00,1575,1575,2319,1500,0,,,,,,,,0,,,,0
2079,32394,16022,12939,0,0,9.37569,0.07901,1.31442,0.034088,0.132093,0.077764,156.270,-44.462,-43.161,8.4189,-7.5575,-4.1583,6.5867,-5.4573,-2.6834,0.0006668,0.1671355,-0.0001412,0.000000,0.000000,0.000000,0.00000,0.00000,0.000,0.000,0.000,0.000,0.000,-6.0000,0.0000,0.0000,6.0000,95.00,95.00,90.00,90.00,1575,1575,2315,1500,0,,,,,,,,0,,,,0
2124,27754,16448,13404,0,0,10.30105,-0.50159,1.32399,0.115049,0.135289,0.113983,156.898,-44.387,-43.814,8.6695,-7.8010,-4.3282,6.9625,-5.7951,-2.8703,0.0006668,0.1671355,-0.0001412,0.000000,0.000000,0.000000,0.00000,0.00000,0.000,0.000,0.000,0.000,0.000,-6.0000,0.0000,0.0000,6.0000,95.00,95.00,90.00,90.00,1575,1575,2312,1500,0,,,,,,,,0,,,,0
2177,15943,16042,12809,0,0,9.74560,-0.30765,1.46166,0.023436,-0.008522,0.116114,157.352,-44.155,-44.144,8.9462,-8.1175,-4.5366,7.4307,-6.2183,-3.1059,0.0006668,0.1671355,-0.0001412,0.000000,0.000000,0.000000,0.00000,0.00000,0.000,0.000,0.000,0.000,0.000,-6.0000,0.0000,0.0000,6.0000,95.00,95.00,90.00,90.00,1575,1575,2309,1500,0,,,,,,,,0,,,,0
2220,26965,15939,12899,0,0,11.14501,-0.10894,1.68911,0.004261,0.387756,0.079895,157.569,-44.515,-44.412,9.2015,-8.3962,-4.6867,7.8232,-6.5754,-3.3057,0.0006668,0.1671355,-0.0001412,0.000000,0.000000,0.000000,0.00000,0.00000,0.000,0.000,0.000,0.000,0.000,-6.0000,0.0000,0.0000,6.0000,95.00,95.00,90.00,90.00,1575,1575,2302,1500,0,,,,,,,,0,,,,0
2278,15762,15280,12158,0,0,8.93636,0.33639,2.38702,0.149137,1.428520,0.135289,157.001,-47.753,-43.235,9.5643,-8.7501,-4.9224,8.3753,-7.0794,-3.5877,0.0006668,0.1671355,-0.0001412,0.000000,0.000000,0.000000,0.00000,0.00000,0.000,0.000,0.000,0.000,0.000,-6.0000,0.0000,0.0000,6.0000,95.00,95.00,90.00,90.00,1575,1575,2299,1500,0,,,,,,,,0,,,,0
2322,27271,16266,13242,0,0,8.58321,0.27773,1.68911,-0.072438,0.332363,0.033023,156.506,-48.707,-42.812,9.7347,-8.9716,-5.1153,8.7881,-7.4585,-3.8026,0.0006668,0.1671355,-0.0001412,0.000000,0.000000,0.000000,0.00000,0.00000,0.000,0.000,0.000,0.000,0.000,-6.0000,0.0000,0.0000,6.0000,95.00,95.00,90.00,90.00,1575,1575,2292,1500,0,,,,,,,,0,,,,0
2373,15334,15499,12543,0,0,10.73201,-0.25498,3.99951,0.087352,1.018393,0.069242,155.490,-49.549,-41.452,10.0557,-9.3772,-5.3093,9.3010,-7.9344,-4.0729,0.0006668,0.1671355,-0.0001412,0.000000,0.000000,0.000000,0.00000,0.00000,0.000,0.000,0.000,0.000,0.000,-6.0000,0.0000,0.0000,6.0000,95.00,95.00,90.00,90.00,1575,1575,2289,1500,0,,,,,,,,0,,,,0
2431,15853,15574,12549,0,0,8.73524,-0.65242,2.79284,-0.214118,0.392017,-0.098004,153.960,-51.198,-40.074,10.3405,-9.6726,-5.5918,9.8888,-8.4835,-4.3871,0.0006668,0.1671355,-0.0001412,0.000000,0.000000,0.000000,0.00000,0.00000,0.000,0.000,0.000,0.000,0.000,-6.0000,0.0000,0.0000,6.0000,95.00,95.00,90.00,90.00,1575,1575,2282,1500,0,,,,,,,,0,,,,0
2472,25985,15695,12664,0,0,9.81503,-0.15682,3.36266,-0.215183,0.609331,0.143811,153.279,-52.183,-39.775,10.5847,-9.9449,-5.7585,10.3264,-8.8937,-4.6244,0.0006668,0.1671355,-0.0001412,0.000000,0.000000,0.000000,0.00000,0.00000,0.000,0.000,0.000,0.000,0.000,-6.0000,0.0000,0.0000,6.0000,95.00,95.00,90.00,90.00,1575,1575,2275,1500,0,,,,,,,,0,,,,0
2527,37180,16758,13704,0,0,9.21049,-0.33519,3.65235,-0.089482,0.558199,0.110788,152.721,-53.380,-39.458,10.8704,-10.2754,-6.0031,10.8958,-9.4304,-4.9368,0.0006668,0.1671355,-0.0001412,0.000000,0.000000,0.000000,0.00000,0.00000,0.000,0.000,0.000,0.000,0.000,-6.0000,0.0000,0.0000,6.0000,95.00,95.00,90.00,90.00,1575,1575,2272,1500,0,,,,,,,,0,,,,0
2576,33135,15821,12325,0,0,8.24443,0.28730,3.82593,-0.124636,-0.045806,0.147006,159.782,-46.336,-46.313,11.2530,-11.4553,-7.0152,11.5302,-10.5021,-5.6146,-0.0041961,0.2361731,-0.0013206,0.000000,0.000000,0.000000,0.00000,0.00000,0.000,0.000,0.000,0.000,0.000,-6.0000,0.0000,0.0000,6.0000,95.00,95.00,90.00,90.00,1575,1575,2269,1500,0,,,,,,,,0,,,,0
2618,26292,15269,12209,0,0,9.99340,-1.69629,3.75650,-0.224771,0.241815,0.194943,159.882,-46.203,-47.234,11.5236,-11.7501,-7.2565,12.0120,-10.9932,-5.9168,-0.0041961,0.2361731,-0.0013206,0.000000,0.000000,0.000000,0.00000,0.00000,0.000,0.000,0.000,0.000,0.000,-6.0000,0.0000,0.0000,6.0000,95.00,95.00,90.00,90.00,1575,1575,2265,1500,0,,,,,,,,0,,,,0
2669,15745,15594,12575,0,0,6.58286,0.35913,4.00430,-0.084156,0.779774,-0.135289,158.896,-47.685,-46.203,11.7648,-12.0852,-7.5979,12.6076,-11.6024,-6.2961,-0.0041961,0.2361731,-0.0013206,0.000000,0.000000,0.000000,0.00000,0.00000,0.000,0.000,0.000,0.000,0.000,-6.0000,0.0000,0.0000,6.0000,95.00,95.00,90.00,90.00,1575,1575,2262,1500,0,,,,,,,,0,,,,0
2729,18075,15872,12807,0,0,7.86735,-0.61411,3.52546,0.136354,-0.059655,-0.188552,165.731,-41.539,-51.420,11.9278,-13.1946,-8.5793,13.1156,-12.8596,-6.9936,-0.0108231,0.2931624,-0.0044393,0.000000,0.000000,0.000000,0.00000,0.00000,0.000,0.000,0.000,0.000,0.000,-6.0000,0.0000,0.0000,6.0000,95.00,95.00,90.00,90.00,1575,1575,2255,1500,0,,,,,,,,0,,,,0
2772,26144,15705,12673,0,0,8.56526,-0.12210,4.54060,0.193878,0.132093,-0.317449,165.754,-40.841,-50.735,12.1566,-13.5141,-8.9061,13.6297,-13.4294,-7.3669,-0.0108231,0.2931624,-0.0044393,0.000000,0.000000,0.000000,0.00000,0.00000,0.000,0.000,0.000,0.000,0.000,-6.0000,0.0000,0.0000,6.0000,95.00,95.00,90.00,90.00,1575,1575,2249,1500,0,,,,,,,,0,,,,0
2825,15774,15576,12563,0,0,7.84580,-0.48004,4.43646,0.122505,-0.028762,-0.125701,166.283,-34.452,-51.556,12.6000,-14.3395,-10.0034,14.4404,-14.3749,-8.2155,-0.0097272,0.3434240,-0.0036407,0.000000,0.000000,0.000000,0.00000,0.00000,0.000,0.000,0.000,0.000,0.000,-6.0000,0.0000,0.0000,6.0000,95.00,95.00,90.00,90.00,1575,1575,2245,1500,0,,,,,,,,0,,,,0
2884,36110,22910,19803,0,0,8.97107,-0.68115,4.55976,-0.069242,-0.188552,0.122505,166.659,-32.955,-52.365,12.8959,-14.7547,-10.4611,15.1024,-15.1303,-8.7469,-0.0097272,0.3434240,-0.0036407,0.000000,0.000000,0.000000,0.00000,0.00000,0.000,0.000,0.000,0.000,0.000,-6.0000,0.0000,0.0000,6.0000,95.00,95.00,90.00,90.00,1575,1575,2239,1500,0,,,,,,,,0,,,,0
2928,27468,16340,13338,0,0,7.41843,-0.73382,4.35266,0.108657,0.178964,0.134223,167.157,-32.377,-52.914,13.1605,-15.1265,-10.9352,15.7622,-15.8870,-9.2885,-0.0097272,0.3434240,-0.0036407,0.000000,0.000000,0.000000,0.00000,0.00000,0.000,0.000,0.000,0.000,0.000,-6.0000,0.0000,0.0000,6.0000,95.00,95.00,90.00,90.00,1575,1575,2232,1500,0,,,,,,,,0,,,,0
2979,15719,15165,12142,0,0,8.31746,-0.47046,3.95881,-0.072438,-0.649811,-0.071373,167.376,-30.549,-53.124,13.4167,-15.5595,-11.4037,16.4569,-16.6896,-9.8725,-0.0097272,0.3434240,-0.0036407,0.000000,0.000000,0.000000,0.00000,0.00000,0.000,0.000,0.000,0.000,0.000,-6.0000,0.0000,0.0000,6.0000,95.00,95.00,90.00,90.00,1575,1575,2229,1500,0,,,,,,,,0,,,,0
3040,30561,30128,22275,0,0,9.58638,-0.61172,4.98832,0.233293,-0.692422,-0.055394,168.065,-27.794,-53.649,13.6885,-15.9637,-11.8421,17.0798,-17.4140,-10.4066,-0.0097272,0.3434240,-0.0036407,0.000000,0.000000,0.000000,0.00000,0.00000,0.000,0.000,0.000,0.000,0.000,-6.0000,0.0000,0.0000,6.0000,95.00,95.00,90.00,90.00,1575,1575,2225,1500,0,,,,,,,,0,,,,0
3077,34538,31913,23181,0,0,9.09677,-0.24660,3.90973,-0.122505,-0.247141,0.061785,168.031,-26.677,-54.064,13.8726,-16.2513,-12.1593,17.5557,-17.9703,-10.8210,-0.0097272,0.3434240,-0.0036407,0.000000,0.000000,0.000000,0.00000,0.00000,0.000,0.000,0.000,0.000,0.000,-6.0000,0.0000,0.0000,6.0000,95.00,95.00,90.00,90.00,1575,1575,2225,1500,0,,,,,,,,0,,,,0
3130,16345,15632,12642,0,0,10.05445,-0.73502,4.00430,-0.124636,0.046872,0.024501,168.047,-24.576,-54.669,14.2608,-16.8248,-12.8150,18.5292,-19.1146,-11.6855,-0.0097272,0.3434240,-0.0036407,0.000000,0.000000,0.000000,0.00000,0.00000,0.000,0.000,0.000,0.000,0.000,-6.0000,0.0000,0.0000,6.0000,95.00,95.00,90.00,90.00,1575,1575,2225,1500,0,,,,,,,,0,,,,0
3172,26730,15716,12675,0,0,9.06924,-0.58538,3.41174,-0.011718,0.137419,-0.312122,167.809,-24.056,-54.152,14.5011,-17.1702,-13.2070,19.1416,-19.8384,-12.2395,-0.0097272,0.3434240,-0.0036407,0.000000,0.000000,0.000000,0.00000,0.00000,0.000,0.000,0.000,0.000,0.000,-6.0000,0.0000,0.0000,6.0000,95.00,95.00,90.00,90.00,1575,1575,2225,1500,0,,,,,,,,0,,,,0
3230,15752,15555,12563,0,0,9.20092,0.11133,3.52067,0.336624,-1.003479,-0.057524,169.051,-20.397,-54.643,14.7929,-17.6511,-13.7774,19.9883,-20.8448,-13.0194,-0.0097272,0.3434240,-0.0036407,0.000000,0.000000,0.000000,0.00000,0.00000,0.000,0.000,0.000,0.000,0.000,-6.0000,0.0000,0.0000,6.0000,95.00,95.00,90.00,90.00,1575,1575,2225,1500,0,,,,,,,,0,,,,0
3270,23405,16886,12679,0,0,10.44351,-0.50996,3.20703,0.328101,-1.165399,-0.623180,169.621,-16.814,-54.080,15.0317,-18.0047,-14.1601,20.5723,-21.5432,-13.5665,-0.0097272,0.3434240,-0.0036407,0.000000,0.000000,0.000000,0.00000,0.00000,0.000,0.000,0.000,0.000,0.000,-6.0000,0.0000,0.0000,6.0000,95.00,95.00,90.00,90.00,1575,1575,2225,1500,0,,,,,,,,0,,,,0
3329,16361,15632,12635,0,0,10.63864,-0.48961,2.29604,0.285491,-0.773382,-0.286556,170.905,-12.812,-53.153,15.4079,-18.5280,-14.7639,21.4771,-22.6291,-14.4263,-0.0097272,0.3434240,-0.0036407,0.000000,0.000000,0.000000,0.00000,0.00000,0.000,0.000,0.000,0.000,0.000,-6.0000,0.0000,0.0000,6.0000,95.00,95.00,90.00,90.00,1575,1575,2225,1500,0,,,,,,,,0,,,,0
3371,26144,15694,12676,0,0,11.37605,0.00479,2.10091,0.255663,-0.880974,-0.429302,171.465,-9.738,-52.637,15.6840,-18.9251,-15.1827,22.1297,-23.4154,-15.0550,-0.0097272,0.3434240,-0.0036407,0.000000,0.000000,0.000000,0.00000,0.00000,0.000,0.000,0.000,0.000,0.000,-6.0000,0.0000,0.0000,6.0000,95.00,95.00,90.00,90.00,1575,1575,2225,1500,0,,,,,,,,0,,,,0
3428,15810,15573,12579,0,0,10.07360,1.02352,2.45406,0.217314,-0.329167,-0.566721,172.248,-6.750,-51.310,16.0045,-19.4481,-15.8006,23.0409,-24.5187,-15.9456,-0.0097272,0.3434240,-0.0036407,0.000000,0.000000,0.000000,0.00000,0.00000,0.000,0.000,0.000,0.000,0.000,-6.0000,0.0000,0.0000,6.0000,95.00,95.00,90.00,90.00,1575,1575,2225,1500,0,,,,,,,,0,,,,0
3488,19272,21154,12734,0,0,9.18057,1.79805,1.64721,0.164051,-0.187487,-0.026632,172.786,-5.085,-50.739,16.2813,-19.9258,-16.3584,23.9261,-25.5979,-16.8267,-0.0097272,0.3434240,-0.0036407,0.000000,0.000000,0.000000,0.00000,0.00000,0.000,0.000,0.000,0.000,0.000,-6.0000,0.0000,0.0000,6.0000,95.00,95.00,90.00,90.00,1575,1575,2225,1500,0,,,,,,,,0,,,,0
3519,21501,30381,22461,0,0,8.77236,2.45286,1.43413,0.190682,-0.301470,-0.174703,173.024,-4.270,-50.627,16.3584,-20.1082,-16.5794,24.2770,-26.0283,-17.1808,-0.0097272,0.3434240,-0.0036407,0.000000,0.000000,0.000000,0.00000,0.00000,0.000,0.000,0.000,0.000,0.000,-6.0000,0.0000,0.0000,6.0000,95.00,95.00,90.00,90.00,1575,1575,2225,1500,0,,,,,,,,0,,,,0
3579,28713,25747,22716,0,0,9.29070,1.96564,1.37427,0.008522,-0.192813,-0.566721,173.394,-1.799,-48.821,16.6475,-20.6560,-17.2567,25.3480,-27.3511,-18.2786,-0.0097272,0.3434240,-0.0036407,0.000000,0.000000,0.000000,0.00000,0.00000,0.000,0.000,0.000,0.000,0.000,-6.0000,0.0000,0.0000,6.0000,95.00,95.00,90.00,90.00,1575,1575,2225,1500,0,,,,,,,,0,,,,0
3631,15805,15512,12531,0,0,9.09677,2.26491,0.72305,-0.012783,-0.301470,-0.369647,173.673,0.006,-48.182,16.9112,-21.1339,-17.9025,26.3827,-28.6393,-19.3628,-0.0097272,0.3434240,-0.0036407,0.000000,0.000000,0.000000,0.00000,0.00000,0.000,0.000,0.000,0.000,0.000,-6.0000,0.0000,0.0000,6.0000,95.00,95.00,90.00,90.00,1575,1575,2225,1500,0,,,,,,,,0,,,,0
3673,26197,15682,12661,0,0,8.16423,1.19830,1.03789,-0.125701,-0.204531,-0.389887,173.426,1.456,-47.322,17.1038,-21.4363,-18.3551,27.0955,-29.5316,-20.1225,-0.0097272,0.3434240,-0.0036407,0.000000,0.000000,0.000000,0.00000,0.00000,0.000,0.000,0.000,0.000,0.000,-6.0000,0.0000,0.0000,6.0000,95.00,95.00,90.00,90.00,1575,1575,2225,1500,0,,,,,,,,0,,,,0
3722,15864,15867,12825,0,0,9.07642,2.61806,0.77931,-0.099070,-0.068177,-0.177899,173.334,2.047,-47.148,17.2083,-21.6436,-18.6146,27.5146,-30.0578,-20.5741,-0.0097272,0.3434240,-0.0036407,0.000000,0.000000,0.000000,0.00000,0.00000,0.000,0.000,0.000,0.000,0.000,-6.0000,0.0000,0.0000,6.0000,95.00,95.00,90.00,90.00,1575,1575,2225,1500,0,,,,,,,,0,,,,0
3774,15290,15523,12250,0,0,9.23563,2.06979,1.48560,-0.002131,-0.029827,0.034088,173.227,3.540,-46.971,17.4285,-22.0210,-19.2181,28.4238,-31.2038,-21.5673,-0.0097272,0.3434240,-0.0036407,0.000000,0.000000,0.000000,0.00000,0.00000,0.000,0.000,0.000,0.000,0.000,-6.0000,0.0000,0.0000,6.0000,95.00,95.00,90.00,90.00,1575,1575,2225,1500,0,,,,,,,,0,,,,0
3831,15661,15548,12570,0,0,8.53772,0.99359,0.44053,0.076699,0.011718,0.040480,172.952,4.441,-47.458,17.6869,-22.4394,-19.8385,29.4294,-32.4775,-22.6860,-0.0097272,0.3434240,-0.0036407,0.000000,0.000000,0.000000,0.00000,0.00000,0.000,0.000,0.000,0.000,0.000,-6.0000,0.0000,0.0000,6.0000,95.00,95.00,90.00,90.00,1575,1575,2225,1500,0,,,,,,,,0,,,,0
3873,26016,15655,12665,0,0,9.25598,1.75974,0.87867,0.137419,-0.007457,-0.078830,173.438,5.246,-47.447,17.8911,-22.7667,-20.3044,30.1724,-33.4214,-23.5242,-0.0097272,0.3434240,-0.0036407,0.000000,0.000000,0.000000,0.00000,0.00000,0.000,0.000,0.000,0.000,0.000,-6.0000,0.0000,0.0000,6.0000,95.00,95.00,90.00,90.00,1575,1575,2225,1500,0,,,,,,,,0,,,,0
3921,24492,15537,12167,0,0,9.38886,2.11049,0.88705,0.230097,0.069242,0.053263,173.985,5.896,-47.539,18.1139,-23.1772,-20.8578,31.0389,-34.5273,-24.5149,-0.0097272,0.3434240,-0.0036407,0.000000,0.000000,0.000000,0.00000,0.00000,0.000,0.000,0.000,0.000,0.000,-6.0000,0.0000,0.0000,6.0000,95.00,95.00,90.00,90.00,1575,1575,2225,1500,0,,,,,,,,0,,,,0
3979,15822,15143,12143,0,0,9.18536,2.03028,0.68235,0.243946,-0.266316,0.011718,174.905,7.473,-48.216,18.3658,-23.6409,-21.5374,32.0944,-35.8819,-25.7418,-0.0097272,0.3434240,-0.0036407,0.000000,0.000000,0.000000,0.00000,0.00000,0.000,0.000,0.000,0.000,0.000,-6.0000,0.0000,0.0000,6.0000,95.00,95.00,90.00,90.00,1575,1575,2225,1500,0,,,,,,,,0,,,,0
4045,30415,30292,27288,0,0,9.55885,2.99754,0.88466,0.221575,-0.519849,-0.413323,175.663,9.672,-47.482,18.5623,-24.0369,-22.0784,32.9393,-36.9722,-26.7392,-0.0097272,0.3434240,-0.0036407,0.000000,0.000000,0.000000,0.00000,0.00000,0.000,0.000,0.000,0.000,0.000,-6.0000,0.0000,0.0000,6.0000,95.00,95.00,90.00,90.00,1575,1575,2225,1500,0,,,,,,,,0,,,,0
4075,35498,30246,27196,0,0,9.74201,1.88783,1.03549,0.315318,-0.439954,0.145941,176.247,11.240,-47.905,18.7341,-24.3304,-22.5255,33.6012,-37.8307,-27.5309,-0.0097272,0.3434240,-0.0036407,0.000000,0.000000,0.000000,0.00000,0.00000,0.000,0.000,0.000,0.000,0.000,-6.0000,0.0000,0.0000,6.0000,95.00,95.00,90.00,90.00,1575,1575,2225,1500,0,,,,,,,,0,,,,0
4127,27354,15772,12729,0,0,10.99058,2.23259,-0.21308,-0.061785,-0.582700,-0.049002,176.606,14.886,-48.263,19.0566,-24.9155,-23.3277,34.8518,-39.4605,-29.0488,-0.0097272,0.3434240,-0.0036407,0.000000,0.000000,0.000000,0.00000,0.00000,0.000,0.000,0.000,0.000,0.000,-6.0000,0.0000,0.0000,6.0000,95.00,95.00,90.00,90.00,1575,1575,2225,1500,0,,,,,,,,0,,,,0
4170,27148,15688,12676,0,0,9.81264,2.37864,-0.16999,0.060720,-0.035154,0.092678,176.678,16.106,-48.442,19.2629,-25.2967,-23.8595,35.6786,-40.5439,-30.0669,-0.0097272,0.3434240,-0.0036407,0.000000,0.000000,0.000000,0.00000,0.00000,0.000,0.000,0.000,0.000,0.000,-6.0000,0.0000,0.0000,6.0000,95.00,95.00,90.00,90.00,1575,1575,2225,1500,0,,,,,,,,0,,,,0
4221,15720,15487,12138,0,0,9.29908,2.99634,-0.10056,-0.043676,-0.023436,-0.062851,176.738,17.140,-48.498,19.4705,-25.7448,-24.4843,36.6770,-41.8592,-31.3126,-0.0097272,0.3434240,-0.0036407,0.000000,0.000000,0.000000,0.00000,0.00000,0.000,0.000,0.000,0.000,0.000,-6.0000,0.0000,0.0000,6.0000,95.00,95.00,90.00,90.00,1575,1575,2225,1500,0,,,,,,,,0,,,,0
4278,15866,15148,12154,0,0,9.95389,2.53666,0.10415,-0.175769,0.098004,-0.041545,176.319,18.151,-48.389,19.7141,-26.2420,-25.2158,37.8025,-43.3526,-32.7403,-0.0097272,0.3434240,-0.0036407,0.000000,0.000000,0.000000,0.00000,0.00000,0.000,0.000,0.000,0.000,0.000,-6.0000,0.0000,0.0000,6.0000,95.00,95.00,90.00,90.00,1575,1575,2225,1500,0,,,,,,,,0,,,,0
4327,23312,16295,13286,0,0,8.92918,2.16556,-0.23224,-0.118244,0.214118,-0.155529,176.129,18.495,-48.118,19.9057,-26.6098,-25.7922,38.7340,-44.5952,-33.9395,-0.0097272,0.3434240,-0.0036407,0.000000,0.000000,0.000000,0.00000,0.00000,0.000,0.000,0.000,0.000,0.000,-6.0000,0.0000,0.0000,6.0000,95.00,95.00,90.00,90.00,1575,1575,2225,1500,0,,,,,,,,0,,,,0
4368,25823,15672,12668,0,0,9.05487,2.03507,-0.00838,-0.071373,0.061785,-0.042611,176.074,19.184,-47.937,20.0861,-26.9418,-26.3246,39.5808,-45.7292,-35.0430,-0.0097272,0.3434240,-0.0036407,0.000000,0.000000,0.000000,0.00000,0.00000,0.000,0.000,0.000,0.000,0.000,-6.0000,0.0000,0.0000,6.0000,95.00,95.00,90.00,90.00,1575,1575,2225,1500,0,,,,,,,,0,,,,0
4419,15710,15137,12151,0,0,9.01656,2.37146,-0.00838,-0.066046,-0.018109,-0.028762,175.942,20.124,-47.973,20.2957,-27.3459,-26.9862,40.6219,-47.1287,-36.4174,-0.0097272,0.3434240,-0.0036407,0.000000,0.000000,0.000000,0.00000,0.00000,0.000,0.000,0.000,0.000,0.000,-6.0000,0.0000,0.0000,6.0000,95.00,95.00,90.00,90.00,1575,1575,2225,1500,0,,,,,,,,0,,,,0
4477,15740,15245,12154,0,0,9.66180,2.30322,0.25857,-0.005326,0.031958,-0.034088,175.950,21.292,-47.893,20.5406,-27.8036,-27.7462,41.7965,-48.7149,-37.9916,-0.0097272,0.3434240,-0.0036407,0.000000,0.000000,0.000000,0.00000,0.00000,0.000,0.000,0.000,0.000,0.000,-6.0000,0.0000,0.0000,6.0000,95.00,95.00,90.00,90.00,1575,1575,2225,1500,0,,,,,,,,0,,,,0
4542,40005,24321,15433,0,0,9.10635,2.51870,0.11612,0.029827,-0.047937,-0.021305,176.050,22.430,-47.935,20.7553,-28.2453,-28.4804,42.9413,-50.2685,-39.5502,-0.0097272,0.3434240,-0.0036407,0.000000,0.000000,0.000000,0.00000,0.00000,0.000,0.000,0.000,0.000,0.000,-6.0000,0.0000,0.0000,6.0000,95.00,95.00,90.00,90.00,1575,1575,2225,1500,0,,,,,,,,0,,,,0
4567,24544,25371,17316,0,0,9.35534,2.31040,0.25977,0.059655,-0.089482,-0.029827,176.146,23.039,-47.940,20.8538,-28.4396,-28.8133,43.4519,-50.9642,-40.2533,-0.0097272,0.3434240,-0.0036407,0.000000,0.000000,0.000000,0.00000,0.00000,0.000,0.000,0.000,0.000,0.000,-6.0000,0.0000,0.0000,6.0000,95.00,95.00,90.00,90.00,1575,1575,2225,1500,0,,,,,,,,0,,,,0
4625,15838,15571,12584,0,0,10.21606,2.34751,0.17957,0.071373,-0.183225,-0.005326,176.477,25.091,-48.125,21.1222,-29.0053,-29.7391,44.8650,-52.8982,-42.2245,-0.0097272,0.3434240,-0.0036407,0.000000,0.000000,0.000000,0.00000,0.00000,0.000,0.000,0.000,0.000,0.000,-6.0000,0.0000,0.0000,6.0000,95.00,95.00,90.00,90.00,1575,1575,2225,1500,0,,,,,,,,0,,,,0
4682,15825,15529,12524,0,0,9.50977,2.99155,-0.13408,0.111853,-0.134223,-0.311057,177.128,26.506,-47.431,21.3379,-29.4903,-30.5419,46.0855,-54.5798,-43.9574,-0.0097272,0.3434240,-0.0036407,0.000000,0.000000,0.000000,0.00000,0.00000,0.000,0.000,0.000,0.000,0.000,-6.0000,0.0000,0.0000,6.0000,95.00,95.00,90.00,90.00,1575,1575,2225,1500,0,,,,,,,,0,,,,0
4718,19911,15660,12593,0,0,10.34894,2.89339,0.22745,0.119310,-0.263120,-0.476173,177.895,27.807,-46.428,21.4795,-29.7957,-31.0573,46.8484,-55.6362,-45.0549,-0.0097272,0.3434240,-0.0036407,0.000000,0.000000,0.000000,0.00000,0.00000,0.000,0.000,0.000,0.000,0.000,-6.0000,0.0000,0.0000,6.0000,95.00,95.00,90.00,90.00,1575,1575,2225,1500,0,,,,,,,,0,,,,0
4782,15800,15570,12507,0,0,9.58638,4.45082,-0.72065,0.308927,-0.532632,-0.775513,-178.985,30.325,-43.360,21.7032,-30.3458,-31.9543,48.2254,-57.5532,-47.0640,-0.0097272,0.3434240,-0.0036407,0.000000,0.000000,0.000000,0.00000,0.00000,0.000,0.000,0.000,0.000,0.000,-6.0000,0.0000,0.0000,6.0000,95.00,95.00,90.00,90.00,1575,1575,2225,1500,0,,,,,,,,0,,,,0
4824,26332,15755,12685,0,0,10.30345,3.39378,-0.50757,0.116114,-0.482565,-1.071656,-177.014,32.402,-40.346,21.8932,-30.7033,-32.5786,49.1435,-58.8390,-48.4229,-0.0097272,0.3434240,-0.0036407,0.000000,0.000000,0.000000,0.00000,0.00000,0.000,0.000,0.000,0.000,0.000,-6.0000,0.0000,0.0000,6.0000,95.00,95.00,90.00,90.00,1575,1575,2225,1500,0,,,,,,,,0,,,,0
4875,15313,15635,12285,0,0,9.19972,3.49793,-1.06542,0.219444,-0.219444,-0.855407,-174.574,34.140,-37.009,22.1160,-31.1067,-33.3268,50.2702,-60.4213,-50.1101,-0.0097272,0.3434240,-0.0036407,0.000000,0.000000,0.000000,0.00000,0.00000,0.000,0.000,0.000,0.000,0.000,-6.0000,0.0000,0.0000,6.0000,95.00,95.00,90.00,90.00,1575,1575,2225,1500,0,,,,,,,,0,,,,0
4918,27665,15344,12264,0,0,8.81186,4.46399,-1.68312,0.351537,-0.735032,-0.805340,-172.134,36.119,-34.197,22.2725,-31.4548,-33.9355,51.2355,-61.7819,-51.5729,-0.0097272,0.3434240,-0.0036407,0.000000,0.000000,0.000000,0.00000,0.00000,0.000,0.000,0.000,0.000,0.000,-6.0000,0.0000,0.0000,6.0000,95.00,95.00,90.00,90.00,1575,1575,2225,1500,0,,,,,,,,0,,,,0
4980,16643,15187,12159,0,0,8.11156,3.56497,-1.03070,0.147006,-0.181095,-0.621049,-168.552,37.989,-29.547,22.5442,-31.8873,-34.8654,52.6305,-63.7534,-53.7140,-0.0097272,0.3434240,-0.0036407,0.000000,0.000000,0.000000,0.00000,0.00000,0.000,0.000,0.000,0.000,0.000,-6.0000,0.0000,0.0000,6.0000,95.00,95.00,90.00,90.00,1575,1575,2225,1500,0,,,,,,,,0,,,,0
5033,35516,16577,13521,0,0,7.36696,6.17584,-2.12366,-0.149137,0.092678,-1.008805,-166.804,38.086,-26.374,22.7071,-32.3067,-35.5838,53.7828,-65.3872,-55.5075,-0.0097272,0.3434240,-0.0036407,0.000000,0.000000,0.000000,0.00000,0.00000,0.000,0.000,0.000,0.000,0.000,-6.0000,0.0000,0.0000,6.0000,95.00,95.00,90.00,90.00,1575,1575,2225,1500,0,,,,,,,,0,,,,0
5080,31708,15310,12269,0,0,8.28753,4.60166,-1.37068,-0.469782,0.124636,-0.833037,-165.592,38.223,-22.764,22.8855,-32.6729,-36.2928,54.8876,-66.9628,-57.2498,-0.0097272,0.3434240,-0.0036407,0.000000,0.000000,0.000000,0.00000,0.00000,0.000,0.000,0.000,0.000,0.000,-6.0000,0.0000,0.0000,6.0000,95.00,95.00,90.00,90.00,1575,1575,2225,1500,0,,,,,,,,0,,,,0
5124,27772,15796,12716,0,0,5.50547,5.69341,-1.58616,-0.590156,0.035154,-0.616788,-165.647,38.364,-20.523,22.9887,-32.9918,-36.8744,55.8805,-68.3840,-58.8333,-0.0097272,0.3434240,-0.0036407,0.000000,0.000000,0.000000,0.00000,0.00000,0.000,0.000,0.000,0.000,0.000,-6.0000,0.0000,0.0000,6.0000,95.00,95.00,90.00,90.00,1575,1575,2225,1500,0,,,,,,,,0,,,,0
5183,19285,19771,12560,0,0,6.57568,5.92685,-0.90022,-0.248207,-0.122505,-0.066046,-165.929,39.613,-19.118,23.1250,-33.3741,-37.6578,57.1515,-70.2130,-60.8875,-0.0097272,0.3434240,-0.0036407,0.000000,0.000000,0.000000,0.00000,0.00000,0.000,0.000,0.000,0.000,0.000,-6.0000,0.0000,0.0000,6.0000,95.00,95.00,90.00,90.00,1575,1575,2225,1500,0,,,,,,,,0,,,,0
5219,20054,35647,22689,0,0,6.28119,6.12437,-0.63925,-0.115049,-0.082025,-0.049002,-165.909,40.074,-18.897,23.1659,-33.5173,-37.9490,57.6157,-70.8838,-61.6456,-0.0097272,0.3434240,-0.0036407,0.000000,0.000000,0.000000,0.00000,0.00000,0.000,0.000,0.000,0.000,0.000,-6.0000,0.0000,0.0000,6.0000,95.00,95.00,90.00,90.00,1575,1575,2225,1500,0,,,,,,,,0,,,,0
5267,27022,21242,18171,0,0,6.69778,5.84664,-0.89304,0.147006,-0.079895,0.104396,-165.622,41.917,-18.977,23.3011,-33.9597,-38.8691,59.0756,-73.0042,-64.0595,-0.0097272,0.3434240,-0.0036407,0.000000,0.000000,0.000000,0.00000,0.00000,0.000,0.000,0.000,0.000,0.000,-6.0000,0.0000,0.0000,6.0000,95.00,95.00,90.00,90.00,1575,1575,2225,1500,0,,,,,,,,0,,,,0
5326,16506,15645,12629,0,0,7.11916,6.07409,-0.63805,0.082025,-0.102265,0.100135,-165.108,43.723,-18.904,23.4479,-34.4378,-39.8285,60.5809,-75.2064,-66.5931,-0.0097272,0.3434240,-0.0036407,0.000000,0.000000,0.000000,0.00000,0.00000,0.000,0.000,0.000,0.000,0.000,-6.0000,0.0000,0.0000,6.0000,95.00,95.00,90.00,90.00,1575,1575,2225,1500,0,,,,,,,,0,,,,0
5381,19412,15969,12241,0,0,6.76123,5.80235,-1.48081,0.078830,-0.075634,0.093743,-164.898,44.741,-18.927,23.5929,-34.8400,-40.6411,61.8808,-77.1206,-68.8167,-0.0097272,0.3434240,-0.0036407,0.000000,0.000000,0.000000,0.00000,0.00000,0.000,0.000,0.000,0.000,0.000,-6.0000,0.0000,0.0000,6.0000,95.00,95.00,90.00,90.00,1575,1575,2225,1500,0,,,,,,,,0,,,,0
5424,26187,15725,12675,0,0,7.16585,5.62039,-1.06901,0.126766,-0.109722,0.050067,-164.594,45.891,-18.815,23.6996,-35.1390,-41.2834,62.8833,-78.6042,-70.5534,-0.0097272,0.3434240,-0.0036407,0.000000,0.000000,0.000000,0.00000,0.00000,0.000,0.000,0.000,0.000,0.000,-6.0000,0.0000,0.0000,6.0000,95.00,95.00,90.00,90.00,1575,1575,2225,1500,0,,,,,,,,0,,,,0
5481,15812,15164,12146,0,0,7.55490,5.99388,-1.62806,0.235423,0.049002,-0.084156,-163.158,46.803,-18.052,23.8580,-35.5719,-42.1683,64.2517,-80.6390,-72.9548,-0.0097272,0.3434240,-0.0036407,0.000000,0.000000,0.000000,0.00000,0.00000,0.000,0.000,0.000,0.000,0.000,-6.0000,0.0000,0.0000,6.0000,95.00,95.00,90.00,90.00,1575,1575,2225,1500,0,,,,,,,,0,,,,0
5517,15351,36349,27975,0,0,7.34062,5.93163,-1.56102,0.214118,0.107592,-0.131028,-162.782,46.969,-17.807,23.8996,-35.6840,-42.4040,64.6183,-81.1859,-73.6039,-0.0097272,0.3434240,-0.0036407,0.000000,0.000000,0.000000,0.00000,0.00000,0.000,0.000,0.000,0.000,0.000,-6.0000,0.0000,0.0000,6.0000,95.00,95.00,90.00,90.00,1575,1575,2225,1500,0,,,,,,,,0,,,,0
5567,27467,21645,13580,0,0,7.06529,6.42005,-1.49877,0.064981,0.026632,-0.075634,-161.640,47.939,-16.892,24.0498,-36.1656,-43.4078,66.1694,-83.5100,-76.3798,-0.0097272,0.3434240,-0.0036407,0.000000,0.000000,0.000000,0.00000,0.00000,0.000,0.000,0.000,0.000,0.000,-6.0000,0.0000,0.0000,6.0000,95.00,95.00,90.00,90.00,1575,1575,2225,1500,0,,,,,,,,0,,,,0
5630,15714,15594,12583,0,0,7.12395,6.42843,-1.49638,-0.042611,-0.038350,-0.039415,-160.743,49.173,-15.772,24.2040,-36.6806,-44.4934,67.8352,-86.0247,-79.4141,-0.0097272,0.3434240,-0.0036407,0.000000,0.000000,0.000000,0.00000,0.00000,0.000,0.000,0.000,0.000,0.000,-6.0000,0.0000,0.0000,6.0000,95.00,95.00,90.00,90.00,1575,1575,2225,1500,0,,,,,,,,0,,,,0
5681,15742,15506,12486,0,0,7.02578,6.07888,-1.51194,-0.056459,-0.084156,0.007457,-160.424,50.281,-15.178,24.3202,-37.0505,-45.2982,69.0861,-87.9254,-81.7289,-0.0097272,0.3434240,-0.0036407,0.000000,0.000000,0.000000,0.00000,0.00000,0.000,0.000,0.000,0.000,0.000,-6.0000,0.0000,0.0000,6.0000,95.00,95.00,90.00,90.00,1575,1575,2225,1500,0,,,,,,,,0,,,,0
5724,26452,16045,12994,0,0,7.08564,6.20577,-1.58137,-0.015979,0.098004,0.088417,-160.508,50.978,-15.183,24.4161,-37.3501,-45.9646,70.1137,-89.4941,-83.6532,-0.0097272,0.3434240,-0.0036407,0.000000,0.000000,0.000000,0.00000,0.00000,0.000,0.000,0.000,0.000,0.000,-6.0000,0.0000,0.0000,6.0000,95.00,95.00,90.00,90.00,1575,1575,2225,1500,0,,,,,,,,0,,,,0
5782,15871,15537,12518,0,0,7.08803,6.32788,-1.28569,0.052198,0.058590,0.205596,-160.638,52.127,-15.496,24.5295,-37.7670,-46.8943,71.5496,-91.6976,-86.3770,-0.0097272,0.3434240,-0.0036407,0.000000,0.000000,0.000000,0.00000,0.00000,0.000,0.000,0.000,0.000,0.000,-6.0000,0.0000,0.0000,6.0000,95.00,95.00,90.00,90.00,1575,1575,2225,1500,0,,,,,,,,0,,,,0
5823,17568,15613,12577,0,0,7.23647,5.99867,-1.12527,0.067112,0.086286,0.367516,-161.357,53.048,-16.420,24.6036,-38.0496,-47.5442,72.5512,-93.2431,-88.3021,-0.0097272,0.3434240,-0.0036407,0.000000,0.000000,0.000000,0.00000,0.00000,0.000,0.000,0.000,0.000,0.000,-6.0000,0.0000,0.0000,6.0000,95.00,95.00,90.00,90.00,1575,1575,2225,1500,0,,,,,,,,0,,,,0
5880,15856,15154,12142,0,0,7.65546,6.02142,-1.18752,0.018109,0.574178,0.583765,-163.310,53.457,-19.036,24.7074,-38.4719,-48.4862,73.9748,-95.4524,-91.0745,-0.0097272,0.3434240,-0.0036407,0.000000,0.000000,0.000000,0.00000,0.00000,0.000,0.000,0.000,0.000,0.000,-6.0000,0.0000,0.0000,6.0000,95.00,95.00,90.00,90.00,1575,1575,2225,1500,0,,,,,,,,0,,,,0
5924,27716,15783,12737,0,0,6.91685,5.65989,-1.29287,-0.012783,0.497478,0.893757,-166.148,53.542,-22.563,24.7763,-38.7693,-49.1543,75.0404,-97.1158,-93.1771,-0.0097272,0.3434240,-0.0036407,0.000000,0.000000,0.000000,0.00000,0.00000,0.000,0.000,0.000,0.000,0.000,-6.0000,0.0000,0.0000,6.0000,95.00,95.00,90.00,90.00,1575,1575,2225,1500,0,,,,,,,,0,,,,0
5975,15335,15693,12233,0,0,6.67144,5.20739,-0.71228,0.107592,0.245011,1.136637,-170.040,54.368,-27.721,24.8220,-39.1148,-49.9473,76.3144,-99.1165,-95.7227,-0.0097272,0.3434240,-0.0036407,0.000000,0.000000,0.000000,0.00000,0.00000,0.000,0.000,0.000,0.000,0.000,-6.0000,0.0000,0.0000,6.0000,95.00,95.00,90.00,90.00,1575,1575,2225,1500,0,,,,,,,,0,,,,0
6040,38835,25020,15048,0,0,8.93756,3.70144,0.01077,0.069242,0.802144,1.453021,-175.802,53.921,-35.241,24.9320,-39.4438,-50.8843,77.6760,-101.2664,-98.4819,-0.0097272,0.3434240,-0.0036407,0.000000,0.000000,0.000000,0.00000,0.00000,0.000,0.000,0.000,0.000,0.000,-6.0000,0.0000,0.0000,6.0000,95.00,95.00,90.00,90.00,1575,1575,2225,1500,0,,,,,,,,0,,,,0
6070,25229,30270,22338,0,0,8.77116,3.55778,-0.93134,-0.127832,0.924650,1.610680,-179.180,53.183,-39.228,24.9915,-39.6087,-51.2956,78.3058,-102.2636,-99.7709,-0.0097272,0.3434240,-0.0036407,0.000000,0.000000,0.000000,0.00000,0.00000,0.000,0.000,0.000,0.000,0.000,-6.0000,0.0000,0.0000,6.0000,95.00,95.00,90.00,90.00,1575,1575,2225,1500,0,,,,,,,,0,,,,0
6130,16087,15666,12613,0,0,9.90122,3.76249,-0.07542,0.077764,-0.340885,1.258077,172.053,53.838,-49.549,25.2198,-40.0721,-52.4747,80.1768,-105.2292,-103.6325,-0.0097272,0.3434240,-0.0036407,0.000000,0.000000,0.000000,0.00000,0.00000,0.000,0.000,0.000,0.000,0.000,-6.0000,0.0000,0.0000,6.0000,95.00,95.00,90.00,90.00,1575,1575,2225,1500,0,,,,,,,,0,,,,0
6181,15774,15534,12154,0,0,8.12831,3.13760,-0.40342,-0.191748,0.052198,1.096157,166.920,54.101,-55.528,25.2854,-40.4114,-53.3541,81.4796,-107.3052,-106.3627,-0.0097272,0.3434240,-0.0036407,0.000000,0.000000,0.000000,0.00000,0.00000,0.000,0.000,0.000,0.000,0.000,-6.0000,0.0000,0.0000,6.0000,95.00,95.00,90.00,90.00,1575,1575,2225,1500,0,,,,,,,,0,,,,0
6233,24888,21572,12707,0,0,12.02967,2.04704,0.45131,-0.380299,0.144876,0.001065,164.270,54.653,-57.657,25.3498,-40.7369,-54.1805,82.6349,-109.1573,-108.8162,-0.0097272,0.3434240,-0.0036407,0.000000,0.000000,0.000000,0.00000,0.00000,0.000,0.000,0.000,0.000,0.000,-6.0000,0.0000,0.0000,6.0000,95.00,95.00,90.00,90.00,1575,1575,2225,1500,0,,,,,,,,0,,,,0
6275,25965,15719,12337,0,0,7.93199,2.81798,-1.33836,-0.770186,0.450607,0.051133,162.942,54.270,-57.613,25.4275,-41.0550,-54.9726,83.8479,-111.1109,-111.4243,-0.0097272,0.3434240,-0.0036407,0.000000,0.000000,0.000000,0.00000,0.00000,0.000,0.000,0.000,0.000,0.000,-6.0000,0.0000,0.0000,6.0000,95.00,95.00,90.00,90.00,1575,1575,2225,1500,0,,,,,,,,0,,,,0
6328,16145,15609,12592,0,0,12.07755,1.30723,2.41575,0.041545,0.707336,-0.286556,163.264,54.551,-56.624,25.4834,-41.3270,-55.9259,85.1921,-113.2857,-114.3510,-0.0097272,0.3434240,-0.0036407,0.000000,0.000000,0.000000,0.00000,0.00000,0.000,0.000,0.000,0.000,0.000,-6.0000,0.0000,0.0000,6.0000,95.00,95.00,90.00,90.00,1575,1575,2225,1500,0,,,,,,,,0,,,,0
6387,30409,28773,20718,0,0,7.36097,1.47363,-0.16879,-0.444215,1.548895,-0.055394,163.866,51.371,-54.561,25.5786,-41.5891,-56.6956,86.3728,-115.2031,-116.9557,-0.0097272,0.3434240,-0.0036407,0.000000,0.000000,0.000000,0.00000,0.00000,0.000,0.000,0.000,0.000,0.000,-6.0000,0.0000,0.0000,6.0000,95.00,95.00,90.00,90.00,1575,1575,2225,1500,0,,,,,,,,0,,,,0
6433,29575,15735,12738,0,0,11.29584,2.15598,1.60771,0.024501,-0.221575,-0.254598,163.799,52.678,-54.210,25.6601,-41.9608,-57.7270,87.8732,-117.6499,-120.3051,-0.0097272,0.3434240,-0.0036407,0.000000,0.000000,0.000000,0.00000,0.00000,0.000,0.000,0.000,0.000,0.000,-6.0000,0.0000,0.0000,6.0000,95.00,95.00,90.00,90.00,1575,1575,2225,1500,0,,,,,,,,0,,,,0
6468,20025,15666,12602,0,0,10.78947,2.62524,2.90776,0.049002,0.982174,-0.036219,164.334,52.005,-53.651,25.6732,-42.1797,-58.4328,88.7969,-119.1639,-122.3953,-0.0097272,0.3434240,-0.0036407,0.000000,0.000000,0.000000,0.00000,0.00000,0.000,0.000,0.000,0.000,0.000,-6.0000,0.0000,0.0000,6.0000,95.00,95.00,90.00,90.00,1575,1575,2225,1500,0,,,,,,,,0,,,,0
6530,36450,25334,22268,0,0,9.51815,1.56341,1.33836,-0.103331,1.064199,0.184291,164.226,49.613,-53.537,25.7545,-42.4565,-59.3652,90.1424,-121.3784,-125.4779,-0.0097272,0.3434240,-0.0036407,0.000000,0.000000,0.000000,0.00000,0.00000,0.000,0.000,0.000,0.000,0.000,-6.0000,0.0000,0.0000,6.0000,95.00,95.00,90.00,90.00,1575,1575,2225,1500,0,,,,,,,,0,,,,0
6578,31209,15888,12281,0,0,8.17740,1.77171,1.85551,0.194943,-0.263120,0.360059,162.955,50.284,-55.594,25.7973,-42.7217,-60.3090,91.6053,-123.7950,-128.8732,-0.0097272,0.3434240,-0.0036407,0.000000,0.000000,0.000000,0.00000,0.00000,0.000,0.000,0.000,0.000,0.000,-6.0000,0.0000,0.0000,6.0000,95.00,95.00,90.00,90.00,1575,1575,2225,1500,0,,,,,,,,0,,,,0
6640,19335,22248,12231,0,0,9.18536,1.40659,2.13802,-0.127832,-0.152333,0.420779,160.713,51.732,-58.409,25.8097,-43.0032,-61.3130,93.0350,-126.1704,-132.2431,-0.0097272,0.3434240,-0.0036407,0.000000,0.000000,0.000000,0.00000,0.00000,0.000,0.000,0.000,0.000,0.000,-6.0000,0.0000,0.0000,6.0000,95.00,95.00,90.00,90.00,1575,1575,2225,1500,0,,,,,,,,0,,,,0
6682,26504,15670,12605,0,0,9.69412,2.16077,2.21224,0.023436,-0.052198,0.346211,159.073,52.501,-60.649,25.8171,-43.2675,-62.2038,94.2996,-128.2832,-135.2682,-0.0097272,0.3434240,-0.0036407,0.000000,0.000000,0.000000,0.00000,0.00000,0.000,0.000,0.000,0.000,0.000,-6.0000,0.0000,0.0000,6.0000,95.00,95.00,90.00,90.00,1575,1575,2225,1500,0,,,,,,,,0,,,,0
6725,26619,15922,12856,0,0,8.37611,2.38702,2.33435,0.150202,-0.329167,0.357929,157.696,53.605,-62.702,25.7914,-43.4897,-62.9470,95.3965,-130.1271,-137.9279,-0.0097272,0.3434240,-0.0036407,0.000000,0.000000,0.000000,0.00000,0.00000,0.000,0.000,0.000,0.000,0.000,-6.0000,0.0000,0.0000,6.0000,95.00,95.00,90.00,90.00,1575,1575,2225,1500,0,,,,,,,,0,,,,0
6776,15319,15407,12166,0,0,8.42041,-0.25857,-0.60454,-0.145941,-0.797883,0.454868,154.353,55.209,-66.404,25.8334,-43.7368,-63.8369,96.7326,-132.3860,-141.2115,-0.0097272,0.3434240,-0.0036407,0.000000,0.000000,0.000000,0.00000,0.00000,0.000,0.000,0.000,0.000,0.000,-6.0000,0.0000,0.0000,6.0000,95.00,95.00,90.00,90.00,1575,1575,2225,1500,0,,,,,,,,0,,,,0
6818,25990,15348,12234,0,0,10.78588,1.75734,2.99155,0.192813,-0.153398,0.607201,151.726,56.433,-70.159,25.8130,-43.9511,-64.6304,97.8071,-134.2097,-143.8830,-0.0097272,0.3434240,-0.0036407,0.000000,0.000000,0.000000,0.00000,0.00000,0.000,0.000,0.000,0.000,0.000,-6.0000,0.0000,0.0000,6.0000,95.00,95.00,90.00,90.00,1575,1575,2225,1500,0,,,,,,,,0,,,,0
6881,15838,15539,12148,0,0,9.29908,0.06584,1.72861,0.021305,0.776578,0.724380,149.417,54.329,-73.068,25.7920,-44.2700,-65.8235,99.4473,-137.0148,-148.0305,-0.0097272,0.3434240,-0.0036407,0.000000,0.000000,0.000000,0.00000,0.00000,0.000,0.000,0.000,0.000,0.000,-6.0000,0.0000,0.0000,6.0000,95.00,95.00,90.00,90.00,1575,1575,2225,1500,0,,,,,,,,0,,,,0
6925,22281,15730,12681,0,0,9.83778,-0.07661,1.43293,0.088417,0.010653,0.354733,148.121,53.939,-75.120,25.8190,-44.4580,-66.5850,100.5606,-138.9284,-150.8860,-0.0097272,0.3434240,-0.0036407,0.000000,0.000000,0.000000,0.00000,0.00000,0.000,0.000,0.000,0.000,0.000,-6.0000,0.0000,0.0000,6.0000,95.00,95.00,90.00,90.00,1575,1575,2225,1500,0,,,,,,,,0,,,,0
6976,15317,15560,12217,0,0,10.32500,-0.16281,1.72861,-0.021305,-0.235423,-0.113983,146.829,55.436,-76.672,25.8228,-44.7270,-67.5567,101.8823,-141.2113,-154.3193,-0.0097272,0.3434240,-0.0036407,0.000000,0.000000,0.000000,0.00000,0.00000,0.000,0.000,0.000,0.000,0.000,-6.0000,0.0000,0.0000,6.0000,95.00,95.00,90.00,90.00,1575,1575,2225,1500,0,,,,,,,,0,,,,0
7035,35682,23192,20121,0,0,9.55287,0.21189,0.29568,-0.232228,-0.485761,-0.180030,145.216,57.436,-78.107,25.8516,-44.9761,-68.4867,103.2114,-143.5186,-157.8188,-0.0097272,0.3434240,-0.0036407,0.000000,0.000000,0.000000,0.00000,0.00000,0.000,0.000,0.000,0.000,0.000,-6.0000,0.0000,0.0000,6.0000,95.00,95.00,90.00,90.00,1575,1575,2225,1500,0,,,,,,,,0,,,,0
7070,31983,26791,23721,0,0,9.30028,0.86910,0.45490,-0.304666,-1.012001,-0.323840,143.070,59.793,-79.987,25.8479,-45.1332,-69.0549,104.0382,-144.9596,-160.0183,-0.0097272,0.3434240,-0.0036407,0.000000,0.000000,0.000000,0.00000,0.00000,0.000,0.000,0.000,0.000,0.000,-6.0000,0.0000,0.0000,6.0000,95.00,95.00,90.00,90.00,1575,1575,2225,1500,0,,,,,,,,0,,,,0
7123,16684,15667,12619,0,0,10.88524,0.93254,1.53349,-0.321710,0.181095,0.374973,138.260,61.563,-85.009,25.7922,-45.3429,-70.2828,105.6918,-147.8552,-164.4789,-0.0097272,0.3434240,-0.0036407,0.000000,0.000000,0.000000,0.00000,0.00000,0.000,0.000,0.000,0.000,0.000,-6.0000,0.0000,0.0000,6.0000,95.00,95.00,90.00,90.00,1575,1575,2225,1500,0,,,,,,,,0,,,,0
7181,15847,15200,12152,0,0,9.38048,0.55067,-0.27294,0.066046,0.288687,0.475108,136.468,59.778,-86.738,25.7816,-45.6252,-71.3761,107.1844,-150.4882,-168.5802,-0.0097272,0.3434240,-0.0036407,0.000000,0.000000,0.000000,0.00000,0.00000,0.000,0.000,0.000,0.000,0.000,-6.0000,0.0000,0.0000,6.0000,95.00,95.00,90.00,90.00,1575,1575,2225,1500,0,,,,,,,,0,,,,0
7223,26745,15743,12637,0,0,9.12430,0.08619,0.61052,0.234358,-0.327036,0.394148,133.928,60.089,-90.240,25.7668,-45.8065,-72.1319,108.2706,-152.4147,-171.6040,-0.0097272,0.3434240,-0.0036407,0.000000,0.000000,0.000000,0.00000,0.00000,0.000,0.000,0.000,0.000,0.000,-6.0000,0.0000,0.0000,6.0000,95.00,95.00,90.00,90.00,1575,1575,2225,1500,0,,,,,,,,0,,,,0
7280,17898,15182,12156,0,0,9.34577,-0.05148,1.34315,0.356864,-0.319579,0.343015,130.448,60.858,-95.546,25.7028,-46.0197,-73.1773,109.7499,-155.0536,-175.7796,-0.0097272,0.3434240,-0.0036407,0.000000,0.000000,0.000000,0.00000,0.00000,0.000,0.000,0.000,0.000,0.000,-6.0000,0.0000,0.0000,6.0000,95.00,95.00,90.00,90.00,1575,1575,2225,1500,0,,,,,,,,0,,,,0
7324,27794,15802,12741,0,0,10.58596,-0.42018,1.25097,0.173638,0.059655,0.156594,129.267,61.062,-97.550,25.6486,-46.1939,-74.0155,110.8585,-157.0444,-178.9572,-0.0097272,0.3434240,-0.0036407,0.000000,0.000000,0.000000,0.00000,0.00000,0.000,0.000,0.000,0.000,0.000,-6.0000,0.0000,0.0000,6.0000,95.00,95.00,90.00,90.00,1575,1575,2225,1500,0,,,,,,,,0,,,,0
7382,15830,15563,12523,0,0,10.56202,-0.78530,0.72305,0.031958,0.052198,-0.007457,128.329,61.552,-99.062,25.5960,-46.4376,-75.1359,112.3432,-159.7285,-183.2787,-0.0097272,0.3434240,-0.0036407,0.000000,0.000000,0.000000,0.00000,0.00000,0.000,0.000,0.000,0.000,0.000,-6.0000,0.0000,0.0000,6.0000,95.00,95.00,90.00,90.00,1575,1575,2225,1500,0,,,,,,,,0,,,,0
7417,20130,15239,12170,0,0,9.92995,-0.66679,1.00197,-0.115049,-0.079895,-0.080960,127.156,62.187,-100.223,25.5626,-46.5723,-75.8200,113.2616,-161.3981,-185.9884,-0.0097272,0.3434240,-0.0036407,0.000000,0.000000,0.000000,0.00000,0.00000,0.000,0.000,0.000,0.000,0.000,-6.0000,0.0000,0.0000,6.0000,95.00,95.00,90.00,90.00,1575,1575,2225,1500,0,,,,,,,,0,,,,0
7482,19456,18961,12579,0,0,10.89841,-0.28730,0.91937,-0.168312,0.017044,-0.063916,124.796,63.311,-102.316,25.4724,-46.8180,-77.0217,114.8284,-164.2653,-190.6805,-0.0097272,0.3434240,-0.0036407,0.000000,0.000000,0.000000,0.00000,0.00000,0.000,0.000,0.000,0.000,0.000,-6.0000,0.0000,0.0000,6.0000,95.00,95.00,90.00,90.00,1575,1575,2225,1500,0,,,,,,,,0,,,,0
7520,19280,36775,28693,0,0,9.92995,-0.10534,0.92895,-0.153398,0.162985,0.004261,124.300,63.417,-102.693,25.4426,-46.8883,-77.3872,115.3192,-165.1686,-192.1690,-0.0097272,0.3434240,-0.0036407,0.000000,0.000000,0.000000,0.00000,0.00000,0.000,0.000,0.000,0.000,0.000,-6.0000,0.0000,0.0000,6.0000,95.00,95.00,90.00,90.00,1575,1575,2225,1500,0,,,,,,,,0,,,,0
7581,31201,29820,21731,0,0,10.10473,-0.48363,0.48243,-0.029827,-0.176834,0.221575,120.902,63.667,-106.222,25.3508,-47.1242,-78.6523,117.0677,-168.4047,-197.5399,-0.0097272,0.3434240,-0.0036407,0.000000,0.000000,0.000000,0.00000,0.00000,0.000,0.000,0.000,0.000,0.000,-6.0000,0.0000,0.0000,6.0000,95.00,95.00,90.00,90.00,1575,1575,2225,1500,0,,,,,,,,0,,,,0
7627,25248,15756,12683,0,0,9.62469,-0.45370,0.96367,0.047937,-0.136354,0.203466,117.244,63.933,-110.454,25.2425,-47.3253,-79.7772,118.5874,-171.2420,-202.2986,-0.0097272,0.3434240,-0.0036407,0.000000,0.000000,0.000000,0.00000,0.00000,0.000,0.000,0.000,0.000,0.000,-6.0000,0.0000,0.0000,6.0000,95.00,95.00,90.00,90.00,1575,1575,2225,1500,0,,,,,,,,0,,,,0
7669,25987,15759,12687,0,0,9.81264,-0.42497,0.65960,0.076699,-0.003196,0.170442,115.434,63.910,-112.687,25.1655,-47.4612,-80.5683,119.6453,-173.2312,-205.6637,-0.0097272,0.3434240,-0.0036407,0.000000,0.000000,0.000000,0.00000,0.00000,0.000,0.000,0.000,0.000,0.000,-6.0000,0.0000,0.0000,6.0000,95.00,95.00,90.00,90.00,1575,1575,2225,1500,0,,,,,,,,0,,,,0
7717,23649,15741,12635,0,0,9.09198,-0.56743,0.15443,0.040480,-0.091613,0.064981,113.576,64.122,-114.964,25.0966,-47.6211,-81.4486,120.8517,-175.5136,-209.5527,-0.0097272,0.3434240,-0.0036407,0.000000,0.000000,0.000000,0.00000,0.00000,0.000,0.000,0.000,0.000,0.000,-6.0000,0.0000,0.0000,6.0000,95.00,95.00,90.00,90.00,1575,1575,2225,1500,0,,,,,,,,0,,,,0
7770,15804,15629,12600,0,0,9.81264,-0.48722,-0.04549,-0.056459,-0.086286,0.014914,111.302,64.355,-117.428,25.0062,-47.7818,-82.4439,122.1696,-178.0230,-213.8640,-0.0097272,0.3434240,-0.0036407,0.000000,0.000000,0.000000,0.00000,0.00000,0.000,0.000,0.000,0.000,0.000,-6.0000,0.0000,0.0000,6.0000,95.00,95.00,90.00,90.00,1575,1575,2225,1500,0,,,,,,,,0,,,,0
7828,15873,15643,12574,0,0,10.47344,-0.63087,0.61651,-0.156594,0.121440,-0.002131,108.968,64.764,-119.568,24.8795,-47.9656,-83.5759,123.6078,-180.7832,-218.6497,-0.0097272,0.3434240,-0.0036407,0.000000,0.000000,0.000000,0.00000,0.00000,0.000,0.000,0.000,0.000,0.000,-6.0000,0.0000,0.0000,6.0000,95.00,95.00,90.00,90.00,1575,1575,2225,1500,0,,,,,,,,0,,,,0
7871,26828,16383,13340,0,0,10.41119,-0.80445,0.97444,-0.142745,0.245011,-0.079895,108.221,65.038,-120.062,24.7829,-48.0879,-84.4098,124.6676,-182.8330,-222.2343,-0.0097272,0.3434240,-0.0036407,0.000000,0.000000,0.000000,0.00000,0.00000,0.000,0.000,0.000,0.000,0.000,-6.0000,0.0000,0.0000,6.0000,95.00,95.00,90.00,90.00,1575,1575,2225,1500,0,,,,,,,,0,,,,0
7917,21962,16304,12908,0,0,9.87010,-0.31364,0.48483,0.002131,0.188552,-0.152333,108.198,65.420,-120.028,24.6793,-48.2289,-85.2892,125.8065,-185.0510,-226.1422,-0.0097272,0.3434240,-0.0036407,0.000000,0.000000,0.000000,0.00000,0.00000,0.000,0.000,0.000,0.000,0.000,-6.0000,0.0000,0.0000,6.0000,95.00,95.00,90.00,90.00,1575,1575,2225,1500,0,,,,,,,,0,,,,0
7975,15398,15641,12296,0,0,9.81623,-0.55426,0.68235,0.051133,-0.029827,-0.019175,106.138,65.906,-122.473,24.5472,-48.3821,-86.3937,127.2456,-187.8753,-231.1610,-0.0097272,0.3434240,-0.0036407,0.000000,0.000000,0.000000,0.00000,0.00000,0.000,0.000,0.000,0.000,0.000,-6.0000,0.0000,0.0000,6.0000,95.00,95.00,90.00,90.00,1575,1575,2225,1500,0,,,,,,,,0,,,,0
8033,36307,21794,18721,0,0,10.08318,-0.58419,0.84994,0.001065,0.051133,0.095874,104.049,65.913,-124.835,24.4193,-48.5094,-87.3996,128.5226,-190.4020,-235.6930,-0.0097272,0.3434240,-0.0036407,0.000000,0.000000,0.000000,0.00000,0.00000,0.000,0.000,0.000,0.000,0.000,-6.0000,0.0000,0.0000,6.0000,95.00,95.00,90.00,90.00,1575,1575,2225,1500,0,,,,,,,,0,,,,0
8074,25376,15674,12348,0,0,9.82221,-0.53271,0.96726,-0.040480,0.088417,0.141680,102.245,65.705,-126.738,24.2947,-48.6182,-88.3051,129.6765,-192.7026,-239.8548,-0.0097272,0.3434240,-0.0036407,0.000000,0.000000,0.000000,0.00000,0.00000,0.000,0.000,0.000,0.000,0.000,-6.0000,0.0000,0.0000,6.0000,95.00,95.00,90.00,90.00,1575,1575,2225,1500,0,,,,,,,,0,,,,0
8125,17170,15756,12695,0,0,9.70490,-0.87029,0.91339,-0.061785,-0.052198,0.180030,100.919,65.570,-128.131,24.2290,-48.6703,-88.7959,130.3023,-193.9574,-242.1389,-0.0097272,0.3434240,-0.0036407,0.000000,0.000000,0.000000,0.00000,0.00000,0.000,0.000,0.000,0.000,0.000,-6.0000,0.0000,0.0000,6.0000,95.00,95.00,90.00,90.00,1575,1575,2225,1500,0,,,,,,,,0,,,,0
8167,26085,15767,12675,0,0,9.68694,-0.96367,1.33357,-0.030893,0.008522,0.222640,98.810,65.247,-130.392,24.1131,-48.7379,-89.5948,131.3192,-196.0064,-245.8912,-0.0097272,0.3434240,-0.0036407,0.000000,0.000000,0.000000,0.00000,0.00000,0.000,0.000,0.000,0.000,0.000,-6.0000,0.0000,0.0000,6.0000,95.00,95.00,90.00,90.00,1575,1575,2225,1500,0,,,,,,,,0,,,,0
8225,15818,15627,12581,0,0,9.65222,-0.91698,1.09295,-0.058590,0.169377,0.235423,96.908,64.576,-132.317,23.9473,-48.8384,-90.6974,132.7053,-198.8206,-251.0910,-0.0097272,0.3434240,-0.0036407,0.000000,0.000000,0.000000,0.00000,0.00000,0.000,0.000,0.000,0.000,0.000,-6.0000,0.0000,0.0000,6.0000,95.00,95.00,90.00,90.00,1575,1575,2225,1500,0,,,,,,,,0,,,,0
8276,15335,15528,12204,0,0,9.65222,-1.14563,1.06422,-0.083091,0.028762,0.196009,94.864,64.076,-134.387,23.8087,-48.9179,-91.6637,133.9268,-201.3209,-255.7551,-0.0097272,0.3434240,-0.0036407,0.000000,0.000000,0.000000,0.00000,0.00000,0.000,0.000,0.000,0.000,0.000,-6.0000,0.0000,0.0000,6.0000,95.00,95.00,90.00,90.00,1575,1575,2225,1500,0,,,,,,,,0,,,,0
8326,24986,16434,13394,0,0,10.07001,-1.05465,1.22942,-0.098004,0.145941,0.115049,93.276,63.736,-135.891,23.6457,-48.9982,-92.6167,135.0933,-203.7279,-260.2851,-0.0097272,0.3434240,-0.0036407,0.000000,0.000000,0.000000,0.00000,0.00000,0.000,0.000,0.000,0.000,0.000,-6.0000,0.0000,0.0000,6.0000,95.00,95.00,90.00,90.00,1575,1575,2225,1500,0,,,,,,,,0,,,,0
8369,26517,16370,13337,0,0,10.05804,-1.08457,1.26653,-0.094809,0.214118,0.093743,92.354,63.491,-136.704,23.5016,-49.0629,-93.4493,136.1114,-205.8453,-264.3028,-0.0097272,0.3434240,-0.0036407,0.000000,0.000000,0.000000,0.00000,0.00000,0.000,0.000,0.000,0.000,0.000,-6.0000,0.0000,0.0000,6.0000,95.00,95.00,90.00,90.00,1575,1575,2225,1500,0,,,,,,,,0,,,,0
8422,16458,16177,13148,0,0,9.71926,-1.45328,1.22583,-0.054328,0.199204,0.075634,91.483,63.234,-137.501,23.3330,-49.1330,-94.4745,137.3660,-208.4759,-269.3371,-0.0097272,0.3434240,-0.0036407,0.000000,0.000000,0.000000,0.00000,0.00000,0.000,0.000,0.000,0.000,0.000,-6.0000,0.0000,0.0000,6.0000,95.00,95.00,90.00,90.00,1575,1575,2225,1500,0,,,,,,,,0,,,,0
8482,16495,16167,13146,0,0,9.13508,-1.51792,1.50715,0.160855,0.295078,0.064981,91.374,63.054,-138.004,23.1445,-49.1896,-95.6115,138.7568,-211.4185,-275.0258,-0.0097272,0.3434240,-0.0036407,0.000000,0.000000,0.000000,0.00000,0.00000,0.000,0.000,0.000,0.000,0.000,-6.0000,0.0000,0.0000,6.0000,95.00,95.00,90.00,90.00,1575,1575,2225,1500,0,,,,,,,,0,,,,0
8530,25037,38658,27689,0,0,8.98185,-1.86748,1.62087,0.204531,0.167247,0.151268,91.177,62.838,-138.571,23.0730,-49.1998,-96.0788,139.3354,-212.6502,-277.4255,-0.0097272,0.3434240,-0.0036407,0.000000,0.000000,0.000000,0.00000,0.00000,0.000,0.000,0.000,0.000,0.000,-6.0000,0.0000,0.0000,6.0000,95.00,95.00,90.00,90.00,1575,1575,2225,1500,0,,,,,,,,0,,,,0
8574,27781,15769,12398,0,0,7.94636,-1.15999,1.83875,0.402670,0.113983,0.060720,91.444,62.592,-139.854,22.8575,-49.2312,-97.2773,140.8784,-215.9573,-283.9220,-0.0097272,0.3434240,-0.0036407,0.000000,0.000000,0.000000,0.00000,0.00000,0.000,0.000,0.000,0.000,0.000,-6.0000,0.0000,0.0000,6.0000,95.00,95.00,90.00,90.00,1575,1575,2225,1500,0,,,,,,,,0,,,,0
8632,15728,15612,12592,0,0,9.61511,-1.08338,2.11528,0.385626,0.279099,-0.128897,91.549,62.742,-141.195,22.6396,-49.2639,-98.3493,142.1952,-218.8074,-289.5825,-0.0097272,0.3434240,-0.0036407,0.000000,0.000000,0.000000,0.00000,0.00000,0.000,0.000,0.000,0.000,0.000,-6.0000,0.0000,0.0000,6.0000,95.00,95.00,90.00,90.00,1575,1575,2225,1500,0,,,,,,,,0,,,,0
8668,15835,35993,27964,0,0,9.23803,-0.99718,1.63165,0.430367,0.246076,-0.155529,91.784,62.882,-141.379,22.5833,-49.2765,-98.6424,142.5532,-219.5876,-291.1422,-0.0097272,0.3434240,-0.0036407,0.000000,0.000000,0.000000,0.00000,0.00000,0.000,0.000,0.000,0.000,0.000,-6.0000,0.0000,0.0000,6.0000,95.00,95.00,90.00,90.00,1575,1575,2225,1500,0,,,,,,,,0,,,,0
8730,16633,15853,12776,0,0,10.14543,-0.79966,2.18710,0.236489,0.209857,-0.233293,91.267,63.682,-143.459,22.2437,-49.3044,-100.1750,144.4051,-223.6594,-299.3539,-0.0097272,0.3434240,-0.0036407,0.000000,0.000000,0.000000,0.00000,0.00000,0.000,0.000,0.000,0.000,0.000,-6.0000,0.0000,0.0000,6.0000,95.00,95.00,90.00,90.00,1575,1575,2225,1500,0,,,,,,,,0,,,,0
8775,23376,15737,12369,0,0,9.59476,-1.33716,2.24935,0.193878,0.441019,-0.355798,92.043,64.546,-143.157,22.0686,-49.3130,-101.0421,145.3971,-225.8675,-303.8591,-0.0097272,0.3434240,-0.0036407,0.000000,0.000000,0.000000,0.00000,0.00000,0.000,0.000,0.000,0.000,0.000,-6.0000,0.0000,0.0000,6.0000,95.00,95.00,90.00,90.00,1575,1575,2225,1500,0,,,,,,,,0,,,,0
8817,26604,15350,12231,0,0,7.54054,-0.71108,2.20745,0.475108,0.345146,-0.738228,93.633,66.124,-142.483,21.9356,-49.2978,-101.7854,146.3332,-227.9652,-308.1741,-0.0097272,0.3434240,-0.0036407,0.000000,0.000000,0.000000,0.00000,0.00000,0.000,0.000,0.000,0.000,0.000,-6.0000,0.0000,0.0000,6.0000,95.00,95.00,90.00,90.00,1575,1575,2225,1500,0,,,,,,,,0,,,,0
8869,15725,15641,12601,0,0,11.66814,-0.60214,3.42131,0.506001,-0.684965,-0.884169,86.751,68.259,-151.118,21.7036,-49.2725,-102.7505,147.4484,-230.4840,-313.3990,-0.0097272,0.3434240,-0.0036407,0.000000,0.000000,0.000000,0.00000,0.00000,0.000,0.000,0.000,0.000,0.000,-6.0000,0.0000,0.0000,6.0000,95.00,95.00,90.00,90.00,1575,1575,2225,1500,0,,,,,,,,0,,,,0
8931,20050,16587,12735,0,0,11.13663,0.72425,3.36744,0.355798,0.005326,-1.160073,82.222,72.059,-157.740,21.3821,-49.2147,-103.9819,148.7749,-233.5160,-319.7632,-0.0097272,0.3434240,-0.0036407,0.000000,0.000000,0.000000,0.00000,0.00000,0.000,0.000,0.000,0.000,0.000,-6.0000,0.0000,0.0000,6.0000,95.00,95.00,90.00,90.00,1575,1575,2225,1500,0,,,,,,,,0,,,,0
8973,26064,15734,12703,0,0,8.98544,0.88585,1.71305,0.285491,-0.071373,-1.181378,78.681,74.751,-162.242,21.2021,-49.1981,-104.7776,149.6882,-235.6271,-324.2417,-0.0097272,0.3434240,-0.0036407,0.000000,0.000000,0.000000,0.00000,0.00000,0.000,0.000,0.000,0.000,0.000,-6.0000,0.0000,0.0000,6.0000,95.00,95.00,90.00,90.00,1575,1575,2225,1500,0,,,,,,,,0,,,,0
9031,36211,21740,18689,0,0,9.34337,3.26210,0.89184,0.005326,-0.878843,-0.953412,63.324,76.493,-178.376,20.9296,-49.2268,-105.7212,150.7870,-238.1934,-329.7307,-0.0097272,0.3434240,-0.0036407,0.000000,0.000000,0.000000,0.00000,0.00000,0.000,0.000,0.000,0.000,0.000,-6.0000,0.0000,0.0000,6.0000,95.00,95.00,90.00,90.00,1575,1575,2225,1500,0,,,,,,,,0,,,,0
9073,25433,15751,12696,0,0,10.23521,2.74974,1.34195,-0.197074,-0.548611,-0.516653,49.528,76.284,167.795,20.6892,-49.2201,-106.6320,151.7730,-240.5254,-334.7607,-0.0097272,0.3434240,-0.0036407,0.000000,0.000000,0.000000,0.00000,0.00000,0.000,0.000,0.000,0.000,0.000,-6.0000,0.0000,0.0000,6.0000,95.00,95.00,90.00,90.00,1575,1575,2225,1500,0,,,,,,,,0,,,,0
9139,19578,18950,12246,0,0,8.83101,2.33076,-0.01796,0.015979,-0.300405,-0.240750,39.743,75.404,158.114,20.4019,-49.2020,-107.7296,153.0613,-243.6121,-341.4839,-0.0097272,0.3434240,-0.0036407,0.000000,0.000000,0.000000,0.00000,0.00000,0.000,0.000,0.000,0.000,0.000,-6.0000,0.0000,0.0000,6.0000,95.00,95.00,90.00,90.00,1575,1575,2225,1500,0,,,,,,,,0,,,,0
9181,26578,15296,12223,0,0,9.55167,2.26372,0.47405,-0.078830,-0.641289,-0.162985,32.877,73.569,151.230,20.2092,-49.1841,-108.5692,153.9908,-245.8634,-346.4330,-0.0097272,0.3434240,-0.0036407,0.000000,0.000000,0.000000,0.00000,0.00000,0.000,0.000,0.000,0.000,0.000,-6.0000,0.0000,0.0000,6.0000,95.00,95.00,90.00,90.00,1575,1575,2225,1500,0,,,,,,,,0,,,,0
9232,15446,15542,12548,0,0,8.80707,2.57496,0.35554,0.007457,-0.134223,-0.219444,27.869,72.540,146.029,19.9752,-49.1468,-109.4984,155.0223,-248.3876,-352.0312,-0.0097272,0.3434240,-0.0036407,0.000000,0.000000,0.000000,0.00000,0.00000,0.000,0.000,0.000,0.000,0.000,-6.0000,0.0000,0.0000,6.0000,95.00,95.00,90.00,90.00,1575,1575,2225,1500,0,,,,,,,,0,,,,0
9274,26125,15742,12344,0,0,8.93037,2.11528,0.47285,0.025566,-0.274838,-0.262055,24.349,71.589,142.210,19.7897,-49.1092,-110.2479,155.8548,-250.4451,-356.6325,-0.0097272,0.3434240,-0.0036407,0.000000,0.000000,0.000000,0.00000,0.00000,0.000,0.000,0.000,0.000,0.000,-6.0000,0.0000,0.0000,6.0000,95.00,95.00,90.00,90.00,1575,1575,2225,1500,0,,,,,,,,0,,,,0
9318,22860,16085,12958,0,0,9.25957,2.26851,0.67876,0.134223,0.263120,-0.077764,23.100,71.064,140.600,19.5946,-49.0412,-111.0386,156.7178,-252.5956,-361.4811,-0.0097272,0.3434240,-0.0036407,0.000000,0.000000,0.000000,0.00000,0.00000,0.000,0.000,0.000,0.000,0.000,-6.0000,0.0000,0.0000,6.0000,95.00,95.00,90.00,90.00,1575,1575,2225,1500,0,,,,,,,,0,,,,0
9380,16397,15184,12154,0,0,8.44914,2.94966,0.16400,0.215183,-0.050067,0.011718,23.347,70.646,140.107,19.2920,-49.0020,-112.1271,157.9254,-255.6400,-368.4112,-0.0097272,0.3434240,-0.0036407,0.000000,0.000000,0.000000,0.00000,0.00000,0.000,0.000,0.000,0.000,0.000,-6.0000,0.0000,0.0000,6.0000,95.00,95.00,90.00,90.00,1575,1575,2225,1500,0,,,,,,,,0,,,,0
9422,26482,15649,12592,0,0,8.91242,2.88022,0.47405,0.390952,-0.519849,-0.040480,22.043,68.924,137.755,19.0787,-48.9581,-112.8577,158.7285,-257.6905,-373.1202,-0.0097272,0.3434240,-0.0036407,0.000000,0.000000,0.000000,0.00000,0.00000,0.000,0.000,0.000,0.000,0.000,-6.0000,0.0000,0.0000,6.0000,95.00,95.00,90.00,90.00,1575,1575,2225,1500,0,,,,,,,,0,,,,0
9479,15842,15186,12155,0,0,10.53928,3.65834,-0.00120,0.308927,-0.108657,-0.051133,21.404,66.966,135.675,18.7276,-48.8982,-113.9394,159.8236,-260.5247,-379.6884,-0.0097272,0.3434240,-0.0036407,0.000000,0.000000,0.000000,0.00000,0.00000,0.000,0.000,0.000,0.000,0.000,-6.0000,0.0000,0.0000,6.0000,95.00,95.00,90.00,90.00,1575,1575,2225,1500,0,,,,,,,,0,,,,0
9533,36401,17151,14124,0,0,8.38330,2.34273,0.00239,0.230097,0.026632,-0.128897,20.609,66.262,133.962,18.4833,-48.8230,-114.8436,160.7868,-263.0549,-385.6122,-0.0097272,0.3434240,-0.0036407,0.000000,0.000000,0.000000,0.00000,0.00000,0.000,0.000,0.000,0.000,0.000,-6.0000,0.0000,0.0000,6.0000,95.00,95.00,90.00,90.00,1575,1575,2225,1500,0,,,,,,,,0,,,,0
9570,26232,27878,18299,0,0,8.75440,2.94607,0.47764,0.180030,-0.062851,-0.150202,19.954,65.765,132.933,18.3453,-48.7751,-115.2946,161.2699,-264.3350,-388.6307,-0.0097272,0.3434240,-0.0036407,0.000000,0.000000,0.000000,0.00000,0.00000,0.000,0.000,0.000,0.000,0.000,-6.0000,0.0000,0.0000,6.0000,95.00,95.00,90.00,90.00,1575,1575,2225,1500,0,,,,,,,,0,,,,0
9628,15883,15629,12596,0,0,9.67377,2.84192,0.66679,-0.069242,0.027697,-0.052198,17.899,64.201,130.521,17.9652,-48.6268,-116.5179,162.5412,-267.7456,-396.7463,-0.0097272,0.3434240,-0.0036407,0.000000,0.000000,0.000000,0.00000,0.00000,0.000,0.000,0.000,0.000,0.000,-6.0000,0.0000,0.0000,6.0000,95.00,95.00,90.00,90.00,1575,1575,2225,1500,0,,,,,,,,0,,,,0
9670,26334,15735,12667,0,0,8.86693,3.12324,0.15682,-0.202400,0.197074,-0.098004,16.877,63.976,129.871,17.7313,-48.5480,-117.2593,163.2938,-269.7947,-401.6761,-0.0097272,0.3434240,-0.0036407,0.000000,0.000000,0.000000,0.00000,0.00000,0.000,0.000,0.000,0.000,0.000,-6.0000,0.0000,0.0000,6.0000,95.00,95.00,90.00,90.00,1575,1575,2225,1500,0,,,,,,,,0,,,,0
9722,15793,16061,12994,0,0,9.12670,3.38420,0.28850,-0.201335,-0.147006,-0.019175,15.466,62.799,128.972,17.4436,-48.4486,-118.1483,164.2041,-272.3046,-407.7671,-0.0097272,0.3434240,-0.0036407,0.000000,0.000000,0.000000,0.00000,0.00000,0.000,0.000,0.000,0.000,0.000,-6.0000,0.0000,0.0000,6.0000,95.00,95.00,90.00,90.00,1575,1575,2225,1500,0,,,,,,,,0,,,,0
9773,25059,19916,12718,0,0,9.19733,2.76291,0.26336,-0.243946,0.202400,-0.008522,14.452,62.158,128.528,17.1802,-48.3295,-118.9807,165.0173,-274.5782,-413.3384,-0.0097272,0.3434240,-0.0036407,0.000000,0.000000,0.000000,0.00000,0.00000,0.000,0.000,0.000,0.000,0.000,-6.0000,0.0000,0.0000,6.0000,95.00,95.00,90.00,90.00,1575,1575,2225,1500,0,,,,,,,,0,,,,0
9831,36175,21437,18386,0,0,9.03811,3.43688,-0.11732,-0.174703,-0.113983,0.040480,13.633,60.980,128.236,16.8718,-48.2276,-119.9516,165.9765,-277.2975,-420.0670,-0.0097272,0.3434240,-0.0036407,0.000000,0.000000,0.000000,0.00000,0.00000,0.000,0.000,0.000,0.000,0.000,-6.0000,0.0000,0.0000,6.0000,95.00,95.00,90.00,90.00,1575,1575,2225,1500,0,,,,,,,,0,,,,0
9867,19891,15670,12616,0,0,9.61392,2.73538,0.28132,-0.113983,-0.213053,-0.031958,12.704,59.619,127.417,16.6347,-48.1266,-120.6853,166.6722,-279.2986,-425.0641,-0.0097272,0.3434240,-0.0036407,0.000000,0.000000,0.000000,0.00000,0.00000,0.000,0.000,0.000,0.000,0.000,-6.0000,0.0000,0.0000,6.0000,95.00,95.00,90.00,90.00,1575,1575,2225,1500,0,,,,,,,,0,,,,0
9928,16507,16274,13259,0,0,9.71687,3.23696,0.68833,-0.020240,0.220510,-0.024501,12.399,58.512,127.219,16.2739,-47.9628,-121.7374,167.6772,-282.2326,-432.4658,-0.0097272,0.3434240,-0.0036407,0.000000,0.000000,0.000000,0.00000,0.00000,0.000,0.000,0.000,0.000,0.000,-6.0000,0.0000,0.0000,6.0000,95.00,95.00,90.00,90.00,1575,1575,2225,1500,0,,,,,,,,0,,,,0
9981,30161,22591,12611,0,0,9.08480,3.08972,0.57820,0.027697,0.098004,0.162985,12.829,57.822,127.568,15.9972,-47.8427,-122.5364,168.4304,-284.4689,-438.1672,-0.0097272,0.3434240,-0.0036407,0.000000,0.000000,0.000000,0.00000,0.00000,0.000,0.000,0.000,0.000,0.000,-6.0000,0.0000,0.0000,6.0000,95.00,95.00,90.00,90.00,1575,1575,2225,1500,0,,,,,,,,0,,,,0
10018,22856,36322,28419,0,0,8.82862,3.22738,1.03310,0.031958,0.340885,0.150202,13.195,57.773,127.935,15.8579,-47.7721,-122.9100,168.7944,-285.5616,-440.9722,-0.0097272,0.3434240,-0.0036407,0.000000,0.000000,0.000000,0.00000,0.00000,0.000,0.000,0.000,0.000,0.000,-6.0000,0.0000,0.0000,6.0000,95.00,95.00,90.00,90.00,1575,1575,2225,1500,0,,,,,,,,0,,,,0
10067,26859,22273,14245,0,0,9.81742,3.15795,0.54468,0.003196,0.358994,0.074569,14.157,58.172,128.959,15.4587,-47.5976,-124.0063,169.7871,-288.5852,-448.7997,-0.0097272,0.3434240,-0.0036407,0.000000,0.000000,0.000000,0.00000,0.00000,0.000,0.000,0.000,0.000,0.000,-6.0000,0.0000,0.0000,6.0000,95.00,95.00,90.00,90.00,1575,1575,2225,1500,0,,,,,,,,0,,,,0
10127,16473,15672,12654,0,0,9.57920,3.34350,1.00437,0.063916,-0.071373,-0.109722,14.007,56.962,128.298,15.0740,-47.4346,-125.1031,170.8038,-291.7492,-457.0916,-0.0097272,0.3434240,-0.0036407,0.000000,0.000000,0.000000,0.00000,0.00000,0.000,0.000,0.000,0.000,0.000,-6.0000,0.0000,0.0000,6.0000,95.00,95.00,90.00,90.00,1575,1575,2225,1500,0,,,,,,,,0,,,,0
10189,19335,22345,12666,0,0,9.59117,3.56018,0.64643,0.153398,-0.385626,-0.384560,12.348,55.188,125.685,14.7292,-47.2654,-126.0427,171.6273,-294.3655,-464.0298,-0.0097272,0.3434240,-0.0036407,0.000000,0.000000,0.000000,0.00000,0.00000,0.000,0.000,0.000,0.000,0.000,-6.0000,0.0000,0.0000,6.0000,95.00,95.00,90.00,90.00,1575,1575,2225,1500,0,,,,,,,,0,,,,0
10231,21171,15745,12685,0,0,9.73004,3.73855,0.27892,0.136354,-0.271642,-0.371777,10.810,53.603,123.366,14.4131,-47.0988,-126.8640,172.3379,-296.6660,-470.1950,-0.0097272,0.3434240,-0.0036407,0.000000,0.000000,0.000000,0.00000,0.00000,0.000,0.000,0.000,0.000,0.000,-6.0000,0.0000,0.0000,6.0000,95.00,95.00,90.00,90.00,1575,1575,2225,1500,0,,,,,,,,0,,,,0
10273,25957,15738,12683,0,0,9.32182,3.36984,0.33040,0.231162,0.076699,-0.260990,10.205,52.982,121.984,14.1523,-46.9429,-127.5688,172.9365,-298.6371,-475.5280,-0.0097272,0.3434240,-0.0036407,0.000000,0.000000,0.000000,0.00000,0.00000,0.000,0.000,0.000,0.000,0.000,-6.0000,0.0000,0.0000,6.0000,95.00,95.00,90.00,90.00,1575,1575,2225,1500,0,,,,,,,,0,,,,0
10326,16340,15636,12614,0,0,8.52096,3.30400,0.28371,0.363255,0.341950,-0.100135,10.313,52.852,120.919,13.8302,-46.7469,-128.4381,173.6775,-301.1185,-482.3089,-0.0097272,0.3434240,-0.0036407,0.000000,0.000000,0.000000,0.00000,0.00000,0.000,0.000,0.000,0.000,0.000,-6.0000,0.0000,0.0000,6.0000,95.00,95.00,90.00,90.00,1575,1575,2225,1500,0,,,,,,,,0,,,,0
10367,25153,15736,12680,0,0,9.25119,3.48715,0.57581,0.419714,0.446346,0.027697,11.396,52.988,121.071,13.5780,-46.5917,-129.1091,174.2394,-303.0321,-487.5888,-0.0097272,0.3434240,-0.0036407,0.000000,0.000000,0.000000,0.00000,0.00000,0.000,0.000,0.000,0.000,0.000,-6.0000,0.0000,0.0000,6.0000,95.00,95.00,90.00,90.00,1575,1575,2225,1500,0,,,,,,,,0,,,,0
10430,15806,15613,12579,0,0,8.19416,3.57454,0.89902,0.409062,0.422910,0.352603,14.108,53.382,122.108,13.2787,-46.4010,-130.0455,175.0796,-305.9391,-495.6894,-0.0097272,0.3434240,-0.0036407,0.000000,0.000000,0.000000,0.00000,0.00000,0.000,0.000,0.000,0.000,0.000,-6.0000,0.0000,0.0000,6.0000,95.00,95.00,90.00,90.00,1575,1575,2225,1500,0,,,,,,,,0,,,,0
10471,25740,15710,12663,0,0,10.44111,4.42927,0.58179,0.194943,1.078048,0.059655,15.616,54.774,123.247,12.9446,-46.2272,-130.7625,175.6243,-307.8641,-501.1096,-0.0097272,0.3434240,-0.0036407,0.000000,0.000000,0.000000,0.00000,0.00000,0.000,0.000,0.000,0.000,0.000,-6.0000,0.0000,0.0000,6.0000,95.00,95.00,90.00,90.00,1575,1575,2225,1500,0,,,,,,,,0,,,,0
10526,37167,17605,14594,0,0,8.28274,4.68545,0.15562,-0.013848,0.109722,0.069242,16.064,54.605,123.670,12.5991,-46.0917,-131.5948,176.3031,-310.3153,-508.0758,-0.0097272,0.3434240,-0.0036407,0.000000,0.000000,0.000000,0.00000,0.00000,0.000,0.000,0.000,0.000,0.000,-6.0000,0.0000,0.0000,6.0000,95.00,95.00,90.00,90.00,1575,1575,2225,1500,0,,,,,,,,0,,,,0
10574,30503,16636,12734,0,0,9.26795,3.59729,1.18513,-0.050067,-0.541154,-0.119310,14.625,52.381,122.033,12.2638,-45.8927,-132.3718,176.9040,-312.5398,-514.4586,-0.0097272,0.3434240,-0.0036407,0.000000,0.000000,0.000000,0.00000,0.00000,0.000,0.000,0.000,0.000,0.000,-6.0000,0.0000,0.0000,6.0000,95.00,95.00,90.00,90.00,1575,1575,2225,1500,0,,,,,,,,0,,,,0
10622,23767,15652,12589,0,0,9.04769,3.11007,1.76213,-0.037284,0.306796,0.247141,15.077,51.764,122.781,11.9597,-45.6413,-133.1335,177.5033,-314.8040,-521.0266,-0.0097272,0.3434240,-0.0036407,0.000000,0.000000,0.000000,0.00000,0.00000,0.000,0.000,0.000,0.000,0.000,-6.0000,0.0000,0.0000,6.0000,95.00,95.00,90.00,90.00,1575,1575,2225,1500,0,,,,,,,,0,,,,0
10673,15371,15544,12572,0,0,10.47583,2.98437,1.32998,0.070307,0.694552,0.354733,16.566,52.191,124.506,11.6273,-45.3948,-133.9726,178.1077,-317.1367,-527.8698,-0.0097272,0.3434240,-0.0036407,0.000000,0.000000,0.000000,0.00000,0.00000,0.000,0.000,0.000,0.000,0.000,-6.0000,0.0000,0.0000,6.0000,95.00,95.00,90.00,90.00,1575,1575,2225,1500,0,,,,,,,,0,,,,0
10732,16733,15811,12761,0,0,9.04051,2.50553,1.25935,0.227967,0.624245,0.442085,19.647,53.009,127.505,11.2707,-45.1462,-134.8888,178.7768,-319.7832,-535.7288,-0.0097272,0.3434240,-0.0036407,0.000000,0.000000,0.000000,0.00000,0.00000,0.000,0.000,0.000,0.000,0.000,-6.0000,0.0000,0.0000,6.0000,95.00,95.00,90.00,90.00,1575,1575,2225,1500,0,,,,,,,,0,,,,0
10775,21188,15745,12362,0,0,7.72250,2.84910,1.14323,0.497478,-0.045806,0.552872,22.203,52.208,129.273,11.0242,-44.9819,-135.5376,179.2509,-321.7000,-541.4808,-0.0097272,0.3434240,-0.0036407,0.000000,0.000000,0.000000,0.00000,0.00000,0.000,0.000,0.000,0.000,0.000,-6.0000,0.0000,0.0000,6.0000,95.00,95.00,90.00,90.00,1575,1575,2225,1500,0,,,,,,,,0,,,,0
10820,22660,15212,12162,0,0,8.90164,2.25654,1.45089,0.645550,0.186421,0.515588,25.313,51.280,131.096,10.7481,-44.7540,-136.2480,179.7552,-323.7784,-547.7761,-0.0097272,0.3434240,-0.0036407,0.000000,0.000000,0.000000,0.00000,0.00000,0.000,0.000,0.000,0.000,0.000,-6.0000,0.0000,0.0000,6.0000,95.00,95.00,90.00,90.00,1575,1575,2225,1500,0,,,,,,,,0,,,,0
10878,15923,15230,12165,0,0,9.68814,2.81678,1.55144,0.552872,-0.207727,0.267381,27.982,48.968,132.236,10.3583,-44.4919,-137.1154,180.3655,-326.3579,-555.6761,-0.0097272,0.3434240,-0.0036407,0.000000,0.000000,0.000000,0.00000,0.00000,0.000,0.000,0.000,0.000,0.000,-6.0000,0.0000,0.0000,6.0000,95.00,95.00,90.00,90.00,1575,1575,2225,1500,0,,,,,,,,0,,,,0
10922,27771,15697,12630,0,0,9.36013,3.39618,0.88585,0.448476,-0.149137,0.315318,29.233,47.478,132.366,10.0511,-44.2999,-137.7827,180.8066,-328.2761,-561.6154,-0.0097272,0.3434240,-0.0036407,0.000000,0.000000,0.000000,0.00000,0.00000,0.000,0.000,0.000,0.000,0.000,-6.0000,0.0000,0.0000,6.0000,95.00,95.00,90.00,90.00,1575,1575,2225,1500,0,,,,,,,,0,,,,0
10973,15387,15561,12584,0,0,10.45189,2.06380,1.17316,0.177899,0.122505,-0.010653,29.556,46.525,131.862,9.6964,-44.0276,-138.5817,181.3132,-330.5431,-568.7077,-0.0097272,0.3434240,-0.0036407,0.000000,0.000000,0.000000,0.00000,0.00000,0.000,0.000,0.000,0.000,0.000,-6.0000,0.0000,0.0000,6.0000,95.00,95.00,90.00,90.00,1575,1575,2225,1500,0,,,,,,,,0,,,,0
11050,45507,30999,27807,0,0,8.94953,2.34751,1.30484,0.000000,0.104396,-0.091613,29.083,45.969,131.002,9.3077,-43.7209,-139.4899,181.8953,-333.2315,-577.2274,-0.0097272,0.3434240,-0.0036407,0.000000,0.000000,0.000000,0.00000,0.00000,0.000,0.000,0.000,0.000,0.000,-6.0000,0.0000,0.0000,6.0000,95.00,95.00,90.00,90.00,1575,1575,2225,1500,0,,,,,,,,0,,,,0
11077,31236,26827,23738,0,0,8.79630,2.45885,1.09415,-0.087352,-0.024501,-0.054328,28.537,45.436,130.434,9.1129,-43.5712,-139.9451,182.1830,-334.5948,-581.5916,-0.0097272,0.3434240,-0.0036407,0.000000,0.000000,0.000000,0.00000,0.00000,0.000,0.000,0.000,0.000,0.000,-6.0000,0.0000,0.0000,6.0000,95.00,95.00,90.00,90.00,1575,1575,2225,1500,0,,,,,,,,0,,,,0
11132,33868,21389,18355,0,0,9.52174,2.56539,1.38864,-0.129962,0.144876,-0.008522,27.891,44.786,130.164,8.7154,-43.2490,-140.8359,182.7258,-337.2377,-590.1379,-0.0097272,0.3434240,-0.0036407,0.000000,0.000000,0.000000,0.00000,0.00000,0.000,0.000,0.000,0.000,0.000,-6.0000,0.0000,0.0000,6.0000,95.00,95.00,90.00,90.00,1575,1575,2225,1500,0,,,,,,,,0,,,,0
11168,16032,15662,12593,0,0,9.83897,1.97761,1.16837,-0.116114,-0.045806,0.029827,27.176,44.014,129.527,8.4476,-43.0194,-141.4722,183.0832,-339.0343,-596.0172,-0.0097272,0.3434240,-0.0036407,0.000000,0.000000,0.000000,0.00000,0.00000,0.000,0.000,0.000,0.000,0.000,-6.0000,0.0000,0.0000,6.0000,95.00,95.00,90.00,90.00,1575,1575,2225,1500,0,,,,,,,,0,,,,0
11242,21078,24237,14216,0,0,9.68215,1.78847,1.41976,0.096939,0.226901,0.122505,48.732,44.442,129.369,-3.7845,-47.1125,-138.5283,115.2964,-376.8448,-586.7498,-0.0099486,0.3447459,-0.0468679,0.000000,0.000000,0.000000,0.00000,0.00000,0.000,0.000,0.000,0.000,0.000,-6.0000,0.0000,0.0000,6.0000,95.00,95.00,90.00,90.00,1575,1575,2225,1500,0,,,,,,,,0,,,,0
11268,24503,26418,18326,0,0,9.65701,2.33076,1.38744,0.084156,0.176834,0.129962,48.850,44.100,129.349,-3.9303,-46.9535,-138.8863,115.2019,-377.9972,-590.1485,-0.0099486,0.3447459,-0.0468679,0.000000,0.000000,0.000000,0.00000,0.00000,0.000,0.000,0.000,0.000,0.000,-6.0000,0.0000,0.0000,6.0000,95.00,95.00,90.00,90.00,1575,1575,2225,1500,0,,,,,,,,0,,,,0
11324,18357,15711,12656,0,0,9.03213,1.39702,1.68672,0.122505,0.115049,0.096939,51.578,43.561,130.028,-5.1900,-47.2881,-139.4693,110.5433,-384.5369,-597.6423,-0.0095583,0.3438643,-0.0505768,0.000000,0.000000,0.000000,0.00000,0.00000,0.000,0.000,0.000,0.000,0.000,-6.0000,0.0000,0.0000,6.0000,95.00,95.00,90.00,90.00,1575,1575,2225,1500,0,,,,,,,,0,,,,0
11382,15856,15548,12509,0,0,9.02494,2.32238,1.68312,0.115049,-0.024501,-0.014914,51.251,43.075,128.895,-5.5214,-46.8979,-140.2817,110.2341,-387.2534,-605.7115,-0.0095583,0.3438643,-0.0505768,0.000000,0.000000,0.000000,0.00000,0.00000,0.000,0.000,0.000,0.000,0.000,-6.0000,0.0000,0.0000,6.0000,95.00,95.00,90.00,90.00,1575,1575,2225,1500,0,,,,,,,,0,,,,0
11424,26343,15743,12668,0,0,9.44752,2.57975,1.83037,0.070307,0.007457,-0.154463,50.823,42.641,127.892,-5.7598,-46.6030,-140.8650,109.9967,-389.2216,-611.6296,-0.0095583,0.3438643,-0.0505768,0.000000,0.000000,0.000000,0.00000,0.00000,0.000,0.000,0.000,0.000,0.000,-6.0000,0.0000,0.0000,6.0000,95.00,95.00,90.00,90.00,1575,1575,2225,1500,0,,,,,,,,0,,,,0
11480,15803,15173,12149,0,0,8.96389,2.16915,1.42694,-0.093743,-0.138484,0.019175,49.700,41.855,126.088,-6.0589,-46.2316,-141.6383,109.6653,-391.8220,-619.5426,-0.0095583,0.3438643,-0.0505768,0.000000,0.000000,0.000000,0.00000,0.00000,0.000,0.000,0.000,0.000,0.000,-6.0000,0.0000,0.0000,6.0000,95.00,95.00,90.00,90.00,1575,1575,2225,1500,0,,,,,,,,0,,,,0
11540,36437,23810,20747,0,0,8.82263,2.46722,1.66636,0.005326,-0.136354,-0.022371,48.787,40.937,124.660,-6.3320,-45.8713,-142.3344,109.3443,-394.2072,-626.8972,-0.0095583,0.3438643,-0.0505768,0.000000,0.000000,0.000000,0.00000,0.00000,0.000,0.000,0.000,0.000,0.000,-6.0000,0.0000,0.0000,6.0000,95.00,95.00,90.00,90.00,1575,1575,2225,1500,0,,,,,,,,0,,,,0
11572,24013,31152,22675,0,0,9.26795,2.69348,1.40540,0.001065,-0.367516,-0.052198,48.172,40.290,123.692,-6.4665,-45.7020,-142.6599,109.1907,-395.3067,-630.3190,-0.0095583,0.3438643,-0.0505768,0.000000,0.000000,0.000000,0.00000,0.00000,0.000,0.000,0.000,0.000,0.000,-6.0000,0.0000,0.0000,6.0000,95.00,95.00,90.00,90.00,1575,1575,2225,1500,0,,,,,,,,0,,,,0
11624,15883,15646,12593,0,0,9.10874,2.02310,1.49877,-0.001065,0.078830,0.022371,47.097,39.187,122.186,-6.8266,-45.1663,-143.6113,108.7389,-398.3909,-640.0375,-0.0095583,0.3438643,-0.0505768,0.000000,0.000000,0.000000,0.00000,0.00000,0.000,0.000,0.000,0.000,0.000,-6.0000,0.0000,0.0000,6.0000,95.00,95.00,90.00,90.00,1575,1575,2225,1500,0,,,,,,,,0,,,,0
11675,29474,21849,12335,0,0,9.11353,2.46842,1.77889,-0.019175,-0.078830,0.028762,46.578,38.415,121.455,-7.0608,-44.8337,-144.2028,108.4240,-400.4309,-646.5609,-0.0095583,0.3438643,-0.0505768,0.000000,0.000000,0.000000,0.00000,0.00000,0.000,0.000,0.000,0.000,0.000,-6.0000,0.0000,0.0000,6.0000,95.00,95.00,90.00,90.00,1575,1575,2225,1500,0,,,,,,,,0,,,,0
11717,26383,15331,12227,0,0,9.51216,2.26132,1.39821,0.014914,0.038350,0.046872,46.228,37.587,120.860,-7.3106,-44.4617,-144.8569,108.0757,-402.5951,-653.5671,-0.0095583,0.3438643,-0.0505768,0.000000,0.000000,0.000000,0.00000,0.00000,0.000,0.000,0.000,0.000,0.000,-6.0000,0.0000,0.0000,6.0000,95.00,95.00,90.00,90.00,1575,1575,2225,1500,0,,,,,,,,0,,,,0
11770,15849,15623,12587,0,0,9.58399,2.33315,1.36829,-0.008522,-0.030893,0.033023,45.733,36.683,120.018,-7.5888,-44.0575,-145.5544,107.6835,-404.9249,-661.2104,-0.0095583,0.3438643,-0.0505768,0.000000,0.000000,0.000000,0.00000,0.00000,0.000,0.000,0.000,0.000,0.000,-6.0000,0.0000,0.0000,6.0000,95.00,95.00,90.00,90.00,1575,1575,2225,1500,0,,,,,,,,0,,,,0
11827,15875,15647,12598,0,0,9.08001,2.52947,1.69270,-0.057524,-0.055394,-0.015979,45.070,35.720,119.072,-7.8749,-43.6276,-146.2921,107.2421,-407.4275,-669.5399,-0.0095583,0.3438643,-0.0505768,0.000000,0.000000,0.000000,0.00000,0.00000,0.000,0.000,0.000,0.000,0.000,-6.0000,0.0000,0.0000,6.0000,95.00,95.00,90.00,90.00,1575,1575,2225,1500,0,,,,,,,,0,,,,0
11874,29409,17279,12385,0,0,9.50259,2.46722,1.78009,-0.049002,0.132093,0.107592,44.769,34.965,118.665,-8.0974,-43.2683,-146.8716,106.8806,-409.3947,-676.1761,-0.0095583,0.3438643,-0.0505768,0.000000,0.000000,0.000000,0.00000,0.00000,0.000,0.000,0.000,0.000,0.000,-6.0000,0.0000,0.0000,6.0000,95.00,95.00,90.00,90.00,1575,1575,2225,1500,0,,,,,,,,0,,,,0
11917,26748,15617,12530,0,0,8.49343,2.31040,1.02113,-0.055394,-0.062851,0.092678,44.399,34.125,118.267,-8.3165,-42.9532,-147.4312,106.5172,-411.3031,-682.6907,-0.0095583,0.3438643,-0.0505768,0.000000,0.000000,0.000000,0.00000,0.00000,0.000,0.000,0.000,0.000,0.000,-6.0000,0.0000,0.0000,6.0000,95.00,95.00,90.00,90.00,1575,1575,2225,1500,0,,,,,,,,0,,,,0
11971,15791,17198,14203,0,0,10.12747,2.08894,1.64242,-0.091613,0.215183,0.070307,54.944,20.058,132.184,-19.2284,-48.5833,-142.3496,91.2145,-422.2570,-684.9458,0.0205585,0.3522472,-0.0499659,0.000000,0.000000,0.000000,0.00000,0.00000,0.000,0.000,0.000,0.000,0.000,-6.0000,0.0000,0.0000,6.0000,95.00,95.00,90.00,90.00,1575,1575,2225,1500,0,,,,,,,,0,,,,0
12031,37738,21949,13922,0,0,8.59638,2.50673,1.61968,-0.069242,0.020240,0.036219,58.293,12.415,137.349,-24.6650,-51.2192,-140.1053,83.1064,-429.3911,-690.0049,0.0349692,0.3560210,-0.0497162,0.000000,0.000000,0.000000,0.00000,0.00000,0.000,0.000,0.000,0.000,0.000,-6.0000,0.0000,0.0000,6.0000,95.00,95.00,90.00,90.00,1575,1575,2225,1500,0,,,,,,,,0,,,,0
12083,35489,16554,12721,0,0,9.96586,2.34392,1.81002,0.071373,-0.043676,-0.052198,58.062,11.619,136.115,-25.0678,-50.8182,-140.6177,81.6732,-432.3326,-698.0963,0.0349692,0.3560210,-0.0497162,0.000000,0.000000,0.000000,0.00000,0.00000,0.000,0.000,0.000,0.000,0.000,-6.0000,0.0000,0.0000,6.0000,95.00,95.00,90.00,90.00,1575,1575,2225,1500,0,,,,,,,,0,,,,0
12120,21210,15192,12191,0,0,10.37767,2.97958,2.04704,0.169377,0.049002,-0.057524,58.099,10.998,135.609,-25.3286,-50.5350,-140.9688,80.7155,-434.2593,-703.4493,0.0349692,0.3560210,-0.0497162,0.000000,0.000000,0.000000,0.00000,0.00000,0.000,0.000,0.000,0.000,0.000,-6.0000,0.0000,0.0000,6.0000,95.00,95.00,90.00,90.00,1575,1575,2225,1500,0,,,,,,,,0,,,,0
12179,30260,28551,20525,0,0,9.19733,3.19865,1.09774,0.038350,-0.225836,0.033023,57.814,10.360,134.553,-25.6548,-50.2417,-141.3537,79.5516,-436.5602,-709.8955,0.0349692,0.3560210,-0.0497162,0.000000,0.000000,0.000000,0.00000,0.00000,0.000,0.000,0.000,0.000,0.000,-6.0000,0.0000,0.0000,6.0000,95.00,95.00,90.00,90.00,1575,1575,2225,1500,0,,,,,,,,0,,,,0
12220,26197,15252,12218,0,0,9.65342,2.48039,1.92973,0.023436,0.124636,0.111853,57.613,9.489,133.847,-26.0265,-49.8471,-141.7980,78.1317,-439.3101,-717.6743,0.0349692,0.3560210,-0.0497162,0.000000,0.000000,0.000000,0.00000,0.00000,0.000,0.000,0.000,0.000,0.000,-6.0000,0.0000,0.0000,6.0000,95.00,95.00,90.00,90.00,1575,1575,2225,1500,0,,,,,,,,0,,,,0
12273,15325,15547,12595,0,0,9.79348,2.31759,1.86628,0.101200,-0.072438,0.157659,59.971,3.921,137.215,-29.7846,-51.8803,-140.2037,72.0599,-446.0431,-722.5740,0.0452481,0.3579245,-0.0495810,0.000000,0.000000,0.000000,0.00000,0.00000,0.000,0.000,0.000,0.000,0.000,-6.0000,0.0000,0.0000,6.0000,95.00,95.00,90.00,90.00,1575,1575,2225,1500,0,,,,,,,,0,,,,0
12321,23344,15202,12186,0,0,9.43914,1.85551,1.59334,0.247141,0.129962,0.365386,60.539,2.769,137.135,-30.1027,-51.5517,-140.5800,70.6329,-448.5076,-729.2645,0.0452481,0.3579245,-0.0495810,0.000000,0.000000,0.000000,0.00000,0.00000,0.000,0.000,0.000,0.000,0.000,-6.0000,0.0000,0.0000,6.0000,95.00,95.00,90.00,90.00,1575,1575,2225,1500,0,,,,,,,,0,,,,0
12378,15829,15210,12157,0,0,9.11832,2.38941,1.44849,0.127832,-0.074569,0.609331,61.120,0.623,137.213,-30.4658,-51.1858,-141.0226,68.8846,-451.4733,-737.3938,0.0452481,0.3579245,-0.0495810,0.000000,0.000000,0.000000,0.00000,0.00000,0.000,0.000,0.000,0.000,0.000,-6.0000,0.0000,0.0000,6.0000,95.00,95.00,90.00,90.00,1575,1575,2225,1500,0,,,,,,,,0,,,,0
12430,15703,15587,12581,0,0,9.25000,1.41018,1.55025,-0.159790,-0.013848,0.817058,60.678,-1.909,137.322,-30.8025,-50.8366,-141.3975,67.3206,-454.0773,-744.6022,0.0452481,0.3579245,-0.0495810,0.000000,0.000000,0.000000,0.00000,0.00000,0.000,0.000,0.000,0.000,0.000,-6.0000,0.0000,0.0000,6.0000,95.00,95.00,90.00,90.00,1575,1575,2225,1500,0,,,,,,,,0,,,,0
12471,25465,15728,12689,0,0,9.59596,0.93374,1.68073,-0.454868,0.377104,0.724380,59.471,-3.621,138.061,-31.0625,-50.5429,-141.6973,66.0444,-456.1687,-750.4421,0.0452481,0.3579245,-0.0495810,0.000000,0.000000,0.000000,0.00000,0.00000,0.000,0.000,0.000,0.000,0.000,-6.0000,0.0000,0.0000,6.0000,95.00,95.00,90.00,90.00,1575,1575,2225,1500,0,,,,,,,,0,,,,0
12535,45519,17869,14873,0,0,10.40161,0.91578,2.14401,-0.547546,-0.200270,0.501740,57.621,-6.290,137.736,-31.4673,-50.0957,-142.1233,64.1229,-459.2621,-759.1642,0.0452481,0.3579245,-0.0495810,0.000000,0.000000,0.000000,0.00000,0.00000,0.000,0.000,0.000,0.000,0.000,-6.0000,0.0000,0.0000,6.0000,95.00,95.00,90.00,90.00,1575,1575,2225,1500,0,,,,,,,,0,,,,0
12576,25524,15630,12242,0,0,8.83101,-0.40701,1.34794,-0.074569,0.051133,0.384560,57.165,-7.579,137.671,-31.7106,-49.7830,-142.4843,62.7454,-461.4396,-765.3698,0.0452481,0.3579245,-0.0495810,0.000000,0.000000,0.000000,0.00000,0.00000,0.000,0.000,0.000,0.000,0.000,-6.0000,0.0000,0.0000,6.0000,95.00,95.00,90.00,90.00,1575,1575,2225,1500,0,,,,,,,,0,,,,0
12618,26188,15322,12229,0,0,10.14543,0.55545,2.06260,0.290817,-0.337689,-0.039415,57.696,-8.646,136.472,-31.9668,-49.4692,-142.7731,61.4077,-463.5247,-771.3620,0.0452481,0.3579245,-0.0495810,0.000000,0.000000,0.000000,0.00000,0.00000,0.000,0.000,0.000,0.000,0.000,-6.0000,0.0000,0.0000,6.0000,95.00,95.00,90.00,90.00,1575,1575,2225,1500,0,,,,,,,,0,,,,0
12675,15327,15675,12240,0,0,9.07283,0.30765,1.51433,0.412257,-0.147006,0.159790,59.438,-9.809,135.182,-32.2950,-49.0499,-143.1982,59.5706,-466.3406,-779.5369,0.0452481,0.3579245,-0.0495810,0.000000,0.000000,0.000000,0.00000,0.00000,0.000,0.000,0.000,0.000,0.000,-6.0000,0.0000,0.0000,6.0000,95.00,95.00,90.00,90.00,1575,1575,2225,1500,0,,,,,,,,0,,,,0
12717,26109,15319,12191,0,0,9.22007,0.25498,1.44370,0.071373,0.515588,0.181095,59.435,-10.223,135.584,-32.5303,-48.7464,-143.4903,58.2098,-468.3932,-785.5545,0.0452481,0.3579245,-0.0495810,0.000000,0.000000,0.000000,0.00000,0.00000,0.000,0.000,0.000,0.000,0.000,-6.0000,0.0000,0.0000,6.0000,95.00,95.00,90.00,90.00,1575,1575,2225,1500,0,,,,,,,,0,,,,0
12777,15726,15246,12148,0,0,9.81623,-0.07901,1.92733,-0.080960,-0.192813,0.444215,59.431,-11.967,135.200,-32.8916,-48.3256,-143.9131,56.2406,-471.3151,-794.2043,0.0452481,0.3579245,-0.0495810,0.000000,0.000000,0.000000,0.00000,0.00000,0.000,0.000,0.000,0.000,0.000,-6.0000,0.0000,0.0000,6.0000,95.00,95.00,90.00,90.00,1575,1575,2225,1500,0,,,,,,,,0,,,,0
12819,26463,15235,12212,0,0,9.33140,-1.20189,1.97761,-0.245011,0.345146,0.621049,58.717,-13.428,135.751,-33.0972,-47.9782,-144.2275,54.8576,-473.3333,-800.2430,0.0452481,0.3579245,-0.0495810,0.000000,0.000000,0.000000,0.00000,0.00000,0.000,0.000,0.000,0.000,0.000,-6.0000,0.0000,0.0000,6.0000,95.00,95.00,90.00,90.00,1575,1575,2225,1500,0,,,,,,,,0,,,,0
12876,15336,15220,12176,0,0,10.66018,0.62968,2.31759,-0.107592,-0.095874,0.226901,58.033,-15.705,135.030,-33.4137,-47.5489,-144.5790,52.9561,-476.0649,-808.5013,0.0452481,0.3579245,-0.0495810,0.000000,0.000000,0.000000,0.00000,0.00000,0.000,0.000,0.000,0.000,0.000,-6.0000,0.0000,0.0000,6.0000,95.00,95.00,90.00,90.00,1575,1575,2225,1500,0,,,,,,,,0,,,,0
12930,17103,15646,12622,0,0,8.81784,-2.31639,1.31322,0.066046,0.044741,0.137419,58.193,-16.321,134.676,-33.6941,-47.1087,-144.9890,51.1462,-478.6174,-816.3091,0.0452481,0.3579245,-0.0495810,0.000000,0.000000,0.000000,0.00000,0.00000,0.000,0.000,0.000,0.000,0.000,-6.0000,0.0000,0.0000,6.0000,95.00,95.00,90.00,90.00,1575,1575,2225,1500,0,,,,,,,,0,,,,0
12979,16262,15213,12198,0,0,10.11790,0.35075,1.96564,0.155529,-0.287621,-0.291882,58.604,-16.633,133.710,-33.8241,-46.9184,-145.1345,50.3057,-479.7879,-819.9208,0.0452481,0.3579245,-0.0495810,0.000000,0.000000,0.000000,0.00000,0.00000,0.000,0.000,0.000,0.000,0.000,-6.0000,0.0000,0.0000,6.0000,95.00,95.00,90.00,90.00,1575,1575,2225,1500,0,,,,,,,,0,,,,0
13038,35388,23713,20692,0,0,10.38365,0.29329,1.11929,-0.066046,0.500674,-0.242880,58.544,-16.042,133.434,-34.1364,-46.5113,-145.4310,48.5797,-482.1603,-827.2997,0.0452481,0.3579245,-0.0495810,0.000000,0.000000,0.000000,0.00000,0.00000,0.000,0.000,0.000,0.000,0.000,-6.0000,0.0000,0.0000,6.0000,95.00,95.00,90.00,90.00,1575,1575,2225,1500,0,,,,,,,,0,,,,0
13080,26477,15253,12209,0,0,8.70292,0.31005,1.34434,0.039415,0.073503,-0.512392,58.922,-15.474,132.460,-34.3750,-46.1605,-145.7686,46.8536,-484.4949,-834.6365,0.0452481,0.3579245,-0.0495810,0.000000,0.000000,0.000000,0.00000,0.00000,0.000,0.000,0.000,0.000,0.000,-6.0000,0.0000,0.0000,6.0000,95.00,95.00,90.00,90.00,1575,1575,2225,1500,0,,,,,,,,0,,,,0
13124,27738,15778,12723,0,0,10.23641,-0.61052,2.69108,-0.034088,-0.029827,-0.585895,59.065,-14.940,130.734,-34.5732,-45.8055,-146.0379,45.3643,-486.4817,-840.9390,0.0452481,0.3579245,-0.0495810,0.000000,0.000000,0.000000,0.00000,0.00000,0.000,0.000,0.000,0.000,0.000,-6.0000,0.0000,0.0000,6.0000,95.00,95.00,90.00,90.00,1575,1575,2225,1500,0,,,,,,,,0,,,,0
13171,29500,17364,12720,0,0,8.44794,0.22027,1.89740,-0.011718,0.305731,-0.347276,59.140,-14.374,130.022,-34.7631,-45.4769,-146.3336,43.7845,-488.5613,-847.6000,0.0452481,0.3579245,-0.0495810,0.000000,0.000000,0.000000,0.00000,0.00000,0.000,0.000,0.000,0.000,0.000,-6.0000,0.0000,0.0000,6.0000,95.00,95.00,90.00,90.00,1575,1575,2225,1500,0,,,,,,,,0,,,,0
13223,15728,15564,12476,0,0,11.30662,1.13006,2.33674,0.307861,0.243946,-0.728641,59.626,-13.041,128.945,-35.0291,-45.0284,-146.6463,41.9248,-490.9735,-855.4078,0.0452481,0.3579245,-0.0495810,0.000000,0.000000,0.000000,0.00000,0.00000,0.000,0.000,0.000,0.000,0.000,-6.0000,0.0000,0.0000,6.0000,95.00,95.00,90.00,90.00,1575,1575,2225,1500,0,,,,,,,,0,,,,0
13279,15805,15159,12150,0,0,9.83179,0.42377,1.98120,0.090547,0.155529,-0.725445,60.262,-11.323,127.351,-35.3041,-44.5719,-146.9714,39.9351,-493.5081,-863.7131,0.0452481,0.3579245,-0.0495810,0.000000,0.000000,0.000000,0.00000,0.00000,0.000,0.000,0.000,0.000,0.000,-6.0000,0.0000,0.0000,6.0000,95.00,95.00,90.00,90.00,1575,1575,2225,1500,0,,,,,,,,0,,,,0
13342,36293,26465,23436,0,0,10.32619,1.27611,2.10331,0.033023,0.350472,-0.574178,60.469,-9.973,126.227,-35.5440,-44.1202,-147.2835,38.1060,-495.7980,-871.3107,0.0452481,0.3579245,-0.0495810,0.000000,0.000000,0.000000,0.00000,0.00000,0.000,0.000,0.000,0.000,0.000,-6.0000,0.0000,0.0000,6.0000,95.00,95.00,90.00,90.00,1575,1575,2225,1500,0,,,,,,,,0,,,,0
13368,26668,25778,17669,0,0,10.16458,1.63165,2.29005,-0.067112,0.553937,-0.294013,60.285,-9.500,126.303,-35.6703,-43.8952,-147.4331,37.1565,-496.9716,-875.2405,0.0452481,0.3579245,-0.0495810,0.000000,0.000000,0.000000,0.00000,0.00000,0.000,0.000,0.000,0.000,0.000,-6.0000,0.0000,0.0000,6.0000,95.00,95.00,90.00,90.00,1575,1575,2225,1500,0,,,,,,,,0,,,,0
13429,15707,15566,12571,0,0,14.91468,3.28604,5.11880,-0.380299,1.074852,0.034088,60.629,-5.950,129.652,-35.8667,-43.4964,-147.8742,34.6004,-500.1025,-885.8063,0.0452481,0.3579245,-0.0495810,0.000000,0.000000,0.000000,0.00000,0.00000,0.000,0.000,0.000,0.000,0.000,-6.0000,0.0000,0.0000,6.0000,95.00,95.00,90.00,90.00,1575,1575,2225,1500,0,,,,,,,,0,,,,0
13471,25979,15711,12674,0,0,7.82066,1.69390,4.29759,-0.425041,1.070591,-1.033306,59.352,-3.136,130.142,-36.0159,-43.1757,-148.0657,33.0995,-501.9116,-891.9830,0.0452481,0.3579245,-0.0495810,0.000000,0.000000,0.000000,0.00000,0.00000,0.000,0.000,0.000,0.000,0.000,-6.0000,0.0000,0.0000,6.0000,95.00,95.00,90.00,90.00,1575,1575,2225,1500,0,,,,,,,,0,,,,0
13530,37004,22127,19085,0,0,8.10198,2.73298,4.71538,0.173638,1.130246,-0.748881,59.438,0.217,131.112,-36.1982,-42.7382,-148.3692,31.1885,-504.1847,-899.8277,0.0452481,0.3579245,-0.0495810,0.000000,0.000000,0.000000,0.00000,0.00000,0.000,0.000,0.000,0.000,0.000,-6.0000,0.0000,0.0000,6.0000,95.00,95.00,90.00,90.00,1575,1575,2225,1500,0,,,,,,,,0,,,,0
13572,25501,15735,12703,0,0,7.56209,2.40857,4.29999,-0.149137,1.015197,-0.835167,59.085,2.932,132.010,-36.3585,-42.3610,-148.6214,29.4501,-506.2234,-906.9432,0.0452481,0.3579245,-0.0495810,0.000000,0.000000,0.000000,0.00000,0.00000,0.000,0.000,0.000,0.000,0.000,-6.0000,0.0000,0.0000,6.0000,95.00,95.00,90.00,90.00,1575,1575,2225,1500,0,,,,,,,,0,,,,0
13618,22074,15220,12169,0,0,6.01064,3.53264,4.56455,-0.170442,0.250337,-0.488956,58.587,4.067,131.470,-36.4841,-42.0676,-148.8494,27.7621,-508.1797,-913.8366,0.0452481,0.3579245,-0.0495810,0.000000,0.000000,0.000000,0.00000,0.00000,0.000,0.000,0.000,0.000,0.000,-6.0000,0.0000,0.0000,6.0000,95.00,95.00,90.00,90.00,1575,1575,2225,1500,0,,,,,,,,0,,,,0
13675,15326,15665,12231,0,0,10.76553,3.52786,6.23809,-0.241815,0.534763,-0.541154,57.595,5.015,130.041,-36.7275,-41.4858,-149.0920,25.6734,-510.5651,-922.3386,0.0452481,0.3579245,-0.0495810,0.000000,0.000000,0.000000,0.00000,0.00000,0.000,0.000,0.000,0.000,0.000,-6.0000,0.0000,0.0000,6.0000,95.00,95.00,90.00,90.00,1575,1575,2225,1500,0,,,,,,,,0,,,,0
13727,15898,16024,13010,0,0,6.91805,3.15077,4.97036,-0.337689,1.542503,-0.394148,56.835,7.529,131.730,-36.9031,-41.0827,-149.3708,23.7708,-512.6982,-930.0503,0.0452481,0.3579245,-0.0495810,0.000000,0.000000,0.000000,0.00000,0.00000,0.000,0.000,0.000,0.000,0.000,-6.0000,0.0000,0.0000,6.0000,95.00,95.00,90.00,90.00,1575,1575,2225,1500,0,,,,,,,,0,,,,0
13770,21469,15715,12683,0,0,5.12958,2.15957,5.80594,-0.076699,0.349407,-0.496413,56.337,8.803,131.884,-36.9605,-40.7885,-149.6182,22.1720,-514.4703,-936.5220,0.0452481,0.3579245,-0.0495810,0.000000,0.000000,0.000000,0.00000,0.00000,0.000,0.000,0.000,0.000,0.000,-6.0000,0.0000,0.0000,6.0000,95.00,95.00,90.00,90.00,1575,1575,2225,1500,0,,,,,,,,0,,,,0
13824,8776,15630,12671,0,0,7.43998,4.18746,5.87657,0.008522,-0.098004,-0.681769,56.181,9.106,130.812,-37.0277,-40.6033,-149.7298,21.2588,-515.4749,-940.2168,0.0452481,0.3579245,-0.0495810,0.000000,0.000000,0.000000,0.00000,0.00000,0.000,0.000,0.000,0.000,0.000,-6.0000,0.0000,0.0000,6.0000,95.00,95.00,90.00,90.00,1575,1575,2225,1500,0,,,,,,,,0,,,,0
13875,15279,15610,12228,0,0,6.53856,2.80481,6.92643,-0.007457,1.302818,-0.322775,56.280,10.938,131.778,-37.1555,-40.1988,-149.9501,19.3685,-517.5340,-947.8521,0.0452481,0.3579245,-0.0495810,0.000000,0.000000,0.000000,0.00000,0.00000,0.000,0.000,0.000,0.000,0.000,-6.0000,0.0000,0.0000,6.0000,95.00,95.00,90.00,90.00,1575,1575,2225,1500,0,,,,,,,,0,,,,0
13919,27723,15293,12254,0,0,5.64313,4.18626,5.28520,0.307861,1.027980,-0.289752,56.962,12.561,133.296,-37.2765,-39.9029,-150.1647,17.7486,-519.2773,-954.3846,0.0452481,0.3579245,-0.0495810,0.000000,0.000000,0.000000,0.00000,0.00000,0.000,0.000,0.000,0.000,0.000,-6.0000,0.0000,0.0000,6.0000,95.00,95.00,90.00,90.00,1575,1575,2225,1500,0,,,,,,,,0,,,,0
13976,15337,15547,12180,0,0,4.64595,3.75770,7.67821,0.520914,0.544350,-0.459129,58.432,13.986,133.243,-37.3775,-39.4730,-150.3984,15.6075,-521.5536,-963.0029,0.0452481,0.3579245,-0.0495810,0.000000,0.000000,0.000000,0.00000,0.00000,0.000,0.000,0.000,0.000,0.000,-6.0000,0.0000,0.0000,6.0000,95.00,95.00,90.00,90.00,1575,1575,2225,1500,0,,,,,,,,0,,,,0
14033,39121,17907,12799,0,0,3.92410,4.82551,6.48470,0.629571,1.269795,-0.355798,60.817,16.083,134.954,-37.4835,-39.0999,-150.6105,13.5538,-523.7086,-971.2601,0.0452481,0.3579245,-0.0495810,0.000000,0.000000,0.000000,0.00000,0.00000,0.000,0.000,0.000,0.000,0.000,-6.0000,0.0000,0.0000,6.0000,95.00,95.00,90.00,90.00,1575,1575,2225,1500,0,,,,,,,,0,,,,0
14081,31631,15266,12256,0,0,5.45519,5.47195,7.49385,0.518784,0.728641,-0.109722,62.312,16.994,136.050,-37.6119,-38.7274,-150.7574,11.6854,-525.6457,-978.7582,0.0452481,0.3579245,-0.0495810,0.000000,0.000000,0.000000,0.00000,0.00000,0.000,0.000,0.000,0.000,0.000,-6.0000,0.0000,0.0000,6.0000,95.00,95.00,90.00,90.00,1575,1575,2225,1500,0,,,,,,,,0,,,,0
14124,27700,15765,12737,0,0,4.42448,2.23499,5.36181,0.666856,0.502805,-0.136354,63.847,17.472,136.268,-37.6732,-38.4102,-151.0403,10.0608,-527.3097,-985.2701,0.0452481,0.3579245,-0.0495810,0.000000,0.000000,0.000000,0.00000,0.00000,0.000,0.000,0.000,0.000,0.000,-6.0000,0.0000,0.0000,6.0000,95.00,95.00,90.00,90.00,1575,1575,2225,1500,0,,,,,,,,0,,,,0
14182,15768,15531,12514,0,0,2.88860,8.20613,7.20296,1.137702,-0.376038,-0.078830,66.687,17.054,134.581,-37.7733,-38.0761,-151.0916,7.8845,-529.5162,-993.9853,0.0452481,0.3579245,-0.0495810,0.000000,0.000000,0.000000,0.00000,0.00000,0.000,0.000,0.000,0.000,0.000,-6.0000,0.0000,0.0000,6.0000,95.00,95.00,90.00,90.00,1575,1575,2225,1500,0,,,,,,,,0,,,,0
14217,19954,15177,12167,0,0,3.26928,5.35344,8.40245,1.178182,0.576308,-0.193878,69.175,17.396,134.529,-37.7650,-37.7915,-151.2070,6.5365,-530.8700,-999.3796,0.0452481,0.3579245,-0.0495810,0.000000,0.000000,0.000000,0.00000,0.00000,0.000,0.000,0.000,0.000,0.000,-6.0000,0.0000,0.0000,6.0000,95.00,95.00,90.00,90.00,1575,1575,2225,1500,0,,,,,,,,0,,,,0
14278,15777,15164,12141,0,0,1.43652,7.16465,3.51349,0.491087,1.802427,0.263120,72.012,18.877,138.134,-37.9005,-37.4271,-151.4177,4.2279,-533.1635,-1008.6138,0.0452481,0.3579245,-0.0495810,0.000000,0.000000,0.000000,0.00000,0.00000,0.000,0.000,0.000,0.000,0.000,-6.0000,0.0000,0.0000,6.0000,95.00,95.00,90.00,90.00,1575,1575,2225,1500,0,,,,,,,,0,,,,0
14322,27714,15640,12618,0,0,-0.51475,4.49033,6.95755,0.089482,-0.253533,0.292948,72.232,18.012,138.086,-37.8240,-37.2642,-151.5553,2.5965,-534.7729,-1015.1392,0.0452481,0.3579245,-0.0495810,0.000000,0.000000,0.000000,0.00000,0.00000,0.000,0.000,0.000,0.000,0.000,-6.0000,0.0000,0.0000,6.0000,95.00,95.00,90.00,90.00,1575,1575,2225,1500,0,,,,,,,,0,,,,0
14373,15306,15519,12563,0,0,3.41892,2.94128,6.65229,-0.909736,-0.274838,-0.047937,71.993,17.255,136.807,-37.8792,-36.8861,-151.8188,0.6575,-536.6716,-1022.9070,0.0452481,0.3579245,-0.0495810,0.000000,0.000000,0.000000,0.00000,0.00000,0.000,0.000,0.000,0.000,0.000,-6.0000,0.0000,0.0000,6.0000,95.00,95.00,90.00,90.00,1575,1575,2225,1500,0,,,,,,,,0,,,,0
14430,15891,15562,12585,0,0,2.06380,4.81953,5.96515,-0.479369,0.235423,0.552872,70.545,15.757,137.223,-37.9539,-36.4859,-151.9738,-1.5309,-538.7880,-1031.6730,0.0452481,0.3579245,-0.0495810,0.000000,0.000000,0.000000,0.00000,0.00000,0.000,0.000,0.000,0.000,0.000,-6.0000,0.0000,0.0000,6.0000,95.00,95.00,90.00,90.00,1575,1575,2225,1500,0,,,,,,,,0,,,,0
14477,24120,37878,27692,0,0,4.24013,7.00424,7.24126,0.215183,-0.211988,1.085504,70.721,14.016,136.993,-37.9905,-36.3026,-152.0244,-2.4468,-539.6658,-1035.3392,0.0452481,0.3579245,-0.0495810,0.000000,0.000000,0.000000,0.00000,0.00000,0.000,0.000,0.000,0.000,0.000,-6.0000,0.0000,0.0000,6.0000,95.00,95.00,90.00,90.00,1575,1575,2225,1500,0,,,,,,,,0,,,,0
14532,28277,27119,19054,0,0,3.83072,6.81150,6.23929,-0.470847,-1.114267,0.136354,66.044,11.385,132.501,-38.0684,-35.9690,-152.2949,-4.9698,-542.0644,-1045.4373,0.0452481,0.3579245,-0.0495810,0.000000,0.000000,0.000000,0.00000,0.00000,0.000,0.000,0.000,0.000,0.000,-6.0000,0.0000,0.0000,6.0000,95.00,95.00,90.00,90.00,1575,1575,2225,1500,0,,,,,,,,0,,,,0
14579,31499,15301,12272,0,0,6.15310,4.63637,7.63391,-0.139550,0.594418,0.317449,65.054,10.066,131.770,-38.1045,-35.4746,-152.5018,-7.2088,-544.1653,-1054.3987,0.0452481,0.3579245,-0.0495810,0.000000,0.000000,0.000000,0.00000,0.00000,0.000,0.000,0.000,0.000,0.000,-6.0000,0.0000,0.0000,6.0000,95.00,95.00,90.00,90.00,1575,1575,2225,1500,0,,,,,,,,0,,,,0
14622,26320,15637,12584,0,0,4.63637,5.80235,7.74524,-0.366451,1.326254,-0.014914,64.410,10.809,134.193,-38.1655,-35.1602,-152.5945,-8.8032,-545.6417,-1060.7758,0.0452481,0.3579245,-0.0495810,0.000000,0.000000,0.000000,0.00000,0.00000,0.000,0.000,0.000,0.000,0.000,-6.0000,0.0000,0.0000,6.0000,95.00,95.00,90.00,90.00,1575,1575,2225,1500,0,,,,,,,,0,,,,0
14682,21214,15533,12518,0,0,2.55342,6.98149,5.96396,-0.864995,-0.433563,-0.151268,61.842,10.378,133.272,-38.2465,-34.8771,-152.6827,-11.1222,-547.7668,-1070.0413,0.0452481,0.3579245,-0.0495810,0.000000,0.000000,0.000000,0.00000,0.00000,0.000,0.000,0.000,0.000,0.000,-6.0000,0.0000,0.0000,6.0000,95.00,95.00,90.00,90.00,1575,1575,2225,1500,0,,,,,,,,0,,,,0
14725,26058,16166,13099,0,0,4.41850,5.08409,7.39928,-1.095092,-1.230380,-0.070307,58.793,8.822,130.027,-38.2696,-34.6316,-152.7845,-12.7212,-549.2200,-1076.4254,0.0452481,0.3579245,-0.0495810,0.000000,0.000000,0.000000,0.00000,0.00000,0.000,0.000,0.000,0.000,0.000,-6.0000,0.0000,0.0000,6.0000,95.00,95.00,90.00,90.00,1575,1575,2225,1500,0,,,,,,,,0,,,,0
14767,21053,15702,12664,0,0,4.95480,5.01346,7.23288,-1.474326,-1.127050,-0.119310,55.001,6.891,126.849,-38.3159,-34.3456,-152.8733,-14.3712,-550.7061,-1083.0105,0.0452481,0.3579245,-0.0495810,0.000000,0.000000,0.000000,0.00000,0.00000,0.000,0.000,0.000,0.000,0.000,-6.0000,0.0000,0.0000,6.0000,95.00,95.00,90.00,90.00,1575,1575,2225,1500,0,,,,,,,,0,,,,0
14825,15804,15566,12566,0,0,2.34033,4.50828,8.04452,-0.877778,-0.580569,-0.281230,51.271,6.032,124.488,-38.2901,-34.0122,-152.9882,-16.5763,-552.6722,-1091.8134,0.0452481,0.3579245,-0.0495810,0.000000,0.000000,0.000000,0.00000,0.00000,0.000,0.000,0.000,0.000,0.000,-6.0000,0.0000,0.0000,6.0000,95.00,95.00,90.00,90.00,1575,1575,2225,1500,0,,,,,,,,0,,,,0
14881,17438,15501,12151,0,0,5.90530,3.90255,8.43956,0.501740,-1.262338,-0.969391,51.740,5.520,119.106,-38.2687,-33.6097,-153.1372,-18.7437,-554.5873,-1100.4794,0.0452481,0.3579245,-0.0495810,0.000000,0.000000,0.000000,0.00000,0.00000,0.000,0.000,0.000,0.000,0.000,-6.0000,0.0000,0.0000,6.0000,95.00,95.00,90.00,90.00,1575,1575,2225,1500,0,,,,,,,,0,,,,0
14925,27506,15755,12715,0,0,4.24133,5.61201,5.62398,0.702009,-0.518784,-0.803209,53.047,5.637,115.343,-38.3005,-33.3388,-153.2336,-20.3978,-556.0330,-1107.0989,0.0452481,0.3579245,-0.0495810,0.000000,0.000000,0.000000,0.00000,0.00000,0.000,0.000,0.000,0.000,0.000,-6.0000,0.0000,0.0000,6.0000,95.00,95.00,90.00,90.00,1575,1575,2225,1500,0,,,,,,,,0,,,,0
14982,15815,15502,12501,0,0,5.46237,4.87579,7.41125,1.088700,0.007457,-0.774447,54.776,6.266,111.110,-38.2598,-33.0714,-153.4422,-22.6052,-557.9489,-1115.9404,0.0452481,0.3579245,-0.0495810,0.000000,0.000000,0.000000,0.00000,0.00000,0.000,0.000,0.000,0.000,0.000,-6.0000,0.0000,0.0000,6.0000,95.00,95.00,90.00,90.00,1575,1575,2225,1500,0,,,,,,,,0,,,,0
15018,15704,35667,27703,0,0,6.24049,5.09726,5.75446,0.723315,-0.112918,-1.431715,55.262,7.042,110.043,-38.2711,-32.9567,-153.4918,-23.2061,-558.4673,-1118.3505,0.0452481,0.3579245,-0.0495810,0.000000,0.000000,0.000000,0.00000,0.00000,0.000,0.000,0.000,0.000,0.000,-6.0000,0.0000,0.0000,6.0000,95.00,95.00,90.00,90.00,1575,1575,2225,1500,0,,,,,,,,0,,,,0
15093,25306,22530,12860,0,0,4.17549,5.15950,7.09282,-0.142745,0.061785,-0.028762,55.761,7.137,107.547,-38.2626,-32.4254,-153.6128,-26.5716,-561.3412,-1131.8512,0.0452481,0.3579245,-0.0495810,0.000000,0.000000,0.000000,0.00000,0.00000,0.000,0.000,0.000,0.000,0.000,-6.0000,0.0000,0.0000,6.0000,95.00,95.00,90.00,90.00,1575,1575,2225,1500,0,,,,,,,,0,,,,0
15120,22964,26433,18032,0,0,3.41533,6.31112,7.33224,-0.301470,0.033023,-0.012783,55.265,6.855,107.220,-38.2400,-32.3100,-153.6339,-27.4500,-562.0845,-1135.3790,0.0452481,0.3579245,-0.0495810,0.000000,0.000000,0.000000,0.00000,0.00000,0.000,0.000,0.000,0.000,0.000,-6.0000,0.0000,0.0000,6.0000,95.00,95.00,90.00,90.00,1575,1575,2225,1500,0,,,,,,,,0,,,,0
15171,15780,15543,12561,0,0,5.14753,6.53258,5.00987,-0.242880,-0.214118,0.351537,54.275,5.074,105.982,-38.2582,-31.9712,-153.7632,-29.8435,-564.0963,-1144.9982,0.0452481,0.3579245,-0.0495810,0.000000,0.000000,0.000000,0.00000,0.00000,0.000,0.000,0.000,0.000,0.000,-6.0000,0.0000,0.0000,6.0000,95.00,95.00,90.00,90.00,1575,1575,2225,1500,0,,,,,,,,0,,,,0
15229,15840,15598,12588,0,0,5.84425,8.45991,6.90967,0.296144,-0.231162,-0.006392,55.784,2.432,104.232,-38.2657,-31.6193,-153.8133,-32.0476,-565.9285,-1153.8606,0.0452481,0.3579245,-0.0495810,0.000000,0.000000,0.000000,0.00000,0.00000,0.000,0.000,0.000,0.000,0.000,-6.0000,0.0000,0.0000,6.0000,95.00,95.00,90.00,90.00,1575,1575,2225,1500,0,,,,,,,,0,,,,0
15271,26239,15707,12683,0,0,4.41132,4.10845,6.22253,0.482565,-0.405866,0.313188,56.633,1.113,103.157,-38.2145,-31.4089,-153.9178,-33.6555,-567.2534,-1160.3287,0.0452481,0.3579245,-0.0495810,0.000000,0.000000,0.000000,0.00000,0.00000,0.000,0.000,0.000,0.000,0.000,-6.0000,0.0000,0.0000,6.0000,95.00,95.00,90.00,90.00,1575,1575,2225,1500,0,,,,,,,,0,,,,0
15318,23556,15288,12183,0,0,3.43688,6.94318,4.50110,0.725445,-0.422910,-0.030893,58.554,-0.104,101.759,-38.2290,-31.2332,-153.9982,-35.4453,-568.7200,-1167.5386,0.0452481,0.3579245,-0.0495810,0.000000,0.000000,0.000000,0.00000,0.00000,0.000,0.000,0.000,0.000,0.000,-6.0000,0.0000,0.0000,6.0000,95.00,95.00,90.00,90.00,1575,1575,2225,1500,0,,,,,,,,0,,,,0
15375,15323,15642,12227,0,0,6.79594,6.36977,4.71059,0.634898,-0.793622,0.099070,60.657,-2.096,98.624,-38.2020,-30.8751,-154.1486,-37.6369,-570.5013,-1176.3744,0.0452481,0.3579245,-0.0495810,0.000000,0.000000,0.000000,0.00000,0.00000,0.000,0.000,0.000,0.000,0.000,-6.0000,0.0000,0.0000,6.0000,95.00,95.00,90.00,90.00,1575,1575,2225,1500,0,,,,,,,,0,,,,0
15417,26370,15273,12224,0,0,5.84305,4.46399,5.64433,0.460194,0.218379,0.692422,61.807,-3.844,98.187,-38.1133,-30.6241,-154.2610,-39.2474,-571.7991,-1182.8829,0.0452481,0.3579245,-0.0495810,0.000000,0.000000,0.000000,0.00000,0.00000,0.000,0.000,0.000,0.000,0.000,-6.0000,0.0000,0.0000,6.0000,95.00,95.00,90.00,90.00,1575,1575,2225,1500,0,,,,,,,,0,,,,0
15474,15298,15602,12268,0,0,5.68144,6.64630,4.81235,-0.132093,0.181095,0.697748,61.908,-6.242,98.599,-38.0883,-30.3156,-154.3297,-41.4192,-573.5359,-1191.6785,0.0452481,0.3579245,-0.0495810,0.000000,0.000000,0.000000,0.00000,0.00000,0.000,0.000,0.000,0.000,0.000,-6.0000,0.0000,0.0000,6.0000,95.00,95.00,90.00,90.00,1575,1575,2225,1500,0,,,,,,,,0,,,,0
15533,33235,15752,12751,0,0,6.03818,6.56610,5.10444,-0.240750,-0.225836,0.814927,61.107,-9.769,98.059,-38.0585,-30.0507,-154.3843,-43.6247,-575.2844,-1200.6198,0.0452481,0.3579245,-0.0495810,0.000000,0.000000,0.000000,0.00000,0.00000,0.000,0.000,0.000,0.000,0.000,-6.0000,0.0000,0.0000,6.0000,95.00,95.00,90.00,90.00,1575,1575,2225,1500,0,,,,,,,,0,,,,0
15580,31831,15289,12268,0,0,9.07043,5.74249,5.18105,0.511327,0.156594,-0.237554,61.723,-10.378,97.630,-38.0398,-29.7376,-154.4191,-45.4436,-576.7141,-1207.9991,0.0452481,0.3579245,-0.0495810,0.000000,0.000000,0.000000,0.00000,0.00000,0.000,0.000,0.000,0.000,0.000,-6.0000,0.0000,0.0000,6.0000,95.00,95.00,90.00,90.00,1575,1575,2225,1500,0,,,,,,,,0,,,,0
15641,35451,25317,22300,0,0,7.50702,7.15507,7.24126,0.519849,0.570982,-0.504935,64.066,-8.712,97.082,-37.9586,-29.3691,-154.3185,-47.3797,-578.2183,-1215.8597,0.0452481,0.3579245,-0.0495810,0.000000,0.000000,0.000000,0.00000,0.00000,0.000,0.000,0.000,0.000,0.000,-6.0000,0.0000,0.0000,6.0000,95.00,95.00,90.00,90.00,1575,1575,2225,1500,0,,,,,,,,0,,,,0
15677,19955,15292,12195,0,0,1.57538,5.94241,4.55617,0.539024,1.707619,0.404800,64.327,-9.585,100.645,-37.9242,-29.1606,-154.3559,-49.1175,-579.5567,-1222.9269,0.0452481,0.3579245,-0.0495810,0.000000,0.000000,0.000000,0.00000,0.00000,0.000,0.000,0.000,0.000,0.000,-6.0000,0.0000,0.0000,6.0000,95.00,95.00,90.00,90.00,1575,1575,2225,1500,0,,,,,,,,0,,,,0
15725,24044,15890,12856,0,0,2.84551,4.42448,3.02627,1.668204,1.402953,-1.912150,67.859,-3.994,102.192,-37.9134,-29.0483,-154.5676,-50.9407,-580.9561,-1230.3529,0.0452481,0.3579245,-0.0495810,0.000000,0.000000,0.000000,0.00000,0.00000,0.000,0.000,0.000,0.000,0.000,-6.0000,0.0000,0.0000,6.0000,95.00,95.00,90.00,90.00,1575,1575,2225,1500,0,,,,,,,,0,,,,0
15768,20995,15703,12676,0,0,5.20859,7.67581,4.97994,1.071656,0.976847,-0.908671,70.694,-0.600,102.459,-37.8786,-28.8591,-154.5417,-52.5533,-582.1886,-1236.9287,0.0452481,0.3579245,-0.0495810,0.000000,0.000000,0.000000,0.00000,0.00000,0.000,0.000,0.000,0.000,0.000,-6.0000,0.0000,0.0000,6.0000,95.00,95.00,90.00,90.00,1575,1575,2225,1500,0,,,,,,,,0,,,,0
15819,15748,15148,12144,0,0,1.33956,7.90925,3.57694,0.906540,0.507066,-1.358212,73.282,2.035,102.255,-37.8373,-28.7430,-154.6253,-54.5062,-583.6740,-1244.9033,0.0452481,0.3579245,-0.0495810,0.000000,0.000000,0.000000,0.00000,0.00000,0.000,0.000,0.000,0.000,0.000,-6.0000,0.0000,0.0000,6.0000,95.00,95.00,90.00,90.00,1575,1575,2225,1500,0,,,,,,,,0,,,,0
15876,15353,15442,12185,0,0,3.18429,8.45871,3.70263,0.757403,0.585895,-0.984304,75.367,5.739,100.576,-37.7769,-28.4677,-154.6822,-56.6626,-585.3055,-1253.7255,0.0452481,0.3579245,-0.0495810,0.000000,0.000000,0.000000,0.00000,0.00000,0.000,0.000,0.000,0.000,0.000,-6.0000,0.0000,0.0000,6.0000,95.00,95.00,90.00,90.00,1575,1575,2225,1500,0,,,,,,,,0,,,,0
15926,31036,18667,12752,0,0,-0.07661,7.80749,2.47321,0.167247,0.724380,-1.196292,75.965,8.437,100.791,-37.7569,-28.4046,-154.7269,-58.4250,-586.6325,-1260.9448,0.0452481,0.3579245,-0.0495810,0.000000,0.000000,0.000000,0.00000,0.00000,0.000,0.000,0.000,0.000,0.000,-6.0000,0.0000,0.0000,6.0000,95.00,95.00,90.00,90.00,1575,1575,2225,1500,0,,,,,,,,0,,,,0
15977,15665,15148,12150,0,0,-0.11372,7.38851,2.56419,0.628506,0.250337,-0.403735,77.400,10.328,100.463,-37.7315,-28.3049,-154.8898,-60.4806,-588.1766,-1269.3762,0.0452481,0.3579245,-0.0495810,0.000000,0.000000,0.000000,0.00000,0.00000,0.000,0.000,0.000,0.000,0.000,-6.0000,0.0000,0.0000,6.0000,95.00,95.00,90.00,90.00,1575,1575,2225,1500,0,,,,,,,,0,,,,0
16036,35541,23066,20027,0,0,1.37906,8.03015,2.86706,0.634898,-0.025566,-0.330232,79.012,11.122,99.205,-37.6882,-28.1634,-154.9907,-62.3992,-589.6135,-1277.2596,0.0452481,0.3579245,-0.0495810,0.000000,0.000000,0.000000,0.00000,0.00000,0.000,0.000,0.000,0.000,0.000,-6.0000,0.0000,0.0000,6.0000,95.00,95.00,90.00,90.00,1575,1575,2225,1500,0,,,,,,,,0,,,,0
16083,30427,17129,14078,0,0,1.81840,8.24683,2.47560,0.933172,0.238619,-0.238619,81.342,11.599,98.519,-37.6660,-27.9880,-155.0801,-64.4220,-591.1210,-1285.5824,0.0452481,0.3579245,-0.0495810,0.000000,0.000000,0.000000,0.00000,0.00000,0.000,0.000,0.000,0.000,0.000,-6.0000,0.0000,0.0000,6.0000,95.00,95.00,90.00,90.00,1575,1575,2225,1500,0,,,,,,,,0,,,,0
16124,24694,16103,12714,0,0,0.58299,9.31464,2.57018,0.725445,0.205596,0.004261,83.398,11.543,98.179,-37.6233,-27.8538,-155.1248,-66.0049,-592.2947,-1292.1040,0.0452481,0.3579245,-0.0495810,0.000000,0.000000,0.000000,0.00000,0.00000,0.000,0.000,0.000,0.000,0.000,-6.0000,0.0000,0.0000,6.0000,95.00,95.00,90.00,90.00,1575,1575,2225,1500,0,,,,,,,,0,,,,0
16181,15783,15156,12155,0,0,1.30484,9.03811,0.65481,0.713727,0.290817,0.233293,85.553,10.769,97.845,-37.6373,-27.7151,-155.2287,-68.1570,-593.8840,-1300.9795,0.0452481,0.3579245,-0.0495810,0.000000,0.000000,0.000000,0.00000,0.00000,0.000,0.000,0.000,0.000,0.000,-6.0000,0.0000,0.0000,6.0000,95.00,95.00,90.00,90.00,1575,1575,2225,1500,0,,,,,,,,0,,,,0
16223,26654,15683,12655,0,0,1.06901,9.58758,3.03585,1.466869,0.096939,0.278034,88.470,9.969,97.499,-37.5658,-27.5859,-155.2531,-69.7364,-595.0452,-1307.4989,0.0452481,0.3579245,-0.0495810,0.000000,0.000000,0.000000,0.00000,0.00000,0.000,0.000,0.000,0.000,0.000,-6.0000,0.0000,0.0000,6.0000,95.00,95.00,90.00,90.00,1575,1575,2225,1500,0,,,,,,,,0,,,,0
16280,15778,15148,12143,0,0,2.97120,8.28992,0.41539,0.192813,0.765925,0.297209,89.189,8.781,97.859,-37.5091,-27.3675,-155.3150,-71.8904,-596.6229,-1316.4126,0.0452481,0.3579245,-0.0495810,0.000000,0.000000,0.000000,0.00000,0.00000,0.000,0.000,0.000,0.000,0.000,-6.0000,0.0000,0.0000,6.0000,95.00,95.00,90.00,90.00,1575,1575,2225,1500,0,,,,,,,,0,,,,0
16342,19086,21644,12541,0,0,-0.06823,11.00734,1.07739,0.161920,1.385909,0.615723,91.733,6.597,102.017,-37.4616,-27.2038,-155.3676,-73.9775,-598.1408,-1325.0614,0.0452481,0.3579245,-0.0495810,0.000000,0.000000,0.000000,0.00000,0.00000,0.000,0.000,0.000,0.000,0.000,-6.0000,0.0000,0.0000,6.0000,95.00,95.00,90.00,90.00,1575,1575,2225,1500,0,,,,,,,,0,,,,0
16369,21876,26134,18072,0,0,-0.48243,10.26155,0.34477,0.071373,0.388822,0.393083,91.768,6.041,102.039,-37.4502,-27.1880,-155.3581,-74.7969,-598.7357,-1328.4601,0.0452481,0.3579245,-0.0495810,0.000000,0.000000,0.000000,0.00000,0.00000,0.000,0.000,0.000,0.000,0.000,-6.0000,0.0000,0.0000,6.0000,95.00,95.00,90.00,90.00,1575,1575,2225,1500,0,,,,,,,,0,,,,0
16426,15882,15579,12565,0,0,1.83516,9.10994,0.65362,0.198139,0.002131,0.395213,92.501,4.537,99.554,-37.4145,-27.0117,-155.4438,-77.3476,-600.5826,-1339.0491,0.0452481,0.3579245,-0.0495810,0.000000,0.000000,0.000000,0.00000,0.00000,0.000,0.000,0.000,0.000,0.000,-6.0000,0.0000,0.0000,6.0000,95.00,95.00,90.00,90.00,1575,1575,2225,1500,0,,,,,,,,0,,,,0
16477,15629,15234,12135,0,0,1.72263,9.88207,1.43413,0.062851,0.458064,0.503870,92.809,2.981,99.836,-37.3538,-26.8547,-155.4836,-79.2613,-601.9610,-1347.0071,0.0452481,0.3579245,-0.0495810,0.000000,0.000000,0.000000,0.00000,0.00000,0.000,0.000,0.000,0.000,0.000,-6.0000,0.0000,0.0000,6.0000,95.00,95.00,90.00,90.00,1575,1575,2225,1500,0,,,,,,,,0,,,,0
16537,36292,23612,20582,0,0,2.14880,9.59955,0.35674,-0.103331,-0.023436,0.202400,92.356,2.132,98.887,-37.3246,-26.7276,-155.5072,-81.1921,-603.3466,-1355.0486,0.0452481,0.3579245,-0.0495810,0.000000,0.000000,0.000000,0.00000,0.00000,0.000,0.000,0.000,0.000,0.000,-6.0000,0.0000,0.0000,6.0000,95.00,95.00,90.00,90.00,1575,1575,2225,1500,0,,,,,,,,0,,,,0
16572,32420,26454,23443,0,0,3.08493,9.69891,0.69911,0.202400,-0.001065,0.156594,92.625,1.778,98.204,-37.3036,-26.6138,-155.5154,-82.4018,-604.2113,-1360.0902,0.0452481,0.3579245,-0.0495810,0.000000,0.000000,0.000000,0.00000,0.00000,0.000,0.000,0.000,0.000,0.000,-6.0000,0.0000,0.0000,6.0000,95.00,95.00,90.00,90.00,1575,1575,2225,1500,0,,,,,,,,0,,,,0
16624,15795,15575,12556,0,0,2.44807,9.72884,0.66319,-0.117179,0.140615,0.043676,91.452,1.362,97.245,-37.2558,-26.4522,-155.5347,-84.7252,-605.8652,-1369.7834,0.0452481,0.3579245,-0.0495810,0.000000,0.000000,0.000000,0.00000,0.00000,0.000,0.000,0.000,0.000,0.000,-6.0000,0.0000,0.0000,6.0000,95.00,95.00,90.00,90.00,1575,1575,2225,1500,0,,,,,,,,0,,,,0
16681,15812,15512,12505,0,0,2.28886,9.24162,0.81044,-0.095874,-0.052198,-0.018109,90.666,1.121,96.226,-37.2204,-26.3240,-155.5802,-86.8764,-607.3898,-1378.7704,0.0452481,0.3579245,-0.0495810,0.000000,0.000000,0.000000,0.00000,0.00000,0.000,0.000,0.000,0.000,0.000,-6.0000,0.0000,0.0000,6.0000,95.00,95.00,90.00,90.00,1575,1575,2225,1500,0,,,,,,,,0,,,,0
16724,26239,16208,13140,0,0,2.72700,8.63349,0.87508,-0.153398,0.190682,0.014914,90.215,0.997,95.681,-37.1858,-26.1967,-155.6221,-88.4370,-608.4914,-1385.2980,0.0452481,0.3579245,-0.0495810,0.000000,0.000000,0.000000,0.00000,0.00000,0.000,0.000,0.000,0.000,0.000,-6.0000,0.0000,0.0000,6.0000,95.00,95.00,90.00,90.00,1575,1575,2225,1500,0,,,,,,,,0,,,,0
16768,19516,19381,12660,0,0,1.77889,9.25838,0.72784,-0.042611,0.037284,0.164051,89.908,0.523,95.234,-37.1747,-26.1104,-155.6602,-89.9475,-609.5538,-1391.6207,0.0452481,0.3579245,-0.0495810,0.000000,0.000000,0.000000,0.00000,0.00000,0.000,0.000,0.000,0.000,0.000,-6.0000,0.0000,0.0000,6.0000,95.00,95.00,90.00,90.00,1575,1575,2225,1500,0,,,,,,,,0,,,,0
16828,30253,29714,21858,0,0,2.05422,8.70292,1.05824,-0.063916,-0.192813,0.285491,89.653,-0.241,93.726,-37.1232,-26.0048,-155.7155,-91.7994,-610.8528,-1399.3827,0.0452481,0.3579245,-0.0495810,0.000000,0.000000,0.000000,0.00000,0.00000,0.000,0.000,0.000,0.000,0.000,-6.0000,0.0000,0.0000,6.0000,95.00,95.00,90.00,90.00,1575,1575,2225,1500,0,,,,,,,,0,,,,0
16870,25822,15706,12688,0,0,2.78206,9.54329,1.11211,0.068177,-0.230097,0.394148,89.669,-1.642,92.039,-37.0917,-25.8670,-155.7370,-93.8683,-612.2986,-1408.0636,0.0452481,0.3579245,-0.0495810,0.000000,0.000000,0.000000,0.00000,0.00000,0.000,0.000,0.000,0.000,0.000,-6.0000,0.0000,0.0000,6.0000,95.00,95.00,90.00,90.00,1575,1575,2225,1500,0,,,,,,,,0,,,,0
16928,16213,15621,12622,0,0,1.68432,8.14747,0.27414,-0.425041,-0.069242,0.702009,88.677,-3.714,91.037,-37.0358,-25.7474,-155.8093,-96.0428,-613.8126,-1417.2050,0.0452481,0.3579245,-0.0495810,0.000000,0.000000,0.000000,0.00000,0.00000,0.000,0.000,0.000,0.000,0.000,-6.0000,0.0000,0.0000,6.0000,95.00,95.00,90.00,90.00,1575,1575,2225,1500,0,,,,,,,,0,,,,0
16976,8504,15352,12230,0,0,3.49075,9.31943,1.52391,-0.043676,-0.323840,0.393083,88.424,-4.542,90.159,-37.0269,-25.6918,-155.8176,-96.9443,-614.4387,-1420.9978,0.0452481,0.3579245,-0.0495810,0.000000,0.000000,0.000000,0.00000,0.00000,0.000,0.000,0.000,0.000,0.000,-6.0000,0.0000,0.0000,6.0000,95.00,95.00,90.00,90.00,1575,1575,2225,1500,0,,,,,,,,0,,,,0
17035,35494,23328,20309,0,0,3.63440,8.84658,1.08816,-0.060720,0.035154,0.280165,88.091,-5.591,89.161,-36.9801,-25.5451,-155.8432,-98.8327,-615.7460,-1428.9507,0.0452481,0.3579245,-0.0495810,0.000000,0.000000,0.000000,0.00000,0.00000,0.000,0.000,0.000,0.000,0.000,-6.0000,0.0000,0.0000,6.0000,95.00,95.00,90.00,90.00,1575,1575,2225,1500,0,,,,,,,,0,,,,0
17082,30451,16073,13073,0,0,4.25809,8.61075,1.66517,0.034088,-0.068177,-0.110788,88.260,-5.430,87.699,-36.8713,-25.3752,-155.8890,-100.8249,-617.1201,-1437.3617,0.0452481,0.3579245,-0.0495810,0.000000,0.000000,0.000000,0.00000,0.00000,0.000,0.000,0.000,0.000,0.000,-6.0000,0.0000,0.0000,6.0000,95.00,95.00,90.00,90.00,1575,1575,2225,1500,0,,,,,,,,0,,,,0
17124,23772,18100,15075,0,0,2.55102,8.28633,0.47645,0.079895,0.160855,0.041545,87.472,-5.125,65.843,-30.4621,-15.8117,-155.7571,-118.6595,-561.7879,-1445.6841,0.0323377,0.3755374,-0.0331710,0.000000,0.000000,0.000000,0.00000,0.00000,0.000,0.000,0.000,0.000,0.000,-6.0000,0.0000,0.0000,6.0000,95.00,95.00,90.00,90.00,1575,1575,2225,1500,0,,,,,,,,0,,,,0
17175,29557,21468,12374,0,0,2.75333,10.41238,0.58059,0.185356,-0.299339,-0.070307,87.927,-5.089,64.194,-30.4205,-15.7410,-155.7495,-120.1177,-562.5436,-1453.1449,0.0323377,0.3755374,-0.0331710,0.000000,0.000000,0.000000,0.00000,0.00000,0.000,0.000,0.000,0.000,0.000,-6.0000,0.0000,0.0000,6.0000,95.00,95.00,90.00,90.00,1575,1575,2225,1500,0,,,,,,,,0,,,,0
17232,15356,15505,12564,0,0,3.89058,9.30147,1.17795,0.009587,-0.095874,-0.217314,88.820,-4.554,61.998,-30.2670,-15.6098,-155.7794,-122.0383,-563.5356,-1463.0027,0.0323377,0.3755374,-0.0331710,0.000000,0.000000,0.000000,0.00000,0.00000,0.000,0.000,0.000,0.000,0.000,-6.0000,0.0000,0.0000,6.0000,95.00,95.00,90.00,90.00,1575,1575,2225,1500,0,,,,,,,,0,,,,0
17268,19912,15594,12580,0,0,4.30358,9.89284,1.55743,0.280165,0.095874,-0.316384,89.378,-4.115,61.350,-30.1780,-15.5196,-155.7696,-123.1151,-564.0901,-1468.5521,0.0323377,0.3755374,-0.0331710,0.000000,0.000000,0.000000,0.00000,0.00000,0.000,0.000,0.000,0.000,0.000,-6.0000,0.0000,0.0000,6.0000,95.00,95.00,90.00,90.00,1575,1575,2225,1500,0,,,,,,,,0,,,,0
17327,16543,15628,12632,0,0,0.18435,8.58082,0.01077,-0.202400,-0.118244,0.107592,89.013,-4.788,60.405,-30.1090,-15.4603,-155.8656,-124.8903,-565.0018,-1477.7349,0.0323377,0.3755374,-0.0331710,0.000000,0.000000,0.000000,0.00000,0.00000,0.000,0.000,0.000,0.000,0.000,-6.0000,0.0000,0.0000,6.0000,95.00,95.00,90.00,90.00,1575,1575,2225,1500,0,,,,,,,,0,,,,0
17374,29409,17254,12375,0,0,4.11563,8.80827,-0.36512,0.043676,-0.125701,-0.090547,88.958,-4.661,58.953,-30.0602,-15.3474,-155.9135,-126.2517,-565.6993,-1484.7889,0.0323377,0.3755374,-0.0331710,0.000000,0.000000,0.000000,0.00000,0.00000,0.000,0.000,0.000,0.000,0.000,-6.0000,0.0000,0.0000,6.0000,95.00,95.00,90.00,90.00,1575,1575,2225,1500,0,,,,,,,,0,,,,0
17425,15722,15546,12551,0,0,4.39216,9.54449,1.45089,0.316384,-0.203466,0.171508,90.060,-4.455,57.166,-29.9291,-15.1834,-155.9191,-127.8426,-566.5083,-1493.0551,0.0323377,0.3755374,-0.0331710,0.000000,0.000000,0.000000,0.00000,0.00000,0.000,0.000,0.000,0.000,0.000,-6.0000,0.0000,0.0000,6.0000,95.00,95.00,90.00,90.00,1575,1575,2225,1500,0,,,,,,,,0,,,,0
17467,25995,15697,12656,0,0,3.09570,8.73285,1.85072,0.022371,0.158724,0.140615,90.159,-4.946,56.481,-29.8133,-15.1522,-155.9422,-129.0895,-567.1415,-1499.5641,0.0323377,0.3755374,-0.0331710,0.000000,0.000000,0.000000,0.00000,0.00000,0.000,0.000,0.000,0.000,0.000,-6.0000,0.0000,0.0000,6.0000,95.00,95.00,90.00,90.00,1575,1575,2225,1500,0,,,,,,,,0,,,,0
17529,38145,23493,15533,0,0,2.19907,8.62870,0.06584,0.040480,0.086286,0.432497,86.162,0.949,55.593,-28.6515,-11.1028,-160.6152,-112.2410,-560.7587,-1526.4109,0.0193809,0.3691890,-0.0243477,0.000000,0.000000,0.000000,0.00000,0.00000,0.000,0.000,0.000,0.000,0.000,-6.0000,0.0000,0.0000,6.0000,95.00,95.00,90.00,90.00,1575,1575,2225,1500,0,,,,,,,,0,,,,0
17582,28951,23447,12572,0,0,2.70784,8.18817,0.11612,0.431432,-0.410127,0.092678,86.854,0.045,53.790,-28.6128,-10.9796,-160.7041,-113.7495,-561.3403,-1534.8729,0.0193809,0.3691890,-0.0243477,0.000000,0.000000,0.000000,0.00000,0.00000,0.000,0.000,0.000,0.000,0.000,-6.0000,0.0000,0.0000,6.0000,95.00,95.00,90.00,90.00,1575,1575,2225,1500,0,,,,,,,,0,,,,0
17623,25134,15622,12590,0,0,5.89452,10.77870,1.02113,0.111853,-0.082025,-0.024501,87.424,-0.080,52.057,-28.4439,-10.8085,-160.6813,-115.1426,-561.8726,-1542.7180,0.0193809,0.3691890,-0.0243477,0.000000,0.000000,0.000000,0.00000,0.00000,0.000,0.000,0.000,0.000,0.000,-6.0000,0.0000,0.0000,6.0000,95.00,95.00,90.00,90.00,1575,1575,2225,1500,0,,,,,,,,0,,,,0
17680,15813,15139,12143,0,0,3.86903,8.45153,0.65362,0.305731,-0.235423,-0.005326,88.527,-0.080,50.026,-28.2836,-10.6020,-160.6754,-116.7777,-562.4891,-1551.9800,0.0193809,0.3691890,-0.0243477,0.000000,0.000000,0.000000,0.00000,0.00000,0.000,0.000,0.000,0.000,0.000,-6.0000,0.0000,0.0000,6.0000,95.00,95.00,90.00,90.00,1575,1575,2225,1500,0,,,,,,,,0,,,,0
17723,26749,15840,12788,0,0,3.89297,11.26472,-0.65721,0.434628,-0.360059,-0.447411,89.327,0.576,48.346,-28.1873,-10.4693,-160.6266,-117.9655,-562.9326,-1558.7395,0.0193809,0.3691890,-0.0243477,0.000000,0.000000,0.000000,0.00000,0.00000,0.000,0.000,0.000,0.000,0.000,-6.0000,0.0000,0.0000,6.0000,95.00,95.00,90.00,90.00,1575,1575,2225,1500,0,,,,,,,,0,,,,0
17780,19055,18199,12221,0,0,1.38744,7.52019,0.57581,0.098004,0.079895,-0.681769,90.709,3.266,46.509,-28.0132,-10.3368,-160.7284,-119.5276,-563.5102,-1567.6742,0.0193809,0.3691890,-0.0243477,0.000000,0.000000,0.000000,0.00000,0.00000,0.000,0.000,0.000,0.000,0.000,-6.0000,0.0000,0.0000,6.0000,95.00,95.00,90.00,90.00,1575,1575,2225,1500,0,,,,,,,,0,,,,0
17823,26593,15673,12649,0,0,0.18794,9.84615,-0.90860,-0.034088,-0.363255,-0.945955,90.608,5.466,45.086,-27.9769,-10.2709,-160.7510,-120.7873,-563.9739,-1574.9095,0.0193809,0.3691890,-0.0243477,0.000000,0.000000,0.000000,0.00000,0.00000,0.000,0.000,0.000,0.000,0.000,-6.0000,0.0000,0.0000,6.0000,95.00,95.00,90.00,90.00,1575,1575,2225,1500,0,,,,,,,,0,,,,0
17880,15797,15131,12141,0,0,2.95444,8.96150,0.22745,0.141680,-0.976847,-0.808536,90.956,8.557,40.014,-27.8036,-10.1467,-160.8344,-122.3937,-564.5618,-1584.1661,0.0193809,0.3691890,-0.0243477,0.000000,0.000000,0.000000,0.00000,0.00000,0.000,0.000,0.000,0.000,0.000,-6.0000,0.0000,0.0000,6.0000,95.00,95.00,90.00,90.00,1575,1575,2225,1500,0,,,,,,,,0,,,,0
17917,21405,15307,12199,0,0,1.50236,9.78750,-2.19907,0.243946,-0.467651,-0.601874,90.963,9.871,38.069,-27.7452,-10.0134,-160.8495,-123.4135,-564.9319,-1590.0725,0.0193809,0.3691890,-0.0243477,0.000000,0.000000,0.000000,0.00000,0.00000,0.000,0.000,0.000,0.000,0.000,-6.0000,0.0000,0.0000,6.0000,95.00,95.00,90.00,90.00,1575,1575,2225,1500,0,,,,,,,,0,,,,0
17978,35364,25004,21960,0,0,0.09577,9.09198,-1.12168,0.171508,-1.789644,-0.794687,90.614,12.078,32.660,-27.6866,-9.9080,-160.8772,-124.8255,-565.4393,-1598.2678,0.0193809,0.3691890,-0.0243477,0.000000,0.000000,0.000000,0.00000,0.00000,0.000,0.000,0.000,0.000,0.000,-6.0000,0.0000,0.0000,6.0000,95.00,95.00,90.00,90.00,1575,1575,2225,1500,0,,,,,,,,0,,,,0
18017,34098,30668,27665,0,0,1.11330,10.05684,-1.81600,0.254598,-1.405084,-0.728641,90.290,13.481,29.117,-27.6137,-9.7986,-160.8866,-125.7683,-565.7753,-1603.7535,0.0193809,0.3691890,-0.0243477,0.000000,0.000000,0.000000,0.00000,0.00000,0.000,0.000,0.000,0.000,0.000,-6.0000,0.0000,0.0000,6.0000,95.00,95.00,90.00,90.00,1575,1575,2225,1500,0,,,,,,,,0,,,,0
18080,20676,15162,12156,0,0,-0.11253,9.11353,-1.63524,0.128897,-1.165399,-0.268447,89.296,15.106,22.576,-27.4906,-9.6248,-160.9779,-127.9310,-566.5377,-1616.3868,0.0193809,0.3691890,-0.0243477,0.000000,0.000000,0.000000,0.00000,0.00000,0.000,0.000,0.000,0.000,0.000,-6.0000,0.0000,0.0000,6.0000,95.00,95.00,90.00,90.00,1575,1575,2225,1500,0,,,,,,,,0,,,,0
18124,22714,15687,12683,0,0,-0.71108,9.01776,-2.49835,0.411192,-1.411475,-0.117179,88.889,15.359,18.148,-27.4633,-9.4812,-161.0203,-129.1150,-566.9491,-1623.3236,0.0193809,0.3691890,-0.0243477,0.000000,0.000000,0.000000,0.00000,0.00000,0.000,0.000,0.000,0.000,0.000,-6.0000,0.0000,0.0000,6.0000,95.00,95.00,90.00,90.00,1575,1575,2225,1500,0,,,,,,,,0,,,,0
18181,15814,15108,12133,0,0,0.09816,10.89122,-1.24020,0.662594,-0.589091,-0.013848,89.499,15.147,13.064,-27.2559,-9.4400,-161.0404,-130.6886,-567.4938,-1632.5879,0.0193809,0.3691890,-0.0243477,0.000000,0.000000,0.000000,0.00000,0.00000,0.000,0.000,0.000,0.000,0.000,-6.0000,0.0000,0.0000,6.0000,95.00,95.00,90.00,90.00,1575,1575,2225,1500,0,,,,,,,,0,,,,0
18228,22284,15630,12612,0,0,-1.16598,9.93713,-4.07014,0.965130,-0.298274,0.226901,91.277,14.471,10.955,-27.2150,-9.2624,-161.0421,-131.9481,-567.9263,-1640.0360,0.0193809,0.3691890,-0.0243477,0.000000,0.000000,0.000000,0.00000,0.00000,0.000,0.000,0.000,0.000,0.000,-6.0000,0.0000,0.0000,6.0000,95.00,95.00,90.00,90.00,1575,1575,2225,1500,0,,,,,,,,0,,,,0
18279,15716,15122,12131,0,0,1.24738,10.32380,-1.33118,1.362473,-0.698813,0.382430,94.517,13.864,7.389,-27.0659,-9.1623,-161.0234,-133.3456,-568.3998,-1648.3245,0.0193809,0.3691890,-0.0243477,0.000000,0.000000,0.000000,0.00000,0.00000,0.000,0.000,0.000,0.000,0.000,-6.0000,0.0000,0.0000,6.0000,95.00,95.00,90.00,90.00,1575,1575,2225,1500,0,,,,,,,,0,,,,0
18322,27516,15614,12606,0,0,0.63446,8.63708,-4.36583,1.310275,-0.607201,0.404800,97.150,13.142,4.889,-26.9666,-9.0373,-161.0555,-134.5024,-568.7898,-1655.2196,0.0193809,0.3691890,-0.0243477,0.000000,0.000000,0.000000,0.00000,0.00000,0.000,0.000,0.000,0.000,0.000,-6.0000,0.0000,0.0000,6.0000,95.00,95.00,90.00,90.00,1575,1575,2225,1500,0,,,,,,,,0,,,,0
18379,15783,15126,12141,0,0,-0.22865,8.71729,-4.00191,1.130246,-0.197074,0.395213,100.520,12.487,1.997,-26.8504,-8.8923,-161.1009,-136.0526,-569.3065,-1664.5004,0.0193809,0.3691890,-0.0243477,0.000000,0.000000,0.000000,0.00000,0.00000,0.000,0.000,0.000,0.000,0.000,-6.0000,0.0000,0.0000,6.0000,95.00,95.00,90.00,90.00,1575,1575,2225,1500,0,,,,,,,,0,,,,0
18425,23908,21478,12616,0,0,-0.05267,8.37492,-4.06296,0.829841,0.056459,0.257794,102.173,11.958,0.953,-26.7799,-8.8005,-161.1262,-137.1045,-569.6534,-1670.8202,0.0193809,0.3691890,-0.0243477,0.000000,0.000000,0.000000,0.00000,0.00000,0.000,0.000,0.000,0.000,0.000,-6.0000,0.0000,0.0000,6.0000,95.00,95.00,90.00,90.00,1575,1575,2225,1500,0,,,,,,,,0,,,,0
18482,15894,15491,12494,0,0,-0.04908,7.89727,-4.35266,0.350472,-0.557133,0.264186,103.218,11.825,-2.071,-26.6863,-8.6438,-161.1866,-138.8031,-570.2076,-1681.0575,0.0193809,0.3691890,-0.0243477,0.000000,0.000000,0.000000,0.00000,0.00000,0.000,0.000,0.000,0.000,0.000,-6.0000,0.0000,0.0000,6.0000,95.00,95.00,90.00,90.00,1575,1575,2225,1500,0,,,,,,,,0,,,,0
18518,15695,35562,27631,0,0,0.50159,6.31112,-4.32752,0.170442,-0.562460,0.286556,103.170,11.744,-2.969,-26.6535,-8.6019,-161.2325,-139.2216,-570.3429,-1683.5876,0.0193809,0.3691890,-0.0243477,0.000000,0.000000,0.000000,0.00000,0.00000,0.000,0.000,0.000,0.000,0.000,-6.0000,0.0000,0.0000,6.0000,95.00,95.00,90.00,90.00,1575,1575,2225,1500,0,,,,,,,,0,,,,0
18582,20758,15598,12570,0,0,-0.22266,7.23647,-5.37977,0.031958,-0.518784,0.030893,102.407,12.436,-7.762,-26.4762,-8.3402,-161.4560,-141.4652,-571.0582,-1697.2090,0.0193809,0.3691890,-0.0243477,0.000000,0.000000,0.000000,0.00000,0.00000,0.000,0.000,0.000,0.000,0.000,-6.0000,0.0000,0.0000,6.0000,95.00,95.00,90.00,90.00,1575,1575,2225,1500,0,,,,,,,,0,,,,0
18633,29513,20670,12692,0,0,0.31723,5.65151,-5.81552,-0.385626,-0.064981,0.075634,101.243,12.413,-9.273,-26.3585,-8.1678,-161.6000,-142.6625,-571.4327,-1704.5302,0.0193809,0.3691890,-0.0243477,0.000000,0.000000,0.000000,0.00000,0.00000,0.000,0.000,0.000,0.000,0.000,-6.0000,0.0000,0.0000,6.0000,95.00,95.00,90.00,90.00,1575,1575,2225,1500,0,,,,,,,,0,,,,0
18675,26482,15692,12349,0,0,0.33519,8.75440,-5.16429,-0.471912,0.140615,0.308927,99.773,11.853,-10.126,-26.2168,-8.0023,-161.6604,-143.9080,-571.8156,-1712.1890,0.0193809,0.3691890,-0.0243477,0.000000,0.000000,0.000000,0.00000,0.00000,0.000,0.000,0.000,0.000,0.000,-6.0000,0.0000,0.0000,6.0000,95.00,95.00,90.00,90.00,1575,1575,2225,1500,0,,,,,,,,0,,,,0
18726,15671,15535,12543,0,0,0.62968,7.62074,-5.81552,-0.658333,0.433563,0.448476,97.756,10.571,-10.284,-26.0662,-7.8105,-161.7151,-145.2506,-572.2220,-1720.4926,0.0193809,0.3691890,-0.0243477,0.000000,0.000000,0.000000,0.00000,0.00000,0.000,0.000,0.000,0.000,0.000,-6.0000,0.0000,0.0000,6.0000,95.00,95.00,90.00,90.00,1575,1575,2225,1500,0,,,,,,,,0,,,,0
18768,26000,15684,12661,0,0,0.93015,8.33661,-4.47476,-0.552872,0.474043,0.581634,96.307,9.165,-10.320,-25.9414,-7.6676,-161.7760,-146.3359,-572.5448,-1727.2437,0.0193809,0.3691890,-0.0243477,0.000000,0.000000,0.000000,0.00000,0.00000,0.000,0.000,0.000,0.000,0.000,-6.0000,0.0000,0.0000,6.0000,95.00,95.00,90.00,90.00,1575,1575,2225,1500,0,,,,,,,,0,,,,0
18832,19478,18227,13148,0,0,1.38265,9.33858,-4.91530,-0.703075,0.302535,0.350472,93.712,7.392,-10.345,-25.7561,-7.4690,-161.8299,-147.9154,-573.0076,-1737.1295,0.0193809,0.3691890,-0.0243477,0.000000,0.000000,0.000000,0.00000,0.00000,0.000,0.000,0.000,0.000,0.000,-6.0000,0.0000,0.0000,6.0000,95.00,95.00,90.00,90.00,1575,1575,2225,1500,0,,,,,,,,0,,,,0
18877,22489,16177,12642,0,0,0.99838,9.47026,-3.27646,-0.679639,0.173638,0.295078,91.769,6.547,-11.046,-25.6253,-7.3322,-161.8493,-149.1152,-573.3531,-1744.6887,0.0193809,0.3691890,-0.0243477,0.000000,0.000000,0.000000,0.00000,0.00000,0.000,0.000,0.000,0.000,0.000,-6.0000,0.0000,0.0000,6.0000,95.00,95.00,90.00,90.00,1575,1575,2225,1500,0,,,,,,,,0,,,,0
18931,16843,16048,13062,0,0,1.70347,8.65384,-3.75531,-0.940628,-0.083091,0.100135,89.084,5.983,-12.324,-25.4709,-7.1734,-161.9323,-150.5213,-573.7523,-1753.5966,0.0193809,0.3691890,-0.0243477,0.000000,0.000000,0.000000,0.00000,0.00000,0.000,0.000,0.000,0.000,0.000,-6.0000,0.0000,0.0000,6.0000,95.00,95.00,90.00,90.00,1575,1575,2225,1500,0,,,,,,,,0,,,,0
18975,27333,15672,12341,0,0,1.27012,9.85094,-2.58574,-1.035437,0.003196,0.089482,86.270,5.666,-13.318,-25.3315,-7.0435,-161.9545,-151.6414,-574.0656,-1760.7389,0.0193809,0.3691890,-0.0243477,0.000000,0.000000,0.000000,0.00000,0.00000,0.000,0.000,0.000,0.000,0.000,-6.0000,0.0000,0.0000,6.0000,95.00,95.00,90.00,90.00,1575,1575,2225,1500,0,,,,,,,,0,,,,0
19043,46263,21004,12981,0,0,1.10852,9.15064,-1.75615,-1.567004,-0.095874,0.132093,80.831,4.993,-14.736,-25.1656,-6.8833,-162.0157,-153.2104,-574.4984,-1770.8049,0.0193809,0.3691890,-0.0243477,0.000000,0.000000,0.000000,0.00000,0.00000,0.000,0.000,0.000,0.000,0.000,-6.0000,0.0000,0.0000,6.0000,95.00,95.00,90.00,90.00,1575,1575,2225,1500,0,,,,,,,,0,,,,0
19069,21773,25482,17443,0,0,1.36350,9.67138,-1.41617,-1.699097,-0.160855,0.276969,78.639,4.505,-15.321,-25.1029,-6.8261,-162.0318,-153.7577,-574.6476,-1774.3326,0.0193809,0.3691890,-0.0243477,0.000000,0.000000,0.000000,0.00000,0.00000,0.000,0.000,0.000,0.000,0.000,-6.0000,0.0000,0.0000,6.0000,95.00,95.00,90.00,90.00,1575,1575,2225,1500,0,,,,,,,,0,,,,0
19132,36449,26161,23109,0,0,1.26294,8.59279,-0.78769,-1.213336,-0.247141,0.528371,73.525,2.147,-17.115,-24.9334,-6.6569,-162.1590,-155.3119,-575.0664,-1784.4053,0.0193809,0.3691890,-0.0243477,0.000000,0.000000,0.000000,0.00000,0.00000,0.000,0.000,0.000,0.000,0.000,-6.0000,0.0000,0.0000,6.0000,95.00,95.00,90.00,90.00,1575,1575,2225,1500,0,,,,,,,,0,,,,0
19174,26230,15672,12334,0,0,1.03190,8.26478,0.42138,-1.117462,-0.237554,0.786165,69.685,-0.682,-17.995,-24.8157,-6.5210,-162.1963,-156.6368,-575.4171,-1793.0447,0.0193809,0.3691890,-0.0243477,0.000000,0.000000,0.000000,0.00000,0.00000,0.000,0.000,0.000,0.000,0.000,-6.0000,0.0000,0.0000,6.0000,95.00,95.00,90.00,90.00,1575,1575,2225,1500,0,,,,,,,,0,,,,0
19228,16713,16051,13012,0,0,1.45208,10.90559,1.53708,-0.184291,-0.103331,0.809601,68.331,-3.668,-18.617,-24.7069,-6.4064,-162.2137,-157.9501,-575.7601,-1801.6503,0.0193809,0.3691890,-0.0243477,0.000000,0.000000,0.000000,0.00000,0.00000,0.000,0.000,0.000,0.000,0.000,-6.0000,0.0000,0.0000,6.0000,95.00,95.00,90.00,90.00,1575,1575,2225,1500,0,,,,,,,,0,,,,0
19275,22564,15731,12257,0,0,2.51391,9.00220,1.43532,0.173638,-0.912932,0.970456,68.823,-7.097,-21.274,-24.6389,-6.3328,-162.2405,-159.1318,-576.0649,-1809.4180,0.0193809,0.3691890,-0.0243477,0.000000,0.000000,0.000000,0.00000,0.00000,0.000,0.000,0.000,0.000,0.000,-6.0000,0.0000,0.0000,6.0000,95.00,95.00,90.00,90.00,1575,1575,2225,1500,0,,,,,,,,0,,,,0
19319,27656,15664,12621,0,0,3.51589,8.61793,0.41899,0.939563,-0.884169,0.682835,70.966,-9.879,-23.720,-24.5496,-6.2709,-162.3011,-160.2041,-576.3395,-1816.4901,0.0193809,0.3691890,-0.0243477,0.000000,0.000000,0.000000,0.00000,0.00000,0.000,0.000,0.000,0.000,0.000,-6.0000,0.0000,0.0000,6.0000,95.00,95.00,90.00,90.00,1575,1575,2225,1500,0,,,,,,,,0,,,,0
19372,15734,15505,12548,0,0,3.91213,8.38809,-0.35674,1.004544,-0.013848,0.898018,74.492,-13.106,-24.446,-24.4225,-6.2061,-162.3619,-161.5079,-576.6718,-1825.1340,0.0193809,0.3691890,-0.0243477,0.000000,0.000000,0.000000,0.00000,0.00000,0.000,0.000,0.000,0.000,0.000,-6.0000,0.0000,0.0000,6.0000,95.00,95.00,90.00,90.00,1575,1575,2225,1500,0,,,,,,,,0,,,,0
19431,16805,16048,13061,0,0,4.03423,8.26000,-1.05465,1.260208,0.419714,1.151551,78.308,-16.563,-23.248,-24.2553,-6.1144,-162.4602,-162.9337,-577.0328,-1834.6516,0.0193809,0.3691890,-0.0243477,0.000000,0.000000,0.000000,0.00000,0.00000,0.000,0.000,0.000,0.000,0.000,-6.0000,0.0000,0.0000,6.0000,95.00,95.00,90.00,90.00,1575,1575,2225,1500,0,,,,,,,,0,,,,0
19477,21352,15191,12166,0,0,5.32111,7.30232,-1.21985,0.977913,0.395213,1.278317,80.941,-20.087,-22.548,-24.0959,-6.0408,-162.5218,-164.0626,-577.3165,-1842.2397,0.0193809,0.3691890,-0.0243477,0.000000,0.000000,0.000000,0.00000,0.00000,0.000,0.000,0.000,0.000,0.000,-6.0000,0.0000,0.0000,6.0000,95.00,95.00,90.00,90.00,1575,1575,2225,1500,0,,,,,,,,0,,,,0
19538,36826,23898,20897,0,0,7.13951,6.46315,-3.51469,0.498544,0.547546,0.697748,82.136,-22.472,-21.742,-23.8329,-5.9323,-162.6073,-165.3146,-577.6295,-1850.7285,0.0193809,0.3691890,-0.0243477,0.000000,0.000000,0.000000,0.00000,0.00000,0.000,0.000,0.000,0.000,0.000,-6.0000,0.0000,0.0000,6.0000,95.00,95.00,90.00,90.00,1575,1575,2225,1500,0,,,,,,,,0,,,,0
19580,25498,15200,12194,0,0,7.01980,7.83263,-1.38624,0.510262,1.157942,1.007740,82.498,-24.805,-19.480,-23.6190,-5.8519,-162.6188,-166.5059,-577.9251,-1858.8956,0.0193809,0.3691890,-0.0243477,0.000000,0.000000,0.000000,0.00000,0.00000,0.000,0.000,0.000,0.000,0.000,-6.0000,0.0000,0.0000,6.0000,95.00,95.00,90.00,90.00,1575,1575,2225,1500,0,,,,,,,,0,,,,0
19624,27912,16221,13183,0,0,6.07289,6.63314,-1.07978,-0.001065,1.032241,0.765925,81.552,-26.576,-16.968,-23.4898,-5.7976,-162.6659,-167.5260,-578.1773,-1865.9387,0.0193809,0.3691890,-0.0243477,0.000000,0.000000,0.000000,0.00000,0.00000,0.000,0.000,0.000,0.000,0.000,-6.0000,0.0000,0.0000,6.0000,95.00,95.00,90.00,90.00,1575,1575,2225,1500,0,,,,,,,,0,,,,0
19674,25232,18904,12354,0,0,7.91044,6.07768,-1.23661,-0.373908,0.519849,0.529436,80.357,-28.044,-16.183,-23.2714,-5.7364,-162.7159,-168.6329,-578.4501,-1873.6409,0.0193809,0.3691890,-0.0243477,0.000000,0.000000,0.000000,0.00000,0.00000,0.000,0.000,0.000,0.000,0.000,-6.0000,0.0000,0.0000,6.0000,95.00,95.00,90.00,90.00,1575,1575,2225,1500,0,,,,,,,,0,,,,0
19727,16632,16018,13045,0,0,7.44597,6.64511,-0.32441,-0.512392,0.638093,0.372843,78.266,-29.288,-14.992,-23.0512,-5.6997,-162.7641,-169.9209,-578.7682,-1882.6920,0.0193809,0.3691890,-0.0243477,0.000000,0.000000,0.000000,0.00000,0.00000,0.000,0.000,0.000,0.000,0.000,-6.0000,0.0000,0.0000,6.0000,95.00,95.00,90.00,90.00,1575,1575,2225,1500,0,,,,,,,,0,,,,0
19770,27483,15689,12668,0,0,7.98227,5.32111,-0.36272,-0.716923,0.028762,0.135289,76.775,-29.883,-15.597,-22.8649,-5.6897,-162.8205,-170.9361,-579.0200,-1889.8884,0.0193809,0.3691890,-0.0243477,0.000000,0.000000,0.000000,0.00000,0.00000,0.000,0.000,0.000,0.000,0.000,-6.0000,0.0000,0.0000,6.0000,95.00,95.00,90.00,90.00,1575,1575,2225,1500,0,,,,,,,,0,,,,0
19830,16771,16061,13037,0,0,7.57525,5.57969,0.68235,-0.969391,0.272708,-0.165116,73.955,-29.701,-16.469,-22.5992,-5.6676,-162.9035,-172.2905,-579.3581,-1899.5945,0.0193809,0.3691890,-0.0243477,0.000000,0.000000,0.000000,0.00000,0.00000,0.000,0.000,0.000,0.000,0.000,-6.0000,0.0000,0.0000,6.0000,95.00,95.00,90.00,90.00,1575,1575,2225,1500,0,,,,,,,,0,,,,0
19867,20203,15581,12588,0,0,7.07367,5.80714,0.59017,-1.339037,0.272708,-0.518784,71.510,-29.002,-16.859,-22.4615,-5.6680,-162.9566,-173.1236,-579.5677,-1905.6193,0.0193809,0.3691890,-0.0243477,0.000000,0.000000,0.000000,0.00000,0.00000,0.000,0.000,0.000,0.000,0.000,-6.0000,0.0000,0.0000,6.0000,95.00,95.00,90.00,90.00,1575,1575,2225,1500,0,,,,,,,,0,,,,0
19931,16819,16069,13023,0,0,7.43639,5.71376,1.44490,-1.359277,0.786165,-0.430367,66.690,-26.453,-17.305,-22.1706,-5.6680,-163.0182,-174.5416,-579.9276,-1915.9779,0.0193809,0.3691890,-0.0243477,0.000000,0.000000,0.000000,0.00000,0.00000,0.000,0.000,0.000,0.000,0.000,-6.0000,0.0000,0.0000,6.0000,95.00,95.00,90.00,90.00,1575,1575,2225,1500,0,,,,,,,,0,,,,0
19974,21391,15618,12335,0,0,7.26161,6.47991,1.76094,-1.281513,0.759534,-0.507066,63.352,-24.808,-16.866,-21.9979,-5.6708,-163.0639,-175.4989,-580.1735,-1923.0454,0.0193809,0.3691890,-0.0243477,0.000000,0.000000,0.000000,0.00000,0.00000,0.000,0.000,0.000,0.000,0.000,-6.0000,0.0000,0.0000,6.0000,95.00,95.00,90.00,90.00,1575,1575,2225,1500,0,,,,,,,,0,,,,0
20029,37518,17399,14385,0,0,6.54455,6.39850,3.20464,-0.859668,0.061785,-0.650877,61.311,-23.444,-18.465,-21.8224,-5.7012,-163.1114,-176.6675,-580.4766,-1931.7457,0.0193809,0.3691890,-0.0243477,0.000000,0.000000,0.000000,0.00000,0.00000,0.000,0.000,0.000,0.000,0.000,-6.0000,0.0000,0.0000,6.0000,95.00,95.00,90.00,90.00,1575,1575,2225,1500,0,,,,,,,,0,,,,0
20077,26923,15297,12233,0,0,5.93163,6.89889,3.16633,-0.276969,0.311057,-0.584830,60.671,-22.228,-19.846,-21.6806,-5.7253,-163.1455,-177.7601,-580.7638,-1939.9407,0.0193809,0.3691890,-0.0243477,0.000000,0.000000,0.000000,0.00000,0.00000,0.000,0.000,0.000,0.000,0.000,-6.0000,0.0000,0.0000,6.0000,95.00,95.00,90.00,90.00,1575,1575,2225,1500,0,,,,,,,,0,,,,0
20127,25559,16160,13128,0,0,4.86023,7.42083,3.43089,0.017044,0.026632,-0.655138,61.317,-20.974,-21.453,-21.5914,-5.7310,-163.1877,-178.8298,-581.0471,-1948.0085,0.0193809,0.3691890,-0.0243477,0.000000,0.000000,0.000000,0.00000,0.00000,0.000,0.000,0.000,0.000,0.000,-6.0000,0.0000,0.0000,6.0000,95.00,95.00,90.00,90.00,1575,1575,2225,1500,0,,,,,,,,0,,,,0
20170,26221,15658,12659,0,0,4.78362,8.17021,2.87185,-0.072438,0.082025,-0.524110,61.798,-20.187,-23.003,-21.5048,-5.7055,-163.1945,-179.7587,-581.2936,-1955.0431,0.0193809,0.3691890,-0.0243477,0.000000,0.000000,0.000000,0.00000,0.00000,0.000,0.000,0.000,0.000,0.000,-6.0000,0.0000,0.0000,6.0000,95.00,95.00,90.00,90.00,1575,1575,2225,1500,0,,,,,,,,0,,,,0
20224,16833,16036,13028,0,0,2.94607,7.68778,4.12641,-0.220510,0.234358,-0.280165,62.327,-19.272,-23.693,-21.4780,-5.7016,-163.2056,-180.8997,-581.5962,-1963.7106,0.0193809,0.3691890,-0.0243477,0.000000,0.000000,0.000000,0.00000,0.00000,0.000,0.000,0.000,0.000,0.000,-6.0000,0.0000,0.0000,6.0000,95.00,95.00,90.00,90.00,1575,1575,2225,1500,0,,,,,,,,0,,,,0
20292,36292,30947,27724,0,0,4.12401,7.85657,3.19147,-0.423975,0.196009,-0.394148,61.611,-18.568,-24.849,-21.4069,-5.6823,-163.2285,-182.0374,-581.8981,-1972.3690,0.0193809,0.3691890,-0.0243477,0.000000,0.000000,0.000000,0.00000,0.00000,0.000,0.000,0.000,0.000,0.000,-6.0000,0.0000,0.0000,6.0000,95.00,95.00,90.00,90.00,1575,1575,2225,1500,0,,,,,,,,0,,,,0
20328,38377,29428,18892,0,0,3.19746,7.28795,4.82791,-0.841559,0.259925,-0.452737,59.938,-17.863,-25.554,-21.4029,-5.7067,-163.2485,-182.8588,-582.1166,-1978.6337,0.0193809,0.3691890,-0.0243477,0.000000,0.000000,0.000000,0.00000,0.00000,0.000,0.000,0.000,0.000,0.000,-6.0000,0.0000,0.0000,6.0000,95.00,95.00,90.00,90.00,1575,1575,2225,1500,0,,,,,,,,0,,,,0
20380,15735,15136,12137,0,0,4.35146,8.18578,4.49392,-1.492435,-0.087352,-0.764860,55.899,-16.368,-28.724,-21.3265,-5.7232,-163.2676,-184.2785,-582.4965,-1989.4788,0.0193809,0.3691890,-0.0243477,0.000000,0.000000,0.000000,0.00000,0.00000,0.000,0.000,0.000,0.000,0.000,-6.0000,0.0000,0.0000,6.0000,95.00,95.00,90.00,90.00,1575,1575,2225,1500,0,,,,,,,,0,,,,0
20425,28025,16216,13181,0,0,4.09768,7.12514,6.26922,-1.955825,0.455933,-0.503870,51.357,-15.427,-29.442,-21.2796,-5.7625,-163.2399,-185.2020,-582.7454,-1996.5563,0.0193809,0.3691890,-0.0243477,0.000000,0.000000,0.000000,0.00000,0.00000,0.000,0.000,0.000,0.000,0.000,-6.0000,0.0000,0.0000,6.0000,95.00,95.00,90.00,90.00,1575,1575,2225,1500,0,,,,,,,,0,,,,0
20468,21599,15704,12677,0,0,4.01149,7.68778,7.18620,-2.172074,0.303600,-0.678573,46.499,-14.465,-30.619,-21.2588,-5.8085,-163.2134,-186.1322,-582.9985,-2003.6930,0.0193809,0.3691890,-0.0243477,0.000000,0.000000,0.000000,0.00000,0.00000,0.000,0.000,0.000,0.000,0.000,-6.0000,0.0000,0.0000,6.0000,95.00,95.00,90.00,90.00,1575,1575,2225,1500,0,,,,,,,,0,,,,0
20526,40103,17908,13288,0,0,2.97120,5.17267,7.24485,-2.239186,0.632767,-0.500674,39.506,-12.808,-31.236,-21.2164,-5.8451,-163.2132,-187.3214,-583.3245,-2012.8335,0.0193809,0.3691890,-0.0243477,0.000000,0.000000,0.000000,0.00000,0.00000,0.000,0.000,0.000,0.000,0.000,-6.0000,0.0000,0.0000,6.0000,95.00,95.00,90.00,90.00,1575,1575,2225,1500,0,,,,,,,,0,,,,0
20575,31807,15820,12411,0,0,2.93290,6.86058,7.13113,-2.000566,0.497478,-0.590156,33.796,-11.391,-32.395,-21.1332,-5.8025,-163.2029,-188.3913,-583.6188,-2021.0800,0.0193809,0.3691890,-0.0243477,0.000000,0.000000,0.000000,0.00000,0.00000,0.000,0.000,0.000,0.000,0.000,-6.0000,0.0000,0.0000,6.0000,95.00,95.00,90.00,90.00,1575,1575,2225,1500,0,,,,,,,,0,,,,0
20618,27737,15745,12648,0,0,2.25294,3.87741,7.22091,-1.859952,0.576308,-0.694552,29.261,-10.226,-33.530,-21.0898,-5.8159,-163.2491,-189.3151,-583.8730,-2028.2240,0.0193809,0.3691890,-0.0243477,0.000000,0.000000,0.000000,0.00000,0.00000,0.000,0.000,0.000,0.000,0.000,-6.0000,0.0000,0.0000,6.0000,95.00,95.00,90.00,90.00,1575,1575,2225,1500,0,,,,,,,,0,,,,0
20677,15676,15161,12144,0,0,0.65721,3.58891,8.17620,-1.541438,1.208010,-0.458064,23.721,-7.608,-34.481,-21.0392,-5.8233,-163.3173,-190.5571,-584.2166,-2037.8544,0.0193809,0.3691890,-0.0243477,0.000000,0.000000,0.000000,0.00000,0.00000,0.000,0.000,0.000,0.000,0.000,-6.0000,0.0000,0.0000,6.0000,95.00,95.00,90.00,90.00,1575,1575,2225,1500,0,,,,,,,,0,,,,0
20735,20434,17350,12801,0,0,0.19273,3.36266,8.72208,-1.376322,0.868191,-0.682835,19.134,-4.777,-35.210,-21.0918,-5.8018,-163.3557,-191.7284,-584.5398,-2046.9340,0.0193809,0.3691890,-0.0243477,0.000000,0.000000,0.000000,0.00000,0.00000,0.000,0.000,0.000,0.000,0.000,-6.0000,0.0000,0.0000,6.0000,95.00,95.00,90.00,90.00,1575,1575,2225,1500,0,,,,,,,,0,,,,0
20778,27535,15255,12226,0,0,-0.24301,2.74615,9.20211,-1.407214,0.981109,-0.401605,15.530,-3.162,-35.824,-21.0955,-5.7795,-163.3733,-192.6915,-584.8043,-2054.3953,0.0193809,0.3691890,-0.0243477,0.000000,0.000000,0.000000,0.00000,0.00000,0.000,0.000,0.000,0.000,0.000,-6.0000,0.0000,0.0000,6.0000,95.00,95.00,90.00,90.00,1575,1575,2225,1500,0,,,,,,,,0,,,,0
20822,27867,16112,13056,0,0,-0.54708,3.39618,9.21289,-1.482848,0.656203,-0.460194,11.829,-1.903,-36.639,-21.0943,-5.7054,-163.3691,-193.6054,-585.0531,-2061.4722,0.0193809,0.3691890,-0.0243477,0.000000,0.000000,0.000000,0.00000,0.00000,0.000,0.000,0.000,0.000,0.000,-6.0000,0.0000,0.0000,6.0000,95.00,95.00,90.00,90.00,1575,1575,2225,1500,0,,,,,,,,0,,,,0
20875,15269,15562,12263,0,0,-1.13485,1.84952,9.82580,-1.808819,0.901214,-0.367516,6.673,-0.519,-37.636,-21.1013,-5.6798,-163.3939,-194.7240,-585.3552,-2070.1360,0.0193809,0.3691890,-0.0243477,0.000000,0.000000,0.000000,0.00000,0.00000,0.000,0.000,0.000,0.000,0.000,-6.0000,0.0000,0.0000,6.0000,95.00,95.00,90.00,90.00,1575,1575,2225,1500,0,,,,,,,,0,,,,0
20919,27711,15716,12664,0,0,-1.53349,0.39145,9.40562,-2.003762,1.130246,-0.298274,1.781,1.378,-38.213,-21.1366,-5.6300,-163.3967,-195.6420,-585.6008,-2077.2388,0.0193809,0.3691890,-0.0243477,0.000000,0.000000,0.000000,0.00000,0.00000,0.000,0.000,0.000,0.000,0.000,-6.0000,0.0000,0.0000,6.0000,95.00,95.00,90.00,90.00,1575,1575,2225,1500,0,,,,,,,,0,,,,0
20981,15778,15482,12132,0,0,-2.78446,-0.96127,9.13029,-2.446912,1.030111,-0.348341,-6.818,4.587,-39.654,-21.1981,-5.5721,-163.4410,-196.9756,-585.9543,-2087.5376,0.0193809,0.3691890,-0.0243477,0.000000,0.000000,0.000000,0.00000,0.00000,0.000,0.000,0.000,0.000,0.000,-6.0000,0.0000,0.0000,6.0000,95.00,95.00,90.00,90.00,1575,1575,2225,1500,0,,,,,,,,0,,,,0
21018,20697,31158,28132,0,0,-3.15915,-1.52989,8.82383,-2.622681,0.715858,-0.226901,-9.975,4.959,-39.953,-21.2355,-5.5402,-163.4537,-197.4147,-586.0693,-2090.9204,0.0193809,0.3691890,-0.0243477,0.000000,0.000000,0.000000,0.00000,0.00000,0.000,0.000,0.000,0.000,0.000,-6.0000,0.0000,0.0000,6.0000,95.00,95.00,90.00,90.00,1575,1575,2225,1500,0,,,,,,,,0,,,,0
21069,28150,21881,13956,0,0,-3.05021,-3.94924,7.79911,-2.886867,0.383495,-0.239684,-20.014,4.791,-40.856,-21.3798,-5.4903,-163.5198,-198.7012,-586.4023,-2100.7917,0.0193809,0.3691890,-0.0243477,0.000000,0.000000,0.000000,0.00000,0.00000,0.000,0.000,0.000,0.000,0.000,-6.0000,0.0000,0.0000,6.0000,95.00,95.00,90.00,90.00,1575,1575,2225,1500,0,,,,,,,,0,,,,0
21129,16837,16106,13075,0,0,-3.17950,-5.31513,6.89530,-2.744121,-0.110788,-0.313188,-30.759,3.350,-41.065,-21.5792,-5.4084,-163.5689,-200.1194,-586.7620,-2111.5894,0.0193809,0.3691890,-0.0243477,0.000000,0.000000,0.000000,0.00000,0.00000,0.000,0.000,0.000,0.000,0.000,-6.0000,0.0000,0.0000,6.0000,95.00,95.00,90.00,90.00,1575,1575,2225,1500,0,,,,,,,,0,,,,0
21175,21634,15649,12313,0,0,-2.89220,-7.24366,5.93882,-2.462891,-0.180030,-0.512392,-37.439,1.446,-41.225,-21.7463,-5.4125,-163.6131,-201.1246,-587.0132,-2119.1797,0.0193809,0.3691890,-0.0243477,0.000000,0.000000,0.000000,0.00000,0.00000,0.000,0.000,0.000,0.000,0.000,-6.0000,0.0000,0.0000,6.0000,95.00,95.00,90.00,90.00,1575,1575,2225,1500,0,,,,,,,,0,,,,0
21218,26798,15834,12680,0,0,-2.42652,-7.47350,5.00388,-1.946238,-0.453803,-0.255663,-42.321,-0.431,-40.520,-21.8966,-5.4194,-163.6436,-202.0554,-587.2442,-2126.1582,0.0193809,0.3691890,-0.0243477,0.000000,0.000000,0.000000,0.00000,0.00000,0.000,0.000,0.000,0.000,0.000,-6.0000,0.0000,0.0000,6.0000,95.00,95.00,90.00,90.00,1575,1575,2225,1500,0,,,,,,,,0,,,,0
21277,15724,15162,12144,0,0,-0.23942,-10.21007,4.12162,-1.326254,-0.561394,-0.224771,-47.669,-3.385,-38.728,-22.0640,-5.5070,-163.6702,-203.3740,-587.5712,-2135.9790,0.0193809,0.3691890,-0.0243477,0.000000,0.000000,0.000000,0.00000,0.00000,0.000,0.000,0.000,0.000,0.000,-6.0000,0.0000,0.0000,6.0000,95.00,95.00,90.00,90.00,1575,1575,2225,1500,0,,,,,,,,0,,,,0
21320,27482,15615,12600,0,0,-0.93494,-8.90404,4.37062,-1.071656,-0.793622,0.094809,-50.604,-4.992,-36.507,-22.1883,-5.5533,-163.6900,-204.3220,-587.8083,-2142.9919,0.0193809,0.3691890,-0.0243477,0.000000,0.000000,0.000000,0.00000,0.00000,0.000,0.000,0.000,0.000,0.000,-6.0000,0.0000,0.0000,6.0000,95.00,95.00,90.00,90.00,1575,1575,2225,1500,0,,,,,,,,0,,,,0
21368,20125,21936,12667,0,0,-0.68594,-8.65384,4.69264,-0.758468,-0.416518,0.096939,-52.698,-6.092,-34.772,-22.2770,-5.5707,-163.7022,-205.2411,-588.0383,-2149.7593,0.0193809,0.3691890,-0.0243477,0.000000,0.000000,0.000000,0.00000,0.00000,0.000,0.000,0.000,0.000,0.000,-6.0000,0.0000,0.0000,6.0000,95.00,95.00,90.00,90.00,1575,1575,2225,1500,0,,,,,,,,0,,,,0
21430,36305,25790,22743,0,0,-3.07775,-8.66701,4.59806,-0.888431,-0.557133,0.154463,-55.890,-7.150,-32.187,-22.4911,-5.5213,-163.7220,-206.5495,-588.3632,-2159.3328,0.0193809,0.3691890,-0.0243477,0.000000,0.000000,0.000000,0.00000,0.00000,0.000,0.000,0.000,0.000,0.000,-6.0000,0.0000,0.0000,6.0000,95.00,95.00,90.00,90.00,1575,1575,2225,1500,0,,,,,,,,0,,,,0
21473,25874,15731,12700,0,0,-1.12767,-8.48026,2.82516,-1.087635,-1.123854,-0.118244,-59.594,-9.426,-28.853,-22.6508,-5.5188,-163.8071,-207.7276,-588.6510,-2167.8809,0.0193809,0.3691890,-0.0243477,0.000000,0.000000,0.000000,0.00000,0.00000,0.000,0.000,0.000,0.000,0.000,-6.0000,0.0000,0.0000,6.0000,95.00,95.00,90.00,90.00,1575,1575,2225,1500,0,,,,,,,,0,,,,0
21525,36277,15989,12969,0,0,-1.12527,-9.32901,3.21422,-1.236772,-1.161138,-0.297209,-63.986,-12.246,-25.134,-22.8251,-5.5173,-163.8416,-208.9153,-588.9395,-2176.4385,0.0193809,0.3691890,-0.0243477,0.000000,0.000000,0.000000,0.00000,0.00000,0.000,0.000,0.000,0.000,0.000,-6.0000,0.0000,0.0000,6.0000,95.00,95.00,90.00,90.00,1575,1575,2225,1500,0,,,,,,,,0,,,,0
21577,34854,16398,12280,0,0,0.00239,-10.16099,2.68989,-1.020523,-0.003196,-0.132093,-67.497,-13.294,-23.595,-22.9758,-5.5182,-163.8348,-210.0845,-589.2209,-2184.8025,0.0193809,0.3691890,-0.0243477,0.000000,0.000000,0.000000,0.00000,0.00000,0.000,0.000,0.000,0.000,0.000,-6.0000,0.0000,0.0000,6.0000,95.00,95.00,90.00,90.00,1575,1575,2225,1500,0,,,,,,,,0,,,,0
21618,26269,15242,12214,0,0,-1.66277,-9.18416,2.00993,-0.841559,0.219444,0.155529,-69.862,-13.122,-23.165,-23.1357,-5.5208,-163.8699,-211.0735,-589.4579,-2191.8311,0.0193809,0.3691890,-0.0243477,0.000000,0.000000,0.000000,0.00000,0.00000,0.000,0.000,0.000,0.000,0.000,-6.0000,0.0000,0.0000,6.0000,95.00,95.00,90.00,90.00,1575,1575,2225,1500,0,,,,,,,,0,,,,0
21670,15711,15528,12558,0,0,-0.41180,-11.17972,0.99120,-0.772317,-0.093743,0.297209,-72.533,-12.789,-22.255,-23.3256,-5.5111,-163.8558,-212.2620,-589.7393,-2200.2139,0.0193809,0.3691890,-0.0243477,0.000000,0.000000,0.000000,0.00000,0.00000,0.000,0.000,0.000,0.000,0.000,-6.0000,0.0000,0.0000,6.0000,95.00,95.00,90.00,90.00,1575,1575,2225,1500,0,,,,,,,,0,,,,0
21726,15789,15568,12566,0,0,-1.54665,-9.07402,1.15640,-0.257794,-0.771251,0.189617,-74.519,-12.751,-19.177,-23.5421,-5.5804,-163.9375,-213.5877,-590.0538,-2209.4858,0.0193809,0.3691890,-0.0243477,0.000000,0.000000,0.000000,0.00000,0.00000,0.000,0.000,0.000,0.000,0.000,-6.0000,0.0000,0.0000,6.0000,95.00,95.00,90.00,90.00,1575,1575,2225,1500,0,,,,,,,,0,,,,0
21768,21025,15682,12663,0,0,2.36547,-13.37281,1.74777,-0.101200,-0.959803,-0.101200,-75.703,-13.603,-15.919,-23.6455,-5.6092,-163.8434,-214.5747,-590.2874,-2216.3389,0.0193809,0.3691890,-0.0243477,0.000000,0.000000,0.000000,0.00000,0.00000,0.000,0.000,0.000,0.000,0.000,-6.0000,0.0000,0.0000,6.0000,95.00,95.00,90.00,90.00,1575,1575,2225,1500,0,,,,,,,,0,,,,0
21817,23382,16123,12672,0,0,-1.76333,-7.84580,0.58538,-0.211988,-0.116114,0.455933,-76.912,-12.184,-13.746,-23.8222,-5.6397,-163.9125,-215.7161,-590.5580,-2224.2188,0.0193809,0.3691890,-0.0243477,0.000000,0.000000,0.000000,0.00000,0.00000,0.000,0.000,0.000,0.000,0.000,-6.0000,0.0000,0.0000,6.0000,95.00,95.00,90.00,90.00,1575,1575,2225,1500,0,,,,,,,,0,,,,0
21873,16678,16019,13030,0,0,-1.01514,-10.62666,0.09936,-0.265251,-0.381365,0.158724,-84.149,-8.979,-12.666,-22.7380,-1.2601,-165.4216,-229.3624,-589.5320,-2236.6501,0.0150488,0.3673020,-0.0085192,0.000000,0.000000,0.000000,0.00000,0.00000,0.000,0.000,0.000,0.000,0.000,-6.0000,0.0000,0.0000,6.0000,95.00,95.00,90.00,90.00,1575,1575,2225,1500,0,,,,,,,,0,,,,0
21918,28043,15722,12652,0,0,-0.44891,-9.73482,0.23822,-0.481500,0.152333,0.348341,-85.354,-8.212,-11.610,-22.8310,-1.2588,-165.4193,-230.3862,-589.5885,-2244.0818,0.0150488,0.3673020,-0.0085192,0.000000,0.000000,0.000000,0.00000,0.00000,0.000,0.000,0.000,0.000,0.000,-6.0000,0.0000,0.0000,6.0000,95.00,95.00,90.00,90.00,1575,1575,2225,1500,0,,,,,,,,0,,,,0
21979,16500,15135,12145,0,0,-3.84509,-8.56167,-0.23703,-0.707336,0.113983,0.267381,-87.686,-6.935,-11.002,-23.0536,-1.2470,-165.4918,-231.7973,-589.6660,-2254.2637,0.0150488,0.3673020,-0.0085192,0.000000,0.000000,0.000000,0.00000,0.00000,0.000,0.000,0.000,0.000,0.000,-6.0000,0.0000,0.0000,6.0000,95.00,95.00,90.00,90.00,1575,1575,2225,1500,0,,,,,,,,0,,,,0
22024,8871,27877,24910,0,0,-1.04267,-11.61188,-0.88107,-0.666856,-0.446346,0.246076,-88.083,-6.821,-10.581,-23.0767,-1.2542,-165.4779,-232.0019,-589.6771,-2255.7317,0.0150488,0.3673020,-0.0085192,0.000000,0.000000,0.000000,0.00000,0.00000,0.000,0.000,0.000,0.000,0.000,-6.0000,0.0000,0.0000,6.0000,95.00,95.00,90.00,90.00,1575,1575,2225,1500,0,,,,,,,,0,,,,0
22073,30906,16883,12743,0,0,-0.84994,-8.91601,-0.28252,-0.651942,-0.385626,-0.094809,-91.320,-6.570,-7.682,-23.2540,-1.2344,-165.4985,-233.3851,-589.7512,-2265.6057,0.0150488,0.3673020,-0.0085192,0.000000,0.000000,0.000000,0.00000,0.00000,0.000,0.000,0.000,0.000,0.000,-6.0000,0.0000,0.0000,6.0000,95.00,95.00,90.00,90.00,1575,1575,2225,1500,0,,,,,,,,0,,,,0
22133,16643,16045,13024,0,0,-1.63883,-10.28549,-0.60932,-0.555003,-0.284426,-0.176834,-94.515,-6.732,-5.124,-23.4511,-1.2269,-165.5243,-234.8076,-589.8262,-2275.6863,0.0150488,0.3673020,-0.0085192,0.000000,0.000000,0.000000,0.00000,0.00000,0.000,0.000,0.000,0.000,0.000,-6.0000,0.0000,0.0000,6.0000,95.00,95.00,90.00,90.00,1575,1575,2225,1500,0,,,,,,,,0,,,,0
22170,15921,15602,12602,0,0,-1.20189,-12.00453,-0.91818,-0.745685,-0.280165,0.002131,-96.388,-6.586,-3.799,-23.5366,-1.2091,-165.4529,-235.6752,-589.8712,-2281.7981,0.0150488,0.3673020,-0.0085192,0.000000,0.000000,0.000000,0.00000,0.00000,0.000,0.000,0.000,0.000,0.000,-6.0000,0.0000,0.0000,6.0000,95.00,95.00,90.00,90.00,1575,1575,2225,1500,0,,,,,,,,0,,,,0
22220,29653,20768,12731,0,0,-2.07936,-9.55765,-3.30280,-0.001065,0.069242,0.009587,-97.257,-6.535,-3.187,-23.6795,-1.2995,-165.4982,-236.7482,-589.9283,-2289.3208,0.0150488,0.3673020,-0.0085192,0.000000,0.000000,0.000000,0.00000,0.00000,0.000,0.000,0.000,0.000,0.000,-6.0000,0.0000,0.0000,6.0000,95.00,95.00,90.00,90.00,1575,1575,2225,1500,0,,,,,,,,0,,,,0
22280,15830,15134,12138,0,0,-2.11408,-13.08072,-0.39744,-0.158724,-0.634898,0.447411,-97.053,-5.719,-0.563,-23.9091,-1.3033,-165.4122,-238.2952,-590.0140,-2300.0793,0.0150488,0.3673020,-0.0085192,0.000000,0.000000,0.000000,0.00000,0.00000,0.000,0.000,0.000,0.000,0.000,-6.0000,0.0000,0.0000,6.0000,95.00,95.00,90.00,90.00,1575,1575,2225,1500,0,,,,,,,,0,,,,0
22324,27725,16186,13153,0,0,-3.78643,-9.79228,-3.66193,-0.154463,-0.280165,0.193878,-97.676,-4.471,0.842,-24.0952,-1.3699,-165.3891,-239.3282,-590.0710,-2307.1990,0.0150488,0.3673020,-0.0085192,0.000000,0.000000,0.000000,0.00000,0.00000,0.000,0.000,0.000,0.000,0.000,-6.0000,0.0000,0.0000,6.0000,95.00,95.00,90.00,90.00,1575,1575,2225,1500,0,,,,,,,,0,,,,0
22376,15288,15454,12172,0,0,-0.85234,-8.81784,-2.18112,0.621049,-0.102265,0.282295,-96.936,-3.537,2.363,-24.2225,-1.4220,-165.3696,-240.6063,-590.1449,-2315.9438,0.0150488,0.3673020,-0.0085192,0.000000,0.000000,0.000000,0.00000,0.00000,0.000,0.000,0.000,0.000,0.000,-6.0000,0.0000,0.0000,6.0000,95.00,95.00,90.00,90.00,1575,1575,2225,1500,0,,,,,,,,0,,,,0
22429,31568,21278,13216,0,0,-1.49039,-9.26197,-1.91895,0.265251,-0.033023,0.543285,-96.369,-1.983,3.211,-24.3216,-1.4648,-165.3971,-241.7525,-590.2130,-2323.7522,0.0150488,0.3673020,-0.0085192,0.000000,0.000000,0.000000,0.00000,0.00000,0.000,0.000,0.000,0.000,0.000,-6.0000,0.0000,0.0000,6.0000,95.00,95.00,90.00,90.00,1575,1575,2225,1500,0,,,,,,,,0,,,,0
22472,21479,15703,12683,0,0,-2.95325,-8.66222,-1.34674,-0.281230,-0.380299,0.915062,-96.421,0.507,5.135,-24.4338,-1.4731,-165.4692,-242.9421,-590.2845,-2331.8271,0.0150488,0.3673020,-0.0085192,0.000000,0.000000,0.000000,0.00000,0.00000,0.000,0.000,0.000,0.000,0.000,-6.0000,0.0000,0.0000,6.0000,95.00,95.00,90.00,90.00,1575,1575,2225,1500,0,,,,,,,,0,,,,0
22527,37396,17574,13181,0,0,-2.01352,-9.65222,0.15323,0.357929,-0.700944,0.191748,-95.439,1.425,8.118,-24.5718,-1.4680,-165.4575,-244.2488,-590.3636,-2340.6460,0.0150488,0.3673020,-0.0085192,0.000000,0.000000,0.000000,0.00000,0.00000,0.000,0.000,0.000,0.000,0.000,-6.0000,0.0000,0.0000,6.0000,95.00,95.00,90.00,90.00,1575,1575,2225,1500,0,,,,,,,,0,,,,0
22593,35470,29347,26314,0,0,-3.09929,-8.60715,-1.47722,-0.166181,-0.237554,0.223706,-95.807,2.462,9.845,-24.6822,-1.4905,-165.5061,-245.5735,-590.4426,-2349.5505,0.0150488,0.3673020,-0.0085192,0.000000,0.000000,0.000000,0.00000,0.00000,0.000,0.000,0.000,0.000,0.000,-6.0000,0.0000,0.0000,6.0000,95.00,95.00,90.00,90.00,1575,1575,2225,1500,0,,,,,,,,0,,,,0
22620,29969,26787,23726,0,0,-3.57095,-9.26795,-0.23463,-0.052198,-0.534763,0.180030,-95.852,2.942,11.355,-24.7773,-1.4878,-165.5179,-246.3146,-590.4872,-2354.5107,0.0150488,0.3673020,-0.0085192,0.000000,0.000000,0.000000,0.00000,0.00000,0.000,0.000,0.000,0.000,0.000,-6.0000,0.0000,0.0000,6.0000,95.00,95.00,90.00,90.00,1575,1575,2225,1500,0,,,,,,,,0,,,,0
22677,15669,15144,12142,0,0,-6.31590,-9.37330,-2.99515,-0.171508,0.315318,0.256729,-96.629,4.012,13.666,-25.0154,-1.5703,-165.5061,-248.0203,-590.5908,-2365.8552,0.0150488,0.3673020,-0.0085192,0.000000,0.000000,0.000000,0.00000,0.00000,0.000,0.000,0.000,0.000,0.000,-6.0000,0.0000,0.0000,6.0000,95.00,95.00,90.00,90.00,1575,1575,2225,1500,0,,,,,,,,0,,,,0
22720,26682,15667,12626,0,0,-3.80678,-8.65743,-0.69073,-0.113983,-0.717988,0.300405,-96.520,4.876,15.693,-25.1415,-1.5937,-165.5241,-249.0739,-590.6573,-2372.8091,0.0150488,0.3673020,-0.0085192,0.000000,0.000000,0.000000,0.00000,0.00000,0.000,0.000,0.000,0.000,0.000,-6.0000,0.0000,0.0000,6.0000,95.00,95.00,90.00,90.00,1575,1575,2225,1500,0,,,,,,,,0,,,,0
22780,15997,15131,12146,0,0,-2.32238,-8.76996,-0.60334,0.143811,-1.226119,0.186421,-95.689,6.179,21.519,-25.2525,-1.6307,-165.5504,-250.6082,-590.7557,-2382.8848,0.0150488,0.3673020,-0.0085192,0.000000,0.000000,0.000000,0.00000,0.00000,0.000,0.000,0.000,0.000,0.000,-6.0000,0.0000,0.0000,6.0000,95.00,95.00,90.00,90.00,1575,1575,2225,1500,0,,,,,,,,0,,,,0
22824,27520,16178,13133,0,0,-5.15112,-8.98424,-1.59095,0.197074,0.536893,0.403735,-95.144,7.280,22.072,-25.3706,-1.6975,-165.5557,-251.6920,-590.8266,-2389.9761,0.0150488,0.3673020,-0.0085192,0.000000,0.000000,0.000000,0.00000,0.00000,0.000,0.000,0.000,0.000,0.000,-6.0000,0.0000,0.0000,6.0000,95.00,95.00,90.00,90.00,1575,1575,2225,1500,0,,,,,,,,0,,,,0
22870,21791,15593,12581,0,0,-4.83150,-8.32344,0.13527,0.028762,0.542220,0.638093,-95.101,9.047,21.339,-25.5107,-1.7044,-165.5937,-252.8775,-590.9058,-2397.6934,0.0150488,0.3673020,-0.0085192,0.000000,0.000000,0.000000,0.00000,0.00000,0.000,0.000,0.000,0.000,0.000,-6.0000,0.0000,0.0000,6.0000,95.00,95.00,90.00,90.00,1575,1575,2225,1500,0,,,,,,,,0,,,,0
22930,16853,16111,13081,0,0,-3.80319,-10.15022,0.51475,0.151268,0.061785,0.105461,-94.744,9.740,23.019,-25.6682,-1.7234,-165.6154,-254.4037,-591.0085,-2407.5684,0.0150488,0.3673020,-0.0085192,0.000000,0.000000,0.000000,0.00000,0.00000,0.000,0.000,0.000,0.000,0.000,-6.0000,0.0000,0.0000,6.0000,95.00,95.00,90.00,90.00,1575,1575,2225,1500,0,,,,,,,,0,,,,0
22978,23700,18120,14698,0,0,-5.43963,-9.77672,-0.48123,0.061785,0.164051,0.000000,-94.448,8.582,7.212,-29.7018,-8.2227,-157.5633,-346.2993,-646.4254,-2329.8550,0.0275949,0.3815329,0.0141452,0.000000,0.000000,0.000000,0.00000,0.00000,0.000,0.000,0.000,0.000,0.000,-6.0000,0.0000,0.0000,6.0000,95.00,95.00,90.00,90.00,1575,1575,2225,1500,0,,,,,,,,0,,,,0
23033,36688,18001,14987,0,0,-5.18464,-9.29669,-0.51595,0.162985,-0.753142,-0.422910,-93.626,7.614,10.416,-29.9225,-8.2481,-157.5567,-347.9406,-646.8786,-2338.5288,0.0275949,0.3815329,0.0141452,0.000000,0.000000,0.000000,0.00000,0.00000,0.000,0.000,0.000,0.000,0.000,-6.0000,0.0000,0.0000,6.0000,95.00,95.00,90.00,90.00,1575,1575,2225,1500,0,,,,,,,,0,,,,0
23070,27697,27369,18454,0,0,-4.38857,-8.60955,-0.17358,0.192813,-0.794687,-0.589091,-93.122,6.768,12.350,-30.0147,-8.2600,-157.5773,-348.7707,-647.1072,-2342.8928,0.0275949,0.3815329,0.0141452,0.000000,0.000000,0.000000,0.00000,0.00000,0.000,0.000,0.000,0.000,0.000,-6.0000,0.0000,0.0000,6.0000,95.00,95.00,90.00,90.00,1575,1575,2225,1500,0,,,,,,,,0,,,,0
23130,16909,16084,13060,0,0,-3.48596,-8.11994,0.33399,0.061785,-0.497478,-0.667921,-92.235,4.091,17.018,-30.1983,-8.2748,-157.6779,-350.9184,-647.6970,-2354.1382,0.0275949,0.3815329,0.0141452,0.000000,0.000000,0.000000,0.00000,0.00000,0.000,0.000,0.000,0.000,0.000,-6.0000,0.0000,0.0000,6.0000,95.00,95.00,90.00,90.00,1575,1575,2225,1500,0,,,,,,,,0,,,,0
23182,15728,15466,12475,0,0,-2.72819,-8.91720,-0.05387,-0.121440,-0.204531,-0.360059,-92.566,2.655,19.016,-30.3362,-8.2925,-157.7280,-352.5185,-648.1348,-2362.4744,0.0275949,0.3815329,0.0141452,0.000000,0.000000,0.000000,0.00000,0.00000,0.000,0.000,0.000,0.000,0.000,-6.0000,0.0000,0.0000,6.0000,95.00,95.00,90.00,90.00,1575,1575,2225,1500,0,,,,,,,,0,,,,0
23227,27873,16251,13194,0,0,-2.54982,-9.25957,0.42856,-0.282295,0.455933,-0.003196,-93.198,2.447,19.193,-30.4413,-8.2868,-157.7437,-353.8417,-648.4958,-2369.3425,0.0275949,0.3815329,0.0141452,0.000000,0.000000,0.000000,0.00000,0.00000,0.000,0.000,0.000,0.000,0.000,-6.0000,0.0000,0.0000,6.0000,95.00,95.00,90.00,90.00,1575,1575,2225,1500,0,,,,,,,,0,,,,0
23280,30131,22172,12265,0,0,-3.51469,-9.18057,-0.70868,-0.282295,-0.025566,0.400539,-93.914,3.354,20.109,-30.5655,-8.3330,-157.7626,-355.2788,-648.8873,-2376.7754,0.0275949,0.3815329,0.0141452,0.000000,0.000000,0.000000,0.00000,0.00000,0.000,0.000,0.000,0.000,0.000,-6.0000,0.0000,0.0000,6.0000,95.00,95.00,90.00,90.00,1575,1575,2225,1500,0,,,,,,,,0,,,,0
23317,21085,15736,12627,0,0,-4.13120,-9.24162,-1.41378,0.125701,-0.840494,0.237554,-93.849,4.190,22.683,-30.7017,-8.4219,-157.7585,-356.6110,-649.2516,-2383.6353,0.0275949,0.3815329,0.0141452,0.000000,0.000000,0.000000,0.00000,0.00000,0.000,0.000,0.000,0.000,0.000,-6.0000,0.0000,0.0000,6.0000,95.00,95.00,90.00,90.00,1575,1575,2225,1500,0,,,,,,,,0,,,,0
23376,15334,15394,12161,0,0,-4.76566,-10.38126,0.30885,-0.126766,-0.090547,0.264186,-93.504,5.248,26.095,-30.8969,-8.4633,-157.7009,-358.4494,-649.7558,-2393.0542,0.0275949,0.3815329,0.0141452,0.000000,0.000000,0.000000,0.00000,0.00000,0.000,0.000,0.000,0.000,0.000,-6.0000,0.0000,0.0000,6.0000,95.00,95.00,90.00,90.00,1575,1575,2225,1500,0,,,,,,,,0,,,,0
23420,27782,15662,12628,0,0,-3.67151,-8.98903,-0.32202,-0.164051,0.068177,0.219444,-93.897,5.762,26.902,-30.9932,-8.4982,-157.7153,-359.7913,-650.1235,-2399.8943,0.0275949,0.3815329,0.0141452,0.000000,0.000000,0.000000,0.00000,0.00000,0.000,0.000,0.000,0.000,0.000,-6.0000,0.0000,0.0000,6.0000,95.00,95.00,90.00,90.00,1575,1575,2225,1500,0,,,,,,,,0,,,,0
23489,19336,22080,12799,0,0,-3.49194,-9.25957,0.10534,0.068177,0.019175,-0.150202,-93.571,5.177,29.165,-31.1783,-8.5507,-157.7343,-361.7342,-650.6567,-2409.7517,0.0275949,0.3815329,0.0141452,0.000000,0.000000,0.000000,0.00000,0.00000,0.000,0.000,0.000,0.000,0.000,-6.0000,0.0000,0.0000,6.0000,95.00,95.00,90.00,90.00,1575,1575,2225,1500,0,,,,,,,,0,,,,0
23525,22464,35780,22770,0,0,-4.09648,-9.94671,0.08021,0.066046,0.051133,-0.030893,-93.483,5.145,29.595,-31.2482,-8.5727,-157.7243,-362.4353,-650.8490,-2413.2949,0.0275949,0.3815329,0.0141452,0.000000,0.000000,0.000000,0.00000,0.00000,0.000,0.000,0.000,0.000,0.000,-6.0000,0.0000,0.0000,6.0000,95.00,95.00,90.00,90.00,1575,1575,2225,1500,0,,,,,,,,0,,,,0
23578,35929,16502,13427,0,0,-3.97078,-9.24521,0.14365,0.141680,-0.393083,0.058590,-91.426,6.014,26.709,-27.0981,-5.1100,-159.4207,-326.1820,-617.0081,-2444.2495,0.0184186,0.3806782,0.0205329,0.000000,0.000000,0.000000,0.00000,0.00000,0.000,0.000,0.000,0.000,0.000,-6.0000,0.0000,0.0000,6.0000,95.00,95.00,90.00,90.00,1575,1575,2225,1500,0,,,,,,,,0,,,,0
23623,28030,16120,13077,0,0,-3.79601,-9.23803,-0.23583,-0.110788,-0.070307,0.249272,-91.472,6.505,27.982,-27.2031,-5.1484,-159.4400,-327.3968,-617.2374,-2451.3828,0.0184186,0.3806782,0.0205329,0.000000,0.000000,0.000000,0.00000,0.00000,0.000,0.000,0.000,0.000,0.000,-6.0000,0.0000,0.0000,6.0000,95.00,95.00,90.00,90.00,1575,1575,2225,1500,0,,,,,,,,0,,,,0
23675,15247,15528,12266,0,0,-4.24372,-9.18895,0.45849,-0.304666,-0.022371,0.358994,-92.134,7.496,29.151,-27.3421,-5.1840,-159.4536,-328.8386,-617.5106,-2459.8132,0.0184186,0.3806782,0.0205329,0.000000,0.000000,0.000000,0.00000,0.00000,0.000,0.000,0.000,0.000,0.000,-6.0000,0.0000,0.0000,6.0000,95.00,95.00,90.00,90.00,1575,1575,2225,1500,0,,,,,,,,0,,,,0
23722,24592,37944,28385,0,0,-4.46160,-8.91242,-0.49680,-0.208792,-0.370712,0.064981,-92.314,7.599,30.216,-27.4093,-5.2270,-159.4627,-329.5118,-617.6386,-2463.7346,0.0184186,0.3806782,0.0205329,0.000000,0.000000,0.000000,0.00000,0.00000,0.000,0.000,0.000,0.000,0.000,-6.0000,0.0000,0.0000,6.0000,95.00,95.00,90.00,90.00,1575,1575,2225,1500,0,,,,,,,,0,,,,0
23769,29554,16250,12782,0,0,-4.11563,-8.77355,0.59735,-0.162985,-0.043676,0.045806,-92.472,7.903,32.754,-27.5996,-5.3255,-159.4879,-331.3965,-618.0009,-2474.6633,0.0184186,0.3806782,0.0205329,0.000000,0.000000,0.000000,0.00000,0.00000,0.000,0.000,0.000,0.000,0.000,-6.0000,0.0000,0.0000,6.0000,95.00,95.00,90.00,90.00,1575,1575,2225,1500,0,,,,,,,,0,,,,0
23822,16884,15987,12958,0,0,-4.53222,-9.30147,-0.25019,0.194943,-0.446346,-0.045806,-92.337,8.037,34.607,-27.7508,-5.4145,-159.4879,-332.8789,-618.2883,-2483.2063,0.0184186,0.3806782,0.0205329,0.000000,0.000000,0.000000,0.00000,0.00000,0.000,0.000,0.000,0.000,0.000,-6.0000,0.0000,0.0000,6.0000,95.00,95.00,90.00,90.00,1575,1575,2225,1500,0,,,,,,,,0,,,,0
23881,15835,15154,12142,0,0,-3.43807,-9.42478,0.62608,0.168312,0.062851,-0.067112,-91.581,7.610,36.313,-27.8875,-5.4441,-159.4963,-334.5371,-618.6120,-2492.7129,0.0184186,0.3806782,0.0205329,0.000000,0.000000,0.000000,0.00000,0.00000,0.000,0.000,0.000,0.000,0.000,-6.0000,0.0000,0.0000,6.0000,95.00,95.00,90.00,90.00,1575,1575,2225,1500,0,,,,,,,,0,,,,0
23929,22790,16232,13179,0,0,-4.00191,-9.06205,0.23703,0.079895,-0.295078,-0.255663,-91.198,7.069,38.084,-28.0160,-5.5280,-159.5030,-335.8555,-618.8709,-2500.2354,0.0184186,0.3806782,0.0205329,0.000000,0.000000,0.000000,0.00000,0.00000,0.000,0.000,0.000,0.000,0.000,-6.0000,0.0000,0.0000,6.0000,95.00,95.00,90.00,90.00,1575,1575,2225,1500,0,,,,,,,,0,,,,0
23981,15734,15494,12129,0,0,-2.79044,-9.15543,0.01077,-0.221575,0.009587,0.098004,-91.116,6.777,40.344,-28.1330,-5.6012,-159.5261,-337.3465,-619.1667,-2508.7046,0.0184186,0.3806782,0.0205329,0.000000,0.000000,0.000000,0.00000,0.00000,0.000,0.000,0.000,0.000,0.000,-6.0000,0.0000,0.0000,6.0000,95.00,95.00,90.00,90.00,1575,1575,2225,1500,0,,,,,,,,0,,,,0
24018,20790,31102,28083,0,0,-3.88938,-9.29549,0.24900,-0.257794,0.168312,0.038350,-91.415,6.803,40.598,-28.1831,-5.6311,-159.5287,-337.9319,-619.2835,-2512.0212,0.0184186,0.3806782,0.0205329,0.000000,0.000000,0.000000,0.00000,0.00000,0.000,0.000,0.000,0.000,0.000,-6.0000,0.0000,0.0000,6.0000,95.00,95.00,90.00,90.00,1575,1575,2225,1500,0,,,,,,,,0,,,,0
24075,29109,26834,18833,0,0,-3.65954,-9.32901,0.01077,0.104396,-0.363255,0.165116,-91.364,7.164,42.245,-28.3376,-5.7269,-159.5306,-339.6636,-619.6315,-2521.7939,0.0184186,0.3806782,0.0205329,0.000000,0.000000,0.000000,0.00000,0.00000,0.000,0.000,0.000,0.000,0.000,-6.0000,0.0000,0.0000,6.0000,95.00,95.00,90.00,90.00,1575,1575,2225,1500,0,,,,,,,,0,,,,0
24123,31202,17032,13187,0,0,-4.52983,-9.52533,-0.20470,0.172573,0.159790,0.160855,-90.993,7.737,43.106,-28.4637,-5.8269,-159.5329,-341.3176,-619.9675,-2531.0854,0.0184186,0.3806782,0.0205329,0.000000,0.000000,0.000000,0.00000,0.00000,0.000,0.000,0.000,0.000,0.000,-6.0000,0.0000,0.0000,6.0000,95.00,95.00,90.00,90.00,1575,1575,2225,1500,0,,,,,,,,0,,,,0
24176,15252,15604,12195,0,0,-4.33949,-9.00579,-0.37350,0.262055,-0.031958,-0.003196,-90.228,7.868,44.175,-28.5881,-5.9437,-159.5472,-342.8546,-620.2844,-2539.6804,0.0184186,0.3806782,0.0205329,0.000000,0.000000,0.000000,0.00000,0.00000,0.000,0.000,0.000,0.000,0.000,-6.0000,0.0000,0.0000,6.0000,95.00,95.00,90.00,90.00,1575,1575,2225,1500,0,,,,,,,,0,,,,0
24219,27988,15692,12650,0,0,-6.55772,-14.25867,0.65601,-0.802144,0.193878,0.151268,-91.211,8.002,44.655,-28.7265,-6.0351,-159.4079,-344.1088,-620.5463,-2546.6636,0.0184186,0.3806782,0.0205329,0.000000,0.000000,0.000000,0.00000,0.00000,0.000,0.000,0.000,0.000,0.000,-6.0000,0.0000,0.0000,6.0000,95.00,95.00,90.00,90.00,1575,1575,2225,1500,0,,,,,,,,0,,,,0
24278,15818,15140,12137,0,0,-2.99395,-9.03213,1.39103,0.008522,0.069242,0.197074,-90.402,7.957,46.767,-28.8682,-6.1215,-159.3262,-345.8247,-620.9102,-2556.1563,0.0184186,0.3806782,0.0205329,0.000000,0.000000,0.000000,0.00000,0.00000,0.000,0.000,0.000,0.000,0.000,-6.0000,0.0000,0.0000,6.0000,95.00,95.00,90.00,90.00,1575,1575,2225,1500,0,,,,,,,,0,,,,0
24325,27791,18742,15780,0,0,-3.94564,-9.25598,0.33878,-0.014914,0.297209,0.177899,-88.381,8.445,40.345,-22.9118,0.3562,-163.1435,-277.8686,-556.2657,-2609.5728,0.0038611,0.3759605,0.0254248,0.000000,0.000000,0.000000,0.00000,0.00000,0.000,0.000,0.000,0.000,0.000,-6.0000,0.0000,0.0000,6.0000,95.00,95.00,90.00,90.00,1575,1575,2225,1500,0,,,,,,,,0,,,,0
24369,21713,15709,12682,0,0,-4.40413,-9.00579,-0.29329,0.040480,-0.079895,0.073503,-88.162,8.582,41.296,-23.0003,0.2437,-163.1506,-278.9343,-556.2518,-2617.1467,0.0038611,0.3759605,0.0254248,0.000000,0.000000,0.000000,0.00000,0.00000,0.000,0.000,0.000,0.000,0.000,-6.0000,0.0000,0.0000,6.0000,95.00,95.00,90.00,90.00,1575,1575,2225,1500,0,,,,,,,,0,,,,0
24429,16859,16150,13103,0,0,-4.27126,-9.14824,0.89304,-0.004261,-0.106526,0.034088,-87.918,8.648,43.114,-23.1328,0.1410,-163.1617,-280.3152,-556.2405,-2626.9153,0.0038611,0.3759605,0.0254248,0.000000,0.000000,0.000000,0.00000,0.00000,0.000,0.000,0.000,0.000,0.000,-6.0000,0.0000,0.0000,6.0000,95.00,95.00,90.00,90.00,1575,1575,2225,1500,0,,,,,,,,0,,,,0
24481,15711,15437,12118,0,0,-4.24013,-9.11712,0.13767,0.021305,0.093743,-0.035154,-87.664,8.381,44.128,-23.2337,0.0562,-163.1658,-281.5439,-556.2350,-2635.5635,0.0038611,0.3759605,0.0254248,0.000000,0.000000,0.000000,0.00000,0.00000,0.000,0.000,0.000,0.000,0.000,-6.0000,0.0000,0.0000,6.0000,95.00,95.00,90.00,90.00,1575,1575,2225,1500,0,,,,,,,,0,,,,0
24517,15633,36000,28113,0,0,-4.39575,-9.14944,-0.26217,0.067112,-0.075634,0.003196,-87.549,8.344,44.536,-23.2602,0.0158,-163.1680,-281.9074,-556.2344,-2638.1143,0.0038611,0.3759605,0.0254248,0.000000,0.000000,0.000000,0.00000,0.00000,0.000,0.000,0.000,0.000,0.000,-6.0000,0.0000,0.0000,6.0000,95.00,95.00,90.00,90.00,1575,1575,2225,1500,0,,,,,,,,0,,,,0
24578,29123,21993,18951,0,0,-3.95642,-8.95431,0.94691,0.232228,-0.360059,-0.074569,-86.730,7.984,47.477,-23.3756,-0.1635,-163.1674,-283.6581,-556.2407,-2650.3689,0.0038611,0.3759605,0.0254248,0.000000,0.000000,0.000000,0.00000,0.00000,0.000,0.000,0.000,0.000,0.000,-6.0000,0.0000,0.0000,6.0000,95.00,95.00,90.00,90.00,1575,1575,2225,1500,0,,,,,,,,0,,,,0
24621,24087,18608,15186,0,0,-4.71538,-9.06804,2.17872,-0.003196,0.222640,-0.084156,-81.836,9.313,42.849,-12.5322,10.9213,-170.5569,-153.3298,-441.6035,-2750.5620,-0.0206756,0.3672062,0.0270373,0.000000,0.000000,0.000000,0.00000,0.00000,0.000,0.000,0.000,0.000,0.000,-6.0000,0.0000,0.0000,6.0000,95.00,95.00,90.00,90.00,1575,1575,2225,1500,0,,,,,,,,0,,,,0
24680,15841,15129,12137,0,0,-5.68024,-9.97784,1.33118,0.252468,-0.084156,-0.530502,-80.560,7.681,43.941,-12.6895,10.7406,-170.5120,-154.1151,-440.9288,-2761.1843,-0.0206756,0.3672062,0.0270373,0.000000,0.000000,0.000000,0.00000,0.00000,0.000,0.000,0.000,0.000,0.000,-6.0000,0.0000,0.0000,6.0000,95.00,95.00,90.00,90.00,1575,1575,2225,1500,0,,,,,,,,0,,,,0
24723,26655,16195,13156,0,0,-5.15831,-9.95509,0.67636,0.345146,-0.284426,-0.770186,-79.620,5.598,45.121,-12.7828,10.5814,-170.4786,-154.6498,-440.4812,-2768.3416,-0.0206756,0.3672062,0.0270373,0.000000,0.000000,0.000000,0.00000,0.00000,0.000,0.000,0.000,0.000,0.000,-6.0000,0.0000,0.0000,6.0000,95.00,95.00,90.00,90.00,1575,1575,2225,1500,0,,,,,,,,0,,,,0
24771,22520,15692,12673,0,0,-4.30597,-10.23521,1.37307,0.476173,-0.709466,-1.122789,-78.085,2.030,47.209,-12.8911,10.4117,-170.4608,-155.2700,-439.9742,-2776.5759,-0.0206756,0.3672062,0.0270373,0.000000,0.000000,0.000000,0.00000,0.00000,0.000,0.000,0.000,0.000,0.000,-6.0000,0.0000,0.0000,6.0000,95.00,95.00,90.00,90.00,1575,1575,2225,1500,0,,,,,,,,0,,,,0
24825,16866,16053,13046,0,0,-2.88382,-9.13388,1.73819,0.525175,-0.698813,-1.075917,-76.424,-2.051,49.704,-12.9800,10.2432,-170.4574,-155.9580,-439.4252,-2785.6416,-0.0206756,0.3672062,0.0270373,0.000000,0.000000,0.000000,0.00000,0.00000,0.000,0.000,0.000,0.000,0.000,-6.0000,0.0000,0.0000,6.0000,95.00,95.00,90.00,90.00,1575,1575,2225,1500,0,,,,,,,,0,,,,0
24885,36529,22911,19849,0,0,-1.45208,-9.32422,3.61884,-0.120375,-0.090547,-0.794687,-76.381,-5.184,50.882,-13.1034,10.1794,-170.4695,-156.6529,-438.8812,-2794.7263,-0.0206756,0.3672062,0.0270373,0.000000,0.000000,0.000000,0.00000,0.00000,0.000,0.000,0.000,0.000,0.000,-6.0000,0.0000,0.0000,6.0000,95.00,95.00,90.00,90.00,1575,1575,2225,1500,0,,,,,,,,0,,,,0
24929,27798,16260,13220,0,0,-1.70347,-7.80270,1.58017,0.010653,0.504935,-0.621049,-76.234,-7.018,49.783,-13.1890,10.0750,-170.5364,-157.3224,-438.3654,-2803.4075,-0.0206756,0.3672062,0.0270373,0.000000,0.000000,0.000000,0.00000,0.00000,0.000,0.000,0.000,0.000,0.000,-6.0000,0.0000,0.0000,6.0000,95.00,95.00,90.00,90.00,1575,1575,2225,1500,0,,,,,,,,0,,,,0
24971,18013,15578,12588,0,0,-1.71425,-8.62511,1.61609,-0.451672,0.357929,-0.509196,-77.227,-8.254,49.429,-13.2471,9.9796,-170.6036,-157.8897,-437.9348,-2810.7292,-0.0206756,0.3672062,0.0270373,0.000000,0.000000,0.000000,0.00000,0.00000,0.000,0.000,0.000,0.000,0.000,-6.0000,0.0000,0.0000,6.0000,95.00,95.00,90.00,90.00,1575,1575,2225,1500,0,,,,,,,,0,,,,0
25033,37425,23704,15645,0,0,-1.26174,-10.91756,1.86867,-0.568851,0.398409,-0.362190,-78.752,-9.542,49.113,-13.3492,9.8539,-170.5609,-158.5974,-437.4071,-2819.8052,-0.0206756,0.3672062,0.0270373,0.000000,0.000000,0.000000,0.00000,0.00000,0.000,0.000,0.000,0.000,0.000,-6.0000,0.0000,0.0000,6.0000,95.00,95.00,90.00,90.00,1575,1575,2225,1500,0,,,,,,,,0,,,,0
25081,26802,15264,12240,0,0,-0.13886,-11.04086,1.40300,-0.210922,-0.311057,-0.773382,-79.827,-12.214,50.007,-13.4180,9.7212,-170.5086,-159.3533,-436.8543,-2829.4373,-0.0206756,0.3672062,0.0270373,0.000000,0.000000,0.000000,0.00000,0.00000,0.000,0.000,0.000,0.000,0.000,-6.0000,0.0000,0.0000,6.0000,95.00,95.00,90.00,90.00,1575,1575,2225,1500,0,,,,,,,,0,,,,0
25118,21560,15622,12581,0,0,0.85473,-10.40520,-0.05986,-0.030893,-0.856473,-1.047155,-80.474,-14.746,52.023,-13.4166,9.6316,-170.4962,-159.8500,-436.4961,-2835.7483,-0.0206756,0.3672062,0.0270373,0.000000,0.000000,0.000000,0.00000,0.00000,0.000,0.000,0.000,0.000,0.000,-6.0000,0.0000,0.0000,6.0000,95.00,95.00,90.00,90.00,1575,1575,2225,1500,0,,,,,,,,0,,,,0
25173,26060,23163,12691,0,0,1.25935,-9.22486,-0.42377,0.593352,-1.558482,-1.518002,-80.521,-19.308,56.292,-13.4015,9.5250,-170.5217,-160.4877,-436.0406,-2843.8538,-0.0206756,0.3672062,0.0270373,0.000000,0.000000,0.000000,0.00000,0.00000,0.000,0.000,0.000,0.000,0.000,-6.0000,0.0000,0.0000,6.0000,95.00,95.00,90.00,90.00,1575,1575,2225,1500,0,,,,,,,,0,,,,0
25233,16837,16050,13051,0,0,2.31878,-8.79869,0.27414,0.314253,-0.785100,-1.989914,-80.949,-26.726,60.658,-13.4202,9.4300,-170.5845,-161.3909,-435.4019,-2855.3381,-0.0206756,0.3672062,0.0270373,0.000000,0.000000,0.000000,0.00000,0.00000,0.000,0.000,0.000,0.000,0.000,-6.0000,0.0000,0.0000,6.0000,95.00,95.00,90.00,90.00,1575,1575,2225,1500,0,,,,,,,,0,,,,0
25276,21055,15600,12243,0,0,3.80798,-7.29633,0.01197,0.346211,-1.086570,-1.988849,-81.361,-32.626,63.685,-13.3862,9.3738,-170.6597,-161.9656,-434.9988,-2862.6548,-0.0206756,0.3672062,0.0270373,0.000000,0.000000,0.000000,0.00000,0.00000,0.000,0.000,0.000,0.000,0.000,-6.0000,0.0000,0.0000,6.0000,95.00,95.00,90.00,90.00,1575,1575,2225,1500,0,,,,,,,,0,,,,0
25330,16756,16130,13050,0,0,3.80199,-9.77313,-1.27491,0.510262,-1.202684,-1.888714,-82.071,-39.578,67.487,-13.3185,9.1478,-170.6905,-162.6766,-434.5056,-2871.7429,-0.0206756,0.3672062,0.0270373,0.000000,0.000000,0.000000,0.00000,0.00000,0.000,0.000,0.000,0.000,0.000,-6.0000,0.0000,0.0000,6.0000,95.00,95.00,90.00,90.00,1575,1575,2225,1500,0,,,,,,,,0,,,,0
25382,29998,21363,12585,0,0,6.89770,-9.98502,0.03352,-0.150202,-1.299623,-0.786165,-85.369,-43.028,72.633,-13.2981,9.0357,-170.6403,-163.3001,-434.0799,-2879.7412,-0.0206756,0.3672062,0.0270373,0.000000,0.000000,0.000000,0.00000,0.00000,0.000,0.000,0.000,0.000,0.000,-6.0000,0.0000,0.0000,6.0000,95.00,95.00,90.00,90.00,1575,1575,2225,1500,0,,,,,,,,0,,,,0
25426,27914,16236,13172,0,0,4.61243,-8.10677,0.52433,0.422910,-1.536111,-1.100418,-89.329,-46.291,79.710,-13.3138,8.8802,-170.6397,-163.9586,-433.6367,-2888.1904,-0.0206756,0.3672062,0.0270373,0.000000,0.000000,0.000000,0.00000,0.00000,0.000,0.000,0.000,0.000,0.000,-6.0000,0.0000,0.0000,6.0000,95.00,95.00,90.00,90.00,1575,1575,2225,1500,0,,,,,,,,0,,,,0
25478,15740,15192,12153,0,0,6.03219,-7.89967,-0.54468,0.231162,-1.678857,-0.959803,-95.603,-49.199,88.976,-13.3339,8.7255,-170.6814,-164.6696,-433.1675,-2897.2959,-0.0206756,0.3672062,0.0270373,0.000000,0.000000,0.000000,0.00000,0.00000,0.000,0.000,0.000,0.000,0.000,-6.0000,0.0000,0.0000,6.0000,95.00,95.00,90.00,90.00,1575,1575,2225,1500,0,,,,,,,,0,,,,0
25540,31899,24622,21546,0,0,6.29076,-5.99388,-0.15323,-0.070307,-1.233576,-0.738228,-102.353,-50.915,97.757,-13.3945,8.6844,-170.7044,-165.3690,-432.7120,-2906.2266,-0.0206756,0.3672062,0.0270373,0.000000,0.000000,0.000000,0.00000,0.00000,0.000,0.000,0.000,0.000,0.000,-6.0000,0.0000,0.0000,6.0000,95.00,95.00,90.00,90.00,1575,1575,2225,1500,0,,,,,,,,0,,,,0
25573,25413,31601,23494,0,0,7.47470,-6.08486,-1.70467,-0.175769,-0.452737,-0.891626,-104.423,-51.940,100.116,-13.3895,8.6758,-170.7051,-165.7093,-432.4915,-2910.5647,-0.0206756,0.3672062,0.0270373,0.000000,0.000000,0.000000,0.00000,0.00000,0.000,0.000,0.000,0.000,0.000,-6.0000,0.0000,0.0000,6.0000,95.00,95.00,90.00,90.00,1575,1575,2225,1500,0,,,,,,,,0,,,,0
25633,16668,16112,13044,0,0,8.02297,-5.85143,-1.50715,-0.527306,-0.752077,-1.063134,-113.274,-54.764,108.675,-13.3965,8.6048,-170.7360,-166.7275,-431.8345,-2923.5530,-0.0206756,0.3672062,0.0270373,0.000000,0.000000,0.000000,0.00000,0.00000,0.000,0.000,0.000,0.000,0.000,-6.0000,0.0000,0.0000,6.0000,95.00,95.00,90.00,90.00,1575,1575,2225,1500,0,,,,,,,,0,,,,0
25676,21343,15717,12250,0,0,8.59997,-6.58166,-2.13443,-0.453803,-1.040763,-1.124919,-120.508,-55.728,116.242,-13.4348,8.5525,-170.7099,-167.3073,-431.4636,-2930.9329,-0.0206756,0.3672062,0.0270373,0.000000,0.000000,0.000000,0.00000,0.00000,0.000,0.000,0.000,0.000,0.000,-6.0000,0.0000,0.0000,6.0000,95.00,95.00,90.00,90.00,1575,1575,2225,1500,0,,,,,,,,0,,,,0
25718,26473,15771,12659,0,0,9.76954,-5.56293,-2.50194,-0.447411,-1.370995,-1.299623,-129.333,-55.945,125.625,-13.5008,8.5190,-170.6521,-167.8782,-431.1020,-2938.1685,-0.0206756,0.3672062,0.0270373,0.000000,0.000000,0.000000,0.00000,0.00000,0.000,0.000,0.000,0.000,0.000,-6.0000,0.0000,0.0000,6.0000,95.00,95.00,90.00,90.00,1575,1575,2225,1500,0,,,,,,,,0,,,,0
25777,15763,15298,12159,0,0,10.07600,-4.57293,-2.68989,-0.246076,-1.722533,-1.179248,-140.776,-54.113,138.621,-13.6506,8.5241,-170.5538,-168.6849,-430.5953,-2948.3074,-0.0206756,0.3672062,0.0270373,0.000000,0.000000,0.000000,0.00000,0.00000,0.000,0.000,0.000,0.000,0.000,-6.0000,0.0000,0.0000,6.0000,95.00,95.00,90.00,90.00,1575,1575,2225,1500,0,,,,,,,,0,,,,0
25823,22212,15664,12558,0,0,7.15028,-4.10007,-2.99395,-0.268447,-2.109224,-1.247425,-149.674,-50.702,149.040,-13.7324,8.4633,-170.6195,-169.3109,-430.2070,-2956.1077,-0.0206756,0.3672062,0.0270373,0.000000,0.000000,0.000000,0.00000,0.00000,0.000,0.000,0.000,0.000,0.000,-6.0000,0.0000,0.0000,6.0000,95.00,95.00,90.00,90.00,1575,1575,2225,1500,0,,,,,,,,0,,,,0
25881,15868,15519,12146,0,0,7.70334,-4.12521,-4.41012,-0.025566,-1.410410,-0.896953,-156.726,-46.148,158.396,-13.8510,8.4114,-170.6231,-170.1111,-429.7171,-2966.0063,-0.0206756,0.3672062,0.0270373,0.000000,0.000000,0.000000,0.00000,0.00000,0.000,0.000,0.000,0.000,0.000,-6.0000,0.0000,0.0000,6.0000,95.00,95.00,90.00,90.00,1575,1575,2225,1500,0,,,,,,,,0,,,,0
25924,27008,15739,12673,0,0,6.74566,-4.66151,-5.44322,-0.122505,-1.391235,-0.543285,-159.899,-42.677,162.688,-13.9035,8.3147,-170.6347,-170.7042,-429.3597,-2973.2974,-0.0206756,0.3672062,0.0270373,0.000000,0.000000,0.000000,0.00000,0.00000,0.000,0.000,0.000,0.000,0.000,-6.0000,0.0000,0.0000,6.0000,95.00,95.00,90.00,90.00,1575,1575,2225,1500,0,,,,,,,,0,,,,0
25975,15284,15606,12219,0,0,6.71095,-3.14598,-5.68264,-0.182160,-0.645550,0.031958,-160.995,-39.321,163.591,-13.9484,8.2516,-170.6693,-171.4167,-428.9359,-2982.0332,-0.0206756,0.3672062,0.0270373,0.000000,0.000000,0.000000,0.00000,0.00000,0.000,0.000,0.000,0.000,0.000,-6.0000,0.0000,0.0000,6.0000,95.00,95.00,90.00,90.00,1575,1575,2225,1500,0,,,,,,,,0,,,,0
26051,39835,36046,27730,0,0,5.89572,-4.27126,-6.43442,0.053263,-0.414388,0.061785,-161.503,-36.731,164.548,-13.9982,8.1612,-170.6976,-172.1943,-428.4790,-2991.5308,-0.0206756,0.3672062,0.0270373,0.000000,0.000000,0.000000,0.00000,0.00000,0.000,0.000,0.000,0.000,0.000,-6.0000,0.0000,0.0000,6.0000,95.00,95.00,90.00,90.00,1575,1575,2225,1500,0,,,,,,,,0,,,,0
26081,36292,29818,26426,0,0,6.69179,-3.96001,-6.71334,-0.202400,-0.006392,0.155529,-161.874,-35.910,164.536,-14.0478,8.1119,-170.6873,-172.7032,-428.1837,-2997.7256,-0.0206756,0.3672062,0.0270373,0.000000,0.000000,0.000000,0.00000,0.00000,0.000,0.000,0.000,0.000,0.000,-6.0000,0.0000,0.0000,6.0000,95.00,95.00,90.00,90.00,1575,1575,2225,1500,0,,,,,,,,0,,,,0
26123,25513,15759,12629,0,0,5.66468,-3.67749,-5.72813,-0.245011,0.257794,-0.059655,-162.689,-35.405,164.974,-14.1252,8.0404,-170.7296,-173.4859,-427.7349,-3007.2095,-0.0206756,0.3672062,0.0270373,0.000000,0.000000,0.000000,0.00000,0.00000,0.000,0.000,0.000,0.000,0.000,-6.0000,0.0000,0.0000,6.0000,95.00,95.00,90.00,90.00,1575,1575,2225,1500,0,,,,,,,,0,,,,0
26182,15864,15528,12510,0,0,7.49265,-3.32435,-5.87777,-0.399474,0.067112,-0.173638,-157.172,-35.500,164.215,-14.7832,8.9930,-169.7221,-193.6562,-439.4979,-3007.8835,-0.0129789,0.3696149,0.0153136,0.000000,0.000000,0.000000,0.00000,0.00000,0.000,0.000,0.000,0.000,0.000,-6.0000,0.0000,0.0000,6.0000,95.00,95.00,90.00,90.00,1575,1575,2225,1500,0,,,,,,,,0,,,,0
26224,26193,15716,12663,0,0,7.45554,-3.23337,-6.08486,-0.287621,-0.074569,-0.386691,-158.938,-34.802,165.849,-14.8796,8.9793,-169.7305,-194.2781,-439.1211,-3015.0012,-0.0129789,0.3696149,0.0153136,0.000000,0.000000,0.000000,0.00000,0.00000,0.000,0.000,0.000,0.000,0.000,-6.0000,0.0000,0.0000,6.0000,95.00,95.00,90.00,90.00,1575,1575,2225,1500,0,,,,,,,,0,,,,0
26271,22020,15631,12605,0,0,7.31069,-3.27287,-6.14592,-0.344080,-0.046872,-0.460194,-160.812,-34.231,167.777,-14.9973,8.9531,-169.7223,-194.9720,-438.7046,-3022.8845,-0.0129789,0.3696149,0.0153136,0.000000,0.000000,0.000000,0.00000,0.00000,0.000,0.000,0.000,0.000,0.000,-6.0000,0.0000,0.0000,6.0000,95.00,95.00,90.00,90.00,1575,1575,2225,1500,0,,,,,,,,0,,,,0
26322,15764,15531,12509,0,0,7.06529,-2.24696,-6.22612,-0.311057,-0.303600,-0.697748,-163.316,-33.019,170.442,-15.1175,8.9317,-169.7455,-195.7474,-438.2443,-3031.6252,-0.0129789,0.3696149,0.0153136,0.000000,0.000000,0.000000,0.00000,0.00000,0.000,0.000,0.000,0.000,0.000,-6.0000,0.0000,0.0000,6.0000,95.00,95.00,90.00,90.00,1575,1575,2225,1500,0,,,,,,,,0,,,,0
26380,15836,15186,12158,0,0,6.27041,-1.89740,-6.74327,-0.499609,-0.155529,-0.453803,-166.149,-31.745,172.907,-15.2295,8.9382,-169.7787,-196.6258,-437.7271,-3041.4514,-0.0129789,0.3696149,0.0153136,0.000000,0.000000,0.000000,0.00000,0.00000,0.000,0.000,0.000,0.000,0.000,-6.0000,0.0000,0.0000,6.0000,95.00,95.00,90.00,90.00,1575,1575,2225,1500,0,,,,,,,,0,,,,0
26422,26527,15636,12593,0,0,7.08564,-0.94212,-7.05092,-0.566721,0.047937,-0.276969,-168.122,-31.045,174.113,-15.3214,8.9582,-169.7837,-197.2658,-437.3523,-3048.5659,-0.0129789,0.3696149,0.0153136,0.000000,0.000000,0.000000,0.00000,0.00000,0.000,0.000,0.000,0.000,0.000,-6.0000,0.0000,0.0000,6.0000,95.00,95.00,90.00,90.00,1575,1575,2225,1500,0,,,,,,,,0,,,,0
26470,8525,15619,12678,0,0,6.74207,-1.01275,-6.73250,-0.393083,0.164051,-0.102265,-168.996,-30.794,174.553,-15.3773,8.9720,-169.7965,-197.6400,-437.1337,-3052.7048,-0.0129789,0.3696149,0.0153136,0.000000,0.000000,0.000000,0.00000,0.00000,0.000,0.000,0.000,0.000,0.000,-6.0000,0.0000,0.0000,6.0000,95.00,95.00,90.00,90.00,1575,1575,2225,1500,0,,,,,,,,0,,,,0
26529,35494,23398,20352,0,0,7.57166,-1.66876,-7.05930,-0.439954,0.038350,-0.287621,-170.785,-30.099,175.716,-15.5215,8.9615,-169.7946,-198.4327,-436.6735,-3061.4189,-0.0129789,0.3696149,0.0153136,0.000000,0.000000,0.000000,0.00000,0.00000,0.000,0.000,0.000,0.000,0.000,-6.0000,0.0000,0.0000,6.0000,95.00,95.00,90.00,90.00,1575,1575,2225,1500,0,,,,,,,,0,,,,0
26576,30894,16357,12987,0,0,7.47589,-0.47046,-6.59243,-0.257794,0.038350,-0.307861,-172.324,-29.210,177.020,-15.6906,8.9905,-169.8166,-199.2831,-436.1843,-3070.6736,-0.0129789,0.3696149,0.0153136,0.000000,0.000000,0.000000,0.00000,0.00000,0.000,0.000,0.000,0.000,0.000,-6.0000,0.0000,0.0000,6.0000,95.00,95.00,90.00,90.00,1575,1575,2225,1500,0,,,,,,,,0,,,,0
26628,15691,15541,12558,0,0,7.21014,-0.50278,-6.48470,-0.267381,0.046872,-0.398409,-173.781,-28.403,178.487,-15.8592,9.0043,-169.8454,-200.1050,-435.7156,-3079.5212,-0.0129789,0.3696149,0.0153136,0.000000,0.000000,0.000000,0.00000,0.00000,0.000,0.000,0.000,0.000,0.000,-6.0000,0.0000,0.0000,6.0000,95.00,95.00,90.00,90.00,1575,1575,2225,1500,0,,,,,,,,0,,,,0
26678,28561,21425,12266,0,0,6.58046,-0.16161,-6.50385,-0.124636,0.323840,-0.425041,-174.761,-28.181,179.794,-15.9879,9.0256,-169.8839,-200.8105,-435.3162,-3087.0464,-0.0129789,0.3696149,0.0153136,0.000000,0.000000,0.000000,0.00000,0.00000,0.000,0.000,0.000,0.000,0.000,-6.0000,0.0000,0.0000,6.0000,95.00,95.00,90.00,90.00,1575,1575,2225,1500,0,,,,,,,,0,,,,0
26721,27287,16063,12621,0,0,6.40210,-0.36272,-6.26802,-0.282295,0.704140,-0.321710,-175.903,-29.116,-179.107,-16.1069,9.0245,-169.9389,-201.5956,-434.8746,-3095.3599,-0.0129789,0.3696149,0.0153136,0.000000,0.000000,0.000000,0.00000,0.00000,0.000,0.000,0.000,0.000,0.000,-6.0000,0.0000,0.0000,6.0000,95.00,95.00,90.00,90.00,1575,1575,2225,1500,0,,,,,,,,0,,,,0
26783,16754,16067,12985,0,0,7.47829,0.99359,-6.43442,0.205596,0.645550,-0.402670,-176.725,-29.828,-177.472,-16.3102,9.0956,-169.9783,-202.5892,-434.3193,-3105.7773,-0.0129789,0.3696149,0.0153136,0.000000,0.000000,0.000000,0.00000,0.00000,0.000,0.000,0.000,0.000,0.000,-6.0000,0.0000,0.0000,6.0000,95.00,95.00,90.00,90.00,1575,1575,2225,1500,0,,,,,,,,0,,,,0
26821,21428,15644,12613,0,0,8.41442,-0.63327,-5.86460,0.220510,1.279383,-0.249272,-176.533,-31.589,-176.812,-16.4550,9.0850,-169.9969,-203.2155,-433.9717,-3112.2769,-0.0129789,0.3696149,0.0153136,0.000000,0.000000,0.000000,0.00000,0.00000,0.000,0.000,0.000,0.000,0.000,-6.0000,0.0000,0.0000,6.0000,95.00,95.00,90.00,90.00,1575,1575,2225,1500,0,,,,,,,,0,,,,0
26887,19437,18260,12758,0,0,7.80031,0.57940,-4.20302,0.653007,0.667921,-0.276969,-175.590,-33.467,-175.805,-16.7321,9.0930,-170.0867,-204.2718,-433.3936,-3123.0999,-0.0129789,0.3696149,0.0153136,0.000000,0.000000,0.000000,0.00000,0.00000,0.000,0.000,0.000,0.000,0.000,-6.0000,0.0000,0.0000,6.0000,95.00,95.00,90.00,90.00,1575,1575,2225,1500,0,,,,,,,,0,,,,0
26931,27825,16258,13199,0,0,6.74447,-0.95289,-3.91332,0.679639,1.254882,0.047937,-173.645,-35.497,-175.916,-16.8863,9.0712,-170.2021,-205.0525,-432.9717,-3131.0005,-0.0129789,0.3696149,0.0153136,0.000000,0.000000,0.000000,0.00000,0.00000,0.000,0.000,0.000,0.000,0.000,-6.0000,0.0000,0.0000,6.0000,95.00,95.00,90.00,90.00,1575,1575,2225,1500,0,,,,,,,,0,,,,0
26968,15996,15633,12596,0,0,7.29034,-0.42617,-3.10767,0.720119,0.940628,0.177899,-171.763,-36.865,-176.594,-17.0306,9.0547,-170.3108,-205.6858,-432.6333,-3137.3594,-0.0129789,0.3696149,0.0153136,0.000000,0.000000,0.000000,0.00000,0.00000,0.000,0.000,0.000,0.000,0.000,-6.0000,0.0000,0.0000,6.0000,95.00,95.00,90.00,90.00,1575,1575,2225,1500,0,,,,,,,,0,,,,0
27031,36662,25907,22859,0,0,7.06529,-2.01951,-2.82516,0.742489,0.822384,0.323840,-168.643,-37.982,-177.935,-17.2177,8.9941,-170.4676,-206.5850,-432.1591,-3146.3062,-0.0129789,0.3696149,0.0153136,0.000000,0.000000,0.000000,0.00000,0.00000,0.000,0.000,0.000,0.000,0.000,-6.0000,0.0000,0.0000,6.0000,95.00,95.00,90.00,90.00,1575,1575,2225,1500,0,,,,,,,,0,,,,0
27079,31337,15958,12354,0,0,8.10796,-1.72383,-2.66235,0.661529,0.889496,0.355798,-165.228,-39.553,-179.912,-17.4514,8.9291,-170.6278,-207.5912,-431.6389,-3156.2095,-0.0129789,0.3696149,0.0153136,0.000000,0.000000,0.000000,0.00000,0.00000,0.000,0.000,0.000,0.000,0.000,-6.0000,0.0000,0.0000,6.0000,95.00,95.00,90.00,90.00,1575,1575,2225,1500,0,,,,,,,,0,,,,0
27120,17558,15172,12152,0,0,8.68736,-1.75615,-2.45406,0.605070,0.874582,0.430367,-162.647,-40.491,178.424,-17.6457,8.8940,-170.7133,-208.3218,-431.2679,-3163.3149,-0.0129789,0.3696149,0.0153136,0.000000,0.000000,0.000000,0.00000,0.00000,0.000,0.000,0.000,0.000,0.000,-6.0000,0.0000,0.0000,6.0000,95.00,95.00,90.00,90.00,1575,1575,2225,1500,0,,,,,,,,0,,,,0
27179,30292,28523,20422,0,0,9.63546,-1.17675,-2.31759,0.427171,0.629571,0.351537,-160.397,-41.025,176.915,-17.8940,8.8854,-170.7825,-209.1331,-430.8621,-3171.1116,-0.0129789,0.3696149,0.0153136,0.000000,0.000000,0.000000,0.00000,0.00000,0.000,0.000,0.000,0.000,0.000,-6.0000,0.0000,0.0000,6.0000,95.00,95.00,90.00,90.00,1575,1575,2225,1500,0,,,,,,,,0,,,,0
27220,26197,15260,12216,0,0,9.54329,-0.21548,-2.02430,0.521980,0.509196,0.099070,-158.321,-41.176,175.897,-18.2192,8.9255,-170.8721,-210.1250,-430.3730,-3180.4949,-0.0129789,0.3696149,0.0153136,0.000000,0.000000,0.000000,0.00000,0.00000,0.000,0.000,0.000,0.000,0.000,-6.0000,0.0000,0.0000,6.0000,95.00,95.00,90.00,90.00,1575,1575,2225,1500,0,,,,,,,,0,,,,0
27278,15865,15177,12158,0,0,9.75398,-0.78171,-2.46363,0.405866,0.388822,-0.178964,-156.773,-41.713,176.046,-18.5331,8.9698,-170.9731,-211.1855,-429.8565,-3190.3596,-0.0129789,0.3696149,0.0153136,0.000000,0.000000,0.000000,0.00000,0.00000,0.000,0.000,0.000,0.000,0.000,-6.0000,0.0000,0.0000,6.0000,95.00,95.00,90.00,90.00,1575,1575,2225,1500,0,,,,,,,,0,,,,0
27322,23886,19827,12586,0,0,9.77313,-1.06542,-2.46603,0.339819,0.267381,-0.343015,-156.661,-41.776,177.093,-18.7484,8.9852,-171.0276,-211.9173,-429.5040,-3197.0730,-0.0129789,0.3696149,0.0153136,0.000000,0.000000,0.000000,0.00000,0.00000,0.000,0.000,0.000,0.000,0.000,-6.0000,0.0000,0.0000,6.0000,95.00,95.00,90.00,90.00,1575,1575,2225,1500,0,,,,,,,,0,,,,0
27379,15868,15183,12159,0,0,9.51456,-0.94691,-1.97522,0.559264,0.705205,-0.210922,-155.769,-42.665,178.158,-19.0835,8.9926,-171.1305,-213.0911,-428.9463,-3207.6887,-0.0129789,0.3696149,0.0153136,0.000000,0.000000,0.000000,0.00000,0.00000,0.000,0.000,0.000,0.000,0.000,-6.0000,0.0000,0.0000,6.0000,95.00,95.00,90.00,90.00,1575,1575,2225,1500,0,,,,,,,,0,,,,0
27422,26373,15676,12587,0,0,10.52970,-1.97641,-2.18471,0.410127,0.503870,-0.102265,-154.696,-43.287,178.231,-19.3245,8.9679,-171.1609,-213.8931,-428.5712,-3214.8364,-0.0129789,0.3696149,0.0153136,0.000000,0.000000,0.000000,0.00000,0.00000,0.000,0.000,0.000,0.000,0.000,-6.0000,0.0000,0.0000,6.0000,95.00,95.00,90.00,90.00,1575,1575,2225,1500,0,,,,,,,,0,,,,0
27473,15342,15553,12563,0,0,9.59835,-1.51433,-1.50236,0.362190,0.393083,0.206661,-153.221,-43.154,178.064,-19.6190,8.9534,-171.2371,-214.8919,-428.1115,-3223.6179,-0.0129789,0.3696149,0.0153136,0.000000,0.000000,0.000000,0.00000,0.00000,0.000,0.000,0.000,0.000,0.000,-6.0000,0.0000,0.0000,6.0000,95.00,95.00,90.00,90.00,1575,1575,2225,1500,0,,,,,,,,0,,,,0
27535,39802,22149,13434,0,0,10.20888,-1.50715,-0.22745,0.193878,0.452737,0.258859,-151.632,-43.039,177.016,-19.9819,8.9031,-171.3537,-215.9917,-427.6155,-3233.1357,-0.0129789,0.3696149,0.0153136,0.000000,0.000000,0.000000,0.00000,0.00000,0.000,0.000,0.000,0.000,0.000,-6.0000,0.0000,0.0000,6.0000,95.00,95.00,90.00,90.00,1575,1575,2225,1500,0,,,,,,,,0,,,,0
27567,22362,31978,23606,0,0,10.08198,-1.01155,0.22266,0.282295,0.446346,0.285491,-150.926,-42.959,176.536,-20.1434,8.8907,-171.4145,-216.4403,-427.4165,-3236.9683,-0.0129789,0.3696149,0.0153136,0.000000,0.000000,0.000000,0.00000,0.00000,0.000,0.000,0.000,0.000,0.000,-6.0000,0.0000,0.0000,6.0000,95.00,95.00,90.00,90.00,1575,1575,2225,1500,0,,,,,,,,0,,,,0
27619,16388,15646,12592,0,0,10.43154,-1.79326,0.83438,0.259925,0.323840,0.147006,-148.486,-42.930,174.987,-20.6700,8.8425,-171.6089,-217.8384,-426.8085,-3248.7183,-0.0129789,0.3696149,0.0153136,0.000000,0.000000,0.000000,0.00000,0.00000,0.000,0.000,0.000,0.000,0.000,-6.0000,0.0000,0.0000,6.0000,95.00,95.00,90.00,90.00,1575,1575,2225,1500,0,,,,,,,,0,,,,0
27683,16989,16872,13774,0,0,10.45189,-1.66996,1.15041,0.175769,0.232228,0.022371,-148.000,-42.422,175.243,-21.1396,8.7624,-171.7897,-219.1451,-426.2582,-3259.4526,-0.0129789,0.3696149,0.0153136,0.000000,0.000000,0.000000,0.00000,0.00000,0.000,0.000,0.000,0.000,0.000,-6.0000,0.0000,0.0000,6.0000,95.00,95.00,90.00,90.00,1575,1575,2225,1500,0,,,,,,,,0,,,,0
27738,25960,23573,12724,0,0,9.85693,-1.88424,1.23661,0.300405,0.089482,-0.171508,-147.891,-42.058,176.216,-21.5091,8.6835,-171.9462,-220.1833,-425.8335,-3267.8196,-0.0129789,0.3696149,0.0153136,0.000000,0.000000,0.000000,0.00000,0.00000,0.000,0.000,0.000,0.000,0.000,-6.0000,0.0000,0.0000,6.0000,95.00,95.00,90.00,90.00,1575,1575,2225,1500,0,,,,,,,,0,,,,0
27782,26732,15629,12580,0,0,9.94432,-0.88466,0.73382,0.442085,0.605070,0.012783,-146.644,-42.424,176.185,-21.8840,8.6367,-172.1150,-221.2952,-425.3898,-3276.6370,-0.0129789,0.3696149,0.0153136,0.000000,0.000000,0.000000,0.00000,0.00000,0.000,0.000,0.000,0.000,0.000,-6.0000,0.0000,0.0000,6.0000,95.00,95.00,90.00,90.00,1575,1575,2225,1500,0,,,,,,,,0,,,,0
27819,21665,15669,12605,0,0,10.83257,-1.83276,1.07380,0.412257,0.325971,-0.079895,-145.799,-42.629,176.306,-22.1874,8.5855,-172.2028,-222.1220,-425.0667,-3283.0959,-0.0129789,0.3696149,0.0153136,0.000000,0.000000,0.000000,0.00000,0.00000,0.000,0.000,0.000,0.000,0.000,-6.0000,0.0000,0.0000,6.0000,95.00,95.00,90.00,90.00,1575,1575,2225,1500,0,,,,,,,,0,,,,0
27879,15873,15185,12149,0,0,10.05086,-2.15478,1.34195,0.348341,0.426106,-0.071373,-145.139,-42.379,177.229,-22.6257,8.4506,-172.3799,-223.4642,-424.5564,-3293.4167,-0.0129789,0.3696149,0.0153136,0.000000,0.000000,0.000000,0.00000,0.00000,0.000,0.000,0.000,0.000,0.000,-6.0000,0.0000,0.0000,6.0000,95.00,95.00,90.00,90.00,1575,1575,2225,1500,0,,,,,,,,0,,,,0
27923,27970,16235,13145,0,0,10.21247,-2.52947,1.76213,0.198139,0.159790,-0.178964,-145.004,-42.392,177.858,-22.9562,8.3370,-172.5073,-224.4523,-424.1924,-3300.8936,-0.0129789,0.3696149,0.0153136,0.000000,0.000000,0.000000,0.00000,0.00000,0.000,0.000,0.000,0.000,0.000,-6.0000,0.0000,0.0000,6.0000,95.00,95.00,90.00,90.00,1575,1575,2225,1500,0,,,,,,,,0,,,,0
27979,15765,15174,12154,0,0,9.81982,-2.02430,1.75136,0.110788,-0.134223,-0.268447,-146.155,-41.655,-179.735,-23.3515,8.1607,-172.7064,-225.7677,-423.7239,-3310.7014,-0.0129789,0.3696149,0.0153136,0.000000,0.000000,0.000000,0.00000,0.00000,0.000,0.000,0.000,0.000,0.000,-6.0000,0.0000,0.0000,6.0000,95.00,95.00,90.00,90.00,1575,1575,2225,1500,0,,,,,,,,0,,,,0
28041,36829,24638,21538,0,0,9.87608,-1.71066,1.18513,0.020240,-0.014914,-0.232228,-147.165,-41.089,-178.037,-23.7504,8.0451,-172.8864,-226.9974,-423.3008,-3319.7222,-0.0129789,0.3696149,0.0153136,0.000000,0.000000,0.000000,0.00000,0.00000,0.000,0.000,0.000,0.000,0.000,-6.0000,0.0000,0.0000,6.0000,95.00,95.00,90.00,90.00,1575,1575,2225,1500,0,,,,,,,,0,,,,0
28072,25745,30644,22654,0,0,9.51456,-1.84234,1.13126,0.010653,0.183225,-0.227967,-147.522,-41.051,-177.440,-23.9318,7.9813,-172.9774,-227.6112,-423.0945,-3324.1743,-0.0129789,0.3696149,0.0153136,0.000000,0.000000,0.000000,0.00000,0.00000,0.000,0.000,0.000,0.000,0.000,-6.0000,0.0000,0.0000,6.0000,95.00,95.00,90.00,90.00,1575,1575,2225,1500,0,,,,,,,,0,,,,0
28128,16925,16186,13074,0,0,10.90200,-0.51475,2.11647,0.086286,-0.041545,-0.112918,-147.885,-40.743,-176.161,-24.5039,7.8302,-173.2221,-229.3120,-422.5391,-3336.3369,-0.0129789,0.3696149,0.0153136,0.000000,0.000000,0.000000,0.00000,0.00000,0.000,0.000,0.000,0.000,0.000,-6.0000,0.0000,0.0000,6.0000,95.00,95.00,90.00,90.00,1575,1575,2225,1500,0,,,,,,,,0,,,,0
28177,24203,15361,12211,0,0,10.52491,-2.35829,0.99838,0.123571,0.043676,0.012783,-148.109,-39.929,-175.259,-24.8908,7.6897,-173.3562,-230.5414,-422.1527,-3344.9619,-0.0129789,0.3696149,0.0153136,0.000000,0.000000,0.000000,0.00000,0.00000,0.000,0.000,0.000,0.000,0.000,-6.0000,0.0000,0.0000,6.0000,95.00,95.00,90.00,90.00,1575,1575,2225,1500,0,,,,,,,,0,,,,0
28221,27895,16136,12656,0,0,9.47266,-1.68791,1.95606,0.028762,-0.232228,-0.047937,-148.512,-38.889,-174.260,-25.2191,7.5492,-173.5278,-231.6306,-421.8214,-3352.5012,-0.0129789,0.3696149,0.0153136,0.000000,0.000000,0.000000,0.00000,0.00000,0.000,0.000,0.000,0.000,0.000,-6.0000,0.0000,0.0000,6.0000,95.00,95.00,90.00,90.00,1575,1575,2225,1500,0,,,,,,,,0,,,,0
28282,31258,23287,14977,0,0,10.06044,-0.19273,1.37786,0.062851,-0.291882,0.034088,-149.441,-36.923,-172.608,-25.6742,7.4322,-173.7788,-232.9868,-421.4224,-3361.7561,-0.0129789,0.3696149,0.0153136,0.000000,0.000000,0.000000,0.00000,0.00000,0.000,0.000,0.000,0.000,0.000,-6.0000,0.0000,0.0000,6.0000,95.00,95.00,90.00,90.00,1575,1575,2225,1500,0,,,,,,,,0,,,,0
28319,21546,15696,12618,0,0,9.44991,-0.49081,1.20787,0.276969,0.632767,0.396278,-148.263,-36.696,-173.609,-26.0345,7.3448,-174.0081,-234.1517,-421.0895,-3369.5911,-0.0129789,0.3696149,0.0153136,0.000000,0.000000,0.000000,0.00000,0.00000,0.000,0.000,0.000,0.000,0.000,-6.0000,0.0000,0.0000,6.0000,95.00,95.00,90.00,90.00,1575,1575,2225,1500,0,,,,,,,,0,,,,0
28373,25966,21582,12717,0,0,9.21887,0.04070,1.10253,0.164051,0.205596,0.275903,-147.020,-36.369,-174.781,-26.4256,7.2742,-174.2264,-235.3990,-420.7422,-3377.8689,-0.0129789,0.3696149,0.0153136,0.000000,0.000000,0.000000,0.00000,0.00000,0.000,0.000,0.000,0.000,0.000,-6.0000,0.0000,0.0000,6.0000,95.00,95.00,90.00,90.00,1575,1575,2225,1500,0,,,,,,,,0,,,,0
28433,16808,16158,13082,0,0,12.29662,-1.80044,0.08380,0.006392,0.455933,0.353668,-145.612,-35.848,-176.211,-26.9638,7.1329,-174.4768,-237.1642,-420.2655,-3389.4043,-0.0129789,0.3696149,0.0153136,0.000000,0.000000,0.000000,0.00000,0.00000,0.000,0.000,0.000,0.000,0.000,-6.0000,0.0000,0.0000,6.0000,95.00,95.00,90.00,90.00,1575,1575,2225,1500,0,,,,,,,,0,,,,0
28470,19956,15636,12597,0,0,10.45428,-1.47603,0.59256,0.017044,0.029827,0.348341,-145.334,-35.078,-176.650,-27.2754,7.0594,-174.5846,-238.1637,-420.0040,-3395.8357,-0.0129789,0.3696149,0.0153136,0.000000,0.000000,0.000000,0.00000,0.00000,0.000,0.000,0.000,0.000,0.000,-6.0000,0.0000,0.0000,6.0000,95.00,95.00,90.00,90.00,1575,1575,2225,1500,0,,,,,,,,0,,,,0
28531,36659,24774,21671,0,0,7.02459,-2.90656,2.56419,-0.076699,0.691357,0.435693,-144.432,-34.737,-177.839,-27.5867,6.8832,-174.9135,-239.6042,-419.6372,-3405.0117,-0.0129789,0.3696149,0.0153136,0.000000,0.000000,0.000000,0.00000,0.00000,0.000,0.000,0.000,0.000,0.000,-6.0000,0.0000,0.0000,6.0000,95.00,95.00,90.00,90.00,1575,1575,2225,1500,0,,,,,,,,0,,,,0
28591,35459,23112,12976,0,0,9.01178,-2.47920,0.64643,-0.058590,-0.921454,0.147006,-146.576,-32.173,-174.844,-28.1550,6.7174,-175.0948,-241.3101,-419.2213,-3415.7058,-0.0129789,0.3696149,0.0153136,0.000000,0.000000,0.000000,0.00000,0.00000,0.000,0.000,0.000,0.000,0.000,-6.0000,0.0000,0.0000,6.0000,95.00,95.00,90.00,90.00,1575,1575,2225,1500,0,,,,,,,,0,,,,0
28629,21486,16188,13096,0,0,8.06367,-1.20069,2.97958,-0.050067,-0.328101,-0.287621,-147.051,-31.570,-173.681,-28.5658,6.4970,-175.3679,-242.5900,-418.9239,-3423.6091,-0.0129789,0.3696149,0.0153136,0.000000,0.000000,0.000000,0.00000,0.00000,0.000,0.000,0.000,0.000,0.000,-6.0000,0.0000,0.0000,6.0000,95.00,95.00,90.00,90.00,1575,1575,2225,1500,0,,,,,,,,0,,,,0
28672,21337,15744,12694,0,0,8.46350,-1.47004,2.25055,0.011718,-1.024784,0.017044,-148.000,-29.172,-171.745,-28.9088,6.3536,-175.6483,-243.8379,-418.6448,-3431.2292,-0.0129789,0.3696149,0.0153136,0.000000,0.000000,0.000000,0.00000,0.00000,0.000,0.000,0.000,0.000,0.000,-6.0000,0.0000,0.0000,6.0000,95.00,95.00,90.00,90.00,1575,1575,2225,1500,0,,,,,,,,0,,,,0
28731,16747,16093,13050,0,0,9.85214,-1.21985,0.68354,0.058590,-1.480718,0.002131,-149.909,-24.103,-167.555,-29.3753,6.1506,-175.9923,-245.5464,-418.2786,-3441.5400,-0.0129789,0.3696149,0.0153136,0.000000,0.000000,0.000000,0.00000,0.00000,0.000,0.000,0.000,0.000,0.000,-6.0000,0.0000,0.0000,6.0000,95.00,95.00,90.00,90.00,1575,1575,2225,1500,0,,,,,,,,0,,,,0
28775,22048,15600,12338,0,0,10.01255,-1.02113,-0.05746,0.275903,-1.156877,0.194943,-150.085,-20.570,-165.661,-29.7356,6.0130,-176.2158,-246.8483,-418.0107,-3449.2983,-0.0129789,0.3696149,0.0153136,0.000000,0.000000,0.000000,0.00000,0.00000,0.000,0.000,0.000,0.000,0.000,-6.0000,0.0000,0.0000,6.0000,95.00,95.00,90.00,90.00,1575,1575,2225,1500,0,,,,,,,,0,,,,0
28832,16828,16052,13047,0,0,9.80186,-1.59574,-0.70509,-0.086286,-0.763795,0.189617,-150.870,-16.833,-164.115,-30.2110,5.8312,-176.5037,-248.5595,-417.6724,-3459.3667,-0.0129789,0.3696149,0.0153136,0.000000,0.000000,0.000000,0.00000,0.00000,0.000,0.000,0.000,0.000,0.000,-6.0000,0.0000,0.0000,6.0000,95.00,95.00,90.00,90.00,1575,1575,2225,1500,0,,,,,,,,0,,,,0
28875,21347,15656,12350,0,0,9.53491,-2.10091,-1.39941,-0.029827,-0.499609,0.176834,-150.992,-14.603,-163.439,-30.5651,5.6752,-176.7288,-249.8727,-417.4237,-3466.9988,-0.0129789,0.3696149,0.0153136,0.000000,0.000000,0.000000,0.00000,0.00000,0.000,0.000,0.000,0.000,0.000,-6.0000,0.0000,0.0000,6.0000,95.00,95.00,90.00,90.00,1575,1575,2225,1500,0,,,,,,,,0,,,,0
28918,27356,15763,12661,0,0,9.43076,-2.21703,-1.44011,0.096939,-0.386691,0.148072,-150.927,-12.763,-162.824,-30.9139,5.5130,-176.9629,-251.2016,-417.1819,-3474.6431,-0.0129789,0.3696149,0.0153136,0.000000,0.000000,0.000000,0.00000,0.00000,0.000,0.000,0.000,0.000,0.000,-6.0000,0.0000,0.0000,6.0000,95.00,95.00,90.00,90.00,1575,1575,2225,1500,0,,,,,,,,0,,,,0
28972,15703,15551,12571,0,0,9.32781,-2.15239,-1.40659,0.012783,-0.499609,0.080960,-150.723,-10.385,-161.900,-31.3445,5.3065,-177.2798,-252.8682,-416.8923,-3484.1262,-0.0129789,0.3696149,0.0153136,0.000000,0.000000,0.000000,0.00000,0.00000,0.000,0.000,0.000,0.000,0.000,-6.0000,0.0000,0.0000,6.0000,95.00,95.00,90.00,90.00,1575,1575,2225,1500,0,,,,,,,,0,,,,0
29038,40727,20635,15636,0,0,10.36809,-1.84114,-2.14520,0.074569,-0.543285,0.177899,-150.582,-7.602,-160.842,-31.8471,5.0917,-177.6014,-254.6527,-416.5986,-3494.1497,-0.0129789,0.3696149,0.0153136,0.000000,0.000000,0.000000,0.00000,0.00000,0.000,0.000,0.000,0.000,0.000,-6.0000,0.0000,0.0000,6.0000,95.00,95.00,90.00,90.00,1575,1575,2225,1500,0,,,,,,,,0,,,,0
29071,31490,26966,23940,0,0,9.48702,-2.14640,-2.93409,0.120375,-0.221575,0.251402,-150.361,-6.464,-160.686,-32.1109,4.9855,-177.7636,-255.6598,-416.4399,-3499.7449,-0.0129789,0.3696149,0.0153136,0.000000,0.000000,0.000000,0.00000,0.00000,0.000,0.000,0.000,0.000,0.000,-6.0000,0.0000,0.0000,6.0000,95.00,95.00,90.00,90.00,1575,1575,2225,1500,0,,,,,,,,0,,,,0
29125,16961,16106,13070,0,0,9.40802,-2.45525,-2.14640,0.037284,-0.085221,0.169377,-150.094,-4.817,-160.259,-32.6356,4.7200,-178.1693,-257.7490,-416.1270,-3511.2314,-0.0129789,0.3696149,0.0153136,0.000000,0.000000,0.000000,0.00000,0.00000,0.000,0.000,0.000,0.000,0.000,-6.0000,0.0000,0.0000,6.0000,95.00,95.00,90.00,90.00,1575,1575,2225,1500,0,,,,,,,,0,,,,0
29168,26442,15725,12707,0,0,9.39006,-2.13204,-1.93811,0.059655,-0.079895,0.076699,-149.907,-3.878,-159.823,-32.9910,4.5424,-178.4386,-259.1690,-415.9266,-3518.9478,-0.0129789,0.3696149,0.0153136,0.000000,0.000000,0.000000,0.00000,0.00000,0.000,0.000,0.000,0.000,0.000,-6.0000,0.0000,0.0000,6.0000,95.00,95.00,90.00,90.00,1575,1575,2225,1500,0,,,,,,,,0,,,,0
29234,20672,19473,12781,0,0,9.27274,-2.25294,-1.70587,0.078830,-0.038350,0.054328,-149.656,-2.584,-159.196,-33.5060,4.2727,-178.8424,-261.2666,-415.6485,-3530.2175,-0.0129789,0.3696149,0.0153136,0.000000,0.000000,0.000000,0.00000,0.00000,0.000,0.000,0.000,0.000,0.000,-6.0000,0.0000,0.0000,6.0000,95.00,95.00,90.00,90.00,1575,1575,2225,1500,0,,,,,,,,0,,,,0
29277,26677,15246,12197,0,0,9.31704,-2.20745,-2.14042,0.020240,0.012783,0.084156,-149.599,-1.551,-158.784,-33.8956,4.0767,-179.1470,-262.8502,-415.4524,-3538.6284,-0.0129789,0.3696149,0.0153136,0.000000,0.000000,0.000000,0.00000,0.00000,0.000,0.000,0.000,0.000,0.000,-6.0000,0.0000,0.0000,6.0000,95.00,95.00,90.00,90.00,1575,1575,2225,1500,0,,,,,,,,0,,,,0
29331,16797,16061,13037,0,0,9.30028,-2.43490,-1.96085,0.008522,-0.020240,0.054328,-149.566,-0.490,-158.271,-34.3306,3.8400,-179.5005,-264.6593,-415.2425,-3548.1387,-0.0129789,0.3696149,0.0153136,0.000000,0.000000,0.000000,0.00000,0.00000,0.000,0.000,0.000,0.000,0.000,-6.0000,0.0000,0.0000,6.0000,95.00,95.00,90.00,90.00,1575,1575,2225,1500,0,,,,,,,,0,,,,0
29374,21285,15702,12332,0,0,9.32063,-2.49476,-2.13204,0.007457,0.014914,0.040480,-149.524,0.346,-157.853,-34.6867,3.6453,-179.7929,-266.1503,-415.0807,-3555.9006,-0.0129789,0.3696149,0.0153136,0.000000,0.000000,0.000000,0.00000,0.00000,0.000,0.000,0.000,0.000,0.000,-6.0000,0.0000,0.0000,6.0000,95.00,95.00,90.00,90.00,1575,1575,2225,1500,0,,,,,,,,0,,,,0
29435,37616,23316,20288,0,0,9.29070,-2.53067,-1.99437,-0.006392,0.007457,0.006392,-149.488,1.292,-157.272,-35.1252,3.3959,-180.1653,-268.0186,-414.8923,-3565.5334,-0.0129789,0.3696149,0.0153136,0.000000,0.000000,0.000000,0.00000,0.00000,0.000,0.000,0.000,0.000,0.000,-6.0000,0.0000,0.0000,6.0000,95.00,95.00,90.00,90.00,1575,1575,2225,1500,0,,,,,,,,0,,,,0
29477,17987,15220,12176,0,0,9.26317,-2.33554,-1.90818,0.002131,-0.005326,0.018109,-149.406,2.142,-156.688,-35.5354,3.1630,-180.5205,-269.7812,-414.7287,-3574.5303,-0.0129789,0.3696149,0.0153136,0.000000,0.000000,0.000000,0.00000,0.00000,0.000,0.000,0.000,0.000,0.000,-6.0000,0.0000,0.0000,6.0000,95.00,95.00,90.00,90.00,1575,1575,2225,1500,0,,,,,,,,0,,,,0
29538,36808,24251,21222,0,0,9.31105,-2.45885,-2.01831,-0.026632,-0.025566,-0.028762,-149.397,3.034,-155.979,-35.9637,2.9096,-180.8961,-271.6481,-414.5701,-3583.9673,-0.0129789,0.3696149,0.0153136,0.000000,0.000000,0.000000,0.00000,0.00000,0.000,0.000,0.000,0.000,0.000,-6.0000,0.0000,0.0000,6.0000,95.00,95.00,90.00,90.00,1575,1575,2225,1500,0,,,,,,,,0,,,,0
29569,25082,30350,22324,0,0,9.32422,-2.39899,-1.98479,-0.026632,0.036219,-0.039415,-149.399,3.406,-155.667,-36.1695,2.7875,-181.0826,-272.5527,-414.4987,-3588.5068,-0.0129789,0.3696149,0.0153136,0.000000,0.000000,0.000000,0.00000,0.00000,0.000,0.000,0.000,0.000,0.000,-6.0000,0.0000,0.0000,6.0000,95.00,95.00,90.00,90.00,1575,1575,2225,1500,0,,,,,,,,0,,,,0
29624,17017,16086,13049,0,0,9.31225,-2.39660,-1.96564,-0.029827,0.017044,-0.034088,-149.381,4.467,-154.839,-36.7318,2.4451,-181.5988,-275.0610,-414.3186,-3600.9856,-0.0129789,0.3696149,0.0153136,0.000000,0.000000,0.000000,0.00000,0.00000,0.000,0.000,0.000,0.000,0.000,-6.0000,0.0000,0.0000,6.0000,95.00,95.00,90.00,90.00,1575,1575,2225,1500,0,,,,,,,,0,,,,0
29678,30332,23138,12268,0,0,9.34337,-2.39420,-2.08176,-0.051133,0.062851,-0.026632,-149.416,5.165,-154.303,-37.1184,2.2080,-181.9586,-276.8016,-414.2089,-3609.5544,-0.0129789,0.3696149,0.0153136,0.000000,0.000000,0.000000,0.00000,0.00000,0.000,0.000,0.000,0.000,0.000,-6.0000,0.0000,0.0000,6.0000,95.00,95.00,90.00,90.00,1575,1575,2225,1500,0,,,,,,,,0,,,,0
29720,26337,15716,12633,0,0,9.38168,-2.34512,-1.88065,-0.062851,0.080960,-0.020240,-149.509,5.811,-153.802,-37.5244,1.9520,-182.3488,-278.6564,-414.1055,-3618.6072,-0.0129789,0.3696149,0.0153136,0.000000,0.000000,0.000000,0.00000,0.00000,0.000,0.000,0.000,0.000,0.000,-6.0000,0.0000,0.0000,6.0000,95.00,95.00,90.00,90.00,1575,1575,2225,1500,0,,,,,,,,0,,,,0
29780,16152,15135,12133,0,0,9.38288,-2.24217,-1.92015,-0.040480,0.015979,0.028762,-149.548,6.769,-153.184,-38.0164,1.6390,-182.8374,-280.9373,-413.9970,-3629.6333,-0.0129789,0.3696149,0.0153136,0.000000,0.000000,0.000000,0.00000,0.00000,0.000,0.000,0.000,0.000,0.000,-6.0000,0.0000,0.0000,6.0000,95.00,95.00,90.00,90.00,1575,1575,2225,1500,0,,,,,,,,0,,,,0
29817,21312,15665,12628,0,0,9.39006,-2.24576,-1.97402,-0.051133,0.011718,0.040480,-149.563,7.443,-152.840,-38.3142,1.4454,-183.1355,-282.3353,-413.9406,-3636.3364,-0.0129789,0.3696149,0.0153136,0.000000,0.000000,0.000000,0.00000,0.00000,0.000,0.000,0.000,0.000,0.000,-6.0000,0.0000,0.0000,6.0000,95.00,95.00,90.00,90.00,1575,1575,2225,1500,0,,,,,,,,0,,,,0
29887,19341,22011,12733,0,0,9.55526,-2.53187,-4.04740,-0.051133,0.058590,0.148072,-149.231,9.268,-152.139,-38.8294,1.1099,-183.6579,-284.7826,-413.8597,-3647.9751,-0.0129789,0.3696149,0.0153136,0.000000,0.000000,0.000000,0.00000,0.00000,0.000,0.000,0.000,0.000,0.000,-6.0000,0.0000,0.0000,6.0000,95.00,95.00,90.00,90.00,1575,1575,2225,1500,0,,,,,,,,0,,,,0
29931,27756,16203,13161,0,0,9.08480,-2.65876,-0.87029,-0.495348,0.074569,0.351537,-150.596,9.939,-152.642,-39.2319,0.8448,-184.1208,-286.7384,-413.8103,-3657.1880,-0.0129789,0.3696149,0.0153136,0.000000,0.000000,0.000000,0.00000,0.00000,0.000,0.000,0.000,0.000,0.000,-6.0000,0.0000,0.0000,6.0000,95.00,95.00,90.00,90.00,1575,1575,2225,1500,0,,,,,,,,0,,,,0
29968,16036,15621,12602,0,0,9.05367,-3.30041,-2.19788,-0.168312,0.137419,-0.028762,-151.239,10.250,-152.365,-39.5238,0.6079,-184.4166,-288.2077,-413.7833,-3664.0632,-0.0129789,0.3696149,0.0153136,0.000000,0.000000,0.000000,0.00000,0.00000,0.000,0.000,0.000,0.000,0.000,-6.0000,0.0000,0.0000,6.0000,95.00,95.00,90.00,90.00,1575,1575,2225,1500,0,,,,,,,,0,,,,0
30029,36446,24321,21241,0,0,9.32182,-2.29604,-1.99796,0.036219,-0.074569,-0.031958,-150.990,11.165,-151.644,-39.9421,0.3188,-184.8643,-290.2843,-413.7591,-3673.7134,-0.0129789,0.3696149,0.0153136,0.000000,0.000000,0.000000,0.00000,0.00000,0.000,0.000,0.000,0.000,0.000,-6.0000,0.0000,0.0000,6.0000,95.00,95.00,90.00,90.00,1575,1575,2225,1500,0,,,,,,,,0,,,,0
30078,31377,16350,12296,0,0,9.32422,-2.40138,-1.98838,-0.010653,0.006392,-0.029827,-150.826,12.057,-150.950,-40.3952,-0.0040,-185.3604,-292.5575,-413.7502,-3684.1887,-0.0129789,0.3696149,0.0153136,0.000000,0.000000,0.000000,0.00000,0.00000,0.000,0.000,0.000,0.000,0.000,-6.0000,0.0000,0.0000,6.0000,95.00,95.00,90.00,90.00,1575,1575,2225,1500,0,,,,,,,,0,,,,0
30122,20435,16042,12992,0,0,9.32302,-2.33554,-1.84713,0.004261,-0.007457,0.012783,-150.678,12.821,-150.454,-40.7490,-0.2615,-185.7692,-294.3750,-413.7561,-3692.5015,-0.0129789,0.3696149,0.0153136,0.000000,0.000000,0.000000,0.00000,0.00000,0.000,0.000,0.000,0.000,0.000,-6.0000,0.0000,0.0000,6.0000,95.00,95.00,90.00,90.00,1575,1575,2225,1500,0,,,,,,,,0,,,,0
30182,15827,15508,12492,0,0,9.30028,-2.30442,-1.77650,-0.014914,-0.037284,0.006392,-150.482,13.950,-149.779,-41.2222,-0.6153,-186.3208,-296.8391,-413.7824,-3703.6860,-0.0129789,0.3696149,0.0153136,0.000000,0.000000,0.000000,0.00000,0.00000,0.000,0.000,0.000,0.000,0.000,-6.0000,0.0000,0.0000,6.0000,95.00,95.00,90.00,90.00,1575,1575,2225,1500,0,,,,,,,,0,,,,0
30226,27948,16199,13150,0,0,9.31943,-2.43490,-1.87586,0.002131,-0.015979,0.006392,-150.319,14.769,-149.283,-41.5637,-0.8758,-186.7285,-298.6463,-413.8150,-3711.8296,-0.0129789,0.3696149,0.0153136,0.000000,0.000000,0.000000,0.00000,0.00000,0.000,0.000,0.000,0.000,0.000,-6.0000,0.0000,0.0000,6.0000,95.00,95.00,90.00,90.00,1575,1575,2225,1500,0,,,,,,,,0,,,,0
30269,21161,15677,12637,0,0,9.30507,-2.37146,-1.87346,-0.003196,0.007457,0.009587,-150.163,15.528,-148.812,-41.9003,-1.1359,-187.1386,-300.4519,-413.8585,-3719.9172,-0.0129789,0.3696149,0.0153136,0.000000,0.000000,0.000000,0.00000,0.00000,0.000,0.000,0.000,0.000,0.000,-6.0000,0.0000,0.0000,6.0000,95.00,95.00,90.00,90.00,1575,1575,2225,1500,0,,,,,,,,0,,,,0
30331,21734,16088,13071,0,0,9.27873,-2.47201,-1.89022,0.059655,-0.046872,0.120375,-149.879,16.837,-148.322,-42.3741,-1.5086,-187.7333,-303.0426,-413.9398,-3731.4412,-0.0129789,0.3696149,0.0153136,0.000000,0.000000,0.000000,0.00000,0.00000,0.000,0.000,0.000,0.000,0.000,-6.0000,0.0000,0.0000,6.0000,95.00,95.00,90.00,90.00,1575,1575,2225,1500,0,,,,,,,,0,,,,0
30374,26609,15686,12665,0,0,9.27155,-2.72819,-1.98360,0.148072,-0.070307,0.156594,-149.453,17.956,-148.049,-42.7048,-1.7792,-188.1567,-304.8897,-414.0111,-3739.6018,-0.0129789,0.3696149,0.0153136,0.000000,0.000000,0.000000,0.00000,0.00000,0.000,0.000,0.000,0.000,0.000,-6.0000,0.0000,0.0000,6.0000,95.00,95.00,90.00,90.00,1575,1575,2225,1500,0,,,,,,,,0,,,,0
30418,28298,15803,12650,0,0,9.30387,-2.67313,-2.10809,0.049002,-0.049002,0.073503,-149.049,18.994,-147.646,-43.0426,-2.0563,-188.5917,-306.7843,-414.0958,-3747.9258,-0.0129789,0.3696149,0.0153136,0.000000,0.000000,0.000000,0.00000,0.00000,0.000,0.000,0.000,0.000,0.000,-6.0000,0.0000,0.0000,6.0000,95.00,95.00,90.00,90.00,1575,1575,2225,1500,0,,,,,,,,0,,,,0
30471,15701,15560,12567,0,0,9.28711,-2.71862,-2.05662,0.013848,-0.004261,-0.018109,-148.681,20.005,-146.971,-43.4479,-2.3957,-189.1257,-309.0967,-414.2148,-3758.0242,-0.0129789,0.3696149,0.0153136,0.000000,0.000000,0.000000,0.00000,0.00000,0.000,0.000,0.000,0.000,0.000,-6.0000,0.0000,0.0000,6.0000,95.00,95.00,90.00,90.00,1575,1575,2225,1500,0,,,,,,,,0,,,,0
30536,45893,18604,15582,0,0,9.28112,-2.55940,-1.98000,-0.002131,0.007457,-0.012783,-148.354,21.041,-146.156,-43.9087,-2.7886,-189.7589,-311.7895,-414.3746,-3769.7031,-0.0129789,0.3696149,0.0153136,0.000000,0.000000,0.000000,0.00000,0.00000,0.000,0.000,0.000,0.000,0.000,-6.0000,0.0000,0.0000,6.0000,95.00,95.00,90.00,90.00,1575,1575,2225,1500,0,,,,,,,,0,,,,0
30572,24490,30473,27420,0,0,9.26795,-2.55461,-1.95487,0.007457,-0.007457,0.024501,-148.221,21.497,-145.869,-44.0901,-2.9454,-190.0137,-312.8670,-414.4449,-3774.3535,-0.0129789,0.3696149,0.0153136,0.000000,0.000000,0.000000,0.00000,0.00000,0.000,0.000,0.000,0.000,0.000,-6.0000,0.0000,0.0000,6.0000,95.00,95.00,90.00,90.00,1575,1575,2225,1500,0,,,,,,,,0,,,,0
30624,30895,20596,13284,0,0,9.29070,-2.64200,-1.98838,0.010653,-0.003196,0.011718,-147.862,22.631,-145.126,-44.5438,-3.3463,-190.6593,-315.5955,-414.6385,-3786.0720,-0.0129789,0.3696149,0.0153136,0.000000,0.000000,0.000000,0.00000,0.00000,0.000,0.000,0.000,0.000,0.000,-6.0000,0.0000,0.0000,6.0000,95.00,95.00,90.00,90.00,1575,1575,2225,1500,0,,,,,,,,0,,,,0
30667,21580,15721,12688,0,0,9.28232,-2.64080,-1.98719,-0.008522,-0.022371,0.012783,-147.585,23.492,-144.516,-44.8950,-3.6636,-191.1717,-317.7519,-414.8075,-3795.2781,-0.0129789,0.3696149,0.0153136,0.000000,0.000000,0.000000,0.00000,0.00000,0.000,0.000,0.000,0.000,0.000,-6.0000,0.0000,0.0000,6.0000,95.00,95.00,90.00,90.00,1575,1575,2225,1500,0,,,,,,,,0,,,,0
30730,20434,16183,13199,0,0,9.28950,-2.62405,-2.03387,0.009587,0.017044,-0.005326,-147.171,24.545,-143.673,-45.3463,-4.0770,-191.8430,-320.5667,-415.0489,-3807.2249,-0.0129789,0.3696149,0.0153136,0.000000,0.000000,0.000000,0.00000,0.00000,0.000,0.000,0.000,0.000,0.000,-6.0000,0.0000,0.0000,6.0000,95.00,95.00,90.00,90.00,1575,1575,2225,1500,0,,,,,,,,0,,,,0
30773,21749,15709,12684,0,0,9.30866,-2.62165,-1.98719,0.009587,-0.004261,0.015979,-146.883,25.324,-143.095,-45.6585,-4.3709,-192.3240,-322.5618,-415.2341,-3815.6470,-0.0129789,0.3696149,0.0153136,0.000000,0.000000,0.000000,0.00000,0.00000,0.000,0.000,0.000,0.000,0.000,-6.0000,0.0000,0.0000,6.0000,95.00,95.00,90.00,90.00,1575,1575,2225,1500,0,,,,,,,,0,,,,0
30827,16808,16106,13046,0,0,9.21887,-2.57736,-1.91776,0.008522,-0.004261,0.011718,-146.513,26.279,-142.387,-46.0330,-4.7320,-192.9166,-325.0051,-415.4767,-3825.9126,-0.0129789,0.3696149,0.0153136,0.000000,0.000000,0.000000,0.00000,0.00000,0.000,0.000,0.000,0.000,0.000,-6.0000,0.0000,0.0000,6.0000,95.00,95.00,90.00,90.00,1575,1575,2225,1500,0,,,,,,,,0,,,,0
30871,21919,15713,12665,0,0,9.31464,-2.76291,-1.75495,0.019175,0.019175,0.004261,-146.197,27.033,-141.761,-46.3384,-5.0322,-193.4075,-327.0332,-415.6909,-3834.3940,-0.0129789,0.3696149,0.0153136,0.000000,0.000000,0.000000,0.00000,0.00000,0.000,0.000,0.000,0.000,0.000,-6.0000,0.0000,0.0000,6.0000,95.00,95.00,90.00,90.00,1575,1575,2225,1500,0,,,,,,,,0,,,,0
30938,20674,19415,12687,0,0,9.25119,-2.63961,-1.99916,0.008522,-0.010653,0.013848,-145.710,28.142,-140.868,-46.7767,-5.4659,-194.1297,-329.9915,-416.0244,-3846.7058,-0.0129789,0.3696149,0.0153136,0.000000,0.000000,0.000000,0.00000,0.00000,0.000,0.000,0.000,0.000,0.000,-6.0000,0.0000,0.0000,6.0000,95.00,95.00,90.00,90.00,1575,1575,2225,1500,0,,,,,,,,0,,,,0
30974,15499,15676,12282,0,0,9.30028,-2.59651,-1.97761,0.019175,0.010653,0.008522,-145.379,28.853,-140.292,-47.0515,-5.7448,-194.5932,-331.8824,-416.2503,-3854.5398,-0.0129789,0.3696149,0.0153136,0.000000,0.000000,0.000000,0.00000,0.00000,0.000,0.000,0.000,0.000,0.000,-6.0000,0.0000,0.0000,6.0000,95.00,95.00,90.00,90.00,1575,1575,2225,1500,0,,,,,,,,0,,,,0
31036,37422,23766,20697,0,0,9.24521,-2.56539,-1.95127,0.005326,-0.028762,0.037284,-144.970,29.862,-139.558,-47.4065,-6.1146,-195.2173,-334.3995,-416.5664,-3864.9272,-0.0129789,0.3696149,0.0153136,0.000000,0.000000,0.000000,0.00000,0.00000,0.000,0.000,0.000,0.000,0.000,-6.0000,0.0000,0.0000,6.0000,95.00,95.00,90.00,90.00,1575,1575,2225,1500,0,,,,,,,,0,,,,0
31067,24651,30647,22435,0,0,9.28831,-2.63721,-1.96444,0.005326,-0.009587,0.018109,-144.768,30.303,-139.206,-47.5692,-6.2882,-195.5080,-335.5701,-416.7192,-3869.7432,-0.0129789,0.3696149,0.0153136,0.000000,0.000000,0.000000,0.00000,0.00000,0.000,0.000,0.000,0.000,0.000,-6.0000,0.0000,0.0000,6.0000,95.00,95.00,90.00,90.00,1575,1575,2225,1500,0,,,,,,,,0,,,,0
31122,17008,16007,12960,0,0,9.13029,-2.50314,-1.30963,0.096939,-0.085221,0.022371,-144.070,31.478,-138.139,-48.0199,-6.7811,-196.3379,-338.8988,-417.1743,-3883.3867,-0.0129789,0.3696149,0.0153136,0.000000,0.000000,0.000000,0.00000,0.00000,0.000,0.000,0.000,0.000,0.000,-6.0000,0.0000,0.0000,6.0000,95.00,95.00,90.00,90.00,1575,1575,2225,1500,0,,,,,,,,0,,,,0
31172,23943,15728,12678,0,0,9.29549,-2.71383,-1.82079,-0.012783,-0.045806,-0.006392,-143.577,32.350,-137.391,-48.3316,-7.1360,-196.9441,-341.2910,-417.5198,-3893.1511,-0.0129789,0.3696149,0.0153136,0.000000,0.000000,0.000000,0.00000,0.00000,0.000,0.000,0.000,0.000,0.000,-6.0000,0.0000,0.0000,6.0000,95.00,95.00,90.00,90.00,1575,1575,2225,1500,0,,,,,,,,0,,,,0
31232,16932,16110,13038,0,0,9.30147,-2.55102,-2.07458,-0.003196,-0.023436,0.017044,-143.014,33.321,-136.463,-48.7117,-7.5669,-197.6799,-344.2138,-417.9626,-3905.0361,-0.0129789,0.3696149,0.0153136,0.000000,0.000000,0.000000,0.00000,0.00000,0.000,0.000,0.000,0.000,0.000,-6.0000,0.0000,0.0000,6.0000,95.00,95.00,90.00,90.00,1575,1575,2225,1500,0,,,,,,,,0,,,,0
31275,26339,15771,12344,0,0,9.28232,-2.63362,-2.06739,0.000000,-0.007457,0.001065,-142.582,34.033,-135.745,-48.9800,-7.8789,-198.2116,-346.3225,-418.2961,-3913.5818,-0.0129789,0.3696149,0.0153136,0.000000,0.000000,0.000000,0.00000,0.00000,0.000,0.000,0.000,0.000,0.000,-6.0000,0.0000,0.0000,6.0000,95.00,95.00,90.00,90.00,1575,1575,2225,1500,0,,,,,,,,0,,,,0
31329,16769,16132,13064,0,0,9.30028,-2.58694,-2.03747,-0.007457,-0.037284,0.022371,-142.065,34.901,-134.894,-49.3071,-8.2680,-198.8809,-348.9602,-418.7294,-3924.2385,-0.0129789,0.3696149,0.0153136,0.000000,0.000000,0.000000,0.00000,0.00000,0.000,0.000,0.000,0.000,0.000,-6.0000,0.0000,0.0000,6.0000,95.00,95.00,90.00,90.00,1575,1575,2225,1500,0,,,,,,,,0,,,,0
31376,21261,15769,12279,0,0,9.31704,-2.72939,-2.12007,-0.004261,-0.004261,-0.004261,-141.589,35.689,-134.097,-49.5872,-8.6106,-199.4701,-351.2746,-419.1243,-3933.5610,-0.0129789,0.3696149,0.0153136,0.000000,0.000000,0.000000,0.00000,0.00000,0.000,0.000,0.000,0.000,0.000,-6.0000,0.0000,0.0000,6.0000,95.00,95.00,90.00,90.00,1575,1575,2225,1500,0,,,,,,,,0,,,,0
31420,27958,15755,12643,0,0,9.28112,-2.54145,-2.02071,0.009587,-0.021305,0.012783,-141.082,36.403,-133.356,-49.8467,-8.9299,-200.0303,-353.4587,-419.5096,-3942.3362,-0.0129789,0.3696149,0.0153136,0.000000,0.000000,0.000000,0.00000,0.00000,0.000,0.000,0.000,0.000,0.000,-6.0000,0.0000,0.0000,6.0000,95.00,95.00,90.00,90.00,1575,1575,2225,1500,0,,,,,,,,0,,,,0
31473,15380,15543,12539,0,0,9.30147,-2.64918,-2.06021,0.002131,-0.008522,0.019175,-140.486,37.292,-132.440,-50.1562,-9.3235,-200.7140,-356.1264,-419.9966,-3953.0264,-0.0129789,0.3696149,0.0153136,0.000000,0.000000,0.000000,0.00000,0.00000,0.000,0.000,0.000,0.000,0.000,-6.0000,0.0000,0.0000,6.0000,95.00,95.00,90.00,90.00,1575,1575,2225,1500,0,,,,,,,,0,,,,0
31537,37601,26063,22951,0,0,9.28232,-2.62883,-2.01592,-0.004261,-0.011718,0.004261,-139.854,38.143,-131.472,-50.4581,-9.7191,-201.4063,-358.8104,-420.5045,-3963.7532,-0.0129789,0.3696149,0.0153136,0.000000,0.000000,0.000000,0.00000,0.00000,0.000,0.000,0.000,0.000,0.000,-6.0000,0.0000,0.0000,6.0000,95.00,95.00,90.00,90.00,1575,1575,2225,1500,0,,,,,,,,0,,,,0
31573,35476,27119,18335,0,0,9.28591,-2.56898,-1.97522,0.000000,-0.010653,0.012783,-139.427,38.729,-130.828,-50.6542,-9.9823,-201.8725,-360.6039,-420.8540,-3970.9065,-0.0129789,0.3696149,0.0153136,0.000000,0.000000,0.000000,0.00000,0.00000,0.000,0.000,0.000,0.000,0.000,-6.0000,0.0000,0.0000,6.0000,95.00,95.00,90.00,90.00,1575,1575,2225,1500,0,,,,,,,,0,,,,0
31627,16919,16145,13057,0,0,9.25000,-2.56299,-1.89022,-0.009587,-0.029827,0.018109,-138.609,39.768,-129.638,-51.0050,-10.4674,-202.7331,-363.9098,-421.5190,-3984.0632,-0.0129789,0.3696149,0.0153136,0.000000,0.000000,0.000000,0.00000,0.00000,0.000,0.000,0.000,0.000,0.000,-6.0000,0.0000,0.0000,6.0000,95.00,95.00,90.00,90.00,1575,1575,2225,1500,0,,,,,,,,0,,,,0
31670,21329,15745,12666,0,0,9.27155,-2.65278,-1.96325,-0.005326,-0.022371,0.011718,-138.033,40.441,-128.818,-51.2336,-10.7927,-203.3123,-366.1263,-421.9799,-3992.8665,-0.0129789,0.3696149,0.0153136,0.000000,0.000000,0.000000,0.00000,0.00000,0.000,0.000,0.000,0.000,0.000,-6.0000,0.0000,0.0000,6.0000,95.00,95.00,90.00,90.00,1575,1575,2225,1500,0,,,,,,,,0,,,,0
31730,35629,24189,21061,0,0,9.26077,-2.55102,-1.90938,-0.002131,-0.012783,0.007457,-137.324,41.237,-127.790,-51.4994,-11.1805,-204.0078,-368.7765,-422.5467,-4003.3735,-0.0129789,0.3696149,0.0153136,0.000000,0.000000,0.000000,0.00000,0.00000,0.000,0.000,0.000,0.000,0.000,-6.0000,0.0000,0.0000,6.0000,95.00,95.00,90.00,90.00,1575,1575,2225,1500,0,,,,,,,,0,,,,0
31780,31284,17424,12271,0,0,9.27394,-2.69348,-2.02071,0.001065,-0.006392,0.014914,-136.530,42.113,-126.671,-51.7830,-11.6100,-204.7738,-371.6941,-423.1904,-4014.9207,-0.0129789,0.3696149,0.0153136,0.000000,0.000000,0.000000,0.00000,0.00000,0.000,0.000,0.000,0.000,0.000,-6.0000,0.0000,0.0000,6.0000,95.00,95.00,90.00,90.00,1575,1575,2225,1500,0,,,,,,,,0,,,,0
31817,21400,15759,12616,0,0,9.22486,-2.48279,-1.74537,-0.008522,-0.051133,0.036219,-135.979,42.751,-125.889,-51.9721,-11.9037,-205.3114,-373.7200,-423.6496,-4022.9277,-0.0129789,0.3696149,0.0153136,0.000000,0.000000,0.000000,0.00000,0.00000,0.000,0.000,0.000,0.000,0.000,-6.0000,0.0000,0.0000,6.0000,95.00,95.00,90.00,90.00,1575,1575,2225,1500,0,,,,,,,,0,,,,0
31877,15782,15208,12153,0,0,9.31344,-2.75213,-2.13204,-0.014914,-0.028762,-0.004261,-135.084,43.690,-124.639,-52.2598,-12.3627,-206.1400,-376.8516,-424.3786,-4035.2893,-0.0129789,0.3696149,0.0153136,0.000000,0.000000,0.000000,0.00000,0.00000,0.000,0.000,0.000,0.000,0.000,-6.0000,0.0000,0.0000,6.0000,95.00,95.00,90.00,90.00,1575,1575,2225,1500,0,,,,,,,,0,,,,0
31921,27923,15722,12647,0,0,9.22725,-2.50194,-2.01711,-0.024501,-0.073503,0.020240,-134.394,44.377,-123.653,-52.4632,-12.6902,-206.7434,-379.1203,-424.9214,-4044.2334,-0.0129789,0.3696149,0.0153136,0.000000,0.000000,0.000000,0.00000,0.00000,0.000,0.000,0.000,0.000,0.000,-6.0000,0.0000,0.0000,6.0000,95.00,95.00,90.00,90.00,1575,1575,2225,1500,0,,,,,,,,0,,,,0
31974,15330,15546,12264,0,0,9.28591,-2.61088,-2.03747,-0.005326,-0.027697,0.005326,-133.486,45.107,-122.451,-52.7039,-13.0986,-207.4922,-381.9288,-425.6100,-4055.2952,-0.0129789,0.3696149,0.0153136,0.000000,0.000000,0.000000,0.00000,0.00000,0.000,0.000,0.000,0.000,0.000,-6.0000,0.0000,0.0000,6.0000,95.00,95.00,90.00,90.00,1575,1575,2225,1500,0,,,,,,,,0,,,,0
32039,37449,18609,15204,0,0,9.30387,-2.74136,-2.11288,0.007457,0.004261,-0.006392,-132.412,45.904,-121.062,-52.9743,-13.5783,-208.3649,-385.1970,-426.4350,-4068.1563,-0.0129789,0.3696149,0.0153136,0.000000,0.000000,0.000000,0.00000,0.00000,0.000,0.000,0.000,0.000,0.000,-6.0000,0.0000,0.0000,6.0000,95.00,95.00,90.00,90.00,1575,1575,2225,1500,0,,,,,,,,0,,,,0
32072,24392,26851,23753,0,0,9.26915,-2.52588,-1.98719,-0.001065,0.017044,-0.006392,-131.995,46.212,-120.506,-53.0779,-13.7644,-208.7132,-386.4904,-426.7684,-4073.2429,-0.0129789,0.3696149,0.0153136,0.000000,0.000000,0.000000,0.00000,0.00000,0.000,0.000,0.000,0.000,0.000,-6.0000,0.0000,0.0000,6.0000,95.00,95.00,90.00,90.00,1575,1575,2225,1500,0,,,,,,,,0,,,,0
32132,16818,16137,13055,0,0,9.29549,-2.52229,-2.06500,-0.006392,-0.017044,0.013848,-130.715,47.135,-118.799,-53.3680,-14.3087,-209.7279,-390.2539,-427.7610,-4088.0371,-0.0129789,0.3696149,0.0153136,0.000000,0.000000,0.000000,0.00000,0.00000,0.000,0.000,0.000,0.000,0.000,-6.0000,0.0000,0.0000,6.0000,95.00,95.00,90.00,90.00,1575,1575,2225,1500,0,,,,,,,,0,,,,0
32168,20530,15656,12603,0,0,9.29549,-2.60968,-2.05782,-0.010653,-0.057524,0.035154,-130.009,47.670,-117.875,-53.5150,-14.5980,-210.2680,-392.2521,-428.3014,-4095.8892,-0.0129789,0.3696149,0.0153136,0.000000,0.000000,0.000000,0.00000,0.00000,0.000,0.000,0.000,0.000,0.000,-6.0000,0.0000,0.0000,6.0000,95.00,95.00,90.00,90.00,1575,1575,2225,1500,0,,,,,,,,0,,,,0
32233,17645,16157,13047,0,0,9.32182,-2.65996,-2.19788,0.001065,0.057524,-0.028762,-128.804,48.405,-116.300,-53.7657,-15.0962,-211.1912,-395.6721,-429.2480,-4109.3242,-0.0129789,0.3696149,0.0153136,0.000000,0.000000,0.000000,0.00000,0.00000,0.000,0.000,0.000,0.000,0.000,-6.0000,0.0000,0.0000,6.0000,95.00,95.00,90.00,90.00,1575,1575,2225,1500,0,,,,,,,,0,,,,0
32276,26493,15683,12295,0,0,9.25838,-2.44568,-1.96803,-0.001065,0.033023,0.010653,-127.971,48.946,-115.226,-53.9275,-15.4304,-211.8266,-398.0075,-429.9101,-4118.4976,-0.0129789,0.3696149,0.0153136,0.000000,0.000000,0.000000,0.00000,0.00000,0.000,0.000,0.000,0.000,0.000,-6.0000,0.0000,0.0000,6.0000,95.00,95.00,90.00,90.00,1575,1575,2225,1500,0,,,,,,,,0,,,,0
32329,16825,16119,13052,0,0,9.25000,-2.49835,-1.83156,-0.004261,0.023436,0.005326,-126.856,49.605,-113.819,-54.1152,-15.8455,-212.6146,-400.8965,-430.7463,-4129.8467,-0.0129789,0.3696149,0.0153136,0.000000,0.000000,0.000000,0.00000,0.00000,0.000,0.000,0.000,0.000,0.000,-6.0000,0.0000,0.0000,6.0000,95.00,95.00,90.00,90.00,1575,1575,2225,1500,0,,,,,,,,0,,,,0
32373,26866,15744,12684,0,0,9.32422,-2.65637,-2.27329,0.015979,0.018109,0.004261,-125.886,50.175,-112.614,-54.2674,-16.1875,-213.2600,-403.2640,-431.4461,-4139.1499,-0.0129789,0.3696149,0.0153136,0.000000,0.000000,0.000000,0.00000,0.00000,0.000,0.000,0.000,0.000,0.000,-6.0000,0.0000,0.0000,6.0000,95.00,95.00,90.00,90.00,1575,1575,2225,1500,0,,,,,,,,0,,,,0
32424,31393,20028,13187,0,0,9.28831,-2.65876,-2.01472,0.007457,0.021305,0.002131,-124.857,50.716,-111.333,-54.4183,-16.5564,-213.9655,-405.8371,-432.2213,-4149.2642,-0.0129789,0.3696149,0.0153136,0.000000,0.000000,0.000000,0.00000,0.00000,0.000,0.000,0.000,0.000,0.000,-6.0000,0.0000,0.0000,6.0000,95.00,95.00,90.00,90.00,1575,1575,2225,1500,0,,,,,,,,0,,,,0
32477,15695,15259,12141,0,0,9.29190,-2.56778,-2.03148,0.011718,-0.013848,0.025566,-123.525,51.437,-109.697,-54.5943,-17.0005,-214.8271,-408.9640,-433.1838,-4161.5635,-0.0129789,0.3696149,0.0153136,0.000000,0.000000,0.000000,0.00000,0.00000,0.000,0.000,0.000,0.000,0.000,-6.0000,0.0000,0.0000,6.0000,95.00,95.00,90.00,90.00,1575,1575,2225,1500,0,,,,,,,,0,,,,0
32539,36918,24720,21649,0,0,9.30387,-2.60609,-2.11767,0.005326,-0.075634,0.052198,-122.198,52.183,-108.070,-54.7515,-17.4089,-215.6177,-411.8279,-434.0850,-4172.8369,-0.0129789,0.3696149,0.0153136,0.000000,0.000000,0.000000,0.00000,0.00000,0.000,0.000,0.000,0.000,0.000,-6.0000,0.0000,0.0000,6.0000,95.00,95.00,90.00,90.00,1575,1575,2225,1500,0,,,,,,,,0,,,,0
32570,25563,30289,22337,0,0,9.26077,-2.65637,-1.79086,0.007457,0.000000,0.046872,-121.604,52.508,-107.358,-54.8172,-17.6074,-216.0064,-413.2283,-434.5326,-4178.3535,-0.0129789,0.3696149,0.0153136,0.000000,0.000000,0.000000,0.00000,0.00000,0.000,0.000,0.000,0.000,0.000,-6.0000,0.0000,0.0000,6.0000,95.00,95.00,90.00,90.00,1575,1575,2225,1500,0,,,,,,,,0,,,,0
32642,20798,23007,12882,0,0,9.30028,-2.62644,-2.09612,0.017044,0.014914,0.013848,-119.581,53.282,-104.911,-55.0275,-18.2218,-217.2144,-417.5780,-435.9512,-4195.5073,-0.0129789,0.3696149,0.0153136,0.000000,0.000000,0.000000,0.00000,0.00000,0.000,0.000,0.000,0.000,0.000,-6.0000,0.0000,0.0000,6.0000,95.00,95.00,90.00,90.00,1575,1575,2225,1500,0,,,,,,,,0,,,,0
32678,15957,15229,12170,0,0,9.30028,-2.59053,-2.06739,0.003196,0.003196,0.009587,-118.413,53.711,-103.501,-55.1334,-18.5627,-217.8898,-419.9994,-436.7598,-4205.0718,-0.0129789,0.3696149,0.0153136,0.000000,0.000000,0.000000,0.00000,0.00000,0.000,0.000,0.000,0.000,0.000,-6.0000,0.0000,0.0000,6.0000,95.00,95.00,90.00,90.00,1575,1575,2225,1500,0,,,,,,,,0,,,,0
32720,26380,15707,12644,0,0,9.32901,-2.68749,-2.15718,0.014914,0.028762,-0.019175,-117.271,54.082,-102.150,-55.2309,-18.8891,-218.5337,-422.3060,-437.5424,-4214.1934,-0.0129789,0.3696149,0.0153136,0.000000,0.000000,0.000000,0.00000,0.00000,0.000,0.000,0.000,0.000,0.000,-6.0000,0.0000,0.0000,6.0000,95.00,95.00,90.00,90.00,1575,1575,2225,1500,0,,,,,,,,0,,,,0
32782,16315,15586,12528,0,0,9.27993,-2.62045,-2.04704,-0.002131,0.011718,-0.007457,-115.578,54.646,-100.125,-55.3635,-19.3615,-219.4848,-425.6966,-438.7151,-4227.6221,-0.0129789,0.3696149,0.0153136,0.000000,0.000000,0.000000,0.00000,0.00000,0.000,0.000,0.000,0.000,0.000,-6.0000,0.0000,0.0000,6.0000,95.00,95.00,90.00,90.00,1575,1575,2225,1500,0,,,,,,,,0,,,,0
32819,21422,15771,12606,0,0,9.29190,-2.63242,-2.10091,0.009587,0.014914,0.003196,-114.519,54.963,-98.875,-55.4398,-19.6509,-220.0631,-427.7580,-439.4409,-4235.7988,-0.0129789,0.3696149,0.0153136,0.000000,0.000000,0.000000,0.00000,0.00000,0.000,0.000,0.000,0.000,0.000,-6.0000,0.0000,0.0000,6.0000,95.00,95.00,90.00,90.00,1575,1575,2225,1500,0,,,,,,,,0,,,,0
32884,36920,19277,16207,0,0,9.27753,-2.60968,-1.88184,-0.005326,-0.008522,0.008522,-112.692,55.518,-96.663,-55.5508,-20.1334,-221.0307,-431.1968,-440.6735,-4249.4648,-0.0129789,0.3696149,0.0153136,0.000000,0.000000,0.000000,0.00000,0.00000,0.000,0.000,0.000,0.000,0.000,-6.0000,0.0000,0.0000,6.0000,95.00,95.00,90.00,90.00,1575,1575,2225,1500,0,,,,,,,,0,,,,0
32929,27814,16266,13189,0,0,9.27035,-2.59412,-1.87586,0.008522,0.010653,-0.005326,-111.298,55.832,-95.042,-55.6268,-20.4972,-221.7746,-433.8279,-441.6350,-4259.9434,-0.0129789,0.3696149,0.0153136,0.000000,0.000000,0.000000,0.00000,0.00000,0.000,0.000,0.000,0.000,0.000,-6.0000,0.0000,0.0000,6.0000,95.00,95.00,90.00,90.00,1575,1575,2225,1500,0,,,,,,,,0,,,,0
32981,15757,15509,12134,0,0,9.27155,-2.58334,-1.99078,0.004261,-0.005326,0.009587,-109.630,56.234,-93.090,-55.7065,-20.9068,-222.6151,-436.7948,-442.7384,-4271.7861,-0.0129789,0.3696149,0.0153136,0.000000,0.000000,0.000000,0.00000,0.00000,0.000,0.000,0.000,0.000,0.000,-6.0000,0.0000,0.0000,6.0000,95.00,95.00,90.00,90.00,1575,1575,2225,1500,0,,,,,,,,0,,,,0
33018,20731,31175,28062,0,0,9.27993,-2.65637,-1.99916,0.003196,-0.011718,0.008522,-108.966,56.376,-92.314,-55.7343,-21.0669,-222.9423,-437.9500,-443.1735,-4276.4048,-0.0129789,0.3696149,0.0153136,0.000000,0.000000,0.000000,0.00000,0.00000,0.000,0.000,0.000,0.000,0.000,-6.0000,0.0000,0.0000,6.0000,95.00,95.00,90.00,90.00,1575,1575,2225,1500,0,,,,,,,,0,,,,0
33079,36422,23803,13666,0,0,9.27633,-2.58454,-1.93930,0.000000,-0.004261,0.008522,-106.788,56.773,-89.783,-55.8140,-21.5922,-224.0319,-441.7790,-444.6378,-4291.7471,-0.0129789,0.3696149,0.0153136,0.000000,0.000000,0.000000,0.00000,0.00000,0.000,0.000,0.000,0.000,0.000,-6.0000,0.0000,0.0000,6.0000,95.00,95.00,90.00,90.00,1575,1575,2225,1500,0,,,,,,,,0,,,,0
33123,27750,16184,13139,0,0,9.24282,-2.53426,-1.77889,-0.004261,-0.051133,0.030893,-105.029,57.113,-87.731,-55.8628,-21.9849,-224.8581,-444.6714,-445.7664,-4303.3726,-0.0129789,0.3696149,0.0153136,0.000000,0.000000,0.000000,0.00000,0.00000,0.000,0.000,0.000,0.000,0.000,-6.0000,0.0000,0.0000,6.0000,95.00,95.00,90.00,90.00,1575,1575,2225,1500,0,,,,,,,,0,,,,0
33176,15307,15551,12177,0,0,9.28711,-2.64559,-2.01233,0.002131,-0.007457,-0.004261,-103.265,57.351,-85.709,-55.9069,-22.3911,-225.7097,-447.6482,-446.9484,-4315.3726,-0.0129789,0.3696149,0.0153136,0.000000,0.000000,0.000000,0.00000,0.00000,0.000,0.000,0.000,0.000,0.000,-6.0000,0.0000,0.0000,6.0000,95.00,95.00,90.00,90.00,1575,1575,2225,1500,0,,,,,,,,0,,,,0
33220,27879,15752,12650,0,0,9.25359,-2.47920,-1.84593,-0.006392,-0.023436,0.017044,-101.793,57.539,-83.996,-55.9344,-22.7193,-226.4107,-450.0880,-447.9324,-4325.2349,-0.0129789,0.3696149,0.0153136,0.000000,0.000000,0.000000,0.00000,0.00000,0.000,0.000,0.000,0.000,0.000,-6.0000,0.0000,0.0000,6.0000,95.00,95.00,90.00,90.00,1575,1575,2225,1500,0,,,,,,,,0,,,,0
33276,8494,15466,12275,0,0,9.27753,-2.63961,-1.99557,0.002131,-0.023436,0.012783,-100.906,57.655,-83.010,-55.9498,-22.9090,-226.8116,-451.4839,-448.5017,-4330.8892,-0.0129789,0.3696149,0.0153136,0.000000,0.000000,0.000000,0.00000,0.00000,0.000,0.000,0.000,0.000,0.000,-6.0000,0.0000,0.0000,6.0000,95.00,95.00,90.00,90.00,1575,1575,2225,1500,0,,,,,,,,0,,,,0
33330,16811,16135,13052,0,0,9.27035,-2.55820,-1.99317,0.000000,-0.014914,0.022371,-99.090,57.847,-80.927,-55.9728,-23.3095,-227.6672,-454.4557,-449.7289,-4342.9561,-0.0129789,0.3696149,0.0153136,0.000000,0.000000,0.000000,0.00000,0.00000,0.000,0.000,0.000,0.000,0.000,-6.0000,0.0000,0.0000,6.0000,95.00,95.00,90.00,90.00,1575,1575,2225,1500,0,,,,,,,,0,,,,0
33373,26851,15802,12731,0,0,9.26915,-2.56299,-2.02789,0.005326,-0.009587,0.014914,-97.547,57.978,-79.162,-55.9848,-23.6371,-228.3732,-456.9022,-450.7548,-4352.9214,-0.0129789,0.3696149,0.0153136,0.000000,0.000000,0.000000,0.00000,0.00000,0.000,0.000,0.000,0.000,0.000,-6.0000,0.0000,0.0000,6.0000,95.00,95.00,90.00,90.00,1575,1575,2225,1500,0,,,,,,,,0,,,,0
33433,16657,16136,13077,0,0,9.28112,-2.60250,-1.99317,0.010653,0.009587,0.004261,-95.479,58.078,-76.816,-55.9920,-24.0888,-229.3448,-460.2643,-452.1878,-4366.6641,-0.0129789,0.3696149,0.0153136,0.000000,0.000000,0.000000,0.00000,0.00000,0.000,0.000,0.000,0.000,0.000,-6.0000,0.0000,0.0000,6.0000,95.00,95.00,90.00,90.00,1575,1575,2225,1500,0,,,,,,,,0,,,,0
33474,23810,16382,12353,0,0,9.34218,-2.77249,-2.30681,0.020240,0.013848,-0.002131,-94.002,58.129,-75.152,-55.9938,-24.3982,-230.0036,-462.5415,-453.1737,-4376.0049,-0.0129789,0.3696149,0.0153136,0.000000,0.000000,0.000000,0.00000,0.00000,0.000,0.000,0.000,0.000,0.000,-6.0000,0.0000,0.0000,6.0000,95.00,95.00,90.00,90.00,1575,1575,2225,1500,0,,,,,,,,0,,,,0
33535,32568,22753,14654,0,0,9.29190,-2.52469,-2.09014,-0.003196,0.001065,0.014914,-92.119,58.220,-72.983,-55.9808,-24.7959,-230.8872,-465.5750,-454.5065,-4388.4912,-0.0129789,0.3696149,0.0153136,0.000000,0.000000,0.000000,0.00000,0.00000,0.000,0.000,0.000,0.000,0.000,-6.0000,0.0000,0.0000,6.0000,95.00,95.00,90.00,90.00,1575,1575,2225,1500,0,,,,,,,,0,,,,0
33568,28776,26582,23467,0,0,9.25119,-2.61686,-1.84713,-0.001065,-0.012783,0.005326,-91.082,58.221,-71.786,-55.9659,-25.0068,-231.3555,-467.1857,-455.2230,-4395.1421,-0.0129789,0.3696149,0.0153136,0.000000,0.000000,0.000000,0.00000,0.00000,0.000,0.000,0.000,0.000,0.000,-6.0000,0.0000,0.0000,6.0000,95.00,95.00,90.00,90.00,1575,1575,2225,1500,0,,,,,,,,0,,,,0
33628,17071,16171,13109,0,0,9.28352,-2.66953,-2.00874,0.002131,-0.001065,0.001065,-88.575,58.191,-68.919,-55.9295,-25.5304,-232.5137,-471.1558,-457.0161,-4411.6001,-0.0129789,0.3696149,0.0153136,0.000000,0.000000,0.000000,0.00000,0.00000,0.000,0.000,0.000,0.000,0.000,-6.0000,0.0000,0.0000,6.0000,95.00,95.00,90.00,90.00,1575,1575,2225,1500,0,,,,,,,,0,,,,0
33692,19325,23172,12658,0,0,9.27155,-2.62045,-1.99916,0.004261,0.001065,0.004261,-86.593,58.093,-66.645,-55.8871,-25.9475,-233.4474,-474.3486,-458.4860,-4424.9048,-0.0129789,0.3696149,0.0153136,0.000000,0.000000,0.000000,0.00000,0.00000,0.000,0.000,0.000,0.000,0.000,-6.0000,0.0000,0.0000,6.0000,95.00,95.00,90.00,90.00,1575,1575,2225,1500,0,,,,,,,,0,,,,0
33718,23395,26169,18146,0,0,9.27155,-2.60369,-2.00634,0.002131,-0.004261,0.005326,-85.772,58.047,-65.701,-55.8666,-26.1175,-233.8305,-475.6559,-459.0950,-4430.3706,-0.0129789,0.3696149,0.0153136,0.000000,0.000000,0.000000,0.00000,0.00000,0.000,0.000,0.000,0.000,0.000,-6.0000,0.0000,0.0000,6.0000,95.00,95.00,90.00,90.00,1575,1575,2225,1500,0,,,,,,,,0,,,,0
33780,16935,15341,12278,0,0,9.20690,-2.43371,-1.66756,0.002131,-0.056459,0.028762,-83.256,57.888,-62.802,-55.7883,-26.6400,-235.0163,-479.6958,-461.0039,-4447.3330,-0.0129789,0.3696149,0.0153136,0.000000,0.000000,0.000000,0.00000,0.00000,0.000,0.000,0.000,0.000,0.000,-6.0000,0.0000,0.0000,6.0000,95.00,95.00,90.00,90.00,1575,1575,2225,1500,0,,,,,,,,0,,,,0
33817,21310,15743,12648,0,0,9.24162,-2.53187,-1.79685,0.007457,-0.003196,0.029827,-81.990,57.779,-61.368,-55.7442,-26.9082,-235.6239,-481.7604,-461.9952,-4456.0454,-0.0129789,0.3696149,0.0153136,0.000000,0.000000,0.000000,0.00000,0.00000,0.000,0.000,0.000,0.000,0.000,-6.0000,0.0000,0.0000,6.0000,95.00,95.00,90.00,90.00,1575,1575,2225,1500,0,,,,,,,,0,,,,0
33877,15812,15214,12163,0,0,9.30746,-2.71502,-2.08056,-0.010653,-0.020240,0.000000,-79.878,57.506,-58.903,-55.6579,-27.3393,-236.6125,-485.1150,-463.6287,-4470.2651,-0.0129789,0.3696149,0.0153136,0.000000,0.000000,0.000000,0.00000,0.00000,0.000,0.000,0.000,0.000,0.000,-6.0000,0.0000,0.0000,6.0000,95.00,95.00,90.00,90.00,1575,1575,2225,1500,0,,,,,,,,0,,,,0
33929,17779,16180,13097,0,0,9.30626,-2.62644,-2.23618,0.005326,-0.007457,0.015979,-78.974,57.385,-57.863,-55.6197,-27.5306,-237.0510,-486.5975,-464.3597,-4476.5757,-0.0129789,0.3696149,0.0153136,0.000000,0.000000,0.000000,0.00000,0.00000,0.000,0.000,0.000,0.000,0.000,-6.0000,0.0000,0.0000,6.0000,95.00,95.00,90.00,90.00,1575,1575,2225,1500,0,,,,,,,,0,,,,0
33981,15780,15516,12475,0,0,9.29549,-2.66235,-2.12605,0.007457,-0.011718,0.026632,-77.121,57.153,-55.720,-55.5301,-27.9082,-237.9320,-489.5729,-465.8438,-4489.2910,-0.0129789,0.3696149,0.0153136,0.000000,0.000000,0.000000,0.00000,0.00000,0.000,0.000,0.000,0.000,0.000,-6.0000,0.0000,0.0000,6.0000,95.00,95.00,90.00,90.00,1575,1575,2225,1500,0,,,,,,,,0,,,,0
34018,15740,36160,28144,0,0,9.27274,-2.61806,-2.01831,0.013848,0.017044,0.014914,-76.618,57.081,-55.149,-55.5023,-28.0189,-238.1911,-490.4467,-466.2839,-4493.0381,-0.0129789,0.3696149,0.0153136,0.000000,0.000000,0.000000,0.00000,0.00000,0.000,0.000,0.000,0.000,0.000,-6.0000,0.0000,0.0000,6.0000,95.00,95.00,90.00,90.00,1575,1575,2225,1500,0,,,,,,,,0,,,,0
34087,32240,35922,27864,0,0,9.28352,-2.33315,-1.71545,0.000000,-0.004261,0.034088,-74.306,56.702,-52.499,-55.3551,-28.4870,-239.3372,-494.2953,-468.2457,-4509.6157,-0.0129789,0.3696149,0.0153136,0.000000,0.000000,0.000000,0.00000,0.00000,0.000,0.000,0.000,0.000,0.000,-6.0000,0.0000,0.0000,6.0000,95.00,95.00,90.00,90.00,1575,1575,2225,1500,0,,,,,,,,0,,,,0
34124,39900,32897,24401,0,0,9.27633,-2.53307,-2.20506,0.009587,0.018109,0.020240,-73.080,56.487,-51.092,-55.2779,-28.7635,-239.9978,-496.5024,-469.3878,-4519.1782,-0.0129789,0.3696149,0.0153136,0.000000,0.000000,0.000000,0.00000,0.00000,0.000,0.000,0.000,0.000,0.000,-6.0000,0.0000,0.0000,6.0000,95.00,95.00,90.00,90.00,1575,1575,2225,1500,0,,,,,,,,0,,,,0
34177,15783,15191,12143,0,0,9.25479,-2.65158,-1.88065,-0.001065,-0.001065,-0.007457,-70.811,55.977,-48.410,-55.1102,-29.2477,-241.1650,-500.4178,-471.4454,-4536.2441,-0.0129789,0.3696149,0.0153136,0.000000,0.000000,0.000000,0.00000,0.00000,0.000,0.000,0.000,0.000,0.000,-6.0000,0.0000,0.0000,6.0000,95.00,95.00,90.00,90.00,1575,1575,2225,1500,0,,,,,,,,0,,,,0
34221,27713,15729,12672,0,0,9.26676,-2.61806,-2.02430,0.005326,0.006392,-0.003196,-69.502,55.640,-46.879,-55.0036,-29.5416,-241.8754,-502.7913,-472.7126,-4546.6558,-0.0129789,0.3696149,0.0153136,0.000000,0.000000,0.000000,0.00000,0.00000,0.000,0.000,0.000,0.000,0.000,-6.0000,0.0000,0.0000,6.0000,95.00,95.00,90.00,90.00,1575,1575,2225,1500,0,,,,,,,,0,,,,0
34281,15879,15185,12148,0,0,9.23922,-2.54982,-1.81480,-0.007457,-0.052198,0.029827,-67.691,55.151,-44.750,-54.8424,-29.9476,-242.8694,-506.1074,-474.5085,-4561.2891,-0.0129789,0.3696149,0.0153136,0.000000,0.000000,0.000000,0.00000,0.00000,0.000,0.000,0.000,0.000,0.000,-6.0000,0.0000,0.0000,6.0000,95.00,95.00,90.00,90.00,1575,1575,2225,1500,0,,,,,,,,0,,,,0
34327,25351,20851,13175,0,0,9.28711,-2.66235,-1.98120,-0.003196,-0.017044,0.007457,-66.552,54.774,-43.406,-54.7282,-30.2243,-243.5394,-508.3393,-475.7342,-4571.1968,-0.0129789,0.3696149,0.0153136,0.000000,0.000000,0.000000,0.00000,0.00000,0.000,0.000,0.000,0.000,0.000,-6.0000,0.0000,0.0000,6.0000,95.00,95.00,90.00,90.00,1575,1575,2225,1500,0,,,,,,,,0,,,,0
34371,21784,15785,12710,0,0,9.24282,-2.48877,-1.92374,-0.007457,-0.055394,0.042611,-65.107,54.348,-41.696,-54.5837,-30.5455,-244.3409,-511.0012,-477.2141,-4583.0771,-0.0129789,0.3696149,0.0153136,0.000000,0.000000,0.000000,0.00000,0.00000,0.000,0.000,0.000,0.000,0.000,-6.0000,0.0000,0.0000,6.0000,95.00,95.00,90.00,90.00,1575,1575,2225,1500,0,,,,,,,,0,,,,0
34431,16868,16150,13057,0,0,9.25598,-2.54863,-1.98599,0.023436,0.053263,0.006392,-63.519,53.727,-39.838,-54.3948,-30.9425,-245.3233,-514.2594,-479.0524,-4597.7173,-0.0129789,0.3696149,0.0153136,0.000000,0.000000,0.000000,0.00000,0.00000,0.000,0.000,0.000,0.000,0.000,-6.0000,0.0000,0.0000,6.0000,95.00,95.00,90.00,90.00,1575,1575,2225,1500,0,,,,,,,,0,,,,0
34468,16173,15633,12586,0,0,9.29429,-2.67672,-2.15718,0.007457,0.007457,0.003196,-62.578,53.302,-38.685,-54.2702,-31.1857,-245.9373,-516.2941,-480.2158,-4606.9165,-0.0129789,0.3696149,0.0153136,0.000000,0.000000,0.000000,0.00000,0.00000,0.000,0.000,0.000,0.000,0.000,-6.0000,0.0000,0.0000,6.0000,95.00,95.00,90.00,90.00,1575,1575,2225,1500,0,,,,,,,,0,,,,0
34527,36214,23127,20054,0,0,9.28471,-2.62764,-2.06739,0.005326,-0.005326,0.026632,-61.212,52.786,-37.032,-54.0901,-31.5204,-246.7908,-519.1143,-481.8477,-4619.7407,-0.0129789,0.3696149,0.0153136,0.000000,0.000000,0.000000,0.00000,0.00000,0.000,0.000,0.000,0.000,0.000,-6.0000,0.0000,0.0000,6.0000,95.00,95.00,90.00,90.00,1575,1575,2225,1500,0,,,,,,,,0,,,,0
34581,28495,15294,12209,0,0,9.27753,-2.65756,-2.03627,0.012783,0.041545,0.001065,-59.731,52.166,-35.269,-53.8669,-31.9117,-247.7895,-522.4120,-483.7854,-4634.8481,-0.0129789,0.3696149,0.0153136,0.000000,0.000000,0.000000,0.00000,0.00000,0.000,0.000,0.000,0.000,0.000,-6.0000,0.0000,0.0000,6.0000,95.00,95.00,90.00,90.00,1575,1575,2225,1500,0,,,,,,,,0,,,,0
34625,27897,16260,13173,0,0,9.31704,-2.63721,-2.26731,0.020240,0.063916,-0.034088,-58.722,51.660,-34.047,-53.7055,-32.1876,-248.5009,-524.7459,-485.1761,-4645.6162,-0.0129789,0.3696149,0.0153136,0.000000,0.000000,0.000000,0.00000,0.00000,0.000,0.000,0.000,0.000,0.000,-6.0000,0.0000,0.0000,6.0000,95.00,95.00,90.00,90.00,1575,1575,2225,1500,0,,,,,,,,0,,,,0
34677,15700,15200,12146,0,0,9.26795,-2.67313,-1.96085,0.028762,0.052198,-0.017044,-57.705,50.759,-32.812,-53.4921,-32.5246,-249.3728,-527.6220,-486.9123,-4658.9741,-0.0129789,0.3696149,0.0153136,0.000000,0.000000,0.000000,0.00000,0.00000,0.000,0.000,0.000,0.000,0.000,-6.0000,0.0000,0.0000,6.0000,95.00,95.00,90.00,90.00,1575,1575,2225,1500,0,,,,,,,,0,,,,0
34720,26452,15705,12645,0,0,9.23204,-2.53187,-1.77171,0.010653,-0.033023,-0.004261,-56.727,50.208,-31.584,-53.3162,-32.7791,-250.0508,-529.8572,-488.2789,-4669.4253,-0.0129789,0.3696149,0.0153136,0.000000,0.000000,0.000000,0.00000,0.00000,0.000,0.000,0.000,0.000,0.000,-6.0000,0.0000,0.0000,6.0000,95.00,95.00,90.00,90.00,1575,1575,2225,1500,0,,,,,,,,0,,,,0
34771,26966,18713,12748,0,0,9.31225,-2.73897,-2.15718,-0.002131,-0.017044,-0.004261,-55.745,49.583,-30.365,-53.1090,-33.0871,-250.8380,-532.4449,-489.8804,-4681.6045,-0.0129789,0.3696149,0.0153136,0.000000,0.000000,0.000000,0.00000,0.00000,0.000,0.000,0.000,0.000,0.000,-6.0000,0.0000,0.0000,6.0000,95.00,95.00,90.00,90.00,1575,1575,2225,1500,0,,,,,,,,0,,,,0
34825,16911,16130,13097,0,0,9.27514,-2.68749,-1.96444,-0.014914,-0.042611,0.025566,-54.546,48.909,-28.845,-52.8586,-33.4291,-251.7496,-535.4371,-491.7586,-4695.7954,-0.0129789,0.3696149,0.0153136,0.000000,0.000000,0.000000,0.00000,0.00000,0.000,0.000,0.000,0.000,0.000,-6.0000,0.0000,0.0000,6.0000,95.00,95.00,90.00,90.00,1575,1575,2225,1500,0,,,,,,,,0,,,,0
34869,26853,15808,12725,0,0,9.27035,-2.59771,-1.99916,-0.007457,-0.024501,-0.002131,-53.681,48.297,-27.723,-52.6587,-33.6905,-252.4545,-537.7438,-493.2259,-4706.8184,-0.0129789,0.3696149,0.0153136,0.000000,0.000000,0.000000,0.00000,0.00000,0.000,0.000,0.000,0.000,0.000,-6.0000,0.0000,0.0000,6.0000,95.00,95.00,90.00,90.00,1575,1575,2225,1500,0,,,,,,,,0,,,,0
34930,16896,16144,13069,0,0,9.27514,-2.59651,-2.00275,0.006392,-0.005326,0.027697,-52.481,47.511,-26.197,-52.3704,-34.0524,-253.4404,-540.9595,-495.3000,-4722.3066,-0.0129789,0.3696149,0.0153136,0.000000,0.000000,0.000000,0.00000,0.00000,0.000,0.000,0.000,0.000,0.000,-6.0000,0.0000,0.0000,6.0000,95.00,95.00,90.00,90.00,1575,1575,2225,1500,0,,,,,,,,0,,,,0
34971,24066,15671,12676,0,0,9.27753,-2.62285,-2.00514,0.003196,-0.014914,0.014914,-51.671,46.967,-25.156,-52.1702,-34.2923,-254.0965,-543.0991,-496.6988,-4732.6938,-0.0129789,0.3696149,0.0153136,0.000000,0.000000,0.000000,0.00000,0.00000,0.000,0.000,0.000,0.000,0.000,-6.0000,0.0000,0.0000,6.0000,95.00,95.00,90.00,90.00,1575,1575,2225,1500,0,,,,,,,,0,,,,0
35031,37349,22853,19779,0,0,9.26556,-2.62764,-2.09612,-0.004261,0.039415,-0.013848,-50.820,46.253,-24.035,-51.9053,-34.6030,-254.9488,-545.8701,-498.5331,-4746.2471,-0.0129789,0.3696149,0.0153136,0.000000,0.000000,0.000000,0.00000,0.00000,0.000,0.000,0.000,0.000,0.000,-6.0000,0.0000,0.0000,6.0000,95.00,95.00,90.00,90.00,1575,1575,2225,1500,0,,,,,,,,0,,,,0
35079,32023,15311,12251,0,0,9.20690,-2.39779,-1.77051,-0.003196,-0.020240,0.035154,-49.706,45.460,-22.539,-51.6156,-34.9133,-255.8385,-548.7576,-500.4723,-4760.4941,-0.0129789,0.3696149,0.0153136,0.000000,0.000000,0.000000,0.00000,0.00000,0.000,0.000,0.000,0.000,0.000,-6.0000,0.0000,0.0000,6.0000,95.00,95.00,90.00,90.00,1575,1575,2225,1500,0,,,,,,,,0,,,,0
35142,37486,24557,21472,0,0,9.24282,-2.52947,-1.81959,-0.010653,-0.018109,-0.001065,-49.015,44.812,-21.580,-51.3306,-35.2070,-256.6787,-551.4857,-502.3305,-4774.0757,-0.0129789,0.3696149,0.0153136,0.000000,0.000000,0.000000,0.00000,0.00000,0.000,0.000,0.000,0.000,0.000,-6.0000,0.0000,0.0000,6.0000,95.00,95.00,90.00,90.00,1575,1575,2225,1500,0,,,,,,,,0,,,,0
35188,23544,21604,12720,0,0,9.27993,-2.59891,-2.06021,-0.004261,-0.037284,0.027697,-48.226,44.094,-20.500,-51.0640,-35.4796,-257.4550,-553.9922,-504.0609,-4786.6611,-0.0129789,0.3696149,0.0153136,0.000000,0.000000,0.000000,0.00000,0.00000,0.000,0.000,0.000,0.000,0.000,-6.0000,0.0000,0.0000,6.0000,95.00,95.00,90.00,90.00,1575,1575,2225,1500,0,,,,,,,,0,,,,0
35232,27982,16279,13207,0,0,9.27274,-2.59651,-2.01352,-0.006392,-0.022371,0.026632,-47.414,43.379,-19.386,-50.7842,-35.7516,-258.2422,-556.5327,-505.8376,-4799.5239,-0.0129789,0.3696149,0.0153136,0.000000,0.000000,0.000000,0.00000,0.00000,0.000,0.000,0.000,0.000,0.000,-6.0000,0.0000,0.0000,6.0000,95.00,95.00,90.00,90.00,1575,1575,2225,1500,0,,,,,,,,0,,,,0
35275,21507,15647,12294,0,0,9.28950,-2.64200,-2.02909,0.005326,-0.003196,-0.005326,-46.761,42.735,-18.503,-50.5326,-35.9868,-258.9288,-558.7466,-507.4052,-4810.8247,-0.0129789,0.3696149,0.0153136,0.000000,0.000000,0.000000,0.00000,0.00000,0.000,0.000,0.000,0.000,0.000,-6.0000,0.0000,0.0000,6.0000,95.00,95.00,90.00,90.00,1575,1575,2225,1500,0,,,,,,,,0,,,,0
35329,16781,16094,13052,0,0,9.28471,-2.63482,-1.98120,0.010653,0.001065,-0.002131,-46.006,41.900,-17.452,-50.2189,-36.2687,-259.7641,-561.4344,-509.3329,-4824.6626,-0.0129789,0.3696149,0.0153136,0.000000,0.000000,0.000000,0.00000,0.00000,0.000,0.000,0.000,0.000,0.000,-6.0000,0.0000,0.0000,6.0000,95.00,95.00,90.00,90.00,1575,1575,2225,1500,0,,,,,,,,0,,,,0
35372,21447,15720,12668,0,0,9.26915,-2.55581,-1.98958,0.015979,0.003196,0.019175,-45.361,41.252,-16.556,-49.9588,-36.4947,-260.4417,-563.6078,-510.9115,-4835.9482,-0.0129789,0.3696149,0.0153136,0.000000,0.000000,0.000000,0.00000,0.00000,0.000,0.000,0.000,0.000,0.000,-6.0000,0.0000,0.0000,6.0000,95.00,95.00,90.00,90.00,1575,1575,2225,1500,0,,,,,,,,0,,,,0
35419,22838,15734,12650,0,0,9.28112,-2.65756,-1.98958,0.007457,0.012783,0.003196,-44.706,40.557,-15.644,-49.6697,-36.7386,-261.1727,-565.9531,-512.6354,-4848.2271,-0.0129789,0.3696149,0.0153136,0.000000,0.000000,0.000000,0.00000,0.00000,0.000,0.000,0.000,0.000,0.000,-6.0000,0.0000,0.0000,6.0000,95.00,95.00,90.00,90.00,1575,1575,2225,1500,0,,,,,,,,0,,,,0
35473,15377,15524,12560,0,0,9.25119,-2.57496,-1.90339,-0.003196,-0.005326,-0.005326,-44.006,39.693,-14.615,-49.3339,-37.0082,-261.9986,-568.6006,-514.6075,-4862.2168,-0.0129789,0.3696149,0.0153136,0.000000,0.000000,0.000000,0.00000,0.00000,0.000,0.000,0.000,0.000,0.000,-6.0000,0.0000,0.0000,6.0000,95.00,95.00,90.00,90.00,1575,1575,2225,1500,0,,,,,,,,0,,,,0
35533,37266,22717,19605,0,0,9.26197,-2.57018,-1.93811,0.009587,0.009587,-0.002131,-43.349,38.855,-13.673,-48.9934,-37.2690,-262.8134,-571.2058,-516.5755,-4876.1216,-0.0129789,0.3696149,0.0153136,0.000000,0.000000,0.000000,0.00000,0.00000,0.000,0.000,0.000,0.000,0.000,-6.0000,0.0000,0.0000,6.0000,95.00,95.00,90.00,90.00,1575,1575,2225,1500,0,,,,,,,,0,,,,0
35581,32112,15699,12257,0,0,9.27394,-2.60369,-1.98240,-0.003196,-0.012783,0.008522,-42.666,37.957,-12.645,-48.6277,-37.5399,-263.6655,-573.9251,-518.6594,-4890.7871,-0.0129789,0.3696149,0.0153136,0.000000,0.000000,0.000000,0.00000,0.00000,0.000,0.000,0.000,0.000,0.000,-6.0000,0.0000,0.0000,6.0000,95.00,95.00,90.00,90.00,1575,1575,2225,1500,0,,,,,,,,0,,,,0
35632,25126,16242,13145,0,0,8.98304,-2.44687,-2.10690,-0.013848,-0.009587,-0.011718,-42.121,37.129,-11.798,-48.3048,-37.7719,-264.4180,-576.3326,-520.5300,-4903.9038,-0.0129789,0.3696149,0.0153136,0.000000,0.000000,0.000000,0.00000,0.00000,0.000,0.000,0.000,0.000,0.000,-6.0000,0.0000,0.0000,6.0000,95.00,95.00,90.00,90.00,1575,1575,2225,1500,0,,,,,,,,0,,,,0
35668,20414,15650,12601,0,0,9.02853,-2.84910,-2.30322,0.068177,0.082025,0.010653,-41.679,36.618,-11.266,-48.0732,-37.9593,-264.9810,-578.1350,-521.9461,-4913.8032,-0.0129789,0.3696149,0.0153136,0.000000,0.000000,0.000000,0.00000,0.00000,0.000,0.000,0.000,0.000,0.000,-6.0000,0.0000,0.0000,6.0000,95.00,95.00,90.00,90.00,1575,1575,2225,1500,0,,,,,,,,0,,,,0
35727,16290,16141,13070,0,0,9.23683,-3.36864,-2.13443,0.041545,0.074569,0.041545,-41.096,35.645,-10.281,-47.6673,-38.2217,-265.8624,-580.9182,-524.1605,-4929.2358,-0.0129789,0.3696149,0.0153136,0.000000,0.000000,0.000000,0.00000,0.00000,0.000,0.000,0.000,0.000,0.000,-6.0000,0.0000,0.0000,6.0000,95.00,95.00,90.00,90.00,1575,1575,2225,1500,0,,,,,,,,0,,,,0
35772,22842,15775,12714,0,0,9.30507,-1.92853,-2.19309,0.023436,0.026632,0.033023,-40.650,34.834,-9.487,-47.3566,-38.4216,-266.5409,-583.0569,-525.8857,-4941.2187,-0.0129789,0.3696149,0.0153136,0.000000,0.000000,0.000000,0.00000,0.00000,0.000,0.000,0.000,0.000,0.000,-6.0000,0.0000,0.0000,6.0000,95.00,95.00,90.00,90.00,1575,1575,2225,1500,0,,,,,,,,0,,,,0
35830,17307,16102,13053,0,0,9.18296,-3.02388,-2.29843,0.039415,0.021305,-0.018109,-40.048,33.875,-8.580,-46.9455,-38.6922,-267.3968,-585.7767,-528.1097,-4956.6187,-0.0129789,0.3696149,0.0153136,0.000000,0.000000,0.000000,0.00000,0.00000,0.000,0.000,0.000,0.000,0.000,-6.0000,0.0000,0.0000,6.0000,95.00,95.00,90.00,90.00,1575,1575,2225,1500,0,,,,,,,,0,,,,0
35873,26953,15740,12683,0,0,9.36253,-2.32956,-1.83037,-0.007457,-0.018109,-0.003196,-39.660,33.104,-7.916,-46.6229,-38.8688,-268.0478,-587.8250,-529.8075,-4968.3398,-0.0129789,0.3696149,0.0153136,0.000000,0.000000,0.000000,0.00000,0.00000,0.000,0.000,0.000,0.000,0.000,-6.0000,0.0000,0.0000,6.0000,95.00,95.00,90.00,90.00,1575,1575,2225,1500,0,,,,,,,,0,,,,0
35917,27292,16154,12678,0,0,9.26436,-2.84072,-2.11288,-0.005326,0.009587,-0.006392,-39.289,32.367,-7.281,-46.3043,-39.0627,-268.6822,-589.8342,-531.4924,-4979.9448,-0.0129789,0.3696149,0.0153136,0.000000,0.000000,0.000000,0.00000,0.00000,0.000,0.000,0.000,0.000,0.000,-6.0000,0.0000,0.0000,6.0000,95.00,95.00,90.00,90.00,1575,1575,2225,1500,0,,,,,,,,0,,,,0
35970,15649,15606,12567,0,0,9.34218,-2.71981,-2.09971,0.040480,0.128897,0.112918,-38.710,31.740,-6.370,-45.9022,-39.2783,-269.4770,-592.3131,-533.5984,-4994.4136,-0.0129789,0.3696149,0.0153136,0.000000,0.000000,0.000000,0.00000,0.00000,0.000,0.000,0.000,0.000,0.000,-6.0000,0.0000,0.0000,6.0000,95.00,95.00,90.00,90.00,1575,1575,2225,1500,0,,,,,,,,0,,,,0
36033,40218,17945,14906,0,0,9.31105,-2.36308,-1.92494,-0.024501,0.055394,0.129962,-38.197,31.190,-5.302,-45.4767,-39.4929,-270.2973,-594.8735,-535.8057,-5009.5376,-0.0129789,0.3696149,0.0153136,0.000000,0.000000,0.000000,0.00000,0.00000,0.000,0.000,0.000,0.000,0.000,-6.0000,0.0000,0.0000,6.0000,95.00,95.00,90.00,90.00,1575,1575,2225,1500,0,,,,,,,,0,,,,0
36082,31979,15722,12656,0,0,9.25838,-2.94367,-2.30202,0.012783,0.036219,0.012783,-37.685,30.411,-4.422,-45.0433,-39.7265,-271.0991,-597.4006,-538.0172,-5024.6523,-0.0129789,0.3696149,0.0153136,0.000000,0.000000,0.000000,0.00000,0.00000,0.000,0.000,0.000,0.000,0.000,-6.0000,0.0000,0.0000,6.0000,95.00,95.00,90.00,90.00,1575,1575,2225,1500,0,,,,,,,,0,,,,0
36126,27784,16200,13167,0,0,9.26197,-2.68869,-1.41378,0.086286,-0.049002,-0.095874,-37.247,29.448,-3.875,-44.6919,-39.8846,-271.7102,-599.3622,-539.7575,-5036.5186,-0.0129789,0.3696149,0.0153136,0.000000,0.000000,0.000000,0.00000,0.00000,0.000,0.000,0.000,0.000,0.000,-6.0000,0.0000,0.0000,6.0000,95.00,95.00,90.00,90.00,1575,1575,2225,1500,0,,,,,,,,0,,,,0
36179,15703,15117,12132,0,0,9.26317,-2.86107,-1.94170,-0.011718,0.018109,-0.107592,-37.017,28.282,-3.373,-44.2711,-40.1008,-272.4725,-601.7383,-541.8938,-5051.0527,-0.0129789,0.3696149,0.0153136,0.000000,0.000000,0.000000,0.00000,0.00000,0.000,0.000,0.000,0.000,0.000,-6.0000,0.0000,0.0000,6.0000,95.00,95.00,90.00,90.00,1575,1575,2225,1500,0,,,,,,,,0,,,,0
36223,27817,16211,13096,0,0,9.27394,-2.52947,-1.92733,0.012783,-0.015979,-0.019175,-36.718,27.477,-2.852,-43.9247,-40.2534,-273.0824,-603.6403,-543.6267,-5062.8184,-0.0129789,0.3696149,0.0153136,0.000000,0.000000,0.000000,0.00000,0.00000,0.000,0.000,0.000,0.000,0.000,-6.0000,0.0000,0.0000,6.0000,95.00,95.00,90.00,90.00,1575,1575,2225,1500,0,,,,,,,,0,,,,0
36286,36467,16845,13833,0,0,9.32182,-2.42892,-1.93451,0.021305,-0.012783,0.068177,-36.111,26.488,-1.814,-43.4184,-40.4688,-273.9533,-606.3527,-546.1335,-5079.8057,-0.0129789,0.3696149,0.0153136,0.000000,0.000000,0.000000,0.00000,0.00000,0.000,0.000,0.000,0.000,0.000,-6.0000,0.0000,0.0000,6.0000,95.00,95.00,90.00,90.00,1575,1575,2225,1500,0,,,,,,,,0,,,,0
36323,21253,16100,13068,0,0,9.26915,-2.82875,-2.05662,0.004261,-0.005326,0.006392,-35.817,25.824,-1.247,-43.1021,-40.6078,-274.4842,-608.0101,-547.6865,-5090.3115,-0.0129789,0.3696149,0.0153136,0.000000,0.000000,0.000000,0.00000,0.00000,0.000,0.000,0.000,0.000,0.000,-6.0000,0.0000,0.0000,6.0000,95.00,95.00,90.00,90.00,1575,1575,2225,1500,0,,,,,,,,0,,,,0
36382,15806,15532,12530,0,0,9.27514,-2.57616,-1.93332,-0.008522,0.005326,-0.047937,-35.528,24.704,-0.626,-42.6038,-40.8100,-275.3072,-610.5687,-550.1172,-5106.7246,-0.0129789,0.3696149,0.0153136,0.000000,0.000000,0.000000,0.00000,0.00000,0.000,0.000,0.000,0.000,0.000,-6.0000,0.0000,0.0000,6.0000,95.00,95.00,90.00,90.00,1575,1575,2225,1500,0,,,,,,,,0,,,,0
36427,27930,16201,13165,0,0,9.26317,-2.57377,-1.95606,0.011718,0.001065,0.020240,-35.249,23.936,-0.067,-42.2365,-40.9535,-275.9044,-612.4211,-551.9026,-5118.7607,-0.0129789,0.3696149,0.0153136,0.000000,0.000000,0.000000,0.00000,0.00000,0.000,0.000,0.000,0.000,0.000,-6.0000,0.0000,0.0000,6.0000,95.00,95.00,90.00,90.00,1575,1575,2225,1500,0,,,,,,,,0,,,,0
36472,20864,15563,12595,0,0,9.29309,-2.57257,-1.95247,0.017044,-0.009587,0.044741,-34.889,23.166,0.625,-41.8468,-41.0971,-276.5257,-614.3436,-553.7786,-5131.3916,-0.0129789,0.3696149,0.0153136,0.000000,0.000000,0.000000,0.00000,0.00000,0.000,0.000,0.000,0.000,0.000,-6.0000,0.0000,0.0000,6.0000,95.00,95.00,90.00,90.00,1575,1575,2225,1500,0,,,,,,,,0,,,,0
36532,37221,22704,19695,0,0,9.34218,-2.15718,-2.80361,0.004261,-0.044741,0.005326,-34.557,22.024,1.378,-41.3984,-41.2637,-277.2616,-616.5487,-555.9604,-5146.0615,-0.0129789,0.3696149,0.0153136,0.000000,0.000000,0.000000,0.00000,0.00000,0.000,0.000,0.000,0.000,0.000,-6.0000,0.0000,0.0000,6.0000,95.00,95.00,90.00,90.00,1575,1575,2225,1500,0,,,,,,,,0,,,,0
36580,32040,15277,12273,0,0,9.28950,-2.77249,-1.99198,-0.011718,-0.038350,-0.019175,-34.341,20.897,1.954,-40.9108,-41.4338,-277.9913,-618.8387,-558.2611,-5161.5093,-0.0129789,0.3696149,0.0153136,0.000000,0.000000,0.000000,0.00000,0.00000,0.000,0.000,0.000,0.000,0.000,-6.0000,0.0000,0.0000,6.0000,95.00,95.00,90.00,90.00,1575,1575,2225,1500,0,,,,,,,,0,,,,0
36624,27451,16165,13149,0,0,9.25718,-2.37026,-1.84354,0.017044,0.034088,0.036219,-34.130,20.197,2.436,-40.5369,-41.5517,-278.5618,-620.5862,-560.0417,-5173.4502,-0.0129789,0.3696149,0.0153136,0.000000,0.000000,0.000000,0.00000,0.00000,0.000,0.000,0.000,0.000,0.000,-6.0000,0.0000,0.0000,6.0000,95.00,95.00,90.00,90.00,1575,1575,2225,1500,0,,,,,,,,0,,,,0
36680,15786,15159,12147,0,0,9.26676,-2.54384,-1.92374,0.010653,-0.021305,0.073503,-33.731,19.311,3.307,-40.0316,-41.7113,-279.3059,-622.8871,-562.4197,-5189.3823,-0.0129789,0.3696149,0.0153136,0.000000,0.000000,0.000000,0.00000,0.00000,0.000,0.000,0.000,0.000,0.000,-6.0000,0.0000,0.0000,6.0000,95.00,95.00,90.00,90.00,1575,1575,2225,1500,0,,,,,,,,0,,,,0
36723,26708,16208,13139,0,0,9.27155,-2.65517,-2.06859,0.023436,0.037284,0.043676,-33.467,18.652,3.879,-39.6568,-41.8274,-279.8531,-624.5628,-564.1763,-5201.1401,-0.0129789,0.3696149,0.0153136,0.000000,0.000000,0.000000,0.00000,0.00000,0.000,0.000,0.000,0.000,0.000,-6.0000,0.0000,0.0000,6.0000,95.00,95.00,90.00,90.00,1575,1575,2225,1500,0,,,,,,,,0,,,,0
36768,22652,15835,12819,0,0,9.23683,-2.51750,-1.93811,0.019175,-0.023436,0.124636,-33.132,17.922,4.641,-39.2547,-41.9409,-280.4298,-626.3347,-566.0573,-5213.7207,-0.0129789,0.3696149,0.0153136,0.000000,0.000000,0.000000,0.00000,0.00000,0.000,0.000,0.000,0.000,0.000,-6.0000,0.0000,0.0000,6.0000,95.00,95.00,90.00,90.00,1575,1575,2225,1500,0,,,,,,,,0,,,,0
36820,16832,15539,12570,0,0,9.21289,-2.83713,-1.80643,0.006392,-0.004261,0.118244,-32.744,17.105,5.671,-38.7751,-42.0760,-281.1038,-628.4020,-568.2833,-5228.5981,-0.0129789,0.3696149,0.0153136,0.000000,0.000000,0.000000,0.00000,0.00000,0.000,0.000,0.000,0.000,0.000,-6.0000,0.0000,0.0000,6.0000,95.00,95.00,90.00,90.00,1575,1575,2225,1500,0,,,,,,,,0,,,,0
36873,26190,20282,12717,0,0,9.11113,-2.65158,-1.33836,-0.063916,-0.245011,0.038350,-32.505,15.973,6.662,-38.3416,-42.1787,-281.6911,-630.2379,-570.2892,-5241.9966,-0.0129789,0.3696149,0.0153136,0.000000,0.000000,0.000000,0.00000,0.00000,0.000,0.000,0.000,0.000,0.000,-6.0000,0.0000,0.0000,6.0000,95.00,95.00,90.00,90.00,1575,1575,2225,1500,0,,,,,,,,0,,,,0
36933,16731,16073,13053,0,0,9.18895,-2.50793,-1.71305,0.021305,-0.005326,0.047937,-32.198,14.777,7.392,-37.7492,-42.3438,-282.5041,-632.6893,-573.0129,-5260.1743,-0.0129789,0.3696149,0.0153136,0.000000,0.000000,0.000000,0.00000,0.00000,0.000,0.000,0.000,0.000,0.000,-6.0000,0.0000,0.0000,6.0000,95.00,95.00,90.00,90.00,1575,1575,2225,1500,0,,,,,,,,0,,,,0
36969,15958,15599,12582,0,0,9.22606,-2.84192,-2.25294,0.027697,-0.006392,-0.041545,-32.002,13.999,7.773,-37.4040,-42.4347,-282.9612,-634.0848,-574.5871,-5270.6738,-0.0129789,0.3696149,0.0153136,0.000000,0.000000,0.000000,0.00000,0.00000,0.000,0.000,0.000,0.000,0.000,-6.0000,0.0000,0.0000,6.0000,95.00,95.00,90.00,90.00,1575,1575,2225,1500,0,,,,,,,,0,,,,0
37030,36420,23790,20763,0,0,9.25479,-2.90656,-2.20745,0.035154,0.113983,-0.041545,-31.797,13.205,8.076,-36.9172,-42.5542,-283.6021,-636.0253,-576.8061,-5285.4668,-0.0129789,0.3696149,0.0153136,0.000000,0.000000,0.000000,0.00000,0.00000,0.000,0.000,0.000,0.000,0.000,-6.0000,0.0000,0.0000,6.0000,95.00,95.00,90.00,90.00,1575,1575,2225,1500,0,,,,,,,,0,,,,0
37090,35770,23367,12856,0,0,9.22007,-3.11725,-1.92494,-0.017044,-0.134223,-0.110788,-31.692,11.738,8.685,-36.3503,-42.6820,-284.3152,-638.2404,-579.3826,-5302.6353,-0.0129789,0.3696149,0.0153136,0.000000,0.000000,0.000000,0.00000,0.00000,0.000,0.000,0.000,0.000,0.000,-6.0000,0.0000,0.0000,6.0000,95.00,95.00,90.00,90.00,1575,1575,2225,1500,0,,,,,,,,0,,,,0
37128,21425,16137,13105,0,0,9.24880,-2.65397,-2.24456,0.007457,0.001065,-0.112918,-31.579,10.654,8.954,-35.9244,-42.7740,-284.8608,-639.8734,-581.3134,-5315.4956,-0.0129789,0.3696149,0.0153136,0.000000,0.000000,0.000000,0.00000,0.00000,0.000,0.000,0.000,0.000,0.000,-6.0000,0.0000,0.0000,6.0000,95.00,95.00,90.00,90.00,1575,1575,2225,1500,0,,,,,,,,0,,,,0
37173,23218,15730,12718,0,0,9.23803,-2.69348,-2.00874,0.003196,0.015979,-0.088417,-31.482,9.737,9.182,-35.4976,-42.8581,-285.3954,-641.4887,-583.2501,-5328.3931,-0.0129789,0.3696149,0.0153136,0.000000,0.000000,0.000000,0.00000,0.00000,0.000,0.000,0.000,0.000,0.000,-6.0000,0.0000,0.0000,6.0000,95.00,95.00,90.00,90.00,1575,1575,2225,1500,0,,,,,,,,0,,,,0
37233,16824,16084,13073,0,0,9.22725,-2.74376,-1.95487,0.036219,0.093743,-0.006392,-31.161,8.832,9.766,-34.9272,-42.9739,-286.0899,-643.5933,-585.8149,-5345.4707,-0.0129789,0.3696149,0.0153136,0.000000,0.000000,0.000000,0.00000,0.00000,0.000,0.000,0.000,0.000,0.000,-6.0000,0.0000,0.0000,6.0000,95.00,95.00,90.00,90.00,1575,1575,2225,1500,0,,,,,,,,0,,,,0
37276,21047,15748,12278,0,0,9.39844,-2.49117,-2.00155,0.002131,-0.035154,0.066046,-31.005,8.071,10.284,-34.5167,-43.0340,-286.5874,-645.0869,-587.6647,-5357.7881,-0.0129789,0.3696149,0.0153136,0.000000,0.000000,0.000000,0.00000,0.00000,0.000,0.000,0.000,0.000,0.000,-6.0000,0.0000,0.0000,6.0000,95.00,95.00,90.00,90.00,1575,1575,2225,1500,0,,,,,,,,0,,,,0
37333,16621,16021,13030,0,0,9.24282,-2.65278,-2.02669,0.026632,0.007457,-0.021305,-30.848,6.977,10.780,-33.9733,-43.1330,-287.2264,-647.0307,-590.1103,-5374.0732,-0.0129789,0.3696149,0.0153136,0.000000,0.000000,0.000000,0.00000,0.00000,0.000,0.000,0.000,0.000,0.000,-6.0000,0.0000,0.0000,6.0000,95.00,95.00,90.00,90.00,1575,1575,2225,1500,0,,,,,,,,0,,,,0
37375,26458,15615,12317,0,0,9.28471,-2.82396,-2.07218,0.008522,-0.001065,0.013848,-30.735,6.180,11.266,-33.5562,-43.1995,-287.7084,-648.4891,-591.9747,-5386.4897,-0.0129789,0.3696149,0.0153136,0.000000,0.000000,0.000000,0.00000,0.00000,0.000,0.000,0.000,0.000,0.000,-6.0000,0.0000,0.0000,6.0000,95.00,95.00,90.00,90.00,1575,1575,2225,1500,0,,,,,,,,0,,,,0
37438,36909,25072,22044,0,0,9.29669,-2.86706,-2.14281,0.045806,-0.008522,0.104396,-30.527,5.299,11.989,-33.0440,-43.2790,-288.2924,-650.2453,-594.2550,-5401.6787,-0.0129789,0.3696149,0.0153136,0.000000,0.000000,0.000000,0.00000,0.00000,0.000,0.000,0.000,0.000,0.000,-6.0000,0.0000,0.0000,6.0000,95.00,95.00,90.00,90.00,1575,1575,2225,1500,0,,,,,,,,0,,,,0
37474,19947,15631,12295,0,0,9.25838,-2.94726,-2.12126,0.091613,0.063916,0.134223,-30.190,4.752,12.734,-32.5991,-43.3386,-288.7966,-651.7517,-596.2426,-5414.9214,-0.0129789,0.3696149,0.0153136,0.000000,0.000000,0.000000,0.00000,0.00000,0.000,0.000,0.000,0.000,0.000,-6.0000,0.0000,0.0000,6.0000,95.00,95.00,90.00,90.00,1575,1575,2225,1500,0,,,,,,,,0,,,,0
37539,46156,18381,15142,0,0,9.03572,-2.71263,-1.80643,0.029827,0.027697,-0.095874,-30.243,3.609,13.014,-32.0043,-43.4134,-289.4567,-653.7541,-598.9318,-5432.8457,-0.0129789,0.3696149,0.0153136,0.000000,0.000000,0.000000,0.00000,0.00000,0.000,0.000,0.000,0.000,0.000,-6.0000,0.0000,0.0000,6.0000,95.00,95.00,90.00,90.00,1575,1575,2225,1500,0,,,,,,,,0,,,,0
37571,19128,26817,23794,0,0,9.24641,-2.76889,-1.78368,0.038350,-0.038350,-0.033023,-30.176,3.196,13.194,-31.8181,-43.4344,-289.6570,-654.3645,-599.7624,-5438.3843,-0.0129789,0.3696149,0.0153136,0.000000,0.000000,0.000000,0.00000,0.00000,0.000,0.000,0.000,0.000,0.000,-6.0000,0.0000,0.0000,6.0000,95.00,95.00,90.00,90.00,1575,1575,2225,1500,0,,,,,,,,0,,,,0
37625,16947,16103,13082,0,0,9.30028,-3.09690,-2.26013,0.076699,-0.069242,-0.009587,-29.694,1.527,14.190,-31.1397,-43.5056,-290.3825,-656.5461,-602.7747,-5458.4824,-0.0129789,0.3696149,0.0153136,0.000000,0.000000,0.000000,0.00000,0.00000,0.000,0.000,0.000,0.000,0.000,-6.0000,0.0000,0.0000,6.0000,95.00,95.00,90.00,90.00,1575,1575,2225,1500,0,,,,,,,,0,,,,0
37668,21729,15694,12681,0,0,9.21648,-2.63721,-1.95367,0.042611,0.049002,-0.118244,-29.573,0.618,14.315,-30.7117,-43.5508,-290.8361,-657.8981,-604.6778,-5471.1880,-0.0129789,0.3696149,0.0153136,0.000000,0.000000,0.000000,0.00000,0.00000,0.000,0.000,0.000,0.000,0.000,-6.0000,0.0000,0.0000,6.0000,95.00,95.00,90.00,90.00,1575,1575,2225,1500,0,,,,,,,,0,,,,0
37726,15794,16083,13061,0,0,9.18416,-3.02029,-1.84114,0.001065,0.069242,-0.273773,-29.397,-0.587,14.216,-30.1515,-43.6203,-291.4064,-659.6420,-607.1755,-5487.8706,-0.0129789,0.3696149,0.0153136,0.000000,0.000000,0.000000,0.00000,0.00000,0.000,0.000,0.000,0.000,0.000,-6.0000,0.0000,0.0000,6.0000,95.00,95.00,90.00,90.00,1575,1575,2225,1500,0,,,,,,,,0,,,,0
37774,22972,15784,12375,0,0,9.54568,-1.68552,-2.08296,0.252468,-0.036219,-0.062851,-28.644,-1.683,14.584,-29.6782,-43.6338,-291.9108,-661.0935,-609.2925,-5502.0220,-0.0129789,0.3696149,0.0153136,0.000000,0.000000,0.000000,0.00000,0.00000,0.000,0.000,0.000,0.000,0.000,-6.0000,0.0000,0.0000,6.0000,95.00,95.00,90.00,90.00,1575,1575,2225,1500,0,,,,,,,,0,,,,0
37828,16889,16082,13073,0,0,9.44393,-2.71862,-2.02310,0.233293,-0.035154,-0.164051,-27.802,-3.009,14.752,-29.1511,-43.6659,-292.4386,-662.6656,-611.6252,-5517.6372,-0.0129789,0.3696149,0.0153136,0.000000,0.000000,0.000000,0.00000,0.00000,0.000,0.000,0.000,0.000,0.000,-6.0000,0.0000,0.0000,6.0000,95.00,95.00,90.00,90.00,1575,1575,2225,1500,0,,,,,,,,0,,,,0
37871,21594,15720,12697,0,0,9.26317,-1.94170,-1.75136,0.169377,-0.070307,-0.021305,-27.217,-4.117,14.942,-28.7271,-43.6706,-292.8673,-663.9263,-613.5276,-5530.3862,-0.0129789,0.3696149,0.0153136,0.000000,0.000000,0.000000,0.00000,0.00000,0.000,0.000,0.000,0.000,0.000,-6.0000,0.0000,0.0000,6.0000,95.00,95.00,90.00,90.00,1575,1575,2225,1500,0,,,,,,,,0,,,,0
37931,16742,16086,13051,0,0,9.30866,-2.21583,-2.06500,0.263120,0.070307,0.057524,-26.985,-5.260,15.513,-28.1418,-43.6955,-293.4518,-665.6204,-616.1303,-5547.8521,-0.0129789,0.3696149,0.0153136,0.000000,0.000000,0.000000,0.00000,0.00000,0.000,0.000,0.000,0.000,0.000,-6.0000,0.0000,0.0000,6.0000,95.00,95.00,90.00,90.00,1575,1575,2225,1500,0,,,,,,,,0,,,,0
37976,21172,15422,12180,0,0,9.32781,-2.46962,-1.86987,-0.037284,-0.067112,0.039415,-27.040,-6.218,16.065,-27.6932,-43.7108,-293.8781,-666.9016,-618.1360,-5561.3291,-0.0129789,0.3696149,0.0153136,0.000000,0.000000,0.000000,0.00000,0.00000,0.000,0.000,0.000,0.000,0.000,-6.0000,0.0000,0.0000,6.0000,95.00,95.00,90.00,90.00,1575,1575,2225,1500,0,,,,,,,,0,,,,0
38038,36783,24532,21496,0,0,9.34218,-2.81798,-1.83396,0.033023,0.080960,0.206661,-27.109,-6.866,16.890,-27.1760,-43.7338,-294.3585,-668.3394,-620.4274,-5576.7432,-0.0129789,0.3696149,0.0153136,0.000000,0.000000,0.000000,0.00000,0.00000,0.000,0.000,0.000,0.000,0.000,-6.0000,0.0000,0.0000,6.0000,95.00,95.00,90.00,90.00,1575,1575,2225,1500,0,,,,,,,,0,,,,0
38069,25413,30294,22318,0,0,9.26556,-2.33674,-1.86029,-0.042611,-0.012783,0.119310,-27.200,-7.292,17.282,-26.9291,-43.7349,-294.5926,-669.0269,-621.5388,-5584.2266,-0.0129789,0.3696149,0.0153136,0.000000,0.000000,0.000000,0.00000,0.00000,0.000,0.000,0.000,0.000,0.000,-6.0000,0.0000,0.0000,6.0000,95.00,95.00,90.00,90.00,1575,1575,2225,1500,0,,,,,,,,0,,,,0
38124,16948,16096,13082,0,0,9.42118,-3.08852,-2.08176,-0.057524,0.046872,-0.185356,-27.351,-8.811,17.718,-26.2458,-43.7651,-295.2100,-670.8569,-624.5504,-5604.5254,-0.0129789,0.3696149,0.0153136,0.000000,0.000000,0.000000,0.00000,0.00000,0.000,0.000,0.000,0.000,0.000,-6.0000,0.0000,0.0000,6.0000,95.00,95.00,90.00,90.00,1575,1575,2225,1500,0,,,,,,,,0,,,,0
38178,31521,22332,12284,0,0,9.17099,-2.74016,-1.88783,-0.068177,-0.057524,0.039415,-27.611,-9.679,18.197,-25.7767,-43.7703,-295.6439,-672.1144,-626.6663,-5618.8086,-0.0129789,0.3696149,0.0153136,0.000000,0.000000,0.000000,0.00000,0.00000,0.000,0.000,0.000,0.000,0.000,-6.0000,0.0000,0.0000,6.0000,95.00,95.00,90.00,90.00,1575,1575,2225,1500,0,,,,,,,,0,,,,0
38222,27921,16121,13073,0,0,9.39844,-2.19429,-1.46046,-0.014914,0.022371,0.029827,-27.631,-10.446,18.885,-25.2833,-43.7694,-296.0799,-673.4030,-628.8760,-5633.7427,-0.0129789,0.3696149,0.0153136,0.000000,0.000000,0.000000,0.00000,0.00000,0.000,0.000,0.000,0.000,0.000,-6.0000,0.0000,0.0000,6.0000,95.00,95.00,90.00,90.00,1575,1575,2225,1500,0,,,,,,,,0,,,,0
38281,15766,15496,12491,0,0,9.34337,-2.88501,-1.80523,0.064981,0.003196,-0.038350,-27.714,-11.729,19.588,-24.6957,-43.7739,-296.5828,-674.8956,-631.4902,-5651.4414,-0.0129789,0.3696149,0.0153136,0.000000,0.000000,0.000000,0.00000,0.00000,0.000,0.000,0.000,0.000,0.000,-6.0000,0.0000,0.0000,6.0000,95.00,95.00,90.00,90.00,1575,1575,2225,1500,0,,,,,,,,0,,,,0
38319,21289,15702,12640,0,0,9.24521,-2.58454,-1.90100,0.135289,-0.068177,-0.051133,-27.465,-12.608,19.856,-24.3359,-43.7739,-296.8887,-675.8024,-633.1094,-5662.4170,-0.0129789,0.3696149,0.0153136,0.000000,0.000000,0.000000,0.00000,0.00000,0.000,0.000,0.000,0.000,0.000,-6.0000,0.0000,0.0000,6.0000,95.00,95.00,90.00,90.00,1575,1575,2225,1500,0,,,,,,,,0,,,,0
38387,19450,20710,12707,0,0,9.37928,-2.12246,-1.79565,0.098004,-0.090547,-0.037284,-27.344,-13.953,20.188,-23.7172,-43.7564,-297.4114,-677.3254,-635.8840,-5681.2549,-0.0129789,0.3696149,0.0153136,0.000000,0.000000,0.000000,0.00000,0.00000,0.000,0.000,0.000,0.000,0.000,-6.0000,0.0000,0.0000,6.0000,95.00,95.00,90.00,90.00,1575,1575,2225,1500,0,,,,,,,,0,,,,0
38431,27612,16196,13186,0,0,9.33380,-2.64440,-1.89621,0.071373,-0.101200,0.046872,-27.246,-14.973,20.845,-23.2491,-43.7369,-297.7987,-678.4669,-638.0103,-5695.7202,-0.0129789,0.3696149,0.0153136,0.000000,0.000000,0.000000,0.00000,0.00000,0.000,0.000,0.000,0.000,0.000,-6.0000,0.0000,0.0000,6.0000,95.00,95.00,90.00,90.00,1575,1575,2225,1500,0,,,,,,,,0,,,,0
38468,16057,15594,12592,0,0,9.23922,-2.55701,-1.82079,-0.074569,0.059655,-0.019175,-27.494,-15.599,21.036,-22.8878,-43.7247,-298.0940,-679.3288,-639.6444,-5706.8540,-0.0129789,0.3696149,0.0153136,0.000000,0.000000,0.000000,0.00000,0.00000,0.000,0.000,0.000,0.000,0.000,-6.0000,0.0000,0.0000,6.0000,95.00,95.00,90.00,90.00,1575,1575,2225,1500,0,,,,,,,,0,,,,0
38528,36267,24001,20968,0,0,9.34936,-2.69587,-1.94050,-0.003196,0.017044,0.010653,-27.613,-16.550,21.513,-22.3863,-43.7050,-298.4909,-680.5075,-641.9205,-5722.3862,-0.0129789,0.3696149,0.0153136,0.000000,0.000000,0.000000,0.00000,0.00000,0.000,0.000,0.000,0.000,0.000,-6.0000,0.0000,0.0000,6.0000,95.00,95.00,90.00,90.00,1575,1575,2225,1500,0,,,,,,,,0,,,,0
38594,31076,33716,22822,0,0,9.33260,-2.03747,-1.61369,-0.020240,-0.033023,-0.013848,-27.772,-17.659,21.877,-21.8553,-43.6651,-298.9126,-681.7455,-644.3660,-5739.1060,-0.0129789,0.3696149,0.0153136,0.000000,0.000000,0.000000,0.00000,0.00000,0.000,0.000,0.000,0.000,0.000,-6.0000,0.0000,0.0000,6.0000,95.00,95.00,90.00,90.00,1575,1575,2225,1500,0,,,,,,,,0,,,,0
38619,37977,20302,12821,0,0,9.47386,-2.70665,-2.85628,-0.070307,-0.076699,0.001065,-28.036,-18.532,22.326,-21.4720,-43.6609,-299.2156,-682.5682,-646.0242,-5750.4634,-0.0129789,0.3696149,0.0153136,0.000000,0.000000,0.000000,0.00000,0.00000,0.000,0.000,0.000,0.000,0.000,-6.0000,0.0000,0.0000,6.0000,95.00,95.00,90.00,90.00,1575,1575,2225,1500,0,,,,,,,,0,,,,0
38678,15795,15196,12160,0,0,9.81383,-2.19309,-1.08577,-0.140615,-0.174703,-0.405866,-28.323,-20.240,22.451,-20.8669,-43.6455,-299.6600,-683.9364,-648.8468,-5769.8184,-0.0129789,0.3696149,0.0153136,0.000000,0.000000,0.000000,0.00000,0.00000,0.000,0.000,0.000,0.000,0.000,-6.0000,0.0000,0.0000,6.0000,95.00,95.00,90.00,90.00,1575,1575,2225,1500,0,,,,,,,,0,,,,0
38721,26481,15701,12645,0,0,9.89524,-2.84910,-1.97881,-0.001065,-0.015979,-0.173638,-28.738,-21.083,23.042,-20.4647,-43.6357,-299.9518,-684.8019,-650.6743,-5782.3721,-0.0129789,0.3696149,0.0153136,0.000000,0.000000,0.000000,0.00000,0.00000,0.000,0.000,0.000,0.000,0.000,-6.0000,0.0000,0.0000,6.0000,95.00,95.00,90.00,90.00,1575,1575,2225,1500,0,,,,,,,,0,,,,0
38781,16104,15151,12152,0,0,9.33739,-3.07775,-1.53708,0.066046,0.013848,0.264186,-29.061,-21.736,24.546,-19.9035,-43.5612,-300.3712,-686.0277,-653.3214,-5800.6025,-0.0129789,0.3696149,0.0153136,0.000000,0.000000,0.000000,0.00000,0.00000,0.000,0.000,0.000,0.000,0.000,-6.0000,0.0000,0.0000,6.0000,95.00,95.00,90.00,90.00,1575,1575,2225,1500,0,,,,,,,,0,,,,0
38823,24957,16560,13084,0,0,9.72285,-2.31160,-2.22780,-0.035154,-0.022371,0.062851,-29.595,-22.351,25.458,-19.5148,-43.5107,-300.6537,-686.8292,-655.0916,-5812.8228,-0.0129789,0.3696149,0.0153136,0.000000,0.000000,0.000000,0.00000,0.00000,0.000,0.000,0.000,0.000,0.000,-6.0000,0.0000,0.0000,6.0000,95.00,95.00,90.00,90.00,1575,1575,2225,1500,0,,,,,,,,0,,,,0
38882,15823,15510,12498,0,0,9.44273,-2.59053,-1.94529,0.039415,-0.072438,0.118244,-29.897,-23.544,26.274,-18.9599,-43.4591,-301.0455,-687.9889,-657.7132,-5830.9585,-0.0129789,0.3696149,0.0153136,0.000000,0.000000,0.000000,0.00000,0.00000,0.000,0.000,0.000,0.000,0.000,-6.0000,0.0000,0.0000,6.0000,95.00,95.00,90.00,90.00,1575,1575,2225,1500,0,,,,,,,,0,,,,0
38926,27836,16207,13176,0,0,9.26915,-3.15436,-1.59214,-0.143811,-0.020240,-0.029827,-30.241,-24.327,26.763,-18.5619,-43.4260,-301.3159,-688.8059,-659.6051,-5844.0757,-0.0129789,0.3696149,0.0153136,0.000000,0.000000,0.000000,0.00000,0.00000,0.000,0.000,0.000,0.000,0.000,-6.0000,0.0000,0.0000,6.0000,95.00,95.00,90.00,90.00,1575,1575,2225,1500,0,,,,,,,,0,,,,0
38979,15725,15129,12140,0,0,9.19972,-2.17872,-1.64242,0.018109,-0.003196,-0.004261,-30.420,-25.349,27.073,-18.0805,-43.3618,-301.6515,-689.7836,-661.9215,-5860.1675,-0.0129789,0.3696149,0.0153136,0.000000,0.000000,0.000000,0.00000,0.00000,0.000,0.000,0.000,0.000,0.000,-6.0000,0.0000,0.0000,6.0000,95.00,95.00,90.00,90.00,1575,1575,2225,1500,0,,,,,,,,0,,,,0
39045,40436,25589,17163,0,0,9.20571,-2.47680,-1.78727,0.053263,-0.192813,0.186421,-30.843,-26.540,28.457,-17.5844,-43.2945,-301.9858,-690.7777,-664.3372,-5876.9937,-0.0129789,0.3696149,0.0153136,0.000000,0.000000,0.000000,0.00000,0.00000,0.000,0.000,0.000,0.000,0.000,-6.0000,0.0000,0.0000,6.0000,95.00,95.00,90.00,90.00,1575,1575,2225,1500,0,,,,,,,,0,,,,0
39078,31381,27081,24066,0,0,9.44632,-2.95923,-3.05740,-0.124636,0.177899,-0.037284,-31.092,-26.885,28.565,-17.2769,-43.2740,-302.1900,-691.3247,-665.6954,-5886.4736,-0.0129789,0.3696149,0.0153136,0.000000,0.000000,0.000000,0.00000,0.00000,0.000,0.000,0.000,0.000,0.000,-6.0000,0.0000,0.0000,6.0000,95.00,95.00,90.00,90.00,1575,1575,2225,1500,0,,,,,,,,0,,,,0
39132,16855,16096,13049,0,0,9.45829,-3.25611,-0.92057,-0.011718,-0.243946,-0.129962,-31.045,-28.374,28.118,-16.7172,-43.2250,-302.5285,-692.4290,-668.5073,-5906.1265,-0.0129789,0.3696149,0.0153136,0.000000,0.000000,0.000000,0.00000,0.00000,0.000,0.000,0.000,0.000,0.000,-6.0000,0.0000,0.0000,6.0000,95.00,95.00,90.00,90.00,1575,1575,2225,1500,0,,,,,,,,0,,,,0
39175,26535,15560,12341,0,0,9.37450,-2.33315,-2.48159,-0.015979,0.117179,-0.015979,-31.949,-29.321,28.487,-16.3197,-43.1551,-302.8023,-693.1450,-670.3791,-5919.2451,-0.0129789,0.3696149,0.0153136,0.000000,0.000000,0.000000,0.00000,0.00000,0.000,0.000,0.000,0.000,0.000,-6.0000,0.0000,0.0000,6.0000,95.00,95.00,90.00,90.00,1575,1575,2225,1500,0,,,,,,,,0,,,,0
39218,27624,15827,12653,0,0,9.10036,-1.92614,-2.33914,-0.198139,0.383495,0.657268,-32.942,-28.963,29.489,-15.9397,-43.0910,-303.0608,-693.8449,-672.2503,-5932.3896,-0.0129789,0.3696149,0.0153136,0.000000,0.000000,0.000000,0.00000,0.00000,0.000,0.000,0.000,0.000,0.000,-6.0000,0.0000,0.0000,6.0000,95.00,95.00,90.00,90.00,1575,1575,2225,1500,0,,,,,,,,0,,,,0
39281,15801,15544,12153,0,0,9.36133,-2.34871,-2.23618,-0.309992,-0.166181,0.337689,-33.998,-30.077,31.629,-15.4139,-42.9959,-303.3954,-694.8392,-674.9796,-5951.6133,-0.0129789,0.3696149,0.0153136,0.000000,0.000000,0.000000,0.00000,0.00000,0.000,0.000,0.000,0.000,0.000,-6.0000,0.0000,0.0000,6.0000,95.00,95.00,90.00,90.00,1575,1575,2225,1500,0,,,,,,,,0,,,,0
39319,17180,15662,12596,0,0,9.31464,-2.59412,-2.22541,-0.006392,-0.036219,0.125701,-34.196,-30.719,32.354,-15.0873,-42.9420,-303.5938,-695.4084,-676.5834,-5962.9404,-0.0129789,0.3696149,0.0153136,0.000000,0.000000,0.000000,0.00000,0.00000,0.000,0.000,0.000,0.000,0.000,-6.0000,0.0000,0.0000,6.0000,95.00,95.00,90.00,90.00,1575,1575,2225,1500,0,,,,,,,,0,,,,0
39378,15824,15200,12155,0,0,9.16381,-2.52229,-1.30245,-0.123571,-0.490022,0.083091,-34.809,-32.261,33.725,-14.6032,-42.8319,-303.8868,-696.2990,-679.1574,-5981.1694,-0.0129789,0.3696149,0.0153136,0.000000,0.000000,0.000000,0.00000,0.00000,0.000,0.000,0.000,0.000,0.000,-6.0000,0.0000,0.0000,6.0000,95.00,95.00,90.00,90.00,1575,1575,2225,1500,0,,,,,,,,0,,,,0
39423,23279,16234,13135,0,0,9.22007,-2.57496,-2.52109,0.198139,-0.196009,0.365386,-35.253,-33.199,35.395,-14.2242,-42.7512,-304.1248,-696.9291,-681.0283,-5994.4609,-0.0129789,0.3696149,0.0153136,0.000000,0.000000,0.000000,0.00000,0.00000,0.000,0.000,0.000,0.000,0.000,-6.0000,0.0000,0.0000,6.0000,95.00,95.00,90.00,90.00,1575,1575,2225,1500,0,,,,,,,,0,,,,0
39480,16456,15190,12151,0,0,8.84059,-3.87741,-2.31759,-0.138484,0.159790,-0.404800,-35.563,-33.864,35.635,-13.7284,-42.7044,-304.3802,-697.7335,-683.4877,-6011.9746,-0.0129789,0.3696149,0.0153136,0.000000,0.000000,0.000000,0.00000,0.00000,0.000,0.000,0.000,0.000,0.000,-6.0000,0.0000,0.0000,6.0000,95.00,95.00,90.00,90.00,1575,1575,2225,1500,0,,,,,,,,0,,,,0
39541,36593,25126,21978,0,0,9.19014,-2.18112,-1.92973,0.019175,0.052198,0.077764,-35.601,-34.577,36.089,-13.3081,-42.5917,-304.6308,-698.4360,-685.7045,-6027.8022,-0.0129789,0.3696149,0.0153136,0.000000,0.000000,0.000000,0.00000,0.00000,0.000,0.000,0.000,0.000,0.000,-6.0000,0.0000,0.0000,6.0000,95.00,95.00,90.00,90.00,1575,1575,2225,1500,0,,,,,,,,0,,,,0
39573,26020,30807,22730,0,0,9.23922,-2.55102,-2.20865,0.169377,-0.107592,0.217314,-35.787,-34.979,36.892,-13.0945,-42.5407,-304.7545,-698.7795,-686.8120,-6035.7305,-0.0129789,0.3696149,0.0153136,0.000000,0.000000,0.000000,0.00000,0.00000,0.000,0.000,0.000,0.000,0.000,-6.0000,0.0000,0.0000,6.0000,95.00,95.00,90.00,90.00,1575,1575,2225,1500,0,,,,,,,,0,,,,0
39628,17018,16141,13061,0,0,9.24282,-2.88501,-2.10091,0.015979,-0.062851,0.126766,-36.524,-35.956,38.451,-12.5397,-42.4094,-305.0608,-699.6636,-689.7424,-6056.7661,-0.0129789,0.3696149,0.0153136,0.000000,0.000000,0.000000,0.00000,0.00000,0.000,0.000,0.000,0.000,0.000,-6.0000,0.0000,0.0000,6.0000,95.00,95.00,90.00,90.00,1575,1575,2225,1500,0,,,,,,,,0,,,,0
39676,23071,15674,12281,0,0,9.15662,-2.28646,-2.14880,-0.054328,-0.216249,0.061785,-37.286,-37.114,39.539,-12.1667,-42.3012,-305.2729,-700.2627,-691.7963,-6071.5635,-0.0129789,0.3696149,0.0153136,0.000000,0.000000,0.000000,0.00000,0.00000,0.000,0.000,0.000,0.000,0.000,-6.0000,0.0000,0.0000,6.0000,95.00,95.00,90.00,90.00,1575,1575,2225,1500,0,,,,,,,,0,,,,0
39736,30527,29661,21600,0,0,9.21409,-3.73735,-2.15957,0.067112,-0.082025,0.470847,-38.366,-37.275,41.684,-11.7976,-42.2120,-305.4675,-700.8188,-693.7570,-6085.7349,-0.0129789,0.3696149,0.0153136,0.000000,0.000000,0.000000,0.00000,0.00000,0.000,0.000,0.000,0.000,0.000,-6.0000,0.0000,0.0000,6.0000,95.00,95.00,90.00,90.00,1575,1575,2225,1500,0,,,,,,,,0,,,,0
39779,27217,15301,12188,0,0,9.13268,-3.77805,-2.30083,-0.052198,-0.094809,-0.466586,-38.920,-39.046,42.148,-11.3444,-42.1267,-305.6790,-701.4889,-696.1987,-6103.4297,-0.0129789,0.3696149,0.0153136,0.000000,0.000000,0.000000,0.00000,0.00000,0.000,0.000,0.000,0.000,0.000,-6.0000,0.0000,0.0000,6.0000,95.00,95.00,90.00,90.00,1575,1575,2225,1500,0,,,,,,,,0,,,,0
39817,20982,16150,12634,0,0,9.28232,-2.16795,-3.07056,-0.443150,0.153398,-0.388822,-39.329,-40.016,41.713,-11.0512,-42.0440,-305.8398,-701.8975,-697.7341,-6114.5840,-0.0129789,0.3696149,0.0153136,0.000000,0.000000,0.000000,0.00000,0.00000,0.000,0.000,0.000,0.000,0.000,-6.0000,0.0000,0.0000,6.0000,95.00,95.00,90.00,90.00,1575,1575,2225,1500,0,,,,,,,,0,,,,0
39880,15813,15185,12155,0,0,9.17937,-2.38462,-1.71305,-0.122505,-0.019175,-0.236489,-39.347,-41.146,41.049,-10.5825,-41.9100,-306.0771,-702.5919,-700.4302,-6134.2334,-0.0129789,0.3696149,0.0153136,0.000000,0.000000,0.000000,0.00000,0.00000,0.000,0.000,0.000,0.000,0.000,-6.0000,0.0000,0.0000,6.0000,95.00,95.00,90.00,90.00,1575,1575,2225,1500,0,,,,,,,,0,,,,0
39925,28219,16248,13165,0,0,9.44393,-2.86706,-2.91853,-0.058590,0.183225,-0.337689,-39.498,-42.178,40.974,-10.2342,-41.8301,-306.2422,-703.0457,-702.2554,-6147.5801,-0.0129789,0.3696149,0.0153136,0.000000,0.000000,0.000000,0.00000,0.00000,0.000,0.000,0.000,0.000,0.000,-6.0000,0.0000,0.0000,6.0000,95.00,95.00,90.00,90.00,1575,1575,2225,1500,0,,,,,,,,0,,,,0
39977,15703,15195,12132,0,0,9.47505,-2.00874,-3.43688,-0.034088,0.070307,0.129962,-39.839,-43.371,41.431,-9.8535,-41.7004,-306.4424,-703.5840,-704.4918,-6163.9829,-0.0129789,0.3696149,0.0153136,0.000000,0.000000,0.000000,0.00000,0.00000,0.000,0.000,0.000,0.000,0.000,-6.0000,0.0000,0.0000,6.0000,95.00,95.00,90.00,90.00,1575,1575,2225,1500,0,,,,,,,,0,,,,0
40039,37514,24408,16275,0,0,8.57483,-3.07894,-2.07817,0.726510,0.075634,0.329167,-39.161,-43.289,42.825,-9.4803,-41.6133,-306.6381,-704.0955,-706.6960,-6180.2046,-0.0129789,0.3696149,0.0153136,0.000000,0.000000,0.000000,0.00000,0.00000,0.000,0.000,0.000,0.000,0.000,-6.0000,0.0000,0.0000,6.0000,95.00,95.00,90.00,90.00,1575,1575,2225,1500,0,,,,,,,,0,,,,0
40070,25243,30264,22337,0,0,9.37809,-2.20267,-1.52870,0.220510,-0.098004,0.216249,-39.442,-43.628,43.725,-9.3126,-41.5462,-306.7183,-704.3327,-707.7457,-6187.9463,-0.0129789,0.3696149,0.0153136,0.000000,0.000000,0.000000,0.00000,0.00000,0.000,0.000,0.000,0.000,0.000,-6.0000,0.0000,0.0000,6.0000,95.00,95.00,90.00,90.00,1575,1575,2225,1500,0,,,,,,,,0,,,,0
40129,16846,16123,13063,0,0,9.23084,-2.50314,-1.71185,0.023436,-0.168312,-0.027697,-39.738,-45.401,45.513,-8.8189,-41.4005,-306.9414,-704.9899,-710.7545,-6210.2002,-0.0129789,0.3696149,0.0153136,0.000000,0.000000,0.000000,0.00000,0.00000,0.000,0.000,0.000,0.000,0.000,-6.0000,0.0000,0.0000,6.0000,95.00,95.00,90.00,90.00,1575,1575,2225,1500,0,,,,,,,,0,,,,0
40172,21516,15798,12710,0,0,9.40921,-3.49913,-2.54982,-0.034088,0.067112,-0.306796,-40.386,-46.499,46.188,-8.4954,-41.3195,-307.0746,-705.3666,-712.5539,-6223.5581,-0.0129789,0.3696149,0.0153136,0.000000,0.000000,0.000000,0.00000,0.00000,0.000,0.000,0.000,0.000,0.000,-6.0000,0.0000,0.0000,6.0000,95.00,95.00,90.00,90.00,1575,1575,2225,1500,0,,,,,,,,0,,,,0
40232,16872,16136,13065,0,0,9.39844,-2.77608,-2.42533,0.008522,-0.194943,0.133158,-40.637,-47.959,46.606,-8.0986,-41.1664,-307.2641,-705.8655,-715.0336,-6242.0264,-0.0129789,0.3696149,0.0153136,0.000000,0.000000,0.000000,0.00000,0.00000,0.000,0.000,0.000,0.000,0.000,-6.0000,0.0000,0.0000,6.0000,95.00,95.00,90.00,90.00,1575,1575,2225,1500,0,,,,,,,,0,,,,0
40277,26249,17474,14013,0,0,9.31464,-1.70108,-3.03824,0.022371,0.438889,0.131028,-58.751,-58.468,70.981,-6.9678,-40.1060,-300.0586,-810.0236,-876.9547,-6142.1548,-0.0010876,0.3841738,0.0235551,0.000000,0.000000,0.000000,0.00000,0.00000,0.000,0.000,0.000,0.000,0.000,-6.0000,0.0000,0.0000,6.0000,95.00,95.00,90.00,90.00,1575,1575,2225,1500,0,,,,,,,,0,,,,0
40328,26478,16204,13122,0,0,9.36612,-2.87185,-1.56102,0.013848,0.172573,0.165116,-71.399,-61.048,86.313,-6.4974,-39.5558,-296.9961,-854.4404,-946.7974,-6109.6445,0.0039629,0.3903361,0.0270343,0.000000,0.000000,0.000000,0.00000,0.00000,0.000,0.000,0.000,0.000,0.000,-6.0000,0.0000,0.0000,6.0000,95.00,95.00,90.00,90.00,1575,1575,2225,1500,0,,,,,,,,0,,,,0
40371,21439,15760,12690,0,0,9.31464,-2.02549,-1.88663,0.013848,0.054328,-0.099070,-72.802,-61.728,87.812,-6.3868,-39.4330,-297.0295,-854.7208,-948.5171,-6122.5762,0.0039629,0.3903361,0.0270343,0.000000,0.000000,0.000000,0.00000,0.00000,0.000,0.000,0.000,0.000,0.000,-6.0000,0.0000,0.0000,6.0000,95.00,95.00,90.00,90.00,1575,1575,2225,1500,0,,,,,,,,0,,,,0
40431,16844,16146,13061,0,0,9.14944,-2.16436,-1.58616,-0.021305,-0.301470,0.102265,-76.175,-62.119,91.676,-6.2447,-39.2657,-297.0736,-855.1001,-950.8805,-6140.4175,0.0039629,0.3903361,0.0270343,0.000000,0.000000,0.000000,0.00000,0.00000,0.000,0.000,0.000,0.000,0.000,-6.0000,0.0000,0.0000,6.0000,95.00,95.00,90.00,90.00,1575,1575,2225,1500,0,,,,,,,,0,,,,0
40468,20305,15665,12612,0,0,9.46907,-2.10809,-2.01472,0.210922,-0.076699,0.242880,-78.646,-61.907,94.478,-6.1680,-39.1498,-297.0989,-855.3309,-952.3383,-6151.4629,0.0039629,0.3903361,0.0270343,0.000000,0.000000,0.000000,0.00000,0.00000,0.000,0.000,0.000,0.000,0.000,-6.0000,0.0000,0.0000,6.0000,95.00,95.00,90.00,90.00,1575,1575,2225,1500,0,,,,,,,,0,,,,0
40535,45325,21090,18071,0,0,10.89122,-3.25971,-2.53905,0.171508,0.015979,-0.049002,-80.682,-62.219,97.127,-5.9966,-38.9569,-297.0526,-855.7029,-954.7280,-6169.6436,0.0039629,0.3903361,0.0270343,0.000000,0.000000,0.000000,0.00000,0.00000,0.000,0.000,0.000,0.000,0.000,-6.0000,0.0000,0.0000,6.0000,95.00,95.00,90.00,90.00,1575,1575,2225,1500,0,,,,,,,,0,,,,0
40583,30580,17203,12731,0,0,11.30063,-2.77368,-1.41378,0.142745,-0.511327,-0.394148,-84.246,-63.485,101.520,-5.9054,-38.7963,-296.9971,-856.0152,-956.7713,-6185.2559,0.0039629,0.3903361,0.0270343,0.000000,0.000000,0.000000,0.00000,0.00000,0.000,0.000,0.000,0.000,0.000,-6.0000,0.0000,0.0000,6.0000,95.00,95.00,90.00,90.00,1575,1575,2225,1500,0,,,,,,,,0,,,,0
40621,21355,15683,12598,0,0,10.58836,-1.90698,-1.66996,0.135289,0.164051,-0.355798,-85.910,-64.508,103.595,-5.8738,-38.6661,-296.9677,-856.2438,-958.2737,-6196.7759,0.0039629,0.3903361,0.0270343,0.000000,0.000000,0.000000,0.00000,0.00000,0.000,0.000,0.000,0.000,0.000,-6.0000,0.0000,0.0000,6.0000,95.00,95.00,90.00,90.00,1575,1575,2225,1500,0,,,,,,,,0,,,,0
40680,15875,15178,12155,0,0,8.31746,-2.26611,-2.12366,0.557133,0.181095,-0.514523,-83.944,-66.658,103.498,-5.7597,-38.4885,-297.0487,-856.5919,-960.5814,-6214.5474,0.0039629,0.3903361,0.0270343,0.000000,0.000000,0.000000,0.00000,0.00000,0.000,0.000,0.000,0.000,0.000,-6.0000,0.0000,0.0000,6.0000,95.00,95.00,90.00,90.00,1575,1575,2225,1500,0,,,,,,,,0,,,,0
40735,30822,23712,12831,0,0,9.40921,-0.71228,-3.30759,0.520914,-0.837298,-0.368582,-88.335,-67.938,109.749,-5.6691,-38.3190,-297.0883,-856.8559,-962.3555,-6228.2690,0.0039629,0.3903361,0.0270343,0.000000,0.000000,0.000000,0.00000,0.00000,0.000,0.000,0.000,0.000,0.000,-6.0000,0.0000,0.0000,6.0000,95.00,95.00,90.00,90.00,1575,1575,2225,1500,0,,,,,,,,0,,,,0
40778,22103,15259,12185,0,0,10.05804,-0.91099,-1.55982,0.796818,-0.374973,-0.690291,-93.998,-70.018,118.377,-5.6604,-38.1482,-297.0860,-857.1498,-964.3395,-6243.6870,0.0039629,0.3903361,0.0270343,0.000000,0.000000,0.000000,0.00000,0.00000,0.000,0.000,0.000,0.000,0.000,-6.0000,0.0000,0.0000,6.0000,95.00,95.00,90.00,90.00,1575,1575,2225,1500,0,,,,,,,,0,,,,0
40832,16879,16096,13045,0,0,10.00657,-0.81403,-2.15358,0.820254,-0.329167,-0.729706,-99.907,-71.875,127.297,-5.6506,-37.9509,-297.0816,-857.4514,-966.3688,-6259.5352,0.0039629,0.3903361,0.0270343,0.000000,0.000000,0.000000,0.00000,0.00000,0.000,0.000,0.000,0.000,0.000,-6.0000,0.0000,0.0000,6.0000,95.00,95.00,90.00,90.00,1575,1575,2225,1500,0,,,,,,,,0,,,,0
40869,16830,36113,28115,0,0,9.60195,-0.95050,-2.02310,0.990696,-0.136354,-0.748881,-100.933,-72.519,129.373,-5.6445,-37.9105,-297.0858,-857.5464,-967.0072,-6264.5352,0.0039629,0.3903361,0.0270343,0.000000,0.000000,0.000000,0.00000,0.00000,0.000,0.000,0.000,0.000,0.000,-6.0000,0.0000,0.0000,6.0000,95.00,95.00,90.00,90.00,1575,1575,2225,1500,0,,,,,,,,0,,,,0
40920,28935,21744,13630,0,0,9.85094,-0.93015,-2.15239,0.844755,0.198139,-0.278034,-104.689,-73.397,136.453,-5.6166,-37.8140,-297.0739,-857.9140,-969.4811,-6283.9399,0.0039629,0.3903361,0.0270343,0.000000,0.000000,0.000000,0.00000,0.00000,0.000,0.000,0.000,0.000,0.000,-6.0000,0.0000,0.0000,6.0000,95.00,95.00,90.00,90.00,1575,1575,2225,1500,0,,,,,,,,0,,,,0
40968,23694,15652,12606,0,0,9.63786,-0.93015,-2.75094,0.523045,-0.214118,-0.226901,-109.297,-73.556,143.085,-5.5835,-37.6776,-297.0955,-858.2184,-971.5333,-6300.0928,0.0039629,0.3903361,0.0270343,0.000000,0.000000,0.000000,0.00000,0.00000,0.000,0.000,0.000,0.000,0.000,-6.0000,0.0000,0.0000,6.0000,95.00,95.00,90.00,90.00,1575,1575,2225,1500,0,,,,,,,,0,,,,0
41029,36565,24029,20922,0,0,9.97185,-0.04070,-1.76692,0.451672,0.150202,-0.152333,-112.129,-73.704,147.459,-5.6123,-37.5511,-297.0865,-858.5116,-973.5056,-6315.6699,0.0039629,0.3903361,0.0270343,0.000000,0.000000,0.000000,0.00000,0.00000,0.000,0.000,0.000,0.000,0.000,-6.0000,0.0000,0.0000,6.0000,95.00,95.00,90.00,90.00,1575,1575,2225,1500,0,,,,,,,,0,,,,0
41078,32291,15417,12304,0,0,8.58920,-1.85072,-2.84311,0.303600,0.211988,0.117179,-110.314,-73.433,146.770,-5.5551,-37.4588,-297.1367,-858.8314,-975.6519,-6332.6729,0.0039629,0.3903361,0.0270343,0.000000,0.000000,0.000000,0.00000,0.00000,0.000,0.000,0.000,0.000,0.000,-6.0000,0.0000,0.0000,6.0000,95.00,95.00,90.00,90.00,1575,1575,2225,1500,0,,,,,,,,0,,,,0
41132,16819,16121,13042,0,0,9.66779,-2.30801,-1.87466,0.414388,0.161920,-0.041545,-113.176,-73.407,150.936,-5.5615,-37.3580,-297.1295,-859.1290,-977.6530,-6348.5742,0.0039629,0.3903361,0.0270343,0.000000,0.000000,0.000000,0.00000,0.00000,0.000,0.000,0.000,0.000,0.000,-6.0000,0.0000,0.0000,6.0000,95.00,95.00,90.00,90.00,1575,1575,2225,1500,0,,,,,,,,0,,,,0
41179,22343,15268,12200,0,0,10.09874,-2.24935,-1.70707,0.445281,0.107592,-0.149137,-115.037,-73.340,153.994,-5.5449,-37.2952,-297.1260,-859.3952,-979.4427,-6362.8232,0.0039629,0.3903361,0.0270343,0.000000,0.000000,0.000000,0.00000,0.00000,0.000,0.000,0.000,0.000,0.000,-6.0000,0.0000,0.0000,6.0000,95.00,95.00,90.00,90.00,1575,1575,2225,1500,0,,,,,,,,0,,,,0
41224,28010,16237,13141,0,0,8.77714,-2.23858,-2.05183,0.338754,0.351537,0.266316,-114.068,-72.873,153.861,-5.5151,-37.2640,-297.1382,-859.6356,-981.0635,-6375.7417,0.0039629,0.3903361,0.0270343,0.000000,0.000000,0.000000,0.00000,0.00000,0.000,0.000,0.000,0.000,0.000,-6.0000,0.0000,0.0000,6.0000,95.00,95.00,90.00,90.00,1575,1575,2225,1500,0,,,,,,,,0,,,,0
41277,15315,17084,13800,0,0,9.72166,-0.45370,-2.69827,-0.150202,0.537959,0.145941,-115.121,-72.467,154.924,-5.5052,-37.4208,-297.1879,-853.8492,-979.2792,-6397.5645,0.0032608,0.3906842,0.0267898,0.000000,0.000000,0.000000,0.00000,0.00000,0.000,0.000,0.000,0.000,0.000,-6.0000,0.0000,0.0000,6.0000,95.00,95.00,90.00,90.00,1575,1575,2225,1500,0,,,,,,,,0,,,,0
41324,29801,16308,13189,0,0,8.24204,-4.12521,-2.04944,0.014914,-0.052198,0.336624,-115.852,-71.575,155.758,-5.4665,-37.3181,-297.2033,-855.9384,-982.1608,-6409.7383,0.0034719,0.3905767,0.0268639,0.000000,0.000000,0.000000,0.00000,0.00000,0.000,0.000,0.000,0.000,0.000,-6.0000,0.0000,0.0000,6.0000,95.00,95.00,90.00,90.00,1575,1575,2225,1500,0,,,,,,,,0,,,,0
41377,25487,22161,12278,0,0,9.98382,-0.70390,-1.66636,0.176834,0.282295,-0.564590,-119.326,-71.713,159.509,-5.5119,-37.2468,-297.1919,-856.2001,-983.9395,-6423.9170,0.0034719,0.3905767,0.0268639,0.000000,0.000000,0.000000,0.00000,0.00000,0.000,0.000,0.000,0.000,0.000,-6.0000,0.0000,0.0000,6.0000,95.00,95.00,90.00,90.00,1575,1575,2225,1500,0,,,,,,,,0,,,,0
41424,23093,17990,14893,0,0,8.34020,-0.77812,-1.60292,0.091613,0.395213,-0.017044,-125.149,-71.937,165.212,-5.5285,-37.6721,-297.2721,-846.7183,-979.7256,-6448.8799,0.0023243,0.3912058,0.0264520,0.000000,0.000000,0.000000,0.00000,0.00000,0.000,0.000,0.000,0.000,0.000,-6.0000,0.0000,0.0000,6.0000,95.00,95.00,90.00,90.00,1575,1575,2225,1500,0,,,,,,,,0,,,,0
41476,15329,15532,12182,0,0,8.93756,-2.32118,-1.43532,0.458064,0.219444,-0.005326,-126.510,-71.764,167.715,-5.5901,-37.6444,-297.2959,-847.0249,-981.8000,-6465.2593,0.0023243,0.3912058,0.0264520,0.000000,0.000000,0.000000,0.00000,0.00000,0.000,0.000,0.000,0.000,0.000,-6.0000,0.0000,0.0000,6.0000,95.00,95.00,90.00,90.00,1575,1575,2225,1500,0,,,,,,,,0,,,,0
41538,36964,24639,21552,0,0,10.44111,0.90860,-1.86628,-0.059655,-0.211988,-0.272708,-130.993,-71.335,172.804,-5.6903,-37.5474,-297.3015,-847.3215,-983.7818,-6480.9272,0.0023243,0.3912058,0.0264520,0.000000,0.000000,0.000000,0.00000,0.00000,0.000,0.000,0.000,0.000,0.000,-6.0000,0.0000,0.0000,6.0000,95.00,95.00,90.00,90.00,1575,1575,2225,1500,0,,,,,,,,0,,,,0
41569,25506,30269,22330,0,0,9.76954,-3.57335,-1.69509,0.364320,-0.316384,-0.292948,-133.626,-70.984,176.145,-5.6830,-37.5795,-297.2848,-847.4665,-984.7399,-6488.5098,0.0023243,0.3912058,0.0264520,0.000000,0.000000,0.000000,0.00000,0.00000,0.000,0.000,0.000,0.000,0.000,-6.0000,0.0000,0.0000,6.0000,95.00,95.00,90.00,90.00,1575,1575,2225,1500,0,,,,,,,,0,,,,0
41630,16827,16143,13084,0,0,8.63349,-1.52152,-0.81403,0.189617,0.958738,-0.067112,-132.090,-72.050,175.702,-5.8547,-37.6375,-297.2761,-847.8981,-987.5475,-6510.7017,0.0023243,0.3912058,0.0264520,0.000000,0.000000,0.000000,0.00000,0.00000,0.000,0.000,0.000,0.000,0.000,-6.0000,0.0000,0.0000,6.0000,95.00,95.00,90.00,90.00,1575,1575,2225,1500,0,,,,,,,,0,,,,0
41675,28921,15723,12357,0,0,8.55448,-2.40019,-1.44610,0.182160,0.083091,0.151268,-132.169,-71.587,176.388,-5.8705,-37.6546,-297.3179,-848.1666,-989.2711,-6524.3130,0.0023243,0.3912058,0.0264520,0.000000,0.000000,0.000000,0.00000,0.00000,0.000,0.000,0.000,0.000,0.000,-6.0000,0.0000,0.0000,6.0000,95.00,95.00,90.00,90.00,1575,1575,2225,1500,0,,,,,,,,0,,,,0
41717,26145,15753,12664,0,0,9.43076,-0.86311,-1.01035,0.135289,-0.387756,-0.036219,-135.408,-70.407,-179.811,-5.9410,-37.6491,-297.3429,-848.4150,-990.8554,-6536.8247,0.0023243,0.3912058,0.0264520,0.000000,0.000000,0.000000,0.00000,0.00000,0.000,0.000,0.000,0.000,0.000,-6.0000,0.0000,0.0000,6.0000,95.00,95.00,90.00,90.00,1575,1575,2225,1500,0,,,,,,,,0,,,,0
41772,16843,15611,12591,0,0,10.31542,-0.06225,-0.82001,0.005326,-0.303600,-0.017044,-140.116,-68.801,-174.565,-6.0978,-37.6240,-297.3434,-848.7447,-992.9187,-6553.1260,0.0023243,0.3912058,0.0264520,0.000000,0.000000,0.000000,0.00000,0.00000,0.000,0.000,0.000,0.000,0.000,-6.0000,0.0000,0.0000,6.0000,95.00,95.00,90.00,90.00,1575,1575,2225,1500,0,,,,,,,,0,,,,0
41823,24439,17890,14726,0,0,9.72405,-0.86670,-0.41300,0.001065,0.257794,0.034088,-152.184,-65.930,-163.298,-6.0220,-39.4367,-298.0894,-818.2804,-974.4700,-6600.3989,-0.0012322,0.3926773,0.0251814,0.000000,0.000000,0.000000,0.00000,0.00000,0.000,0.000,0.000,0.000,0.000,-6.0000,0.0000,0.0000,6.0000,95.00,95.00,90.00,90.00,1575,1575,2225,1500,0,,,,,,,,0,,,,0
41869,24440,15792,12704,0,0,10.53928,0.20710,-1.96325,-0.024501,-0.089482,-0.166181,-149.483,-65.485,-153.570,-2.0534,-34.5892,-299.7277,-783.1901,-996.6703,-6598.2949,0.0006364,0.3974319,0.0233203,0.000000,0.000000,0.000000,0.00000,0.00000,0.000,0.000,0.000,0.000,0.000,-6.0000,0.0000,0.0000,6.0000,95.00,95.00,90.00,90.00,1575,1575,2225,1500,0,,,,,,,,0,,,,0
41931,17019,17863,14820,0,0,9.62110,-1.19830,-0.36392,0.017044,0.202400,-0.013848,-157.381,-62.270,-145.191,-1.8351,-35.7867,-300.4084,-760.0658,-986.3703,-6637.9214,-0.0016959,0.3989320,0.0223017,0.000000,0.000000,0.000000,0.00000,0.00000,0.000,0.000,0.000,0.000,0.000,-6.0000,0.0000,0.0000,6.0000,95.00,95.00,90.00,90.00,1575,1575,2225,1500,0,,,,,,,,0,,,,0
41972,17872,18165,15097,0,0,8.42759,-1.51314,-1.65559,0.075634,0.274838,0.166181,-156.174,-59.772,-136.905,1.7303,-32.8749,-301.8582,-701.5116,-981.3668,-6660.9634,-0.0033724,0.4038563,0.0195662,0.000000,0.000000,0.000000,0.00000,0.00000,0.000,0.000,0.000,0.000,0.000,-6.0000,0.0000,0.0000,6.0000,95.00,95.00,90.00,90.00,1575,1575,2225,1500,0,,,,,,,,0,,,,0
42050,45909,31278,27965,0,0,9.13747,-0.92656,-1.24858,-0.024501,0.055394,-0.025566,-156.945,-58.537,-135.859,1.5933,-33.0607,-301.9318,-701.4045,-983.4875,-6680.3804,-0.0033724,0.4038563,0.0195662,0.000000,0.000000,0.000000,0.00000,0.00000,0.000,0.000,0.000,0.000,0.000,-6.0000,0.0000,0.0000,6.0000,95.00,95.00,90.00,90.00,1575,1575,2225,1500,0,,,,,,,,0,,,,0
42081,32101,30817,22724,0,0,9.67138,-1.16119,-1.08338,-0.100135,-0.006392,0.024501,-157.580,-57.837,-135.322,1.5186,-33.1644,-301.9591,-701.3546,-984.5505,-6690.0732,-0.0033724,0.4038563,0.0195662,0.000000,0.000000,0.000000,0.00000,0.00000,0.000,0.000,0.000,0.000,0.000,-6.0000,0.0000,0.0000,6.0000,95.00,95.00,90.00,90.00,1575,1575,2225,1500,0,,,,,,,,0,,,,0
42125,27491,16270,13172,0,0,8.89925,-1.99676,-1.08098,-0.062851,0.184291,0.180030,-158.499,-56.890,-134.652,1.3893,-33.3551,-302.0249,-701.2702,-986.4969,-6707.7480,-0.0033724,0.4038563,0.0195662,0.000000,0.000000,0.000000,0.00000,0.00000,0.000,0.000,0.000,0.000,0.000,-6.0000,0.0000,0.0000,6.0000,95.00,95.00,90.00,90.00,1575,1575,2225,1500,0,,,,,,,,0,,,,0
42169,21924,15751,12691,0,0,10.86848,0.57940,-1.47603,-0.013848,0.127832,0.050067,-158.231,-56.159,-135.122,1.2412,-33.4841,-302.0592,-701.2117,-987.9706,-6721.0669,-0.0033724,0.4038563,0.0195662,0.000000,0.000000,0.000000,0.00000,0.00000,0.000,0.000,0.000,0.000,0.000,-6.0000,0.0000,0.0000,6.0000,95.00,95.00,90.00,90.00,1575,1575,2225,1500,0,,,,,,,,0,,,,0
42239,20655,22693,12639,0,0,8.19416,-2.21942,-0.34357,0.151268,0.230097,0.330232,-159.287,-54.621,-133.623,1.0977,-33.7362,-302.1349,-701.1385,-990.1078,-6740.2832,-0.0033724,0.4038563,0.0195662,0.000000,0.000000,0.000000,0.00000,0.00000,0.000,0.000,0.000,0.000,0.000,-6.0000,0.0000,0.0000,6.0000,95.00,95.00,90.00,90.00,1575,1575,2225,1500,0,,,,,,,,0,,,,0
42267,23515,26717,18822,0,0,9.16261,-1.66756,-0.17358,0.131028,0.380299,0.099070,-158.981,-54.553,-133.776,1.0467,-33.8402,-302.1796,-701.1133,-990.9024,-6747.3887,-0.0033724,0.4038563,0.0195662,0.000000,0.000000,0.000000,0.00000,0.00000,0.000,0.000,0.000,0.000,0.000,-6.0000,0.0000,0.0000,6.0000,95.00,95.00,90.00,90.00,1575,1575,2225,1500,0,,,,,,,,0,,,,0
42320,17058,15666,12610,0,0,9.03931,-2.22541,-1.30843,0.187487,-0.017044,0.230097,-158.189,-54.218,-133.677,0.9397,-34.0961,-302.2621,-701.0499,-993.0804,-6766.7632,-0.0033724,0.4038563,0.0195662,0.000000,0.000000,0.000000,0.00000,0.00000,0.000,0.000,0.000,0.000,0.000,-6.0000,0.0000,0.0000,6.0000,95.00,95.00,90.00,90.00,1575,1575,2225,1500,0,,,,,,,,0,,,,0
42379,15871,15186,12150,0,0,10.35851,-0.64883,-0.71587,-0.002131,0.138484,-0.099070,-158.934,-53.150,-132.637,0.7378,-34.3528,-302.3297,-700.9998,-995.1323,-6784.8872,-0.0033724,0.4038563,0.0195662,0.000000,0.000000,0.000000,0.00000,0.00000,0.000,0.000,0.000,0.000,0.000,-6.0000,0.0000,0.0000,6.0000,95.00,95.00,90.00,90.00,1575,1575,2225,1500,0,,,,,,,,0,,,,0
42424,28034,16238,13159,0,0,9.30507,-0.95289,-0.99838,-0.078830,0.084156,0.051133,-159.513,-52.490,-132.161,0.6060,-34.5159,-302.3927,-700.9708,-996.6277,-6798.0186,-0.0033724,0.4038563,0.0195662,0.000000,0.000000,0.000000,0.00000,0.00000,0.000,0.000,0.000,0.000,0.000,-6.0000,0.0000,0.0000,6.0000,95.00,95.00,90.00,90.00,1575,1575,2225,1500,0,,,,,,,,0,,,,0
42480,15762,15836,12813,0,0,9.60554,-1.33836,-0.49560,-0.069242,0.226901,-0.015979,-159.839,-51.473,-132.073,0.4397,-34.7737,-302.4902,-700.9412,-998.5939,-6815.1826,-0.0033724,0.4038563,0.0195662,0.000000,0.000000,0.000000,0.00000,0.00000,0.000,0.000,0.000,0.000,0.000,-6.0000,0.0000,0.0000,6.0000,95.00,95.00,90.00,90.00,1575,1575,2225,1500,0,,,,,,,,0,,,,0
42542,36874,25049,21954,0,0,9.18057,-3.27886,-0.27174,0.164051,-0.447411,0.071373,-160.388,-49.534,-130.976,0.3425,-35.0491,-302.5723,-700.9213,-1000.4410,-6831.1929,-0.0033724,0.4038563,0.0195662,0.000000,0.000000,0.000000,0.00000,0.00000,0.000,0.000,0.000,0.000,0.000,-6.0000,0.0000,0.0000,6.0000,95.00,95.00,90.00,90.00,1575,1575,2225,1500,0,,,,,,,,0,,,,0
42575,25960,31495,23451,0,0,9.50259,-1.42814,0.31364,0.088417,-0.128897,0.019175,-160.559,-48.787,-130.570,0.2677,-35.1944,-302.6383,-700.9133,-1001.3527,-6839.0483,-0.0033724,0.4038563,0.0195662,0.000000,0.000000,0.000000,0.00000,0.00000,0.000,0.000,0.000,0.000,0.000,-6.0000,0.0000,0.0000,6.0000,95.00,95.00,90.00,90.00,1575,1575,2225,1500,0,,,,,,,,0,,,,0
42630,16946,16173,13094,0,0,9.16740,-1.64960,-1.00317,0.152333,-0.053263,0.144876,-160.165,-47.888,-130.463,0.1087,-35.5223,-302.7735,-700.8999,-1003.8346,-6860.2939,-0.0033724,0.4038563,0.0195662,0.000000,0.000000,0.000000,0.00000,0.00000,0.000,0.000,0.000,0.000,0.000,-6.0000,0.0000,0.0000,6.0000,95.00,95.00,90.00,90.00,1575,1575,2225,1500,0,,,,,,,,0,,,,0
42677,22816,15350,12215,0,0,9.77553,-1.03430,-0.82121,-0.102265,-0.136354,-0.151268,-161.145,-46.575,-129.261,-0.0623,-35.7630,-302.8729,-700.8990,-1005.5562,-6874.9209,-0.0033724,0.4038563,0.0195662,0.000000,0.000000,0.000000,0.00000,0.00000,0.000,0.000,0.000,0.000,0.000,-6.0000,0.0000,0.0000,6.0000,95.00,95.00,90.00,90.00,1575,1575,2225,1500,0,,,,,,,,0,,,,0
42721,27940,16205,12660,0,0,11.19648,0.04310,-0.50159,-0.107592,0.030893,-0.110788,-161.957,-45.622,-128.420,-0.2427,-36.0026,-302.9338,-700.9052,-1007.1171,-6888.0981,-0.0033724,0.4038563,0.0195662,0.000000,0.000000,0.000000,0.00000,0.00000,0.000,0.000,0.000,0.000,0.000,-6.0000,0.0000,0.0000,6.0000,95.00,95.00,90.00,90.00,1575,1575,2225,1500,0,,,,,,,,0,,,,0
42782,16817,15580,12535,0,0,9.33619,-1.60172,-0.41659,-0.005326,0.150202,0.203466,-161.820,-44.926,-128.337,-0.3807,-36.3192,-303.0899,-700.9245,-1009.3391,-6906.7187,-0.0033724,0.4038563,0.0195662,0.000000,0.000000,0.000000,0.00000,0.00000,0.000,0.000,0.000,0.000,0.000,-6.0000,0.0000,0.0000,6.0000,95.00,95.00,90.00,90.00,1575,1575,2225,1500,0,,,,,,,,0,,,,0
42822,19034,16171,13045,0,0,10.59674,1.94409,-2.09373,-0.158724,0.015979,-0.410127,-155.232,-43.875,-130.651,1.3413,-33.4841,-301.9084,-622.5773,-951.7578,-6945.0937,-0.0089878,0.4049776,0.0153845,0.000000,0.000000,0.000000,0.00000,0.00000,0.000,0.000,0.000,0.000,0.000,-6.0000,0.0000,0.0000,6.0000,95.00,95.00,90.00,90.00,1575,1575,2225,1500,0,,,,,,,,0,,,,0
42874,25682,19919,12719,0,0,9.01656,-1.72023,-0.12929,-0.013848,-0.071373,0.198139,-155.561,-42.023,-130.095,1.2497,-33.7179,-302.0442,-622.5148,-953.3621,-6959.5161,-0.0089878,0.4049776,0.0153845,0.000000,0.000000,0.000000,0.00000,0.00000,0.000,0.000,0.000,0.000,0.000,-6.0000,0.0000,0.0000,6.0000,95.00,95.00,90.00,90.00,1575,1575,2225,1500,0,,,,,,,,0,,,,0
42917,27625,15819,12674,0,0,9.89404,-2.18112,-0.45370,0.111853,0.030893,-0.027697,-155.967,-40.932,-129.250,1.1057,-34.0025,-302.1618,-622.4587,-954.9799,-6973.9512,-0.0089878,0.4049776,0.0153845,0.000000,0.000000,0.000000,0.00000,0.00000,0.000,0.000,0.000,0.000,0.000,-6.0000,0.0000,0.0000,6.0000,95.00,95.00,90.00,90.00,1575,1575,2225,1500,0,,,,,,,,0,,,,0
42971,15847,15593,12568,0,0,10.52132,0.12450,-0.63925,0.107592,-0.088417,-0.024501,-155.710,-39.917,-129.121,0.9255,-34.2900,-302.2850,-622.4034,-956.8148,-6990.1914,-0.0089878,0.4049776,0.0153845,0.000000,0.000000,0.000000,0.00000,0.00000,0.000,0.000,0.000,0.000,0.000,-6.0000,0.0000,0.0000,6.0000,95.00,95.00,90.00,90.00,1575,1575,2225,1500,0,,,,,,,,0,,,,0
43032,37482,23883,20808,0,0,10.11431,-0.96007,-1.00676,-0.009587,-0.068177,0.018109,-156.371,-38.784,-128.153,0.6990,-34.6040,-302.4220,-622.3604,-958.6504,-7006.3032,-0.0089878,0.4049776,0.0153845,0.000000,0.000000,0.000000,0.00000,0.00000,0.000,0.000,0.000,0.000,0.000,-6.0000,0.0000,0.0000,6.0000,95.00,95.00,90.00,90.00,1575,1575,2225,1500,0,,,,,,,,0,,,,0
43092,35718,22678,12942,0,0,9.56124,-1.24618,-0.69911,-0.117179,0.044741,0.092678,-156.998,-37.742,-127.771,0.4935,-34.9476,-302.6127,-622.3241,-960.7540,-7024.6050,-0.0089878,0.4049776,0.0153845,0.000000,0.000000,0.000000,0.00000,0.00000,0.000,0.000,0.000,0.000,0.000,-6.0000,0.0000,0.0000,6.0000,95.00,95.00,90.00,90.00,1575,1575,2225,1500,0,,,,,,,,0,,,,0
43130,21465,16187,13118,0,0,10.90679,-0.17717,-1.43772,-0.303600,0.083091,-0.141680,-157.915,-37.033,-126.998,0.2747,-35.2327,-302.7104,-622.3069,-962.3199,-7038.1099,-0.0089878,0.4049776,0.0153845,0.000000,0.000000,0.000000,0.00000,0.00000,0.000,0.000,0.000,0.000,0.000,-6.0000,0.0000,0.0000,6.0000,95.00,95.00,90.00,90.00,1575,1575,2225,1500,0,,,,,,,,0,,,,0
43190,35765,23389,20291,0,0,8.99382,-2.46004,0.25259,-0.105461,-0.133158,0.154463,-158.576,-35.399,-126.393,0.1364,-35.5700,-302.8946,-622.2964,-964.1843,-7054.0610,-0.0089878,0.4049776,0.0153845,0.000000,0.000000,0.000000,0.00000,0.00000,0.000,0.000,0.000,0.000,0.000,-6.0000,0.0000,0.0000,6.0000,95.00,95.00,90.00,90.00,1575,1575,2225,1500,0,,,,,,,,0,,,,0
43218,23765,27715,19581,0,0,9.62230,-1.63165,-0.17597,0.014914,0.205596,-0.001065,-158.628,-35.154,-126.246,0.0599,-35.7328,-302.9812,-622.2941,-965.0315,-7061.2603,-0.0089878,0.4049776,0.0153845,0.000000,0.000000,0.000000,0.00000,0.00000,0.000,0.000,0.000,0.000,0.000,-6.0000,0.0000,0.0000,6.0000,95.00,95.00,90.00,90.00,1575,1575,2225,1500,0,,,,,,,,0,,,,0
43278,15830,15218,12159,0,0,9.97664,-0.35913,-0.89064,0.164051,-0.182160,0.080960,-157.976,-33.157,-126.003,-0.1848,-36.1719,-303.2290,-622.2976,-967.6335,-7083.1987,-0.0089878,0.4049776,0.0153845,0.000000,0.000000,0.000000,0.00000,0.00000,0.000,0.000,0.000,0.000,0.000,-6.0000,0.0000,0.0000,6.0000,95.00,95.00,90.00,90.00,1575,1575,2225,1500,0,,,,,,,,0,,,,0
43327,24801,16183,13100,0,0,9.63427,-1.16957,-0.96127,0.104396,-0.030893,-0.044741,-158.134,-32.093,-125.297,-0.3590,-36.4884,-303.4030,-622.3107,-969.3865,-7097.8345,-0.0089878,0.4049776,0.0153845,0.000000,0.000000,0.000000,0.00000,0.00000,0.000,0.000,0.000,0.000,0.000,-6.0000,0.0000,0.0000,6.0000,95.00,95.00,90.00,90.00,1575,1575,2225,1500,0,,,,,,,,0,,,,0
43370,21715,15747,12687,0,0,9.66898,-0.95768,-1.19471,-0.003196,0.101200,-0.116114,-158.382,-31.461,-124.599,-0.5493,-36.7793,-303.5580,-622.3307,-970.9911,-7111.1255,-0.0089878,0.4049776,0.0153845,0.000000,0.000000,0.000000,0.00000,0.00000,0.000,0.000,0.000,0.000,0.000,-6.0000,0.0000,0.0000,6.0000,95.00,95.00,90.00,90.00,1575,1575,2225,1500,0,,,,,,,,0,,,,0
43430,16897,16134,13056,0,0,10.45428,-0.29329,-0.71347,0.042611,0.155529,-0.164051,-158.516,-30.517,-123.742,-0.7842,-37.1991,-303.7904,-622.3700,-973.2020,-7129.2788,-0.0089878,0.4049776,0.0153845,0.000000,0.000000,0.000000,0.00000,0.00000,0.000,0.000,0.000,0.000,0.000,-6.0000,0.0000,0.0000,6.0000,95.00,95.00,90.00,90.00,1575,1575,2225,1500,0,,,,,,,,0,,,,0
43467,20541,15611,12587,0,0,9.21289,-2.04824,-1.07500,0.098004,0.112918,0.072438,-158.472,-29.957,-123.487,-0.9001,-37.4506,-303.9260,-622.4017,-974.5981,-7140.6450,-0.0089878,0.4049776,0.0153845,0.000000,0.000000,0.000000,0.00000,0.00000,0.000,0.000,0.000,0.000,0.000,-6.0000,0.0000,0.0000,6.0000,95.00,95.00,90.00,90.00,1575,1575,2225,1500,0,,,,,,,,0,,,,0
43532,45538,19343,16357,0,0,9.50977,-2.28167,-0.48842,0.173638,-0.050067,0.092678,-157.928,-28.428,-123.155,-1.0699,-37.9044,-304.1834,-622.4623,-976.9099,-7159.3032,-0.0089878,0.4049776,0.0153845,0.000000,0.000000,0.000000,0.00000,0.00000,0.000,0.000,0.000,0.000,0.000,-6.0000,0.0000,0.0000,6.0000,95.00,95.00,90.00,90.00,1575,1575,2225,1500,0,,,,,,,,0,,,,0
43581,32089,15283,12258,0,0,9.84017,-1.12767,-0.60932,0.122505,0.098004,0.223706,-157.353,-27.394,-123.544,-1.2540,-38.2887,-304.4122,-622.5228,-978.9017,-7175.2124,-0.0089878,0.4049776,0.0153845,0.000000,0.000000,0.000000,0.00000,0.00000,0.000,0.000,0.000,0.000,0.000,-6.0000,0.0000,0.0000,6.0000,95.00,95.00,90.00,90.00,1575,1575,2225,1500,0,,,,,,,,0,,,,0
43625,27950,16144,13124,0,0,10.00058,-0.34596,-0.77213,-0.079895,-0.128897,-0.068177,-157.817,-26.281,-122.895,-1.4531,-38.5989,-304.6112,-622.5815,-980.5708,-7188.4346,-0.0089878,0.4049776,0.0153845,0.000000,0.000000,0.000000,0.00000,0.00000,0.000,0.000,0.000,0.000,0.000,-6.0000,0.0000,0.0000,6.0000,95.00,95.00,90.00,90.00,1575,1575,2225,1500,0,,,,,,,,0,,,,0
43677,15667,15163,12155,0,0,9.36731,-2.44568,0.02993,-0.066046,-0.006392,-0.029827,-158.580,-24.852,-121.848,-1.6829,-38.9967,-304.8674,-622.6661,-982.6434,-7204.7158,-0.0089878,0.4049776,0.0153845,0.000000,0.000000,0.000000,0.00000,0.00000,0.000,0.000,0.000,0.000,0.000,-6.0000,0.0000,0.0000,6.0000,95.00,95.00,90.00,90.00,1575,1575,2225,1500,0,,,,,,,,0,,,,0
43726,31448,17063,13243,0,0,10.85411,0.58778,-1.02592,-0.090547,0.405866,-0.274838,-159.058,-24.931,-121.216,-1.9145,-39.3718,-305.0861,-622.7497,-984.4775,-7218.9897,-0.0089878,0.4049776,0.0153845,0.000000,0.000000,0.000000,0.00000,0.00000,0.000,0.000,0.000,0.000,0.000,-6.0000,0.0000,0.0000,6.0000,95.00,95.00,90.00,90.00,1575,1575,2225,1500,0,,,,,,,,0,,,,0
43770,22162,15706,12688,0,0,8.39168,-2.60010,-0.79009,0.030893,-0.436758,0.026632,-159.806,-23.718,-120.040,-2.0481,-39.6631,-305.2892,-622.8398,-986.2625,-7232.7769,-0.0089878,0.4049776,0.0153845,0.000000,0.000000,0.000000,0.00000,0.00000,0.000,0.000,0.000,0.000,0.000,-6.0000,0.0000,0.0000,6.0000,95.00,95.00,90.00,90.00,1575,1575,2225,1500,0,,,,,,,,0,,,,0
43823,16866,16080,13033,0,0,9.81862,-2.01831,0.43694,0.137419,-0.092678,-0.041545,-159.456,-22.083,-119.584,-2.1827,-40.0885,-305.5798,-622.9522,-988.3811,-7249.0059,-0.0089878,0.4049776,0.0153845,0.000000,0.000000,0.000000,0.00000,0.00000,0.000,0.000,0.000,0.000,0.000,-6.0000,0.0000,0.0000,6.0000,95.00,95.00,90.00,90.00,1575,1575,2225,1500,0,,,,,,,,0,,,,0
43868,22611,15723,12682,0,0,9.73482,-1.29766,-0.88945,0.132093,-0.046872,0.199204,-159.122,-21.232,-119.608,-2.3196,-40.4386,-305.8109,-623.0524,-990.1761,-7262.6348,-0.0089878,0.4049776,0.0153845,0.000000,0.000000,0.000000,0.00000,0.00000,0.000,0.000,0.000,0.000,0.000,-6.0000,0.0000,0.0000,6.0000,95.00,95.00,90.00,90.00,1575,1575,2225,1500,0,,,,,,,,0,,,,0
43934,20619,18189,12789,0,0,10.86369,-0.29568,-0.92416,-0.088417,-0.047937,-0.262055,-159.441,-19.808,-118.666,-2.5897,-40.9705,-306.1553,-623.2097,-992.7906,-7282.2900,-0.0089878,0.4049776,0.0153845,0.000000,0.000000,0.000000,0.00000,0.00000,0.000,0.000,0.000,0.000,0.000,-6.0000,0.0000,0.0000,6.0000,95.00,95.00,90.00,90.00,1575,1575,2225,1500,0,,,,,,,,0,,,,0
43971,15989,15578,12583,0,0,9.44513,-1.02831,-0.92057,-0.135289,-0.005326,-0.211988,-160.060,-19.153,-117.770,-2.7630,-41.2934,-306.3729,-623.3153,-994.4096,-7294.3442,-0.0089878,0.4049776,0.0153845,0.000000,0.000000,0.000000,0.00000,0.00000,0.000,0.000,0.000,0.000,0.000,-6.0000,0.0000,0.0000,6.0000,95.00,95.00,90.00,90.00,1575,1575,2225,1500,0,,,,,,,,0,,,,0
44033,37187,24449,21401,0,0,10.52491,-1.14922,0.19513,-0.061785,0.269512,-0.147006,-160.385,-18.625,-117.125,-2.9326,-41.7703,-306.7013,-623.4659,-996.6093,-7310.5815,-0.0089878,0.4049776,0.0153845,0.000000,0.000000,0.000000,0.00000,0.00000,0.000,0.000,0.000,0.000,0.000,-6.0000,0.0000,0.0000,6.0000,95.00,95.00,90.00,90.00,1575,1575,2225,1500,0,,,,,,,,0,,,,0
44081,26896,15695,12229,0,0,9.93115,-2.45645,-0.12570,0.322775,-0.175769,0.118244,-160.173,-17.236,-116.520,-3.1364,-42.2560,-307.0250,-623.6410,-999.0172,-7328.1729,-0.0089878,0.4049776,0.0153845,0.000000,0.000000,0.000000,0.00000,0.00000,0.000,0.000,0.000,0.000,0.000,-6.0000,0.0000,0.0000,6.0000,95.00,95.00,90.00,90.00,1575,1575,2225,1500,0,,,,,,,,0,,,,0
44126,27797,16185,13167,0,0,9.12670,-2.20745,-0.37230,0.077764,0.172573,0.200270,-159.814,-16.521,-116.721,-3.2308,-42.6255,-307.3009,-623.7802,-1000.8728,-7341.6021,-0.0089878,0.4049776,0.0153845,0.000000,0.000000,0.000000,0.00000,0.00000,0.000,0.000,0.000,0.000,0.000,-6.0000,0.0000,0.0000,6.0000,95.00,95.00,90.00,90.00,1575,1575,2225,1500,0,,,,,,,,0,,,,0
44167,17623,15605,12594,0,0,9.60673,-0.99599,-1.16478,0.122505,-0.180030,0.155529,-159.570,-15.174,-116.554,-3.3766,-42.9702,-307.5512,-623.9205,-1002.6909,-7354.6621,-0.0089878,0.4049776,0.0153845,0.000000,0.000000,0.000000,0.00000,0.00000,0.000,0.000,0.000,0.000,0.000,-6.0000,0.0000,0.0000,6.0000,95.00,95.00,90.00,90.00,1575,1575,2225,1500,0,,,,,,,,0,,,,0
44227,16941,16121,13086,0,0,10.65061,-0.68953,-0.52074,-0.083091,-0.005326,-0.072438,-159.754,-13.477,-116.062,-3.6063,-43.5202,-307.9421,-624.1277,-1005.2589,-7372.9375,-0.0089878,0.4049776,0.0153845,0.000000,0.000000,0.000000,0.00000,0.00000,0.000,0.000,0.000,0.000,0.000,-6.0000,0.0000,0.0000,6.0000,95.00,95.00,90.00,90.00,1575,1575,2225,1500,0,,,,,,,,0,,,,0
44286,35684,21985,18951,0,0,9.77193,-0.58059,-0.25379,-0.181095,0.022371,-0.013848,-160.386,-12.347,-115.449,-3.8094,-43.9674,-308.3149,-624.3227,-1007.5569,-7389.1260,-0.0089878,0.4049776,0.0153845,0.000000,0.000000,0.000000,0.00000,0.00000,0.000,0.000,0.000,0.000,0.000,-6.0000,0.0000,0.0000,6.0000,95.00,95.00,90.00,90.00,1575,1575,2225,1500,0,,,,,,,,0,,,,0
44324,21524,16198,13154,0,0,9.72046,-1.30843,-0.81642,-0.181095,0.069242,-0.301470,-161.115,-11.851,-114.566,-3.9946,-44.3448,-308.6145,-624.4940,-1009.4894,-7402.6260,-0.0089878,0.4049776,0.0153845,0.000000,0.000000,0.000000,0.00000,0.00000,0.000,0.000,0.000,0.000,0.000,-6.0000,0.0000,0.0000,6.0000,95.00,95.00,90.00,90.00,1575,1575,2225,1500,0,,,,,,,,0,,,,0
44378,25151,23100,12274,0,0,9.07642,-2.05063,-0.17358,0.160855,0.200270,0.134223,-160.617,-11.156,-114.449,-4.0688,-44.7609,-308.9465,-624.6843,-1011.5944,-7417.2144,-0.0089878,0.4049776,0.0153845,0.000000,0.000000,0.000000,0.00000,0.00000,0.000,0.000,0.000,0.000,0.000,-6.0000,0.0000,0.0000,6.0000,95.00,95.00,90.00,90.00,1575,1575,2225,1500,0,,,,,,,,0,,,,0
44422,27831,16114,13056,0,0,9.54688,-0.81044,-0.85712,0.044741,-0.119310,0.057524,-160.449,-9.921,-114.232,-4.2217,-45.1891,-309.3030,-624.8961,-1013.8951,-7433.0283,-0.0089878,0.4049776,0.0153845,0.000000,0.000000,0.000000,0.00000,0.00000,0.000,0.000,0.000,0.000,0.000,-6.0000,0.0000,0.0000,6.0000,95.00,95.00,90.00,90.00,1575,1575,2225,1500,0,,,,,,,,0,,,,0
44475,15255,15510,12269,0,0,10.26993,-1.31442,-0.30406,0.014914,-0.276969,0.150202,-160.567,-7.663,-113.684,-4.3850,-45.6822,-309.6859,-625.1251,-1016.3118,-7449.4917,-0.0089878,0.4049776,0.0153845,0.000000,0.000000,0.000000,0.00000,0.00000,0.000,0.000,0.000,0.000,0.000,-6.0000,0.0000,0.0000,6.0000,95.00,95.00,90.00,90.00,1575,1575,2225,1500,0,,,,,,,,0,,,,0
44535,37458,22613,19561,0,0,9.24162,-1.63883,-1.28928,-0.139550,0.080960,-0.030893,-160.908,-6.809,-113.222,-4.5378,-46.1679,-310.0769,-625.3627,-1018.7543,-7465.9697,-0.0089878,0.4049776,0.0153845,0.000000,0.000000,0.000000,0.00000,0.00000,0.000,0.000,0.000,0.000,0.000,-6.0000,0.0000,0.0000,6.0000,95.00,95.00,90.00,90.00,1575,1575,2225,1500,0,,,,,,,,0,,,,0
44587,35532,15739,12773,0,0,8.35576,-0.68474,-1.24738,-0.123571,-0.021305,-0.047937,-161.330,-5.720,-112.568,-4.7307,-46.6525,-310.5373,-625.6366,-1021.4937,-7484.2817,-0.0089878,0.4049776,0.0153845,0.000000,0.000000,0.000000,0.00000,0.00000,0.000,0.000,0.000,0.000,0.000,-6.0000,0.0000,0.0000,6.0000,95.00,95.00,90.00,90.00,1575,1575,2225,1500,0,,,,,,,,0,,,,0
44631,27743,16240,13181,0,0,9.05727,-2.05782,0.26576,0.172573,-0.095874,0.312122,-160.748,-4.119,-112.539,-4.7937,-47.0526,-310.9089,-625.8452,-1023.5463,-7497.8940,-0.0089878,0.4049776,0.0153845,0.000000,0.000000,0.000000,0.00000,0.00000,0.000,0.000,0.000,0.000,0.000,-6.0000,0.0000,0.0000,6.0000,95.00,95.00,90.00,90.00,1575,1575,2225,1500,0,,,,,,,,0,,,,0
44668,20211,15610,12604,0,0,9.72764,-1.37307,-0.76974,0.267381,-0.050067,0.230097,-160.187,-2.946,-112.618,-4.8855,-47.3896,-311.2099,-626.0250,-1025.3018,-7509.4585,-0.0089878,0.4049776,0.0153845,0.000000,0.000000,0.000000,0.00000,0.00000,0.000,0.000,0.000,0.000,0.000,-6.0000,0.0000,0.0000,6.0000,95.00,95.00,90.00,90.00,1575,1575,2225,1500,0,,,,,,,,0,,,,0
44727,16442,16115,13103,0,0,9.53371,-2.65756,-0.74579,0.063916,-0.054328,0.176834,-159.829,-1.221,-112.534,-5.0019,-47.9487,-311.6775,-626.3130,-1028.0756,-7527.5811,-0.0089878,0.4049776,0.0153845,0.000000,0.000000,0.000000,0.00000,0.00000,0.000,0.000,0.000,0.000,0.000,-6.0000,0.0000,0.0000,6.0000,95.00,95.00,90.00,90.00,1575,1575,2225,1500,0,,,,,,,,0,,,,0
44771,22347,15734,12714,0,0,10.09994,-0.22386,-0.83558,-0.152333,0.190682,-0.001065,-160.004,-0.602,-112.414,-5.1597,-48.3690,-312.0669,-626.5380,-1030.2091,-7541.3970,-0.0089878,0.4049776,0.0153845,0.000000,0.000000,0.000000,0.00000,0.00000,0.000,0.000,0.000,0.000,0.000,-6.0000,0.0000,0.0000,6.0000,95.00,95.00,90.00,90.00,1575,1575,2225,1500,0,,,,,,,,0,,,,0
44829,16755,16058,13057,0,0,11.14860,-0.56024,0.28012,-0.295078,-0.407996,-0.013848,-161.141,1.783,-111.712,-5.3578,-48.8496,-312.5532,-626.8435,-1033.0327,-7559.5449,-0.0089878,0.4049776,0.0153845,0.000000,0.000000,0.000000,0.00000,0.00000,0.000,0.000,0.000,0.000,0.000,-6.0000,0.0000,0.0000,6.0000,95.00,95.00,90.00,90.00,1575,1575,2225,1500,0,,,,,,,,0,,,,0
44872,21501,15693,12682,0,0,10.93312,-0.34836,-1.01275,-0.329167,-0.004261,-0.088417,-161.675,2.833,-110.978,-5.5090,-49.2933,-312.9500,-627.0793,-1035.1641,-7573.1284,-0.0089878,0.4049776,0.0153845,0.000000,0.000000,0.000000,0.00000,0.00000,0.000,0.000,0.000,0.000,0.000,-6.0000,0.0000,0.0000,6.0000,95.00,95.00,90.00,90.00,1575,1575,2225,1500,0,,,,,,,,0,,,,0
44932,16890,16067,13031,0,0,9.42238,-1.85670,-0.14245,-0.387756,-0.299339,-0.167247,-162.807,4.761,-109.725,-5.6395,-49.8195,-313.4926,-627.4144,-1038.1356,-7591.9111,-0.0089878,0.4049776,0.0153845,0.000000,0.000000,0.000000,0.00000,0.00000,0.000,0.000,0.000,0.000,0.000,-6.0000,0.0000,0.0000,6.0000,95.00,95.00,90.00,90.00,1575,1575,2225,1500,0,,,,,,,,0,,,,0
44976,26185,16278,12940,0,0,9.79348,-2.19189,-0.41180,0.156594,0.282295,-0.027697,-162.580,5.263,-109.512,-5.6797,-50.2398,-313.8983,-627.6573,-1040.2854,-7605.3911,-0.0089878,0.4049776,0.0153845,0.000000,0.000000,0.000000,0.00000,0.00000,0.000,0.000,0.000,0.000,0.000,-6.0000,0.0000,0.0000,6.0000,95.00,95.00,90.00,90.00,1575,1575,2225,1500,0,,,,,,,,0,,,,0
45020,24991,35393,25313,0,0,9.44872,-2.82516,-1.23182,0.145941,0.415453,0.095874,-162.368,5.283,-109.627,-5.7056,-50.4851,-314.1147,-627.7996,-1041.5441,-7613.2383,-0.0089878,0.4049776,0.0153845,0.000000,0.000000,0.000000,0.00000,0.00000,0.000,0.000,0.000,0.000,0.000,-6.0000,0.0000,0.0000,6.0000,95.00,95.00,90.00,90.00,1575,1575,2225,1500,0,,,,,,,,0,,,,0
45070,33000,15779,12757,0,0,10.46506,-0.65841,-1.03070,0.232228,-0.099070,-0.040480,-161.280,7.744,-108.875,-5.8945,-51.1491,-314.7778,-628.2021,-1045.0745,-7635.0869,-0.0089878,0.4049776,0.0153845,0.000000,0.000000,0.000000,0.00000,0.00000,0.000,0.000,0.000,0.000,0.000,-6.0000,0.0000,0.0000,6.0000,95.00,95.00,90.00,90.00,1575,1575,2225,1500,0,,,,,,,,0,,,,0
45130,16890,16097,13055,0,0,9.48224,-0.67157,-1.07141,0.206661,-0.057524,0.039415,-160.573,9.184,-108.182,-6.0664,-51.7096,-315.3727,-628.5602,-1048.1501,-7653.9277,-0.0089878,0.4049776,0.0153845,0.000000,0.000000,0.000000,0.00000,0.00000,0.000,0.000,0.000,0.000,0.000,-6.0000,0.0000,0.0000,6.0000,95.00,95.00,90.00,90.00,1575,1575,2225,1500,0,,,,,,,,0,,,,0
45182,15737,15494,12508,0,0,11.46703,0.99240,-1.82318,-0.060720,0.019175,-0.411192,-160.088,10.057,-107.293,-6.2596,-52.2371,-315.9279,-628.8853,-1050.8990,-7670.6245,-0.0089878,0.4049776,0.0153845,0.000000,0.000000,0.000000,0.00000,0.00000,0.000,0.000,0.000,0.000,0.000,-6.0000,0.0000,0.0000,6.0000,95.00,95.00,90.00,90.00,1575,1575,2225,1500,0,,,,,,,,0,,,,0
45232,24624,16194,13160,0,0,8.44794,-2.63961,-0.54109,-0.036219,-0.150202,0.236489,-160.181,11.754,-106.997,-6.2726,-52.6891,-316.4051,-629.1918,-1053.4656,-7686.0903,-0.0089878,0.4049776,0.0153845,0.000000,0.000000,0.000000,0.00000,0.00000,0.000,0.000,0.000,0.000,0.000,-6.0000,0.0000,0.0000,6.0000,95.00,95.00,90.00,90.00,1575,1575,2225,1500,0,,,,,,,,0,,,,0
45275,26326,16238,12955,0,0,10.02332,-2.86107,0.00359,-0.108657,0.402670,-0.031958,-160.342,12.077,-106.770,-6.2994,-53.1203,-316.8813,-629.4639,-1055.7534,-7699.7847,-0.0089878,0.4049776,0.0153845,0.000000,0.000000,0.000000,0.00000,0.00000,0.000,0.000,0.000,0.000,0.000,-6.0000,0.0000,0.0000,6.0000,95.00,95.00,90.00,90.00,1575,1575,2225,1500,0,,,,,,,,0,,,,0
45330,18453,16135,13084,0,0,9.39126,-1.39941,-1.36110,-0.043676,-0.111853,0.229032,-152.094,13.280,-109.649,-8.6762,-50.7506,-316.1689,-530.7776,-944.9788,-7781.0444,-0.0178097,0.4052438,0.0033871,0.000000,0.000000,0.000000,0.00000,0.00000,0.000,0.000,0.000,0.000,0.000,-6.0000,0.0000,0.0000,6.0000,95.00,95.00,90.00,90.00,1575,1575,2225,1500,0,,,,,,,,0,,,,0
45373,20839,15695,12674,0,0,10.33337,-0.79847,-0.82361,0.071373,-0.311057,0.113983,-151.877,14.979,-109.108,-8.7999,-51.1653,-316.6472,-531.1520,-947.1624,-7794.6035,-0.0178097,0.4052438,0.0033871,0.000000,0.000000,0.000000,0.00000,0.00000,0.000,0.000,0.000,0.000,0.000,-6.0000,0.0000,0.0000,6.0000,95.00,95.00,90.00,90.00,1575,1575,2225,1500,0,,,,,,,,0,,,,0
45450,46046,31316,28086,0,0,9.52773,-1.76692,-0.89902,0.276969,-0.043676,0.214118,-150.983,16.625,-108.996,-8.9461,-51.7634,-317.3392,-531.7021,-950.3510,-7814.2417,-0.0178097,0.4052438,0.0033871,0.000000,0.000000,0.000000,0.00000,0.00000,0.000,0.000,0.000,0.000,0.000,-6.0000,0.0000,0.0000,6.0000,95.00,95.00,90.00,90.00,1575,1575,2225,1500,0,,,,,,,,0,,,,0
45482,32039,30530,22492,0,0,9.81024,-2.11288,-0.62010,0.256729,0.370712,0.142745,-150.537,16.805,-109.197,-9.0034,-52.0776,-317.6958,-531.9897,-952.0144,-7824.4146,-0.0178097,0.4052438,0.0033871,0.000000,0.000000,0.000000,0.00000,0.00000,0.000,0.000,0.000,0.000,0.000,-6.0000,0.0000,0.0000,6.0000,95.00,95.00,90.00,90.00,1575,1575,2225,1500,0,,,,,,,,0,,,,0
45518,30745,36129,28121,0,0,11.42034,1.49757,-1.33836,0.053263,0.010653,-0.581634,-150.037,16.898,-107.901,-9.1654,-52.3822,-318.0872,-532.2690,-953.6202,-7834.1880,-0.0178097,0.4052438,0.0033871,0.000000,0.000000,0.000000,0.00000,0.00000,0.000,0.000,0.000,0.000,0.000,-6.0000,0.0000,0.0000,6.0000,95.00,95.00,90.00,90.00,1575,1575,2225,1500,0,,,,,,,,0,,,,0
45574,28008,26686,18770,0,0,9.90242,-2.13443,0.72425,0.119310,0.066046,-0.174703,-148.221,18.668,-106.105,-9.1773,-53.0006,-318.8001,-532.8666,-957.0551,-7854.9468,-0.0178097,0.4052438,0.0033871,0.000000,0.000000,0.000000,0.00000,0.00000,0.000,0.000,0.000,0.000,0.000,-6.0000,0.0000,0.0000,6.0000,95.00,95.00,90.00,90.00,1575,1575,2225,1500,0,,,,,,,,0,,,,0
45617,27454,15869,12686,0,0,8.33062,-2.30562,-1.43054,-0.039415,0.680704,0.138484,-148.315,17.835,-106.492,-9.2122,-53.5070,-319.3687,-533.3659,-959.9503,-7872.2920,-0.0178097,0.4052438,0.0033871,0.000000,0.000000,0.000000,0.00000,0.00000,0.000,0.000,0.000,0.000,0.000,-6.0000,0.0000,0.0000,6.0000,95.00,95.00,90.00,90.00,1575,1575,2225,1500,0,,,,,,,,0,,,,0
45679,15757,15139,12129,0,0,9.75637,-0.59616,-0.76375,0.074569,-0.550742,-0.040480,-147.577,19.712,-105.056,-9.3831,-54.0527,-320.0785,-533.9437,-963.2910,-7892.1533,-0.0178097,0.4052438,0.0033871,0.000000,0.000000,0.000000,0.00000,0.00000,0.000,0.000,0.000,0.000,0.000,-6.0000,0.0000,0.0000,6.0000,95.00,95.00,90.00,90.00,1575,1575,2225,1500,0,,,,,,,,0,,,,0
45721,26352,15709,12636,0,0,9.46548,0.43694,-1.42096,-0.022371,-0.259925,0.100135,-147.177,21.205,-104.277,-9.4962,-54.4335,-320.5940,-534.3369,-965.5526,-7905.5068,-0.0178097,0.4052438,0.0033871,0.000000,0.000000,0.000000,0.00000,0.00000,0.000,0.000,0.000,0.000,0.000,-6.0000,0.0000,0.0000,6.0000,95.00,95.00,90.00,90.00,1575,1575,2225,1500,0,,,,,,,,0,,,,0
45782,16250,15545,12525,0,0,10.16698,1.12527,-2.39540,0.222640,-0.208792,-0.022371,-145.917,22.621,-103.438,-9.6365,-55.0258,-321.3716,-534.9222,-968.9070,-7925.1782,-0.0178097,0.4052438,0.0033871,0.000000,0.000000,0.000000,0.00000,0.00000,0.000,0.000,0.000,0.000,0.000,-6.0000,0.0000,0.0000,6.0000,95.00,95.00,90.00,90.00,1575,1575,2225,1500,0,,,,,,,,0,,,,0
45819,21408,15660,12591,0,0,10.17655,-3.05500,-0.27294,0.190682,-0.710531,-0.036219,-145.212,24.288,-101.891,-9.6651,-55.3903,-321.8151,-535.2812,-970.9584,-7937.1284,-0.0178097,0.4052438,0.0033871,0.000000,0.000000,0.000000,0.00000,0.00000,0.000,0.000,0.000,0.000,0.000,-6.0000,0.0000,0.0000,6.0000,95.00,95.00,90.00,90.00,1575,1575,2225,1500,0,,,,,,,,0,,,,0
45867,22834,15689,12650,0,0,9.61751,-2.30681,-0.66918,-0.039415,0.155529,0.098004,-145.188,25.170,-101.797,-9.6817,-55.8338,-322.4037,-535.7454,-973.6269,-7952.5854,-0.0178097,0.4052438,0.0033871,0.000000,0.000000,0.000000,0.00000,0.00000,0.000,0.000,0.000,0.000,0.000,-6.0000,0.0000,0.0000,6.0000,95.00,95.00,90.00,90.00,1575,1575,2225,1500,0,,,,,,,,0,,,,0
45927,16968,16088,13074,0,0,9.65821,-1.35871,-1.28688,0.046872,0.037284,0.240750,-145.343,26.105,-102.368,-9.7287,-56.3850,-323.1018,-536.3224,-976.9663,-7971.7939,-0.0178097,0.4052438,0.0033871,0.000000,0.000000,0.000000,0.00000,0.00000,0.000,0.000,0.000,0.000,0.000,-6.0000,0.0000,0.0000,6.0000,95.00,95.00,90.00,90.00,1575,1575,2225,1500,0,,,,,,,,0,,,,0
45970,21467,15694,12679,0,0,9.40083,-2.01592,-1.15879,0.083091,-0.235423,-0.024501,-144.657,27.249,-101.231,-9.7833,-56.7968,-323.6515,-536.7462,-979.4235,-7985.8350,-0.0178097,0.4052438,0.0033871,0.000000,0.000000,0.000000,0.00000,0.00000,0.000,0.000,0.000,0.000,0.000,-6.0000,0.0000,0.0000,6.0000,95.00,95.00,90.00,90.00,1575,1575,2225,1500,0,,,,,,,,0,,,,0
46025,36407,17920,14888,0,0,9.38288,0.10654,-1.65080,-0.005326,0.169377,-0.133158,-144.083,27.835,-100.325,-9.9033,-57.2628,-324.3457,-537.2608,-982.4069,-8002.7827,-0.0178097,0.4052438,0.0033871,0.000000,0.000000,0.000000,0.00000,0.00000,0.000,0.000,0.000,0.000,0.000,-6.0000,0.0000,0.0000,6.0000,95.00,95.00,90.00,90.00,1575,1575,2225,1500,0,,,,,,,,0,,,,0
46077,28099,15291,12219,0,0,9.99100,0.22984,-1.14323,0.026632,-0.022371,-0.162985,-143.193,28.669,-99.161,-10.0032,-57.7623,-325.1065,-537.8119,-985.5936,-8020.7749,-0.0178097,0.4052438,0.0033871,0.000000,0.000000,0.000000,0.00000,0.00000,0.000,0.000,0.000,0.000,0.000,-6.0000,0.0000,0.0000,6.0000,95.00,95.00,90.00,90.00,1575,1575,2225,1500,0,,,,,,,,0,,,,0
46122,28030,16122,13080,0,0,8.56167,-2.11049,-1.51792,-0.219444,-0.132093,-0.029827,-143.126,29.505,-98.025,-10.0422,-58.1605,-325.6555,-538.2484,-988.1168,-8034.9385,-0.0178097,0.4052438,0.0033871,0.000000,0.000000,0.000000,0.00000,0.00000,0.000,0.000,0.000,0.000,0.000,-6.0000,0.0000,0.0000,6.0000,95.00,95.00,90.00,90.00,1575,1575,2225,1500,0,,,,,,,,0,,,,0
46175,15290,15668,12278,0,0,9.03691,-2.29604,-0.48722,0.041545,0.085221,0.067112,-142.610,30.543,-97.238,-10.0159,-58.6315,-326.3532,-538.7835,-991.2318,-8052.3286,-0.0178097,0.4052438,0.0033871,0.000000,0.000000,0.000000,0.00000,0.00000,0.000,0.000,0.000,0.000,0.000,-6.0000,0.0000,0.0000,6.0000,95.00,95.00,90.00,90.00,1575,1575,2225,1500,0,,,,,,,,0,,,,0
46218,27539,15805,12643,0,0,9.73961,-1.47722,-1.21985,0.099070,0.024501,0.129962,-142.147,31.399,-96.901,-10.0261,-59.0269,-326.9174,-539.2181,-993.7850,-8066.5054,-0.0178097,0.4052438,0.0033871,0.000000,0.000000,0.000000,0.00000,0.00000,0.000,0.000,0.000,0.000,0.000,-6.0000,0.0000,0.0000,6.0000,95.00,95.00,90.00,90.00,1575,1575,2225,1500,0,,,,,,,,0,,,,0
46272,26175,21576,12707,0,0,10.43992,-1.22583,-0.58419,0.057524,0.037284,-0.014914,-141.601,32.242,-96.113,-10.0613,-59.4768,-327.5984,-539.6993,-996.6225,-8082.1777,-0.0178097,0.4052438,0.0033871,0.000000,0.000000,0.000000,0.00000,0.00000,0.000,0.000,0.000,0.000,0.000,-6.0000,0.0000,0.0000,6.0000,95.00,95.00,90.00,90.00,1575,1575,2225,1500,0,,,,,,,,0,,,,0
46317,28666,16227,12653,0,0,8.90284,-0.96726,-1.37667,-0.024501,-0.033023,-0.073503,-151.556,31.999,-91.988,-5.6370,-62.7188,-327.6010,-654.4286,-1150.3020,-7989.6230,-0.0073598,0.4053389,0.0241430,0.000000,0.000000,0.000000,0.00000,0.00000,0.000,0.000,0.000,0.000,0.000,-6.0000,0.0000,0.0000,6.0000,95.00,95.00,90.00,90.00,1575,1575,2225,1500,0,,,,,,,,0,,,,0
46371,15828,15615,12588,0,0,10.76912,1.54187,-1.74298,-0.191748,-0.030893,-0.337689,-151.126,32.799,-90.821,-5.6521,-63.2081,-328.3916,-654.7332,-1153.7094,-8007.3735,-0.0073598,0.4053389,0.0241430,0.000000,0.000000,0.000000,0.00000,0.00000,0.000,0.000,0.000,0.000,0.000,-6.0000,0.0000,0.0000,6.0000,95.00,95.00,90.00,90.00,1575,1575,2225,1500,0,,,,,,,,0,,,,0
46431,16883,16122,13051,0,0,9.83418,-1.22583,0.30047,-0.083091,-0.104396,0.055394,-150.523,34.716,-89.510,-5.5812,-63.7149,-329.2506,-655.0693,-1157.5043,-8027.0352,-0.0073598,0.4053389,0.0241430,0.000000,0.000000,0.000000,0.00000,0.00000,0.000,0.000,0.000,0.000,0.000,-6.0000,0.0000,0.0000,6.0000,95.00,95.00,90.00,90.00,1575,1575,2225,1500,0,,,,,,,,0,,,,0
46480,25820,17655,12964,0,0,8.40485,-2.92332,-1.35751,0.056459,0.515588,0.173638,-150.569,34.926,-89.757,-5.4974,-64.1306,-329.8987,-655.3343,-1160.5613,-8042.7964,-0.0073598,0.4053389,0.0241430,0.000000,0.000000,0.000000,0.00000,0.00000,0.000,0.000,0.000,0.000,0.000,-6.0000,0.0000,0.0000,6.0000,95.00,95.00,90.00,90.00,1575,1575,2225,1500,0,,,,,,,,0,,,,0
46518,17908,32612,29565,0,0,9.53850,-1.11211,-1.41138,0.070307,0.184291,0.109722,-147.941,35.442,-90.687,-6.6316,-63.6548,-330.5248,-625.6085,-1122.4640,-8079.4951,-0.0100682,0.4052922,0.0184726,0.000000,0.000000,0.000000,0.00000,0.00000,0.000,0.000,0.000,0.000,0.000,-6.0000,0.0000,0.0000,6.0000,95.00,95.00,90.00,90.00,1575,1575,2225,1500,0,,,,,,,,0,,,,0
46583,33423,30456,27404,0,0,10.10473,-0.59616,-0.72425,-0.041545,0.077764,-0.076699,-147.010,36.861,-88.929,-6.5723,-64.2888,-331.5968,-626.0842,-1127.0803,-8103.3838,-0.0100682,0.4052922,0.0184726,0.000000,0.000000,0.000000,0.00000,0.00000,0.000,0.000,0.000,0.000,0.000,-6.0000,0.0000,0.0000,6.0000,95.00,95.00,90.00,90.00,1575,1575,2225,1500,0,,,,,,,,0,,,,0
46631,30922,16693,13285,0,0,10.25317,-0.93613,-0.51475,0.015979,-0.112918,-0.068177,-146.740,38.125,-87.824,-6.5526,-64.7991,-332.4833,-626.4891,-1131.0579,-8123.8462,-0.0100682,0.4052922,0.0184726,0.000000,0.000000,0.000000,0.00000,0.00000,0.000,0.000,0.000,0.000,0.000,-6.0000,0.0000,0.0000,6.0000,95.00,95.00,90.00,90.00,1575,1575,2225,1500,0,,,,,,,,0,,,,0
46668,16051,15669,12611,0,0,9.76236,-1.97163,-0.33758,0.063916,0.143811,0.151268,-146.433,38.826,-87.514,-6.4917,-65.1163,-333.0397,-626.7362,-1133.5188,-8136.4526,-0.0100682,0.4052922,0.0184726,0.000000,0.000000,0.000000,0.00000,0.00000,0.000,0.000,0.000,0.000,0.000,-6.0000,0.0000,0.0000,6.0000,95.00,95.00,90.00,90.00,1575,1575,2225,1500,0,,,,,,,,0,,,,0
46732,16193,16153,13061,0,0,10.85292,-3.23935,0.50159,0.592287,-0.455933,-0.129962,-144.716,40.314,-84.635,-6.4021,-65.6798,-333.9659,-627.1492,-1137.6818,-8157.6816,-0.0100682,0.4052922,0.0184726,0.000000,0.000000,0.000000,0.00000,0.00000,0.000,0.000,0.000,0.000,0.000,-6.0000,0.0000,0.0000,6.0000,95.00,95.00,90.00,90.00,1575,1575,2225,1500,0,,,,,,,,0,,,,0
46777,23943,15437,12258,0,0,8.93396,-2.89818,0.71826,0.139550,0.668986,0.071373,-144.573,40.228,-84.665,-6.2755,-66.0181,-334.6421,-627.4419,-1140.7184,-8173.0977,-0.0100682,0.4052922,0.0184726,0.000000,0.000000,0.000000,0.00000,0.00000,0.000,0.000,0.000,0.000,0.000,-6.0000,0.0000,0.0000,6.0000,95.00,95.00,90.00,90.00,1575,1575,2225,1500,0,,,,,,,,0,,,,0
46821,27522,16101,12635,0,0,9.21648,-0.64524,-1.56341,0.064981,-0.155529,0.080960,-144.333,40.889,-84.449,-6.2317,-66.3598,-335.2489,-627.7119,-1143.5807,-8187.5820,-0.0100682,0.4052922,0.0184726,0.000000,0.000000,0.000000,0.00000,0.00000,0.000,0.000,0.000,0.000,0.000,-6.0000,0.0000,0.0000,6.0000,95.00,95.00,90.00,90.00,1575,1575,2225,1500,0,,,,,,,,0,,,,0
46874,15366,15561,12274,0,0,10.27472,-0.95888,-0.71228,-0.056459,-0.370712,-0.008522,-143.103,42.801,-82.451,-6.1776,-66.7976,-336.0814,-628.0432,-1147.1322,-8205.4873,-0.0100682,0.4052922,0.0184726,0.000000,0.000000,0.000000,0.00000,0.00000,0.000,0.000,0.000,0.000,0.000,-6.0000,0.0000,0.0000,6.0000,95.00,95.00,90.00,90.00,1575,1575,2225,1500,0,,,,,,,,0,,,,0
46924,24371,16254,13154,0,0,8.89446,-0.85234,-1.29047,-0.082025,0.029827,0.038350,-142.740,43.558,-81.574,-6.1221,-67.1716,-336.8286,-628.3444,-1150.4143,-8221.9717,-0.0100682,0.4052922,0.0184726,0.000000,0.000000,0.000000,0.00000,0.00000,0.000,0.000,0.000,0.000,0.000,-6.0000,0.0000,0.0000,6.0000,95.00,95.00,90.00,90.00,1575,1575,2225,1500,0,,,,,,,,0,,,,0
46968,22446,15732,12696,0,0,10.22923,-0.83558,-0.73741,0.162985,0.072438,0.014914,-141.953,44.255,-80.778,-6.0483,-67.5200,-337.5357,-628.6147,-1153.4071,-8236.9561,-0.0100682,0.4052922,0.0184726,0.000000,0.000000,0.000000,0.00000,0.00000,0.000,0.000,0.000,0.000,0.000,-6.0000,0.0000,0.0000,6.0000,95.00,95.00,90.00,90.00,1575,1575,2225,1500,0,,,,,,,,0,,,,0
47022,36356,18036,14920,0,0,9.46428,-2.21105,-0.95409,-0.044741,-0.500674,-0.135289,-140.224,45.744,-78.156,-5.9504,-67.9350,-338.3488,-628.9293,-1156.9493,-8254.6309,-0.0100682,0.4052922,0.0184726,0.000000,0.000000,0.000000,0.00000,0.00000,0.000,0.000,0.000,0.000,0.000,-6.0000,0.0000,0.0000,6.0000,95.00,95.00,90.00,90.00,1575,1575,2225,1500,0,,,,,,,,0,,,,0
47072,27540,16404,13367,0,0,9.69053,-2.20985,0.23343,0.117179,0.309992,-0.019175,-138.812,46.553,-76.752,-5.7842,-68.2911,-339.1600,-629.2316,-1160.4556,-8272.0684,-0.0100682,0.4052922,0.0184726,0.000000,0.000000,0.000000,0.00000,0.00000,0.000,0.000,0.000,0.000,0.000,-6.0000,0.0000,0.0000,6.0000,95.00,95.00,90.00,90.00,1575,1575,2225,1500,0,,,,,,,,0,,,,0
47124,32538,19206,13214,0,0,10.10233,-1.10492,-1.14682,0.185356,0.095874,0.151268,-138.281,47.253,-76.741,-5.6604,-68.6669,-339.9311,-629.5125,-1163.8232,-8288.7666,-0.0100682,0.4052922,0.0184726,0.000000,0.000000,0.000000,0.00000,0.00000,0.000,0.000,0.000,0.000,0.000,-6.0000,0.0000,0.0000,6.0000,95.00,95.00,90.00,90.00,1575,1575,2225,1500,0,,,,,,,,0,,,,0
47177,15714,15241,12157,0,0,9.83179,-1.35512,-1.18154,0.107592,-0.271642,-0.042611,-136.313,48.257,-74.487,-5.5770,-69.1059,-340.8731,-629.8318,-1167.7314,-8308.0791,-0.0100682,0.4052922,0.0184726,0.000000,0.000000,0.000000,0.00000,0.00000,0.000,0.000,0.000,0.000,0.000,-6.0000,0.0000,0.0000,6.0000,95.00,95.00,90.00,90.00,1575,1575,2225,1500,0,,,,,,,,0,,,,0
47221,27790,15732,12660,0,0,8.48266,-1.05345,-1.73460,-0.147006,0.173638,0.169377,-136.255,48.922,-74.107,-5.4981,-69.4085,-341.5487,-630.0710,-1170.7258,-8322.8330,-0.0100682,0.4052922,0.0184726,0.000000,0.000000,0.000000,0.00000,0.00000,0.000,0.000,0.000,0.000,0.000,-6.0000,0.0000,0.0000,6.0000,95.00,95.00,90.00,90.00,1575,1575,2225,1500,0,,,,,,,,0,,,,0
47280,15862,15160,12135,0,0,9.53491,-0.41420,-1.56222,-0.095874,0.073503,0.184291,-135.362,50.028,-73.059,-5.3794,-69.8386,-342.5278,-630.3970,-1174.9010,-8343.3428,-0.0100682,0.4052922,0.0184726,0.000000,0.000000,0.000000,0.00000,0.00000,0.000,0.000,0.000,0.000,0.000,-6.0000,0.0000,0.0000,6.0000,95.00,95.00,90.00,90.00,1575,1575,2225,1500,0,,,,,,,,0,,,,0
47332,31202,20875,13222,0,0,9.37928,-3.02029,0.08499,0.256729,-0.086286,0.076699,-133.704,50.965,-71.316,-5.2333,-70.1534,-343.2888,-630.6450,-1178.1600,-8359.3086,-0.0100682,0.4052922,0.0184726,0.000000,0.000000,0.000000,0.00000,0.00000,0.000,0.000,0.000,0.000,0.000,-6.0000,0.0000,0.0000,6.0000,95.00,95.00,90.00,90.00,1575,1575,2225,1500,0,,,,,,,,0,,,,0
47370,16122,16292,13270,0,0,9.73722,-2.43131,0.40223,0.208792,0.478304,0.057524,-133.505,51.280,-70.995,-5.0812,-70.4143,-343.9636,-630.8629,-1181.1261,-8373.8096,-0.0100682,0.4052922,0.0184726,0.000000,0.000000,0.000000,0.00000,0.00000,0.000,0.000,0.000,0.000,0.000,-6.0000,0.0000,0.0000,6.0000,95.00,95.00,90.00,90.00,1575,1575,2225,1500,0,,,,,,,,0,,,,0
47432,18713,16225,13120,0,0,9.49660,-0.99479,-1.39103,0.092678,-0.207727,0.085221,-135.322,50.645,-68.219,-3.1021,-71.2767,-343.0481,-667.2302,-1237.1400,-8339.0332,-0.0069255,0.4054295,0.0283101,0.000000,0.000000,0.000000,0.00000,0.00000,0.000,0.000,0.000,0.000,0.000,-6.0000,0.0000,0.0000,6.0000,95.00,95.00,90.00,90.00,1575,1575,2225,1500,0,,,,,,,,0,,,,0
47475,21482,15692,12350,0,0,10.15979,-1.27491,-0.47525,0.030893,-0.188552,-0.031958,-133.667,51.704,-66.182,-2.9686,-71.5625,-343.7933,-667.3627,-1240.2552,-8354.0127,-0.0069255,0.4054295,0.0283101,0.000000,0.000000,0.000000,0.00000,0.00000,0.000,0.000,0.000,0.000,0.000,-6.0000,0.0000,0.0000,6.0000,95.00,95.00,90.00,90.00,1575,1575,2225,1500,0,,,,,,,,0,,,,0
47534,42394,16318,13285,0,0,10.14184,-0.38188,-0.65242,-0.052198,0.007457,-0.102265,-132.238,52.310,-64.264,-2.8020,-71.9268,-344.8094,-667.5308,-1244.4376,-8374.0840,-0.0069255,0.4054295,0.0283101,0.000000,0.000000,0.000000,0.00000,0.00000,0.000,0.000,0.000,0.000,0.000,-6.0000,0.0000,0.0000,6.0000,95.00,95.00,90.00,90.00,1575,1575,2225,1500,0,,,,,,,,0,,,,0
47582,26988,15711,12621,0,0,10.17177,1.07141,-1.75974,-0.262055,-0.230097,-0.253533,-130.784,52.835,-61.965,-2.6920,-72.2427,-345.6548,-667.6653,-1247.9827,-8391.0625,-0.0069255,0.4054295,0.0283101,0.000000,0.000000,0.000000,0.00000,0.00000,0.000,0.000,0.000,0.000,0.000,-6.0000,0.0000,0.0000,6.0000,95.00,95.00,90.00,90.00,1575,1575,2225,1500,0,,,,,,,,0,,,,0
47627,27769,16266,13174,0,0,9.01297,-2.00036,-0.42617,0.079895,-0.256729,0.001065,-128.697,53.744,-59.444,-2.5104,-72.4897,-346.3609,-667.7791,-1251.1459,-8406.1865,-0.0069255,0.4054295,0.0283101,0.000000,0.000000,0.000000,0.00000,0.00000,0.000,0.000,0.000,0.000,0.000,-6.0000,0.0000,0.0000,6.0000,95.00,95.00,90.00,90.00,1575,1575,2225,1500,0,,,,,,,,0,,,,0
47680,16433,15192,12150,0,0,9.56244,-2.83593,-0.44652,0.230097,0.567786,0.131028,-127.866,53.974,-59.111,-2.2318,-72.7927,-347.2589,-667.9074,-1255.0778,-8424.9590,-0.0069255,0.4054295,0.0283101,0.000000,0.000000,0.000000,0.00000,0.00000,0.000,0.000,0.000,0.000,0.000,-6.0000,0.0000,0.0000,6.0000,95.00,95.00,90.00,90.00,1575,1575,2225,1500,0,,,,,,,,0,,,,0
47741,35967,24919,21796,0,0,9.95629,-0.86072,-1.03908,0.044741,-0.091613,0.120375,-126.688,54.915,-57.997,-2.0461,-73.1005,-348.1095,-668.0170,-1258.8239,-8442.8135,-0.0069255,0.4054295,0.0283101,0.000000,0.000000,0.000000,0.00000,0.00000,0.000,0.000,0.000,0.000,0.000,-6.0000,0.0000,0.0000,6.0000,95.00,95.00,90.00,90.00,1575,1575,2225,1500,0,,,,,,,,0,,,,0
47772,34855,21704,12967,0,0,10.35851,-1.18393,-0.61172,0.050067,-0.191748,0.040480,-125.201,55.635,-56.328,-1.9068,-73.2982,-348.7233,-668.0859,-1261.3752,-8454.9580,-0.0069255,0.4054295,0.0283101,0.000000,0.000000,0.000000,0.00000,0.00000,0.000,0.000,0.000,0.000,0.000,-6.0000,0.0000,0.0000,6.0000,95.00,95.00,90.00,90.00,1575,1575,2225,1500,0,,,,,,,,0,,,,0
47833,16902,16145,13054,0,0,9.04649,-0.83677,-0.74340,-0.007457,-0.140615,0.140615,-123.806,56.834,-54.532,-1.6974,-73.6361,-349.8401,-668.2043,-1266.2153,-8477.9688,-0.0069255,0.4054295,0.0283101,0.000000,0.000000,0.000000,0.00000,0.00000,0.000,0.000,0.000,0.000,0.000,-6.0000,0.0000,0.0000,6.0000,95.00,95.00,90.00,90.00,1575,1575,2225,1500,0,,,,,,,,0,,,,0
47870,16052,15675,12613,0,0,9.87608,-1.30005,-1.01634,0.015979,-0.031958,0.038350,-122.645,57.370,-53.249,-1.5475,-73.8353,-350.4951,-668.2648,-1268.9666,-8491.0352,-0.0069255,0.4054295,0.0283101,0.000000,0.000000,0.000000,0.00000,0.00000,0.000,0.000,0.000,0.000,0.000,-6.0000,0.0000,0.0000,6.0000,95.00,95.00,90.00,90.00,1575,1575,2225,1500,0,,,,,,,,0,,,,0
47930,16939,16149,13065,0,0,9.34696,-2.50194,-0.48243,-0.085221,-0.184291,-0.076699,-120.399,57.789,-50.044,-1.3221,-74.1452,-351.5374,-668.3516,-1273.3934,-8512.0361,-0.0069255,0.4054295,0.0283101,0.000000,0.000000,0.000000,0.00000,0.00000,0.000,0.000,0.000,0.000,0.000,-6.0000,0.0000,0.0000,6.0000,95.00,95.00,90.00,90.00,1575,1575,2225,1500,0,,,,,,,,0,,,,0
47987,8700,17275,14307,0,0,9.69771,-2.38103,-0.19393,0.068177,0.598679,-0.021305,-114.792,62.356,-53.939,-5.3753,-73.7201,-357.3324,-613.1268,-1184.7639,-8641.6523,-0.0114877,0.4053684,0.0070993,0.000000,0.000000,0.000000,0.00000,0.00000,0.000,0.000,0.000,0.000,0.000,-6.0000,0.0000,0.0000,6.0000,95.00,95.00,90.00,90.00,1575,1575,2225,1500,0,,,,,,,,0,,,,0
48025,17520,37853,29819,0,0,8.71968,-2.08056,-1.51912,0.037284,0.455933,0.095874,-116.447,60.933,-52.475,-3.9951,-73.9953,-355.8662,-633.6734,-1217.4899,-8607.3076,-0.0098009,0.4054209,0.0141458,0.000000,0.000000,0.000000,0.00000,0.00000,0.000,0.000,0.000,0.000,0.000,-6.0000,0.0000,0.0000,6.0000,95.00,95.00,90.00,90.00,1575,1575,2225,1500,0,,,,,,,,0,,,,0
48076,33158,16787,13413,0,0,10.02093,-1.17555,-0.58778,-0.002131,-0.294013,-0.025566,-111.454,61.767,-47.048,-3.7584,-74.3153,-357.1649,-633.9537,-1222.8364,-8633.0117,-0.0098009,0.4054209,0.0141458,0.000000,0.000000,0.000000,0.00000,0.00000,0.000,0.000,0.000,0.000,0.000,-6.0000,0.0000,0.0000,6.0000,95.00,95.00,90.00,90.00,1575,1575,2225,1500,0,,,,,,,,0,,,,0
48120,27834,15730,12661,0,0,8.34140,-0.90142,-1.75375,-0.156594,0.128897,0.074569,-110.495,62.019,-45.641,-3.6146,-74.5144,-357.9435,-634.1187,-1226.1736,-8649.0479,-0.0098009,0.4054209,0.0141458,0.000000,0.000000,0.000000,0.00000,0.00000,0.000,0.000,0.000,0.000,0.000,-6.0000,0.0000,0.0000,6.0000,95.00,95.00,90.00,90.00,1575,1575,2225,1500,0,,,,,,,,0,,,,0
48173,15374,15551,12557,0,0,10.19331,-1.41138,-0.46926,-0.008522,0.031958,-0.020240,-107.942,62.398,-42.422,-3.3977,-74.7249,-358.9155,-634.3052,-1230.1366,-8668.0840,-0.0098009,0.4054209,0.0141458,0.000000,0.000000,0.000000,0.00000,0.00000,0.000,0.000,0.000,0.000,0.000,-6.0000,0.0000,0.0000,6.0000,95.00,95.00,90.00,90.00,1575,1575,2225,1500,0,,,,,,,,0,,,,0
48221,23309,15691,12602,0,0,9.49780,-2.16196,-0.44772,0.034088,-0.362190,-0.137419,-104.400,62.347,-38.126,-3.2146,-74.9193,-359.7662,-634.4644,-1233.7238,-8685.3115,-0.0098009,0.4054209,0.0141458,0.000000,0.000000,0.000000,0.00000,0.00000,0.000,0.000,0.000,0.000,0.000,-6.0000,0.0000,0.0000,6.0000,95.00,95.00,90.00,90.00,1575,1575,2225,1500,0,,,,,,,,0,,,,0
48267,24186,15774,12708,0,0,9.47745,-1.52750,0.22745,0.122505,0.180030,-0.011718,-101.903,62.573,-35.720,-2.9896,-75.0637,-360.5588,-634.6077,-1237.1866,-8701.9424,-0.0098009,0.4054209,0.0141458,0.000000,0.000000,0.000000,0.00000,0.00000,0.000,0.000,0.000,0.000,0.000,-6.0000,0.0000,0.0000,6.0000,95.00,95.00,90.00,90.00,1575,1575,2225,1500,0,,,,,,,,0,,,,0
48329,16896,16132,13078,0,0,9.22486,-1.97043,-1.09894,0.149137,0.077764,0.133158,-100.178,62.914,-34.665,-2.7750,-75.3136,-361.7082,-634.2974,-1240.8040,-8725.6494,-0.0098369,0.4054248,0.0138615,0.000000,0.000000,0.000000,0.00000,0.00000,0.000,0.000,0.000,0.000,0.000,-6.0000,0.0000,0.0000,6.0000,95.00,95.00,90.00,90.00,1575,1575,2225,1500,0,,,,,,,,0,,,,0
48381,15798,15549,12503,0,0,10.05086,-0.62848,-0.69911,-0.113983,-0.076699,0.020240,-97.308,63.193,-31.436,-2.5473,-75.4932,-362.6809,-634.4391,-1244.8237,-8744.9570,-0.0098369,0.4054248,0.0138615,0.000000,0.000000,0.000000,0.00000,0.00000,0.000,0.000,0.000,0.000,0.000,-6.0000,0.0000,0.0000,6.0000,95.00,95.00,90.00,90.00,1575,1575,2225,1500,0,,,,,,,,0,,,,0
48431,24903,16291,13177,0,0,9.62469,-0.46448,-1.15041,-0.177899,0.128897,0.087352,-95.980,63.436,-29.429,-2.3597,-75.6531,-363.5894,-634.5599,-1248.5475,-8762.8506,-0.0098369,0.4054248,0.0138615,0.000000,0.000000,0.000000,0.00000,0.00000,0.000,0.000,0.000,0.000,0.000,-6.0000,0.0000,0.0000,6.0000,95.00,95.00,90.00,90.00,1575,1575,2225,1500,0,,,,,,,,0,,,,0
48474,26574,15543,12333,0,0,10.38006,-1.58855,0.07302,-0.143811,-0.049002,0.206661,-93.531,63.859,-26.444,-2.1448,-75.7754,-364.3733,-634.6584,-1251.8485,-8778.7188,-0.0098369,0.4054248,0.0138615,0.000000,0.000000,0.000000,0.00000,0.00000,0.000,0.000,0.000,0.000,0.000,-6.0000,0.0000,0.0000,6.0000,95.00,95.00,90.00,90.00,1575,1575,2225,1500,0,,,,,,,,0,,,,0
48530,33414,17417,13227,0,0,10.19092,0.49799,-1.35153,-0.155529,0.024501,-0.194943,-91.816,63.546,-24.176,-1.9466,-75.9365,-365.3937,-634.7689,-1255.9592,-8798.4912,-0.0098369,0.4054248,0.0138615,0.000000,0.000000,0.000000,0.00000,0.00000,0.000,0.000,0.000,0.000,0.000,-6.0000,0.0000,0.0000,6.0000,95.00,95.00,90.00,90.00,1575,1575,2225,1500,0,,,,,,,,0,,,,0
48579,32303,15318,12270,0,0,9.23324,-1.52271,0.11971,-0.010653,0.043676,-0.001065,-88.967,63.511,-20.938,-1.6867,-76.0449,-366.2675,-634.8606,-1259.7968,-8816.9639,-0.0098369,0.4054248,0.0138615,0.000000,0.000000,0.000000,0.00000,0.00000,0.000,0.000,0.000,0.000,0.000,-6.0000,0.0000,0.0000,6.0000,95.00,95.00,90.00,90.00,1575,1575,2225,1500,0,,,,,,,,0,,,,0
48630,33264,17757,13944,0,0,8.64546,-2.10690,-1.16119,-0.004261,0.349407,0.183225,-87.998,64.200,-20.500,-1.6490,-76.1606,-367.4594,-632.3906,-1259.2004,-8841.8516,-0.0100150,0.4054184,0.0126627,0.000000,0.000000,0.000000,0.00000,0.00000,0.000,0.000,0.000,0.000,0.000,-6.0000,0.0000,0.0000,6.0000,95.00,95.00,90.00,90.00,1575,1575,2225,1500,0,,,,,,,,0,,,,0
48667,16043,15655,12610,0,0,10.18254,-0.44293,-0.79607,0.095874,-0.238619,0.040480,-85.100,64.222,-17.631,-1.4856,-76.2705,-368.1662,-632.4518,-1262.1769,-8856.2148,-0.0100150,0.4054184,0.0126627,0.000000,0.000000,0.000000,0.00000,0.00000,0.000,0.000,0.000,0.000,0.000,-6.0000,0.0000,0.0000,6.0000,95.00,95.00,90.00,90.00,1575,1575,2225,1500,0,,,,,,,,0,,,,0
48724,16033,16158,13059,0,0,10.39802,-0.87388,-0.45370,-0.026632,0.064981,-0.054328,-81.963,63.877,-14.163,-1.2122,-76.3862,-369.2483,-632.5289,-1266.5298,-8877.2412,-0.0100150,0.4054184,0.0126627,0.000000,0.000000,0.000000,0.00000,0.00000,0.000,0.000,0.000,0.000,0.000,-6.0000,0.0000,0.0000,6.0000,95.00,95.00,90.00,90.00,1575,1575,2225,1500,0,,,,,,,,0,,,,0
48770,28412,15854,12787,0,0,9.47505,-1.76453,-0.64404,0.034088,0.006392,-0.066046,-80.370,63.585,-12.433,-0.9815,-76.4787,-370.0618,-632.5789,-1270.0011,-8894.0303,-0.0100150,0.4054184,0.0126627,0.000000,0.000000,0.000000,0.00000,0.00000,0.000,0.000,0.000,0.000,0.000,-6.0000,0.0000,0.0000,6.0000,95.00,95.00,90.00,90.00,1575,1575,2225,1500,0,,,,,,,,0,,,,0
48831,36469,24763,21693,0,0,10.34415,0.22386,-0.73382,-0.088417,-0.005326,-0.095874,-78.298,63.163,-9.923,-0.7392,-76.5584,-371.0473,-632.6238,-1274.0316,-8913.5479,-0.0100150,0.4054184,0.0126627,0.000000,0.000000,0.000000,0.00000,0.00000,0.000,0.000,0.000,0.000,0.000,-6.0000,0.0000,0.0000,6.0000,95.00,95.00,90.00,90.00,1575,1575,2225,1500,0,,,,,,,,0,,,,0
48872,16226,15629,12600,0,0,9.68694,-2.53905,-0.29090,0.182160,-0.352603,0.213053,-73.622,62.894,-5.074,-0.4289,-76.6505,-371.9042,-632.6528,-1277.8224,-8931.9297,-0.0100150,0.4054184,0.0126627,0.000000,0.000000,0.000000,0.00000,0.00000,0.000,0.000,0.000,0.000,0.000,-6.0000,0.0000,0.0000,6.0000,95.00,95.00,90.00,90.00,1575,1575,2225,1500,0,,,,,,,,0,,,,0
48933,17520,16774,13733,0,0,8.75440,-2.44448,-1.01514,0.076699,0.351537,0.106526,-71.999,63.180,-3.496,-0.0755,-76.7384,-372.9626,-632.6679,-1282.4500,-8954.4043,-0.0100150,0.4054184,0.0126627,0.000000,0.000000,0.000000,0.00000,0.00000,0.000,0.000,0.000,0.000,0.000,-6.0000,0.0000,0.0000,6.0000,95.00,95.00,90.00,90.00,1575,1575,2225,1500,0,,,,,,,,0,,,,0
48976,21353,15559,12243,0,0,9.09677,-0.69671,-1.50954,0.087352,-0.194943,0.245011,-69.566,63.444,-1.032,0.1221,-76.8266,-373.7292,-632.6667,-1285.8323,-8970.8496,-0.0100150,0.4054184,0.0126627,0.000000,0.000000,0.000000,0.00000,0.00000,0.000,0.000,0.000,0.000,0.000,-6.0000,0.0000,0.0000,6.0000,95.00,95.00,90.00,90.00,1575,1575,2225,1500,0,,,,,,,,0,,,,0
49031,36868,17882,14819,0,0,9.82820,-0.88945,-1.12049,0.147006,-0.119310,0.119310,-65.878,63.156,2.676,0.3717,-76.8861,-374.7059,-632.6538,-1289.8772,-8990.5439,-0.0100150,0.4054184,0.0126627,0.000000,0.000000,0.000000,0.00000,0.00000,0.000,0.000,0.000,0.000,0.000,-6.0000,0.0000,0.0000,6.0000,95.00,95.00,90.00,90.00,1575,1575,2225,1500,0,,,,,,,,0,,,,0
49083,30623,15700,12727,0,0,9.88207,-1.58975,-0.31125,0.155529,-0.022371,0.121440,-62.395,63.132,5.992,0.6485,-76.9270,-375.6890,-632.6265,-1294.0648,-9010.9717,-0.0100150,0.4054184,0.0126627,0.000000,0.000000,0.000000,0.00000,0.00000,0.000,0.000,0.000,0.000,0.000,-6.0000,0.0000,0.0000,6.0000,95.00,95.00,90.00,90.00,1575,1575,2225,1500,0,,,,,,,,0,,,,0
49128,27916,16269,13194,0,0,9.69652,-1.00197,-1.37068,0.074569,-0.117179,-0.066046,-60.459,62.548,8.133,0.8709,-76.9787,-376.4815,-632.5931,-1297.4423,-9027.4775,-0.0100150,0.4054184,0.0126627,0.000000,0.000000,0.000000,0.00000,0.00000,0.000,0.000,0.000,0.000,0.000,-6.0000,0.0000,0.0000,6.0000,95.00,95.00,90.00,90.00,1575,1575,2225,1500,0,,,,,,,,0,,,,0
49180,15767,15163,12145,0,0,9.38766,-3.22140,-0.06704,-0.070307,-0.400539,-0.062851,-57.973,60.244,11.495,1.1668,-77.0028,-377.4280,-632.5395,-1301.5424,-9047.5537,-0.0100150,0.4054184,0.0126627,0.000000,0.000000,0.000000,0.00000,0.00000,0.000,0.000,0.000,0.000,0.000,-6.0000,0.0000,0.0000,6.0000,95.00,95.00,90.00,90.00,1575,1575,2225,1500,0,,,,,,,,0,,,,0
49224,27982,16256,13175,0,0,10.48301,-2.06620,-0.26097,-0.180030,0.488956,-0.226901,-58.184,59.815,11.700,1.4585,-77.0006,-378.1983,-632.4827,-1304.8795,-9063.9268,-0.0100150,0.4054184,0.0126627,0.000000,0.000000,0.000000,0.00000,0.00000,0.000,0.000,0.000,0.000,0.000,-6.0000,0.0000,0.0000,6.0000,95.00,95.00,90.00,90.00,1575,1575,2225,1500,0,,,,,,,,0,,,,0
49268,21829,16360,13342,0,0,8.78433,-2.55342,-1.60412,0.015979,0.374973,-0.055394,-59.001,59.567,10.805,1.7321,-77.0552,-378.9468,-632.4124,-1308.2676,-9080.5791,-0.0100150,0.4054184,0.0126627,0.000000,0.000000,0.000000,0.00000,0.00000,0.000,0.000,0.000,0.000,0.000,-6.0000,0.0000,0.0000,6.0000,95.00,95.00,90.00,90.00,1575,1575,2225,1500,0,,,,,,,,0,,,,0
49319,17456,15770,12637,0,0,9.91319,-0.69671,-0.96486,0.119310,-0.217314,-0.208792,-57.842,58.874,11.967,1.8713,-77.0584,-379.4215,-632.3656,-1310.2681,-9090.4229,-0.0100150,0.4054184,0.0126627,0.000000,0.000000,0.000000,0.00000,0.00000,0.000,0.000,0.000,0.000,0.000,-6.0000,0.0000,0.0000,6.0000,95.00,95.00,90.00,90.00,1575,1575,2225,1500,0,,,,,,,,0,,,,0
49372,15581,15546,12552,0,0,9.66659,-0.28132,-1.40181,0.200270,-0.141680,-0.096939,-55.248,57.586,14.189,2.1572,-77.0545,-380.4014,-632.2576,-1314.3887,-9110.7402,-0.0100150,0.4054184,0.0126627,0.000000,0.000000,0.000000,0.00000,0.00000,0.000,0.000,0.000,0.000,0.000,-6.0000,0.0000,0.0000,6.0000,95.00,95.00,90.00,90.00,1575,1575,2225,1500,0,,,,,,,,0,,,,0
49418,30185,15855,12662,0,0,10.04607,-1.27731,-0.75058,0.188552,-0.050067,0.116114,-52.669,56.958,16.617,2.4476,-77.0479,-381.2099,-632.1517,-1317.9283,-9128.2334,-0.0100150,0.4054184,0.0126627,0.000000,0.000000,0.000000,0.00000,0.00000,0.000,0.000,0.000,0.000,0.000,-6.0000,0.0000,0.0000,6.0000,95.00,95.00,90.00,90.00,1575,1575,2225,1500,0,,,,,,,,0,,,,0
49477,15739,15187,12153,0,0,9.80306,-1.75974,-1.23421,-0.002131,-0.317449,0.118244,-49.900,55.997,19.783,2.8124,-77.0548,-382.2550,-631.9941,-1322.5497,-9151.1279,-0.0100150,0.4054184,0.0126627,0.000000,0.000000,0.000000,0.00000,0.00000,0.000,0.000,0.000,0.000,0.000,-6.0000,0.0000,0.0000,6.0000,95.00,95.00,90.00,90.00,1575,1575,2225,1500,0,,,,,,,,0,,,,0
49521,23970,35378,24917,0,0,10.43154,-1.19830,-0.77093,0.004261,-0.154463,0.091613,-48.917,55.579,20.947,2.9634,-77.0321,-382.6909,-631.9249,-1324.3964,-9160.2959,-0.0100150,0.4054184,0.0126627,0.000000,0.000000,0.000000,0.00000,0.00000,0.000,0.000,0.000,0.000,0.000,-6.0000,0.0000,0.0000,6.0000,95.00,95.00,90.00,90.00,1575,1575,2225,1500,0,,,,,,,,0,,,,0
49572,33099,16427,13406,0,0,9.58638,-1.33956,-0.89304,-0.014914,0.231162,-0.004261,-48.107,55.112,21.862,3.3736,-77.0057,-383.9109,-631.7047,-1329.7534,-9186.9541,-0.0100150,0.4054184,0.0126627,0.000000,0.000000,0.000000,0.00000,0.00000,0.000,0.000,0.000,0.000,0.000,-6.0000,0.0000,0.0000,6.0000,95.00,95.00,90.00,90.00,1575,1575,2225,1500,0,,,,,,,,0,,,,0
49617,28159,16835,13413,0,0,8.99861,-1.18274,-1.18034,-0.102265,0.250337,-0.068177,-48.295,54.777,21.876,3.6328,-76.9760,-384.6902,-631.5475,-1333.2043,-9204.1807,-0.0100150,0.4054184,0.0126627,0.000000,0.000000,0.000000,0.00000,0.00000,0.000,0.000,0.000,0.000,0.000,-6.0000,0.0000,0.0000,6.0000,95.00,95.00,90.00,90.00,1575,1575,2225,1500,0,,,,,,,,0,,,,0
49671,15850,15586,12566,0,0,7.06649,-0.87508,-1.16119,-0.480434,-0.038350,-0.194943,-48.006,53.793,23.069,3.9000,-76.9415,-385.5669,-631.3410,-1337.4158,-9225.2568,-0.0100150,0.4054184,0.0126627,0.000000,0.000000,0.000000,0.00000,0.00000,0.000,0.000,0.000,0.000,0.000,-6.0000,0.0000,0.0000,6.0000,95.00,95.00,90.00,90.00,1575,1575,2225,1500,0,,,,,,,,0,,,,0
49717,29417,16869,12713,0,0,10.06044,-1.49877,-0.72425,-0.241815,-0.582700,0.017044,-46.669,52.077,25.644,4.1763,-76.8883,-386.3439,-631.1588,-1340.8929,-9242.7041,-0.0100150,0.4054184,0.0126627,0.000000,0.000000,0.000000,0.00000,0.00000,0.000,0.000,0.000,0.000,0.000,-6.0000,0.0000,0.0000,6.0000,95.00,95.00,90.00,90.00,1575,1575,2225,1500,0,,,,,,,,0,,,,0
49778,16241,15208,12164,0,0,9.13388,-2.10211,-1.63165,-0.192813,0.041545,0.268447,-45.406,51.419,28.142,4.5755,-76.8330,-387.3602,-630.8853,-1345.6954,-9266.8779,-0.0100150,0.4054184,0.0126627,0.000000,0.000000,0.000000,0.00000,0.00000,0.000,0.000,0.000,0.000,0.000,-6.0000,0.0000,0.0000,6.0000,95.00,95.00,90.00,90.00,1575,1575,2225,1500,0,,,,,,,,0,,,,0
49822,27637,16160,13059,0,0,10.74159,-1.83037,-1.32399,-0.111853,0.011718,0.182160,-44.369,51.125,29.744,4.8748,-76.7664,-388.1305,-630.6821,-1349.0020,-9283.5713,-0.0100150,0.4054184,0.0126627,0.000000,0.000000,0.000000,0.00000,0.00000,0.000,0.000,0.000,0.000,0.000,-6.0000,0.0000,0.0000,6.0000,95.00,95.00,90.00,90.00,1575,1575,2225,1500,0,,,,,,,,0,,,,0
49875,15304,15579,12279,0,0,10.72483,-1.64841,-1.01035,-0.123571,0.086286,0.356864,-43.042,50.850,32.093,5.2519,-76.6655,-389.0963,-630.4119,-1353.0964,-9304.3115,-0.0100150,0.4054184,0.0126627,0.000000,0.000000,0.000000,0.00000,0.00000,0.000,0.000,0.000,0.000,0.000,-6.0000,0.0000,0.0000,6.0000,95.00,95.00,90.00,90.00,1575,1575,2225,1500,0,,,,,,,,0,,,,0
49926,31559,19232,13224,0,0,9.83538,-1.93212,-1.34794,-0.134223,0.095874,0.265251,-42.026,50.846,33.768,5.5606,-76.5866,-389.9151,-630.1561,-1356.7244,-9322.7529,-0.0100150,0.4054184,0.0126627,0.000000,0.000000,0.000000,0.00000,0.00000,0.000,0.000,0.000,0.000,0.000,-6.0000,0.0000,0.0000,6.0000,95.00,95.00,90.00,90.00,1575,1575,2225,1500,0,,,,,,,,0,,,,0
49986,30986,23613,20544,0,0,9.55885,-2.88022,-1.48680,-0.105461,-0.052198,0.411192,-40.204,50.514,36.421,5.9700,-76.5055,-390.8556,-629.8318,-1361.0286,-9344.7051,-0.0100150,0.4054184,0.0126627,0.000000,0.000000,0.000000,0.00000,0.00000,0.000,0.000,0.000,0.000,0.000,-6.0000,0.0000,0.0000,6.0000,95.00,95.00,90.00,90.00,1575,1575,2225,1500,0,,,,,,,,0,,,,0
50018,23930,30929,22800,0,0,10.09276,-2.51990,-1.16358,0.029827,0.287621,0.384560,-39.546,50.717,37.201,6.1410,-76.4563,-391.2665,-629.6870,-1362.8588,-9354.0635,-0.0100150,0.4054184,0.0126627,0.000000,0.000000,0.000000,0.00000,0.00000,0.000,0.000,0.000,0.000,0.000,-6.0000,0.0000,0.0000,6.0000,95.00,95.00,90.00,90.00,1575,1575,2225,1500,0,,,,,,,,0,,,,0
50074,28363,21582,13548,0,0,9.31823,-2.43011,-1.54306,0.109722,0.700944,0.621049,-38.041,52.751,38.692,6.5626,-76.3536,-392.3657,-629.2710,-1367.8613,-9379.7178,-0.0100150,0.4054184,0.0126627,0.000000,0.000000,0.000000,0.00000,0.00000,0.000,0.000,0.000,0.000,0.000,-6.0000,0.0000,0.0000,6.0000,95.00,95.00,90.00,90.00,1575,1575,2225,1500,0,,,,,,,,0,,,,0
50118,27916,15870,12696,0,0,9.37210,-2.14161,-1.03669,0.004261,0.495348,0.282295,-37.298,53.663,39.621,6.8588,-76.2556,-393.2172,-628.9374,-1371.6552,-9399.2480,-0.0100150,0.4054184,0.0126627,0.000000,0.000000,0.000000,0.00000,0.00000,0.000,0.000,0.000,0.000,0.000,-6.0000,0.0000,0.0000,6.0000,95.00,95.00,90.00,90.00,1575,1575,2225,1500,0,,,,,,,,0,,,,0
50175,15309,15639,12283,0,0,9.45231,-1.88543,-0.88346,0.040480,-0.053263,0.147006,-35.789,53.491,41.471,7.2138,-76.1152,-394.1877,-628.5338,-1376.0234,-9421.8223,-0.0100150,0.4054184,0.0126627,0.000000,0.000000,0.000000,0.00000,0.00000,0.000,0.000,0.000,0.000,0.000,-6.0000,0.0000,0.0000,6.0000,95.00,95.00,90.00,90.00,1575,1575,2225,1500,0,,,,,,,,0,,,,0
50219,27740,15745,12653,0,0,9.78510,-3.02747,-0.35674,0.129962,-0.184291,-0.137419,-34.677,52.203,42.618,7.5000,-75.9973,-394.9198,-628.2135,-1379.3379,-9439.0156,-0.0100150,0.4054184,0.0126627,0.000000,0.000000,0.000000,0.00000,0.00000,0.000,0.000,0.000,0.000,0.000,-6.0000,0.0000,0.0000,6.0000,95.00,95.00,90.00,90.00,1575,1575,2225,1500,0,,,,,,,,0,,,,0
50278,15848,15201,12158,0,0,9.86172,-1.92494,-0.12929,0.260990,0.038350,-0.068177,-33.173,50.547,43.583,7.9271,-75.7838,-395.9176,-627.7487,-1383.9075,-9462.8242,-0.0100150,0.4054184,0.0126627,0.000000,0.000000,0.000000,0.00000,0.00000,0.000,0.000,0.000,0.000,0.000,-6.0000,0.0000,0.0000,6.0000,95.00,95.00,90.00,90.00,1575,1575,2225,1500,0,,,,,,,,0,,,,0
50333,16822,16124,13058,0,0,10.02332,-2.84551,-0.45849,0.299339,0.019175,-0.345146,-32.272,48.877,43.679,8.2741,-75.6120,-396.8104,-627.3173,-1387.9432,-9483.9551,-0.0100150,0.4054184,0.0126627,0.000000,0.000000,0.000000,0.00000,0.00000,0.000,0.000,0.000,0.000,0.000,-6.0000,0.0000,0.0000,6.0000,95.00,95.00,90.00,90.00,1575,1575,2225,1500,0,,,,,,,,0,,,,0
50380,21976,15233,12176,0,0,10.77630,-1.72023,0.22386,0.239684,0.350472,-0.196009,-31.795,48.116,43.382,8.6105,-75.4044,-397.6312,-626.9125,-1391.5625,-9502.9941,-0.0100150,0.4054184,0.0126627,0.000000,0.000000,0.000000,0.00000,0.00000,0.000,0.000,0.000,0.000,0.000,-6.0000,0.0000,0.0000,6.0000,95.00,95.00,90.00,90.00,1575,1575,2225,1500,0,,,,,,,,0,,,,0
50424,28087,16324,13193,0,0,7.83502,-1.41018,-0.44891,0.225836,0.512392,-0.366451,-32.126,47.907,42.084,8.8458,-75.2777,-398.3145,-626.5325,-1394.8411,-9520.3135,-0.0100150,0.4054184,0.0126627,0.000000,0.000000,0.000000,0.00000,0.00000,0.000,0.000,0.000,0.000,0.000,-6.0000,0.0000,0.0000,6.0000,95.00,95.00,90.00,90.00,1575,1575,2225,1500,0,,,,,,,,0,,,,0
50468,21959,15762,12692,0,0,10.23761,-1.61130,0.65481,0.077764,0.027697,-0.452737,-32.579,46.777,40.929,9.1224,-75.1127,-399.0149,-626.1357,-1398.1647,-9537.9316,-0.0100150,0.4054184,0.0126627,0.000000,0.000000,0.000000,0.00000,0.00000,0.000,0.000,0.000,0.000,0.000,-6.0000,0.0000,0.0000,6.0000,95.00,95.00,90.00,90.00,1575,1575,2225,1500,0,,,,,,,,0,,,,0
50522,36548,17828,14754,0,0,6.09683,-2.03387,1.34434,0.550742,0.423975,0.015979,-31.690,46.345,40.479,9.4243,-74.9175,-399.7360,-625.6479,-1402.1039,-9558.9082,-0.0100150,0.4054184,0.0126627,0.000000,0.000000,0.000000,0.00000,0.00000,0.000,0.000,0.000,0.000,0.000,-6.0000,0.0000,0.0000,6.0000,95.00,95.00,90.00,90.00,1575,1575,2225,1500,0,,,,,,,,0,,,,0
50578,35971,18933,12279,0,0,7.66504,-1.33836,0.15682,0.996022,0.247141,-0.560329,-31.121,45.352,38.043,9.7280,-74.7413,-400.5871,-625.1243,-1406.1943,-9580.7861,-0.0100150,0.4054184,0.0126627,0.000000,0.000000,0.000000,0.00000,0.00000,0.000,0.000,0.000,0.000,0.000,-6.0000,0.0000,0.0000,6.0000,95.00,95.00,90.00,90.00,1575,1575,2225,1500,0,,,,,,,,0,,,,0
50623,28102,16234,13086,0,0,9.41759,-0.25977,-0.11851,1.052481,-1.276187,-0.672182,-27.902,41.320,38.373,9.9894,-74.5609,-401.3349,-624.6584,-1409.7236,-9599.7412,-0.0100150,0.4054184,0.0126627,0.000000,0.000000,0.000000,0.00000,0.00000,0.000,0.000,0.000,0.000,0.000,-6.0000,0.0000,0.0000,6.0000,95.00,95.00,90.00,90.00,1575,1575,2225,1500,0,,,,,,,,0,,,,0
50676,15312,15662,12223,0,0,11.30183,0.56503,0.62728,1.491370,-2.022937,-1.017328,-23.205,32.984,39.052,10.3295,-74.2652,-402.1673,-624.1155,-1413.7030,-9621.2227,-0.0100150,0.4054184,0.0126627,0.000000,0.000000,0.000000,0.00000,0.00000,0.000,0.000,0.000,0.000,0.000,-6.0000,0.0000,0.0000,6.0000,95.00,95.00,90.00,90.00,1575,1575,2225,1500,0,,,,,,,,0,,,,0
50718,26357,15688,12630,0,0,11.17613,0.08859,0.61292,1.392301,-0.439954,-0.864995,-20.342,29.512,37.901,10.6524,-73.9783,-402.7995,-623.6726,-1416.8326,-9638.2178,-0.0100150,0.4054184,0.0126627,0.000000,0.000000,0.000000,0.00000,0.00000,0.000,0.000,0.000,0.000,0.000,-6.0000,0.0000,0.0000,6.0000,95.00,95.00,90.00,90.00,1575,1575,2225,1500,0,,,,,,,,0,,,,0
50787,20179,19471,12737,0,0,9.56843,0.67756,-1.72143,1.481783,0.379234,-0.735032,-16.224,29.159,34.823,11.0672,-73.6646,-403.8055,-622.9657,-1421.6354,-9664.4580,-0.0100150,0.4054184,0.0126627,0.000000,0.000000,0.000000,0.00000,0.00000,0.000,0.000,0.000,0.000,0.000,-6.0000,0.0000,0.0000,6.0000,95.00,95.00,90.00,90.00,1575,1575,2225,1500,0,,,,,,,,0,,,,0
50825,21499,16124,13079,0,0,9.67617,1.18393,-0.96606,1.168595,-0.140615,-0.800014,-14.010,27.579,33.107,11.3212,-73.4577,-404.4481,-622.5038,-1424.6707,-9681.1328,-0.0100150,0.4054184,0.0126627,0.000000,0.000000,0.000000,0.00000,0.00000,0.000,0.000,0.000,0.000,0.000,-6.0000,0.0000,0.0000,6.0000,95.00,95.00,90.00,90.00,1575,1575,2225,1500,0,,,,,,,,0,,,,0
50868,26771,15728,12698,0,0,9.08600,1.66517,-1.15401,1.176052,-0.318514,-0.806405,-11.711,25.482,31.225,11.5710,-73.2382,-405.1057,-622.0048,-1427.8689,-9698.7822,-0.0100150,0.4054184,0.0126627,0.000000,0.000000,0.000000,0.00000,0.00000,0.000,0.000,0.000,0.000,0.000,-6.0000,0.0000,0.0000,6.0000,95.00,95.00,90.00,90.00,1575,1575,2225,1500,0,,,,,,,,0,,,,0
50927,16836,16081,13053,0,0,9.75637,1.79086,-0.74819,0.838363,-0.124636,-0.550742,-9.292,22.825,29.256,11.9513,-72.9040,-405.9756,-621.3105,-1432.1833,-9722.7256,-0.0100150,0.4054184,0.0126627,0.000000,0.000000,0.000000,0.00000,0.00000,0.000,0.000,0.000,0.000,0.000,-6.0000,0.0000,0.0000,6.0000,95.00,95.00,90.00,90.00,1575,1575,2225,1500,0,,,,,,,,0,,,,0
50970,21152,15667,12667,0,0,9.19733,1.00916,-1.39103,0.901214,-0.209857,-0.560329,-7.268,21.226,27.895,12.2263,-72.7020,-406.6151,-620.7895,-1435.3220,-9740.2422,-0.0100150,0.4054184,0.0126627,0.000000,0.000000,0.000000,0.00000,0.00000,0.000,0.000,0.000,0.000,0.000,-6.0000,0.0000,0.0000,6.0000,95.00,95.00,90.00,90.00,1575,1575,2225,1500,0,,,,,,,,0,,,,0
51029,34667,16202,13191,0,0,10.64582,2.17753,-1.85311,0.874582,0.069242,-0.350472,-4.714,19.768,26.673,12.6559,-72.3651,-407.5019,-620.0577,-1439.5897,-9764.1895,-0.0100150,0.4054184,0.0126627,0.000000,0.000000,0.000000,0.00000,0.00000,0.000,0.000,0.000,0.000,0.000,-6.0000,0.0000,0.0000,6.0000,95.00,95.00,90.00,90.00,1575,1575,2225,1500,0,,,,,,,,0,,,,0
51078,32290,15435,12310,0,0,10.03410,1.09176,-1.80403,0.945955,0.263120,-0.227967,-2.341,19.413,25.846,13.0292,-72.1255,-408.2358,-619.4254,-1443.1461,-9784.2676,-0.0100150,0.4054184,0.0126627,0.000000,0.000000,0.000000,0.00000,0.00000,0.000,0.000,0.000,0.000,0.000,-6.0000,0.0000,0.0000,6.0000,95.00,95.00,90.00,90.00,1575,1575,2225,1500,0,,,,,,,,0,,,,0
51140,36821,24891,21865,0,0,8.93636,1.11330,-1.34075,1.034372,0.202400,-0.367516,0.391,18.777,24.710,13.3962,-71.8783,-408.9727,-618.7321,-1446.9231,-9805.7031,-0.0100150,0.4054184,0.0126627,0.000000,0.000000,0.000000,0.00000,0.00000,0.000,0.000,0.000,0.000,0.000,-6.0000,0.0000,0.0000,6.0000,95.00,95.00,90.00,90.00,1575,1575,2225,1500,0,,,,,,,,0,,,,0
51176,19763,15454,12196,0,0,10.37647,0.55426,-1.46525,1.161138,-0.117179,-0.365386,3.037,17.586,23.640,13.7450,-71.6953,-409.6188,-618.1148,-1450.1906,-9824.3320,-0.0100150,0.4054184,0.0126627,0.000000,0.000000,0.000000,0.00000,0.00000,0.000,0.000,0.000,0.000,0.000,-6.0000,0.0000,0.0000,6.0000,95.00,95.00,90.00,90.00,1575,1575,2225,1500,0,,,,,,,,0,,,,0
51225,24678,16195,13147,0,0,10.11191,1.38265,-2.07218,1.245294,0.182160,-0.083091,6.282,16.638,22.936,14.1430,-71.4498,-410.3223,-617.4319,-1453.6951,-9844.4053,-0.0100150,0.4054184,0.0126627,0.000000,0.000000,0.000000,0.00000,0.00000,0.000,0.000,0.000,0.000,0.000,-6.0000,0.0000,0.0000,6.0000,95.00,95.00,90.00,90.00,1575,1575,2225,1500,0,,,,,,,,0,,,,0
51269,26964,15696,12689,0,0,9.54449,1.25217,-1.85910,1.428520,0.569916,-0.164051,9.713,16.863,22.427,14.4698,-71.2446,-410.9404,-616.8041,-1456.8258,-9862.4238,-0.0100150,0.4054184,0.0126627,0.000000,0.000000,0.000000,0.00000,0.00000,0.000,0.000,0.000,0.000,0.000,-6.0000,0.0000,0.0000,6.0000,95.00,95.00,90.00,90.00,1575,1575,2225,1500,0,,,,,,,,0,,,,0
51322,16850,15968,12976,0,0,8.79390,0.98282,-1.58855,1.482848,0.612527,-0.113983,13.977,17.437,22.200,14.8576,-71.0419,-411.6613,-616.0290,-1460.5852,-9884.1572,-0.0100150,0.4054184,0.0126627,0.000000,0.000000,0.000000,0.00000,0.00000,0.000,0.000,0.000,0.000,0.000,-6.0000,0.0000,0.0000,6.0000,95.00,95.00,90.00,90.00,1575,1575,2225,1500,0,,,,,,,,0,,,,0
51381,15815,15499,12503,0,0,10.24239,0.67516,-1.94529,1.494566,0.735032,0.064981,19.206,18.838,22.531,15.3321,-70.7614,-412.4961,-615.1240,-1464.8362,-9908.8633,-0.0100150,0.4054184,0.0126627,0.000000,0.000000,0.000000,0.00000,0.00000,0.000,0.000,0.000,0.000,0.000,-6.0000,0.0000,0.0000,6.0000,95.00,95.00,90.00,90.00,1575,1575,2225,1500,0,,,,,,,,0,,,,0
51431,24916,16172,13126,0,0,9.10635,0.58658,-1.25336,1.378452,0.307861,0.029827,23.157,18.634,22.464,15.7098,-70.5401,-413.1685,-614.3604,-1468.3108,-9929.1670,-0.0100150,0.4054184,0.0126627,0.000000,0.000000,0.000000,0.00000,0.00000,0.000,0.000,0.000,0.000,0.000,-6.0000,0.0000,0.0000,6.0000,95.00,95.00,90.00,90.00,1575,1575,2225,1500,0,,,,,,,,0,,,,0
51468,20728,15640,12635,0,0,9.32302,1.14802,-1.23182,1.298557,0.031958,0.137419,26.005,17.895,22.373,15.9788,-70.3709,-413.6739,-613.7643,-1470.9624,-9944.7266,-0.0100150,0.4054184,0.0126627,0.000000,0.000000,0.000000,0.00000,0.00000,0.000,0.000,0.000,0.000,0.000,-6.0000,0.0000,0.0000,6.0000,95.00,95.00,90.00,90.00,1575,1575,2225,1500,0,,,,,,,,0,,,,0
51528,36339,22970,19947,0,0,9.70250,1.13126,-0.63566,1.138768,-0.007457,0.158724,29.481,16.615,22.154,16.4039,-70.1192,-414.3323,-612.9193,-1474.6281,-9966.3311,-0.0100150,0.4054184,0.0126627,0.000000,0.000000,0.000000,0.00000,0.00000,0.000,0.000,0.000,0.000,0.000,-6.0000,0.0000,0.0000,6.0000,95.00,95.00,90.00,90.00,1575,1575,2225,1500,0,,,,,,,,0,,,,0
51577,31432,16736,12306,0,0,9.44632,1.34315,-0.84994,0.989631,0.140615,0.259925,32.804,15.414,22.358,16.8299,-69.8579,-415.0174,-612.0004,-1478.4991,-9989.2656,-0.0100150,0.4054184,0.0126627,0.000000,0.000000,0.000000,0.00000,0.00000,0.000,0.000,0.000,0.000,0.000,-6.0000,0.0000,0.0000,6.0000,95.00,95.00,90.00,90.00,1575,1575,2225,1500,0,,,,,,,,0,,,,0
51630,31248,21269,13241,0,0,10.36570,1.28808,-1.08816,0.894822,-0.098004,0.178964,35.268,14.116,22.088,17.2317,-69.6086,-415.6157,-611.1799,-1481.8595,-10009.2793,-0.0100150,0.4054184,0.0126627,0.000000,0.000000,0.000000,0.00000,0.00000,0.000,0.000,0.000,0.000,0.000,-6.0000,0.0000,0.0000,6.0000,95.00,95.00,90.00,90.00,1575,1575,2225,1500,0,,,,,,,,0,,,,0
51667,16387,15619,12608,0,0,9.82820,1.04627,-1.06422,0.788296,0.222640,0.289752,37.272,13.185,22.218,17.5892,-69.4017,-416.1468,-610.4318,-1484.8462,-10027.1494,-0.0100150,0.4054184,0.0126627,0.000000,0.000000,0.000000,0.00000,0.00000,0.000,0.000,0.000,0.000,0.000,-6.0000,0.0000,0.0000,6.0000,95.00,95.00,90.00,90.00,1575,1575,2225,1500,0,,,,,,,,0,,,,0
51725,15909,16073,13070,0,0,9.92756,-0.01317,-1.23900,0.663660,0.230097,0.257794,39.755,12.240,22.593,18.0738,-69.1238,-416.8713,-609.4028,-1488.8435,-10051.1885,-0.0100150,0.4054184,0.0126627,0.000000,0.000000,0.000000,0.00000,0.00000,0.000,0.000,0.000,0.000,0.000,-6.0000,0.0000,0.0000,6.0000,95.00,95.00,90.00,90.00,1575,1575,2225,1500,0,,,,,,,,0,,,,0
51770,22671,16052,13027,0,0,10.19571,0.04669,-1.13964,0.647681,0.215183,0.235423,41.477,11.429,22.728,18.4613,-68.9219,-417.4442,-608.5851,-1491.9335,-10069.8633,-0.0100150,0.4054184,0.0126627,0.000000,0.000000,0.000000,0.00000,0.00000,0.000,0.000,0.000,0.000,0.000,-6.0000,0.0000,0.0000,6.0000,95.00,95.00,90.00,90.00,1575,1575,2225,1500,0,,,,,,,,0,,,,0
51828,20633,16983,13187,0,0,9.03452,-0.41300,-0.77931,0.585895,0.409062,0.205596,43.582,10.963,23.213,18.9304,-68.6910,-418.1502,-607.5110,-1495.8855,-10093.8604,-0.0100150,0.4054184,0.0126627,0.000000,0.000000,0.000000,0.00000,0.00000,0.000,0.000,0.000,0.000,0.000,-6.0000,0.0000,0.0000,6.0000,95.00,95.00,90.00,90.00,1575,1575,2225,1500,0,,,,,,,,0,,,,0
51872,26927,15727,12687,0,0,9.40682,-0.19752,-1.21027,0.575243,0.519849,0.305731,45.223,10.662,23.913,19.2898,-68.5074,-418.7092,-606.6572,-1498.9506,-10112.5557,-0.0100150,0.4054184,0.0126627,0.000000,0.000000,0.000000,0.00000,0.00000,0.000,0.000,0.000,0.000,0.000,-6.0000,0.0000,0.0000,6.0000,95.00,95.00,90.00,90.00,1575,1575,2225,1500,0,,,,,,,,0,,,,0
51932,16873,16095,13078,0,0,8.64546,0.06943,-0.70270,0.655138,0.297209,0.379234,47.467,9.881,24.716,19.7525,-68.2322,-419.4128,-605.4853,-1503.0536,-10137.7061,-0.0100150,0.4054184,0.0126627,0.000000,0.000000,0.000000,0.00000,0.00000,0.000,0.000,0.000,0.000,0.000,-6.0000,0.0000,0.0000,6.0000,95.00,95.00,90.00,90.00,1575,1575,2225,1500,0,,,,,,,,0,,,,0
51969,16360,15652,12641,0,0,9.35415,0.26576,-0.81283,0.609331,-0.104396,0.260990,48.725,9.006,24.609,20.0455,-68.0754,-419.8419,-604.7391,-1505.6096,-10153.4424,-0.0100150,0.4054184,0.0126627,0.000000,0.000000,0.000000,0.00000,0.00000,0.000,0.000,0.000,0.000,0.000,-6.0000,0.0000,0.0000,6.0000,95.00,95.00,90.00,90.00,1575,1575,2225,1500,0,,,,,,,,0,,,,0
52030,36418,24357,21310,0,0,9.17937,0.03831,-0.12689,0.610397,0.106526,0.299339,50.586,7.657,24.319,20.4753,-67.8717,-420.4257,-603.6801,-1509.1626,-10175.4033,-0.0100150,0.4054184,0.0126627,0.000000,0.000000,0.000000,0.00000,0.00000,0.000,0.000,0.000,0.000,0.000,-6.0000,0.0000,0.0000,6.0000,95.00,95.00,90.00,90.00,1575,1575,2225,1500,0,,,,,,,,0,,,,0
52083,27070,15674,12618,0,0,8.94354,0.56862,-0.72305,0.540089,0.208792,0.275903,52.651,6.433,24.292,20.9548,-67.6138,-421.0888,-602.4162,-1513.2958,-10201.0732,-0.0100150,0.4054184,0.0126627,0.000000,0.000000,0.000000,0.00000,0.00000,0.000,0.000,0.000,0.000,0.000,-6.0000,0.0000,0.0000,6.0000,95.00,95.00,90.00,90.00,1575,1575,2225,1500,0,,,,,,,,0,,,,0
52120,21196,15653,12600,0,0,8.89566,0.53989,-0.45969,0.503870,0.353668,0.242880,53.736,5.887,24.506,21.2440,-67.4524,-421.4805,-601.6321,-1515.8053,-10216.7285,-0.0100150,0.4054184,0.0126627,0.000000,0.000000,0.000000,0.00000,0.00000,0.000,0.000,0.000,0.000,0.000,-6.0000,0.0000,0.0000,6.0000,95.00,95.00,90.00,90.00,1575,1575,2225,1500,0,,,,,,,,0,,,,0
52179,15841,15132,12143,0,0,9.01297,-0.09577,-0.55545,0.248207,0.085221,0.101200,54.922,5.162,24.189,21.7072,-67.2121,-422.1422,-600.3434,-1519.8463,-10242.0439,-0.0100150,0.4054184,0.0126627,0.000000,0.000000,0.000000,0.00000,0.00000,0.000,0.000,0.000,0.000,0.000,-6.0000,0.0000,0.0000,6.0000,95.00,95.00,90.00,90.00,1575,1575,2225,1500,0,,,,,,,,0,,,,0
52223,27879,16224,13138,0,0,9.99938,-0.82121,0.38307,0.190682,0.128897,0.162985,55.287,4.461,23.792,22.1042,-67.0679,-422.6185,-599.3972,-1522.7467,-10260.2910,-0.0100150,0.4054184,0.0126627,0.000000,0.000000,0.000000,0.00000,0.00000,0.000,0.000,0.000,0.000,0.000,-6.0000,0.0000,0.0000,6.0000,95.00,95.00,90.00,90.00,1575,1575,2225,1500,0,,,,,,,,0,,,,0
52288,45507,17999,15047,0,0,11.17972,-0.66918,-0.77572,0.241815,-0.307861,0.864995,56.117,1.202,23.342,22.7208,-66.7962,-423.3248,-597.9977,-1526.9279,-10286.7109,-0.0100150,0.4054184,0.0126627,0.000000,0.000000,0.000000,0.00000,0.00000,0.000,0.000,0.000,0.000,0.000,-6.0000,0.0000,0.0000,6.0000,95.00,95.00,90.00,90.00,1575,1575,2225,1500,0,,,,,,,,0,,,,0
52326,21554,16111,13085,0,0,10.96425,-1.25217,0.41420,0.274838,0.003196,0.624245,56.635,-0.755,23.214,23.1561,-66.6555,-423.7401,-597.0835,-1529.5867,-10303.5879,-0.0100150,0.4054184,0.0126627,0.000000,0.000000,0.000000,0.00000,0.00000,0.000,0.000,0.000,0.000,0.000,-6.0000,0.0000,0.0000,6.0000,95.00,95.00,90.00,90.00,1575,1575,2225,1500,0,,,,,,,,0,,,,0
52369,26932,15704,12680,0,0,10.20289,-2.47560,-0.50518,0.397344,-0.278034,0.529436,57.580,-2.664,22.616,23.5774,-66.5099,-424.2414,-596.0608,-1532.5011,-10322.1484,-0.0100150,0.4054184,0.0126627,0.000000,0.000000,0.000000,0.00000,0.00000,0.000,0.000,0.000,0.000,0.000,-6.0000,0.0000,0.0000,6.0000,95.00,95.00,90.00,90.00,1575,1575,2225,1500,0,,,,,,,,0,,,,0
52429,16816,16112,13085,0,0,10.96904,-1.76333,0.34955,0.360059,-0.170442,0.119310,58.805,-4.746,21.134,24.1936,-66.3253,-424.8514,-594.6364,-1536.4624,-10347.4707,-0.0100150,0.4054184,0.0126627,0.000000,0.000000,0.000000,0.00000,0.00000,0.000,0.000,0.000,0.000,0.000,-6.0000,0.0000,0.0000,6.0000,95.00,95.00,90.00,90.00,1575,1575,2225,1500,0,,,,,,,,0,,,,0
52491,19320,20834,12831,0,0,11.00615,-0.77931,0.28252,0.339819,-0.272708,-0.077764,60.214,-5.714,19.139,24.7776,-66.1822,-425.4651,-593.2457,-1540.2261,-10371.6211,-0.0100150,0.4054184,0.0126627,0.000000,0.000000,0.000000,0.00000,0.00000,0.000,0.000,0.000,0.000,0.000,-6.0000,0.0000,0.0000,6.0000,95.00,95.00,90.00,90.00,1575,1575,2225,1500,0,,,,,,,,0,,,,0
52528,21256,36576,28506,0,0,11.15099,-0.96726,0.35793,0.404800,-0.060720,-0.201335,60.782,-5.767,18.514,25.0078,-66.1227,-425.6638,-592.7166,-1541.6322,-10380.6670,-0.0100150,0.4054184,0.0126627,0.000000,0.000000,0.000000,0.00000,0.00000,0.000,0.000,0.000,0.000,0.000,-6.0000,0.0000,0.0000,6.0000,95.00,95.00,90.00,90.00,1575,1575,2225,1500,0,,,,,,,,0,,,,0
52585,29100,27045,19096,0,0,10.84095,-1.41617,0.03232,0.515588,0.349407,-0.251402,62.780,-5.135,17.736,25.7000,-65.9542,-426.3677,-591.0256,-1546.0372,-10409.0840,-0.0100150,0.4054184,0.0126627,0.000000,0.000000,0.000000,0.00000,0.00000,0.000,0.000,0.000,0.000,0.000,-6.0000,0.0000,0.0000,6.0000,95.00,95.00,90.00,90.00,1575,1575,2225,1500,0,,,,,,,,0,,,,0
52622,21391,16129,13063,0,0,9.50737,-1.19112,-0.26456,0.512392,0.447411,-0.568851,64.222,-3.951,17.290,26.1884,-65.8269,-426.8562,-589.7629,-1549.2432,-10429.8408,-0.0100150,0.4054184,0.0126627,0.000000,0.000000,0.000000,0.00000,0.00000,0.000,0.000,0.000,0.000,0.000,-6.0000,0.0000,0.0000,6.0000,95.00,95.00,90.00,90.00,1575,1575,2225,1500,0,,,,,,,,0,,,,0
52682,15819,15529,12537,0,0,9.49899,-0.35674,0.72305,0.386691,0.157659,-0.987500,65.983,-1.508,15.154,26.7261,-65.7065,-427.4587,-588.1813,-1553.1752,-10455.3809,-0.0100150,0.4054184,0.0126627,0.000000,0.000000,0.000000,0.00000,0.00000,0.000,0.000,0.000,0.000,0.000,-6.0000,0.0000,0.0000,6.0000,95.00,95.00,90.00,90.00,1575,1575,2225,1500,0,,,,,,,,0,,,,0
52731,24392,16193,13154,0,0,9.54449,0.65122,0.33639,0.111853,0.239684,-0.577373,66.548,0.068,13.961,27.1764,-65.5989,-427.9070,-586.8739,-1556.3597,-10476.1260,-0.0100150,0.4054184,0.0126627,0.000000,0.000000,0.000000,0.00000,0.00000,0.000,0.000,0.000,0.000,0.000,-6.0000,0.0000,0.0000,6.0000,95.00,95.00,90.00,90.00,1575,1575,2225,1500,0,,,,,,,,0,,,,0
52774,22062,15685,12310,0,0,9.08001,0.54947,0.59975,0.243946,0.043676,-0.361125,66.989,0.780,12.902,27.5819,-65.5206,-428.3134,-585.6653,-1559.2534,-10495.0225,-0.0100150,0.4054184,0.0126627,0.000000,0.000000,0.000000,0.00000,0.00000,0.000,0.000,0.000,0.000,0.000,-6.0000,0.0000,0.0000,6.0000,95.00,95.00,90.00,90.00,1575,1575,2225,1500,0,,,,,,,,0,,,,0
52828,16826,16101,13096,0,0,9.48224,0.52912,0.43215,-0.004261,-0.234358,-0.395213,67.007,1.243,10.654,28.0633,-65.4357,-428.7978,-584.1883,-1562.7296,-10517.7754,-0.0100150,0.4054184,0.0126627,0.000000,0.000000,0.000000,0.00000,0.00000,0.000,0.000,0.000,0.000,0.000,-6.0000,0.0000,0.0000,6.0000,95.00,95.00,90.00,90.00,1575,1575,2225,1500,0,,,,,,,,0,,,,0
52871,21498,15724,12712,0,0,9.97424,0.49081,0.95050,-0.166181,-0.478304,-0.169377,66.810,0.871,8.452,28.4832,-65.3853,-429.2035,-582.9589,-1565.5740,-10536.4307,-0.0100150,0.4054184,0.0126627,0.000000,0.000000,0.000000,0.00000,0.00000,0.000,0.000,0.000,0.000,0.000,-6.0000,0.0000,0.0000,6.0000,95.00,95.00,90.00,90.00,1575,1575,2225,1500,0,,,,,,,,0,,,,0
52918,30845,15818,12722,0,0,9.21768,0.23224,0.27174,-0.161920,-0.071373,-0.165116,66.266,0.768,7.077,28.9281,-65.3586,-429.6442,-581.6163,-1568.6313,-10556.5127,-0.0100150,0.4054184,0.0126627,0.000000,0.000000,0.000000,0.00000,0.00000,0.000,0.000,0.000,0.000,0.000,-6.0000,0.0000,0.0000,6.0000,95.00,95.00,90.00,90.00,1575,1575,2225,1500,0,,,,,,,,0,,,,0
52971,15749,15530,12556,0,0,8.75679,0.09337,0.02035,-0.185356,-0.029827,-0.044741,65.796,0.719,5.936,29.4168,-65.3267,-430.1673,-580.0504,-1572.1383,-10579.5850,-0.0100150,0.4054184,0.0126627,0.000000,0.000000,0.000000,0.00000,0.00000,0.000,0.000,0.000,0.000,0.000,-6.0000,0.0000,0.0000,6.0000,95.00,95.00,90.00,90.00,1575,1575,2225,1500,0,,,,,,,,0,,,,0
53032,32355,22874,14815,0,0,9.82820,1.06662,0.29928,-0.327036,-0.059655,0.372843,64.965,-0.603,4.959,29.9121,-65.2689,-430.6357,-578.4755,-1575.6058,-10602.4414,-0.0100150,0.4054184,0.0126627,0.000000,0.000000,0.000000,0.00000,0.00000,0.000,0.000,0.000,0.000,0.000,-6.0000,0.0000,0.0000,6.0000,95.00,95.00,90.00,90.00,1575,1575,2225,1500,0,,,,,,,,0,,,,0
53080,27038,15256,12235,0,0,9.31704,1.20668,0.19632,-0.309992,-0.296144,-0.062851,64.090,-1.515,3.497,30.4486,-65.2122,-431.0956,-576.7871,-1579.2549,-10626.5410,-0.0100150,0.4054184,0.0126627,0.000000,0.000000,0.000000,0.00000,0.00000,0.000,0.000,0.000,0.000,0.000,-6.0000,0.0000,0.0000,6.0000,95.00,95.00,90.00,90.00,1575,1575,2225,1500,0,,,,,,,,0,,,,0
53125,25247,19566,13172,0,0,7.66504,-0.80445,0.28491,-0.373908,-0.330232,0.031958,63.267,-2.178,1.800,30.7816,-65.2142,-431.4862,-575.5411,-1581.9082,-10644.0898,-0.0100150,0.4054184,0.0126627,0.000000,0.000000,0.000000,0.00000,0.00000,0.000,0.000,0.000,0.000,0.000,-6.0000,0.0000,0.0000,6.0000,95.00,95.00,90.00,90.00,1575,1575,2225,1500,0,,,,,,,,0,,,,0
53169,21912,15703,12679,0,0,9.08480,0.00000,0.83797,-0.536893,-0.347276,0.057524,61.955,-3.275,0.044,31.1887,-65.2448,-431.9197,-574.0703,-1585.0050,-10664.5859,-0.0100150,0.4054184,0.0126627,0.000000,0.000000,0.000000,0.00000,0.00000,0.000,0.000,0.000,0.000,0.000,-6.0000,0.0000,0.0000,6.0000,95.00,95.00,90.00,90.00,1575,1575,2225,1500,0,,,,,,,,0,,,,0
53229,16844,16131,13079,0,0,10.91038,0.32441,-1.71784,-0.748881,-0.039415,0.117179,59.762,-3.959,-1.168,31.7623,-65.1878,-432.4783,-572.2000,-1588.8822,-10690.2783,-0.0100150,0.4054184,0.0126627,0.000000,0.000000,0.000000,0.00000,0.00000,0.000,0.000,0.000,0.000,0.000,-6.0000,0.0000,0.0000,6.0000,95.00,95.00,90.00,90.00,1575,1575,2225,1500,0,,,,,,,,0,,,,0
53281,15746,15474,12144,0,0,10.94749,1.01993,-0.75776,-0.637028,-0.477238,-0.481500,58.190,-4.858,-3.791,32.3816,-65.1392,-432.9141,-570.4896,-1592.3562,-10713.3477,-0.0100150,0.4054184,0.0126627,0.000000,0.000000,0.000000,0.00000,0.00000,0.000,0.000,0.000,0.000,0.000,-6.0000,0.0000,0.0000,6.0000,95.00,95.00,90.00,90.00,1575,1575,2225,1500,0,,,,,,,,0,,,,0
53333,30306,21680,13205,0,0,8.00861,-0.79847,-0.72544,-0.757403,-0.411192,-0.145941,56.580,-5.477,-6.123,32.7748,-65.1617,-433.3814,-568.9915,-1595.3513,-10733.2617,-0.0100150,0.4054184,0.0126627,0.000000,0.000000,0.000000,0.00000,0.00000,0.000,0.000,0.000,0.000,0.000,-6.0000,0.0000,0.0000,6.0000,95.00,95.00,90.00,90.00,1575,1575,2225,1500,0,,,,,,,,0,,,,0
53377,26880,15311,12233,0,0,11.55202,1.10373,-1.15520,-0.869256,-0.561394,0.155529,54.398,-7.162,-8.297,33.2886,-65.1611,-433.8257,-567.3580,-1598.5751,-10754.7148,-0.0100150,0.4054184,0.0126627,0.000000,0.000000,0.000000,0.00000,0.00000,0.000,0.000,0.000,0.000,0.000,-6.0000,0.0000,0.0000,6.0000,95.00,95.00,90.00,90.00,1575,1575,2225,1500,0,,,,,,,,0,,,,0
53438,36633,24690,21658,0,0,7.89967,0.08260,-2.09373,-0.655138,-0.419714,-0.217314,52.717,-7.966,-10.756,33.7513,-65.1632,-434.3055,-565.6091,-1601.9736,-10777.3516,-0.0100150,0.4054184,0.0126627,0.000000,0.000000,0.000000,0.00000,0.00000,0.000,0.000,0.000,0.000,0.000,-6.0000,0.0000,0.0000,6.0000,95.00,95.00,90.00,90.00,1575,1575,2225,1500,0,,,,,,,,0,,,,0
53475,20220,15592,12308,0,0,10.11909,0.14964,-1.02113,-0.496413,-0.407996,0.013848,51.425,-9.252,-12.659,34.1824,-65.1942,-434.7096,-564.0533,-1604.9592,-10797.2568,-0.0100150,0.4054184,0.0126627,0.000000,0.000000,0.000000,0.00000,0.00000,0.000,0.000,0.000,0.000,0.000,-6.0000,0.0000,0.0000,6.0000,95.00,95.00,90.00,90.00,1575,1575,2225,1500,0,,,,,,,,0,,,,0
53540,46453,18407,15348,0,0,9.46667,-0.95529,-2.91733,-0.164051,0.063916,0.426106,50.804,-10.932,-13.152,34.7944,-65.2564,-435.3459,-561.9068,-1609.0197,-10824.3340,-0.0100150,0.4054184,0.0126627,0.000000,0.000000,0.000000,0.00000,0.00000,0.000,0.000,0.000,0.000,0.000,-6.0000,0.0000,0.0000,6.0000,95.00,95.00,90.00,90.00,1575,1575,2225,1500,0,,,,,,,,0,,,,0
53572,24244,26413,23397,0,0,11.29704,2.09253,-2.34632,-0.021305,-0.149137,0.675378,50.792,-12.133,-13.167,35.0718,-65.2431,-435.5228,-561.0599,-1610.6016,-10834.8906,-0.0100150,0.4054184,0.0126627,0.000000,0.000000,0.000000,0.00000,0.00000,0.000,0.000,0.000,0.000,0.000,-6.0000,0.0000,0.0000,6.0000,95.00,95.00,90.00,90.00,1575,1575,2225,1500,0,,,,,,,,0,,,,0
53626,16954,16059,13063,0,0,8.32105,-1.17555,-2.09852,0.534763,-0.762729,0.262055,52.905,-14.717,-15.737,35.7146,-65.3326,-436.0818,-558.7972,-1614.7729,-10862.7354,-0.0100150,0.4054184,0.0126627,0.000000,0.000000,0.000000,0.00000,0.00000,0.000,0.000,0.000,0.000,0.000,-6.0000,0.0000,0.0000,6.0000,95.00,95.00,90.00,90.00,1575,1575,2225,1500,0,,,,,,,,0,,,,0
53669,27022,15708,12683,0,0,8.45273,0.12809,-1.93212,0.708401,-0.558199,0.199204,55.133,-16.757,-17.624,36.0827,-65.3841,-436.4596,-557.2247,-1617.6362,-10881.8477,-0.0100150,0.4054184,0.0126627,0.000000,0.000000,0.000000,0.00000,0.00000,0.000,0.000,0.000,0.000,0.000,-6.0000,0.0000,0.0000,6.0000,95.00,95.00,90.00,90.00,1575,1575,2225,1500,0,,,,,,,,0,,,,0
53727,15793,16094,13057,0,0,9.75757,-1.34075,-1.38744,0.770186,-0.132093,0.136354,58.015,-18.133,-18.927,36.5945,-65.4968,-436.9889,-555.1265,-1621.4148,-10907.0684,-0.0100150,0.4054184,0.0126627,0.000000,0.000000,0.000000,0.00000,0.00000,0.000,0.000,0.000,0.000,0.000,-6.0000,0.0000,0.0000,6.0000,95.00,95.00,90.00,90.00,1575,1575,2225,1500,0,,,,,,,,0,,,,0
53775,23698,15733,12424,0,0,9.14226,-2.87663,-3.06099,0.688161,0.464455,0.201335,60.057,-18.625,-19.116,37.0802,-65.6105,-437.4941,-553.3364,-1624.6002,-10928.3145,-0.0100150,0.4054184,0.0126627,0.000000,0.000000,0.000000,0.00000,0.00000,0.000,0.000,0.000,0.000,0.000,-6.0000,0.0000,0.0000,6.0000,95.00,95.00,90.00,90.00,1575,1575,2225,1500,0,,,,,,,,0,,,,0
53819,27784,15685,12655,0,0,10.01016,-1.46765,-4.27365,0.378169,0.720119,0.119310,60.891,-18.469,-18.248,37.5463,-65.6277,-437.9411,-551.6971,-1627.4834,-10947.5479,-0.0100150,0.4054184,0.0126627,0.000000,0.000000,0.000000,0.00000,0.00000,0.000,0.000,0.000,0.000,0.000,-6.0000,0.0000,0.0000,6.0000,95.00,95.00,90.00,90.00,1575,1575,2225,1500,0,,,,,,,,0,,,,0
53879,15843,15148,12145,0,0,10.72602,0.02514,-2.85030,0.210922,-0.479369,-0.104396,62.343,-19.130,-19.942,38.2130,-65.6694,-438.4278,-549.4196,-1631.4298,-10973.8926,-0.0100150,0.4054184,0.0126627,0.000000,0.000000,0.000000,0.00000,0.00000,0.000,0.000,0.000,0.000,0.000,-6.0000,0.0000,0.0000,6.0000,95.00,95.00,90.00,90.00,1575,1575,2225,1500,0,,,,,,,,0,,,,0
53923,27685,16133,13053,0,0,10.95228,-1.41976,-2.18231,-0.031958,-0.887365,-0.231162,63.505,-20.147,-23.193,38.6620,-65.7902,-438.7713,-547.7664,-1634.2568,-10992.7578,-0.0100150,0.4054184,0.0126627,0.000000,0.000000,0.000000,0.00000,0.00000,0.000,0.000,0.000,0.000,0.000,-6.0000,0.0000,0.0000,6.0000,95.00,95.00,90.00,90.00,1575,1575,2225,1500,0,,,,,,,,0,,,,0
53967,20349,18595,12686,0,0,11.48139,-0.30765,-1.31322,0.083091,-0.673247,-0.141680,64.762,-20.920,-26.058,39.0912,-65.9475,-439.0880,-546.1468,-1637.0009,-11011.0439,-0.0100150,0.4054184,0.0126627,0.000000,0.000000,0.000000,0.00000,0.00000,0.000,0.000,0.000,0.000,0.000,-6.0000,0.0000,0.0000,6.0000,95.00,95.00,90.00,90.00,1575,1575,2225,1500,0,,,,,,,,0,,,,0
54028,36667,24130,21070,0,0,9.83059,-0.30765,-1.58975,0.239684,-0.101200,-0.152333,66.263,-21.222,-28.235,39.6066,-66.1383,-439.4632,-543.9630,-1640.6656,-11035.4189,-0.0100150,0.4054184,0.0126627,0.000000,0.000000,0.000000,0.00000,0.00000,0.000,0.000,0.000,0.000,0.000,-6.0000,0.0000,0.0000,6.0000,95.00,95.00,90.00,90.00,1575,1575,2225,1500,0,,,,,,,,0,,,,0
54077,32358,15427,12305,0,0,10.72962,-0.52194,-1.54306,0.459129,0.314253,-0.091613,67.866,-21.052,-28.849,40.1625,-66.3556,-439.8694,-541.6738,-1644.4679,-11060.6553,-0.0100150,0.4054184,0.0126627,0.000000,0.000000,0.000000,0.00000,0.00000,0.000,0.000,0.000,0.000,0.000,-6.0000,0.0000,0.0000,6.0000,95.00,95.00,90.00,90.00,1575,1575,2225,1500,0,,,,,,,,0,,,,0
54131,16772,16089,13063,0,0,10.38006,0.34836,-1.71904,0.607201,0.510262,-0.028762,69.569,-20.733,-28.607,40.6564,-66.5184,-440.2238,-539.5287,-1647.9949,-11084.0156,-0.0100150,0.4054184,0.0126627,0.000000,0.000000,0.000000,0.00000,0.00000,0.000,0.000,0.000,0.000,0.000,-6.0000,0.0000,0.0000,6.0000,95.00,95.00,90.00,90.00,1575,1575,2225,1500,0,,,,,,,,0,,,,0
54185,30447,23261,12694,0,0,10.02811,0.11732,-2.53187,0.534763,0.516653,-0.053263,71.048,-20.458,-28.393,41.1090,-66.6508,-440.5407,-537.5965,-1651.1421,-11104.8291,-0.0100150,0.4054184,0.0126627,0.000000,0.000000,0.000000,0.00000,0.00000,0.000,0.000,0.000,0.000,0.000,-6.0000,0.0000,0.0000,6.0000,95.00,95.00,90.00,90.00,1575,1575,2225,1500,0,,,,,,,,0,,,,0
54229,27871,16254,13195,0,0,9.70131,-0.55785,-1.96564,0.455933,0.182160,-0.118244,72.662,-20.297,-28.914,41.5750,-66.7976,-440.9214,-535.4733,-1654.5686,-11127.4639,-0.0100150,0.4054184,0.0126627,0.000000,0.000000,0.000000,0.00000,0.00000,0.000,0.000,0.000,0.000,0.000,-6.0000,0.0000,0.0000,6.0000,95.00,95.00,90.00,90.00,1575,1575,2225,1500,0,,,,,,,,0,,,,0
54272,21018,15683,12668,0,0,9.18057,-1.79805,-2.10690,0.262055,-0.040480,-0.210922,73.891,-20.065,-30.191,41.9684,-66.9377,-441.2849,-533.6702,-1657.4548,-11146.5039,-0.0100150,0.4054184,0.0126627,0.000000,0.000000,0.000000,0.00000,0.00000,0.000,0.000,0.000,0.000,0.000,-6.0000,0.0000,0.0000,6.0000,95.00,95.00,90.00,90.00,1575,1575,2225,1500,0,,,,,,,,0,,,,0
54327,17609,16803,13768,0,0,8.67778,-0.82001,-2.41096,0.078830,0.545415,-0.120375,74.415,-19.566,-30.393,42.4297,-67.0994,-441.7557,-531.3958,-1661.0673,-11170.3018,-0.0100150,0.4054184,0.0126627,0.000000,0.000000,0.000000,0.00000,0.00000,0.000,0.000,0.000,0.000,0.000,-6.0000,0.0000,0.0000,6.0000,95.00,95.00,90.00,90.00,1575,1575,2225,1500,0,,,,,,,,0,,,,0
54371,22259,16319,13286,0,0,10.06522,-0.22146,-1.67834,-0.008522,0.333428,-0.184291,74.481,-19.149,-30.472,42.8328,-67.2438,-442.0782,-529.4780,-1664.0889,-11190.1826,-0.0100150,0.4054184,0.0126627,0.000000,0.000000,0.000000,0.00000,0.00000,0.000,0.000,0.000,0.000,0.000,-6.0000,0.0000,0.0000,6.0000,95.00,95.00,90.00,90.00,1575,1575,2225,1500,0,,,,,,,,0,,,,0
54421,24997,15653,12624,0,0,8.18458,-1.29287,-1.99078,-0.026632,-0.002131,-0.080960,74.886,-19.000,-31.799,43.2365,-67.4034,-442.5310,-527.3287,-1667.4512,-11212.2715,-0.0100150,0.4054184,0.0126627,0.000000,0.000000,0.000000,0.00000,0.00000,0.000,0.000,0.000,0.000,0.000,-6.0000,0.0000,0.0000,6.0000,95.00,95.00,90.00,90.00,1575,1575,2225,1500,0,,,,,,,,0,,,,0
54474,15305,15562,12259,0,0,9.55885,0.18914,-1.08098,-0.056459,0.040480,-0.086286,75.062,-19.050,-32.993,43.6739,-67.5995,-442.8976,-525.0148,-1671.0453,-11235.8447,-0.0100150,0.4054184,0.0126627,0.000000,0.000000,0.000000,0.00000,0.00000,0.000,0.000,0.000,0.000,0.000,-6.0000,0.0000,0.0000,6.0000,95.00,95.00,90.00,90.00,1575,1575,2225,1500,0,,,,,,,,0,,,,0
54535,37544,23872,20842,0,0,9.15902,-0.98043,-1.49877,0.062851,-0.181095,-0.034088,75.767,-19.293,-34.713,44.1066,-67.8164,-443.3190,-522.6754,-1674.6543,-11259.4648,-0.0100150,0.4054184,0.0126627,0.000000,0.000000,0.000000,0.00000,0.00000,0.000,0.000,0.000,0.000,0.000,-6.0000,0.0000,0.0000,6.0000,95.00,95.00,90.00,90.00,1575,1575,2225,1500,0,,,,,,,,0,,,,0
54572,24773,35364,27391,0,0,9.90122,-0.35314,-1.04986,0.202400,-0.436758,-0.075634,76.487,-19.458,-35.975,44.3113,-67.9363,-443.4940,-521.5801,-1676.3358,-11270.4492,-0.0100150,0.4054184,0.0126627,0.000000,0.000000,0.000000,0.00000,0.00000,0.000,0.000,0.000,0.000,0.000,-6.0000,0.0000,0.0000,6.0000,95.00,95.00,90.00,90.00,1575,1575,2225,1500,0,,,,,,,,0,,,,0
54631,38588,20317,13971,0,0,9.40562,-0.51834,-2.29125,0.180030,0.336624,0.083091,78.014,-19.916,-37.747,44.9163,-68.2591,-444.0349,-518.2703,-1681.3894,-11303.3770,-0.0100150,0.4054184,0.0126627,0.000000,0.000000,0.000000,0.00000,0.00000,0.000,0.000,0.000,0.000,0.000,-6.0000,0.0000,0.0000,6.0000,95.00,95.00,90.00,90.00,1575,1575,2225,1500,0,,,,,,,,0,,,,0
54675,22056,16401,12980,0,0,9.11353,0.55067,-2.40857,0.191748,0.366451,0.069242,78.525,-20.172,-37.634,45.3267,-68.4269,-444.3686,-516.0844,-1684.7001,-11324.8945,-0.0100150,0.4054184,0.0126627,0.000000,0.000000,0.000000,0.00000,0.00000,0.000,0.000,0.000,0.000,0.000,-6.0000,0.0000,0.0000,6.0000,95.00,95.00,90.00,90.00,1575,1575,2225,1500,0,,,,,,,,0,,,,0
54718,26362,15743,12633,0,0,8.36534,0.41420,-3.35069,-0.110788,-0.545415,0.021305,78.932,-20.598,-39.677,45.6814,-68.5055,-444.6716,-514.1276,-1687.6439,-11344.0098,-0.0100150,0.4054184,0.0126627,0.000000,0.000000,0.000000,0.00000,0.00000,0.000,0.000,0.000,0.000,0.000,-6.0000,0.0000,0.0000,6.0000,95.00,95.00,90.00,90.00,1575,1575,2225,1500,0,,,,,,,,0,,,,0
54778,16237,15190,12143,0,0,10.87925,0.29808,-0.19034,0.374973,0.037284,-0.288687,80.813,-20.406,-42.385,46.1551,-68.8994,-445.0550,-511.3497,-1691.7993,-11370.9199,-0.0100150,0.4054184,0.0126627,0.000000,0.000000,0.000000,0.00000,0.00000,0.000,0.000,0.000,0.000,0.000,-6.0000,0.0000,0.0000,6.0000,95.00,95.00,90.00,90.00,1575,1575,2225,1500,0,,,,,,,,0,,,,0
54838,20484,18933,12681,0,0,10.49498,0.44772,-2.65517,0.172573,0.399474,-0.437824,82.022,-19.183,-42.560,46.6145,-69.2022,-445.4013,-508.7197,-1695.7158,-11396.1689,-0.0100150,0.4054184,0.0126627,0.000000,0.000000,0.000000,0.00000,0.00000,0.000,0.000,0.000,0.000,0.000,-6.0000,0.0000,0.0000,6.0000,95.00,95.00,90.00,90.00,1575,1575,2225,1500,0,,,,,,,,0,,,,0
54881,21696,15582,12211,0,0,9.39006,1.10852,-1.57419,-0.055394,0.441019,-0.470847,82.499,-17.808,-42.750,46.9842,-69.4068,-445.6786,-506.5435,-1698.9381,-11416.8848,-0.0100150,0.4054184,0.0126627,0.000000,0.000000,0.000000,0.00000,0.00000,0.000,0.000,0.000,0.000,0.000,-6.0000,0.0000,0.0000,6.0000,95.00,95.00,90.00,90.00,1575,1575,2225,1500,0,,,,,,,,0,,,,0
54925,22774,16182,13153,0,0,9.67138,1.54187,-1.57299,-0.075634,0.120375,-0.479369,82.871,-16.677,-43.347,47.3160,-69.6120,-445.9522,-504.4886,-1701.9675,-11436.3145,-0.0100150,0.4054184,0.0126627,0.000000,0.000000,0.000000,0.00000,0.00000,0.000,0.000,0.000,0.000,0.000,-6.0000,0.0000,0.0000,6.0000,95.00,95.00,90.00,90.00,1575,1575,2225,1500,0,,,,,,,,0,,,,0
54978,15643,15217,12147,0,0,9.27155,0.35434,-0.97085,-0.248207,-0.158724,-0.490022,82.869,-15.265,-45.397,47.6943,-69.9239,-446.3022,-501.9525,-1705.6920,-11460.1289,-0.0100150,0.4054184,0.0126627,0.000000,0.000000,0.000000,0.00000,0.00000,0.000,0.000,0.000,0.000,0.000,-6.0000,0.0000,0.0000,6.0000,95.00,95.00,90.00,90.00,1575,1575,2225,1500,0,,,,,,,,0,,,,0
55042,36788,27375,24320,0,0,10.21366,2.00634,0.07661,-0.265251,0.446346,0.007457,82.223,-14.959,-45.746,48.0463,-70.2529,-446.6014,-499.4538,-1709.3501,-11483.4326,-0.0100150,0.4054184,0.0126627,0.000000,0.000000,0.000000,0.00000,0.00000,0.000,0.000,0.000,0.000,0.000,-6.0000,0.0000,0.0000,6.0000,95.00,95.00,90.00,90.00,1575,1575,2225,1500,0,,,,,,,,0,,,,0
55080,36826,28403,17928,0,0,9.37569,1.90578,-0.94332,-0.456998,0.806405,-0.428236,81.099,-13.915,-45.021,48.3043,-70.4472,-446.8174,-497.6797,-1711.9408,-11499.8828,-0.0100150,0.4054184,0.0126627,0.000000,0.000000,0.000000,0.00000,0.00000,0.000,0.000,0.000,0.000,0.000,-6.0000,0.0000,0.0000,6.0000,95.00,95.00,90.00,90.00,1575,1575,2225,1500,0,,,,,,,,0,,,,0
55117,21270,15784,12672,0,0,9.36612,1.45328,-0.81283,-0.555003,0.827710,-0.251402,79.336,-12.701,-43.945,48.6630,-70.7201,-447.1546,-495.2604,-1715.4629,-11522.1865,-0.0100150,0.4054184,0.0126627,0.000000,0.000000,0.000000,0.00000,0.00000,0.000,0.000,0.000,0.000,0.000,-6.0000,0.0000,0.0000,6.0000,95.00,95.00,90.00,90.00,1575,1575,2225,1500,0,,,,,,,,0,,,,0
55177,15719,15232,12163,0,0,9.99100,3.25013,0.04908,-0.674312,0.235423,-0.790426,77.432,-10.317,-44.891,49.0967,-71.0618,-447.4333,-492.3265,-1719.7173,-11549.0332,-0.0100150,0.4054184,0.0126627,0.000000,0.000000,0.000000,0.00000,0.00000,0.000,0.000,0.000,0.000,0.000,-6.0000,0.0000,0.0000,6.0000,95.00,95.00,90.00,90.00,1575,1575,2225,1500,0,,,,,,,,0,,,,0
55220,27701,15656,12644,0,0,9.03811,1.65200,-0.49680,-0.664725,0.192813,-0.708401,75.925,-8.633,-45.760,49.3855,-71.3079,-447.7268,-490.2025,-1722.7878,-11568.3389,-0.0100150,0.4054184,0.0126627,0.000000,0.000000,0.000000,0.00000,0.00000,0.000,0.000,0.000,0.000,0.000,-6.0000,0.0000,0.0000,6.0000,95.00,95.00,90.00,90.00,1575,1575,2225,1500,0,,,,,,,,0,,,,0
55273,25557,21133,12711,0,0,9.27035,2.58933,-0.66080,-0.909736,0.084156,-0.673247,73.668,-7.086,-46.947,49.7140,-71.5841,-448.0360,-487.8493,-1726.1813,-11589.6104,-0.0100150,0.4054184,0.0126627,0.000000,0.000000,0.000000,0.00000,0.00000,0.000,0.000,0.000,0.000,0.000,-6.0000,0.0000,0.0000,6.0000,95.00,95.00,90.00,90.00,1575,1575,2225,1500,0,,,,,,,,0,,,,0
55327,16781,16101,13035,0,0,8.85735,2.67193,-0.36033,-0.954477,-0.929976,-0.651942,70.916,-5.893,-51.252,50.1097,-71.9032,-448.4140,-484.9122,-1730.4023,-11615.9834,-0.0100150,0.4054184,0.0126627,0.000000,0.000000,0.000000,0.00000,0.00000,0.000,0.000,0.000,0.000,0.000,-6.0000,0.0000,0.0000,6.0000,95.00,95.00,90.00,90.00,1575,1575,2225,1500,0,,,,,,,,0,,,,0
55370,21622,15723,12686,0,0,9.87129,2.84192,0.86072,-0.594418,-0.504935,-0.392017,69.414,-5.647,-54.125,50.3739,-72.2184,-448.6526,-482.7215,-1733.5441,-11635.5400,-0.0100150,0.4054184,0.0126627,0.000000,0.000000,0.000000,0.00000,0.00000,0.000,0.000,0.000,0.000,0.000,-6.0000,0.0000,0.0000,6.0000,95.00,95.00,90.00,90.00,1575,1575,2225,1500,0,,,,,,,,0,,,,0
55431,16861,16103,13071,0,0,8.26598,3.43927,-0.75537,-0.423975,0.250337,-0.265251,67.848,-5.048,-55.056,50.7050,-72.5943,-449.0018,-479.6998,-1737.8740,-11662.3760,-0.0100150,0.4054184,0.0126627,0.000000,0.000000,0.000000,0.00000,0.00000,0.000,0.000,0.000,0.000,0.000,-6.0000,0.0000,0.0000,6.0000,95.00,95.00,90.00,90.00,1575,1575,2225,1500,0,,,,,,,,0,,,,0
55472,23999,16875,12652,0,0,8.78911,3.76728,-0.95289,-0.441019,-0.334493,-0.267381,67.339,-5.060,-56.812,50.9667,-72.8242,-449.2515,-477.6254,-1740.8409,-11680.7041,-0.0100150,0.4054184,0.0126627,0.000000,0.000000,0.000000,0.00000,0.00000,0.000,0.000,0.000,0.000,0.000,-6.0000,0.0000,0.0000,6.0000,95.00,95.00,90.00,90.00,1575,1575,2225,1500,0,,,,,,,,0,,,,0
55533,37262,23709,20678,0,0,10.22444,3.76249,0.64524,-0.034088,-0.123571,-0.397344,67.165,-4.649,-59.244,51.2713,-73.2131,-449.5494,-474.8466,-1744.8094,-11705.1348,-0.0100150,0.4054184,0.0126627,0.000000,0.000000,0.000000,0.00000,0.00000,0.000,0.000,0.000,0.000,0.000,-6.0000,0.0000,0.0000,6.0000,95.00,95.00,90.00,90.00,1575,1575,2225,1500,0,,,,,,,,0,,,,0
55582,32191,15688,12641,0,0,10.63385,3.52067,1.23182,-0.200270,0.944890,-0.330232,66.703,-3.051,-58.467,51.5905,-73.7002,-449.8702,-471.9260,-1748.9808,-11730.6729,-0.0100150,0.4054184,0.0126627,0.000000,0.000000,0.000000,0.00000,0.00000,0.000,0.000,0.000,0.000,0.000,-6.0000,0.0000,0.0000,6.0000,95.00,95.00,90.00,90.00,1575,1575,2225,1500,0,,,,,,,,0,,,,0
55617,19938,15251,12206,0,0,10.05445,3.51589,1.55503,0.157659,1.177117,-0.304666,66.836,-1.834,-57.424,51.7833,-73.9977,-450.0841,-470.0735,-1751.6276,-11746.7998,-0.0100150,0.4054184,0.0126627,0.000000,0.000000,0.000000,0.00000,0.00000,0.000,0.000,0.000,0.000,0.000,-6.0000,0.0000,0.0000,6.0000,95.00,95.00,90.00,90.00,1575,1575,2225,1500,0,,,,,,,,0,,,,0
55680,19374,16458,12221,0,0,8.69095,4.30717,1.69390,0.233293,1.553156,-0.350472,67.851,0.363,-54.437,52.0917,-74.4599,-450.4251,-466.8937,-1756.1725,-11774.3662,-0.0100150,0.4054184,0.0126627,0.000000,0.000000,0.000000,0.00000,0.00000,0.000,0.000,0.000,0.000,0.000,-6.0000,0.0000,0.0000,6.0000,95.00,95.00,90.00,90.00,1575,1575,2225,1500,0,,,,,,,,0,,,,0
55739,30301,23782,20768,0,0,7.62793,4.21978,2.20865,0.138484,1.801362,-0.506001,68.406,2.832,-51.586,52.3014,-74.7707,-450.6858,-464.4408,-1759.6791,-11795.5391,-0.0100150,0.4054184,0.0126627,0.000000,0.000000,0.000000,0.00000,0.00000,0.000,0.000,0.000,0.000,0.000,-6.0000,0.0000,0.0000,6.0000,95.00,95.00,90.00,90.00,1575,1575,2225,1500,0,,,,,,,,0,,,,0
55781,26347,15592,12206,0,0,8.90882,4.35266,3.33393,0.054328,1.560612,-0.740359,69.130,6.460,-48.715,52.5933,-75.1993,-450.9702,-461.5387,-1763.8278,-11820.4834,-0.0100150,0.4054184,0.0126627,0.000000,0.000000,0.000000,0.00000,0.00000,0.000,0.000,0.000,0.000,0.000,-6.0000,0.0000,0.0000,6.0000,95.00,95.00,90.00,90.00,1575,1575,2225,1500,0,,,,,,,,0,,,,0
55817,19974,15276,12176,0,0,7.35618,5.35942,2.74136,-0.184291,1.248490,-0.628506,69.043,8.214,-47.474,52.7805,-75.4471,-451.1601,-459.6534,-1766.5233,-11836.6240,-0.0100150,0.4054184,0.0126627,0.000000,0.000000,0.000000,0.00000,0.00000,0.000,0.000,0.000,0.000,0.000,-6.0000,0.0000,0.0000,6.0000,95.00,95.00,90.00,90.00,1575,1575,2225,1500,0,,,,,,,,0,,,,0
55874,15320,15465,12285,0,0,7.22450,3.91213,3.60686,-0.243946,0.628506,-0.525175,68.356,10.405,-46.930,53.0111,-75.8292,-451.4868,-456.6152,-1770.8674,-11862.5469,-0.0100150,0.4054184,0.0126627,0.000000,0.000000,0.000000,0.00000,0.00000,0.000,0.000,0.000,0.000,0.000,-6.0000,0.0000,0.0000,6.0000,95.00,95.00,90.00,90.00,1575,1575,2225,1500,0,,,,,,,,0,,,,0
55924,15953,15751,12712,0,0,6.46434,4.93804,3.46800,-0.246076,0.298274,-0.222640,67.950,10.661,-47.225,53.1116,-75.9891,-451.6194,-455.3163,-1772.7257,-11873.6006,-0.0100150,0.4054184,0.0126627,0.000000,0.000000,0.000000,0.00000,0.00000,0.000,0.000,0.000,0.000,0.000,-6.0000,0.0000,0.0000,6.0000,95.00,95.00,90.00,90.00,1575,1575,2225,1500,0,,,,,,,,0,,,,0
55979,16831,15600,12569,0,0,7.17782,5.01705,3.98874,-0.221575,0.357929,-0.125701,55.419,8.763,-48.445,43.1540,-76.1289,-455.0458,-760.2141,-1909.0002,-11811.1738,0.0076607,0.4022436,0.0131191,0.000000,0.000000,0.000000,0.00000,0.00000,0.000,0.000,0.000,0.000,0.000,-6.0000,0.0000,0.0000,6.0000,95.00,95.00,90.00,90.00,1575,1575,2225,1500,0,,,,,,,,0,,,,0
56018,16419,37493,29519,0,0,6.50145,5.04458,3.90973,-0.199204,0.429302,-0.064981,53.922,8.589,-48.519,42.0965,-76.1674,-455.4702,-793.9847,-1924.9163,-11808.7793,0.0096489,0.4019186,0.0131583,0.000000,0.000000,0.000000,0.00000,0.00000,0.000,0.000,0.000,0.000,0.000,-6.0000,0.0000,0.0000,6.0000,95.00,95.00,90.00,90.00,1575,1575,2225,1500,0,,,,,,,,0,,,,0
56077,35958,22674,19636,0,0,6.15669,5.17028,4.10845,-0.419714,0.759534,0.059655,52.335,9.035,-47.641,42.4255,-76.5693,-455.7862,-790.8429,-1930.5946,-11842.6572,0.0096489,0.4019186,0.0131583,0.000000,0.000000,0.000000,0.00000,0.00000,0.000,0.000,0.000,0.000,0.000,-6.0000,0.0000,0.0000,6.0000,95.00,95.00,90.00,90.00,1575,1575,2225,1500,0,,,,,,,,0,,,,0
56118,16997,15675,12608,0,0,6.63433,4.06775,4.82192,-0.417584,1.071656,0.387756,51.460,9.398,-45.805,42.6227,-76.8522,-456.0117,-788.8014,-1934.2773,-11864.5449,0.0096489,0.4019186,0.0131583,0.000000,0.000000,0.000000,0.00000,0.00000,0.000,0.000,0.000,0.000,0.000,-6.0000,0.0000,0.0000,6.0000,95.00,95.00,90.00,90.00,1575,1575,2225,1500,0,,,,,,,,0,,,,0
56180,15809,15148,12146,0,0,6.33625,4.20542,5.43604,-0.485761,0.800014,0.172573,50.055,9.689,-44.092,42.8807,-77.2364,-456.2772,-786.1517,-1939.0521,-11892.8154,0.0096489,0.4019186,0.0131583,0.000000,0.000000,0.000000,0.00000,0.00000,0.000,0.000,0.000,0.000,0.000,-6.0000,0.0000,0.0000,6.0000,95.00,95.00,90.00,90.00,1575,1575,2225,1500,0,,,,,,,,0,,,,0
56224,28123,16227,13181,0,0,5.82390,4.83270,5.16429,-0.450607,0.491087,0.027697,48.972,9.840,-43.676,43.0726,-77.4728,-456.4509,-784.2842,-1942.4137,-11912.6475,0.0096489,0.4019186,0.0131583,0.000000,0.000000,0.000000,0.00000,0.00000,0.000,0.000,0.000,0.000,0.000,-6.0000,0.0000,0.0000,6.0000,95.00,95.00,90.00,90.00,1575,1575,2225,1500,0,,,,,,,,0,,,,0
56277,15601,15192,12158,0,0,5.97832,3.76608,6.52659,-0.515588,0.533697,0.103331,47.578,9.883,-43.304,43.2799,-77.7987,-456.6594,-781.9869,-1946.5437,-11936.9375,0.0096489,0.4019186,0.0131583,0.000000,0.000000,0.000000,0.00000,0.00000,0.000,0.000,0.000,0.000,0.000,-6.0000,0.0000,0.0000,6.0000,95.00,95.00,90.00,90.00,1575,1575,2225,1500,0,,,,,,,,0,,,,0
56325,31299,16629,13219,0,0,5.85622,3.80798,6.70616,-0.698813,0.328101,0.007457,45.758,9.819,-43.352,43.4477,-78.0966,-456.8307,-779.9624,-1950.1829,-11958.2627,0.0096489,0.4019186,0.0131583,0.000000,0.000000,0.000000,0.00000,0.00000,0.000,0.000,0.000,0.000,0.000,-6.0000,0.0000,0.0000,6.0000,95.00,95.00,90.00,90.00,1575,1575,2225,1500,0,,,,,,,,0,,,,0
56368,26579,15670,12647,0,0,5.67426,4.24492,6.31351,-0.648746,0.349407,0.013848,44.055,9.674,-43.521,43.6281,-78.3538,-456.9798,-778.0487,-1953.6212,-11978.3447,0.0096489,0.4019186,0.0131583,0.000000,0.000000,0.000000,0.00000,0.00000,0.000,0.000,0.000,0.000,0.000,-6.0000,0.0000,0.0000,6.0000,95.00,95.00,90.00,90.00,1575,1575,2225,1500,0,,,,,,,,0,,,,0
56427,16934,16074,13065,0,0,5.36900,3.56736,6.57448,-0.478304,0.446346,-0.124636,42.085,9.964,-43.794,43.8320,-78.6893,-457.1909,-775.4615,-1958.2665,-12005.3867,0.0096489,0.4019186,0.0131583,0.000000,0.000000,0.000000,0.00000,0.00000,0.000,0.000,0.000,0.000,0.000,-6.0000,0.0000,0.0000,6.0000,95.00,95.00,90.00,90.00,1575,1575,2225,1500,0,,,,,,,,0,,,,0
56479,15733,15115,12131,0,0,4.97395,3.20105,6.86418,-0.448476,0.301470,-0.245011,40.506,10.208,-44.375,43.9985,-79.0036,-457.3768,-773.1257,-1962.4603,-12029.7090,0.0096489,0.4019186,0.0131583,0.000000,0.000000,0.000000,0.00000,0.00000,0.000,0.000,0.000,0.000,0.000,-6.0000,0.0000,0.0000,6.0000,95.00,95.00,90.00,90.00,1575,1575,2225,1500,0,,,,,,,,0,,,,0
56546,40329,25688,16947,0,0,5.77003,3.39139,7.86016,-0.592287,0.841559,-0.178964,38.690,11.351,-44.228,44.1848,-79.3608,-457.5344,-770.6732,-1966.8650,-12055.1572,0.0096489,0.4019186,0.0131583,0.000000,0.000000,0.000000,0.00000,0.00000,0.000,0.000,0.000,0.000,0.000,-6.0000,0.0000,0.0000,6.0000,95.00,95.00,90.00,90.00,1575,1575,2225,1500,0,,,,,,,,0,,,,0
56577,26466,30911,22332,0,0,5.31154,3.52905,7.70933,-0.566721,0.708401,-0.258859,37.808,11.972,-44.265,44.2799,-79.5252,-457.6093,-769.5025,-1968.9675,-12067.2676,0.0096489,0.4019186,0.0131583,0.000000,0.000000,0.000000,0.00000,0.00000,0.000,0.000,0.000,0.000,0.000,-6.0000,0.0000,0.0000,6.0000,95.00,95.00,90.00,90.00,1575,1575,2225,1500,0,,,,,,,,0,,,,0
56631,16798,16082,13044,0,0,4.01627,3.04423,9.08121,-0.493217,0.380299,-0.361125,35.304,12.913,-45.340,44.4598,-79.9351,-457.7466,-766.4484,-1974.4547,-12098.7666,0.0096489,0.4019186,0.0131583,0.000000,0.000000,0.000000,0.00000,0.00000,0.000,0.000,0.000,0.000,0.000,-6.0000,0.0000,0.0000,6.0000,95.00,95.00,90.00,90.00,1575,1575,2225,1500,0,,,,,,,,0,,,,0
56674,21357,15673,12347,0,0,4.34787,3.04064,9.40562,-0.181095,0.013848,-0.481500,34.247,13.064,-46.621,44.5641,-80.2111,-457.8174,-764.5209,-1977.9219,-12118.5898,0.0096489,0.4019186,0.0131583,0.000000,0.000000,0.000000,0.00000,0.00000,0.000,0.000,0.000,0.000,0.000,-6.0000,0.0000,0.0000,6.0000,95.00,95.00,90.00,90.00,1575,1575,2225,1500,0,,,,,,,,0,,,,0
56717,26861,15768,12672,0,0,4.53701,2.98796,9.06086,0.059655,-0.511327,-0.605070,33.756,12.173,-49.032,44.6588,-80.4950,-457.8907,-762.6143,-1981.3562,-12138.1582,0.0096489,0.4019186,0.0131583,0.000000,0.000000,0.000000,0.00000,0.00000,0.000,0.000,0.000,0.000,0.000,-6.0000,0.0000,0.0000,6.0000,95.00,95.00,90.00,90.00,1575,1575,2225,1500,0,,,,,,,,0,,,,0
56775,15901,15642,12274,0,0,4.23893,2.89339,8.56047,0.374973,-0.520914,-0.722249,33.965,10.816,-52.844,44.7570,-80.8506,-457.9946,-760.0307,-1986.0179,-12164.6201,0.0096489,0.4019186,0.0131583,0.000000,0.000000,0.000000,0.00000,0.00000,0.000,0.000,0.000,0.000,0.000,-6.0000,0.0000,0.0000,6.0000,95.00,95.00,90.00,90.00,1575,1575,2225,1500,0,,,,,,,,0,,,,0
56818,27816,15735,12642,0,0,4.39695,3.75171,8.22528,0.569916,-0.703075,-0.779774,34.705,9.760,-56.021,44.8459,-81.1116,-458.0843,-758.0743,-1989.5543,-12184.6211,0.0096489,0.4019186,0.0131583,0.000000,0.000000,0.000000,0.00000,0.00000,0.000,0.000,0.000,0.000,0.000,-6.0000,0.0000,0.0000,6.0000,95.00,95.00,90.00,90.00,1575,1575,2225,1500,0,,,,,,,,0,,,,0
56879,36112,23406,20364,0,0,5.64194,3.98515,7.49625,0.597613,-1.271926,-0.814927,35.777,7.405,-60.777,44.9692,-81.4443,-458.1995,-755.7145,-1993.8250,-12208.6943,0.0096489,0.4019186,0.0131583,0.000000,0.000000,0.000000,0.00000,0.00000,0.000,0.000,0.000,0.000,0.000,-6.0000,0.0000,0.0000,6.0000,95.00,95.00,90.00,90.00,1575,1575,2225,1500,0,,,,,,,,0,,,,0
56933,16792,16064,13058,0,0,5.02184,4.24851,6.50624,0.546481,-1.818406,-0.887365,37.183,3.178,-67.518,45.0534,-81.7547,-458.3300,-752.9462,-1998.8438,-12236.8809,0.0096489,0.4019186,0.0131583,0.000000,0.000000,0.000000,0.00000,0.00000,0.000,0.000,0.000,0.000,0.000,-6.0000,0.0000,0.0000,6.0000,95.00,95.00,90.00,90.00,1575,1575,2225,1500,0,,,,,,,,0,,,,0
56979,21121,15182,12167,0,0,5.29358,4.22577,5.99029,0.396278,-1.618137,-0.738228,38.178,-0.096,-72.152,45.1316,-81.9918,-458.4391,-750.8323,-2002.6814,-12258.3672,0.0096489,0.4019186,0.0131583,0.000000,0.000000,0.000000,0.00000,0.00000,0.000,0.000,0.000,0.000,0.000,-6.0000,0.0000,0.0000,6.0000,95.00,95.00,90.00,90.00,1575,1575,2225,1500,0,,,,,,,,0,,,,0
57040,36817,24575,21549,0,0,5.37857,5.07092,5.83108,-0.002131,-0.823449,-0.309992,38.394,-2.483,-75.718,45.2167,-82.2422,-458.5437,-748.4745,-2006.9673,-12282.2969,0.0096489,0.4019186,0.0131583,0.000000,0.000000,0.000000,0.00000,0.00000,0.000,0.000,0.000,0.000,0.000,-6.0000,0.0000,0.0000,6.0000,95.00,95.00,90.00,90.00,1575,1575,2225,1500,0,,,,,,,,0,,,,0
57072,25757,30635,22625,0,0,5.70778,5.72932,5.48990,-0.270577,-0.255663,-0.290817,38.026,-2.968,-76.672,45.2765,-82.3681,-458.5867,-747.3091,-2009.0872,-12294.1084,0.0096489,0.4019186,0.0131583,0.000000,0.000000,0.000000,0.00000,0.00000,0.000,0.000,0.000,0.000,0.000,-6.0000,0.0000,0.0000,6.0000,95.00,95.00,90.00,90.00,1575,1575,2225,1500,0,,,,,,,,0,,,,0
57126,16988,16090,13086,0,0,5.55096,5.61081,5.46836,-0.402670,-0.296144,0.122505,36.813,-4.990,-77.989,45.4301,-82.6724,-458.6833,-744.1941,-2014.7549,-12325.6094,0.0096489,0.4019186,0.0131583,0.000000,0.000000,0.000000,0.00000,0.00000,0.000,0.000,0.000,0.000,0.000,-6.0000,0.0000,0.0000,6.0000,95.00,95.00,90.00,90.00,1575,1575,2225,1500,0,,,,,,,,0,,,,0
57176,30273,18395,12281,0,0,5.07212,5.42167,5.36421,-0.502805,-0.112918,0.322775,35.505,-6.549,-78.392,45.5273,-82.8605,-458.7693,-742.0524,-2018.6528,-12347.2129,0.0096489,0.4019186,0.0131583,0.000000,0.000000,0.000000,0.00000,0.00000,0.000,0.000,0.000,0.000,0.000,-6.0000,0.0000,0.0000,6.0000,95.00,95.00,90.00,90.00,1575,1575,2225,1500,0,,,,,,,,0,,,,0
57220,27831,15685,12660,0,0,5.85382,5.09127,5.68982,-0.496413,-0.351537,0.442085,34.207,-8.707,-78.486,45.6160,-83.0602,-458.8388,-739.9357,-2022.5060,-12368.5225,0.0096489,0.4019186,0.0131583,0.000000,0.000000,0.000000,0.00000,0.00000,0.000,0.000,0.000,0.000,0.000,-6.0000,0.0000,0.0000,6.0000,95.00,95.00,90.00,90.00,1575,1575,2225,1500,0,,,,,,,,0,,,,0
57273,15329,15491,12551,0,0,6.08247,5.23253,5.82988,-0.500674,-0.600809,0.010653,32.883,-11.403,-79.960,45.7144,-83.2991,-458.9048,-737.4984,-2026.9460,-12393.0146,0.0096489,0.4019186,0.0131583,0.000000,0.000000,0.000000,0.00000,0.00000,0.000,0.000,0.000,0.000,0.000,-6.0000,0.0000,0.0000,6.0000,95.00,95.00,90.00,90.00,1575,1575,2225,1500,0,,,,,,,,0,,,,0
57318,29837,15724,12669,0,0,5.38576,4.89016,5.05296,-0.256729,-0.377104,0.099070,32.239,-13.304,-81.069,45.8019,-83.4573,-458.9830,-735.4151,-2030.7422,-12413.9092,0.0096489,0.4019186,0.0131583,0.000000,0.000000,0.000000,0.00000,0.00000,0.000,0.000,0.000,0.000,0.000,-6.0000,0.0000,0.0000,6.0000,95.00,95.00,90.00,90.00,1575,1575,2225,1500,0,,,,,,,,0,,,,0
57384,19305,18112,12640,0,0,6.52420,4.19823,5.82270,-0.292948,0.151268,0.324906,30.820,-14.777,-80.767,45.9105,-83.7085,-459.0864,-732.5054,-2036.0450,-12443.0332,0.0096489,0.4019186,0.0131583,0.000000,0.000000,0.000000,0.00000,0.00000,0.000,0.000,0.000,0.000,0.000,-6.0000,0.0000,0.0000,6.0000,95.00,95.00,90.00,90.00,1575,1575,2225,1500,0,,,,,,,,0,,,,0
57422,17116,16017,12984,0,0,6.60321,4.97635,6.46315,-0.390952,-0.201335,0.120375,30.001,-15.745,-80.951,45.9872,-83.8675,-459.0966,-730.6787,-2039.3760,-12461.2832,0.0096489,0.4019186,0.0131583,0.000000,0.000000,0.000000,0.00000,0.00000,0.000,0.000,0.000,0.000,0.000,-6.0000,0.0000,0.0000,6.0000,95.00,95.00,90.00,90.00,1575,1575,2225,1500,0,,,,,,,,0,,,,0
57481,15809,15488,12138,0,0,7.58244,3.36864,6.23570,-0.188552,-0.257794,0.116114,28.955,-17.856,-81.469,46.0286,-84.1719,-459.1468,-727.9269,-2044.4009,-12488.7422,0.0096489,0.4019186,0.0131583,0.000000,0.000000,0.000000,0.00000,0.00000,0.000,0.000,0.000,0.000,0.000,-6.0000,0.0000,0.0000,6.0000,95.00,95.00,90.00,90.00,1575,1575,2225,1500,0,,,,,,,,0,,,,0
57518,15693,36181,28110,0,0,7.30591,3.70263,6.01064,-0.149137,-0.045806,0.103331,28.853,-18.247,-81.599,46.0448,-84.2445,-459.1597,-727.2044,-2045.7224,-12495.9473,0.0096489,0.4019186,0.0131583,0.000000,0.000000,0.000000,0.00000,0.00000,0.000,0.000,0.000,0.000,0.000,-6.0000,0.0000,0.0000,6.0000,95.00,95.00,90.00,90.00,1575,1575,2225,1500,0,,,,,,,,0,,,,0
57575,29707,26696,18641,0,0,6.17704,3.07775,5.42167,-0.035154,-0.098004,-0.123571,29.051,-19.728,-82.780,46.0762,-84.4954,-459.2819,-724.1210,-2051.3706,-12526.6904,0.0096489,0.4019186,0.0131583,0.000000,0.000000,0.000000,0.00000,0.00000,0.000,0.000,0.000,0.000,0.000,-6.0000,0.0000,0.0000,6.0000,95.00,95.00,90.00,90.00,1575,1575,2225,1500,0,,,,,,,,0,,,,0
57619,19979,15624,12592,0,0,6.29555,3.37822,5.77122,-0.064981,0.218379,-0.255663,29.261,-20.117,-84.113,46.0936,-84.6920,-459.3612,-721.5993,-2055.9998,-12551.8252,0.0096489,0.4019186,0.0131583,0.000000,0.000000,0.000000,0.00000,0.00000,0.000,0.000,0.000,0.000,0.000,-6.0000,0.0000,0.0000,6.0000,95.00,95.00,90.00,90.00,1575,1575,2225,1500,0,,,,,,,,0,,,,0
57678,15819,15210,12151,0,0,6.86298,3.77685,6.03698,-0.211988,0.211988,-0.358994,29.085,-19.984,-85.519,46.1422,-84.9289,-459.4207,-718.8358,-2061.0815,-12579.3525,0.0096489,0.4019186,0.0131583,0.000000,0.000000,0.000000,0.00000,0.00000,0.000,0.000,0.000,0.000,0.000,-6.0000,0.0000,0.0000,6.0000,95.00,95.00,90.00,90.00,1575,1575,2225,1500,0,,,,,,,,0,,,,0
57721,26420,15694,12636,0,0,6.65468,4.30238,6.49068,-0.206661,-0.071373,-0.267381,28.910,-20.567,-86.699,46.1793,-85.0757,-459.4290,-716.9054,-2064.6362,-12598.5645,0.0096489,0.4019186,0.0131583,0.000000,0.000000,0.000000,0.00000,0.00000,0.000,0.000,0.000,0.000,0.000,-6.0000,0.0000,0.0000,6.0000,95.00,95.00,90.00,90.00,1575,1575,2225,1500,0,,,,,,,,0,,,,0
57775,16091,15617,12282,0,0,6.85819,4.38259,6.09683,-0.360059,-0.110788,-0.215183,28.629,-21.854,-88.517,46.2365,-85.2644,-459.4419,-714.3885,-2069.2754,-12623.5889,0.0096489,0.4019186,0.0131583,0.000000,0.000000,0.000000,0.00000,0.00000,0.000,0.000,0.000,0.000,0.000,-6.0000,0.0000,0.0000,6.0000,95.00,95.00,90.00,90.00,1575,1575,2225,1500,0,,,,,,,,0,,,,0
57830,31502,22944,13221,0,0,6.65828,4.16232,6.55293,-0.280165,-0.332363,-0.003196,28.158,-23.221,-89.510,46.2628,-85.4111,-459.4396,-712.2000,-2073.3140,-12645.3311,0.0096489,0.4019186,0.0131583,0.000000,0.000000,0.000000,0.00000,0.00000,0.000,0.000,0.000,0.000,0.000,-6.0000,0.0000,0.0000,6.0000,95.00,95.00,90.00,90.00,1575,1575,2225,1500,0,,,,,,,,0,,,,0
57873,26658,15702,12686,0,0,6.17824,3.79720,5.32590,-0.123571,-1.072721,0.022371,28.586,-26.331,-91.445,46.2832,-85.5259,-459.4954,-709.8630,-2077.6306,-12668.5371,0.0096489,0.4019186,0.0131583,0.000000,0.000000,0.000000,0.00000,0.00000,0.000,0.000,0.000,0.000,0.000,-6.0000,0.0000,0.0000,6.0000,95.00,95.00,90.00,90.00,1575,1575,2225,1500,0,,,,,,,,0,,,,0
57926,16897,16063,13050,0,0,7.14190,4.56933,5.49350,0.088417,-0.711597,0.159790,29.421,-29.756,-93.321,46.3287,-85.6610,-459.5456,-707.3977,-2082.1880,-12693.0039,0.0096489,0.4019186,0.0131583,0.000000,0.000000,0.000000,0.00000,0.00000,0.000,0.000,0.000,0.000,0.000,-6.0000,0.0000,0.0000,6.0000,95.00,95.00,90.00,90.00,1575,1575,2225,1500,0,,,,,,,,0,,,,0
57970,26725,15777,12709,0,0,8.48385,3.72897,5.94720,0.075634,-0.087352,0.162985,29.805,-31.428,-93.756,46.3454,-85.8091,-459.5273,-705.3817,-2085.9177,-12712.9951,0.0096489,0.4019186,0.0131583,0.000000,0.000000,0.000000,0.00000,0.00000,0.000,0.000,0.000,0.000,0.000,-6.0000,0.0000,0.0000,6.0000,95.00,95.00,90.00,90.00,1575,1575,2225,1500,0,,,,,,,,0,,,,0
58046,40239,36106,27752,0,0,7.71891,3.04662,5.32830,-0.028762,0.074569,0.169377,29.825,-32.673,-93.850,46.3447,-85.9809,-459.5446,-702.7753,-2090.7478,-12738.8359,0.0096489,0.4019186,0.0131583,0.000000,0.000000,0.000000,0.00000,0.00000,0.000,0.000,0.000,0.000,0.000,-6.0000,0.0000,0.0000,6.0000,95.00,95.00,90.00,90.00,1575,1575,2225,1500,0,,,,,,,,0,,,,0
58073,36976,26098,23006,0,0,7.84939,3.17351,4.65553,-0.213053,0.532632,0.193878,29.052,-32.620,-93.293,46.3561,-86.1144,-459.5760,-701.0615,-2093.9294,-12755.8291,0.0096489,0.4019186,0.0131583,0.000000,0.000000,0.000000,0.00000,0.00000,0.000,0.000,0.000,0.000,0.000,-6.0000,0.0000,0.0000,6.0000,95.00,95.00,90.00,90.00,1575,1575,2225,1500,0,,,,,,,,0,,,,0
58121,26927,20536,12767,0,0,7.01501,4.03064,6.62954,-0.402670,1.022654,0.060720,27.353,-31.257,-91.970,46.3650,-86.2423,-459.5686,-698.5951,-2098.5149,-12780.2803,0.0096489,0.4019186,0.0131583,0.000000,0.000000,0.000000,0.00000,0.00000,0.000,0.000,0.000,0.000,0.000,-6.0000,0.0000,0.0000,6.0000,95.00,95.00,90.00,90.00,1575,1575,2225,1500,0,,,,,,,,0,,,,0
58180,15814,15128,12128,0,0,4.94881,3.42969,7.41125,-0.709466,1.402953,-0.053263,24.218,-27.761,-90.336,46.3645,-86.4102,-459.6286,-695.5884,-2104.1147,-12810.0869,0.0096489,0.4019186,0.0131583,0.000000,0.000000,0.000000,0.00000,0.00000,0.000,0.000,0.000,0.000,0.000,-6.0000,0.0000,0.0000,6.0000,95.00,95.00,90.00,90.00,1575,1575,2225,1500,0,,,,,,,,0,,,,0
58228,31509,16216,13219,0,0,4.65313,2.33794,7.07846,-0.827710,0.725445,-0.304666,22.142,-26.331,-90.558,46.3427,-86.4469,-459.6564,-693.4177,-2108.1621,-12831.6104,0.0096489,0.4019186,0.0131583,0.000000,0.000000,0.000000,0.00000,0.00000,0.000,0.000,0.000,0.000,0.000,-6.0000,0.0000,0.0000,6.0000,95.00,95.00,90.00,90.00,1575,1575,2225,1500,0,,,,,,,,0,,,,0
58280,15712,15094,12114,0,0,5.42406,1.71185,6.34104,-0.786165,0.089482,-0.354733,20.325,-26.415,-91.878,46.3028,-86.5337,-459.7292,-690.9426,-2112.7834,-12856.1729,0.0096489,0.4019186,0.0131583,0.000000,0.000000,0.000000,0.00000,0.00000,0.000,0.000,0.000,0.000,0.000,-6.0000,0.0000,0.0000,6.0000,95.00,95.00,90.00,90.00,1575,1575,2225,1500,0,,,,,,,,0,,,,0
58325,28584,16230,13160,0,0,5.48392,1.89381,6.98030,-0.497478,-0.223706,-0.247141,19.577,-27.700,-93.238,46.2814,-86.6004,-459.7761,-688.9119,-2116.5808,-12876.3398,0.0096489,0.4019186,0.0131583,0.000000,0.000000,0.000000,0.00000,0.00000,0.000,0.000,0.000,0.000,0.000,-6.0000,0.0000,0.0000,6.0000,95.00,95.00,90.00,90.00,1575,1575,2225,1500,0,,,,,,,,0,,,,0
58369,26920,15712,12695,0,0,5.55215,2.10211,7.06649,-0.151268,-0.027697,-0.215183,19.654,-28.619,-94.370,46.2584,-86.6620,-459.8038,-686.8817,-2120.3821,-12896.5146,0.0096489,0.4019186,0.0131583,0.000000,0.000000,0.000000,0.00000,0.00000,0.000,0.000,0.000,0.000,0.000,-6.0000,0.0000,0.0000,6.0000,95.00,95.00,90.00,90.00,1575,1575,2225,1500,0,,,,,,,,0,,,,0
58422,16905,15962,12958,0,0,5.85143,2.03148,8.14268,-0.041545,0.131028,-0.205596,19.866,-29.203,-95.425,46.2161,-86.7144,-459.8157,-684.4359,-2124.9675,-12920.8359,0.0096489,0.4019186,0.0131583,0.000000,0.000000,0.000000,0.00000,0.00000,0.000,0.000,0.000,0.000,0.000,-6.0000,0.0000,0.0000,6.0000,95.00,95.00,90.00,90.00,1575,1575,2225,1500,0,,,,,,,,0,,,,0
58473,25985,15700,12669,0,0,5.57849,1.65080,7.25683,0.151268,0.215183,-0.138484,20.526,-29.529,-96.160,46.1571,-86.7819,-459.8318,-682.0632,-2129.4243,-12944.4580,0.0096489,0.4019186,0.0131583,0.000000,0.000000,0.000000,0.00000,0.00000,0.000,0.000,0.000,0.000,0.000,-6.0000,0.0000,0.0000,6.0000,95.00,95.00,90.00,90.00,1575,1575,2225,1500,0,,,,,,,,0,,,,0
58537,37401,26023,17988,0,0,6.08486,2.54145,8.44076,0.136354,0.249272,-0.125701,19.962,-32.177,-99.227,43.3413,-87.3672,-458.7509,-769.5659,-2182.8701,-12915.2354,0.0143634,0.4031014,0.0168927,0.000000,0.000000,0.000000,0.00000,0.00000,0.000,0.000,0.000,0.000,0.000,-6.0000,0.0000,0.0000,6.0000,95.00,95.00,90.00,90.00,1575,1575,2225,1500,0,,,,,,,,0,,,,0
58579,21008,15240,12206,0,0,5.87777,2.07577,7.12754,0.192813,0.109722,-0.199204,21.020,-32.691,-100.283,43.2947,-87.3953,-458.7672,-767.2680,-2187.5054,-12939.5713,0.0143634,0.4031014,0.0168927,0.000000,0.000000,0.000000,0.00000,0.00000,0.000,0.000,0.000,0.000,0.000,-6.0000,0.0000,0.0000,6.0000,95.00,95.00,90.00,90.00,1575,1575,2225,1500,0,,,,,,,,0,,,,0
58623,27744,16227,13150,0,0,6.73728,1.45567,7.13233,0.170442,0.255663,-0.181095,21.825,-32.981,-101.019,43.2341,-87.4524,-458.7725,-765.4000,-2191.2798,-12959.3789,0.0143634,0.4031014,0.0168927,0.000000,0.000000,0.000000,0.00000,0.00000,0.000,0.000,0.000,0.000,0.000,-6.0000,0.0000,0.0000,6.0000,95.00,95.00,90.00,90.00,1575,1575,2225,1500,0,,,,,,,,0,,,,0
58673,24970,15719,12654,0,0,6.26682,2.00634,7.90925,0.134223,0.329167,-0.217314,21.000,-34.604,-103.948,40.8279,-88.1650,-458.4052,-842.5388,-2239.2939,-12938.8408,0.0184451,0.4041757,0.0203846,0.000000,0.000000,0.000000,0.00000,0.00000,0.000,0.000,0.000,0.000,0.000,-6.0000,0.0000,0.0000,6.0000,95.00,95.00,90.00,90.00,1575,1575,2225,1500,0,,,,,,,,0,,,,0
58718,28640,15713,12636,0,0,5.93882,2.71622,7.95833,-0.001065,0.482565,-0.265251,20.236,-34.115,-104.967,40.4081,-88.5156,-459.0447,-858.4904,-2252.6484,-12955.7695,0.0193074,0.4043287,0.0211056,0.000000,0.000000,0.000000,0.00000,0.00000,0.000,0.000,0.000,0.000,0.000,-6.0000,0.0000,0.0000,6.0000,95.00,95.00,90.00,90.00,1575,1575,2225,1500,0,,,,,,,,0,,,,0
58773,16827,15575,12590,0,0,5.17148,2.93170,7.96192,-0.063916,0.321710,-0.509196,20.972,-33.651,-106.570,40.3936,-88.5039,-459.0229,-856.2765,-2257.4990,-12980.9248,0.0193074,0.4043287,0.0211056,0.000000,0.000000,0.000000,0.00000,0.00000,0.000,0.000,0.000,0.000,0.000,-6.0000,0.0000,0.0000,6.0000,95.00,95.00,90.00,90.00,1575,1575,2225,1500,0,,,,,,,,0,,,,0
58833,16693,16060,13030,0,0,4.84227,2.99395,8.23007,-0.161920,0.135289,-0.735032,22.137,-33.325,-109.654,40.4007,-88.4559,-459.0247,-853.8537,-2262.8054,-13008.4521,0.0193074,0.4043287,0.0211056,0.000000,0.000000,0.000000,0.00000,0.00000,0.000,0.000,0.000,0.000,0.000,-6.0000,0.0000,0.0000,6.0000,95.00,95.00,90.00,90.00,1575,1575,2225,1500,0,,,,,,,,0,,,,0
58880,22036,15251,12196,0,0,4.60285,2.67552,7.83742,-0.153398,0.001065,-0.786165,23.295,-33.480,-112.558,40.3869,-88.4149,-459.0336,-851.9329,-2267.0107,-13030.2803,0.0193074,0.4043287,0.0211056,0.000000,0.000000,0.000000,0.00000,0.00000,0.000,0.000,0.000,0.000,0.000,-6.0000,0.0000,0.0000,6.0000,95.00,95.00,90.00,90.00,1575,1575,2225,1500,0,,,,,,,,0,,,,0
58917,21547,15820,12635,0,0,4.50469,2.67911,7.86854,-0.178964,-0.038350,-0.793622,24.233,-33.663,-114.934,40.3729,-88.3768,-459.0498,-850.4390,-2270.2813,-13047.2627,0.0193074,0.4043287,0.0211056,0.000000,0.000000,0.000000,0.00000,0.00000,0.000,0.000,0.000,0.000,0.000,-6.0000,0.0000,0.0000,6.0000,95.00,95.00,90.00,90.00,1575,1575,2225,1500,0,,,,,,,,0,,,,0
58977,15785,15295,12170,0,0,4.07254,3.26569,7.62673,-0.074569,-0.138484,-0.847950,26.121,-34.046,-119.141,40.3642,-88.2942,-459.0782,-848.0177,-2275.5801,-13074.7998,0.0193074,0.4043287,0.0211056,0.000000,0.000000,0.000000,0.00000,0.00000,0.000,0.000,0.000,0.000,0.000,-6.0000,0.0000,0.0000,6.0000,95.00,95.00,90.00,90.00,1575,1575,2225,1500,0,,,,,,,,0,,,,0
59038,36934,24416,21342,0,0,4.11922,3.28484,7.67342,0.087352,0.088417,-0.829841,28.084,-33.852,-122.477,40.3710,-88.2227,-459.1108,-845.9011,-2280.2075,-13098.8711,0.0193074,0.4043287,0.0211056,0.000000,0.000000,0.000000,0.00000,0.00000,0.000,0.000,0.000,0.000,0.000,-6.0000,0.0000,0.0000,6.0000,95.00,95.00,90.00,90.00,1575,1575,2225,1500,0,,,,,,,,0,,,,0
59071,33945,22934,12804,0,0,4.06176,3.88220,7.66145,0.187487,0.110788,-0.823449,29.555,-33.561,-124.538,40.3859,-88.1770,-459.1248,-844.5304,-2283.2014,-13114.4561,0.0193074,0.4043287,0.0211056,0.000000,0.000000,0.000000,0.00000,0.00000,0.000,0.000,0.000,0.000,0.000,-6.0000,0.0000,0.0000,6.0000,95.00,95.00,90.00,90.00,1575,1575,2225,1500,0,,,,,,,,0,,,,0
59130,16917,16196,13093,0,0,1.39223,4.01986,8.37611,0.364320,0.339819,-0.743555,32.439,-32.594,-128.110,40.4514,-88.0250,-459.1613,-841.8566,-2289.0315,-13144.8330,0.0193074,0.4043287,0.0211056,0.000000,0.000000,0.000000,0.00000,0.00000,0.000,0.000,0.000,0.000,0.000,-6.0000,0.0000,0.0000,6.0000,95.00,95.00,90.00,90.00,1575,1575,2225,1500,0,,,,,,,,0,,,,0
59190,30547,23365,20270,0,0,5.89812,5.81911,6.13275,0.161920,0.468716,-0.545415,34.228,-32.180,-130.192,40.5134,-88.0221,-459.1626,-839.7255,-2293.6633,-13169.0000,0.0193074,0.4043287,0.0211056,0.000000,0.000000,0.000000,0.00000,0.00000,0.000,0.000,0.000,0.000,0.000,-6.0000,0.0000,0.0000,6.0000,95.00,95.00,90.00,90.00,1575,1575,2225,1500,0,,,,,,,,0,,,,0
59217,23773,26566,18536,0,0,4.50948,4.71418,7.76080,0.572047,0.905475,-0.252468,34.931,-31.407,-130.098,40.5162,-87.9973,-459.1560,-838.7624,-2295.7556,-13179.9160,0.0193074,0.4043287,0.0211056,0.000000,0.000000,0.000000,0.00000,0.00000,0.000,0.000,0.000,0.000,0.000,-6.0000,0.0000,0.0000,6.0000,95.00,95.00,90.00,90.00,1575,1575,2225,1500,0,,,,,,,,0,,,,0
59277,19336,18511,12241,0,0,2.02909,4.44244,8.54371,0.441019,1.098288,-0.110788,35.304,-27.560,-127.919,40.5863,-87.7837,-459.1668,-836.0052,-2301.7312,-13211.1338,0.0193074,0.4043287,0.0211056,0.000000,0.000000,0.000000,0.00000,0.00000,0.000,0.000,0.000,0.000,0.000,-6.0000,0.0000,0.0000,6.0000,95.00,95.00,90.00,90.00,1575,1575,2225,1500,0,,,,,,,,0,,,,0
59321,28052,16133,12652,0,0,0.82839,5.57969,8.23127,0.334493,1.150486,-0.297209,35.899,-25.413,-127.321,40.6518,-87.6537,-459.1926,-834.1049,-2305.8359,-13232.6201,0.0193074,0.4043287,0.0211056,0.000000,0.000000,0.000000,0.00000,0.00000,0.000,0.000,0.000,0.000,0.000,-6.0000,0.0000,0.0000,6.0000,95.00,95.00,90.00,90.00,1575,1575,2225,1500,0,,,,,,,,0,,,,0
59380,15824,15147,12148,0,0,-1.55982,3.76728,7.81228,0.381365,1.246359,-0.365386,36.377,-21.926,-126.314,40.7356,-87.3773,-459.2785,-831.6736,-2311.0649,-13260.0586,0.0193074,0.4043287,0.0211056,0.000000,0.000000,0.000000,0.00000,0.00000,0.000,0.000,0.000,0.000,0.000,-6.0000,0.0000,0.0000,6.0000,95.00,95.00,90.00,90.00,1575,1575,2225,1500,0,,,,,,,,0,,,,0
59417,21314,15681,12621,0,0,-1.85910,4.57891,7.90446,0.382430,1.000283,-0.419714,37.084,-20.261,-126.226,40.8023,-87.2063,-459.3544,-830.1793,-2314.2649,-13276.8955,0.0193074,0.4043287,0.0211056,0.000000,0.000000,0.000000,0.00000,0.00000,0.000,0.000,0.000,0.000,0.000,-6.0000,0.0000,0.0000,6.0000,95.00,95.00,90.00,90.00,1575,1575,2225,1500,0,,,,,,,,0,,,,0
59485,19490,20221,12643,0,0,-2.43251,5.51385,7.06409,0.110788,0.854342,-0.348341,37.300,-17.669,-125.902,40.9826,-86.9209,-459.4400,-827.5800,-2319.7993,-13306.0977,0.0193074,0.4043287,0.0211056,0.000000,0.000000,0.000000,0.00000,0.00000,0.000,0.000,0.000,0.000,0.000,-6.0000,0.0000,0.0000,6.0000,95.00,95.00,90.00,90.00,1575,1575,2225,1500,0,,,,,,,,0,,,,0
59522,20454,35882,22888,0,0,-2.06979,5.38217,6.82108,0.205596,0.829841,-0.568851,37.595,-16.852,-126.159,41.0386,-86.8478,-459.4828,-826.7411,-2321.5764,-13315.4951,0.0193074,0.4043287,0.0211056,0.000000,0.000000,0.000000,0.00000,0.00000,0.000,0.000,0.000,0.000,0.000,-6.0000,0.0000,0.0000,6.0000,95.00,95.00,90.00,90.00,1575,1575,2225,1500,0,,,,,,,,0,,,,0
59575,26626,25295,17325,0,0,-1.75495,5.23253,6.70496,0.069242,0.115049,-0.499609,38.599,-16.195,-128.083,41.1963,-86.6912,-459.6185,-824.1278,-2327.0918,-13344.7031,0.0193074,0.4043287,0.0211056,0.000000,0.000000,0.000000,0.00000,0.00000,0.000,0.000,0.000,0.000,0.000,-6.0000,0.0000,0.0000,6.0000,95.00,95.00,90.00,90.00,1575,1575,2225,1500,0,,,,,,,,0,,,,0
59618,27496,15754,12669,0,0,-3.01669,5.87417,7.23767,0.185356,-0.202400,-0.217314,39.630,-16.738,-129.932,41.3483,-86.4619,-459.7192,-821.9402,-2331.6816,-13369.0732,0.0193074,0.4043287,0.0211056,0.000000,0.000000,0.000000,0.00000,0.00000,0.000,0.000,0.000,0.000,0.000,-6.0000,0.0000,0.0000,6.0000,95.00,95.00,90.00,90.00,1575,1575,2225,1500,0,,,,,,,,0,,,,0
59684,19340,18545,12642,0,0,-2.07936,5.51624,7.27358,0.071373,-0.550742,0.043676,40.580,-19.137,-132.309,41.5221,-86.2181,-459.8199,-819.3144,-2337.1531,-13398.2090,0.0193074,0.4043287,0.0211056,0.000000,0.000000,0.000000,0.00000,0.00000,0.000,0.000,0.000,0.000,0.000,-6.0000,0.0000,0.0000,6.0000,95.00,95.00,90.00,90.00,1575,1575,2225,1500,0,,,,,,,,0,,,,0
59727,26758,16157,13119,0,0,-1.18872,6.17465,6.67025,0.121440,-0.561394,0.095874,41.208,-21.101,-133.802,41.6585,-86.0673,-459.8990,-817.4208,-2341.0752,-13419.1484,0.0193074,0.4043287,0.0211056,0.000000,0.000000,0.000000,0.00000,0.00000,0.000,0.000,0.000,0.000,0.000,-6.0000,0.0000,0.0000,6.0000,95.00,95.00,90.00,90.00,1575,1575,2225,1500,0,,,,,,,,0,,,,0
59780,15797,15127,12142,0,0,-2.48997,5.13077,6.92403,0.044741,-0.194943,0.090547,41.812,-23.062,-135.268,41.8247,-85.8397,-460.0450,-815.1678,-2345.7151,-13443.9756,0.0193074,0.4043287,0.0211056,0.000000,0.000000,0.000000,0.00000,0.00000,0.000,0.000,0.000,0.000,0.000,-6.0000,0.0000,0.0000,6.0000,95.00,95.00,90.00,90.00,1575,1575,2225,1500,0,,,,,,,,0,,,,0
59827,23169,17887,14842,0,0,-1.19351,6.50624,7.96311,-0.049002,0.442085,-0.142745,41.236,-23.495,-135.889,41.6339,-85.5977,-460.3615,-834.5374,-2356.8406,-13457.4346,0.0205433,0.4045675,0.0214378,0.000000,0.000000,0.000000,0.00000,0.00000,0.000,0.000,0.000,0.000,0.000,-6.0000,0.0000,0.0000,6.0000,95.00,95.00,90.00,90.00,1575,1575,2225,1500,0,,,,,,,,0,,,,0
59870,26523,15690,12682,0,0,-1.11091,6.31112,7.28556,-0.121440,0.602940,-0.416518,41.302,-22.673,-136.500,41.8022,-85.4449,-460.4222,-832.6505,-2360.7080,-13478.2549,0.0205433,0.4045675,0.0214378,0.000000,0.000000,0.000000,0.00000,0.00000,0.000,0.000,0.000,0.000,0.000,-6.0000,0.0000,0.0000,6.0000,95.00,95.00,90.00,90.00,1575,1575,2225,1500,0,,,,,,,,0,,,,0
59927,16914,16081,13058,0,0,-1.84832,6.12317,6.99705,-0.172573,0.481500,-0.453803,41.010,-21.220,-137.450,42.0193,-85.2490,-460.5374,-830.2689,-2365.5579,-13504.4209,0.0205433,0.4045675,0.0214378,0.000000,0.000000,0.000000,0.00000,0.00000,0.000,0.000,0.000,0.000,0.000,-6.0000,0.0000,0.0000,6.0000,95.00,95.00,90.00,90.00,1575,1575,2225,1500,0,,,,,,,,0,,,,0
59970,21573,15708,12672,0,0,-1.36829,5.85502,6.64750,-0.271642,0.281230,-0.483630,40.854,-20.643,-138.623,42.1720,-85.1224,-460.6271,-828.4355,-2369.2678,-13524.4805,0.0205433,0.4045675,0.0214378,0.000000,0.000000,0.000000,0.00000,0.00000,0.000,0.000,0.000,0.000,0.000,-6.0000,0.0000,0.0000,6.0000,95.00,95.00,90.00,90.00,1575,1575,2225,1500,0,,,,,,,,0,,,,0
60031,36474,24555,21506,0,0,-2.51032,5.28161,7.11317,-0.290817,0.052198,-0.362190,40.468,-20.455,-140.221,42.3634,-84.9281,-460.7552,-826.2211,-2373.7227,-13548.6172,0.0205433,0.4045675,0.0214378,0.000000,0.000000,0.000000,0.00000,0.00000,0.000,0.000,0.000,0.000,0.000,-6.0000,0.0000,0.0000,6.0000,95.00,95.00,90.00,90.00,1575,1575,2225,1500,0,,,,,,,,0,,,,0
60074,25734,15723,12715,0,0,-2.58694,5.88016,8.36414,-0.137419,0.187487,-0.175769,40.172,-20.693,-141.222,42.5685,-84.6972,-460.8151,-824.0474,-2378.0642,-13572.2051,0.0205433,0.4045675,0.0214378,0.000000,0.000000,0.000000,0.00000,0.00000,0.000,0.000,0.000,0.000,0.000,-6.0000,0.0000,0.0000,6.0000,95.00,95.00,90.00,90.00,1575,1575,2225,1500,0,,,,,,,,0,,,,0
60123,24232,16149,13058,0,0,-2.50793,5.71975,7.52617,-0.052198,0.706270,-0.080960,39.784,-19.936,-141.006,42.7564,-84.4988,-460.8963,-821.9610,-2382.2014,-13594.7441,0.0205433,0.4045675,0.0214378,0.000000,0.000000,0.000000,0.00000,0.00000,0.000,0.000,0.000,0.000,0.000,-6.0000,0.0000,0.0000,6.0000,95.00,95.00,90.00,90.00,1575,1575,2225,1500,0,,,,,,,,0,,,,0
60168,23325,15738,12689,0,0,-3.69545,6.16746,7.43639,0.104396,0.200270,-0.106526,39.753,-19.932,-141.350,42.8504,-84.2489,-461.0777,-828.5622,-2388.6541,-13613.1084,0.0210520,0.4046554,0.0215116,0.000000,0.000000,0.000000,0.00000,0.00000,0.000,0.000,0.000,0.000,0.000,-6.0000,0.0000,0.0000,6.0000,95.00,95.00,90.00,90.00,1575,1575,2225,1500,0,,,,,,,,0,,,,0
60227,16954,16104,13078,0,0,-2.85987,5.41808,8.60117,0.211988,0.249272,-0.214118,40.680,-20.389,-142.605,43.1374,-83.9727,-461.1778,-826.0155,-2393.6353,-13640.4170,0.0210520,0.4046554,0.0215116,0.000000,0.000000,0.000000,0.00000,0.00000,0.000,0.000,0.000,0.000,0.000,-6.0000,0.0000,0.0000,6.0000,95.00,95.00,90.00,90.00,1575,1575,2225,1500,0,,,,,,,,0,,,,0
60282,15755,15501,12491,0,0,-4.41611,5.29837,7.74644,0.363255,0.706270,-0.061785,38.878,-19.968,-142.145,42.2279,-83.2965,-461.8196,-895.7413,-2421.9248,-13640.2666,0.0253271,0.4054239,0.0225800,0.000000,0.000000,0.000000,0.00000,0.00000,0.000,0.000,0.000,0.000,0.000,-6.0000,0.0000,0.0000,6.0000,95.00,95.00,90.00,90.00,1575,1575,2225,1500,0,,,,,,,,0,,,,0
60329,24504,38164,28544,0,0,-3.26090,5.45160,7.54413,0.466586,0.239684,-0.302535,39.679,-19.859,-142.677,42.3399,-83.1919,-461.8730,-894.7051,-2423.9646,-13651.5840,0.0253271,0.4054239,0.0225800,0.000000,0.000000,0.000000,0.00000,0.00000,0.000,0.000,0.000,0.000,0.000,-6.0000,0.0000,0.0000,6.0000,95.00,95.00,90.00,90.00,1575,1575,2225,1500,0,,,,,,,,0,,,,0
60375,28838,16363,12428,0,0,-4.66510,4.40773,6.92044,0.499609,-0.713727,-0.478304,43.179,-21.589,-147.256,42.6702,-82.8779,-462.1537,-891.8145,-2429.6130,-13683.0098,0.0253271,0.4054239,0.0225800,0.000000,0.000000,0.000000,0.00000,0.00000,0.000,0.000,0.000,0.000,0.000,-6.0000,0.0000,0.0000,6.0000,95.00,95.00,90.00,90.00,1575,1575,2225,1500,0,,,,,,,,0,,,,0
60429,16775,16118,13080,0,0,-5.84784,4.21619,7.00304,0.556068,-0.064981,-0.023436,45.562,-22.511,-149.324,43.0009,-82.5540,-462.3709,-889.5046,-2434.0737,-13707.9375,0.0253271,0.4054239,0.0225800,0.000000,0.000000,0.000000,0.00000,0.00000,0.000,0.000,0.000,0.000,0.000,-6.0000,0.0000,0.0000,6.0000,95.00,95.00,90.00,90.00,1575,1575,2225,1500,0,,,,,,,,0,,,,0
60471,26188,15716,12692,0,0,-3.60327,4.86143,6.37576,0.462325,-0.115049,-0.002131,47.195,-23.342,-150.574,43.2031,-82.3901,-462.5317,-887.6505,-2437.6221,-13727.8311,0.0253271,0.4054239,0.0225800,0.000000,0.000000,0.000000,0.00000,0.00000,0.000,0.000,0.000,0.000,0.000,-6.0000,0.0000,0.0000,6.0000,95.00,95.00,90.00,90.00,1575,1575,2225,1500,0,,,,,,,,0,,,,0
60536,46042,18801,15770,0,0,-5.82390,4.91410,7.38132,0.256729,0.318514,0.206661,48.257,-24.091,-150.789,43.5744,-82.0355,-462.7769,-884.9628,-2442.7173,-13756.4990,0.0253271,0.4054239,0.0225800,0.000000,0.000000,0.000000,0.00000,0.00000,0.000,0.000,0.000,0.000,0.000,-6.0000,0.0000,0.0000,6.0000,95.00,95.00,90.00,90.00,1575,1575,2225,1500,0,,,,,,,,0,,,,0
60578,20983,15251,12221,0,0,-2.90776,5.61919,4.87699,0.142745,0.426106,0.580569,48.225,-25.103,-149.647,43.8265,-81.8664,-462.9781,-882.9705,-2446.4526,-13777.5986,0.0253271,0.4054239,0.0225800,0.000000,0.000000,0.000000,0.00000,0.00000,0.000,0.000,0.000,0.000,0.000,-6.0000,0.0000,0.0000,6.0000,95.00,95.00,90.00,90.00,1575,1575,2225,1500,0,,,,,,,,0,,,,0
60620,26335,15309,12272,0,0,-3.16992,6.33745,4.79080,0.128897,-0.180030,0.633832,48.382,-26.879,-149.420,44.0573,-81.7595,-463.1557,-881.1344,-2449.8716,-13796.9492,0.0253271,0.4054239,0.0225800,0.000000,0.000000,0.000000,0.00000,0.00000,0.000,0.000,0.000,0.000,0.000,-6.0000,0.0000,0.0000,6.0000,95.00,95.00,90.00,90.00,1575,1575,2225,1500,0,,,,,,,,0,,,,0
60680,15890,15216,12164,0,0,-3.65834,6.68461,5.25288,0.269512,-1.114267,0.466586,50.436,-31.426,-152.387,44.4543,-81.5717,-463.4396,-878.5030,-2454.7275,-13824.4971,0.0253271,0.4054239,0.0225800,0.000000,0.000000,0.000000,0.00000,0.00000,0.000,0.000,0.000,0.000,0.000,-6.0000,0.0000,0.0000,6.0000,95.00,95.00,90.00,90.00,1575,1575,2225,1500,0,,,,,,,,0,,,,0
60722,26145,15628,12552,0,0,-4.78362,6.62236,6.05015,0.436758,-0.584830,0.664725,52.218,-34.127,-153.857,44.7743,-81.3922,-463.6391,-876.6486,-2458.1147,-13843.7646,0.0253271,0.4054239,0.0225800,0.000000,0.000000,0.000000,0.00000,0.00000,0.000,0.000,0.000,0.000,0.000,-6.0000,0.0000,0.0000,6.0000,95.00,95.00,90.00,90.00,1575,1575,2225,1500,0,,,,,,,,0,,,,0
60769,15852,15647,12589,0,0,-3.21661,7.91164,6.04775,0.347276,0.912932,0.794687,52.010,-34.650,-152.528,44.9569,-81.2998,-463.7246,-875.5551,-2460.0974,-13855.0654,0.0253271,0.4054239,0.0225800,0.000000,0.000000,0.000000,0.00000,0.00000,0.000,0.000,0.000,0.000,0.000,-6.0000,0.0000,0.0000,6.0000,95.00,95.00,90.00,90.00,1575,1575,2225,1500,0,,,,,,,,0,,,,0
60827,15878,15636,12585,0,0,-3.64996,6.40808,4.17788,0.165116,1.602158,1.156877,49.795,-35.321,-146.884,45.3547,-81.1108,-464.0356,-872.9453,-2464.7905,-13881.8750,0.0253271,0.4054239,0.0225800,0.000000,0.000000,0.000000,0.00000,0.00000,0.000,0.000,0.000,0.000,0.000,-6.0000,0.0000,0.0000,6.0000,95.00,95.00,90.00,90.00,1575,1575,2225,1500,0,,,,,,,,0,,,,0
60869,26133,15723,12664,0,0,-4.03184,6.74327,3.83791,-0.435693,1.694836,1.303884,45.885,-35.530,-141.560,45.6553,-80.9768,-464.2907,-871.0344,-2468.1936,-13901.3652,0.0253271,0.4054239,0.0225800,0.000000,0.000000,0.000000,0.00000,0.00000,0.000,0.000,0.000,0.000,0.000,-6.0000,0.0000,0.0000,6.0000,95.00,95.00,90.00,90.00,1575,1575,2225,1500,0,,,,,,,,0,,,,0
60921,15766,15369,12355,0,0,-4.60405,7.27837,4.62799,-0.671117,1.053547,1.204814,40.927,-36.006,-135.969,46.0608,-80.7575,-464.6076,-868.6615,-2472.3782,-13925.3984,0.0253271,0.4054239,0.0225800,0.000000,0.000000,0.000000,0.00000,0.00000,0.000,0.000,0.000,0.000,0.000,-6.0000,0.0000,0.0000,6.0000,95.00,95.00,90.00,90.00,1575,1575,2225,1500,0,,,,,,,,0,,,,0
60972,26496,19135,13194,0,0,-4.75249,6.71813,4.63398,-0.887365,0.614658,1.180313,36.114,-37.324,-132.132,46.4132,-80.5546,-464.9028,-866.4509,-2476.2351,-13947.6201,0.0253271,0.4054239,0.0225800,0.000000,0.000000,0.000000,0.00000,0.00000,0.000,0.000,0.000,0.000,0.000,-6.0000,0.0000,0.0000,6.0000,95.00,95.00,90.00,90.00,1575,1575,2225,1500,0,,,,,,,,0,,,,0
61035,32377,24257,16164,0,0,-3.80558,6.35182,5.26964,-1.012001,-0.420779,1.153681,31.160,-40.944,-129.489,46.8431,-80.3075,-465.2773,-863.7646,-2480.8684,-13974.4102,0.0253271,0.4054239,0.0225800,0.000000,0.000000,0.000000,0.00000,0.00000,0.000,0.000,0.000,0.000,0.000,-6.0000,0.0000,0.0000,6.0000,95.00,95.00,90.00,90.00,1575,1575,2225,1500,0,,,,,,,,0,,,,0
61078,21596,15293,12228,0,0,-3.62722,5.29119,6.29196,-0.593352,-1.296427,1.160073,28.535,-46.518,-128.624,47.1840,-80.0366,-465.6240,-861.3066,-2485.0603,-13998.7451,0.0253271,0.4054239,0.0225800,0.000000,0.000000,0.000000,0.00000,0.00000,0.000,0.000,0.000,0.000,0.000,-6.0000,0.0000,0.0000,6.0000,95.00,95.00,90.00,90.00,1575,1575,2225,1500,0,,,,,,,,0,,,,0
61123,23296,16197,13116,0,0,-2.63721,6.31950,7.50223,-0.139550,-1.572330,1.239968,27.227,-52.204,-127.971,47.4919,-79.7759,-465.9007,-859.2319,-2488.5627,-14019.1592,0.0253271,0.4054239,0.0225800,0.000000,0.000000,0.000000,0.00000,0.00000,0.000,0.000,0.000,0.000,0.000,-6.0000,0.0000,0.0000,6.0000,95.00,95.00,90.00,90.00,1575,1575,2225,1500,0,,,,,,,,0,,,,0
61170,25282,16113,12699,0,0,-0.87508,6.76601,7.88291,0.461259,-1.274056,1.365669,26.481,-57.969,-126.162,47.8385,-79.4981,-466.1533,-856.9712,-2492.3398,-14041.2627,0.0253271,0.4054239,0.0225800,0.000000,0.000000,0.000000,0.00000,0.00000,0.000,0.000,0.000,0.000,0.000,-6.0000,0.0000,0.0000,6.0000,95.00,95.00,90.00,90.00,1575,1575,2225,1500,0,,,,,,,,0,,,,0
61231,16848,16131,13050,0,0,0.61890,6.74447,7.18380,0.788296,-0.808536,1.537177,23.729,-64.069,-120.410,48.2708,-79.1626,-466.4233,-854.0825,-2497.1084,-14069.2920,0.0253271,0.4054239,0.0225800,0.000000,0.000000,0.000000,0.00000,0.00000,0.000,0.000,0.000,0.000,0.000,-6.0000,0.0000,0.0000,6.0000,95.00,95.00,90.00,90.00,1575,1575,2225,1500,0,,,,,,,,0,,,,0
61267,20353,15657,12594,0,0,2.30921,7.18380,6.37097,0.967260,-0.967260,1.441303,21.672,-67.906,-116.099,48.5255,-78.9889,-466.5958,-852.2804,-2500.0527,-14086.6631,0.0253271,0.4054239,0.0225800,0.000000,0.000000,0.000000,0.00000,0.00000,0.000,0.000,0.000,0.000,0.000,-6.0000,0.0000,0.0000,6.0000,95.00,95.00,90.00,90.00,1575,1575,2225,1500,0,,,,,,,,0,,,,0
61328,16880,16146,13072,0,0,2.75453,7.45794,6.34703,1.246359,-1.396562,1.008805,20.746,-74.582,-110.855,48.9125,-78.6952,-466.8861,-849.3663,-2504.7695,-14114.5830,0.0253271,0.4054239,0.0225800,0.000000,0.000000,0.000000,0.00000,0.00000,0.000,0.000,0.000,0.000,0.000,-6.0000,0.0000,0.0000,6.0000,95.00,95.00,90.00,90.00,1575,1575,2225,1500,0,,,,,,,,0,,,,0
61378,29942,19836,12278,0,0,3.91093,7.25443,5.62398,1.209075,-1.188835,0.795753,23.446,-79.746,-110.343,49.2325,-78.4595,-467.0988,-847.0682,-2508.4492,-14136.4512,0.0253271,0.4054239,0.0225800,0.000000,0.000000,0.000000,0.00000,0.00000,0.000,0.000,0.000,0.000,0.000,-6.0000,0.0000,0.0000,6.0000,95.00,95.00,90.00,90.00,1575,1575,2225,1500,0,,,,,,,,0,,,,0
61432,16814,16101,13042,0,0,5.13437,7.94276,4.68066,1.106810,-0.329167,0.436758,26.068,-83.240,-108.976,49.6289,-78.1627,-467.3249,-844.2095,-2512.9783,-14163.4727,0.0253271,0.4054239,0.0225800,0.000000,0.000000,0.000000,0.00000,0.00000,0.000,0.000,0.000,0.000,0.000,-6.0000,0.0000,0.0000,6.0000,95.00,95.00,90.00,90.00,1575,1575,2225,1500,0,,,,,,,,0,,,,0
61469,21922,30968,27929,0,0,5.40491,8.64427,4.21739,0.902279,-0.361125,0.360059,27.693,-84.291,-109.503,49.7991,-78.0561,-467.4051,-843.1197,-2514.6907,-14173.7178,0.0253271,0.4054239,0.0225800,0.000000,0.000000,0.000000,0.00000,0.00000,0.000,0.000,0.000,0.000,0.000,-6.0000,0.0000,0.0000,6.0000,95.00,95.00,90.00,90.00,1575,1575,2225,1500,0,,,,,,,,0,,,,0
61529,29212,30822,22787,0,0,5.92685,7.81587,5.26485,0.725445,0.517718,0.232228,25.022,-85.103,-103.985,50.2311,-77.6775,-467.5923,-840.0983,-2519.3938,-14201.9551,0.0253271,0.4054239,0.0225800,0.000000,0.000000,0.000000,0.00000,0.00000,0.000,0.000,0.000,0.000,0.000,-6.0000,0.0000,0.0000,6.0000,95.00,95.00,90.00,90.00,1575,1575,2225,1500,0,,,,,,,,0,,,,0
61587,33001,18775,12831,0,0,6.57927,7.45914,4.61961,0.542220,-0.131028,-0.112918,34.738,-86.127,-111.432,50.6584,-77.2851,-467.7978,-836.5801,-2524.7976,-14234.5723,0.0253271,0.4054239,0.0225800,0.000000,0.000000,0.000000,0.00000,0.00000,0.000,0.000,0.000,0.000,0.000,-6.0000,0.0000,0.0000,6.0000,95.00,95.00,90.00,90.00,1575,1575,2225,1500,0,,,,,,,,0,,,,0
61632,27920,16260,13181,0,0,6.97790,6.33386,4.03543,0.599744,-0.216249,-0.378169,65.141,-86.422,-140.370,50.9021,-77.0338,-467.9134,-834.1896,-2528.4294,-14256.5947,0.0253271,0.4054239,0.0225800,0.000000,0.000000,0.000000,0.00000,0.00000,0.000,0.000,0.000,0.000,0.000,-6.0000,0.0000,0.0000,6.0000,95.00,95.00,90.00,90.00,1575,1575,2225,1500,0,,,,,,,,0,,,,0
61674,26503,15559,12360,0,0,6.24288,5.87537,2.43849,0.992826,-0.213053,-0.430367,91.719,-85.607,-164.727,51.0897,-76.8582,-468.0467,-831.9710,-2531.7769,-14276.9541,0.0253271,0.4054239,0.0225800,0.000000,0.000000,0.000000,0.00000,0.00000,0.000,0.000,0.000,0.000,0.000,-6.0000,0.0000,0.0000,6.0000,95.00,95.00,90.00,90.00,1575,1575,2225,1500,0,,,,,,,,0,,,,0
61717,21086,16143,12671,0,0,5.24450,5.73052,2.17992,1.073786,-0.243946,-0.289752,109.498,-84.419,179.939,51.2588,-76.7033,-468.2097,-829.8279,-2534.9924,-14296.5586,0.0253271,0.4054239,0.0225800,0.000000,0.000000,0.000000,0.00000,0.00000,0.000,0.000,0.000,0.000,0.000,-6.0000,0.0000,0.0000,6.0000,95.00,95.00,90.00,90.00,1575,1575,2225,1500,0,,,,,,,,0,,,,0
61771,16398,15594,12594,0,0,6.44759,6.68820,1.52870,0.867125,-0.078830,0.490022,131.754,-84.022,160.170,51.5044,-76.4895,-468.4003,-827.0162,-2539.1843,-14322.1875,0.0253271,0.4054239,0.0225800,0.000000,0.000000,0.000000,0.00000,0.00000,0.000,0.000,0.000,0.000,0.000,-6.0000,0.0000,0.0000,6.0000,95.00,95.00,90.00,90.00,1575,1575,2225,1500,0,,,,,,,,0,,,,0
61820,25070,15714,12655,0,0,5.93523,5.91847,0.44053,1.016262,0.469782,0.725445,148.144,-85.129,146.372,51.7519,-76.3127,-468.5666,-824.4786,-2542.9390,-14345.2129,0.0253271,0.4054239,0.0225800,0.000000,0.000000,0.000000,0.00000,0.00000,0.000,0.000,0.000,0.000,0.000,-6.0000,0.0000,0.0000,6.0000,95.00,95.00,90.00,90.00,1575,1575,2225,1500,0,,,,,,,,0,,,,0
61879,15847,15164,12161,0,0,6.16746,6.96473,0.41061,1.235707,0.358994,0.710531,-176.373,-85.843,114.576,52.0772,-76.0725,-468.7997,-821.3964,-2547.4631,-14373.0400,0.0253271,0.4054239,0.0225800,0.000000,0.000000,0.000000,0.00000,0.00000,0.000,0.000,0.000,0.000,0.000,-6.0000,0.0000,0.0000,6.0000,95.00,95.00,90.00,90.00,1575,1575,2225,1500,0,,,,,,,,0,,,,0
61933,16686,16062,13042,0,0,6.15669,6.68222,-0.01197,1.424259,-0.013848,0.388822,-159.014,-84.627,101.274,52.3824,-75.8327,-468.9793,-818.6234,-2551.4954,-14397.9336,0.0253271,0.4054239,0.0225800,0.000000,0.000000,0.000000,0.00000,0.00000,0.000,0.000,0.000,0.000,0.000,-6.0000,0.0000,0.0000,6.0000,95.00,95.00,90.00,90.00,1575,1575,2225,1500,0,,,,,,,,0,,,,0
61976,21267,15668,12305,0,0,6.44519,7.52258,0.34117,1.692705,-0.485761,0.198139,-157.862,-82.401,104.165,52.6074,-75.6161,-469.1579,-816.3605,-2554.7600,-14418.1553,0.0253271,0.4054239,0.0225800,0.000000,0.000000,0.000000,0.00000,0.00000,0.000,0.000,0.000,0.000,0.000,-6.0000,0.0000,0.0000,6.0000,95.00,95.00,90.00,90.00,1575,1575,2225,1500,0,,,,,,,,0,,,,0
62022,24514,37621,27926,0,0,5.86460,7.05811,-0.12570,1.825863,-0.868191,-0.105461,-160.752,-80.789,109.641,52.7365,-75.4889,-469.2650,-815.0693,-2556.6121,-14429.6572,0.0253271,0.4054239,0.0225800,0.000000,0.000000,0.000000,0.00000,0.00000,0.000,0.000,0.000,0.000,0.000,-6.0000,0.0000,0.0000,6.0000,95.00,95.00,90.00,90.00,1575,1575,2225,1500,0,,,,,,,,0,,,,0
62069,29504,15773,12718,0,0,6.16986,6.96473,-2.09971,2.263687,-1.276187,-0.660464,-169.615,-74.471,126.957,53.0619,-75.1613,-469.5062,-811.4551,-2561.7593,-14461.7314,0.0253271,0.4054239,0.0225800,0.000000,0.000000,0.000000,0.00000,0.00000,0.000,0.000,0.000,0.000,0.000,-6.0000,0.0000,0.0000,6.0000,95.00,95.00,90.00,90.00,1575,1575,2225,1500,0,,,,,,,,0,,,,0
62127,16013,15666,12618,0,0,6.93600,7.69377,-3.31118,2.174205,-0.906540,-0.743555,-171.371,-70.160,137.444,53.3656,-74.8661,-469.6952,-808.3235,-2566.1746,-14489.3682,0.0253271,0.4054239,0.0225800,0.000000,0.000000,0.000000,0.00000,0.00000,0.000,0.000,0.000,0.000,0.000,-6.0000,0.0000,0.0000,6.0000,95.00,95.00,90.00,90.00,1575,1575,2225,1500,0,,,,,,,,0,,,,0
62169,25774,15864,12765,0,0,5.90530,6.25605,-4.90213,2.063417,-0.954477,-0.874582,-173.252,-67.259,144.557,53.5819,-74.6596,-469.8172,-806.0956,-2569.2893,-14508.9404,0.0253271,0.4054239,0.0225800,0.000000,0.000000,0.000000,0.00000,0.00000,0.000,0.000,0.000,0.000,0.000,-6.0000,0.0000,0.0000,6.0000,95.00,95.00,90.00,90.00,1575,1575,2225,1500,0,,,,,,,,0,,,,0
62221,24362,22290,12271,0,0,6.15669,6.34104,-5.47793,1.667139,-1.153681,-0.985370,-174.988,-63.412,151.538,53.8218,-74.4077,-469.8949,-803.6537,-2572.6777,-14530.3018,0.0253271,0.4054239,0.0225800,0.000000,0.000000,0.000000,0.00000,0.00000,0.000,0.000,0.000,0.000,0.000,-6.0000,0.0000,0.0000,6.0000,95.00,95.00,90.00,90.00,1575,1575,2225,1500,0,,,,,,,,0,,,,0
62273,15380,15521,12539,0,0,5.06972,5.69940,-6.78636,1.057808,-0.598679,-1.030111,-177.170,-59.554,158.522,54.1200,-74.1558,-470.0193,-800.5198,-2576.9912,-14557.5918,0.0253271,0.4054239,0.0225800,0.000000,0.000000,0.000000,0.00000,0.00000,0.000,0.000,0.000,0.000,0.000,-6.0000,0.0000,0.0000,6.0000,95.00,95.00,90.00,90.00,1575,1575,2225,1500,0,,,,,,,,0,,,,0
62330,15774,15608,12582,0,0,3.86664,4.64116,-6.62835,0.348341,0.468716,-0.460194,-178.661,-58.975,162.146,54.3971,-73.9365,-470.1955,-797.4034,-2581.2437,-14584.5928,0.0253271,0.4054239,0.0225800,0.000000,0.000000,0.000000,0.00000,0.00000,0.000,0.000,0.000,0.000,0.000,-6.0000,0.0000,0.0000,6.0000,95.00,95.00,90.00,90.00,1575,1575,2225,1500,0,,,,,,,,0,,,,0
62372,26118,15692,12673,0,0,3.48835,4.98952,-5.74010,-0.150202,0.280165,-0.513457,179.035,-58.989,164.589,54.5879,-73.7863,-470.3551,-795.1174,-2584.3420,-14604.3193,0.0253271,0.4054239,0.0225800,0.000000,0.000000,0.000000,0.00000,0.00000,0.000,0.000,0.000,0.000,0.000,-6.0000,0.0000,0.0000,6.0000,95.00,95.00,90.00,90.00,1575,1575,2225,1500,0,,,,,,,,0,,,,0
62429,19341,17723,12650,0,0,3.75890,6.90009,-4.71418,0.154463,-0.475108,-0.399474,176.581,-57.132,167.074,54.8369,-73.5230,-470.5781,-792.0991,-2588.4055,-14630.2705,0.0253271,0.4054239,0.0225800,0.000000,0.000000,0.000000,0.00000,0.00000,0.000,0.000,0.000,0.000,0.000,-6.0000,0.0000,0.0000,6.0000,95.00,95.00,90.00,90.00,1575,1575,2225,1500,0,,,,,,,,0,,,,0
62472,21101,16000,12918,0,0,2.16316,7.54054,-6.59603,0.270577,-1.003479,-0.788296,175.033,-53.662,169.772,55.0526,-73.2432,-470.7413,-789.6769,-2591.6409,-14651.0225,0.0253271,0.4054239,0.0225800,0.000000,0.000000,0.000000,0.00000,0.00000,0.000,0.000,0.000,0.000,0.000,-6.0000,0.0000,0.0000,6.0000,95.00,95.00,90.00,90.00,1575,1575,2225,1500,0,,,,,,,,0,,,,0
62534,37388,24099,21005,0,0,2.77488,5.42526,-8.30429,0.655138,-1.515871,-1.101483,173.511,-47.676,173.968,55.3432,-73.0100,-470.8735,-786.7060,-2595.5759,-14676.3604,0.0253271,0.4054239,0.0225800,0.000000,0.000000,0.000000,0.00000,0.00000,0.000,0.000,0.000,0.000,0.000,-6.0000,0.0000,0.0000,6.0000,95.00,95.00,90.00,90.00,1575,1575,2225,1500,0,,,,,,,,0,,,,0
62578,27559,15837,12695,0,0,-1.18633,4.15633,-6.02381,1.309210,-0.957673,-0.968325,173.511,-43.078,178.271,55.6415,-72.8432,-471.1194,-783.7911,-2599.4065,-14701.0986,0.0253271,0.4054239,0.0225800,0.000000,0.000000,0.000000,0.00000,0.00000,0.000,0.000,0.000,0.000,0.000,-6.0000,0.0000,0.0000,6.0000,95.00,95.00,90.00,90.00,1575,1575,2225,1500,0,,,,,,,,0,,,,0
62645,40473,20634,17582,0,0,0.79487,4.69862,-8.61075,1.065264,0.970456,-0.616788,174.814,-42.951,-178.075,55.9655,-72.5974,-471.3075,-780.3188,-2603.9319,-14730.4219,0.0253271,0.4054239,0.0225800,0.000000,0.000000,0.000000,0.00000,0.00000,0.000,0.000,0.000,0.000,0.000,-6.0000,0.0000,0.0000,6.0000,95.00,95.00,90.00,90.00,1575,1575,2225,1500,0,,,,,,,,0,,,,0
62672,26673,21373,18294,0,0,0.34477,3.53743,-9.13508,0.778708,1.220793,-0.315318,175.375,-44.149,-177.219,56.1295,-72.5149,-471.3829,-778.8239,-2605.8672,-14742.9941,0.0253271,0.4054239,0.0225800,0.000000,0.000000,0.000000,0.00000,0.00000,0.000,0.000,0.000,0.000,0.000,-6.0000,0.0000,0.0000,6.0000,95.00,95.00,90.00,90.00,1575,1575,2225,1500,0,,,,,,,,0,,,,0
62732,16964,16112,13068,0,0,0.53032,4.60644,-9.08121,0.378169,0.695618,-0.400539,175.389,-45.530,-174.857,56.5297,-72.2190,-471.5749,-775.1809,-2610.5471,-14773.4834,0.0253271,0.4054239,0.0225800,0.000000,0.000000,0.000000,0.00000,0.00000,0.000,0.000,0.000,0.000,0.000,-6.0000,0.0000,0.0000,6.0000,95.00,95.00,90.00,90.00,1575,1575,2225,1500,0,,,,,,,,0,,,,0
62769,21088,15706,12647,0,0,0.68833,4.79678,-9.09438,0.259925,0.529436,-0.337689,175.117,-45.818,-173.660,56.7488,-72.0458,-471.6804,-773.0327,-2613.2830,-14791.3711,0.0253271,0.4054239,0.0225800,0.000000,0.000000,0.000000,0.00000,0.00000,0.000,0.000,0.000,0.000,0.000,-6.0000,0.0000,0.0000,6.0000,95.00,95.00,90.00,90.00,1575,1575,2225,1500,0,,,,,,,,0,,,,0
62829,16869,16127,13059,0,0,1.84713,5.14035,-9.79588,0.054328,0.392017,-0.383495,173.954,-45.563,-171.725,57.0882,-71.7734,-471.7626,-769.6308,-2617.5808,-14819.5635,0.0253271,0.4054239,0.0225800,0.000000,0.000000,0.000000,0.00000,0.00000,0.000,0.000,0.000,0.000,0.000,-6.0000,0.0000,0.0000,6.0000,95.00,95.00,90.00,90.00,1575,1575,2225,1500,0,,,,,,,,0,,,,0
62876,22116,15539,12237,0,0,2.97240,4.02824,-8.26718,-0.060720,0.507066,-0.444215,172.657,-45.331,-169.987,57.2801,-71.5794,-471.8361,-766.9104,-2620.9902,-14842.0059,0.0253271,0.4054239,0.0225800,0.000000,0.000000,0.000000,0.00000,0.00000,0.000,0.000,0.000,0.000,0.000,-6.0000,0.0000,0.0000,6.0000,95.00,95.00,90.00,90.00,1575,1575,2225,1500,0,,,,,,,,0,,,,0
62930,16766,16129,13048,0,0,2.85389,4.36224,-8.90882,-0.051133,0.973652,-0.296144,171.147,-46.483,-168.250,57.4913,-71.3973,-471.8972,-763.8456,-2624.8083,-14867.2070,0.0253271,0.4054239,0.0225800,0.000000,0.000000,0.000000,0.00000,0.00000,0.000,0.000,0.000,0.000,0.000,-6.0000,0.0000,0.0000,6.0000,95.00,95.00,90.00,90.00,1575,1575,2225,1500,0,,,,,,,,0,,,,0
62975,28630,15684,12306,0,0,3.24893,4.15514,-9.58878,-0.109722,0.467651,-0.311057,169.731,-46.948,-166.838,57.6944,-71.2372,-471.9279,-761.2261,-2628.0522,-14888.6709,0.0253271,0.4054239,0.0225800,0.000000,0.000000,0.000000,0.00000,0.00000,0.000,0.000,0.000,0.000,0.000,-6.0000,0.0000,0.0000,6.0000,95.00,95.00,90.00,90.00,1575,1575,2225,1500,0,,,,,,,,0,,,,0
63037,36996,24254,21172,0,0,2.37505,4.39695,-7.69257,0.103331,0.045806,-0.303600,168.995,-45.880,-165.579,57.8924,-71.0320,-472.0471,-758.1686,-2631.8154,-14913.6387,0.0253271,0.4054239,0.0225800,0.000000,0.000000,0.000000,0.00000,0.00000,0.000,0.000,0.000,0.000,0.000,-6.0000,0.0000,0.0000,6.0000,95.00,95.00,90.00,90.00,1575,1575,2225,1500,0,,,,,,,,0,,,,0
63069,33689,22263,12773,0,0,2.19189,3.78164,-8.07564,0.091613,-0.153398,-0.254598,168.802,-44.719,-165.128,58.0215,-70.9231,-472.1183,-756.2161,-2634.2065,-14929.5430,0.0253271,0.4054239,0.0225800,0.000000,0.000000,0.000000,0.00000,0.00000,0.000,0.000,0.000,0.000,0.000,-6.0000,0.0000,0.0000,6.0000,95.00,95.00,90.00,90.00,1575,1575,2225,1500,0,,,,,,,,0,,,,0
63129,16877,16133,13073,0,0,3.19387,5.59285,-8.78792,-0.024501,0.011718,-0.056459,168.582,-43.033,-164.894,58.2195,-70.6434,-472.2172,-752.3593,-2638.9043,-14960.8770,0.0253271,0.4054239,0.0225800,0.000000,0.000000,0.000000,0.00000,0.00000,0.000,0.000,0.000,0.000,0.000,-6.0000,0.0000,0.0000,6.0000,95.00,95.00,90.00,90.00,1575,1575,2225,1500,0,,,,,,,,0,,,,0
63172,21668,15716,12687,0,0,2.97719,4.17429,-9.30507,-0.034088,0.124636,-0.064981,168.317,-42.157,-164.806,58.3720,-70.4857,-472.2309,-749.8127,-2641.9868,-14981.5068,0.0253271,0.4054239,0.0225800,0.000000,0.000000,0.000000,0.00000,0.00000,0.000,0.000,0.000,0.000,0.000,-6.0000,0.0000,0.0000,6.0000,95.00,95.00,90.00,90.00,1575,1575,2225,1500,0,,,,,,,,0,,,,0
63220,29082,18483,15346,0,0,2.39061,3.43329,-7.49864,0.249272,0.364320,-0.046872,158.528,-50.533,-160.053,53.4285,-63.9228,-476.0414,-1169.0206,-2719.0598,-14893.2988,0.0498176,0.4095266,0.0185586,0.000000,0.000000,0.000000,0.00000,0.00000,0.000,0.000,0.000,0.000,0.000,-6.0000,0.0000,0.0000,6.0000,95.00,95.00,90.00,90.00,1575,1575,2225,1500,0,,,,,,,,0,,,,0
63277,16548,15187,12149,0,0,2.66355,3.25611,-8.97826,0.630637,0.541154,-0.038350,159.526,-50.889,-159.318,53.7439,-63.7838,-476.1599,-1165.7533,-2722.9531,-14922.3301,0.0498176,0.4095266,0.0185586,0.000000,0.000000,0.000000,0.00000,0.00000,0.000,0.000,0.000,0.000,0.000,-6.0000,0.0000,0.0000,6.0000,95.00,95.00,90.00,90.00,1575,1575,2225,1500,0,,,,,,,,0,,,,0
63322,28032,16143,13070,0,0,2.75812,2.91015,-9.25598,0.727576,0.165116,0.019175,161.378,-50.337,-159.512,53.9811,-63.7037,-476.2346,-1163.4143,-2725.7212,-14943.0098,0.0498176,0.4095266,0.0185586,0.000000,0.000000,0.000000,0.00000,0.00000,0.000,0.000,0.000,0.000,0.000,-6.0000,0.0000,0.0000,6.0000,95.00,95.00,90.00,90.00,1575,1575,2225,1500,0,,,,,,,,0,,,,0
63381,15845,15539,12159,0,0,3.15197,3.59968,-9.33739,0.382430,-0.491087,0.091613,163.804,-48.205,-160.841,54.2899,-63.5547,-476.2934,-1160.1656,-2729.5396,-14971.5898,0.0498176,0.4095266,0.0185586,0.000000,0.000000,0.000000,0.00000,0.00000,0.000,0.000,0.000,0.000,0.000,-6.0000,0.0000,0.0000,6.0000,95.00,95.00,90.00,90.00,1575,1575,2225,1500,0,,,,,,,,0,,,,0
63419,17166,15695,12601,0,0,2.52588,2.84072,-8.44914,-0.002131,-0.243946,-0.071373,164.164,-46.784,-161.187,54.4644,-63.4637,-476.3520,-1158.1388,-2731.9063,-14989.3428,0.0498176,0.4095266,0.0185586,0.000000,0.000000,0.000000,0.00000,0.00000,0.000,0.000,0.000,0.000,0.000,-6.0000,0.0000,0.0000,6.0000,95.00,95.00,90.00,90.00,1575,1575,2225,1500,0,,,,,,,,0,,,,0
63471,30876,20320,12718,0,0,1.99437,3.82953,-8.39048,-0.239684,0.242880,-0.240750,163.077,-45.995,-160.562,54.6814,-63.3405,-476.4680,-1155.5593,-2734.9031,-15011.8613,0.0498176,0.4095266,0.0185586,0.000000,0.000000,0.000000,0.00000,0.00000,0.000,0.000,0.000,0.000,0.000,-6.0000,0.0000,0.0000,6.0000,95.00,95.00,90.00,90.00,1575,1575,2225,1500,0,,,,,,,,0,,,,0
63532,37365,23871,20798,0,0,1.93811,2.88980,-8.58321,-0.209857,0.530502,-0.324906,161.118,-45.777,-159.050,54.9582,-63.2225,-476.5905,-1152.3842,-2738.5681,-15039.4629,0.0498176,0.4095266,0.0185586,0.000000,0.000000,0.000000,0.00000,0.00000,0.000,0.000,0.000,0.000,0.000,-6.0000,0.0000,0.0000,6.0000,95.00,95.00,90.00,90.00,1575,1575,2225,1500,0,,,,,,,,0,,,,0
63575,25822,15738,12322,0,0,2.51631,3.19865,-9.34098,0.043676,0.748881,-0.289752,159.918,-46.188,-157.541,55.2060,-63.1403,-476.6434,-1149.5980,-2741.7642,-15063.5713,0.0498176,0.4095266,0.0185586,0.000000,0.000000,0.000000,0.00000,0.00000,0.000,0.000,0.000,0.000,0.000,-6.0000,0.0000,0.0000,6.0000,95.00,95.00,90.00,90.00,1575,1575,2225,1500,0,,,,,,,,0,,,,0
63617,26706,15798,12673,0,0,2.38822,3.11246,-8.96509,0.223706,0.714792,-0.239684,159.356,-46.757,-156.262,55.4161,-63.0630,-476.7060,-1147.2391,-2744.4553,-15083.9014,0.0498176,0.4095266,0.0185586,0.000000,0.000000,0.000000,0.00000,0.00000,0.000,0.000,0.000,0.000,0.000,-6.0000,0.0000,0.0000,6.0000,95.00,95.00,90.00,90.00,1575,1575,2225,1500,0,,,,,,,,0,,,,0
63689,19507,23879,14222,0,0,3.39498,3.40216,-9.16500,0.068177,0.381365,0.001065,159.204,-47.210,-155.362,55.7891,-62.9528,-476.8569,-1138.5674,-2746.7981,-15117.2734,0.0495251,0.4094741,0.0184269,0.000000,0.000000,0.000000,0.00000,0.00000,0.000,0.000,0.000,0.000,0.000,-6.0000,0.0000,0.0000,6.0000,95.00,95.00,90.00,90.00,1575,1575,2225,1500,0,,,,,,,,0,,,,0
63725,24139,35717,27728,0,0,4.04620,3.16035,-9.30626,-0.083091,0.058590,0.028762,159.220,-46.761,-155.634,55.8890,-62.9168,-476.8600,-1137.2195,-2748.3174,-15128.7842,0.0495251,0.4094741,0.0184269,0.000000,0.000000,0.000000,0.00000,0.00000,0.000,0.000,0.000,0.000,0.000,-6.0000,0.0000,0.0000,6.0000,95.00,95.00,90.00,90.00,1575,1575,2225,1500,0,,,,,,,,0,,,,0
63772,29714,15809,12747,0,0,3.02268,3.45004,-8.90523,-0.442085,-0.550742,-0.033023,158.900,-43.646,-157.176,56.1530,-62.7968,-476.9009,-1133.4965,-2752.4946,-15160.4766,0.0495251,0.4094741,0.0184269,0.000000,0.000000,0.000000,0.00000,0.00000,0.000,0.000,0.000,0.000,0.000,-6.0000,0.0000,0.0000,6.0000,95.00,95.00,90.00,90.00,1575,1575,2225,1500,0,,,,,,,,0,,,,0
63832,16890,16116,13041,0,0,2.16316,3.54821,-7.72130,-0.414388,-0.014914,-0.003196,157.926,-41.305,-158.251,56.3891,-62.6984,-476.9846,-1130.1119,-2756.2686,-15189.1611,0.0495251,0.4094741,0.0184269,0.000000,0.000000,0.000000,0.00000,0.00000,0.000,0.000,0.000,0.000,0.000,-6.0000,0.0000,0.0000,6.0000,95.00,95.00,90.00,90.00,1575,1575,2225,1500,0,,,,,,,,0,,,,0
63875,21460,15735,12354,0,0,2.14042,4.11324,-7.84221,-0.238619,0.656203,0.011718,157.038,-41.440,-158.179,56.5448,-62.6063,-477.0682,-1127.6609,-2758.9880,-15209.8672,0.0495251,0.4094741,0.0184269,0.000000,0.000000,0.000000,0.00000,0.00000,0.000,0.000,0.000,0.000,0.000,-6.0000,0.0000,0.0000,6.0000,95.00,95.00,90.00,90.00,1575,1575,2225,1500,0,,,,,,,,0,,,,0
63928,25639,18781,15712,0,0,3.05380,3.58412,-8.75799,-0.082025,0.475108,-0.103331,150.205,-49.555,-149.023,56.5517,-56.2206,-483.8015,-1268.0442,-2740.0916,-15286.4639,0.0581677,0.4091244,0.0076384,0.000000,0.000000,0.000000,0.00000,0.00000,0.000,0.000,0.000,0.000,0.000,-6.0000,0.0000,0.0000,6.0000,95.00,95.00,90.00,90.00,1575,1575,2225,1500,0,,,,,,,,0,,,,0
63973,28320,15789,12695,0,0,3.89776,3.63919,-7.97149,-0.063916,0.145941,-0.030893,151.023,-48.948,-149.382,57.1516,-56.2868,-484.1161,-1237.5120,-2734.8899,-15324.5879,0.0565543,0.4089604,0.0070390,0.000000,0.000000,0.000000,0.00000,0.00000,0.000,0.000,0.000,0.000,0.000,-6.0000,0.0000,0.0000,6.0000,95.00,95.00,90.00,90.00,1575,1575,2225,1500,0,,,,,,,,0,,,,0
64037,37452,26354,23228,0,0,3.02747,2.25294,-7.36816,-0.397344,-0.164051,0.467651,151.775,-47.891,-152.084,57.3463,-56.2706,-484.2302,-1234.4517,-2737.8987,-15350.4717,0.0565543,0.4089604,0.0070390,0.000000,0.000000,0.000000,0.00000,0.00000,0.000,0.000,0.000,0.000,0.000,-6.0000,0.0000,0.0000,6.0000,95.00,95.00,90.00,90.00,1575,1575,2225,1500,0,,,,,,,,0,,,,0
64069,27187,31482,23436,0,0,3.13880,3.86903,-7.93438,-0.479369,-0.461259,0.708401,152.687,-47.201,-154.451,57.4552,-56.2247,-484.2712,-1232.8911,-2739.4280,-15363.6367,0.0565543,0.4089604,0.0070390,0.000000,0.000000,0.000000,0.00000,0.00000,0.000,0.000,0.000,0.000,0.000,-6.0000,0.0000,0.0000,6.0000,95.00,95.00,90.00,90.00,1575,1575,2225,1500,0,,,,,,,,0,,,,0
64132,22548,16148,13090,0,0,2.07936,5.41209,-9.06564,-0.464455,-0.188552,0.510262,153.755,-45.788,-159.642,57.8583,-56.0315,-484.3641,-1228.3744,-2743.8259,-15401.5811,0.0565543,0.4089604,0.0070390,0.000000,0.000000,0.000000,0.00000,0.00000,0.000,0.000,0.000,0.000,0.000,-6.0000,0.0000,0.0000,6.0000,95.00,95.00,90.00,90.00,1575,1575,2225,1500,0,,,,,,,,0,,,,0
64175,21327,15754,12345,0,0,3.02986,5.98191,-9.41041,-0.168312,0.106526,0.367516,154.244,-45.441,-161.399,58.0718,-55.8922,-484.3641,-1225.8619,-2746.2515,-15422.5771,0.0565543,0.4089604,0.0070390,0.000000,0.000000,0.000000,0.00000,0.00000,0.000,0.000,0.000,0.000,0.000,-6.0000,0.0000,0.0000,6.0000,95.00,95.00,90.00,90.00,1575,1575,2225,1500,0,,,,,,,,0,,,,0
64219,27822,15764,12647,0,0,3.03704,5.14394,-9.02734,0.080960,0.000000,0.225836,155.127,-44.871,-162.734,58.2850,-55.7869,-484.3741,-1223.3142,-2748.6968,-15443.7881,0.0565543,0.4089604,0.0070390,0.000000,0.000000,0.000000,0.00000,0.00000,0.000,0.000,0.000,0.000,0.000,-6.0000,0.0000,0.0000,6.0000,95.00,95.00,90.00,90.00,1575,1575,2225,1500,0,,,,,,,,0,,,,0
64272,15808,15558,12575,0,0,3.62123,4.36822,-8.37492,0.288687,0.023436,0.204531,156.760,-43.879,-164.225,58.4950,-55.6827,-484.4019,-1220.2004,-2751.6687,-15469.6182,0.0565543,0.4089604,0.0070390,0.000000,0.000000,0.000000,0.00000,0.00000,0.000,0.000,0.000,0.000,0.000,-6.0000,0.0000,0.0000,6.0000,95.00,95.00,90.00,90.00,1575,1575,2225,1500,0,,,,,,,,0,,,,0
64323,30909,20043,13117,0,0,4.69264,4.43167,-6.96354,0.282295,0.650877,0.426106,158.135,-44.649,-165.254,58.5995,-55.5954,-484.4410,-1217.4672,-2754.2661,-15492.2314,0.0565543,0.4089604,0.0070390,0.000000,0.000000,0.000000,0.00000,0.00000,0.000,0.000,0.000,0.000,0.000,-6.0000,0.0000,0.0000,6.0000,95.00,95.00,90.00,90.00,1575,1575,2225,1500,0,,,,,,,,0,,,,0
64382,15830,15540,12512,0,0,3.86185,3.16633,-7.79552,0.073503,0.681769,0.350472,159.634,-46.314,-166.654,58.7760,-55.4915,-484.5168,-1213.7249,-2757.8079,-15523.1289,0.0565543,0.4089604,0.0070390,0.000000,0.000000,0.000000,0.00000,0.00000,0.000,0.000,0.000,0.000,0.000,-6.0000,0.0000,0.0000,6.0000,95.00,95.00,90.00,90.00,1575,1575,2225,1500,0,,,,,,,,0,,,,0
64419,21357,15649,12613,0,0,4.40892,3.32914,-7.44118,-0.051133,0.689226,0.275903,159.764,-47.181,-167.113,58.8868,-55.4544,-484.5552,-1211.5420,-2759.8662,-15541.1074,0.0565543,0.4089604,0.0070390,0.000000,0.000000,0.000000,0.00000,0.00000,0.000,0.000,0.000,0.000,0.000,-6.0000,0.0000,0.0000,6.0000,95.00,95.00,90.00,90.00,1575,1575,2225,1500,0,,,,,,,,0,,,,0
64479,15869,15192,12167,0,0,4.99670,4.18267,-8.51498,-0.270577,0.336624,0.099070,159.247,-47.361,-167.771,59.0638,-55.3616,-484.5613,-1208.0233,-2763.1724,-15570.0205,0.0565543,0.4089604,0.0070390,0.000000,0.000000,0.000000,0.00000,0.00000,0.000,0.000,0.000,0.000,0.000,-6.0000,0.0000,0.0000,6.0000,95.00,95.00,90.00,90.00,1575,1575,2225,1500,0,,,,,,,,0,,,,0
64544,40308,25210,16812,0,0,4.88896,4.59567,-8.25162,-0.399474,-0.501740,-0.157659,158.425,-45.043,-168.537,59.2285,-55.2639,-484.5459,-1204.7291,-2766.2529,-15597.0068,0.0565543,0.4089604,0.0070390,0.000000,0.000000,0.000000,0.00000,0.00000,0.000,0.000,0.000,0.000,0.000,-6.0000,0.0000,0.0000,6.0000,95.00,95.00,90.00,90.00,1575,1575,2225,1500,0,,,,,,,,0,,,,0
64576,30920,26069,22997,0,0,4.93804,4.52384,-7.79432,-0.377104,-0.557133,-0.204531,157.937,-43.315,-168.938,59.2977,-55.2106,-484.5436,-1202.8967,-2767.9609,-15611.9893,0.0565543,0.4089604,0.0070390,0.000000,0.000000,0.000000,0.00000,0.00000,0.000,0.000,0.000,0.000,0.000,-6.0000,0.0000,0.0000,6.0000,95.00,95.00,90.00,90.00,1575,1575,2225,1500,0,,,,,,,,0,,,,0
64630,16914,16152,13070,0,0,4.14077,4.47835,-6.60321,-0.245011,-0.140615,-0.289752,156.781,-40.463,-169.132,59.4134,-55.0844,-484.5912,-1199.0914,-2771.4963,-15643.0537,0.0565543,0.4089604,0.0070390,0.000000,0.000000,0.000000,0.00000,0.00000,0.000,0.000,0.000,0.000,0.000,-6.0000,0.0000,0.0000,6.0000,95.00,95.00,90.00,90.00,1575,1575,2225,1500,0,,,,,,,,0,,,,0
64673,21497,15747,12695,0,0,3.95163,4.44723,-6.17943,-0.068177,0.288687,-0.340885,155.921,-39.606,-168.403,59.4773,-55.0062,-484.6539,-1196.5052,-2773.8911,-15664.1367,0.0565543,0.4089604,0.0070390,0.000000,0.000000,0.000000,0.00000,0.00000,0.000,0.000,0.000,0.000,0.000,-6.0000,0.0000,0.0000,6.0000,95.00,95.00,90.00,90.00,1575,1575,2225,1500,0,,,,,,,,0,,,,0
64739,20501,18937,12684,0,0,3.67869,4.63039,-5.56532,-0.356864,0.030893,-0.429302,154.212,-38.163,-167.262,59.5608,-54.8811,-484.7542,-1192.7861,-2777.3240,-15694.4219,0.0565543,0.4089604,0.0070390,0.000000,0.000000,0.000000,0.00000,0.00000,0.000,0.000,0.000,0.000,0.000,-6.0000,0.0000,0.0000,6.0000,95.00,95.00,90.00,90.00,1575,1575,2225,1500,0,,,,,,,,0,,,,0
64777,16552,15315,12211,0,0,3.33991,5.50307,-6.13873,-0.317449,-0.034088,-0.413323,152.888,-36.797,-166.592,59.5879,-54.7600,-484.8347,-1190.3259,-2779.5879,-15714.4443,0.0565543,0.4089604,0.0070390,0.000000,0.000000,0.000000,0.00000,0.00000,0.000,0.000,0.000,0.000,0.000,-6.0000,0.0000,0.0000,6.0000,95.00,95.00,90.00,90.00,1575,1575,2225,1500,0,,,,,,,,0,,,,0
64820,27840,15699,12645,0,0,4.34308,5.38097,-7.87453,-0.249272,-0.492152,-0.334493,152.208,-34.663,-166.707,59.6598,-54.6924,-484.8224,-1187.7408,-2781.9604,-15735.4639,0.0565543,0.4089604,0.0070390,0.000000,0.000000,0.000000,0.00000,0.00000,0.000,0.000,0.000,0.000,0.000,-6.0000,0.0000,0.0000,6.0000,95.00,95.00,90.00,90.00,1575,1575,2225,1500,0,,,,,,,,0,,,,0
64882,31507,23901,20539,0,0,3.79601,5.25647,-7.09641,-0.184291,-0.635963,0.030893,152.409,-31.665,-168.309,59.7262,-54.5975,-484.8306,-1184.5482,-2784.8828,-15761.3936,0.0565543,0.4089604,0.0070390,0.000000,0.000000,0.000000,0.00000,0.00000,0.000,0.000,0.000,0.000,0.000,-6.0000,0.0000,0.0000,6.0000,95.00,95.00,90.00,90.00,1575,1575,2225,1500,0,,,,,,,,0,,,,0
64919,21291,15666,12593,0,0,3.36505,5.75207,-6.85340,0.067112,0.058590,0.255663,152.848,-30.905,-169.483,59.7682,-54.5022,-484.8694,-1181.8346,-2787.3606,-15783.4170,0.0565543,0.4089604,0.0070390,0.000000,0.000000,0.000000,0.00000,0.00000,0.000,0.000,0.000,0.000,0.000,-6.0000,0.0000,0.0000,6.0000,95.00,95.00,90.00,90.00,1575,1575,2225,1500,0,,,,,,,,0,,,,0
64968,23947,15752,12675,0,0,3.56497,5.45758,-8.10318,0.268447,0.024501,0.213053,153.944,-30.382,-170.623,59.8475,-54.4231,-484.8476,-1178.9025,-2790.0305,-15807.1865,0.0565543,0.4089604,0.0070390,0.000000,0.000000,0.000000,0.00000,0.00000,0.000,0.000,0.000,0.000,0.000,-6.0000,0.0000,0.0000,6.0000,95.00,95.00,90.00,90.00,1575,1575,2225,1500,0,,,,,,,,0,,,,0
65030,36483,24482,21438,0,0,3.65355,5.50068,-7.33464,0.280165,-0.392017,-0.105461,155.114,-28.284,-171.582,59.8965,-54.3223,-484.8492,-1175.7616,-2792.8828,-15832.6201,0.0565543,0.4089604,0.0070390,0.000000,0.000000,0.000000,0.00000,0.00000,0.000,0.000,0.000,0.000,0.000,-6.0000,0.0000,0.0000,6.0000,95.00,95.00,90.00,90.00,1575,1575,2225,1500,0,,,,,,,,0,,,,0
65078,31267,16151,12299,0,0,3.62123,5.03501,-7.10838,0.169377,-0.296144,-0.168312,155.864,-26.034,-172.096,59.9197,-54.2325,-484.8812,-1172.3684,-2795.9570,-15860.0820,0.0565543,0.4089604,0.0070390,0.000000,0.000000,0.000000,0.00000,0.00000,0.000,0.000,0.000,0.000,0.000,-6.0000,0.0000,0.0000,6.0000,95.00,95.00,90.00,90.00,1575,1575,2225,1500,0,,,,,,,,0,,,,0
65132,16826,16023,13017,0,0,2.97599,4.92966,-7.62194,0.009587,-0.206661,-0.250337,155.794,-23.856,-172.227,59.9587,-54.1426,-484.9052,-1169.1289,-2798.8855,-15886.2891,0.0565543,0.4089604,0.0070390,0.000000,0.000000,0.000000,0.00000,0.00000,0.000,0.000,0.000,0.000,0.000,-6.0000,0.0000,0.0000,6.0000,95.00,95.00,90.00,90.00,1575,1575,2225,1500,0,,,,,,,,0,,,,0
65167,25607,26023,15534,0,0,2.71742,4.79678,-7.54293,-0.069242,-0.184291,-0.188552,155.651,-22.945,-172.332,59.9784,-54.1074,-484.9205,-1167.5933,-2800.2715,-15898.7061,0.0565543,0.4089604,0.0070390,0.000000,0.000000,0.000000,0.00000,0.00000,0.000,0.000,0.000,0.000,0.000,-6.0000,0.0000,0.0000,6.0000,95.00,95.00,90.00,90.00,1575,1575,2225,1500,0,,,,,,,,0,,,,0
65227,16839,16077,13044,0,0,2.40857,5.46117,-7.57166,0.064981,-0.148072,-0.089482,155.742,-20.551,-172.791,60.0173,-53.9722,-484.9537,-1163.4048,-2804.0439,-15932.5596,0.0565543,0.4089604,0.0070390,0.000000,0.000000,0.000000,0.00000,0.00000,0.000,0.000,0.000,0.000,0.000,-6.0000,0.0000,0.0000,6.0000,95.00,95.00,90.00,90.00,1575,1575,2225,1500,0,,,,,,,,0,,,,0
65279,15716,15114,12122,0,0,2.63602,4.91530,-7.83383,0.060720,-0.406931,0.112918,156.248,-18.465,-174.102,60.0269,-53.8898,-484.9786,-1160.2173,-2806.9080,-15958.3145,0.0565543,0.4089604,0.0070390,0.000000,0.000000,0.000000,0.00000,0.00000,0.000,0.000,0.000,0.000,0.000,-6.0000,0.0000,0.0000,6.0000,95.00,95.00,90.00,90.00,1575,1575,2225,1500,0,,,,,,,,0,,,,0
65324,28010,16164,13145,0,0,2.97839,5.53899,-8.46470,0.103331,-0.393083,0.175769,156.757,-16.774,-175.358,60.0205,-53.8110,-484.9542,-1157.6172,-2809.2405,-15979.3223,0.0565543,0.4089604,0.0070390,0.000000,0.000000,0.000000,0.00000,0.00000,0.000,0.000,0.000,0.000,0.000,-6.0000,0.0000,0.0000,6.0000,95.00,95.00,90.00,90.00,1575,1575,2225,1500,0,,,,,,,,0,,,,0
65373,25322,17755,12709,0,0,2.76650,4.29041,-7.89368,0.112918,-0.436758,0.131028,157.342,-14.971,-176.521,60.0200,-53.7598,-484.9614,-1154.7738,-2811.7881,-16002.2939,0.0565543,0.4089604,0.0070390,0.000000,0.000000,0.000000,0.00000,0.00000,0.000,0.000,0.000,0.000,0.000,-6.0000,0.0000,0.0000,6.0000,95.00,95.00,90.00,90.00,1575,1575,2225,1500,0,,,,,,,,0,,,,0
65433,16818,16047,13060,0,0,2.19189,4.58011,-8.09480,-0.020240,-0.565655,0.050067,157.573,-12.072,-178.010,60.0026,-53.6861,-484.9828,-1151.0717,-2815.1021,-16032.2119,0.0565543,0.4089604,0.0070390,0.000000,0.000000,0.000000,0.00000,0.00000,0.000,0.000,0.000,0.000,0.000,-6.0000,0.0000,0.0000,6.0000,95.00,95.00,90.00,90.00,1575,1575,2225,1500,0,,,,,,,,0,,,,0
65469,15983,15587,12582,0,0,2.05542,5.06374,-8.00861,0.006392,-0.456998,0.045806,157.571,-10.293,-178.830,59.9874,-53.6291,-484.9968,-1148.8431,-2817.0952,-16050.2275,0.0565543,0.4089604,0.0070390,0.000000,0.000000,0.000000,0.00000,0.00000,0.000,0.000,0.000,0.000,0.000,-6.0000,0.0000,0.0000,6.0000,95.00,95.00,90.00,90.00,1575,1575,2225,1500,0,,,,,,,,0,,,,0
65530,36506,24270,21273,0,0,1.97522,5.08768,-8.03494,0.062851,-0.216249,0.057524,157.716,-8.502,-179.751,59.9573,-53.5445,-485.0097,-1145.7073,-2819.8972,-16075.5879,0.0565543,0.4089604,0.0070390,0.000000,0.000000,0.000000,0.00000,0.00000,0.000,0.000,0.000,0.000,0.000,-6.0000,0.0000,0.0000,6.0000,95.00,95.00,90.00,90.00,1575,1575,2225,1500,0,,,,,,,,0,,,,0
65590,35626,23431,12938,0,0,1.96205,5.04099,-8.32584,0.162985,-0.143811,-0.012783,158.019,-6.806,179.551,59.9139,-53.4517,-485.0082,-1142.0635,-2823.1497,-16105.0732,0.0565543,0.4089604,0.0070390,0.000000,0.000000,0.000000,0.00000,0.00000,0.000,0.000,0.000,0.000,0.000,-6.0000,0.0000,0.0000,6.0000,95.00,95.00,90.00,90.00,1575,1575,2225,1500,0,,,,,,,,0,,,,0
65628,21426,16079,13091,0,0,1.98599,4.89973,-8.88009,0.240750,-0.221575,-0.020240,158.371,-5.329,179.097,59.8719,-53.3882,-485.0008,-1139.3495,-2825.5703,-16127.0498,0.0565543,0.4089604,0.0070390,0.000000,0.000000,0.000000,0.00000,0.00000,0.000,0.000,0.000,0.000,0.000,-6.0000,0.0000,0.0000,6.0000,95.00,95.00,90.00,90.00,1575,1575,2225,1500,0,,,,,,,,0,,,,0
65671,26456,15714,12703,0,0,1.77769,4.30597,-8.46590,0.219444,-0.239684,-0.009587,158.805,-3.826,178.585,59.8245,-53.3447,-485.0076,-1136.7599,-2827.8794,-16148.0352,0.0565543,0.4089604,0.0070390,0.000000,0.000000,0.000000,0.00000,0.00000,0.000,0.000,0.000,0.000,0.000,-6.0000,0.0000,0.0000,6.0000,95.00,95.00,90.00,90.00,1575,1575,2225,1500,0,,,,,,,,0,,,,0
65730,16801,16077,13082,0,0,1.66158,4.18267,-8.29950,0.139550,-0.170442,0.034088,159.193,-1.845,177.786,59.7524,-53.2866,-485.0302,-1133.2465,-2831.0127,-16176.5361,0.0565543,0.4089604,0.0070390,0.000000,0.000000,0.000000,0.00000,0.00000,0.000,0.000,0.000,0.000,0.000,-6.0000,0.0000,0.0000,6.0000,95.00,95.00,90.00,90.00,1575,1575,2225,1500,0,,,,,,,,0,,,,0
65768,21185,15626,12603,0,0,1.67594,3.95043,-8.20613,0.019175,-0.089482,0.118244,159.166,-0.916,177.181,59.6967,-53.2556,-485.0575,-1130.9781,-2833.0359,-16194.9580,0.0565543,0.4089604,0.0070390,0.000000,0.000000,0.000000,0.00000,0.00000,0.000,0.000,0.000,0.000,0.000,-6.0000,0.0000,0.0000,6.0000,95.00,95.00,90.00,90.00,1575,1575,2225,1500,0,,,,,,,,0,,,,0
65832,16639,16046,13039,0,0,1.83276,4.51546,-8.23486,-0.260990,-0.205596,0.076699,158.260,1.105,176.029,59.5841,-53.1727,-485.0872,-1127.1577,-2836.4448,-16226.0303,0.0565543,0.4089604,0.0070390,0.000000,0.000000,0.000000,0.00000,0.00000,0.000,0.000,0.000,0.000,0.000,-6.0000,0.0000,0.0000,6.0000,95.00,95.00,90.00,90.00,1575,1575,2225,1500,0,,,,,,,,0,,,,0
65875,26430,15758,12294,0,0,1.61489,4.04381,-8.74003,-0.373908,-0.246076,0.058590,157.205,2.551,175.304,59.4979,-53.1456,-485.1024,-1124.5862,-2838.7407,-16246.9814,0.0565543,0.4089604,0.0070390,0.000000,0.000000,0.000000,0.00000,0.00000,0.000,0.000,0.000,0.000,0.000,-6.0000,0.0000,0.0000,6.0000,95.00,95.00,90.00,90.00,1575,1575,2225,1500,0,,,,,,,,0,,,,0
65919,22349,15701,12629,0,0,1.50356,4.45800,-9.13508,-0.379234,-0.365386,0.066046,156.072,4.170,174.454,59.4051,-53.1213,-485.0977,-1122.0100,-2841.0430,-16268.0020,0.0565543,0.4089604,0.0070390,0.000000,0.000000,0.000000,0.00000,0.00000,0.000,0.000,0.000,0.000,0.000,-6.0000,0.0000,0.0000,6.0000,95.00,95.00,90.00,90.00,1575,1575,2225,1500,0,,,,,,,,0,,,,0
65972,15673,15508,12545,0,0,1.17675,4.87100,-8.78433,-0.138484,-0.525175,0.150202,154.999,6.680,172.975,59.2880,-53.0727,-485.0957,-1118.8489,-2843.8716,-16293.8408,0.0565543,0.4089604,0.0070390,0.000000,0.000000,0.000000,0.00000,0.00000,0.000,0.000,0.000,0.000,0.000,-6.0000,0.0000,0.0000,6.0000,95.00,95.00,90.00,90.00,1575,1575,2225,1500,0,,,,,,,,0,,,,0
66018,24103,38190,28223,0,0,1.14802,5.03740,-8.91122,-0.026632,-0.369647,0.217314,154.794,7.531,172.250,59.2313,-53.0465,-485.0917,-1117.4205,-2845.1504,-16305.5332,0.0565543,0.4089604,0.0070390,0.000000,0.000000,0.000000,0.00000,0.00000,0.000,0.000,0.000,0.000,0.000,-6.0000,0.0000,0.0000,6.0000,95.00,95.00,90.00,90.00,1575,1575,2225,1500,0,,,,,,,,0,,,,0
66087,32008,35639,27927,0,0,0.76255,5.20739,-8.20493,0.236489,-0.379234,0.108657,155.046,10.277,170.231,59.0706,-52.9370,-485.1049,-1113.2052,-2848.9270,-16340.1045,0.0565543,0.4089604,0.0070390,0.000000,0.000000,0.000000,0.00000,0.00000,0.000,0.000,0.000,0.000,0.000,-6.0000,0.0000,0.0000,6.0000,95.00,95.00,90.00,90.00,1575,1575,2225,1500,0,,,,,,,,0,,,,0
66126,22423,16206,13173,0,0,0.65601,5.28041,-7.78116,0.250337,-0.289752,0.029827,155.463,12.446,169.077,58.9399,-52.8260,-485.1516,-1109.7611,-2852.0137,-16368.4209,0.0565543,0.4089604,0.0070390,0.000000,0.000000,0.000000,0.00000,0.00000,0.000,0.000,0.000,0.000,0.000,-6.0000,0.0000,0.0000,6.0000,95.00,95.00,90.00,90.00,1575,1575,2225,1500,0,,,,,,,,0,,,,0
66169,21768,15706,12685,0,0,0.55426,5.19542,-7.40646,0.184291,-0.234358,-0.039415,155.643,14.153,168.459,58.8434,-52.7338,-485.2018,-1107.1786,-2854.3281,-16389.6953,0.0565543,0.4089604,0.0070390,0.000000,0.000000,0.000000,0.00000,0.00000,0.000,0.000,0.000,0.000,0.000,-6.0000,0.0000,0.0000,6.0000,95.00,95.00,90.00,90.00,1575,1575,2225,1500,0,,,,,,,,0,,,,0
66233,16595,16091,13066,0,0,0.68115,4.61961,-7.94276,-0.052198,-0.454868,-0.157659,155.328,17.207,167.781,58.6493,-52.6316,-485.2555,-1103.4641,-2857.6589,-16420.3770,0.0565543,0.4089604,0.0070390,0.000000,0.000000,0.000000,0.00000,0.00000,0.000,0.000,0.000,0.000,0.000,-6.0000,0.0000,0.0000,6.0000,95.00,95.00,90.00,90.00,1575,1575,2225,1500,0,,,,,,,,0,,,,0
66270,15944,15608,12601,0,0,-0.03472,5.00987,-7.85298,-0.085221,-0.248207,-0.122505,154.906,18.689,167.377,58.5571,-52.5608,-485.2968,-1101.2854,-2859.6143,-16438.4180,0.0565543,0.4089604,0.0070390,0.000000,0.000000,0.000000,0.00000,0.00000,0.000,0.000,0.000,0.000,0.000,-6.0000,0.0000,0.0000,6.0000,95.00,95.00,90.00,90.00,1575,1575,2225,1500,0,,,,,,,,0,,,,0
66329,16861,16125,13078,0,0,0.24301,4.74650,-8.03853,-0.166181,-0.229032,0.001065,153.975,20.512,166.630,58.3834,-52.4955,-485.3691,-1097.8651,-2862.6870,-16466.8066,0.0565543,0.4089604,0.0070390,0.000000,0.000000,0.000000,0.00000,0.00000,0.000,0.000,0.000,0.000,0.000,-6.0000,0.0000,0.0000,6.0000,95.00,95.00,90.00,90.00,1575,1575,2225,1500,0,,,,,,,,0,,,,0
66372,26642,15726,12704,0,0,-0.33279,3.97677,-8.06726,-0.168312,0.007457,0.035154,153.203,21.492,166.037,58.2651,-52.4635,-485.4248,-1095.3293,-2864.9685,-16487.9082,0.0565543,0.4089604,0.0070390,0.000000,0.000000,0.000000,0.00000,0.00000,0.000,0.000,0.000,0.000,0.000,-6.0000,0.0000,0.0000,6.0000,95.00,95.00,90.00,90.00,1575,1575,2225,1500,0,,,,,,,,0,,,,0
66424,31358,20847,13226,0,0,-0.13647,5.04578,-8.61434,-0.192813,-0.229032,0.142745,152.090,22.765,164.932,58.1070,-52.4071,-485.4588,-1092.5774,-2867.4485,-16510.8672,0.0565543,0.4089604,0.0070390,0.000000,0.000000,0.000000,0.00000,0.00000,0.000,0.000,0.000,0.000,0.000,-6.0000,0.0000,0.0000,6.0000,95.00,95.00,90.00,90.00,1575,1575,2225,1500,0,,,,,,,,0,,,,0
66477,15679,15181,12148,0,0,-0.30287,5.24450,-8.17141,-0.196009,-0.325971,0.298274,150.319,24.525,162.813,57.8900,-52.3317,-485.5128,-1089.2006,-2870.4980,-16539.1328,0.0565543,0.4089604,0.0070390,0.000000,0.000000,0.000000,0.00000,0.00000,0.000,0.000,0.000,0.000,0.000,-6.0000,0.0000,0.0000,6.0000,95.00,95.00,90.00,90.00,1575,1575,2225,1500,0,,,,,,,,0,,,,0
66538,36886,24300,21295,0,0,-0.33519,5.42047,-8.54371,-0.101200,-0.077764,0.284426,149.066,25.452,161.186,57.7023,-52.2532,-485.5419,-1086.1799,-2873.2310,-16564.5078,0.0565543,0.4089604,0.0070390,0.000000,0.000000,0.000000,0.00000,0.00000,0.000,0.000,0.000,0.000,0.000,-6.0000,0.0000,0.0000,6.0000,95.00,95.00,90.00,90.00,1575,1575,2225,1500,0,,,,,,,,0,,,,0
66569,25176,30371,22322,0,0,-0.76614,5.65032,-8.25162,-0.001065,0.073503,0.152333,148.777,25.758,160.710,57.6202,-52.2097,-485.5540,-1084.7283,-2874.5459,-16576.7324,0.0565543,0.4089604,0.0070390,0.000000,0.000000,0.000000,0.00000,0.00000,0.000,0.000,0.000,0.000,0.000,-6.0000,0.0000,0.0000,6.0000,95.00,95.00,90.00,90.00,1575,1575,2225,1500,0,,,,,,,,0,,,,0
66632,22510,16213,13172,0,0,-0.43694,4.96917,-8.28753,0.328101,0.437824,0.079895,146.544,34.354,154.223,52.7023,-51.7553,-482.2332,-1133.3943,-2901.2146,-16513.9355,0.0588178,0.4167703,0.0128065,0.000000,0.000000,0.000000,0.00000,0.00000,0.000,0.000,0.000,0.000,0.000,-6.0000,0.0000,0.0000,6.0000,95.00,95.00,90.00,90.00,1575,1575,2225,1500,0,,,,,,,,0,,,,0
66675,26478,15771,12293,0,0,0.44652,4.70101,-8.17141,0.396278,0.515588,0.085221,147.342,34.101,154.193,52.4741,-51.6681,-482.3235,-1131.1080,-2903.4629,-16534.9023,0.0588178,0.4167703,0.0128065,0.000000,0.000000,0.000000,0.00000,0.00000,0.000,0.000,0.000,0.000,0.000,-6.0000,0.0000,0.0000,6.0000,95.00,95.00,90.00,90.00,1575,1575,2225,1500,0,,,,,,,,0,,,,0
66718,26424,15767,12666,0,0,0.60214,4.56933,-8.38090,0.432497,0.378169,0.067112,148.166,34.024,154.041,52.2410,-51.5816,-482.4190,-1128.8871,-2905.6528,-16555.3633,0.0588178,0.4167703,0.0128065,0.000000,0.000000,0.000000,0.00000,0.00000,0.000,0.000,0.000,0.000,0.000,-6.0000,0.0000,0.0000,6.0000,95.00,95.00,90.00,90.00,1575,1575,2225,1500,0,,,,,,,,0,,,,0
66774,16664,17244,14212,0,0,0.89783,4.48195,-8.37731,0.286556,0.318514,-0.009587,149.713,34.215,153.683,52.1026,-51.3807,-482.8577,-1120.3380,-2906.9800,-16588.8457,0.0584507,0.4168913,0.0122614,0.000000,0.000000,0.000000,0.00000,0.00000,0.000,0.000,0.000,0.000,0.000,-6.0000,0.0000,0.0000,6.0000,95.00,95.00,90.00,90.00,1575,1575,2225,1500,0,,,,,,,,0,,,,0
66840,20808,18639,12647,0,0,1.23182,4.42927,-8.80468,0.168312,0.031958,0.049002,149.833,35.047,152.762,51.7089,-51.2115,-483.0136,-1116.9780,-2910.3003,-16620.1074,0.0584507,0.4168913,0.0122614,0.000000,0.000000,0.000000,0.00000,0.00000,0.000,0.000,0.000,0.000,0.000,-6.0000,0.0000,0.0000,6.0000,95.00,95.00,90.00,90.00,1575,1575,2225,1500,0,,,,,,,,0,,,,0
66867,24382,21515,18441,0,0,0.84755,4.31076,-8.91840,0.132093,0.098004,0.024501,149.768,35.423,152.469,51.5616,-51.1558,-483.0685,-1115.7191,-2911.5483,-16631.8848,0.0584507,0.4168913,0.0122614,0.000000,0.000000,0.000000,0.00000,0.00000,0.000,0.000,0.000,0.000,0.000,-6.0000,0.0000,0.0000,6.0000,95.00,95.00,90.00,90.00,1575,1575,2225,1500,0,,,,,,,,0,,,,0
66927,17068,16197,13120,0,0,0.76974,4.52145,-8.90763,-0.017044,0.046872,-0.063916,149.284,36.518,151.806,51.1624,-50.9978,-483.2158,-1112.3654,-2914.8835,-16663.4355,0.0584507,0.4168913,0.0122614,0.000000,0.000000,0.000000,0.00000,0.00000,0.000,0.000,0.000,0.000,0.000,-6.0000,0.0000,0.0000,6.0000,95.00,95.00,90.00,90.00,1575,1575,2225,1500,0,,,,,,,,0,,,,0
66980,15771,15168,12144,0,0,0.91099,4.59328,-8.45752,0.056459,0.101200,-0.118244,148.997,37.663,151.492,50.8320,-50.8503,-483.3515,-1109.6365,-2917.6086,-16689.2969,0.0584507,0.4168913,0.0122614,0.000000,0.000000,0.000000,0.00000,0.00000,0.000,0.000,0.000,0.000,0.000,-6.0000,0.0000,0.0000,6.0000,95.00,95.00,90.00,90.00,1575,1575,2225,1500,0,,,,,,,,0,,,,0
67043,36799,26751,23663,0,0,1.29407,4.00191,-7.75721,0.172573,0.325971,-0.101200,150.071,38.245,151.525,50.7193,-50.6661,-483.8403,-1100.2439,-2918.6172,-16722.4336,0.0580271,0.4169780,0.0116826,0.000000,0.000000,0.000000,0.00000,0.00000,0.000,0.000,0.000,0.000,0.000,-6.0000,0.0000,0.0000,6.0000,95.00,95.00,90.00,90.00,1575,1575,2225,1500,0,,,,,,,,0,,,,0
67079,36116,26468,18430,0,0,1.52271,4.18746,-8.48505,0.347276,0.367516,0.036219,150.595,38.309,151.404,50.4867,-50.5606,-483.9608,-1098.4163,-2920.4451,-16739.9102,0.0580271,0.4169780,0.0116826,0.000000,0.000000,0.000000,0.00000,0.00000,0.000,0.000,0.000,0.000,0.000,-6.0000,0.0000,0.0000,6.0000,95.00,95.00,90.00,90.00,1575,1575,2225,1500,0,,,,,,,,0,,,,0
67133,16847,16048,13033,0,0,1.37667,4.24731,-8.65145,0.270577,0.138484,-0.005326,151.301,38.986,150.885,50.0627,-50.3649,-484.1612,-1095.1772,-2923.6963,-16771.0977,0.0580271,0.4169780,0.0116826,0.000000,0.000000,0.000000,0.00000,0.00000,0.000,0.000,0.000,0.000,0.000,-6.0000,0.0000,0.0000,6.0000,95.00,95.00,90.00,90.00,1575,1575,2225,1500,0,,,,,,,,0,,,,0
67170,21931,31231,27823,0,0,1.35153,3.98156,-8.70292,0.181095,0.121440,0.025566,151.298,39.303,150.635,49.9197,-50.3017,-484.2331,-1094.0809,-2924.8000,-16781.7168,0.0580271,0.4169780,0.0116826,0.000000,0.000000,0.000000,0.00000,0.00000,0.000,0.000,0.000,0.000,0.000,-6.0000,0.0000,0.0000,6.0000,95.00,95.00,90.00,90.00,1575,1575,2225,1500,0,,,,,,,,0,,,,0
67222,29325,22304,14144,0,0,1.28449,4.27844,-8.98783,-0.118244,0.068177,0.025566,150.470,40.183,149.858,49.5187,-50.1217,-484.4285,-1091.0569,-2927.8540,-16811.1738,0.0580271,0.4169780,0.0116826,0.000000,0.000000,0.000000,0.00000,0.00000,0.000,0.000,0.000,0.000,0.000,-6.0000,0.0000,0.0000,6.0000,95.00,95.00,90.00,90.00,1575,1575,2225,1500,0,,,,,,,,0,,,,0
67285,19290,21107,12644,0,0,1.68911,4.17788,-9.29908,-0.188552,-0.295078,-0.082025,148.911,41.911,148.803,49.0697,-49.9321,-484.6350,-1087.9147,-2931.0430,-16842.0566,0.0580271,0.4169780,0.0116826,0.000000,0.000000,0.000000,0.00000,0.00000,0.000,0.000,0.000,0.000,0.000,-6.0000,0.0000,0.0000,6.0000,95.00,95.00,90.00,90.00,1575,1575,2225,1500,0,,,,,,,,0,,,,0
67329,27859,16279,13191,0,0,1.05465,4.37540,-8.88129,-0.060720,-0.411192,-0.106526,147.557,44.082,147.513,48.7287,-49.7793,-484.7970,-1085.5087,-2933.4961,-16865.9062,0.0580271,0.4169780,0.0116826,0.000000,0.000000,0.000000,0.00000,0.00000,0.000,0.000,0.000,0.000,0.000,-6.0000,0.0000,0.0000,6.0000,95.00,95.00,90.00,90.00,1575,1575,2225,1500,0,,,,,,,,0,,,,0
67373,21768,15755,12674,0,0,0.73263,4.10366,-8.02656,0.055394,0.107592,-0.187487,147.274,45.301,147.215,48.4428,-49.6464,-484.9735,-1083.3732,-2935.6812,-16887.2187,0.0580271,0.4169780,0.0116826,0.000000,0.000000,0.000000,0.00000,0.00000,0.000,0.000,0.000,0.000,0.000,-6.0000,0.0000,0.0000,6.0000,95.00,95.00,90.00,90.00,1575,1575,2225,1500,0,,,,,,,,0,,,,0
67420,29347,17542,14367,0,0,1.18752,4.11204,-8.25760,0.153398,0.444215,-0.155529,149.597,45.620,147.182,48.6778,-49.4608,-485.9884,-1063.2352,-2932.8691,-16933.5781,0.0569023,0.4171905,0.0097863,0.000000,0.000000,0.000000,0.00000,0.00000,0.000,0.000,0.000,0.000,0.000,-6.0000,0.0000,0.0000,6.0000,95.00,95.00,90.00,90.00,1575,1575,2225,1500,0,,,,,,,,0,,,,0
67484,21046,18603,12665,0,0,1.61249,3.88100,-8.47906,0.213053,0.372843,-0.255663,151.441,45.984,147.793,48.5075,-49.2424,-486.6330,-1050.1216,-2933.5649,-16975.7285,0.0562827,0.4172667,0.0089515,0.000000,0.000000,0.000000,0.00000,0.00000,0.000,0.000,0.000,0.000,0.000,-6.0000,0.0000,0.0000,6.0000,95.00,95.00,90.00,90.00,1575,1575,2225,1500,0,,,,,,,,0,,,,0
67520,18839,36222,28261,0,0,1.68312,3.72418,-8.26359,0.180030,0.465521,-0.298274,151.902,46.096,148.249,48.3784,-49.1760,-486.7225,-1049.2090,-2934.4919,-16984.8965,0.0562827,0.4172667,0.0089515,0.000000,0.000000,0.000000,0.00000,0.00000,0.000,0.000,0.000,0.000,0.000,-6.0000,0.0000,0.0000,6.0000,95.00,95.00,90.00,90.00,1575,1575,2225,1500,0,,,,,,,,0,,,,0
67577,29282,26478,18501,0,0,1.93332,3.25252,-8.25880,0.289752,0.803209,-0.136354,153.894,45.629,149.837,47.9098,-48.9449,-487.0557,-1045.9860,-2937.7761,-17017.4922,0.0562827,0.4172667,0.0089515,0.000000,0.000000,0.000000,0.00000,0.00000,0.000,0.000,0.000,0.000,0.000,-6.0000,0.0000,0.0000,6.0000,95.00,95.00,90.00,90.00,1575,1575,2225,1500,0,,,,,,,,0,,,,0
67631,16826,16142,13050,0,0,2.20506,3.59849,-9.19972,0.307861,0.854342,-0.018109,155.587,44.157,150.984,47.4354,-48.7295,-487.3556,-1042.9136,-2940.9236,-17048.8887,0.0562827,0.4172667,0.0089515,0.000000,0.000000,0.000000,0.00000,0.00000,0.000,0.000,0.000,0.000,0.000,-6.0000,0.0000,0.0000,6.0000,95.00,95.00,90.00,90.00,1575,1575,2225,1500,0,,,,,,,,0,,,,0
67675,26588,15771,12364,0,0,2.43251,3.56138,-9.79348,0.323840,0.468716,-0.091613,156.586,43.991,151.456,47.0832,-48.5673,-487.5289,-1040.8601,-2943.0374,-17070.0684,0.0562827,0.4172667,0.0089515,0.000000,0.000000,0.000000,0.00000,0.00000,0.000,0.000,0.000,0.000,0.000,-6.0000,0.0000,0.0000,6.0000,95.00,95.00,90.00,90.00,1575,1575,2225,1500,0,,,,,,,,0,,,,0
67722,22637,16119,12993,0,0,2.57257,3.32555,-9.90960,0.182160,0.033023,-0.091613,156.960,44.798,151.448,46.6883,-48.3968,-487.7233,-1038.6381,-2945.3350,-17093.1758,0.0562827,0.4172667,0.0089515,0.000000,0.000000,0.000000,0.00000,0.00000,0.000,0.000,0.000,0.000,0.000,-6.0000,0.0000,0.0000,6.0000,95.00,95.00,90.00,90.00,1575,1575,2225,1500,0,,,,,,,,0,,,,0
67777,16613,15276,12182,0,0,2.19309,3.26090,-8.75799,-0.026632,0.003196,-0.049002,156.696,46.198,150.955,46.2581,-48.1982,-487.9786,-1036.0770,-2947.9968,-17120.0605,0.0562827,0.4172667,0.0089515,0.000000,0.000000,0.000000,0.00000,0.00000,0.000,0.000,0.000,0.000,0.000,-6.0000,0.0000,0.0000,6.0000,95.00,95.00,90.00,90.00,1575,1575,2225,1500,0,,,,,,,,0,,,,0
67820,27455,15753,12664,0,0,2.26491,3.25851,-8.68497,-0.126766,-0.020240,-0.057524,155.984,47.244,150.539,45.9365,-48.0430,-488.1970,-1034.0977,-2950.0630,-17141.0195,0.0562827,0.4172667,0.0089515,0.000000,0.000000,0.000000,0.00000,0.00000,0.000,0.000,0.000,0.000,0.000,-6.0000,0.0000,0.0000,6.0000,95.00,95.00,90.00,90.00,1575,1575,2225,1500,0,,,,,,,,0,,,,0
67880,15883,15196,12158,0,0,2.74136,3.16992,-8.66462,-0.088417,0.129962,-0.075634,155.230,48.211,150.299,45.4741,-47.8252,-488.5272,-1031.3422,-2952.9526,-17170.4609,0.0562827,0.4172667,0.0089515,0.000000,0.000000,0.000000,0.00000,0.00000,0.000,0.000,0.000,0.000,0.000,-6.0000,0.0000,0.0000,6.0000,95.00,95.00,90.00,90.00,1575,1575,2225,1500,0,,,,,,,,0,,,,0
67929,24683,16243,13149,0,0,2.62644,3.36505,-8.83221,0.010653,0.006392,-0.092678,154.805,49.350,149.943,45.0816,-47.6408,-488.7989,-1029.1490,-2955.2646,-17194.1289,0.0562827,0.4172667,0.0089515,0.000000,0.000000,0.000000,0.00000,0.00000,0.000,0.000,0.000,0.000,0.000,-6.0000,0.0000,0.0000,6.0000,95.00,95.00,90.00,90.00,1575,1575,2225,1500,0,,,,,,,,0,,,,0
67982,15792,15525,12487,0,0,2.69946,3.61165,-8.62152,0.159790,0.121440,-0.067112,154.737,50.409,149.577,44.6571,-47.4186,-489.1144,-1026.7423,-2957.8142,-17220.3574,0.0562827,0.4172667,0.0089515,0.000000,0.000000,0.000000,0.00000,0.00000,0.000,0.000,0.000,0.000,0.000,-6.0000,0.0000,0.0000,6.0000,95.00,95.00,90.00,90.00,1575,1575,2225,1500,0,,,,,,,,0,,,,0
68018,15736,36169,28136,0,0,2.62405,3.43209,-8.77475,0.251402,0.164051,-0.060720,154.864,50.643,149.514,44.5310,-47.3557,-489.2068,-1026.0405,-2958.5598,-17228.0547,0.0562827,0.4172667,0.0089515,0.000000,0.000000,0.000000,0.00000,0.00000,0.000,0.000,0.000,0.000,0.000,-6.0000,0.0000,0.0000,6.0000,95.00,95.00,90.00,90.00,1575,1575,2225,1500,0,,,,,,,,0,,,,0
68076,30096,26337,18308,0,0,2.80960,3.49434,-8.41921,0.333428,0.299339,-0.090547,155.769,51.539,149.551,44.0015,-47.0743,-489.6286,-1023.0616,-2961.7373,-17260.9902,0.0562827,0.4172667,0.0089515,0.000000,0.000000,0.000000,0.00000,0.00000,0.000,0.000,0.000,0.000,0.000,-6.0000,0.0000,0.0000,6.0000,95.00,95.00,90.00,90.00,1575,1575,2225,1500,0,,,,,,,,0,,,,0
68118,24544,17302,12736,0,0,2.68749,3.25372,-8.02058,0.356864,0.550742,-0.085221,157.089,51.502,150.107,43.6181,-46.8593,-489.9583,-1020.8240,-2964.1362,-17286.0059,0.0562827,0.4172667,0.0089515,0.000000,0.000000,0.000000,0.00000,0.00000,0.000,0.000,0.000,0.000,0.000,-6.0000,0.0000,0.0000,6.0000,95.00,95.00,90.00,90.00,1575,1575,2225,1500,0,,,,,,,,0,,,,0
68178,15791,15215,12152,0,0,3.24773,3.14478,-9.49181,0.341950,0.625310,-0.136354,159.188,50.714,151.392,43.1065,-46.6045,-490.3325,-1018.1387,-2967.0300,-17316.3555,0.0562827,0.4172667,0.0089515,0.000000,0.000000,0.000000,0.00000,0.00000,0.000,0.000,0.000,0.000,0.000,-6.0000,0.0000,0.0000,6.0000,95.00,95.00,90.00,90.00,1575,1575,2225,1500,0,,,,,,,,0,,,,0
68222,28058,16167,13082,0,0,3.71101,3.01909,-9.97664,0.182160,-0.055394,-0.201335,159.816,51.632,151.685,42.7010,-46.4098,-490.6008,-1016.2738,-2969.0515,-17337.6738,0.0562827,0.4172667,0.0089515,0.000000,0.000000,0.000000,0.00000,0.00000,0.000,0.000,0.000,0.000,0.000,-6.0000,0.0000,0.0000,6.0000,95.00,95.00,90.00,90.00,1575,1575,2225,1500,0,,,,,,,,0,,,,0
68275,15308,15570,12264,0,0,3.57574,2.64918,-8.59399,0.010653,-0.287621,-0.176834,159.735,53.768,151.507,42.2318,-46.1894,-490.9753,-1014.0051,-2971.5251,-17363.8965,0.0562827,0.4172667,0.0089515,0.000000,0.000000,0.000000,0.00000,0.00000,0.000,0.000,0.000,0.000,0.000,-6.0000,0.0000,0.0000,6.0000,95.00,95.00,90.00,90.00,1575,1575,2225,1500,0,,,,,,,,0,,,,0
68340,46435,17863,14647,0,0,3.14838,2.67791,-8.30429,-0.123571,-0.169377,-0.062851,158.470,55.914,150.678,41.7245,-45.9444,-491.4421,-1011.3938,-2974.3909,-17394.4531,0.0562827,0.4172667,0.0089515,0.000000,0.000000,0.000000,0.00000,0.00000,0.000,0.000,0.000,0.000,0.000,-6.0000,0.0000,0.0000,6.0000,95.00,95.00,90.00,90.00,1575,1575,2225,1500,0,,,,,,,,0,,,,0
68383,26502,15696,12617,0,0,3.08972,2.41695,-9.09557,-0.141680,-0.197074,0.006392,157.143,57.351,149.694,41.3343,-45.7745,-491.7792,-1009.5201,-2976.4597,-17416.6328,0.0562827,0.4172667,0.0089515,0.000000,0.000000,0.000000,0.00000,0.00000,0.000,0.000,0.000,0.000,0.000,-6.0000,0.0000,0.0000,6.0000,95.00,95.00,90.00,90.00,1575,1575,2225,1500,0,,,,,,,,0,,,,0
68427,27592,16248,13171,0,0,3.11964,2.90776,-8.99023,-0.092678,-0.259925,0.029827,155.611,58.856,148.350,40.9491,-45.5989,-492.1075,-1007.7275,-2978.4504,-17438.0684,0.0562827,0.4172667,0.0089515,0.000000,0.000000,0.000000,0.00000,0.00000,0.000,0.000,0.000,0.000,0.000,-6.0000,0.0000,0.0000,6.0000,95.00,95.00,90.00,90.00,1575,1575,2225,1500,0,,,,,,,,0,,,,0
68479,15803,15167,12139,0,0,2.94966,2.73298,-9.11592,-0.029827,-0.215183,0.075634,153.629,60.566,146.445,40.4774,-45.3794,-492.5277,-1005.5374,-2980.8972,-17464.5527,0.0562827,0.4172667,0.0089515,0.000000,0.000000,0.000000,0.00000,0.00000,0.000,0.000,0.000,0.000,0.000,-6.0000,0.0000,0.0000,6.0000,95.00,95.00,90.00,90.00,1575,1575,2225,1500,0,,,,,,,,0,,,,0
68547,40463,26897,18856,0,0,2.75573,2.88022,-8.72208,0.009587,-0.254598,0.118244,151.121,62.302,143.778,39.9990,-45.1514,-492.9738,-1003.2909,-2983.4246,-17492.0645,0.0562827,0.4172667,0.0089515,0.000000,0.000000,0.000000,0.00000,0.00000,0.000,0.000,0.000,0.000,0.000,-6.0000,0.0000,0.0000,6.0000,95.00,95.00,90.00,90.00,1575,1575,2225,1500,0,,,,,,,,0,,,,0
68579,27712,30781,27665,0,0,2.67073,3.09810,-8.79271,0.084156,-0.220510,0.153398,149.812,63.070,142.255,39.7640,-45.0306,-493.1966,-1002.1857,-2984.6741,-17505.7285,0.0562827,0.4172667,0.0089515,0.000000,0.000000,0.000000,0.00000,0.00000,0.000,0.000,0.000,0.000,0.000,-6.0000,0.0000,0.0000,6.0000,95.00,95.00,90.00,90.00,1575,1575,2225,1500,0,,,,,,,,0,,,,0
68633,16748,16119,13068,0,0,2.41216,2.93769,-8.85615,0.122505,-0.155529,0.139550,146.813,64.562,138.736,39.1911,-44.7416,-493.7612,-999.4526,-2987.7815,-17539.8906,0.0562827,0.4172667,0.0089515,0.000000,0.000000,0.000000,0.00000,0.00000,0.000,0.000,0.000,0.000,0.000,-6.0000,0.0000,0.0000,6.0000,95.00,95.00,90.00,90.00,1575,1575,2225,1500,0,,,,,,,,0,,,,0
68676,21523,15584,12248,0,0,2.36787,3.09091,-8.58321,0.111853,-0.017044,0.113983,144.937,65.423,136.507,38.8303,-44.5497,-494.1224,-997.7542,-2989.7253,-17561.3945,0.0562827,0.4172667,0.0089515,0.000000,0.000000,0.000000,0.00000,0.00000,0.000,0.000,0.000,0.000,0.000,-6.0000,0.0000,0.0000,6.0000,95.00,95.00,90.00,90.00,1575,1575,2225,1500,0,,,,,,,,0,,,,0
68718,26271,15655,12478,0,0,2.32477,2.97958,-8.82622,0.161920,-0.026632,0.111853,143.177,66.177,134.339,38.4778,-44.3626,-494.4774,-996.1282,-2991.5955,-17582.1895,0.0562827,0.4172667,0.0089515,0.000000,0.000000,0.000000,0.00000,0.00000,0.000,0.000,0.000,0.000,0.000,-6.0000,0.0000,0.0000,6.0000,95.00,95.00,90.00,90.00,1575,1575,2225,1500,0,,,,,,,,0,,,,0
68776,16259,15568,12267,0,0,2.58454,2.99036,-8.68856,0.169377,0.110788,0.083091,141.465,66.776,132.056,37.9935,-44.0998,-494.9819,-993.9116,-2994.1597,-17610.8711,0.0562827,0.4172667,0.0089515,0.000000,0.000000,0.000000,0.00000,0.00000,0.000,0.000,0.000,0.000,0.000,-6.0000,0.0000,0.0000,6.0000,95.00,95.00,90.00,90.00,1575,1575,2225,1500,0,,,,,,,,0,,,,0
68820,27785,15740,12645,0,0,2.79044,2.62644,-9.05367,0.158724,0.127832,-0.006392,140.629,67.377,130.857,37.6141,-43.9045,-495.3745,-992.2596,-2996.0825,-17632.5078,0.0562827,0.4172667,0.0089515,0.000000,0.000000,0.000000,0.00000,0.00000,0.000,0.000,0.000,0.000,0.000,-6.0000,0.0000,0.0000,6.0000,95.00,95.00,90.00,90.00,1575,1575,2225,1500,0,,,,,,,,0,,,,0
68884,17491,17285,14225,0,0,2.71024,2.45645,-9.07881,0.103331,0.199204,-0.059655,141.998,65.195,119.693,40.0696,-45.2850,-499.5314,-855.1830,-2958.7761,-17842.6289,0.0482430,0.4172291,-0.0049360,0.000000,0.000000,0.000000,0.00000,0.00000,0.000,0.000,0.000,0.000,0.000,-6.0000,0.0000,0.0000,6.0000,95.00,95.00,90.00,90.00,1575,1575,2225,1500,0,,,,,,,,0,,,,0
68928,27785,16271,13190,0,0,2.81438,2.30801,-9.08121,0.031958,0.124636,-0.030893,141.161,65.809,118.773,39.7203,-45.0141,-499.9320,-853.3748,-2960.8225,-17865.2793,0.0482430,0.4172291,-0.0049360,0.000000,0.000000,0.000000,0.00000,0.00000,0.000,0.000,0.000,0.000,0.000,-6.0000,0.0000,0.0000,6.0000,95.00,95.00,90.00,90.00,1575,1575,2225,1500,0,,,,,,,,0,,,,0
68976,23488,15671,12207,0,0,2.84910,2.60848,-9.01656,-0.021305,0.070307,0.041545,139.382,66.483,117.023,39.3525,-44.7140,-500.3662,-851.4624,-2962.9927,-17889.4707,0.0482430,0.4172291,-0.0049360,0.000000,0.000000,0.000000,0.00000,0.00000,0.000,0.000,0.000,0.000,0.000,-6.0000,0.0000,0.0000,6.0000,95.00,95.00,90.00,90.00,1575,1575,2225,1500,0,,,,,,,,0,,,,0
69038,36997,24564,21456,0,0,2.83713,2.45885,-8.83700,-0.079895,0.090547,0.109722,136.922,66.991,114.740,38.9592,-44.3918,-500.8518,-849.3920,-2965.3484,-17915.9414,0.0482430,0.4172291,-0.0049360,0.000000,0.000000,0.000000,0.00000,0.00000,0.000,0.000,0.000,0.000,0.000,-6.0000,0.0000,0.0000,6.0000,95.00,95.00,90.00,90.00,1575,1575,2225,1500,0,,,,,,,,0,,,,0
69069,25448,30301,22322,0,0,2.89100,2.53307,-8.79031,-0.088417,0.126766,0.105461,135.755,67.186,113.690,38.7711,-44.2366,-501.0896,-848.4030,-2966.4761,-17928.6895,0.0482430,0.4172291,-0.0049360,0.000000,0.000000,0.000000,0.00000,0.00000,0.000,0.000,0.000,0.000,0.000,-6.0000,0.0000,0.0000,6.0000,95.00,95.00,90.00,90.00,1575,1575,2225,1500,0,,,,,,,,0,,,,0
69123,17017,16123,13041,0,0,3.08493,2.46004,-9.05487,-0.078830,0.036219,0.035154,132.460,67.923,110.697,38.2417,-43.8162,-501.7404,-845.7640,-2969.4934,-17963.0527,0.0482430,0.4172291,-0.0049360,0.000000,0.000000,0.000000,0.00000,0.00000,0.000,0.000,0.000,0.000,0.000,-6.0000,0.0000,0.0000,6.0000,95.00,95.00,90.00,90.00,1575,1575,2225,1500,0,,,,,,,,0,,,,0
69178,25673,23170,12273,0,0,3.04183,2.44807,-9.20690,-0.022371,-0.029827,0.029827,129.871,68.609,108.174,37.8672,-43.5179,-502.2084,-843.9476,-2971.5779,-17987.0137,0.0482430,0.4172291,-0.0049360,0.000000,0.000000,0.000000,0.00000,0.00000,0.000,0.000,0.000,0.000,0.000,-6.0000,0.0000,0.0000,6.0000,95.00,95.00,90.00,90.00,1575,1575,2225,1500,0,,,,,,,,0,,,,0
69222,27837,16177,13096,0,0,3.08134,2.42413,-9.03572,0.005326,-0.086286,0.039415,126.518,69.412,104.730,37.4744,-43.1986,-502.7241,-842.0173,-2973.7996,-18012.7617,0.0482430,0.4172291,-0.0049360,0.000000,0.000000,0.000000,0.00000,0.00000,0.000,0.000,0.000,0.000,0.000,-6.0000,0.0000,0.0000,6.0000,95.00,95.00,90.00,90.00,1575,1575,2225,1500,0,,,,,,,,0,,,,0
69275,15304,15665,12224,0,0,3.24773,2.47201,-8.85136,0.009587,-0.047937,0.098004,122.558,70.063,100.594,37.0713,-42.8630,-503.2793,-840.0184,-2976.1074,-18039.7383,0.0482430,0.4172291,-0.0049360,0.000000,0.000000,0.000000,0.00000,0.00000,0.000,0.000,0.000,0.000,0.000,-6.0000,0.0000,0.0000,6.0000,95.00,95.00,90.00,90.00,1575,1575,2225,1500,0,,,,,,,,0,,,,0
69319,22663,15823,12650,0,0,2.82276,2.41814,-8.92678,0.009587,-0.047937,0.091613,119.406,70.447,97.331,36.7486,-42.5919,-503.7304,-838.4111,-2977.9680,-18061.6660,0.0482430,0.4172291,-0.0049360,0.000000,0.000000,0.000000,0.00000,0.00000,0.000,0.000,0.000,0.000,0.000,-6.0000,0.0000,0.0000,6.0000,95.00,95.00,90.00,90.00,1575,1575,2225,1500,0,,,,,,,,0,,,,0
69386,19492,19016,12672,0,0,2.96163,2.53067,-8.80827,-0.030893,-0.064981,0.074569,114.415,70.926,92.290,36.2827,-42.1884,-504.4115,-836.0744,-2980.6807,-18093.9238,0.0482430,0.4172291,-0.0049360,0.000000,0.000000,0.000000,0.00000,0.00000,0.000,0.000,0.000,0.000,0.000,-6.0000,0.0000,0.0000,6.0000,95.00,95.00,90.00,90.00,1575,1575,2225,1500,0,,,,,,,,0,,,,0
69422,19244,36019,27894,0,0,3.07056,2.55342,-8.71609,-0.052198,-0.056459,0.063916,112.826,71.066,90.727,36.1456,-42.0666,-504.6203,-835.3775,-2981.4915,-18103.6328,0.0482430,0.4172291,-0.0049360,0.000000,0.000000,0.000000,0.00000,0.00000,0.000,0.000,0.000,0.000,0.000,-6.0000,0.0000,0.0000,6.0000,95.00,95.00,90.00,90.00,1575,1575,2225,1500,0,,,,,,,,0,,,,0
69468,28829,15751,12702,0,0,3.14000,2.59891,-8.95312,-0.060720,-0.004261,0.061785,107.638,71.415,85.693,35.6721,-41.6385,-505.3477,-833.0043,-2984.2573,-18137.0059,0.0482430,0.4172291,-0.0049360,0.000000,0.000000,0.000000,0.00000,0.00000,0.000,0.000,0.000,0.000,0.000,-6.0000,0.0000,0.0000,6.0000,95.00,95.00,90.00,90.00,1575,1575,2225,1500,0,,,,,,,,0,,,,0
69529,36573,24178,21066,0,0,3.00951,2.58574,-8.95072,-0.054328,-0.047937,0.024501,103.233,71.692,81.384,35.2895,-41.3011,-505.9350,-831.1403,-2986.4363,-18163.5703,0.0482430,0.4172291,-0.0049360,0.000000,0.000000,0.000000,0.00000,0.00000,0.000,0.000,0.000,0.000,0.000,-6.0000,0.0000,0.0000,6.0000,95.00,95.00,90.00,90.00,1575,1575,2225,1500,0,,,,,,,,0,,,,0
69578,32356,15377,12298,0,0,3.07416,2.55222,-8.77355,0.003196,-0.009587,0.084156,98.454,71.723,76.515,34.8832,-40.9339,-506.5949,-829.1258,-2988.7971,-18192.6387,0.0482430,0.4172291,-0.0049360,0.000000,0.000000,0.000000,0.00000,0.00000,0.000,0.000,0.000,0.000,0.000,-6.0000,0.0000,0.0000,6.0000,95.00,95.00,90.00,90.00,1575,1575,2225,1500,0,,,,,,,,0,,,,0
69622,19654,16077,13015,0,0,2.88741,2.60609,-8.93756,0.030893,0.004261,0.061785,95.183,71.645,73.101,34.5766,-40.6541,-507.0920,-827.6248,-2990.5603,-18214.5449,0.0482430,0.4172291,-0.0049360,0.000000,0.000000,0.000000,0.00000,0.00000,0.000,0.000,0.000,0.000,0.000,-6.0000,0.0000,0.0000,6.0000,95.00,95.00,90.00,90.00,1575,1575,2225,1500,0,,,,,,,,0,,,,0
69668,29604,15746,12684,0,0,3.01430,2.61926,-8.89446,0.014914,0.011718,0.051133,91.796,71.561,69.610,34.2522,-40.3514,-507.6355,-826.0280,-2992.4399,-18238.0879,0.0482430,0.4172291,-0.0049360,0.000000,0.000000,0.000000,0.00000,0.00000,0.000,0.000,0.000,0.000,0.000,-6.0000,0.0000,0.0000,6.0000,95.00,95.00,90.00,90.00,1575,1575,2225,1500,0,,,,,,,,0,,,,0
69727,16446,16143,13071,0,0,2.95804,2.65996,-9.04170,-0.036219,-0.011718,0.010653,87.528,71.483,65.350,33.8395,-39.9630,-508.3298,-824.0355,-2994.7900,-18267.8164,0.0482430,0.4172291,-0.0049360,0.000000,0.000000,0.000000,0.00000,0.00000,0.000,0.000,0.000,0.000,0.000,-6.0000,0.0000,0.0000,6.0000,95.00,95.00,90.00,90.00,1575,1575,2225,1500,0,,,,,,,,0,,,,0
69780,16212,15177,12142,0,0,2.88382,2.66475,-8.84418,-0.045806,-0.012783,-0.018109,83.136,71.402,61.029,33.4661,-39.6038,-508.9840,-822.1983,-2996.9617,-18295.5859,0.0482430,0.4172291,-0.0049360,0.000000,0.000000,0.000000,0.00000,0.00000,0.000,0.000,0.000,0.000,0.000,-6.0000,0.0000,0.0000,6.0000,95.00,95.00,90.00,90.00,1575,1575,2225,1500,0,,,,,,,,0,,,,0
69830,24424,16243,13182,0,0,2.94607,2.66116,-8.91720,-0.025566,0.008522,-0.009587,79.587,71.260,57.525,33.1358,-39.2832,-509.5784,-820.5765,-2998.8826,-18320.3887,0.0482430,0.4172291,-0.0049360,0.000000,0.000000,0.000000,0.00000,0.00000,0.000,0.000,0.000,0.000,0.000,-6.0000,0.0000,0.0000,6.0000,95.00,95.00,90.00,90.00,1575,1575,2225,1500,0,,,,,,,,0,,,,0
69873,21649,15740,12685,0,0,2.97360,2.67313,-8.91720,-0.025566,-0.004261,0.003196,76.384,71.031,54.346,32.8412,-38.9950,-510.1223,-819.1319,-3000.5964,-18342.7168,0.0482430,0.4172291,-0.0049360,0.000000,0.000000,0.000000,0.00000,0.00000,0.000,0.000,0.000,0.000,0.000,-6.0000,0.0000,0.0000,6.0000,95.00,95.00,90.00,90.00,1575,1575,2225,1500,0,,,,,,,,0,,,,0
69927,16971,16115,13058,0,0,3.03465,2.55342,-8.85974,0.004261,-0.001065,0.015979,72.623,70.637,50.544,32.4882,-38.6466,-510.7961,-817.3898,-3002.6667,-18369.9395,0.0482430,0.4172291,-0.0049360,0.000000,0.000000,0.000000,0.00000,0.00000,0.000,0.000,0.000,0.000,0.000,-6.0000,0.0000,0.0000,6.0000,95.00,95.00,90.00,90.00,1575,1575,2225,1500,0,,,,,,,,0,,,,0
69970,20817,15756,12689,0,0,3.05979,2.63961,-9.04410,0.020240,0.019175,0.021305,70.000,70.265,47.844,32.2038,-38.3642,-511.3467,-816.0048,-3004.3154,-18391.8223,0.0482430,0.4172291,-0.0049360,0.000000,0.000000,0.000000,0.00000,0.00000,0.000,0.000,0.000,0.000,0.000,-6.0000,0.0000,0.0000,6.0000,95.00,95.00,90.00,90.00,1575,1575,2225,1500,0,,,,,,,,0,,,,0
70035,40354,24617,16277,0,0,2.98437,2.57257,-8.98185,-0.009587,-0.080960,0.039415,66.012,69.560,43.771,31.8338,-37.9934,-512.0803,-814.2018,-3006.4653,-18420.6387,0.0482430,0.4172291,-0.0049360,0.000000,0.000000,0.000000,0.00000,0.00000,0.000,0.000,0.000,0.000,0.000,-6.0000,0.0000,0.0000,6.0000,95.00,95.00,90.00,90.00,1575,1575,2225,1500,0,,,,,,,,0,,,,0
70068,30673,26736,23221,0,0,2.89698,2.63482,-8.79510,-0.034088,-0.115049,0.051133,63.735,69.073,41.491,31.6408,-37.7934,-512.4809,-813.2284,-3007.6277,-18436.3516,0.0482430,0.4172291,-0.0049360,0.000000,0.000000,0.000000,0.00000,0.00000,0.000,0.000,0.000,0.000,0.000,-6.0000,0.0000,0.0000,6.0000,95.00,95.00,90.00,90.00,1575,1575,2225,1500,0,,,,,,,,0,,,,0
70121,16980,15628,12581,0,0,2.89579,2.62524,-8.83101,-0.010653,0.033023,0.027697,60.060,68.183,37.826,31.2499,-37.3731,-513.3274,-811.2127,-3010.0366,-18469.2285,0.0482430,0.4172291,-0.0049360,0.000000,0.000000,0.000000,0.00000,0.00000,0.000,0.000,0.000,0.000,0.000,-6.0000,0.0000,0.0000,6.0000,95.00,95.00,90.00,90.00,1575,1575,2225,1500,0,,,,,,,,0,,,,0
70180,15871,15161,12132,0,0,2.95205,2.72340,-8.96748,0.043676,-0.025566,-0.018109,56.856,67.374,34.483,30.8757,-36.9732,-514.1373,-809.3478,-3012.2683,-18500.0703,0.0482430,0.4172291,-0.0049360,0.000000,0.000000,0.000000,0.00000,0.00000,0.000,0.000,0.000,0.000,0.000,-6.0000,0.0000,0.0000,6.0000,95.00,95.00,90.00,90.00,1575,1575,2225,1500,0,,,,,,,,0,,,,0
70229,31899,17084,13226,0,0,2.89579,2.58095,-8.97347,0.045806,0.024501,0.009587,54.799,66.765,32.257,30.5881,-36.6615,-514.7827,-807.8958,-3014.0078,-18524.3789,0.0482430,0.4172291,-0.0049360,0.000000,0.000000,0.000000,0.00000,0.00000,0.000,0.000,0.000,0.000,0.000,-6.0000,0.0000,0.0000,6.0000,95.00,95.00,90.00,90.00,1575,1575,2225,1500,0,,,,,,,,0,,,,0
70282,15739,15520,12477,0,0,2.95444,2.80122,-9.01776,0.020240,-0.005326,0.002131,52.350,65.979,29.639,30.2625,-36.2954,-515.5302,-806.2457,-3015.9863,-18552.3203,0.0482430,0.4172291,-0.0049360,0.000000,0.000000,0.000000,0.00000,0.00000,0.000,0.000,0.000,0.000,0.000,-6.0000,0.0000,0.0000,6.0000,95.00,95.00,90.00,90.00,1575,1575,2225,1500,0,,,,,,,,0,,,,0
70326,27813,16311,13176,0,0,2.89339,2.61806,-8.93277,-0.009587,-0.054328,0.023436,50.292,65.209,27.524,30.0061,-36.0073,-516.1371,-804.9337,-3017.5601,-18574.7793,0.0482430,0.4172291,-0.0049360,0.000000,0.000000,0.000000,0.00000,0.00000,0.000,0.000,0.000,0.000,0.000,-6.0000,0.0000,0.0000,6.0000,95.00,95.00,90.00,90.00,1575,1575,2225,1500,0,,,,,,,,0,,,,0
70370,21974,15764,12698,0,0,2.87903,2.67552,-8.91720,-0.022371,-0.026632,-0.008522,48.300,64.458,25.516,29.7525,-35.7150,-516.7590,-803.6138,-3019.1443,-18597.5937,0.0482430,0.4172291,-0.0049360,0.000000,0.000000,0.000000,0.00000,0.00000,0.000,0.000,0.000,0.000,0.000,-6.0000,0.0000,0.0000,6.0000,95.00,95.00,90.00,90.00,1575,1575,2225,1500,0,,,,,,,,0,,,,0
70423,16918,16064,13022,0,0,2.92093,2.66714,-8.86453,-0.027697,-0.023436,-0.022371,45.973,63.596,23.186,29.4550,-35.3681,-517.5131,-802.0466,-3021.0259,-18624.9707,0.0482430,0.4172291,-0.0049360,0.000000,0.000000,0.000000,0.00000,0.00000,0.000,0.000,0.000,0.000,0.000,-6.0000,0.0000,0.0000,6.0000,95.00,95.00,90.00,90.00,1575,1575,2225,1500,0,,,,,,,,0,,,,0
70472,23946,15648,12620,0,0,2.92452,2.61327,-8.96868,-0.029827,-0.013848,-0.270577,43.553,62.988,20.725,29.1791,-35.0432,-518.2329,-800.5916,-3022.7732,-18650.6719,0.0482430,0.4172291,-0.0049360,0.000000,0.000000,0.000000,0.00000,0.00000,0.000,0.000,0.000,0.000,0.000,-6.0000,0.0000,0.0000,6.0000,95.00,95.00,90.00,90.00,1575,1575,2225,1500,0,,,,,,,,0,,,,0
70534,37516,23978,20896,0,0,2.79882,2.74495,-8.91122,0.001065,-0.043676,-0.005326,41.576,61.958,18.676,28.8907,-34.6897,-519.0103,-799.0413,-3024.6350,-18678.3633,0.0482430,0.4172291,-0.0049360,0.000000,0.000000,0.000000,0.00000,0.00000,0.000,0.000,0.000,0.000,0.000,-6.0000,0.0000,0.0000,6.0000,95.00,95.00,90.00,90.00,1575,1575,2225,1500,0,,,,,,,,0,,,,0
70571,24873,36211,27725,0,0,2.88382,2.70066,-8.78552,0.009587,-0.029827,-0.004261,40.743,61.478,17.793,28.7623,-34.5277,-519.3753,-798.3243,-3025.4958,-18691.2773,0.0482430,0.4172291,-0.0049360,0.000000,0.000000,0.000000,0.00000,0.00000,0.000,0.000,0.000,0.000,0.000,-6.0000,0.0000,0.0000,6.0000,95.00,95.00,90.00,90.00,1575,1575,2225,1500,0,,,,,,,,0,,,,0
70622,29111,20886,13164,0,0,2.83354,2.71263,-8.95431,0.027697,-0.009587,0.003196,38.819,60.207,15.727,28.4229,-34.0975,-520.3515,-796.4454,-3027.7507,-18725.4414,0.0482430,0.4172291,-0.0049360,0.000000,0.000000,0.000000,0.00000,0.00000,0.000,0.000,0.000,0.000,0.000,-6.0000,0.0000,0.0000,6.0000,95.00,95.00,90.00,90.00,1575,1575,2225,1500,0,,,,,,,,0,,,,0
70674,31151,19881,12709,0,0,2.81917,2.60729,-8.81545,0.009587,-0.025566,-0.013848,37.358,59.157,14.150,28.1589,-33.7568,-521.1455,-794.9485,-3029.5459,-18752.9961,0.0482430,0.4172291,-0.0049360,0.000000,0.000000,0.000000,0.00000,0.00000,0.000,0.000,0.000,0.000,0.000,-6.0000,0.0000,0.0000,6.0000,95.00,95.00,90.00,90.00,1575,1575,2225,1500,0,,,,,,,,0,,,,0
70732,16711,16143,13086,0,0,2.81079,2.71263,-8.69454,-0.022371,0.019175,-0.050067,35.672,58.069,12.372,27.8583,-33.3515,-522.0915,-793.1919,-3031.6504,-18785.7109,0.0482430,0.4172291,-0.0049360,0.000000,0.000000,0.000000,0.00000,0.00000,0.000,0.000,0.000,0.000,0.000,-6.0000,0.0000,0.0000,6.0000,95.00,95.00,90.00,90.00,1575,1575,2225,1500,0,,,,,,,,0,,,,0
70770,21425,15731,12659,0,0,2.91733,2.67432,-9.01776,-0.002131,0.001065,-0.025566,34.652,57.347,11.304,27.6759,-33.1031,-522.6799,-792.1288,-3032.9226,-18805.7129,0.0482430,0.4172291,-0.0049360,0.000000,0.000000,0.000000,0.00000,0.00000,0.000,0.000,0.000,0.000,0.000,-6.0000,0.0000,0.0000,6.0000,95.00,95.00,90.00,90.00,1575,1575,2225,1500,0,,,,,,,,0,,,,0
70833,16733,16111,13045,0,0,2.76770,2.68989,-9.03572,-0.010653,-0.044741,-0.027697,33.126,56.210,9.750,27.3837,-32.6977,-523.6442,-790.4120,-3034.9744,-18838.3359,0.0482430,0.4172291,-0.0049360,0.000000,0.000000,0.000000,0.00000,0.00000,0.000,0.000,0.000,0.000,0.000,-6.0000,0.0000,0.0000,6.0000,95.00,95.00,90.00,90.00,1575,1575,2225,1500,0,,,,,,,,0,,,,0
70882,25147,17700,12610,0,0,2.71981,2.79523,-8.75200,0.036219,-0.009587,-0.029827,32.029,55.239,8.496,27.1734,-32.3895,-524.3744,-789.1263,-3036.5083,-18863.0352,0.0482430,0.4172291,-0.0049360,0.000000,0.000000,0.000000,0.00000,0.00000,0.000,0.000,0.000,0.000,0.000,-6.0000,0.0000,0.0000,6.0000,95.00,95.00,90.00,90.00,1575,1575,2225,1500,0,,,,,,,,0,,,,0
70919,21433,15668,12612,0,0,2.72700,2.67073,-8.67659,0.059655,-0.015979,-0.027697,31.250,54.449,7.530,27.0080,-32.1414,-524.9844,-788.0597,-3037.7788,-18883.6934,0.0482430,0.4172291,-0.0049360,0.000000,0.000000,0.000000,0.00000,0.00000,0.000,0.000,0.000,0.000,0.000,-6.0000,0.0000,0.0000,6.0000,95.00,95.00,90.00,90.00,1575,1575,2225,1500,0,,,,,,,,0,,,,0
70979,15871,15179,12151,0,0,2.80361,2.46124,-8.60237,0.113983,0.116114,-0.028762,30.464,53.430,6.338,26.7668,-31.7727,-525.9216,-786.4476,-3039.6951,-18915.2012,0.0482430,0.4172291,-0.0049360,0.000000,0.000000,0.000000,0.00000,0.00000,0.000,0.000,0.000,0.000,0.000,-6.0000,0.0000,0.0000,6.0000,95.00,95.00,90.00,90.00,1575,1575,2225,1500,0,,,,,,,,0,,,,0
71040,36823,24565,21491,0,0,2.84072,2.55820,-9.15543,0.057524,0.098004,-0.015979,29.883,52.681,5.521,26.5483,-31.4416,-526.7593,-785.0560,-3041.3450,-18942.6777,0.0482430,0.4172291,-0.0049360,0.000000,0.000000,0.000000,0.00000,0.00000,0.000,0.000,0.000,0.000,0.000,-6.0000,0.0000,0.0000,6.0000,95.00,95.00,90.00,90.00,1575,1575,2225,1500,0,,,,,,,,0,,,,0
71072,25813,30590,22650,0,0,2.99036,2.63362,-9.25598,0.014914,0.092678,-0.006392,29.522,52.265,5.128,26.4421,-31.2736,-527.1802,-784.3721,-3042.1543,-18956.2812,0.0482430,0.4172291,-0.0049360,0.000000,0.000000,0.000000,0.00000,0.00000,0.000,0.000,0.000,0.000,0.000,-6.0000,0.0000,0.0000,6.0000,95.00,95.00,90.00,90.00,1575,1575,2225,1500,0,,,,,,,,0,,,,0
71133,16764,16094,13057,0,0,2.96522,2.66714,-9.05727,-0.138484,-0.061785,0.042611,28.022,50.380,3.880,26.1443,-30.7838,-528.4255,-782.3873,-3044.4966,-18996.1250,0.0482430,0.4172291,-0.0049360,0.000000,0.000000,0.000000,0.00000,0.00000,0.000,0.000,0.000,0.000,0.000,-6.0000,0.0000,0.0000,6.0000,95.00,95.00,90.00,90.00,1575,1575,2225,1500,0,,,,,,,,0,,,,0
71176,21216,15713,12264,0,0,3.01430,2.69467,-8.99262,-0.132093,-0.105461,0.045806,27.027,49.210,3.124,25.9874,-30.5090,-529.1376,-781.2614,-3045.8206,-19018.9687,0.0482430,0.4172291,-0.0049360,0.000000,0.000000,0.000000,0.00000,0.00000,0.000,0.000,0.000,0.000,0.000,-6.0000,0.0000,0.0000,6.0000,95.00,95.00,90.00,90.00,1575,1575,2225,1500,0,,,,,,,,0,,,,0
71219,27630,15719,12683,0,0,2.83952,2.78565,-8.88608,-0.069242,-0.104396,-0.004261,26.051,48.041,2.266,25.8389,-30.2354,-529.8521,-780.1326,-3047.1436,-19042.0332,0.0482430,0.4172291,-0.0049360,0.000000,0.000000,0.000000,0.00000,0.00000,0.000,0.000,0.000,0.000,0.000,-6.0000,0.0000,0.0000,6.0000,95.00,95.00,90.00,90.00,1575,1575,2225,1500,0,,,,,,,,0,,,,0
71273,15367,15568,12578,0,0,2.94726,2.70545,-9.10635,0.038350,0.002131,-0.062851,25.199,46.931,1.289,25.6657,-29.9048,-530.7413,-778.7595,-3048.7471,-19070.3105,0.0482430,0.4172291,-0.0049360,0.000000,0.000000,0.000000,0.00000,0.00000,0.000,0.000,0.000,0.000,0.000,-6.0000,0.0000,0.0000,6.0000,95.00,95.00,90.00,90.00,1575,1575,2225,1500,0,,,,,,,,0,,,,0
71322,24071,16155,13090,0,0,2.93290,2.70186,-8.98065,0.104396,-0.028762,-0.092678,24.536,45.909,0.199,25.5125,-29.6033,-531.5601,-777.5153,-3050.1938,-19096.1367,0.0482430,0.4172291,-0.0049360,0.000000,0.000000,0.000000,0.00000,0.00000,0.000,0.000,0.000,0.000,0.000,-6.0000,0.0000,0.0000,6.0000,95.00,95.00,90.00,90.00,1575,1575,2225,1500,0,,,,,,,,0,,,,0
71381,15829,15527,12145,0,0,2.83713,2.65876,-8.73764,0.105461,-0.018109,-0.039415,23.963,44.617,-0.906,25.3440,-29.2402,-532.5667,-775.9857,-3051.9639,-19128.1445,0.0482430,0.4172291,-0.0049360,0.000000,0.000000,0.000000,0.00000,0.00000,0.000,0.000,0.000,0.000,0.000,-6.0000,0.0000,0.0000,6.0000,95.00,95.00,90.00,90.00,1575,1575,2225,1500,0,,,,,,,,0,,,,0
71419,21258,15718,12622,0,0,2.84790,2.64559,-8.70173,0.074569,0.002131,-0.025566,23.640,43.819,-1.468,25.2466,-29.0187,-533.1868,-775.0493,-3053.0420,-19147.8691,0.0482430,0.4172291,-0.0049360,0.000000,0.000000,0.000000,0.00000,0.00000,0.000,0.000,0.000,0.000,0.000,-6.0000,0.0000,0.0000,6.0000,95.00,95.00,90.00,90.00,1575,1575,2225,1500,0,,,,,,,,0,,,,0
71478,15829,15166,12143,0,0,2.87903,2.59412,-8.94593,0.028762,0.051133,-0.030893,23.022,42.540,-2.315,25.0948,-28.6586,-534.2091,-773.5364,-3054.7754,-19179.9453,0.0482430,0.4172291,-0.0049360,0.000000,0.000000,0.000000,0.00000,0.00000,0.000,0.000,0.000,0.000,0.000,-6.0000,0.0000,0.0000,6.0000,95.00,95.00,90.00,90.00,1575,1575,2225,1500,0,,,,,,,,0,,,,0
71524,23749,37610,27847,0,0,2.91015,2.62883,-8.94953,-0.031958,0.021305,-0.018109,22.708,42.051,-2.620,25.0374,-28.5162,-534.6160,-772.9412,-3055.4543,-19192.6367,0.0482430,0.4172291,-0.0049360,0.000000,0.000000,0.000000,0.00000,0.00000,0.000,0.000,0.000,0.000,0.000,-6.0000,0.0000,0.0000,6.0000,95.00,95.00,90.00,90.00,1575,1575,2225,1500,0,,,,,,,,0,,,,0
71571,29882,15827,12762,0,0,2.91494,2.69587,-8.95671,-0.038350,0.015979,-0.012783,21.655,40.358,-3.633,24.8815,-28.1041,-535.8049,-771.2297,-3057.3958,-19229.3398,0.0482430,0.4172291,-0.0049360,0.000000,0.000000,0.000000,0.00000,0.00000,0.000,0.000,0.000,0.000,0.000,-6.0000,0.0000,0.0000,6.0000,95.00,95.00,90.00,90.00,1575,1575,2225,1500,0,,,,,,,,0,,,,0
71630,16884,16113,13064,0,0,2.68390,2.64440,-8.96150,-0.036219,-0.064981,-0.037284,20.891,39.053,-4.412,24.7523,-27.7566,-536.8234,-769.7649,-3059.0444,-19260.9961,0.0482430,0.4172291,-0.0049360,0.000000,0.000000,0.000000,0.00000,0.00000,0.000,0.000,0.000,0.000,0.000,-6.0000,0.0000,0.0000,6.0000,95.00,95.00,90.00,90.00,1575,1575,2225,1500,0,,,,,,,,0,,,,0
71674,26712,15707,12680,0,0,2.84910,2.57975,-8.85495,0.033023,0.033023,-0.013848,20.559,38.100,-4.915,24.6677,-27.5054,-537.5810,-768.6888,-3060.2478,-19284.3906,0.0482430,0.4172291,-0.0049360,0.000000,0.000000,0.000000,0.00000,0.00000,0.000,0.000,0.000,0.000,0.000,-6.0000,0.0000,0.0000,6.0000,95.00,95.00,90.00,90.00,1575,1575,2225,1500,0,,,,,,,,0,,,,0
71738,40289,24049,15338,0,0,2.81319,2.62764,-9.12311,0.042611,-0.018109,-0.035154,20.114,36.873,-5.615,24.5640,-27.1797,-538.5656,-767.3052,-3061.7849,-19314.6367,0.0482430,0.4172291,-0.0049360,0.000000,0.000000,0.000000,0.00000,0.00000,0.000,0.000,0.000,0.000,0.000,-6.0000,0.0000,0.0000,6.0000,95.00,95.00,90.00,90.00,1575,1575,2225,1500,0,,,,,,,,0,,,,0
71776,16442,15494,12197,0,0,2.80481,2.62045,-9.09797,0.021305,0.025566,-0.045806,19.742,35.929,-6.174,24.4897,-26.9109,-539.3795,-766.1704,-3063.0364,-19339.5742,0.0482430,0.4172291,-0.0049360,0.000000,0.000000,0.000000,0.00000,0.00000,0.000,0.000,0.000,0.000,0.000,-6.0000,0.0000,0.0000,6.0000,95.00,95.00,90.00,90.00,1575,1575,2225,1500,0,,,,,,,,0,,,,0
71820,27864,15698,12652,0,0,2.77249,2.75573,-9.03452,0.011718,-0.062851,-0.052198,19.307,34.876,-6.782,24.4237,-26.6587,-540.1503,-765.1052,-3064.2031,-19363.0859,0.0482430,0.4172291,-0.0049360,0.000000,0.000000,0.000000,0.00000,0.00000,0.000,0.000,0.000,0.000,0.000,-6.0000,0.0000,0.0000,6.0000,95.00,95.00,90.00,90.00,1575,1575,2225,1500,0,,,,,,,,0,,,,0
71879,15841,15153,12150,0,0,2.72819,2.68270,-8.84418,0.021305,-0.023436,-0.047937,18.739,33.427,-7.574,24.3525,-26.3258,-541.2022,-763.6426,-3065.7920,-19395.5117,0.0482430,0.4172291,-0.0049360,0.000000,0.000000,0.000000,0.00000,0.00000,0.000,0.000,0.000,0.000,0.000,-6.0000,0.0000,0.0000,6.0000,95.00,95.00,90.00,90.00,1575,1575,2225,1500,0,,,,,,,,0,,,,0
71942,20497,21631,12940,0,0,2.80481,2.82755,-8.79630,0.019175,-0.018109,-0.051133,18.271,32.152,-8.263,24.2997,-26.0047,-542.2043,-762.2582,-3067.2810,-19426.3418,0.0482430,0.4172291,-0.0049360,0.000000,0.000000,0.000000,0.00000,0.00000,0.000,0.000,0.000,0.000,0.000,-6.0000,0.0000,0.0000,6.0000,95.00,95.00,90.00,90.00,1575,1575,2225,1500,0,,,,,,,,0,,,,0
71971,22476,28225,20182,0,0,2.83833,2.91494,-8.86333,0.008522,-0.006392,-0.053263,18.077,31.653,-8.533,24.2841,-25.8769,-542.6021,-761.7122,-3067.8640,-19438.5332,0.0482430,0.4172291,-0.0049360,0.000000,0.000000,0.000000,0.00000,0.00000,0.000,0.000,0.000,0.000,0.000,-6.0000,0.0000,0.0000,6.0000,95.00,95.00,90.00,90.00,1575,1575,2225,1500,0,,,,,,,,0,,,,0
72032,32228,28060,19969,0,0,2.84910,3.95522,-9.22845,-0.044741,-0.108657,-0.022371,17.450,30.049,-9.243,24.2580,-25.4950,-543.6823,-760.2398,-3069.4229,-19471.4844,0.0482430,0.4172291,-0.0049360,0.000000,0.000000,0.000000,0.00000,0.00000,0.000,0.000,0.000,0.000,0.000,-6.0000,0.0000,0.0000,6.0000,95.00,95.00,90.00,90.00,1575,1575,2225,1500,0,,,,,,,,0,,,,0
72074,25904,15546,12362,0,0,2.26132,6.58645,-9.02494,-0.380299,-0.377104,0.028762,16.190,27.855,-9.922,24.2680,-25.0433,-544.6263,-758.9092,-3070.8091,-19501.3281,0.0482430,0.4172291,-0.0049360,0.000000,0.000000,0.000000,0.00000,0.00000,0.000,0.000,0.000,0.000,0.000,-6.0000,0.0000,0.0000,6.0000,95.00,95.00,90.00,90.00,1575,1575,2225,1500,0,,,,,,,,0,,,,0
72118,22543,15761,12662,0,0,2.29724,7.60398,-9.62469,-0.575243,-0.518784,-0.073503,14.424,25.770,-10.706,24.2913,-24.6200,-545.3720,-757.8577,-3071.8845,-19524.9297,0.0482430,0.4172291,-0.0049360,0.000000,0.000000,0.000000,0.00000,0.00000,0.000,0.000,0.000,0.000,0.000,-6.0000,0.0000,0.0000,6.0000,95.00,95.00,90.00,90.00,1575,1575,2225,1500,0,,,,,,,,0,,,,0
72168,24904,15693,12673,0,0,2.51511,7.67461,-9.09198,-1.042894,-0.665790,-0.465521,10.724,22.922,-12.547,24.3575,-24.1443,-546.2526,-756.6403,-3073.1047,-19552.2480,0.0482430,0.4172291,-0.0049360,0.000000,0.000000,0.000000,0.00000,0.00000,0.000,0.000,0.000,0.000,0.000,-6.0000,0.0000,0.0000,6.0000,95.00,95.00,90.00,90.00,1575,1575,2225,1500,0,,,,,,,,0,,,,0
72227,16957,16047,13075,0,0,3.20943,6.97072,-8.31387,-1.229315,-0.437824,-0.640224,5.438,20.155,-15.383,24.4913,-23.6672,-547.3093,-755.1948,-3074.5190,-19584.6094,0.0482430,0.4172291,-0.0049360,0.000000,0.000000,0.000000,0.00000,0.00000,0.000,0.000,0.000,0.000,0.000,-6.0000,0.0000,0.0000,6.0000,95.00,95.00,90.00,90.00,1575,1575,2225,1500,0,,,,,,,,0,,,,0
72280,15725,15098,12130,0,0,2.78805,6.64152,-7.80390,-1.319863,-0.268447,-0.758468,0.530,18.082,-17.774,24.6172,-23.3140,-548.2718,-753.8887,-3075.7683,-19613.7441,0.0482430,0.4172291,-0.0049360,0.000000,0.000000,0.000000,0.00000,0.00000,0.000,0.000,0.000,0.000,0.000,-6.0000,0.0000,0.0000,6.0000,95.00,95.00,90.00,90.00,1575,1575,2225,1500,0,,,,,,,,0,,,,0
72324,27738,16233,13174,0,0,2.76051,5.91607,-7.30112,-1.036502,0.399474,-0.907605,-2.826,17.568,-20.097,24.7152,-23.0783,-549.0466,-752.8276,-3076.7659,-19637.3477,0.0482430,0.4172291,-0.0049360,0.000000,0.000000,0.000000,0.00000,0.00000,0.000,0.000,0.000,0.000,0.000,-6.0000,0.0000,0.0000,6.0000,95.00,95.00,90.00,90.00,1575,1575,2225,1500,0,,,,,,,,0,,,,0
72371,21669,15672,12668,0,0,1.18034,5.77601,-7.09522,-1.313471,0.610397,-0.774447,-7.066,17.976,-22.304,24.7715,-22.8525,-549.8747,-751.6559,-3077.8533,-19663.3594,0.0482430,0.4172291,-0.0049360,0.000000,0.000000,0.000000,0.00000,0.00000,0.000,0.000,0.000,0.000,0.000,-6.0000,0.0000,0.0000,6.0000,95.00,95.00,90.00,90.00,1575,1575,2225,1500,0,,,,,,,,0,,,,0
72424,16871,16078,13077,0,0,1.43054,4.75369,-7.67701,-1.734251,0.653007,-0.895887,-12.524,18.077,-25.318,24.7831,-22.6416,-550.8362,-750.3463,-3079.0552,-19692.4473,0.0482430,0.4172291,-0.0049360,0.000000,0.000000,0.000000,0.00000,0.00000,0.000,0.000,0.000,0.000,0.000,-6.0000,0.0000,0.0000,6.0000,95.00,95.00,90.00,90.00,1575,1575,2225,1500,0,,,,,,,,0,,,,0
72467,21934,15710,12701,0,0,0.56024,7.09761,-9.21169,-1.963282,1.106810,-0.765925,-18.229,19.002,-27.665,24.7606,-22.4569,-551.7022,-749.2586,-3080.0454,-19716.6465,0.0482430,0.4172291,-0.0049360,0.000000,0.000000,0.000000,0.00000,0.00000,0.000,0.000,0.000,0.000,0.000,-6.0000,0.0000,0.0000,6.0000,95.00,95.00,90.00,90.00,1575,1575,2225,1500,0,,,,,,,,0,,,,0
72529,36456,24733,21695,0,0,-0.14126,6.27879,-8.49343,-2.598180,0.809601,-0.600809,-26.621,19.574,-30.291,24.6539,-22.2554,-552.7459,-747.9642,-3081.2161,-19745.5762,0.0482430,0.4172291,-0.0049360,0.000000,0.000000,0.000000,0.00000,0.00000,0.000,0.000,0.000,0.000,0.000,-6.0000,0.0000,0.0000,6.0000,95.00,95.00,90.00,90.00,1575,1575,2225,1500,0,,,,,,,,0,,,,0
72577,23394,15203,12169,0,0,-0.03711,7.08325,-7.26760,-2.997654,0.684965,-0.307861,-37.209,19.800,-31.976,24.5188,-22.0804,-553.8445,-746.5453,-3082.4954,-19777.5078,0.0482430,0.4172291,-0.0049360,0.000000,0.000000,0.000000,0.00000,0.00000,0.000,0.000,0.000,0.000,0.000,-6.0000,0.0000,0.0000,6.0000,95.00,95.00,90.00,90.00,1575,1575,2225,1500,0,,,,,,,,0,,,,0
72621,27723,15692,12656,0,0,-0.23224,6.76601,-5.67546,-3.426956,0.295078,0.117179,-45.526,19.801,-31.849,24.4168,-21.9722,-554.6369,-745.4901,-3083.4453,-19801.4102,0.0482430,0.4172291,-0.0049360,0.000000,0.000000,0.000000,0.00000,0.00000,0.000,0.000,0.000,0.000,0.000,-6.0000,0.0000,0.0000,6.0000,95.00,95.00,90.00,90.00,1575,1575,2225,1500,0,,,,,,,,0,,,,0
72680,15829,15156,12155,0,0,0.02394,6.87136,-1.48919,-3.483415,0.205596,0.953412,-56.948,21.232,-29.351,24.3351,-21.8005,-555.6097,-744.0256,-3084.7610,-19834.7715,0.0482430,0.4172291,-0.0049360,0.000000,0.000000,0.000000,0.00000,0.00000,0.000,0.000,0.000,0.000,0.000,-6.0000,0.0000,0.0000,6.0000,95.00,95.00,90.00,90.00,1575,1575,2225,1500,0,,,,,,,,0,,,,0
72723,26737,16166,13131,0,0,0.41180,6.84981,0.05387,-3.674097,0.396278,1.130246,-65.241,23.508,-27.759,24.3165,-21.6496,-556.2710,-743.0018,-3085.6753,-19858.1660,0.0482430,0.4172291,-0.0049360,0.000000,0.000000,0.000000,0.00000,0.00000,0.000,0.000,0.000,0.000,0.000,-6.0000,0.0000,0.0000,6.0000,95.00,95.00,90.00,90.00,1575,1575,2225,1500,0,,,,,,,,0,,,,0
72781,16488,15165,12171,0,0,1.96803,7.09522,1.49398,-3.879693,0.492152,0.934237,-77.936,26.786,-26.824,24.3203,-21.4657,-557.2313,-741.5757,-3086.9397,-19890.8184,0.0482430,0.4172291,-0.0049360,0.000000,0.000000,0.000000,0.00000,0.00000,0.000,0.000,0.000,0.000,0.000,-6.0000,0.0000,0.0000,6.0000,95.00,95.00,90.00,90.00,1575,1575,2225,1500,0,,,,,,,,0,,,,0
72826,27966,16213,13170,0,0,2.91255,7.02100,4.79080,-4.181163,0.428236,0.814927,-88.143,28.880,-26.520,24.3833,-21.2604,-557.9747,-740.5117,-3087.8733,-19915.1836,0.0482430,0.4172291,-0.0049360,0.000000,0.000000,0.000000,0.00000,0.00000,0.000,0.000,0.000,0.000,0.000,-6.0000,0.0000,0.0000,6.0000,95.00,95.00,90.00,90.00,1575,1575,2225,1500,0,,,,,,,,0,,,,0
72887,36049,24156,20991,0,0,3.65475,6.77679,6.85101,-3.720969,0.578439,0.487891,-100.291,30.497,-26.971,24.4737,-20.9835,-558.9376,-739.2174,-3088.9927,-19944.7734,0.0482430,0.4172291,-0.0049360,0.000000,0.000000,0.000000,0.00000,0.00000,0.000,0.000,0.000,0.000,0.000,-6.0000,0.0000,0.0000,6.0000,95.00,95.00,90.00,90.00,1575,1575,2225,1500,0,,,,,,,,0,,,,0
72924,21186,16201,13111,0,0,3.37822,4.73693,7.98347,-3.914847,0.594418,0.173638,-110.930,30.964,-27.662,24.5550,-20.7408,-559.7552,-738.1007,-3089.9431,-19970.2559,0.0482430,0.4172291,-0.0049360,0.000000,0.000000,0.000000,0.00000,0.00000,0.000,0.000,0.000,0.000,0.000,-6.0000,0.0000,0.0000,6.0000,95.00,95.00,90.00,90.00,1575,1575,2225,1500,0,,,,,,,,0,,,,0
72974,26046,17788,12384,0,0,2.48518,1.32639,8.79510,-3.234143,0.376038,-0.403735,-120.454,30.338,-27.115,24.6631,-20.4374,-560.5389,-736.9160,-3090.9343,-19997.2246,0.0482430,0.4172291,-0.0049360,0.000000,0.000000,0.000000,0.00000,0.00000,0.000,0.000,0.000,0.000,0.000,-6.0000,0.0000,0.0000,6.0000,95.00,95.00,90.00,90.00,1575,1575,2225,1500,0,,,,,,,,0,,,,0
73038,37545,26050,17963,0,0,1.76213,-0.10175,9.07642,-2.401106,0.842624,-0.323840,-128.970,28.926,-27.634,24.7986,-20.0526,-561.4088,-735.5415,-3092.0593,-20028.3965,0.0482430,0.4172291,-0.0049360,0.000000,0.000000,0.000000,0.00000,0.00000,0.000,0.000,0.000,0.000,0.000,-6.0000,0.0000,0.0000,6.0000,95.00,95.00,90.00,90.00,1575,1575,2225,1500,0,,,,,,,,0,,,,0
73080,20873,15236,12216,0,0,1.35991,-1.65439,8.57842,-1.639442,0.606135,-0.110788,-134.648,28.095,-27.969,24.9357,-19.6882,-562.1888,-734.2266,-3093.1099,-20058.1016,0.0482430,0.4172291,-0.0049360,0.000000,0.000000,0.000000,0.00000,0.00000,0.000,0.000,0.000,0.000,0.000,-6.0000,0.0000,0.0000,6.0000,95.00,95.00,90.00,90.00,1575,1575,2225,1500,0,,,,,,,,0,,,,0
73124,27549,16246,13181,0,0,1.00796,-2.09732,8.90882,-0.598679,0.316384,-0.093743,-136.769,28.055,-27.727,25.0334,-19.3740,-562.8218,-733.1529,-3093.9492,-20082.2734,0.0482430,0.4172291,-0.0049360,0.000000,0.000000,0.000000,0.00000,0.00000,0.000,0.000,0.000,0.000,0.000,-6.0000,0.0000,0.0000,6.0000,95.00,95.00,90.00,90.00,1575,1575,2225,1500,0,,,,,,,,0,,,,0
73168,27301,16306,13279,0,0,0.85593,-1.90938,9.77433,-0.161920,0.314253,-0.059655,-137.341,28.196,-27.446,25.1213,-19.0255,-563.5012,-732.0427,-3094.7993,-20107.2051,0.0482430,0.4172291,-0.0049360,0.000000,0.000000,0.000000,0.00000,0.00000,0.000,0.000,0.000,0.000,0.000,-6.0000,0.0000,0.0000,6.0000,95.00,95.00,90.00,90.00,1575,1575,2225,1500,0,,,,,,,,0,,,,0
73218,17205,15772,12645,0,0,0.68714,-2.16556,10.01614,0.059655,-0.126766,-0.057524,-137.072,28.660,-26.844,25.1684,-18.8099,-563.8920,-731.4007,-3095.2825,-20121.5957,0.0482430,0.4172291,-0.0049360,0.000000,0.000000,0.000000,0.00000,0.00000,0.000,0.000,0.000,0.000,0.000,-6.0000,0.0000,0.0000,6.0000,95.00,95.00,90.00,90.00,1575,1575,2225,1500,0,,,,,,,,0,,,,0
73271,15744,15595,12594,0,0,0.99718,-1.60771,10.29866,0.161920,-0.151268,-0.002131,-136.105,29.938,-25.301,25.2460,-18.3518,-564.7243,-730.0491,-3096.2788,-20151.8516,0.0482430,0.4172291,-0.0049360,0.000000,0.000000,0.000000,0.00000,0.00000,0.000,0.000,0.000,0.000,0.000,-6.0000,0.0000,0.0000,6.0000,95.00,95.00,90.00,90.00,1575,1575,2225,1500,0,,,,,,,,0,,,,0
73332,16874,16173,13070,0,0,0.39145,-1.82917,10.04368,0.158724,-0.133158,0.004261,-135.136,31.182,-24.135,25.3098,-17.8363,-565.6347,-728.5406,-3097.3586,-20185.5820,0.0482430,0.4172291,-0.0049360,0.000000,0.000000,0.000000,0.00000,0.00000,0.000,0.000,0.000,0.000,0.000,-6.0000,0.0000,0.0000,6.0000,95.00,95.00,90.00,90.00,1575,1575,2225,1500,0,,,,,,,,0,,,,0
73375,26670,15726,12370,0,0,0.57581,-1.53349,9.97424,0.156594,-0.108657,-0.019175,-134.292,32.128,-22.961,25.3479,-17.4612,-566.2896,-727.4371,-3098.1274,-20210.2363,0.0482430,0.4172291,-0.0049360,0.000000,0.000000,0.000000,0.00000,0.00000,0.000,0.000,0.000,0.000,0.000,-6.0000,0.0000,0.0000,6.0000,95.00,95.00,90.00,90.00,1575,1575,2225,1500,0,,,,,,,,0,,,,0
73433,16601,16038,13014,0,0,0.47525,-1.47483,9.92037,0.083091,-0.030893,-0.011718,-133.522,33.010,-21.917,25.3864,-16.9611,-567.1614,-725.9644,-3099.1265,-20243.1367,0.0482430,0.4172291,-0.0049360,0.000000,0.000000,0.000000,0.00000,0.00000,0.000,0.000,0.000,0.000,0.000,-6.0000,0.0000,0.0000,6.0000,95.00,95.00,90.00,90.00,1575,1575,2225,1500,0,,,,,,,,0,,,,0
73476,21423,15559,12244,0,0,0.79487,-1.16119,9.96706,0.092678,-0.150202,0.027697,-132.724,34.023,-20.686,25.4073,-16.5926,-567.8118,-724.8635,-3099.8538,-20267.7363,0.0482430,0.4172291,-0.0049360,0.000000,0.000000,0.000000,0.00000,0.00000,0.000,0.000,0.000,0.000,0.000,-6.0000,0.0000,0.0000,6.0000,95.00,95.00,90.00,90.00,1575,1575,2225,1500,0,,,,,,,,0,,,,0
73538,36902,24366,21258,0,0,0.70749,-1.06063,9.84496,0.071373,-0.162985,-0.006392,-131.860,35.189,-19.168,25.4141,-16.1397,-568.6036,-723.5249,-3100.7156,-20297.6660,0.0482430,0.4172291,-0.0049360,0.000000,0.000000,0.000000,0.00000,0.00000,0.000,0.000,0.000,0.000,0.000,-6.0000,0.0000,0.0000,6.0000,95.00,95.00,90.00,90.00,1575,1575,2225,1500,0,,,,,,,,0,,,,0
73580,26146,15256,12215,0,0,0.70868,-1.22344,9.91678,0.026632,0.043676,0.020240,-131.337,36.032,-18.200,25.4200,-15.6947,-569.3643,-722.2187,-3101.5334,-20326.9043,0.0482430,0.4172291,-0.0049360,0.000000,0.000000,0.000000,0.00000,0.00000,0.000,0.000,0.000,0.000,0.000,-6.0000,0.0000,0.0000,6.0000,95.00,95.00,90.00,90.00,1575,1575,2225,1500,0,,,,,,,,0,,,,0
73630,24766,16274,13183,0,0,0.92177,-1.36829,9.66898,0.050067,-0.058590,-0.051133,-130.532,36.807,-16.832,25.4217,-15.2767,-570.0763,-720.9750,-3102.2910,-20354.7773,0.0482430,0.4172291,-0.0049360,0.000000,0.000000,0.000000,0.00000,0.00000,0.000,0.000,0.000,0.000,0.000,-6.0000,0.0000,0.0000,6.0000,95.00,95.00,90.00,90.00,1575,1575,2225,1500,0,,,,,,,,0,,,,0
73673,21519,15738,12683,0,0,0.88107,-1.28688,9.73123,0.039415,0.096939,-0.029827,-130.032,37.311,-15.952,25.4198,-14.8963,-570.7119,-719.8638,-3102.9504,-20379.7090,0.0482430,0.4172291,-0.0049360,0.000000,0.000000,0.000000,0.00000,0.00000,0.000,0.000,0.000,0.000,0.000,-6.0000,0.0000,0.0000,6.0000,95.00,95.00,90.00,90.00,1575,1575,2225,1500,0,,,,,,,,0,,,,0
73732,16779,16126,13087,0,0,0.94571,-1.04986,9.65462,0.033023,-0.006392,0.001065,-129.221,38.193,-14.573,25.3984,-14.3956,-571.5665,-718.3676,-3103.8127,-20413.3418,0.0482430,0.4172291,-0.0049360,0.000000,0.000000,0.000000,0.00000,0.00000,0.000,0.000,0.000,0.000,0.000,-6.0000,0.0000,0.0000,6.0000,95.00,95.00,90.00,90.00,1575,1575,2225,1500,0,,,,,,,,0,,,,0
73770,16941,15728,12660,0,0,0.93374,-1.00556,9.46069,0.063916,0.000000,0.010653,-128.710,38.796,-13.706,25.3803,-14.0707,-572.1174,-717.3979,-3104.3562,-20435.1816,0.0482430,0.4172291,-0.0049360,0.000000,0.000000,0.000000,0.00000,0.00000,0.000,0.000,0.000,0.000,0.000,-6.0000,0.0000,0.0000,6.0000,95.00,95.00,90.00,90.00,1575,1575,2225,1500,0,,,,,,,,0,,,,0
73817,31066,15841,12723,0,0,0.71347,-1.09295,9.56124,0.017044,-0.007457,0.010653,-128.066,39.550,-12.618,25.3470,-13.6699,-572.7857,-716.2032,-3105.0095,-20462.1426,0.0482430,0.4172291,-0.0049360,0.000000,0.000000,0.000000,0.00000,0.00000,0.000,0.000,0.000,0.000,0.000,-6.0000,0.0000,0.0000,6.0000,95.00,95.00,90.00,90.00,1575,1575,2225,1500,0,,,,,,,,0,,,,0
73877,15769,15252,12145,0,0,0.94691,-1.19471,9.47026,0.030893,-0.042611,0.015979,-127.083,40.576,-10.970,25.2988,-13.1585,-573.6344,-714.6736,-3105.8198,-20496.7656,0.0482430,0.4172291,-0.0049360,0.000000,0.000000,0.000000,0.00000,0.00000,0.000,0.000,0.000,0.000,0.000,-6.0000,0.0000,0.0000,6.0000,95.00,95.00,90.00,90.00,1575,1575,2225,1500,0,,,,,,,,0,,,,0
73931,16805,16119,13050,0,0,0.90621,-0.97085,9.65222,0.018109,-0.033023,0.024501,-126.256,41.472,-9.591,25.2422,-12.6962,-574.3824,-713.3314,-3106.5066,-20527.2520,0.0482430,0.4172291,-0.0049360,0.000000,0.000000,0.000000,0.00000,0.00000,0.000,0.000,0.000,0.000,0.000,-6.0000,0.0000,0.0000,6.0000,95.00,95.00,90.00,90.00,1575,1575,2225,1500,0,,,,,,,,0,,,,0
73974,21466,15697,12354,0,0,0.97205,-1.06183,9.54089,0.082025,-0.027697,0.054328,-125.485,42.236,-8.477,25.1919,-12.3204,-574.9911,-712.2352,-3107.0503,-20552.2324,0.0482430,0.4172291,-0.0049360,0.000000,0.000000,0.000000,0.00000,0.00000,0.000,0.000,0.000,0.000,0.000,-6.0000,0.0000,0.0000,6.0000,95.00,95.00,90.00,90.00,1575,1575,2225,1500,0,,,,,,,,0,,,,0
74052,46200,31385,28026,0,0,0.89783,-0.81642,9.48702,0.063916,-0.068177,0.028762,-124.286,43.336,-6.735,25.1001,-11.7853,-575.8510,-710.6734,-3107.7988,-20587.9687,0.0482430,0.4172291,-0.0049360,0.000000,0.000000,0.000000,0.00000,0.00000,0.000,0.000,0.000,0.000,0.000,-6.0000,0.0000,0.0000,6.0000,95.00,95.00,90.00,90.00,1575,1575,2225,1500,0,,,,,,,,0,,,,0
74082,32190,29628,22699,0,0,0.99240,-1.02831,9.58399,0.038350,-0.001065,0.050067,-123.749,43.851,-5.931,25.0522,-11.5039,-576.2926,-709.8662,-3108.1736,-20606.5117,0.0482430,0.4172291,-0.0049360,0.000000,0.000000,0.000000,0.00000,0.00000,0.000,0.000,0.000,0.000,0.000,-6.0000,0.0000,0.0000,6.0000,95.00,95.00,90.00,90.00,1575,1575,2225,1500,0,,,,,,,,0,,,,0
74127,27822,16287,13174,0,0,1.10133,-0.91339,9.51216,0.066046,-0.083091,0.038350,-122.440,44.852,-4.131,24.9558,-11.0025,-577.0795,-708.4241,-3108.8228,-20639.7734,0.0482430,0.4172291,-0.0049360,0.000000,0.000000,0.000000,0.00000,0.00000,0.000,0.000,0.000,0.000,0.000,-6.0000,0.0000,0.0000,6.0000,95.00,95.00,90.00,90.00,1575,1575,2225,1500,0,,,,,,,,0,,,,0
74172,28540,15746,12698,0,0,0.99838,-0.84994,9.55406,0.103331,-0.073503,0.041545,-121.304,45.624,-2.721,24.8692,-10.6059,-577.6950,-707.2889,-3109.3149,-20666.0840,0.0482430,0.4172291,-0.0049360,0.000000,0.000000,0.000000,0.00000,0.00000,0.000,0.000,0.000,0.000,0.000,-6.0000,0.0000,0.0000,6.0000,95.00,95.00,90.00,90.00,1575,1575,2225,1500,0,,,,,,,,0,,,,0
74242,20566,22898,12922,0,0,1.06662,-0.80445,9.53970,0.232228,-0.071373,0.031958,-119.275,46.639,-0.550,24.7459,-10.0510,-578.5425,-705.7166,-3109.9695,-20702.7227,0.0482430,0.4172291,-0.0049360,0.000000,0.000000,0.000000,0.00000,0.00000,0.000,0.000,0.000,0.000,0.000,-6.0000,0.0000,0.0000,6.0000,95.00,95.00,90.00,90.00,1575,1575,2225,1500,0,,,,,,,,0,,,,0
74278,15973,15208,12170,0,0,1.24259,-0.79847,9.44872,0.274838,-0.139550,0.053263,-117.463,47.365,1.153,24.6548,-9.6681,-579.1231,-704.6332,-3110.4019,-20728.1113,0.0482430,0.4172291,-0.0049360,0.000000,0.000000,0.000000,0.00000,0.00000,0.000,0.000,0.000,0.000,0.000,-6.0000,0.0000,0.0000,6.0000,95.00,95.00,90.00,90.00,1575,1575,2225,1500,0,,,,,,,,0,,,,0
74323,23031,16226,13056,0,0,1.22104,-0.61172,9.37809,0.331297,-0.111853,0.054328,-115.548,48.098,2.811,24.5598,-9.2939,-579.6907,-703.5636,-3110.8140,-20753.2969,0.0482430,0.4172291,-0.0049360,0.000000,0.000000,0.000000,0.00000,0.00000,0.000,0.000,0.000,0.000,0.000,-6.0000,0.0000,0.0000,6.0000,95.00,95.00,90.00,90.00,1575,1575,2225,1500,0,,,,,,,,0,,,,0
74382,15850,15531,12509,0,0,1.11690,-0.27892,9.63307,0.200270,-0.069242,0.069242,-113.156,49.129,5.081,24.4082,-8.7704,-580.4688,-702.0955,-3111.3555,-20788.0762,0.0482430,0.4172291,-0.0049360,0.000000,0.000000,0.000000,0.00000,0.00000,0.000,0.000,0.000,0.000,0.000,-6.0000,0.0000,0.0000,6.0000,95.00,95.00,90.00,90.00,1575,1575,2225,1500,0,,,,,,,,0,,,,0
74419,21449,15643,12607,0,0,1.12767,-0.59376,9.61990,0.115049,-0.067112,0.060720,-111.939,49.651,6.446,24.3119,-8.4404,-580.9409,-701.1896,-3111.6755,-20809.6699,0.0482430,0.4172291,-0.0049360,0.000000,0.000000,0.000000,0.00000,0.00000,0.000,0.000,0.000,0.000,0.000,-6.0000,0.0000,0.0000,6.0000,95.00,95.00,90.00,90.00,1575,1575,2225,1500,0,,,,,,,,0,,,,0
74469,24110,15729,12645,0,0,1.17914,-0.54109,9.54568,-0.017044,-0.238619,0.066046,-110.208,50.482,8.865,24.1771,-8.0094,-581.5555,-699.9980,-3112.0796,-20838.2344,0.0482430,0.4172291,-0.0049360,0.000000,0.000000,0.000000,0.00000,0.00000,0.000,0.000,0.000,0.000,0.000,-6.0000,0.0000,0.0000,6.0000,95.00,95.00,90.00,90.00,1575,1575,2225,1500,0,,,,,,,,0,,,,0
74530,36584,24523,21447,0,0,1.51553,-0.44173,9.70609,0.033023,-0.273773,0.118244,-108.008,51.475,11.801,24.0213,-7.5408,-582.2175,-698.7322,-3112.4880,-20868.7988,0.0482430,0.4172291,-0.0049360,0.000000,0.000000,0.000000,0.00000,0.00000,0.000,0.000,0.000,0.000,0.000,-6.0000,0.0000,0.0000,6.0000,95.00,95.00,90.00,90.00,1575,1575,2225,1500,0,,,,,,,,0,,,,0
74572,25956,15728,12670,0,0,2.03028,-0.24181,9.25718,0.365386,-0.369647,0.260990,-104.920,52.700,14.960,23.8747,-7.0959,-582.8651,-697.5023,-3112.8638,-20898.7187,0.0482430,0.4172291,-0.0049360,0.000000,0.000000,0.000000,0.00000,0.00000,0.000,0.000,0.000,0.000,0.000,-6.0000,0.0000,0.0000,6.0000,95.00,95.00,90.00,90.00,1575,1575,2225,1500,0,,,,,,,,0,,,,0
74632,16832,16095,13034,0,0,2.35709,0.39385,8.78911,1.127050,-1.030111,0.399474,-97.261,54.684,21.045,23.6953,-6.6116,-583.6147,-696.1005,-3113.2678,-20933.0937,0.0482430,0.4172291,-0.0049360,0.000000,0.000000,0.000000,0.00000,0.00000,0.000,0.000,0.000,0.000,0.000,-6.0000,0.0000,0.0000,6.0000,95.00,95.00,90.00,90.00,1575,1575,2225,1500,0,,,,,,,,0,,,,0
74679,22277,15250,12205,0,0,3.04542,1.48919,8.24204,1.910019,-1.720402,0.128897,-84.695,55.342,30.724,23.5451,-6.2349,-584.2223,-694.9665,-3113.5762,-20961.1270,0.0482430,0.4172291,-0.0049360,0.000000,0.000000,0.000000,0.00000,0.00000,0.000,0.000,0.000,0.000,0.000,-6.0000,0.0000,0.0000,6.0000,95.00,95.00,90.00,90.00,1575,1575,2225,1500,0,,,,,,,,0,,,,0
74722,26359,16124,13019,0,0,3.96839,2.53426,8.15106,2.507632,-2.029329,0.255663,-70.733,54.723,40.796,23.3984,-5.8987,-584.7650,-693.9852,-3113.8298,-20985.5605,0.0482430,0.4172291,-0.0049360,0.000000,0.000000,0.000000,0.00000,0.00000,0.000,0.000,0.000,0.000,0.000,-6.0000,0.0000,0.0000,6.0000,95.00,95.00,90.00,90.00,1575,1575,2225,1500,0,,,,,,,,0,,,,0
74776,16079,15522,12226,0,0,4.97395,5.14753,5.71496,2.469283,-2.645051,-0.139550,-52.492,50.700,53.631,23.1681,-5.4857,-585.4962,-692.7128,-3114.1404,-21017.5332,0.0482430,0.4172291,-0.0049360,0.000000,0.000000,0.000000,0.00000,0.00000,0.000,0.000,0.000,0.000,0.000,-6.0000,0.0000,0.0000,6.0000,95.00,95.00,90.00,90.00,1575,1575,2225,1500,0,,,,,,,,0,,,,0
74820,28052,15748,12662,0,0,6.78397,5.80714,4.39456,2.744121,-3.210707,-0.445281,-39.749,43.861,61.999,22.9933,-5.1592,-586.1387,-691.7023,-3114.3735,-21043.1758,0.0482430,0.4172291,-0.0049360,0.000000,0.000000,0.000000,0.00000,0.00000,0.000,0.000,0.000,0.000,0.000,-6.0000,0.0000,0.0000,6.0000,95.00,95.00,90.00,90.00,1575,1575,2225,1500,0,,,,,,,,0,,,,0
74867,30922,15695,12713,0,0,7.68180,6.47512,4.13239,2.496980,-3.866910,-0.925715,-29.447,33.142,67.768,22.7772,-4.7564,-586.8116,-690.6177,-3114.6089,-21070.9707,0.0482430,0.4172291,-0.0049360,0.000000,0.000000,0.000000,0.00000,0.00000,0.000,0.000,0.000,0.000,0.000,-6.0000,0.0000,0.0000,6.0000,95.00,95.00,90.00,90.00,1575,1575,2225,1500,0,,,,,,,,0,,,,0
74920,16910,15552,12580,0,0,7.81228,7.48906,2.64080,1.737446,-3.257579,-1.364604,-22.964,20.867,69.754,22.5081,-4.2653,-587.5014,-689.4194,-3114.8479,-21102.0449,0.0482430,0.4172291,-0.0049360,0.000000,0.000000,0.000000,0.00000,0.00000,0.000,0.000,0.000,0.000,0.000,-6.0000,0.0000,0.0000,6.0000,95.00,95.00,90.00,90.00,1575,1575,2225,1500,0,,,,,,,,0,,,,0
74979,15797,15124,12149,0,0,7.14909,8.00741,2.56539,1.139833,-2.315885,-1.474326,-18.790,9.285,68.683,22.2421,-3.6797,-588.1854,-688.0798,-3115.0857,-21137.2344,0.0482430,0.4172291,-0.0049360,0.000000,0.000000,0.000000,0.00000,0.00000,0.000,0.000,0.000,0.000,0.000,-6.0000,0.0000,0.0000,6.0000,95.00,95.00,90.00,90.00,1575,1575,2225,1500,0,,,,,,,,0,,,,0
75041,36643,24763,21730,0,0,6.15789,8.63589,0.44652,0.147006,-1.409345,-1.673530,-18.298,2.216,65.898,21.9678,-3.2118,-588.8134,-686.9314,-3115.2646,-21167.8125,0.0482430,0.4172291,-0.0049360,0.000000,0.000000,0.000000,0.00000,0.00000,0.000,0.000,0.000,0.000,0.000,-6.0000,0.0000,0.0000,6.0000,95.00,95.00,90.00,90.00,1575,1575,2225,1500,0,,,,,,,,0,,,,0
75067,25951,25455,17441,0,0,6.16627,8.57842,-0.17358,0.075634,-1.335842,-1.911084,-18.275,-1.148,64.025,21.8498,-2.9747,-589.1388,-686.3629,-3115.3450,-21183.0977,0.0482430,0.4172291,-0.0049360,0.000000,0.000000,0.000000,0.00000,0.00000,0.000,0.000,0.000,0.000,0.000,-6.0000,0.0000,0.0000,6.0000,95.00,95.00,90.00,90.00,1575,1575,2225,1500,0,,,,,,,,0,,,,0
75133,16777,16062,13060,0,0,4.15274,9.69173,-1.87705,-0.010653,-1.003479,-1.880192,-18.186,-10.490,58.745,21.5169,-2.3258,-590.1353,-684.7355,-3115.5439,-21227.3379,0.0482430,0.4172291,-0.0049360,0.000000,0.000000,0.000000,0.00000,0.00000,0.000,0.000,0.000,0.000,0.000,-6.0000,0.0000,0.0000,6.0000,95.00,95.00,90.00,90.00,1575,1575,2225,1500,0,,,,,,,,0,,,,0
75170,21918,31025,27844,0,0,3.53743,9.76475,-1.97043,-0.017044,-0.837298,-1.906823,-17.902,-12.728,56.925,21.4115,-2.1388,-590.4374,-684.2651,-3115.5928,-21240.2754,0.0482430,0.4172291,-0.0049360,0.000000,0.000000,0.000000,0.00000,0.00000,0.000,0.000,0.000,0.000,0.000,-6.0000,0.0000,0.0000,6.0000,95.00,95.00,90.00,90.00,1575,1575,2225,1500,0,,,,,,,,0,,,,0
75231,16845,16075,13052,0,0,2.75812,9.36492,-2.37385,0.372843,-0.584830,-1.882322,-16.059,-20.162,50.310,21.1430,-1.4929,-591.4670,-682.6516,-3115.7307,-21285.0937,0.0482430,0.4172291,-0.0049360,0.000000,0.000000,0.000000,0.00000,0.00000,0.000,0.000,0.000,0.000,0.000,-6.0000,0.0000,0.0000,6.0000,95.00,95.00,90.00,90.00,1575,1575,2225,1500,0,,,,,,,,0,,,,0
75274,21308,15706,12346,0,0,1.22583,8.56047,-1.94170,0.873517,-0.115049,-2.009089,-12.632,-22.776,45.717,20.9732,-1.1564,-592.0251,-681.7408,-3115.7878,-21310.6875,0.0482430,0.4172291,-0.0049360,0.000000,0.000000,0.000000,0.00000,0.00000,0.000,0.000,0.000,0.000,0.000,-6.0000,0.0000,0.0000,6.0000,95.00,95.00,90.00,90.00,1575,1575,2225,1500,0,,,,,,,,0,,,,0
75326,26716,16192,13155,0,0,0.70988,6.98628,-2.62644,1.041829,-0.014914,-2.026133,-7.254,-25.249,39.416,20.8333,-0.8227,-592.6825,-680.6643,-3115.8386,-21341.1973,0.0482430,0.4172291,-0.0049360,0.000000,0.000000,0.000000,0.00000,0.00000,0.000,0.000,0.000,0.000,0.000,-6.0000,0.0000,0.0000,6.0000,95.00,95.00,90.00,90.00,1575,1575,2225,1500,0,,,,,,,,0,,,,0
75369,26556,15692,12692,0,0,-0.12330,6.71214,-2.90536,1.462608,0.158724,-1.591505,-1.970,-26.266,34.887,20.7169,-0.5481,-593.2332,-679.7612,-3115.8684,-21366.9727,0.0482430,0.4172291,-0.0049360,0.000000,0.000000,0.000000,0.00000,0.00000,0.000,0.000,0.000,0.000,0.000,-6.0000,0.0000,0.0000,6.0000,95.00,95.00,90.00,90.00,1575,1575,2225,1500,0,,,,,,,,0,,,,0
75422,16872,15972,12966,0,0,-0.96726,6.99586,-3.28006,1.705488,0.264186,-1.480718,4.970,-26.878,29.856,20.5566,-0.2309,-593.9033,-678.6736,-3115.8894,-21398.2480,0.0482430,0.4172291,-0.0049360,0.000000,0.000000,0.000000,0.00000,0.00000,0.000,0.000,0.000,0.000,0.000,-6.0000,0.0000,0.0000,6.0000,95.00,95.00,90.00,90.00,1575,1575,2225,1500,0,,,,,,,,0,,,,0
75481,15834,15464,12148,0,0,-1.46166,6.66785,-3.90135,1.819472,0.838363,-1.769404,13.990,-24.713,23.284,20.3487,0.1792,-594.6409,-677.4464,-3115.8909,-21433.9102,0.0482430,0.4172291,-0.0049360,0.000000,0.000000,0.000000,0.00000,0.00000,0.000,0.000,0.000,0.000,0.000,-6.0000,0.0000,0.0000,6.0000,95.00,95.00,90.00,90.00,1575,1575,2225,1500,0,,,,,,,,0,,,,0
75528,24185,37798,28496,0,0,-2.09373,7.03057,-4.78122,1.772600,0.784035,-1.489240,17.209,-23.671,21.262,20.2567,0.3544,-594.9536,-676.9554,-3115.8845,-21448.2949,0.0482430,0.4172291,-0.0049360,0.000000,0.000000,0.000000,0.00000,0.00000,0.000,0.000,0.000,0.000,0.000,-6.0000,0.0000,0.0000,6.0000,95.00,95.00,90.00,90.00,1575,1575,2225,1500,0,,,,,,,,0,,,,0
75573,28578,15742,12719,0,0,-2.65278,7.07008,-7.62912,1.849299,0.541154,-1.008805,25.456,-20.713,17.275,20.0140,0.8998,-595.8823,-675.5969,-3115.8430,-21488.4570,0.0482430,0.4172291,-0.0049360,0.000000,0.000000,0.000000,0.00000,0.00000,0.000,0.000,0.000,0.000,0.000,-6.0000,0.0000,0.0000,6.0000,95.00,95.00,90.00,90.00,1575,1575,2225,1500,0,,,,,,,,0,,,,0
75633,16835,16064,13065,0,0,-2.79523,6.13275,-7.98825,1.526524,0.509196,-0.419714,31.459,-19.429,15.190,19.7816,1.4050,-596.7311,-674.4096,-3115.7744,-21524.0449,0.0482430,0.4172291,-0.0049360,0.000000,0.000000,0.000000,0.00000,0.00000,0.000,0.000,0.000,0.000,0.000,-6.0000,0.0000,0.0000,6.0000,95.00,95.00,90.00,90.00,1575,1575,2225,1500,0,,,,,,,,0,,,,0
75676,21415,15594,12235,0,0,-3.07655,6.05613,-7.98945,1.543568,0.559264,-0.696683,35.479,-18.318,14.148,19.5968,1.7912,-597.3207,-673.5558,-3115.7051,-21549.9355,0.0482430,0.4172291,-0.0049360,0.000000,0.000000,0.000000,0.00000,0.00000,0.000,0.000,0.000,0.000,0.000,-6.0000,0.0000,0.0000,6.0000,95.00,95.00,90.00,90.00,1575,1575,2225,1500,0,,,,,,,,0,,,,0
75719,23345,19004,12704,0,0,-2.73059,3.46680,-8.25162,1.456216,0.348341,-0.447411,38.960,-17.660,13.086,19.4720,2.0888,-597.8885,-672.7913,-3115.6292,-21573.3242,0.0482430,0.4172291,-0.0049360,0.000000,0.000000,0.000000,0.00000,0.00000,0.000,0.000,0.000,0.000,0.000,-6.0000,0.0000,0.0000,6.0000,95.00,95.00,90.00,90.00,1575,1575,2225,1500,0,,,,,,,,0,,,,0
75779,16355,15155,12151,0,0,-2.26851,1.51194,-8.73285,1.424259,0.481500,-0.203466,44.256,-16.764,12.220,19.3073,2.5507,-598.8555,-671.5483,-3115.4802,-21611.6914,0.0482430,0.4172291,-0.0049360,0.000000,0.000000,0.000000,0.00000,0.00000,0.000,0.000,0.000,0.000,0.000,-6.0000,0.0000,0.0000,6.0000,95.00,95.00,90.00,90.00,1575,1575,2225,1500,0,,,,,,,,0,,,,0
75823,28010,16179,13140,0,0,-2.29125,2.33794,-9.10994,1.039698,0.058590,-0.385626,47.230,-16.623,11.144,19.2005,2.8765,-599.5065,-670.7136,-3115.3628,-21637.6699,0.0482430,0.4172291,-0.0049360,0.000000,0.000000,0.000000,0.00000,0.00000,0.000,0.000,0.000,0.000,0.000,-6.0000,0.0000,0.0000,6.0000,95.00,95.00,90.00,90.00,1575,1575,2225,1500,0,,,,,,,,0,,,,0
75882,15796,15486,12502,0,0,-0.29209,4.67707,-10.48541,1.208010,0.242880,-0.227967,51.432,-16.513,9.956,19.1044,3.4440,-600.3451,-669.5728,-3115.1755,-21673.4141,0.0482430,0.4172291,-0.0049360,0.000000,0.000000,0.000000,0.00000,0.00000,0.000,0.000,0.000,0.000,0.000,-6.0000,0.0000,0.0000,6.0000,95.00,95.00,90.00,90.00,1575,1575,2225,1500,0,,,,,,,,0,,,,0
75927,25088,19955,13182,0,0,-4.87819,1.08577,-8.46949,1.291101,-0.288687,-0.227967,54.500,-17.122,8.505,18.9301,3.7298,-600.9409,-668.7971,-3115.0293,-21697.9102,0.0482430,0.4172291,-0.0049360,0.000000,0.000000,0.000000,0.00000,0.00000,0.000,0.000,0.000,0.000,0.000,-6.0000,0.0000,0.0000,6.0000,95.00,95.00,90.00,90.00,1575,1575,2225,1500,0,,,,,,,,0,,,,0
75971,26672,15730,12717,0,0,-2.94128,2.48159,-7.60997,1.231446,0.045806,-0.094809,58.283,-17.584,7.117,18.7617,4.0823,-601.5559,-667.9020,-3114.8438,-21726.4727,0.0482430,0.4172291,-0.0049360,0.000000,0.000000,0.000000,0.00000,0.00000,0.000,0.000,0.000,0.000,0.000,-6.0000,0.0000,0.0000,6.0000,95.00,95.00,90.00,90.00,1575,1575,2225,1500,0,,,,,,,,0,,,,0
76032,37308,23710,20681,0,0,-3.00113,1.03310,-9.91080,1.161138,1.221858,0.041545,61.029,-16.654,8.888,18.5842,4.5190,-602.3062,-666.9078,-3114.6152,-21758.5273,0.0482430,0.4172291,-0.0049360,0.000000,0.000000,0.000000,0.00000,0.00000,0.000,0.000,0.000,0.000,0.000,-6.0000,0.0000,0.0000,6.0000,95.00,95.00,90.00,90.00,1575,1575,2225,1500,0,,,,,,,,0,,,,0
76074,25579,15681,12353,0,0,-1.65200,2.07817,-11.02769,0.447411,1.393366,-0.007457,61.872,-15.534,11.049,18.4401,4.9947,-602.9914,-665.9790,-3114.3772,-21788.7656,0.0482430,0.4172291,-0.0049360,0.000000,0.000000,0.000000,0.00000,0.00000,0.000,0.000,0.000,0.000,0.000,-6.0000,0.0000,0.0000,6.0000,95.00,95.00,90.00,90.00,1575,1575,2225,1500,0,,,,,,,,0,,,,0
76118,27717,15855,12700,0,0,-2.22302,-2.33554,-12.41513,-0.284426,0.337689,-0.029827,61.528,-15.508,11.298,18.3387,5.4143,-603.7457,-665.1774,-3114.1501,-21815.0742,0.0482430,0.4172291,-0.0049360,0.000000,0.000000,0.000000,0.00000,0.00000,0.000,0.000,0.000,0.000,0.000,-6.0000,0.0000,0.0000,6.0000,95.00,95.00,90.00,90.00,1575,1575,2225,1500,0,,,,,,,,0,,,,0
76182,15815,15511,12503,0,0,-2.71024,3.19147,-8.97945,-0.763795,0.112918,0.617853,59.170,-17.718,10.265,18.1913,5.9341,-604.6320,-663.9923,-3113.7827,-21854.2500,0.0482430,0.4172291,-0.0049360,0.000000,0.000000,0.000000,0.00000,0.00000,0.000,0.000,0.000,0.000,0.000,-6.0000,0.0000,0.0000,6.0000,95.00,95.00,90.00,90.00,1575,1575,2225,1500,0,,,,,,,,0,,,,0
76220,17130,15625,12581,0,0,-3.27646,1.26653,-12.56118,-1.075917,0.162985,0.824515,56.723,-19.388,10.828,18.0901,6.3352,-605.1926,-663.3174,-3113.5544,-21876.7480,0.0482430,0.4172291,-0.0049360,0.000000,0.000000,0.000000,0.00000,0.00000,0.000,0.000,0.000,0.000,0.000,-6.0000,0.0000,0.0000,6.0000,95.00,95.00,90.00,90.00,1575,1575,2225,1500,0,,,,,,,,0,,,,0
76279,15811,15144,12151,0,0,-2.91614,2.04345,-10.86249,-1.162203,-0.278034,0.741424,52.580,-23.093,9.964,17.9353,6.8961,-606.1671,-662.2418,-3113.1589,-21912.9297,0.0482430,0.4172291,-0.0049360,0.000000,0.000000,0.000000,0.00000,0.00000,0.000,0.000,0.000,0.000,0.000,-6.0000,0.0000,0.0000,6.0000,95.00,95.00,90.00,90.00,1575,1575,2225,1500,0,,,,,,,,0,,,,0
76340,36721,24371,21316,0,0,-1.82558,-0.99958,-9.93235,-0.713727,0.000000,0.243946,50.484,-24.849,9.428,17.9231,7.3046,-607.0448,-661.3088,-3112.7886,-21944.5059,0.0482430,0.4172291,-0.0049360,0.000000,0.000000,0.000000,0.00000,0.00000,0.000,0.000,0.000,0.000,0.000,-6.0000,0.0000,0.0000,6.0000,95.00,95.00,90.00,90.00,1575,1575,2225,1500,0,,,,,,,,0,,,,0
76373,33898,23109,12826,0,0,-0.81044,1.61728,-10.03889,-0.320645,-0.960869,0.384560,50.540,-27.135,7.665,17.9378,7.6069,-607.5446,-660.7010,-3112.5359,-21965.0918,0.0482430,0.4172291,-0.0049360,0.000000,0.000000,0.000000,0.00000,0.00000,0.000,0.000,0.000,0.000,0.000,-6.0000,0.0000,0.0000,6.0000,95.00,95.00,90.00,90.00,1575,1575,2225,1500,0,,,,,,,,0,,,,0
76426,16888,16069,13060,0,0,-0.76375,1.36230,-8.84179,0.002131,-0.214118,-0.012783,51.900,-29.634,4.919,17.9843,8.0741,-608.4376,-659.6104,-3112.0601,-22002.0176,0.0482430,0.4172291,-0.0049360,0.000000,0.000000,0.000000,0.00000,0.00000,0.000,0.000,0.000,0.000,0.000,-6.0000,0.0000,0.0000,6.0000,95.00,95.00,90.00,90.00,1575,1575,2225,1500,0,,,,,,,,0,,,,0
76472,28723,15744,12688,0,0,-3.18429,2.11049,-8.17261,0.165116,-0.274838,-0.074569,53.055,-30.557,3.256,17.9142,8.4246,-609.0551,-658.7934,-3111.6846,-22029.7266,0.0482430,0.4172291,-0.0049360,0.000000,0.000000,0.000000,0.00000,0.00000,0.000,0.000,0.000,0.000,0.000,-6.0000,0.0000,0.0000,6.0000,95.00,95.00,90.00,90.00,1575,1575,2225,1500,0,,,,,,,,0,,,,0
