ms,control_dt_us,control_exec_us,esekf_us,missed,log_dropped,ax,ay,az,gx,gy,gz,roll_deg,pitch_deg,yaw_deg,vn,ve,vu,pn,pe,pu,bgx,bgy,bgz,bax,bay,baz,s_roll,s_pitch,u_diff_deg,u_sym_deg,u_tail_deg,left_inc_deg,right_inc_deg,b00,b01,b10,b11,left_deg,right_deg,morph_deg,tail_deg,left_pwm,right_pwm,morph_pwm,tail_pwm,gps_fix,gps_sats,gps_lat_deg,gps_lon_deg,gps_alt_m,gps_vn,gps_ve,gps_vd,gps_fix_type,gps_hacc_m,gps_vacc_m,gps_sacc_mps,gps_origin_set
32,12502,19078,14423,0,0,-0.29449,2.62764,9.47386,-0.004261,-0.009587,-0.011718,15.508,1.737,-0.034,0.0000,-0.0000,0.0004,0.0000,-0.0000,0.0000,-0.0056684,-0.0087990,-0.0108486,0.000000,0.000000,0.000000,0.00000,0.00000,0.000,0.000,0.000,0.000,0.000,-6.0000,0.0000,0.0000,6.0000,95.00,95.00,90.00,90.00,65535,65535,65535,1500,1,14,40.4365023,-86.8936775,159.213,0.020,0.000,-0.030,3,0.37,0.51,0.08,0
67,19367,34392,26365,0,0,-0.28730,2.63482,9.47745,-0.005326,-0.008522,-0.010653,15.521,1.708,-0.041,0.0001,0.0000,0.0010,0.0000,-0.0000,0.0000,-0.0056716,-0.0087917,-0.0108486,0.000000,0.000000,0.000000,0.00000,0.00000,0.000,0.000,0.000,0.000,0.000,-6.0000,0.0000,0.0000,6.0000,95.00,95.00,90.00,90.00,65535,65535,65535,1500,1,14,40.4365023,-86.8936775,159.213,0.020,0.000,-0.030,3,0.37,0.51,0.08,0
96,34613,29001,20947,0,0,-0.30047,2.63841,9.46907,-0.005326,-0.009587,-0.010653,15.537,1.720,-0.038,-0.0000,0.0001,0.0020,0.0000,0.0000,0.0001,-0.0056868,-0.0088056,-0.0108486,0.000000,0.000000,0.000000,0.00000,0.00000,0.000,0.000,0.000,0.000,0.000,-6.0000,0.0000,0.0000,6.0000,95.00,95.00,90.00,90.00,65535,65535,65535,1500,1,14,40.4365023,-86.8936775,159.213,0.020,0.000,-0.030,3,0.37,0.51,0.08,0
126,29205,29525,26504,0,0,-0.32202,2.63362,9.46667,-0.006392,-0.009587,-0.010653,15.539,1.756,-0.027,-0.0002,0.0001,0.0027,0.0000,0.0000,0.0001,-0.0056916,-0.0088788,-0.0108486,0.000000,0.000000,0.000000,0.00000,0.00000,0.000,0.000,0.000,0.000,0.000,-6.0000,0.0000,0.0000,6.0000,95.00,95.00,90.00,90.00,65535,65535,65535,1500,1,14,40.4365023,-86.8936775,159.213,0.020,0.000,-0.030,3,0.37,0.51,0.08,0
156,30358,29116,26103,0,0,-0.31963,2.62405,9.47026,-0.006392,-0.009587,-0.011718,15.528,1.776,-0.023,-0.0003,0.0001,0.0035,0.0000,0.0000,0.0002,-0.0056604,-0.0089450,-0.0108486,0.000000,0.000000,0.000000,0.00000,0.00000,0.000,0.000,0.000,0.000,0.000,-6.0000,0.0000,0.0000,6.0000,95.00,95.00,90.00,90.00,65535,65535,65535,1500,1,14,40.4365023,-86.8936775,159.210,0.020,0.000,-0.030,3,0.37,0.51,0.08,0
179,29385,23090,15019,0,0,-0.30526,2.61926,9.47505,-0.006392,-0.009587,-0.010653,15.514,1.776,-0.023,-0.0003,0.0000,0.0043,0.0000,0.0000,0.0003,-0.0056043,-0.0089477,-0.0108486,0.000000,0.000000,0.000000,0.00000,0.00000,0.000,0.000,0.000,0.000,0.000,-6.0000,0.0000,0.0000,6.0000,95.00,95.00,90.00,90.00,65535,65535,65535,1500,1,14,40.4365023,-86.8936775,159.210,0.020,0.010,0.000,3,0.37,0.51,0.06,0
208,23303,29049,21084,0,0,-0.30646,2.62644,9.47266,-0.005326,-0.008522,-0.010653,15.512,1.778,-0.022,-0.0003,0.0000,0.0050,0.0000,0.0000,0.0005,-0.0055895,-0.0089558,-0.0108486,0.000000,0.000000,0.000000,0.00000,0.00000,0.000,0.000,0.000,0.000,0.000,-6.0000,0.0000,0.0000,6.0000,95.00,95.00,90.00,90.00,65535,65535,65535,1500,1,14,40.4365023,-86.8936775,159.210,0.020,0.010,0.000,3,0.37,0.51,0.06,0
245,48073,17805,14824,0,0,-0.31005,2.63721,9.46907,-0.006392,-0.009587,-0.011718,15.517,1.780,-0.024,-0.0004,0.0002,0.0063,-0.0000,0.0000,0.0007,-0.0056509,-0.0089904,-0.0108486,0.000000,0.000000,0.000000,0.00000,0.00000,0.000,0.000,0.000,0.000,0.000,-6.0000,0.0000,0.0000,6.0000,95.00,95.00,90.00,90.00,65535,65535,65535,1500,1,14,40.4365023,-86.8936775,159.210,0.020,0.010,0.000,3,0.37,0.51,0.06,0
275,18089,29091,21062,0,0,-0.30526,2.63362,9.46548,-0.005326,-0.008522,-0.010653,15.521,1.781,-0.024,-0.0004,0.0002,0.0067,-0.0000,0.0000,0.0008,-0.0056872,-0.0089889,-0.0108486,0.000000,0.000000,0.000000,0.00000,0.00000,0.000,0.000,0.000,0.000,0.000,-6.0000,0.0000,0.0000,6.0000,95.00,95.00,90.00,90.00,65535,65535,65535,1500,1,14,40.4365023,-86.8936775,159.210,0.020,0.010,0.000,3,0.37,0.51,0.06,0
298,29315,23604,15551,0,0,-0.31005,2.62524,9.47386,-0.006392,-0.009587,-0.010653,15.516,1.783,-0.023,-0.0005,0.0001,0.0076,-0.0000,0.0000,0.0011,-0.0056466,-0.0090234,-0.0108486,0.000000,0.000000,0.000000,0.00000,0.00000,0.000,0.000,0.000,0.000,0.000,-6.0000,0.0000,0.0000,6.0000,95.00,95.00,90.00,90.00,65535,65535,65535,1500,1,14,40.4365023,-86.8936775,159.210,0.020,0.010,0.000,3,0.37,0.51,0.06,0
337,24445,37835,29788,0,0,-0.31005,2.62764,9.47146,-0.005326,-0.008522,-0.010653,15.516,1.786,-0.022,-0.0005,0.0001,0.0083,-0.0000,0.0000,0.0012,-0.0056312,-0.0090553,-0.0108486,0.000000,0.000000,0.000000,0.00000,0.00000,0.000,0.000,0.000,0.000,0.000,-6.0000,0.0000,0.0000,6.0000,95.00,95.00,90.00,90.00,65535,65535,65535,1500,1,14,40.4365023,-86.8936776,159.204,-0.008,-0.022,0.022,3,0.37,0.51,0.07,0
373,38202,35593,27602,0,0,-0.31005,2.62644,9.47026,-0.006392,-0.008522,-0.010653,15.512,1.789,-0.020,-0.0005,0.0001,0.0093,-0.0000,0.0001,0.0016,-0.0056107,-0.0090867,-0.0108486,0.000000,0.000000,0.000000,0.00000,0.00000,0.000,0.000,0.000,0.000,0.000,-6.0000,0.0000,0.0000,6.0000,95.00,95.00,90.00,90.00,65535,65535,65535,1500,1,14,40.4365023,-86.8936776,159.204,-0.010,-0.020,0.020,3,0.37,0.51,0.07,0
408,35785,34687,31685,0,0,-0.31244,2.63362,9.46189,-0.006392,-0.008522,-0.010653,15.515,1.793,-0.019,-0.0005,0.0002,0.0100,-0.0000,0.0000,0.0019,-0.0056836,-0.0091413,-0.0108486,0.000000,0.000000,0.000000,0.00000,0.00000,0.000,0.000,0.000,0.000,0.000,-6.0000,0.0000,0.0000,6.0000,95.00,95.00,90.00,90.00,65535,65535,65535,1500,1,14,40.4365023,-86.8936776,159.204,-0.010,-0.020,0.020,3,0.37,0.51,0.07,0
437,34886,28982,25978,0,0,-0.30047,2.63841,9.46548,-0.006392,-0.008522,-0.010653,15.520,1.790,-0.019,-0.0005,0.0003,0.0108,-0.0001,-0.0000,0.0023,-0.0057945,-0.0090642,-0.0108486,0.000000,0.000000,0.000000,0.00000,0.00000,0.000,0.000,0.000,0.000,0.000,-6.0000,0.0000,0.0000,6.0000,95.00,95.00,90.00,90.00,65535,65535,65535,1500,1,14,40.4365023,-86.8936776,159.204,-0.010,-0.020,0.020,3,0.37,0.51,0.07,0
469,42704,17802,14812,0,0,-0.30287,2.62405,9.46667,-0.005326,-0.008522,-0.010653,15.518,1.789,-0.019,-0.0004,0.0002,0.0117,-0.0001,0.0000,0.0028,-0.0057380,-0.0090146,-0.0108486,0.000000,0.000000,0.000000,0.00000,0.00000,0.000,0.000,0.000,0.000,0.000,-6.0000,0.0000,0.0000,6.0000,95.00,95.00,90.00,90.00,65535,65535,65535,1500,1,14,40.4365023,-86.8936776,159.204,-0.010,-0.020,0.020,3,0.37,0.51,0.07,0
499,18078,29779,21830,0,0,-0.31125,2.63003,9.46787,-0.005326,-0.009587,-0.010653,15.519,1.790,-0.019,-0.0004,0.0002,0.0122,-0.0001,0.0000,0.0030,-0.0057488,-0.0090652,-0.0108486,0.000000,0.000000,0.000000,0.00000,0.00000,0.000,0.000,0.000,0.000,0.000,-6.0000,0.0000,0.0000,6.0000,95.00,95.00,90.00,90.00,65535,65535,65535,1500,1,14,40.4365023,-86.8936776,159.204,-0.010,-0.020,0.020,3,0.37,0.51,0.07,0
529,30673,29280,21196,0,0,-0.30885,2.62644,9.46428,-0.005326,-0.008522,-0.010653,15.519,1.792,-0.018,-0.0004,0.0002,0.0128,-0.0001,0.0000,0.0034,-0.0057285,-0.0090846,-0.0108486,0.000000,0.000000,0.000000,0.00000,0.00000,0.000,0.000,0.000,0.000,0.000,-6.0000,0.0000,0.0000,6.0000,95.00,95.00,90.00,90.00,65535,65535,65535,1500,1,14,40.4365023,-86.8936775,159.217,0.010,0.010,-0.010,3,0.37,0.51,0.07,1
558,29507,29005,21003,0,0,-0.31005,2.63123,9.46069,-0.006392,-0.008522,-0.010653,15.520,1.794,-0.017,-0.0004,0.0002,0.0133,-0.0001,0.0000,0.0038,-0.0057773,-0.0091156,-0.0108486,0.000000,0.000000,0.000000,0.00000,0.00000,0.000,0.000,0.000,0.000,0.000,-6.0000,0.0000,0.0000,6.0000,95.00,95.00,90.00,90.00,65535,65535,65535,1500,1,14,40.4365023,-86.8936775,159.217,0.010,0.010,-0.010,3,0.37,0.51,0.07,1
581,29208,22955,19945,0,0,-0.29568,2.64080,9.47266,-0.005326,-0.009587,-0.010653,15.527,1.787,-0.018,-0.0004,0.0002,0.0143,-0.0002,-0.0000,0.0042,-0.0058914,-0.0089711,-0.0108486,0.000000,0.000000,0.000000,0.00000,0.00000,0.000,0.000,0.000,0.000,0.000,-6.0000,0.0000,0.0000,6.0000,95.00,95.00,90.00,90.00,65535,65535,65535,1500,1,14,40.4365023,-86.8936775,159.217,0.010,0.010,-0.010,3,0.37,0.51,0.07,1
610,23149,28211,20233,0,0,-0.30406,2.63602,9.46787,-0.006392,-0.008522,-0.011718,15.529,1.786,-0.020,-0.0004,0.0002,0.0149,-0.0002,-0.0000,0.0045,-0.0059559,-0.0089396,-0.0108486,0.000000,0.000000,0.000000,0.00000,0.00000,0.000,0.000,0.000,0.000,0.000,-6.0000,0.0000,0.0000,6.0000,95.00,95.00,90.00,90.00,65535,65535,65535,1500,1,14,40.4365023,-86.8936775,159.217,0.010,0.010,-0.010,3,0.37,0.51,0.07,1
648,28415,37739,24693,0,0,-0.30765,2.63003,9.46667,-0.005326,-0.008522,-0.010653,15.530,1.788,-0.019,-0.0004,0.0002,0.0155,-0.0002,-0.0000,0.0049,-0.0059487,-0.0089526,-0.0108486,0.000000,0.000000,0.000000,0.00000,0.00000,0.000,0.000,0.000,0.000,0.000,-6.0000,0.0000,0.0000,6.0000,95.00,95.00,90.00,90.00,65535,65535,65535,1500,1,14,40.4365023,-86.8936775,159.217,0.010,0.010,-0.010,3,0.37,0.51,0.07,1
712,72303,29537,26547,0,0,-0.31723,2.62764,9.46189,-0.006392,-0.008522,-0.010653,15.527,1.795,-0.016,-0.0008,0.0001,0.0169,-0.0002,-0.0000,0.0061,-0.0059318,-0.0090917,-0.0108486,0.000000,0.000000,0.000000,0.00000,0.00000,0.000,0.000,0.000,0.000,0.000,-6.0000,0.0000,0.0000,6.0000,95.00,95.00,90.00,90.00,65535,65535,65535,1500,1,14,40.4365023,-86.8936775,159.217,0.010,0.010,-0.010,3,0.37,0.51,0.07,1
755,35567,36893,33833,0,0,-0.31125,2.63003,9.46548,-0.005326,-0.008522,-0.010653,15.528,1.807,-0.045,0.0190,-0.0095,0.0199,0.0114,-0.0080,0.0069,-0.0059314,-0.0091327,-0.0108333,-0.001008,0.000458,-0.000287,0.00000,0.00000,0.000,0.000,0.000,0.000,0.000,-6.0000,0.0000,0.0000,6.0000,95.00,95.00,90.00,90.00,65535,65535,65535,1500,1,14,40.4365024,-86.8936776,159.223,0.020,-0.010,-0.020,3,0.37,0.51,0.09,1
778,37121,23334,20320,0,0,-0.29209,2.64200,9.46667,-0.005326,-0.008522,-0.010653,15.536,1.798,-0.049,0.0196,-0.0092,0.0209,0.0122,-0.0084,0.0076,-0.0060758,-0.0088949,-0.0108329,-0.001031,0.000443,-0.000284,0.00000,0.00000,0.000,0.000,0.000,0.000,0.000,-6.0000,0.0000,0.0000,6.0000,95.00,95.00,90.00,90.00,65535,65535,65535,1500,1,14,40.4365024,-86.8936776,159.223,0.020,-0.010,-0.020,3,0.37,0.51,0.09,1
808,23536,29461,21426,0,0,-0.29568,2.63841,9.46308,-0.005326,-0.009587,-0.010653,15.541,1.790,-0.051,0.0199,-0.0091,0.0214,0.0126,-0.0086,0.0081,-0.0061663,-0.0087385,-0.0108326,-0.001046,0.000434,-0.000282,0.00000,0.00000,0.000,0.000,0.000,0.000,0.000,-6.0000,0.0000,0.0000,6.0000,95.00,95.00,90.00,90.00,65535,65535,65535,1500,1,14,40.4365024,-86.8936776,159.223,0.020,-0.010,-0.020,3,0.37,0.51,0.09,1
837,29659,29415,21379,0,0,-0.31484,2.63721,9.46069,-0.005326,-0.008522,-0.010653,15.546,1.795,-0.049,0.0198,-0.0090,0.0220,0.0132,-0.0088,0.0088,-0.0062363,-0.0088342,-0.0108327,-0.001038,0.000428,-0.000280,0.00000,0.00000,0.000,0.000,0.000,0.000,0.000,-6.0000,0.0000,0.0000,6.0000,95.00,95.00,90.00,90.00,65535,65535,65535,1500,1,14,40.4365024,-86.8936776,159.223,0.020,-0.010,-0.020,3,0.37,0.51,0.09,1
867,29610,29302,26297,0,0,-0.31843,2.62165,9.46548,-0.006392,-0.008522,-0.011718,15.539,1.801,-0.049,0.0196,-0.0092,0.0226,0.0138,-0.0091,0.0094,-0.0061052,-0.0089591,-0.0108329,-0.001028,0.000438,-0.000283,0.00000,0.00000,0.000,0.000,0.000,0.000,0.000,-6.0000,0.0000,0.0000,6.0000,95.00,95.00,90.00,90.00,65535,65535,65535,1500,1,14,40.4365024,-86.8936776,159.223,0.020,-0.010,-0.020,3,0.37,0.51,0.09,1
906,49555,18559,15542,0,0,-0.30646,2.63242,9.46428,-0.005326,-0.008522,-0.010653,15.542,1.801,-0.048,0.0197,-0.0092,0.0236,0.0148,-0.0096,0.0106,-0.0061094,-0.0089270,-0.0108329,-0.001030,0.000438,-0.000283,0.00000,0.00000,0.000,0.000,0.000,0.000,0.000,-6.0000,0.0000,0.0000,6.0000,95.00,95.00,90.00,90.00,65535,65535,65535,1500,1,14,40.4365024,-86.8936776,159.223,0.020,-0.010,-0.020,3,0.37,0.51,0.09,1
936,24536,24521,21493,0,0,-0.30526,2.63602,9.46667,-0.005326,-0.009587,-0.010653,15.541,1.790,-0.026,0.0135,0.0092,0.0091,0.0127,-0.0033,0.0043,-0.0060715,-0.0088628,-0.0108581,-0.000029,-0.002126,0.003477,0.00000,0.00000,0.000,0.000,0.000,0.000,0.000,-6.0000,0.0000,0.0000,6.0000,95.00,95.00,90.00,90.00,65535,65535,65535,1500,1,14,40.4365024,-86.8936775,159.217,0.010,0.020,0.000,3,0.37,0.51,0.07,1
966,24762,24422,21429,0,0,-0.29928,2.64200,9.46189,-0.005326,-0.008522,-0.010653,15.548,1.786,-0.027,0.0137,0.0094,0.0095,0.0131,-0.0030,0.0045,-0.0061831,-0.0087771,-0.0108575,-0.000045,-0.002150,0.003483,0.00000,0.00000,0.000,0.000,0.000,0.000,0.000,-6.0000,0.0000,0.0000,6.0000,95.00,95.00,90.00,90.00,65535,65535,65535,1500,1,14,40.4365024,-86.8936775,159.217,0.010,0.020,0.000,3,0.37,0.51,0.07,1
1004,29644,38077,30090,0,0,-0.30526,2.63602,9.46907,-0.007457,-0.008522,-0.010653,15.547,1.786,-0.027,0.0137,0.0095,0.0102,0.0135,-0.0028,0.0048,-0.0062028,-0.0087629,-0.0108574,-0.000048,-0.002154,0.003484,0.00000,0.00000,0.000,0.000,0.000,0.000,0.000,-6.0000,0.0000,0.0000,6.0000,95.00,95.00,90.00,90.00,65535,65535,65535,1500,1,14,40.4365024,-86.8936775,159.217,0.010,0.020,0.000,3,0.37,0.51,0.07,1
1040,38271,35853,32817,0,0,-0.32681,2.60250,9.47386,-0.005326,-0.009587,-0.010653,15.530,1.795,-0.022,0.0131,0.0088,0.0110,0.0140,-0.0024,0.0052,-0.0058620,-0.0089826,-0.0108588,-0.000011,-0.002091,0.003468,0.00000,0.00000,0.000,0.000,0.000,0.000,0.000,-6.0000,0.0000,0.0000,6.0000,95.00,95.00,90.00,90.00,65535,65535,65535,1500,1,14,40.4365024,-86.8936775,159.217,0.010,0.020,0.000,3,0.37,0.51,0.07,1
1070,36034,29890,26896,0,0,-0.30885,2.63721,9.46428,-0.004261,-0.009587,-0.010653,15.537,1.794,-0.022,0.0131,0.0091,0.0118,0.0145,-0.0021,0.0057,-0.0059275,-0.0089948,-0.0108588,-0.000009,-0.002103,0.003471,0.00000,0.00000,0.000,0.000,0.000,0.000,0.000,-6.0000,0.0000,0.0000,6.0000,95.00,95.00,90.00,90.00,65535,65535,65535,1500,1,14,40.4365024,-86.8936775,159.217,0.010,0.020,0.000,3,0.37,0.51,0.07,1
1108,49649,18143,15144,0,0,-0.29808,2.64200,9.46428,-0.006392,-0.009587,-0.010653,15.542,1.787,-0.024,0.0134,0.0095,0.0128,0.0151,-0.0017,0.0063,-0.0060371,-0.0088968,-0.0108583,-0.000023,-0.002119,0.003475,0.00000,0.00000,0.000,0.000,0.000,0.000,0.000,-6.0000,0.0000,0.0000,6.0000,95.00,95.00,90.00,90.00,65535,65535,65535,1500,1,14,40.4365024,-86.8936775,159.217,0.010,0.020,0.000,3,0.37,0.51,0.07,1
1139,18413,25246,22236,0,0,-0.29090,2.64679,9.46189,-0.005326,-0.008522,-0.011718,15.551,1.780,-0.028,0.0134,0.0096,0.0132,0.0153,-0.0015,0.0065,-0.0061801,-0.0087424,-0.0108575,-0.000043,-0.002140,0.003480,0.00000,0.00000,0.000,0.000,0.000,0.000,0.000,-6.0000,0.0000,0.0000,6.0000,95.00,95.00,90.00,90.00,65535,65535,65535,1500,1,14,40.4365024,-86.8936775,159.217,0.010,0.020,0.000,3,0.37,0.51,0.07,1
1175,36243,30694,27699,0,0,-0.30646,2.63362,9.46548,-0.008522,-0.008522,-0.010653,15.552,1.743,0.093,-0.0015,0.0037,0.0055,0.0125,-0.0042,0.0016,-0.0062136,-0.0086883,-0.0110218,0.003192,0.000026,0.005443,0.00000,0.00000,0.000,0.000,0.000,0.000,0.000,-6.0000,0.0000,0.0000,6.0000,95.00,95.00,90.00,90.00,65535,65535,65535,1500,1,14,40.4365024,-86.8936776,159.209,-0.010,0.000,0.000,3,0.37,0.51,0.11,1
1205,30928,29429,21462,0,0,-0.33040,2.61088,9.47026,-0.006392,-0.008522,-0.010653,15.539,1.758,0.103,-0.0023,0.0032,0.0060,0.0125,-0.0041,0.0018,-0.0059953,-0.0089777,-0.0110271,0.003304,0.000125,0.005419,0.00000,0.00000,0.000,0.000,0.000,0.000,0.000,-6.0000,0.0000,0.0000,6.0000,95.00,95.00,90.00,90.00,65535,65535,65535,1500,1,14,40.4365024,-86.8936776,159.209,-0.010,0.000,0.000,3,0.37,0.51,0.11,1
1229,29634,23231,15281,0,0,-0.31843,2.62045,9.45829,-0.005326,-0.009587,-0.010653,15.535,1.766,0.108,-0.0028,0.0031,0.0062,0.0124,-0.0040,0.0020,-0.0059125,-0.0091317,-0.0110297,0.003362,0.000161,0.005411,0.00000,0.00000,0.000,0.000,0.000,0.000,0.000,-6.0000,0.0000,0.0000,6.0000,95.00,95.00,90.00,90.00,65535,65535,65535,1500,1,14,40.4365024,-86.8936776,159.209,-0.010,0.000,0.000,3,0.37,0.51,0.11,1
1257,23440,28475,20626,0,0,-0.30047,2.63602,9.46787,-0.005326,-0.009587,-0.010653,15.538,1.764,0.108,-0.0028,0.0032,0.0067,0.0123,-0.0039,0.0021,-0.0059450,-0.0091115,-0.0110293,0.003354,0.000147,0.005414,0.00000,0.00000,0.000,0.000,0.000,0.000,0.000,-6.0000,0.0000,0.0000,6.0000,95.00,95.00,90.00,90.00,65535,65535,65535,1500,1,14,40.4365024,-86.8936776,159.209,-0.010,0.000,0.000,3,0.37,0.51,0.11,1
1287,28673,29541,21500,0,0,-0.29329,2.64559,9.47146,-0.005326,-0.008522,-0.010653,15.545,1.760,0.106,-0.0028,0.0034,0.0075,0.0122,-0.0038,0.0023,-0.0060400,-0.0090319,-0.0110280,0.003328,0.000109,0.005424,0.00000,0.00000,0.000,0.000,0.000,0.000,0.000,-6.0000,0.0000,0.0000,6.0000,95.00,95.00,90.00,90.00,65535,65535,65535,1500,1,14,40.4365024,-86.8936776,159.209,-0.010,0.000,0.000,3,0.37,0.51,0.11,1
1366,65843,42503,39510,0,0,-0.29568,2.64320,9.46548,-0.005326,-0.008522,-0.011718,15.552,1.791,0.001,0.0108,-0.0040,0.0095,0.0136,-0.0059,0.0006,-0.0061608,-0.0090337,-0.0108654,0.000223,0.002349,0.004484,0.00000,0.00000,0.000,0.000,0.000,0.000,0.000,-6.0000,0.0000,0.0000,6.0000,95.00,95.00,90.00,90.00,65535,65535,65535,1500,1,14,40.4365024,-86.8936776,159.209,0.020,-0.010,-0.010,3,0.37,0.51,0.10,1
1399,42747,33089,30078,0,0,-0.33998,2.60250,9.46787,-0.006392,-0.009587,-0.010653,15.535,1.806,0.012,0.0097,-0.0050,0.0100,0.0140,-0.0061,0.0011,-0.0059021,-0.0093086,-0.0108740,0.000370,0.002523,0.004440,0.00000,0.00000,0.000,0.000,0.000,0.000,0.000,-6.0000,0.0000,0.0000,6.0000,95.00,95.00,90.00,90.00,65535,65535,65535,1500,1,14,40.4365024,-86.8936776,159.209,0.020,-0.010,-0.010,3,0.37,0.51,0.10,1
1424,33302,24498,20387,0,0,-0.31364,2.62524,9.47026,-0.004261,-0.009587,-0.010653,15.534,1.807,0.014,0.0096,-0.0052,0.0107,0.0143,-0.0062,0.0014,-0.0058417,-0.0093395,-0.0108750,0.000385,0.002563,0.004429,0.00000,0.00000,0.000,0.000,0.000,0.000,0.000,-6.0000,0.0000,0.0000,6.0000,95.00,95.00,90.00,90.00,65535,65535,65535,1500,1,14,40.4365024,-86.8936776,159.209,0.020,-0.010,-0.010,3,0.37,0.51,0.10,1
1453,24703,29418,21366,0,0,-0.29449,2.64440,9.47505,-0.006392,-0.009587,-0.010653,15.538,1.800,0.010,0.0098,-0.0051,0.0115,0.0146,-0.0064,0.0017,-0.0059213,-0.0092189,-0.0108716,0.000325,0.002514,0.004441,0.00000,0.00000,0.000,0.000,0.000,0.000,0.000,-6.0000,0.0000,0.0000,6.0000,95.00,95.00,90.00,90.00,65535,65535,65535,1500,1,14,40.4365024,-86.8936776,159.209,0.020,-0.010,-0.010,3,0.37,0.51,0.10,1
1483,29620,29385,26338,0,0,-0.29329,2.63961,9.47745,-0.006392,-0.008522,-0.010653,15.540,1.793,0.006,0.0100,-0.0051,0.0124,0.0148,-0.0065,0.0020,-0.0059536,-0.0091018,-0.0108685,0.000269,0.002496,0.004444,0.00000,0.00000,0.000,0.000,0.000,0.000,0.000,-6.0000,0.0000,0.0000,6.0000,95.00,95.00,90.00,90.00,65535,65535,65535,1500,1,14,40.4365024,-86.8936776,159.209,0.020,-0.010,-0.010,3,0.37,0.51,0.10,1
1513,29654,29821,21816,0,0,-0.31005,2.62883,9.47386,-0.005326,-0.009587,-0.011718,15.538,1.794,0.005,0.0100,-0.0052,0.0131,0.0151,-0.0067,0.0024,-0.0059143,-0.0091183,-0.0108690,0.000276,0.002519,0.004438,0.00000,0.00000,0.000,0.000,0.000,0.000,0.000,-6.0000,0.0000,0.0000,6.0000,95.00,95.00,90.00,90.00,65535,65535,65535,1500,1,14,40.4365024,-86.8936776,159.209,0.020,-0.010,-0.010,3,0.37,0.51,0.10,1
1558,50470,24055,21059,0,0,-0.32322,2.60729,9.46907,-0.004261,-0.008522,-0.010653,15.535,1.687,0.375,-0.0393,0.0090,0.0350,0.0054,-0.0048,0.0080,-0.0056640,-0.0090412,-0.0115591,0.010822,-0.003748,-0.000116,0.00000,0.00000,0.000,0.000,0.000,0.000,0.000,-6.0000,0.0000,0.0000,6.0000,95.00,95.00,90.00,90.00,65535,65535,65535,1500,1,14,40.4365023,-86.8936776,159.229,-0.070,0.020,-0.050,3,0.37,0.51,0.09,1
1582,24323,23512,15526,0,0,-0.32561,2.61088,9.47026,-0.004261,-0.008522,-0.010653,15.527,1.703,0.389,-0.0402,0.0088,0.0356,0.0044,-0.0046,0.0088,-0.0055215,-0.0092842,-0.0115709,0.010994,-0.003615,-0.000147,0.00000,0.00000,0.000,0.000,0.000,0.000,0.000,-6.0000,0.0000,0.0000,6.0000,95.00,95.00,90.00,90.00,65535,65535,65535,1500,1,14,40.4365023,-86.8936776,159.229,-0.070,0.020,-0.050,3,0.37,0.51,0.09,1
1611,23704,29435,21388,0,0,-0.33040,2.61088,9.47146,-0.003196,-0.009587,-0.010653,15.520,1.719,0.402,-0.0410,0.0086,0.0362,0.0035,-0.0044,0.0097,-0.0053911,-0.0095308,-0.0115827,0.011162,-0.003498,-0.000174,0.00000,0.00000,0.000,0.000,0.000,0.000,0.000,-6.0000,0.0000,0.0000,6.0000,95.00,95.00,90.00,90.00,65535,65535,65535,1500,1,14,40.4365023,-86.8936776,159.229,-0.070,0.020,-0.050,3,0.37,0.51,0.09,1
1641,29644,29400,21368,0,0,-0.28371,2.65876,9.46787,-0.004261,-0.008522,-0.010653,15.536,1.715,0.400,-0.0411,0.0092,0.0371,0.0023,-0.0041,0.0108,-0.0055652,-0.0094589,-0.0115786,0.011119,-0.003655,-0.000132,0.00000,0.00000,0.000,0.000,0.000,0.000,0.000,-6.0000,0.0000,0.0000,6.0000,95.00,95.00,90.00,90.00,65535,65535,65535,1500,1,14,40.4365023,-86.8936776,159.229,-0.070,0.020,-0.050,3,0.37,0.51,0.09,1
1674,29598,33050,30046,0,0,-0.26456,2.68749,9.46907,-0.006392,-0.008522,-0.010653,15.559,1.704,0.393,-0.0409,0.0101,0.0384,0.0010,-0.0039,0.0119,-0.0058860,-0.0092760,-0.0115693,0.011012,-0.003930,-0.000059,0.00000,0.00000,0.000,0.000,0.000,0.000,0.000,-6.0000,0.0000,0.0000,6.0000,95.00,95.00,90.00,90.00,65535,65535,65535,1500,1,14,40.4365023,-86.8936776,159.229,-0.070,0.020,-0.050,3,0.37,0.51,0.09,1
1711,33247,36369,28393,0,0,-0.31723,2.62644,9.47386,-0.007457,-0.008522,-0.011718,15.552,1.715,0.399,-0.0418,0.0101,0.0394,-0.0003,-0.0035,0.0132,-0.0058240,-0.0094204,-0.0115752,0.011098,-0.003882,-0.000070,0.00000,0.00000,0.000,0.000,0.000,0.000,0.000,-6.0000,0.0000,0.0000,6.0000,95.00,95.00,90.00,90.00,65535,65535,65535,1500,1,14,40.4365023,-86.8936776,159.229,-0.070,0.020,-0.050,3,0.37,0.51,0.09,1
1752,37236,40994,33053,0,0,-0.32082,2.62285,9.46907,-0.005326,-0.009587,-0.010653,15.537,1.904,-0.160,0.0353,-0.0123,0.0176,0.0142,-0.0090,0.0070,-0.0058449,-0.0098305,-0.0103645,-0.004121,0.004843,0.003961,0.00000,0.00000,0.000,0.000,0.000,0.000,0.000,-6.0000,0.0000,0.0000,6.0000,95.00,95.00,90.00,90.00,65535,65535,65535,1500,1,14,40.4365025,-86.8936777,159.205,0.090,-0.030,0.000,3,0.37,0.51,0.09,1
1790,60665,18126,15141,0,0,-0.31843,2.60130,9.46907,-0.004261,-0.009587,-0.010653,15.527,1.902,-0.163,0.0360,-0.0141,0.0184,0.0164,-0.0098,0.0081,-0.0056630,-0.0097823,-0.0103630,-0.004167,0.005054,0.003900,0.00000,0.00000,0.000,0.000,0.000,0.000,0.000,-6.0000,0.0000,0.0000,6.0000,95.00,95.00,90.00,90.00,65535,65535,65535,1500,1,14,40.4365025,-86.8936777,159.205,0.090,-0.030,0.000,3,0.37,0.51,0.09,1
1820,23402,24566,21583,0,0,-0.29688,2.63003,9.46907,-0.003196,-0.008522,-0.010653,15.529,1.891,-0.172,0.0365,-0.0142,0.0189,0.0172,-0.0102,0.0085,-0.0056557,-0.0096162,-0.0103535,-0.004295,0.005069,0.003892,0.00000,0.00000,0.000,0.000,0.000,0.000,0.000,-6.0000,0.0000,0.0000,6.0000,95.00,95.00,90.00,90.00,65535,65535,65535,1500,1,14,40.4365025,-86.8936777,159.205,0.090,-0.030,0.000,3,0.37,0.51,0.09,1
1850,24780,29515,21449,0,0,-0.26815,2.66475,9.47266,-0.007457,-0.008522,-0.011718,15.541,1.870,-0.190,0.0374,-0.0139,0.0197,0.0181,-0.0105,0.0090,-0.0058259,-0.0093101,-0.0103351,-0.004515,0.004898,0.003932,0.00000,0.00000,0.000,0.000,0.000,0.000,0.000,-6.0000,0.0000,0.0000,6.0000,95.00,95.00,90.00,90.00,65535,65535,65535,1500,1,14,40.4365025,-86.8936777,159.205,0.090,-0.030,0.000,3,0.37,0.51,0.09,1
1873,29721,23379,15390,0,0,-0.29568,2.64679,9.47146,-0.007457,-0.008522,-0.011718,15.544,1.862,-0.199,0.0379,-0.0138,0.0205,0.0192,-0.0110,0.0096,-0.0058926,-0.0091761,-0.0103276,-0.004608,0.004834,0.003947,0.00000,0.00000,0.000,0.000,0.000,0.000,0.000,-6.0000,0.0000,0.0000,6.0000,95.00,95.00,90.00,90.00,65535,65535,65535,1500,1,14,40.4365025,-86.8936777,159.205,0.090,-0.030,0.000,3,0.37,0.51,0.09,1
1903,23585,29011,21058,0,0,-0.32561,2.59412,9.47984,-0.006392,-0.008522,-0.011718,15.525,1.865,-0.199,0.0380,-0.0142,0.0210,0.0201,-0.0112,0.0101,-0.0056874,-0.0092059,-0.0103307,-0.004597,0.005038,0.003891,0.00000,0.00000,0.000,0.000,0.000,0.000,0.000,-6.0000,0.0000,0.0000,6.0000,95.00,95.00,90.00,90.00,65535,65535,65535,1500,1,14,40.4365025,-86.8936777,159.205,0.090,-0.030,0.000,3,0.37,0.51,0.09,1
1939,29756,35579,27565,0,0,-0.30167,2.60968,9.47386,-0.003196,-0.008522,-0.010653,15.517,1.802,-0.022,0.0104,0.0113,0.0065,0.0167,-0.0068,0.0043,-0.0054929,-0.0090343,-0.0107644,0.000316,-0.000806,0.010096,0.00000,0.00000,0.000,0.000,0.000,0.000,0.000,-6.0000,0.0000,0.0000,6.0000,95.00,95.00,90.00,90.00,65535,65535,65535,1500,1,14,40.4365025,-86.8936776,159.198,-0.009,0.031,0.005,3,0.37,0.51,0.10,1
1969,36040,29576,21555,0,0,-0.30646,2.63721,9.47146,-0.005326,-0.008522,-0.010653,15.520,1.801,-0.022,0.0105,0.0116,0.0072,0.0171,-0.0064,0.0045,-0.0055272,-0.0090201,-0.0107630,0.000306,-0.000853,0.010108,0.00000,0.00000,0.000,0.000,0.000,0.000,0.000,-6.0000,0.0000,0.0000,6.0000,95.00,95.00,90.00,90.00,65535,65535,65535,1500,1,14,40.4365025,-86.8936776,159.198,-0.010,0.030,0.010,3,0.37,0.51,0.10,1
2040,69101,31344,28365,0,0,-0.28371,2.66355,9.46667,-0.006392,-0.009587,-0.011718,15.533,1.790,-0.035,0.0119,0.0138,0.0087,0.0179,-0.0055,0.0051,-0.0056941,-0.0088948,-0.0107526,0.000211,-0.001059,0.010162,0.00000,0.00000,0.000,0.000,0.000,0.000,0.000,-6.0000,0.0000,0.0000,6.0000,95.00,95.00,90.00,90.00,65535,65535,65535,1500,1,14,40.4365025,-86.8936776,159.198,-0.010,0.030,0.010,3,0.37,0.51,0.10,1
2069,31606,28990,21057,0,0,-0.30047,2.63242,9.47625,-0.007457,-0.008522,-0.010653,15.529,1.788,-0.036,0.0120,0.0139,0.0095,0.0183,-0.0050,0.0053,-0.0056902,-0.0088614,-0.0107505,0.000183,-0.001052,0.010160,0.00000,0.00000,0.000,0.000,0.000,0.000,0.000,-6.0000,0.0000,0.0000,6.0000,95.00,95.00,90.00,90.00,65535,65535,65535,1500,1,14,40.4365025,-86.8936776,159.198,-0.010,0.030,0.010,3,0.37,0.51,0.10,1
2099,29206,29432,21552,0,0,-0.32561,2.60010,9.48343,-0.005326,-0.008522,-0.010653,15.514,1.796,-0.030,0.0117,0.0135,0.0101,0.0186,-0.0046,0.0056,-0.0055339,-0.0089473,-0.0107574,0.000242,-0.000874,0.010112,0.00000,0.00000,0.000,0.000,0.000,0.000,0.000,-6.0000,0.0000,0.0000,6.0000,95.00,95.00,90.00,90.00,65535,65535,65535,1500,1,14,40.4365025,-86.8936776,159.198,-0.010,0.030,0.010,3,0.37,0.51,0.10,1
2131,29644,31767,28753,0,0,-0.31723,2.63123,9.47266,-0.003196,-0.008522,-0.010653,15.519,1.800,-0.028,0.0116,0.0137,0.0107,0.0190,-0.0042,0.0059,-0.0055381,-0.0089871,-0.0107599,0.000271,-0.000880,0.010115,0.00000,0.00000,0.000,0.000,0.000,0.000,0.000,-6.0000,0.0000,0.0000,6.0000,95.00,95.00,90.00,90.00,65535,65535,65535,1500,1,14,40.4365025,-86.8936776,159.198,-0.010,0.030,0.010,3,0.37,0.51,0.10,1
2167,32677,35234,32228,0,0,-0.31244,2.65996,9.46907,-0.006392,-0.008522,-0.010653,15.528,1.853,-0.188,0.0354,0.0058,0.0284,0.0255,-0.0060,0.0089,-0.0056934,-0.0090619,-0.0103286,-0.003271,0.000105,0.005044,0.00000,0.00000,0.000,0.000,0.000,0.000,0.000,-6.0000,0.0000,0.0000,6.0000,95.00,95.00,90.00,90.00,65535,65535,65535,1500,1,14,40.4365026,-86.8936776,159.218,0.050,0.000,-0.040,3,0.37,0.51,0.10,1
2196,35458,28704,20788,0,0,-0.30047,2.63362,9.47984,-0.006392,-0.009587,-0.011718,15.526,1.846,-0.196,0.0360,0.0058,0.0296,0.0267,-0.0058,0.0099,-0.0056930,-0.0089867,-0.0103212,-0.003346,0.000111,0.005039,0.00000,0.00000,0.000,0.000,0.000,0.000,0.000,-6.0000,0.0000,0.0000,6.0000,95.00,95.00,90.00,90.00,65535,65535,65535,1500,1,14,40.4365026,-86.8936776,159.218,0.050,0.000,-0.040,3,0.37,0.51,0.10,1
2228,42709,18115,15129,0,0,-0.30287,2.61447,9.47505,-0.005326,-0.007457,-0.011718,15.519,1.844,-0.202,0.0366,0.0053,0.0305,0.0283,-0.0055,0.0112,-0.0056200,-0.0089252,-0.0103165,-0.003410,0.000226,0.005005,0.00000,0.00000,0.000,0.000,0.000,0.000,0.000,-6.0000,0.0000,0.0000,6.0000,95.00,95.00,90.00,90.00,65535,65535,65535,1500,1,14,40.4365026,-86.8936776,159.218,0.050,0.000,-0.040,3,0.37,0.51,0.10,1
2258,18367,29485,21452,0,0,-0.30287,2.61926,9.47386,-0.004261,-0.008522,-0.010653,15.516,1.840,-0.206,0.0368,0.0053,0.0309,0.0290,-0.0054,0.0117,-0.0055745,-0.0088700,-0.0103120,-0.003465,0.000298,0.004984,0.00000,0.00000,0.000,0.000,0.000,0.000,0.000,-6.0000,0.0000,0.0000,6.0000,95.00,95.00,90.00,90.00,65535,65535,65535,1500,1,14,40.4365026,-86.8936776,159.218,0.050,0.000,-0.040,3,0.37,0.51,0.10,1
2287,29690,29582,21550,0,0,-0.32322,2.62405,9.46907,-0.003196,-0.009587,-0.010653,15.518,1.842,-0.205,0.0367,0.0052,0.0315,0.0301,-0.0053,0.0127,-0.0055539,-0.0089004,-0.0103150,-0.003440,0.000325,0.004977,0.00000,0.00000,0.000,0.000,0.000,0.000,0.000,-6.0000,0.0000,0.0000,6.0000,95.00,95.00,90.00,90.00,65535,65535,65535,1500,1,14,40.4365026,-86.8936776,159.218,0.050,0.000,-0.040,3,0.37,0.51,0.10,1
2318,29925,29782,21710,0,0,-0.31005,2.66355,9.46548,-0.003196,-0.009587,-0.010653,15.536,1.839,-0.208,0.0369,0.0058,0.0323,0.0312,-0.0051,0.0136,-0.0056813,-0.0088776,-0.0103116,-0.003450,0.000152,0.005025,0.00000,0.00000,0.000,0.000,0.000,0.000,0.000,-6.0000,0.0000,0.0000,6.0000,95.00,95.00,90.00,90.00,65535,65535,65535,1500,1,14,40.4365026,-86.8936776,159.218,0.050,0.000,-0.040,3,0.37,0.51,0.10,1
2364,30560,45785,42779,0,0,-0.27414,2.68270,9.46189,-0.006392,-0.009587,-0.010653,15.558,1.752,0.005,0.0037,0.0198,-0.0028,0.0260,-0.0028,0.0032,-0.0058346,-0.0086461,-0.0109528,0.000936,-0.001135,0.015004,0.00000,0.00000,0.000,0.000,0.000,0.000,0.000,-6.0000,0.0000,0.0000,6.0000,95.00,95.00,90.00,90.00,65535,65535,65535,1500,1,14,40.4365026,-86.8936776,159.188,-0.020,0.030,0.030,3,0.37,0.51,0.11,1
2397,45986,33001,30005,0,0,-0.29928,2.60968,9.48104,-0.006392,-0.008522,-0.011718,15.544,1.752,0.004,0.0037,0.0190,-0.0020,0.0262,-0.0020,0.0031,-0.0057285,-0.0086401,-0.0109536,0.000920,-0.000947,0.014951,0.00000,0.00000,0.000,0.000,0.000,0.000,0.000,-6.0000,0.0000,0.0000,6.0000,95.00,95.00,90.00,90.00,65535,65535,65535,1500,1,14,40.4365026,-86.8936776,159.188,-0.020,0.030,0.030,3,0.37,0.51,0.11,1
2437,54709,18130,15129,0,0,-0.30047,2.61447,9.46548,-0.001065,-0.009587,-0.010653,15.550,1.749,0.004,0.0036,0.0184,-0.0018,0.0264,-0.0009,0.0030,-0.0056524,-0.0086426,-0.0109548,0.000917,-0.000822,0.014916,0.00000,0.00000,0.000,0.000,0.000,0.000,0.000,-6.0000,0.0000,0.0000,6.0000,95.00,95.00,90.00,90.00,65535,65535,65535,1500,1,14,40.4365026,-86.8936776,159.188,-0.020,0.030,0.030,3,0.37,0.51,0.11,1
2467,18408,24482,21501,0,0,-0.29688,2.64320,9.47026,-0.003196,-0.009587,-0.010653,15.556,1.747,0.003,0.0036,0.0186,-0.0015,0.0264,-0.0006,0.0030,-0.0056781,-0.0086311,-0.0109532,0.000909,-0.000862,0.014927,0.00000,0.00000,0.000,0.000,0.000,0.000,0.000,-6.0000,0.0000,0.0000,6.0000,95.00,95.00,90.00,90.00,65535,65535,65535,1500,1,14,40.4365026,-86.8936776,159.188,-0.020,0.030,0.030,3,0.37,0.51,0.11,1
2497,29721,29867,21873,0,0,-0.29449,2.66475,9.45949,-0.007457,-0.008522,-0.010653,15.566,1.745,0.002,0.0036,0.0192,-0.0012,0.0265,-0.0001,0.0029,-0.0057856,-0.0086127,-0.0109499,0.000900,-0.001026,0.014973,0.00000,0.00000,0.000,0.000,0.000,0.000,0.000,-6.0000,0.0000,0.0000,6.0000,95.00,95.00,90.00,90.00,65535,65535,65535,1500,1,14,40.4365026,-86.8936776,159.188,-0.020,0.030,0.030,3,0.37,0.51,0.11,1
2527,30788,29373,21332,0,0,-0.30526,2.62883,9.46787,-0.007457,-0.008522,-0.011718,15.566,1.682,0.214,-0.0274,0.0196,0.0052,0.0205,0.0006,0.0022,-0.0057581,-0.0085673,-0.0116083,0.004747,-0.001800,0.013782,0.00000,0.00000,0.000,0.000,0.000,0.000,0.000,-6.0000,0.0000,0.0000,6.0000,95.00,95.00,90.00,90.00,65535,65535,65535,1500,1,14,40.4365025,-86.8936775,159.200,-0.050,0.020,-0.010,3,0.37,0.51,0.11,1
2557,29607,29477,21482,0,0,-0.29808,2.62045,9.47266,-0.004261,-0.008522,-0.011718,15.561,1.685,0.217,-0.0278,0.0193,0.0056,0.0197,0.0011,0.0023,-0.0056985,-0.0085989,-0.0116139,0.004775,-0.001687,0.013751,0.00000,0.00000,0.000,0.000,0.000,0.000,0.000,-6.0000,0.0000,0.0000,6.0000,95.00,95.00,90.00,90.00,65535,65535,65535,1500,1,14,40.4365025,-86.8936775,159.200,-0.050,0.020,-0.010,3,0.37,0.51,0.11,1
2587,29678,29386,21435,0,0,-0.31244,2.61447,9.47505,-0.003196,-0.007457,-0.010653,15.556,1.694,0.226,-0.0284,0.0190,0.0060,0.0189,0.0017,0.0025,-0.0056212,-0.0086737,-0.0116259,0.004843,-0.001550,0.013715,0.00000,0.00000,0.000,0.000,0.000,0.000,0.000,-6.0000,0.0000,0.0000,6.0000,95.00,95.00,90.00,90.00,65535,65535,65535,1500,1,14,40.4365025,-86.8936775,159.200,-0.050,0.020,-0.010,3,0.37,0.51,0.11,1
2616,29584,29368,26359,0,0,-0.33519,2.60609,9.47266,-0.004261,-0.008522,-0.010653,15.547,1.709,0.240,-0.0295,0.0185,0.0063,0.0180,0.0023,0.0027,-0.0055257,-0.0088154,-0.0116473,0.004969,-0.001393,0.013675,0.00000,0.00000,0.000,0.000,0.000,0.000,0.000,-6.0000,0.0000,0.0000,6.0000,95.00,95.00,90.00,90.00,65535,65535,65535,1500,1,14,40.4365025,-86.8936775,159.200,-0.050,0.020,-0.010,3,0.37,0.51,0.11,1
2654,49259,18131,15150,0,0,-0.28491,2.65397,9.46667,-0.006392,-0.009587,-0.010653,15.552,1.703,0.240,-0.0295,0.0195,0.0071,0.0166,0.0032,0.0030,-0.0055896,-0.0087901,-0.0116432,0.004951,-0.001498,0.013704,0.00000,0.00000,0.000,0.000,0.000,0.000,0.000,-6.0000,0.0000,0.0000,6.0000,95.00,95.00,90.00,90.00,65535,65535,65535,1500,1,14,40.4365025,-86.8936775,159.200,-0.050,0.020,-0.010,3,0.37,0.51,0.11,1
2693,23465,33322,30304,0,0,-0.26576,2.66116,9.45829,-0.005326,-0.009587,-0.010653,15.564,1.693,0.234,-0.0293,0.0199,0.0074,0.0159,0.0036,0.0032,-0.0056752,-0.0087092,-0.0116318,0.004887,-0.001629,0.013738,0.00000,0.00000,0.000,0.000,0.000,0.000,0.000,-6.0000,0.0000,0.0000,6.0000,95.00,95.00,90.00,90.00,65535,65535,65535,1500,1,14,40.4365025,-86.8936775,159.200,-0.050,0.020,-0.010,3,0.37,0.51,0.11,1
2740,34093,46442,41049,0,0,-0.29568,2.62883,9.45949,-0.007457,-0.008522,-0.011718,15.555,1.744,0.081,-0.0064,0.0144,-0.0229,0.0199,0.0028,-0.0071,-0.0056729,-0.0087702,-0.0111285,0.002078,0.001778,0.020014,0.00000,0.00000,0.000,0.000,0.000,0.000,0.000,-6.0000,0.0000,0.0000,6.0000,95.00,95.00,90.00,90.00,65535,65535,65535,1500,1,14,40.4365025,-86.8936775,159.167,0.010,0.010,0.046,3,0.37,0.51,0.10,1
2777,46917,36630,28670,0,0,-0.31723,2.65637,9.46189,-0.007457,-0.008522,-0.010653,15.560,1.750,0.087,-0.0072,0.0154,-0.0226,0.0196,0.0035,-0.0081,-0.0057413,-0.0088249,-0.0111362,0.002143,0.001634,0.020056,0.00000,0.00000,0.000,0.000,0.000,0.000,0.000,-6.0000,0.0000,0.0000,6.0000,95.00,95.00,90.00,90.00,65535,65535,65535,1500,1,14,40.4365025,-86.8936775,159.167,0.010,0.010,0.050,3,0.37,0.51,0.10,1
2812,36822,34522,26503,0,0,-0.32441,2.63721,9.47146,-0.006392,-0.009587,-0.010653,15.559,1.757,0.094,-0.0080,0.0155,-0.0222,0.0193,0.0041,-0.0090,-0.0057417,-0.0088977,-0.0111475,0.002217,0.001625,0.020061,0.00000,0.00000,0.000,0.000,0.000,0.000,0.000,-6.0000,0.0000,0.0000,6.0000,95.00,95.00,90.00,90.00,65535,65535,65535,1500,1,14,40.4365025,-86.8936775,159.167,0.010,0.010,0.050,3,0.37,0.51,0.10,1
2837,34708,24525,21468,0,0,-0.31005,2.63602,9.46428,-0.007457,-0.009587,-0.010653,15.556,1.758,0.097,-0.0083,0.0157,-0.0221,0.0191,0.0046,-0.0097,-0.0057460,-0.0089242,-0.0111514,0.002244,0.001614,0.020065,0.00000,0.00000,0.000,0.000,0.000,0.000,0.000,-6.0000,0.0000,0.0000,6.0000,95.00,95.00,90.00,90.00,65535,65535,65535,1500,1,14,40.4365025,-86.8936775,159.167,0.010,0.010,0.050,3,0.37,0.51,0.10,1
2876,45897,18151,15151,0,0,-0.29568,2.62165,9.47146,-0.007457,-0.009587,-0.010653,15.546,1.754,0.097,-0.0082,0.0154,-0.0218,0.0187,0.0054,-0.0107,-0.0057059,-0.0089077,-0.0111496,0.002225,0.001685,0.020045,0.00000,0.00000,0.000,0.000,0.000,0.000,0.000,-6.0000,0.0000,0.0000,6.0000,95.00,95.00,90.00,90.00,65535,65535,65535,1500,1,14,40.4365025,-86.8936775,159.167,0.010,0.010,0.050,3,0.37,0.51,0.10,1
2907,18423,30127,22093,0,0,-0.29449,2.62644,9.47266,-0.006392,-0.009587,-0.010653,15.542,1.751,0.096,-0.0082,0.0155,-0.0216,0.0185,0.0057,-0.0111,-0.0056826,-0.0088896,-0.0111475,0.002207,0.001726,0.020033,0.00000,0.00000,0.000,0.000,0.000,0.000,0.000,-6.0000,0.0000,0.0000,6.0000,95.00,95.00,90.00,90.00,65535,65535,65535,1500,1,14,40.4365025,-86.8936775,159.167,0.010,0.010,0.050,3,0.37,0.51,0.10,1
2943,31024,30396,27396,0,0,-0.31364,2.63841,9.46069,-0.007457,-0.009587,-0.010653,15.547,1.761,0.081,-0.0035,-0.0051,-0.0149,0.0196,0.0006,-0.0122,-0.0057456,-0.0089368,-0.0110890,0.001521,0.005653,0.017367,0.00000,0.00000,0.000,0.000,0.000,0.000,0.000,-6.0000,0.0000,0.0000,6.0000,95.00,95.00,90.00,90.00,65535,65535,65535,1500,1,14,40.4365025,-86.8936776,159.183,0.000,-0.020,0.010,3,0.37,0.51,0.11,1
2972,35649,29294,21391,0,0,-0.31843,2.61686,9.47026,-0.005326,-0.009587,-0.010653,15.541,1.765,0.086,-0.0040,-0.0057,-0.0147,0.0195,0.0004,-0.0127,-0.0056987,-0.0089821,-0.0110983,0.001567,0.005750,0.017342,0.00000,0.00000,0.000,0.000,0.000,0.000,0.000,-6.0000,0.0000,0.0000,6.0000,95.00,95.00,90.00,90.00,65535,65535,65535,1500,1,14,40.4365025,-86.8936776,159.183,0.000,-0.020,0.010,3,0.37,0.51,0.11,1
2996,29505,23391,15320,0,0,-0.31843,2.62405,9.46548,-0.005326,-0.009587,-0.010653,15.539,1.769,0.091,-0.0044,-0.0059,-0.0146,0.0194,0.0003,-0.0132,-0.0056772,-0.0090247,-0.0111064,0.001611,0.005790,0.017332,0.00000,0.00000,0.000,0.000,0.000,0.000,0.000,-6.0000,0.0000,0.0000,6.0000,95.00,95.00,90.00,90.00,65535,65535,65535,1500,1,14,40.4365025,-86.8936776,159.183,0.000,-0.020,0.010,3,0.37,0.51,0.11,1
3034,23596,38076,30066,0,0,-0.31005,2.63961,9.47146,-0.005326,-0.009587,-0.010653,15.541,1.770,0.093,-0.0046,-0.0058,-0.0143,0.0193,0.0001,-0.0135,-0.0056920,-0.0090416,-0.0111092,0.001630,0.005758,0.017342,0.00000,0.00000,0.000,0.000,0.000,0.000,0.000,-6.0000,0.0000,0.0000,6.0000,95.00,95.00,90.00,90.00,65535,65535,65535,1500,1,14,40.4365025,-86.8936776,159.183,0.000,-0.020,0.010,3,0.37,0.51,0.11,1
3070,38275,35641,27744,0,0,-0.28730,2.63961,9.46548,-0.006392,-0.008522,-0.010653,15.543,1.765,0.090,-0.0042,-0.0056,-0.0141,0.0191,-0.0001,-0.0141,-0.0057106,-0.0089993,-0.0111018,0.001590,0.005727,0.017349,0.00000,0.00000,0.000,0.000,0.000,0.000,0.000,-6.0000,0.0000,0.0000,6.0000,95.00,95.00,90.00,90.00,65535,65535,65535,1500,1,14,40.4365025,-86.8936776,159.183,0.000,-0.020,0.010,3,0.37,0.51,0.11,1
3115,62288,18597,15606,0,0,-0.29928,2.63003,9.46308,-0.008522,-0.008522,-0.010653,15.532,1.765,0.092,-0.0042,-0.0057,-0.0140,0.0188,-0.0004,-0.0149,-0.0057103,-0.0089897,-0.0111004,0.001580,0.005729,0.017348,0.00000,0.00000,0.000,0.000,0.000,0.000,0.000,-6.0000,0.0000,0.0000,6.0000,95.00,95.00,90.00,90.00,65535,65535,65535,1500,1,14,40.4365025,-86.8936776,159.183,0.000,-0.020,0.010,3,0.37,0.51,0.11,1
3151,19370,35013,27075,0,0,-0.32082,2.60968,9.46548,-0.007457,-0.008522,-0.011718,15.533,1.793,0.032,0.0102,-0.0502,-0.0181,0.0229,-0.0117,-0.0180,-0.0057417,-0.0090598,-0.0108820,-0.000239,0.014970,0.015609,0.00000,0.00000,0.000,0.000,0.000,0.000,0.000,-6.0000,0.0000,0.0000,6.0000,95.00,95.00,90.00,90.00,65535,65535,65535,1500,1,14,40.4365026,-86.8936778,159.176,0.020,-0.082,0.021,3,0.37,0.51,0.10,1
3175,40569,18517,15501,0,0,-0.32561,2.62644,9.46907,-0.006392,-0.008522,-0.010653,15.530,1.800,0.037,0.0096,-0.0507,-0.0178,0.0233,-0.0138,-0.0187,-0.0057293,-0.0091042,-0.0108916,-0.000190,0.014992,0.015605,0.00000,0.00000,0.000,0.000,0.000,0.000,0.000,-6.0000,0.0000,0.0000,6.0000,95.00,95.00,90.00,90.00,65535,65535,65535,1500,1,14,40.4365026,-86.8936778,159.176,0.020,-0.080,0.020,3,0.37,0.51,0.09,1
3205,18731,29456,21449,0,0,-0.32082,2.62644,9.46787,-0.006392,-0.008522,-0.010653,15.527,1.805,0.041,0.0094,-0.0510,-0.0178,0.0235,-0.0148,-0.0190,-0.0057191,-0.0091330,-0.0108977,-0.000159,0.015011,0.015601,0.00000,0.00000,0.000,0.000,0.000,0.000,0.000,-6.0000,0.0000,0.0000,6.0000,95.00,95.00,90.00,90.00,65535,65535,65535,1500,1,14,40.4365026,-86.8936778,159.176,0.020,-0.080,0.020,3,0.37,0.51,0.09,1
3235,29658,29483,21490,0,0,-0.00718,2.62165,9.46428,-0.004261,-0.008522,-0.010653,15.525,1.709,-0.035,0.0157,-0.0514,-0.0180,0.0239,-0.0163,-0.0196,-0.0057003,-0.0084162,-0.0107555,-0.000919,0.015143,0.015539,0.00000,0.00000,0.000,0.000,0.000,0.000,0.000,-6.0000,0.0000,0.0000,6.0000,95.00,95.00,90.00,90.00,65535,65535,65535,1500,1,14,40.4365026,-86.8936778,159.176,0.020,-0.080,0.020,3,0.37,0.51,0.09,1
3264,29687,29493,21440,0,0,-0.27174,2.66594,9.46428,-0.005326,-0.008522,-0.010653,15.538,1.702,-0.041,0.0162,-0.0510,-0.0177,0.0243,-0.0178,-0.0201,-0.0057826,-0.0083661,-0.0107440,-0.000960,0.014980,0.015583,0.00000,0.00000,0.000,0.000,0.000,0.000,0.000,-6.0000,0.0000,0.0000,6.0000,95.00,95.00,90.00,90.00,65535,65535,65535,1500,1,14,40.4365026,-86.8936778,159.176,0.020,-0.080,0.020,3,0.37,0.51,0.09,1
3294,29695,29156,26091,0,0,-0.31244,2.62165,9.47146,-0.009587,-0.007457,-0.010653,15.528,1.710,-0.035,0.0158,-0.0515,-0.0175,0.0248,-0.0193,-0.0206,-0.0057591,-0.0084124,-0.0107528,-0.000916,0.015021,0.015573,0.00000,0.00000,0.000,0.000,0.000,0.000,0.000,-6.0000,0.0000,0.0000,6.0000,95.00,95.00,90.00,90.00,65535,65535,65535,1500,1,14,40.4365026,-86.8936778,159.176,0.020,-0.080,0.020,3,0.37,0.51,0.09,1
3333,44012,24088,21086,0,0,-0.28850,2.64559,9.46189,-0.007457,-0.007457,-0.009587,15.514,1.713,-0.050,0.0127,0.0062,-0.0302,0.0254,-0.0092,-0.0266,-0.0056992,-0.0083942,-0.0106878,-0.000067,0.004642,0.021197,0.00000,0.00000,0.000,0.000,0.000,0.000,0.000,-6.0000,0.0000,0.0000,6.0000,95.00,95.00,90.00,90.00,65535,65535,65535,1500,1,14,40.4365026,-86.8936777,159.159,0.010,0.050,0.040,3,0.37,0.51,0.10,1
3371,24349,38083,30131,0,0,-0.28611,2.66714,9.46667,-0.009587,-0.006392,-0.010653,15.523,1.713,-0.052,0.0128,0.0069,-0.0299,0.0257,-0.0090,-0.0274,-0.0057852,-0.0083752,-0.0106804,-0.000074,0.004436,0.021254,0.00000,0.00000,0.000,0.000,0.000,0.000,0.000,-6.0000,0.0000,0.0000,6.0000,95.00,95.00,90.00,90.00,65535,65535,65535,1500,1,14,40.4365026,-86.8936777,159.159,0.010,0.050,0.040,3,0.37,0.51,0.10,1
3407,38279,35991,28026,0,0,-0.37589,2.60130,9.45949,-0.005326,-0.009587,-0.010653,15.515,1.737,-0.031,0.0103,0.0062,-0.0304,0.0261,-0.0088,-0.0285,-0.0057289,-0.0085591,-0.0107235,0.000122,0.004540,0.021231,0.00000,0.00000,0.000,0.000,0.000,0.000,0.000,-6.0000,0.0000,0.0000,6.0000,95.00,95.00,90.00,90.00,65535,65535,65535,1500,1,14,40.4365026,-86.8936777,159.159,0.010,0.050,0.040,3,0.37,0.51,0.10,1
3440,36184,32963,29974,0,0,-0.19513,2.79403,9.47984,-0.006392,-0.009587,-0.009587,15.571,1.702,-0.058,0.0131,0.0104,-0.0284,0.0265,-0.0085,-0.0296,-0.0060706,-0.0083314,-0.0106654,-0.000073,0.003821,0.021425,0.00000,0.00000,0.000,0.000,0.000,0.000,0.000,-6.0000,0.0000,0.0000,6.0000,95.00,95.00,90.00,90.00,65535,65535,65535,1500,1,14,40.4365026,-86.8936777,159.159,0.010,0.050,0.040,3,0.37,0.51,0.10,1
3477,33151,31125,28143,0,0,-0.23104,2.77488,9.45231,-0.023436,-0.005326,-0.010653,15.590,1.688,-0.073,0.0145,0.0135,-0.0276,0.0270,-0.0081,-0.0305,-0.0063761,-0.0081957,-0.0106322,-0.000186,0.003198,0.021595,0.00000,0.00000,0.000,0.000,0.000,0.000,0.000,-6.0000,0.0000,0.0000,6.0000,95.00,95.00,90.00,90.00,65535,65535,65535,1500,1,14,40.4365026,-86.8936777,159.159,0.010,0.050,0.040,3,0.37,0.51,0.10,1
3507,36322,30247,26065,0,0,-0.32441,2.63602,9.45949,0.018109,-0.017044,-0.011718,15.637,1.683,-0.070,0.0136,0.0133,-0.0277,0.0275,-0.0077,-0.0315,-0.0063504,-0.0082774,-0.0106503,-0.000118,0.003238,0.021586,0.00000,0.00000,0.000,0.000,0.000,0.000,0.000,-6.0000,0.0000,0.0000,6.0000,95.00,95.00,90.00,90.00,65535,65535,65535,1500,1,14,40.4365026,-86.8936777,159.159,0.010,0.050,0.040,3,0.37,0.51,0.10,1
3558,56693,24103,21091,0,0,-0.33040,2.59292,9.47386,-0.009587,-0.007457,-0.010653,15.611,1.655,0.084,-0.0076,0.0045,-0.0349,0.0246,-0.0090,-0.0365,-0.0062405,-0.0083429,-0.0111907,0.001010,0.004784,0.022648,0.00000,0.00000,0.000,0.000,0.000,0.000,0.000,-6.0000,0.0000,0.0000,6.0000,95.00,95.00,90.00,90.00,65535,65535,65535,1500,1,14,40.4365026,-86.8936777,159.156,-0.020,0.000,0.040,3,0.37,0.51,0.10,1
3588,24370,30558,22597,0,0,-0.33639,2.60489,9.47505,-0.010653,-0.007457,-0.009587,15.591,1.672,0.102,-0.0086,0.0038,-0.0349,0.0243,-0.0090,-0.0373,-0.0061560,-0.0084540,-0.0112238,0.001119,0.004980,0.022596,0.00000,0.00000,0.000,0.000,0.000,0.000,0.000,-6.0000,0.0000,0.0000,6.0000,95.00,95.00,90.00,90.00,65535,65535,65535,1500,1,14,40.4365026,-86.8936777,159.156,-0.020,0.000,0.040,3,0.37,0.51,0.10,1
3618,30768,29412,21337,0,0,-0.27892,2.65637,9.46069,-0.006392,-0.008522,-0.010653,15.596,1.669,0.101,-0.0084,0.0042,-0.0349,0.0241,-0.0088,-0.0384,-0.0061893,-0.0084378,-0.0112187,0.001106,0.004902,0.022618,0.00000,0.00000,0.000,0.000,0.000,0.000,0.000,-6.0000,0.0000,0.0000,6.0000,95.00,95.00,90.00,90.00,65535,65535,65535,1500,1,14,40.4365026,-86.8936777,159.156,-0.020,0.000,0.040,3,0.37,0.51,0.10,1
3642,29614,23345,20332,0,0,-0.25259,2.68151,9.46189,-0.006392,-0.008522,-0.010653,15.610,1.658,0.092,-0.0078,0.0051,-0.0346,0.0238,-0.0087,-0.0394,-0.0062686,-0.0083686,-0.0111989,0.001047,0.004728,0.022665,0.00000,0.00000,0.000,0.000,0.000,0.000,0.000,-6.0000,0.0000,0.0000,6.0000,95.00,95.00,90.00,90.00,65535,65535,65535,1500,1,14,40.4365026,-86.8936777,159.156,-0.020,0.000,0.040,3,0.37,0.51,0.10,1
3671,23541,29627,21584,0,0,-0.31364,2.63362,9.46667,-0.010653,-0.007457,-0.010653,15.601,1.668,0.100,-0.0082,0.0050,-0.0346,0.0237,-0.0086,-0.0403,-0.0062490,-0.0084264,-0.0112135,0.001102,0.004763,0.022656,0.00000,0.00000,0.000,0.000,0.000,0.000,0.000,-6.0000,0.0000,0.0000,6.0000,95.00,95.00,90.00,90.00,65535,65535,65535,1500,1,14,40.4365026,-86.8936777,159.156,-0.020,0.000,0.040,3,0.37,0.51,0.10,1
3710,29827,38455,30373,0,0,-0.34477,2.60968,9.46667,-0.006392,-0.008522,-0.011718,15.589,1.686,0.114,-0.0095,0.0044,-0.0347,0.0234,-0.0084,-0.0413,-0.0061859,-0.0085415,-0.0112421,0.001204,0.004883,0.022626,0.00000,0.00000,0.000,0.000,0.000,0.000,0.000,-6.0000,0.0000,0.0000,6.0000,95.00,95.00,90.00,90.00,65535,65535,65535,1500,1,14,40.4365026,-86.8936777,159.156,-0.020,0.000,0.040,3,0.37,0.51,0.10,1
3768,65699,31051,28063,0,0,-0.30287,2.62045,9.47026,-0.005326,-0.008522,-0.010653,15.580,1.694,0.106,-0.0101,0.0188,-0.0320,0.0228,-0.0048,-0.0443,-0.0061192,-0.0085691,-0.0111982,0.001439,0.002152,0.022878,0.00000,0.00000,0.000,0.000,0.000,0.000,0.000,-6.0000,0.0000,0.0000,6.0000,95.00,95.00,90.00,90.00,65535,65535,65535,1500,1,14,40.4365025,-86.8936776,159.153,-0.010,0.030,0.030,3,0.37,0.51,0.11,1
3798,31302,29152,21147,0,0,-0.29808,2.62644,9.46907,-0.003196,-0.009587,-0.010653,15.580,1.694,0.109,-0.0103,0.0185,-0.0319,0.0224,-0.0043,-0.0453,-0.0060912,-0.0085846,-0.0112040,0.001450,0.002222,0.022859,0.00000,0.00000,0.000,0.000,0.000,0.000,0.000,-6.0000,0.0000,0.0000,6.0000,95.00,95.00,90.00,90.00,65535,65535,65535,1500,1,14,40.4365025,-86.8936776,159.153,-0.010,0.030,0.030,3,0.37,0.51,0.11,1
3821,29370,23331,15356,0,0,-0.27174,2.65756,9.46548,-0.003196,-0.009587,-0.010653,15.591,1.687,0.103,-0.0100,0.0190,-0.0318,0.0222,-0.0037,-0.0462,-0.0061238,-0.0085483,-0.0111918,0.001421,0.002148,0.022879,0.00000,0.00000,0.000,0.000,0.000,0.000,0.000,-6.0000,0.0000,0.0000,6.0000,95.00,95.00,90.00,90.00,65535,65535,65535,1500,1,14,40.4365025,-86.8936776,159.153,-0.010,0.030,0.030,3,0.37,0.51,0.11,1
3851,28546,24298,21315,0,0,-0.29568,2.66355,9.46787,-0.007457,-0.008522,-0.011718,15.596,1.689,0.104,-0.0102,0.0195,-0.0315,0.0219,-0.0031,-0.0471,-0.0061641,-0.0085597,-0.0111941,0.001436,0.002049,0.022907,0.00000,0.00000,0.000,0.000,0.000,0.000,0.000,-6.0000,0.0000,0.0000,6.0000,95.00,95.00,90.00,90.00,65535,65535,65535,1500,1,14,40.4365025,-86.8936776,159.153,-0.010,0.030,0.030,3,0.37,0.51,0.11,1
3881,24514,29531,21557,0,0,-0.32920,2.61327,9.45351,-0.005326,-0.008522,-0.010653,15.589,1.701,0.115,-0.0108,0.0193,-0.0319,0.0216,-0.0027,-0.0479,-0.0061180,-0.0086342,-0.0112169,0.001492,0.002143,0.022882,0.00000,0.00000,0.000,0.000,0.000,0.000,0.000,-6.0000,0.0000,0.0000,6.0000,95.00,95.00,90.00,90.00,65535,65535,65535,1500,1,14,40.4365025,-86.8936776,159.153,-0.010,0.030,0.030,3,0.37,0.51,0.11,1
3911,29732,29977,21993,0,0,-0.31244,2.60729,9.45829,-0.004261,-0.009587,-0.009587,15.581,1.705,0.123,-0.0113,0.0188,-0.0322,0.0213,-0.0021,-0.0488,-0.0060614,-0.0086737,-0.0112294,0.001517,0.002261,0.022850,0.00000,0.00000,0.000,0.000,0.000,0.000,0.000,-6.0000,0.0000,0.0000,6.0000,95.00,95.00,90.00,90.00,65535,65535,65535,1500,1,14,40.4365025,-86.8936776,159.153,-0.010,0.030,0.030,3,0.37,0.51,0.11,1
3956,50776,24066,21060,0,0,-0.30765,2.65397,9.46069,-0.007457,-0.008522,-0.009587,15.593,1.704,0.152,-0.0110,-0.0143,-0.0140,0.0211,-0.0094,-0.0462,-0.0061381,-0.0087045,-0.0113095,0.001103,0.007042,0.018093,0.00000,0.00000,0.000,0.000,0.000,0.000,0.000,-6.0000,0.0000,0.0000,6.0000,95.00,95.00,90.00,90.00,65535,65535,65535,1500,1,14,40.4365025,-86.8936777,159.172,-0.010,-0.040,0.000,3,0.37,0.52,0.10,1
3979,24330,23583,15621,0,0,-0.33279,2.61088,9.47146,-0.006392,-0.008522,-0.011718,15.582,1.716,0.164,-0.0118,-0.0149,-0.0139,0.0208,-0.0098,-0.0465,-0.0060823,-0.0087775,-0.0113373,0.001158,0.007177,0.018057,0.00000,0.00000,0.000,0.000,0.000,0.000,0.000,-6.0000,0.0000,0.0000,6.0000,95.00,95.00,90.00,90.00,65535,65535,65535,1500,1,14,40.4365025,-86.8936777,159.172,-0.010,-0.040,0.000,3,0.37,0.52,0.10,1
4009,23795,29415,21482,0,0,-0.27892,2.63003,9.46787,-0.003196,-0.009587,-0.010653,15.582,1.710,0.160,-0.0115,-0.0151,-0.0138,0.0205,-0.0101,-0.0469,-0.0060639,-0.0087508,-0.0113286,0.001134,0.007231,0.018041,0.00000,0.00000,0.000,0.000,0.000,0.000,0.000,-6.0000,0.0000,0.0000,6.0000,95.00,95.00,90.00,90.00,65535,65535,65535,1500,1,14,40.4365025,-86.8936777,159.172,-0.010,-0.040,0.000,3,0.37,0.52,0.10,1
4047,29619,37986,30052,0,0,-0.26935,2.65038,9.46428,-0.004261,-0.007457,-0.010653,15.588,1.705,0.155,-0.0110,-0.0149,-0.0136,0.0202,-0.0106,-0.0473,-0.0060815,-0.0087086,-0.0113136,0.001105,0.007195,0.018050,0.00000,0.00000,0.000,0.000,0.000,0.000,0.000,-6.0000,0.0000,0.0000,6.0000,95.00,95.00,90.00,90.00,65535,65535,65535,1500,1,14,40.4365025,-86.8936777,159.172,-0.010,-0.040,0.000,3,0.37,0.52,0.10,1
4078,38173,30690,27683,0,0,-0.33758,2.61567,9.47026,-0.006392,-0.007457,-0.010653,15.579,1.720,0.169,-0.0124,-0.0157,-0.0134,0.0197,-0.0112,-0.0478,-0.0060378,-0.0087861,-0.0113402,0.001153,0.007284,0.018027,0.00000,0.00000,0.000,0.000,0.000,0.000,0.000,-6.0000,0.0000,0.0000,6.0000,95.00,95.00,90.00,90.00,65535,65535,65535,1500,1,14,40.4365025,-86.8936777,159.172,-0.010,-0.040,0.000,3,0.37,0.52,0.10,1
4116,30864,38131,30186,0,0,-0.31005,2.64918,9.46308,-0.003196,-0.009587,-0.010653,15.588,1.723,0.174,-0.0128,-0.0156,-0.0132,0.0193,-0.0117,-0.0482,-0.0060540,-0.0088120,-0.0113479,0.001172,0.007242,0.018039,0.00000,0.00000,0.000,0.000,0.000,0.000,0.000,-6.0000,0.0000,0.0000,6.0000,95.00,95.00,90.00,90.00,65535,65535,65535,1500,1,14,40.4365025,-86.8936777,159.172,-0.010,-0.040,0.000,3,0.37,0.52,0.10,1
4191,69896,42546,39538,0,0,-0.31843,2.60250,9.46907,-0.007457,-0.008522,-0.011718,15.569,1.762,0.082,0.0003,-0.0307,-0.0172,0.0224,-0.0164,-0.0505,-0.0060061,-0.0088685,-0.0110088,0.000420,0.009847,0.017993,0.00000,0.00000,0.000,0.000,0.000,0.000,0.000,-6.0000,0.0000,0.0000,6.0000,95.00,95.00,90.00,90.00,65535,65535,65535,1500,1,14,40.4365026,-86.8936778,159.159,0.010,-0.040,0.020,3,0.37,0.51,0.10,1
4220,42751,28762,25765,0,0,-0.30885,2.63602,9.47266,-0.004261,-0.009587,-0.010653,15.572,1.762,0.085,0.0001,-0.0310,-0.0167,0.0224,-0.0177,-0.0512,-0.0059992,-0.0088804,-0.0110137,0.000427,0.009862,0.017989,0.00000,0.00000,0.000,0.000,0.000,0.000,0.000,-6.0000,0.0000,0.0000,6.0000,95.00,95.00,90.00,90.00,65535,65535,65535,1500,1,14,40.4365026,-86.8936778,159.159,0.010,-0.040,0.020,3,0.37,0.51,0.10,1
4254,28959,34340,26456,0,0,-0.33160,2.61926,9.46787,-0.006392,-0.008522,-0.010653,15.565,1.771,0.095,-0.0006,-0.0315,-0.0166,0.0224,-0.0186,-0.0517,-0.0059674,-0.0089313,-0.0110340,0.000455,0.009933,0.017970,0.00000,0.00000,0.000,0.000,0.000,0.000,0.000,-6.0000,0.0000,0.0000,6.0000,95.00,95.00,90.00,90.00,65535,65535,65535,1500,1,14,40.4365026,-86.8936778,159.159,0.010,-0.040,0.020,3,0.37,0.51,0.10,1
4285,34550,30755,26517,0,0,-0.31484,2.62764,9.46069,-0.004261,-0.008522,-0.009587,15.565,1.775,0.101,-0.0009,-0.0319,-0.0167,0.0224,-0.0197,-0.0523,-0.0059540,-0.0089504,-0.0110415,0.000464,0.009962,0.017962,0.00000,0.00000,0.000,0.000,0.000,0.000,0.000,-6.0000,0.0000,0.0000,6.0000,95.00,95.00,90.00,90.00,65535,65535,65535,1500,1,14,40.4365026,-86.8936778,159.159,0.010,-0.040,0.020,3,0.37,0.51,0.10,1
4309,30956,23998,20981,0,0,-0.27054,2.64918,9.46308,-0.005326,-0.008522,-0.010653,15.571,1.765,0.092,-0.0002,-0.0318,-0.0166,0.0223,-0.0207,-0.0528,-0.0059750,-0.0088934,-0.0110206,0.000435,0.009924,0.017972,0.00000,0.00000,0.000,0.000,0.000,0.000,0.000,-6.0000,0.0000,0.0000,6.0000,95.00,95.00,90.00,90.00,65535,65535,65535,1500,1,14,40.4365026,-86.8936778,159.159,0.010,-0.040,0.020,3,0.37,0.51,0.10,1
4345,24880,34510,26569,0,0,-0.28252,2.62883,9.46907,-0.006392,-0.008522,-0.010653,15.557,1.767,0.057,0.0002,0.0017,0.0032,0.0230,-0.0147,-0.0483,-0.0059172,-0.0088591,-0.0108996,0.001025,0.003759,0.016243,0.00000,0.00000,0.000,0.000,0.000,0.000,0.000,-6.0000,0.0000,0.0000,6.0000,95.00,95.00,90.00,90.00,65535,65535,65535,1500,1,14,40.4365026,-86.8936778,159.177,0.000,0.030,-0.020,3,0.37,0.52,0.10,1
4384,54539,18955,15136,0,0,-0.33279,2.63961,9.46548,-0.006392,-0.008522,-0.010653,15.557,1.777,0.067,-0.0013,0.0019,0.0037,0.0229,-0.0146,-0.0481,-0.0059247,-0.0089080,-0.0109193,0.001058,0.003727,0.016253,0.00000,0.00000,0.000,0.000,0.000,0.000,0.000,-6.0000,0.0000,0.0000,6.0000,95.00,95.00,90.00,90.00,65535,65535,65535,1500,1,14,40.4365026,-86.8936778,159.177,0.000,0.030,-0.020,3,0.37,0.52,0.10,1
4422,19229,38061,30116,0,0,-0.33878,2.62405,9.46667,-0.006392,-0.008522,-0.011718,15.553,1.788,0.076,-0.0017,0.0018,0.0038,0.0229,-0.0145,-0.0480,-0.0059071,-0.0089624,-0.0109420,0.001087,0.003761,0.016244,0.00000,0.00000,0.000,0.000,0.000,0.000,0.000,-6.0000,0.0000,0.0000,6.0000,95.00,95.00,90.00,90.00,65535,65535,65535,1500,1,14,40.4365026,-86.8936778,159.177,0.000,0.030,-0.020,3,0.37,0.52,0.10,1
4458,38256,35673,27814,0,0,-0.30406,2.63482,9.46428,-0.005326,-0.009587,-0.010653,15.555,1.785,0.075,-0.0017,0.0018,0.0041,0.0228,-0.0145,-0.0479,-0.0059078,-0.0089588,-0.0109406,0.001085,0.003760,0.016244,0.00000,0.00000,0.000,0.000,0.000,0.000,0.000,-6.0000,0.0000,0.0000,6.0000,95.00,95.00,90.00,90.00,65535,65535,65535,1500,1,14,40.4365026,-86.8936778,159.177,0.000,0.030,-0.020,3,0.37,0.52,0.10,1
4488,35880,29573,26397,0,0,-0.27054,2.63961,9.47386,-0.006392,-0.008522,-0.011718,15.554,1.776,0.064,-0.0009,0.0019,0.0046,0.0228,-0.0144,-0.0477,-0.0059120,-0.0089013,-0.0109194,0.001055,0.003762,0.016243,0.00000,0.00000,0.000,0.000,0.000,0.000,0.000,-6.0000,0.0000,0.0000,6.0000,95.00,95.00,90.00,90.00,65535,65535,65535,1500,1,14,40.4365026,-86.8936778,159.177,0.000,0.030,-0.020,3,0.37,0.52,0.10,1
4518,29988,29718,26639,0,0,-0.28611,2.62764,9.47026,-0.006392,-0.008522,-0.011718,15.550,1.771,0.058,-0.0005,0.0018,0.0049,0.0227,-0.0143,-0.0476,-0.0058997,-0.0088721,-0.0109097,0.001037,0.003797,0.016233,0.00000,0.00000,0.000,0.000,0.000,0.000,0.000,-6.0000,0.0000,0.0000,6.0000,95.00,95.00,90.00,90.00,65535,65535,65535,1500,1,14,40.4365026,-86.8936778,159.177,0.000,0.030,-0.020,3,0.37,0.52,0.10,1
4554,35484,30356,27348,0,0,-0.33519,2.61686,9.45351,-0.005326,-0.008522,-0.010653,15.552,1.779,0.078,-0.0006,-0.0166,0.0134,0.0235,-0.0192,-0.0452,-0.0059002,-0.0089226,-0.0109652,0.000796,0.006221,0.014055,0.00000,0.00000,0.000,0.000,0.000,0.000,0.000,-6.0000,0.0000,0.0000,6.0000,95.00,95.00,90.00,90.00,65535,65535,65535,1500,1,14,40.4365026,-86.8936779,159.176,0.000,-0.030,-0.020,3,0.37,0.52,0.10,1
4592,50164,18142,15150,0,0,-0.32681,2.63841,9.44991,-0.003196,-0.009587,-0.008522,15.563,1.782,0.091,-0.0016,-0.0164,0.0131,0.0234,-0.0201,-0.0445,-0.0059108,-0.0089581,-0.0109807,0.000816,0.006182,0.014066,0.00000,0.00000,0.000,0.000,0.000,0.000,0.000,-6.0000,0.0000,0.0000,6.0000,95.00,95.00,90.00,90.00,65535,65535,65535,1500,1,14,40.4365026,-86.8936779,159.176,0.000,-0.030,-0.020,3,0.37,0.52,0.10,1
4621,18420,28767,20771,0,0,-0.29808,2.62405,9.47266,-0.004261,-0.009587,-0.010653,15.560,1.779,0.090,-0.0016,-0.0166,0.0133,0.0234,-0.0204,-0.0443,-0.0058899,-0.0089468,-0.0109767,0.000806,0.006242,0.014049,0.00000,0.00000,0.000,0.000,0.000,0.000,0.000,-6.0000,0.0000,0.0000,6.0000,95.00,95.00,90.00,90.00,65535,65535,65535,1500,1,14,40.4365026,-86.8936779,159.176,0.000,-0.030,-0.020,3,0.37,0.52,0.10,1
4645,28968,23360,15401,0,0,-0.29329,2.63841,9.47505,-0.004261,-0.008522,-0.010653,15.562,1.776,0.087,-0.0014,-0.0167,0.0139,0.0233,-0.0209,-0.0439,-0.0058894,-0.0089287,-0.0109690,0.000798,0.006248,0.014048,0.00000,0.00000,0.000,0.000,0.000,0.000,0.000,-6.0000,0.0000,0.0000,6.0000,95.00,95.00,90.00,90.00,65535,65535,65535,1500,1,14,40.4365026,-86.8936779,159.176,0.000,-0.030,-0.020,3,0.37,0.52,0.10,1
4674,23562,29445,21445,0,0,-0.29928,2.64679,9.47266,-0.006392,-0.008522,-0.010653,15.564,1.775,0.086,-0.0013,-0.0166,0.0143,0.0233,-0.0213,-0.0436,-0.0059017,-0.0089205,-0.0109649,0.000798,0.006219,0.014056,0.00000,0.00000,0.000,0.000,0.000,0.000,0.000,-6.0000,0.0000,0.0000,6.0000,95.00,95.00,90.00,90.00,65535,65535,65535,1500,1,14,40.4365026,-86.8936779,159.176,0.000,-0.030,-0.020,3,0.37,0.52,0.10,1
4704,29643,30030,22040,0,0,-0.30765,2.63721,9.46548,-0.005326,-0.009587,-0.010653,15.565,1.774,0.087,-0.0014,-0.0167,0.0146,0.0233,-0.0217,-0.0431,-0.0059026,-0.0089254,-0.0109669,0.000800,0.006216,0.014057,0.00000,0.00000,0.000,0.000,0.000,0.000,0.000,-6.0000,0.0000,0.0000,6.0000,95.00,95.00,90.00,90.00,65535,65535,65535,1500,1,14,40.4365026,-86.8936779,159.176,0.000,-0.030,-0.020,3,0.37,0.52,0.10,1
4754,30920,48934,41041,0,0,-0.32801,2.61447,9.46428,-0.007457,-0.008522,-0.010653,15.554,1.773,0.121,-0.0065,-0.0077,0.0121,0.0222,-0.0209,-0.0431,-0.0058629,-0.0089548,-0.0110783,0.001028,0.004912,0.014849,0.00000,0.00000,0.000,0.000,0.000,0.000,0.000,-6.0000,0.0000,0.0000,6.0000,95.00,95.00,90.00,90.00,65535,65535,65535,1500,1,14,40.4365025,-86.8936779,159.176,-0.010,0.000,-0.010,3,0.37,0.52,0.10,1
4786,49149,31748,28732,0,0,-0.31244,2.62285,9.46667,-0.004261,-0.009587,-0.010653,15.555,1.773,0.125,-0.0070,-0.0082,0.0124,0.0219,-0.0213,-0.0425,-0.0058450,-0.0089673,-0.0110853,0.001028,0.004960,0.014836,0.00000,0.00000,0.000,0.000,0.000,0.000,0.000,-6.0000,0.0000,0.0000,6.0000,95.00,95.00,90.00,90.00,65535,65535,65535,1500,1,14,40.4365025,-86.8936779,159.176,-0.010,0.000,-0.010,3,0.37,0.52,0.10,1
4841,62010,24903,21925,0,0,-0.28491,2.63602,9.46787,-0.005326,-0.008522,-0.010653,15.556,1.768,0.121,-0.0060,-0.0082,0.0130,0.0215,-0.0218,-0.0418,-0.0058455,-0.0089385,-0.0110724,0.001019,0.004966,0.014833,0.00000,0.00000,0.000,0.000,0.000,0.000,0.000,-6.0000,0.0000,0.0000,6.0000,95.00,95.00,90.00,90.00,65535,65535,65535,1500,1,14,40.4365025,-86.8936779,159.176,-0.010,0.000,-0.010,3,0.37,0.52,0.10,1
4871,25169,29505,21607,0,0,-0.31005,2.63242,9.47026,-0.006392,-0.008522,-0.010653,15.554,1.771,0.124,-0.0062,-0.0083,0.0133,0.0213,-0.0220,-0.0414,-0.0058402,-0.0089479,-0.0110767,0.001021,0.004977,0.014831,0.00000,0.00000,0.000,0.000,0.000,0.000,0.000,-6.0000,0.0000,0.0000,6.0000,95.00,95.00,90.00,90.00,65535,65535,65535,1500,1,14,40.4365025,-86.8936779,159.176,-0.010,0.000,-0.010,3,0.37,0.52,0.10,1
4902,29715,30227,22189,0,0,-0.31484,2.62764,9.46667,-0.006392,-0.008522,-0.011718,15.551,1.775,0.126,-0.0064,-0.0085,0.0135,0.0212,-0.0222,-0.0410,-0.0058303,-0.0089634,-0.0110836,0.001023,0.004997,0.014825,0.00000,0.00000,0.000,0.000,0.000,0.000,0.000,-6.0000,0.0000,0.0000,6.0000,95.00,95.00,90.00,90.00,65535,65535,65535,1500,1,14,40.4365025,-86.8936779,159.176,-0.010,0.000,-0.010,3,0.37,0.52,0.10,1
4938,31127,35350,27419,0,0,-0.32561,2.62764,9.47146,-0.004261,-0.008522,-0.010653,15.544,1.835,-0.044,0.0147,-0.0037,0.0061,0.0260,-0.0220,-0.0423,-0.0058139,-0.0090106,-0.0104809,0.000806,0.004955,0.016074,0.00000,0.00000,0.000,0.000,0.000,0.000,0.000,-6.0000,0.0000,0.0000,6.0000,95.00,95.00,90.00,90.00,65535,65535,65535,1500,1,14,40.4365026,-86.8936779,159.175,0.030,0.000,0.000,3,0.37,0.52,0.09,1
4961,35579,23344,15435,0,0,-0.29449,2.63721,9.45949,-0.005326,-0.008522,-0.010653,15.547,1.830,-0.050,0.0153,-0.0036,0.0061,0.0266,-0.0222,-0.0421,-0.0058216,-0.0089825,-0.0104660,0.000800,0.004941,0.016078,0.00000,0.00000,0.000,0.000,0.000,0.000,0.000,-6.0000,0.0000,0.0000,6.0000,95.00,95.00,90.00,90.00,65535,65535,65535,1500,1,14,40.4365026,-86.8936779,159.175,0.030,0.000,0.000,3,0.37,0.52,0.09,1
4990,23541,28483,20554,0,0,-0.29688,2.63721,9.46667,-0.005326,-0.008522,-0.010653,15.549,1.826,-0.056,0.0155,-0.0035,0.0063,0.0269,-0.0223,-0.0420,-0.0058260,-0.0089592,-0.0104542,0.000796,0.004936,0.016079,0.00000,0.00000,0.000,0.000,0.000,0.000,0.000,-6.0000,0.0000,0.0000,6.0000,95.00,95.00,90.00,90.00,65535,65535,65535,1500,1,14,40.4365026,-86.8936779,159.175,0.030,0.000,0.000,3,0.37,0.52,0.09,1
5030,50391,18124,15124,0,0,-0.30047,2.62524,9.46308,-0.006392,-0.008522,-0.011718,15.544,1.825,-0.063,0.0160,-0.0038,0.0064,0.0277,-0.0224,-0.0417,-0.0058162,-0.0089413,-0.0104465,0.000788,0.004967,0.016070,0.00000,0.00000,0.000,0.000,0.000,0.000,0.000,-6.0000,0.0000,0.0000,6.0000,95.00,95.00,90.00,90.00,65535,65535,65535,1500,1,14,40.4365026,-86.8936779,159.175,0.030,0.000,0.000,3,0.37,0.52,0.09,1
5060,18396,29543,21531,0,0,-0.30406,2.63242,9.46189,-0.005326,-0.009587,-0.010653,15.545,1.822,-0.065,0.0161,-0.0038,0.0065,0.0280,-0.0225,-0.0415,-0.0058167,-0.0089297,-0.0104412,0.000785,0.004969,0.016069,0.00000,0.00000,0.000,0.000,0.000,0.000,0.000,-6.0000,0.0000,0.0000,6.0000,95.00,95.00,90.00,90.00,65535,65535,65535,1500,1,14,40.4365026,-86.8936779,159.175,0.030,0.000,0.000,3,0.37,0.52,0.09,1
5098,29755,38078,30075,0,0,-0.30287,2.63721,9.46308,-0.006392,-0.008522,-0.010653,15.546,1.820,-0.068,0.0162,-0.0038,0.0066,0.0285,-0.0226,-0.0413,-0.0058231,-0.0089169,-0.0104353,0.000784,0.004956,0.016073,0.00000,0.00000,0.000,0.000,0.000,0.000,0.000,-6.0000,0.0000,0.0000,6.0000,95.00,95.00,90.00,90.00,65535,65535,65535,1500,1,14,40.4365026,-86.8936779,159.175,0.030,0.000,0.000,3,0.37,0.52,0.09,1
5135,38279,36216,33192,0,0,-0.32801,2.61806,9.46428,-0.006392,-0.008522,-0.010653,15.540,1.825,-0.064,0.0157,-0.0041,0.0067,0.0291,-0.0228,-0.0411,-0.0058048,-0.0089377,-0.0104448,0.000784,0.004994,0.016062,0.00000,0.00000,0.000,0.000,0.000,0.000,0.000,-6.0000,0.0000,0.0000,6.0000,95.00,95.00,90.00,90.00,65535,65535,65535,1500,1,14,40.4365026,-86.8936779,159.175,0.030,0.000,0.000,3,0.37,0.52,0.09,1
5172,37108,36368,33344,0,0,-0.28730,2.63841,9.46907,-0.005326,-0.009587,-0.010653,15.548,1.748,0.155,-0.0120,-0.0018,0.0088,0.0237,-0.0229,-0.0401,-0.0058084,-0.0088823,-0.0112058,0.000986,0.004185,0.016030,0.00000,0.00000,0.000,0.000,0.000,0.000,0.000,-6.0000,0.0000,0.0000,6.0000,95.00,95.00,90.00,90.00,65535,65535,65535,1500,1,14,40.4365026,-86.8936779,159.183,-0.030,0.000,-0.010,3,0.37,0.52,0.09,1
5202,36590,29365,26301,0,0,-0.29568,2.63242,9.47266,-0.006392,-0.008522,-0.010653,15.546,1.747,0.155,-0.0119,-0.0019,0.0093,0.0232,-0.0230,-0.0398,-0.0058046,-0.0088766,-0.0112030,0.000983,0.004198,0.016026,0.00000,0.00000,0.000,0.000,0.000,0.000,0.000,-6.0000,0.0000,0.0000,6.0000,95.00,95.00,90.00,90.00,65535,65535,65535,1500,1,14,40.4365026,-86.8936779,159.183,-0.030,0.000,-0.010,3,0.37,0.52,0.09,1
5240,49608,18144,15161,0,0,-0.31603,2.63482,9.46667,-0.005326,-0.008522,-0.010653,15.548,1.752,0.162,-0.0127,-0.0018,0.0097,0.0226,-0.0231,-0.0393,-0.0058059,-0.0088979,-0.0112135,0.000988,0.004188,0.016029,0.00000,0.00000,0.000,0.000,0.000,0.000,0.000,-6.0000,0.0000,0.0000,6.0000,95.00,95.00,90.00,90.00,65535,65535,65535,1500,1,14,40.4365026,-86.8936779,159.183,-0.030,0.000,-0.010,3,0.37,0.52,0.09,1
5269,18419,28799,20741,0,0,-0.29688,2.64679,9.46787,-0.005326,-0.008522,-0.010653,15.553,1.751,0.161,-0.0127,-0.0017,0.0099,0.0224,-0.0231,-0.0392,-0.0058211,-0.0088929,-0.0112101,0.000992,0.004148,0.016040,0.00000,0.00000,0.000,0.000,0.000,0.000,0.000,-6.0000,0.0000,0.0000,6.0000,95.00,95.00,90.00,90.00,65535,65535,65535,1500,1,14,40.4365026,-86.8936779,159.183,-0.030,0.000,-0.010,3,0.37,0.52,0.09,1
5293,29013,23736,15747,0,0,-0.31364,2.63003,9.46428,-0.005326,-0.008522,-0.010653,15.552,1.755,0.166,-0.0130,-0.0018,0.0100,0.0220,-0.0232,-0.0389,-0.0058161,-0.0089095,-0.0112181,0.000993,0.004157,0.016038,0.00000,0.00000,0.000,0.000,0.000,0.000,0.000,-6.0000,0.0000,0.0000,6.0000,95.00,95.00,90.00,90.00,65535,65535,65535,1500,1,14,40.4365026,-86.8936779,159.183,-0.030,0.000,-0.010,3,0.37,0.52,0.09,1
5323,24246,29756,21703,0,0,-0.31723,2.62165,9.46787,-0.005326,-0.008522,-0.010653,15.549,1.760,0.171,-0.0132,-0.0020,0.0102,0.0217,-0.0232,-0.0386,-0.0058002,-0.0089292,-0.0112281,0.000991,0.004191,0.016028,0.00000,0.00000,0.000,0.000,0.000,0.000,0.000,-6.0000,0.0000,0.0000,6.0000,95.00,95.00,90.00,90.00,65535,65535,65535,1500,1,14,40.4365026,-86.8936779,159.183,-0.030,0.000,-0.010,3,0.37,0.52,0.09,1
5359,30399,35354,27386,0,0,-0.28491,2.63123,9.46907,-0.005326,-0.009587,-0.010653,15.545,1.788,0.057,0.0005,-0.0009,0.0158,0.0248,-0.0236,-0.0366,-0.0057951,-0.0089184,-0.0108470,0.001017,0.004049,0.015265,0.00000,0.00000,0.000,0.000,0.000,0.000,0.000,-6.0000,0.0000,0.0000,6.0000,95.00,95.00,90.00,90.00,65535,65535,65535,1500,1,14,40.4365026,-86.8936779,159.189,0.010,0.000,-0.020,3,0.37,0.52,0.10,1
5389,35581,29429,21406,0,0,-0.30526,2.64080,9.46787,-0.005326,-0.008522,-0.010653,15.548,1.788,0.057,0.0005,-0.0007,0.0162,0.0248,-0.0236,-0.0361,-0.0058032,-0.0089164,-0.0108454,0.001020,0.004025,0.015272,0.00000,0.00000,0.000,0.000,0.000,0.000,0.000,-6.0000,0.0000,0.0000,6.0000,95.00,95.00,90.00,90.00,65535,65535,65535,1500,1,14,40.4365026,-86.8936779,159.189,0.010,0.000,-0.020,3,0.37,0.52,0.10,1
5427,29636,38104,30066,0,0,-0.30765,2.62405,9.45949,-0.005326,-0.008522,-0.010653,15.546,1.789,0.058,0.0004,-0.0008,0.0162,0.0248,-0.0236,-0.0356,-0.0057941,-0.0089178,-0.0108468,0.001016,0.004051,0.015264,0.00000,0.00000,0.000,0.000,0.000,0.000,0.000,-6.0000,0.0000,0.0000,6.0000,95.00,95.00,90.00,90.00,65535,65535,65535,1500,1,14,40.4365026,-86.8936779,159.189,0.010,0.000,-0.020,3,0.37,0.52,0.10,1
5473,60487,23070,20095,0,0,-0.30406,2.63602,9.45710,-0.005326,-0.008522,-0.010653,15.549,1.789,0.058,0.0005,-0.0006,0.0162,0.0249,-0.0237,-0.0346,-0.0057998,-0.0089144,-0.0108447,0.001018,0.004037,0.015268,0.00000,0.00000,0.000,0.000,0.000,0.000,0.000,-6.0000,0.0000,0.0000,6.0000,95.00,95.00,90.00,90.00,65535,65535,65535,1500,1,14,40.4365026,-86.8936779,159.189,0.010,0.000,-0.020,3,0.37,0.52,0.10,1
5511,23336,38245,30338,0,0,-0.29329,2.63242,9.46548,-0.006392,-0.008522,-0.010653,15.548,1.786,0.055,0.0006,-0.0006,0.0164,0.0249,-0.0237,-0.0342,-0.0057983,-0.0088979,-0.0108369,0.001017,0.004045,0.015266,0.00000,0.00000,0.000,0.000,0.000,0.000,0.000,-6.0000,0.0000,0.0000,6.0000,95.00,95.00,90.00,90.00,65535,65535,65535,1500,1,14,40.4365026,-86.8936779,159.189,0.010,0.000,-0.020,3,0.37,0.52,0.10,1
5556,39134,43676,35685,0,0,-0.29568,2.63721,9.45829,-0.005326,-0.008522,-0.011718,15.548,1.812,-0.042,0.0120,-0.0002,0.0073,0.0281,-0.0245,-0.0360,-0.0058046,-0.0088929,-0.0105278,0.001022,0.004517,0.016465,0.00000,0.00000,0.000,0.000,0.000,0.000,0.000,-6.0000,0.0000,0.0000,6.0000,95.00,95.00,90.00,90.00,65535,65535,65535,1500,1,14,40.4365027,-86.8936780,159.173,0.020,0.000,0.000,3,0.37,0.52,0.09,1
5585,43902,29456,21482,0,0,-0.30406,2.63242,9.46069,-0.006392,-0.007457,-0.011718,15.547,1.814,-0.046,0.0122,-0.0002,0.0073,0.0287,-0.0245,-0.0357,-0.0058052,-0.0088841,-0.0105227,0.001022,0.004519,0.016465,0.00000,0.00000,0.000,0.000,0.000,0.000,0.000,-6.0000,0.0000,0.0000,6.0000,95.00,95.00,90.00,90.00,65535,65535,65535,1500,1,14,40.4365027,-86.8936780,159.173,0.020,0.000,0.000,3,0.37,0.52,0.09,1
5609,29663,23288,20292,0,0,-0.32920,2.62165,9.45949,-0.005326,-0.008522,-0.011718,15.544,1.820,-0.042,0.0118,-0.0004,0.0073,0.0290,-0.0246,-0.0355,-0.0057936,-0.0089057,-0.0105354,0.001017,0.004545,0.016457,0.00000,0.00000,0.000,0.000,0.000,0.000,0.000,-6.0000,0.0000,0.0000,6.0000,95.00,95.00,90.00,90.00,65535,65535,65535,1500,1,14,40.4365027,-86.8936780,159.173,0.020,0.000,0.000,3,0.37,0.52,0.09,1
5638,23487,29365,21431,0,0,-0.32202,2.62165,9.46428,-0.005326,-0.008522,-0.010653,15.541,1.823,-0.039,0.0116,-0.0005,0.0073,0.0293,-0.0246,-0.0353,-0.0057812,-0.0089172,-0.0105424,0.001012,0.004576,0.016449,0.00000,0.00000,0.000,0.000,0.000,0.000,0.000,-6.0000,0.0000,0.0000,6.0000,95.00,95.00,90.00,90.00,65535,65535,65535,1500,1,14,40.4365027,-86.8936780,159.173,0.020,0.000,0.000,3,0.37,0.52,0.09,1
5678,49532,18998,15166,0,0,-0.28730,2.63602,9.47146,-0.006392,-0.008522,-0.011718,15.540,1.818,-0.049,0.0125,-0.0005,0.0079,0.0299,-0.0246,-0.0349,-0.0057839,-0.0088865,-0.0105271,0.001012,0.004578,0.016448,0.00000,0.00000,0.000,0.000,0.000,0.000,0.000,-6.0000,0.0000,0.0000,6.0000,95.00,95.00,90.00,90.00,65535,65535,65535,1500,1,14,40.4365027,-86.8936780,159.173,0.020,0.000,0.000,3,0.37,0.52,0.09,1
5708,19265,30150,22216,0,0,-0.27892,2.63961,9.46428,-0.006392,-0.008522,-0.010653,15.542,1.809,-0.058,0.0128,-0.0004,0.0080,0.0301,-0.0246,-0.0348,-0.0057927,-0.0088485,-0.0105084,0.001015,0.004567,0.016451,0.00000,0.00000,0.000,0.000,0.000,0.000,0.000,-6.0000,0.0000,0.0000,6.0000,95.00,95.00,90.00,90.00,65535,65535,65535,1500,1,14,40.4365027,-86.8936780,159.173,0.020,0.000,0.000,3,0.37,0.52,0.09,1
5744,31051,34892,26991,0,0,-0.30047,2.63242,9.46787,-0.005326,-0.007457,-0.010653,15.549,1.799,-0.025,0.0112,-0.0228,-0.0020,0.0308,-0.0307,-0.0376,-0.0058115,-0.0088361,-0.0106193,0.000599,0.007784,0.017000,0.00000,0.00000,0.000,0.000,0.000,0.000,0.000,-6.0000,0.0000,0.0000,6.0000,95.00,95.00,90.00,90.00,65535,65535,65535,1500,1,14,40.4365027,-86.8936781,159.162,0.010,-0.040,0.010,3,0.37,0.52,0.09,1
5782,35116,38016,30029,0,0,-0.31723,2.62883,9.46667,-0.006392,-0.008522,-0.011718,15.546,1.802,-0.024,0.0109,-0.0230,-0.0018,0.0312,-0.0315,-0.0377,-0.0058061,-0.0088457,-0.0106254,0.000596,0.007797,0.016996,0.00000,0.00000,0.000,0.000,0.000,0.000,0.000,-6.0000,0.0000,0.0000,6.0000,95.00,95.00,90.00,90.00,65535,65535,65535,1500,1,14,40.4365027,-86.8936781,159.162,0.010,-0.040,0.010,3,0.37,0.52,0.09,1
5817,38210,34776,30107,0,0,-0.31484,2.63123,9.46069,-0.006392,-0.008522,-0.010653,15.545,1.804,-0.022,0.0107,-0.0231,-0.0018,0.0316,-0.0324,-0.0378,-0.0058056,-0.0088522,-0.0106290,0.000596,0.007796,0.016997,0.00000,0.00000,0.000,0.000,0.000,0.000,0.000,-6.0000,0.0000,0.0000,6.0000,95.00,95.00,90.00,90.00,65535,65535,65535,1500,1,14,40.4365027,-86.8936781,159.162,0.010,-0.040,0.010,3,0.37,0.52,0.09,1
5848,34982,31195,28201,0,0,-0.32441,2.61806,9.46428,-0.006392,-0.009587,-0.011718,15.539,1.808,-0.020,0.0102,-0.0236,-0.0018,0.0320,-0.0332,-0.0378,-0.0057901,-0.0088694,-0.0106392,0.000589,0.007833,0.016986,0.00000,0.00000,0.000,0.000,0.000,0.000,0.000,-6.0000,0.0000,0.0000,6.0000,95.00,95.00,90.00,90.00,65535,65535,65535,1500,1,14,40.4365027,-86.8936781,159.162,0.010,-0.040,0.010,3,0.37,0.52,0.09,1
5887,51500,18455,15454,0,0,-0.27892,2.64799,9.46189,-0.004261,-0.008522,-0.010653,15.549,1.800,-0.029,0.0115,-0.0231,-0.0016,0.0325,-0.0344,-0.0379,-0.0058080,-0.0088335,-0.0106200,0.000599,0.007799,0.016996,0.00000,0.00000,0.000,0.000,0.000,0.000,0.000,-6.0000,0.0000,0.0000,6.0000,95.00,95.00,90.00,90.00,65535,65535,65535,1500,1,14,40.4365027,-86.8936781,159.162,0.010,-0.040,0.010,3,0.37,0.52,0.09,1
5924,24353,30865,27807,0,0,-0.29808,2.64440,9.46308,-0.006392,-0.008522,-0.010653,15.555,1.727,0.198,-0.0174,-0.0088,0.0054,0.0273,-0.0326,-0.0369,-0.0058073,-0.0088016,-0.0113469,0.000514,0.005296,0.016739,0.00000,0.00000,0.000,0.000,0.000,0.000,0.000,-6.0000,0.0000,0.0000,6.0000,95.00,95.00,90.00,90.00,65535,65535,65535,1500,1,14,40.4365027,-86.8936781,159.169,-0.039,0.003,-0.011,3,0.37,0.52,0.09,1
5948,31269,23420,15490,0,0,-0.33399,2.61207,9.46548,-0.005326,-0.008522,-0.010653,15.549,1.737,0.212,-0.0184,-0.0094,0.0054,0.0268,-0.0329,-0.0367,-0.0057831,-0.0088435,-0.0113743,0.000496,0.005356,0.016722,0.00000,0.00000,0.000,0.000,0.000,0.000,0.000,-6.0000,0.0000,0.0000,6.0000,95.00,95.00,90.00,90.00,65535,65535,65535,1500,1,14,40.4365027,-86.8936781,159.169,-0.040,0.000,-0.010,3,0.37,0.52,0.09,1
5977,23623,29406,21382,0,0,-0.31244,2.63482,9.46667,-0.004261,-0.008522,-0.010653,15.551,1.741,0.217,-0.0187,-0.0094,0.0056,0.0263,-0.0331,-0.0366,-0.0057836,-0.0088590,-0.0113834,0.000493,0.005349,0.016724,0.00000,0.00000,0.000,0.000,0.000,0.000,0.000,-6.0000,0.0000,0.0000,6.0000,95.00,95.00,90.00,90.00,65535,65535,65535,1500,1,14,40.4365027,-86.8936781,159.169,-0.040,0.000,-0.010,3,0.37,0.52,0.09,1
6007,29608,29465,21391,0,0,-0.30167,2.63362,9.46308,-0.006392,-0.009587,-0.010653,15.550,1.741,0.219,-0.0188,-0.0094,0.0057,0.0258,-0.0334,-0.0364,-0.0057840,-0.0088626,-0.0113854,0.000493,0.005346,0.016724,0.00000,0.00000,0.000,0.000,0.000,0.000,0.000,-6.0000,0.0000,0.0000,6.0000,95.00,95.00,90.00,90.00,65535,65535,65535,1500,1,14,40.4365027,-86.8936781,159.169,-0.040,0.000,-0.010,3,0.37,0.52,0.09,1
6037,29665,29364,26304,0,0,-0.30765,2.61926,9.45351,-0.006392,-0.008522,-0.009587,15.546,1.743,0.225,-0.0190,-0.0096,0.0054,0.0252,-0.0337,-0.0362,-0.0057727,-0.0088728,-0.0113918,0.000487,0.005374,0.016716,0.00000,0.00000,0.000,0.000,0.000,0.000,0.000,-6.0000,0.0000,0.0000,6.0000,95.00,95.00,90.00,90.00,65535,65535,65535,1500,1,14,40.4365027,-86.8936781,159.169,-0.040,0.000,-0.010,3,0.37,0.52,0.09,1
6060,29559,23382,20375,0,0,-0.29808,2.63362,9.46787,-0.005326,-0.009587,-0.011718,15.546,1.742,0.224,-0.0190,-0.0096,0.0056,0.0246,-0.0340,-0.0361,-0.0057724,-0.0088720,-0.0113914,0.000487,0.005375,0.016716,0.00000,0.00000,0.000,0.000,0.000,0.000,0.000,-6.0000,0.0000,0.0000,6.0000,95.00,95.00,90.00,90.00,65535,65535,65535,1500,1,14,40.4365027,-86.8936781,159.169,-0.040,0.000,-0.010,3,0.37,0.52,0.09,1
6115,54278,23930,20937,0,0,-0.31125,2.62644,9.46428,-0.007457,-0.008522,-0.010653,15.539,1.745,0.230,-0.0196,-0.0099,0.0058,0.0236,-0.0345,-0.0358,-0.0057666,-0.0088855,-0.0113981,0.000484,0.005385,0.016713,0.00000,0.00000,0.000,0.000,0.000,0.000,0.000,-6.0000,0.0000,0.0000,6.0000,95.00,95.00,90.00,90.00,65535,65535,65535,1500,1,14,40.4365027,-86.8936781,159.169,-0.040,0.000,-0.010,3,0.37,0.52,0.09,1
6157,29924,36099,33104,0,0,-0.32441,2.61327,9.46667,-0.006392,-0.008522,-0.010653,15.523,1.845,-0.069,0.0165,-0.0100,0.0024,0.0324,-0.0359,-0.0369,-0.0057477,-0.0089345,-0.0104577,0.001013,0.006090,0.016992,0.00000,0.00000,0.000,0.000,0.000,0.000,0.000,-6.0000,0.0000,0.0000,6.0000,95.00,95.00,90.00,90.00,65535,65535,65535,1500,1,14,40.4365028,-86.8936782,159.168,0.040,-0.010,0.000,3,0.37,0.52,0.09,1
6195,36326,37990,30082,0,0,-0.29928,2.63841,9.47266,-0.005326,-0.009587,-0.010653,15.526,1.839,-0.075,0.0169,-0.0099,0.0029,0.0330,-0.0362,-0.0368,-0.0057550,-0.0089163,-0.0104462,0.001019,0.006074,0.016996,0.00000,0.00000,0.000,0.000,0.000,0.000,0.000,-6.0000,0.0000,0.0000,6.0000,95.00,95.00,90.00,90.00,65535,65535,65535,1500,1,14,40.4365028,-86.8936782,159.168,0.040,-0.010,0.000,3,0.37,0.52,0.09,1
6231,38194,35656,27818,0,0,-0.60932,2.63123,9.46907,-0.005326,-0.008522,-0.010653,15.530,1.919,0.011,0.0078,-0.0100,0.0036,0.0334,-0.0366,-0.0367,-0.0057553,-0.0092248,-0.0106231,0.000968,0.005960,0.017026,0.00000,0.00000,0.000,0.000,0.000,0.000,0.000,-6.0000,0.0000,0.0000,6.0000,95.00,95.00,90.00,90.00,65535,65535,65535,1500,1,14,40.4365028,-86.8936782,159.168,0.040,-0.010,0.000,3,0.37,0.52,0.09,1
6256,35846,24379,21356,0,0,-0.31005,2.63721,9.46787,-0.005326,-0.009587,-0.010653,15.533,1.914,0.005,0.0083,-0.0099,0.0039,0.0337,-0.0369,-0.0365,-0.0057614,-0.0092047,-0.0106116,0.000974,0.005950,0.017029,0.00000,0.00000,0.000,0.000,0.000,0.000,0.000,-6.0000,0.0000,0.0000,6.0000,95.00,95.00,90.00,90.00,65535,65535,65535,1500,1,14,40.4365028,-86.8936782,159.168,0.040,-0.010,0.000,3,0.37,0.52,0.09,1
6285,24576,29402,26329,0,0,-0.29449,2.64440,9.46667,-0.006392,-0.008522,-0.010653,15.536,1.905,-0.005,0.0088,-0.0097,0.0041,0.0339,-0.0372,-0.0364,-0.0057747,-0.0091697,-0.0105922,0.000985,0.005926,0.017036,0.00000,0.00000,0.000,0.000,0.000,0.000,0.000,-6.0000,0.0000,0.0000,6.0000,95.00,95.00,90.00,90.00,65535,65535,65535,1500,1,14,40.4365028,-86.8936782,159.168,0.040,-0.010,0.000,3,0.37,0.52,0.09,1
6331,50791,24060,21061,0,0,-0.32322,2.61088,9.46667,-0.005326,-0.008522,-0.010653,15.525,1.914,-0.032,0.0097,0.0065,0.0130,0.0355,-0.0345,-0.0342,-0.0057396,-0.0091657,-0.0105132,0.001380,0.003690,0.016513,0.00000,0.00000,0.000,0.000,0.000,0.000,0.000,-6.0000,0.0000,0.0000,6.0000,95.00,95.00,90.00,90.00,65535,65535,65535,1500,1,14,40.4365028,-86.8936781,159.181,0.010,0.020,-0.020,3,0.37,0.52,0.10,1
6361,24328,29562,21621,0,0,-0.30765,2.62524,9.45949,-0.003196,-0.008522,-0.010653,15.527,1.909,-0.038,0.0100,0.0065,0.0129,0.0357,-0.0343,-0.0339,-0.0057365,-0.0091448,-0.0105001,0.001385,0.003708,0.016508,0.00000,0.00000,0.000,0.000,0.000,0.000,0.000,-6.0000,0.0000,0.0000,6.0000,95.00,95.00,90.00,90.00,65535,65535,65535,1500,1,14,40.4365028,-86.8936781,159.181,0.010,0.020,-0.020,3,0.37,0.52,0.10,1
6390,29762,29163,21094,0,0,-0.29928,2.64679,9.46069,-0.006392,-0.008522,-0.010653,15.532,1.903,-0.047,0.0106,0.0069,0.0131,0.0360,-0.0341,-0.0335,-0.0057545,-0.0091162,-0.0104809,0.001404,0.003665,0.016520,0.00000,0.00000,0.000,0.000,0.000,0.000,0.000,-6.0000,0.0000,0.0000,6.0000,95.00,95.00,90.00,90.00,65535,65535,65535,1500,1,14,40.4365028,-86.8936781,159.181,0.010,0.020,-0.020,3,0.37,0.52,0.10,1
6414,29368,23375,20365,0,0,-0.31125,2.62764,9.46189,-0.006392,-0.008522,-0.010653,15.530,1.900,-0.051,0.0109,0.0069,0.0131,0.0363,-0.0339,-0.0331,-0.0057528,-0.0091010,-0.0104722,0.001407,0.003676,0.016517,0.00000,0.00000,0.000,0.000,0.000,0.000,0.000,-6.0000,0.0000,0.0000,6.0000,95.00,95.00,90.00,90.00,65535,65535,65535,1500,1,14,40.4365028,-86.8936781,159.181,0.010,0.020,-0.020,3,0.37,0.52,0.10,1
6452,23564,38108,30075,0,0,-0.30526,2.61926,9.47146,-0.004261,-0.009587,-0.010653,15.528,1.894,-0.057,0.0112,0.0067,0.0133,0.0366,-0.0337,-0.0328,-0.0057405,-0.0090809,-0.0104617,0.001407,0.003718,0.016505,0.00000,0.00000,0.000,0.000,0.000,0.000,0.000,-6.0000,0.0000,0.0000,6.0000,95.00,95.00,90.00,90.00,65535,65535,65535,1500,1,14,40.4365028,-86.8936781,159.181,0.010,0.020,-0.020,3,0.37,0.52,0.10,1
6490,38292,38123,30195,0,0,-0.29449,2.63841,9.46667,-0.005326,-0.008522,-0.011718,15.531,1.888,-0.068,0.0120,0.0070,0.0136,0.0370,-0.0335,-0.0323,-0.0057481,-0.0090508,-0.0104447,0.001421,0.003709,0.016508,0.00000,0.00000,0.000,0.000,0.000,0.000,0.000,-6.0000,0.0000,0.0000,6.0000,95.00,95.00,90.00,90.00,65535,65535,65535,1500,1,14,40.4365028,-86.8936781,159.181,0.010,0.020,-0.020,3,0.37,0.52,0.10,1
6542,56857,33178,25157,0,0,-0.31364,2.62285,9.46787,-0.005326,-0.008522,-0.010653,15.537,1.808,0.189,-0.0184,0.0084,0.0005,0.0315,-0.0334,-0.0354,-0.0057379,-0.0090221,-0.0112155,0.000721,0.003499,0.018281,0.00000,0.00000,0.000,0.000,0.000,0.000,0.000,-6.0000,0.0000,0.0000,6.0000,95.00,95.00,90.00,90.00,65535,65535,65535,1500,1,14,40.4365027,-86.8936781,159.162,-0.040,0.010,0.010,3,0.37,0.52,0.09,1
6572,33435,29376,21465,0,0,-0.29090,2.64320,9.46548,-0.005326,-0.008522,-0.010653,15.541,1.804,0.184,-0.0179,0.0087,0.0007,0.0309,-0.0332,-0.0354,-0.0057490,-0.0090027,-0.0112019,0.000737,0.003473,0.018289,0.00000,0.00000,0.000,0.000,0.000,0.000,0.000,-6.0000,0.0000,0.0000,6.0000,95.00,95.00,90.00,90.00,65535,65535,65535,1500,1,14,40.4365027,-86.8936781,159.162,-0.040,0.010,0.010,3,0.37,0.52,0.09,1
6595,29588,23418,15364,0,0,-0.30646,2.63123,9.46787,-0.005326,-0.008522,-0.010653,15.541,1.803,0.184,-0.0179,0.0087,0.0009,0.0303,-0.0329,-0.0354,-0.0057472,-0.0089996,-0.0112002,0.000737,0.003479,0.018287,0.00000,0.00000,0.000,0.000,0.000,0.000,0.000,-6.0000,0.0000,0.0000,6.0000,95.00,95.00,90.00,90.00,65535,65535,65535,1500,1,14,40.4365027,-86.8936781,159.162,-0.040,0.010,0.010,3,0.37,0.52,0.09,1
6625,23608,29713,21665,0,0,-0.31484,2.62285,9.47026,-0.005326,-0.008522,-0.010653,15.538,1.805,0.187,-0.0180,0.0086,0.0010,0.0299,-0.0327,-0.0354,-0.0057370,-0.0090048,-0.0112043,0.000729,0.003507,0.018279,0.00000,0.00000,0.000,0.000,0.000,0.000,0.000,-6.0000,0.0000,0.0000,6.0000,95.00,95.00,90.00,90.00,65535,65535,65535,1500,1,14,40.4365027,-86.8936781,159.162,-0.040,0.010,0.010,3,0.37,0.52,0.09,1
6655,29912,29495,21532,0,0,-0.31843,2.63602,9.46548,-0.004261,-0.009587,-0.010653,15.542,1.806,0.190,-0.0182,0.0087,0.0012,0.0294,-0.0324,-0.0353,-0.0057404,-0.0090133,-0.0112090,0.000726,0.003494,0.018282,0.00000,0.00000,0.000,0.000,0.000,0.000,0.000,-6.0000,0.0000,0.0000,6.0000,95.00,95.00,90.00,90.00,65535,65535,65535,1500,1,14,40.4365027,-86.8936781,159.162,-0.040,0.010,0.010,3,0.37,0.52,0.09,1
6684,29707,29219,26213,0,0,-0.29808,2.64918,9.46667,-0.005326,-0.008522,-0.010653,15.548,1.804,0.187,-0.0180,0.0090,0.0015,0.0288,-0.0322,-0.0353,-0.0057551,-0.0090020,-0.0112014,0.000740,0.003459,0.018292,0.00000,0.00000,0.000,0.000,0.000,0.000,0.000,-6.0000,0.0000,0.0000,6.0000,95.00,95.00,90.00,90.00,65535,65535,65535,1500,1,14,40.4365027,-86.8936781,159.162,-0.040,0.010,0.010,3,0.37,0.52,0.09,1
6709,29478,23989,20965,0,0,-0.31125,2.62045,9.46787,-0.006392,-0.009587,-0.010653,15.543,1.803,0.189,-0.0181,0.0089,0.0016,0.0283,-0.0319,-0.0352,-0.0057429,-0.0090039,-0.0112033,0.000733,0.003490,0.018284,0.00000,0.00000,0.000,0.000,0.000,0.000,0.000,-6.0000,0.0000,0.0000,6.0000,95.00,95.00,90.00,90.00,65535,65535,65535,1500,1,14,40.4365027,-86.8936781,159.162,-0.040,0.010,0.010,3,0.37,0.52,0.09,1
6753,43893,24038,21035,0,0,-0.29329,2.62764,9.46548,-0.004261,-0.008522,-0.010653,15.553,1.802,0.182,-0.0131,-0.0254,0.0065,0.0292,-0.0409,-0.0347,-0.0057628,-0.0089919,-0.0111837,0.000295,0.007260,0.016626,0.00000,0.00000,0.000,0.000,0.000,0.000,0.000,-6.0000,0.0000,0.0000,6.0000,95.00,95.00,90.00,90.00,65535,65535,65535,1500,1,14,40.4365027,-86.8936783,159.165,-0.010,-0.050,-0.010,3,0.37,0.52,0.10,1
6791,24309,38063,30112,0,0,-0.30047,2.62165,9.46667,-0.005326,-0.008522,-0.010653,15.549,1.800,0.181,-0.0130,-0.0256,0.0065,0.0289,-0.0415,-0.0345,-0.0057511,-0.0089840,-0.0111795,0.000293,0.007302,0.016614,0.00000,0.00000,0.000,0.000,0.000,0.000,0.000,-6.0000,0.0000,0.0000,6.0000,95.00,95.00,90.00,90.00,65535,65535,65535,1500,1,14,40.4365027,-86.8936783,159.165,-0.010,-0.050,-0.010,3,0.37,0.52,0.10,1
6827,38265,35943,27963,0,0,-0.31364,2.63242,9.45949,-0.004261,-0.008522,-0.010653,15.553,1.802,0.184,-0.0132,-0.0258,0.0065,0.0284,-0.0425,-0.0342,-0.0057508,-0.0089886,-0.0111825,0.000290,0.007300,0.016614,0.00000,0.00000,0.000,0.000,0.000,0.000,0.000,-6.0000,0.0000,0.0000,6.0000,95.00,95.00,90.00,90.00,65535,65535,65535,1500,1,14,40.4365027,-86.8936783,159.165,-0.010,-0.050,-0.010,3,0.37,0.52,0.10,1
6862,36126,35066,32064,0,0,-0.30885,2.63721,9.46308,-0.006392,-0.008522,-0.010653,15.552,1.802,0.185,-0.0132,-0.0257,0.0066,0.0280,-0.0434,-0.0340,-0.0057542,-0.0089884,-0.0111820,0.000292,0.007291,0.016617,0.00000,0.00000,0.000,0.000,0.000,0.000,0.000,-6.0000,0.0000,0.0000,6.0000,95.00,95.00,90.00,90.00,65535,65535,65535,1500,1,14,40.4365027,-86.8936783,159.165,-0.010,-0.050,-0.010,3,0.37,0.52,0.10,1
6896,35250,33156,30147,0,0,-0.30646,2.62165,9.46667,-0.006392,-0.008522,-0.010653,15.547,1.802,0.186,-0.0132,-0.0261,0.0068,0.0275,-0.0443,-0.0338,-0.0057428,-0.0089858,-0.0111816,0.000287,0.007323,0.016608,0.00000,0.00000,0.000,0.000,0.000,0.000,0.000,-6.0000,0.0000,0.0000,6.0000,95.00,95.00,90.00,90.00,65535,65535,65535,1500,1,14,40.4365027,-86.8936783,159.165,-0.010,-0.050,-0.010,3,0.37,0.52,0.10,1
6928,33501,31687,25712,0,0,-0.30287,2.61686,9.46548,-0.005326,-0.009587,-0.010653,15.543,1.799,0.186,-0.0131,-0.0266,0.0068,0.0270,-0.0452,-0.0335,-0.0057280,-0.0089804,-0.0111797,0.000283,0.007363,0.016597,0.00000,0.00000,0.000,0.000,0.000,0.000,0.000,-6.0000,0.0000,0.0000,6.0000,95.00,95.00,90.00,90.00,65535,65535,65535,1500,1,14,40.4365027,-86.8936783,159.165,-0.010,-0.050,-0.010,3,0.37,0.52,0.10,1
6979,58736,24087,21081,0,0,-0.29449,2.63961,9.47026,-0.006392,-0.008522,-0.010653,15.533,1.823,0.092,-0.0046,0.0007,0.0089,0.0292,-0.0413,-0.0337,-0.0057138,-0.0089702,-0.0109114,0.000936,0.004462,0.017246,0.00000,0.00000,0.000,0.000,0.000,0.000,0.000,-6.0000,0.0000,0.0000,6.0000,95.00,95.00,90.00,90.00,65535,65535,65535,1500,1,14,40.4365028,-86.8936783,159.158,0.000,0.020,-0.010,3,0.37,0.52,0.09,1
7009,24364,29577,21644,0,0,-0.30526,2.63602,9.46189,-0.006392,-0.009587,-0.010653,15.534,1.820,0.089,-0.0045,0.0008,0.0089,0.0291,-0.0413,-0.0335,-0.0057195,-0.0089636,-0.0109064,0.000944,0.004447,0.017250,0.00000,0.00000,0.000,0.000,0.000,0.000,0.000,-6.0000,0.0000,0.0000,6.0000,95.00,95.00,90.00,90.00,65535,65535,65535,1500,1,14,40.4365028,-86.8936783,159.158,0.000,0.020,-0.010,3,0.37,0.52,0.09,1
7038,29792,29006,20984,0,0,-0.29688,2.64080,9.46308,-0.006392,-0.008522,-0.011718,15.536,1.817,0.083,-0.0042,0.0010,0.0091,0.0290,-0.0412,-0.0332,-0.0057289,-0.0089494,-0.0108965,0.000958,0.004424,0.017257,0.00000,0.00000,0.000,0.000,0.000,0.000,0.000,-6.0000,0.0000,0.0000,6.0000,95.00,95.00,90.00,90.00,65535,65535,65535,1500,1,14,40.4365028,-86.8936783,159.158,0.000,0.020,-0.010,3,0.37,0.52,0.09,1
7061,29195,23392,15332,0,0,-0.30406,2.61926,9.46428,-0.006392,-0.008522,-0.010653,15.531,1.816,0.082,-0.0041,0.0008,0.0091,0.0289,-0.0412,-0.0329,-0.0057188,-0.0089425,-0.0108931,0.000956,0.004456,0.017248,0.00000,0.00000,0.000,0.000,0.000,0.000,0.000,-6.0000,0.0000,0.0000,6.0000,95.00,95.00,90.00,90.00,65535,65535,65535,1500,1,14,40.4365028,-86.8936783,159.158,0.000,0.020,-0.010,3,0.37,0.52,0.09,1
7091,23585,29369,21442,0,0,-0.31843,2.61327,9.46308,-0.005326,-0.009587,-0.010653,15.526,1.817,0.085,-0.0042,0.0006,0.0091,0.0288,-0.0412,-0.0327,-0.0057047,-0.0089491,-0.0108982,0.000945,0.004495,0.017237,0.00000,0.00000,0.000,0.000,0.000,0.000,0.000,-6.0000,0.0000,0.0000,6.0000,95.00,95.00,90.00,90.00,65535,65535,65535,1500,1,14,40.4365028,-86.8936783,159.158,0.000,0.020,-0.010,3,0.37,0.52,0.09,1
7129,29570,38095,30072,0,0,-0.30526,2.62524,9.46308,-0.005326,-0.008522,-0.010653,15.526,1.816,0.083,-0.0041,0.0006,0.0091,0.0287,-0.0412,-0.0324,-0.0057014,-0.0089435,-0.0108953,0.000946,0.004506,0.017234,0.00000,0.00000,0.000,0.000,0.000,0.000,0.000,-6.0000,0.0000,0.0000,6.0000,95.00,95.00,90.00,90.00,65535,65535,65535,1500,1,14,40.4365028,-86.8936783,159.158,0.000,0.020,-0.010,3,0.37,0.52,0.09,1
7190,69975,29141,26147,0,0,-0.31364,2.62285,9.47026,-0.005326,-0.009587,-0.011718,15.527,1.804,0.115,-0.0077,-0.0058,0.0098,0.0288,-0.0439,-0.0328,-0.0056981,-0.0089441,-0.0109926,0.000744,0.005099,0.017038,0.00000,0.00000,0.000,0.000,0.000,0.000,0.000,-6.0000,0.0000,0.0000,6.0000,95.00,95.00,90.00,90.00,65535,65535,65535,1500,1,14,40.4365028,-86.8936784,159.155,-0.010,-0.010,-0.010,3,0.37,0.52,0.09,1
7220,29397,29428,21446,0,0,-0.29688,2.63602,9.46428,-0.005326,-0.008522,-0.011718,15.529,1.802,0.109,-0.0074,-0.0057,0.0099,0.0286,-0.0441,-0.0325,-0.0057037,-0.0089325,-0.0109844,0.000756,0.005086,0.017042,0.00000,0.00000,0.000,0.000,0.000,0.000,0.000,-6.0000,0.0000,0.0000,6.0000,95.00,95.00,90.00,90.00,65535,65535,65535,1500,1,14,40.4365028,-86.8936784,159.155,-0.010,-0.010,-0.010,3,0.37,0.52,0.09,1
7244,29636,23405,15420,0,0,-0.29688,2.63841,9.46907,-0.005326,-0.008522,-0.010653,15.532,1.799,0.106,-0.0071,-0.0056,0.0102,0.0283,-0.0443,-0.0322,-0.0057097,-0.0089214,-0.0109766,0.000767,0.005072,0.017047,0.00000,0.00000,0.000,0.000,0.000,0.000,0.000,-6.0000,0.0000,0.0000,6.0000,95.00,95.00,90.00,90.00,65535,65535,65535,1500,1,14,40.4365028,-86.8936784,159.155,-0.010,-0.010,-0.010,3,0.37,0.52,0.09,1
7273,23610,29326,21383,0,0,-0.31125,2.61926,9.46428,-0.006392,-0.008522,-0.010653,15.528,1.800,0.108,-0.0072,-0.0057,0.0102,0.0282,-0.0444,-0.0319,-0.0057005,-0.0089238,-0.0109789,0.000761,0.005099,0.017039,0.00000,0.00000,0.000,0.000,0.000,0.000,0.000,-6.0000,0.0000,0.0000,6.0000,95.00,95.00,90.00,90.00,65535,65535,65535,1500,1,14,40.4365028,-86.8936784,159.155,-0.010,-0.010,-0.010,3,0.37,0.52,0.09,1
7303,29526,29427,21362,0,0,-0.31005,2.62644,9.46308,-0.004261,-0.009587,-0.010653,15.529,1.800,0.109,-0.0073,-0.0058,0.0103,0.0280,-0.0446,-0.0316,-0.0056978,-0.0089251,-0.0109799,0.000758,0.005106,0.017037,0.00000,0.00000,0.000,0.000,0.000,0.000,0.000,-6.0000,0.0000,0.0000,6.0000,95.00,95.00,90.00,90.00,65535,65535,65535,1500,1,14,40.4365028,-86.8936784,159.155,-0.010,-0.010,-0.010,3,0.37,0.52,0.09,1
7333,29624,29658,26594,0,0,-0.29329,2.63602,9.46189,-0.005326,-0.009587,-0.010653,15.532,1.794,0.105,-0.0070,-0.0057,0.0103,0.0277,-0.0448,-0.0313,-0.0057033,-0.0089122,-0.0109720,0.000770,0.005096,0.017040,0.00000,0.00000,0.000,0.000,0.000,0.000,0.000,-6.0000,0.0000,0.0000,6.0000,95.00,95.00,90.00,90.00,65535,65535,65535,1500,1,14,40.4365028,-86.8936784,159.155,-0.010,-0.010,-0.010,3,0.37,0.52,0.09,1
7372,44491,24079,21085,0,0,-0.31244,2.61567,9.46308,-0.005326,-0.007457,-0.010653,15.523,1.827,0.014,0.0029,0.0027,0.0267,0.0312,-0.0446,-0.0281,-0.0056851,-0.0089207,-0.0107200,0.001264,0.003862,0.015488,0.00000,0.00000,0.000,0.000,0.000,0.000,0.000,-6.0000,0.0000,0.0000,6.0000,95.00,95.00,90.00,90.00,65535,65535,65535,1500,1,15,40.4365029,-86.8936785,159.155,0.010,0.010,-0.040,3,0.37,0.52,0.10,1
7400,24330,28618,20669,0,0,-0.30885,2.62764,9.46189,-0.003196,-0.008522,-0.010653,15.526,1.826,0.013,0.0030,0.0027,0.0267,0.0313,-0.0445,-0.0275,-0.0056842,-0.0089170,-0.0107174,0.001267,0.003867,0.015486,0.00000,0.00000,0.000,0.000,0.000,0.000,0.000,-6.0000,0.0000,0.0000,6.0000,95.00,95.00,90.00,90.00,65535,65535,65535,1500,1,15,40.4365029,-86.8936785,159.155,0.010,0.010,-0.040,3,0.37,0.52,0.10,1
7430,28826,29455,21407,0,0,-0.29329,2.65637,9.46069,-0.004261,-0.008522,-0.010653,15.537,1.822,0.007,0.0034,0.0033,0.0270,0.0314,-0.0444,-0.0267,-0.0057063,-0.0089001,-0.0107041,0.001296,0.003804,0.015505,0.00000,0.00000,0.000,0.000,0.000,0.000,0.000,-6.0000,0.0000,0.0000,6.0000,95.00,95.00,90.00,90.00,65535,65535,65535,1500,1,15,40.4365029,-86.8936785,159.155,0.010,0.010,-0.040,3,0.37,0.52,0.10,1
7463,29663,33065,30063,0,0,-0.31005,2.63003,9.46428,-0.008522,-0.008522,-0.010653,15.532,1.822,0.006,0.0034,0.0033,0.0271,0.0315,-0.0443,-0.0259,-0.0057061,-0.0088980,-0.0107028,0.001297,0.003806,0.015504,0.00000,0.00000,0.000,0.000,0.000,0.000,0.000,-6.0000,0.0000,0.0000,6.0000,95.00,95.00,90.00,90.00,65535,65535,65535,1500,1,15,40.4365029,-86.8936785,159.155,0.010,0.010,-0.040,3,0.37,0.52,0.10,1
7500,38269,30935,27935,0,0,-0.31484,2.58933,9.47505,-0.002131,-0.009587,-0.010653,15.526,1.821,0.008,0.0032,0.0021,0.0273,0.0316,-0.0442,-0.0248,-0.0056697,-0.0089003,-0.0107071,0.001277,0.003910,0.015475,0.00000,0.00000,0.000,0.000,0.000,0.000,0.000,-6.0000,0.0000,0.0000,6.0000,95.00,95.00,90.00,90.00,65535,65535,65535,1500,1,15,40.4365029,-86.8936785,159.155,0.010,0.010,-0.040,3,0.37,0.52,0.10,1
7542,31580,41436,33502,0,0,-0.28491,2.67193,9.46787,-0.004261,-0.008522,-0.010653,15.544,1.790,0.082,-0.0053,-0.0014,0.0363,0.0313,-0.0470,-0.0236,-0.0057051,-0.0088727,-0.0109131,0.000964,0.003886,0.014512,0.00000,0.00000,0.000,0.000,0.000,0.000,0.000,-6.0000,0.0000,0.0000,6.0000,95.00,95.00,90.00,90.00,65535,65535,65535,1500,1,15,40.4365029,-86.8936786,159.148,-0.013,-0.005,-0.044,3,0.37,0.52,0.10,1
7597,79044,18267,15252,0,0,-0.28491,2.64320,9.46069,-0.005326,-0.009587,-0.011718,15.550,1.782,0.070,-0.0038,-0.0006,0.0367,0.0309,-0.0471,-0.0207,-0.0057146,-0.0088536,-0.0108997,0.000988,0.003866,0.014518,0.00000,0.00000,0.000,0.000,0.000,0.000,0.000,-6.0000,0.0000,0.0000,6.0000,95.00,95.00,90.00,90.00,65535,65535,65535,1500,1,15,40.4365029,-86.8936786,159.148,-0.010,-0.010,-0.040,3,0.37,0.52,0.10,1
7627,18516,29522,21640,0,0,-0.25857,2.64440,9.47625,-0.005326,-0.008522,-0.011718,15.552,1.770,0.055,-0.0034,-0.0006,0.0371,0.0309,-0.0471,-0.0200,-0.0057208,-0.0088132,-0.0108730,0.001034,0.003867,0.014520,0.00000,0.00000,0.000,0.000,0.000,0.000,0.000,-6.0000,0.0000,0.0000,6.0000,95.00,95.00,90.00,90.00,65535,65535,65535,1500,1,15,40.4365029,-86.8936786,159.148,-0.010,-0.010,-0.040,3,0.37,0.52,0.10,1
7657,29730,29422,21433,0,0,-0.31603,2.61806,9.46907,-0.006392,-0.008522,-0.010653,15.545,1.773,0.059,-0.0037,-0.0009,0.0373,0.0308,-0.0471,-0.0189,-0.0057071,-0.0088236,-0.0108804,0.001017,0.003902,0.014509,0.00000,0.00000,0.000,0.000,0.000,0.000,0.000,-6.0000,0.0000,0.0000,6.0000,95.00,95.00,90.00,90.00,65535,65535,65535,1500,1,15,40.4365029,-86.8936786,159.148,-0.010,-0.010,-0.040,3,0.37,0.52,0.10,1
7686,29621,28937,25917,0,0,-0.34836,2.60968,9.46548,-0.003196,-0.008522,-0.010653,15.542,1.785,0.073,-0.0046,-0.0013,0.0374,0.0306,-0.0472,-0.0178,-0.0056878,-0.0088604,-0.0109040,0.000971,0.003938,0.014498,0.00000,0.00000,0.000,0.000,0.000,0.000,0.000,-6.0000,0.0000,0.0000,6.0000,95.00,95.00,90.00,90.00,65535,65535,65535,1500,1,15,40.4365029,-86.8936786,159.148,-0.010,-0.010,-0.040,3,0.37,0.52,0.10,1
7710,29135,24013,21018,0,0,-0.30287,2.65876,9.45949,-0.003196,-0.008522,-0.010653,15.555,1.785,0.072,-0.0046,-0.0009,0.0377,0.0305,-0.0472,-0.0167,-0.0057091,-0.0088575,-0.0109009,0.000983,0.003883,0.014513,0.00000,0.00000,0.000,0.000,0.000,0.000,0.000,-6.0000,0.0000,0.0000,6.0000,95.00,95.00,90.00,90.00,65535,65535,65535,1500,1,15,40.4365029,-86.8936786,159.148,-0.010,-0.010,-0.040,3,0.37,0.52,0.10,1
7747,29920,30412,27411,0,0,-0.29449,2.64679,9.46548,-0.007457,-0.008522,-0.010653,15.555,1.789,0.047,-0.0017,-0.0005,0.0334,0.0323,-0.0493,-0.0187,-0.0057186,-0.0088491,-0.0108364,0.001070,0.004014,0.014992,0.00000,0.00000,0.000,0.000,0.000,0.000,0.000,-6.0000,0.0000,0.0000,6.0000,95.00,95.00,90.00,90.00,65535,65535,65535,1500,1,15,40.4365029,-86.8936787,159.135,0.000,0.000,-0.030,3,0.37,0.52,0.10,1
7787,50696,19797,15142,0,0,-0.28730,2.61567,9.46907,-0.004261,-0.008522,-0.010653,15.553,1.785,0.042,-0.0009,-0.0013,0.0337,0.0323,-0.0494,-0.0170,-0.0057020,-0.0088328,-0.0108265,0.001082,0.004077,0.014975,0.00000,0.00000,0.000,0.000,0.000,0.000,0.000,-6.0000,0.0000,0.0000,6.0000,95.00,95.00,90.00,90.00,65535,65535,65535,1500,1,15,40.4365029,-86.8936787,159.135,0.000,0.000,-0.030,3,0.37,0.52,0.10,1
7825,20080,38037,30113,0,0,-0.27653,2.65158,9.46548,-0.004261,-0.008522,-0.010653,15.559,1.778,0.033,-0.0005,-0.0011,0.0339,0.0323,-0.0494,-0.0163,-0.0057151,-0.0088088,-0.0108091,0.001119,0.004048,0.014984,0.00000,0.00000,0.000,0.000,0.000,0.000,0.000,-6.0000,0.0000,0.0000,6.0000,95.00,95.00,90.00,90.00,65535,65535,65535,1500,1,15,40.4365029,-86.8936787,159.135,0.000,0.000,-0.030,3,0.37,0.52,0.10,1
7861,38237,35929,27964,0,0,-0.33160,2.63242,9.45829,-0.007457,-0.008522,-0.010653,15.556,1.785,0.041,-0.0014,-0.0011,0.0340,0.0322,-0.0494,-0.0150,-0.0057148,-0.0088305,-0.0108229,0.001094,0.004039,0.014986,0.00000,0.00000,0.000,0.000,0.000,0.000,0.000,-6.0000,0.0000,0.0000,6.0000,95.00,95.00,90.00,90.00,65535,65535,65535,1500,1,15,40.4365029,-86.8936787,159.135,0.000,0.000,-0.030,3,0.37,0.52,0.10,1
7892,36140,30476,27469,0,0,-0.33040,2.62045,9.45949,-0.006392,-0.009587,-0.010653,15.550,1.790,0.048,-0.0021,-0.0014,0.0339,0.0322,-0.0495,-0.0138,-0.0057051,-0.0088505,-0.0108356,0.001070,0.004057,0.014980,0.00000,0.00000,0.000,0.000,0.000,0.000,0.000,-6.0000,0.0000,0.0000,6.0000,95.00,95.00,90.00,90.00,65535,65535,65535,1500,1,15,40.4365029,-86.8936787,159.135,0.000,0.000,-0.030,3,0.37,0.52,0.10,1
7924,30886,31876,28807,0,0,-0.26576,2.64320,9.46308,-0.006392,-0.008522,-0.011718,15.552,1.780,0.036,-0.0013,-0.0012,0.0341,0.0321,-0.0495,-0.0128,-0.0057128,-0.0088174,-0.0108161,0.001105,0.004050,0.014983,0.00000,0.00000,0.000,0.000,0.000,0.000,0.000,-6.0000,0.0000,0.0000,6.0000,95.00,95.00,90.00,90.00,65535,65535,65535,1500,1,15,40.4365029,-86.8936787,159.135,0.000,0.000,-0.030,3,0.37,0.52,0.10,1
7960,37644,30232,27240,0,0,-0.29090,2.61327,9.47266,-0.005326,-0.008522,-0.010653,15.548,1.748,0.127,-0.0122,-0.0010,0.0147,0.0314,-0.0521,-0.0186,-0.0056943,-0.0088004,-0.0110549,0.000643,0.004410,0.017030,0.00000,0.00000,0.000,0.000,0.000,0.000,0.000,-6.0000,0.0000,0.0000,6.0000,95.00,95.00,90.00,90.00,65535,65535,65535,1500,1,15,40.4365030,-86.8936789,159.123,-0.020,0.000,0.000,3,0.37,0.52,0.08,1
7997,49352,18203,15154,0,0,-0.30526,2.66594,9.45351,-0.007457,-0.008522,-0.010653,15.555,1.750,0.129,-0.0125,0.0004,0.0148,0.0308,-0.0521,-0.0179,-0.0057228,-0.0088048,-0.0110555,0.000654,0.004315,0.017056,0.00000,0.00000,0.000,0.000,0.000,0.000,0.000,-6.0000,0.0000,0.0000,6.0000,95.00,95.00,90.00,90.00,65535,65535,65535,1500,1,15,40.4365030,-86.8936789,159.123,-0.020,0.000,0.000,3,0.37,0.52,0.08,1
8021,18482,23441,15479,0,0,-0.31484,2.66116,9.46667,-0.006392,-0.009587,-0.011718,15.562,1.753,0.132,-0.0126,0.0007,0.0151,0.0306,-0.0520,-0.0176,-0.0057425,-0.0088161,-0.0110614,0.000652,0.004246,0.017075,0.00000,0.00000,0.000,0.000,0.000,0.000,0.000,-6.0000,0.0000,0.0000,6.0000,95.00,95.00,90.00,90.00,65535,65535,65535,1500,1,15,40.4365030,-86.8936789,159.123,-0.020,0.000,0.000,3,0.37,0.52,0.08,1
8050,23645,28513,20561,0,0,-0.32801,2.59053,9.46787,-0.006392,-0.008522,-0.011718,15.547,1.761,0.140,-0.0131,0.0000,0.0150,0.0303,-0.0520,-0.0172,-0.0057083,-0.0088374,-0.0110773,0.000616,0.004341,0.017048,0.00000,0.00000,0.000,0.000,0.000,0.000,0.000,-6.0000,0.0000,0.0000,6.0000,95.00,95.00,90.00,90.00,65535,65535,65535,1500,1,15,40.4365030,-86.8936789,159.123,-0.020,0.000,0.000,3,0.37,0.52,0.08,1
8079,28716,29350,21377,0,0,-0.29568,2.60250,9.47266,-0.003196,-0.008522,-0.010653,15.541,1.759,0.139,-0.0130,-0.0005,0.0151,0.0299,-0.0520,-0.0168,-0.0056836,-0.0088325,-0.0110762,0.000609,0.004415,0.017027,0.00000,0.00000,0.000,0.000,0.000,0.000,0.000,-6.0000,0.0000,0.0000,6.0000,95.00,95.00,90.00,90.00,65535,65535,65535,1500,1,15,40.4365030,-86.8936789,159.123,-0.020,0.000,0.000,3,0.37,0.52,0.08,1
8109,29551,29384,26360,0,0,-0.25857,2.64799,9.46069,-0.005326,-0.008522,-0.010653,15.547,1.749,0.128,-0.0122,-0.0002,0.0152,0.0295,-0.0521,-0.0164,-0.0056958,-0.0087998,-0.0110561,0.000646,0.004396,0.017034,0.00000,0.00000,0.000,0.000,0.000,0.000,0.000,-6.0000,0.0000,0.0000,6.0000,95.00,95.00,90.00,90.00,65535,65535,65535,1500,1,15,40.4365030,-86.8936789,159.123,-0.020,0.000,0.000,3,0.37,0.52,0.08,1
8143,29583,33392,30376,0,0,-0.31603,2.64679,9.45590,-0.006392,-0.007457,-0.010653,15.551,1.755,0.133,-0.0125,0.0001,0.0152,0.0291,-0.0521,-0.0159,-0.0057077,-0.0088117,-0.0110619,0.000641,0.004359,0.017044,0.00000,0.00000,0.000,0.000,0.000,0.000,0.000,-6.0000,0.0000,0.0000,6.0000,95.00,95.00,90.00,90.00,65535,65535,65535,1500,1,15,40.4365030,-86.8936789,159.123,-0.020,0.000,0.000,3,0.37,0.52,0.08,1
8190,34293,46836,38828,0,0,-0.31244,2.65397,9.46189,-0.004261,-0.008522,-0.010653,15.553,1.782,0.056,-0.0049,0.0172,0.0065,0.0324,-0.0508,-0.0200,-0.0057124,-0.0088233,-0.0108618,0.001154,0.003071,0.018377,0.00000,0.00000,0.000,0.000,0.000,0.000,0.000,-6.0000,0.0000,0.0000,6.0000,95.00,95.00,90.00,90.00,65535,65535,65535,1500,1,15,40.4365030,-86.8936789,159.119,0.000,0.030,0.000,3,0.37,0.52,0.08,1
8229,67557,18198,15205,0,0,-0.32202,2.58454,9.47625,-0.007457,-0.008522,-0.011718,15.530,1.788,0.059,-0.0060,0.0144,0.0067,0.0320,-0.0497,-0.0196,-0.0056734,-0.0088360,-0.0108733,0.001118,0.003188,0.018343,0.00000,0.00000,0.000,0.000,0.000,0.000,0.000,-6.0000,0.0000,0.0000,6.0000,95.00,95.00,90.00,90.00,65535,65535,65535,1500,1,15,40.4365030,-86.8936789,159.119,0.000,0.030,0.000,3,0.37,0.52,0.08,1
8268,18471,38074,30058,0,0,-0.31364,2.59053,9.47864,-0.004261,-0.008522,-0.010653,15.518,1.790,0.062,-0.0061,0.0141,0.0068,0.0319,-0.0495,-0.0195,-0.0056413,-0.0088413,-0.0108793,0.001094,0.003284,0.018316,0.00000,0.00000,0.000,0.000,0.000,0.000,0.000,-6.0000,0.0000,0.0000,6.0000,95.00,95.00,90.00,90.00,65535,65535,65535,1500,1,15,40.4365030,-86.8936789,159.119,0.000,0.030,0.000,3,0.37,0.52,0.08,1
8304,38273,36531,28562,0,0,-0.28730,2.64679,9.46189,-0.003196,-0.007457,-0.010653,15.529,1.787,0.058,-0.0056,0.0146,0.0070,0.0316,-0.0489,-0.0192,-0.0056550,-0.0088258,-0.0108687,0.001119,0.003252,0.018325,0.00000,0.00000,0.000,0.000,0.000,0.000,0.000,-6.0000,0.0000,0.0000,6.0000,95.00,95.00,90.00,90.00,65535,65535,65535,1500,1,15,40.4365030,-86.8936789,159.119,0.000,0.030,0.000,3,0.37,0.52,0.08,1
8342,37416,36442,31861,0,0,-0.32920,2.63123,9.45829,-0.005326,-0.008522,-0.010653,15.530,1.849,-0.118,0.0180,-0.0030,-0.0167,0.0387,-0.0555,-0.0273,-0.0056679,-0.0088545,-0.0104259,0.001631,0.005928,0.020076,0.00000,0.00000,0.000,0.000,0.000,0.000,0.000,-6.0000,0.0000,0.0000,6.0000,95.00,95.00,90.00,90.00,65535,65535,65535,1500,1,14,40.4365031,-86.8936791,159.093,0.037,-0.018,0.037,3,0.37,0.52,0.09,1
8365,36772,23499,15495,0,0,-0.32202,2.63242,9.45470,-0.006392,-0.009587,-0.011718,15.530,1.850,-0.119,0.0177,-0.0029,-0.0170,0.0393,-0.0556,-0.0280,-0.0056719,-0.0088585,-0.0104283,0.001629,0.005913,0.020080,0.00000,0.00000,0.000,0.000,0.000,0.000,0.000,-6.0000,0.0000,0.0000,6.0000,95.00,95.00,90.00,90.00,65535,65535,65535,1500,1,14,40.4365031,-86.8936791,159.093,0.040,-0.020,0.040,3,0.37,0.52,0.09,1
8395,23705,29489,21536,0,0,-0.28970,2.62285,9.46787,-0.006392,-0.008522,-0.010653,15.526,1.843,-0.127,0.0181,-0.0030,-0.0170,0.0397,-0.0557,-0.0284,-0.0056662,-0.0088378,-0.0104151,0.001649,0.005942,0.020073,0.00000,0.00000,0.000,0.000,0.000,0.000,0.000,-6.0000,0.0000,0.0000,6.0000,95.00,95.00,90.00,90.00,65535,65535,65535,1500,1,14,40.4365031,-86.8936791,159.093,0.040,-0.020,0.040,3,0.37,0.52,0.09,1
8433,49602,18127,15140,0,0,-0.31005,2.60968,9.47266,-0.005326,-0.008522,-0.010653,15.520,1.843,-0.129,0.0183,-0.0039,-0.0168,0.0406,-0.0559,-0.0292,-0.0056500,-0.0088330,-0.0104134,0.001644,0.005993,0.020059,0.00000,0.00000,0.000,0.000,0.000,0.000,0.000,-6.0000,0.0000,0.0000,6.0000,95.00,95.00,90.00,90.00,65535,65535,65535,1500,1,14,40.4365031,-86.8936791,159.093,0.040,-0.020,0.040,3,0.37,0.52,0.09,1
8463,18410,29511,21536,0,0,-0.28850,2.66355,9.46548,-0.003196,-0.008522,-0.010653,15.533,1.836,-0.137,0.0185,-0.0036,-0.0166,0.0410,-0.0560,-0.0295,-0.0056746,-0.0088123,-0.0103988,0.001682,0.005931,0.020077,0.00000,0.00000,0.000,0.000,0.000,0.000,0.000,-6.0000,0.0000,0.0000,6.0000,95.00,95.00,90.00,90.00,65535,65535,65535,1500,1,14,40.4365031,-86.8936791,159.093,0.040,-0.020,0.040,3,0.37,0.52,0.09,1
8502,29716,38193,30284,0,0,-0.29568,2.68031,9.45710,-0.005326,-0.008522,-0.010653,15.549,1.832,-0.144,0.0189,-0.0027,-0.0164,0.0415,-0.0561,-0.0300,-0.0057110,-0.0087980,-0.0103874,0.001719,0.005836,0.020105,0.00000,0.00000,0.000,0.000,0.000,0.000,0.000,-6.0000,0.0000,0.0000,6.0000,95.00,95.00,90.00,90.00,65535,65535,65535,1500,1,14,40.4365031,-86.8936791,159.093,0.040,-0.020,0.040,3,0.37,0.52,0.09,1
8546,39050,43176,40109,0,0,-0.32681,2.61567,9.46428,-0.007457,-0.009587,-0.010653,15.551,1.720,0.234,-0.0273,-0.0002,-0.0136,0.0345,-0.0588,-0.0328,-0.0056966,-0.0087872,-0.0113123,-0.000031,0.004817,0.020025,0.00000,0.00000,0.000,0.000,0.000,0.000,0.000,-6.0000,0.0000,0.0000,6.0000,95.00,95.00,90.00,90.00,65535,65535,65535,1500,1,14,40.4365031,-86.8936792,159.091,-0.061,0.003,0.011,3,0.37,0.52,0.08,1
8575,43487,29558,21512,0,0,-0.28012,2.62764,9.46189,-0.004261,-0.008522,-0.010653,15.552,1.716,0.232,-0.0268,-0.0004,-0.0137,0.0333,-0.0588,-0.0334,-0.0056923,-0.0087763,-0.0113052,-0.000020,0.004837,0.020020,0.00000,0.00000,0.000,0.000,0.000,0.000,0.000,-6.0000,0.0000,0.0000,6.0000,95.00,95.00,90.00,90.00,65535,65535,65535,1500,1,14,40.4365031,-86.8936792,159.091,-0.060,0.000,0.010,3,0.37,0.52,0.08,1
8605,29766,29638,26616,0,0,-0.30646,2.62045,9.46548,-0.004261,-0.008522,-0.010653,15.550,1.719,0.237,-0.0271,-0.0007,-0.0138,0.0325,-0.0588,-0.0338,-0.0056822,-0.0087852,-0.0113119,-0.000037,0.004865,0.020012,0.00000,0.00000,0.000,0.000,0.000,0.000,0.000,-6.0000,0.0000,0.0000,6.0000,95.00,95.00,90.00,90.00,65535,65535,65535,1500,1,14,40.4365031,-86.8936792,159.091,-0.060,0.000,0.010,3,0.37,0.52,0.08,1
8643,49226,18119,15130,0,0,-0.32322,2.66834,9.46308,-0.006392,-0.008522,-0.010653,15.560,1.727,0.246,-0.0282,0.0007,-0.0133,0.0312,-0.0588,-0.0345,-0.0057076,-0.0088061,-0.0113226,-0.000047,0.004780,0.020035,0.00000,0.00000,0.000,0.000,0.000,0.000,0.000,-6.0000,0.0000,0.0000,6.0000,95.00,95.00,90.00,90.00,65535,65535,65535,1500,1,14,40.4365031,-86.8936792,159.091,-0.060,0.000,0.010,3,0.37,0.52,0.08,1
8667,18393,23520,15525,0,0,-0.31125,2.64440,9.47026,-0.006392,-0.008522,-0.010653,15.562,1.731,0.251,-0.0284,0.0007,-0.0131,0.0307,-0.0588,-0.0347,-0.0057128,-0.0088167,-0.0113285,-0.000056,0.004760,0.020040,0.00000,0.00000,0.000,0.000,0.000,0.000,0.000,-6.0000,0.0000,0.0000,6.0000,95.00,95.00,90.00,90.00,65535,65535,65535,1500,1,14,40.4365031,-86.8936792,159.091,-0.060,0.000,0.010,3,0.37,0.52,0.08,1
8696,23716,28571,20567,0,0,-0.28491,2.61447,9.46308,-0.005326,-0.009587,-0.011718,15.556,1.727,0.247,-0.0282,0.0005,-0.0132,0.0300,-0.0588,-0.0350,-0.0056984,-0.0088084,-0.0113248,-0.000054,0.004803,0.020028,0.00000,0.00000,0.000,0.000,0.000,0.000,0.000,-6.0000,0.0000,0.0000,6.0000,95.00,95.00,90.00,90.00,65535,65535,65535,1500,1,14,40.4365031,-86.8936792,159.091,-0.060,0.000,0.010,3,0.37,0.52,0.08,1
8726,28767,30003,21967,0,0,-0.28252,2.61447,9.47146,-0.004261,-0.008522,-0.010653,15.551,1.724,0.245,-0.0280,0.0002,-0.0131,0.0292,-0.0587,-0.0354,-0.0056831,-0.0087987,-0.0113205,-0.000051,0.004848,0.020016,0.00000,0.00000,0.000,0.000,0.000,0.000,0.000,-6.0000,0.0000,0.0000,6.0000,95.00,95.00,90.00,90.00,65535,65535,65535,1500,1,14,40.4365031,-86.8936792,159.091,-0.060,0.000,0.010,3,0.37,0.52,0.08,1
8762,30896,35418,27357,0,0,-0.29209,2.64440,9.45949,-0.005326,-0.008522,-0.010653,15.545,1.838,-0.134,0.0192,-0.0058,0.0058,0.0413,-0.0640,-0.0338,-0.0056946,-0.0088156,-0.0104133,0.001791,0.005616,0.017947,0.00000,0.00000,0.000,0.000,0.000,0.000,0.000,-6.0000,0.0000,0.0000,6.0000,95.00,95.00,90.00,90.00,65535,65535,65535,1500,1,14,40.4365032,-86.8936794,159.098,0.050,-0.010,-0.020,3,0.37,0.52,0.09,1
8792,35645,29263,21302,0,0,-0.31244,2.63721,9.46667,-0.004261,-0.009587,-0.010653,15.549,1.836,-0.136,0.0192,-0.0057,0.0060,0.0420,-0.0642,-0.0336,-0.0056968,-0.0088138,-0.0104118,0.001795,0.005610,0.017949,0.00000,0.00000,0.000,0.000,0.000,0.000,0.000,-6.0000,0.0000,0.0000,6.0000,95.00,95.00,90.00,90.00,65535,65535,65535,1500,1,14,40.4365032,-86.8936794,159.098,0.050,-0.010,-0.020,3,0.37,0.52,0.09,1
8830,29470,38103,30060,0,0,-0.31484,2.63602,9.46308,-0.004261,-0.009587,-0.011718,15.552,1.835,-0.138,0.0191,-0.0057,0.0061,0.0426,-0.0644,-0.0334,-0.0056985,-0.0088139,-0.0104117,0.001795,0.005604,0.017951,0.00000,0.00000,0.000,0.000,0.000,0.000,0.000,-6.0000,0.0000,0.0000,6.0000,95.00,95.00,90.00,90.00,65535,65535,65535,1500,1,14,40.4365032,-86.8936794,159.098,0.050,-0.010,-0.020,3,0.37,0.52,0.09,1
8875,65112,18196,15208,0,0,-0.30646,2.62405,9.46189,-0.005326,-0.008522,-0.010653,15.551,1.834,-0.141,0.0194,-0.0062,0.0060,0.0438,-0.0648,-0.0330,-0.0056919,-0.0088079,-0.0104085,0.001800,0.005626,0.017945,0.00000,0.00000,0.000,0.000,0.000,0.000,0.000,-6.0000,0.0000,0.0000,6.0000,95.00,95.00,90.00,90.00,65535,65535,65535,1500,1,14,40.4365032,-86.8936794,159.098,0.050,-0.010,-0.020,3,0.37,0.52,0.09,1
8905,18468,30089,22191,0,0,-0.30765,2.62883,9.46189,-0.006392,-0.008522,-0.010653,15.548,1.833,-0.143,0.0194,-0.0062,0.0060,0.0442,-0.0649,-0.0329,-0.0056891,-0.0088030,-0.0104058,0.001805,0.005637,0.017942,0.00000,0.00000,0.000,0.000,0.000,0.000,0.000,-6.0000,0.0000,0.0000,6.0000,95.00,95.00,90.00,90.00,65535,65535,65535,1500,1,14,40.4365032,-86.8936794,159.098,0.050,-0.010,-0.020,3,0.37,0.52,0.09,1
8955,30992,48956,41019,0,0,-0.30765,2.63123,9.46189,-0.005326,-0.009587,-0.011718,15.549,1.818,-0.106,0.0143,-0.0032,0.0081,0.0461,-0.0682,-0.0351,-0.0056860,-0.0087961,-0.0105006,0.001634,0.005229,0.017843,0.00000,0.00000,0.000,0.000,0.000,0.000,0.000,-6.0000,0.0000,0.0000,6.0000,95.00,95.00,90.00,90.00,65535,65535,65535,1500,1,14,40.4365033,-86.8936795,159.085,0.010,0.000,-0.010,3,0.37,0.52,0.10,1
8987,49156,31282,26109,0,0,-0.30167,2.63482,9.46069,-0.005326,-0.008522,-0.010653,15.551,1.816,-0.110,0.0146,-0.0031,0.0081,0.0468,-0.0684,-0.0347,-0.0056876,-0.0087889,-0.0104956,0.001646,0.005228,0.017844,0.00000,0.00000,0.000,0.000,0.000,0.000,0.000,-6.0000,0.0000,0.0000,6.0000,95.00,95.00,90.00,90.00,65535,65535,65535,1500,1,14,40.4365033,-86.8936795,159.085,0.010,0.000,-0.010,3,0.37,0.52,0.10,1
9010,31478,23400,15374,0,0,-0.31484,2.63482,9.46069,-0.005326,-0.008522,-0.010653,15.552,1.817,-0.109,0.0145,-0.0031,0.0081,0.0473,-0.0685,-0.0344,-0.0056890,-0.0087913,-0.0104971,0.001643,0.005222,0.017845,0.00000,0.00000,0.000,0.000,0.000,0.000,0.000,-6.0000,0.0000,0.0000,6.0000,95.00,95.00,90.00,90.00,65535,65535,65535,1500,1,14,40.4365033,-86.8936795,159.085,0.010,0.000,-0.010,3,0.37,0.52,0.10,1
9040,23612,29428,21435,0,0,-0.29329,2.63362,9.46548,-0.004261,-0.009587,-0.010653,15.553,1.812,-0.114,0.0147,-0.0031,0.0082,0.0476,-0.0685,-0.0342,-0.0056883,-0.0087787,-0.0104891,0.001661,0.005231,0.017844,0.00000,0.00000,0.000,0.000,0.000,0.000,0.000,-6.0000,0.0000,0.0000,6.0000,95.00,95.00,90.00,90.00,65535,65535,65535,1500,1,14,40.4365033,-86.8936795,159.085,0.010,0.000,-0.010,3,0.37,0.52,0.10,1
9078,49543,18116,15126,0,0,-0.28611,2.64918,9.46428,-0.006392,-0.008522,-0.010653,15.556,1.806,-0.122,0.0156,-0.0025,0.0086,0.0484,-0.0687,-0.0338,-0.0056988,-0.0087611,-0.0104780,0.001689,0.005210,0.017850,0.00000,0.00000,0.000,0.000,0.000,0.000,0.000,-6.0000,0.0000,0.0000,6.0000,95.00,95.00,90.00,90.00,65535,65535,65535,1500,1,14,40.4365033,-86.8936795,159.085,0.010,0.000,-0.010,3,0.37,0.52,0.10,1
9108,23404,24809,21814,0,0,-0.32920,2.61567,9.46428,-0.006392,-0.008522,-0.011718,15.549,1.812,-0.118,0.0153,-0.0028,0.0085,0.0488,-0.0687,-0.0336,-0.0056863,-0.0087746,-0.0104865,0.001667,0.005238,0.017842,0.00000,0.00000,0.000,0.000,0.000,0.000,0.000,-6.0000,0.0000,0.0000,6.0000,95.00,95.00,90.00,90.00,65535,65535,65535,1500,1,14,40.4365033,-86.8936795,159.085,0.010,0.000,-0.010,3,0.37,0.52,0.10,1
9138,25037,29179,21126,0,0,-0.31125,2.61686,9.46548,-0.004261,-0.008522,-0.010653,15.546,1.812,-0.117,0.0152,-0.0030,0.0085,0.0491,-0.0688,-0.0334,-0.0056750,-0.0087750,-0.0104874,0.001662,0.005268,0.017833,0.00000,0.00000,0.000,0.000,0.000,0.000,0.000,-6.0000,0.0000,0.0000,6.0000,95.00,95.00,90.00,90.00,65535,65535,65535,1500,1,14,40.4365033,-86.8936795,159.085,0.010,0.000,-0.010,3,0.37,0.52,0.10,1
9185,29869,46151,38164,0,0,-0.29449,2.63242,9.46428,-0.004261,-0.008522,-0.010653,15.549,1.784,-0.043,0.0051,0.0035,-0.0047,0.0495,-0.0713,-0.0400,-0.0056706,-0.0087596,-0.0106632,0.001292,0.004878,0.019218,0.00000,0.00000,0.000,0.000,0.000,0.000,0.000,-6.0000,0.0000,0.0000,6.0000,95.00,95.00,90.00,90.00,65535,65535,65535,1500,1,14,40.4365033,-86.8936796,159.053,-0.002,0.009,0.014,3,0.37,0.52,0.10,1
9220,46665,35014,27065,0,0,-0.30047,2.64200,9.46069,-0.006392,-0.008522,-0.010653,15.550,1.784,-0.044,0.0053,0.0039,-0.0046,0.0498,-0.0712,-0.0402,-0.0056771,-0.0087557,-0.0106601,0.001301,0.004859,0.019224,0.00000,0.00000,0.000,0.000,0.000,0.000,0.000,-6.0000,0.0000,0.0000,6.0000,95.00,95.00,90.00,90.00,65535,65535,65535,1500,1,14,40.4365033,-86.8936796,159.053,0.000,0.010,0.010,3,0.37,0.52,0.10,1
9250,35211,29310,21393,0,0,-0.30047,2.63482,9.45829,-0.006392,-0.009587,-0.010653,15.549,1.781,-0.046,0.0054,0.0040,-0.0047,0.0500,-0.0710,-0.0404,-0.0056792,-0.0087523,-0.0106577,0.001307,0.004854,0.019225,0.00000,0.00000,0.000,0.000,0.000,0.000,0.000,-6.0000,0.0000,0.0000,6.0000,95.00,95.00,90.00,90.00,65535,65535,65535,1500,1,14,40.4365033,-86.8936796,159.053,0.000,0.010,0.010,3,0.37,0.52,0.10,1
9288,49299,18146,15147,0,0,-0.30765,2.63242,9.47146,-0.005326,-0.008522,-0.010653,15.549,1.782,-0.046,0.0052,0.0039,-0.0043,0.0502,-0.0708,-0.0406,-0.0056771,-0.0087537,-0.0106587,0.001304,0.004860,0.019224,0.00000,0.00000,0.000,0.000,0.000,0.000,0.000,-6.0000,0.0000,0.0000,6.0000,95.00,95.00,90.00,90.00,65535,65535,65535,1500,1,14,40.4365033,-86.8936796,159.053,0.000,0.010,0.010,3,0.37,0.52,0.10,1
9312,18419,23791,15778,0,0,-0.32322,2.61926,9.46667,-0.004261,-0.008522,-0.010653,15.546,1.787,-0.041,0.0050,0.0038,-0.0043,0.0503,-0.0707,-0.0407,-0.0056672,-0.0087656,-0.0106663,0.001284,0.004882,0.019217,0.00000,0.00000,0.000,0.000,0.000,0.000,0.000,-6.0000,0.0000,0.0000,6.0000,95.00,95.00,90.00,90.00,65535,65535,65535,1500,1,14,40.4365033,-86.8936796,159.053,0.000,0.010,0.010,3,0.37,0.52,0.10,1
9342,24218,29709,21689,0,0,-0.31723,2.64200,9.45829,-0.004261,-0.009587,-0.010653,15.552,1.788,-0.038,0.0048,0.0040,-0.0043,0.0505,-0.0707,-0.0408,-0.0056739,-0.0087729,-0.0106701,0.001277,0.004860,0.019223,0.00000,0.00000,0.000,0.000,0.000,0.000,0.000,-6.0000,0.0000,0.0000,6.0000,95.00,95.00,90.00,90.00,65535,65535,65535,1500,1,14,40.4365033,-86.8936796,159.053,0.000,0.010,0.010,3,0.37,0.52,0.10,1
9380,30441,37680,29763,0,0,-0.30765,2.65158,9.46308,-0.006392,-0.008522,-0.010653,15.556,1.770,0.023,-0.0037,0.0128,0.0150,0.0509,-0.0728,-0.0395,-0.0056807,-0.0087698,-0.0108089,0.001091,0.003500,0.017764,0.00000,0.00000,0.000,0.000,0.000,0.000,0.000,-6.0000,0.0000,0.0000,6.0000,95.00,95.00,90.00,90.00,65535,65535,65535,1500,1,14,40.4365033,-86.8936797,159.063,-0.010,0.020,-0.030,3,0.37,0.52,0.10,1
9410,37915,29614,21642,0,0,-0.28970,2.63003,9.46308,-0.005326,-0.008522,-0.010653,15.555,1.767,0.020,-0.0033,0.0127,0.0151,0.0508,-0.0723,-0.0389,-0.0056779,-0.0087606,-0.0108028,0.001104,0.003514,0.017761,0.00000,0.00000,0.000,0.000,0.000,0.000,0.000,-6.0000,0.0000,0.0000,6.0000,95.00,95.00,90.00,90.00,65535,65535,65535,1500,1,14,40.4365033,-86.8936797,159.063,-0.010,0.020,-0.030,3,0.37,0.52,0.10,1
9440,29819,29385,21355,0,0,-0.30526,2.63123,9.46069,-0.005326,-0.008522,-0.010653,15.555,1.768,0.021,-0.0034,0.0127,0.0151,0.0507,-0.0719,-0.0385,-0.0056765,-0.0087621,-0.0108039,0.001101,0.003518,0.017760,0.00000,0.00000,0.000,0.000,0.000,0.000,0.000,-6.0000,0.0000,0.0000,6.0000,95.00,95.00,90.00,90.00,65535,65535,65535,1500,1,14,40.4365033,-86.8936797,159.063,-0.010,0.020,-0.030,3,0.37,0.52,0.10,1
9463,29577,23312,20302,0,0,-0.31364,2.63242,9.45949,-0.005326,-0.009587,-0.010653,15.555,1.769,0.024,-0.0037,0.0127,0.0151,0.0506,-0.0715,-0.0380,-0.0056760,-0.0087691,-0.0108083,0.001090,0.003516,0.017760,0.00000,0.00000,0.000,0.000,0.000,0.000,0.000,-6.0000,0.0000,0.0000,6.0000,95.00,95.00,90.00,90.00,65535,65535,65535,1500,1,14,40.4365033,-86.8936797,159.063,-0.010,0.020,-0.030,3,0.37,0.52,0.10,1
9519,60588,18415,15405,0,0,-0.31963,2.63602,9.46907,-0.007457,-0.007457,-0.010653,15.550,1.778,0.029,-0.0046,0.0129,0.0157,0.0503,-0.0708,-0.0371,-0.0056768,-0.0087794,-0.0108140,0.001078,0.003509,0.017761,0.00000,0.00000,0.000,0.000,0.000,0.000,0.000,-6.0000,0.0000,0.0000,6.0000,95.00,95.00,90.00,90.00,65535,65535,65535,1500,1,14,40.4365033,-86.8936797,159.063,-0.010,0.020,-0.030,3,0.37,0.52,0.10,1
9561,24148,35853,32850,0,0,-0.30885,2.63482,9.46189,-0.006392,-0.008522,-0.011718,15.551,1.809,-0.066,0.0096,-0.0056,0.0069,0.0559,-0.0794,-0.0424,-0.0056877,-0.0087878,-0.0106043,0.001360,0.005484,0.018042,0.00000,0.00000,0.000,0.000,0.000,0.000,0.000,-6.0000,0.0000,0.0000,6.0000,95.00,95.00,90.00,90.00,65535,65535,65535,1500,1,14,40.4365034,-86.8936799,159.046,0.020,-0.020,0.000,3,0.37,0.52,0.09,1
9590,36090,29390,21417,0,0,-0.28491,2.63482,9.46308,-0.005326,-0.008522,-0.010653,15.552,1.803,-0.073,0.0103,-0.0056,0.0070,0.0563,-0.0796,-0.0422,-0.0056885,-0.0087711,-0.0105931,0.001385,0.005491,0.018041,0.00000,0.00000,0.000,0.000,0.000,0.000,0.000,-6.0000,0.0000,0.0000,6.0000,95.00,95.00,90.00,90.00,65535,65535,65535,1500,1,14,40.4365034,-86.8936799,159.046,0.020,-0.020,0.000,3,0.37,0.52,0.09,1
9628,29597,38063,30033,0,0,-0.30167,2.64440,9.46428,-0.006392,-0.008522,-0.010653,15.554,1.801,-0.076,0.0104,-0.0054,0.0072,0.0566,-0.0798,-0.0420,-0.0056952,-0.0087660,-0.0105894,0.001396,0.005472,0.018047,0.00000,0.00000,0.000,0.000,0.000,0.000,0.000,-6.0000,0.0000,0.0000,6.0000,95.00,95.00,90.00,90.00,65535,65535,65535,1500,1,14,40.4365034,-86.8936799,159.046,0.020,-0.020,0.000,3,0.37,0.52,0.09,1
9659,38247,30534,27521,0,0,-0.30526,2.62883,9.46428,-0.005326,-0.008522,-0.010653,15.553,1.801,-0.077,0.0104,-0.0056,0.0072,0.0570,-0.0800,-0.0417,-0.0056917,-0.0087636,-0.0105882,0.001397,0.005484,0.018043,0.00000,0.00000,0.000,0.000,0.000,0.000,0.000,-6.0000,0.0000,0.0000,6.0000,95.00,95.00,90.00,90.00,65535,65535,65535,1500,1,14,40.4365034,-86.8936799,159.046,0.020,-0.020,0.000,3,0.37,0.52,0.09,1
9689,30724,29333,26300,0,0,-0.31364,2.63602,9.46308,-0.004261,-0.008522,-0.010653,15.556,1.803,-0.075,0.0103,-0.0055,0.0073,0.0573,-0.0802,-0.0415,-0.0056928,-0.0087666,-0.0105899,0.001394,0.005479,0.018045,0.00000,0.00000,0.000,0.000,0.000,0.000,0.000,-6.0000,0.0000,0.0000,6.0000,95.00,95.00,90.00,90.00,65535,65535,65535,1500,1,14,40.4365034,-86.8936799,159.046,0.020,-0.020,0.000,3,0.37,0.52,0.09,1
9734,50557,24038,21040,0,0,-0.30765,2.63362,9.46428,-0.006392,-0.008522,-0.010653,15.567,1.728,0.173,-0.0183,-0.0306,-0.0132,0.0542,-0.0909,-0.0500,-0.0057052,-0.0087543,-0.0111321,-0.000264,0.007630,0.019298,0.00000,0.00000,0.000,0.000,0.000,0.000,0.000,-6.0000,0.0000,0.0000,6.0000,95.00,95.00,90.00,90.00,65535,65535,65535,1500,1,14,40.4365034,-86.8936801,159.018,-0.040,-0.050,0.030,3,0.37,0.52,0.09,1
9764,24307,29527,21536,0,0,-0.30167,2.63841,9.46189,-0.005326,-0.008522,-0.010653,15.569,1.729,0.175,-0.0184,-0.0306,-0.0132,0.0537,-0.0916,-0.0503,-0.0057066,-0.0087577,-0.0111343,-0.000268,0.007623,0.019300,0.00000,0.00000,0.000,0.000,0.000,0.000,0.000,-6.0000,0.0000,0.0000,6.0000,95.00,95.00,90.00,90.00,65535,65535,65535,1500,1,14,40.4365034,-86.8936801,159.018,-0.040,-0.050,0.030,3,0.37,0.52,0.09,1
9793,29740,29483,21492,0,0,-0.29329,2.64200,9.45231,-0.005326,-0.008522,-0.010653,15.572,1.729,0.175,-0.0183,-0.0305,-0.0134,0.0532,-0.0925,-0.0507,-0.0057117,-0.0087557,-0.0111326,-0.000262,0.007607,0.019304,0.00000,0.00000,0.000,0.000,0.000,0.000,0.000,-6.0000,0.0000,0.0000,6.0000,95.00,95.00,90.00,90.00,65535,65535,65535,1500,1,14,40.4365034,-86.8936801,159.018,-0.040,-0.050,0.030,3,0.37,0.52,0.09,1
9817,29680,23474,15429,0,0,-0.30646,2.62883,9.45829,-0.005326,-0.008522,-0.010653,15.571,1.732,0.179,-0.0186,-0.0307,-0.0136,0.0527,-0.0935,-0.0511,-0.0057074,-0.0087622,-0.0111369,-0.000274,0.007618,0.019301,0.00000,0.00000,0.000,0.000,0.000,0.000,0.000,-6.0000,0.0000,0.0000,6.0000,95.00,95.00,90.00,90.00,65535,65535,65535,1500,1,14,40.4365034,-86.8936801,159.018,-0.040,-0.050,0.030,3,0.37,0.52,0.09,1
9855,23674,37964,30066,0,0,-0.30167,2.62524,9.45949,-0.006392,-0.008522,-0.010653,15.567,1.733,0.181,-0.0186,-0.0309,-0.0137,0.0522,-0.0942,-0.0515,-0.0057011,-0.0087653,-0.0111393,-0.000282,0.007635,0.019296,0.00000,0.00000,0.000,0.000,0.000,0.000,0.000,-6.0000,0.0000,0.0000,6.0000,95.00,95.00,90.00,90.00,65535,65535,65535,1500,1,14,40.4365034,-86.8936801,159.018,-0.040,-0.050,0.030,3,0.37,0.52,0.09,1
9891,38165,35795,27928,0,0,-0.31125,2.61686,9.46308,-0.005326,-0.009587,-0.011718,15.561,1.735,0.184,-0.0191,-0.0315,-0.0139,0.0515,-0.0954,-0.0520,-0.0056893,-0.0087744,-0.0111452,-0.000300,0.007665,0.019287,0.00000,0.00000,0.000,0.000,0.000,0.000,0.000,-6.0000,0.0000,0.0000,6.0000,95.00,95.00,90.00,90.00,65535,65535,65535,1500,1,14,40.4365034,-86.8936801,159.018,-0.040,-0.050,0.030,3,0.37,0.52,0.09,1
9944,58391,30253,22204,0,0,-0.31125,2.64080,9.45829,-0.005326,-0.008522,-0.010653,15.554,1.774,0.072,-0.0078,-0.0029,-0.0232,0.0554,-0.0956,-0.0591,-0.0056784,-0.0087873,-0.0109006,0.000567,0.005709,0.020687,0.00000,0.00000,0.000,0.000,0.000,0.000,0.000,-6.0000,0.0000,0.0000,6.0000,95.00,95.00,90.00,90.00,65535,65535,65535,1500,1,14,40.4365034,-86.8936802,159.006,0.000,0.020,0.030,3,0.37,0.53,0.11,1
9968,30511,23478,15431,0,0,-0.29808,2.64679,9.45590,-0.004261,-0.008522,-0.010653,15.561,1.773,0.070,-0.0077,-0.0025,-0.0233,0.0552,-0.0957,-0.0598,-0.0056873,-0.0087834,-0.0108972,0.000580,0.005681,0.020696,0.00000,0.00000,0.000,0.000,0.000,0.000,0.000,-6.0000,0.0000,0.0000,6.0000,95.00,95.00,90.00,90.00,65535,65535,65535,1500,1,14,40.4365034,-86.8936802,159.006,0.000,0.020,0.030,3,0.37,0.53,0.11,1
9997,23676,28577,20684,0,0,-0.29209,2.64080,9.44991,-0.006392,-0.008522,-0.010653,15.563,1.770,0.067,-0.0076,-0.0024,-0.0236,0.0550,-0.0957,-0.0604,-0.0056930,-0.0087761,-0.0108920,0.000595,0.005666,0.020700,0.00000,0.00000,0.000,0.000,0.000,0.000,0.000,-6.0000,0.0000,0.0000,6.0000,95.00,95.00,90.00,90.00,65535,65535,65535,1500,1,14,40.4365034,-86.8936802,159.006,0.000,0.020,0.030,3,0.37,0.53,0.11,1
10026,28781,29484,21482,0,0,-0.29449,2.63841,9.46308,-0.006392,-0.008522,-0.011718,15.562,1.768,0.064,-0.0074,-0.0023,-0.0236,0.0548,-0.0958,-0.0611,-0.0056948,-0.0087704,-0.0108884,0.000604,0.005663,0.020701,0.00000,0.00000,0.000,0.000,0.000,0.000,0.000,-6.0000,0.0000,0.0000,6.0000,95.00,95.00,90.00,90.00,65535,65535,65535,1500,1,14,40.4365034,-86.8936802,159.006,0.000,0.020,0.030,3,0.37,0.53,0.11,1
10056,29688,29475,26462,0,0,-0.32082,2.61686,9.46069,-0.006392,-0.008522,-0.010653,15.556,1.773,0.069,-0.0078,-0.0027,-0.0238,0.0546,-0.0958,-0.0618,-0.0056843,-0.0087813,-0.0108956,0.000583,0.005689,0.020693,0.00000,0.00000,0.000,0.000,0.000,0.000,0.000,-6.0000,0.0000,0.0000,6.0000,95.00,95.00,90.00,90.00,65535,65535,65535,1500,1,14,40.4365034,-86.8936802,159.006,0.000,0.020,0.030,3,0.37,0.53,0.11,1
10086,29669,29322,26301,0,0,-0.30765,2.61686,9.46428,-0.005326,-0.008522,-0.010653,15.551,1.774,0.071,-0.0079,-0.0030,-0.0239,0.0544,-0.0959,-0.0625,-0.0056738,-0.0087835,-0.0108976,0.000574,0.005719,0.020685,0.00000,0.00000,0.000,0.000,0.000,0.000,0.000,-6.0000,0.0000,0.0000,6.0000,95.00,95.00,90.00,90.00,65535,65535,65535,1500,1,14,40.4365034,-86.8936802,159.006,0.000,0.020,0.030,3,0.37,0.53,0.11,1
10109,29521,23469,15415,0,0,-0.29808,2.64559,9.46667,-0.005326,-0.008522,-0.010653,15.555,1.773,0.070,-0.0078,-0.0028,-0.0237,0.0541,-0.0960,-0.0632,-0.0056802,-0.0087796,-0.0108950,0.000583,0.005703,0.020689,0.00000,0.00000,0.000,0.000,0.000,0.000,0.000,-6.0000,0.0000,0.0000,6.0000,95.00,95.00,90.00,90.00,65535,65535,65535,1500,1,14,40.4365034,-86.8936802,159.006,0.000,0.020,0.030,3,0.37,0.53,0.11,1
10148,43445,18733,15725,0,0,-0.29329,2.63841,9.46189,-0.005326,-0.008522,-0.009587,15.557,1.770,0.070,-0.0075,-0.0027,-0.0237,0.0538,-0.0961,-0.0642,-0.0056828,-0.0087730,-0.0108915,0.000592,0.005699,0.020691,0.00000,0.00000,0.000,0.000,0.000,0.000,0.000,-6.0000,0.0000,0.0000,6.0000,95.00,95.00,90.00,90.00,65535,65535,65535,1500,1,14,40.4365034,-86.8936802,159.006,0.000,0.020,0.030,3,0.37,0.53,0.11,1
10198,24737,44066,41062,0,0,-0.00359,2.64080,9.46308,-0.007457,-0.008522,-0.011718,15.554,1.737,-0.146,0.0172,-0.0192,-0.0394,0.0610,-0.1052,-0.0732,-0.0056944,-0.0085986,-0.0104967,0.001446,0.007754,0.021523,0.00000,0.00000,0.000,0.000,0.000,0.000,0.000,-6.0000,0.0000,0.0000,6.0000,95.00,95.00,90.00,90.00,65535,65535,65535,1500,1,14,40.4365035,-86.8936803,158.980,0.030,-0.030,0.050,3,0.37,0.53,0.10,1
10234,44291,35849,30080,0,0,-0.31963,2.62045,9.46308,-0.008522,-0.008522,-0.010653,15.544,1.742,-0.140,0.0162,-0.0197,-0.0397,0.0617,-0.1061,-0.0749,-0.0056872,-0.0086120,-0.0105056,0.001424,0.007771,0.021517,0.00000,0.00000,0.000,0.000,0.000,0.000,0.000,-6.0000,0.0000,0.0000,6.0000,95.00,95.00,90.00,90.00,65535,65535,65535,1500,1,14,40.4365035,-86.8936803,158.980,0.030,-0.030,0.050,3,0.37,0.53,0.10,1
10265,36062,30975,26237,0,0,-0.31364,2.62764,9.46548,-0.004261,-0.008522,-0.010653,15.545,1.746,-0.136,0.0157,-0.0199,-0.0397,0.0623,-0.1068,-0.0763,-0.0056838,-0.0086210,-0.0105112,0.001410,0.007777,0.021515,0.00000,0.00000,0.000,0.000,0.000,0.000,0.000,-6.0000,0.0000,0.0000,6.0000,95.00,95.00,90.00,90.00,65535,65535,65535,1500,1,14,40.4365035,-86.8936803,158.980,0.030,-0.030,0.050,3,0.37,0.53,0.10,1
10289,31179,23409,15440,0,0,-0.30047,2.64679,9.46548,-0.006392,-0.008522,-0.010653,15.548,1.747,-0.137,0.0157,-0.0196,-0.0396,0.0628,-0.1074,-0.0776,-0.0056920,-0.0086215,-0.0105109,0.001414,0.007752,0.021522,0.00000,0.00000,0.000,0.000,0.000,0.000,0.000,-6.0000,0.0000,0.0000,6.0000,95.00,95.00,90.00,90.00,65535,65535,65535,1500,1,14,40.4365035,-86.8936803,158.980,0.030,-0.030,0.050,3,0.37,0.53,0.10,1
10327,23694,38040,30155,0,0,-0.29209,2.64679,9.45231,-0.006392,-0.008522,-0.010653,15.552,1.745,-0.139,0.0157,-0.0195,-0.0398,0.0632,-0.1079,-0.0785,-0.0057018,-0.0086171,-0.0105078,0.001424,0.007725,0.021530,0.00000,0.00000,0.000,0.000,0.000,0.000,0.000,-6.0000,0.0000,0.0000,6.0000,95.00,95.00,90.00,90.00,65535,65535,65535,1500,1,14,40.4365035,-86.8936803,158.980,0.030,-0.030,0.050,3,0.37,0.53,0.10,1
10381,67239,24123,21098,0,0,-0.30287,2.62165,9.46667,-0.006392,-0.008522,-0.011718,15.539,1.733,-0.097,0.0067,0.0078,-0.0289,0.0647,-0.1075,-0.0827,-0.0056801,-0.0086153,-0.0106030,0.001420,0.005159,0.021275,0.00000,0.00000,0.000,0.000,0.000,0.000,0.000,-6.0000,0.0000,0.0000,6.0000,95.00,95.00,90.00,90.00,65535,65535,65535,1500,1,14,40.4365035,-86.8936804,158.978,0.000,0.030,0.020,3,0.37,0.53,0.10,1
10410,24390,29640,21621,0,0,-0.31843,2.62405,9.45710,-0.006392,-0.008522,-0.010653,15.537,1.739,-0.091,0.0062,0.0077,-0.0291,0.0648,-0.1073,-0.0834,-0.0056769,-0.0086285,-0.0106116,0.001400,0.005163,0.021273,0.00000,0.00000,0.000,0.000,0.000,0.000,0.000,-6.0000,0.0000,0.0000,6.0000,95.00,95.00,90.00,90.00,65535,65535,65535,1500,1,14,40.4365035,-86.8936804,158.978,0.000,0.030,0.020,3,0.37,0.53,0.10,1
10440,29850,29054,20991,0,0,-0.31723,2.63123,9.45710,-0.006392,-0.008522,-0.010653,15.537,1.744,-0.086,0.0057,0.0078,-0.0293,0.0650,-0.1071,-0.0843,-0.0056782,-0.0086401,-0.0106186,0.001386,0.005152,0.021276,0.00000,0.00000,0.000,0.000,0.000,0.000,0.000,-6.0000,0.0000,0.0000,6.0000,95.00,95.00,90.00,90.00,65535,65535,65535,1500,1,14,40.4365035,-86.8936804,158.978,0.000,0.030,0.020,3,0.37,0.53,0.10,1
10463,29265,23434,15407,0,0,-0.31005,2.64080,9.45590,-0.002131,-0.008522,-0.010653,15.546,1.747,-0.083,0.0054,0.0080,-0.0295,0.0652,-0.1068,-0.0851,-0.0056845,-0.0086468,-0.0106221,0.001380,0.005128,0.021282,0.00000,0.00000,0.000,0.000,0.000,0.000,0.000,-6.0000,0.0000,0.0000,6.0000,95.00,95.00,90.00,90.00,65535,65535,65535,1500,1,14,40.4365035,-86.8936804,158.978,0.000,0.030,0.020,3,0.37,0.53,0.10,1
10493,28641,24515,21511,0,0,-0.30406,2.65397,9.45470,-0.002131,-0.009587,-0.010653,15.559,1.747,-0.083,0.0053,0.0085,-0.0296,0.0653,-0.1066,-0.0860,-0.0056975,-0.0086496,-0.0106228,0.001383,0.005087,0.021294,0.00000,0.00000,0.000,0.000,0.000,0.000,0.000,-6.0000,0.0000,0.0000,6.0000,95.00,95.00,90.00,90.00,65535,65535,65535,1500,1,14,40.4365035,-86.8936804,158.978,0.000,0.030,0.020,3,0.37,0.53,0.10,1
10532,24816,38342,30272,0,0,-0.31005,2.63841,9.46189,-0.006392,-0.008522,-0.011718,15.559,1.750,-0.082,0.0050,0.0085,-0.0296,0.0654,-0.1064,-0.0867,-0.0056998,-0.0086557,-0.0106260,0.001375,0.005077,0.021296,0.00000,0.00000,0.000,0.000,0.000,0.000,0.000,-6.0000,0.0000,0.0000,6.0000,95.00,95.00,90.00,90.00,65535,65535,65535,1500,1,14,40.4365035,-86.8936804,158.978,0.000,0.030,0.020,3,0.37,0.53,0.10,1
10590,65801,30903,27915,0,0,-0.30287,2.63602,9.45710,-0.004261,-0.008522,-0.010653,15.561,1.761,-0.115,0.0082,0.0202,-0.0190,0.0693,-0.1081,-0.0902,-0.0056949,-0.0086583,-0.0105591,0.001687,0.003976,0.020662,0.00000,0.00000,0.000,0.000,0.000,0.000,0.000,-6.0000,0.0000,0.0000,6.0000,95.00,95.00,90.00,90.00,65535,65535,65535,1500,1,14,40.4365036,-86.8936804,158.970,0.010,0.030,0.010,3,0.37,0.53,0.09,1
10620,31158,29407,21467,0,0,-0.31005,2.64440,9.46667,-0.005326,-0.008522,-0.010653,15.564,1.764,-0.113,0.0079,0.0205,-0.0188,0.0696,-0.1075,-0.0908,-0.0056997,-0.0086629,-0.0105618,0.001681,0.003957,0.020667,0.00000,0.00000,0.000,0.000,0.000,0.000,0.000,-6.0000,0.0000,0.0000,6.0000,95.00,95.00,90.00,90.00,65535,65535,65535,1500,1,14,40.4365036,-86.8936804,158.970,0.010,0.030,0.010,3,0.37,0.53,0.09,1
10643,29623,23467,15415,0,0,-0.30526,2.63123,9.46428,-0.006392,-0.008522,-0.010653,15.562,1.765,-0.112,0.0078,0.0204,-0.0188,0.0698,-0.1069,-0.0913,-0.0056970,-0.0086646,-0.0105630,0.001677,0.003965,0.020665,0.00000,0.00000,0.000,0.000,0.000,0.000,0.000,-6.0000,0.0000,0.0000,6.0000,95.00,95.00,90.00,90.00,65535,65535,65535,1500,1,14,40.4365036,-86.8936804,158.970,0.010,0.030,0.010,3,0.37,0.53,0.09,1
10673,23684,29487,21530,0,0,-0.29568,2.63482,9.45710,-0.005326,-0.008522,-0.010653,15.562,1.763,-0.114,0.0078,0.0205,-0.0189,0.0700,-0.1064,-0.0918,-0.0056976,-0.0086606,-0.0105605,0.001684,0.003965,0.020665,0.00000,0.00000,0.000,0.000,0.000,0.000,0.000,-6.0000,0.0000,0.0000,6.0000,95.00,95.00,90.00,90.00,65535,65535,65535,1500,1,14,40.4365036,-86.8936804,158.970,0.010,0.030,0.010,3,0.37,0.53,0.09,1
10703,29690,29873,21974,0,0,-0.29209,2.62644,9.45949,-0.006392,-0.008522,-0.010653,15.559,1.761,-0.117,0.0080,0.0204,-0.0191,0.0702,-0.1058,-0.0923,-0.0056932,-0.0086546,-0.0105574,0.001691,0.003981,0.020661,0.00000,0.00000,0.000,0.000,0.000,0.000,0.000,-6.0000,0.0000,0.0000,6.0000,95.00,95.00,90.00,90.00,65535,65535,65535,1500,1,14,40.4365036,-86.8936804,158.970,0.010,0.030,0.010,3,0.37,0.53,0.09,1
10739,30654,35468,27381,0,0,-0.30765,2.62165,9.46069,-0.006392,-0.008522,-0.011718,15.566,1.721,0.023,-0.0070,-0.0116,-0.0110,0.0700,-0.1176,-0.0953,-0.0057011,-0.0086529,-0.0108403,0.000602,0.006051,0.019348,0.00000,0.00000,0.000,0.000,0.000,0.000,0.000,-6.0000,0.0000,0.0000,6.0000,95.00,95.00,90.00,90.00,65535,65535,65535,1500,1,14,40.4365036,-86.8936806,158.958,-0.020,-0.040,0.003,3,0.37,0.53,0.09,1
10772,49415,18130,15141,0,0,-0.30406,2.63721,9.46548,-0.005326,-0.008522,-0.010653,15.567,1.724,0.026,-0.0075,-0.0117,-0.0108,0.0696,-0.1182,-0.0959,-0.0057013,-0.0086581,-0.0108436,0.000593,0.006047,0.019349,0.00000,0.00000,0.000,0.000,0.000,0.000,0.000,-6.0000,0.0000,0.0000,6.0000,95.00,95.00,90.00,90.00,65535,65535,65535,1500,1,14,40.4365036,-86.8936806,158.958,-0.020,-0.040,0.000,3,0.37,0.53,0.09,1
10800,18378,28701,20683,0,0,-0.30287,2.63482,9.45590,-0.005326,-0.008522,-0.011718,15.568,1.726,0.028,-0.0076,-0.0117,-0.0110,0.0695,-0.1184,-0.0961,-0.0057015,-0.0086624,-0.0108462,0.000586,0.006044,0.019350,0.00000,0.00000,0.000,0.000,0.000,0.000,0.000,-6.0000,0.0000,0.0000,6.0000,95.00,95.00,90.00,90.00,65535,65535,65535,1500,1,14,40.4365036,-86.8936806,158.958,-0.020,-0.040,0.000,3,0.37,0.53,0.09,1
10832,28909,31687,23679,0,0,-0.31484,2.63721,9.46189,-0.005326,-0.008522,-0.010653,15.569,1.731,0.033,-0.0080,-0.0117,-0.0109,0.0693,-0.1187,-0.0964,-0.0057021,-0.0086731,-0.0108525,0.000568,0.006036,0.019352,0.00000,0.00000,0.000,0.000,0.000,0.000,0.000,-6.0000,0.0000,0.0000,6.0000,95.00,95.00,90.00,90.00,65535,65535,65535,1500,1,14,40.4365036,-86.8936806,158.958,-0.020,-0.040,0.000,3,0.37,0.53,0.09,1
10871,31895,38092,35076,0,0,-0.31484,2.62524,9.46069,-0.006392,-0.008522,-0.010653,15.564,1.736,0.038,-0.0085,-0.0119,-0.0111,0.0690,-0.1191,-0.0968,-0.0056964,-0.0086834,-0.0108587,0.000549,0.006047,0.019348,0.00000,0.00000,0.000,0.000,0.000,0.000,0.000,-6.0000,0.0000,0.0000,6.0000,95.00,95.00,90.00,90.00,65535,65535,65535,1500,1,14,40.4365036,-86.8936806,158.958,-0.020,-0.040,0.000,3,0.37,0.53,0.09,1
10902,38282,30771,27771,0,0,-0.29209,2.62524,9.45949,-0.004261,-0.008522,-0.010653,15.564,1.734,0.037,-0.0084,-0.0122,-0.0113,0.0687,-0.1195,-0.0972,-0.0056909,-0.0086803,-0.0108574,0.000551,0.006064,0.019343,0.00000,0.00000,0.000,0.000,0.000,0.000,0.000,-6.0000,0.0000,0.0000,6.0000,95.00,95.00,90.00,90.00,65535,65535,65535,1500,1,14,40.4365036,-86.8936806,158.958,-0.020,-0.040,0.000,3,0.37,0.53,0.09,1
10937,31209,34487,26498,0,0,-0.29808,2.63123,9.45470,-0.005326,-0.008522,-0.010653,15.564,1.735,0.038,-0.0084,-0.0123,-0.0115,0.0684,-0.1199,-0.0975,-0.0056896,-0.0086808,-0.0108577,0.000550,0.006068,0.019342,0.00000,0.00000,0.000,0.000,0.000,0.000,0.000,-6.0000,0.0000,0.0000,6.0000,95.00,95.00,90.00,90.00,65535,65535,65535,1500,1,14,40.4365036,-86.8936806,158.958,-0.020,-0.040,0.000,3,0.37,0.53,0.09,1
10972,35153,34552,31513,0,0,-0.31244,2.62644,9.46069,-0.004261,-0.008522,-0.010653,15.559,1.767,-0.053,0.0027,-0.0000,-0.0109,0.0733,-0.1228,-0.1022,-0.0056785,-0.0086931,-0.0106760,0.001187,0.005277,0.019521,0.00000,0.00000,0.000,0.000,0.000,0.000,0.000,-6.0000,0.0000,0.0000,6.0000,95.00,95.00,90.00,90.00,65535,65535,65535,1500,1,15,40.4365036,-86.8936807,158.946,0.010,0.010,0.010,3,0.37,0.53,0.09,1
11026,70731,18200,15181,0,0,-0.30646,2.62045,9.47026,-0.007457,-0.009587,-0.010653,15.547,1.765,-0.053,0.0024,-0.0009,-0.0106,0.0735,-0.1228,-0.1029,-0.0056699,-0.0086954,-0.0106779,0.001180,0.005303,0.019514,0.00000,0.00000,0.000,0.000,0.000,0.000,0.000,-6.0000,0.0000,0.0000,6.0000,95.00,95.00,90.00,90.00,65535,65535,65535,1500,1,15,40.4365036,-86.8936807,158.946,0.010,0.010,0.010,3,0.37,0.53,0.09,1
11056,18472,29667,21648,0,0,-0.31005,2.62524,9.47386,-0.004261,-0.008522,-0.011718,15.545,1.767,-0.052,0.0023,-0.0010,-0.0105,0.0735,-0.1229,-0.1031,-0.0056640,-0.0086995,-0.0106807,0.001170,0.005320,0.019509,0.00000,0.00000,0.000,0.000,0.000,0.000,0.000,-6.0000,0.0000,0.0000,6.0000,95.00,95.00,90.00,90.00,65535,65535,65535,1500,1,15,40.4365036,-86.8936807,158.946,0.010,0.010,0.010,3,0.37,0.53,0.09,1
11086,29876,29247,21345,0,0,-0.29688,2.63961,9.46667,-0.005326,-0.008522,-0.010653,15.547,1.766,-0.053,0.0023,-0.0009,-0.0103,0.0736,-0.1229,-0.1034,-0.0056674,-0.0086959,-0.0106784,0.001177,0.005312,0.019511,0.00000,0.00000,0.000,0.000,0.000,0.000,0.000,-6.0000,0.0000,0.0000,6.0000,95.00,95.00,90.00,90.00,65535,65535,65535,1500,1,15,40.4365036,-86.8936807,158.946,0.010,0.010,0.010,3,0.37,0.53,0.09,1
11109,29438,23384,15384,0,0,-0.31244,2.62405,9.47026,-0.005326,-0.008522,-0.011718,15.544,1.769,-0.053,0.0021,-0.0011,-0.0102,0.0737,-0.1229,-0.1037,-0.0056615,-0.0087012,-0.0106816,0.001167,0.005326,0.019507,0.00000,0.00000,0.000,0.000,0.000,0.000,0.000,-6.0000,0.0000,0.0000,6.0000,95.00,95.00,90.00,90.00,65535,65535,65535,1500,1,15,40.4365036,-86.8936807,158.946,0.010,0.010,0.010,3,0.37,0.53,0.09,1
11139,23579,30044,22131,0,0,-0.30167,2.63362,9.46907,-0.004261,-0.008522,-0.010653,15.546,1.769,-0.053,0.0021,-0.0011,-0.0100,0.0737,-0.1229,-0.1040,-0.0056612,-0.0087001,-0.0106811,0.001168,0.005327,0.019507,0.00000,0.00000,0.000,0.000,0.000,0.000,0.000,-6.0000,0.0000,0.0000,6.0000,95.00,95.00,90.00,90.00,65535,65535,65535,1500,1,15,40.4365036,-86.8936807,158.946,0.010,0.010,0.010,3,0.37,0.53,0.09,1
11176,30935,35430,27421,0,0,-0.31244,2.64559,9.45590,-0.005326,-0.008522,-0.010653,15.544,1.823,-0.221,0.0246,0.0048,0.0010,0.0816,-0.1272,-0.1060,-0.0056664,-0.0087127,-0.0103548,0.002223,0.004949,0.018733,0.00000,0.00000,0.000,0.000,0.000,0.000,0.000,-6.0000,0.0000,0.0000,6.0000,95.00,95.00,90.00,90.00,65535,65535,65535,1500,1,14,40.4365037,-86.8936808,158.942,0.040,0.010,-0.010,3,0.37,0.53,0.09,1
11231,72105,18149,15165,0,0,-0.30047,2.62764,9.45949,-0.005326,-0.008522,-0.011718,15.544,1.822,-0.230,0.0252,0.0046,0.0007,0.0834,-0.1268,-0.1059,-0.0056642,-0.0087054,-0.0103506,0.002235,0.004960,0.018730,0.00000,0.00000,0.000,0.000,0.000,0.000,0.000,-6.0000,0.0000,0.0000,6.0000,95.00,95.00,90.00,90.00,65535,65535,65535,1500,1,14,40.4365037,-86.8936808,158.942,0.040,0.010,-0.010,3,0.37,0.53,0.09,1
11266,18433,35018,27031,0,0,-0.30526,2.63123,9.45949,-0.005326,-0.008522,-0.010653,15.545,1.820,-0.232,0.0252,0.0046,0.0007,0.0839,-0.1267,-0.1059,-0.0056642,-0.0087014,-0.0103482,0.002242,0.004963,0.018730,0.00000,0.00000,0.000,0.000,0.000,0.000,0.000,-6.0000,0.0000,0.0000,6.0000,95.00,95.00,90.00,90.00,65535,65535,65535,1500,1,14,40.4365037,-86.8936808,158.942,0.040,0.010,-0.010,3,0.37,0.53,0.09,1
11289,35227,23418,15436,0,0,-0.31843,2.63242,9.45710,-0.005326,-0.008522,-0.010653,15.546,1.823,-0.231,0.0249,0.0047,0.0005,0.0848,-0.1266,-0.1059,-0.0056651,-0.0087050,-0.0103501,0.002236,0.004958,0.018731,0.00000,0.00000,0.000,0.000,0.000,0.000,0.000,-6.0000,0.0000,0.0000,6.0000,95.00,95.00,90.00,90.00,65535,65535,65535,1500,1,14,40.4365037,-86.8936808,158.942,0.040,0.010,-0.010,3,0.37,0.53,0.09,1
11320,23622,30017,22048,0,0,-0.31125,2.62524,9.44872,-0.004261,-0.008522,-0.010653,15.547,1.823,-0.232,0.0249,0.0046,0.0002,0.0854,-0.1265,-0.1059,-0.0056631,-0.0087045,-0.0103500,0.002236,0.004964,0.018729,0.00000,0.00000,0.000,0.000,0.000,0.000,0.000,-6.0000,0.0000,0.0000,6.0000,95.00,95.00,90.00,90.00,65535,65535,65535,1500,1,14,40.4365037,-86.8936808,158.942,0.040,0.010,-0.010,3,0.37,0.53,0.09,1
11356,30900,35553,27483,0,0,-0.30287,2.63242,9.46069,-0.005326,-0.008522,-0.010653,15.554,1.786,-0.119,0.0110,-0.0095,0.0107,0.0856,-0.1350,-0.1080,-0.0056692,-0.0086944,-0.0105663,0.001464,0.005586,0.017671,0.00000,0.00000,0.000,0.000,0.000,0.000,0.000,-6.0000,0.0000,0.0000,6.0000,95.00,95.00,90.00,90.00,65535,65535,65535,1500,1,14,40.4365037,-86.8936809,158.931,0.000,-0.020,-0.020,3,0.37,0.53,0.10,1
11386,35785,29366,21435,0,0,-0.29928,2.62883,9.46548,-0.005326,-0.008522,-0.010653,15.553,1.784,-0.121,0.0111,-0.0096,0.0109,0.0860,-0.1354,-0.1076,-0.0056660,-0.0086904,-0.0105640,0.001470,0.005599,0.017667,0.00000,0.00000,0.000,0.000,0.000,0.000,0.000,-6.0000,0.0000,0.0000,6.0000,95.00,95.00,90.00,90.00,65535,65535,65535,1500,1,14,40.4365037,-86.8936809,158.931,0.000,-0.020,-0.020,3,0.37,0.53,0.10,1
11424,49537,18156,15161,0,0,-0.30526,2.64080,9.46308,-0.005326,-0.008522,-0.010653,15.556,1.785,-0.122,0.0111,-0.0094,0.0111,0.0865,-0.1358,-0.1070,-0.0056697,-0.0086899,-0.0105635,0.001473,0.005587,0.017670,0.00000,0.00000,0.000,0.000,0.000,0.000,0.000,-6.0000,0.0000,0.0000,6.0000,95.00,95.00,90.00,90.00,65535,65535,65535,1500,1,14,40.4365037,-86.8936809,158.931,0.000,-0.020,-0.020,3,0.37,0.53,0.10,1
11448,18428,23629,15640,0,0,-0.31603,2.63602,9.45351,-0.006392,-0.007457,-0.010653,15.557,1.789,-0.119,0.0109,-0.0094,0.0110,0.0867,-0.1360,-0.1068,-0.0056721,-0.0086954,-0.0105664,0.001464,0.005577,0.017673,0.00000,0.00000,0.000,0.000,0.000,0.000,0.000,-6.0000,0.0000,0.0000,6.0000,95.00,95.00,90.00,90.00,65535,65535,65535,1500,1,14,40.4365037,-86.8936809,158.931,0.000,-0.020,-0.020,3,0.37,0.53,0.10,1
11478,23821,29466,21547,0,0,-0.31603,2.63123,9.46189,-0.005326,-0.008522,-0.011718,15.556,1.792,-0.118,0.0107,-0.0094,0.0110,0.0870,-0.1362,-0.1066,-0.0056706,-0.0087004,-0.0105693,0.001455,0.005579,0.017672,0.00000,0.00000,0.000,0.000,0.000,0.000,0.000,-6.0000,0.0000,0.0000,6.0000,95.00,95.00,90.00,90.00,65535,65535,65535,1500,1,14,40.4365037,-86.8936809,158.931,0.000,-0.020,-0.020,3,0.37,0.53,0.10,1
11508,29671,30069,22047,0,0,-0.29568,2.63602,9.45949,-0.006392,-0.008522,-0.010653,15.556,1.789,-0.121,0.0109,-0.0094,0.0110,0.0873,-0.1365,-0.1063,-0.0056721,-0.0086942,-0.0105659,0.001466,0.005578,0.017673,0.00000,0.00000,0.000,0.000,0.000,0.000,0.000,-6.0000,0.0000,0.0000,6.0000,95.00,95.00,90.00,90.00,65535,65535,65535,1500,1,14,40.4365037,-86.8936809,158.931,0.000,-0.020,-0.020,3,0.37,0.53,0.10,1
11558,30908,49152,41092,0,0,-0.29688,2.63003,9.46069,-0.006392,-0.008522,-0.010653,15.550,1.768,-0.063,0.0005,0.0128,0.0063,0.0878,-0.1371,-0.1119,-0.0056603,-0.0086850,-0.0106762,0.001290,0.003934,0.018488,0.00000,0.00000,0.000,0.000,0.000,0.000,0.000,-6.0000,0.0000,0.0000,6.0000,95.00,95.00,90.00,90.00,65535,65535,65535,1500,1,14,40.4365037,-86.8936809,158.909,-0.008,0.032,-0.003,3,0.37,0.53,0.09,1
11590,49522,31767,25986,0,0,-0.31364,2.62883,9.46428,-0.005326,-0.009587,-0.011718,15.549,1.769,-0.064,-0.0000,0.0126,0.0064,0.0878,-0.1365,-0.1116,-0.0056578,-0.0086908,-0.0106799,0.001277,0.003939,0.018486,0.00000,0.00000,0.000,0.000,0.000,0.000,0.000,-6.0000,0.0000,0.0000,6.0000,95.00,95.00,90.00,90.00,65535,65535,65535,1500,1,14,40.4365037,-86.8936809,158.909,-0.010,0.030,0.000,3,0.37,0.53,0.09,1
11627,51029,18147,15144,0,0,-0.29928,2.64200,9.45829,-0.006392,-0.008522,-0.010653,15.550,1.768,-0.065,0.0001,0.0131,0.0064,0.0878,-0.1358,-0.1113,-0.0056635,-0.0086885,-0.0106783,0.001284,0.003922,0.018491,0.00000,0.00000,0.000,0.000,0.000,0.000,0.000,-6.0000,0.0000,0.0000,6.0000,95.00,95.00,90.00,90.00,65535,65535,65535,1500,1,14,40.4365037,-86.8936809,158.909,-0.010,0.030,0.000,3,0.37,0.53,0.09,1
11657,18450,29490,21576,0,0,-0.31125,2.63242,9.46069,-0.006392,-0.008522,-0.010653,15.550,1.771,-0.063,-0.0001,0.0131,0.0064,0.0878,-0.1356,-0.1112,-0.0056634,-0.0086929,-0.0106806,0.001277,0.003920,0.018492,0.00000,0.00000,0.000,0.000,0.000,0.000,0.000,-6.0000,0.0000,0.0000,6.0000,95.00,95.00,90.00,90.00,65535,65535,65535,1500,1,14,40.4365037,-86.8936809,158.909,-0.010,0.030,0.000,3,0.37,0.53,0.09,1
11695,29700,38104,30051,0,0,-0.31005,2.63242,9.46189,-0.005326,-0.008522,-0.010653,15.550,1.773,-0.061,-0.0002,0.0132,0.0064,0.0878,-0.1352,-0.1110,-0.0056632,-0.0086964,-0.0106824,0.001272,0.003919,0.018492,0.00000,0.00000,0.000,0.000,0.000,0.000,0.000,-6.0000,0.0000,0.0000,6.0000,95.00,95.00,90.00,90.00,65535,65535,65535,1500,1,14,40.4365037,-86.8936809,158.909,-0.010,0.030,0.000,3,0.37,0.53,0.09,1
11732,38292,36100,33019,0,0,-0.29688,2.63482,9.46428,-0.006392,-0.008522,-0.009587,15.549,1.770,-0.060,-0.0001,0.0133,0.0066,0.0877,-0.1347,-0.1107,-0.0056639,-0.0086925,-0.0106805,0.001278,0.003919,0.018492,0.00000,0.00000,0.000,0.000,0.000,0.000,0.000,-6.0000,0.0000,0.0000,6.0000,95.00,95.00,90.00,90.00,65535,65535,65535,1500,1,14,40.4365037,-86.8936809,158.909,-0.010,0.030,0.000,3,0.37,0.53,0.09,1
11763,37001,30231,27221,0,0,-0.29808,2.62644,9.46069,-0.005326,-0.008522,-0.010653,15.554,1.764,-0.041,0.0002,-0.0123,0.0139,0.0905,-0.1459,-0.1138,-0.0056714,-0.0086898,-0.0107167,0.000954,0.005576,0.017431,0.00000,0.00000,0.000,0.000,0.000,0.000,0.000,-6.0000,0.0000,0.0000,6.0000,95.00,95.00,90.00,90.00,65535,65535,65535,1500,1,14,40.4365038,-86.8936811,158.900,0.000,-0.030,-0.020,3,0.37,0.53,0.10,1
11792,30450,29300,21417,0,0,-0.30646,2.64559,9.46308,-0.005326,-0.008522,-0.010653,15.559,1.765,-0.040,0.0000,-0.0121,0.0141,0.0905,-0.1462,-0.1134,-0.0056773,-0.0086919,-0.0107176,0.000953,0.005554,0.017437,0.00000,0.00000,0.000,0.000,0.000,0.000,0.000,-6.0000,0.0000,0.0000,6.0000,95.00,95.00,90.00,90.00,65535,65535,65535,1500,1,14,40.4365038,-86.8936811,158.900,0.000,-0.030,-0.020,3,0.37,0.53,0.10,1
11832,49428,18986,15158,0,0,-0.31125,2.62285,9.45949,-0.006392,-0.008522,-0.010653,15.553,1.768,-0.037,-0.0004,-0.0125,0.0139,0.0905,-0.1468,-0.1127,-0.0056717,-0.0086967,-0.0107206,0.000942,0.005569,0.017433,0.00000,0.00000,0.000,0.000,0.000,0.000,0.000,-6.0000,0.0000,0.0000,6.0000,95.00,95.00,90.00,90.00,65535,65535,65535,1500,1,14,40.4365038,-86.8936811,158.900,0.000,-0.030,-0.020,3,0.37,0.53,0.10,1
11861,19276,29523,21537,0,0,-0.31364,2.63482,9.46428,-0.005326,-0.008522,-0.010653,15.554,1.771,-0.035,-0.0006,-0.0125,0.0140,0.0905,-0.1471,-0.1124,-0.0056720,-0.0087022,-0.0107236,0.000933,0.005565,0.017433,0.00000,0.00000,0.000,0.000,0.000,0.000,0.000,-6.0000,0.0000,0.0000,6.0000,95.00,95.00,90.00,90.00,65535,65535,65535,1500,1,14,40.4365038,-86.8936811,158.900,0.000,-0.030,-0.020,3,0.37,0.53,0.10,1
11900,29732,38259,30164,0,0,-0.30047,2.63123,9.46787,-0.004261,-0.008522,-0.010653,15.555,1.770,-0.035,-0.0005,-0.0126,0.0142,0.0905,-0.1474,-0.1120,-0.0056697,-0.0087005,-0.0107228,0.000935,0.005573,0.017431,0.00000,0.00000,0.000,0.000,0.000,0.000,0.000,-6.0000,0.0000,0.0000,6.0000,95.00,95.00,90.00,90.00,65535,65535,65535,1500,1,14,40.4365038,-86.8936811,158.900,0.000,-0.030,-0.020,3,0.37,0.53,0.10,1
11936,38677,36205,33138,0,0,-0.30287,2.63961,9.46667,-0.006392,-0.008522,-0.010653,15.555,1.770,-0.035,-0.0006,-0.0125,0.0145,0.0905,-0.1479,-0.1114,-0.0056722,-0.0087000,-0.0107225,0.000937,0.005567,0.017433,0.00000,0.00000,0.000,0.000,0.000,0.000,0.000,-6.0000,0.0000,0.0000,6.0000,95.00,95.00,90.00,90.00,65535,65535,65535,1500,1,14,40.4365038,-86.8936811,158.900,0.000,-0.030,-0.020,3,0.37,0.53,0.10,1
11973,36919,36312,33288,0,0,-0.30526,2.63482,9.46069,-0.006392,-0.008522,-0.010653,15.543,1.804,-0.145,0.0119,0.0167,0.0004,0.0958,-0.1470,-0.1199,-0.0056602,-0.0087045,-0.0105231,0.001805,0.003964,0.018998,0.00000,0.00000,0.000,0.000,0.000,0.000,0.000,-6.0000,0.0000,0.0000,6.0000,95.00,95.00,90.00,90.00,65535,65535,65535,1500,1,14,40.4365038,-86.8936811,158.876,0.020,0.040,0.010,3,0.37,0.53,0.09,1
12003,36538,29503,21477,0,0,-0.30287,2.62883,9.45470,-0.006392,-0.008522,-0.010653,15.541,1.803,-0.147,0.0120,0.0168,0.0001,0.0963,-0.1464,-0.1198,-0.0056599,-0.0087012,-0.0105212,0.001810,0.003967,0.018997,0.00000,0.00000,0.000,0.000,0.000,0.000,0.000,-6.0000,0.0000,0.0000,6.0000,95.00,95.00,90.00,90.00,65535,65535,65535,1500,1,14,40.4365038,-86.8936811,158.876,0.020,0.040,0.010,3,0.37,0.53,0.09,1
12041,49329,18195,15204,0,0,-0.30406,2.62285,9.46548,-0.005326,-0.008522,-0.010653,15.539,1.802,-0.149,0.0120,0.0165,0.0001,0.0969,-0.1456,-0.1198,-0.0056549,-0.0086984,-0.0105200,0.001812,0.003984,0.018992,0.00000,0.00000,0.000,0.000,0.000,0.000,0.000,-6.0000,0.0000,0.0000,6.0000,95.00,95.00,90.00,90.00,65535,65535,65535,1500,1,14,40.4365038,-86.8936811,158.876,0.020,0.040,0.010,3,0.37,0.53,0.09,1
12070,23495,23893,20896,0,0,-0.29808,2.64679,9.46189,-0.004261,-0.008522,-0.010653,15.546,1.799,-0.152,0.0122,0.0167,0.0002,0.0972,-0.1452,-0.1198,-0.0056628,-0.0086925,-0.0105163,0.001826,0.003963,0.018999,0.00000,0.00000,0.000,0.000,0.000,0.000,0.000,-6.0000,0.0000,0.0000,6.0000,95.00,95.00,90.00,90.00,65535,65535,65535,1500,1,14,40.4365038,-86.8936811,158.876,0.020,0.040,0.010,3,0.37,0.53,0.09,1
12094,24110,23406,15444,0,0,-0.29329,2.64679,9.46308,-0.005326,-0.008522,-0.009587,15.550,1.795,-0.154,0.0123,0.0169,0.0003,0.0975,-0.1448,-0.1198,-0.0056700,-0.0086844,-0.0105117,0.001843,0.003947,0.019004,0.00000,0.00000,0.000,0.000,0.000,0.000,0.000,-6.0000,0.0000,0.0000,6.0000,95.00,95.00,90.00,90.00,65535,65535,65535,1500,1,14,40.4365038,-86.8936811,158.876,0.020,0.040,0.010,3,0.37,0.53,0.09,1
12124,23605,29712,21713,0,0,-0.29688,2.63123,9.45590,-0.006392,-0.008522,-0.010653,15.549,1.793,-0.157,0.0124,0.0169,0.0002,0.0977,-0.1444,-0.1198,-0.0056700,-0.0086789,-0.0105089,0.001851,0.003949,0.019004,0.00000,0.00000,0.000,0.000,0.000,0.000,0.000,-6.0000,0.0000,0.0000,6.0000,95.00,95.00,90.00,90.00,65535,65535,65535,1500,1,14,40.4365038,-86.8936811,158.876,0.020,0.040,0.010,3,0.37,0.53,0.09,1
12154,29906,30148,22093,0,0,-0.30406,2.63362,9.47266,-0.004261,-0.008522,-0.010653,15.551,1.792,-0.158,0.0124,0.0169,0.0005,0.0981,-0.1439,-0.1198,-0.0056687,-0.0086770,-0.0105081,0.001854,0.003954,0.019002,0.00000,0.00000,0.000,0.000,0.000,0.000,0.000,-6.0000,0.0000,0.0000,6.0000,95.00,95.00,90.00,90.00,65535,65535,65535,1500,1,14,40.4365038,-86.8936811,158.876,0.020,0.040,0.010,3,0.37,0.53,0.09,1
12191,30836,35548,27533,0,0,-0.30765,2.63602,9.46308,-0.005326,-0.008522,-0.010653,15.553,1.809,-0.212,0.0213,0.0072,0.0057,0.1033,-0.1515,-0.1238,-0.0056736,-0.0086799,-0.0104124,0.002105,0.004633,0.018432,0.00000,0.00000,0.000,0.000,0.000,0.000,0.000,-6.0000,0.0000,0.0000,6.0000,95.00,95.00,90.00,90.00,65535,65535,65535,1500,1,15,40.4365039,-86.8936812,158.880,0.027,0.001,-0.010,3,0.37,0.53,0.09,1
12229,36086,38030,30066,0,0,-0.30167,2.63961,9.46907,-0.004261,-0.008522,-0.010653,15.557,1.807,-0.215,0.0215,0.0073,0.0060,0.1041,-0.1513,-0.1236,-0.0056754,-0.0086753,-0.0104095,0.002115,0.004630,0.018433,0.00000,0.00000,0.000,0.000,0.000,0.000,0.000,-6.0000,0.0000,0.0000,6.0000,95.00,95.00,90.00,90.00,65535,65535,65535,1500,1,15,40.4365039,-86.8936812,158.880,0.030,0.000,-0.010,3,0.37,0.53,0.09,1
12277,67212,18194,15192,0,0,-0.30406,2.63482,9.46428,-0.005326,-0.008522,-0.010653,15.558,1.807,-0.217,0.0217,0.0074,0.0062,0.1055,-0.1508,-0.1232,-0.0056753,-0.0086721,-0.0104078,0.002121,0.004632,0.018433,0.00000,0.00000,0.000,0.000,0.000,0.000,0.000,-6.0000,0.0000,0.0000,6.0000,95.00,95.00,90.00,90.00,65535,65535,65535,1500,1,15,40.4365039,-86.8936812,158.880,0.030,0.000,-0.010,3,0.37,0.53,0.09,1
12307,18468,29808,21937,0,0,-0.30406,2.63003,9.46189,-0.005326,-0.008522,-0.011718,15.557,1.806,-0.220,0.0217,0.0073,0.0062,0.1059,-0.1506,-0.1231,-0.0056731,-0.0086691,-0.0104063,0.002125,0.004640,0.018431,0.00000,0.00000,0.000,0.000,0.000,0.000,0.000,-6.0000,0.0000,0.0000,6.0000,95.00,95.00,90.00,90.00,65535,65535,65535,1500,1,15,40.4365039,-86.8936812,158.880,0.030,0.000,-0.010,3,0.37,0.53,0.09,1
12343,30617,35513,27481,0,0,-0.29449,2.62405,9.46428,-0.005326,-0.008522,-0.010653,15.564,1.715,0.060,-0.0176,-0.0005,0.0184,0.1003,-0.1582,-0.1254,-0.0056704,-0.0086483,-0.0109012,0.000371,0.004443,0.017505,0.00000,0.00000,0.000,0.000,0.000,0.000,0.000,-6.0000,0.0000,0.0000,6.0000,95.00,95.00,90.00,90.00,65535,65535,65535,1500,1,15,40.4365038,-86.8936814,158.874,-0.051,-0.006,-0.030,3,0.37,0.53,0.09,1
12381,35910,38057,30068,0,0,-0.31125,2.63003,9.46667,-0.005326,-0.008522,-0.010653,15.563,1.719,0.065,-0.0182,-0.0007,0.0186,0.0996,-0.1582,-0.1247,-0.0056670,-0.0086571,-0.0109067,0.000350,0.004449,0.017503,0.00000,0.00000,0.000,0.000,0.000,0.000,0.000,-6.0000,0.0000,0.0000,6.0000,95.00,95.00,90.00,90.00,65535,65535,65535,1500,1,15,40.4365038,-86.8936814,158.874,-0.050,-0.010,-0.030,3,0.37,0.53,0.09,1
12412,38261,30949,23089,0,0,-0.31125,2.63003,9.45949,-0.005326,-0.008522,-0.010653,15.562,1.724,0.070,-0.0187,-0.0008,0.0186,0.0989,-0.1582,-0.1240,-0.0056647,-0.0086656,-0.0109117,0.000331,0.004451,0.017502,0.00000,0.00000,0.000,0.000,0.000,0.000,0.000,-6.0000,0.0000,0.0000,6.0000,95.00,95.00,90.00,90.00,65535,65535,65535,1500,1,15,40.4365038,-86.8936814,158.874,-0.050,-0.010,-0.030,3,0.37,0.53,0.09,1
12441,31147,28618,20592,0,0,-0.31244,2.63123,9.46069,-0.005326,-0.008522,-0.010653,15.562,1.728,0.075,-0.0191,-0.0009,0.0186,0.0983,-0.1583,-0.1234,-0.0056629,-0.0086743,-0.0109166,0.000313,0.004451,0.017501,0.00000,0.00000,0.000,0.000,0.000,0.000,0.000,-6.0000,0.0000,0.0000,6.0000,95.00,95.00,90.00,90.00,65535,65535,65535,1500,1,15,40.4365038,-86.8936814,158.874,-0.050,-0.010,-0.030,3,0.37,0.53,0.09,1
12480,49029,18161,15159,0,0,-0.30526,2.62764,9.45829,-0.006392,-0.008522,-0.010653,15.558,1.731,0.078,-0.0195,-0.0011,0.0184,0.0974,-0.1583,-0.1225,-0.0056598,-0.0086791,-0.0109192,0.000303,0.004458,0.017499,0.00000,0.00000,0.000,0.000,0.000,0.000,0.000,-6.0000,0.0000,0.0000,6.0000,95.00,95.00,90.00,90.00,65535,65535,65535,1500,1,15,40.4365038,-86.8936814,158.874,-0.050,-0.010,-0.030,3,0.37,0.53,0.09,1
12510,18433,29671,21777,0,0,-0.30167,2.64200,9.46308,-0.005326,-0.008522,-0.010653,15.561,1.732,0.079,-0.0196,-0.0010,0.0185,0.0970,-0.1583,-0.1222,-0.0056634,-0.0086815,-0.0109201,0.000301,0.004446,0.017502,0.00000,0.00000,0.000,0.000,0.000,0.000,0.000,-6.0000,0.0000,0.0000,6.0000,95.00,95.00,90.00,90.00,65535,65535,65535,1500,1,15,40.4365038,-86.8936814,158.874,-0.050,-0.010,-0.030,3,0.37,0.53,0.09,1
12540,30048,29640,21584,0,0,-0.30047,2.64320,9.45231,-0.006392,-0.008522,-0.010653,15.563,1.733,0.080,-0.0197,-0.0008,0.0183,0.0964,-0.1584,-0.1216,-0.0056688,-0.0086833,-0.0109207,0.000301,0.004431,0.017506,0.00000,0.00000,0.000,0.000,0.000,0.000,0.000,-6.0000,0.0000,0.0000,6.0000,95.00,95.00,90.00,90.00,65535,65535,65535,1500,1,15,40.4365038,-86.8936814,158.874,-0.050,-0.010,-0.030,3,0.37,0.53,0.09,1
12587,30402,46235,38147,0,0,-0.31244,2.62764,9.46189,-0.005326,-0.008522,-0.011718,15.554,1.814,-0.165,0.0161,-0.0009,0.0190,0.1067,-0.1646,-0.1268,-0.0056648,-0.0087022,-0.0104966,0.001791,0.004871,0.017385,0.00000,0.00000,0.000,0.000,0.000,0.000,0.000,-6.0000,0.0000,0.0000,6.0000,95.00,95.00,90.00,90.00,65535,65535,65535,1500,1,14,40.4365039,-86.8936815,158.851,0.040,0.000,-0.020,3,0.37,0.53,0.09,1
12622,46434,34846,26861,0,0,-0.31005,2.63003,9.46428,-0.006392,-0.009587,-0.010653,15.551,1.812,-0.166,0.0160,-0.0011,0.0191,0.1074,-0.1646,-0.1259,-0.0056630,-0.0087018,-0.0104965,0.001791,0.004878,0.017383,0.00000,0.00000,0.000,0.000,0.000,0.000,0.000,-6.0000,0.0000,0.0000,6.0000,95.00,95.00,90.00,90.00,65535,65535,65535,1500,1,14,40.4365039,-86.8936815,158.851,0.040,0.000,-0.020,3,0.37,0.53,0.09,1
12651,35051,29366,26349,0,0,-0.29209,2.63482,9.45590,-0.006392,-0.007457,-0.010653,15.550,1.809,-0.170,0.0165,-0.0010,0.0190,0.1080,-0.1646,-0.1252,-0.0056648,-0.0086922,-0.0104913,0.001809,0.004878,0.017384,0.00000,0.00000,0.000,0.000,0.000,0.000,0.000,-6.0000,0.0000,0.0000,6.0000,95.00,95.00,90.00,90.00,65535,65535,65535,1500,1,14,40.4365039,-86.8936815,158.851,0.040,0.000,-0.020,3,0.37,0.53,0.09,1
12689,48955,18128,15151,0,0,-0.30765,2.63242,9.46308,-0.005326,-0.008522,-0.010653,15.551,1.809,-0.171,0.0165,-0.0010,0.0191,0.1088,-0.1647,-0.1243,-0.0056643,-0.0086908,-0.0104906,0.001811,0.004880,0.017383,0.00000,0.00000,0.000,0.000,0.000,0.000,0.000,-6.0000,0.0000,0.0000,6.0000,95.00,95.00,90.00,90.00,65535,65535,65535,1500,1,14,40.4365039,-86.8936815,158.851,0.040,0.000,-0.020,3,0.37,0.53,0.09,1
12719,18402,29815,21784,0,0,-0.29449,2.63362,9.46787,-0.006392,-0.008522,-0.010653,15.550,1.805,-0.175,0.0165,-0.0010,0.0192,0.1091,-0.1647,-0.1239,-0.0056638,-0.0086827,-0.0104867,0.001823,0.004885,0.017382,0.00000,0.00000,0.000,0.000,0.000,0.000,0.000,-6.0000,0.0000,0.0000,6.0000,95.00,95.00,90.00,90.00,65535,65535,65535,1500,1,14,40.4365039,-86.8936815,158.851,0.040,0.000,-0.020,3,0.37,0.53,0.09,1
12750,30708,29363,21435,0,0,-0.31484,2.62524,9.46428,-0.005326,-0.008522,-0.010653,15.552,1.763,-0.034,-0.0040,-0.0012,0.0248,0.1075,-0.1709,-0.1278,-0.0056594,-0.0086787,-0.0107283,0.000961,0.004539,0.017042,0.00000,0.00000,0.000,0.000,0.000,0.000,0.000,-6.0000,0.0000,0.0000,6.0000,95.00,95.00,90.00,90.00,65535,65535,65535,1500,1,14,40.4365039,-86.8936816,158.849,-0.020,0.000,-0.030,3,0.37,0.53,0.10,1
12779,29595,29502,21646,0,0,-0.31125,2.63362,9.46907,-0.004261,-0.008522,-0.010653,15.553,1.766,-0.031,-0.0043,-0.0013,0.0251,0.1074,-0.1710,-0.1271,-0.0056584,-0.0086830,-0.0107308,0.000952,0.004539,0.017041,0.00000,0.00000,0.000,0.000,0.000,0.000,0.000,-6.0000,0.0000,0.0000,6.0000,95.00,95.00,90.00,90.00,65535,65535,65535,1500,1,14,40.4365039,-86.8936816,158.849,-0.020,0.000,-0.030,3,0.37,0.53,0.10,1
12809,29709,29483,21502,0,0,-0.29808,2.63242,9.45710,-0.005326,-0.008522,-0.010653,15.554,1.765,-0.032,-0.0042,-0.0013,0.0250,0.1072,-0.1710,-0.1264,-0.0056585,-0.0086807,-0.0107296,0.000957,0.004540,0.017041,0.00000,0.00000,0.000,0.000,0.000,0.000,0.000,-6.0000,0.0000,0.0000,6.0000,95.00,95.00,90.00,90.00,65535,65535,65535,1500,1,14,40.4365039,-86.8936816,158.849,-0.020,0.000,-0.030,3,0.37,0.53,0.10,1
12839,29682,29455,26388,0,0,-0.30047,2.63003,9.45829,-0.006392,-0.008522,-0.010653,15.552,1.765,-0.033,-0.0042,-0.0013,0.0249,0.1071,-0.1710,-0.1256,-0.0056574,-0.0086797,-0.0107291,0.000958,0.004545,0.017040,0.00000,0.00000,0.000,0.000,0.000,0.000,0.000,-6.0000,0.0000,0.0000,6.0000,95.00,95.00,90.00,90.00,65535,65535,65535,1500,1,14,40.4365039,-86.8936816,158.849,-0.020,0.000,-0.030,3,0.37,0.53,0.10,1
12868,29649,28737,25725,0,0,-0.30646,2.62883,9.46548,-0.005326,-0.008522,-0.010653,15.551,1.766,-0.031,-0.0043,-0.0014,0.0251,0.1070,-0.1711,-0.1249,-0.0056548,-0.0086816,-0.0107302,0.000953,0.004551,0.017038,0.00000,0.00000,0.000,0.000,0.000,0.000,0.000,-6.0000,0.0000,0.0000,6.0000,95.00,95.00,90.00,90.00,65535,65535,65535,1500,1,14,40.4365039,-86.8936816,158.849,-0.020,0.000,-0.030,3,0.37,0.53,0.10,1
12917,59586,18753,15748,0,0,-0.30406,2.63721,9.45829,-0.008522,-0.008522,-0.010653,15.543,1.767,-0.031,-0.0045,-0.0011,0.0250,0.1067,-0.1711,-0.1234,-0.0056581,-0.0086822,-0.0107303,0.000954,0.004542,0.017041,0.00000,0.00000,0.000,0.000,0.000,0.000,0.000,-6.0000,0.0000,0.0000,6.0000,95.00,95.00,90.00,90.00,65535,65535,65535,1500,1,14,40.4365039,-86.8936816,158.849,-0.020,0.000,-0.030,3,0.37,0.53,0.10,1
12959,24759,36050,33054,0,0,-0.33639,2.60130,9.46189,-0.005326,-0.008522,-0.010653,15.535,1.804,-0.112,0.0097,-0.0124,0.0163,0.1126,-0.1799,-0.1309,-0.0056475,-0.0087036,-0.0105880,0.001359,0.005624,0.017374,0.00000,0.00000,0.000,0.000,0.000,0.000,0.000,-6.0000,0.0000,0.0000,6.0000,95.00,95.00,90.00,90.00,65535,65535,65535,1500,1,14,40.4365040,-86.8936817,158.834,0.020,-0.020,-0.010,3,0.37,0.53,0.09,1
12991,36278,31356,23333,0,0,-0.27533,2.67432,9.46069,-0.004261,-0.008522,-0.010653,15.551,1.795,-0.122,0.0107,-0.0112,0.0166,0.1130,-0.1803,-0.1303,-0.0056685,-0.0086865,-0.0105770,0.001404,0.005564,0.017392,0.00000,0.00000,0.000,0.000,0.000,0.000,0.000,-6.0000,0.0000,0.0000,6.0000,95.00,95.00,90.00,90.00,65535,65535,65535,1500,1,14,40.4365040,-86.8936817,158.834,0.020,-0.020,-0.010,3,0.37,0.53,0.09,1
13020,31569,29364,21339,0,0,-0.29329,2.65756,9.45829,-0.009587,-0.007457,-0.010653,15.551,1.794,-0.126,0.0110,-0.0106,0.0168,0.1134,-0.1806,-0.1297,-0.0056812,-0.0086791,-0.0105722,0.001425,0.005527,0.017403,0.00000,0.00000,0.000,0.000,0.000,0.000,0.000,-6.0000,0.0000,0.0000,6.0000,95.00,95.00,90.00,90.00,65535,65535,65535,1500,1,14,40.4365040,-86.8936817,158.834,0.020,-0.020,-0.010,3,0.37,0.53,0.09,1
13059,29562,38081,30039,0,0,-0.31005,2.58933,9.47266,-0.006392,-0.009587,-0.010653,15.536,1.793,-0.125,0.0109,-0.0116,0.0168,0.1137,-0.1810,-0.1292,-0.0056593,-0.0086805,-0.0105743,0.001408,0.005594,0.017384,0.00000,0.00000,0.000,0.000,0.000,0.000,0.000,-6.0000,0.0000,0.0000,6.0000,95.00,95.00,90.00,90.00,65535,65535,65535,1500,1,14,40.4365040,-86.8936817,158.834,0.020,-0.020,-0.010,3,0.37,0.53,0.09,1
13089,38272,30418,27409,0,0,-0.27892,2.68629,9.43794,-0.002131,-0.009587,-0.009587,15.562,1.783,-0.130,0.0116,-0.0100,0.0164,0.1141,-0.1814,-0.1286,-0.0056882,-0.0086668,-0.0105660,0.001445,0.005516,0.017407,0.00000,0.00000,0.000,0.000,0.000,0.000,0.000,-6.0000,0.0000,0.0000,6.0000,95.00,95.00,90.00,90.00,65535,65535,65535,1500,1,14,40.4365040,-86.8936817,158.834,0.020,-0.020,-0.010,3,0.37,0.53,0.09,1
13127,50339,18231,15218,0,0,-0.38188,2.59651,9.45351,-0.006392,-0.009587,-0.010653,15.550,1.802,-0.114,0.0085,-0.0113,0.0157,0.1147,-0.1819,-0.1278,-0.0056708,-0.0087056,-0.0105841,0.001386,0.005545,0.017397,0.00000,0.00000,0.000,0.000,0.000,0.000,0.000,-6.0000,0.0000,0.0000,6.0000,95.00,95.00,90.00,90.00,65535,65535,65535,1500,1,14,40.4365040,-86.8936817,158.834,0.020,-0.020,-0.010,3,0.37,0.53,0.09,1
13158,18508,29931,21963,0,0,-0.34716,2.60130,9.46428,-0.004261,-0.009587,-0.010653,15.542,1.811,-0.105,0.0082,-0.0115,0.0157,0.1148,-0.1821,-0.1275,-0.0056555,-0.0087245,-0.0105930,0.001354,0.005577,0.017387,0.00000,0.00000,0.000,0.000,0.000,0.000,0.000,-6.0000,0.0000,0.0000,6.0000,95.00,95.00,90.00,90.00,65535,65535,65535,1500,1,14,40.4365040,-86.8936817,158.834,0.020,-0.020,-0.010,3,0.37,0.53,0.09,1
13194,30626,35483,27549,0,0,-0.19034,2.70186,9.46667,-0.009587,-0.008522,-0.011718,15.557,1.740,-0.005,-0.0095,-0.0016,0.0239,0.1130,-0.1866,-0.1309,-0.0056846,-0.0086594,-0.0107793,0.000701,0.004571,0.017102,0.00000,0.00000,0.000,0.000,0.000,0.000,0.000,-6.0000,0.0000,0.0000,6.0000,95.00,95.00,90.00,90.00,65535,65535,65535,1500,1,15,40.4365040,-86.8936818,158.845,-0.023,0.006,-0.030,3,0.37,0.53,0.10,1
13218,35991,23533,15536,0,0,-0.30646,2.58813,9.46787,-0.008522,-0.008522,-0.010653,15.537,1.742,-0.002,-0.0098,-0.0029,0.0238,0.1126,-0.1867,-0.1300,-0.0056628,-0.0086635,-0.0107828,0.000684,0.004643,0.017082,0.00000,0.00000,0.000,0.000,0.000,0.000,0.000,-6.0000,0.0000,0.0000,6.0000,95.00,95.00,90.00,90.00,65535,65535,65535,1500,1,15,40.4365040,-86.8936818,158.845,-0.020,0.010,-0.030,3,0.37,0.53,0.10,1
13256,23732,38060,30067,0,0,-0.33878,2.62285,9.46907,-0.003196,-0.009587,-0.010653,15.537,1.751,0.008,-0.0105,-0.0030,0.0239,0.1124,-0.1867,-0.1295,-0.0056581,-0.0086827,-0.0107930,0.000653,0.004648,0.017079,0.00000,0.00000,0.000,0.000,0.000,0.000,0.000,-6.0000,0.0000,0.0000,6.0000,95.00,95.00,90.00,90.00,65535,65535,65535,1500,1,15,40.4365040,-86.8936818,158.845,-0.020,0.010,-0.030,3,0.37,0.53,0.10,1
13291,38254,34991,27060,0,0,-0.30646,2.68869,9.45111,-0.005326,-0.008522,-0.010653,15.556,1.753,0.009,-0.0107,-0.0013,0.0242,0.1120,-0.1868,-0.1286,-0.0056862,-0.0086855,-0.0107928,0.000661,0.004559,0.017104,0.00000,0.00000,0.000,0.000,0.000,0.000,0.000,-6.0000,0.0000,0.0000,6.0000,95.00,95.00,90.00,90.00,65535,65535,65535,1500,1,15,40.4365040,-86.8936818,158.845,-0.020,0.010,-0.030,3,0.37,0.53,0.10,1
13344,58046,29423,26408,0,0,-0.31963,2.58095,9.46548,-0.004261,-0.008522,-0.010653,15.543,1.792,-0.094,0.0060,-0.0130,0.0161,0.1181,-0.1956,-0.1348,-0.0056633,-0.0087007,-0.0106216,0.001202,0.005556,0.017374,0.00000,0.00000,0.000,0.000,0.000,0.000,0.000,-6.0000,0.0000,0.0000,6.0000,95.00,95.00,90.00,90.00,65535,65535,65535,1500,1,15,40.4365041,-86.8936820,158.835,0.020,-0.020,-0.010,3,0.37,0.53,0.10,1
13373,29680,29498,21460,0,0,-0.23703,2.66475,9.46428,-0.004261,-0.008522,-0.010653,15.555,1.774,-0.112,0.0076,-0.0123,0.0164,0.1184,-0.1959,-0.1343,-0.0056784,-0.0086660,-0.0106013,0.001277,0.005525,0.017385,0.00000,0.00000,0.000,0.000,0.000,0.000,0.000,-6.0000,0.0000,0.0000,6.0000,95.00,95.00,90.00,90.00,65535,65535,65535,1500,1,15,40.4365041,-86.8936820,158.835,0.020,-0.020,-0.010,3,0.37,0.53,0.10,1
13397,29712,23362,15349,0,0,-0.26695,2.66714,9.46189,-0.008522,-0.007457,-0.010653,15.560,1.766,-0.121,0.0084,-0.0116,0.0167,0.1186,-0.1963,-0.1338,-0.0056944,-0.0086475,-0.0105906,0.001317,0.005483,0.017398,0.00000,0.00000,0.000,0.000,0.000,0.000,0.000,-6.0000,0.0000,0.0000,6.0000,95.00,95.00,90.00,90.00,65535,65535,65535,1500,1,15,40.4365041,-86.8936820,158.835,0.020,-0.020,-0.010,3,0.37,0.53,0.10,1
13426,23560,28646,20668,0,0,-0.34955,2.61567,9.45710,-0.006392,-0.008522,-0.010653,15.554,1.779,-0.110,0.0076,-0.0119,0.0165,0.1188,-0.1965,-0.1334,-0.0056863,-0.0086700,-0.0106024,0.001277,0.005496,0.017393,0.00000,0.00000,0.000,0.000,0.000,0.000,0.000,-6.0000,0.0000,0.0000,6.0000,95.00,95.00,90.00,90.00,65535,65535,65535,1500,1,15,40.4365041,-86.8936820,158.835,0.020,-0.020,-0.010,3,0.37,0.53,0.10,1
13456,28851,29517,21516,0,0,-0.33639,2.63362,9.46308,-0.004261,-0.009587,-0.010653,15.556,1.786,-0.104,0.0069,-0.0119,0.0166,0.1190,-0.1969,-0.1330,-0.0056860,-0.0086849,-0.0106098,0.001253,0.005489,0.017395,0.00000,0.00000,0.000,0.000,0.000,0.000,0.000,-6.0000,0.0000,0.0000,6.0000,95.00,95.00,90.00,90.00,65535,65535,65535,1500,1,15,40.4365041,-86.8936820,158.835,0.020,-0.020,-0.010,3,0.37,0.53,0.10,1
13485,29708,29424,21398,0,0,-0.28491,2.64918,9.45829,-0.006392,-0.008522,-0.010653,15.560,1.780,-0.109,0.0073,-0.0116,0.0167,0.1192,-0.1972,-0.1325,-0.0056934,-0.0086749,-0.0106047,0.001272,0.005473,0.017400,0.00000,0.00000,0.000,0.000,0.000,0.000,0.000,-6.0000,0.0000,0.0000,6.0000,95.00,95.00,90.00,90.00,65535,65535,65535,1500,1,15,40.4365041,-86.8936820,158.835,0.020,-0.020,-0.010,3,0.37,0.53,0.10,1
13515,29618,29751,26733,0,0,-0.29808,2.59771,9.47266,-0.007457,-0.007457,-0.010653,15.545,1.780,-0.109,0.0074,-0.0123,0.0168,0.1194,-0.1976,-0.1320,-0.0056757,-0.0086714,-0.0106041,0.001267,0.005524,0.017386,0.00000,0.00000,0.000,0.000,0.000,0.000,0.000,-6.0000,0.0000,0.0000,6.0000,95.00,95.00,90.00,90.00,65535,65535,65535,1500,1,15,40.4365041,-86.8936820,158.835,0.020,-0.020,-0.010,3,0.37,0.53,0.10,1
13554,44501,24065,21075,0,0,-0.28252,2.64080,9.47146,-0.003196,-0.006392,-0.011718,15.554,1.737,0.022,-0.0138,-0.0004,-0.0040,0.1177,-0.2019,-0.1424,-0.0056729,-0.0086530,-0.0108205,0.000459,0.004902,0.019010,0.00000,0.00000,0.000,0.000,0.000,0.000,0.000,-6.0000,0.0000,0.0000,6.0000,95.00,95.00,90.00,90.00,65535,65535,65535,1500,1,15,40.4365041,-86.8936821,158.817,-0.030,0.010,0.020,3,0.37,0.53,0.09,1
13592,24321,38093,30110,0,0,-0.28970,2.67073,9.46548,-0.005326,-0.008522,-0.010653,15.565,1.735,0.019,-0.0137,0.0002,-0.0037,0.1173,-0.2019,-0.1425,-0.0056891,-0.0086489,-0.0108170,0.000480,0.004849,0.019025,0.00000,0.00000,0.000,0.000,0.000,0.000,0.000,-6.0000,0.0000,0.0000,6.0000,95.00,95.00,90.00,90.00,65535,65535,65535,1500,1,15,40.4365041,-86.8936821,158.817,-0.030,0.010,0.020,3,0.37,0.53,0.09,1
13629,38300,36245,28402,0,0,-0.34596,2.63123,9.44991,-0.007457,-0.008522,-0.010653,15.561,1.748,0.031,-0.0152,0.0002,-0.0041,0.1168,-0.2018,-0.1426,-0.0056889,-0.0086718,-0.0108288,0.000441,0.004836,0.019028,0.00000,0.00000,0.000,0.000,0.000,0.000,0.000,-6.0000,0.0000,0.0000,6.0000,95.00,95.00,90.00,90.00,65535,65535,65535,1500,1,15,40.4365041,-86.8936821,158.817,-0.030,0.010,0.020,3,0.37,0.53,0.09,1
13659,36438,30169,27172,0,0,-0.29090,2.62285,9.47266,-0.003196,-0.009587,-0.010653,15.562,1.744,0.029,-0.0150,-0.0002,-0.0039,0.1162,-0.2019,-0.1428,-0.0056817,-0.0086677,-0.0108272,0.000444,0.004860,0.019021,0.00000,0.00000,0.000,0.000,0.000,0.000,0.000,-6.0000,0.0000,0.0000,6.0000,95.00,95.00,90.00,90.00,65535,65535,65535,1500,1,15,40.4365041,-86.8936821,158.817,-0.030,0.010,0.020,3,0.37,0.53,0.09,1
13694,30350,34373,26463,0,0,-0.28132,2.64320,9.45710,-0.006392,-0.008522,-0.010653,15.563,1.740,0.025,-0.0147,0.0000,-0.0040,0.1158,-0.2019,-0.1429,-0.0056861,-0.0086594,-0.0108230,0.000461,0.004852,0.019024,0.00000,0.00000,0.000,0.000,0.000,0.000,0.000,-6.0000,0.0000,0.0000,6.0000,95.00,95.00,90.00,90.00,65535,65535,65535,1500,1,15,40.4365041,-86.8936821,158.817,-0.030,0.010,0.020,3,0.37,0.53,0.09,1
13719,34558,25182,21068,0,0,-0.32681,2.63123,9.46548,-0.005326,-0.008522,-0.010653,15.562,1.747,0.032,-0.0154,-0.0001,-0.0038,0.1152,-0.2019,-0.1430,-0.0056838,-0.0086727,-0.0108291,0.000438,0.004852,0.019023,0.00000,0.00000,0.000,0.000,0.000,0.000,0.000,-6.0000,0.0000,0.0000,6.0000,95.00,95.00,90.00,90.00,65535,65535,65535,1500,1,15,40.4365041,-86.8936821,158.817,-0.030,0.010,0.020,3,0.37,0.53,0.09,1
13781,62788,24167,21155,0,0,-0.29568,2.64200,9.45949,-0.007457,-0.008522,-0.010653,15.551,1.791,-0.114,0.0062,0.0111,-0.0020,0.1224,-0.2060,-0.1487,-0.0056834,-0.0086770,-0.0105973,0.001430,0.004398,0.019052,0.00000,0.00000,0.000,0.000,0.000,0.000,0.000,-6.0000,0.0000,0.0000,6.0000,95.00,95.00,90.00,90.00,65535,65535,65535,1500,1,14,40.4365042,-86.8936822,158.818,0.020,0.020,0.000,3,0.37,0.53,0.08,1
13811,24432,29409,21498,0,0,-0.32082,2.60369,9.46308,-0.006392,-0.009587,-0.010653,15.541,1.794,-0.110,0.0059,0.0106,-0.0021,0.1226,-0.2057,-0.1488,-0.0056698,-0.0086838,-0.0106018,0.001409,0.004440,0.019040,0.00000,0.00000,0.000,0.000,0.000,0.000,0.000,-6.0000,0.0000,0.0000,6.0000,95.00,95.00,90.00,90.00,65535,65535,65535,1500,1,14,40.4365042,-86.8936822,158.818,0.020,0.020,0.000,3,0.37,0.53,0.08,1
13840,29620,29321,21363,0,0,-0.30406,2.61806,9.47745,-0.005326,-0.008522,-0.010653,15.537,1.793,-0.111,0.0059,0.0102,-0.0018,0.1228,-0.2054,-0.1488,-0.0056617,-0.0086819,-0.0106014,0.001407,0.004468,0.019032,0.00000,0.00000,0.000,0.000,0.000,0.000,0.000,-6.0000,0.0000,0.0000,6.0000,95.00,95.00,90.00,90.00,65535,65535,65535,1500,1,14,40.4365042,-86.8936822,158.818,0.020,0.020,0.000,3,0.37,0.53,0.08,1
13869,29512,28728,25718,0,0,-0.29090,2.63961,9.46548,-0.004261,-0.008522,-0.010653,15.541,1.789,-0.115,0.0063,0.0104,-0.0017,0.1230,-0.2051,-0.1489,-0.0056652,-0.0086741,-0.0105973,0.001423,0.004462,0.019034,0.00000,0.00000,0.000,0.000,0.000,0.000,0.000,-6.0000,0.0000,0.0000,6.0000,95.00,95.00,90.00,90.00,65535,65535,65535,1500,1,14,40.4365042,-86.8936822,158.818,0.020,0.020,0.000,3,0.37,0.53,0.08,1
13893,28919,23389,20371,0,0,-0.29568,2.64200,9.46069,-0.005326,-0.008522,-0.010653,15.545,1.786,-0.118,0.0064,0.0106,-0.0016,0.1231,-0.2048,-0.1489,-0.0056700,-0.0086689,-0.0105946,0.001434,0.004450,0.019038,0.00000,0.00000,0.000,0.000,0.000,0.000,0.000,-6.0000,0.0000,0.0000,6.0000,95.00,95.00,90.00,90.00,65535,65535,65535,1500,1,14,40.4365042,-86.8936822,158.818,0.020,0.020,0.000,3,0.37,0.53,0.08,1
13931,23584,38435,30401,0,0,-0.30406,2.64679,9.45111,-0.004261,-0.008522,-0.010653,15.552,1.786,-0.119,0.0064,0.0109,-0.0018,0.1233,-0.2046,-0.1490,-0.0056777,-0.0086680,-0.0105937,0.001440,0.004428,0.019044,0.00000,0.00000,0.000,0.000,0.000,0.000,0.000,-6.0000,0.0000,0.0000,6.0000,95.00,95.00,90.00,90.00,65535,65535,65535,1500,1,14,40.4365042,-86.8936822,158.818,0.020,0.020,0.000,3,0.37,0.53,0.08,1
13990,72866,24162,21153,0,0,-0.31603,2.60010,9.47266,-0.004261,-0.009587,-0.010653,15.543,1.814,-0.209,0.0203,0.0088,-0.0067,0.1304,-0.2107,-0.1563,-0.0056600,-0.0086773,-0.0104524,0.001977,0.004725,0.019320,0.00000,0.00000,0.000,0.000,0.000,0.000,0.000,-6.0000,0.0000,0.0000,6.0000,95.00,95.00,90.00,90.00,65535,65535,65535,1500,1,15,40.4365043,-86.8936823,158.809,0.030,0.010,0.010,3,0.37,0.54,0.09,1
14020,24429,29533,21534,0,0,-0.29928,2.62764,9.46548,-0.004261,-0.008522,-0.010653,15.543,1.811,-0.212,0.0205,0.0087,-0.0067,0.1309,-0.2105,-0.1564,-0.0056576,-0.0086717,-0.0104495,0.001988,0.004737,0.019316,0.00000,0.00000,0.000,0.000,0.000,0.000,0.000,-6.0000,0.0000,0.0000,6.0000,95.00,95.00,90.00,90.00,65535,65535,65535,1500,1,15,40.4365043,-86.8936823,158.809,0.030,0.010,0.010,3,0.37,0.54,0.09,1
14043,29742,23472,15445,0,0,-0.28970,2.64200,9.46787,-0.004261,-0.008522,-0.010653,15.548,1.806,-0.218,0.0209,0.0089,-0.0065,0.1316,-0.2103,-0.1566,-0.0056612,-0.0086618,-0.0104440,0.002013,0.004731,0.019319,0.00000,0.00000,0.000,0.000,0.000,0.000,0.000,-6.0000,0.0000,0.0000,6.0000,95.00,95.00,90.00,90.00,65535,65535,65535,1500,1,15,40.4365043,-86.8936823,158.809,0.030,0.010,0.010,3,0.37,0.54,0.09,1
14072,23678,23584,20598,0,0,-0.28850,2.64679,9.46069,-0.006392,-0.008522,-0.010653,15.551,1.801,-0.224,0.0212,0.0091,-0.0064,0.1321,-0.2100,-0.1568,-0.0056678,-0.0086520,-0.0104386,0.002037,0.004717,0.019324,0.00000,0.00000,0.000,0.000,0.000,0.000,0.000,-6.0000,0.0000,0.0000,6.0000,95.00,95.00,90.00,90.00,65535,65535,65535,1500,1,15,40.4365043,-86.8936823,158.809,0.030,0.010,0.010,3,0.37,0.54,0.09,1
14102,28807,29709,21805,0,0,-0.28850,2.65397,9.46069,-0.007457,-0.008522,-0.010653,15.555,1.796,-0.229,0.0215,0.0096,-0.0063,0.1327,-0.2098,-0.1569,-0.0056773,-0.0086427,-0.0104336,0.002060,0.004693,0.019331,0.00000,0.00000,0.000,0.000,0.000,0.000,0.000,-6.0000,0.0000,0.0000,6.0000,95.00,95.00,90.00,90.00,65535,65535,65535,1500,1,15,40.4365043,-86.8936823,158.809,0.030,0.010,0.010,3,0.37,0.54,0.09,1
14132,29905,29480,21441,0,0,-0.29808,2.63003,9.46787,-0.006392,-0.008522,-0.011718,15.552,1.794,-0.233,0.0217,0.0095,-0.0062,0.1333,-0.2095,-0.1571,-0.0056750,-0.0086381,-0.0104316,0.002067,0.004702,0.019329,0.00000,0.00000,0.000,0.000,0.000,0.000,0.000,-6.0000,0.0000,0.0000,6.0000,95.00,95.00,90.00,90.00,65535,65535,65535,1500,1,15,40.4365043,-86.8936823,158.809,0.030,0.010,0.010,3,0.37,0.54,0.09,1
14177,50808,24105,21091,0,0,-0.32441,2.59651,9.46667,-0.005326,-0.007457,-0.010653,15.546,1.776,-0.146,0.0092,-0.0027,-0.0142,0.1348,-0.2185,-0.1653,-0.0056615,-0.0086422,-0.0105637,0.001433,0.005391,0.019634,0.00000,0.00000,0.000,0.000,0.000,0.000,0.000,-6.0000,0.0000,0.0000,6.0000,95.00,95.00,90.00,90.00,65535,65535,65535,1500,1,15,40.4365043,-86.8936824,158.798,0.000,-0.010,0.020,3,0.37,0.54,0.10,1
14201,24374,23487,15583,0,0,-0.28371,2.65517,9.46308,-0.004261,-0.008522,-0.010653,15.555,1.771,-0.152,0.0096,-0.0023,-0.0141,0.1351,-0.2185,-0.1656,-0.0056713,-0.0086326,-0.0105578,0.001461,0.005364,0.019643,0.00000,0.00000,0.000,0.000,0.000,0.000,0.000,-6.0000,0.0000,0.0000,6.0000,95.00,95.00,90.00,90.00,65535,65535,65535,1500,1,15,40.4365043,-86.8936824,158.798,0.000,-0.010,0.020,3,0.37,0.54,0.10,1
14230,23692,28603,20657,0,0,-0.27294,2.68151,9.45829,-0.006392,-0.008522,-0.010653,15.568,1.764,-0.160,0.0101,-0.0015,-0.0139,0.1353,-0.2185,-0.1659,-0.0056924,-0.0086186,-0.0105491,0.001505,0.005303,0.019661,0.00000,0.00000,0.000,0.000,0.000,0.000,0.000,-6.0000,0.0000,0.0000,6.0000,95.00,95.00,90.00,90.00,65535,65535,65535,1500,1,15,40.4365043,-86.8936824,158.798,0.000,-0.010,0.020,3,0.37,0.54,0.10,1
14268,28800,38144,30107,0,0,-0.31005,2.63123,9.46069,-0.007457,-0.008522,-0.010653,15.564,1.766,-0.158,0.0099,-0.0016,-0.0140,0.1356,-0.2186,-0.1663,-0.0056907,-0.0086221,-0.0105509,0.001497,0.005306,0.019660,0.00000,0.00000,0.000,0.000,0.000,0.000,0.000,-6.0000,0.0000,0.0000,6.0000,95.00,95.00,90.00,90.00,65535,65535,65535,1500,1,15,40.4365043,-86.8936824,158.798,0.000,-0.010,0.020,3,0.37,0.54,0.10,1
14304,38333,36064,33009,0,0,-0.30646,2.62405,9.46548,-0.005326,-0.008522,-0.010653,15.561,1.767,-0.158,0.0097,-0.0019,-0.0140,0.1360,-0.2186,-0.1669,-0.0056853,-0.0086237,-0.0105520,0.001491,0.005321,0.019655,0.00000,0.00000,0.000,0.000,0.000,0.000,0.000,-6.0000,0.0000,0.0000,6.0000,95.00,95.00,90.00,90.00,65535,65535,65535,1500,1,15,40.4365043,-86.8936824,158.798,0.000,-0.010,0.020,3,0.37,0.54,0.10,1
14335,36553,30561,27535,0,0,-0.30287,2.63841,9.47026,-0.007457,-0.008522,-0.010653,15.558,1.767,-0.158,0.0096,-0.0019,-0.0137,0.1363,-0.2187,-0.1674,-0.0056861,-0.0086235,-0.0105519,0.001492,0.005319,0.019656,0.00000,0.00000,0.000,0.000,0.000,0.000,0.000,-6.0000,0.0000,0.0000,6.0000,95.00,95.00,90.00,90.00,65535,65535,65535,1500,1,15,40.4365043,-86.8936824,158.798,0.000,-0.010,0.020,3,0.37,0.54,0.10,1
14380,51120,24065,21066,0,0,-0.31364,2.61567,9.47026,-0.004261,-0.008522,-0.010653,15.549,1.796,-0.241,0.0216,0.0094,-0.0286,0.1428,-0.2230,-0.1778,-0.0056716,-0.0086317,-0.0104246,0.002061,0.005021,0.020752,0.00000,0.00000,0.000,0.000,0.000,0.000,0.000,-6.0000,0.0000,0.0000,6.0000,95.00,95.00,90.00,90.00,65535,65535,65535,1500,1,14,40.4365044,-86.8936825,158.777,0.030,0.020,0.040,3,0.37,0.54,0.10,1
14410,24324,29684,21653,0,0,-0.31125,2.62405,9.46548,-0.004261,-0.008522,-0.010653,15.548,1.797,-0.240,0.0214,0.0092,-0.0286,0.1434,-0.2228,-0.1785,-0.0056672,-0.0086332,-0.0104256,0.002055,0.005035,0.020748,0.00000,0.00000,0.000,0.000,0.000,0.000,0.000,-6.0000,0.0000,0.0000,6.0000,95.00,95.00,90.00,90.00,65535,65535,65535,1500,1,14,40.4365044,-86.8936825,158.777,0.030,0.020,0.040,3,0.37,0.54,0.10,1
14448,29891,38085,30070,0,0,-0.26576,2.68270,9.45590,-0.006392,-0.008522,-0.010653,15.562,1.787,-0.251,0.0224,0.0103,-0.0285,0.1440,-0.2225,-0.1793,-0.0056896,-0.0086139,-0.0104145,0.002109,0.004973,0.020767,0.00000,0.00000,0.000,0.000,0.000,0.000,0.000,-6.0000,0.0000,0.0000,6.0000,95.00,95.00,90.00,90.00,65535,65535,65535,1500,1,14,40.4365044,-86.8936825,158.777,0.030,0.020,0.040,3,0.37,0.54,0.10,1
14476,38272,28092,25095,0,0,-0.32082,2.59292,9.47864,-0.007457,-0.008522,-0.010653,15.545,1.791,-0.248,0.0218,0.0091,-0.0284,0.1449,-0.2221,-0.1804,-0.0056695,-0.0086204,-0.0104187,0.002085,0.005032,0.020750,0.00000,0.00000,0.000,0.000,0.000,0.000,0.000,-6.0000,0.0000,0.0000,6.0000,95.00,95.00,90.00,90.00,65535,65535,65535,1500,1,14,40.4365044,-86.8936825,158.777,0.030,0.020,0.040,3,0.37,0.54,0.10,1
14511,33288,29590,26593,0,0,-0.29808,2.60130,9.47864,0.000000,-0.008522,-0.012783,15.544,1.789,-0.254,0.0219,0.0083,-0.0282,0.1456,-0.2218,-0.1814,-0.0056534,-0.0086161,-0.0104176,0.002084,0.005081,0.020736,0.00000,0.00000,0.000,0.000,0.000,0.000,0.000,-6.0000,0.0000,0.0000,6.0000,95.00,95.00,90.00,90.00,65535,65535,65535,1500,1,14,40.4365044,-86.8936825,158.777,0.030,0.020,0.040,3,0.37,0.54,0.10,1
14547,30231,35073,27152,0,0,-0.28252,2.67552,9.46189,-0.006392,-0.007457,-0.010653,15.559,1.765,-0.195,0.0127,0.0047,-0.0136,0.1471,-0.2296,-0.1847,-0.0056735,-0.0086019,-0.0105102,0.001698,0.004943,0.019824,0.00000,0.00000,0.000,0.000,0.000,0.000,0.000,-6.0000,0.0000,0.0000,6.0000,95.00,95.00,90.00,90.00,65535,65535,65535,1500,1,15,40.4365044,-86.8936826,158.780,0.004,0.002,0.000,3,0.37,0.54,0.08,1
14585,55340,18159,15165,0,0,-0.35913,2.61686,9.46548,-0.008522,-0.009587,-0.011718,15.545,1.778,-0.185,0.0098,0.0039,-0.0136,0.1477,-0.2293,-0.1855,-0.0056660,-0.0086281,-0.0105237,0.001644,0.004952,0.019820,0.00000,0.00000,0.000,0.000,0.000,0.000,0.000,-6.0000,0.0000,0.0000,6.0000,95.00,95.00,90.00,90.00,65535,65535,65535,1500,1,15,40.4365044,-86.8936826,158.780,0.000,0.000,0.000,3,0.37,0.54,0.08,1
14624,18416,38103,30124,0,0,-0.30167,2.62764,9.46428,-0.005326,-0.009587,-0.011718,15.543,1.777,-0.187,0.0098,0.0039,-0.0136,0.1479,-0.2293,-0.1857,-0.0056639,-0.0086267,-0.0105232,0.001645,0.004960,0.019818,0.00000,0.00000,0.000,0.000,0.000,0.000,0.000,-6.0000,0.0000,0.0000,6.0000,95.00,95.00,90.00,90.00,65535,65535,65535,1500,1,15,40.4365044,-86.8936826,158.780,0.000,0.000,0.000,3,0.37,0.54,0.08,1
14660,38296,36087,28087,0,0,-0.23583,2.63003,9.47026,-0.006392,-0.008522,-0.011718,15.540,1.759,-0.205,0.0118,0.0038,-0.0134,0.1483,-0.2291,-0.1863,-0.0056622,-0.0085955,-0.0105090,0.001697,0.004982,0.019814,0.00000,0.00000,0.000,0.000,0.000,0.000,0.000,-6.0000,0.0000,0.0000,6.0000,95.00,95.00,90.00,90.00,65535,65535,65535,1500,1,15,40.4365044,-86.8936826,158.780,0.000,0.000,0.000,3,0.37,0.54,0.08,1
14690,36265,29686,26694,0,0,-0.33399,2.63362,9.46308,-0.003196,-0.008522,-0.010653,15.546,1.768,-0.198,0.0108,0.0038,-0.0134,0.1487,-0.2290,-0.1867,-0.0056628,-0.0086101,-0.0105154,0.001671,0.004973,0.019815,0.00000,0.00000,0.000,0.000,0.000,0.000,0.000,-6.0000,0.0000,0.0000,6.0000,95.00,95.00,90.00,90.00,65535,65535,65535,1500,1,15,40.4365044,-86.8936826,158.780,0.000,0.000,0.000,3,0.37,0.54,0.08,1
14719,29879,29228,21261,0,0,-0.31603,2.68629,9.45231,-0.002131,-0.009587,-0.010653,15.569,1.770,-0.197,0.0105,0.0048,-0.0132,0.1491,-0.2289,-0.1871,-0.0056868,-0.0086159,-0.0105168,0.001669,0.004904,0.019834,0.00000,0.00000,0.000,0.000,0.000,0.000,0.000,-6.0000,0.0000,0.0000,6.0000,95.00,95.00,90.00,90.00,65535,65535,65535,1500,1,15,40.4365044,-86.8936826,158.780,0.000,0.000,0.000,3,0.37,0.54,0.08,1
14755,30086,35222,27345,0,0,-0.30646,2.68629,9.44153,-0.010653,-0.008522,-0.011718,15.580,1.748,-0.124,-0.0011,0.0018,-0.0063,0.1498,-0.2367,-0.1916,-0.0057124,-0.0086138,-0.0106286,0.001174,0.004822,0.019379,0.00000,0.00000,0.000,0.000,0.000,0.000,0.000,-6.0000,0.0000,0.0000,6.0000,95.00,95.00,90.00,90.00,65535,65535,65535,1500,1,15,40.4365044,-86.8936827,158.775,-0.010,0.000,0.000,3,0.37,0.54,0.08,1
14794,55242,18161,15151,0,0,-0.29808,2.58095,9.47864,-0.005326,-0.009587,-0.011718,15.562,1.746,-0.127,-0.0011,-0.0010,-0.0062,0.1497,-0.2367,-0.1920,-0.0056851,-0.0086132,-0.0106297,0.001165,0.004912,0.019353,0.00000,0.00000,0.000,0.000,0.000,0.000,0.000,-6.0000,0.0000,0.0000,6.0000,95.00,95.00,90.00,90.00,65535,65535,65535,1500,1,15,40.4365044,-86.8936827,158.775,-0.010,0.000,0.000,3,0.37,0.54,0.08,1
14823,18436,29495,21504,0,0,-0.27054,2.61207,9.46428,-0.004261,-0.007457,-0.010653,15.556,1.739,-0.133,-0.0008,-0.0012,-0.0063,0.1497,-0.2367,-0.1921,-0.0056748,-0.0086004,-0.0106240,0.001186,0.004953,0.019343,0.00000,0.00000,0.000,0.000,0.000,0.000,0.000,-6.0000,0.0000,0.0000,6.0000,95.00,95.00,90.00,90.00,65535,65535,65535,1500,1,15,40.4365044,-86.8936827,158.775,-0.010,0.000,0.000,3,0.37,0.54,0.08,1
14847,29700,23245,15325,0,0,-0.28611,2.65756,9.46428,-0.003196,-0.007457,-0.009587,15.567,1.737,-0.134,-0.0006,-0.0008,-0.0061,0.1497,-0.2368,-0.1923,-0.0056842,-0.0085948,-0.0106209,0.001202,0.004927,0.019350,0.00000,0.00000,0.000,0.000,0.000,0.000,0.000,-6.0000,0.0000,0.0000,6.0000,95.00,95.00,90.00,90.00,65535,65535,65535,1500,1,15,40.4365044,-86.8936827,158.775,-0.010,0.000,0.000,3,0.37,0.54,0.08,1
14876,23444,28649,20615,0,0,-0.32202,2.67313,9.45590,-0.005326,-0.008522,-0.010653,15.579,1.744,-0.130,-0.0010,-0.0003,-0.0059,0.1497,-0.2368,-0.1924,-0.0057004,-0.0086052,-0.0106248,0.001188,0.004874,0.019365,0.00000,0.00000,0.000,0.000,0.000,0.000,0.000,-6.0000,0.0000,0.0000,6.0000,95.00,95.00,90.00,90.00,65535,65535,65535,1500,1,15,40.4365044,-86.8936827,158.775,-0.010,0.000,0.000,3,0.37,0.54,0.08,1
14906,28841,29927,21940,0,0,-0.32681,2.64799,9.45111,-0.005326,-0.009587,-0.011718,15.584,1.750,-0.126,-0.0016,-0.0001,-0.0061,0.1496,-0.2368,-0.1926,-0.0057057,-0.0086173,-0.0106298,0.001167,0.004852,0.019370,0.00000,0.00000,0.000,0.000,0.000,0.000,0.000,-6.0000,0.0000,0.0000,6.0000,95.00,95.00,90.00,90.00,65535,65535,65535,1500,1,15,40.4365044,-86.8936827,158.775,-0.010,0.000,0.000,3,0.37,0.54,0.08,1
14956,30570,49163,41079,0,0,-0.30047,2.63602,9.45351,-0.006392,-0.009587,-0.011718,15.577,1.777,-0.219,0.0121,0.0114,0.0023,0.1557,-0.2413,-0.1964,-0.0057011,-0.0086213,-0.0104964,0.001829,0.004198,0.019022,0.00000,0.00000,0.000,0.000,0.000,0.000,0.000,-6.0000,0.0000,0.0000,6.0000,95.00,95.00,90.00,90.00,65535,65535,65535,1500,1,15,40.4365045,-86.8936828,158.774,0.022,0.022,-0.010,3,0.37,0.54,0.08,1
14992,49710,36103,30046,0,0,-0.29808,2.60729,9.46787,-0.004261,-0.008522,-0.010653,15.571,1.776,-0.221,0.0122,0.0101,0.0022,0.1563,-0.2408,-0.1962,-0.0056873,-0.0086184,-0.0104956,0.001829,0.004245,0.019008,0.00000,0.00000,0.000,0.000,0.000,0.000,0.000,-6.0000,0.0000,0.0000,6.0000,95.00,95.00,90.00,90.00,65535,65535,65535,1500,1,15,40.4365045,-86.8936828,158.774,0.020,0.020,-0.010,3,0.37,0.54,0.08,1
15026,51247,18211,15215,0,0,-0.30646,2.66116,9.45949,-0.005326,-0.008522,-0.010653,15.580,1.777,-0.221,0.0121,0.0112,0.0025,0.1569,-0.2403,-0.1961,-0.0056981,-0.0086191,-0.0104955,0.001832,0.004212,0.019018,0.00000,0.00000,0.000,0.000,0.000,0.000,0.000,-6.0000,0.0000,0.0000,6.0000,95.00,95.00,90.00,90.00,65535,65535,65535,1500,1,15,40.4365045,-86.8936828,158.774,0.020,0.020,-0.010,3,0.37,0.54,0.08,1
15055,18476,29542,21572,0,0,-0.29449,2.66594,9.47146,-0.008522,-0.008522,-0.011718,15.584,1.774,-0.225,0.0121,0.0114,0.0028,0.1571,-0.2401,-0.1961,-0.0057089,-0.0086144,-0.0104928,0.001846,0.004183,0.019027,0.00000,0.00000,0.000,0.000,0.000,0.000,0.000,-6.0000,0.0000,0.0000,6.0000,95.00,95.00,90.00,90.00,65535,65535,65535,1500,1,15,40.4365045,-86.8936828,158.774,0.020,0.020,-0.010,3,0.37,0.54,0.08,1
15085,29760,29581,21495,0,0,-0.30885,2.61567,9.46548,-0.007457,-0.008522,-0.010653,15.574,1.776,-0.224,0.0119,0.0110,0.0028,0.1575,-0.2397,-0.1960,-0.0056990,-0.0086164,-0.0104941,0.001838,0.004210,0.019019,0.00000,0.00000,0.000,0.000,0.000,0.000,0.000,-6.0000,0.0000,0.0000,6.0000,95.00,95.00,90.00,90.00,65535,65535,65535,1500,1,15,40.4365045,-86.8936828,158.774,0.020,0.020,-0.010,3,0.37,0.54,0.08,1
15118,29782,33008,30001,0,0,-0.30167,2.60489,9.47386,-0.005326,-0.008522,-0.011718,15.564,1.775,-0.226,0.0119,0.0104,0.0029,0.1578,-0.2394,-0.1959,-0.0056841,-0.0086151,-0.0104942,0.001835,0.004251,0.019007,0.00000,0.00000,0.000,0.000,0.000,0.000,0.000,-6.0000,0.0000,0.0000,6.0000,95.00,95.00,90.00,90.00,65535,65535,65535,1500,1,15,40.4365045,-86.8936828,158.774,0.020,0.020,-0.010,3,0.37,0.54,0.08,1
15155,38189,31391,28390,0,0,-0.31005,2.63841,9.45351,-0.006392,-0.008522,-0.009587,15.564,1.777,-0.223,0.0117,0.0106,0.0027,0.1583,-0.2390,-0.1958,-0.0056865,-0.0086177,-0.0104951,0.001832,0.004243,0.019009,0.00000,0.00000,0.000,0.000,0.000,0.000,0.000,-6.0000,0.0000,0.0000,6.0000,95.00,95.00,90.00,90.00,65535,65535,65535,1500,1,15,40.4365045,-86.8936828,158.774,0.020,0.020,-0.010,3,0.37,0.54,0.08,1
15191,32282,35292,27347,0,0,-0.29688,2.64799,9.45949,-0.003196,-0.008522,-0.010653,15.582,1.702,0.011,-0.0256,-0.0024,0.0125,0.1525,-0.2491,-0.1987,-0.0056957,-0.0086040,-0.0108360,0.000270,0.004422,0.018290,0.00000,0.00000,0.000,0.000,0.000,0.000,0.000,-6.0000,0.0000,0.0000,6.0000,95.00,95.00,90.00,90.00,65535,65535,65535,1500,1,14,40.4365044,-86.8936829,158.780,-0.050,-0.010,-0.020,3,0.37,0.54,0.09,1
15221,35518,29442,21399,0,0,-0.27653,2.63602,9.46189,-0.005326,-0.008522,-0.011718,15.582,1.698,0.006,-0.0252,-0.0025,0.0125,0.1516,-0.2492,-0.1982,-0.0056946,-0.0085974,-0.0108327,0.000284,0.004430,0.018289,0.00000,0.00000,0.000,0.000,0.000,0.000,0.000,-6.0000,0.0000,0.0000,6.0000,95.00,95.00,90.00,90.00,65535,65535,65535,1500,1,14,40.4365044,-86.8936829,158.780,-0.050,-0.010,-0.020,3,0.37,0.54,0.09,1
15259,49770,18118,15122,0,0,-0.29808,2.64200,9.45829,-0.007457,-0.008522,-0.011718,15.579,1.701,0.005,-0.0255,-0.0022,0.0125,0.1504,-0.2493,-0.1976,-0.0056968,-0.0086004,-0.0108340,0.000279,0.004422,0.018291,0.00000,0.00000,0.000,0.000,0.000,0.000,0.000,-6.0000,0.0000,0.0000,6.0000,95.00,95.00,90.00,90.00,65535,65535,65535,1500,1,14,40.4365044,-86.8936829,158.780,-0.050,-0.010,-0.020,3,0.37,0.54,0.09,1
15298,23418,33160,30179,0,0,-0.35075,2.61926,9.45590,-0.006392,-0.008522,-0.010653,15.573,1.717,0.018,-0.0264,-0.0025,0.0123,0.1498,-0.2494,-0.1973,-0.0056898,-0.0086262,-0.0108457,0.000230,0.004428,0.018287,0.00000,0.00000,0.000,0.000,0.000,0.000,0.000,-6.0000,0.0000,0.0000,6.0000,95.00,95.00,90.00,90.00,65535,65535,65535,1500,1,14,40.4365044,-86.8936829,158.780,-0.050,-0.010,-0.020,3,0.37,0.54,0.09,1
15334,33468,36276,28296,0,0,-0.32561,2.63482,9.46069,-0.005326,-0.008522,-0.010653,15.573,1.725,0.025,-0.0272,-0.0025,0.0124,0.1489,-0.2494,-0.1969,-0.0056889,-0.0086397,-0.0108514,0.000206,0.004423,0.018288,0.00000,0.00000,0.000,0.000,0.000,0.000,0.000,-6.0000,0.0000,0.0000,6.0000,95.00,95.00,90.00,90.00,65535,65535,65535,1500,1,14,40.4365044,-86.8936829,158.780,-0.050,-0.010,-0.020,3,0.37,0.54,0.09,1
15371,37136,36310,28309,0,0,-0.26336,2.66475,9.45829,-0.007457,-0.008522,-0.010653,15.576,1.764,-0.133,0.0003,-0.0125,0.0053,0.1571,-0.2595,-0.2036,-0.0057046,-0.0086329,-0.0106280,0.001116,0.005401,0.018492,0.00000,0.00000,0.000,0.000,0.000,0.000,0.000,-6.0000,0.0000,0.0000,6.0000,95.00,95.00,90.00,90.00,65535,65535,65535,1500,1,14,40.4365045,-86.8936831,158.775,0.020,-0.020,0.000,3,0.37,0.54,0.09,1
15401,36534,29468,21448,0,0,-0.31005,2.61207,9.46787,-0.006392,-0.008522,-0.010653,15.567,1.766,-0.131,-0.0000,-0.0133,0.0054,0.1571,-0.2600,-0.2034,-0.0056934,-0.0086362,-0.0106302,0.001104,0.005437,0.018481,0.00000,0.00000,0.000,0.000,0.000,0.000,0.000,-6.0000,0.0000,0.0000,6.0000,95.00,95.00,90.00,90.00,65535,65535,65535,1500,1,14,40.4365045,-86.8936831,158.775,0.020,-0.020,0.000,3,0.37,0.54,0.09,1
15431,29668,29364,26356,0,0,-0.32561,2.59891,9.47266,-0.006392,-0.008522,-0.011718,15.554,1.773,-0.127,-0.0006,-0.0141,0.0054,0.1571,-0.2605,-0.2032,-0.0056769,-0.0086460,-0.0106356,0.001078,0.005484,0.018467,0.00000,0.00000,0.000,0.000,0.000,0.000,0.000,-6.0000,0.0000,0.0000,6.0000,95.00,95.00,90.00,90.00,65535,65535,65535,1500,1,14,40.4365045,-86.8936831,158.775,0.020,-0.020,0.000,3,0.37,0.54,0.09,1
15469,49044,18195,15167,0,0,-0.29329,2.67193,9.46548,-0.005326,-0.007457,-0.009587,15.566,1.772,-0.126,-0.0002,-0.0128,0.0061,0.1571,-0.2611,-0.2029,-0.0056926,-0.0086409,-0.0106326,0.001096,0.005440,0.018480,0.00000,0.00000,0.000,0.000,0.000,0.000,0.000,-6.0000,0.0000,0.0000,6.0000,95.00,95.00,90.00,90.00,65535,65535,65535,1500,1,14,40.4365045,-86.8936831,158.775,0.020,-0.020,0.000,3,0.37,0.54,0.09,1
15499,18474,29781,21813,0,0,-0.32920,2.63003,9.45829,-0.006392,-0.008522,-0.010653,15.564,1.779,-0.121,-0.0005,-0.0128,0.0060,0.1571,-0.2613,-0.2028,-0.0056907,-0.0086518,-0.0106372,0.001078,0.005440,0.018479,0.00000,0.00000,0.000,0.000,0.000,0.000,0.000,-6.0000,0.0000,0.0000,6.0000,95.00,95.00,90.00,90.00,65535,65535,65535,1500,1,14,40.4365045,-86.8936831,158.775,0.020,-0.020,0.000,3,0.37,0.54,0.09,1
15523,30187,23921,15835,0,0,-0.31963,2.62285,9.46428,-0.005326,-0.009587,-0.011718,15.561,1.782,-0.120,-0.0008,-0.0131,0.0061,0.1570,-0.2617,-0.2027,-0.0056852,-0.0086580,-0.0106400,0.001066,0.005452,0.018476,0.00000,0.00000,0.000,0.000,0.000,0.000,0.000,-6.0000,0.0000,0.0000,6.0000,95.00,95.00,90.00,90.00,65535,65535,65535,1500,1,14,40.4365045,-86.8936831,158.775,0.020,-0.020,0.000,3,0.37,0.54,0.09,1
15559,29715,30435,27446,0,0,-0.28970,2.60848,9.46667,-0.008522,-0.008522,-0.011718,15.536,1.846,-0.343,0.0343,0.0044,-0.0031,0.1680,-0.2651,-0.2100,-0.0056678,-0.0086606,-0.0103287,0.002547,0.005002,0.019209,0.00000,0.00000,0.000,0.000,0.000,0.000,0.000,-6.0000,0.0000,0.0000,6.0000,95.00,95.00,90.00,90.00,65535,65535,65535,1500,1,14,40.4365046,-86.8936831,158.768,0.060,0.020,0.010,3,0.37,0.54,0.09,1
15589,30663,29542,21531,0,0,-0.28132,2.64320,9.46428,-0.004261,-0.007457,-0.009587,15.542,1.839,-0.349,0.0351,0.0047,-0.0030,0.1691,-0.2650,-0.2101,-0.0056725,-0.0086457,-0.0103213,0.002577,0.004995,0.019212,0.00000,0.00000,0.000,0.000,0.000,0.000,0.000,-6.0000,0.0000,0.0000,6.0000,95.00,95.00,90.00,90.00,65535,65535,65535,1500,1,14,40.4365046,-86.8936831,158.768,0.060,0.020,0.010,3,0.37,0.54,0.09,1
15627,29746,38101,30073,0,0,-0.33040,2.65637,9.45949,-0.006392,-0.008522,-0.009587,15.549,1.843,-0.345,0.0347,0.0052,-0.0029,0.1701,-0.2648,-0.2102,-0.0056828,-0.0086519,-0.0103235,0.002574,0.004958,0.019222,0.00000,0.00000,0.000,0.000,0.000,0.000,0.000,-6.0000,0.0000,0.0000,6.0000,95.00,95.00,90.00,90.00,65535,65535,65535,1500,1,14,40.4365046,-86.8936831,158.768,0.060,0.020,0.010,3,0.37,0.54,0.09,1
15663,38297,35998,32964,0,0,-0.31723,2.65637,9.45949,-0.005326,-0.009587,-0.011718,15.556,1.842,-0.348,0.0345,0.0059,-0.0027,0.1714,-0.2646,-0.2103,-0.0056926,-0.0086525,-0.0103232,0.002578,0.004928,0.019231,0.00000,0.00000,0.000,0.000,0.000,0.000,0.000,-6.0000,0.0000,0.0000,6.0000,95.00,95.00,90.00,90.00,65535,65535,65535,1500,1,14,40.4365046,-86.8936831,158.768,0.060,0.020,0.010,3,0.37,0.54,0.09,1
15703,57142,18708,15706,0,0,-0.26815,2.60729,9.46787,-0.007457,-0.007457,-0.010653,15.542,1.832,-0.358,0.0366,0.0047,-0.0029,0.1734,-0.2643,-0.2105,-0.0056812,-0.0086314,-0.0103157,0.002598,0.004970,0.019220,0.00000,0.00000,0.000,0.000,0.000,0.000,0.000,-6.0000,0.0000,0.0000,6.0000,95.00,95.00,90.00,90.00,65535,65535,65535,1500,1,14,40.4365046,-86.8936831,158.768,0.060,0.020,0.010,3,0.37,0.54,0.09,1
15740,19704,35468,27516,0,0,-0.31005,2.59172,9.46548,-0.006392,-0.008522,-0.010653,15.536,1.758,-0.126,-0.0024,0.0023,-0.0060,0.1686,-0.2719,-0.2166,-0.0056649,-0.0086187,-0.0106427,0.001090,0.004772,0.019407,0.00000,0.00000,0.000,0.000,0.000,0.000,0.000,-6.0000,0.0000,0.0000,6.0000,95.00,95.00,90.00,90.00,65535,65535,65535,1500,1,14,40.4365046,-86.8936832,158.759,-0.034,0.002,0.008,3,0.37,0.54,0.09,1
15770,35758,29550,21597,0,0,-0.29329,2.65756,9.45470,-0.003196,-0.008522,-0.010653,15.550,1.757,-0.128,-0.0022,0.0031,-0.0060,0.1685,-0.2718,-0.2168,-0.0056763,-0.0086152,-0.0106403,0.001105,0.004736,0.019417,0.00000,0.00000,0.000,0.000,0.000,0.000,0.000,-6.0000,0.0000,0.0000,6.0000,95.00,95.00,90.00,90.00,65535,65535,65535,1500,1,14,40.4365046,-86.8936832,158.759,-0.030,0.000,0.010,3,0.37,0.54,0.09,1
15808,29754,38068,30080,0,0,-0.27414,2.71502,9.45829,-0.009587,-0.008522,-0.011718,15.568,1.750,-0.137,-0.0016,0.0049,-0.0055,0.1685,-0.2716,-0.2170,-0.0057104,-0.0086035,-0.0106331,0.001146,0.004634,0.019447,0.00000,0.00000,0.000,0.000,0.000,0.000,0.000,-6.0000,0.0000,0.0000,6.0000,95.00,95.00,90.00,90.00,65535,65535,65535,1500,1,14,40.4365046,-86.8936832,158.759,-0.030,0.000,0.010,3,0.37,0.54,0.09,1
15839,38249,31036,28038,0,0,-0.34716,2.58215,9.46787,-0.006392,-0.008522,-0.010653,15.550,1.763,-0.127,-0.0031,0.0034,-0.0058,0.1684,-0.2715,-0.2172,-0.0056879,-0.0086235,-0.0106427,0.001104,0.004691,0.019430,0.00000,0.00000,0.000,0.000,0.000,0.000,0.000,-6.0000,0.0000,0.0000,6.0000,95.00,95.00,90.00,90.00,65535,65535,65535,1500,1,14,40.4365046,-86.8936832,158.759,-0.030,0.000,0.010,3,0.37,0.54,0.09,1
15871,31233,31666,28535,0,0,-0.28371,2.61926,9.46548,-0.003196,-0.008522,-0.011718,15.550,1.759,-0.132,-0.0027,0.0031,-0.0058,0.1683,-0.2714,-0.2174,-0.0056816,-0.0086157,-0.0106399,0.001112,0.004713,0.019424,0.00000,0.00000,0.000,0.000,0.000,0.000,0.000,-6.0000,0.0000,0.0000,6.0000,95.00,95.00,90.00,90.00,65535,65535,65535,1500,1,14,40.4365046,-86.8936832,158.759,-0.030,0.000,0.010,3,0.37,0.54,0.09,1
15910,51815,18725,15716,0,0,-0.32322,2.63003,9.47026,-0.006392,-0.008522,-0.009587,15.546,1.764,-0.125,-0.0037,0.0029,-0.0054,0.1681,-0.2712,-0.2177,-0.0056796,-0.0086250,-0.0106434,0.001099,0.004714,0.019423,0.00000,0.00000,0.000,0.000,0.000,0.000,0.000,-6.0000,0.0000,0.0000,6.0000,95.00,95.00,90.00,90.00,65535,65535,65535,1500,1,14,40.4365046,-86.8936832,158.759,-0.030,0.000,0.010,3,0.37,0.54,0.09,1
15946,24727,30460,27460,0,0,-0.32920,2.63841,9.47386,-0.004261,-0.008522,-0.011718,15.546,1.778,-0.141,-0.0014,0.0118,0.0030,0.1715,-0.2762,-0.2212,-0.0056772,-0.0086366,-0.0106192,0.001284,0.004123,0.019100,0.00000,0.00000,0.000,0.000,0.000,0.000,0.000,-6.0000,0.0000,0.0000,6.0000,95.00,95.00,90.00,90.00,65535,65535,65535,1500,1,14,40.4365046,-86.8936832,158.758,0.000,0.020,-0.010,3,0.37,0.54,0.08,1
15985,35706,33045,30053,0,0,-0.30406,2.64559,9.45710,-0.005326,-0.009587,-0.010653,15.551,1.776,-0.142,-0.0014,0.0123,0.0030,0.1715,-0.2757,-0.2211,-0.0056831,-0.0086364,-0.0106188,0.001289,0.004104,0.019106,0.00000,0.00000,0.000,0.000,0.000,0.000,0.000,-6.0000,0.0000,0.0000,6.0000,95.00,95.00,90.00,90.00,65535,65535,65535,1500,1,14,40.4365046,-86.8936832,158.758,0.000,0.020,-0.010,3,0.37,0.54,0.08,1
16020,33259,35521,27562,0,0,-0.31843,2.59172,9.47625,-0.007457,-0.008522,-0.009587,15.534,1.779,-0.137,-0.0019,0.0112,0.0031,0.1714,-0.2753,-0.2210,-0.0056649,-0.0086423,-0.0106224,0.001268,0.004158,0.019090,0.00000,0.00000,0.000,0.000,0.000,0.000,0.000,-6.0000,0.0000,0.0000,6.0000,95.00,95.00,90.00,90.00,65535,65535,65535,1500,1,14,40.4365046,-86.8936832,158.758,0.000,0.020,-0.010,3,0.37,0.54,0.08,1
16051,35737,30228,27235,0,0,-0.28730,2.63362,9.45949,-0.003196,-0.008522,-0.010653,15.540,1.775,-0.141,-0.0014,0.0114,0.0030,0.1714,-0.2749,-0.2209,-0.0056662,-0.0086348,-0.0106191,0.001282,0.004158,0.019090,0.00000,0.00000,0.000,0.000,0.000,0.000,0.000,-6.0000,0.0000,0.0000,6.0000,95.00,95.00,90.00,90.00,65535,65535,65535,1500,1,14,40.4365046,-86.8936832,158.758,0.000,0.020,-0.010,3,0.37,0.54,0.08,1
16081,30425,29702,26637,0,0,-0.28730,2.67073,9.44752,-0.005326,-0.008522,-0.009587,15.554,1.770,-0.143,-0.0011,0.0122,0.0029,0.1713,-0.2746,-0.2208,-0.0056838,-0.0086277,-0.0106154,0.001303,0.004112,0.019104,0.00000,0.00000,0.000,0.000,0.000,0.000,0.000,-6.0000,0.0000,0.0000,6.0000,95.00,95.00,90.00,90.00,65535,65535,65535,1500,1,14,40.4365046,-86.8936832,158.758,0.000,0.020,-0.010,3,0.37,0.54,0.08,1
16119,49809,18227,15220,0,0,-0.30406,2.61686,9.46787,-0.007457,-0.008522,-0.011718,15.543,1.771,-0.146,-0.0012,0.0117,0.0030,0.1713,-0.2740,-0.2207,-0.0056766,-0.0086279,-0.0106158,0.001299,0.004131,0.019099,0.00000,0.00000,0.000,0.000,0.000,0.000,0.000,-6.0000,0.0000,0.0000,6.0000,95.00,95.00,90.00,90.00,65535,65535,65535,1500,1,14,40.4365046,-86.8936832,158.758,0.000,0.020,-0.010,3,0.37,0.54,0.08,1
16149,18607,29978,22052,0,0,-0.28850,2.63242,9.46667,-0.005326,-0.008522,-0.010653,15.544,1.767,-0.149,-0.0012,0.0117,0.0030,0.1712,-0.2738,-0.2206,-0.0056763,-0.0086215,-0.0106135,0.001308,0.004134,0.019098,0.00000,0.00000,0.000,0.000,0.000,0.000,0.000,-6.0000,0.0000,0.0000,6.0000,95.00,95.00,90.00,90.00,65535,65535,65535,1500,1,14,40.4365046,-86.8936832,158.758,0.000,0.020,-0.010,3,0.37,0.54,0.08,1
16180,30809,29388,21321,0,0,-0.28491,2.63482,9.46428,-0.005326,-0.008522,-0.009587,15.552,1.769,-0.169,0.0059,-0.0193,0.0068,0.1760,-0.2883,-0.2249,-0.0056871,-0.0086159,-0.0105854,0.001249,0.005811,0.018410,0.00000,0.00000,0.000,0.000,0.000,0.000,0.000,-6.0000,0.0000,0.0000,6.0000,95.00,95.00,90.00,90.00,65535,65535,65535,1500,1,14,40.4365047,-86.8936834,158.754,0.010,-0.040,-0.010,3,0.37,0.54,0.09,1
16209,29615,29527,21557,0,0,-0.33639,2.62165,9.45710,-0.004261,-0.008522,-0.010653,15.551,1.777,-0.161,0.0051,-0.0195,0.0066,0.1761,-0.2889,-0.2247,-0.0056829,-0.0086296,-0.0105920,0.001220,0.005817,0.018408,0.00000,0.00000,0.000,0.000,0.000,0.000,0.000,-6.0000,0.0000,0.0000,6.0000,95.00,95.00,90.00,90.00,65535,65535,65535,1500,1,14,40.4365047,-86.8936834,158.754,0.010,-0.040,-0.010,3,0.37,0.54,0.09,1
16239,29735,29268,21386,0,0,-0.33519,2.63602,9.46189,-0.004261,-0.008522,-0.011718,15.554,1.786,-0.157,0.0043,-0.0195,0.0066,0.1763,-0.2895,-0.2245,-0.0056839,-0.0086419,-0.0105975,0.001196,0.005806,0.018410,0.00000,0.00000,0.000,0.000,0.000,0.000,0.000,-6.0000,0.0000,0.0000,6.0000,95.00,95.00,90.00,90.00,65535,65535,65535,1500,1,14,40.4365047,-86.8936834,158.754,0.010,-0.040,-0.010,3,0.37,0.54,0.09,1
16269,29478,29522,26457,0,0,-0.29568,2.65038,9.45829,-0.005326,-0.009587,-0.011718,15.560,1.782,-0.161,0.0045,-0.0192,0.0067,0.1764,-0.2901,-0.2243,-0.0056908,-0.0086377,-0.0105953,0.001208,0.005787,0.018415,0.00000,0.00000,0.000,0.000,0.000,0.000,0.000,-6.0000,0.0000,0.0000,6.0000,95.00,95.00,90.00,90.00,65535,65535,65535,1500,1,14,40.4365047,-86.8936834,158.754,0.010,-0.040,-0.010,3,0.37,0.54,0.09,1
16302,29719,33339,30320,0,0,-0.27653,2.64440,9.45829,-0.007457,-0.008522,-0.010653,15.560,1.775,-0.167,0.0051,-0.0190,0.0066,0.1765,-0.2906,-0.2241,-0.0056951,-0.0086260,-0.0105904,0.001230,0.005781,0.018418,0.00000,0.00000,0.000,0.000,0.000,0.000,0.000,-6.0000,0.0000,0.0000,6.0000,95.00,95.00,90.00,90.00,65535,65535,65535,1500,1,14,40.4365047,-86.8936834,158.754,0.010,-0.040,-0.010,3,0.37,0.54,0.09,1
16359,65505,24665,21660,0,0,-0.32082,2.62285,9.46548,-0.003196,-0.008522,-0.010653,15.556,1.801,-0.235,0.0135,0.0070,0.0082,0.1819,-0.2926,-0.2287,-0.0056797,-0.0086351,-0.0104985,0.001837,0.004442,0.018721,0.00000,0.00000,0.000,0.000,0.000,0.000,0.000,-6.0000,0.0000,0.0000,6.0000,95.00,95.00,90.00,90.00,65535,65535,65535,1500,1,14,40.4365047,-86.8936834,158.745,0.020,0.030,-0.010,3,0.37,0.54,0.08,1
16389,24931,29635,21589,0,0,-0.29808,2.64679,9.46308,-0.005326,-0.008522,-0.010653,15.560,1.799,-0.237,0.0137,0.0073,0.0083,0.1823,-0.2925,-0.2285,-0.0056846,-0.0086305,-0.0104960,0.001851,0.004429,0.018726,0.00000,0.00000,0.000,0.000,0.000,0.000,0.000,-6.0000,0.0000,0.0000,6.0000,95.00,95.00,90.00,90.00,65535,65535,65535,1500,1,14,40.4365047,-86.8936834,158.745,0.020,0.030,-0.010,3,0.37,0.54,0.08,1
16419,29841,29559,21580,0,0,-0.31364,2.63482,9.46667,-0.004261,-0.008522,-0.010653,15.562,1.800,-0.236,0.0135,0.0073,0.0085,0.1827,-0.2922,-0.2283,-0.0056840,-0.0086326,-0.0104970,0.001846,0.004429,0.018725,0.00000,0.00000,0.000,0.000,0.000,0.000,0.000,-6.0000,0.0000,0.0000,6.0000,95.00,95.00,90.00,90.00,65535,65535,65535,1500,1,14,40.4365047,-86.8936834,158.745,0.020,0.030,-0.010,3,0.37,0.54,0.08,1
16448,29752,29372,21398,0,0,-0.29329,2.65756,9.46308,-0.006392,-0.009587,-0.010653,15.567,1.795,-0.241,0.0138,0.0077,0.0087,0.1831,-0.2920,-0.2280,-0.0056928,-0.0086263,-0.0104938,0.001864,0.004406,0.018732,0.00000,0.00000,0.000,0.000,0.000,0.000,0.000,-6.0000,0.0000,0.0000,6.0000,95.00,95.00,90.00,90.00,65535,65535,65535,1500,1,14,40.4365047,-86.8936834,158.745,0.020,0.030,-0.010,3,0.37,0.54,0.08,1
16472,29570,23372,20368,0,0,-0.26097,2.67193,9.45710,-0.007457,-0.008522,-0.011718,15.575,1.783,-0.253,0.0147,0.0085,0.0089,0.1835,-0.2918,-0.2278,-0.0057076,-0.0086072,-0.0104852,0.001909,0.004374,0.018743,0.00000,0.00000,0.000,0.000,0.000,0.000,0.000,-6.0000,0.0000,0.0000,6.0000,95.00,95.00,90.00,90.00,65535,65535,65535,1500,1,14,40.4365047,-86.8936834,158.745,0.020,0.030,-0.010,3,0.37,0.54,0.08,1
16510,23561,38227,30354,0,0,-0.31244,2.58694,9.46548,-0.009587,-0.008522,-0.010653,15.555,1.785,-0.251,0.0145,0.0079,0.0087,0.1839,-0.2916,-0.2276,-0.0056881,-0.0086100,-0.0104872,0.001895,0.004427,0.018728,0.00000,0.00000,0.000,0.000,0.000,0.000,0.000,-6.0000,0.0000,0.0000,6.0000,95.00,95.00,90.00,90.00,65535,65535,65535,1500,1,14,40.4365047,-86.8936834,158.745,0.020,0.030,-0.010,3,0.37,0.54,0.08,1
16563,66635,24135,21120,0,0,-0.27773,2.70305,9.45829,-0.003196,-0.008522,-0.009587,15.589,1.789,-0.291,0.0243,-0.0069,-0.0017,0.1899,-0.3024,-0.2354,-0.0057216,-0.0086002,-0.0104338,0.002043,0.005583,0.019068,0.00000,0.00000,0.000,0.000,0.000,0.000,0.000,-6.0000,0.0000,0.0000,6.0000,95.00,95.00,90.00,90.00,65535,65535,65535,1500,1,15,40.4365048,-86.8936835,158.725,0.030,-0.020,0.010,3,0.37,0.54,0.09,1
16594,24407,30632,22568,0,0,-0.28730,2.69108,9.45590,-0.007457,-0.008522,-0.009587,15.603,1.783,-0.295,0.0247,-0.0060,-0.0014,0.1905,-0.3025,-0.2354,-0.0057427,-0.0085921,-0.0104289,0.002073,0.005517,0.019087,0.00000,0.00000,0.000,0.000,0.000,0.000,0.000,-6.0000,0.0000,0.0000,6.0000,95.00,95.00,90.00,90.00,65535,65535,65535,1500,1,15,40.4365048,-86.8936835,158.725,0.030,-0.020,0.010,3,0.37,0.54,0.09,1
16623,30835,29348,21335,0,0,-0.31244,2.63482,9.46069,-0.008522,-0.008522,-0.010653,15.596,1.785,-0.294,0.0244,-0.0062,-0.0015,0.1912,-0.3027,-0.2354,-0.0057402,-0.0085948,-0.0104302,0.002066,0.005524,0.019085,0.00000,0.00000,0.000,0.000,0.000,0.000,0.000,-6.0000,0.0000,0.0000,6.0000,95.00,95.00,90.00,90.00,65535,65535,65535,1500,1,15,40.4365048,-86.8936835,158.725,0.030,-0.020,0.010,3,0.37,0.54,0.09,1
16656,29547,33035,30035,0,0,-0.28012,2.59531,9.47026,-0.004261,-0.009587,-0.011718,15.584,1.777,-0.301,0.0249,-0.0071,-0.0016,0.1920,-0.3029,-0.2355,-0.0057213,-0.0085844,-0.0104267,0.002079,0.005588,0.019067,0.00000,0.00000,0.000,0.000,0.000,0.000,0.000,-6.0000,0.0000,0.0000,6.0000,95.00,95.00,90.00,90.00,65535,65535,65535,1500,1,15,40.4365048,-86.8936835,158.725,0.030,-0.020,0.010,3,0.37,0.54,0.09,1
16691,38231,29918,26902,0,0,-0.25379,2.65996,9.45949,-0.009587,-0.007457,-0.010653,15.582,1.766,-0.312,0.0263,-0.0065,-0.0014,0.1929,-0.3032,-0.2355,-0.0057304,-0.0085633,-0.0104180,0.002117,0.005573,0.019073,0.00000,0.00000,0.000,0.000,0.000,0.000,0.000,-6.0000,0.0000,0.0000,6.0000,95.00,95.00,90.00,90.00,65535,65535,65535,1500,1,15,40.4365048,-86.8936835,158.725,0.030,-0.020,0.010,3,0.37,0.54,0.09,1
16727,30223,35461,27395,0,0,-0.40223,2.58215,9.45949,-0.006392,-0.008522,-0.009587,15.565,1.793,-0.290,0.0242,-0.0076,-0.0018,0.1937,-0.3034,-0.2356,-0.0057087,-0.0086039,-0.0104341,0.002048,0.005612,0.019059,0.00000,0.00000,0.000,0.000,0.000,0.000,0.000,-6.0000,0.0000,0.0000,6.0000,95.00,95.00,90.00,90.00,65535,65535,65535,1500,1,15,40.4365048,-86.8936835,158.725,0.030,-0.020,0.010,3,0.37,0.54,0.09,1
16773,57105,24097,21084,0,0,-0.25498,2.66235,9.45351,-0.006392,-0.009587,-0.009587,15.569,1.739,-0.191,0.0055,0.0135,-0.0012,0.1932,-0.3060,-0.2412,-0.0057136,-0.0085762,-0.0105685,0.001471,0.004339,0.019351,0.00000,0.00000,0.000,0.000,0.000,0.000,0.000,-6.0000,0.0000,0.0000,6.0000,95.00,95.00,90.00,90.00,65535,65535,65535,1500,1,14,40.4365048,-86.8936835,158.721,-0.010,0.030,0.000,3,0.37,0.54,0.09,1
16802,24365,29216,21213,0,0,-0.27054,2.63721,9.47386,-0.010653,-0.006392,-0.010653,15.562,1.735,-0.196,0.0060,0.0135,-0.0009,0.1934,-0.3057,-0.2412,-0.0057131,-0.0085645,-0.0105634,0.001489,0.004348,0.019349,0.00000,0.00000,0.000,0.000,0.000,0.000,0.000,-6.0000,0.0000,0.0000,6.0000,95.00,95.00,90.00,90.00,65535,65535,65535,1500,1,14,40.4365048,-86.8936835,158.721,-0.010,0.030,0.000,3,0.37,0.54,0.09,1
16826,29413,23446,15414,0,0,-0.32082,2.62405,9.45710,-0.008522,-0.007457,-0.010653,15.555,1.743,-0.191,0.0054,0.0133,-0.0011,0.1935,-0.3053,-0.2412,-0.0057096,-0.0085740,-0.0105675,0.001475,0.004354,0.019347,0.00000,0.00000,0.000,0.000,0.000,0.000,0.000,-6.0000,0.0000,0.0000,6.0000,95.00,95.00,90.00,90.00,65535,65535,65535,1500,1,14,40.4365048,-86.8936835,158.721,-0.010,0.030,0.000,3,0.37,0.54,0.09,1
16856,23647,29312,21383,0,0,-0.30287,2.65397,9.47146,-0.003196,-0.009587,-0.011718,15.563,1.743,-0.192,0.0053,0.0136,-0.0008,0.1937,-0.3050,-0.2412,-0.0057162,-0.0085755,-0.0105678,0.001476,0.004333,0.019353,0.00000,0.00000,0.000,0.000,0.000,0.000,0.000,-6.0000,0.0000,0.0000,6.0000,95.00,95.00,90.00,90.00,65535,65535,65535,1500,1,14,40.4365048,-86.8936835,158.721,-0.010,0.030,0.000,3,0.37,0.54,0.09,1
16885,29515,29470,21495,0,0,-0.29928,2.65278,9.45949,-0.005326,-0.008522,-0.011718,15.569,1.744,-0.194,0.0053,0.0140,-0.0007,0.1938,-0.3046,-0.2413,-0.0057231,-0.0085755,-0.0105675,0.001480,0.004312,0.019358,0.00000,0.00000,0.000,0.000,0.000,0.000,0.000,-6.0000,0.0000,0.0000,6.0000,95.00,95.00,90.00,90.00,65535,65535,65535,1500,1,14,40.4365048,-86.8936835,158.721,-0.010,0.030,0.000,3,0.37,0.54,0.09,1
16916,29677,30066,27071,0,0,-0.32681,2.60130,9.46548,-0.006392,-0.008522,-0.010653,15.557,1.751,-0.189,0.0046,0.0133,-0.0008,0.1940,-0.3042,-0.2413,-0.0057095,-0.0085866,-0.0105722,0.001460,0.004345,0.019349,0.00000,0.00000,0.000,0.000,0.000,0.000,0.000,-6.0000,0.0000,0.0000,6.0000,95.00,95.00,90.00,90.00,65535,65535,65535,1500,1,14,40.4365048,-86.8936835,158.721,-0.010,0.030,0.000,3,0.37,0.54,0.09,1
16951,30958,34826,31803,0,0,-0.33998,2.58813,9.46189,-0.006392,-0.008522,-0.010653,15.547,1.737,-0.103,-0.0091,0.0050,0.0045,0.1941,-0.3125,-0.2455,-0.0056941,-0.0085990,-0.0106798,0.000900,0.004557,0.018947,0.00000,0.00000,0.000,0.000,0.000,0.000,0.000,-6.0000,0.0000,0.0000,6.0000,95.00,95.00,90.00,90.00,65535,65535,65535,1500,1,15,40.4365048,-86.8936836,158.719,-0.020,0.000,-0.010,3,0.37,0.54,0.09,1
17000,65607,18215,15234,0,0,-0.28730,2.65517,9.46189,-0.007457,-0.008522,-0.010653,15.548,1.735,-0.106,-0.0086,0.0064,0.0048,0.1935,-0.3121,-0.2452,-0.0057036,-0.0085945,-0.0106775,0.000911,0.004529,0.018955,0.00000,0.00000,0.000,0.000,0.000,0.000,0.000,-6.0000,0.0000,0.0000,6.0000,95.00,95.00,90.00,90.00,65535,65535,65535,1500,1,15,40.4365048,-86.8936836,158.719,-0.020,0.000,-0.010,3,0.37,0.54,0.09,1
17035,23463,29923,26932,0,0,-0.31484,2.62764,9.46069,-0.007457,-0.009587,-0.010653,15.544,1.738,-0.103,-0.0089,0.0064,0.0048,0.1933,-0.3119,-0.2451,-0.0057020,-0.0086017,-0.0106803,0.000902,0.004531,0.018954,0.00000,0.00000,0.000,0.000,0.000,0.000,0.000,-6.0000,0.0000,0.0000,6.0000,95.00,95.00,90.00,90.00,65535,65535,65535,1500,1,15,40.4365048,-86.8936836,158.719,-0.020,0.000,-0.010,3,0.37,0.54,0.09,1
17065,30135,29437,21511,0,0,-0.30167,2.62883,9.45710,-0.005326,-0.008522,-0.010653,15.544,1.739,-0.102,-0.0090,0.0064,0.0046,0.1931,-0.3117,-0.2450,-0.0057013,-0.0086032,-0.0106809,0.000900,0.004532,0.018954,0.00000,0.00000,0.000,0.000,0.000,0.000,0.000,-6.0000,0.0000,0.0000,6.0000,95.00,95.00,90.00,90.00,65535,65535,65535,1500,1,15,40.4365048,-86.8936836,158.719,-0.020,0.000,-0.010,3,0.37,0.54,0.09,1
17095,29642,29573,21672,0,0,-0.31005,2.62524,9.46069,-0.008522,-0.008522,-0.010653,15.538,1.743,-0.099,-0.0093,0.0063,0.0045,0.1928,-0.3116,-0.2448,-0.0056992,-0.0086079,-0.0106826,0.000896,0.004536,0.018952,0.00000,0.00000,0.000,0.000,0.000,0.000,0.000,-6.0000,0.0000,0.0000,6.0000,95.00,95.00,90.00,90.00,65535,65535,65535,1500,1,15,40.4365048,-86.8936836,158.719,-0.020,0.000,-0.010,3,0.37,0.54,0.09,1
17124,29770,29362,26350,0,0,-0.33998,2.59292,9.46548,-0.005326,-0.009587,-0.009587,15.527,1.752,-0.090,-0.0101,0.0056,0.0043,0.1925,-0.3114,-0.2447,-0.0056844,-0.0086245,-0.0106887,0.000878,0.004568,0.018943,0.00000,0.00000,0.000,0.000,0.000,0.000,0.000,-6.0000,0.0000,0.0000,6.0000,95.00,95.00,90.00,90.00,65535,65535,65535,1500,1,15,40.4365048,-86.8936836,158.719,-0.020,0.000,-0.010,3,0.37,0.54,0.09,1
17149,29611,24089,21005,0,0,-0.29209,2.64559,9.45829,-0.003196,-0.009587,-0.010653,15.536,1.748,-0.092,-0.0100,0.0059,0.0043,0.1922,-0.3112,-0.2446,-0.0056908,-0.0086213,-0.0106875,0.000882,0.004553,0.018947,0.00000,0.00000,0.000,0.000,0.000,0.000,0.000,-6.0000,0.0000,0.0000,6.0000,95.00,95.00,90.00,90.00,65535,65535,65535,1500,1,15,40.4365048,-86.8936836,158.719,-0.020,0.000,-0.010,3,0.37,0.54,0.09,1
17199,30028,44082,41075,0,0,-0.27773,2.65996,9.46189,-0.007457,-0.008522,-0.010653,15.539,1.793,-0.255,0.0203,-0.0038,0.0073,0.2020,-0.3206,-0.2492,-0.0057050,-0.0086201,-0.0104795,0.001850,0.005301,0.018611,0.00000,0.00000,0.000,0.000,0.000,0.000,0.000,-6.0000,0.0000,0.0000,6.0000,95.00,95.00,90.00,90.00,65535,65535,65535,1500,1,14,40.4365049,-86.8936837,158.718,0.040,-0.010,-0.010,3,0.37,0.54,0.09,1
17240,67255,18163,15165,0,0,-0.30526,2.63123,9.46189,-0.006392,-0.008522,-0.011718,15.537,1.794,-0.260,0.0203,-0.0038,0.0073,0.2034,-0.3208,-0.2488,-0.0057053,-0.0086191,-0.0104791,0.001851,0.005300,0.018611,0.00000,0.00000,0.000,0.000,0.000,0.000,0.000,-6.0000,0.0000,0.0000,6.0000,95.00,95.00,90.00,90.00,65535,65535,65535,1500,1,14,40.4365049,-86.8936837,158.718,0.040,-0.010,-0.010,3,0.37,0.54,0.09,1
17270,18442,29611,21577,0,0,-0.28850,2.64559,9.46189,-0.004261,-0.008522,-0.010653,15.543,1.789,-0.264,0.0205,-0.0037,0.0074,0.2037,-0.3209,-0.2486,-0.0057110,-0.0086115,-0.0104759,0.001863,0.005287,0.018615,0.00000,0.00000,0.000,0.000,0.000,0.000,0.000,-6.0000,0.0000,0.0000,6.0000,95.00,95.00,90.00,90.00,65535,65535,65535,1500,1,14,40.4365049,-86.8936837,158.718,0.040,-0.010,-0.010,3,0.37,0.54,0.09,1
17294,29817,23410,15442,0,0,-0.30526,2.63482,9.45949,-0.006392,-0.008522,-0.010653,15.543,1.788,-0.265,0.0204,-0.0036,0.0073,0.2043,-0.3210,-0.2484,-0.0057125,-0.0086109,-0.0104757,0.001864,0.005283,0.018616,0.00000,0.00000,0.000,0.000,0.000,0.000,0.000,-6.0000,0.0000,0.0000,6.0000,95.00,95.00,90.00,90.00,65535,65535,65535,1500,1,14,40.4365049,-86.8936837,158.718,0.040,-0.010,-0.010,3,0.37,0.54,0.09,1
17332,23606,38200,30244,0,0,-0.32681,2.63482,9.45351,-0.004261,-0.008522,-0.010653,15.546,1.794,-0.261,0.0201,-0.0035,0.0072,0.2048,-0.3211,-0.2482,-0.0057145,-0.0086188,-0.0104784,0.001855,0.005274,0.018618,0.00000,0.00000,0.000,0.000,0.000,0.000,0.000,-6.0000,0.0000,0.0000,6.0000,95.00,95.00,90.00,90.00,65535,65535,65535,1500,1,14,40.4365049,-86.8936837,158.718,0.040,-0.010,-0.010,3,0.37,0.54,0.09,1
17377,39087,44101,36151,0,0,-0.30047,2.63721,9.46308,-0.005326,-0.008522,-0.010653,15.551,1.763,-0.171,0.0035,-0.0023,0.0084,0.2051,-0.3280,-0.2532,-0.0057154,-0.0086115,-0.0105954,0.001271,0.005034,0.018599,0.00000,0.00000,0.000,0.000,0.000,0.000,0.000,-6.0000,0.0000,0.0000,6.0000,95.00,95.00,90.00,90.00,65535,65535,65535,1500,1,14,40.4365050,-86.8936838,158.711,-0.010,0.000,-0.010,3,0.37,0.54,0.11,1
17412,44306,35076,27081,0,0,-0.28850,2.63482,9.46189,-0.007457,-0.008522,-0.010653,15.547,1.760,-0.174,0.0040,-0.0022,0.0084,0.2053,-0.3281,-0.2528,-0.0057164,-0.0086060,-0.0105931,0.001279,0.005034,0.018599,0.00000,0.00000,0.000,0.000,0.000,0.000,0.000,-6.0000,0.0000,0.0000,6.0000,95.00,95.00,90.00,90.00,65535,65535,65535,1500,1,14,40.4365050,-86.8936838,158.711,-0.010,0.000,-0.010,3,0.37,0.54,0.11,1
17452,48029,26267,18334,0,0,-0.30287,2.64080,9.46189,-0.003196,-0.007457,-0.011718,15.556,1.764,-0.176,0.0039,-0.0019,0.0085,0.2055,-0.3282,-0.2524,-0.0057192,-0.0086062,-0.0105930,0.001281,0.005026,0.018602,0.00000,0.00000,0.000,0.000,0.000,0.000,0.000,-6.0000,0.0000,0.0000,6.0000,95.00,95.00,90.00,90.00,65535,65535,65535,1500,1,14,40.4365050,-86.8936838,158.711,-0.010,0.000,-0.010,3,0.37,0.54,0.11,1
17475,26522,23525,15484,0,0,-0.29209,2.65278,9.46667,-0.005326,-0.008522,-0.010653,15.562,1.761,-0.178,0.0040,-0.0017,0.0088,0.2056,-0.3283,-0.2522,-0.0057259,-0.0086019,-0.0105911,0.001291,0.005009,0.018607,0.00000,0.00000,0.000,0.000,0.000,0.000,0.000,-6.0000,0.0000,0.0000,6.0000,95.00,95.00,90.00,90.00,65535,65535,65535,1500,1,14,40.4365050,-86.8936838,158.711,-0.010,0.000,-0.010,3,0.37,0.54,0.11,1
17504,28732,23805,20807,0,0,-0.32681,2.62644,9.46069,-0.006392,-0.008522,-0.010653,15.559,1.768,-0.173,0.0035,-0.0018,0.0087,0.2057,-0.3283,-0.2520,-0.0057228,-0.0086118,-0.0105947,0.001275,0.005012,0.018605,0.00000,0.00000,0.000,0.000,0.000,0.000,0.000,-6.0000,0.0000,0.0000,6.0000,95.00,95.00,90.00,90.00,65535,65535,65535,1500,1,14,40.4365050,-86.8936838,158.711,-0.010,0.000,-0.010,3,0.37,0.54,0.11,1
17535,24167,29819,21879,0,0,-0.30047,2.61327,9.46069,-0.004261,-0.009587,-0.010653,15.554,1.766,-0.174,0.0035,-0.0021,0.0086,0.2058,-0.3284,-0.2517,-0.0057149,-0.0086109,-0.0105948,0.001273,0.005034,0.018599,0.00000,0.00000,0.000,0.000,0.000,0.000,0.000,-6.0000,0.0000,0.0000,6.0000,95.00,95.00,90.00,90.00,65535,65535,65535,1500,1,14,40.4365050,-86.8936838,158.711,-0.010,0.000,-0.010,3,0.37,0.54,0.11,1
17571,30615,35329,27432,0,0,-0.27054,2.64679,9.45949,-0.006392,-0.008522,-0.010653,15.555,1.774,-0.231,0.0135,-0.0015,-0.0076,0.2111,-0.3355,-0.2611,-0.0057197,-0.0086006,-0.0105264,0.001588,0.005332,0.019423,0.00000,0.00000,0.000,0.000,0.000,0.000,0.000,-6.0000,0.0000,0.0000,6.0000,95.00,95.00,90.00,90.00,65535,65535,65535,1500,1,14,40.4365050,-86.8936839,158.692,0.020,0.000,0.020,3,0.37,0.54,0.10,1
17600,35555,29254,21294,0,0,-0.32322,2.61926,9.46667,-0.005326,-0.008522,-0.010653,15.551,1.779,-0.227,0.0129,-0.0020,-0.0076,0.2115,-0.3355,-0.2614,-0.0057137,-0.0086080,-0.0105298,0.001571,0.005347,0.019419,0.00000,0.00000,0.000,0.000,0.000,0.000,0.000,-6.0000,0.0000,0.0000,6.0000,95.00,95.00,90.00,90.00,65535,65535,65535,1500,1,14,40.4365050,-86.8936839,158.692,0.020,0.000,0.020,3,0.37,0.54,0.10,1
17624,29452,23313,15388,0,0,-0.33279,2.64679,9.46189,-0.004261,-0.008522,-0.010653,15.558,1.786,-0.222,0.0122,-0.0017,-0.0075,0.2119,-0.3356,-0.2616,-0.0057186,-0.0086186,-0.0105339,0.001554,0.005325,0.019424,0.00000,0.00000,0.000,0.000,0.000,0.000,0.000,-6.0000,0.0000,0.0000,6.0000,95.00,95.00,90.00,90.00,65535,65535,65535,1500,1,14,40.4365050,-86.8936839,158.692,0.020,0.000,0.020,3,0.37,0.54,0.10,1
17679,58214,19994,17022,0,0,-0.27892,2.61686,9.46787,-0.006392,-0.008522,-0.010653,15.550,1.779,-0.227,0.0134,-0.0025,-0.0075,0.2127,-0.3357,-0.2620,-0.0057114,-0.0086077,-0.0105302,0.001568,0.005351,0.019417,0.00000,0.00000,0.000,0.000,0.000,0.000,0.000,-6.0000,0.0000,0.0000,6.0000,95.00,95.00,90.00,90.00,65535,65535,65535,1500,1,14,40.4365050,-86.8936839,158.692,0.020,0.000,0.020,3,0.37,0.54,0.10,1
17714,20246,35542,27526,0,0,-0.27054,2.60848,9.46548,-0.006392,-0.008522,-0.011718,15.541,1.770,-0.235,0.0137,-0.0028,-0.0076,0.2129,-0.3358,-0.2622,-0.0057019,-0.0085942,-0.0105257,0.001584,0.005384,0.019409,0.00000,0.00000,0.000,0.000,0.000,0.000,0.000,-6.0000,0.0000,0.0000,6.0000,95.00,95.00,90.00,90.00,65535,65535,65535,1500,1,14,40.4365050,-86.8936839,158.692,0.020,0.000,0.020,3,0.37,0.54,0.10,1
17751,36417,35483,27446,0,0,-0.30526,2.62764,9.46428,-0.005326,-0.008522,-0.010653,15.542,1.694,0.003,-0.0328,0.0197,0.0016,0.2059,-0.3377,-0.2658,-0.0056926,-0.0085825,-0.0108248,0.000221,0.003705,0.019326,0.00000,0.00000,0.000,0.000,0.000,0.000,0.000,-6.0000,0.0000,0.0000,6.0000,95.00,95.00,90.00,90.00,65535,65535,65535,1500,1,14,40.4365049,-86.8936839,158.699,-0.070,0.040,-0.010,3,0.38,0.54,0.10,1
17780,35706,28951,21028,0,0,-0.34357,2.63242,9.45590,-0.005326,-0.008522,-0.010653,15.543,1.708,0.015,-0.0344,0.0198,0.0015,0.2047,-0.3370,-0.2658,-0.0056935,-0.0086033,-0.0108336,0.000181,0.003689,0.019329,0.00000,0.00000,0.000,0.000,0.000,0.000,0.000,-6.0000,0.0000,0.0000,6.0000,95.00,95.00,90.00,90.00,65535,65535,65535,1500,1,14,40.4365049,-86.8936839,158.699,-0.070,0.040,-0.010,3,0.38,0.54,0.10,1
17803,29161,23450,15395,0,0,-0.32322,2.64200,9.46308,-0.004261,-0.009587,-0.010653,15.549,1.715,0.021,-0.0351,0.0200,0.0016,0.2037,-0.3364,-0.2657,-0.0056971,-0.0086151,-0.0108382,0.000160,0.003671,0.019334,0.00000,0.00000,0.000,0.000,0.000,0.000,0.000,-6.0000,0.0000,0.0000,6.0000,95.00,95.00,90.00,90.00,65535,65535,65535,1500,1,14,40.4365049,-86.8936839,158.699,-0.070,0.040,-0.010,3,0.38,0.54,0.10,1
17833,23648,29390,21492,0,0,-0.27414,2.63602,9.46069,-0.006392,-0.009587,-0.010653,15.549,1.708,0.017,-0.0348,0.0201,0.0015,0.2029,-0.3359,-0.2657,-0.0056985,-0.0086076,-0.0108352,0.000174,0.003671,0.019334,0.00000,0.00000,0.000,0.000,0.000,0.000,0.000,-6.0000,0.0000,0.0000,6.0000,95.00,95.00,90.00,90.00,65535,65535,65535,1500,1,14,40.4365049,-86.8936839,158.699,-0.070,0.040,-0.010,3,0.38,0.54,0.10,1
17887,51576,31446,28468,0,0,-0.28970,2.63362,9.46667,-0.005326,-0.008522,-0.010653,15.550,1.708,0.017,-0.0347,0.0202,0.0018,0.2011,-0.3349,-0.2656,-0.0056983,-0.0086062,-0.0108348,0.000177,0.003672,0.019334,0.00000,0.00000,0.000,0.000,0.000,0.000,0.000,-6.0000,0.0000,0.0000,6.0000,95.00,95.00,90.00,90.00,65535,65535,65535,1500,1,14,40.4365049,-86.8936839,158.699,-0.070,0.040,-0.010,3,0.38,0.54,0.10,1
17917,31702,29954,26930,0,0,-0.31723,2.63961,9.46907,-0.004261,-0.008522,-0.010653,15.554,1.714,0.022,-0.0352,0.0203,0.0020,0.2000,-0.3342,-0.2655,-0.0056999,-0.0086157,-0.0108380,0.000160,0.003663,0.019336,0.00000,0.00000,0.000,0.000,0.000,0.000,0.000,-6.0000,0.0000,0.0000,6.0000,95.00,95.00,90.00,90.00,65535,65535,65535,1500,1,14,40.4365049,-86.8936839,158.699,-0.070,0.040,-0.010,3,0.38,0.54,0.10,1
17953,35923,29650,26610,0,0,-0.32322,2.63841,9.45949,-0.005326,-0.008522,-0.010653,15.544,1.837,-0.334,0.0313,0.0253,0.0229,0.2176,-0.3394,-0.2659,-0.0057002,-0.0086443,-0.0103931,0.002501,0.003759,0.018253,0.00000,0.00000,0.000,0.000,0.000,0.000,0.000,-6.0000,0.0000,0.0000,6.0000,95.00,95.00,90.00,90.00,65535,65535,65535,1500,1,14,40.4365052,-86.8936839,158.704,0.080,0.030,-0.040,3,0.38,0.54,0.10,1
17976,29890,23500,15477,0,0,-0.30406,2.63242,9.46308,-0.005326,-0.009587,-0.010653,15.545,1.833,-0.337,0.0315,0.0253,0.0230,0.2185,-0.3386,-0.2652,-0.0057002,-0.0086402,-0.0103913,0.002510,0.003761,0.018253,0.00000,0.00000,0.000,0.000,0.000,0.000,0.000,-6.0000,0.0000,0.0000,6.0000,95.00,95.00,90.00,90.00,65535,65535,65535,1500,1,14,40.4365052,-86.8936839,158.704,0.080,0.030,-0.040,3,0.38,0.54,0.10,1
18015,28729,33060,30074,0,0,-0.29568,2.63123,9.46069,-0.005326,-0.008522,-0.010653,15.545,1.828,-0.342,0.0318,0.0253,0.0229,0.2194,-0.3379,-0.2645,-0.0057000,-0.0086330,-0.0103884,0.002525,0.003766,0.018252,0.00000,0.00000,0.000,0.000,0.000,0.000,0.000,-6.0000,0.0000,0.0000,6.0000,95.00,95.00,90.00,90.00,65535,65535,65535,1500,1,14,40.4365052,-86.8936839,158.704,0.080,0.030,-0.040,3,0.38,0.54,0.10,1
18048,33268,33083,25098,0,0,-0.29568,2.63602,9.46548,-0.005326,-0.008522,-0.010653,15.546,1.824,-0.346,0.0322,0.0255,0.0231,0.2205,-0.3370,-0.2638,-0.0057011,-0.0086261,-0.0103856,0.002540,0.003767,0.018252,0.00000,0.00000,0.000,0.000,0.000,0.000,0.000,-6.0000,0.0000,0.0000,6.0000,95.00,95.00,90.00,90.00,65535,65535,65535,1500,1,14,40.4365052,-86.8936839,158.704,0.080,0.030,-0.040,3,0.38,0.54,0.10,1
18098,64663,18162,15171,0,0,-0.30646,2.65158,9.45351,-0.005326,-0.008522,-0.010653,15.554,1.823,-0.348,0.0323,0.0266,0.0230,0.2226,-0.3353,-0.2623,-0.0057094,-0.0086236,-0.0103844,0.002548,0.003746,0.018258,0.00000,0.00000,0.000,0.000,0.000,0.000,0.000,-6.0000,0.0000,0.0000,6.0000,95.00,95.00,90.00,90.00,65535,65535,65535,1500,1,14,40.4365052,-86.8936839,158.704,0.080,0.030,-0.040,3,0.38,0.54,0.10,1
18121,18443,23485,15550,0,0,-0.33639,2.62285,9.46667,-0.005326,-0.008522,-0.010653,15.551,1.830,-0.344,0.0321,0.0266,0.0230,0.2232,-0.3348,-0.2619,-0.0057048,-0.0086328,-0.0103878,0.002529,0.003753,0.018256,0.00000,0.00000,0.000,0.000,0.000,0.000,0.000,-6.0000,0.0000,0.0000,6.0000,95.00,95.00,90.00,90.00,65535,65535,65535,1500,1,14,40.4365052,-86.8936839,158.704,0.080,0.030,-0.040,3,0.38,0.54,0.10,1
18151,23691,29222,21211,0,0,-0.32561,2.62644,9.46787,-0.006392,-0.008522,-0.010653,15.548,1.833,-0.342,0.0319,0.0265,0.0232,0.2240,-0.3342,-0.2613,-0.0057018,-0.0086373,-0.0103894,0.002520,0.003758,0.018254,0.00000,0.00000,0.000,0.000,0.000,0.000,0.000,-6.0000,0.0000,0.0000,6.0000,95.00,95.00,90.00,90.00,65535,65535,65535,1500,1,14,40.4365052,-86.8936839,158.704,0.080,0.030,-0.040,3,0.38,0.54,0.10,1
18187,30137,35276,27379,0,0,-0.29808,2.63482,9.47026,-0.005326,-0.008522,-0.010653,15.571,1.737,-0.052,-0.0165,-0.0303,0.0211,0.2167,-0.3542,-0.2668,-0.0057187,-0.0086193,-0.0107455,0.000312,0.006094,0.017658,0.00000,0.00000,0.000,0.000,0.000,0.000,0.000,-6.0000,0.0000,0.0000,6.0000,95.00,95.00,90.00,90.00,65535,65535,65535,1500,1,14,40.4365051,-86.8936841,158.694,-0.050,-0.070,-0.020,3,0.38,0.54,0.10,1
18217,35506,29461,21440,0,0,-0.30765,2.61926,9.47026,-0.005326,-0.008522,-0.010653,15.566,1.740,-0.050,-0.0169,-0.0309,0.0213,0.2161,-0.3553,-0.2660,-0.0057114,-0.0086230,-0.0107473,0.000300,0.006115,0.017652,0.00000,0.00000,0.000,0.000,0.000,0.000,0.000,-6.0000,0.0000,0.0000,6.0000,95.00,95.00,90.00,90.00,65535,65535,65535,1500,1,14,40.4365051,-86.8936841,158.694,-0.050,-0.070,-0.020,3,0.38,0.54,0.10,1
18246,29676,29347,21341,0,0,-0.29449,2.63841,9.47026,-0.005326,-0.009587,-0.010653,15.567,1.737,-0.051,-0.0168,-0.0309,0.0216,0.2156,-0.3563,-0.2654,-0.0057115,-0.0086215,-0.0107467,0.000303,0.006116,0.017651,0.00000,0.00000,0.000,0.000,0.000,0.000,0.000,-6.0000,0.0000,0.0000,6.0000,95.00,95.00,90.00,90.00,65535,65535,65535,1500,1,14,40.4365051,-86.8936841,158.694,-0.050,-0.070,-0.020,3,0.38,0.54,0.10,1
18270,29550,23395,20380,0,0,-0.28730,2.64440,9.46189,-0.007457,-0.007457,-0.010653,15.566,1.736,-0.052,-0.0166,-0.0308,0.0217,0.2151,-0.3572,-0.2647,-0.0057148,-0.0086173,-0.0107450,0.000313,0.006109,0.017654,0.00000,0.00000,0.000,0.000,0.000,0.000,0.000,-6.0000,0.0000,0.0000,6.0000,95.00,95.00,90.00,90.00,65535,65535,65535,1500,1,14,40.4365051,-86.8936841,158.694,-0.050,-0.070,-0.020,3,0.38,0.54,0.10,1
18311,43407,21083,15562,0,0,-0.31364,2.62405,9.46069,-0.005326,-0.009587,-0.010653,15.564,1.738,-0.050,-0.0172,-0.0312,0.0216,0.2143,-0.3585,-0.2638,-0.0057105,-0.0086236,-0.0107474,0.000299,0.006117,0.017651,0.00000,0.00000,0.000,0.000,0.000,0.000,0.000,-6.0000,0.0000,0.0000,6.0000,95.00,95.00,90.00,90.00,65535,65535,65535,1500,1,14,40.4365051,-86.8936841,158.694,-0.050,-0.070,-0.020,3,0.38,0.54,0.10,1
18361,27103,44119,41088,0,0,-0.29329,2.64799,9.45710,-0.003196,-0.009587,-0.010653,15.554,1.793,-0.234,0.0126,0.0163,0.0086,0.2240,-0.3550,-0.2718,-0.0057005,-0.0086289,-0.0105246,0.001705,0.004282,0.018895,0.00000,0.00000,0.000,0.000,0.000,0.000,0.000,-6.0000,0.0000,0.0000,6.0000,95.00,95.00,90.00,90.00,65535,65535,65535,1500,1,14,40.4365052,-86.8936840,158.688,0.036,0.058,0.002,3,0.38,0.54,0.10,1
18397,44404,36052,30100,0,0,-0.31484,2.62285,9.46069,-0.007457,-0.008522,-0.011718,15.547,1.796,-0.235,0.0123,0.0160,0.0085,0.2245,-0.3543,-0.2715,-0.0056969,-0.0086317,-0.0105259,0.001698,0.004291,0.018892,0.00000,0.00000,0.000,0.000,0.000,0.000,0.000,-6.0000,0.0000,0.0000,6.0000,95.00,95.00,90.00,90.00,65535,65535,65535,1500,1,14,40.4365052,-86.8936840,158.688,0.040,0.060,0.000,3,0.38,0.54,0.10,1
18429,36264,31175,26225,0,0,-0.29449,2.63482,9.46667,-0.005326,-0.009587,-0.010653,15.548,1.790,-0.239,0.0126,0.0160,0.0087,0.2250,-0.3537,-0.2712,-0.0056973,-0.0086266,-0.0105240,0.001708,0.004293,0.018892,0.00000,0.00000,0.000,0.000,0.000,0.000,0.000,-6.0000,0.0000,0.0000,6.0000,95.00,95.00,90.00,90.00,65535,65535,65535,1500,1,14,40.4365052,-86.8936840,158.688,0.040,0.060,0.000,3,0.38,0.54,0.10,1
18452,31381,23455,15426,0,0,-0.29688,2.64918,9.46667,-0.007457,-0.007457,-0.010653,15.549,1.789,-0.241,0.0127,0.0164,0.0090,0.2254,-0.3532,-0.2709,-0.0057031,-0.0086225,-0.0105222,0.001718,0.004279,0.018896,0.00000,0.00000,0.000,0.000,0.000,0.000,0.000,-6.0000,0.0000,0.0000,6.0000,95.00,95.00,90.00,90.00,65535,65535,65535,1500,1,14,40.4365052,-86.8936840,158.688,0.040,0.060,0.000,3,0.38,0.54,0.10,1
18482,23656,29421,21492,0,0,-0.30526,2.61686,9.47026,-0.007457,-0.008522,-0.010653,15.542,1.789,-0.241,0.0127,0.0162,0.0090,0.2257,-0.3528,-0.2707,-0.0056967,-0.0086219,-0.0105222,0.001717,0.004297,0.018891,0.00000,0.00000,0.000,0.000,0.000,0.000,0.000,-6.0000,0.0000,0.0000,6.0000,95.00,95.00,90.00,90.00,65535,65535,65535,1500,1,14,40.4365052,-86.8936840,158.688,0.040,0.060,0.000,3,0.38,0.54,0.10,1
18521,49488,18763,15757,0,0,-0.29449,2.64200,9.45710,-0.004261,-0.008522,-0.010653,15.549,1.786,-0.244,0.0131,0.0166,0.0089,0.2263,-0.3520,-0.2702,-0.0057009,-0.0086171,-0.0105205,0.001726,0.004289,0.018894,0.00000,0.00000,0.000,0.000,0.000,0.000,0.000,-6.0000,0.0000,0.0000,6.0000,95.00,95.00,90.00,90.00,65535,65535,65535,1500,1,14,40.4365052,-86.8936840,158.688,0.040,0.060,0.000,3,0.38,0.54,0.10,1
18571,24762,44017,41014,0,0,-0.31005,2.63961,9.46907,-0.007457,-0.007457,-0.010653,15.560,1.715,-0.011,-0.0288,-0.0048,0.0093,0.2202,-0.3633,-0.2752,-0.0057090,-0.0086079,-0.0107995,0.000131,0.004919,0.018658,0.00000,0.00000,0.000,0.000,0.000,0.000,0.000,-6.0000,0.0000,0.0000,6.0000,95.00,95.00,90.00,90.00,65535,65535,65535,1500,1,14,40.4365051,-86.8936841,158.698,-0.060,-0.020,-0.010,3,0.38,0.55,0.10,1
18602,44234,30607,25773,0,0,-0.29808,2.65876,9.45351,-0.003196,-0.009587,-0.010653,15.574,1.714,-0.011,-0.0290,-0.0038,0.0093,0.2189,-0.3635,-0.2748,-0.0057183,-0.0086095,-0.0107997,0.000131,0.004888,0.018666,0.00000,0.00000,0.000,0.000,0.000,0.000,0.000,-6.0000,0.0000,0.0000,6.0000,95.00,95.00,90.00,90.00,65535,65535,65535,1500,1,14,40.4365051,-86.8936841,158.698,-0.060,-0.020,-0.010,3,0.38,0.55,0.10,1
18625,30810,23474,15400,0,0,-0.27533,2.61686,9.47386,-0.007457,-0.008522,-0.010653,15.564,1.709,-0.014,-0.0286,-0.0043,0.0095,0.2181,-0.3636,-0.2745,-0.0057099,-0.0086024,-0.0107973,0.000142,0.004918,0.018658,0.00000,0.00000,0.000,0.000,0.000,0.000,0.000,-6.0000,0.0000,0.0000,6.0000,95.00,95.00,90.00,90.00,65535,65535,65535,1500,1,14,40.4365051,-86.8936841,158.698,-0.060,-0.020,-0.010,3,0.38,0.55,0.10,1
18655,23677,29482,21548,0,0,-0.27533,2.57975,9.47745,-0.004261,-0.008522,-0.011718,15.548,1.705,-0.018,-0.0284,-0.0051,0.0095,0.2174,-0.3637,-0.2743,-0.0056882,-0.0085958,-0.0107957,0.000148,0.004986,0.018640,0.00000,0.00000,0.000,0.000,0.000,0.000,0.000,-6.0000,0.0000,0.0000,6.0000,95.00,95.00,90.00,90.00,65535,65535,65535,1500,1,14,40.4365051,-86.8936841,158.698,-0.060,-0.020,-0.010,3,0.38,0.55,0.10,1
18693,29681,37960,30055,0,0,-0.24780,2.66235,9.46907,-0.005326,-0.007457,-0.010653,15.556,1.695,-0.027,-0.0274,-0.0046,0.0098,0.2166,-0.3639,-0.2740,-0.0056981,-0.0085789,-0.0107893,0.000185,0.004968,0.018646,0.00000,0.00000,0.000,0.000,0.000,0.000,0.000,-6.0000,0.0000,0.0000,6.0000,95.00,95.00,90.00,90.00,65535,65535,65535,1500,1,14,40.4365051,-86.8936841,158.698,-0.060,-0.020,-0.010,3,0.38,0.55,0.10,1
18752,65909,30904,27915,0,0,-0.39265,2.60130,9.46787,-0.004261,-0.009587,-0.011718,15.543,1.755,-0.121,-0.0138,0.0132,0.0262,0.2220,-0.3660,-0.2742,-0.0056783,-0.0086237,-0.0106722,0.000933,0.004008,0.018082,0.00000,0.00000,0.000,0.000,0.000,0.000,0.000,-6.0000,0.0000,0.0000,6.0000,95.00,95.00,90.00,90.00,65535,65535,65535,1500,1,14,40.4365051,-86.8936840,158.725,0.000,0.030,-0.040,3,0.38,0.55,0.10,1
18781,31168,28641,20765,0,0,-0.25379,2.65756,9.46428,-0.005326,-0.009587,-0.010653,15.551,1.741,-0.132,-0.0127,0.0138,0.0265,0.2216,-0.3655,-0.2734,-0.0056876,-0.0086055,-0.0106643,0.000980,0.003989,0.018089,0.00000,0.00000,0.000,0.000,0.000,0.000,0.000,-6.0000,0.0000,0.0000,6.0000,95.00,95.00,90.00,90.00,65535,65535,65535,1500,1,14,40.4365051,-86.8936840,158.725,0.000,0.030,-0.040,3,0.38,0.55,0.10,1
18805,28845,23338,15386,0,0,-0.25379,2.63242,9.46548,-0.007457,-0.007457,-0.010653,15.547,1.731,-0.141,-0.0118,0.0138,0.0266,0.2213,-0.3651,-0.2726,-0.0056872,-0.0085883,-0.0106575,0.001019,0.004001,0.018087,0.00000,0.00000,0.000,0.000,0.000,0.000,0.000,-6.0000,0.0000,0.0000,6.0000,95.00,95.00,90.00,90.00,65535,65535,65535,1500,1,14,40.4365051,-86.8936840,158.725,0.000,0.030,-0.040,3,0.38,0.55,0.10,1
18834,23538,29447,21428,0,0,-0.29688,2.62524,9.47146,-0.006392,-0.007457,-0.011718,15.543,1.732,-0.142,-0.0118,0.0137,0.0267,0.2210,-0.3648,-0.2720,-0.0056837,-0.0085881,-0.0106576,0.001018,0.004012,0.018084,0.00000,0.00000,0.000,0.000,0.000,0.000,0.000,-6.0000,0.0000,0.0000,6.0000,95.00,95.00,90.00,90.00,65535,65535,65535,1500,1,14,40.4365051,-86.8936840,158.725,0.000,0.030,-0.040,3,0.38,0.55,0.10,1
18864,29633,29351,21335,0,0,-0.29688,2.65517,9.46308,-0.007457,-0.008522,-0.011718,15.547,1.733,-0.144,-0.0118,0.0142,0.0270,0.2207,-0.3644,-0.2712,-0.0056922,-0.0085880,-0.0106572,0.001021,0.003988,0.018091,0.00000,0.00000,0.000,0.000,0.000,0.000,0.000,-6.0000,0.0000,0.0000,6.0000,95.00,95.00,90.00,90.00,65535,65535,65535,1500,1,14,40.4365051,-86.8936840,158.725,0.000,0.030,-0.040,3,0.38,0.55,0.10,1
18893,29560,29181,26179,0,0,-0.32920,2.64320,9.46069,-0.007457,-0.008522,-0.011718,15.548,1.742,-0.140,-0.0125,0.0144,0.0271,0.2203,-0.3640,-0.2704,-0.0056963,-0.0085998,-0.0106611,0.001003,0.003970,0.018095,0.00000,0.00000,0.000,0.000,0.000,0.000,0.000,-6.0000,0.0000,0.0000,6.0000,95.00,95.00,90.00,90.00,65535,65535,65535,1500,1,14,40.4365051,-86.8936840,158.725,0.000,0.030,-0.040,3,0.38,0.55,0.10,1
18917,29379,23809,15885,0,0,-0.35434,2.60729,9.46787,-0.005326,-0.009587,-0.010653,15.541,1.755,-0.130,-0.0136,0.0140,0.0271,0.2199,-0.3636,-0.2696,-0.0056867,-0.0086204,-0.0106681,0.000967,0.003985,0.018090,0.00000,0.00000,0.000,0.000,0.000,0.000,0.000,-6.0000,0.0000,0.0000,6.0000,95.00,95.00,90.00,90.00,65535,65535,65535,1500,1,14,40.4365051,-86.8936840,158.725,0.000,0.030,-0.040,3,0.38,0.55,0.10,1
18961,43656,24051,21046,0,0,-0.29209,2.61447,9.46907,-0.004261,-0.008522,-0.010653,15.538,1.792,-0.254,0.0123,-0.0005,0.0228,0.2286,-0.3727,-0.2742,-0.0056837,-0.0086234,-0.0105228,0.001654,0.004944,0.018072,0.00000,0.00000,0.000,0.000,0.000,0.000,0.000,-6.0000,0.0000,0.0000,6.0000,95.00,95.00,90.00,90.00,65535,65535,65535,1500,1,15,40.4365052,-86.8936841,158.725,0.030,-0.010,-0.020,3,0.38,0.55,0.10,1
18991,24328,29462,21550,0,0,-0.24900,2.66116,9.47864,-0.004261,-0.008522,-0.010653,15.547,1.777,-0.266,0.0133,-0.0001,0.0234,0.2289,-0.3727,-0.2736,-0.0056927,-0.0086017,-0.0105136,0.001707,0.004929,0.018078,0.00000,0.00000,0.000,0.000,0.000,0.000,0.000,-6.0000,0.0000,0.0000,6.0000,95.00,95.00,90.00,90.00,65535,65535,65535,1500,1,15,40.4365052,-86.8936841,158.725,0.030,-0.010,-0.020,3,0.38,0.55,0.10,1
19029,29669,38107,30111,0,0,-0.28252,2.67791,9.46787,-0.007457,-0.008522,-0.011718,15.557,1.772,-0.274,0.0138,0.0009,0.0239,0.2293,-0.3727,-0.2729,-0.0057082,-0.0085933,-0.0105097,0.001731,0.004885,0.018091,0.00000,0.00000,0.000,0.000,0.000,0.000,0.000,-6.0000,0.0000,0.0000,6.0000,95.00,95.00,90.00,90.00,65535,65535,65535,1500,1,15,40.4365052,-86.8936841,158.725,0.030,-0.010,-0.020,3,0.38,0.55,0.10,1
19065,38305,35944,32916,0,0,-0.34596,2.63242,9.45710,-0.008522,-0.008522,-0.010653,15.551,1.784,-0.266,0.0124,0.0009,0.0238,0.2298,-0.3726,-0.2720,-0.0057085,-0.0086089,-0.0105152,0.001705,0.004876,0.018092,0.00000,0.00000,0.000,0.000,0.000,0.000,0.000,-6.0000,0.0000,0.0000,6.0000,95.00,95.00,90.00,90.00,65535,65535,65535,1500,1,15,40.4365052,-86.8936841,158.725,0.030,-0.010,-0.020,3,0.38,0.55,0.10,1
19095,36123,29501,26513,0,0,-0.33040,2.60250,9.46787,-0.007457,-0.008522,-0.010653,15.538,1.790,-0.261,0.0117,0.0001,0.0238,0.2303,-0.3726,-0.2711,-0.0056972,-0.0086179,-0.0105186,0.001688,0.004903,0.018084,0.00000,0.00000,0.000,0.000,0.000,0.000,0.000,-6.0000,0.0000,0.0000,6.0000,95.00,95.00,90.00,90.00,65535,65535,65535,1500,1,15,40.4365052,-86.8936841,158.725,0.030,-0.010,-0.020,3,0.38,0.55,0.10,1
19124,29702,28445,25438,0,0,-0.31843,2.59771,9.47026,-0.005326,-0.007457,-0.010653,15.529,1.795,-0.258,0.0114,-0.0005,0.0238,0.2306,-0.3726,-0.2704,-0.0056846,-0.0086220,-0.0105204,0.001677,0.004934,0.018075,0.00000,0.00000,0.000,0.000,0.000,0.000,0.000,-6.0000,0.0000,0.0000,6.0000,95.00,95.00,90.00,90.00,65535,65535,65535,1500,1,15,40.4365052,-86.8936841,158.725,0.030,-0.010,-0.020,3,0.38,0.55,0.10,1
19169,49521,24280,21239,0,0,-0.27533,2.68510,9.45710,-0.005326,-0.007457,-0.010653,15.545,1.771,-0.208,0.0004,0.0141,0.0238,0.2315,-0.3758,-0.2739,-0.0057012,-0.0086062,-0.0105814,0.001408,0.004203,0.018291,0.00000,0.00000,0.000,0.000,0.000,0.000,0.000,-6.0000,0.0000,0.0000,6.0000,95.00,95.00,90.00,90.00,65535,65535,65535,1500,1,15,40.4365052,-86.8936841,158.731,-0.009,0.025,-0.024,3,0.38,0.55,0.10,1
19199,29851,24647,21650,0,0,-0.20710,2.79403,9.44752,-0.012783,-0.006392,-0.011718,15.582,1.750,-0.232,0.0027,0.0178,0.0246,0.2316,-0.3753,-0.2732,-0.0057611,-0.0085697,-0.0105646,0.001506,0.004032,0.018342,0.00000,0.00000,0.000,0.000,0.000,0.000,0.000,-6.0000,0.0000,0.0000,6.0000,95.00,95.00,90.00,90.00,65535,65535,65535,1500,1,15,40.4365052,-86.8936841,158.731,-0.010,0.020,-0.020,3,0.38,0.55,0.10,1
19237,24883,38103,30090,0,0,-0.37589,2.56658,9.47386,-0.010653,-0.009587,-0.011718,15.554,1.769,-0.218,0.0013,0.0166,0.0245,0.2316,-0.3749,-0.2726,-0.0057349,-0.0085977,-0.0105757,0.001460,0.004099,0.018322,0.00000,0.00000,0.000,0.000,0.000,0.000,0.000,-6.0000,0.0000,0.0000,6.0000,95.00,95.00,90.00,90.00,65535,65535,65535,1500,1,15,40.4365052,-86.8936841,158.731,-0.010,0.020,-0.020,3,0.38,0.55,0.10,1
19269,38295,31012,23003,0,0,-0.33998,2.57377,9.47505,-0.001065,-0.010653,-0.012783,15.545,1.776,-0.216,0.0001,0.0148,0.0245,0.2316,-0.3743,-0.2716,-0.0057117,-0.0086115,-0.0105814,0.001430,0.004159,0.018304,0.00000,0.00000,0.000,0.000,0.000,0.000,0.000,-6.0000,0.0000,0.0000,6.0000,95.00,95.00,90.00,90.00,65535,65535,65535,1500,1,15,40.4365052,-86.8936841,158.731,-0.010,0.020,-0.020,3,0.38,0.55,0.10,1
19298,31196,29305,26304,0,0,-0.30885,2.63242,9.44872,-0.006392,-0.008522,-0.009587,15.545,1.777,-0.214,-0.0001,0.0149,0.0241,0.2316,-0.3738,-0.2709,-0.0057133,-0.0086132,-0.0105819,0.001429,0.004154,0.018305,0.00000,0.00000,0.000,0.000,0.000,0.000,0.000,-6.0000,0.0000,0.0000,6.0000,95.00,95.00,90.00,90.00,65535,65535,65535,1500,1,15,40.4365052,-86.8936841,158.731,-0.010,0.020,-0.020,3,0.38,0.55,0.10,1
19328,29493,29939,22056,0,0,-0.38068,2.62405,9.46428,-0.004261,-0.009587,-0.009587,15.545,1.795,-0.199,-0.0017,0.0148,0.0242,0.2316,-0.3734,-0.2701,-0.0057101,-0.0086411,-0.0105908,0.001392,0.004149,0.018305,0.00000,0.00000,0.000,0.000,0.000,0.000,0.000,-6.0000,0.0000,0.0000,6.0000,95.00,95.00,90.00,90.00,65535,65535,65535,1500,1,15,40.4365052,-86.8936841,158.731,-0.010,0.020,-0.020,3,0.38,0.55,0.10,1
19390,65832,25526,22532,0,0,-0.18076,2.67911,9.46667,-0.009587,-0.008522,-0.011718,15.553,1.742,-0.166,-0.0035,-0.0106,0.0276,0.2327,-0.3854,-0.2723,-0.0057361,-0.0085901,-0.0106451,0.000930,0.005292,0.017845,0.00000,0.00000,0.000,0.000,0.000,0.000,0.000,-6.0000,0.0000,0.0000,6.0000,95.00,95.00,90.00,90.00,65535,65535,65535,1500,1,15,40.4365052,-86.8936842,158.740,-0.010,-0.030,-0.030,3,0.38,0.55,0.11,1
19425,25783,35131,27142,0,0,-0.33279,2.55701,9.48702,-0.010653,-0.006392,-0.011718,15.521,1.754,-0.159,-0.0042,-0.0121,0.0278,0.2326,-0.3857,-0.2716,-0.0057065,-0.0086027,-0.0106510,0.000901,0.005381,0.017819,0.00000,0.00000,0.000,0.000,0.000,0.000,0.000,-6.0000,0.0000,0.0000,6.0000,95.00,95.00,90.00,90.00,65535,65535,65535,1500,1,15,40.4365052,-86.8936842,158.740,-0.010,-0.030,-0.030,3,0.38,0.55,0.11,1
19449,35338,23261,15347,0,0,-0.42976,2.60010,9.45470,0.000000,-0.008522,-0.011718,15.525,1.791,-0.136,-0.0079,-0.0128,0.0274,0.2323,-0.3862,-0.2706,-0.0056965,-0.0086513,-0.0106686,0.000833,0.005387,0.017815,0.00000,0.00000,0.000,0.000,0.000,0.000,0.000,-6.0000,0.0000,0.0000,6.0000,95.00,95.00,90.00,90.00,65535,65535,65535,1500,1,15,40.4365052,-86.8936842,158.740,-0.010,-0.030,-0.030,3,0.38,0.55,0.11,1
19481,23454,31758,23728,0,0,-0.36990,2.72580,9.45111,-0.005326,-0.009587,-0.010653,15.556,1.807,-0.125,-0.0089,-0.0115,0.0278,0.2321,-0.3865,-0.2700,-0.0057320,-0.0086743,-0.0106749,0.000822,0.005272,0.017847,0.00000,0.00000,0.000,0.000,0.000,0.000,0.000,-6.0000,0.0000,0.0000,6.0000,95.00,95.00,90.00,90.00,65535,65535,65535,1500,1,15,40.4365052,-86.8936842,158.740,-0.010,-0.030,-0.030,3,0.38,0.55,0.11,1
19511,31967,29778,21800,0,0,-0.33519,2.57736,9.47026,-0.010653,-0.009587,-0.009587,15.530,1.811,-0.118,-0.0096,-0.0127,0.0276,0.2318,-0.3868,-0.2691,-0.0057117,-0.0086838,-0.0106787,0.000806,0.005324,0.017832,0.00000,0.00000,0.000,0.000,0.000,0.000,0.000,-6.0000,0.0000,0.0000,6.0000,95.00,95.00,90.00,90.00,65535,65535,65535,1500,1,15,40.4365052,-86.8936842,158.740,-0.010,-0.030,-0.030,3,0.38,0.55,0.11,1
19547,30440,35619,27563,0,0,-0.22027,2.55102,9.48463,-0.002131,-0.009587,-0.010653,15.508,1.802,-0.188,0.0031,-0.0126,0.0255,0.2373,-0.3928,-0.2730,-0.0056808,-0.0086535,-0.0106076,0.001165,0.005462,0.017910,0.00000,0.00000,0.000,0.000,0.000,0.000,0.000,-6.0000,0.0000,0.0000,6.0000,95.00,95.00,90.00,90.00,65535,65535,65535,1500,1,15,40.4365053,-86.8936842,158.744,0.012,-0.010,-0.024,3,0.38,0.55,0.11,1
19586,56244,18155,15152,0,0,-0.33160,2.72340,9.44632,-0.015979,-0.005326,-0.011718,15.508,1.820,-0.187,0.0020,-0.0076,0.0261,0.2374,-0.3933,-0.2716,-0.0057199,-0.0086611,-0.0106079,0.001200,0.005339,0.017945,0.00000,0.00000,0.000,0.000,0.000,0.000,0.000,-6.0000,0.0000,0.0000,6.0000,95.00,95.00,90.00,90.00,65535,65535,65535,1500,1,15,40.4365053,-86.8936842,158.744,0.010,-0.010,-0.020,3,0.38,0.55,0.11,1
19609,18407,23569,15586,0,0,-0.47525,2.60848,9.45351,-0.007457,-0.008522,-0.011718,15.503,1.865,-0.160,0.0002,-0.0077,0.0259,0.2373,-0.3935,-0.2711,-0.0057149,-0.0087211,-0.0106268,0.001203,0.005333,0.017947,0.00000,0.00000,0.000,0.000,0.000,0.000,0.000,-6.0000,0.0000,0.0000,6.0000,95.00,95.00,90.00,90.00,65535,65535,65535,1500,1,15,40.4365053,-86.8936842,158.744,0.010,-0.010,-0.020,3,0.38,0.55,0.11,1
19639,23779,29460,21483,0,0,-0.39624,2.57018,9.46787,-0.001065,-0.011718,-0.011718,15.492,1.882,-0.148,-0.0011,-0.0086,0.0258,0.2373,-0.3937,-0.2705,-0.0056950,-0.0087490,-0.0106363,0.001185,0.005380,0.017933,0.00000,0.00000,0.000,0.000,0.000,0.000,0.000,-6.0000,0.0000,0.0000,6.0000,95.00,95.00,90.00,90.00,65535,65535,65535,1500,1,15,40.4365053,-86.8936842,158.744,0.010,-0.010,-0.020,3,0.38,0.55,0.11,1
19669,29666,29458,21514,0,0,-0.24900,2.66116,9.46308,-0.007457,-0.008522,-0.010653,15.500,1.863,-0.161,0.0004,-0.0078,0.0260,0.2373,-0.3939,-0.2697,-0.0057084,-0.0087224,-0.0106280,0.001194,0.005352,0.017941,0.00000,0.00000,0.000,0.000,0.000,0.000,0.000,-6.0000,0.0000,0.0000,6.0000,95.00,95.00,90.00,90.00,65535,65535,65535,1500,1,15,40.4365053,-86.8936842,158.744,0.010,-0.010,-0.020,3,0.38,0.55,0.11,1
19702,29662,33271,30240,0,0,-0.23224,2.60609,9.48343,-0.007457,-0.008522,-0.009587,15.490,1.839,-0.172,0.0021,-0.0082,0.0263,0.2373,-0.3941,-0.2689,-0.0057003,-0.0086912,-0.0106198,0.001186,0.005383,0.017933,0.00000,0.00000,0.000,0.000,0.000,0.000,0.000,-6.0000,0.0000,0.0000,6.0000,95.00,95.00,90.00,90.00,65535,65535,65535,1500,1,15,40.4365053,-86.8936842,158.744,0.010,-0.010,-0.020,3,0.38,0.55,0.11,1
19739,38756,30967,27928,0,0,-0.28132,2.66953,9.45111,-0.002131,-0.008522,-0.010653,15.512,1.830,-0.179,0.0030,-0.0070,0.0263,0.2374,-0.3945,-0.2679,-0.0057173,-0.0086789,-0.0106158,0.001200,0.005345,0.017944,0.00000,0.00000,0.000,0.000,0.000,0.000,0.000,-6.0000,0.0000,0.0000,6.0000,95.00,95.00,90.00,90.00,65535,65535,65535,1500,1,15,40.4365053,-86.8936842,158.744,0.010,-0.010,-0.020,3,0.38,0.55,0.11,1
19781,31568,41357,33285,0,0,-0.29928,2.71981,9.45470,-0.008522,-0.008522,-0.011718,15.534,1.816,-0.150,-0.0041,0.0028,-0.0057,0.2390,-0.3986,-0.2796,-0.0057480,-0.0086714,-0.0106516,0.000984,0.005254,0.019583,0.00000,0.00000,0.000,0.000,0.000,0.000,0.000,-6.0000,0.0000,0.0000,6.0000,95.00,95.00,90.00,90.00,65535,65535,65535,1500,1,15,40.4365053,-86.8936842,158.720,-0.010,0.010,0.030,3,0.38,0.55,0.11,1
19819,61645,18147,15133,0,0,-0.34117,2.54982,9.47505,-0.003196,-0.009587,-0.010653,15.517,1.821,-0.144,-0.0059,-0.0016,-0.0063,0.2387,-0.3986,-0.2799,-0.0057172,-0.0086829,-0.0106568,0.000955,0.005341,0.019558,0.00000,0.00000,0.000,0.000,0.000,0.000,0.000,-6.0000,0.0000,0.0000,6.0000,95.00,95.00,90.00,90.00,65535,65535,65535,1500,1,15,40.4365053,-86.8936842,158.720,-0.010,0.010,0.030,3,0.38,0.55,0.11,1
19849,18427,29487,21579,0,0,-0.28730,2.60489,9.46548,-0.002131,-0.008522,-0.010653,15.514,1.814,-0.148,-0.0057,-0.0018,-0.0064,0.2386,-0.3986,-0.2800,-0.0057088,-0.0086739,-0.0106541,0.000961,0.005370,0.019550,0.00000,0.00000,0.000,0.000,0.000,0.000,0.000,-6.0000,0.0000,0.0000,6.0000,95.00,95.00,90.00,90.00,65535,65535,65535,1500,1,15,40.4365053,-86.8936842,158.720,-0.010,0.010,0.030,3,0.38,0.55,0.11,1
19878,29687,29342,21375,0,0,-0.26336,2.65996,9.45829,-0.004261,-0.008522,-0.009587,15.526,1.801,-0.156,-0.0047,-0.0012,-0.0063,0.2385,-0.3987,-0.2802,-0.0057207,-0.0086566,-0.0106481,0.000988,0.005345,0.019558,0.00000,0.00000,0.000,0.000,0.000,0.000,0.000,-6.0000,0.0000,0.0000,6.0000,95.00,95.00,90.00,90.00,65535,65535,65535,1500,1,15,40.4365053,-86.8936842,158.720,-0.010,0.010,0.030,3,0.38,0.55,0.11,1
19902,29550,23373,20366,0,0,-0.31723,2.66834,9.45710,-0.005326,-0.008522,-0.010653,15.539,1.804,-0.155,-0.0049,-0.0004,-0.0062,0.2383,-0.3987,-0.2804,-0.0057348,-0.0086595,-0.0106484,0.000992,0.005307,0.019569,0.00000,0.00000,0.000,0.000,0.000,0.000,0.000,-6.0000,0.0000,0.0000,6.0000,95.00,95.00,90.00,90.00,65535,65535,65535,1500,1,15,40.4365053,-86.8936842,158.720,-0.010,0.010,0.030,3,0.38,0.55,0.11,1
19940,23569,38148,30274,0,0,-0.29449,2.67193,9.46308,-0.007457,-0.009587,-0.011718,15.548,1.799,-0.159,-0.0047,0.0001,-0.0059,0.2382,-0.3987,-0.2806,-0.0057488,-0.0086542,-0.0106464,0.001004,0.005273,0.019579,0.00000,0.00000,0.000,0.000,0.000,0.000,0.000,-6.0000,0.0000,0.0000,6.0000,95.00,95.00,90.00,90.00,65535,65535,65535,1500,1,15,40.4365053,-86.8936842,158.720,-0.010,0.010,0.030,3,0.38,0.55,0.11,1
19984,39050,42805,34775,0,0,-0.30526,2.60729,9.47026,-0.009587,-0.008522,-0.011718,15.532,1.812,-0.201,0.0041,-0.0065,0.0083,0.2432,-0.4060,-0.2812,-0.0057412,-0.0086549,-0.0106025,0.001227,0.005449,0.018832,0.00000,0.00000,0.000,0.000,0.000,0.000,0.000,-6.0000,0.0000,0.0000,6.0000,95.00,95.00,90.00,90.00,65535,65535,65535,1500,1,15,40.4365053,-86.8936843,158.755,0.010,-0.010,-0.020,3,0.38,0.55,0.11,1
20022,62864,18112,15122,0,0,-0.30885,2.63123,9.46308,-0.001065,-0.009587,-0.009587,15.548,1.807,-0.198,0.0040,-0.0066,0.0084,0.2434,-0.4064,-0.2807,-0.0057406,-0.0086545,-0.0106024,0.001228,0.005452,0.018832,0.00000,0.00000,0.000,0.000,0.000,0.000,0.000,-6.0000,0.0000,0.0000,6.0000,95.00,95.00,90.00,90.00,65535,65535,65535,1500,1,15,40.4365053,-86.8936843,158.755,0.010,-0.010,-0.020,3,0.38,0.55,0.11,1
20061,18391,38087,30052,0,0,-0.30885,2.65397,9.46069,-0.002131,-0.008522,-0.009587,15.559,1.807,-0.198,0.0040,-0.0064,0.0085,0.2435,-0.4065,-0.2805,-0.0057479,-0.0086541,-0.0106020,0.001231,0.005430,0.018838,0.00000,0.00000,0.000,0.000,0.000,0.000,0.000,-6.0000,0.0000,0.0000,6.0000,95.00,95.00,90.00,90.00,65535,65535,65535,1500,1,15,40.4365053,-86.8936843,158.755,0.010,-0.010,-0.020,3,0.38,0.55,0.11,1
20097,38296,36208,28191,0,0,-0.31603,2.68749,9.45949,-0.007457,-0.008522,-0.010653,15.571,1.809,-0.197,0.0038,-0.0049,0.0089,0.2436,-0.4067,-0.2802,-0.0057670,-0.0086562,-0.0106020,0.001235,0.005377,0.018853,0.00000,0.00000,0.000,0.000,0.000,0.000,0.000,-6.0000,0.0000,0.0000,6.0000,95.00,95.00,90.00,90.00,65535,65535,65535,1500,1,15,40.4365053,-86.8936843,158.755,0.010,-0.010,-0.020,3,0.38,0.55,0.11,1
20126,36415,29254,26196,0,0,-0.32441,2.63602,9.45949,-0.008522,-0.009587,-0.011718,15.566,1.812,-0.197,0.0033,-0.0049,0.0089,0.2438,-0.4069,-0.2799,-0.0057673,-0.0086615,-0.0106036,0.001228,0.005373,0.018853,0.00000,0.00000,0.000,0.000,0.000,0.000,0.000,-6.0000,0.0000,0.0000,6.0000,95.00,95.00,90.00,90.00,65535,65535,65535,1500,1,15,40.4365053,-86.8936843,158.755,0.010,-0.010,-0.020,3,0.38,0.55,0.11,1
20157,30027,29949,26883,0,0,-0.28730,2.61926,9.46787,-0.008522,-0.009587,-0.010653,15.556,1.804,-0.202,0.0037,-0.0052,0.0090,0.2439,-0.4070,-0.2796,-0.0057613,-0.0086531,-0.0106014,0.001236,0.005392,0.018849,0.00000,0.00000,0.000,0.000,0.000,0.000,0.000,-6.0000,0.0000,0.0000,6.0000,95.00,95.00,90.00,90.00,65535,65535,65535,1500,1,15,40.4365053,-86.8936843,158.755,0.010,-0.010,-0.020,3,0.38,0.55,0.11,1
20195,35821,31495,28495,0,0,-0.28850,2.52349,9.49780,-0.005326,-0.008522,-0.010653,15.520,1.803,-0.221,0.0079,-0.0097,-0.0021,0.2479,-0.4132,-0.2860,-0.0057194,-0.0086463,-0.0105823,0.001304,0.005748,0.019297,0.00000,0.00000,0.000,0.000,0.000,0.000,0.000,-6.0000,0.0000,0.0000,6.0000,95.00,95.00,90.00,90.00,65535,65535,65535,1500,1,15,40.4365053,-86.8936843,158.744,0.010,-0.010,0.010,3,0.38,0.55,0.09,1
20232,51273,18176,15180,0,0,-0.28970,2.73178,9.45231,-0.002131,-0.007457,-0.010653,15.563,1.801,-0.226,0.0088,-0.0053,-0.0012,0.2483,-0.4135,-0.2861,-0.0057568,-0.0086386,-0.0105780,0.001337,0.005638,0.019329,0.00000,0.00000,0.000,0.000,0.000,0.000,0.000,-6.0000,0.0000,0.0000,6.0000,95.00,95.00,90.00,90.00,65535,65535,65535,1500,1,15,40.4365053,-86.8936843,158.744,0.010,-0.010,0.010,3,0.38,0.55,0.09,1
20256,18453,23441,15572,0,0,-0.38547,2.71742,9.44991,-0.012783,-0.007457,-0.010653,15.582,1.823,-0.212,0.0079,-0.0045,-0.0010,0.2484,-0.4136,-0.2861,-0.0057869,-0.0086660,-0.0105861,0.001309,0.005534,0.019357,0.00000,0.00000,0.000,0.000,0.000,0.000,0.000,-6.0000,0.0000,0.0000,6.0000,95.00,95.00,90.00,90.00,65535,65535,65535,1500,1,15,40.4365053,-86.8936843,158.744,0.010,-0.010,0.010,3,0.38,0.55,0.09,1
20286,23642,29258,21408,0,0,-0.39744,2.62165,9.46189,-0.009587,-0.010653,-0.010653,15.572,1.843,-0.197,0.0065,-0.0047,-0.0010,0.2486,-0.4137,-0.2862,-0.0057815,-0.0086963,-0.0105962,0.001268,0.005535,0.019356,0.00000,0.00000,0.000,0.000,0.000,0.000,0.000,-6.0000,0.0000,0.0000,6.0000,95.00,95.00,90.00,90.00,65535,65535,65535,1500,1,15,40.4365053,-86.8936843,158.744,0.010,-0.010,0.010,3,0.38,0.55,0.09,1
20316,29457,29995,22031,0,0,-0.26097,2.57496,9.47625,-0.005326,-0.011718,-0.011718,15.553,1.824,-0.209,0.0076,-0.0060,-0.0011,0.2488,-0.4139,-0.2862,-0.0057590,-0.0086771,-0.0105908,0.001289,0.005606,0.019337,0.00000,0.00000,0.000,0.000,0.000,0.000,0.000,-6.0000,0.0000,0.0000,6.0000,95.00,95.00,90.00,90.00,65535,65535,65535,1500,1,15,40.4365053,-86.8936843,158.744,0.010,-0.010,0.010,3,0.38,0.55,0.09,1
20352,30886,35438,27453,0,0,-0.19752,2.58694,9.49540,-0.006392,-0.007457,-0.010653,15.533,1.764,-0.134,-0.0113,0.0119,-0.0163,0.2472,-0.4152,-0.2939,-0.0057344,-0.0086310,-0.0106843,0.000792,0.004855,0.020289,0.00000,0.00000,0.000,0.000,0.000,0.000,0.000,-6.0000,0.0000,0.0000,6.0000,95.00,95.00,90.00,90.00,65535,65535,65535,1500,1,15,40.4365053,-86.8936843,158.733,-0.030,0.030,0.030,3,0.38,0.55,0.10,1
20390,35661,37949,30073,0,0,-0.37230,2.59172,9.46308,-0.002131,-0.007457,-0.010653,15.529,1.784,-0.119,-0.0134,0.0108,-0.0166,0.2467,-0.4148,-0.2945,-0.0057209,-0.0086556,-0.0106938,0.000740,0.004883,0.020280,0.00000,0.00000,0.000,0.000,0.000,0.000,0.000,-6.0000,0.0000,0.0000,6.0000,95.00,95.00,90.00,90.00,65535,65535,65535,1500,1,15,40.4365053,-86.8936843,158.733,-0.030,0.030,0.030,3,0.38,0.55,0.10,1
20426,38159,35385,27535,0,0,-0.33040,2.72939,9.45949,-0.003196,-0.008522,-0.011718,15.564,1.792,-0.117,-0.0142,0.0137,-0.0157,0.2462,-0.4143,-0.2951,-0.0057549,-0.0086639,-0.0106954,0.000737,0.004777,0.020309,0.00000,0.00000,0.000,0.000,0.000,0.000,0.000,-6.0000,0.0000,0.0000,6.0000,95.00,95.00,90.00,90.00,65535,65535,65535,1500,1,15,40.4365053,-86.8936843,158.733,-0.030,0.030,0.030,3,0.38,0.55,0.10,1
20465,56237,18118,15132,0,0,-0.29090,2.57018,9.47864,-0.011718,-0.009587,-0.010653,15.525,1.784,-0.120,-0.0135,0.0109,-0.0158,0.2454,-0.4136,-0.2960,-0.0057314,-0.0086581,-0.0106944,0.000737,0.004844,0.020291,0.00000,0.00000,0.000,0.000,0.000,0.000,0.000,-6.0000,0.0000,0.0000,6.0000,95.00,95.00,90.00,90.00,65535,65535,65535,1500,1,15,40.4365053,-86.8936843,158.733,-0.030,0.030,0.030,3,0.38,0.55,0.10,1
20494,18404,29321,21485,0,0,-0.27294,2.57137,9.47625,-0.003196,-0.008522,-0.010653,15.509,1.775,-0.125,-0.0133,0.0104,-0.0159,0.2452,-0.4134,-0.2963,-0.0057103,-0.0086463,-0.0106916,0.000745,0.004905,0.020274,0.00000,0.00000,0.000,0.000,0.000,0.000,0.000,-6.0000,0.0000,0.0000,6.0000,95.00,95.00,90.00,90.00,65535,65535,65535,1500,1,15,40.4365053,-86.8936843,158.733,-0.030,0.030,0.030,3,0.38,0.55,0.10,1
20525,29522,30063,22046,0,0,-0.26217,2.65278,9.46667,-0.005326,-0.007457,-0.010653,15.517,1.766,-0.132,-0.0125,0.0109,-0.0157,0.2448,-0.4131,-0.2968,-0.0057191,-0.0086310,-0.0106870,0.000765,0.004890,0.020279,0.00000,0.00000,0.000,0.000,0.000,0.000,0.000,-6.0000,0.0000,0.0000,6.0000,95.00,95.00,90.00,90.00,65535,65535,65535,1500,1,15,40.4365053,-86.8936843,158.733,-0.030,0.030,0.030,3,0.38,0.55,0.10,1
20561,30975,34933,26885,0,0,-0.36990,2.65876,9.45231,-0.007457,-0.007457,-0.010653,15.528,1.813,-0.201,0.0058,-0.0122,0.0039,0.2516,-0.4237,-0.2961,-0.0057377,-0.0086594,-0.0106044,0.001141,0.005800,0.019090,0.00000,0.00000,0.000,0.000,0.000,0.000,0.000,-6.0000,0.0000,0.0000,6.0000,95.00,95.00,90.00,90.00,65535,65535,65535,1500,1,15,40.4365053,-86.8936844,158.757,0.020,-0.030,-0.020,3,0.38,0.55,0.09,1
20584,35162,23498,15518,0,0,-0.34477,2.63961,9.46667,-0.005326,-0.009587,-0.011718,15.531,1.821,-0.198,0.0047,-0.0120,0.0041,0.2518,-0.4241,-0.2960,-0.0057408,-0.0086714,-0.0106084,0.001125,0.005784,0.019094,0.00000,0.00000,0.000,0.000,0.000,0.000,0.000,-6.0000,0.0000,0.0000,6.0000,95.00,95.00,90.00,90.00,65535,65535,65535,1500,1,15,40.4365053,-86.8936844,158.757,0.020,-0.030,-0.020,3,0.38,0.55,0.09,1
20623,28708,33005,30018,0,0,-0.28252,2.62883,9.46907,-0.004261,-0.009587,-0.010653,15.533,1.811,-0.204,0.0053,-0.0120,0.0043,0.2520,-0.4245,-0.2959,-0.0057397,-0.0086610,-0.0106050,0.001141,0.005792,0.019092,0.00000,0.00000,0.000,0.000,0.000,0.000,0.000,-6.0000,0.0000,0.0000,6.0000,95.00,95.00,90.00,90.00,65535,65535,65535,1500,1,15,40.4365053,-86.8936844,158.757,0.020,-0.030,-0.020,3,0.38,0.55,0.09,1
20659,33205,36388,28444,0,0,-0.25618,2.61686,9.46787,-0.006392,-0.007457,-0.009587,15.527,1.798,-0.211,0.0066,-0.0124,0.0043,0.2522,-0.4249,-0.2957,-0.0057349,-0.0086418,-0.0105991,0.001165,0.005816,0.019087,0.00000,0.00000,0.000,0.000,0.000,0.000,0.000,-6.0000,0.0000,0.0000,6.0000,95.00,95.00,90.00,90.00,65535,65535,65535,1500,1,15,40.4365053,-86.8936844,158.757,0.020,-0.030,-0.020,3,0.38,0.55,0.09,1
20699,57629,18166,15159,0,0,-0.30885,2.68869,9.45590,-0.007457,-0.008522,-0.011718,15.540,1.800,-0.215,0.0065,-0.0096,0.0048,0.2525,-0.4255,-0.2955,-0.0057567,-0.0086418,-0.0105983,0.001174,0.005759,0.019103,0.00000,0.00000,0.000,0.000,0.000,0.000,0.000,-6.0000,0.0000,0.0000,6.0000,95.00,95.00,90.00,90.00,65535,65535,65535,1500,1,15,40.4365053,-86.8936844,158.757,0.020,-0.030,-0.020,3,0.38,0.55,0.09,1
20737,18454,38341,30310,0,0,-0.36392,2.64200,9.45949,-0.007457,-0.009587,-0.011718,15.542,1.814,-0.207,0.0061,-0.0096,0.0048,0.2527,-0.4257,-0.2954,-0.0057608,-0.0086614,-0.0106036,0.001158,0.005741,0.019107,0.00000,0.00000,0.000,0.000,0.000,0.000,0.000,-6.0000,0.0000,0.0000,6.0000,95.00,95.00,90.00,90.00,65535,65535,65535,1500,1,15,40.4365053,-86.8936844,158.757,0.020,-0.030,-0.020,3,0.38,0.55,0.09,1
20781,39228,43356,35351,0,0,-0.30646,2.59891,9.46308,-0.004261,-0.009587,-0.009587,15.530,1.817,-0.227,0.0087,0.0063,0.0074,0.2565,-0.4275,-0.2978,-0.0057441,-0.0086604,-0.0105813,0.001378,0.005035,0.019171,0.00000,0.00000,0.000,0.000,0.000,0.000,0.000,-6.0000,0.0000,0.0000,6.0000,95.00,95.00,90.00,90.00,65535,65535,65535,1500,1,15,40.4365054,-86.8936844,158.761,0.010,0.020,-0.010,3,0.38,0.55,0.08,1
20811,43578,29529,21576,0,0,-0.24062,2.65038,9.46667,-0.005326,-0.008522,-0.010653,15.537,1.798,-0.241,0.0113,0.0069,0.0077,0.2570,-0.4272,-0.2975,-0.0057509,-0.0086347,-0.0105723,0.001421,0.005028,0.019174,0.00000,0.00000,0.000,0.000,0.000,0.000,0.000,-6.0000,0.0000,0.0000,6.0000,95.00,95.00,90.00,90.00,65535,65535,65535,1500,1,15,40.4365054,-86.8936844,158.761,0.010,0.020,-0.010,3,0.38,0.55,0.08,1
20841,29728,29530,21464,0,0,-0.27533,2.66594,9.47266,-0.009587,-0.007457,-0.010653,15.540,1.791,-0.248,0.0120,0.0076,0.0082,0.2574,-0.4270,-0.2973,-0.0057624,-0.0086226,-0.0105680,0.001441,0.005000,0.019183,0.00000,0.00000,0.000,0.000,0.000,0.000,0.000,-6.0000,0.0000,0.0000,6.0000,95.00,95.00,90.00,90.00,65535,65535,65535,1500,1,15,40.4365054,-86.8936844,158.761,0.010,0.020,-0.010,3,0.38,0.55,0.08,1
20870,29725,29354,26346,0,0,-0.37828,2.59531,9.46787,-0.010653,-0.007457,-0.012783,15.521,1.813,-0.238,0.0104,0.0069,0.0081,0.2577,-0.4268,-0.2970,-0.0057501,-0.0086478,-0.0105759,0.001415,0.005024,0.019175,0.00000,0.00000,0.000,0.000,0.000,0.000,0.000,-6.0000,0.0000,0.0000,6.0000,95.00,95.00,90.00,90.00,65535,65535,65535,1500,1,15,40.4365054,-86.8936844,158.761,0.010,0.020,-0.010,3,0.38,0.55,0.08,1
20903,43292,18435,15411,0,0,-0.29808,2.64559,9.45710,-0.003196,-0.009587,-0.010653,15.533,1.807,-0.241,0.0107,0.0075,0.0081,0.2582,-0.4264,-0.2967,-0.0057563,-0.0086433,-0.0105744,0.001422,0.005009,0.019179,0.00000,0.00000,0.000,0.000,0.000,0.000,0.000,-6.0000,0.0000,0.0000,6.0000,95.00,95.00,90.00,90.00,65535,65535,65535,1500,1,15,40.4365054,-86.8936844,158.761,0.010,0.020,-0.010,3,0.38,0.55,0.08,1
20935,18949,32049,24110,0,0,-0.30526,2.58933,9.47266,-0.005326,-0.008522,-0.009587,15.521,1.806,-0.240,0.0107,0.0072,0.0080,0.2584,-0.4263,-0.2965,-0.0057415,-0.0086417,-0.0105745,0.001418,0.005047,0.019169,0.00000,0.00000,0.000,0.000,0.000,0.000,0.000,-6.0000,0.0000,0.0000,6.0000,95.00,95.00,90.00,90.00,65535,65535,65535,1500,1,15,40.4365054,-86.8936844,158.761,0.010,0.020,-0.010,3,0.38,0.55,0.08,1
20971,32728,35276,27307,0,0,-0.27414,2.64080,9.46308,-0.001065,-0.009587,-0.009587,15.535,1.783,-0.212,0.0052,0.0027,0.0034,0.2601,-0.4326,-0.3007,-0.0057464,-0.0086279,-0.0106067,0.001194,0.005252,0.019327,0.00000,0.00000,0.000,0.000,0.000,0.000,0.000,-6.0000,0.0000,0.0000,6.0000,95.00,95.00,90.00,90.00,65535,65535,65535,1500,1,15,40.4365054,-86.8936845,158.759,0.000,0.000,0.000,3,0.38,0.55,0.09,1
21001,35508,29465,21446,0,0,-0.24541,2.70066,9.45949,-0.006392,-0.007457,-0.011718,15.554,1.770,-0.227,0.0069,0.0046,0.0039,0.2604,-0.4325,-0.3006,-0.0057704,-0.0086064,-0.0105982,0.001244,0.005190,0.019346,0.00000,0.00000,0.000,0.000,0.000,0.000,0.000,-6.0000,0.0000,0.0000,6.0000,95.00,95.00,90.00,90.00,65535,65535,65535,1500,1,15,40.4365054,-86.8936845,158.759,0.000,0.000,0.000,3,0.38,0.55,0.09,1
21031,29667,29276,21286,0,0,-0.30287,2.67552,9.45710,-0.010653,-0.007457,-0.011718,15.559,1.772,-0.229,0.0069,0.0056,0.0041,0.2606,-0.4323,-0.3005,-0.0057853,-0.0086059,-0.0105974,0.001254,0.005146,0.019359,0.00000,0.00000,0.000,0.000,0.000,0.000,0.000,-6.0000,0.0000,0.0000,6.0000,95.00,95.00,90.00,90.00,65535,65535,65535,1500,1,15,40.4365054,-86.8936845,158.759,0.000,0.000,0.000,3,0.38,0.55,0.09,1
21064,29470,33060,30042,0,0,-0.38547,2.55222,9.47266,-0.009587,-0.008522,-0.011718,15.528,1.795,-0.215,0.0051,0.0039,0.0038,0.2608,-0.4322,-0.3004,-0.0057573,-0.0086343,-0.0106071,0.001211,0.005212,0.019339,0.00000,0.00000,0.000,0.000,0.000,0.000,0.000,-6.0000,0.0000,0.0000,6.0000,95.00,95.00,90.00,90.00,65535,65535,65535,1500,1,15,40.4365054,-86.8936845,158.759,0.000,0.000,0.000,3,0.38,0.55,0.09,1
21099,33256,34988,26971,0,0,-0.28371,2.61207,9.46907,-0.001065,-0.009587,-0.010653,15.531,1.787,-0.220,0.0056,0.0035,0.0038,0.2609,-0.4321,-0.3003,-0.0057505,-0.0086260,-0.0106049,0.001219,0.005234,0.019333,0.00000,0.00000,0.000,0.000,0.000,0.000,0.000,-6.0000,0.0000,0.0000,6.0000,95.00,95.00,90.00,90.00,65535,65535,65535,1500,1,15,40.4365054,-86.8936845,158.759,0.000,0.000,0.000,3,0.38,0.55,0.09,1
21145,61143,19388,16307,0,0,-0.32082,2.62764,9.45590,-0.005326,-0.007457,-0.010653,15.532,1.794,-0.216,0.0048,0.0035,0.0033,0.2613,-0.4318,-0.3000,-0.0057503,-0.0086311,-0.0106063,0.001212,0.005232,0.019333,0.00000,0.00000,0.000,0.000,0.000,0.000,0.000,-6.0000,0.0000,0.0000,6.0000,95.00,95.00,90.00,90.00,65535,65535,65535,1500,1,15,40.4365054,-86.8936845,158.759,0.000,0.000,0.000,3,0.38,0.55,0.09,1
21181,20360,30414,27407,0,0,-0.28371,2.68510,9.46189,-0.005326,-0.009587,-0.011718,15.545,1.794,-0.244,0.0082,0.0181,-0.0042,0.2648,-0.4336,-0.3051,-0.0057647,-0.0086230,-0.0105804,0.001423,0.004708,0.019853,0.00000,0.00000,0.000,0.000,0.000,0.000,0.000,-6.0000,0.0000,0.0000,6.0000,95.00,95.00,90.00,90.00,65535,65535,65535,1500,1,15,40.4365054,-86.8936844,158.758,0.010,0.030,0.010,3,0.38,0.55,0.10,1
21210,35684,28847,20974,0,0,-0.29090,2.61686,9.46907,-0.010653,-0.008522,-0.011718,15.530,1.790,-0.249,0.0086,0.0177,-0.0042,0.2652,-0.4330,-0.3053,-0.0057596,-0.0086171,-0.0105786,0.001427,0.004727,0.019848,0.00000,0.00000,0.000,0.000,0.000,0.000,0.000,-6.0000,0.0000,0.0000,6.0000,95.00,95.00,90.00,90.00,65535,65535,65535,1500,1,15,40.4365054,-86.8936844,158.758,0.010,0.030,0.010,3,0.38,0.55,0.10,1
21234,29040,23468,15465,0,0,-0.35554,2.54025,9.48224,-0.004261,-0.008522,-0.010653,15.505,1.803,-0.239,0.0075,0.0158,-0.0043,0.2654,-0.4325,-0.3054,-0.0057276,-0.0086342,-0.0105855,0.001384,0.004812,0.019823,0.00000,0.00000,0.000,0.000,0.000,0.000,0.000,-6.0000,0.0000,0.0000,6.0000,95.00,95.00,90.00,90.00,65535,65535,65535,1500,1,15,40.4365054,-86.8936844,158.758,0.010,0.030,0.010,3,0.38,0.55,0.10,1
21263,23660,29432,21487,0,0,-0.33279,2.58813,9.47625,-0.001065,-0.009587,-0.010653,15.499,1.808,-0.235,0.0071,0.0152,-0.0043,0.2655,-0.4321,-0.3055,-0.0057138,-0.0086423,-0.0105886,0.001363,0.004847,0.019813,0.00000,0.00000,0.000,0.000,0.000,0.000,0.000,-6.0000,0.0000,0.0000,6.0000,95.00,95.00,90.00,90.00,65535,65535,65535,1500,1,15,40.4365054,-86.8936844,158.758,0.010,0.030,0.010,3,0.38,0.55,0.10,1
21302,29641,38079,30123,0,0,-0.27294,2.70545,9.45351,-0.003196,-0.008522,-0.009587,15.527,1.798,-0.241,0.0078,0.0168,-0.0040,0.2658,-0.4317,-0.3056,-0.0057411,-0.0086295,-0.0105836,0.001400,0.004780,0.019833,0.00000,0.00000,0.000,0.000,0.000,0.000,0.000,-6.0000,0.0000,0.0000,6.0000,95.00,95.00,90.00,90.00,65535,65535,65535,1500,1,15,40.4365054,-86.8936844,158.758,0.010,0.030,0.010,3,0.38,0.55,0.10,1
21355,65719,25638,22634,0,0,-0.30885,2.61567,9.46548,-0.008522,-0.009587,-0.011718,15.516,1.796,-0.244,0.0092,0.0013,0.0034,0.2696,-0.4393,-0.3071,-0.0057410,-0.0086303,-0.0105851,0.001319,0.005338,0.019324,0.00000,0.00000,0.000,0.000,0.000,0.000,0.000,-6.0000,0.0000,0.0000,6.0000,95.00,95.00,90.00,90.00,65535,65535,65535,1500,1,15,40.4365055,-86.8936845,158.768,0.010,-0.010,-0.010,3,0.38,0.55,0.10,1
21384,25905,29373,21458,0,0,-0.32441,2.58694,9.47146,-0.006392,-0.007457,-0.011718,15.503,1.802,-0.242,0.0088,0.0005,0.0033,0.2698,-0.4393,-0.3070,-0.0057266,-0.0086360,-0.0105876,0.001303,0.005380,0.019312,0.00000,0.00000,0.000,0.000,0.000,0.000,0.000,-6.0000,0.0000,0.0000,6.0000,95.00,95.00,90.00,90.00,65535,65535,65535,1500,1,15,40.4365055,-86.8936845,158.768,0.010,-0.010,-0.010,3,0.38,0.55,0.10,1
21423,29583,38102,30088,0,0,-0.35075,2.52109,9.47266,-0.008522,-0.004261,-0.007457,15.467,1.819,-0.225,0.0078,-0.0017,0.0028,0.2700,-0.4394,-0.3070,-0.0056910,-0.0086505,-0.0105939,0.001256,0.005478,0.019283,0.00000,0.00000,0.000,0.000,0.000,0.000,0.000,-6.0000,0.0000,0.0000,6.0000,95.00,95.00,90.00,90.00,65535,65535,65535,1500,1,15,40.4365055,-86.8936845,158.768,0.010,-0.010,-0.010,3,0.38,0.55,0.10,1
21458,38291,34976,31942,0,0,-0.33639,2.58095,9.47984,0.023436,-0.011718,-0.007457,15.515,1.817,-0.214,0.0070,-0.0032,0.0029,0.2703,-0.4395,-0.3068,-0.0056729,-0.0086596,-0.0105980,0.001210,0.005522,0.019270,0.00000,0.00000,0.000,0.000,0.000,0.000,0.000,-6.0000,0.0000,0.0000,6.0000,95.00,95.00,90.00,90.00,65535,65535,65535,1500,1,15,40.4365055,-86.8936845,158.768,0.010,-0.010,-0.010,3,0.38,0.55,0.10,1
21488,35173,30105,27116,0,0,-0.09816,2.85149,9.44273,-0.005326,-0.005326,-0.011718,15.583,1.768,-0.264,0.0126,0.0023,0.0041,0.2707,-0.4395,-0.3067,-0.0057505,-0.0085838,-0.0105681,0.001562,0.005376,0.019321,0.00000,0.00000,0.000,0.000,0.000,0.000,0.000,-6.0000,0.0000,0.0000,6.0000,95.00,95.00,90.00,90.00,65535,65535,65535,1500,1,15,40.4365055,-86.8936845,158.768,0.010,-0.010,-0.010,3,0.38,0.55,0.10,1
21519,30298,30906,26743,0,0,-0.32202,2.58694,9.46548,-0.006392,-0.006392,-0.013848,15.566,1.778,-0.264,0.0121,0.0013,0.0038,0.2710,-0.4394,-0.3066,-0.0057328,-0.0085902,-0.0105710,0.001523,0.005415,0.019309,0.00000,0.00000,0.000,0.000,0.000,0.000,0.000,-6.0000,0.0000,0.0000,6.0000,95.00,95.00,90.00,90.00,65535,65535,65535,1500,1,15,40.4365055,-86.8936845,158.768,0.010,-0.010,-0.010,3,0.38,0.55,0.10,1
21558,45402,24062,21068,0,0,-0.42856,2.71383,9.44273,-0.009587,-0.008522,-0.011718,15.583,1.814,-0.248,0.0094,0.0012,0.0072,0.2747,-0.4453,-0.3086,-0.0057625,-0.0086343,-0.0105781,0.001433,0.005410,0.019164,0.00000,0.00000,0.000,0.000,0.000,0.000,0.000,-6.0000,0.0000,0.0000,6.0000,95.00,95.00,90.00,90.00,65535,65535,65535,1500,1,15,40.4365055,-86.8936846,158.770,0.010,0.000,-0.010,3,0.38,0.55,0.09,1
21587,24322,28728,20703,0,0,-0.49560,2.47082,9.48343,-0.009587,-0.008522,-0.009587,15.527,1.862,-0.204,0.0059,-0.0018,0.0068,0.2748,-0.4454,-0.3084,-0.0057044,-0.0086989,-0.0106053,0.001172,0.005541,0.019120,0.00000,0.00000,0.000,0.000,0.000,0.000,0.000,-6.0000,0.0000,0.0000,6.0000,95.00,95.00,90.00,90.00,65535,65535,65535,1500,1,15,40.4365055,-86.8936846,158.770,0.010,0.000,-0.010,3,0.38,0.55,0.09,1
21617,28932,29441,21479,0,0,-0.34477,2.71622,9.49421,0.007457,-0.011718,-0.009587,15.571,1.864,-0.199,0.0053,-0.0003,0.0084,0.2749,-0.4454,-0.3082,-0.0057290,-0.0087073,-0.0106074,0.001156,0.005461,0.019141,0.00000,0.00000,0.000,0.000,0.000,0.000,0.000,-6.0000,0.0000,0.0000,6.0000,95.00,95.00,90.00,90.00,65535,65535,65535,1500,1,15,40.4365055,-86.8936846,158.770,0.010,0.000,-0.010,3,0.38,0.55,0.09,1
21647,29645,30439,22473,0,0,-0.06704,2.65038,9.46787,0.003196,-0.007457,-0.008522,15.588,1.800,-0.252,0.0108,-0.0001,0.0084,0.2752,-0.4454,-0.3080,-0.0057321,-0.0086205,-0.0105743,0.001552,0.005527,0.019136,0.00000,0.00000,0.000,0.000,0.000,0.000,0.000,-6.0000,0.0000,0.0000,6.0000,95.00,95.00,90.00,90.00,65535,65535,65535,1500,1,15,40.4365055,-86.8936846,158.770,0.010,0.000,-0.010,3,0.38,0.55,0.09,1
21677,30636,29180,26168,0,0,-0.29449,2.77967,9.43914,-0.005326,-0.004261,-0.010653,15.631,1.804,-0.256,0.0111,0.0029,0.0090,0.2756,-0.4454,-0.3077,-0.0057801,-0.0086150,-0.0105699,0.001627,0.005405,0.019172,0.00000,0.00000,0.000,0.000,0.000,0.000,0.000,-6.0000,0.0000,0.0000,6.0000,95.00,95.00,90.00,90.00,65535,65535,65535,1500,1,15,40.4365055,-86.8936846,158.770,0.010,0.000,-0.010,3,0.38,0.55,0.09,1
21700,29375,23662,15610,0,0,-0.45490,2.73178,9.44273,-0.005326,-0.007457,-0.012783,15.659,1.844,-0.230,0.0082,0.0044,0.0093,0.2759,-0.4453,-0.3074,-0.0058094,-0.0086641,-0.0105855,0.001453,0.005293,0.019198,0.00000,0.00000,0.000,0.000,0.000,0.000,0.000,-6.0000,0.0000,0.0000,6.0000,95.00,95.00,90.00,90.00,65535,65535,65535,1500,1,15,40.4365055,-86.8936846,158.770,0.010,0.000,-0.010,3,0.38,0.55,0.09,1
21739,24026,38261,30225,0,0,-0.33998,2.73298,9.44273,-0.007457,-0.010653,-0.012783,15.682,1.849,-0.231,0.0078,0.0055,0.0096,0.2761,-0.4453,-0.3072,-0.0058373,-0.0086720,-0.0105869,0.001448,0.005219,0.019218,0.00000,0.00000,0.000,0.000,0.000,0.000,0.000,-6.0000,0.0000,0.0000,6.0000,95.00,95.00,90.00,90.00,65535,65535,65535,1500,1,15,40.4365055,-86.8936846,158.770,0.010,0.000,-0.010,3,0.38,0.55,0.09,1
21798,57010,39842,31887,0,0,-0.35434,2.46842,9.48942,-0.010653,-0.007457,-0.009587,15.608,1.865,-0.228,0.0087,-0.0017,0.0035,0.2801,-0.4500,-0.3108,-0.0057721,-0.0086856,-0.0105811,0.001413,0.005396,0.019401,0.00000,0.00000,0.000,0.000,0.000,0.000,0.000,-6.0000,0.0000,0.0000,6.0000,95.00,95.00,90.00,90.00,65535,65535,65535,1500,1,15,40.4365056,-86.8936846,158.770,0.010,0.000,0.000,3,0.38,0.55,0.09,1
21827,40098,29406,21384,0,0,-0.23822,2.61926,9.47146,0.002131,-0.009587,-0.009587,15.616,1.841,-0.244,0.0113,-0.0026,0.0036,0.2806,-0.4501,-0.3107,-0.0057621,-0.0086572,-0.0105708,0.001517,0.005449,0.019389,0.00000,0.00000,0.000,0.000,0.000,0.000,0.000,-6.0000,0.0000,0.0000,6.0000,95.00,95.00,90.00,90.00,65535,65535,65535,1500,1,15,40.4365056,-86.8936846,158.770,0.010,0.000,0.000,3,0.38,0.55,0.09,1
21856,29607,28834,25819,0,0,-0.23104,2.78924,9.43794,-0.005326,-0.005326,-0.011718,15.661,1.825,-0.267,0.0132,0.0005,0.0041,0.2810,-0.4501,-0.3106,-0.0058123,-0.0086273,-0.0105571,0.001699,0.005333,0.019427,0.00000,0.00000,0.000,0.000,0.000,0.000,0.000,-6.0000,0.0000,0.0000,6.0000,95.00,95.00,90.00,90.00,65535,65535,65535,1500,1,15,40.4365056,-86.8936846,158.770,0.010,0.000,0.000,3,0.38,0.55,0.09,1
21880,29085,23383,20375,0,0,-0.34237,2.69228,9.45111,-0.009587,-0.007457,-0.011718,15.668,1.835,-0.263,0.0126,0.0013,0.0043,0.2813,-0.4501,-0.3105,-0.0058268,-0.0086372,-0.0105597,0.001684,0.005288,0.019440,0.00000,0.00000,0.000,0.000,0.000,0.000,0.000,-6.0000,0.0000,0.0000,6.0000,95.00,95.00,90.00,90.00,65535,65535,65535,1500,1,15,40.4365056,-86.8936846,158.770,0.010,0.000,0.000,3,0.38,0.55,0.09,1
21910,23585,30047,22038,0,0,-0.36631,2.62644,9.46907,-0.009587,-0.009587,-0.012783,15.655,1.848,-0.256,0.0117,0.0009,0.0044,0.2816,-0.4500,-0.3104,-0.0058175,-0.0086546,-0.0105658,0.001619,0.005300,0.019434,0.00000,0.00000,0.000,0.000,0.000,0.000,0.000,-6.0000,0.0000,0.0000,6.0000,95.00,95.00,90.00,90.00,65535,65535,65535,1500,1,15,40.4365056,-86.8936846,158.770,0.010,0.000,0.000,3,0.38,0.55,0.09,1
21947,30954,35442,27381,0,0,-0.29209,2.56898,9.47266,-0.008522,-0.008522,-0.010653,15.627,1.839,-0.251,0.0113,-0.0061,-0.0034,0.2846,-0.4565,-0.3149,-0.0057912,-0.0086460,-0.0105727,0.001521,0.005676,0.019671,0.00000,0.00000,0.000,0.000,0.000,0.000,0.000,-6.0000,0.0000,0.0000,6.0000,95.00,95.00,90.00,90.00,65535,65535,65535,1500,1,15,40.4365056,-86.8936847,158.766,0.010,-0.010,0.010,3,0.38,0.55,0.09,1
22001,70454,19695,16708,0,0,-0.28371,2.71143,9.46069,-0.006392,-0.007457,-0.010653,15.644,1.835,-0.259,0.0132,-0.0022,-0.0021,0.2855,-0.4567,-0.3151,-0.0058136,-0.0086343,-0.0105674,0.001584,0.005620,0.019688,0.00000,0.00000,0.000,0.000,0.000,0.000,0.000,-6.0000,0.0000,0.0000,6.0000,95.00,95.00,90.00,90.00,65535,65535,65535,1500,1,15,40.4365056,-86.8936847,158.766,0.010,-0.010,0.010,3,0.38,0.55,0.09,1
22031,19965,29512,21467,0,0,-0.27533,2.69348,9.45470,-0.006392,-0.008522,-0.011718,15.657,1.825,-0.269,0.0137,-0.0017,-0.0020,0.2858,-0.4567,-0.3151,-0.0058289,-0.0086204,-0.0105620,0.001640,0.005588,0.019699,0.00000,0.00000,0.000,0.000,0.000,0.000,0.000,-6.0000,0.0000,0.0000,6.0000,95.00,95.00,90.00,90.00,65535,65535,65535,1500,1,15,40.4365056,-86.8936847,158.766,0.010,-0.010,0.010,3,0.38,0.55,0.09,1
22055,29720,23383,15429,0,0,-0.28850,2.66355,9.45829,-0.007457,-0.007457,-0.012783,15.658,1.821,-0.277,0.0141,-0.0015,-0.0019,0.2862,-0.4568,-0.3152,-0.0058333,-0.0086118,-0.0105591,0.001667,0.005582,0.019702,0.00000,0.00000,0.000,0.000,0.000,0.000,0.000,-6.0000,0.0000,0.0000,6.0000,95.00,95.00,90.00,90.00,65535,65535,65535,1500,1,15,40.4365056,-86.8936847,158.766,0.010,-0.010,0.010,3,0.38,0.55,0.09,1
22093,23576,38041,30080,0,0,-0.34117,2.63482,9.46428,-0.006392,-0.007457,-0.011718,15.652,1.831,-0.272,0.0137,-0.0017,-0.0018,0.2865,-0.4568,-0.3152,-0.0058274,-0.0086214,-0.0105623,0.001637,0.005590,0.019698,0.00000,0.00000,0.000,0.000,0.000,0.000,0.000,-6.0000,0.0000,0.0000,6.0000,95.00,95.00,90.00,90.00,65535,65535,65535,1500,1,15,40.4365056,-86.8936847,158.766,0.010,-0.010,0.010,3,0.38,0.55,0.09,1
22130,38236,36416,28380,0,0,-0.38068,2.60250,9.46189,-0.004261,-0.008522,-0.010653,15.641,1.849,-0.259,0.0117,-0.0029,-0.0021,0.2870,-0.4569,-0.3153,-0.0058113,-0.0086444,-0.0105697,0.001563,0.005615,0.019689,0.00000,0.00000,0.000,0.000,0.000,0.000,0.000,-6.0000,0.0000,0.0000,6.0000,95.00,95.00,90.00,90.00,65535,65535,65535,1500,1,15,40.4365056,-86.8936847,158.766,0.010,-0.010,0.010,3,0.38,0.55,0.09,1
22173,37305,42780,39763,0,0,-0.27773,2.64799,9.47266,-0.006392,-0.008522,-0.010653,15.644,1.807,-0.171,-0.0066,-0.0138,-0.0099,0.2858,-0.4647,-0.3201,-0.0058127,-0.0086261,-0.0106629,0.000908,0.006006,0.019932,0.00000,0.00000,0.000,0.000,0.000,0.000,0.000,-6.0000,0.0000,0.0000,6.0000,95.00,95.00,90.00,90.00,65535,65535,65535,1500,1,15,40.4365056,-86.8936848,158.765,-0.021,-0.021,0.016,3,0.38,0.55,0.08,1
22205,56841,18136,15160,0,0,-0.28850,2.67432,9.46308,-0.003196,-0.007457,-0.010653,15.659,1.805,-0.175,-0.0055,-0.0128,-0.0093,0.2855,-0.4655,-0.3206,-0.0058205,-0.0086182,-0.0106598,0.000942,0.005989,0.019937,0.00000,0.00000,0.000,0.000,0.000,0.000,0.000,-6.0000,0.0000,0.0000,6.0000,95.00,95.00,90.00,90.00,65535,65535,65535,1500,1,15,40.4365056,-86.8936848,158.765,-0.020,-0.020,0.020,3,0.38,0.55,0.08,1
22234,18384,28605,20662,0,0,-0.32441,2.65756,9.45829,-0.004261,-0.008522,-0.011718,15.663,1.809,-0.174,-0.0057,-0.0127,-0.0092,0.2854,-0.4657,-0.3208,-0.0058224,-0.0086233,-0.0106614,0.000930,0.005980,0.019939,0.00000,0.00000,0.000,0.000,0.000,0.000,0.000,-6.0000,0.0000,0.0000,6.0000,95.00,95.00,90.00,90.00,65535,65535,65535,1500,1,15,40.4365056,-86.8936848,158.765,-0.020,-0.020,0.020,3,0.38,0.55,0.08,1
22264,28811,29512,21519,0,0,-0.33519,2.64679,9.45590,-0.005326,-0.008522,-0.010653,15.663,1.816,-0.169,-0.0063,-0.0128,-0.0093,0.2852,-0.4661,-0.3211,-0.0058209,-0.0086318,-0.0106642,0.000904,0.005979,0.019939,0.00000,0.00000,0.000,0.000,0.000,0.000,0.000,-6.0000,0.0000,0.0000,6.0000,95.00,95.00,90.00,90.00,65535,65535,65535,1500,1,15,40.4365056,-86.8936848,158.765,-0.020,-0.020,0.020,3,0.38,0.55,0.08,1
22294,29712,29511,26450,0,0,-0.30047,2.64080,9.46787,-0.007457,-0.008522,-0.011718,15.656,1.814,-0.172,-0.0061,-0.0131,-0.0091,0.2851,-0.4664,-0.3213,-0.0058165,-0.0086280,-0.0106632,0.000908,0.005992,0.019936,0.00000,0.00000,0.000,0.000,0.000,0.000,0.000,-6.0000,0.0000,0.0000,6.0000,95.00,95.00,90.00,90.00,65535,65535,65535,1500,1,15,40.4365056,-86.8936848,158.765,-0.020,-0.020,0.020,3,0.38,0.55,0.08,1
22323,29705,29612,26594,0,0,-0.31843,2.63841,9.46069,-0.006392,-0.008522,-0.010653,15.651,1.816,-0.170,-0.0063,-0.0133,-0.0091,0.2849,-0.4668,-0.3216,-0.0058124,-0.0086305,-0.0106641,0.000897,0.006000,0.019933,0.00000,0.00000,0.000,0.000,0.000,0.000,0.000,-6.0000,0.0000,0.0000,6.0000,95.00,95.00,90.00,90.00,65535,65535,65535,1500,1,15,40.4365056,-86.8936848,158.765,-0.020,-0.020,0.020,3,0.38,0.55,0.08,1
22354,30488,29250,21302,0,0,-0.33758,2.65397,9.46667,-0.005326,-0.009587,-0.010653,15.650,1.828,-0.188,-0.0026,-0.0065,-0.0262,0.2883,-0.4709,-0.3288,-0.0058108,-0.0086400,-0.0106445,0.001026,0.005952,0.020729,0.00000,0.00000,0.000,0.000,0.000,0.000,0.000,-6.0000,0.0000,0.0000,6.0000,95.00,95.00,90.00,90.00,65535,65535,65535,1500,1,15,40.4365056,-86.8936849,158.756,0.000,0.000,0.040,3,0.38,0.55,0.11,1
22382,29475,28623,20651,0,0,-0.29329,2.65637,9.45949,-0.007457,-0.008522,-0.010653,15.649,1.823,-0.192,-0.0022,-0.0063,-0.0262,0.2883,-0.4711,-0.3296,-0.0058130,-0.0086333,-0.0106420,0.001046,0.005950,0.020730,0.00000,0.00000,0.000,0.000,0.000,0.000,0.000,-6.0000,0.0000,0.0000,6.0000,95.00,95.00,90.00,90.00,65535,65535,65535,1500,1,15,40.4365056,-86.8936849,158.756,0.000,0.000,0.040,3,0.38,0.55,0.11,1
22437,63716,19488,16517,0,0,-0.30526,2.61327,9.46308,-0.005326,-0.007457,-0.010653,15.639,1.825,-0.192,-0.0019,-0.0083,-0.0266,0.2881,-0.4716,-0.3313,-0.0058002,-0.0086305,-0.0106418,0.001037,0.005985,0.020720,0.00000,0.00000,0.000,0.000,0.000,0.000,0.000,-6.0000,0.0000,0.0000,6.0000,95.00,95.00,90.00,90.00,65535,65535,65535,1500,1,15,40.4365056,-86.8936849,158.756,0.000,0.000,0.040,3,0.38,0.55,0.11,1
22472,19746,34725,26766,0,0,-0.30765,2.64559,9.45949,-0.003196,-0.008522,-0.011718,15.641,1.824,-0.194,-0.0019,-0.0083,-0.0266,0.2881,-0.4718,-0.3318,-0.0057993,-0.0086287,-0.0106413,0.001041,0.005989,0.020719,0.00000,0.00000,0.000,0.000,0.000,0.000,0.000,-6.0000,0.0000,0.0000,6.0000,95.00,95.00,90.00,90.00,65535,65535,65535,1500,1,15,40.4365056,-86.8936849,158.756,0.000,0.000,0.040,3,0.38,0.55,0.11,1
22502,34921,29797,21777,0,0,-0.35195,2.63362,9.45949,-0.006392,-0.008522,-0.010653,15.636,1.835,-0.187,-0.0029,-0.0087,-0.0267,0.2880,-0.4721,-0.3327,-0.0057945,-0.0086421,-0.0106454,0.001004,0.005993,0.020716,0.00000,0.00000,0.000,0.000,0.000,0.000,0.000,-6.0000,0.0000,0.0000,6.0000,95.00,95.00,90.00,90.00,65535,65535,65535,1500,1,15,40.4365056,-86.8936849,158.756,0.000,0.000,0.040,3,0.38,0.55,0.11,1
22532,30475,29646,21592,0,0,-0.33639,2.65278,9.45710,-0.005326,-0.009587,-0.010653,15.635,1.846,-0.205,0.0005,0.0015,-0.0270,0.2917,-0.4752,-0.3362,-0.0057933,-0.0086503,-0.0106255,0.001179,0.005612,0.020843,0.00000,0.00000,0.000,0.000,0.000,0.000,0.000,-6.0000,0.0000,0.0000,6.0000,95.00,95.00,90.00,90.00,65535,65535,65535,1500,1,15,40.4365057,-86.8936849,158.758,0.003,0.011,0.027,3,0.38,0.55,0.11,1
22562,35190,24488,21504,0,0,-0.25857,2.67911,9.45829,-0.007457,-0.009587,-0.010653,15.641,1.829,-0.218,0.0021,0.0024,-0.0268,0.2918,-0.4751,-0.3371,-0.0058039,-0.0086306,-0.0106184,0.001237,0.005593,0.020850,0.00000,0.00000,0.000,0.000,0.000,0.000,0.000,-6.0000,0.0000,0.0000,6.0000,95.00,95.00,90.00,90.00,65535,65535,65535,1500,1,15,40.4365057,-86.8936849,158.758,0.000,0.010,0.030,3,0.38,0.55,0.11,1
22592,24700,29792,21751,0,0,-0.29329,2.63841,9.47625,-0.006392,-0.008522,-0.011718,15.636,1.824,-0.223,0.0024,0.0022,-0.0265,0.2919,-0.4750,-0.3378,-0.0057992,-0.0086237,-0.0106164,0.001249,0.005611,0.020845,0.00000,0.00000,0.000,0.000,0.000,0.000,0.000,-6.0000,0.0000,0.0000,6.0000,95.00,95.00,90.00,90.00,65535,65535,65535,1500,1,15,40.4365057,-86.8936849,158.758,0.000,0.010,0.030,3,0.38,0.55,0.11,1
22633,49603,20658,15145,0,0,-0.33758,2.65756,9.46189,-0.002131,-0.010653,-0.010653,15.649,1.825,-0.220,0.0013,0.0025,-0.0262,0.2920,-0.4749,-0.3391,-0.0058017,-0.0086324,-0.0106190,0.001227,0.005599,0.020848,0.00000,0.00000,0.000,0.000,0.000,0.000,0.000,-6.0000,0.0000,0.0000,6.0000,95.00,95.00,90.00,90.00,65535,65535,65535,1500,1,15,40.4365057,-86.8936849,158.758,0.000,0.010,0.030,3,0.38,0.55,0.11,1
22671,20937,37985,30044,0,0,-0.33399,2.65876,9.44991,-0.006392,-0.009587,-0.009587,15.651,1.830,-0.215,0.0010,0.0026,-0.0263,0.2920,-0.4749,-0.3396,-0.0058055,-0.0086396,-0.0106210,0.001212,0.005585,0.020851,0.00000,0.00000,0.000,0.000,0.000,0.000,0.000,-6.0000,0.0000,0.0000,6.0000,95.00,95.00,90.00,90.00,65535,65535,65535,1500,1,15,40.4365057,-86.8936849,158.758,0.000,0.010,0.030,3,0.38,0.55,0.11,1
22703,38186,31250,23355,0,0,-0.35554,2.55820,9.47026,-0.004261,-0.009587,-0.010653,15.627,1.839,-0.207,-0.0003,0.0002,-0.0268,0.2920,-0.4748,-0.3407,-0.0057744,-0.0086540,-0.0106261,0.001162,0.005652,0.020831,0.00000,0.00000,0.000,0.000,0.000,0.000,0.000,-6.0000,0.0000,0.0000,6.0000,95.00,95.00,90.00,90.00,65535,65535,65535,1500,1,15,40.4365057,-86.8936849,158.758,0.000,0.010,0.030,3,0.38,0.55,0.11,1
22739,31960,35591,27584,0,0,-0.22505,2.65397,9.46428,0.002131,-0.009587,-0.010653,15.640,1.838,-0.299,0.0186,-0.0020,-0.0320,0.2985,-0.4803,-0.3454,-0.0057762,-0.0086275,-0.0105430,0.001696,0.005949,0.020998,0.00000,0.00000,0.000,0.000,0.000,0.000,0.000,-6.0000,0.0000,0.0000,6.0000,95.00,95.00,90.00,90.00,65535,65535,65535,1500,1,15,40.4365057,-86.8936849,158.743,0.031,-0.003,0.036,3,0.38,0.55,0.10,1
22777,36086,38037,30115,0,0,-0.27294,2.74735,9.44632,-0.002131,-0.008522,-0.010653,15.677,1.827,-0.309,0.0198,0.0008,-0.0316,0.2992,-0.4802,-0.3466,-0.0058090,-0.0086131,-0.0105366,0.001764,0.005862,0.021025,0.00000,0.00000,0.000,0.000,0.000,0.000,0.000,-6.0000,0.0000,0.0000,6.0000,95.00,95.00,90.00,90.00,65535,65535,65535,1500,1,15,40.4365057,-86.8936849,158.743,0.030,0.000,0.040,3,0.38,0.55,0.10,1
22813,38242,35909,27873,0,0,-0.39504,2.60489,9.45829,-0.009587,-0.008522,-0.012783,15.655,1.850,-0.297,0.0171,-0.0006,-0.0320,0.2999,-0.4802,-0.3478,-0.0057933,-0.0086409,-0.0105463,0.001670,0.005887,0.021015,0.00000,0.00000,0.000,0.000,0.000,0.000,0.000,-6.0000,0.0000,0.0000,6.0000,95.00,95.00,90.00,90.00,65535,65535,65535,1500,1,15,40.4365057,-86.8936849,158.743,0.030,0.000,0.040,3,0.38,0.55,0.10,1
22858,62696,18169,15190,0,0,-0.28252,2.58574,9.48224,-0.004261,-0.007457,-0.009587,15.638,1.843,-0.299,0.0188,-0.0042,-0.0317,0.3010,-0.4804,-0.3498,-0.0057686,-0.0086284,-0.0105434,0.001695,0.005957,0.020996,0.00000,0.00000,0.000,0.000,0.000,0.000,0.000,-6.0000,0.0000,0.0000,6.0000,95.00,95.00,90.00,90.00,65535,65535,65535,1500,1,15,40.4365057,-86.8936849,158.743,0.030,0.000,0.040,3,0.38,0.55,0.10,1
22882,18435,23440,15533,0,0,-0.35075,2.66714,9.46189,-0.002131,-0.008522,-0.009587,15.647,1.852,-0.291,0.0185,-0.0040,-0.0316,0.3014,-0.4805,-0.3504,-0.0057746,-0.0086402,-0.0105467,0.001661,0.005935,0.021001,0.00000,0.00000,0.000,0.000,0.000,0.000,0.000,-6.0000,0.0000,0.0000,6.0000,95.00,95.00,90.00,90.00,65535,65535,65535,1500,1,15,40.4365057,-86.8936849,158.743,0.030,0.000,0.040,3,0.38,0.55,0.10,1
22912,23649,30000,22112,0,0,-0.36272,2.68031,9.44632,-0.003196,-0.009587,-0.010653,15.661,1.864,-0.283,0.0179,-0.0037,-0.0316,0.3019,-0.4806,-0.3511,-0.0057856,-0.0086555,-0.0105509,0.001616,0.005899,0.021010,0.00000,0.00000,0.000,0.000,0.000,0.000,0.000,-6.0000,0.0000,0.0000,6.0000,95.00,95.00,90.00,90.00,65535,65535,65535,1500,1,15,40.4365057,-86.8936849,158.743,0.030,0.000,0.040,3,0.38,0.55,0.10,1
22949,30891,35432,27417,0,0,-0.26456,2.72221,9.46069,-0.006392,-0.009587,-0.011718,15.683,1.831,-0.246,0.0083,-0.0073,-0.0138,0.3029,-0.4869,-0.3504,-0.0058093,-0.0086343,-0.0105952,0.001362,0.005771,0.020282,0.00000,0.00000,0.000,0.000,0.000,0.000,0.000,-6.0000,0.0000,0.0000,6.0000,95.00,95.00,90.00,90.00,65535,65535,65535,1500,1,15,40.4365058,-86.8936850,158.750,0.000,-0.010,0.000,3,0.38,0.55,0.08,1
22978,35668,29307,21412,0,0,-0.28491,2.63242,9.47625,-0.007457,-0.008522,-0.011718,15.671,1.824,-0.254,0.0091,-0.0081,-0.0134,0.3032,-0.4872,-0.3509,-0.0058004,-0.0086244,-0.0105922,0.001390,0.005805,0.020273,0.00000,0.00000,0.000,0.000,0.000,0.000,0.000,-6.0000,0.0000,0.0000,6.0000,95.00,95.00,90.00,90.00,65535,65535,65535,1500,1,15,40.4365058,-86.8936850,158.750,0.000,-0.010,0.000,3,0.38,0.55,0.08,1
23008,29509,29375,21346,0,0,-0.33758,2.56539,9.47505,-0.005326,-0.008522,-0.011718,15.645,1.831,-0.250,0.0085,-0.0100,-0.0135,0.3035,-0.4875,-0.3513,-0.0057706,-0.0086327,-0.0105959,0.001349,0.005884,0.020250,0.00000,0.00000,0.000,0.000,0.000,0.000,0.000,-6.0000,0.0000,0.0000,6.0000,95.00,95.00,90.00,90.00,65535,65535,65535,1500,1,15,40.4365058,-86.8936850,158.750,0.000,-0.010,0.000,3,0.38,0.55,0.08,1
23031,29564,23383,20376,0,0,-0.33279,2.63482,9.46428,-0.004261,-0.008522,-0.010653,15.643,1.836,-0.246,0.0080,-0.0103,-0.0135,0.3037,-0.4878,-0.3517,-0.0057655,-0.0086389,-0.0105981,0.001327,0.005893,0.020246,0.00000,0.00000,0.000,0.000,0.000,0.000,0.000,-6.0000,0.0000,0.0000,6.0000,95.00,95.00,90.00,90.00,65535,65535,65535,1500,1,15,40.4365058,-86.8936850,158.750,0.000,-0.010,0.000,3,0.38,0.55,0.08,1
23069,43280,18168,15161,0,0,-0.31005,2.69467,9.46069,-0.005326,-0.008522,-0.010653,15.657,1.835,-0.248,0.0081,-0.0089,-0.0129,0.3040,-0.4882,-0.3522,-0.0057802,-0.0086371,-0.0105971,0.001339,0.005857,0.020257,0.00000,0.00000,0.000,0.000,0.000,0.000,0.000,-6.0000,0.0000,0.0000,6.0000,95.00,95.00,90.00,90.00,65535,65535,65535,1500,1,15,40.4365058,-86.8936850,158.750,0.000,-0.010,0.000,3,0.38,0.55,0.08,1
23108,18446,37986,30098,0,0,-0.30406,2.67193,9.45829,-0.006392,-0.009587,-0.011718,15.663,1.832,-0.251,0.0082,-0.0087,-0.0128,0.3042,-0.4884,-0.3525,-0.0057869,-0.0086335,-0.0105959,0.001352,0.005843,0.020261,0.00000,0.00000,0.000,0.000,0.000,0.000,0.000,-6.0000,0.0000,0.0000,6.0000,95.00,95.00,90.00,90.00,65535,65535,65535,1500,1,15,40.4365058,-86.8936850,158.750,0.000,-0.010,0.000,3,0.38,0.55,0.08,1
23146,38180,37877,29866,0,0,-0.27653,2.63602,9.46308,-0.009587,-0.008522,-0.011718,15.649,1.822,-0.260,0.0091,-0.0091,-0.0128,0.3045,-0.4887,-0.3530,-0.0057818,-0.0086210,-0.0105927,0.001378,0.005861,0.020257,0.00000,0.00000,0.000,0.000,0.000,0.000,0.000,-6.0000,0.0000,0.0000,6.0000,95.00,95.00,90.00,90.00,65535,65535,65535,1500,1,15,40.4365058,-86.8936850,158.750,0.000,-0.010,0.000,3,0.38,0.55,0.08,1
23182,38740,35729,27699,0,0,-0.31723,2.59651,9.47146,0.000000,-0.009587,-0.011718,15.641,1.809,-0.222,-0.0020,0.0066,-0.0056,0.3051,-0.4897,-0.3541,-0.0057580,-0.0086200,-0.0106333,0.001221,0.005067,0.020159,0.00000,0.00000,0.000,0.000,0.000,0.000,0.000,-6.0000,0.0000,0.0000,6.0000,95.00,95.00,90.00,90.00,65535,65535,65535,1500,1,15,40.4365058,-86.8936850,158.745,-0.010,0.020,0.000,3,0.38,0.55,0.09,1
23211,35950,28617,25607,0,0,-0.36033,2.62405,9.45470,-0.005326,-0.008522,-0.009587,15.636,1.821,-0.209,-0.0035,0.0060,-0.0059,0.3050,-0.4895,-0.3543,-0.0057505,-0.0086369,-0.0106393,0.001165,0.005077,0.020155,0.00000,0.00000,0.000,0.000,0.000,0.000,0.000,-6.0000,0.0000,0.0000,6.0000,95.00,95.00,90.00,90.00,65535,65535,65535,1500,1,15,40.4365058,-86.8936850,158.745,-0.010,0.020,0.000,3,0.38,0.55,0.09,1
23241,28823,29305,26285,0,0,-0.34117,2.64918,9.45949,-0.004261,-0.010653,-0.010653,15.639,1.826,-0.204,-0.0042,0.0060,-0.0059,0.3048,-0.4893,-0.3545,-0.0057509,-0.0086466,-0.0106424,0.001134,0.005069,0.020156,0.00000,0.00000,0.000,0.000,0.000,0.000,0.000,-6.0000,0.0000,0.0000,6.0000,95.00,95.00,90.00,90.00,65535,65535,65535,1500,1,15,40.4365058,-86.8936850,158.745,-0.010,0.020,0.000,3,0.38,0.55,0.09,1
23279,49256,18166,15170,0,0,-0.22027,2.70425,9.45590,-0.005326,-0.009587,-0.010653,15.657,1.798,-0.223,-0.0006,0.0082,-0.0054,0.3047,-0.4890,-0.3548,-0.0057695,-0.0086151,-0.0106324,0.001229,0.005041,0.020167,0.00000,0.00000,0.000,0.000,0.000,0.000,0.000,-6.0000,0.0000,0.0000,6.0000,95.00,95.00,90.00,90.00,65535,65535,65535,1500,1,15,40.4365058,-86.8936850,158.745,-0.010,0.020,0.000,3,0.38,0.55,0.09,1
23309,18446,29973,22036,0,0,-0.26097,2.67911,9.46548,-0.006392,-0.008522,-0.011718,15.663,1.786,-0.234,-0.0002,0.0084,-0.0051,0.3047,-0.4888,-0.3549,-0.0057779,-0.0085993,-0.0106276,0.001275,0.005029,0.020172,0.00000,0.00000,0.000,0.000,0.000,0.000,0.000,-6.0000,0.0000,0.0000,6.0000,95.00,95.00,90.00,90.00,65535,65535,65535,1500,1,15,40.4365058,-86.8936850,158.745,-0.010,0.020,0.000,3,0.38,0.55,0.09,1
23339,30882,29410,21355,0,0,-0.36631,2.55820,9.47026,-0.008522,-0.008522,-0.011718,15.636,1.793,-0.194,-0.0059,-0.0135,-0.0027,0.3065,-0.4982,-0.3569,-0.0057525,-0.0086182,-0.0106630,0.000946,0.005812,0.019822,0.00000,0.00000,0.000,0.000,0.000,0.000,0.000,-6.0000,0.0000,0.0000,6.0000,95.00,95.00,90.00,90.00,65535,65535,65535,1500,1,15,40.4365058,-86.8936851,158.739,-0.010,-0.030,0.000,3,0.38,0.55,0.09,1
23378,29642,38037,30081,0,0,-0.31125,2.59651,9.47864,-0.004261,-0.008522,-0.010653,15.622,1.794,-0.193,-0.0060,-0.0148,-0.0026,0.3063,-0.4987,-0.3570,-0.0057347,-0.0086193,-0.0106640,0.000938,0.005866,0.019807,0.00000,0.00000,0.000,0.000,0.000,0.000,0.000,-6.0000,0.0000,0.0000,6.0000,95.00,95.00,90.00,90.00,65535,65535,65535,1500,1,15,40.4365058,-86.8936851,158.739,-0.010,-0.030,0.000,3,0.38,0.55,0.09,1
23414,38231,36116,28130,0,0,-0.28012,2.68270,9.46667,-0.006392,-0.007457,-0.010653,15.631,1.789,-0.198,-0.0052,-0.0138,-0.0019,0.3061,-0.4992,-0.3571,-0.0057460,-0.0086099,-0.0106606,0.000967,0.005839,0.019815,0.00000,0.00000,0.000,0.000,0.000,0.000,0.000,-6.0000,0.0000,0.0000,6.0000,95.00,95.00,90.00,90.00,65535,65535,65535,1500,1,15,40.4365058,-86.8936851,158.739,-0.010,-0.030,0.000,3,0.38,0.55,0.09,1
23449,36318,34535,31515,0,0,-0.35913,2.65038,9.45949,-0.005326,-0.009587,-0.010653,15.633,1.801,-0.189,-0.0067,-0.0137,-0.0018,0.3059,-0.4997,-0.3571,-0.0057472,-0.0086273,-0.0106658,0.000923,0.005826,0.019817,0.00000,0.00000,0.000,0.000,0.000,0.000,0.000,-6.0000,0.0000,0.0000,6.0000,95.00,95.00,90.00,90.00,65535,65535,65535,1500,1,15,40.4365058,-86.8936851,158.739,-0.010,-0.030,0.000,3,0.38,0.55,0.09,1
23506,72934,18754,15745,0,0,-0.29090,2.64200,9.47146,-0.007457,-0.007457,-0.010653,15.624,1.801,-0.191,-0.0057,-0.0141,-0.0011,0.3054,-0.5007,-0.3572,-0.0057447,-0.0086206,-0.0106641,0.000935,0.005835,0.019815,0.00000,0.00000,0.000,0.000,0.000,0.000,0.000,-6.0000,0.0000,0.0000,6.0000,95.00,95.00,90.00,90.00,65535,65535,65535,1500,1,15,40.4365058,-86.8936851,158.739,-0.010,-0.030,0.000,3,0.38,0.55,0.09,1
23536,24791,24464,21445,0,0,-0.38547,2.59651,9.46787,-0.006392,-0.008522,-0.010653,15.605,1.845,-0.244,0.0088,-0.0126,-0.0062,0.3119,-0.5056,-0.3610,-0.0057270,-0.0086507,-0.0106056,0.001292,0.005946,0.020010,0.00000,0.00000,0.000,0.000,0.000,0.000,0.000,-6.0000,0.0000,0.0000,6.0000,95.00,95.00,90.00,90.00,65535,65535,65535,1500,1,15,40.4365059,-86.8936852,158.735,0.020,-0.010,0.010,3,0.38,0.55,0.09,1
23566,24695,29751,21771,0,0,-0.33758,2.64799,9.46189,-0.004261,-0.009587,-0.011718,15.608,1.850,-0.242,0.0083,-0.0125,-0.0061,0.3120,-0.5059,-0.3611,-0.0057286,-0.0086579,-0.0106079,0.001275,0.005937,0.020012,0.00000,0.00000,0.000,0.000,0.000,0.000,0.000,-6.0000,0.0000,0.0000,6.0000,95.00,95.00,90.00,90.00,65535,65535,65535,1500,1,15,40.4365059,-86.8936852,158.735,0.020,-0.010,0.010,3,0.38,0.55,0.09,1
23596,29957,29355,21481,0,0,-0.27773,2.63482,9.47386,-0.011718,-0.008522,-0.009587,15.595,1.838,-0.247,0.0092,-0.0127,-0.0058,0.3123,-0.5063,-0.3613,-0.0057254,-0.0086446,-0.0106040,0.001298,0.005954,0.020008,0.00000,0.00000,0.000,0.000,0.000,0.000,0.000,-6.0000,0.0000,0.0000,6.0000,95.00,95.00,90.00,90.00,65535,65535,65535,1500,1,15,40.4365059,-86.8936852,158.735,0.020,-0.010,0.010,3,0.38,0.55,0.09,1
23626,29556,29410,26354,0,0,-0.29449,2.63123,9.47984,0.000000,-0.009587,-0.009587,15.600,1.831,-0.250,0.0096,-0.0131,-0.0054,0.3126,-0.5066,-0.3615,-0.0057202,-0.0086376,-0.0106022,0.001311,0.005972,0.020004,0.00000,0.00000,0.000,0.000,0.000,0.000,0.000,-6.0000,0.0000,0.0000,6.0000,95.00,95.00,90.00,90.00,65535,65535,65535,1500,1,15,40.4365059,-86.8936852,158.735,0.020,-0.010,0.010,3,0.38,0.55,0.09,1
23655,29605,28935,25919,0,0,-0.28371,2.71862,9.45231,-0.005326,-0.008522,-0.010653,15.624,1.823,-0.256,0.0102,-0.0116,-0.0050,0.3129,-0.5070,-0.3616,-0.0057454,-0.0086275,-0.0105986,0.001341,0.005911,0.020022,0.00000,0.00000,0.000,0.000,0.000,0.000,0.000,-6.0000,0.0000,0.0000,6.0000,95.00,95.00,90.00,90.00,65535,65535,65535,1500,1,15,40.4365059,-86.8936852,158.735,0.020,-0.010,0.010,3,0.38,0.55,0.09,1
23688,42912,18931,15105,0,0,-0.29449,2.64320,9.46667,-0.008522,-0.007457,-0.011718,15.616,1.821,-0.261,0.0107,-0.0117,-0.0048,0.3133,-0.5075,-0.3618,-0.0057444,-0.0086212,-0.0105970,0.001351,0.005917,0.020020,0.00000,0.00000,0.000,0.000,0.000,0.000,0.000,-6.0000,0.0000,0.0000,6.0000,95.00,95.00,90.00,90.00,65535,65535,65535,1500,1,15,40.4365059,-86.8936852,158.735,0.020,-0.010,0.010,3,0.38,0.55,0.09,1
23718,19194,30261,22251,0,0,-0.28970,2.63242,9.46907,-0.003196,-0.009587,-0.010653,15.614,1.814,-0.265,0.0108,-0.0118,-0.0047,0.3135,-0.5077,-0.3619,-0.0057398,-0.0086138,-0.0105952,0.001362,0.005931,0.020017,0.00000,0.00000,0.000,0.000,0.000,0.000,0.000,-6.0000,0.0000,0.0000,6.0000,95.00,95.00,90.00,90.00,65535,65535,65535,1500,1,15,40.4365059,-86.8936852,158.735,0.020,-0.010,0.010,3,0.38,0.55,0.09,1
23755,31151,35583,27516,0,0,-0.31723,2.59771,9.47146,-0.005326,-0.008522,-0.010653,15.596,1.802,-0.225,-0.0008,0.0108,-0.0078,0.3141,-0.5074,-0.3654,-0.0057178,-0.0086129,-0.0106345,0.001210,0.005015,0.020400,0.00000,0.00000,0.000,0.000,0.000,0.000,0.000,-6.0000,0.0000,0.0000,6.0000,95.00,95.00,90.00,90.00,65535,65535,65535,1500,1,14,40.4365059,-86.8936852,158.729,-0.010,0.030,0.010,3,0.38,0.55,0.10,1
23793,35809,38125,30109,0,0,-0.38188,2.64320,9.46787,-0.004261,-0.008522,-0.010653,15.599,1.821,-0.211,-0.0031,0.0108,-0.0075,0.3140,-0.5070,-0.3656,-0.0057178,-0.0086365,-0.0106418,0.001158,0.005001,0.020402,0.00000,0.00000,0.000,0.000,0.000,0.000,0.000,-6.0000,0.0000,0.0000,6.0000,95.00,95.00,90.00,90.00,65535,65535,65535,1500,1,14,40.4365059,-86.8936852,158.729,-0.010,0.030,0.010,3,0.38,0.55,0.10,1
23826,38332,33048,25068,0,0,-0.29449,2.68749,9.46189,-0.006392,-0.009587,-0.010653,15.611,1.815,-0.215,-0.0026,0.0121,-0.0070,0.3139,-0.5066,-0.3659,-0.0057323,-0.0086306,-0.0106397,0.001175,0.004963,0.020413,0.00000,0.00000,0.000,0.000,0.000,0.000,0.000,-6.0000,0.0000,0.0000,6.0000,95.00,95.00,90.00,90.00,65535,65535,65535,1500,1,14,40.4365059,-86.8936852,158.729,-0.010,0.030,0.010,3,0.38,0.55,0.10,1
23856,33217,29663,26694,0,0,-0.26097,2.64320,9.47625,-0.007457,-0.008522,-0.010653,15.606,1.801,-0.224,-0.0014,0.0121,-0.0065,0.3139,-0.5062,-0.3662,-0.0057311,-0.0086140,-0.0106351,0.001204,0.004975,0.020411,0.00000,0.00000,0.000,0.000,0.000,0.000,0.000,-6.0000,0.0000,0.0000,6.0000,95.00,95.00,90.00,90.00,65535,65535,65535,1500,1,14,40.4365059,-86.8936852,158.729,-0.010,0.030,0.010,3,0.38,0.55,0.10,1
23900,54841,18553,15540,0,0,-0.30047,2.66116,9.46308,-0.004261,-0.007457,-0.011718,15.616,1.803,-0.228,-0.0011,0.0128,-0.0062,0.3138,-0.5055,-0.3665,-0.0057367,-0.0086108,-0.0106342,0.001212,0.004964,0.020414,0.00000,0.00000,0.000,0.000,0.000,0.000,0.000,-6.0000,0.0000,0.0000,6.0000,95.00,95.00,90.00,90.00,65535,65535,65535,1500,1,14,40.4365059,-86.8936852,158.729,-0.010,0.030,0.010,3,0.38,0.55,0.10,1
23936,24330,30799,27762,0,0,-0.35075,2.63841,9.47026,-0.007457,-0.007457,-0.010653,15.612,1.823,-0.242,0.0040,0.0075,-0.0078,0.3179,-0.5112,-0.3696,-0.0057353,-0.0086257,-0.0106172,0.001293,0.005225,0.020421,0.00000,0.00000,0.000,0.000,0.000,0.000,0.000,-6.0000,0.0000,0.0000,6.0000,95.00,95.00,90.00,90.00,65535,65535,65535,1500,1,15,40.4365059,-86.8936852,158.726,0.008,0.004,0.009,3,0.38,0.55,0.09,1
23966,36347,24439,21452,0,0,-0.33878,2.65158,9.46667,-0.004261,-0.009587,-0.010653,15.617,1.828,-0.238,0.0032,0.0076,-0.0074,0.3180,-0.5109,-0.3699,-0.0057371,-0.0086344,-0.0106198,0.001275,0.005214,0.020423,0.00000,0.00000,0.000,0.000,0.000,0.000,0.000,-6.0000,0.0000,0.0000,6.0000,95.00,95.00,90.00,90.00,65535,65535,65535,1500,1,15,40.4365059,-86.8936852,158.726,0.010,0.000,0.010,3,0.38,0.55,0.09,1
23996,24655,29284,21400,0,0,-0.30765,2.65637,9.46428,-0.007457,-0.009587,-0.010653,15.618,1.825,-0.239,0.0032,0.0078,-0.0073,0.3181,-0.5107,-0.3701,-0.0057407,-0.0086325,-0.0106191,0.001280,0.005205,0.020426,0.00000,0.00000,0.000,0.000,0.000,0.000,0.000,-6.0000,0.0000,0.0000,6.0000,95.00,95.00,90.00,90.00,65535,65535,65535,1500,1,15,40.4365059,-86.8936852,158.726,0.010,0.000,0.010,3,0.38,0.55,0.09,1
24019,29487,23470,15417,0,0,-0.29688,2.60010,9.47984,-0.005326,-0.009587,-0.010653,15.604,1.819,-0.242,0.0035,0.0069,-0.0071,0.3182,-0.5105,-0.3703,-0.0057250,-0.0086272,-0.0106181,0.001285,0.005251,0.020414,0.00000,0.00000,0.000,0.000,0.000,0.000,0.000,-6.0000,0.0000,0.0000,6.0000,95.00,95.00,90.00,90.00,65535,65535,65535,1500,1,15,40.4365059,-86.8936852,158.726,0.010,0.000,0.010,3,0.38,0.55,0.09,1
24058,23670,37990,30059,0,0,-0.26695,2.64080,9.46667,-0.004261,-0.009587,-0.010653,15.604,1.806,-0.251,0.0042,0.0068,-0.0070,0.3183,-0.5104,-0.3704,-0.0057240,-0.0086128,-0.0106142,0.001313,0.005261,0.020411,0.00000,0.00000,0.000,0.000,0.000,0.000,0.000,-6.0000,0.0000,0.0000,6.0000,95.00,95.00,90.00,90.00,65535,65535,65535,1500,1,15,40.4365059,-86.8936852,158.726,0.010,0.000,0.010,3,0.38,0.55,0.09,1
24104,60389,24254,21258,0,0,-0.35075,2.63961,9.46428,-0.006392,-0.009587,-0.010653,15.601,1.815,-0.244,0.0020,0.0067,-0.0067,0.3185,-0.5100,-0.3709,-0.0057230,-0.0086266,-0.0106176,0.001290,0.005257,0.020412,0.00000,0.00000,0.000,0.000,0.000,0.000,0.000,-6.0000,0.0000,0.0000,6.0000,95.00,95.00,90.00,90.00,65535,65535,65535,1500,1,15,40.4365059,-86.8936852,158.726,0.010,0.000,0.010,3,0.38,0.55,0.09,1
24143,24535,38366,30338,0,0,-0.28491,2.64320,9.46907,-0.006392,-0.008522,-0.010653,15.600,1.807,-0.249,0.0023,0.0067,-0.0065,0.3185,-0.5098,-0.3710,-0.0057228,-0.0086179,-0.0106155,0.001303,0.005262,0.020411,0.00000,0.00000,0.000,0.000,0.000,0.000,0.000,-6.0000,0.0000,0.0000,6.0000,95.00,95.00,90.00,90.00,65535,65535,65535,1500,1,15,40.4365059,-86.8936852,158.726,0.010,0.000,0.010,3,0.38,0.55,0.09,1
24187,39254,42880,34935,0,0,-0.26935,2.66235,9.47026,-0.006392,-0.008522,-0.010653,15.605,1.777,-0.197,-0.0102,0.0082,-0.0085,0.3182,-0.5140,-0.3745,-0.0057282,-0.0086010,-0.0106677,0.000965,0.005142,0.020537,0.00000,0.00000,0.000,0.000,0.000,0.000,0.000,-6.0000,0.0000,0.0000,6.0000,95.00,95.00,90.00,90.00,65535,65535,65535,1500,1,14,40.4365059,-86.8936852,158.718,-0.020,0.010,0.010,3,0.38,0.55,0.09,1
24216,43107,28721,20685,0,0,-0.33639,2.65278,9.46667,-0.005326,-0.009587,-0.010653,15.609,1.783,-0.192,-0.0115,0.0086,-0.0081,0.3177,-0.5136,-0.3748,-0.0057309,-0.0086116,-0.0106708,0.000945,0.005128,0.020540,0.00000,0.00000,0.000,0.000,0.000,0.000,0.000,-6.0000,0.0000,0.0000,6.0000,95.00,95.00,90.00,90.00,65535,65535,65535,1500,1,14,40.4365059,-86.8936852,158.718,-0.020,0.010,0.010,3,0.38,0.55,0.09,1
24245,28931,29496,21484,0,0,-0.31843,2.65278,9.46787,-0.006392,-0.008522,-0.010653,15.610,1.787,-0.190,-0.0118,0.0087,-0.0078,0.3173,-0.5134,-0.3751,-0.0057334,-0.0086157,-0.0106718,0.000938,0.005119,0.020543,0.00000,0.00000,0.000,0.000,0.000,0.000,0.000,-6.0000,0.0000,0.0000,6.0000,95.00,95.00,90.00,90.00,65535,65535,65535,1500,1,14,40.4365059,-86.8936852,158.718,-0.020,0.010,0.010,3,0.38,0.55,0.09,1
24275,29708,29446,26446,0,0,-0.30885,2.61567,9.47266,-0.007457,-0.008522,-0.010653,15.598,1.787,-0.189,-0.0119,0.0082,-0.0077,0.3170,-0.5131,-0.3753,-0.0057238,-0.0086164,-0.0106723,0.000936,0.005144,0.020535,0.00000,0.00000,0.000,0.000,0.000,0.000,0.000,-6.0000,0.0000,0.0000,6.0000,95.00,95.00,90.00,90.00,65535,65535,65535,1500,1,14,40.4365059,-86.8936852,158.718,-0.020,0.010,0.010,3,0.38,0.55,0.09,1
24314,50075,18420,15395,0,0,-0.31603,2.63003,9.46907,-0.004261,-0.008522,-0.009587,15.598,1.790,-0.184,-0.0123,0.0077,-0.0074,0.3164,-0.5127,-0.3757,-0.0057192,-0.0086196,-0.0106732,0.000930,0.005154,0.020532,0.00000,0.00000,0.000,0.000,0.000,0.000,0.000,-6.0000,0.0000,0.0000,6.0000,95.00,95.00,90.00,90.00,65535,65535,65535,1500,1,14,40.4365059,-86.8936852,158.718,-0.020,0.010,0.010,3,0.38,0.55,0.09,1
24344,24241,24526,21520,0,0,-0.29568,2.69946,9.46667,-0.004261,-0.008522,-0.010653,15.622,1.808,-0.250,0.0060,-0.0185,0.0075,0.3233,-0.5239,-0.3749,-0.0057442,-0.0086200,-0.0106116,0.001211,0.006092,0.019678,0.00000,0.00000,0.000,0.000,0.000,0.000,0.000,-6.0000,0.0000,0.0000,6.0000,95.00,95.00,90.00,90.00,65535,65535,65535,1500,1,14,40.4365060,-86.8936854,158.719,0.020,-0.040,-0.020,3,0.38,0.55,0.09,1
24374,24756,29504,21578,0,0,-0.29329,2.68510,9.45470,-0.006392,-0.008522,-0.010653,15.633,1.804,-0.254,0.0063,-0.0178,0.0077,0.3235,-0.5243,-0.3747,-0.0057572,-0.0086144,-0.0106095,0.001226,0.006056,0.019689,0.00000,0.00000,0.000,0.000,0.000,0.000,0.000,-6.0000,0.0000,0.0000,6.0000,95.00,95.00,90.00,90.00,65535,65535,65535,1500,1,14,40.4365060,-86.8936854,158.719,0.020,-0.040,-0.020,3,0.38,0.55,0.09,1
24404,29711,29571,21515,0,0,-0.31125,2.64679,9.46189,-0.006392,-0.008522,-0.011718,15.632,1.805,-0.255,0.0062,-0.0179,0.0077,0.3237,-0.5248,-0.3745,-0.0057570,-0.0086150,-0.0106096,0.001225,0.006057,0.019689,0.00000,0.00000,0.000,0.000,0.000,0.000,0.000,-6.0000,0.0000,0.0000,6.0000,95.00,95.00,90.00,90.00,65535,65535,65535,1500,1,14,40.4365060,-86.8936854,158.719,0.020,-0.040,-0.020,3,0.38,0.55,0.09,1
24434,29772,29438,26380,0,0,-0.30885,2.62405,9.47745,-0.007457,-0.008522,-0.011718,15.621,1.805,-0.257,0.0062,-0.0184,0.0081,0.3239,-0.5254,-0.3743,-0.0057486,-0.0086146,-0.0106098,0.001223,0.006080,0.019682,0.00000,0.00000,0.000,0.000,0.000,0.000,0.000,-6.0000,0.0000,0.0000,6.0000,95.00,95.00,90.00,90.00,65535,65535,65535,1500,1,14,40.4365060,-86.8936854,158.719,0.020,-0.040,-0.020,3,0.38,0.55,0.09,1
24467,29632,33050,30045,0,0,-0.30646,2.61926,9.47864,-0.006392,-0.008522,-0.010653,15.611,1.805,-0.257,0.0062,-0.0190,0.0084,0.3240,-0.5259,-0.3740,-0.0057391,-0.0086135,-0.0106097,0.001223,0.006105,0.019675,0.00000,0.00000,0.000,0.000,0.000,0.000,0.000,-6.0000,0.0000,0.0000,6.0000,95.00,95.00,90.00,90.00,65535,65535,65535,1500,1,14,40.4365060,-86.8936854,158.719,0.020,-0.040,-0.020,3,0.38,0.55,0.09,1
24503,33244,35772,27813,0,0,-0.32441,2.65038,9.46428,-0.004261,-0.008522,-0.010653,15.615,1.809,-0.255,0.0058,-0.0189,0.0086,0.3242,-0.5266,-0.3738,-0.0057408,-0.0086182,-0.0106109,0.001216,0.006099,0.019677,0.00000,0.00000,0.000,0.000,0.000,0.000,0.000,-6.0000,0.0000,0.0000,6.0000,95.00,95.00,90.00,90.00,65535,65535,65535,1500,1,14,40.4365060,-86.8936854,158.719,0.020,-0.040,-0.020,3,0.38,0.55,0.09,1
24555,58850,29018,21151,0,0,-0.29209,2.66116,9.46428,-0.006392,-0.008522,-0.011718,15.615,1.786,-0.205,-0.0083,-0.0030,0.0262,0.3241,-0.5288,-0.3716,-0.0057417,-0.0086083,-0.0106624,0.000969,0.005233,0.019209,0.00000,0.00000,0.000,0.000,0.000,0.000,0.000,-6.0000,0.0000,0.0000,6.0000,95.00,95.00,90.00,90.00,65535,65535,65535,1500,1,14,40.4365060,-86.8936854,158.727,-0.020,0.010,-0.040,3,0.38,0.55,0.10,1
24585,29279,29737,21866,0,0,-0.29449,2.64200,9.46308,-0.006392,-0.008522,-0.010653,15.613,1.782,-0.208,-0.0081,-0.0030,0.0262,0.3239,-0.5289,-0.3709,-0.0057408,-0.0086044,-0.0106613,0.000975,0.005237,0.019208,0.00000,0.00000,0.000,0.000,0.000,0.000,0.000,-6.0000,0.0000,0.0000,6.0000,95.00,95.00,90.00,90.00,65535,65535,65535,1500,1,14,40.4365060,-86.8936854,158.727,-0.020,0.010,-0.040,3,0.38,0.55,0.10,1
24614,29940,29405,21402,0,0,-0.30047,2.62883,9.47146,-0.005326,-0.008522,-0.010653,15.609,1.781,-0.208,-0.0080,-0.0034,0.0265,0.3237,-0.5290,-0.3701,-0.0057351,-0.0086026,-0.0106609,0.000976,0.005254,0.019203,0.00000,0.00000,0.000,0.000,0.000,0.000,0.000,-6.0000,0.0000,0.0000,6.0000,95.00,95.00,90.00,90.00,65535,65535,65535,1500,1,14,40.4365060,-86.8936854,158.727,-0.020,0.010,-0.040,3,0.38,0.55,0.10,1
24644,29607,28935,20884,0,0,-0.31364,2.63961,9.46548,-0.005326,-0.008522,-0.010653,15.608,1.783,-0.207,-0.0082,-0.0035,0.0266,0.3234,-0.5291,-0.3693,-0.0057336,-0.0086052,-0.0106617,0.000971,0.005257,0.019202,0.00000,0.00000,0.000,0.000,0.000,0.000,0.000,-6.0000,0.0000,0.0000,6.0000,95.00,95.00,90.00,90.00,65535,65535,65535,1500,1,14,40.4365060,-86.8936854,158.727,-0.020,0.010,-0.040,3,0.38,0.55,0.10,1
24667,29135,23354,20346,0,0,-0.31843,2.64679,9.46667,-0.006392,-0.008522,-0.010653,15.608,1.787,-0.205,-0.0085,-0.0035,0.0269,0.3232,-0.5292,-0.3685,-0.0057343,-0.0086092,-0.0106627,0.000966,0.005253,0.019203,0.00000,0.00000,0.000,0.000,0.000,0.000,0.000,-6.0000,0.0000,0.0000,6.0000,95.00,95.00,90.00,90.00,65535,65535,65535,1500,1,14,40.4365060,-86.8936854,158.727,-0.020,0.010,-0.040,3,0.38,0.55,0.10,1
24697,23546,29577,21718,0,0,-0.29568,2.66235,9.46548,-0.006392,-0.008522,-0.010653,15.612,1.784,-0.207,-0.0084,-0.0032,0.0271,0.3230,-0.5293,-0.3679,-0.0057399,-0.0086057,-0.0106617,0.000972,0.005241,0.019207,0.00000,0.00000,0.000,0.000,0.000,0.000,0.000,-6.0000,0.0000,0.0000,6.0000,95.00,95.00,90.00,90.00,65535,65535,65535,1500,1,14,40.4365060,-86.8936854,158.727,-0.020,0.010,-0.040,3,0.38,0.55,0.10,1
24735,30095,38024,30082,0,0,-0.29808,2.67432,9.46907,-0.005326,-0.009587,-0.010653,15.621,1.780,-0.209,-0.0083,-0.0027,0.0276,0.3227,-0.5294,-0.3670,-0.0057485,-0.0086031,-0.0106608,0.000978,0.005222,0.019212,0.00000,0.00000,0.000,0.000,0.000,0.000,0.000,-6.0000,0.0000,0.0000,6.0000,95.00,95.00,90.00,90.00,65535,65535,65535,1500,1,14,40.4365060,-86.8936854,158.727,-0.020,0.010,-0.040,3,0.38,0.55,0.10,1
24788,66523,24134,21147,0,0,-0.32681,2.61567,9.48224,-0.007457,-0.009587,-0.011718,15.602,1.776,-0.188,-0.0154,0.0034,0.0002,0.3234,-0.5324,-0.3752,-0.0057352,-0.0086088,-0.0106829,0.000838,0.005210,0.020372,0.00000,0.00000,0.000,0.000,0.000,0.000,0.000,-6.0000,0.0000,0.0000,6.0000,95.00,95.00,90.00,90.00,65535,65535,65535,1500,1,15,40.4365059,-86.8936854,158.702,-0.020,0.010,0.020,3,0.38,0.55,0.10,1
24826,24400,37952,30073,0,0,-0.30765,2.62285,9.47505,-0.005326,-0.008522,-0.010653,15.596,1.777,-0.187,-0.0155,0.0030,0.0004,0.3230,-0.5323,-0.3752,-0.0057279,-0.0086097,-0.0106834,0.000835,0.005231,0.020366,0.00000,0.00000,0.000,0.000,0.000,0.000,0.000,-6.0000,0.0000,0.0000,6.0000,95.00,95.00,90.00,90.00,65535,65535,65535,1500,1,15,40.4365059,-86.8936854,158.702,-0.020,0.010,0.020,3,0.38,0.55,0.10,1
24862,38159,35753,27923,0,0,-0.29329,2.64559,9.46428,-0.005326,-0.008522,-0.010653,15.598,1.774,-0.189,-0.0152,0.0032,0.0006,0.3224,-0.5322,-0.3752,-0.0057291,-0.0086058,-0.0106823,0.000840,0.005230,0.020366,0.00000,0.00000,0.000,0.000,0.000,0.000,0.000,-6.0000,0.0000,0.0000,6.0000,95.00,95.00,90.00,90.00,65535,65535,65535,1500,1,15,40.4365059,-86.8936854,158.702,-0.020,0.010,0.020,3,0.38,0.55,0.10,1
24893,35966,30637,27623,0,0,-0.32441,2.65876,9.45949,-0.006392,-0.008522,-0.010653,15.602,1.780,-0.186,-0.0158,0.0036,0.0007,0.3219,-0.5321,-0.3752,-0.0057349,-0.0086124,-0.0106839,0.000833,0.005212,0.020371,0.00000,0.00000,0.000,0.000,0.000,0.000,0.000,-6.0000,0.0000,0.0000,6.0000,95.00,95.00,90.00,90.00,65535,65535,65535,1500,1,15,40.4365059,-86.8936854,158.702,-0.020,0.010,0.020,3,0.38,0.55,0.10,1
24923,31057,29792,26776,0,0,-0.31364,2.67432,9.45829,-0.006392,-0.008522,-0.011718,15.611,1.783,-0.186,-0.0160,0.0043,0.0009,0.3214,-0.5320,-0.3752,-0.0057453,-0.0086151,-0.0106842,0.000832,0.005184,0.020379,0.00000,0.00000,0.000,0.000,0.000,0.000,0.000,-6.0000,0.0000,0.0000,6.0000,95.00,95.00,90.00,90.00,65535,65535,65535,1500,1,15,40.4365059,-86.8936854,158.702,-0.020,0.010,0.020,3,0.38,0.55,0.10,1
24959,30528,35256,32251,0,0,-0.29808,2.63242,9.47745,-0.007457,-0.008522,-0.011718,15.599,1.831,-0.339,0.0203,0.0015,-0.0049,0.3320,-0.5370,-0.3794,-0.0057411,-0.0086207,-0.0105456,0.001723,0.005609,0.020540,0.00000,0.00000,0.000,0.000,0.000,0.000,0.000,-6.0000,0.0000,0.0000,6.0000,95.00,95.00,90.00,90.00,65535,65535,65535,1500,1,15,40.4365060,-86.8936854,158.702,0.050,0.000,0.010,3,0.38,0.55,0.09,1
24991,49077,18129,15134,0,0,-0.34117,2.60010,9.46787,0.007457,-0.012783,-0.010653,15.621,1.828,-0.337,0.0189,-0.0005,-0.0050,0.3329,-0.5370,-0.3797,-0.0057253,-0.0086304,-0.0105489,0.001697,0.005649,0.020528,0.00000,0.00000,0.000,0.000,0.000,0.000,0.000,-6.0000,0.0000,0.0000,6.0000,95.00,95.00,90.00,90.00,65535,65535,65535,1500,1,15,40.4365060,-86.8936854,158.702,0.050,0.000,0.010,3,0.38,0.55,0.09,1
25020,18399,28655,20666,0,0,-0.20111,2.77129,9.44632,-0.007457,-0.008522,-0.010653,15.657,1.798,-0.359,0.0202,0.0008,-0.0047,0.3333,-0.5369,-0.3798,-0.0057657,-0.0085939,-0.0105372,0.001792,0.005558,0.020557,0.00000,0.00000,0.000,0.000,0.000,0.000,0.000,-6.0000,0.0000,0.0000,6.0000,95.00,95.00,90.00,90.00,65535,65535,65535,1500,1,15,40.4365060,-86.8936854,158.702,0.050,0.000,0.010,3,0.38,0.55,0.09,1
25050,28868,29448,21461,0,0,-0.29928,2.67911,9.45590,-0.014914,-0.005326,-0.009587,15.651,1.800,-0.358,0.0203,0.0014,-0.0046,0.3339,-0.5369,-0.3799,-0.0057754,-0.0085907,-0.0105361,0.001798,0.005534,0.020564,0.00000,0.00000,0.000,0.000,0.000,0.000,0.000,-6.0000,0.0000,0.0000,6.0000,95.00,95.00,90.00,90.00,65535,65535,65535,1500,1,15,40.4365060,-86.8936854,158.702,0.050,0.000,0.010,3,0.38,0.55,0.09,1
25080,29655,29700,26686,0,0,-0.37828,2.60609,9.47266,-0.006392,-0.009587,-0.011718,15.637,1.818,-0.348,0.0188,0.0005,-0.0045,0.3345,-0.5369,-0.3800,-0.0057607,-0.0086129,-0.0105422,0.001758,0.005560,0.020555,0.00000,0.00000,0.000,0.000,0.000,0.000,0.000,-6.0000,0.0000,0.0000,6.0000,95.00,95.00,90.00,90.00,65535,65535,65535,1500,1,15,40.4365060,-86.8936854,158.702,0.050,0.000,0.010,3,0.38,0.55,0.09,1
25109,29898,29307,26298,0,0,-0.23224,2.69348,9.46787,-0.005326,-0.009587,-0.011718,15.650,1.795,-0.364,0.0203,0.0013,-0.0039,0.3351,-0.5368,-0.3802,-0.0057739,-0.0085876,-0.0105357,0.001802,0.005540,0.020562,0.00000,0.00000,0.000,0.000,0.000,0.000,0.000,-6.0000,0.0000,0.0000,6.0000,95.00,95.00,90.00,90.00,65535,65535,65535,1500,1,15,40.4365060,-86.8936854,158.702,0.050,0.000,0.010,3,0.38,0.55,0.09,1
25148,29504,38217,30279,0,0,-0.25498,2.63482,9.48463,-0.009587,-0.005326,-0.009587,15.637,1.785,-0.370,0.0213,0.0010,-0.0034,0.3356,-0.5368,-0.3803,-0.0057676,-0.0085705,-0.0105319,0.001825,0.005562,0.020557,0.00000,0.00000,0.000,0.000,0.000,0.000,0.000,-6.0000,0.0000,0.0000,6.0000,95.00,95.00,90.00,90.00,65535,65535,65535,1500,1,15,40.4365060,-86.8936854,158.702,0.050,0.000,0.010,3,0.38,0.55,0.09,1
25192,39109,43347,38069,0,0,-0.39265,2.59531,9.46787,-0.001065,-0.008522,-0.010653,15.633,1.801,-0.332,0.0140,-0.0064,0.0096,0.3383,-0.5425,-0.3799,-0.0057515,-0.0085970,-0.0105600,0.001620,0.005632,0.020000,0.00000,0.00000,0.000,0.000,0.000,0.000,0.000,-6.0000,0.0000,0.0000,6.0000,95.00,95.00,90.00,90.00,65535,65535,65535,1500,1,15,40.4365061,-86.8936854,158.709,0.010,-0.010,-0.020,3,0.38,0.55,0.10,1
25230,63387,18143,15151,0,0,-0.31603,2.63602,9.46907,-0.009587,-0.008522,-0.010653,15.616,1.804,-0.331,0.0135,-0.0070,0.0101,0.3391,-0.5429,-0.3793,-0.0057479,-0.0085992,-0.0105607,0.001616,0.005641,0.019997,0.00000,0.00000,0.000,0.000,0.000,0.000,0.000,-6.0000,0.0000,0.0000,6.0000,95.00,95.00,90.00,90.00,65535,65535,65535,1500,1,15,40.4365061,-86.8936854,158.709,0.010,-0.010,-0.020,3,0.38,0.55,0.10,1
25261,18429,30304,22289,0,0,-0.30047,2.57496,9.47625,-0.007457,-0.008522,-0.010653,15.592,1.801,-0.332,0.0135,-0.0076,0.0100,0.3394,-0.5431,-0.3791,-0.0057251,-0.0085964,-0.0105606,0.001613,0.005703,0.019980,0.00000,0.00000,0.000,0.000,0.000,0.000,0.000,-6.0000,0.0000,0.0000,6.0000,95.00,95.00,90.00,90.00,65535,65535,65535,1500,1,15,40.4365061,-86.8936854,158.709,0.010,-0.010,-0.020,3,0.38,0.55,0.10,1
25290,30501,29283,21307,0,0,-0.22984,2.64679,9.47386,-0.003196,-0.009587,-0.010653,15.597,1.778,-0.346,0.0151,-0.0076,0.0104,0.3398,-0.5433,-0.3788,-0.0057258,-0.0085709,-0.0105542,0.001652,0.005714,0.019978,0.00000,0.00000,0.000,0.000,0.000,0.000,0.000,-6.0000,0.0000,0.0000,6.0000,95.00,95.00,90.00,90.00,65535,65535,65535,1500,1,15,40.4365061,-86.8936854,158.709,0.010,-0.010,-0.020,3,0.38,0.55,0.10,1
25314,29620,23922,20869,0,0,-0.23822,2.71383,9.46069,-0.006392,-0.006392,-0.010653,15.617,1.763,-0.357,0.0164,-0.0063,0.0109,0.3403,-0.5435,-0.3784,-0.0057482,-0.0085492,-0.0105485,0.001690,0.005669,0.019992,0.00000,0.00000,0.000,0.000,0.000,0.000,0.000,-6.0000,0.0000,0.0000,6.0000,95.00,95.00,90.00,90.00,65535,65535,65535,1500,1,15,40.4365061,-86.8936854,158.709,0.010,-0.010,-0.020,3,0.38,0.55,0.10,1
25351,24714,35289,27290,0,0,-0.41420,2.60609,9.46428,-0.007457,-0.007457,-0.011718,15.611,1.724,-0.125,-0.0368,-0.0091,-0.0111,0.3314,-0.5486,-0.3866,-0.0057368,-0.0085727,-0.0107528,0.000329,0.005639,0.020835,0.00000,0.00000,0.000,0.000,0.000,0.000,0.000,-6.0000,0.0000,0.0000,6.0000,95.00,95.00,90.00,90.00,65535,65535,65535,1500,1,14,40.4365059,-86.8936855,158.675,-0.080,-0.010,0.030,3,0.38,0.55,0.09,1
25380,35517,29438,21410,0,0,-0.32441,2.68989,9.46069,-0.006392,-0.009587,-0.011718,15.623,1.730,-0.123,-0.0377,-0.0078,-0.0107,0.3301,-0.5488,-0.3869,-0.0057510,-0.0085818,-0.0107548,0.000321,0.005593,0.020848,0.00000,0.00000,0.000,0.000,0.000,0.000,0.000,-6.0000,0.0000,0.0000,6.0000,95.00,95.00,90.00,90.00,65535,65535,65535,1500,1,14,40.4365059,-86.8936855,158.675,-0.080,-0.010,0.030,3,0.38,0.55,0.09,1
25418,29650,38026,30027,0,0,-0.29090,2.67791,9.45710,-0.010653,-0.008522,-0.009587,15.625,1.728,-0.123,-0.0376,-0.0070,-0.0105,0.3290,-0.5491,-0.3873,-0.0057615,-0.0085799,-0.0107540,0.000327,0.005565,0.020856,0.00000,0.00000,0.000,0.000,0.000,0.000,0.000,-6.0000,0.0000,0.0000,6.0000,95.00,95.00,90.00,90.00,65535,65535,65535,1500,1,14,40.4365059,-86.8936855,158.675,-0.080,-0.010,0.030,3,0.38,0.55,0.09,1
25464,65360,18137,15136,0,0,-0.24900,2.62524,9.47984,-0.002131,-0.009587,-0.010653,15.629,1.711,-0.131,-0.0350,-0.0085,-0.0098,0.3266,-0.5496,-0.3879,-0.0057525,-0.0085643,-0.0107504,0.000350,0.005595,0.020848,0.00000,0.00000,0.000,0.000,0.000,0.000,0.000,-6.0000,0.0000,0.0000,6.0000,95.00,95.00,90.00,90.00,65535,65535,65535,1500,1,14,40.4365059,-86.8936855,158.675,-0.080,-0.010,0.030,3,0.38,0.55,0.09,1
25503,18410,38361,30303,0,0,-0.23942,2.67672,9.47026,-0.004261,-0.007457,-0.010653,15.639,1.697,-0.140,-0.0346,-0.0083,-0.0095,0.3260,-0.5497,-0.3881,-0.0057609,-0.0085467,-0.0107460,0.000380,0.005583,0.020853,0.00000,0.00000,0.000,0.000,0.000,0.000,0.000,-6.0000,0.0000,0.0000,6.0000,95.00,95.00,90.00,90.00,65535,65535,65535,1500,1,14,40.4365059,-86.8936855,158.675,-0.080,-0.010,0.030,3,0.38,0.55,0.09,1
25547,39271,43321,38264,0,0,-0.36871,2.66355,9.45470,-0.007457,-0.007457,-0.010653,15.633,1.789,-0.329,0.0118,-0.0039,-0.0099,0.3378,-0.5534,-0.3918,-0.0057652,-0.0085830,-0.0105689,0.001599,0.005759,0.020864,0.00000,0.00000,0.000,0.000,0.000,0.000,0.000,-6.0000,0.0000,0.0000,6.0000,95.00,95.00,90.00,90.00,65535,65535,65535,1500,1,14,40.4365060,-86.8936855,158.668,0.050,0.000,0.010,3,0.38,0.56,0.09,1
25577,43556,29500,21441,0,0,-0.31484,2.65038,9.47266,-0.006392,-0.010653,-0.011718,15.632,1.787,-0.332,0.0114,-0.0039,-0.0094,0.3383,-0.5536,-0.3923,-0.0057651,-0.0085857,-0.0105696,0.001595,0.005758,0.020864,0.00000,0.00000,0.000,0.000,0.000,0.000,0.000,-6.0000,0.0000,0.0000,6.0000,95.00,95.00,90.00,90.00,65535,65535,65535,1500,1,14,40.4365060,-86.8936855,158.668,0.050,0.000,0.010,3,0.38,0.56,0.09,1
25606,29701,29375,21375,0,0,-0.24421,2.63841,9.46787,-0.007457,-0.008522,-0.010653,15.625,1.770,-0.343,0.0127,-0.0041,-0.0093,0.3387,-0.5537,-0.3925,-0.0057620,-0.0085654,-0.0105645,0.001623,0.005776,0.020860,0.00000,0.00000,0.000,0.000,0.000,0.000,0.000,-6.0000,0.0000,0.0000,6.0000,95.00,95.00,90.00,90.00,65535,65535,65535,1500,1,14,40.4365060,-86.8936855,158.668,0.050,0.000,0.010,3,0.38,0.56,0.09,1
25635,29570,28568,25573,0,0,-0.27653,2.61806,9.47386,-0.006392,-0.007457,-0.010653,15.615,1.764,-0.347,0.0132,-0.0047,-0.0091,0.3391,-0.5538,-0.3928,-0.0057522,-0.0085566,-0.0105625,0.001632,0.005805,0.020852,0.00000,0.00000,0.000,0.000,0.000,0.000,0.000,-6.0000,0.0000,0.0000,6.0000,95.00,95.00,90.00,90.00,65535,65535,65535,1500,1,14,40.4365060,-86.8936855,158.668,0.050,0.000,0.010,3,0.38,0.56,0.09,1
25671,42564,22264,15110,0,0,-0.32801,2.67432,9.45590,-0.005326,-0.008522,-0.011718,15.625,1.772,-0.346,0.0123,-0.0037,-0.0090,0.3396,-0.5540,-0.3932,-0.0057621,-0.0085648,-0.0105642,0.001624,0.005778,0.020859,0.00000,0.00000,0.000,0.000,0.000,0.000,0.000,-6.0000,0.0000,0.0000,6.0000,95.00,95.00,90.00,90.00,65535,65535,65535,1500,1,14,40.4365060,-86.8936855,158.668,0.050,0.000,0.010,3,0.38,0.56,0.09,1
25701,22534,30057,22206,0,0,-0.33758,2.64799,9.45590,-0.007457,-0.008522,-0.011718,15.624,1.782,-0.342,0.0118,-0.0037,-0.0090,0.3399,-0.5541,-0.3934,-0.0057632,-0.0085756,-0.0105666,0.001612,0.005771,0.020861,0.00000,0.00000,0.000,0.000,0.000,0.000,0.000,-6.0000,0.0000,0.0000,6.0000,95.00,95.00,90.00,90.00,65535,65535,65535,1500,1,14,40.4365060,-86.8936855,158.668,0.050,0.000,0.010,3,0.38,0.56,0.09,1
25738,30982,35301,27412,0,0,-0.33279,2.60968,9.47505,-0.007457,-0.008522,-0.011718,15.611,1.766,-0.268,-0.0062,-0.0024,0.0124,0.3388,-0.5578,-0.3917,-0.0057504,-0.0085801,-0.0106326,0.001206,0.005386,0.020113,0.00000,0.00000,0.000,0.000,0.000,0.000,0.000,-6.0000,0.0000,0.0000,6.0000,95.00,95.00,90.00,90.00,65535,65535,65535,1500,1,14,40.4365060,-86.8936855,158.680,-0.020,0.000,-0.030,3,0.38,0.56,0.11,1
25767,35543,29301,21419,0,0,-0.29209,2.63123,9.46787,-0.004261,-0.008522,-0.010653,15.610,1.763,-0.270,-0.0060,-0.0028,0.0125,0.3386,-0.5579,-0.3913,-0.0057458,-0.0085767,-0.0106318,0.001210,0.005401,0.020109,0.00000,0.00000,0.000,0.000,0.000,0.000,0.000,-6.0000,0.0000,0.0000,6.0000,95.00,95.00,90.00,90.00,65535,65535,65535,1500,1,14,40.4365060,-86.8936855,158.680,-0.020,0.000,-0.030,3,0.38,0.56,0.11,1
25797,29506,29373,21369,0,0,-0.28970,2.63482,9.47386,-0.005326,-0.008522,-0.010653,15.607,1.760,-0.272,-0.0057,-0.0031,0.0128,0.3384,-0.5580,-0.3909,-0.0057421,-0.0085726,-0.0106309,0.001214,0.005413,0.020106,0.00000,0.00000,0.000,0.000,0.000,0.000,0.000,-6.0000,0.0000,0.0000,6.0000,95.00,95.00,90.00,90.00,65535,65535,65535,1500,1,14,40.4365060,-86.8936855,158.680,-0.020,0.000,-0.030,3,0.38,0.56,0.11,1
25830,29559,33017,30004,0,0,-0.30287,2.66475,9.46069,-0.004261,-0.008522,-0.010653,15.616,1.760,-0.272,-0.0058,-0.0026,0.0130,0.3383,-0.5581,-0.3905,-0.0057486,-0.0085729,-0.0106308,0.001216,0.005396,0.020111,0.00000,0.00000,0.000,0.000,0.000,0.000,0.000,-6.0000,0.0000,0.0000,6.0000,95.00,95.00,90.00,90.00,65535,65535,65535,1500,1,14,40.4365060,-86.8936855,158.680,-0.020,0.000,-0.030,3,0.38,0.56,0.11,1
25865,33221,34839,26836,0,0,-0.31843,2.64440,9.46548,-0.006392,-0.008522,-0.010653,15.614,1.764,-0.269,-0.0063,-0.0026,0.0132,0.3381,-0.5582,-0.3901,-0.0057483,-0.0085780,-0.0106320,0.001209,0.005394,0.020111,0.00000,0.00000,0.000,0.000,0.000,0.000,0.000,-6.0000,0.0000,0.0000,6.0000,95.00,95.00,90.00,90.00,65535,65535,65535,1500,1,14,40.4365060,-86.8936855,158.680,-0.020,0.000,-0.030,3,0.38,0.56,0.11,1
25911,57101,23995,20957,0,0,-0.31484,2.62285,9.47026,-0.006392,-0.008522,-0.010653,15.605,1.768,-0.267,-0.0069,-0.0036,0.0134,0.3377,-0.5583,-0.3893,-0.0057410,-0.0085820,-0.0106330,0.001203,0.005409,0.020107,0.00000,0.00000,0.000,0.000,0.000,0.000,0.000,-6.0000,0.0000,0.0000,6.0000,95.00,95.00,90.00,90.00,65535,65535,65535,1500,1,14,40.4365060,-86.8936855,158.680,-0.020,0.000,-0.030,3,0.38,0.56,0.11,1
25948,24905,35460,27417,0,0,-0.30167,2.65637,9.46667,-0.004261,-0.009587,-0.010653,15.611,1.794,-0.351,0.0146,-0.0132,0.0058,0.3448,-0.5646,-0.3941,-0.0057471,-0.0085863,-0.0105590,0.001642,0.005969,0.020274,0.00000,0.00000,0.000,0.000,0.000,0.000,0.000,-6.0000,0.0000,0.0000,6.0000,95.00,95.00,90.00,90.00,65535,65535,65535,1500,1,14,40.4365060,-86.8936855,158.666,0.030,-0.020,0.000,3,0.38,0.56,0.10,1
25971,35693,23353,15447,0,0,-0.29808,2.70186,9.45949,-0.006392,-0.008522,-0.011718,15.627,1.792,-0.355,0.0148,-0.0116,0.0063,0.3453,-0.5650,-0.3939,-0.0057653,-0.0085830,-0.0105576,0.001653,0.005918,0.020288,0.00000,0.00000,0.000,0.000,0.000,0.000,0.000,-6.0000,0.0000,0.0000,6.0000,95.00,95.00,90.00,90.00,65535,65535,65535,1500,1,14,40.4365060,-86.8936855,158.666,0.030,-0.020,0.000,3,0.38,0.56,0.10,1
26000,23559,23590,20604,0,0,-0.31484,2.68031,9.46069,-0.008522,-0.008522,-0.010653,15.633,1.794,-0.354,0.0146,-0.0111,0.0065,0.3457,-0.5652,-0.3938,-0.0057758,-0.0085853,-0.0105579,0.001653,0.005889,0.020296,0.00000,0.00000,0.000,0.000,0.000,0.000,0.000,-6.0000,0.0000,0.0000,6.0000,95.00,95.00,90.00,90.00,65535,65535,65535,1500,1,14,40.4365060,-86.8936855,158.666,0.030,-0.020,0.000,3,0.38,0.56,0.10,1
26030,28819,29274,21375,0,0,-0.32681,2.59531,9.47745,-0.008522,-0.008522,-0.010653,15.612,1.799,-0.351,0.0142,-0.0121,0.0067,0.3461,-0.5656,-0.3936,-0.0057589,-0.0085912,-0.0105598,0.001642,0.005930,0.020284,0.00000,0.00000,0.000,0.000,0.000,0.000,0.000,-6.0000,0.0000,0.0000,6.0000,95.00,95.00,90.00,90.00,65535,65535,65535,1500,1,14,40.4365060,-86.8936855,158.666,0.030,-0.020,0.000,3,0.38,0.56,0.10,1
26059,29483,29332,21361,0,0,-0.35195,2.57018,9.47505,0.001065,-0.010653,-0.010653,15.601,1.808,-0.344,0.0132,-0.0136,0.0065,0.3465,-0.5659,-0.3934,-0.0057350,-0.0086050,-0.0105637,0.001618,0.005984,0.020269,0.00000,0.00000,0.000,0.000,0.000,0.000,0.000,-6.0000,0.0000,0.0000,6.0000,95.00,95.00,90.00,90.00,65535,65535,65535,1500,1,14,40.4365060,-86.8936855,158.666,0.030,-0.020,0.000,3,0.38,0.56,0.10,1
26092,29525,33004,29988,0,0,-0.31364,2.65996,9.46787,-0.009587,-0.006392,-0.010653,15.600,1.812,-0.343,0.0131,-0.0133,0.0069,0.3469,-0.5663,-0.3932,-0.0057402,-0.0086058,-0.0105637,0.001619,0.005971,0.020272,0.00000,0.00000,0.000,0.000,0.000,0.000,0.000,-6.0000,0.0000,0.0000,6.0000,95.00,95.00,90.00,90.00,65535,65535,65535,1500,1,14,40.4365060,-86.8936855,158.666,0.030,-0.020,0.000,3,0.38,0.56,0.10,1
26138,59769,18485,15471,0,0,-0.28371,2.66355,9.46428,-0.007457,-0.008522,-0.011718,15.600,1.806,-0.351,0.0142,-0.0124,0.0074,0.3477,-0.5671,-0.3928,-0.0057471,-0.0085969,-0.0105618,0.001627,0.005959,0.020276,0.00000,0.00000,0.000,0.000,0.000,0.000,0.000,-6.0000,0.0000,0.0000,6.0000,95.00,95.00,90.00,90.00,65535,65535,65535,1500,1,14,40.4365060,-86.8936855,158.666,0.030,-0.020,0.000,3,0.38,0.56,0.10,1
26176,18969,38249,30239,0,0,-0.23583,2.66953,9.46787,-0.007457,-0.008522,-0.011718,15.606,1.786,-0.364,0.0147,-0.0122,0.0076,0.3479,-0.5674,-0.3926,-0.0057552,-0.0085734,-0.0105571,0.001644,0.005950,0.020279,0.00000,0.00000,0.000,0.000,0.000,0.000,0.000,-6.0000,0.0000,0.0000,6.0000,95.00,95.00,90.00,90.00,65535,65535,65535,1500,1,14,40.4365060,-86.8936855,158.666,0.030,-0.020,0.000,3,0.38,0.56,0.10,1
26224,38981,46982,39032,0,0,-0.34117,2.59531,9.47026,-0.005326,-0.007457,-0.010653,15.590,1.749,-0.213,-0.0250,0.0121,0.0087,0.3407,-0.5651,-0.3953,-0.0057332,-0.0085758,-0.0106884,0.000892,0.004811,0.020523,0.00000,0.00000,0.000,0.000,0.000,0.000,0.000,-6.0000,0.0000,0.0000,6.0000,95.00,95.00,90.00,90.00,65535,65535,65535,1500,1,15,40.4365059,-86.8936855,158.663,-0.050,0.030,-0.010,3,0.38,0.56,0.10,1
26255,47199,31232,26374,0,0,-0.33040,2.68390,9.45470,-0.004261,-0.009587,-0.010653,15.608,1.755,-0.208,-0.0264,0.0138,0.0090,0.3394,-0.5645,-0.3949,-0.0057472,-0.0085857,-0.0106906,0.000884,0.004768,0.020535,0.00000,0.00000,0.000,0.000,0.000,0.000,0.000,-6.0000,0.0000,0.0000,6.0000,95.00,95.00,90.00,90.00,65535,65535,65535,1500,1,15,40.4365059,-86.8936855,158.663,-0.050,0.030,-0.010,3,0.38,0.56,0.10,1
26285,31438,29221,21173,0,0,-0.28730,2.69348,9.46189,-0.007457,-0.009587,-0.011718,15.620,1.750,-0.213,-0.0261,0.0150,0.0095,0.3386,-0.5640,-0.3946,-0.0057629,-0.0085813,-0.0106891,0.000893,0.004729,0.020546,0.00000,0.00000,0.000,0.000,0.000,0.000,0.000,-6.0000,0.0000,0.0000,6.0000,95.00,95.00,90.00,90.00,65535,65535,65535,1500,1,15,40.4365059,-86.8936855,158.663,-0.050,0.030,-0.010,3,0.38,0.56,0.10,1
26309,29420,23813,20799,0,0,-0.27892,2.58574,9.48942,-0.006392,-0.008522,-0.011718,15.599,1.744,-0.218,-0.0257,0.0137,0.0098,0.3379,-0.5636,-0.3943,-0.0057423,-0.0085744,-0.0106880,0.000895,0.004783,0.020531,0.00000,0.00000,0.000,0.000,0.000,0.000,0.000,-6.0000,0.0000,0.0000,6.0000,95.00,95.00,90.00,90.00,65535,65535,65535,1500,1,15,40.4365059,-86.8936855,158.663,-0.050,0.030,-0.010,3,0.38,0.56,0.10,1
26354,44795,24055,21048,0,0,-0.28850,2.61806,9.47266,-0.003196,-0.008522,-0.010653,15.598,1.758,-0.270,-0.0114,0.0004,0.0098,0.3420,-0.5697,-0.3974,-0.0057369,-0.0085741,-0.0106431,0.001145,0.005338,0.020392,0.00000,0.00000,0.000,0.000,0.000,0.000,0.000,-6.0000,0.0000,0.0000,6.0000,95.00,95.00,90.00,90.00,65535,65535,65535,1500,1,14,40.4365059,-86.8936855,158.654,0.000,-0.010,-0.010,3,0.38,0.56,0.10,1
26384,24314,29644,21589,0,0,-0.33998,2.68390,9.44991,-0.004261,-0.007457,-0.009587,15.614,1.770,-0.261,-0.0122,0.0011,0.0098,0.3417,-0.5696,-0.3971,-0.0057507,-0.0085862,-0.0106461,0.001130,0.005291,0.020405,0.00000,0.00000,0.000,0.000,0.000,0.000,0.000,-6.0000,0.0000,0.0000,6.0000,95.00,95.00,90.00,90.00,65535,65535,65535,1500,1,14,40.4365059,-86.8936855,158.654,0.000,-0.010,-0.010,3,0.38,0.56,0.10,1
26414,29866,29525,21483,0,0,-0.33998,2.69228,9.44991,-0.004261,-0.008522,-0.010653,15.632,1.780,-0.255,-0.0131,0.0022,0.0099,0.3413,-0.5696,-0.3968,-0.0057662,-0.0085977,-0.0106486,0.001116,0.005242,0.020418,0.00000,0.00000,0.000,0.000,0.000,0.000,0.000,-6.0000,0.0000,0.0000,6.0000,95.00,95.00,90.00,90.00,65535,65535,65535,1500,1,14,40.4365059,-86.8936855,158.654,0.000,-0.010,-0.010,3,0.38,0.56,0.10,1
26443,29721,28823,20849,0,0,-0.28850,2.68031,9.45351,-0.005326,-0.010653,-0.011718,15.643,1.773,-0.261,-0.0128,0.0030,0.0100,0.3409,-0.5695,-0.3965,-0.0057768,-0.0085925,-0.0106471,0.001127,0.005217,0.020426,0.00000,0.00000,0.000,0.000,0.000,0.000,0.000,-6.0000,0.0000,0.0000,6.0000,95.00,95.00,90.00,90.00,65535,65535,65535,1500,1,14,40.4365059,-86.8936855,158.654,0.000,-0.010,-0.010,3,0.38,0.56,0.10,1
26466,29019,23329,20326,0,0,-0.27294,2.66953,9.46308,-0.006392,-0.009587,-0.011718,15.647,1.763,-0.269,-0.0122,0.0034,0.0103,0.3406,-0.5694,-0.3963,-0.0057828,-0.0085828,-0.0106446,0.001144,0.005206,0.020429,0.00000,0.00000,0.000,0.000,0.000,0.000,0.000,-6.0000,0.0000,0.0000,6.0000,95.00,95.00,90.00,90.00,65535,65535,65535,1500,1,14,40.4365059,-86.8936855,158.654,0.000,-0.010,-0.010,3,0.38,0.56,0.10,1
26505,23513,38335,30396,0,0,-0.32202,2.58933,9.47386,-0.006392,-0.009587,-0.011718,15.628,1.768,-0.267,-0.0125,0.0026,0.0102,0.3403,-0.5693,-0.3960,-0.0057638,-0.0085889,-0.0106464,0.001134,0.005250,0.020416,0.00000,0.00000,0.000,0.000,0.000,0.000,0.000,-6.0000,0.0000,0.0000,6.0000,95.00,95.00,90.00,90.00,65535,65535,65535,1500,1,14,40.4365059,-86.8936855,158.654,0.000,-0.010,-0.010,3,0.38,0.56,0.10,1
26552,39203,46875,39011,0,0,-0.30287,2.62883,9.46907,-0.003196,-0.009587,-0.011718,15.624,1.795,-0.357,0.0087,0.0060,0.0190,0.3468,-0.5719,-0.3974,-0.0057564,-0.0085936,-0.0105705,0.001685,0.005182,0.020122,0.00000,0.00000,0.000,0.000,0.000,0.000,0.000,-6.0000,0.0000,0.0000,6.0000,95.00,95.00,90.00,90.00,65535,65535,65535,1500,1,14,40.4365060,-86.8936855,158.637,0.026,0.010,-0.027,3,0.38,0.56,0.10,1
26593,69552,18147,15153,0,0,-0.31963,2.65756,9.46308,-0.004261,-0.008522,-0.010653,15.633,1.799,-0.355,0.0078,0.0066,0.0195,0.3474,-0.5715,-0.3961,-0.0057595,-0.0085973,-0.0105714,0.001677,0.005171,0.020125,0.00000,0.00000,0.000,0.000,0.000,0.000,0.000,-6.0000,0.0000,0.0000,6.0000,95.00,95.00,90.00,90.00,65535,65535,65535,1500,1,14,40.4365060,-86.8936855,158.637,0.030,0.010,-0.030,3,0.38,0.56,0.10,1
26623,18400,29614,21559,0,0,-0.30885,2.65637,9.46069,-0.007457,-0.008522,-0.010653,15.634,1.799,-0.355,0.0078,0.0067,0.0196,0.3475,-0.5713,-0.3957,-0.0057624,-0.0085974,-0.0105714,0.001677,0.005163,0.020127,0.00000,0.00000,0.000,0.000,0.000,0.000,0.000,-6.0000,0.0000,0.0000,6.0000,95.00,95.00,90.00,90.00,65535,65535,65535,1500,1,14,40.4365060,-86.8936855,158.637,0.030,0.010,-0.030,3,0.38,0.56,0.10,1
26647,29823,23348,15414,0,0,-0.29329,2.64320,9.46667,-0.007457,-0.008522,-0.010653,15.629,1.795,-0.358,0.0080,0.0066,0.0197,0.3477,-0.5711,-0.3951,-0.0057607,-0.0085925,-0.0105702,0.001686,0.005170,0.020125,0.00000,0.00000,0.000,0.000,0.000,0.000,0.000,-6.0000,0.0000,0.0000,6.0000,95.00,95.00,90.00,90.00,65535,65535,65535,1500,1,14,40.4365060,-86.8936855,158.637,0.030,0.010,-0.030,3,0.38,0.56,0.10,1
26676,23544,29499,21515,0,0,-0.29808,2.63242,9.47505,-0.006392,-0.007457,-0.010653,15.623,1.793,-0.359,0.0081,0.0064,0.0200,0.3479,-0.5710,-0.3946,-0.0057553,-0.0085893,-0.0105696,0.001691,0.005185,0.020121,0.00000,0.00000,0.000,0.000,0.000,0.000,0.000,-6.0000,0.0000,0.0000,6.0000,95.00,95.00,90.00,90.00,65535,65535,65535,1500,1,14,40.4365060,-86.8936855,158.637,0.030,0.010,-0.030,3,0.38,0.56,0.10,1
26708,29698,31238,23311,0,0,-0.32082,2.63602,9.45470,-0.006392,-0.008522,-0.010653,15.620,1.797,-0.357,0.0078,0.0063,0.0198,0.3482,-0.5708,-0.3940,-0.0057530,-0.0085935,-0.0105706,0.001684,0.005188,0.020120,0.00000,0.00000,0.000,0.000,0.000,0.000,0.000,-6.0000,0.0000,0.0000,6.0000,95.00,95.00,90.00,90.00,65535,65535,65535,1500,1,14,40.4365060,-86.8936855,158.637,0.030,0.010,-0.030,3,0.38,0.56,0.10,1
26744,32043,35501,27393,0,0,-0.32801,2.63242,9.45949,-0.007457,-0.008522,-0.010653,15.618,1.791,-0.319,0.0005,-0.0104,0.0174,0.3490,-0.5778,-0.3980,-0.0057536,-0.0085982,-0.0106022,0.001390,0.005741,0.020043,0.00000,0.00000,0.000,0.000,0.000,0.000,0.000,-6.0000,0.0000,0.0000,6.0000,95.00,95.00,90.00,90.00,65535,65535,65535,1500,1,14,40.4365060,-86.8936855,158.624,-0.005,-0.023,-0.016,3,0.38,0.56,0.11,1
26768,35906,18427,15402,0,0,-0.28970,2.62524,9.46069,-0.006392,-0.009587,-0.010653,15.611,1.785,-0.322,0.0009,-0.0110,0.0172,0.3491,-0.5782,-0.3974,-0.0057479,-0.0085929,-0.0106010,0.001398,0.005760,0.020038,0.00000,0.00000,0.000,0.000,0.000,0.000,0.000,-6.0000,0.0000,0.0000,6.0000,95.00,95.00,90.00,90.00,65535,65535,65535,1500,1,14,40.4365060,-86.8936855,158.624,-0.010,-0.020,-0.020,3,0.38,0.56,0.11,1
26822,54180,23634,20645,0,0,-0.31005,2.64320,9.46548,-0.006392,-0.006392,-0.010653,15.609,1.792,-0.320,0.0007,-0.0111,0.0175,0.3491,-0.5788,-0.3964,-0.0057475,-0.0085938,-0.0106012,0.001396,0.005760,0.020038,0.00000,0.00000,0.000,0.000,0.000,0.000,0.000,-6.0000,0.0000,0.0000,6.0000,95.00,95.00,90.00,90.00,65535,65535,65535,1500,1,14,40.4365060,-86.8936855,158.624,-0.010,-0.020,-0.020,3,0.38,0.56,0.11,1
26861,23916,38189,30155,0,0,-0.26456,2.70425,9.45231,-0.006392,-0.007457,-0.010653,15.627,1.782,-0.328,0.0013,-0.0102,0.0177,0.3491,-0.5790,-0.3960,-0.0057667,-0.0085801,-0.0105975,0.001425,0.005719,0.020050,0.00000,0.00000,0.000,0.000,0.000,0.000,0.000,-6.0000,0.0000,0.0000,6.0000,95.00,95.00,90.00,90.00,65535,65535,65535,1500,1,14,40.4365060,-86.8936855,158.624,-0.010,-0.020,-0.020,3,0.38,0.56,0.11,1
26897,38394,35737,27781,0,0,-0.37709,2.60848,9.45949,-0.011718,-0.007457,-0.010653,15.604,1.804,-0.316,-0.0008,-0.0111,0.0174,0.3492,-0.5794,-0.3953,-0.0057560,-0.0086028,-0.0106025,0.001404,0.005736,0.020045,0.00000,0.00000,0.000,0.000,0.000,0.000,0.000,-6.0000,0.0000,0.0000,6.0000,95.00,95.00,90.00,90.00,65535,65535,65535,1500,1,14,40.4365060,-86.8936855,158.624,-0.010,-0.020,-0.020,3,0.38,0.56,0.11,1
26932,35923,30568,27537,0,0,-0.32322,2.61806,9.46548,-0.010653,-0.007457,-0.009587,15.587,1.810,-0.311,-0.0012,-0.0117,0.0173,0.3491,-0.5798,-0.3947,-0.0057488,-0.0086071,-0.0106035,0.001399,0.005750,0.020041,0.00000,0.00000,0.000,0.000,0.000,0.000,0.000,-6.0000,0.0000,0.0000,6.0000,95.00,95.00,90.00,90.00,65535,65535,65535,1500,1,14,40.4365060,-86.8936855,158.624,-0.010,-0.020,-0.020,3,0.38,0.56,0.11,1
26964,36462,30393,27368,0,0,-0.26336,2.62524,9.46308,-0.004261,-0.009587,-0.010653,15.580,1.782,-0.283,-0.0115,0.0117,0.0128,0.3482,-0.5779,-0.3993,-0.0057379,-0.0085894,-0.0106315,0.001300,0.004920,0.020435,0.00000,0.00000,0.000,0.000,0.000,0.000,0.000,-6.0000,0.0000,0.0000,6.0000,95.00,95.00,90.00,90.00,65535,65535,65535,1500,1,15,40.4365059,-86.8936855,158.616,-0.020,0.030,-0.010,3,0.38,0.56,0.09,1
26993,30610,28663,20636,0,0,-0.32801,2.66714,9.45351,-0.002131,-0.008522,-0.010653,15.595,1.788,-0.280,-0.0121,0.0124,0.0128,0.3478,-0.5776,-0.3989,-0.0057470,-0.0085965,-0.0106329,0.001299,0.004892,0.020443,0.00000,0.00000,0.000,0.000,0.000,0.000,0.000,-6.0000,0.0000,0.0000,6.0000,95.00,95.00,90.00,90.00,65535,65535,65535,1500,1,15,40.4365059,-86.8936855,158.616,-0.020,0.030,-0.010,3,0.38,0.56,0.09,1
27032,48893,18988,15165,0,0,-0.31963,2.65876,9.46189,-0.009587,-0.008522,-0.011718,15.591,1.793,-0.281,-0.0127,0.0132,0.0131,0.3472,-0.5769,-0.3983,-0.0057531,-0.0086005,-0.0106336,0.001301,0.004875,0.020448,0.00000,0.00000,0.000,0.000,0.000,0.000,0.000,-6.0000,0.0000,0.0000,6.0000,95.00,95.00,90.00,90.00,65535,65535,65535,1500,1,15,40.4365059,-86.8936855,158.616,-0.020,0.030,-0.010,3,0.38,0.56,0.09,1
27062,19260,29843,21920,0,0,-0.31244,2.64440,9.45829,-0.009587,-0.008522,-0.010653,15.588,1.795,-0.280,-0.0128,0.0133,0.0131,0.3469,-0.5767,-0.3981,-0.0057549,-0.0086021,-0.0106339,0.001302,0.004870,0.020449,0.00000,0.00000,0.000,0.000,0.000,0.000,0.000,-6.0000,0.0000,0.0000,6.0000,95.00,95.00,90.00,90.00,65535,65535,65535,1500,1,15,40.4365059,-86.8936855,158.616,-0.020,0.030,-0.010,3,0.38,0.56,0.09,1
27092,30040,29391,21324,0,0,-0.32202,2.58933,9.47505,-0.004261,-0.009587,-0.010653,15.575,1.797,-0.278,-0.0132,0.0123,0.0131,0.3465,-0.5763,-0.3977,-0.0057385,-0.0086066,-0.0106353,0.001292,0.004907,0.020439,0.00000,0.00000,0.000,0.000,0.000,0.000,0.000,-6.0000,0.0000,0.0000,6.0000,95.00,95.00,90.00,90.00,65535,65535,65535,1500,1,15,40.4365059,-86.8936855,158.616,-0.020,0.030,-0.010,3,0.38,0.56,0.09,1
27115,29594,23349,15343,0,0,-0.27892,2.65158,9.47146,-0.003196,-0.009587,-0.010653,15.582,1.787,-0.283,-0.0127,0.0125,0.0134,0.3462,-0.5759,-0.3973,-0.0057418,-0.0085975,-0.0106334,0.001298,0.004903,0.020440,0.00000,0.00000,0.000,0.000,0.000,0.000,0.000,-6.0000,0.0000,0.0000,6.0000,95.00,95.00,90.00,90.00,65535,65535,65535,1500,1,15,40.4365059,-86.8936855,158.616,-0.020,0.030,-0.010,3,0.38,0.56,0.09,1
27145,23549,29869,21901,0,0,-0.28970,2.68510,9.46428,-0.005326,-0.008522,-0.010653,15.596,1.783,-0.286,-0.0125,0.0130,0.0138,0.3458,-0.5757,-0.3970,-0.0057553,-0.0085922,-0.0106320,0.001307,0.004875,0.020448,0.00000,0.00000,0.000,0.000,0.000,0.000,0.000,-6.0000,0.0000,0.0000,6.0000,95.00,95.00,90.00,90.00,65535,65535,65535,1500,1,15,40.4365059,-86.8936855,158.616,-0.020,0.030,-0.010,3,0.38,0.56,0.09,1
27195,30581,49049,41073,0,0,-0.33399,2.66116,9.45470,-0.006392,-0.008522,-0.010653,15.596,1.809,-0.338,-0.0000,0.0254,0.0023,0.3503,-0.5756,-0.4037,-0.0057587,-0.0086035,-0.0105852,0.001675,0.004647,0.020957,0.00000,0.00000,0.000,0.000,0.000,0.000,0.000,-6.0000,0.0000,0.0000,6.0000,95.00,95.00,90.00,90.00,65535,65535,65535,1500,1,14,40.4365059,-86.8936854,158.604,0.009,0.035,0.006,3,0.38,0.56,0.09,1
27242,71675,24642,21644,0,0,-0.29928,2.60609,9.47505,-0.006392,-0.008522,-0.010653,15.582,1.806,-0.340,0.0005,0.0231,0.0025,0.3504,-0.5738,-0.4036,-0.0057469,-0.0085999,-0.0105847,0.001672,0.004679,0.020948,0.00000,0.00000,0.000,0.000,0.000,0.000,0.000,-6.0000,0.0000,0.0000,6.0000,95.00,95.00,90.00,90.00,65535,65535,65535,1500,1,14,40.4365059,-86.8936854,158.604,0.010,0.030,0.010,3,0.38,0.56,0.09,1
27271,24882,29017,20994,0,0,-0.30167,2.61926,9.46787,-0.005326,-0.008522,-0.009587,15.576,1.804,-0.340,0.0006,0.0229,0.0025,0.3504,-0.5733,-0.4035,-0.0057404,-0.0085974,-0.0105843,0.001671,0.004697,0.020943,0.00000,0.00000,0.000,0.000,0.000,0.000,0.000,-6.0000,0.0000,0.0000,6.0000,95.00,95.00,90.00,90.00,65535,65535,65535,1500,1,14,40.4365059,-86.8936854,158.604,0.010,0.030,0.010,3,0.38,0.56,0.09,1
27295,29227,23346,15386,0,0,-0.29928,2.66475,9.46428,-0.004261,-0.008522,-0.010653,15.586,1.801,-0.342,0.0007,0.0234,0.0028,0.3504,-0.5726,-0.4034,-0.0057483,-0.0085941,-0.0105834,0.001677,0.004679,0.020948,0.00000,0.00000,0.000,0.000,0.000,0.000,0.000,-6.0000,0.0000,0.0000,6.0000,95.00,95.00,90.00,90.00,65535,65535,65535,1500,1,14,40.4365059,-86.8936854,158.604,0.010,0.030,0.010,3,0.38,0.56,0.09,1
27325,23535,30132,22055,0,0,-0.28252,2.68510,9.45949,-0.005326,-0.008522,-0.010653,15.601,1.794,-0.346,0.0010,0.0239,0.0030,0.3504,-0.5721,-0.4034,-0.0057621,-0.0085858,-0.0105813,0.001690,0.004651,0.020956,0.00000,0.00000,0.000,0.000,0.000,0.000,0.000,-6.0000,0.0000,0.0000,6.0000,95.00,95.00,90.00,90.00,65535,65535,65535,1500,1,14,40.4365059,-86.8936854,158.604,0.010,0.030,0.010,3,0.38,0.56,0.09,1
27362,31017,35502,27454,0,0,-0.33160,2.66235,9.45710,-0.007457,-0.008522,-0.010653,15.611,1.811,-0.373,0.0115,-0.0057,-0.0097,0.3549,-0.5819,-0.4107,-0.0057762,-0.0085957,-0.0105569,0.001721,0.005846,0.021103,0.00000,0.00000,0.000,0.000,0.000,0.000,0.000,-6.0000,0.0000,0.0000,6.0000,95.00,95.00,90.00,90.00,65535,65535,65535,1500,1,14,40.4365060,-86.8936856,158.593,0.020,-0.030,0.020,3,0.38,0.56,0.09,1
27391,35726,29457,21574,0,0,-0.34237,2.62524,9.47505,-0.007457,-0.009587,-0.010653,15.601,1.818,-0.368,0.0105,-0.0063,-0.0094,0.3553,-0.5821,-0.4111,-0.0057698,-0.0086055,-0.0105595,0.001710,0.005860,0.021099,0.00000,0.00000,0.000,0.000,0.000,0.000,0.000,-6.0000,0.0000,0.0000,6.0000,95.00,95.00,90.00,90.00,65535,65535,65535,1500,1,14,40.4365060,-86.8936856,158.593,0.020,-0.030,0.020,3,0.38,0.56,0.09,1
27420,29667,28649,20559,0,0,-0.31364,2.62524,9.46548,-0.006392,-0.008522,-0.010653,15.595,1.819,-0.368,0.0103,-0.0066,-0.0094,0.3556,-0.5823,-0.4114,-0.0057646,-0.0086061,-0.0105597,0.001707,0.005873,0.021095,0.00000,0.00000,0.000,0.000,0.000,0.000,0.000,-6.0000,0.0000,0.0000,6.0000,95.00,95.00,90.00,90.00,65535,65535,65535,1500,1,14,40.4365060,-86.8936856,158.593,0.020,-0.030,0.020,3,0.38,0.56,0.09,1
27454,42562,19768,15116,0,0,-0.29568,2.65158,9.46069,-0.006392,-0.008522,-0.010653,15.596,1.814,-0.371,0.0108,-0.0063,-0.0094,0.3561,-0.5826,-0.4118,-0.0057680,-0.0086010,-0.0105585,0.001712,0.005867,0.021097,0.00000,0.00000,0.000,0.000,0.000,0.000,0.000,-6.0000,0.0000,0.0000,6.0000,95.00,95.00,90.00,90.00,65535,65535,65535,1500,1,14,40.4365060,-86.8936856,158.593,0.020,-0.030,0.020,3,0.38,0.56,0.09,1
27492,20034,38071,30043,0,0,-0.32082,2.65996,9.46787,-0.007457,-0.008522,-0.010653,15.600,1.817,-0.369,0.0107,-0.0061,-0.0091,0.3563,-0.5827,-0.4120,-0.0057732,-0.0086038,-0.0105590,0.001712,0.005854,0.021101,0.00000,0.00000,0.000,0.000,0.000,0.000,0.000,-6.0000,0.0000,0.0000,6.0000,95.00,95.00,90.00,90.00,65535,65535,65535,1500,1,14,40.4365060,-86.8936856,158.593,0.020,-0.030,0.020,3,0.38,0.56,0.09,1
27529,38277,36548,28585,0,0,-0.31484,2.64440,9.46428,-0.005326,-0.009587,-0.011718,15.601,1.817,-0.372,0.0105,-0.0060,-0.0090,0.3567,-0.5830,-0.4123,-0.0057737,-0.0086048,-0.0105592,0.001712,0.005852,0.021101,0.00000,0.00000,0.000,0.000,0.000,0.000,0.000,-6.0000,0.0000,0.0000,6.0000,95.00,95.00,90.00,90.00,65535,65535,65535,1500,1,14,40.4365060,-86.8936856,158.593,0.020,-0.030,0.020,3,0.38,0.56,0.09,1
27577,37429,47208,39151,0,0,-0.29449,2.64440,9.46308,-0.006392,-0.007457,-0.010653,15.627,1.644,0.136,-0.1148,-0.0535,0.0068,0.3294,-0.5979,-0.4128,-0.0057862,-0.0085720,-0.0109920,-0.001392,0.006512,0.020226,0.00000,0.00000,0.000,0.000,0.000,0.000,0.000,-6.0000,0.0000,0.0000,6.0000,95.00,95.00,90.00,90.00,65535,65535,65535,1500,1,14,40.4365056,-86.8936858,158.612,-0.210,-0.090,-0.020,3,0.38,0.56,0.09,1
27612,47397,34443,31422,0,0,-0.32082,2.63242,9.45949,-0.005326,-0.008522,-0.010653,15.625,1.655,0.144,-0.1164,-0.0541,0.0067,0.3239,-0.6004,-0.4125,-0.0057820,-0.0085843,-0.0109951,-0.001406,0.006518,0.020224,0.00000,0.00000,0.000,0.000,0.000,0.000,0.000,-6.0000,0.0000,0.0000,6.0000,95.00,95.00,90.00,90.00,65535,65535,65535,1500,1,14,40.4365056,-86.8936858,158.612,-0.210,-0.090,-0.020,3,0.38,0.56,0.09,1
27640,34640,28527,25525,0,0,-0.29928,2.66714,9.45829,-0.006392,-0.008522,-0.010653,15.630,1.659,0.147,-0.1168,-0.0536,0.0068,0.3198,-0.6023,-0.4123,-0.0057888,-0.0085892,-0.0109960,-0.001407,0.006499,0.020230,0.00000,0.00000,0.000,0.000,0.000,0.000,0.000,-6.0000,0.0000,0.0000,6.0000,95.00,95.00,90.00,90.00,65535,65535,65535,1500,1,14,40.4365056,-86.8936858,158.612,-0.210,-0.090,-0.020,3,0.38,0.56,0.09,1
27679,48987,18140,15130,0,0,-0.30167,2.65637,9.47146,-0.005326,-0.008522,-0.010653,15.633,1.664,0.150,-0.1174,-0.0534,0.0075,0.3141,-0.6049,-0.4119,-0.0057907,-0.0085946,-0.0109971,-0.001410,0.006493,0.020231,0.00000,0.00000,0.000,0.000,0.000,0.000,0.000,-6.0000,0.0000,0.0000,6.0000,95.00,95.00,90.00,90.00,65535,65535,65535,1500,1,14,40.4365056,-86.8936858,158.612,-0.210,-0.090,-0.020,3,0.38,0.56,0.09,1
27710,18420,30181,22267,0,0,-0.31603,2.62285,9.47026,-0.004261,-0.009587,-0.011718,15.627,1.671,0.154,-0.1176,-0.0536,0.0075,0.3119,-0.6059,-0.4118,-0.0057824,-0.0086042,-0.0109993,-0.001422,0.006508,0.020227,0.00000,0.00000,0.000,0.000,0.000,0.000,0.000,-6.0000,0.0000,0.0000,6.0000,95.00,95.00,90.00,90.00,65535,65535,65535,1500,1,14,40.4365056,-86.8936858,158.612,-0.210,-0.090,-0.020,3,0.38,0.56,0.09,1
27746,31102,35381,27341,0,0,-0.30885,2.62764,9.46548,-0.005326,-0.008522,-0.010653,15.608,1.745,-0.044,-0.0690,-0.0248,0.0195,0.3209,-0.6040,-0.4126,-0.0057688,-0.0086219,-0.0108294,-0.000137,0.005741,0.020043,0.00000,0.00000,0.000,0.000,0.000,0.000,0.000,-6.0000,0.0000,0.0000,6.0000,95.00,95.00,90.00,90.00,65535,65535,65535,1500,1,14,40.4365056,-86.8936857,158.621,-0.030,0.000,-0.030,3,0.38,0.56,0.10,1
27770,35621,23452,15474,0,0,-0.31843,2.63602,9.46069,-0.005326,-0.007457,-0.010653,15.607,1.752,-0.040,-0.0696,-0.0250,0.0194,0.3184,-0.6049,-0.4119,-0.0057666,-0.0086278,-0.0108309,-0.000145,0.005744,0.020042,0.00000,0.00000,0.000,0.000,0.000,0.000,0.000,-6.0000,0.0000,0.0000,6.0000,95.00,95.00,90.00,90.00,65535,65535,65535,1500,1,14,40.4365056,-86.8936857,158.621,-0.030,0.000,-0.030,3,0.38,0.56,0.10,1
27798,23651,28455,20600,0,0,-0.32561,2.64200,9.45470,-0.005326,-0.007457,-0.009587,15.608,1.760,-0.033,-0.0700,-0.0250,0.0193,0.3168,-0.6055,-0.4114,-0.0057668,-0.0086355,-0.0108327,-0.000155,0.005740,0.020043,0.00000,0.00000,0.000,0.000,0.000,0.000,0.000,-6.0000,0.0000,0.0000,6.0000,95.00,95.00,90.00,90.00,65535,65535,65535,1500,1,14,40.4365056,-86.8936857,158.621,-0.030,0.000,-0.030,3,0.38,0.56,0.10,1
27828,28653,29446,21398,0,0,-0.30167,2.64320,9.46308,-0.006392,-0.009587,-0.010653,15.607,1.759,-0.034,-0.0700,-0.0250,0.0194,0.3147,-0.6062,-0.4109,-0.0057668,-0.0086355,-0.0108327,-0.000155,0.005740,0.020043,0.00000,0.00000,0.000,0.000,0.000,0.000,0.000,-6.0000,0.0000,0.0000,6.0000,95.00,95.00,90.00,90.00,65535,65535,65535,1500,1,14,40.4365056,-86.8936857,158.621,-0.030,0.000,-0.030,3,0.38,0.56,0.10,1
27861,29636,33087,30069,0,0,-0.28730,2.66594,9.45829,-0.006392,-0.007457,-0.010653,15.613,1.757,-0.035,-0.0697,-0.0246,0.0195,0.3127,-0.6069,-0.4103,-0.0057738,-0.0086311,-0.0108316,-0.000146,0.005725,0.020047,0.00000,0.00000,0.000,0.000,0.000,0.000,0.000,-6.0000,0.0000,0.0000,6.0000,95.00,95.00,90.00,90.00,65535,65535,65535,1500,1,14,40.4365056,-86.8936857,158.621,-0.030,0.000,-0.030,3,0.38,0.56,0.10,1
27918,63570,26797,23797,0,0,-0.31125,2.65278,9.45949,-0.006392,-0.009587,-0.010653,15.614,1.756,-0.034,-0.0703,-0.0241,0.0196,0.3082,-0.6085,-0.4091,-0.0057768,-0.0086344,-0.0108321,-0.000148,0.005718,0.020049,0.00000,0.00000,0.000,0.000,0.000,0.000,0.000,-6.0000,0.0000,0.0000,6.0000,95.00,95.00,90.00,90.00,65535,65535,65535,1500,1,14,40.4365056,-86.8936857,158.621,-0.030,0.000,-0.030,3,0.38,0.56,0.10,1
27949,27750,29370,21405,0,0,-0.30765,2.66594,9.45351,-0.006392,-0.009587,-0.010653,15.611,1.833,-0.259,-0.0127,-0.0162,0.0084,0.3214,-0.6100,-0.4150,-0.0057822,-0.0086493,-0.0106424,0.001179,0.005925,0.020447,0.00000,0.00000,0.000,0.000,0.000,0.000,0.000,-6.0000,0.0000,0.0000,6.0000,95.00,95.00,90.00,90.00,65535,65535,65535,1500,1,14,40.4365057,-86.8936856,158.618,0.030,-0.010,0.000,3,0.38,0.56,0.09,1
27977,29595,28507,20643,0,0,-0.30885,2.64799,9.46667,-0.007457,-0.009587,-0.010653,15.609,1.830,-0.261,-0.0126,-0.0161,0.0086,0.3211,-0.6105,-0.4147,-0.0057832,-0.0086476,-0.0106420,0.001181,0.005923,0.020448,0.00000,0.00000,0.000,0.000,0.000,0.000,0.000,-6.0000,0.0000,0.0000,6.0000,95.00,95.00,90.00,90.00,65535,65535,65535,1500,1,14,40.4365057,-86.8936856,158.618,0.030,-0.010,0.000,3,0.38,0.56,0.09,1
28007,28717,29632,21579,0,0,-0.33399,2.63482,9.46667,-0.007457,-0.009587,-0.011718,15.604,1.834,-0.260,-0.0131,-0.0163,0.0087,0.3207,-0.6110,-0.4145,-0.0057803,-0.0086539,-0.0106435,0.001175,0.005928,0.020446,0.00000,0.00000,0.000,0.000,0.000,0.000,0.000,-6.0000,0.0000,0.0000,6.0000,95.00,95.00,90.00,90.00,65535,65535,65535,1500,1,14,40.4365057,-86.8936856,158.618,0.030,-0.010,0.000,3,0.38,0.56,0.09,1
28037,29836,29479,26473,0,0,-0.29090,2.64080,9.46308,-0.006392,-0.008522,-0.011718,15.602,1.828,-0.265,-0.0127,-0.0164,0.0088,0.3203,-0.6114,-0.4142,-0.0057798,-0.0086466,-0.0106419,0.001181,0.005932,0.020445,0.00000,0.00000,0.000,0.000,0.000,0.000,0.000,-6.0000,0.0000,0.0000,6.0000,95.00,95.00,90.00,90.00,65535,65535,65535,1500,1,14,40.4365057,-86.8936856,158.618,0.030,-0.010,0.000,3,0.38,0.56,0.09,1
28066,29672,29192,26184,0,0,-0.28970,2.63841,9.47026,-0.004261,-0.008522,-0.010653,15.603,1.822,-0.269,-0.0122,-0.0165,0.0090,0.3199,-0.6119,-0.4139,-0.0057779,-0.0086392,-0.0106404,0.001187,0.005940,0.020443,0.00000,0.00000,0.000,0.000,0.000,0.000,0.000,-6.0000,0.0000,0.0000,6.0000,95.00,95.00,90.00,90.00,65535,65535,65535,1500,1,14,40.4365057,-86.8936856,158.618,0.030,-0.010,0.000,3,0.38,0.56,0.09,1
28098,43102,18112,15138,0,0,-0.32920,2.65397,9.45231,-0.005326,-0.009587,-0.010653,15.608,1.825,-0.267,-0.0129,-0.0161,0.0088,0.3194,-0.6126,-0.4136,-0.0057821,-0.0086445,-0.0106413,0.001182,0.005928,0.020446,0.00000,0.00000,0.000,0.000,0.000,0.000,0.000,-6.0000,0.0000,0.0000,6.0000,95.00,95.00,90.00,90.00,65535,65535,65535,1500,1,14,40.4365057,-86.8936856,158.618,0.030,-0.010,0.000,3,0.38,0.56,0.09,1
28129,18376,30112,22148,0,0,-0.32681,2.64918,9.45351,-0.004261,-0.009587,-0.010653,15.612,1.827,-0.265,-0.0130,-0.0160,0.0087,0.3192,-0.6129,-0.4134,-0.0057845,-0.0086488,-0.0106421,0.001178,0.005922,0.020448,0.00000,0.00000,0.000,0.000,0.000,0.000,0.000,-6.0000,0.0000,0.0000,6.0000,95.00,95.00,90.00,90.00,65535,65535,65535,1500,1,14,40.4365057,-86.8936856,158.618,0.030,-0.010,0.000,3,0.38,0.56,0.09,1
28179,30979,49077,41066,0,0,-0.29209,2.62285,9.46069,-0.006392,-0.009587,-0.010653,15.605,1.814,-0.252,-0.0172,-0.0136,-0.0224,0.3201,-0.6149,-0.4246,-0.0057777,-0.0086415,-0.0106553,0.001062,0.006107,0.021523,0.00000,0.00000,0.000,0.000,0.000,0.000,0.000,-6.0000,0.0000,0.0000,6.0000,95.00,95.00,90.00,90.00,65535,65535,65535,1500,1,14,40.4365058,-86.8936855,158.602,-0.021,-0.011,0.046,3,0.38,0.56,0.10,1
28213,49411,33577,25565,0,0,-0.27294,2.63961,9.46189,-0.004261,-0.008522,-0.010653,15.608,1.804,-0.258,-0.0157,-0.0138,-0.0225,0.3193,-0.6156,-0.4257,-0.0057766,-0.0086296,-0.0106524,0.001079,0.006115,0.021521,0.00000,0.00000,0.000,0.000,0.000,0.000,0.000,-6.0000,0.0000,0.0000,6.0000,95.00,95.00,90.00,90.00,65535,65535,65535,1500,1,14,40.4365058,-86.8936855,158.602,-0.020,-0.010,0.050,3,0.38,0.56,0.10,1
28248,33776,35593,27647,0,0,-0.31364,2.66475,9.45710,-0.005326,-0.007457,-0.011718,15.615,1.808,-0.259,-0.0158,-0.0132,-0.0224,0.3187,-0.6160,-0.4265,-0.0057833,-0.0086308,-0.0106525,0.001079,0.006098,0.021526,0.00000,0.00000,0.000,0.000,0.000,0.000,0.000,-6.0000,0.0000,0.0000,6.0000,95.00,95.00,90.00,90.00,65535,65535,65535,1500,1,14,40.4365058,-86.8936855,158.602,-0.020,-0.010,0.050,3,0.38,0.56,0.10,1
28282,35781,32991,29993,0,0,-0.31364,2.64080,9.45590,-0.005326,-0.008522,-0.011718,15.615,1.810,-0.260,-0.0160,-0.0133,-0.0227,0.3182,-0.6165,-0.4273,-0.0057827,-0.0086319,-0.0106528,0.001077,0.006099,0.021526,0.00000,0.00000,0.000,0.000,0.000,0.000,0.000,-6.0000,0.0000,0.0000,6.0000,95.00,95.00,90.00,90.00,65535,65535,65535,1500,1,14,40.4365058,-86.8936855,158.602,-0.020,-0.010,0.050,3,0.38,0.56,0.10,1
28334,61077,24183,21113,0,0,-0.31005,2.64440,9.45710,-0.005326,-0.008522,-0.009587,15.608,1.838,-0.344,0.0043,0.0102,-0.0215,0.3248,-0.6135,-0.4317,-0.0057767,-0.0086362,-0.0105806,0.001661,0.005440,0.021679,0.00000,0.00000,0.000,0.000,0.000,0.000,0.000,-6.0000,0.0000,0.0000,6.0000,95.00,95.00,90.00,90.00,65535,65535,65535,1500,1,14,40.4365060,-86.8936853,158.624,0.020,0.030,0.020,3,0.38,0.56,0.10,1
28364,24451,29467,21549,0,0,-0.29928,2.67073,9.46189,-0.004261,-0.009587,-0.010653,15.619,1.832,-0.347,0.0046,0.0107,-0.0214,0.3249,-0.6133,-0.4322,-0.0057849,-0.0086312,-0.0105791,0.001672,0.005419,0.021684,0.00000,0.00000,0.000,0.000,0.000,0.000,0.000,-6.0000,0.0000,0.0000,6.0000,95.00,95.00,90.00,90.00,65535,65535,65535,1500,1,14,40.4365060,-86.8936853,158.624,0.020,0.030,0.020,3,0.38,0.56,0.10,1
28393,29680,29490,21466,0,0,-0.29090,2.67073,9.46069,-0.005326,-0.009587,-0.011718,15.627,1.825,-0.354,0.0050,0.0113,-0.0212,0.3250,-0.6129,-0.4328,-0.0057927,-0.0086239,-0.0105771,0.001686,0.005403,0.021690,0.00000,0.00000,0.000,0.000,0.000,0.000,0.000,-6.0000,0.0000,0.0000,6.0000,95.00,95.00,90.00,90.00,65535,65535,65535,1500,1,14,40.4365060,-86.8936853,158.624,0.020,0.030,0.020,3,0.38,0.56,0.10,1
28422,29696,28898,25891,0,0,-0.29688,2.62165,9.46667,-0.006392,-0.008522,-0.011718,15.618,1.821,-0.358,0.0053,0.0107,-0.0212,0.3252,-0.6126,-0.4335,-0.0057849,-0.0086188,-0.0105761,0.001693,0.005425,0.021684,0.00000,0.00000,0.000,0.000,0.000,0.000,0.000,-6.0000,0.0000,0.0000,6.0000,95.00,95.00,90.00,90.00,65535,65535,65535,1500,1,14,40.4365060,-86.8936853,158.624,0.020,0.030,0.020,3,0.38,0.56,0.10,1
28446,29099,23349,20336,0,0,-0.30287,2.62524,9.46667,-0.005326,-0.008522,-0.010653,15.612,1.819,-0.360,0.0054,0.0104,-0.0213,0.3253,-0.6123,-0.4341,-0.0057786,-0.0086159,-0.0105756,0.001697,0.005442,0.021679,0.00000,0.00000,0.000,0.000,0.000,0.000,0.000,-6.0000,0.0000,0.0000,6.0000,95.00,95.00,90.00,90.00,65535,65535,65535,1500,1,14,40.4365060,-86.8936853,158.624,0.020,0.030,0.020,3,0.38,0.56,0.10,1
28475,23532,29320,21414,0,0,-0.33399,2.63961,9.46308,-0.005326,-0.008522,-0.010653,15.612,1.825,-0.356,0.0051,0.0103,-0.0212,0.3255,-0.6120,-0.4346,-0.0057771,-0.0086226,-0.0105771,0.001686,0.005442,0.021679,0.00000,0.00000,0.000,0.000,0.000,0.000,0.000,-6.0000,0.0000,0.0000,6.0000,95.00,95.00,90.00,90.00,65535,65535,65535,1500,1,14,40.4365060,-86.8936853,158.624,0.020,0.030,0.020,3,0.38,0.56,0.10,1
28506,29527,30185,22126,0,0,-0.34596,2.63841,9.45829,-0.006392,-0.009587,-0.010653,15.610,1.832,-0.352,0.0044,0.0103,-0.0213,0.3256,-0.6117,-0.4352,-0.0057759,-0.0086327,-0.0105792,0.001671,0.005440,0.021679,0.00000,0.00000,0.000,0.000,0.000,0.000,0.000,-6.0000,0.0000,0.0000,6.0000,95.00,95.00,90.00,90.00,65535,65535,65535,1500,1,14,40.4365060,-86.8936853,158.624,0.020,0.030,0.020,3,0.38,0.56,0.10,1
28567,67663,24122,21142,0,0,-0.28491,2.64200,9.46308,-0.007457,-0.008522,-0.010653,15.606,1.819,-0.339,0.0027,-0.0016,-0.0035,0.3285,-0.6152,-0.4349,-0.0057787,-0.0086225,-0.0105919,0.001556,0.005645,0.020973,0.00000,0.00000,0.000,0.000,0.000,0.000,0.000,-6.0000,0.0000,0.0000,6.0000,95.00,95.00,90.00,90.00,65535,65535,65535,1500,1,14,40.4365061,-86.8936852,158.655,0.000,-0.010,-0.010,3,0.37,0.56,0.10,1
28603,24383,34878,26997,0,0,-0.29568,2.63482,9.46787,-0.007457,-0.008522,-0.011718,15.601,1.815,-0.343,0.0030,-0.0017,-0.0034,0.3285,-0.6152,-0.4350,-0.0057759,-0.0086174,-0.0105907,0.001562,0.005655,0.020971,0.00000,0.00000,0.000,0.000,0.000,0.000,0.000,-6.0000,0.0000,0.0000,6.0000,95.00,95.00,90.00,90.00,65535,65535,65535,1500,1,14,40.4365061,-86.8936852,158.655,0.000,-0.010,-0.010,3,0.37,0.56,0.10,1
28626,35068,23510,15439,0,0,-0.30526,2.63961,9.46428,-0.005326,-0.007457,-0.010653,15.601,1.815,-0.344,0.0031,-0.0018,-0.0034,0.3286,-0.6153,-0.4351,-0.0057749,-0.0086154,-0.0105903,0.001565,0.005659,0.020970,0.00000,0.00000,0.000,0.000,0.000,0.000,0.000,-6.0000,0.0000,0.0000,6.0000,95.00,95.00,90.00,90.00,65535,65535,65535,1500,1,14,40.4365061,-86.8936852,158.655,0.000,-0.010,-0.010,3,0.37,0.56,0.10,1
28656,23705,29602,21599,0,0,-0.31843,2.63841,9.46308,-0.005326,-0.008522,-0.010653,15.600,1.817,-0.343,0.0029,-0.0019,-0.0033,0.3287,-0.6153,-0.4352,-0.0057737,-0.0086176,-0.0105908,0.001561,0.005661,0.020969,0.00000,0.00000,0.000,0.000,0.000,0.000,0.000,-6.0000,0.0000,0.0000,6.0000,95.00,95.00,90.00,90.00,65535,65535,65535,1500,1,14,40.4365061,-86.8936852,158.655,0.000,-0.010,-0.010,3,0.37,0.56,0.10,1
28686,29802,29406,21476,0,0,-0.31005,2.65397,9.45470,-0.006392,-0.008522,-0.010653,15.604,1.817,-0.343,0.0029,-0.0016,-0.0034,0.3288,-0.6154,-0.4353,-0.0057779,-0.0086171,-0.0105906,0.001563,0.005651,0.020972,0.00000,0.00000,0.000,0.000,0.000,0.000,0.000,-6.0000,0.0000,0.0000,6.0000,95.00,95.00,90.00,90.00,65535,65535,65535,1500,1,14,40.4365061,-86.8936852,158.655,0.000,-0.010,-0.010,3,0.37,0.56,0.10,1
28716,29615,29877,21859,0,0,-0.31005,2.64559,9.46308,-0.005326,-0.008522,-0.010653,15.605,1.817,-0.344,0.0028,-0.0015,-0.0034,0.3289,-0.6154,-0.4354,-0.0057787,-0.0086166,-0.0105905,0.001564,0.005649,0.020973,0.00000,0.00000,0.000,0.000,0.000,0.000,0.000,-6.0000,0.0000,0.0000,6.0000,95.00,95.00,90.00,90.00,65535,65535,65535,1500,1,14,40.4365061,-86.8936852,158.655,0.000,-0.010,-0.010,3,0.37,0.56,0.10,1
28754,44253,24091,21083,0,0,-0.30406,2.65637,9.46189,-0.006392,-0.008522,-0.010653,15.604,1.821,-0.365,0.0073,0.0105,-0.0071,0.3335,-0.6135,-0.4389,-0.0057799,-0.0086150,-0.0105734,0.001721,0.005326,0.021208,0.00000,0.00000,0.000,0.000,0.000,0.000,0.000,-6.0000,0.0000,0.0000,6.0000,95.00,95.00,90.00,90.00,65535,65535,65535,1500,1,14,40.4365062,-86.8936850,158.663,0.010,0.020,0.010,3,0.37,0.56,0.10,1
28783,24346,23728,20744,0,0,-0.28730,2.69348,9.45829,-0.005326,-0.009587,-0.010653,15.620,1.813,-0.371,0.0078,0.0114,-0.0068,0.3337,-0.6132,-0.4391,-0.0057950,-0.0086073,-0.0105711,0.001737,0.005289,0.021219,0.00000,0.00000,0.000,0.000,0.000,0.000,0.000,-6.0000,0.0000,0.0000,6.0000,95.00,95.00,90.00,90.00,65535,65535,65535,1500,1,14,40.4365062,-86.8936850,158.663,0.010,0.020,0.010,3,0.37,0.56,0.10,1
28813,28959,29465,21518,0,0,-0.30047,2.63362,9.46907,-0.008522,-0.008522,-0.011718,15.611,1.811,-0.374,0.0079,0.0111,-0.0067,0.3339,-0.6129,-0.4393,-0.0057913,-0.0086041,-0.0105705,0.001739,0.005300,0.021216,0.00000,0.00000,0.000,0.000,0.000,0.000,0.000,-6.0000,0.0000,0.0000,6.0000,95.00,95.00,90.00,90.00,65535,65535,65535,1500,1,14,40.4365062,-86.8936850,158.663,0.010,0.020,0.010,3,0.37,0.56,0.10,1
28851,29664,38034,29998,0,0,-0.29928,2.61567,9.46667,-0.006392,-0.008522,-0.011718,15.602,1.809,-0.377,0.0081,0.0106,-0.0068,0.3341,-0.6125,-0.4395,-0.0057828,-0.0086007,-0.0105699,0.001740,0.005322,0.021209,0.00000,0.00000,0.000,0.000,0.000,0.000,0.000,-6.0000,0.0000,0.0000,6.0000,95.00,95.00,90.00,90.00,65535,65535,65535,1500,1,14,40.4365062,-86.8936850,158.663,0.010,0.020,0.010,3,0.37,0.56,0.10,1
28882,38216,30659,27659,0,0,-0.32441,2.62405,9.46069,-0.006392,-0.008522,-0.010653,15.595,1.813,-0.375,0.0076,0.0101,-0.0070,0.3344,-0.6122,-0.4397,-0.0057777,-0.0086050,-0.0105709,0.001735,0.005333,0.021206,0.00000,0.00000,0.000,0.000,0.000,0.000,0.000,-6.0000,0.0000,0.0000,6.0000,95.00,95.00,90.00,90.00,65535,65535,65535,1500,1,14,40.4365062,-86.8936850,158.663,0.010,0.020,0.010,3,0.37,0.56,0.10,1
28920,30845,38182,30310,0,0,-0.34357,2.63721,9.45470,-0.005326,-0.008522,-0.010653,15.596,1.822,-0.370,0.0068,0.0101,-0.0072,0.3347,-0.6118,-0.4399,-0.0057772,-0.0086149,-0.0105729,0.001725,0.005330,0.021207,0.00000,0.00000,0.000,0.000,0.000,0.000,0.000,-6.0000,0.0000,0.0000,6.0000,95.00,95.00,90.00,90.00,65535,65535,65535,1500,1,14,40.4365062,-86.8936850,158.663,0.010,0.020,0.010,3,0.37,0.56,0.10,1
28979,72542,24177,21176,0,0,-0.25379,2.65517,9.46069,-0.004261,-0.008522,-0.010653,15.608,1.783,-0.314,-0.0070,0.0103,-0.0146,0.3349,-0.6118,-0.4445,-0.0057814,-0.0085921,-0.0106235,0.001369,0.005314,0.021467,0.00000,0.00000,0.000,0.000,0.000,0.000,0.000,-6.0000,0.0000,0.0000,6.0000,95.00,95.00,90.00,90.00,65535,65535,65535,1500,1,15,40.4365063,-86.8936849,158.669,-0.020,0.010,0.020,3,0.37,0.55,0.10,1
29009,24453,29424,21552,0,0,-0.33279,2.65756,9.46308,-0.005326,-0.007457,-0.010653,15.613,1.792,-0.309,-0.0076,0.0105,-0.0145,0.3347,-0.6115,-0.4448,-0.0057856,-0.0086004,-0.0106254,0.001358,0.005299,0.021471,0.00000,0.00000,0.000,0.000,0.000,0.000,0.000,-6.0000,0.0000,0.0000,6.0000,95.00,95.00,90.00,90.00,65535,65535,65535,1500,1,15,40.4365063,-86.8936849,158.669,-0.020,0.010,0.020,3,0.37,0.55,0.10,1
29039,29634,29740,21719,0,0,-0.36631,2.64918,9.45590,-0.006392,-0.008522,-0.010653,15.614,1.808,-0.299,-0.0090,0.0107,-0.0145,0.3345,-0.6112,-0.4452,-0.0057876,-0.0086188,-0.0106296,0.001332,0.005285,0.021474,0.00000,0.00000,0.000,0.000,0.000,0.000,0.000,-6.0000,0.0000,0.0000,6.0000,95.00,95.00,90.00,90.00,65535,65535,65535,1500,1,15,40.4365063,-86.8936849,158.669,-0.020,0.010,0.020,3,0.37,0.55,0.10,1
29068,29944,29152,21138,0,0,-0.31364,2.65397,9.45949,-0.007457,-0.010653,-0.010653,15.615,1.806,-0.299,-0.0091,0.0109,-0.0145,0.3342,-0.6108,-0.4457,-0.0057908,-0.0086200,-0.0106298,0.001331,0.005276,0.021476,0.00000,0.00000,0.000,0.000,0.000,0.000,0.000,-6.0000,0.0000,0.0000,6.0000,95.00,95.00,90.00,90.00,65535,65535,65535,1500,1,15,40.4365063,-86.8936849,158.669,-0.020,0.010,0.020,3,0.37,0.55,0.10,1
29091,29347,23395,20381,0,0,-0.26815,2.66355,9.46308,-0.008522,-0.009587,-0.009587,15.616,1.793,-0.305,-0.0083,0.0113,-0.0143,0.3339,-0.6105,-0.4461,-0.0057966,-0.0086073,-0.0106270,0.001345,0.005267,0.021479,0.00000,0.00000,0.000,0.000,0.000,0.000,0.000,-6.0000,0.0000,0.0000,6.0000,95.00,95.00,90.00,90.00,65535,65535,65535,1500,1,15,40.4365063,-86.8936849,158.669,-0.020,0.010,0.020,3,0.37,0.55,0.10,1
29121,23595,29380,21459,0,0,-0.29449,2.65517,9.45590,-0.009587,-0.008522,-0.010653,15.614,1.789,-0.307,-0.0082,0.0115,-0.0144,0.3337,-0.6103,-0.4464,-0.0058004,-0.0086034,-0.0106262,0.001348,0.005260,0.021481,0.00000,0.00000,0.000,0.000,0.000,0.000,0.000,-6.0000,0.0000,0.0000,6.0000,95.00,95.00,90.00,90.00,65535,65535,65535,1500,1,15,40.4365063,-86.8936849,158.669,-0.020,0.010,0.020,3,0.37,0.55,0.10,1
29166,50697,24116,21109,0,0,-0.28012,2.65158,9.46428,-0.008522,-0.009587,-0.010653,15.614,1.789,-0.340,0.0028,-0.0113,-0.0340,0.3397,-0.6153,-0.4541,-0.0058087,-0.0085974,-0.0106021,0.001409,0.006242,0.021911,0.00000,0.00000,0.000,0.000,0.000,0.000,0.000,-6.0000,0.0000,0.0000,6.0000,95.00,95.00,90.00,90.00,65535,65535,65535,1500,1,15,40.4365064,-86.8936848,158.662,0.010,-0.030,0.050,3,0.37,0.55,0.10,1
29196,24371,29449,21579,0,0,-0.27773,2.67073,9.46069,-0.012783,-0.006392,-0.009587,15.612,1.784,-0.342,0.0033,-0.0108,-0.0339,0.3398,-0.6155,-0.4549,-0.0058170,-0.0085884,-0.0105999,0.001413,0.006222,0.021917,0.00000,0.00000,0.000,0.000,0.000,0.000,0.000,-6.0000,0.0000,0.0000,6.0000,95.00,95.00,90.00,90.00,65535,65535,65535,1500,1,15,40.4365064,-86.8936848,158.662,0.010,-0.030,0.050,3,0.37,0.55,0.10,1
29234,29661,38089,30027,0,0,-0.32920,2.62644,9.45590,-0.008522,-0.008522,-0.010653,15.603,1.790,-0.339,0.0027,-0.0111,-0.0342,0.3399,-0.6159,-0.4559,-0.0058126,-0.0085955,-0.0106015,0.001412,0.006231,0.021914,0.00000,0.00000,0.000,0.000,0.000,0.000,0.000,-6.0000,0.0000,0.0000,6.0000,95.00,95.00,90.00,90.00,65535,65535,65535,1500,1,15,40.4365064,-86.8936848,158.662,0.010,-0.030,0.050,3,0.37,0.55,0.10,1
29265,38277,30308,27303,0,0,-0.30646,2.69467,9.45710,-0.003196,-0.010653,-0.010653,15.625,1.786,-0.340,0.0027,-0.0096,-0.0338,0.3400,-0.6162,-0.4572,-0.0058280,-0.0085955,-0.0106011,0.001413,0.006193,0.021925,0.00000,0.00000,0.000,0.000,0.000,0.000,0.000,-6.0000,0.0000,0.0000,6.0000,95.00,95.00,90.00,90.00,65535,65535,65535,1500,1,15,40.4365064,-86.8936848,158.662,0.010,-0.030,0.050,3,0.37,0.55,0.10,1
29299,30495,33958,26096,0,0,-0.25857,2.66714,9.46189,-0.010653,-0.008522,-0.011718,15.622,1.773,-0.349,0.0036,-0.0092,-0.0337,0.3401,-0.6165,-0.4582,-0.0058346,-0.0085809,-0.0105983,0.001410,0.006182,0.021928,0.00000,0.00000,0.000,0.000,0.000,0.000,0.000,-6.0000,0.0000,0.0000,6.0000,95.00,95.00,90.00,90.00,65535,65535,65535,1500,1,15,40.4365064,-86.8936848,158.662,0.010,-0.030,0.050,3,0.37,0.55,0.10,1
29330,34159,31120,26983,0,0,-0.28491,2.62764,9.47026,-0.009587,-0.008522,-0.010653,15.609,1.768,-0.352,0.0040,-0.0096,-0.0336,0.3402,-0.6168,-0.4594,-0.0058289,-0.0085750,-0.0105974,0.001407,0.006195,0.021924,0.00000,0.00000,0.000,0.000,0.000,0.000,0.000,-6.0000,0.0000,0.0000,6.0000,95.00,95.00,90.00,90.00,65535,65535,65535,1500,1,15,40.4365064,-86.8936848,158.662,0.010,-0.030,0.050,3,0.37,0.55,0.10,1
29377,51465,25744,21065,0,0,-0.31364,2.66235,9.45710,-0.005326,-0.009587,-0.010653,15.619,1.794,-0.424,0.0249,-0.0263,-0.0261,0.3499,-0.6214,-0.4608,-0.0058394,-0.0085830,-0.0105394,0.001781,0.006800,0.021503,0.00000,0.00000,0.000,0.000,0.000,0.000,0.000,-6.0000,0.0000,0.0000,6.0000,95.00,95.00,90.00,90.00,65535,65535,65535,1500,1,15,40.4365066,-86.8936848,158.685,0.040,-0.040,0.020,3,0.37,0.55,0.09,1
29406,26020,29656,21633,0,0,-0.30167,2.66834,9.46548,-0.005326,-0.010653,-0.010653,15.626,1.789,-0.426,0.0249,-0.0259,-0.0258,0.3505,-0.6221,-0.4614,-0.0058459,-0.0085813,-0.0105389,0.001780,0.006782,0.021508,0.00000,0.00000,0.000,0.000,0.000,0.000,0.000,-6.0000,0.0000,0.0000,6.0000,95.00,95.00,90.00,90.00,65535,65535,65535,1500,1,15,40.4365066,-86.8936848,158.685,0.040,-0.040,0.020,3,0.37,0.55,0.09,1
29430,29875,23455,15432,0,0,-0.30047,2.66116,9.46189,-0.008522,-0.010653,-0.010653,15.626,1.784,-0.428,0.0250,-0.0256,-0.0257,0.3513,-0.6228,-0.4622,-0.0058504,-0.0085794,-0.0105384,0.001778,0.006771,0.021511,0.00000,0.00000,0.000,0.000,0.000,0.000,0.000,-6.0000,0.0000,0.0000,6.0000,95.00,95.00,90.00,90.00,65535,65535,65535,1500,1,15,40.4365066,-86.8936848,158.685,0.040,-0.040,0.020,3,0.37,0.55,0.09,1
29460,23659,29406,21527,0,0,-0.29090,2.64679,9.45949,-0.010653,-0.009587,-0.011718,15.620,1.779,-0.432,0.0252,-0.0256,-0.0257,0.3519,-0.6234,-0.4628,-0.0058510,-0.0085750,-0.0105376,0.001776,0.006771,0.021511,0.00000,0.00000,0.000,0.000,0.000,0.000,0.000,-6.0000,0.0000,0.0000,6.0000,95.00,95.00,90.00,90.00,65535,65535,65535,1500,1,15,40.4365066,-86.8936848,158.685,0.040,-0.040,0.020,3,0.37,0.55,0.09,1
29489,29602,29538,21490,0,0,-0.29928,2.62644,9.46787,-0.010653,-0.008522,-0.011718,15.607,1.778,-0.435,0.0252,-0.0260,-0.0257,0.3526,-0.6242,-0.4636,-0.0058455,-0.0085732,-0.0105373,0.001776,0.006784,0.021508,0.00000,0.00000,0.000,0.000,0.000,0.000,0.000,-6.0000,0.0000,0.0000,6.0000,95.00,95.00,90.00,90.00,65535,65535,65535,1500,1,15,40.4365066,-86.8936848,158.685,0.040,-0.040,0.020,3,0.37,0.55,0.09,1
29528,29737,38513,30446,0,0,-0.32561,2.61327,9.46428,-0.010653,-0.008522,-0.010653,15.590,1.784,-0.433,0.0247,-0.0266,-0.0259,0.3533,-0.6250,-0.4643,-0.0058372,-0.0085794,-0.0105385,0.001787,0.006803,0.021503,0.00000,0.00000,0.000,0.000,0.000,0.000,0.000,-6.0000,0.0000,0.0000,6.0000,95.00,95.00,90.00,90.00,65535,65535,65535,1500,1,15,40.4365066,-86.8936848,158.685,0.040,-0.040,0.020,3,0.37,0.55,0.09,1
29577,39380,47664,44652,0,0,-0.36272,2.59412,9.47026,-0.009587,-0.009587,-0.010653,15.567,1.763,-0.324,-0.0058,-0.0127,-0.0012,0.3520,-0.6218,-0.4604,-0.0058199,-0.0085902,-0.0106238,0.001344,0.005957,0.020854,0.00000,0.00000,0.000,0.000,0.000,0.000,0.000,-6.0000,0.0000,0.0000,6.0000,95.00,95.00,90.00,90.00,65535,65535,65535,1500,1,15,40.4365066,-86.8936846,158.713,-0.030,0.000,-0.020,3,0.37,0.55,0.10,1
29629,65157,34793,26823,0,0,-0.22984,2.68989,9.45829,-0.006392,-0.008522,-0.010653,15.582,1.742,-0.335,-0.0018,-0.0097,-0.0008,0.3518,-0.6225,-0.4604,-0.0058366,-0.0085673,-0.0106192,0.001315,0.005918,0.020864,0.00000,0.00000,0.000,0.000,0.000,0.000,0.000,-6.0000,0.0000,0.0000,6.0000,95.00,95.00,90.00,90.00,65535,65535,65535,1500,1,15,40.4365066,-86.8936846,158.713,-0.030,0.000,-0.020,3,0.37,0.55,0.10,1
29659,35058,29347,26288,0,0,-0.30167,2.67672,9.46548,-0.008522,-0.007457,-0.011718,15.588,1.745,-0.337,-0.0019,-0.0088,-0.0003,0.3517,-0.6228,-0.4605,-0.0058481,-0.0085679,-0.0106191,0.001314,0.005890,0.020872,0.00000,0.00000,0.000,0.000,0.000,0.000,0.000,-6.0000,0.0000,0.0000,6.0000,95.00,95.00,90.00,90.00,65535,65535,65535,1500,1,15,40.4365066,-86.8936846,158.713,-0.030,0.000,-0.020,3,0.37,0.55,0.10,1
29688,29553,29220,26213,0,0,-0.33279,2.63602,9.46787,-0.007457,-0.009587,-0.011718,15.584,1.754,-0.334,-0.0026,-0.0089,-0.0001,0.3517,-0.6231,-0.4605,-0.0058466,-0.0085784,-0.0106209,0.001329,0.005892,0.020871,0.00000,0.00000,0.000,0.000,0.000,0.000,0.000,-6.0000,0.0000,0.0000,6.0000,95.00,95.00,90.00,90.00,65535,65535,65535,1500,1,15,40.4365066,-86.8936846,158.713,-0.030,0.000,-0.020,3,0.37,0.55,0.10,1
29718,29419,29760,21789,0,0,-0.30406,2.62644,9.46428,-0.007457,-0.008522,-0.010653,15.577,1.755,-0.334,-0.0027,-0.0091,-0.0002,0.3516,-0.6233,-0.4605,-0.0058429,-0.0085794,-0.0106211,0.001331,0.005900,0.020869,0.00000,0.00000,0.000,0.000,0.000,0.000,0.000,-6.0000,0.0000,0.0000,6.0000,95.00,95.00,90.00,90.00,65535,65535,65535,1500,1,15,40.4365066,-86.8936846,158.713,-0.030,0.000,-0.020,3,0.37,0.55,0.10,1
29748,30662,29389,21371,0,0,-0.31005,2.59292,9.47026,-0.006392,-0.008522,-0.009587,15.557,1.782,-0.404,0.0159,0.0011,-0.0220,0.3605,-0.6202,-0.4667,-0.0058262,-0.0085861,-0.0105631,0.001768,0.005887,0.021644,0.00000,0.00000,0.000,0.000,0.000,0.000,0.000,-6.0000,0.0000,0.0000,6.0000,95.00,95.00,90.00,90.00,65535,65535,65535,1500,1,14,40.4365068,-86.8936845,158.693,0.030,0.010,0.040,3,0.37,0.55,0.10,1
29777,34615,23650,20674,0,0,-0.28970,2.62883,9.46189,-0.002131,-0.008522,-0.010653,15.563,1.777,-0.407,0.0163,0.0009,-0.0221,0.3611,-0.6201,-0.4675,-0.0058243,-0.0085813,-0.0105621,0.001765,0.005893,0.021642,0.00000,0.00000,0.000,0.000,0.000,0.000,0.000,-6.0000,0.0000,0.0000,6.0000,95.00,95.00,90.00,90.00,65535,65535,65535,1500,1,14,40.4365068,-86.8936845,158.693,0.030,0.010,0.040,3,0.37,0.55,0.10,1
29807,23857,29396,21407,0,0,-0.27054,2.68510,9.45470,-0.006392,-0.008522,-0.011718,15.577,1.769,-0.414,0.0168,0.0017,-0.0221,0.3615,-0.6201,-0.4680,-0.0058393,-0.0085709,-0.0105598,0.001758,0.005856,0.021652,0.00000,0.00000,0.000,0.000,0.000,0.000,0.000,-6.0000,0.0000,0.0000,6.0000,95.00,95.00,90.00,90.00,65535,65535,65535,1500,1,14,40.4365068,-86.8936845,158.693,0.030,0.010,0.040,3,0.37,0.55,0.10,1
29845,49511,18142,15149,0,0,-0.33040,2.62045,9.46189,-0.008522,-0.008522,-0.011718,15.565,1.777,-0.413,0.0156,0.0012,-0.0223,0.3623,-0.6200,-0.4691,-0.0058346,-0.0085792,-0.0105614,0.001766,0.005866,0.021649,0.00000,0.00000,0.000,0.000,0.000,0.000,0.000,-6.0000,0.0000,0.0000,6.0000,95.00,95.00,90.00,90.00,65535,65535,65535,1500,1,14,40.4365068,-86.8936845,158.693,0.030,0.010,0.040,3,0.37,0.55,0.10,1
29875,18420,29445,21495,0,0,-0.33040,2.60489,9.47146,-0.005326,-0.008522,-0.010653,15.555,1.784,-0.409,0.0153,0.0009,-0.0223,0.3626,-0.6200,-0.4695,-0.0058249,-0.0085869,-0.0105629,0.001773,0.005887,0.021644,0.00000,0.00000,0.000,0.000,0.000,0.000,0.000,-6.0000,0.0000,0.0000,6.0000,95.00,95.00,90.00,90.00,65535,65535,65535,1500,1,14,40.4365068,-86.8936845,158.693,0.030,0.010,0.040,3,0.37,0.55,0.10,1
29913,29651,38368,30337,0,0,-0.30167,2.62045,9.46907,-0.004261,-0.008522,-0.010653,15.553,1.783,-0.410,0.0153,0.0006,-0.0223,0.3630,-0.6200,-0.4702,-0.0058204,-0.0085856,-0.0105627,0.001772,0.005898,0.021641,0.00000,0.00000,0.000,0.000,0.000,0.000,0.000,-6.0000,0.0000,0.0000,6.0000,95.00,95.00,90.00,90.00,65535,65535,65535,1500,1,14,40.4365068,-86.8936845,158.693,0.030,0.010,0.040,3,0.37,0.55,0.10,1
29957,39239,43053,37927,0,0,-0.29568,2.64799,9.46189,-0.004261,-0.008522,-0.010653,15.568,1.747,-0.311,-0.0096,-0.0160,-0.0321,0.3627,-0.6226,-0.4742,-0.0058287,-0.0085771,-0.0106425,0.001155,0.006369,0.021828,0.00000,0.00000,0.000,0.000,0.000,0.000,0.000,-6.0000,0.0000,0.0000,6.0000,95.00,95.00,90.00,90.00,65535,65535,65535,1500,1,14,40.4365068,-86.8936844,158.698,-0.030,-0.030,0.040,3,0.36,0.55,0.09,1
29987,43278,29351,21415,0,0,-0.29209,2.66834,9.46069,-0.006392,-0.008522,-0.011718,15.577,1.746,-0.315,-0.0094,-0.0149,-0.0319,0.3622,-0.6232,-0.4756,-0.0058383,-0.0085747,-0.0106418,0.001156,0.006344,0.021835,0.00000,0.00000,0.000,0.000,0.000,0.000,0.000,-6.0000,0.0000,0.0000,6.0000,95.00,95.00,90.00,90.00,65535,65535,65535,1500,1,14,40.4365068,-86.8936844,158.698,-0.030,-0.030,0.040,3,0.36,0.55,0.09,1
30017,29562,29627,26614,0,0,-0.29090,2.64440,9.45829,-0.007457,-0.008522,-0.011718,15.576,1.744,-0.318,-0.0093,-0.0148,-0.0320,0.3620,-0.6236,-0.4766,-0.0058407,-0.0085721,-0.0106412,0.001156,0.006339,0.021837,0.00000,0.00000,0.000,0.000,0.000,0.000,0.000,-6.0000,0.0000,0.0000,6.0000,95.00,95.00,90.00,90.00,65535,65535,65535,1500,1,14,40.4365068,-86.8936844,158.698,-0.030,-0.030,0.040,3,0.36,0.55,0.09,1
30055,50034,18127,15136,0,0,-0.32801,2.60130,9.47505,-0.004261,-0.008522,-0.010653,15.569,1.752,-0.314,-0.0106,-0.0163,-0.0319,0.3615,-0.6244,-0.4782,-0.0058285,-0.0085810,-0.0106432,0.001154,0.006365,0.021829,0.00000,0.00000,0.000,0.000,0.000,0.000,0.000,-6.0000,0.0000,0.0000,6.0000,95.00,95.00,90.00,90.00,65535,65535,65535,1500,1,14,40.4365068,-86.8936844,158.698,-0.030,-0.030,0.040,3,0.36,0.55,0.09,1
30079,23455,18544,15534,0,0,-0.31723,2.62524,9.47026,-0.004261,-0.008522,-0.010653,15.567,1.757,-0.311,-0.0108,-0.0165,-0.0318,0.3612,-0.6248,-0.4789,-0.0058245,-0.0085861,-0.0106441,0.001153,0.006372,0.021827,0.00000,0.00000,0.000,0.000,0.000,0.000,0.000,-6.0000,0.0000,0.0000,6.0000,95.00,95.00,90.00,90.00,65535,65535,65535,1500,1,14,40.4365068,-86.8936844,158.698,-0.030,-0.030,0.040,3,0.36,0.55,0.09,1
30109,18768,29469,21527,0,0,-0.29209,2.66355,9.46907,-0.004261,-0.008522,-0.009587,15.576,1.754,-0.312,-0.0108,-0.0163,-0.0316,0.3610,-0.6251,-0.4795,-0.0058318,-0.0085832,-0.0106435,0.001154,0.006357,0.021832,0.00000,0.00000,0.000,0.000,0.000,0.000,0.000,-6.0000,0.0000,0.0000,6.0000,95.00,95.00,90.00,90.00,65535,65535,65535,1500,1,14,40.4365068,-86.8936844,158.698,-0.030,-0.030,0.040,3,0.36,0.55,0.09,1
30139,29679,29992,21982,0,0,-0.28850,2.66116,9.45829,-0.007457,-0.009587,-0.010653,15.580,1.749,-0.314,-0.0106,-0.0159,-0.0316,0.3607,-0.6256,-0.4805,-0.0058390,-0.0085796,-0.0106428,0.001154,0.006343,0.021835,0.00000,0.00000,0.000,0.000,0.000,0.000,0.000,-6.0000,0.0000,0.0000,6.0000,95.00,95.00,90.00,90.00,65535,65535,65535,1500,1,14,40.4365068,-86.8936844,158.698,-0.030,-0.030,0.040,3,0.36,0.55,0.09,1
30175,30869,35623,27552,0,0,-0.30406,2.63721,9.45829,-0.006392,-0.008522,-0.011718,15.579,1.748,-0.306,-0.0132,-0.0118,-0.0342,0.3648,-0.6235,-0.4825,-0.0058380,-0.0085801,-0.0106502,0.001118,0.006220,0.021953,0.00000,0.00000,0.000,0.000,0.000,0.000,0.000,-6.0000,0.0000,0.0000,6.0000,95.00,95.00,90.00,90.00,65535,65535,65535,1500,1,14,40.4365069,-86.8936843,158.710,-0.016,-0.009,0.036,3,0.36,0.55,0.10,1
30214,35959,38115,30100,0,0,-0.30526,2.61806,9.46428,-0.007457,-0.007457,-0.010653,15.569,1.751,-0.305,-0.0135,-0.0123,-0.0344,0.3643,-0.6239,-0.4838,-0.0058323,-0.0085817,-0.0106506,0.001116,0.006235,0.021949,0.00000,0.00000,0.000,0.000,0.000,0.000,0.000,-6.0000,0.0000,0.0000,6.0000,95.00,95.00,90.00,90.00,65535,65535,65535,1500,1,14,40.4365069,-86.8936843,158.710,-0.020,-0.010,0.040,3,0.36,0.55,0.10,1
30250,38312,35719,27757,0,0,-0.31364,2.62405,9.46308,-0.006392,-0.008522,-0.010653,15.565,1.755,-0.303,-0.0139,-0.0127,-0.0346,0.3638,-0.6244,-0.4851,-0.0058287,-0.0085857,-0.0106515,0.001114,0.006242,0.021947,0.00000,0.00000,0.000,0.000,0.000,0.000,0.000,-6.0000,0.0000,0.0000,6.0000,95.00,95.00,90.00,90.00,65535,65535,65535,1500,1,14,40.4365069,-86.8936843,158.710,-0.020,-0.010,0.040,3,0.36,0.55,0.10,1
30305,57397,33637,30650,0,0,-0.30167,2.64559,9.45590,-0.006392,-0.008522,-0.010653,15.566,1.756,-0.303,-0.0141,-0.0122,-0.0349,0.3630,-0.6251,-0.4871,-0.0058324,-0.0085859,-0.0106515,0.001114,0.006234,0.021949,0.00000,0.00000,0.000,0.000,0.000,0.000,0.000,-6.0000,0.0000,0.0000,6.0000,95.00,95.00,90.00,90.00,65535,65535,65535,1500,1,14,40.4365069,-86.8936843,158.710,-0.020,-0.010,0.040,3,0.36,0.55,0.10,1
30341,34578,35357,32334,0,0,-0.29808,2.63242,9.45949,-0.007457,-0.008522,-0.011718,15.561,1.770,-0.349,-0.0015,-0.0119,-0.0260,0.3701,-0.6236,-0.4861,-0.0058317,-0.0085876,-0.0106162,0.001358,0.006214,0.021649,0.00000,0.00000,0.000,0.000,0.000,0.000,0.000,-6.0000,0.0000,0.0000,6.0000,95.00,95.00,90.00,90.00,65535,65535,65535,1500,1,14,40.4365069,-86.8936842,158.732,0.008,-0.012,0.018,3,0.36,0.55,0.10,1
30371,35682,29479,21445,0,0,-0.30765,2.62644,9.47266,-0.005326,-0.008522,-0.010653,15.559,1.772,-0.349,-0.0017,-0.0122,-0.0258,0.3701,-0.6240,-0.4871,-0.0058283,-0.0085888,-0.0106165,0.001356,0.006223,0.021647,0.00000,0.00000,0.000,0.000,0.000,0.000,0.000,-6.0000,0.0000,0.0000,6.0000,95.00,95.00,90.00,90.00,65535,65535,65535,1500,1,14,40.4365069,-86.8936842,158.732,0.010,-0.010,0.020,3,0.36,0.55,0.10,1
30400,29694,28949,20995,0,0,-0.30287,2.64440,9.46308,-0.005326,-0.008522,-0.010653,15.562,1.771,-0.349,-0.0018,-0.0120,-0.0257,0.3700,-0.6244,-0.4878,-0.0058311,-0.0085884,-0.0106164,0.001357,0.006216,0.021649,0.00000,0.00000,0.000,0.000,0.000,0.000,0.000,-6.0000,0.0000,0.0000,6.0000,95.00,95.00,90.00,90.00,65535,65535,65535,1500,1,14,40.4365069,-86.8936842,158.732,0.010,-0.010,0.020,3,0.36,0.55,0.10,1
30424,29172,23367,15331,0,0,-0.32082,2.64320,9.45590,-0.006392,-0.009587,-0.010653,15.564,1.775,-0.347,-0.0022,-0.0118,-0.0259,0.3700,-0.6247,-0.4886,-0.0058340,-0.0085937,-0.0106174,0.001356,0.006207,0.021651,0.00000,0.00000,0.000,0.000,0.000,0.000,0.000,-6.0000,0.0000,0.0000,6.0000,95.00,95.00,90.00,90.00,65535,65535,65535,1500,1,14,40.4365069,-86.8936842,158.732,0.010,-0.010,0.020,3,0.36,0.55,0.10,1
30454,23567,29404,21368,0,0,-0.30885,2.63003,9.46548,-0.006392,-0.009587,-0.010653,15.562,1.775,-0.347,-0.0023,-0.0119,-0.0259,0.3699,-0.6250,-0.4892,-0.0058321,-0.0085951,-0.0106177,0.001355,0.006211,0.021650,0.00000,0.00000,0.000,0.000,0.000,0.000,0.000,-6.0000,0.0000,0.0000,6.0000,95.00,95.00,90.00,90.00,65535,65535,65535,1500,1,14,40.4365069,-86.8936842,158.732,0.010,-0.010,0.020,3,0.36,0.55,0.10,1
30493,49415,18995,15160,0,0,-0.28012,2.63242,9.45590,-0.005326,-0.008522,-0.010653,15.563,1.768,-0.350,-0.0015,-0.0120,-0.0264,0.3698,-0.6256,-0.4905,-0.0058318,-0.0085877,-0.0106164,0.001358,0.006214,0.021649,0.00000,0.00000,0.000,0.000,0.000,0.000,0.000,-6.0000,0.0000,0.0000,6.0000,95.00,95.00,90.00,90.00,65535,65535,65535,1500,1,14,40.4365069,-86.8936842,158.732,0.010,-0.010,0.020,3,0.36,0.55,0.10,1
30523,19359,30094,22027,0,0,-0.30167,2.63482,9.46069,-0.005326,-0.008522,-0.010653,15.563,1.768,-0.350,-0.0015,-0.0120,-0.0265,0.3698,-0.6258,-0.4910,-0.0058318,-0.0085873,-0.0106163,0.001358,0.006214,0.021649,0.00000,0.00000,0.000,0.000,0.000,0.000,0.000,-6.0000,0.0000,0.0000,6.0000,95.00,95.00,90.00,90.00,65535,65535,65535,1500,1,14,40.4365069,-86.8936842,158.732,0.010,-0.010,0.020,3,0.36,0.55,0.10,1
30559,30983,34833,26764,0,0,-0.31005,2.64799,9.45590,-0.005326,-0.008522,-0.010653,15.571,1.743,-0.271,-0.0232,-0.0106,-0.0173,0.3696,-0.6237,-0.4894,-0.0058356,-0.0085847,-0.0106789,0.000957,0.005966,0.021386,0.00000,0.00000,0.000,0.000,0.000,0.000,0.000,-6.0000,0.0000,0.0000,6.0000,95.00,95.00,90.00,90.00,65535,65535,65535,1500,1,15,40.4365069,-86.8936841,158.737,-0.040,-0.010,0.010,3,0.36,0.54,0.08,1
30597,35066,38064,30056,0,0,-0.28611,2.65996,9.46428,-0.006392,-0.008522,-0.010653,15.576,1.740,-0.273,-0.0229,-0.0099,-0.0170,0.3688,-0.6241,-0.4900,-0.0058422,-0.0085808,-0.0106779,0.000962,0.005951,0.021391,0.00000,0.00000,0.000,0.000,0.000,0.000,0.000,-6.0000,0.0000,0.0000,6.0000,95.00,95.00,90.00,90.00,65535,65535,65535,1500,1,15,40.4365069,-86.8936841,158.737,-0.040,-0.010,0.010,3,0.36,0.54,0.08,1
30632,38261,34847,30103,0,0,-0.28012,2.64320,9.46428,-0.006392,-0.008522,-0.010653,15.576,1.735,-0.276,-0.0224,-0.0098,-0.0170,0.3679,-0.6245,-0.4906,-0.0058437,-0.0085753,-0.0106767,0.000966,0.005949,0.021391,0.00000,0.00000,0.000,0.000,0.000,0.000,0.000,-6.0000,0.0000,0.0000,6.0000,95.00,95.00,90.00,90.00,65535,65535,65535,1500,1,15,40.4365069,-86.8936841,158.737,-0.040,-0.010,0.010,3,0.36,0.54,0.08,1
30664,35050,31257,28236,0,0,-0.31484,2.63961,9.45829,-0.006392,-0.008522,-0.011718,15.576,1.740,-0.275,-0.0229,-0.0097,-0.0171,0.3671,-0.6248,-0.4912,-0.0058446,-0.0085805,-0.0106777,0.000963,0.005945,0.021392,0.00000,0.00000,0.000,0.000,0.000,0.000,0.000,-6.0000,0.0000,0.0000,6.0000,95.00,95.00,90.00,90.00,65535,65535,65535,1500,1,15,40.4365069,-86.8936841,158.737,-0.040,-0.010,0.010,3,0.36,0.54,0.08,1
30703,51578,18575,15564,0,0,-0.30047,2.62764,9.46907,-0.004261,-0.008522,-0.010653,15.577,1.741,-0.275,-0.0231,-0.0102,-0.0170,0.3659,-0.6253,-0.4921,-0.0058408,-0.0085811,-0.0106779,0.000962,0.005953,0.021390,0.00000,0.00000,0.000,0.000,0.000,0.000,0.000,-6.0000,0.0000,0.0000,6.0000,95.00,95.00,90.00,90.00,65535,65535,65535,1500,1,15,40.4365069,-86.8936841,158.737,-0.040,-0.010,0.010,3,0.36,0.54,0.08,1
30739,19356,35796,27766,0,0,-0.28850,2.62045,9.46787,-0.006392,-0.008522,-0.010653,15.566,1.770,-0.370,0.0025,-0.0027,0.0031,0.3762,-0.6211,-0.4872,-0.0058336,-0.0085832,-0.0106041,0.001493,0.005697,0.020798,0.00000,0.00000,0.000,0.000,0.000,0.000,0.000,-6.0000,0.0000,0.0000,6.0000,95.00,95.00,90.00,90.00,65535,65535,65535,1500,1,14,40.4365070,-86.8936839,158.756,0.022,0.003,-0.020,3,0.36,0.54,0.09,1
30763,41355,18456,15450,0,0,-0.29209,2.63123,9.46548,-0.004261,-0.008522,-0.010653,15.568,1.767,-0.372,0.0028,-0.0030,0.0031,0.3764,-0.6212,-0.4870,-0.0058318,-0.0085797,-0.0106034,0.001497,0.005703,0.020796,0.00000,0.00000,0.000,0.000,0.000,0.000,0.000,-6.0000,0.0000,0.0000,6.0000,95.00,95.00,90.00,90.00,65535,65535,65535,1500,1,14,40.4365070,-86.8936839,158.756,0.020,0.000,-0.020,3,0.36,0.54,0.09,1
30793,18654,29415,21470,0,0,-0.31603,2.62644,9.46548,-0.005326,-0.007457,-0.010653,15.565,1.771,-0.369,0.0026,-0.0031,0.0031,0.3764,-0.6213,-0.4870,-0.0058287,-0.0085836,-0.0106043,0.001491,0.005709,0.020794,0.00000,0.00000,0.000,0.000,0.000,0.000,0.000,-6.0000,0.0000,0.0000,6.0000,95.00,95.00,90.00,90.00,65535,65535,65535,1500,1,14,40.4365070,-86.8936839,158.756,0.020,0.000,-0.020,3,0.36,0.54,0.09,1
30822,29624,29478,21497,0,0,-0.32322,2.65397,9.46069,-0.004261,-0.008522,-0.010653,15.573,1.777,-0.366,0.0021,-0.0027,0.0032,0.3765,-0.6213,-0.4869,-0.0058339,-0.0085893,-0.0106053,0.001485,0.005694,0.020798,0.00000,0.00000,0.000,0.000,0.000,0.000,0.000,-6.0000,0.0000,0.0000,6.0000,95.00,95.00,90.00,90.00,65535,65535,65535,1500,1,14,40.4365070,-86.8936839,158.756,0.020,0.000,-0.020,3,0.36,0.54,0.09,1
30852,29676,29356,26342,0,0,-0.28611,2.67552,9.45949,-0.005326,-0.008522,-0.010653,15.586,1.772,-0.370,0.0024,-0.0020,0.0034,0.3765,-0.6214,-0.4868,-0.0058449,-0.0085837,-0.0106040,0.001496,0.005671,0.020805,0.00000,0.00000,0.000,0.000,0.000,0.000,0.000,-6.0000,0.0000,0.0000,6.0000,95.00,95.00,90.00,90.00,65535,65535,65535,1500,1,14,40.4365070,-86.8936839,158.756,0.020,0.000,-0.020,3,0.36,0.54,0.09,1
30876,29555,23399,20373,0,0,-0.29090,2.66475,9.46189,-0.007457,-0.008522,-0.010653,15.590,1.768,-0.372,0.0026,-0.0015,0.0035,0.3766,-0.6215,-0.4867,-0.0058522,-0.0085799,-0.0106031,0.001503,0.005657,0.020809,0.00000,0.00000,0.000,0.000,0.000,0.000,0.000,-6.0000,0.0000,0.0000,6.0000,95.00,95.00,90.00,90.00,65535,65535,65535,1500,1,14,40.4365070,-86.8936839,158.756,0.020,0.000,-0.020,3,0.36,0.54,0.09,1
30954,60087,41440,38424,0,0,-0.31603,2.61686,9.47146,-0.005326,-0.008522,-0.011718,15.594,1.755,-0.317,-0.0102,-0.0346,-0.0039,0.3789,-0.6262,-0.4880,-0.0058526,-0.0085811,-0.0106483,0.001085,0.006647,0.020778,0.00000,0.00000,0.000,0.000,0.000,0.000,0.000,-6.0000,0.0000,0.0000,6.0000,95.00,95.00,90.00,90.00,65535,65535,65535,1500,1,14,40.4365070,-86.8936839,158.743,-0.020,-0.060,0.010,3,0.36,0.54,0.08,1
30987,41668,33090,30082,0,0,-0.30765,2.63362,9.46907,-0.006392,-0.007457,-0.010653,15.590,1.759,-0.315,-0.0104,-0.0349,-0.0037,0.3784,-0.6276,-0.4882,-0.0058500,-0.0085830,-0.0106487,0.001081,0.006653,0.020776,0.00000,0.00000,0.000,0.000,0.000,0.000,0.000,-6.0000,0.0000,0.0000,6.0000,95.00,95.00,90.00,90.00,65535,65535,65535,1500,1,14,40.4365070,-86.8936839,158.743,-0.020,-0.060,0.010,3,0.36,0.54,0.08,1
31020,33297,32778,27716,0,0,-0.31484,2.63242,9.46308,-0.005326,-0.008522,-0.010653,15.589,1.763,-0.313,-0.0108,-0.0351,-0.0037,0.3781,-0.6288,-0.4883,-0.0058476,-0.0085871,-0.0106497,0.001074,0.006657,0.020775,0.00000,0.00000,0.000,0.000,0.000,0.000,0.000,-6.0000,0.0000,0.0000,6.0000,95.00,95.00,90.00,90.00,65535,65535,65535,1500,1,14,40.4365070,-86.8936839,158.743,-0.020,-0.060,0.010,3,0.36,0.54,0.08,1
31050,32982,29329,21280,0,0,-0.28252,2.65756,9.47146,-0.005326,-0.009587,-0.011718,15.594,1.756,-0.319,-0.0104,-0.0348,-0.0033,0.3777,-0.6300,-0.4884,-0.0058520,-0.0085809,-0.0106483,0.001084,0.006649,0.020777,0.00000,0.00000,0.000,0.000,0.000,0.000,0.000,-6.0000,0.0000,0.0000,6.0000,95.00,95.00,90.00,90.00,65535,65535,65535,1500,1,14,40.4365070,-86.8936839,158.743,-0.020,-0.060,0.010,3,0.36,0.54,0.08,1
31073,29531,23331,20331,0,0,-0.29568,2.63841,9.46428,-0.007457,-0.007457,-0.010653,15.591,1.756,-0.319,-0.0104,-0.0349,-0.0033,0.3774,-0.6310,-0.4885,-0.0058512,-0.0085792,-0.0106480,0.001086,0.006652,0.020777,0.00000,0.00000,0.000,0.000,0.000,0.000,0.000,-6.0000,0.0000,0.0000,6.0000,95.00,95.00,90.00,90.00,65535,65535,65535,1500,1,14,40.4365070,-86.8936839,158.743,-0.020,-0.060,0.010,3,0.36,0.54,0.08,1
31102,23526,28602,20601,0,0,-0.32561,2.62165,9.46667,-0.007457,-0.007457,-0.010653,15.583,1.764,-0.315,-0.0107,-0.0351,-0.0033,0.3772,-0.6318,-0.4886,-0.0058456,-0.0085864,-0.0106495,0.001075,0.006660,0.020774,0.00000,0.00000,0.000,0.000,0.000,0.000,0.000,-6.0000,0.0000,0.0000,6.0000,95.00,95.00,90.00,90.00,65535,65535,65535,1500,1,14,40.4365070,-86.8936839,158.743,-0.020,-0.060,0.010,3,0.36,0.54,0.08,1
31140,48457,18488,15496,0,0,-0.30526,2.66714,9.46189,-0.005326,-0.009587,-0.010653,15.593,1.762,-0.315,-0.0109,-0.0342,-0.0029,0.3767,-0.6335,-0.4887,-0.0058539,-0.0085873,-0.0106494,0.001077,0.006644,0.020778,0.00000,0.00000,0.000,0.000,0.000,0.000,0.000,-6.0000,0.0000,0.0000,6.0000,95.00,95.00,90.00,90.00,65535,65535,65535,1500,1,14,40.4365070,-86.8936839,158.743,-0.020,-0.060,0.010,3,0.36,0.54,0.08,1
31177,24427,30777,27737,0,0,-0.31125,2.64799,9.46189,-0.007457,-0.008522,-0.010653,15.580,1.750,-0.276,-0.0275,0.0238,-0.0127,0.3770,-0.6167,-0.4911,-0.0058422,-0.0085860,-0.0106798,0.001062,0.004873,0.021602,0.00000,0.00000,0.000,0.000,0.000,0.000,0.000,-6.0000,0.0000,0.0000,6.0000,95.00,95.00,90.00,90.00,65535,65535,65535,1500,1,15,40.4365069,-86.8936836,158.736,-0.040,0.065,0.020,3,0.36,0.54,0.09,1
31207,31149,29352,21357,0,0,-0.29928,2.60848,9.46787,-0.005326,-0.008522,-0.011718,15.571,1.750,-0.278,-0.0276,0.0231,-0.0129,0.3761,-0.6159,-0.4915,-0.0058331,-0.0085858,-0.0106799,0.001058,0.004896,0.021596,0.00000,0.00000,0.000,0.000,0.000,0.000,0.000,-6.0000,0.0000,0.0000,6.0000,95.00,95.00,90.00,90.00,65535,65535,65535,1500,1,15,40.4365069,-86.8936836,158.736,-0.040,0.070,0.020,3,0.36,0.54,0.09,1
31230,29566,23394,15403,0,0,-0.27054,2.62644,9.46189,-0.004261,-0.008522,-0.010653,15.571,1.742,-0.282,-0.0270,0.0229,-0.0130,0.3753,-0.6153,-0.4918,-0.0058301,-0.0085770,-0.0106781,0.001069,0.004908,0.021593,0.00000,0.00000,0.000,0.000,0.000,0.000,0.000,-6.0000,0.0000,0.0000,6.0000,95.00,95.00,90.00,90.00,65535,65535,65535,1500,1,15,40.4365069,-86.8936836,158.736,-0.040,0.070,0.020,3,0.36,0.54,0.09,1
31269,23588,38096,30069,0,0,-0.28491,2.64200,9.46308,-0.006392,-0.007457,-0.010653,15.571,1.740,-0.284,-0.0268,0.0230,-0.0130,0.3747,-0.6147,-0.4921,-0.0058315,-0.0085728,-0.0106773,0.001076,0.004906,0.021594,0.00000,0.00000,0.000,0.000,0.000,0.000,0.000,-6.0000,0.0000,0.0000,6.0000,95.00,95.00,90.00,90.00,65535,65535,65535,1500,1,15,40.4365069,-86.8936836,158.736,-0.040,0.070,0.020,3,0.36,0.54,0.09,1
31305,38305,35986,28046,0,0,-0.34237,2.62045,9.46667,-0.004261,-0.008522,-0.010653,15.570,1.752,-0.277,-0.0281,0.0226,-0.0130,0.3737,-0.6139,-0.4926,-0.0058263,-0.0085858,-0.0106799,0.001054,0.004912,0.021591,0.00000,0.00000,0.000,0.000,0.000,0.000,0.000,-6.0000,0.0000,0.0000,6.0000,95.00,95.00,90.00,90.00,65535,65535,65535,1500,1,15,40.4365069,-86.8936836,158.736,-0.040,0.070,0.020,3,0.36,0.54,0.09,1
31357,63510,24694,21701,0,0,-0.30167,2.64918,9.46189,-0.006392,-0.008522,-0.010653,15.579,1.762,-0.303,-0.0175,-0.0058,0.0162,0.3793,-0.6157,-0.4857,-0.0058377,-0.0085885,-0.0106598,0.001117,0.005588,0.020433,0.00000,0.00000,0.000,0.000,0.000,0.000,0.000,-6.0000,0.0000,0.0000,6.0000,95.00,95.00,90.00,90.00,65535,65535,65535,1500,1,15,40.4365070,-86.8936835,158.764,-0.010,-0.030,-0.040,3,0.35,0.54,0.10,1
31387,24958,29346,21293,0,0,-0.32202,2.64080,9.46189,-0.006392,-0.009587,-0.010653,15.579,1.766,-0.300,-0.0179,-0.0057,0.0162,0.3789,-0.6158,-0.4853,-0.0058386,-0.0085945,-0.0106612,0.001108,0.005583,0.020435,0.00000,0.00000,0.000,0.000,0.000,0.000,0.000,-6.0000,0.0000,0.0000,6.0000,95.00,95.00,90.00,90.00,65535,65535,65535,1500,1,15,40.4365070,-86.8936835,158.764,-0.010,-0.030,-0.040,3,0.35,0.54,0.10,1
31410,29558,23483,15425,0,0,-0.30047,2.63003,9.46069,-0.006392,-0.009587,-0.010653,15.576,1.764,-0.300,-0.0180,-0.0058,0.0161,0.3783,-0.6160,-0.4848,-0.0058364,-0.0085939,-0.0106611,0.001108,0.005588,0.020433,0.00000,0.00000,0.000,0.000,0.000,0.000,0.000,-6.0000,0.0000,0.0000,6.0000,95.00,95.00,90.00,90.00,65535,65535,65535,1500,1,15,40.4365070,-86.8936835,158.764,-0.010,-0.030,-0.040,3,0.35,0.54,0.10,1
31440,23679,29495,21491,0,0,-0.27533,2.65158,9.46548,-0.006392,-0.008522,-0.010653,15.579,1.757,-0.305,-0.0176,-0.0057,0.0162,0.3779,-0.6161,-0.4844,-0.0058402,-0.0085858,-0.0106593,0.001121,0.005583,0.020435,0.00000,0.00000,0.000,0.000,0.000,0.000,0.000,-6.0000,0.0000,0.0000,6.0000,95.00,95.00,90.00,90.00,65535,65535,65535,1500,1,15,40.4365070,-86.8936835,158.764,-0.010,-0.030,-0.040,3,0.35,0.54,0.10,1
31470,29691,29404,21433,0,0,-0.28252,2.63123,9.46189,-0.007457,-0.008522,-0.010653,15.574,1.752,-0.308,-0.0172,-0.0058,0.0162,0.3774,-0.6163,-0.4840,-0.0058384,-0.0085802,-0.0106583,0.001126,0.005589,0.020433,0.00000,0.00000,0.000,0.000,0.000,0.000,0.000,-6.0000,0.0000,0.0000,6.0000,95.00,95.00,90.00,90.00,65535,65535,65535,1500,1,15,40.4365070,-86.8936835,158.764,-0.010,-0.030,-0.040,3,0.35,0.54,0.10,1
31499,29601,29702,21671,0,0,-0.30526,2.60609,9.47505,-0.005326,-0.008522,-0.010653,15.565,1.753,-0.307,-0.0174,-0.0064,0.0163,0.3769,-0.6165,-0.4835,-0.0058286,-0.0085816,-0.0106587,0.001121,0.005610,0.020427,0.00000,0.00000,0.000,0.000,0.000,0.000,0.000,-6.0000,0.0000,0.0000,6.0000,95.00,95.00,90.00,90.00,65535,65535,65535,1500,1,15,40.4365070,-86.8936835,158.764,-0.010,-0.030,-0.040,3,0.35,0.54,0.10,1
31529,30084,29318,26255,0,0,-0.30526,2.63961,9.46308,-0.004261,-0.008522,-0.009587,15.568,1.754,-0.304,-0.0175,-0.0063,0.0163,0.3764,-0.6166,-0.4830,-0.0058295,-0.0085830,-0.0106590,0.001120,0.005607,0.020428,0.00000,0.00000,0.000,0.000,0.000,0.000,0.000,-6.0000,0.0000,0.0000,6.0000,95.00,95.00,90.00,90.00,65535,65535,65535,1500,1,15,40.4365070,-86.8936835,158.764,-0.010,-0.030,-0.040,3,0.35,0.54,0.10,1
31568,43938,24077,21061,0,0,-0.30406,2.64679,9.45710,-0.006392,-0.008522,-0.010653,15.568,1.808,-0.459,0.0275,-0.0134,-0.0097,0.3913,-0.6148,-0.4886,-0.0058350,-0.0085932,-0.0105389,0.001863,0.006288,0.021123,0.00000,0.00000,0.000,0.000,0.000,0.000,0.000,-6.0000,0.0000,0.0000,6.0000,95.00,95.00,90.00,90.00,65535,65535,65535,1500,1,15,40.4365071,-86.8936834,158.733,0.060,-0.020,0.030,3,0.35,0.54,0.09,1
31606,24342,37983,30057,0,0,-0.30526,2.64320,9.45829,-0.006392,-0.008522,-0.010653,15.569,1.807,-0.460,0.0275,-0.0132,-0.0098,0.3919,-0.6151,-0.4888,-0.0058374,-0.0085918,-0.0105385,0.001866,0.006282,0.021125,0.00000,0.00000,0.000,0.000,0.000,0.000,0.000,-6.0000,0.0000,0.0000,6.0000,95.00,95.00,90.00,90.00,65535,65535,65535,1500,1,15,40.4365071,-86.8936834,158.733,0.060,-0.020,0.030,3,0.35,0.54,0.09,1
31644,38187,38043,30080,0,0,-0.29808,2.65158,9.46189,-0.006392,-0.009587,-0.010653,15.573,1.802,-0.463,0.0278,-0.0128,-0.0097,0.3930,-0.6156,-0.4892,-0.0058417,-0.0085884,-0.0105377,0.001872,0.006273,0.021128,0.00000,0.00000,0.000,0.000,0.000,0.000,0.000,-6.0000,0.0000,0.0000,6.0000,95.00,95.00,90.00,90.00,65535,65535,65535,1500,1,15,40.4365071,-86.8936834,158.733,0.060,-0.020,0.030,3,0.35,0.54,0.09,1
31683,38246,38074,30013,0,0,-0.29808,2.61686,9.47026,-0.006392,-0.008522,-0.010653,15.565,1.799,-0.465,0.0280,-0.0134,-0.0097,0.3941,-0.6161,-0.4895,-0.0058354,-0.0085851,-0.0105372,0.001874,0.006289,0.021123,0.00000,0.00000,0.000,0.000,0.000,0.000,0.000,-6.0000,0.0000,0.0000,6.0000,95.00,95.00,90.00,90.00,65535,65535,65535,1500,1,15,40.4365071,-86.8936834,158.733,0.060,-0.020,0.030,3,0.35,0.54,0.09,1
31713,38270,30494,27514,0,0,-0.31843,2.63841,9.46189,-0.004261,-0.008522,-0.010653,15.569,1.802,-0.464,0.0276,-0.0134,-0.0097,0.3951,-0.6166,-0.4899,-0.0058361,-0.0085880,-0.0105377,0.001870,0.006286,0.021124,0.00000,0.00000,0.000,0.000,0.000,0.000,0.000,-6.0000,0.0000,0.0000,6.0000,95.00,95.00,90.00,90.00,65535,65535,65535,1500,1,15,40.4365071,-86.8936834,158.733,0.060,-0.020,0.030,3,0.35,0.54,0.09,1
31756,31386,41657,36876,0,0,-0.32202,2.64200,9.46548,-0.005326,-0.009587,-0.010653,15.570,1.749,-0.304,-0.0199,0.0103,-0.0098,0.3897,-0.6076,-0.4901,-0.0058316,-0.0085816,-0.0106610,0.001140,0.005327,0.021375,0.00000,0.00000,0.000,0.000,0.000,0.000,0.000,-6.0000,0.0000,0.0000,6.0000,95.00,95.00,90.00,90.00,65535,65535,65535,1500,1,15,40.4365070,-86.8936833,158.734,-0.060,0.030,0.010,3,0.35,0.54,0.09,1
31794,61707,18123,15117,0,0,-0.26695,2.63602,9.46667,-0.006392,-0.008522,-0.011718,15.568,1.741,-0.313,-0.0182,0.0102,-0.0097,0.3886,-0.6070,-0.4907,-0.0058312,-0.0085712,-0.0106589,0.001154,0.005333,0.021374,0.00000,0.00000,0.000,0.000,0.000,0.000,0.000,-6.0000,0.0000,0.0000,6.0000,95.00,95.00,90.00,90.00,65535,65535,65535,1500,1,15,40.4365070,-86.8936833,158.734,-0.060,0.030,0.010,3,0.35,0.54,0.09,1
31824,18405,29479,21525,0,0,-0.27294,2.63242,9.47146,-0.006392,-0.009587,-0.010653,15.565,1.732,-0.318,-0.0180,0.0102,-0.0096,0.3882,-0.6068,-0.4909,-0.0058294,-0.0085635,-0.0106573,0.001164,0.005340,0.021372,0.00000,0.00000,0.000,0.000,0.000,0.000,0.000,-6.0000,0.0000,0.0000,6.0000,95.00,95.00,90.00,90.00,65535,65535,65535,1500,1,15,40.4365070,-86.8936833,158.734,-0.060,0.030,0.010,3,0.35,0.54,0.09,1
31853,29681,29447,21408,0,0,-0.30406,2.61806,9.46907,-0.005326,-0.008522,-0.011718,15.560,1.735,-0.318,-0.0182,0.0098,-0.0096,0.3877,-0.6065,-0.4912,-0.0058237,-0.0085656,-0.0106578,0.001160,0.005352,0.021369,0.00000,0.00000,0.000,0.000,0.000,0.000,0.000,-6.0000,0.0000,0.0000,6.0000,95.00,95.00,90.00,90.00,65535,65535,65535,1500,1,15,40.4365070,-86.8936833,158.734,-0.060,0.030,0.010,3,0.35,0.54,0.09,1
31882,29662,28711,20655,0,0,-0.33040,2.64080,9.45590,-0.005326,-0.008522,-0.010653,15.563,1.744,-0.313,-0.0189,0.0100,-0.0097,0.3872,-0.6062,-0.4915,-0.0058259,-0.0085754,-0.0106596,0.001147,0.005344,0.021371,0.00000,0.00000,0.000,0.000,0.000,0.000,0.000,-6.0000,0.0000,0.0000,6.0000,95.00,95.00,90.00,90.00,65535,65535,65535,1500,1,15,40.4365070,-86.8936833,158.734,-0.060,0.030,0.010,3,0.35,0.54,0.09,1
31907,28905,23976,20968,0,0,-0.32801,2.63841,9.45829,-0.005326,-0.009587,-0.010653,15.565,1.751,-0.309,-0.0195,0.0101,-0.0098,0.3866,-0.6059,-0.4917,-0.0058270,-0.0085841,-0.0106612,0.001136,0.005338,0.021372,0.00000,0.00000,0.000,0.000,0.000,0.000,0.000,-6.0000,0.0000,0.0000,6.0000,95.00,95.00,90.00,90.00,65535,65535,65535,1500,1,15,40.4365070,-86.8936833,158.734,-0.060,0.030,0.010,3,0.35,0.54,0.09,1
31956,24862,48919,41046,0,0,-0.28730,2.64200,9.46667,-0.005326,-0.009587,-0.010653,15.567,1.772,-0.387,0.0031,0.0050,0.0010,0.3959,-0.6028,-0.4893,-0.0058299,-0.0085849,-0.0106025,0.001515,0.005516,0.020981,0.00000,0.00000,0.000,0.000,0.000,0.000,0.000,-6.0000,0.0000,0.0000,6.0000,95.00,95.00,90.00,90.00,65535,65535,65535,1500,1,15,40.4365071,-86.8936832,158.734,0.020,0.000,-0.010,3,0.35,0.53,0.09,1
31992,49137,35714,30043,0,0,-0.28850,2.63841,9.46308,-0.006392,-0.007457,-0.010653,15.566,1.770,-0.389,0.0037,0.0052,0.0010,0.3961,-0.6025,-0.4893,-0.0058306,-0.0085801,-0.0106014,0.001523,0.005516,0.020981,0.00000,0.00000,0.000,0.000,0.000,0.000,0.000,-6.0000,0.0000,0.0000,6.0000,95.00,95.00,90.00,90.00,65535,65535,65535,1500,1,15,40.4365071,-86.8936832,158.734,0.020,0.000,-0.010,3,0.35,0.53,0.09,1
32033,57768,18188,15166,0,0,-0.34596,2.61926,9.46189,-0.003196,-0.009587,-0.010653,15.569,1.779,-0.383,0.0014,0.0044,0.0008,0.3962,-0.6023,-0.4892,-0.0058252,-0.0085934,-0.0106042,0.001498,0.005522,0.020978,0.00000,0.00000,0.000,0.000,0.000,0.000,0.000,-6.0000,0.0000,0.0000,6.0000,95.00,95.00,90.00,90.00,65535,65535,65535,1500,1,15,40.4365071,-86.8936832,158.734,0.020,0.000,-0.010,3,0.35,0.53,0.09,1
32056,18472,23504,15448,0,0,-0.33279,2.63362,9.46189,-0.005326,-0.008522,-0.010653,15.569,1.787,-0.378,0.0011,0.0043,0.0007,0.3962,-0.6022,-0.4892,-0.0058244,-0.0086018,-0.0106058,0.001483,0.005520,0.020979,0.00000,0.00000,0.000,0.000,0.000,0.000,0.000,-6.0000,0.0000,0.0000,6.0000,95.00,95.00,90.00,90.00,65535,65535,65535,1500,1,15,40.4365071,-86.8936832,158.734,0.020,0.000,-0.010,3,0.35,0.53,0.09,1
32085,28712,23598,20599,0,0,-0.31963,2.63841,9.47146,-0.005326,-0.008522,-0.010653,15.570,1.791,-0.376,0.0008,0.0043,0.0010,0.3963,-0.6021,-0.4892,-0.0058242,-0.0086056,-0.0106065,0.001477,0.005519,0.020979,0.00000,0.00000,0.000,0.000,0.000,0.000,0.000,-6.0000,0.0000,0.0000,6.0000,95.00,95.00,90.00,90.00,65535,65535,65535,1500,1,15,40.4365071,-86.8936832,158.734,0.020,0.000,-0.010,3,0.35,0.53,0.09,1
32115,23807,29350,21466,0,0,-0.28132,2.62644,9.46787,-0.004261,-0.008522,-0.010653,15.568,1.784,-0.380,0.0011,0.0042,0.0010,0.3963,-0.6020,-0.4892,-0.0058208,-0.0085980,-0.0106052,0.001490,0.005529,0.020976,0.00000,0.00000,0.000,0.000,0.000,0.000,0.000,-6.0000,0.0000,0.0000,6.0000,95.00,95.00,90.00,90.00,65535,65535,65535,1500,1,15,40.4365071,-86.8936832,158.734,0.020,0.000,-0.010,3,0.35,0.53,0.09,1
32145,29552,30168,22168,0,0,-0.26217,2.65038,9.46907,-0.003196,-0.008522,-0.010653,15.576,1.772,-0.387,0.0018,0.0044,0.0013,0.3963,-0.6018,-0.4891,-0.0058240,-0.0085851,-0.0106029,0.001515,0.005529,0.020977,0.00000,0.00000,0.000,0.000,0.000,0.000,0.000,-6.0000,0.0000,0.0000,6.0000,95.00,95.00,90.00,90.00,65535,65535,65535,1500,1,15,40.4365071,-86.8936832,158.734,0.020,0.000,-0.010,3,0.35,0.53,0.09,1
32181,31060,35408,27361,0,0,-0.28730,2.65876,9.46548,-0.005326,-0.008522,-0.010653,15.587,1.744,-0.321,-0.0164,-0.0034,0.0006,0.3966,-0.5994,-0.4893,-0.0058318,-0.0085763,-0.0106546,0.001151,0.005671,0.020954,0.00000,0.00000,0.000,0.000,0.000,0.000,0.000,-6.0000,0.0000,0.0000,6.0000,95.00,95.00,90.00,90.00,65535,65535,65535,1500,1,15,40.4365071,-86.8936831,158.728,-0.030,-0.010,0.000,3,0.35,0.53,0.08,1
32205,40680,18436,15430,0,0,-0.34716,2.62285,9.46907,-0.006392,-0.008522,-0.011718,15.580,1.758,-0.315,-0.0181,-0.0039,0.0008,0.3959,-0.5996,-0.4893,-0.0058266,-0.0085903,-0.0106578,0.001120,0.005677,0.020951,0.00000,0.00000,0.000,0.000,0.000,0.000,0.000,-6.0000,0.0000,0.0000,6.0000,95.00,95.00,90.00,90.00,65535,65535,65535,1500,1,15,40.4365071,-86.8936831,158.728,-0.030,-0.010,0.000,3,0.35,0.53,0.08,1
32243,38256,18146,15142,0,0,-0.31843,2.63841,9.46548,-0.005326,-0.008522,-0.010653,15.581,1.763,-0.312,-0.0187,-0.0040,0.0009,0.3952,-0.5997,-0.4892,-0.0058263,-0.0085953,-0.0106588,0.001109,0.005675,0.020952,0.00000,0.00000,0.000,0.000,0.000,0.000,0.000,-6.0000,0.0000,0.0000,6.0000,95.00,95.00,90.00,90.00,65535,65535,65535,1500,1,15,40.4365071,-86.8936831,158.728,-0.030,-0.010,0.000,3,0.35,0.53,0.08,1
32281,18420,37995,30016,0,0,-0.27892,2.64200,9.46787,-0.006392,-0.008522,-0.010653,15.581,1.756,-0.316,-0.0185,-0.0039,0.0010,0.3948,-0.5998,-0.4892,-0.0058268,-0.0085885,-0.0106574,0.001123,0.005677,0.020951,0.00000,0.00000,0.000,0.000,0.000,0.000,0.000,-6.0000,0.0000,0.0000,6.0000,95.00,95.00,90.00,90.00,65535,65535,65535,1500,1,15,40.4365071,-86.8936831,158.728,-0.030,-0.010,0.000,3,0.35,0.53,0.08,1
32320,38200,38388,30401,0,0,-0.29449,2.64320,9.47266,-0.006392,-0.009587,-0.010653,15.580,1.753,-0.318,-0.0183,-0.0039,0.0014,0.3941,-0.5999,-0.4892,-0.0058274,-0.0085865,-0.0106571,0.001127,0.005677,0.020952,0.00000,0.00000,0.000,0.000,0.000,0.000,0.000,-6.0000,0.0000,0.0000,6.0000,95.00,95.00,90.00,90.00,65535,65535,65535,1500,1,15,40.4365071,-86.8936831,158.728,-0.030,-0.010,0.000,3,0.35,0.53,0.08,1
32367,39297,45925,38118,0,0,-0.29209,2.65397,9.47386,-0.006392,-0.008522,-0.010653,15.580,1.776,-0.394,0.0035,-0.0011,-0.0045,0.4033,-0.5951,-0.4908,-0.0058306,-0.0085882,-0.0105996,0.001509,0.005766,0.021150,0.00000,0.00000,0.000,0.000,0.000,0.000,0.000,-6.0000,0.0000,0.0000,6.0000,95.00,95.00,90.00,90.00,65535,65535,65535,1500,1,15,40.4365072,-86.8936830,158.720,0.020,0.000,0.010,3,0.35,0.53,0.09,1
32401,46151,34386,26385,0,0,-0.32681,2.61327,9.46907,-0.007457,-0.008522,-0.010653,15.568,1.782,-0.390,0.0025,-0.0021,-0.0045,0.4034,-0.5952,-0.4910,-0.0058231,-0.0085949,-0.0106012,0.001497,0.005782,0.021146,0.00000,0.00000,0.000,0.000,0.000,0.000,0.000,-6.0000,0.0000,0.0000,6.0000,95.00,95.00,90.00,90.00,65535,65535,65535,1500,1,15,40.4365072,-86.8936830,158.720,0.020,0.000,0.010,3,0.35,0.53,0.09,1
32431,34593,29628,26605,0,0,-0.31125,2.61926,9.47505,-0.005326,-0.008522,-0.010653,15.563,1.784,-0.389,0.0023,-0.0026,-0.0043,0.4035,-0.5953,-0.4912,-0.0058171,-0.0085965,-0.0106016,0.001493,0.005795,0.021142,0.00000,0.00000,0.000,0.000,0.000,0.000,0.000,-6.0000,0.0000,0.0000,6.0000,95.00,95.00,90.00,90.00,65535,65535,65535,1500,1,15,40.4365072,-86.8936830,158.720,0.020,0.000,0.010,3,0.35,0.53,0.09,1
32471,51178,18169,15168,0,0,-0.28252,2.65756,9.45231,-0.005326,-0.008522,-0.010653,15.572,1.777,-0.393,0.0031,-0.0016,-0.0046,0.4036,-0.5954,-0.4914,-0.0058245,-0.0085893,-0.0106001,0.001506,0.005782,0.021146,0.00000,0.00000,0.000,0.000,0.000,0.000,0.000,-6.0000,0.0000,0.0000,6.0000,95.00,95.00,90.00,90.00,65535,65535,65535,1500,1,15,40.4365072,-86.8936830,158.720,0.020,0.000,0.010,3,0.35,0.53,0.09,1
32501,18452,29545,21646,0,0,-0.29568,2.64679,9.45829,-0.005326,-0.009587,-0.010653,15.575,1.774,-0.395,0.0032,-0.0015,-0.0046,0.4037,-0.5955,-0.4915,-0.0058276,-0.0085866,-0.0105996,0.001510,0.005777,0.021147,0.00000,0.00000,0.000,0.000,0.000,0.000,0.000,-6.0000,0.0000,0.0000,6.0000,95.00,95.00,90.00,90.00,65535,65535,65535,1500,1,15,40.4365072,-86.8936830,158.720,0.020,0.000,0.010,3,0.35,0.53,0.09,1
32530,29909,29252,21150,0,0,-0.29928,2.64440,9.47266,-0.006392,-0.009587,-0.011718,15.575,1.771,-0.398,0.0032,-0.0015,-0.0043,0.4038,-0.5955,-0.4916,-0.0058288,-0.0085851,-0.0105993,0.001513,0.005775,0.021148,0.00000,0.00000,0.000,0.000,0.000,0.000,0.000,-6.0000,0.0000,0.0000,6.0000,95.00,95.00,90.00,90.00,65535,65535,65535,1500,1,15,40.4365072,-86.8936830,158.720,0.020,0.000,0.010,3,0.35,0.53,0.09,1
32560,30040,29338,21310,0,0,-0.30406,2.62405,9.46787,-0.006392,-0.008522,-0.010653,15.572,1.762,-0.371,-0.0039,-0.0059,0.0037,0.4069,-0.5920,-0.4899,-0.0058258,-0.0085836,-0.0106200,0.001370,0.005802,0.020878,0.00000,0.00000,0.000,0.000,0.000,0.000,0.000,-6.0000,0.0000,0.0000,6.0000,95.00,95.00,90.00,90.00,65535,65535,65535,1500,1,15,40.4365072,-86.8936829,158.723,-0.010,-0.010,-0.010,3,0.34,0.53,0.09,1
32590,29580,29385,21472,0,0,-0.31484,2.61207,9.46907,-0.005326,-0.008522,-0.010653,15.565,1.766,-0.369,-0.0042,-0.0065,0.0037,0.4068,-0.5921,-0.4898,-0.0058182,-0.0085873,-0.0106210,0.001362,0.005820,0.020873,0.00000,0.00000,0.000,0.000,0.000,0.000,0.000,-6.0000,0.0000,0.0000,6.0000,95.00,95.00,90.00,90.00,65535,65535,65535,1500,1,15,40.4365072,-86.8936829,158.723,-0.010,-0.010,-0.010,3,0.34,0.53,0.09,1
32628,29596,38018,30049,0,0,-0.31125,2.64200,9.46308,-0.005326,-0.008522,-0.010653,15.568,1.768,-0.368,-0.0045,-0.0064,0.0037,0.4067,-0.5923,-0.4897,-0.0058198,-0.0085897,-0.0106214,0.001359,0.005815,0.020874,0.00000,0.00000,0.000,0.000,0.000,0.000,0.000,-6.0000,0.0000,0.0000,6.0000,95.00,95.00,90.00,90.00,65535,65535,65535,1500,1,15,40.4365072,-86.8936829,158.723,-0.010,-0.010,-0.010,3,0.34,0.53,0.09,1
32659,38208,30691,27698,0,0,-0.30765,2.64679,9.46069,-0.006392,-0.008522,-0.011718,15.570,1.770,-0.369,-0.0047,-0.0060,0.0037,0.4065,-0.5926,-0.4895,-0.0058230,-0.0085909,-0.0106216,0.001357,0.005807,0.020876,0.00000,0.00000,0.000,0.000,0.000,0.000,0.000,-6.0000,0.0000,0.0000,6.0000,95.00,95.00,90.00,90.00,65535,65535,65535,1500,1,15,40.4365072,-86.8936829,158.723,-0.010,-0.010,-0.010,3,0.34,0.53,0.09,1
32709,61048,19755,16768,0,0,-0.29090,2.62045,9.46667,-0.006392,-0.008522,-0.011718,15.562,1.768,-0.375,-0.0042,-0.0068,0.0037,0.4062,-0.5930,-0.4893,-0.0058180,-0.0085870,-0.0106210,0.001362,0.005819,0.020873,0.00000,0.00000,0.000,0.000,0.000,0.000,0.000,-6.0000,0.0000,0.0000,6.0000,95.00,95.00,90.00,90.00,65535,65535,65535,1500,1,15,40.4365072,-86.8936829,158.723,-0.010,-0.010,-0.010,3,0.34,0.53,0.09,1
32740,25748,24517,21483,0,0,-0.30646,2.62405,9.46428,-0.006392,-0.008522,-0.010653,15.557,1.772,-0.385,-0.0014,-0.0027,-0.0038,0.4117,-0.5877,-0.4913,-0.0058138,-0.0085884,-0.0106136,0.001416,0.005776,0.021126,0.00000,0.00000,0.000,0.000,0.000,0.000,0.000,-6.0000,0.0000,0.0000,6.0000,95.00,95.00,90.00,90.00,65535,65535,65535,1500,1,15,40.4365073,-86.8936829,158.710,0.000,0.000,0.010,3,0.34,0.53,0.10,1
32770,24739,29689,21673,0,0,-0.30526,2.64200,9.46667,-0.006392,-0.008522,-0.010653,15.558,1.772,-0.385,-0.0014,-0.0026,-0.0037,0.4117,-0.5878,-0.4914,-0.0058157,-0.0085888,-0.0106136,0.001416,0.005771,0.021127,0.00000,0.00000,0.000,0.000,0.000,0.000,0.000,-6.0000,0.0000,0.0000,6.0000,95.00,95.00,90.00,90.00,65535,65535,65535,1500,1,15,40.4365073,-86.8936829,158.710,0.000,0.000,0.010,3,0.34,0.53,0.10,1
32799,29898,29375,21382,0,0,-0.31005,2.64799,9.47026,-0.007457,-0.008522,-0.010653,15.559,1.774,-0.384,-0.0016,-0.0023,-0.0034,0.4116,-0.5878,-0.4915,-0.0058190,-0.0085905,-0.0106139,0.001415,0.005762,0.021130,0.00000,0.00000,0.000,0.000,0.000,0.000,0.000,-6.0000,0.0000,0.0000,6.0000,95.00,95.00,90.00,90.00,65535,65535,65535,1500,1,15,40.4365073,-86.8936829,158.710,0.000,0.000,0.010,3,0.34,0.53,0.10,1
32829,29570,29395,26384,0,0,-0.30167,2.63602,9.45470,-0.006392,-0.007457,-0.011718,15.559,1.776,-0.385,-0.0016,-0.0022,-0.0037,0.4116,-0.5879,-0.4916,-0.0058201,-0.0085896,-0.0106137,0.001416,0.005760,0.021130,0.00000,0.00000,0.000,0.000,0.000,0.000,0.000,-6.0000,0.0000,0.0000,6.0000,95.00,95.00,90.00,90.00,65535,65535,65535,1500,1,15,40.4365073,-86.8936829,158.710,0.000,0.000,0.010,3,0.34,0.53,0.10,1
32858,29597,29332,26317,0,0,-0.28970,2.63602,9.47864,-0.005326,-0.008522,-0.010653,15.559,1.772,-0.388,-0.0014,-0.0023,-0.0032,0.4115,-0.5880,-0.4917,-0.0058191,-0.0085852,-0.0106129,0.001421,0.005764,0.021129,0.00000,0.00000,0.000,0.000,0.000,0.000,0.000,-6.0000,0.0000,0.0000,6.0000,95.00,95.00,90.00,90.00,65535,65535,65535,1500,1,15,40.4365073,-86.8936829,158.710,0.000,0.000,0.010,3,0.34,0.53,0.10,1
32882,29523,23440,15423,0,0,-0.29928,2.64320,9.46787,-0.005326,-0.008522,-0.010653,15.561,1.771,-0.389,-0.0013,-0.0022,-0.0031,0.4115,-0.5881,-0.4918,-0.0058211,-0.0085838,-0.0106126,0.001423,0.005761,0.021130,0.00000,0.00000,0.000,0.000,0.000,0.000,0.000,-6.0000,0.0000,0.0000,6.0000,95.00,95.00,90.00,90.00,65535,65535,65535,1500,1,15,40.4365073,-86.8936829,158.710,0.000,0.000,0.010,3,0.34,0.53,0.10,1
32928,44998,24138,21114,0,0,-0.30406,2.63362,9.46428,-0.006392,-0.008522,-0.010653,15.565,1.757,-0.348,-0.0113,-0.0175,0.0138,0.4136,-0.5873,-0.4880,-0.0058245,-0.0085817,-0.0106434,0.001186,0.006016,0.020510,0.00000,0.00000,0.000,0.000,0.000,0.000,0.000,-6.0000,0.0000,0.0000,6.0000,95.00,95.00,90.00,90.00,65535,65535,65535,1500,1,15,40.4365072,-86.8936829,158.728,-0.020,-0.031,-0.028,3,0.34,0.53,0.09,1
32966,24462,38039,30069,0,0,-0.30406,2.64559,9.46667,-0.006392,-0.008522,-0.010653,15.567,1.758,-0.348,-0.0114,-0.0174,0.0140,0.4134,-0.5877,-0.4877,-0.0058270,-0.0085825,-0.0106435,0.001186,0.006009,0.020512,0.00000,0.00000,0.000,0.000,0.000,0.000,0.000,-6.0000,0.0000,0.0000,6.0000,95.00,95.00,90.00,90.00,65535,65535,65535,1500,1,15,40.4365072,-86.8936829,158.728,-0.020,-0.030,-0.030,3,0.34,0.53,0.09,1
33004,38239,37902,30003,0,0,-0.31963,2.61926,9.46548,-0.006392,-0.009587,-0.010653,15.560,1.761,-0.345,-0.0121,-0.0179,0.0139,0.4129,-0.5884,-0.4871,-0.0058221,-0.0085879,-0.0106447,0.001178,0.006018,0.020509,0.00000,0.00000,0.000,0.000,0.000,0.000,0.000,-6.0000,0.0000,0.0000,6.0000,95.00,95.00,90.00,90.00,65535,65535,65535,1500,1,15,40.4365072,-86.8936829,158.728,-0.020,-0.030,-0.030,3,0.34,0.53,0.09,1
33037,38098,32772,29772,0,0,-0.28850,2.64320,9.46548,-0.005326,-0.008522,-0.010653,15.563,1.757,-0.347,-0.0118,-0.0177,0.0141,0.4125,-0.5891,-0.4866,-0.0058241,-0.0085839,-0.0106439,0.001184,0.006015,0.020510,0.00000,0.00000,0.000,0.000,0.000,0.000,0.000,-6.0000,0.0000,0.0000,6.0000,95.00,95.00,90.00,90.00,65535,65535,65535,1500,1,15,40.4365072,-86.8936829,158.728,-0.020,-0.030,-0.030,3,0.34,0.53,0.09,1
33067,32969,29612,21756,0,0,-0.31125,2.62165,9.46907,-0.004261,-0.008522,-0.009587,15.562,1.760,-0.344,-0.0120,-0.0181,0.0141,0.4121,-0.5896,-0.4861,-0.0058195,-0.0085868,-0.0106445,0.001179,0.006024,0.020508,0.00000,0.00000,0.000,0.000,0.000,0.000,0.000,-6.0000,0.0000,0.0000,6.0000,95.00,95.00,90.00,90.00,65535,65535,65535,1500,1,15,40.4365072,-86.8936829,158.728,-0.020,-0.030,-0.030,3,0.34,0.53,0.09,1
33101,29807,33655,25655,0,0,-0.29329,2.66834,9.46189,-0.004261,-0.008522,-0.010653,15.574,1.757,-0.345,-0.0119,-0.0175,0.0144,0.4117,-0.5902,-0.4857,-0.0058288,-0.0085842,-0.0106439,0.001184,0.006006,0.020513,0.00000,0.00000,0.000,0.000,0.000,0.000,0.000,-6.0000,0.0000,0.0000,6.0000,95.00,95.00,90.00,90.00,65535,65535,65535,1500,1,15,40.4365072,-86.8936829,158.728,-0.020,-0.030,-0.030,3,0.34,0.53,0.09,1
33146,59399,19535,16533,0,0,-0.31484,2.62405,9.46189,-0.007457,-0.008522,-0.010653,15.565,1.761,-0.343,-0.0127,-0.0180,0.0141,0.4110,-0.5912,-0.4849,-0.0058253,-0.0085884,-0.0106446,0.001180,0.006011,0.020511,0.00000,0.00000,0.000,0.000,0.000,0.000,0.000,-6.0000,0.0000,0.0000,6.0000,95.00,95.00,90.00,90.00,65535,65535,65535,1500,1,15,40.4365072,-86.8936829,158.728,-0.020,-0.030,-0.030,3,0.34,0.53,0.09,1
33183,25541,30526,27515,0,0,-0.32681,2.61088,9.47146,-0.005326,-0.008522,-0.010653,15.554,1.779,-0.371,-0.0046,-0.0070,0.0117,0.4175,-0.5843,-0.4853,-0.0058148,-0.0085973,-0.0106223,0.001361,0.005759,0.020666,0.00000,0.00000,0.000,0.000,0.000,0.000,0.000,-6.0000,0.0000,0.0000,6.0000,95.00,95.00,90.00,90.00,65535,65535,65535,1500,1,15,40.4365073,-86.8936828,158.721,0.000,0.000,-0.010,3,0.34,0.53,0.10,1
33206,30761,23418,15468,0,0,-0.31125,2.67193,9.46548,-0.005326,-0.008522,-0.010653,15.566,1.781,-0.370,-0.0048,-0.0062,0.0121,0.4173,-0.5844,-0.4850,-0.0058254,-0.0085990,-0.0106224,0.001363,0.005732,0.020673,0.00000,0.00000,0.000,0.000,0.000,0.000,0.000,-6.0000,0.0000,0.0000,6.0000,95.00,95.00,90.00,90.00,65535,65535,65535,1500,1,15,40.4365073,-86.8936828,158.721,0.000,0.000,-0.010,3,0.34,0.53,0.10,1
33235,28620,23650,20668,0,0,-0.31364,2.65876,9.46069,-0.007457,-0.008522,-0.009587,15.570,1.783,-0.368,-0.0051,-0.0057,0.0122,0.4172,-0.5846,-0.4846,-0.0058322,-0.0086014,-0.0106228,0.001362,0.005715,0.020678,0.00000,0.00000,0.000,0.000,0.000,0.000,0.000,-6.0000,0.0000,0.0000,6.0000,95.00,95.00,90.00,90.00,65535,65535,65535,1500,1,15,40.4365073,-86.8936828,158.721,0.000,0.000,-0.010,3,0.34,0.53,0.10,1
33265,23867,29403,21379,0,0,-0.29568,2.63482,9.47266,-0.005326,-0.009587,-0.011718,15.569,1.779,-0.371,-0.0050,-0.0058,0.0124,0.4171,-0.5847,-0.4843,-0.0058308,-0.0085984,-0.0106222,0.001365,0.005719,0.020677,0.00000,0.00000,0.000,0.000,0.000,0.000,0.000,-6.0000,0.0000,0.0000,6.0000,95.00,95.00,90.00,90.00,65535,65535,65535,1500,1,15,40.4365073,-86.8936828,158.721,0.000,0.000,-0.010,3,0.34,0.53,0.10,1
33303,29595,38101,30080,0,0,-0.30047,2.60130,9.47745,-0.005326,-0.010653,-0.010653,15.559,1.774,-0.372,-0.0049,-0.0065,0.0126,0.4169,-0.5849,-0.4839,-0.0058198,-0.0085972,-0.0106222,0.001366,0.005744,0.020670,0.00000,0.00000,0.000,0.000,0.000,0.000,0.000,-6.0000,0.0000,0.0000,6.0000,95.00,95.00,90.00,90.00,65535,65535,65535,1500,1,15,40.4365073,-86.8936828,158.721,0.000,0.000,-0.010,3,0.34,0.53,0.10,1
33362,72558,24170,21166,0,0,-0.31723,2.61207,9.45111,-0.013848,-0.009587,-0.010653,15.528,1.750,-0.300,-0.0247,-0.0249,0.0326,0.4165,-0.5850,-0.4779,-0.0058204,-0.0085975,-0.0106762,0.000982,0.005988,0.019915,0.00000,0.00000,0.000,0.000,0.000,0.000,0.000,-6.0000,0.0000,0.0000,6.0000,95.00,95.00,90.00,90.00,65535,65535,65535,1500,1,15,40.4365072,-86.8936828,158.740,-0.040,-0.040,-0.050,3,0.34,0.52,0.10,1
33386,24429,23673,15585,0,0,-0.37948,2.62405,9.45111,-0.002131,-0.005326,-0.011718,15.533,1.778,-0.288,-0.0262,-0.0250,0.0323,0.4159,-0.5856,-0.4771,-0.0058195,-0.0086212,-0.0106808,0.000980,0.005983,0.019916,0.00000,0.00000,0.000,0.000,0.000,0.000,0.000,-6.0000,0.0000,0.0000,6.0000,95.00,95.00,90.00,90.00,65535,65535,65535,1500,1,15,40.4365072,-86.8936828,158.740,-0.040,-0.040,-0.050,3,0.34,0.52,0.10,1
33414,23870,28585,20602,0,0,-0.32082,2.66116,9.46308,-0.003196,-0.008522,-0.011718,15.545,1.782,-0.287,-0.0265,-0.0245,0.0325,0.4152,-0.5862,-0.4763,-0.0058282,-0.0086258,-0.0106815,0.000980,0.005961,0.019922,0.00000,0.00000,0.000,0.000,0.000,0.000,0.000,-6.0000,0.0000,0.0000,6.0000,95.00,95.00,90.00,90.00,65535,65535,65535,1500,1,15,40.4365072,-86.8936828,158.740,-0.040,-0.040,-0.050,3,0.34,0.52,0.10,1
33444,28789,29464,21405,0,0,-0.28970,2.64200,9.46189,-0.004261,-0.009587,-0.011718,15.551,1.777,-0.292,-0.0262,-0.0243,0.0325,0.4145,-0.5869,-0.4754,-0.0058308,-0.0086212,-0.0106806,0.000983,0.005956,0.019924,0.00000,0.00000,0.000,0.000,0.000,0.000,0.000,-6.0000,0.0000,0.0000,6.0000,95.00,95.00,90.00,90.00,65535,65535,65535,1500,1,15,40.4365072,-86.8936828,158.740,-0.040,-0.040,-0.050,3,0.34,0.52,0.10,1
33474,29670,29415,26399,0,0,-0.30765,2.60369,9.47146,-0.005326,-0.008522,-0.010653,15.542,1.778,-0.291,-0.0263,-0.0250,0.0325,0.4137,-0.5876,-0.4744,-0.0058218,-0.0086220,-0.0106809,0.000981,0.005976,0.019918,0.00000,0.00000,0.000,0.000,0.000,0.000,0.000,-6.0000,0.0000,0.0000,6.0000,95.00,95.00,90.00,90.00,65535,65535,65535,1500,1,15,40.4365072,-86.8936828,158.740,-0.040,-0.040,-0.050,3,0.34,0.52,0.10,1
33504,29608,29720,26702,0,0,-0.29329,2.60369,9.46667,-0.005326,-0.007457,-0.010653,15.534,1.776,-0.292,-0.0261,-0.0255,0.0324,0.4129,-0.5883,-0.4735,-0.0058136,-0.0086186,-0.0106805,0.000981,0.005994,0.019913,0.00000,0.00000,0.000,0.000,0.000,0.000,0.000,-6.0000,0.0000,0.0000,6.0000,95.00,95.00,90.00,90.00,65535,65535,65535,1500,1,15,40.4365072,-86.8936828,158.740,-0.040,-0.040,-0.050,3,0.34,0.52,0.10,1
33543,44765,24075,21092,0,0,-0.28850,2.64440,9.46787,-0.005326,-0.007457,-0.010653,15.528,1.826,-0.446,0.0167,-0.0001,0.0096,0.4259,-0.5789,-0.4778,-0.0058113,-0.0086223,-0.0105668,0.001781,0.005671,0.020756,0.00000,0.00000,0.000,0.000,0.000,0.000,0.000,-6.0000,0.0000,0.0000,6.0000,95.00,95.00,90.00,90.00,65535,65535,65535,1500,1,15,40.4365073,-86.8936827,158.724,0.050,0.020,0.010,3,0.34,0.52,0.09,1
33573,24334,30036,21983,0,0,-0.31723,2.62883,9.46667,-0.006392,-0.007457,-0.010653,15.527,1.829,-0.445,0.0165,-0.0001,0.0097,0.4263,-0.5789,-0.4776,-0.0058109,-0.0086234,-0.0105670,0.001780,0.005672,0.020756,0.00000,0.00000,0.000,0.000,0.000,0.000,0.000,-6.0000,0.0000,0.0000,6.0000,95.00,95.00,90.00,90.00,65535,65535,65535,1500,1,15,40.4365073,-86.8936827,158.724,0.050,0.020,0.010,3,0.34,0.52,0.09,1
33603,30244,29412,21435,0,0,-0.31843,2.63602,9.46308,-0.005326,-0.009587,-0.010653,15.530,1.829,-0.445,0.0163,0.0001,0.0097,0.4268,-0.5789,-0.4773,-0.0058127,-0.0086248,-0.0105673,0.001779,0.005667,0.020757,0.00000,0.00000,0.000,0.000,0.000,0.000,0.000,-6.0000,0.0000,0.0000,6.0000,95.00,95.00,90.00,90.00,65535,65535,65535,1500,1,15,40.4365073,-86.8936827,158.724,0.050,0.020,0.010,3,0.34,0.52,0.09,1
33641,29615,38056,30041,0,0,-0.30406,2.64799,9.46787,-0.006392,-0.008522,-0.010653,15.534,1.826,-0.446,0.0165,0.0004,0.0099,0.4273,-0.5789,-0.4770,-0.0058175,-0.0086220,-0.0105667,0.001784,0.005657,0.020760,0.00000,0.00000,0.000,0.000,0.000,0.000,0.000,-6.0000,0.0000,0.0000,6.0000,95.00,95.00,90.00,90.00,65535,65535,65535,1500,1,15,40.4365073,-86.8936827,158.724,0.050,0.020,0.010,3,0.34,0.52,0.09,1
33674,38241,33004,30002,0,0,-0.27054,2.63482,9.46548,-0.005326,-0.009587,-0.010653,15.536,1.813,-0.453,0.0176,0.0005,0.0099,0.4279,-0.5789,-0.4766,-0.0058185,-0.0086096,-0.0105645,0.001793,0.005659,0.020760,0.00000,0.00000,0.000,0.000,0.000,0.000,0.000,-6.0000,0.0000,0.0000,6.0000,95.00,95.00,90.00,90.00,65535,65535,65535,1500,1,15,40.4365073,-86.8936827,158.724,0.050,0.020,0.010,3,0.34,0.52,0.09,1
33711,33208,36797,28927,0,0,-0.29568,2.63482,9.46428,-0.006392,-0.008522,-0.010653,15.536,1.809,-0.456,0.0179,0.0006,0.0100,0.4285,-0.5789,-0.4763,-0.0058196,-0.0086052,-0.0105637,0.001796,0.005658,0.020760,0.00000,0.00000,0.000,0.000,0.000,0.000,0.000,-6.0000,0.0000,0.0000,6.0000,95.00,95.00,90.00,90.00,65535,65535,65535,1500,1,15,40.4365073,-86.8936827,158.724,0.050,0.020,0.010,3,0.34,0.52,0.09,1
33769,58695,35621,32622,0,0,-0.31005,2.61567,9.47026,-0.006392,-0.008522,-0.010653,15.527,1.779,-0.370,-0.0092,0.0173,0.0100,0.4277,-0.5700,-0.4756,-0.0058106,-0.0085991,-0.0106277,0.001445,0.005039,0.020922,0.00000,0.00000,0.000,0.000,0.000,0.000,0.000,-6.0000,0.0000,0.0000,6.0000,95.00,95.00,90.00,90.00,65535,65535,65535,1500,1,15,40.4365073,-86.8936826,158.744,-0.030,0.030,-0.010,3,0.34,0.52,0.10,1
33798,35873,29483,21522,0,0,-0.29090,2.60729,9.47266,-0.006392,-0.008522,-0.010653,15.518,1.775,-0.372,-0.0088,0.0167,0.0101,0.4274,-0.5694,-0.4753,-0.0058035,-0.0085948,-0.0106270,0.001446,0.005058,0.020917,0.00000,0.00000,0.000,0.000,0.000,0.000,0.000,-6.0000,0.0000,0.0000,6.0000,95.00,95.00,90.00,90.00,65535,65535,65535,1500,1,15,40.4365073,-86.8936826,158.744,-0.030,0.030,-0.010,3,0.34,0.52,0.10,1
33828,29695,29406,21508,0,0,-0.28491,2.64440,9.46907,-0.007457,-0.007457,-0.010653,15.520,1.771,-0.375,-0.0085,0.0170,0.0103,0.4271,-0.5689,-0.4750,-0.0058080,-0.0085888,-0.0106258,0.001452,0.005049,0.020920,0.00000,0.00000,0.000,0.000,0.000,0.000,0.000,-6.0000,0.0000,0.0000,6.0000,95.00,95.00,90.00,90.00,65535,65535,65535,1500,1,15,40.4365073,-86.8936826,158.744,-0.030,0.030,-0.010,3,0.34,0.52,0.10,1
33857,29612,28683,25670,0,0,-0.31723,2.65517,9.45710,-0.007457,-0.008522,-0.010653,15.526,1.775,-0.373,-0.0088,0.0176,0.0103,0.4269,-0.5684,-0.4747,-0.0058164,-0.0085928,-0.0106263,0.001454,0.005030,0.020925,0.00000,0.00000,0.000,0.000,0.000,0.000,0.000,-6.0000,0.0000,0.0000,6.0000,95.00,95.00,90.00,90.00,65535,65535,65535,1500,1,15,40.4365073,-86.8936826,158.744,-0.030,0.030,-0.010,3,0.34,0.52,0.10,1
33880,28884,23336,20331,0,0,-0.32202,2.65158,9.46667,-0.008522,-0.009587,-0.010653,15.529,1.778,-0.372,-0.0092,0.0180,0.0105,0.4266,-0.5679,-0.4744,-0.0058227,-0.0085980,-0.0106271,0.001455,0.005015,0.020929,0.00000,0.00000,0.000,0.000,0.000,0.000,0.000,-6.0000,0.0000,0.0000,6.0000,95.00,95.00,90.00,90.00,65535,65535,65535,1500,1,15,40.4365073,-86.8936826,158.744,-0.030,0.030,-0.010,3,0.34,0.52,0.10,1
33913,23537,32228,24204,0,0,-0.30765,2.62045,9.47026,-0.007457,-0.009587,-0.010653,15.523,1.778,-0.371,-0.0093,0.0179,0.0106,0.4264,-0.5675,-0.4741,-0.0058198,-0.0085988,-0.0106272,0.001454,0.005021,0.020928,0.00000,0.00000,0.000,0.000,0.000,0.000,0.000,-6.0000,0.0000,0.0000,6.0000,95.00,95.00,90.00,90.00,65535,65535,65535,1500,1,15,40.4365073,-86.8936826,158.744,-0.030,0.030,-0.010,3,0.34,0.52,0.10,1
33957,52723,24095,21088,0,0,-0.27294,2.63841,9.46308,-0.003196,-0.008522,-0.009587,15.536,1.760,-0.349,-0.0144,0.0141,0.0103,0.4284,-0.5631,-0.4733,-0.0058234,-0.0085878,-0.0106435,0.001332,0.005108,0.020909,0.00000,0.00000,0.000,0.000,0.000,0.000,0.000,-6.0000,0.0000,0.0000,6.0000,95.00,95.00,90.00,90.00,65535,65535,65535,1500,1,15,40.4365072,-86.8936826,158.757,-0.020,0.010,-0.010,3,0.34,0.52,0.10,1
33996,24371,38076,30130,0,0,-0.30765,2.65996,9.45829,-0.004261,-0.008522,-0.010653,15.547,1.762,-0.349,-0.0146,0.0147,0.0103,0.4281,-0.5627,-0.4731,-0.0058319,-0.0085895,-0.0106437,0.001333,0.005086,0.020915,0.00000,0.00000,0.000,0.000,0.000,0.000,0.000,-6.0000,0.0000,0.0000,6.0000,95.00,95.00,90.00,90.00,65535,65535,65535,1500,1,15,40.4365072,-86.8936826,158.757,-0.020,0.010,-0.010,3,0.34,0.52,0.10,1
34032,38279,36054,28065,0,0,-0.31963,2.66116,9.46787,-0.005326,-0.008522,-0.010653,15.556,1.767,-0.346,-0.0152,0.0155,0.0108,0.4275,-0.5621,-0.4727,-0.0058396,-0.0085946,-0.0106445,0.001331,0.005067,0.020920,0.00000,0.00000,0.000,0.000,0.000,0.000,0.000,-6.0000,0.0000,0.0000,6.0000,95.00,95.00,90.00,90.00,65535,65535,65535,1500,1,15,40.4365072,-86.8936826,158.757,-0.020,0.010,-0.010,3,0.34,0.52,0.10,1
34062,36254,29825,26831,0,0,-0.31364,2.63242,9.46787,-0.005326,-0.008522,-0.010653,15.556,1.770,-0.344,-0.0156,0.0154,0.0109,0.4269,-0.5615,-0.4723,-0.0058386,-0.0085977,-0.0106450,0.001328,0.005068,0.020920,0.00000,0.00000,0.000,0.000,0.000,0.000,0.000,-6.0000,0.0000,0.0000,6.0000,95.00,95.00,90.00,90.00,65535,65535,65535,1500,1,15,40.4365072,-86.8936826,158.757,-0.020,0.010,-0.010,3,0.34,0.52,0.10,1
34092,30024,29548,26227,0,0,-0.28730,2.61327,9.47386,-0.005326,-0.008522,-0.011718,15.550,1.766,-0.348,-0.0153,0.0150,0.0110,0.4265,-0.5611,-0.4720,-0.0058317,-0.0085928,-0.0106443,0.001330,0.005084,0.020916,0.00000,0.00000,0.000,0.000,0.000,0.000,0.000,-6.0000,0.0000,0.0000,6.0000,95.00,95.00,90.00,90.00,65535,65535,65535,1500,1,15,40.4365072,-86.8936826,158.757,-0.020,0.010,-0.010,3,0.34,0.52,0.10,1
34122,29738,29617,21574,0,0,-0.31843,2.61088,9.47505,-0.004261,-0.008522,-0.010653,15.545,1.770,-0.346,-0.0156,0.0145,0.0112,0.4260,-0.5606,-0.4716,-0.0058244,-0.0085974,-0.0106452,0.001323,0.005097,0.020912,0.00000,0.00000,0.000,0.000,0.000,0.000,0.000,-6.0000,0.0000,0.0000,6.0000,95.00,95.00,90.00,90.00,65535,65535,65535,1500,1,15,40.4365072,-86.8936826,158.757,-0.020,0.010,-0.010,3,0.34,0.52,0.10,1
34167,50850,24208,21187,0,0,-0.28970,2.66834,9.46189,-0.005326,-0.008522,-0.010653,15.562,1.781,-0.389,-0.0003,-0.0078,0.0230,0.4330,-0.5611,-0.4678,-0.0058409,-0.0085963,-0.0106144,0.001470,0.005728,0.020384,0.00000,0.00000,0.000,0.000,0.000,0.000,0.000,-6.0000,0.0000,0.0000,6.0000,95.00,95.00,90.00,90.00,65535,65535,65535,1500,1,15,40.4365073,-86.8936826,158.771,0.010,-0.027,-0.032,3,0.34,0.52,0.11,1
34191,24656,18628,15604,0,0,-0.30047,2.64440,9.46548,-0.006392,-0.008522,-0.011718,15.564,1.780,-0.392,-0.0003,-0.0077,0.0232,0.4330,-0.5613,-0.4672,-0.0058433,-0.0085947,-0.0106141,0.001473,0.005722,0.020385,0.00000,0.00000,0.000,0.000,0.000,0.000,0.000,-6.0000,0.0000,0.0000,6.0000,95.00,95.00,90.00,90.00,65535,65535,65535,1500,1,15,40.4365073,-86.8936826,158.771,0.010,-0.030,-0.030,3,0.34,0.52,0.11,1
34220,23872,28473,20579,0,0,-0.29928,2.62883,9.46907,-0.006392,-0.009587,-0.011718,15.560,1.778,-0.394,-0.0002,-0.0078,0.0232,0.4330,-0.5615,-0.4667,-0.0058409,-0.0085930,-0.0106138,0.001475,0.005729,0.020383,0.00000,0.00000,0.000,0.000,0.000,0.000,0.000,-6.0000,0.0000,0.0000,6.0000,95.00,95.00,90.00,90.00,65535,65535,65535,1500,1,15,40.4365073,-86.8936826,158.771,0.010,-0.030,-0.030,3,0.34,0.52,0.11,1
34249,28670,29404,21427,0,0,-0.30047,2.62165,9.46308,-0.004261,-0.008522,-0.011718,15.559,1.777,-0.397,-0.0002,-0.0081,0.0231,0.4330,-0.5617,-0.4660,-0.0058371,-0.0085917,-0.0106136,0.001475,0.005738,0.020381,0.00000,0.00000,0.000,0.000,0.000,0.000,0.000,-6.0000,0.0000,0.0000,6.0000,95.00,95.00,90.00,90.00,65535,65535,65535,1500,1,15,40.4365073,-86.8936826,158.771,0.010,-0.030,-0.030,3,0.34,0.52,0.11,1
34279,29596,29399,21369,0,0,-0.30646,2.63242,9.47984,-0.005326,-0.008522,-0.011718,15.558,1.778,-0.398,-0.0003,-0.0082,0.0236,0.4330,-0.5620,-0.4653,-0.0058351,-0.0085920,-0.0106137,0.001474,0.005742,0.020380,0.00000,0.00000,0.000,0.000,0.000,0.000,0.000,-6.0000,0.0000,0.0000,6.0000,95.00,95.00,90.00,90.00,65535,65535,65535,1500,1,15,40.4365073,-86.8936826,158.771,0.010,-0.030,-0.030,3,0.34,0.52,0.11,1
34312,29589,33308,30274,0,0,-0.31843,2.63482,9.46787,-0.004261,-0.008522,-0.010653,15.560,1.782,-0.396,-0.0006,-0.0082,0.0238,0.4330,-0.5622,-0.4646,-0.0058347,-0.0085959,-0.0106144,0.001469,0.005741,0.020380,0.00000,0.00000,0.000,0.000,0.000,0.000,0.000,-6.0000,0.0000,0.0000,6.0000,95.00,95.00,90.00,90.00,65535,65535,65535,1500,1,15,40.4365073,-86.8936826,158.771,0.010,-0.030,-0.030,3,0.34,0.52,0.11,1
34362,34182,48869,41014,0,0,-0.30526,2.64440,9.46548,-0.006392,-0.008522,-0.010653,15.559,1.795,-0.437,0.0111,-0.0032,0.0272,0.4396,-0.5569,-0.4627,-0.0058362,-0.0085980,-0.0105850,0.001683,0.005633,0.020316,0.00000,0.00000,0.000,0.000,0.000,0.000,0.000,-6.0000,0.0000,0.0000,6.0000,95.00,95.00,90.00,90.00,65535,65535,65535,1500,1,15,40.4365073,-86.8936825,158.771,0.020,0.000,-0.030,3,0.34,0.52,0.11,1
34416,75149,27335,24357,0,0,-0.30406,2.61447,9.47386,-0.005326,-0.008522,-0.010653,15.554,1.795,-0.437,0.0111,-0.0048,0.0276,0.4404,-0.5572,-0.4606,-0.0058292,-0.0085967,-0.0105849,0.001682,0.005650,0.020311,0.00000,0.00000,0.000,0.000,0.000,0.000,0.000,-6.0000,0.0000,0.0000,6.0000,95.00,95.00,90.00,90.00,65535,65535,65535,1500,1,15,40.4365073,-86.8936825,158.771,0.020,0.000,-0.030,3,0.34,0.52,0.11,1
34446,27609,29644,21612,0,0,-0.27653,2.64200,9.46548,-0.004261,-0.008522,-0.011718,15.558,1.786,-0.444,0.0117,-0.0046,0.0277,0.4408,-0.5573,-0.4599,-0.0058312,-0.0085873,-0.0105831,0.001699,0.005650,0.020312,0.00000,0.00000,0.000,0.000,0.000,0.000,0.000,-6.0000,0.0000,0.0000,6.0000,95.00,95.00,90.00,90.00,65535,65535,65535,1500,1,15,40.4365073,-86.8936825,158.771,0.020,0.000,-0.030,3,0.34,0.52,0.11,1
34475,29854,29467,21432,0,0,-0.28132,2.65756,9.46548,-0.006392,-0.008522,-0.010653,15.564,1.779,-0.449,0.0121,-0.0042,0.0279,0.4411,-0.5574,-0.4590,-0.0058376,-0.0085797,-0.0105816,0.001713,0.005640,0.020315,0.00000,0.00000,0.000,0.000,0.000,0.000,0.000,-6.0000,0.0000,0.0000,6.0000,95.00,95.00,90.00,90.00,65535,65535,65535,1500,1,15,40.4365073,-86.8936825,158.771,0.020,0.000,-0.030,3,0.34,0.52,0.11,1
34505,29664,29476,26467,0,0,-0.30287,2.64200,9.46189,-0.008522,-0.007457,-0.011718,15.562,1.781,-0.450,0.0121,-0.0041,0.0279,0.4415,-0.5576,-0.4582,-0.0058397,-0.0085789,-0.0105815,0.001715,0.005636,0.020316,0.00000,0.00000,0.000,0.000,0.000,0.000,0.000,-6.0000,0.0000,0.0000,6.0000,95.00,95.00,90.00,90.00,65535,65535,65535,1500,1,15,40.4365073,-86.8936825,158.771,0.020,0.000,-0.030,3,0.34,0.52,0.11,1
34536,35414,24650,21613,0,0,-0.32202,2.62165,9.46308,-0.006392,-0.008522,-0.011718,15.560,1.740,-0.317,-0.0282,-0.0016,0.0126,0.4366,-0.5524,-0.4607,-0.0058353,-0.0085752,-0.0106797,0.001077,0.005492,0.020805,0.00000,0.00000,0.000,0.000,0.000,0.000,0.000,-6.0000,0.0000,0.0000,6.0000,95.00,95.00,90.00,90.00,65535,65535,65535,1500,1,15,40.4365072,-86.8936824,158.758,-0.060,0.000,0.000,3,0.34,0.52,0.10,1
34566,24869,29602,21545,0,0,-0.33160,2.61447,9.46308,-0.006392,-0.008522,-0.010653,15.553,1.749,-0.311,-0.0289,-0.0019,0.0124,0.4359,-0.5525,-0.4604,-0.0058296,-0.0085849,-0.0106819,0.001060,0.005502,0.020802,0.00000,0.00000,0.000,0.000,0.000,0.000,0.000,-6.0000,0.0000,0.0000,6.0000,95.00,95.00,90.00,90.00,65535,65535,65535,1500,1,15,40.4365072,-86.8936824,158.758,-0.060,0.000,0.000,3,0.34,0.52,0.10,1
34604,49991,18164,15157,0,0,-0.33639,2.63961,9.46308,-0.003196,-0.009587,-0.010653,15.562,1.757,-0.306,-0.0305,-0.0017,0.0125,0.4344,-0.5525,-0.4598,-0.0058309,-0.0085959,-0.0106840,0.001042,0.005494,0.020803,0.00000,0.00000,0.000,0.000,0.000,0.000,0.000,-6.0000,0.0000,0.0000,6.0000,95.00,95.00,90.00,90.00,65535,65535,65535,1500,1,15,40.4365072,-86.8936824,158.758,-0.060,0.000,0.000,3,0.34,0.52,0.10,1
34634,18432,29942,22058,0,0,-0.31364,2.64080,9.46189,-0.005326,-0.009587,-0.010653,15.565,1.759,-0.304,-0.0307,-0.0017,0.0125,0.4339,-0.5526,-0.4596,-0.0058325,-0.0085996,-0.0106846,0.001036,0.005489,0.020805,0.00000,0.00000,0.000,0.000,0.000,0.000,0.000,-6.0000,0.0000,0.0000,6.0000,95.00,95.00,90.00,90.00,65535,65535,65535,1500,1,15,40.4365072,-86.8936824,158.758,-0.060,0.000,0.000,3,0.34,0.52,0.10,1
34672,30154,37979,30094,0,0,-0.29090,2.66235,9.46548,-0.006392,-0.009587,-0.010653,15.571,1.754,-0.306,-0.0305,-0.0012,0.0128,0.4329,-0.5526,-0.4592,-0.0058397,-0.0085964,-0.0106839,0.001042,0.005475,0.020809,0.00000,0.00000,0.000,0.000,0.000,0.000,0.000,-6.0000,0.0000,0.0000,6.0000,95.00,95.00,90.00,90.00,65535,65535,65535,1500,1,15,40.4365072,-86.8936824,158.758,-0.060,0.000,0.000,3,0.34,0.52,0.10,1
34708,38179,35605,27570,0,0,-0.26217,2.64080,9.47026,-0.006392,-0.008522,-0.010653,15.570,1.744,-0.312,-0.0295,-0.0011,0.0131,0.4318,-0.5527,-0.4587,-0.0058403,-0.0085851,-0.0106820,0.001058,0.005478,0.020808,0.00000,0.00000,0.000,0.000,0.000,0.000,0.000,-6.0000,0.0000,0.0000,6.0000,95.00,95.00,90.00,90.00,65535,65535,65535,1500,1,15,40.4365072,-86.8936824,158.758,-0.060,0.000,0.000,3,0.34,0.52,0.10,1
34746,36521,36620,33610,0,0,-0.29209,2.62764,9.46548,-0.005326,-0.008522,-0.010653,15.570,1.754,-0.347,-0.0181,-0.0112,-0.0052,0.4366,-0.5504,-0.4624,-0.0058400,-0.0085853,-0.0106575,0.001173,0.005957,0.021237,0.00000,0.00000,0.000,0.000,0.000,0.000,0.000,-6.0000,0.0000,0.0000,6.0000,95.00,95.00,90.00,90.00,65535,65535,65535,1500,1,15,40.4365071,-86.8936824,158.758,-0.010,-0.020,0.020,3,0.34,0.52,0.10,1
34775,36843,29315,26309,0,0,-0.27892,2.65158,9.47505,-0.004261,-0.008522,-0.010653,15.577,1.748,-0.350,-0.0175,-0.0109,-0.0046,0.4359,-0.5508,-0.4626,-0.0058431,-0.0085788,-0.0106561,0.001185,0.005953,0.021239,0.00000,0.00000,0.000,0.000,0.000,0.000,0.000,-6.0000,0.0000,0.0000,6.0000,95.00,95.00,90.00,90.00,65535,65535,65535,1500,1,15,40.4365071,-86.8936824,158.758,-0.010,-0.020,0.020,3,0.34,0.52,0.10,1
34814,49346,18162,15151,0,0,-0.28371,2.65517,9.46907,-0.007457,-0.008522,-0.010653,15.577,1.743,-0.353,-0.0169,-0.0102,-0.0042,0.4351,-0.5513,-0.4628,-0.0058478,-0.0085738,-0.0106551,0.001194,0.005945,0.021242,0.00000,0.00000,0.000,0.000,0.000,0.000,0.000,-6.0000,0.0000,0.0000,6.0000,95.00,95.00,90.00,90.00,65535,65535,65535,1500,1,15,40.4365071,-86.8936824,158.758,-0.010,-0.020,0.020,3,0.34,0.52,0.10,1
34843,18448,28739,20748,0,0,-0.29209,2.64679,9.46548,-0.008522,-0.007457,-0.011718,15.577,1.743,-0.355,-0.0169,-0.0102,-0.0041,0.4348,-0.5515,-0.4629,-0.0058502,-0.0085717,-0.0106547,0.001197,0.005941,0.021243,0.00000,0.00000,0.000,0.000,0.000,0.000,0.000,-6.0000,0.0000,0.0000,6.0000,95.00,95.00,90.00,90.00,65535,65535,65535,1500,1,15,40.4365071,-86.8936824,158.758,-0.010,-0.020,0.020,3,0.34,0.52,0.10,1
34866,28950,23398,15392,0,0,-0.29688,2.62644,9.46069,-0.008522,-0.007457,-0.011718,15.569,1.744,-0.357,-0.0169,-0.0103,-0.0042,0.4343,-0.5518,-0.4630,-0.0058474,-0.0085710,-0.0106546,0.001197,0.005947,0.021241,0.00000,0.00000,0.000,0.000,0.000,0.000,0.000,-6.0000,0.0000,0.0000,6.0000,95.00,95.00,90.00,90.00,65535,65535,65535,1500,1,15,40.4365071,-86.8936824,158.758,-0.010,-0.020,0.020,3,0.34,0.52,0.10,1
34896,23596,29532,21678,0,0,-0.32561,2.62644,9.46308,-0.006392,-0.007457,-0.010653,15.566,1.753,-0.352,-0.0173,-0.0105,-0.0043,0.4339,-0.5520,-0.4631,-0.0058446,-0.0085786,-0.0106559,0.001189,0.005950,0.021240,0.00000,0.00000,0.000,0.000,0.000,0.000,0.000,-6.0000,0.0000,0.0000,6.0000,95.00,95.00,90.00,90.00,65535,65535,65535,1500,1,15,40.4365071,-86.8936824,158.758,-0.010,-0.020,0.020,3,0.34,0.52,0.10,1
34926,29907,29847,21933,0,0,-0.34955,2.61567,9.46428,-0.006392,-0.008522,-0.010653,15.559,1.766,-0.345,-0.0183,-0.0108,-0.0044,0.4334,-0.5523,-0.4633,-0.0058390,-0.0085926,-0.0106582,0.001174,0.005955,0.021238,0.00000,0.00000,0.000,0.000,0.000,0.000,0.000,-6.0000,0.0000,0.0000,6.0000,95.00,95.00,90.00,90.00,65535,65535,65535,1500,1,15,40.4365071,-86.8936824,158.758,-0.010,-0.020,0.020,3,0.34,0.52,0.10,1
34962,30608,35393,27383,0,0,-0.34596,2.62165,9.46069,-0.004261,-0.008522,-0.010653,15.549,1.820,-0.462,0.0155,0.0129,-0.0133,0.4445,-0.5423,-0.4652,-0.0058300,-0.0086116,-0.0105709,0.001816,0.005533,0.021643,0.00000,0.00000,0.000,0.000,0.000,0.000,0.000,-6.0000,0.0000,0.0000,6.0000,95.00,95.00,90.00,90.00,65535,65535,65535,1500,1,15,40.4365072,-86.8936823,158.766,0.040,0.030,0.020,3,0.34,0.52,0.10,1
35001,40664,33074,30057,0,0,-0.27414,2.66235,9.46308,-0.005326,-0.008522,-0.010653,15.558,1.810,-0.469,0.0168,0.0138,-0.0131,0.4452,-0.5418,-0.4658,-0.0058381,-0.0086006,-0.0105686,0.001835,0.005519,0.021647,0.00000,0.00000,0.000,0.000,0.000,0.000,0.000,-6.0000,0.0000,0.0000,6.0000,95.00,95.00,90.00,90.00,65535,65535,65535,1500,1,15,40.4365072,-86.8936823,158.766,0.040,0.030,0.020,3,0.34,0.52,0.10,1
35063,71969,23780,20786,0,0,-0.32681,2.63003,9.46787,-0.003196,-0.010653,-0.010653,15.567,1.807,-0.469,0.0155,0.0134,-0.0129,0.4463,-0.5408,-0.4667,-0.0058358,-0.0086060,-0.0105696,0.001825,0.005521,0.021646,0.00000,0.00000,0.000,0.000,0.000,0.000,0.000,-6.0000,0.0000,0.0000,6.0000,95.00,95.00,90.00,90.00,65535,65535,65535,1500,1,15,40.4365072,-86.8936823,158.766,0.040,0.030,0.020,3,0.34,0.52,0.10,1
35093,24059,29490,21498,0,0,-0.35195,2.59891,9.46428,-0.005326,-0.009587,-0.011718,15.556,1.818,-0.463,0.0148,0.0129,-0.0130,0.4467,-0.5405,-0.4670,-0.0058249,-0.0086187,-0.0105720,0.001803,0.005538,0.021641,0.00000,0.00000,0.000,0.000,0.000,0.000,0.000,-6.0000,0.0000,0.0000,6.0000,95.00,95.00,90.00,90.00,65535,65535,65535,1500,1,15,40.4365072,-86.8936823,158.766,0.040,0.030,0.020,3,0.34,0.52,0.10,1
35123,29694,29338,21422,0,0,-0.31005,2.62285,9.46548,-0.004261,-0.009587,-0.010653,15.555,1.816,-0.464,0.0147,0.0127,-0.0131,0.4471,-0.5401,-0.4674,-0.0058213,-0.0086183,-0.0105720,0.001804,0.005545,0.021639,0.00000,0.00000,0.000,0.000,0.000,0.000,0.000,-6.0000,0.0000,0.0000,6.0000,95.00,95.00,90.00,90.00,65535,65535,65535,1500,1,15,40.4365072,-86.8936823,158.766,0.040,0.030,0.020,3,0.34,0.52,0.10,1
35153,29530,29739,26631,0,0,-0.26456,2.64200,9.47146,-0.005326,-0.009587,-0.010653,15.557,1.801,-0.472,0.0155,0.0128,-0.0129,0.4476,-0.5397,-0.4678,-0.0058229,-0.0086045,-0.0105697,0.001829,0.005548,0.021639,0.00000,0.00000,0.000,0.000,0.000,0.000,0.000,-6.0000,0.0000,0.0000,6.0000,95.00,95.00,90.00,90.00,65535,65535,65535,1500,1,15,40.4365072,-86.8936823,158.766,0.040,0.030,0.020,3,0.34,0.52,0.10,1
35183,30614,29331,26303,0,0,-0.24780,2.64440,9.46907,-0.006392,-0.008522,-0.010653,15.567,1.745,-0.365,-0.0164,-0.0056,-0.0226,0.4431,-0.5393,-0.4703,-0.0058298,-0.0085797,-0.0106509,0.001248,0.005984,0.021798,0.00000,0.00000,0.000,0.000,0.000,0.000,0.000,-6.0000,0.0000,0.0000,6.0000,95.00,95.00,90.00,90.00,65535,65535,65535,1500,1,15,40.4365071,-86.8936823,158.764,-0.040,-0.020,0.030,3,0.33,0.51,0.08,1
35212,29552,28716,20720,0,0,-0.26815,2.65996,9.46069,-0.007457,-0.008522,-0.011718,15.571,1.737,-0.372,-0.0157,-0.0050,-0.0225,0.4427,-0.5395,-0.4709,-0.0058367,-0.0085707,-0.0106490,0.001264,0.005971,0.021802,0.00000,0.00000,0.000,0.000,0.000,0.000,0.000,-6.0000,0.0000,0.0000,6.0000,95.00,95.00,90.00,90.00,65535,65535,65535,1500,1,15,40.4365071,-86.8936823,158.764,-0.040,-0.020,0.030,3,0.33,0.51,0.08,1
35250,48923,18150,15153,0,0,-0.34237,2.63123,9.45949,-0.008522,-0.008522,-0.010653,15.563,1.750,-0.365,-0.0176,-0.0052,-0.0228,0.4419,-0.5397,-0.4721,-0.0058357,-0.0085839,-0.0106514,0.001247,0.005968,0.021803,0.00000,0.00000,0.000,0.000,0.000,0.000,0.000,-6.0000,0.0000,0.0000,6.0000,95.00,95.00,90.00,90.00,65535,65535,65535,1500,1,15,40.4365071,-86.8936823,158.764,-0.040,-0.020,0.030,3,0.33,0.51,0.08,1
35280,18439,29609,21710,0,0,-0.36512,2.60729,9.46787,-0.007457,-0.008522,-0.010653,15.553,1.767,-0.355,-0.0183,-0.0054,-0.0228,0.4415,-0.5398,-0.4725,-0.0058276,-0.0086028,-0.0106549,0.001225,0.005979,0.021799,0.00000,0.00000,0.000,0.000,0.000,0.000,0.000,-6.0000,0.0000,0.0000,6.0000,95.00,95.00,90.00,90.00,65535,65535,65535,1500,1,15,40.4365071,-86.8936823,158.764,-0.040,-0.020,0.030,3,0.33,0.51,0.08,1
35310,29799,29993,21951,0,0,-0.33519,2.61447,9.46548,-0.005326,-0.009587,-0.010653,15.548,1.775,-0.350,-0.0190,-0.0058,-0.0229,0.4410,-0.5400,-0.4732,-0.0058220,-0.0086121,-0.0106566,0.001214,0.005987,0.021797,0.00000,0.00000,0.000,0.000,0.000,0.000,0.000,-6.0000,0.0000,0.0000,6.0000,95.00,95.00,90.00,90.00,65535,65535,65535,1500,1,15,40.4365071,-86.8936823,158.764,-0.040,-0.020,0.030,3,0.33,0.51,0.08,1
35359,30877,48084,40090,0,0,-0.26815,2.63721,9.46787,-0.005326,-0.008522,-0.010653,15.547,1.753,-0.323,-0.0297,0.0084,-0.0160,0.4406,-0.5320,-0.4718,-0.0058196,-0.0085991,-0.0106790,0.001132,0.005497,0.021725,0.00000,0.00000,0.000,0.000,0.000,0.000,0.000,-6.0000,0.0000,0.0000,6.0000,95.00,95.00,90.00,90.00,65535,65535,65535,1500,1,15,40.4365070,-86.8936821,158.769,-0.040,0.020,0.010,3,0.33,0.51,0.09,1
35394,48296,34488,26609,0,0,-0.32561,2.59292,9.45949,-0.004261,-0.006392,-0.011718,15.540,1.766,-0.319,-0.0308,0.0068,-0.0168,0.4391,-0.5317,-0.4726,-0.0058085,-0.0086062,-0.0106806,0.001117,0.005520,0.021718,0.00000,0.00000,0.000,0.000,0.000,0.000,0.000,-6.0000,0.0000,0.0000,6.0000,95.00,95.00,90.00,90.00,65535,65535,65535,1500,1,15,40.4365070,-86.8936821,158.769,-0.040,0.020,0.010,3,0.33,0.51,0.09,1
35423,34691,29286,26291,0,0,-0.24421,2.70305,9.46428,-0.004261,-0.005326,-0.010653,15.563,1.756,-0.328,-0.0292,0.0086,-0.0162,0.4381,-0.5314,-0.4731,-0.0058284,-0.0085885,-0.0106768,0.001159,0.005484,0.021729,0.00000,0.00000,0.000,0.000,0.000,0.000,0.000,-6.0000,0.0000,0.0000,6.0000,95.00,95.00,90.00,90.00,65535,65535,65535,1500,1,15,40.4365070,-86.8936821,158.769,-0.040,0.020,0.010,3,0.33,0.51,0.09,1
35461,49193,18110,15128,0,0,-0.31603,2.57257,9.46428,-0.008522,-0.006392,-0.010653,15.537,1.766,-0.323,-0.0299,0.0064,-0.0170,0.4366,-0.5310,-0.4739,-0.0058105,-0.0085929,-0.0106780,0.001138,0.005518,0.021719,0.00000,0.00000,0.000,0.000,0.000,0.000,0.000,-6.0000,0.0000,0.0000,6.0000,95.00,95.00,90.00,90.00,65535,65535,65535,1500,1,15,40.4365070,-86.8936821,158.769,-0.040,0.020,0.010,3,0.33,0.51,0.09,1
35491,18380,29395,21372,0,0,-0.26456,2.64320,9.46667,-0.009587,-0.007457,-0.011718,15.536,1.757,-0.330,-0.0296,0.0065,-0.0170,0.4361,-0.5309,-0.4743,-0.0058138,-0.0085816,-0.0106761,0.001152,0.005516,0.021720,0.00000,0.00000,0.000,0.000,0.000,0.000,0.000,-6.0000,0.0000,0.0000,6.0000,95.00,95.00,90.00,90.00,65535,65535,65535,1500,1,15,40.4365070,-86.8936821,158.769,-0.040,0.020,0.010,3,0.33,0.51,0.09,1
35515,29599,24087,16043,0,0,-0.26576,2.67791,9.46548,-0.006392,-0.007457,-0.010653,15.549,1.749,-0.335,-0.0290,0.0073,-0.0166,0.4352,-0.5307,-0.4748,-0.0058269,-0.0085710,-0.0106741,0.001174,0.005495,0.021727,0.00000,0.00000,0.000,0.000,0.000,0.000,0.000,-6.0000,0.0000,0.0000,6.0000,95.00,95.00,90.00,90.00,65535,65535,65535,1500,1,15,40.4365070,-86.8936821,158.769,-0.040,0.020,0.010,3,0.33,0.51,0.09,1
35552,30013,30694,27684,0,0,-0.32082,2.61567,9.47505,-0.004261,-0.008522,-0.010653,15.544,1.780,-0.405,-0.0067,0.0036,0.0094,0.4427,-0.5266,-0.4684,-0.0058220,-0.0085817,-0.0106229,0.001499,0.005500,0.020959,0.00000,0.00000,0.000,0.000,0.000,0.000,0.000,-6.0000,0.0000,0.0000,6.0000,95.00,95.00,90.00,90.00,65535,65535,65535,1500,1,15,40.4365071,-86.8936821,158.783,0.010,0.000,-0.030,3,0.33,0.51,0.11,1
35581,30928,29261,21387,0,0,-0.29688,2.63123,9.47386,-0.002131,-0.009587,-0.010653,15.549,1.776,-0.407,-0.0065,0.0035,0.0097,0.4425,-0.5265,-0.4681,-0.0058205,-0.0085793,-0.0106224,0.001502,0.005504,0.020958,0.00000,0.00000,0.000,0.000,0.000,0.000,0.000,-6.0000,0.0000,0.0000,6.0000,95.00,95.00,90.00,90.00,65535,65535,65535,1500,1,15,40.4365071,-86.8936821,158.783,0.010,0.000,-0.030,3,0.33,0.51,0.11,1
35611,29463,29502,21424,0,0,-0.25977,2.64200,9.46548,-0.004261,-0.009587,-0.010653,15.554,1.762,-0.414,-0.0056,0.0037,0.0097,0.4423,-0.5264,-0.4678,-0.0058227,-0.0085666,-0.0106199,0.001525,0.005506,0.020958,0.00000,0.00000,0.000,0.000,0.000,0.000,0.000,-6.0000,0.0000,0.0000,6.0000,95.00,95.00,90.00,90.00,65535,65535,65535,1500,1,15,40.4365071,-86.8936821,158.783,0.010,0.000,-0.030,3,0.33,0.51,0.11,1
35640,29707,28961,25972,0,0,-0.30885,2.63841,9.47146,-0.006392,-0.008522,-0.009587,15.554,1.763,-0.412,-0.0058,0.0037,0.0100,0.4421,-0.5263,-0.4675,-0.0058233,-0.0085684,-0.0106203,0.001522,0.005503,0.020958,0.00000,0.00000,0.000,0.000,0.000,0.000,0.000,-6.0000,0.0000,0.0000,6.0000,95.00,95.00,90.00,90.00,65535,65535,65535,1500,1,15,40.4365071,-86.8936821,158.783,0.010,0.000,-0.030,3,0.33,0.51,0.11,1
35689,59667,18167,15163,0,0,-0.28730,2.64918,9.46548,-0.005326,-0.008522,-0.010653,15.560,1.759,-0.414,-0.0052,0.0044,0.0103,0.4418,-0.5261,-0.4669,-0.0058274,-0.0085639,-0.0106194,0.001532,0.005498,0.020960,0.00000,0.00000,0.000,0.000,0.000,0.000,0.000,-6.0000,0.0000,0.0000,6.0000,95.00,95.00,90.00,90.00,65535,65535,65535,1500,1,15,40.4365071,-86.8936821,158.783,0.010,0.000,-0.030,3,0.33,0.51,0.11,1
35728,18452,38360,30293,0,0,-0.27174,2.64918,9.46787,-0.007457,-0.008522,-0.010653,15.562,1.751,-0.419,-0.0050,0.0045,0.0104,0.4417,-0.5260,-0.4667,-0.0058310,-0.0085551,-0.0106179,0.001546,0.005494,0.020962,0.00000,0.00000,0.000,0.000,0.000,0.000,0.000,-6.0000,0.0000,0.0000,6.0000,95.00,95.00,90.00,90.00,65535,65535,65535,1500,1,15,40.4365071,-86.8936821,158.783,0.010,0.000,-0.030,3,0.33,0.51,0.11,1
35776,39284,47704,39844,0,0,-0.34117,2.61088,9.47386,-0.005326,-0.008522,-0.010653,15.557,1.766,-0.422,-0.0023,-0.0035,0.0103,0.4454,-0.5230,-0.4658,-0.0058252,-0.0085678,-0.0106132,0.001550,0.005721,0.020908,0.00000,0.00000,0.000,0.000,0.000,0.000,0.000,-6.0000,0.0000,0.0000,6.0000,95.00,95.00,90.00,90.00,65535,65535,65535,1500,1,15,40.4365071,-86.8936821,158.778,0.000,-0.010,-0.010,3,0.33,0.51,0.09,1
35807,47926,30623,26425,0,0,-0.28132,2.66953,9.46548,-0.005326,-0.009587,-0.011718,15.568,1.758,-0.430,-0.0015,-0.0021,0.0108,0.4454,-0.5231,-0.4653,-0.0058349,-0.0085614,-0.0106117,0.001566,0.005702,0.020914,0.00000,0.00000,0.000,0.000,0.000,0.000,0.000,-6.0000,0.0000,0.0000,6.0000,95.00,95.00,90.00,90.00,65535,65535,65535,1500,1,15,40.4365071,-86.8936821,158.778,0.000,-0.010,-0.010,3,0.33,0.51,0.09,1
35836,30820,28775,20782,0,0,-0.29568,2.65756,9.46308,-0.008522,-0.008522,-0.010653,15.570,1.757,-0.431,-0.0015,-0.0017,0.0110,0.4453,-0.5232,-0.4650,-0.0058412,-0.0085596,-0.0106112,0.001572,0.005689,0.020917,0.00000,0.00000,0.000,0.000,0.000,0.000,0.000,-6.0000,0.0000,0.0000,6.0000,95.00,95.00,90.00,90.00,65535,65535,65535,1500,1,15,40.4365071,-86.8936821,158.778,0.000,-0.010,-0.010,3,0.33,0.51,0.09,1
35860,28979,23324,20311,0,0,-0.31125,2.62405,9.47146,-0.006392,-0.009587,-0.010653,15.565,1.758,-0.430,-0.0017,-0.0019,0.0111,0.4453,-0.5232,-0.4647,-0.0058370,-0.0085625,-0.0106118,0.001566,0.005697,0.020915,0.00000,0.00000,0.000,0.000,0.000,0.000,0.000,-6.0000,0.0000,0.0000,6.0000,95.00,95.00,90.00,90.00,65535,65535,65535,1500,1,15,40.4365071,-86.8936821,158.778,0.000,-0.010,-0.010,3,0.33,0.51,0.09,1
35898,43480,18110,15128,0,0,-0.29808,2.64440,9.46069,-0.006392,-0.008522,-0.011718,15.566,1.758,-0.433,-0.0017,-0.0016,0.0111,0.4452,-0.5233,-0.4642,-0.0058397,-0.0085615,-0.0106116,0.001568,0.005692,0.020917,0.00000,0.00000,0.000,0.000,0.000,0.000,0.000,-6.0000,0.0000,0.0000,6.0000,95.00,95.00,90.00,90.00,65535,65535,65535,1500,1,15,40.4365071,-86.8936821,158.778,0.000,-0.010,-0.010,3,0.33,0.51,0.09,1
35928,18392,30071,22109,0,0,-0.29209,2.63123,9.47386,-0.006392,-0.008522,-0.010653,15.563,1.755,-0.435,-0.0017,-0.0017,0.0112,0.4452,-0.5233,-0.4640,-0.0058375,-0.0085587,-0.0106112,0.001570,0.005697,0.020915,0.00000,0.00000,0.000,0.000,0.000,0.000,0.000,-6.0000,0.0000,0.0000,6.0000,95.00,95.00,90.00,90.00,65535,65535,65535,1500,1,15,40.4365071,-86.8936821,158.778,0.000,-0.010,-0.010,3,0.33,0.51,0.09,1
35965,30955,35436,27421,0,0,-0.30526,2.62165,9.46069,-0.006392,-0.008522,-0.009587,15.559,1.788,-0.524,0.0279,-0.0170,0.0105,0.4548,-0.5222,-0.4632,-0.0058377,-0.0085662,-0.0105459,0.001967,0.006257,0.020789,0.00000,0.00000,0.000,0.000,0.000,0.000,0.000,-6.0000,0.0000,0.0000,6.0000,95.00,95.00,90.00,90.00,65535,65535,65535,1500,1,15,40.4365071,-86.8936820,158.783,0.050,-0.030,-0.010,3,0.33,0.51,0.10,1
35994,35669,29380,21496,0,0,-0.28730,2.63602,9.46787,-0.005326,-0.008522,-0.010653,15.560,1.783,-0.528,0.0284,-0.0171,0.0106,0.4558,-0.5228,-0.4628,-0.0058376,-0.0085606,-0.0105448,0.001974,0.006259,0.020788,0.00000,0.00000,0.000,0.000,0.000,0.000,0.000,-6.0000,0.0000,0.0000,6.0000,95.00,95.00,90.00,90.00,65535,65535,65535,1500,1,15,40.4365071,-86.8936820,158.783,0.050,-0.030,-0.010,3,0.33,0.51,0.10,1
36032,29592,37932,30004,0,0,-0.28850,2.63242,9.47026,-0.006392,-0.008522,-0.010653,15.558,1.778,-0.531,0.0287,-0.0172,0.0108,0.4566,-0.5233,-0.4625,-0.0058364,-0.0085555,-0.0105439,0.001980,0.006264,0.020787,0.00000,0.00000,0.000,0.000,0.000,0.000,0.000,-6.0000,0.0000,0.0000,6.0000,95.00,95.00,90.00,90.00,65535,65535,65535,1500,1,15,40.4365071,-86.8936820,158.783,0.050,-0.030,-0.010,3,0.33,0.51,0.10,1
36063,38121,30269,27261,0,0,-0.31005,2.63362,9.46308,-0.005326,-0.008522,-0.010653,15.559,1.780,-0.530,0.0284,-0.0172,0.0108,0.4577,-0.5240,-0.4621,-0.0058360,-0.0085570,-0.0105442,0.001978,0.006264,0.020787,0.00000,0.00000,0.000,0.000,0.000,0.000,0.000,-6.0000,0.0000,0.0000,6.0000,95.00,95.00,90.00,90.00,65535,65535,65535,1500,1,15,40.4365071,-86.8936820,158.783,0.050,-0.030,-0.010,3,0.33,0.51,0.10,1
36110,56677,20853,17854,0,0,-0.33639,2.61806,9.46189,-0.005326,-0.008522,-0.010653,15.555,1.789,-0.525,0.0268,-0.0180,0.0105,0.4593,-0.5249,-0.4615,-0.0058312,-0.0085664,-0.0105458,0.001965,0.006270,0.020785,0.00000,0.00000,0.000,0.000,0.000,0.000,0.000,-6.0000,0.0000,0.0000,6.0000,95.00,95.00,90.00,90.00,65535,65535,65535,1500,1,15,40.4365071,-86.8936820,158.783,0.050,-0.030,-0.010,3,0.33,0.51,0.10,1
36140,21118,29944,21919,0,0,-0.30765,2.62764,9.46548,-0.005326,-0.008522,-0.010653,15.554,1.789,-0.525,0.0268,-0.0180,0.0105,0.4599,-0.5253,-0.4613,-0.0058291,-0.0085666,-0.0105459,0.001964,0.006274,0.020784,0.00000,0.00000,0.000,0.000,0.000,0.000,0.000,-6.0000,0.0000,0.0000,6.0000,95.00,95.00,90.00,90.00,65535,65535,65535,1500,1,15,40.4365071,-86.8936820,158.783,0.050,-0.030,-0.010,3,0.33,0.51,0.10,1
36171,30809,29491,21478,0,0,-0.27533,2.62285,9.46787,-0.004261,-0.008522,-0.009587,15.554,1.749,-0.440,-0.0002,-0.0136,0.0153,0.4568,-0.5197,-0.4588,-0.0058246,-0.0085516,-0.0106078,0.001592,0.005998,0.020705,0.00000,0.00000,0.000,0.000,0.000,0.000,0.000,-6.0000,0.0000,0.0000,6.0000,95.00,95.00,90.00,90.00,65535,65535,65535,1500,1,14,40.4365071,-86.8936819,158.803,-0.021,-0.011,-0.019,3,0.33,0.51,0.11,1
36200,29828,28646,20708,0,0,-0.28491,2.65397,9.46907,-0.005326,-0.008522,-0.010653,15.560,1.745,-0.442,0.0001,-0.0133,0.0156,0.4568,-0.5201,-0.4584,-0.0058296,-0.0085472,-0.0106068,0.001602,0.005988,0.020708,0.00000,0.00000,0.000,0.000,0.000,0.000,0.000,-6.0000,0.0000,0.0000,6.0000,95.00,95.00,90.00,90.00,65535,65535,65535,1500,1,14,40.4365071,-86.8936819,158.803,-0.020,-0.010,-0.020,3,0.33,0.51,0.11,1
36229,28859,29334,21370,0,0,-0.27773,2.65876,9.46787,-0.007457,-0.008522,-0.010653,15.564,1.739,-0.446,0.0005,-0.0128,0.0159,0.4568,-0.5205,-0.4579,-0.0058359,-0.0085409,-0.0106055,0.001613,0.005977,0.020711,0.00000,0.00000,0.000,0.000,0.000,0.000,0.000,-6.0000,0.0000,0.0000,6.0000,95.00,95.00,90.00,90.00,65535,65535,65535,1500,1,14,40.4365071,-86.8936819,158.803,-0.020,-0.010,-0.020,3,0.33,0.51,0.11,1
36259,29542,29454,26436,0,0,-0.31843,2.63721,9.45829,-0.007457,-0.008522,-0.011718,15.563,1.745,-0.445,0.0000,-0.0127,0.0158,0.4568,-0.5209,-0.4574,-0.0058368,-0.0085466,-0.0106065,0.001607,0.005973,0.020712,0.00000,0.00000,0.000,0.000,0.000,0.000,0.000,-6.0000,0.0000,0.0000,6.0000,95.00,95.00,90.00,90.00,65535,65535,65535,1500,1,14,40.4365071,-86.8936819,158.803,-0.020,-0.010,-0.020,3,0.33,0.51,0.11,1
36288,29657,29227,26211,0,0,-0.33160,2.60968,9.46548,-0.006392,-0.008522,-0.010653,15.554,1.754,-0.440,-0.0007,-0.0132,0.0157,0.4568,-0.5213,-0.4570,-0.0058296,-0.0085559,-0.0106082,0.001593,0.005984,0.020709,0.00000,0.00000,0.000,0.000,0.000,0.000,0.000,-6.0000,0.0000,0.0000,6.0000,95.00,95.00,90.00,90.00,65535,65535,65535,1500,1,14,40.4365071,-86.8936819,158.803,-0.020,-0.010,-0.020,3,0.33,0.51,0.11,1
36328,44683,24089,21082,0,0,-0.30167,2.64080,9.47505,-0.005326,-0.008522,-0.009587,15.554,1.752,-0.434,-0.0028,-0.0035,0.0014,0.4589,-0.5146,-0.4591,-0.0058284,-0.0085555,-0.0106110,0.001592,0.005829,0.021192,0.00000,0.00000,0.000,0.000,0.000,0.000,0.000,-6.0000,0.0000,0.0000,6.0000,95.00,95.00,90.00,90.00,65535,65535,65535,1500,1,15,40.4365071,-86.8936818,158.789,-0.005,0.004,0.012,3,0.33,0.51,0.10,1
36366,24489,38046,30114,0,0,-0.27533,2.65637,9.46189,-0.006392,-0.008522,-0.010653,15.560,1.745,-0.438,-0.0024,-0.0031,0.0014,0.4589,-0.5146,-0.4591,-0.0058346,-0.0085483,-0.0106095,0.001604,0.005817,0.021195,0.00000,0.00000,0.000,0.000,0.000,0.000,0.000,-6.0000,0.0000,0.0000,6.0000,95.00,95.00,90.00,90.00,65535,65535,65535,1500,1,15,40.4365071,-86.8936818,158.789,0.000,0.000,0.010,3,0.33,0.51,0.10,1
36402,38266,35055,27029,0,0,-0.30646,2.64799,9.46787,-0.006392,-0.008522,-0.011718,15.562,1.748,-0.439,-0.0027,-0.0028,0.0017,0.4588,-0.5147,-0.4590,-0.0058379,-0.0085502,-0.0106098,0.001603,0.005809,0.021198,0.00000,0.00000,0.000,0.000,0.000,0.000,0.000,-6.0000,0.0000,0.0000,6.0000,95.00,95.00,90.00,90.00,65535,65535,65535,1500,1,15,40.4365071,-86.8936818,158.789,0.000,0.000,0.010,3,0.33,0.51,0.10,1
36440,35251,38041,30026,0,0,-0.30526,2.62045,9.46667,-0.006392,-0.008522,-0.010653,15.557,1.749,-0.438,-0.0029,-0.0032,0.0017,0.4587,-0.5148,-0.4589,-0.0058335,-0.0085518,-0.0106101,0.001600,0.005818,0.021195,0.00000,0.00000,0.000,0.000,0.000,0.000,0.000,-6.0000,0.0000,0.0000,6.0000,95.00,95.00,90.00,90.00,65535,65535,65535,1500,1,15,40.4365071,-86.8936818,158.789,0.000,0.000,0.010,3,0.33,0.51,0.10,1
36472,38238,31648,28652,0,0,-0.31723,2.61088,9.46907,-0.005326,-0.008522,-0.010653,15.550,1.754,-0.436,-0.0035,-0.0038,0.0016,0.4585,-0.5150,-0.4589,-0.0058264,-0.0085568,-0.0106111,0.001592,0.005830,0.021191,0.00000,0.00000,0.000,0.000,0.000,0.000,0.000,-6.0000,0.0000,0.0000,6.0000,95.00,95.00,90.00,90.00,65535,65535,65535,1500,1,15,40.4365071,-86.8936818,158.789,0.000,0.000,0.010,3,0.33,0.51,0.10,1
36503,31856,30843,26707,0,0,-0.31484,2.63602,9.46907,-0.004261,-0.008522,-0.010653,15.553,1.758,-0.434,-0.0039,-0.0038,0.0018,0.4584,-0.5151,-0.4588,-0.0058266,-0.0085608,-0.0106117,0.001587,0.005828,0.021192,0.00000,0.00000,0.000,0.000,0.000,0.000,0.000,-6.0000,0.0000,0.0000,6.0000,95.00,95.00,90.00,90.00,65535,65535,65535,1500,1,15,40.4365071,-86.8936818,158.789,0.000,0.000,0.010,3,0.33,0.51,0.10,1
36553,53051,28031,21148,0,0,-0.29090,2.65756,9.46667,-0.007457,-0.008522,-0.010653,15.553,1.733,-0.374,-0.0243,0.0163,0.0010,0.4557,-0.5051,-0.4582,-0.0058289,-0.0085529,-0.0106548,0.001363,0.005220,0.021389,0.00000,0.00000,0.000,0.000,0.000,0.000,0.000,-6.0000,0.0000,0.0000,6.0000,95.00,95.00,90.00,90.00,65535,65535,65535,1500,1,14,40.4365070,-86.8936815,158.800,-0.040,0.030,0.000,3,0.33,0.51,0.11,1
36583,28298,29654,21672,0,0,-0.30646,2.63003,9.46787,-0.007457,-0.008522,-0.010653,15.549,1.736,-0.372,-0.0245,0.0162,0.0011,0.4550,-0.5047,-0.4581,-0.0058276,-0.0085556,-0.0106553,0.001360,0.005222,0.021389,0.00000,0.00000,0.000,0.000,0.000,0.000,0.000,-6.0000,0.0000,0.0000,6.0000,95.00,95.00,90.00,90.00,65535,65535,65535,1500,1,14,40.4365070,-86.8936815,158.800,-0.040,0.030,0.000,3,0.33,0.51,0.11,1
36613,29870,29491,21436,0,0,-0.32920,2.62285,9.46907,-0.005326,-0.009587,-0.010653,15.546,1.743,-0.368,-0.0253,0.0160,0.0012,0.4542,-0.5042,-0.4581,-0.0058242,-0.0085649,-0.0106570,0.001349,0.005226,0.021387,0.00000,0.00000,0.000,0.000,0.000,0.000,0.000,-6.0000,0.0000,0.0000,6.0000,95.00,95.00,90.00,90.00,65535,65535,65535,1500,1,14,40.4365070,-86.8936815,158.800,-0.040,0.030,0.000,3,0.33,0.51,0.11,1
36642,29690,29030,21004,0,0,-0.31125,2.63721,9.47026,-0.004261,-0.009587,-0.010653,15.549,1.744,-0.366,-0.0256,0.0161,0.0014,0.4535,-0.5037,-0.4581,-0.0058248,-0.0085685,-0.0106577,0.001345,0.005223,0.021388,0.00000,0.00000,0.000,0.000,0.000,0.000,0.000,-6.0000,0.0000,0.0000,6.0000,95.00,95.00,90.00,90.00,65535,65535,65535,1500,1,14,40.4365070,-86.8936815,158.800,-0.040,0.030,0.000,3,0.33,0.51,0.11,1
36665,29233,23340,20329,0,0,-0.28970,2.63841,9.46787,-0.008522,-0.007457,-0.010653,15.546,1.743,-0.367,-0.0255,0.0162,0.0015,0.4527,-0.5032,-0.4580,-0.0058262,-0.0085656,-0.0106572,0.001348,0.005222,0.021388,0.00000,0.00000,0.000,0.000,0.000,0.000,0.000,-6.0000,0.0000,0.0000,6.0000,95.00,95.00,90.00,90.00,65535,65535,65535,1500,1,14,40.4365070,-86.8936815,158.800,-0.040,0.030,0.000,3,0.33,0.51,0.11,1
36704,23538,38281,30264,0,0,-0.29928,2.64679,9.46069,-0.009587,-0.007457,-0.010653,15.546,1.745,-0.367,-0.0256,0.0164,0.0015,0.4521,-0.5029,-0.4580,-0.0058305,-0.0085656,-0.0106571,0.001350,0.005213,0.021391,0.00000,0.00000,0.000,0.000,0.000,0.000,0.000,-6.0000,0.0000,0.0000,6.0000,95.00,95.00,90.00,90.00,65535,65535,65535,1500,1,14,40.4365070,-86.8936815,158.800,-0.040,0.030,0.000,3,0.33,0.51,0.11,1
36762,69353,27451,21184,0,0,-0.28371,2.63841,9.46667,-0.008522,-0.007457,-0.010653,15.540,1.772,-0.445,0.0013,-0.0033,-0.0161,0.4591,-0.5007,-0.4616,-0.0058376,-0.0085663,-0.0106023,0.001633,0.005999,0.021702,0.00000,0.00000,0.000,0.000,0.000,0.000,0.000,-6.0000,0.0000,0.0000,6.0000,95.00,95.00,90.00,90.00,65535,65535,65535,1500,1,15,40.4365071,-86.8936814,158.785,0.020,-0.020,0.030,3,0.33,0.51,0.12,1
36792,27727,29771,21845,0,0,-0.31963,2.62764,9.47266,-0.008522,-0.008522,-0.010653,15.534,1.776,-0.443,0.0009,-0.0035,-0.0159,0.4591,-0.5008,-0.4620,-0.0058360,-0.0085708,-0.0106031,0.001631,0.006001,0.021702,0.00000,0.00000,0.000,0.000,0.000,0.000,0.000,-6.0000,0.0000,0.0000,6.0000,95.00,95.00,90.00,90.00,65535,65535,65535,1500,1,15,40.4365071,-86.8936814,158.785,0.020,-0.020,0.030,3,0.33,0.51,0.12,1
36821,29976,28842,20768,0,0,-0.32322,2.62405,9.46787,-0.002131,-0.009587,-0.011718,15.538,1.780,-0.442,0.0004,-0.0036,-0.0159,0.4591,-0.5009,-0.4625,-0.0058335,-0.0085763,-0.0106041,0.001627,0.006005,0.021701,0.00000,0.00000,0.000,0.000,0.000,0.000,0.000,-6.0000,0.0000,0.0000,6.0000,95.00,95.00,90.00,90.00,65535,65535,65535,1500,1,15,40.4365071,-86.8936814,158.785,0.020,-0.020,0.030,3,0.33,0.51,0.12,1
36845,29041,23477,15429,0,0,-0.27653,2.67432,9.46308,-0.003196,-0.008522,-0.010653,15.555,1.773,-0.447,0.0009,-0.0028,-0.0156,0.4591,-0.5010,-0.4630,-0.0058453,-0.0085678,-0.0106024,0.001639,0.005983,0.021707,0.00000,0.00000,0.000,0.000,0.000,0.000,0.000,-6.0000,0.0000,0.0000,6.0000,95.00,95.00,90.00,90.00,65535,65535,65535,1500,1,15,40.4365071,-86.8936814,158.785,0.020,-0.020,0.030,3,0.33,0.51,0.12,1
36875,23666,29427,21540,0,0,-0.28132,2.68031,9.45710,-0.007457,-0.008522,-0.010653,15.567,1.766,-0.451,0.0012,-0.0022,-0.0155,0.4592,-0.5011,-0.4633,-0.0058586,-0.0085613,-0.0106011,0.001649,0.005958,0.021714,0.00000,0.00000,0.000,0.000,0.000,0.000,0.000,-6.0000,0.0000,0.0000,6.0000,95.00,95.00,90.00,90.00,65535,65535,65535,1500,1,15,40.4365071,-86.8936814,158.785,0.020,-0.020,0.030,3,0.33,0.51,0.12,1
36905,29622,29763,21755,0,0,-0.29688,2.65876,9.46787,-0.011718,-0.008522,-0.011718,15.563,1.765,-0.454,0.0013,-0.0018,-0.0152,0.4592,-0.5011,-0.4638,-0.0058649,-0.0085595,-0.0106007,0.001652,0.005946,0.021718,0.00000,0.00000,0.000,0.000,0.000,0.000,0.000,-6.0000,0.0000,0.0000,6.0000,95.00,95.00,90.00,90.00,65535,65535,65535,1500,1,15,40.4365071,-86.8936814,158.785,0.020,-0.020,0.030,3,0.33,0.51,0.12,1
36949,49946,24086,21049,0,0,-0.27054,2.64440,9.46667,-0.005326,-0.008522,-0.010653,15.559,1.763,-0.482,0.0069,0.0276,-0.0012,0.4624,-0.4884,-0.4600,-0.0058602,-0.0085507,-0.0105829,0.001840,0.005092,0.021559,0.00000,0.00000,0.000,0.000,0.000,0.000,0.000,-6.0000,0.0000,0.0000,6.0000,95.00,95.00,90.00,90.00,65535,65535,65535,1500,1,15,40.4365070,-86.8936812,158.818,0.010,0.050,-0.010,3,0.33,0.51,0.10,1
36979,24348,29421,21429,0,0,-0.31963,2.64080,9.46308,-0.007457,-0.008522,-0.010653,15.559,1.768,-0.479,0.0066,0.0277,-0.0012,0.4626,-0.4877,-0.4600,-0.0058620,-0.0085556,-0.0105837,0.001840,0.005086,0.021560,0.00000,0.00000,0.000,0.000,0.000,0.000,0.000,-6.0000,0.0000,0.0000,6.0000,95.00,95.00,90.00,90.00,65535,65535,65535,1500,1,15,40.4365070,-86.8936812,158.818,0.010,0.050,-0.010,3,0.33,0.51,0.10,1
37002,29631,23489,15472,0,0,-0.35913,2.60369,9.47026,-0.004261,-0.009587,-0.010653,15.552,1.782,-0.471,0.0052,0.0270,-0.0012,0.4627,-0.4869,-0.4600,-0.0058527,-0.0085716,-0.0105867,0.001829,0.005102,0.021556,0.00000,0.00000,0.000,0.000,0.000,0.000,0.000,-6.0000,0.0000,0.0000,6.0000,95.00,95.00,90.00,90.00,65535,65535,65535,1500,1,15,40.4365070,-86.8936812,158.818,0.010,0.050,-0.010,3,0.33,0.51,0.10,1
37041,23693,38110,30106,0,0,-0.30167,2.65637,9.46428,-0.003196,-0.009587,-0.011718,15.562,1.780,-0.474,0.0052,0.0274,-0.0011,0.4628,-0.4863,-0.4601,-0.0058586,-0.0085705,-0.0105864,0.001831,0.005089,0.021559,0.00000,0.00000,0.000,0.000,0.000,0.000,0.000,-6.0000,0.0000,0.0000,6.0000,95.00,95.00,90.00,90.00,65535,65535,65535,1500,1,15,40.4365070,-86.8936812,158.818,0.010,0.050,-0.010,3,0.33,0.51,0.10,1
37077,38305,36105,28085,0,0,-0.26217,2.65038,9.47146,-0.009587,-0.007457,-0.011718,15.557,1.771,-0.482,0.0064,0.0278,-0.0007,0.4630,-0.4852,-0.4601,-0.0058625,-0.0085580,-0.0105844,0.001835,0.005085,0.021561,0.00000,0.00000,0.000,0.000,0.000,0.000,0.000,-6.0000,0.0000,0.0000,6.0000,95.00,95.00,90.00,90.00,65535,65535,65535,1500,1,15,40.4365070,-86.8936812,158.818,0.010,0.050,-0.010,3,0.33,0.51,0.10,1
37110,36281,33004,30009,0,0,-0.32082,2.59292,9.47026,-0.004261,-0.008522,-0.010653,15.548,1.776,-0.479,0.0059,0.0267,-0.0009,0.4633,-0.4842,-0.4601,-0.0058503,-0.0085630,-0.0105853,0.001829,0.005107,0.021554,0.00000,0.00000,0.000,0.000,0.000,0.000,0.000,-6.0000,0.0000,0.0000,6.0000,95.00,95.00,90.00,90.00,65535,65535,65535,1500,1,15,40.4365070,-86.8936812,158.818,0.010,0.050,-0.010,3,0.33,0.51,0.10,1
37162,60497,24195,21172,0,0,-0.31843,2.62764,9.46667,-0.009587,-0.008522,-0.010653,15.534,1.780,-0.477,0.0050,0.0266,-0.0008,0.4636,-0.4826,-0.4602,-0.0058492,-0.0085671,-0.0105859,0.001829,0.005108,0.021554,0.00000,0.00000,0.000,0.000,0.000,0.000,0.000,-6.0000,0.0000,0.0000,6.0000,95.00,95.00,90.00,90.00,65535,65535,65535,1500,1,15,40.4365070,-86.8936812,158.818,0.010,0.050,-0.010,3,0.33,0.51,0.10,1
37197,30188,29636,26622,0,0,-0.33758,2.59412,9.47625,-0.006392,-0.008522,-0.011718,15.531,1.771,-0.417,-0.0099,-0.0060,0.0114,0.4624,-0.4836,-0.4556,-0.0058458,-0.0085737,-0.0106276,0.001475,0.005811,0.020995,0.00000,0.00000,0.000,0.000,0.000,0.000,0.000,-6.0000,0.0000,0.0000,6.0000,95.00,95.00,90.00,90.00,65535,65535,65535,1500,1,14,40.4365070,-86.8936811,158.835,-0.020,-0.030,-0.020,3,0.33,0.51,0.11,1
37227,29870,29552,21488,0,0,-0.26097,2.65158,9.47026,-0.005326,-0.008522,-0.011718,15.538,1.759,-0.425,-0.0090,-0.0056,0.0117,0.4621,-0.4837,-0.4553,-0.0058513,-0.0085612,-0.0106253,0.001478,0.005802,0.020997,0.00000,0.00000,0.000,0.000,0.000,0.000,0.000,-6.0000,0.0000,0.0000,6.0000,95.00,95.00,90.00,90.00,65535,65535,65535,1500,1,14,40.4365070,-86.8936811,158.835,-0.020,-0.030,-0.020,3,0.33,0.51,0.11,1
37257,29763,29393,21460,0,0,-0.27054,2.64080,9.46667,-0.007457,-0.007457,-0.010653,15.537,1.752,-0.430,-0.0083,-0.0054,0.0118,0.4619,-0.4839,-0.4549,-0.0058538,-0.0085520,-0.0106237,0.001479,0.005799,0.020998,0.00000,0.00000,0.000,0.000,0.000,0.000,0.000,-6.0000,0.0000,0.0000,6.0000,95.00,95.00,90.00,90.00,65535,65535,65535,1500,1,14,40.4365070,-86.8936811,158.835,-0.020,-0.030,-0.020,3,0.33,0.51,0.11,1
37286,29593,29297,26285,0,0,-0.33639,2.60848,9.46787,-0.004261,-0.007457,-0.010653,15.533,1.764,-0.424,-0.0092,-0.0059,0.0117,0.4616,-0.4841,-0.4546,-0.0058471,-0.0085623,-0.0106255,0.001474,0.005810,0.020995,0.00000,0.00000,0.000,0.000,0.000,0.000,0.000,-6.0000,0.0000,0.0000,6.0000,95.00,95.00,90.00,90.00,65535,65535,65535,1500,1,14,40.4365070,-86.8936811,158.835,-0.020,-0.030,-0.020,3,0.33,0.51,0.11,1
37311,29540,24036,21007,0,0,-0.34955,2.60848,9.46548,-0.003196,-0.008522,-0.010653,15.531,1.777,-0.417,-0.0102,-0.0063,0.0116,0.4613,-0.4842,-0.4542,-0.0058407,-0.0085758,-0.0106277,0.001466,0.005819,0.020992,0.00000,0.00000,0.000,0.000,0.000,0.000,0.000,-6.0000,0.0000,0.0000,6.0000,95.00,95.00,90.00,90.00,65535,65535,65535,1500,1,14,40.4365070,-86.8936811,158.835,-0.020,-0.030,-0.020,3,0.33,0.51,0.11,1
37356,44986,24070,21076,0,0,-0.31843,2.62524,9.46907,-0.004261,-0.009587,-0.010653,15.540,1.764,-0.374,-0.0211,-0.0293,0.0056,0.4602,-0.4841,-0.4537,-0.0058444,-0.0085778,-0.0106574,0.001197,0.006416,0.020996,0.00000,0.00000,0.000,0.000,0.000,0.000,0.000,-6.0000,0.0000,0.0000,6.0000,95.00,95.00,90.00,90.00,65535,65535,65535,1500,1,15,40.4365069,-86.8936812,158.833,-0.030,-0.050,0.000,3,0.33,0.51,0.09,1
37394,24346,38160,30114,0,0,-0.33040,2.60489,9.46667,-0.002131,-0.009587,-0.011718,15.537,1.771,-0.371,-0.0217,-0.0298,0.0055,0.4597,-0.4848,-0.4536,-0.0058366,-0.0085858,-0.0106591,0.001185,0.006431,0.020991,0.00000,0.00000,0.000,0.000,0.000,0.000,0.000,-6.0000,0.0000,0.0000,6.0000,95.00,95.00,90.00,90.00,65535,65535,65535,1500,1,15,40.4365069,-86.8936812,158.833,-0.030,-0.050,0.000,3,0.33,0.51,0.09,1
37430,38374,35949,28106,0,0,-0.25857,2.67193,9.46189,-0.003196,-0.009587,-0.011718,15.555,1.757,-0.381,-0.0203,-0.0286,0.0057,0.4589,-0.4859,-0.4534,-0.0058477,-0.0085728,-0.0106565,0.001206,0.006412,0.020997,0.00000,0.00000,0.000,0.000,0.000,0.000,0.000,-6.0000,0.0000,0.0000,6.0000,95.00,95.00,90.00,90.00,65535,65535,65535,1500,1,15,40.4365069,-86.8936812,158.833,-0.030,-0.050,0.000,3,0.33,0.51,0.09,1
37466,36147,35117,27105,0,0,-0.30287,2.65517,9.46308,-0.007457,-0.009587,-0.011718,15.558,1.756,-0.384,-0.0204,-0.0281,0.0059,0.4582,-0.4869,-0.4532,-0.0058538,-0.0085732,-0.0106565,0.001206,0.006399,0.021001,0.00000,0.00000,0.000,0.000,0.000,0.000,0.000,-6.0000,0.0000,0.0000,6.0000,95.00,95.00,90.00,90.00,65535,65535,65535,1500,1,15,40.4365069,-86.8936812,158.833,-0.030,-0.050,0.000,3,0.33,0.51,0.09,1
37490,35299,24486,21481,0,0,-0.35554,2.60369,9.46667,-0.005326,-0.009587,-0.012783,15.549,1.771,-0.380,-0.0219,-0.0289,0.0057,0.4574,-0.4879,-0.4530,-0.0058448,-0.0085891,-0.0106592,0.001188,0.006411,0.020997,0.00000,0.00000,0.000,0.000,0.000,0.000,0.000,-6.0000,0.0000,0.0000,6.0000,95.00,95.00,90.00,90.00,65535,65535,65535,1500,1,15,40.4365069,-86.8936812,158.833,-0.030,-0.050,0.000,3,0.33,0.51,0.09,1
37523,24676,32510,24587,0,0,-0.33279,2.53785,9.49421,-0.004261,-0.009587,-0.012783,15.521,1.778,-0.379,-0.0224,-0.0302,0.0058,0.4569,-0.4886,-0.4528,-0.0058161,-0.0085974,-0.0106609,0.001179,0.006463,0.020982,0.00000,0.00000,0.000,0.000,0.000,0.000,0.000,-6.0000,0.0000,0.0000,6.0000,95.00,95.00,90.00,90.00,65535,65535,65535,1500,1,15,40.4365069,-86.8936812,158.833,-0.030,-0.050,0.000,3,0.33,0.51,0.09,1
37568,53175,24096,21092,0,0,-0.28611,2.68031,9.45351,-0.007457,-0.010653,-0.011718,15.523,1.778,-0.420,-0.0148,0.0052,-0.0029,0.4591,-0.4762,-0.4530,-0.0058241,-0.0085933,-0.0106370,0.001426,0.005667,0.021464,0.00000,0.00000,0.000,0.000,0.000,0.000,0.000,-6.0000,0.0000,0.0000,6.0000,95.00,95.00,90.00,90.00,65535,65535,65535,1500,1,15,40.4365069,-86.8936810,158.841,-0.010,0.030,0.010,3,0.33,0.51,0.12,1
37598,24357,29584,21556,0,0,-0.28371,2.63242,9.48104,-0.005326,-0.010653,-0.011718,15.523,1.770,-0.425,-0.0144,0.0052,-0.0025,0.4588,-0.4761,-0.4531,-0.0058238,-0.0085872,-0.0106358,0.001433,0.005670,0.021463,0.00000,0.00000,0.000,0.000,0.000,0.000,0.000,-6.0000,0.0000,0.0000,6.0000,95.00,95.00,90.00,90.00,65535,65535,65535,1500,1,15,40.4365069,-86.8936810,158.841,-0.010,0.030,0.010,3,0.33,0.51,0.12,1
37627,29779,29125,21099,0,0,-0.27533,2.63721,9.47745,-0.003196,-0.008522,-0.011718,15.529,1.763,-0.432,-0.0138,0.0053,-0.0021,0.4584,-0.4759,-0.4532,-0.0058249,-0.0085789,-0.0106343,0.001444,0.005671,0.021463,0.00000,0.00000,0.000,0.000,0.000,0.000,0.000,-6.0000,0.0000,0.0000,6.0000,95.00,95.00,90.00,90.00,65535,65535,65535,1500,1,15,40.4365069,-86.8936810,158.841,-0.010,0.030,0.010,3,0.33,0.51,0.12,1
37650,29337,23388,15365,0,0,-0.27653,2.63482,9.48224,0.002131,-0.007457,-0.011718,15.541,1.758,-0.437,-0.0133,0.0052,-0.0016,0.4580,-0.4758,-0.4532,-0.0058242,-0.0085713,-0.0106330,0.001459,0.005676,0.021462,0.00000,0.00000,0.000,0.000,0.000,0.000,0.000,-6.0000,0.0000,0.0000,6.0000,95.00,95.00,90.00,90.00,65535,65535,65535,1500,1,15,40.4365069,-86.8936810,158.841,-0.010,0.030,0.010,3,0.33,0.51,0.12,1
37680,23580,29285,21378,0,0,-0.29449,2.62644,9.47505,0.015979,0.015979,-0.011718,15.567,1.787,-0.432,-0.0132,0.0050,-0.0014,0.4577,-0.4757,-0.4533,-0.0058205,-0.0085677,-0.0106324,0.001466,0.005686,0.021460,0.00000,0.00000,0.000,0.000,0.000,0.000,0.000,-6.0000,0.0000,0.0000,6.0000,95.00,95.00,90.00,90.00,65535,65535,65535,1500,1,15,40.4365069,-86.8936810,158.841,-0.010,0.030,0.010,3,0.33,0.51,0.12,1
37719,29479,38441,30364,0,0,-0.27294,2.67313,9.48583,-0.008522,-0.001065,-0.010653,15.571,1.790,-0.435,-0.0125,0.0056,-0.0006,0.4573,-0.4755,-0.4533,-0.0058289,-0.0085574,-0.0106303,0.001515,0.005677,0.021464,0.00000,0.00000,0.000,0.000,0.000,0.000,0.000,-6.0000,0.0000,0.0000,6.0000,95.00,95.00,90.00,90.00,65535,65535,65535,1500,1,15,40.4365069,-86.8936810,158.841,-0.010,0.030,0.010,3,0.33,0.51,0.12,1
37766,39271,47030,43990,0,0,-0.27054,2.66714,9.49062,0.064981,0.055394,-0.014914,15.732,1.961,-0.549,0.0321,-0.0200,-0.0055,0.4681,-0.4751,-0.4528,-0.0058335,-0.0085490,-0.0105362,0.002235,0.006609,0.021405,0.00000,0.00000,0.000,0.000,0.000,0.000,0.000,-6.0000,0.0000,0.0000,6.0000,95.00,95.00,90.00,90.00,65535,65535,65535,1500,1,15,40.4365069,-86.8936810,158.858,0.067,-0.043,0.011,3,0.33,0.51,0.13,1
37823,82252,21749,18756,0,0,-0.38188,2.57018,9.46308,-0.019175,-0.005326,-0.011718,15.643,1.987,-0.533,0.0285,-0.0260,-0.0068,0.4706,-0.4771,-0.4533,-0.0058088,-0.0085623,-0.0105421,0.001915,0.006622,0.021391,0.00000,0.00000,0.000,0.000,0.000,0.000,0.000,-6.0000,0.0000,0.0000,6.0000,95.00,95.00,90.00,90.00,65535,65535,65535,1500,1,15,40.4365069,-86.8936810,158.858,0.070,-0.040,0.010,3,0.33,0.51,0.13,1
37847,21995,23443,15513,0,0,-0.34955,2.66594,9.45710,-0.015979,-0.009587,-0.009587,15.637,1.989,-0.532,0.0283,-0.0258,-0.0067,0.4712,-0.4776,-0.4535,-0.0058146,-0.0085649,-0.0105420,0.001949,0.006613,0.021395,0.00000,0.00000,0.000,0.000,0.000,0.000,0.000,-6.0000,0.0000,0.0000,6.0000,95.00,95.00,90.00,90.00,65535,65535,65535,1500,1,15,40.4365069,-86.8936810,158.858,0.070,-0.040,0.010,3,0.33,0.51,0.13,1
37877,23650,29378,21467,0,0,-0.34117,2.65038,9.46787,0.002131,-0.004261,-0.009587,15.647,1.993,-0.530,0.0283,-0.0258,-0.0065,0.4719,-0.4782,-0.4536,-0.0058141,-0.0085646,-0.0105420,0.001947,0.006614,0.021394,0.00000,0.00000,0.000,0.000,0.000,0.000,0.000,-6.0000,0.0000,0.0000,6.0000,95.00,95.00,90.00,90.00,65535,65535,65535,1500,1,15,40.4365069,-86.8936810,158.858,0.070,-0.040,0.010,3,0.33,0.51,0.13,1
37907,29586,29855,21860,0,0,-0.37110,2.54384,9.48224,0.046872,-0.012783,-0.010653,15.699,1.992,-0.514,0.0275,-0.0281,-0.0066,0.4727,-0.4790,-0.4538,-0.0057784,-0.0085736,-0.0105478,0.001567,0.006636,0.021376,0.00000,0.00000,0.000,0.000,0.000,0.000,0.000,-6.0000,0.0000,0.0000,6.0000,95.00,95.00,90.00,90.00,65535,65535,65535,1500,1,15,40.4365069,-86.8936810,158.858,0.070,-0.040,0.010,3,0.33,0.51,0.13,1
37937,30381,29565,21627,0,0,-0.33279,2.55461,9.53251,-0.008522,0.009587,-0.014914,15.658,2.017,-0.506,0.0277,-0.0302,-0.0053,0.4735,-0.4798,-0.4540,-0.0057443,-0.0085692,-0.0105505,0.001297,0.006667,0.021359,0.00000,0.00000,0.000,0.000,0.000,0.000,0.000,-6.0000,0.0000,0.0000,6.0000,95.00,95.00,90.00,90.00,65535,65535,65535,1500,1,15,40.4365069,-86.8936810,158.858,0.070,-0.040,0.010,3,0.33,0.51,0.13,1
37973,30180,35332,32331,0,0,-0.31244,2.68390,9.43914,-0.184291,-0.079895,-0.004261,15.369,1.890,-0.528,0.0235,-0.0005,-0.0192,0.4746,-0.4677,-0.4552,-0.0057636,-0.0085645,-0.0105522,0.001435,0.005986,0.021941,0.00000,0.00000,0.000,0.000,0.000,0.000,0.000,-6.0000,0.0000,0.0000,6.0000,95.00,95.00,90.00,90.00,65535,65535,65535,1500,1,15,40.4365069,-86.8936808,158.866,0.020,0.020,0.030,3,0.33,0.51,0.12,1
38007,49279,19817,15153,0,0,-0.41300,2.46124,9.48104,-0.025566,-0.066046,-0.007457,15.271,1.769,-0.561,0.0185,-0.0058,-0.0205,0.4756,-0.4680,-0.4562,-0.0057256,-0.0085986,-0.0105532,0.001940,0.006121,0.021920,0.00000,0.00000,0.000,0.000,0.000,0.000,0.000,-6.0000,0.0000,0.0000,6.0000,95.00,95.00,90.00,90.00,65535,65535,65535,1500,1,15,40.4365069,-86.8936808,158.866,0.020,0.020,0.030,3,0.33,0.51,0.12,1
38037,20081,29968,21996,0,0,-0.30406,2.72340,9.49062,0.021305,0.022371,-0.012783,15.340,1.801,-0.551,0.0185,-0.0044,-0.0195,0.4760,-0.4680,-0.4566,-0.0057603,-0.0085967,-0.0105539,0.001798,0.006029,0.021941,0.00000,0.00000,0.000,0.000,0.000,0.000,0.000,-6.0000,0.0000,0.0000,6.0000,95.00,95.00,90.00,90.00,65535,65535,65535,1500,1,15,40.4365069,-86.8936808,158.866,0.020,0.020,0.030,3,0.33,0.51,0.12,1
38075,30175,38125,30140,0,0,-0.26336,2.71143,9.48343,-0.030893,-0.026632,-0.009587,15.331,1.757,-0.556,0.0194,-0.0020,-0.0184,0.4765,-0.4681,-0.4572,-0.0057925,-0.0085850,-0.0105544,0.001532,0.005934,0.021958,0.00000,0.00000,0.000,0.000,0.000,0.000,0.000,-6.0000,0.0000,0.0000,6.0000,95.00,95.00,90.00,90.00,65535,65535,65535,1500,1,15,40.4365069,-86.8936808,158.866,0.020,0.020,0.030,3,0.33,0.51,0.12,1
38111,38324,35955,32927,0,0,-0.26695,2.68151,9.46907,-0.012783,-0.009587,-0.010653,15.341,1.744,-0.555,0.0202,0.0003,-0.0179,0.4773,-0.4682,-0.4579,-0.0058169,-0.0085751,-0.0105548,0.001324,0.005865,0.021971,0.00000,0.00000,0.000,0.000,0.000,0.000,0.000,-6.0000,0.0000,0.0000,6.0000,95.00,95.00,90.00,90.00,65535,65535,65535,1500,1,15,40.4365069,-86.8936808,158.866,0.020,0.020,0.030,3,0.33,0.51,0.12,1
38141,36150,29509,26510,0,0,-0.27773,2.62883,9.47026,-0.004261,-0.008522,-0.011718,15.354,1.737,-0.557,0.0207,0.0010,-0.0177,0.4780,-0.4682,-0.4585,-0.0058253,-0.0085690,-0.0105548,0.001235,0.005841,0.021975,0.00000,0.00000,0.000,0.000,0.000,0.000,0.000,-6.0000,0.0000,0.0000,6.0000,95.00,95.00,90.00,90.00,65535,65535,65535,1500,1,15,40.4365069,-86.8936808,158.866,0.020,0.020,0.030,3,0.33,0.51,0.12,1
38171,29701,30070,26723,0,0,-0.31364,2.64200,9.46667,-0.001065,-0.008522,-0.010653,15.374,1.742,-0.555,0.0204,0.0017,-0.0176,0.4786,-0.4682,-0.4591,-0.0058367,-0.0085734,-0.0105554,0.001216,0.005818,0.021981,0.00000,0.00000,0.000,0.000,0.000,0.000,0.000,-6.0000,0.0000,0.0000,6.0000,95.00,95.00,90.00,90.00,65535,65535,65535,1500,1,15,40.4365069,-86.8936808,158.866,0.020,0.020,0.030,3,0.33,0.51,0.12,1
38209,30960,36845,28961,0,0,-0.32801,2.66594,9.47266,-0.004261,-0.007457,-0.009587,15.401,1.749,-0.540,0.0200,-0.0214,-0.0186,0.4808,-0.4677,-0.4575,-0.0058592,-0.0085817,-0.0105621,0.001051,0.006414,0.021853,0.00000,0.00000,0.000,0.000,0.000,0.000,0.000,-6.0000,0.0000,0.0000,6.0000,95.00,95.00,90.00,90.00,65535,65535,65535,1500,1,15,40.4365070,-86.8936808,158.878,0.020,-0.040,0.020,3,0.33,0.52,0.17,1
38247,56966,18143,15148,0,0,-0.33878,2.53905,9.48822,-0.006392,0.001065,-0.011718,15.377,1.791,-0.533,0.0183,-0.0249,-0.0187,0.4819,-0.4690,-0.4586,-0.0058381,-0.0085916,-0.0105630,0.001153,0.006470,0.021841,0.00000,0.00000,0.000,0.000,0.000,0.000,0.000,-6.0000,0.0000,0.0000,6.0000,95.00,95.00,90.00,90.00,65535,65535,65535,1500,1,15,40.4365070,-86.8936808,158.878,0.020,-0.040,0.020,3,0.33,0.52,0.17,1
38277,23432,24345,21367,0,0,-0.25019,2.68749,9.52892,0.038350,0.027697,-0.013848,15.453,1.820,-0.533,0.0193,-0.0241,-0.0170,0.4823,-0.4696,-0.4590,-0.0058537,-0.0085721,-0.0105601,0.001108,0.006436,0.021849,0.00000,0.00000,0.000,0.000,0.000,0.000,0.000,-6.0000,0.0000,0.0000,6.0000,95.00,95.00,90.00,90.00,65535,65535,65535,1500,1,15,40.4365070,-86.8936808,158.878,0.020,-0.040,0.020,3,0.33,0.52,0.17,1
38301,24571,23650,15648,0,0,-0.30526,2.66834,9.47026,0.026632,0.015979,-0.011718,15.511,1.850,-0.528,0.0194,-0.0235,-0.0166,0.4828,-0.4702,-0.4594,-0.0058652,-0.0085684,-0.0105591,0.001133,0.006416,0.021855,0.00000,0.00000,0.000,0.000,0.000,0.000,0.000,-6.0000,0.0000,0.0000,6.0000,95.00,95.00,90.00,90.00,65535,65535,65535,1500,1,15,40.4365070,-86.8936808,158.878,0.020,-0.040,0.020,3,0.33,0.52,0.17,1
38331,24040,29631,21765,0,0,-0.35075,2.64200,9.48463,0.005326,0.005326,-0.011718,15.529,1.877,-0.520,0.0190,-0.0234,-0.0161,0.4833,-0.4707,-0.4598,-0.0058671,-0.0085767,-0.0105603,0.001134,0.006411,0.021857,0.00000,0.00000,0.000,0.000,0.000,0.000,0.000,-6.0000,0.0000,0.0000,6.0000,95.00,95.00,90.00,90.00,65535,65535,65535,1500,1,15,40.4365070,-86.8936808,158.878,0.020,-0.040,0.020,3,0.33,0.52,0.17,1
38367,30394,35487,27421,0,0,-0.33160,2.66953,9.47146,-0.003196,-0.008522,-0.010653,15.538,1.860,-0.468,-0.0021,0.0113,-0.0019,0.4801,-0.4569,-0.4540,-0.0058694,-0.0085747,-0.0105976,0.001119,0.005343,0.021765,0.00000,0.00000,0.000,0.000,0.000,0.000,0.000,-6.0000,0.0000,0.0000,6.0000,95.00,95.00,90.00,90.00,65535,65535,65535,1500,1,15,40.4365069,-86.8936806,158.908,-0.020,0.040,-0.010,3,0.34,0.52,0.17,1
38405,35710,38079,30107,0,0,-0.32920,2.67073,9.41759,-0.007457,-0.011718,-0.010653,15.550,1.858,-0.469,-0.0025,0.0128,-0.0031,0.4800,-0.4564,-0.4541,-0.0058837,-0.0085782,-0.0105976,0.001153,0.005313,0.021774,0.00000,0.00000,0.000,0.000,0.000,0.000,0.000,-6.0000,0.0000,0.0000,6.0000,95.00,95.00,90.00,90.00,65535,65535,65535,1500,1,15,40.4365069,-86.8936806,158.908,-0.020,0.040,-0.010,3,0.34,0.52,0.17,1
38441,38285,35576,27739,0,0,-0.32082,2.61686,9.48343,-0.001065,-0.011718,-0.011718,15.553,1.852,-0.473,-0.0026,0.0121,-0.0026,0.4799,-0.4559,-0.4542,-0.0058772,-0.0085790,-0.0105980,0.001138,0.005325,0.021770,0.00000,0.00000,0.000,0.000,0.000,0.000,0.000,-6.0000,0.0000,0.0000,6.0000,95.00,95.00,90.00,90.00,65535,65535,65535,1500,1,15,40.4365069,-86.8936806,158.908,-0.020,0.040,-0.010,3,0.34,0.52,0.17,1
38498,68386,23665,20670,0,0,-0.32441,2.61447,9.49540,0.001065,-0.007457,-0.011718,15.570,1.859,-0.474,-0.0031,0.0103,-0.0008,0.4797,-0.4552,-0.4543,-0.0058677,-0.0085805,-0.0105986,0.001115,0.005341,0.021765,0.00000,0.00000,0.000,0.000,0.000,0.000,0.000,-6.0000,0.0000,0.0000,6.0000,95.00,95.00,90.00,90.00,65535,65535,65535,1500,1,15,40.4365069,-86.8936806,158.908,-0.020,0.040,-0.010,3,0.34,0.52,0.17,1
38528,23942,30090,22135,0,0,-0.36631,2.62285,9.45710,-0.008522,-0.008522,-0.010653,15.563,1.873,-0.466,-0.0037,0.0102,-0.0010,0.4797,-0.4549,-0.4544,-0.0058644,-0.0085945,-0.0106010,0.001075,0.005339,0.021765,0.00000,0.00000,0.000,0.000,0.000,0.000,0.000,-6.0000,0.0000,0.0000,6.0000,95.00,95.00,90.00,90.00,65535,65535,65535,1500,1,15,40.4365069,-86.8936806,158.908,-0.020,0.040,-0.010,3,0.34,0.52,0.17,1
38564,30995,35282,27336,0,0,-0.30885,2.63003,9.46428,-0.005326,-0.011718,-0.010653,15.562,1.896,-0.559,0.0265,-0.0003,-0.0058,0.4875,-0.4508,-0.4526,-0.0058654,-0.0085976,-0.0105380,0.001398,0.005768,0.021788,0.00000,0.00000,0.000,0.000,0.000,0.000,0.000,-6.0000,0.0000,0.0000,6.0000,95.00,95.00,90.00,90.00,65535,65535,65535,1500,1,15,40.4365070,-86.8936807,158.903,0.050,-0.010,0.010,3,0.34,0.52,0.13,1
38594,35508,29302,21436,0,0,-0.26336,2.64200,9.46667,-0.017044,-0.017044,-0.009587,15.542,1.863,-0.572,0.0281,0.0000,-0.0057,0.4886,-0.4508,-0.4528,-0.0058681,-0.0085804,-0.0105348,0.001423,0.005769,0.021789,0.00000,0.00000,0.000,0.000,0.000,0.000,0.000,-6.0000,0.0000,0.0000,6.0000,95.00,95.00,90.00,90.00,65535,65535,65535,1500,1,15,40.4365070,-86.8936807,158.903,0.050,-0.010,0.010,3,0.34,0.52,0.13,1
38623,29507,28804,20768,0,0,-0.29090,2.59531,9.46787,-0.013848,-0.014914,-0.010653,15.518,1.845,-0.579,0.0287,-0.0007,-0.0059,0.4894,-0.4509,-0.4530,-0.0058582,-0.0085727,-0.0105337,0.001424,0.005793,0.021782,0.00000,0.00000,0.000,0.000,0.000,0.000,0.000,-6.0000,0.0000,0.0000,6.0000,95.00,95.00,90.00,90.00,65535,65535,65535,1500,1,15,40.4365070,-86.8936807,158.903,0.050,-0.010,0.010,3,0.34,0.52,0.13,1
38646,29009,23458,15413,0,0,-0.31843,2.65756,9.47026,-0.008522,-0.007457,-0.010653,15.522,1.847,-0.578,0.0286,-0.0002,-0.0056,0.4902,-0.4509,-0.4532,-0.0058661,-0.0085731,-0.0105336,0.001427,0.005776,0.021787,0.00000,0.00000,0.000,0.000,0.000,0.000,0.000,-6.0000,0.0000,0.0000,6.0000,95.00,95.00,90.00,90.00,65535,65535,65535,1500,1,15,40.4365070,-86.8936807,158.903,0.050,-0.010,0.010,3,0.34,0.52,0.13,1
38687,43727,20632,15132,0,0,-0.31484,2.64320,9.46667,-0.004261,-0.008522,-0.010653,15.530,1.847,-0.579,0.0286,0.0003,-0.0054,0.4915,-0.4509,-0.4534,-0.0058698,-0.0085724,-0.0105334,0.001428,0.005770,0.021789,0.00000,0.00000,0.000,0.000,0.000,0.000,0.000,-6.0000,0.0000,0.0000,6.0000,95.00,95.00,90.00,90.00,65535,65535,65535,1500,1,15,40.4365070,-86.8936807,158.903,0.050,-0.010,0.010,3,0.34,0.52,0.13,1
38718,25924,25248,22264,0,0,-0.29329,2.64440,9.47505,-0.008522,-0.008522,-0.010653,15.530,1.840,-0.583,0.0289,0.0004,-0.0050,0.4922,-0.4509,-0.4535,-0.0058732,-0.0085656,-0.0105324,0.001431,0.005765,0.021790,0.00000,0.00000,0.000,0.000,0.000,0.000,0.000,-6.0000,0.0000,0.0000,6.0000,95.00,95.00,90.00,90.00,65535,65535,65535,1500,1,15,40.4365070,-86.8936807,158.903,0.050,-0.010,0.010,3,0.34,0.52,0.13,1
38768,31220,44017,41011,0,0,-0.29090,2.63721,9.46548,-0.007457,-0.012783,-0.010653,15.531,1.808,-0.536,0.0129,0.0009,-0.0075,0.4901,-0.4446,-0.4511,-0.0058754,-0.0085554,-0.0105671,0.001210,0.005706,0.021871,0.00000,0.00000,0.000,0.000,0.000,0.000,0.000,-6.0000,0.0000,0.0000,6.0000,95.00,95.00,90.00,90.00,65535,65535,65535,1500,1,15,40.4365069,-86.8936806,158.921,0.000,0.000,0.010,3,0.34,0.53,0.12,1
38800,44228,31663,25968,0,0,-0.31963,2.64320,9.47026,-0.004261,-0.008522,-0.010653,15.538,1.811,-0.535,0.0125,0.0013,-0.0072,0.4907,-0.4445,-0.4514,-0.0058784,-0.0085581,-0.0105675,0.001209,0.005698,0.021873,0.00000,0.00000,0.000,0.000,0.000,0.000,0.000,-6.0000,0.0000,0.0000,6.0000,95.00,95.00,90.00,90.00,65535,65535,65535,1500,1,15,40.4365069,-86.8936806,158.921,0.000,0.000,0.010,3,0.34,0.53,0.12,1
38828,31866,28623,20692,0,0,-0.30526,2.67073,9.46667,-0.006392,-0.009587,-0.010653,15.548,1.808,-0.537,0.0126,0.0021,-0.0068,0.4911,-0.4445,-0.4516,-0.0058892,-0.0085565,-0.0105671,0.001209,0.005675,0.021880,0.00000,0.00000,0.000,0.000,0.000,0.000,0.000,-6.0000,0.0000,0.0000,6.0000,95.00,95.00,90.00,90.00,65535,65535,65535,1500,1,15,40.4365069,-86.8936806,158.921,0.000,0.000,0.010,3,0.34,0.53,0.12,1
38858,28831,29488,21498,0,0,-0.30885,2.64559,9.47505,-0.006392,-0.008522,-0.010653,15.550,1.807,-0.537,0.0125,0.0023,-0.0064,0.4914,-0.4444,-0.4518,-0.0058918,-0.0085560,-0.0105670,0.001209,0.005670,0.021881,0.00000,0.00000,0.000,0.000,0.000,0.000,0.000,-6.0000,0.0000,0.0000,6.0000,95.00,95.00,90.00,90.00,65535,65535,65535,1500,1,15,40.4365069,-86.8936806,158.921,0.000,0.000,0.010,3,0.34,0.53,0.12,1
38896,49500,18152,15150,0,0,-0.27294,2.64559,9.45949,-0.005326,-0.008522,-0.010653,15.556,1.797,-0.543,0.0139,0.0028,-0.0066,0.4921,-0.4443,-0.4522,-0.0058955,-0.0085452,-0.0105654,0.001215,0.005666,0.021882,0.00000,0.00000,0.000,0.000,0.000,0.000,0.000,-6.0000,0.0000,0.0000,6.0000,95.00,95.00,90.00,90.00,65535,65535,65535,1500,1,15,40.4365069,-86.8936806,158.921,0.000,0.000,0.010,3,0.34,0.53,0.12,1
38926,18435,29752,21742,0,0,-0.27533,2.64559,9.47026,-0.006392,-0.008522,-0.010653,15.558,1.788,-0.548,0.0141,0.0029,-0.0064,0.4923,-0.4442,-0.4523,-0.0058981,-0.0085357,-0.0105640,0.001220,0.005664,0.021883,0.00000,0.00000,0.000,0.000,0.000,0.000,0.000,-6.0000,0.0000,0.0000,6.0000,95.00,95.00,90.00,90.00,65535,65535,65535,1500,1,15,40.4365069,-86.8936806,158.921,0.000,0.000,0.010,3,0.34,0.53,0.12,1
38957,30637,29303,21353,0,0,-0.31125,2.63961,9.47386,-0.006392,-0.008522,-0.010653,15.565,1.772,-0.496,0.0004,-0.0204,-0.0303,0.4904,-0.4435,-0.4552,-0.0059044,-0.0085343,-0.0105988,0.000909,0.006371,0.022352,0.00000,0.00000,0.000,0.000,0.000,0.000,0.000,-6.0000,0.0000,0.0000,6.0000,95.00,95.00,90.00,90.00,65535,65535,65535,1500,1,15,40.4365069,-86.8936806,158.911,-0.010,-0.040,0.050,3,0.34,0.53,0.14,1
38989,29538,31880,23873,0,0,-0.31484,2.64559,9.46308,-0.004261,-0.006392,-0.010653,15.571,1.778,-0.494,0.0001,-0.0202,-0.0302,0.4904,-0.4441,-0.4560,-0.0059069,-0.0085372,-0.0105993,0.000907,0.006364,0.022353,0.00000,0.00000,0.000,0.000,0.000,0.000,0.000,-6.0000,0.0000,0.0000,6.0000,95.00,95.00,90.00,90.00,65535,65535,65535,1500,1,15,40.4365069,-86.8936806,158.911,-0.010,-0.040,0.050,3,0.34,0.53,0.14,1
39018,32079,29368,21348,0,0,-0.30765,2.66116,9.47386,-0.009587,-0.008522,-0.010653,15.571,1.779,-0.494,0.0000,-0.0197,-0.0297,0.4904,-0.4447,-0.4570,-0.0059129,-0.0085378,-0.0105993,0.000907,0.006351,0.022357,0.00000,0.00000,0.000,0.000,0.000,0.000,0.000,-6.0000,0.0000,0.0000,6.0000,95.00,95.00,90.00,90.00,65535,65535,65535,1500,1,15,40.4365069,-86.8936806,158.911,-0.010,-0.040,0.050,3,0.34,0.53,0.14,1
39048,29565,29724,26726,0,0,-0.32202,2.63961,9.47266,-0.003196,-0.009587,-0.010653,15.575,1.782,-0.492,-0.0004,-0.0197,-0.0295,0.4904,-0.4453,-0.4579,-0.0059127,-0.0085425,-0.0106001,0.000904,0.006350,0.022357,0.00000,0.00000,0.000,0.000,0.000,0.000,0.000,-6.0000,0.0000,0.0000,6.0000,95.00,95.00,90.00,90.00,65535,65535,65535,1500,1,15,40.4365069,-86.8936806,158.911,-0.010,-0.040,0.050,3,0.34,0.53,0.14,1
39081,29921,33060,30048,0,0,-0.32920,2.60729,9.46907,-0.004261,-0.009587,-0.010653,15.569,1.786,-0.489,-0.0010,-0.0203,-0.0296,0.4903,-0.4459,-0.4588,-0.0059039,-0.0085492,-0.0106012,0.000898,0.006365,0.022353,0.00000,0.00000,0.000,0.000,0.000,0.000,0.000,-6.0000,0.0000,0.0000,6.0000,95.00,95.00,90.00,90.00,65535,65535,65535,1500,1,15,40.4365069,-86.8936806,158.911,-0.010,-0.040,0.050,3,0.34,0.53,0.14,1
39132,63263,20429,17432,0,0,-0.29090,2.62883,9.46189,-0.007457,-0.011718,-0.010653,15.561,1.772,-0.494,-0.0004,-0.0207,-0.0299,0.4903,-0.4472,-0.4607,-0.0059022,-0.0085453,-0.0106007,0.000901,0.006369,0.022352,0.00000,0.00000,0.000,0.000,0.000,0.000,0.000,-6.0000,0.0000,0.0000,6.0000,95.00,95.00,90.00,90.00,65535,65535,65535,1500,1,15,40.4365069,-86.8936806,158.911,-0.010,-0.040,0.050,3,0.34,0.53,0.14,1
39171,20692,38307,30355,0,0,-0.28730,2.69108,9.46069,-0.008522,-0.008522,-0.010653,15.575,1.767,-0.496,-0.0002,-0.0202,-0.0297,0.4903,-0.4476,-0.4613,-0.0059179,-0.0085404,-0.0106000,0.000894,0.006342,0.022359,0.00000,0.00000,0.000,0.000,0.000,0.000,0.000,-6.0000,0.0000,0.0000,6.0000,95.00,95.00,90.00,90.00,65535,65535,65535,1500,1,15,40.4365069,-86.8936806,158.911,-0.010,-0.040,0.050,3,0.34,0.53,0.14,1
39215,39205,43432,35543,0,0,-0.33998,2.62883,9.46907,-0.005326,-0.009587,-0.011718,15.571,1.765,-0.464,-0.0124,-0.0078,-0.0412,0.4880,-0.4389,-0.4618,-0.0059122,-0.0085488,-0.0106224,0.000786,0.006062,0.022758,0.00000,0.00000,0.000,0.000,0.000,0.000,0.000,-6.0000,0.0000,0.0000,6.0000,95.00,95.00,90.00,90.00,65535,65535,65535,1500,1,15,40.4365068,-86.8936805,158.928,-0.020,0.000,0.050,3,0.34,0.53,0.12,1
39245,43655,29448,21463,0,0,-0.29209,2.62285,9.47745,-0.005326,-0.009587,-0.010653,15.567,1.759,-0.466,-0.0121,-0.0084,-0.0409,0.4875,-0.4393,-0.4636,-0.0059071,-0.0085458,-0.0106220,0.000792,0.006074,0.022754,0.00000,0.00000,0.000,0.000,0.000,0.000,0.000,-6.0000,0.0000,0.0000,6.0000,95.00,95.00,90.00,90.00,65535,65535,65535,1500,1,15,40.4365068,-86.8936805,158.928,-0.020,0.000,0.050,3,0.34,0.53,0.12,1
39274,29652,29209,21195,0,0,-0.29090,2.63003,9.47146,-0.005326,-0.008522,-0.010653,15.565,1.756,-0.468,-0.0119,-0.0085,-0.0408,0.4871,-0.4395,-0.4648,-0.0059047,-0.0085426,-0.0106215,0.000796,0.006081,0.022753,0.00000,0.00000,0.000,0.000,0.000,0.000,0.000,-6.0000,0.0000,0.0000,6.0000,95.00,95.00,90.00,90.00,65535,65535,65535,1500,1,15,40.4365068,-86.8936805,158.928,-0.020,0.000,0.050,3,0.34,0.53,0.12,1
39298,29398,23485,20474,0,0,-0.31843,2.63242,9.47026,-0.004261,-0.008522,-0.010653,15.566,1.761,-0.465,-0.0123,-0.0087,-0.0406,0.4868,-0.4398,-0.4660,-0.0059030,-0.0085475,-0.0106223,0.000792,0.006082,0.022752,0.00000,0.00000,0.000,0.000,0.000,0.000,0.000,-6.0000,0.0000,0.0000,6.0000,95.00,95.00,90.00,90.00,65535,65535,65535,1500,1,15,40.4365068,-86.8936805,158.928,-0.020,0.000,0.050,3,0.34,0.53,0.12,1
39343,44586,24095,21092,0,0,-0.28970,2.66116,9.46428,-0.004261,-0.008522,-0.010653,15.578,1.787,-0.550,0.0158,-0.0188,-0.0504,0.4932,-0.4365,-0.4665,-0.0059126,-0.0085497,-0.0105650,0.001117,0.006535,0.022914,0.00000,0.00000,0.000,0.000,0.000,0.000,0.000,-6.0000,0.0000,0.0000,6.0000,95.00,95.00,90.00,90.00,65535,65535,65535,1500,1,15,40.4365069,-86.8936805,158.928,0.040,-0.030,0.060,3,0.34,0.53,0.16,1
39373,24366,29672,21623,0,0,-0.26695,2.66594,9.47745,-0.004261,-0.009587,-0.010653,15.587,1.775,-0.558,0.0165,-0.0184,-0.0499,0.4936,-0.4369,-0.4677,-0.0059190,-0.0085382,-0.0105628,0.001131,0.006525,0.022917,0.00000,0.00000,0.000,0.000,0.000,0.000,0.000,-6.0000,0.0000,0.0000,6.0000,95.00,95.00,90.00,90.00,65535,65535,65535,1500,1,15,40.4365069,-86.8936805,158.928,0.040,-0.030,0.060,3,0.34,0.53,0.16,1
39403,29889,29601,21573,0,0,-0.28730,2.65397,9.47505,-0.005326,-0.008522,-0.010653,15.591,1.770,-0.561,0.0168,-0.0182,-0.0495,0.4942,-0.4375,-0.4692,-0.0059220,-0.0085332,-0.0105619,0.001137,0.006520,0.022919,0.00000,0.00000,0.000,0.000,0.000,0.000,0.000,-6.0000,0.0000,0.0000,6.0000,95.00,95.00,90.00,90.00,65535,65535,65535,1500,1,15,40.4365069,-86.8936805,158.928,0.040,-0.030,0.060,3,0.34,0.53,0.16,1
39441,29806,38067,29993,0,0,-0.30646,2.63123,9.47386,-0.007457,-0.008522,-0.010653,15.585,1.771,-0.560,0.0167,-0.0184,-0.0493,0.4947,-0.4380,-0.4707,-0.0059187,-0.0085339,-0.0105620,0.001137,0.006527,0.022917,0.00000,0.00000,0.000,0.000,0.000,0.000,0.000,-6.0000,0.0000,0.0000,6.0000,95.00,95.00,90.00,90.00,65535,65535,65535,1500,1,15,40.4365069,-86.8936805,158.928,0.040,-0.030,0.060,3,0.34,0.53,0.16,1
39471,38255,30356,27349,0,0,-0.33878,2.61926,9.47266,-0.007457,-0.008522,-0.010653,15.575,1.781,-0.555,0.0156,-0.0190,-0.0492,0.4953,-0.4388,-0.4726,-0.0059126,-0.0085439,-0.0105637,0.001130,0.006536,0.022914,0.00000,0.00000,0.000,0.000,0.000,0.000,0.000,-6.0000,0.0000,0.0000,6.0000,95.00,95.00,90.00,90.00,65535,65535,65535,1500,1,15,40.4365069,-86.8936805,158.928,0.040,-0.030,0.060,3,0.34,0.53,0.16,1
39506,30534,34094,26154,0,0,-0.28611,3.17232,9.17937,-0.132093,0.000000,-0.008522,15.549,1.790,-0.554,0.0161,-0.0069,-0.0532,0.4958,-0.4393,-0.4741,-0.0060935,-0.0085386,-0.0105602,0.001141,0.006199,0.023008,0.00000,0.00000,0.000,0.000,0.000,0.000,0.000,-6.0000,0.0000,0.0000,6.0000,95.00,95.00,90.00,90.00,65535,65535,65535,1500,1,15,40.4365069,-86.8936805,158.928,0.040,-0.030,0.060,3,0.34,0.53,0.16,1
39550,57074,21598,18519,0,0,-0.40223,2.98916,8.82982,-0.161920,-0.210922,-0.013848,15.040,1.170,-0.780,0.0189,0.0016,-0.1033,0.5005,-0.4384,-0.4796,-0.0061001,-0.0085419,-0.0105336,0.001333,0.007060,0.023337,0.00000,0.00000,0.000,0.000,0.000,0.000,0.000,-6.0000,0.0000,0.0000,6.0000,95.00,95.00,90.00,90.00,65535,65535,65535,1500,1,15,40.4365070,-86.8936805,158.896,0.030,-0.020,0.120,3,0.34,0.53,0.14,1
39578,21859,27164,19121,0,0,-0.30885,2.59053,9.37330,0.187487,-0.175769,-0.211988,15.277,1.033,-1.078,0.0159,0.0023,-0.1055,0.5009,-0.4384,-0.4818,-0.0061001,-0.0085419,-0.0105336,0.001333,0.007060,0.023337,0.00000,0.00000,0.000,0.000,0.000,0.000,0.000,-6.0000,0.0000,0.0000,6.0000,95.00,95.00,90.00,90.00,65535,65535,65535,1500,1,15,40.4365070,-86.8936805,158.896,0.030,-0.020,0.120,3,0.34,0.53,0.14,1
39606,27354,28532,25538,0,0,0.13408,3.12443,9.46907,0.115049,0.040480,-0.066046,15.633,0.974,-0.982,0.0219,0.0114,-0.1020,0.5015,-0.4380,-0.4847,-0.0062498,-0.0084421,-0.0105802,-0.005307,0.005984,0.023422,0.00000,0.00000,0.000,0.000,0.000,0.000,0.000,-6.0000,0.0000,0.0000,6.0000,95.00,95.00,90.00,90.00,65535,65535,65535,1500,1,15,40.4365070,-86.8936805,158.896,0.030,-0.020,0.120,3,0.34,0.53,0.14,1
39630,28733,23365,15454,0,0,-0.73263,2.65278,9.37450,0.105461,0.091613,-0.023436,15.818,1.306,-0.886,0.0112,0.0114,-0.1042,0.5018,-0.4377,-0.4877,-0.0062498,-0.0086097,-0.0106023,-0.004870,0.005994,0.023434,0.00000,0.00000,0.000,0.000,0.000,0.000,0.000,-6.0000,0.0000,0.0000,6.0000,95.00,95.00,90.00,90.00,65535,65535,65535,1500,1,15,40.4365070,-86.8936805,158.896,0.030,-0.020,0.120,3,0.34,0.53,0.14,1
39660,23564,29452,21479,0,0,0.27414,3.05500,9.43196,-0.103331,0.050067,-0.003196,15.816,1.195,-0.807,0.0182,0.0166,-0.1025,0.5021,-0.4374,-0.4901,-0.0063659,-0.0084570,-0.0106161,-0.008813,0.005336,0.023490,0.00000,0.00000,0.000,0.000,0.000,0.000,0.000,-6.0000,0.0000,0.0000,6.0000,95.00,95.00,90.00,90.00,65535,65535,65535,1500,1,15,40.4365070,-86.8936805,158.896,0.030,-0.020,0.120,3,0.34,0.53,0.14,1
39691,29651,30857,22857,0,0,-0.51356,2.44927,9.77553,-0.141680,0.059655,-0.010653,15.501,1.412,-0.825,0.0133,0.0117,-0.0951,0.5027,-0.4369,-0.4930,-0.0062885,-0.0085392,-0.0106014,-0.005990,0.005795,0.023453,0.00000,0.00000,0.000,0.000,0.000,0.000,0.000,-6.0000,0.0000,0.0000,6.0000,95.00,95.00,90.00,90.00,65535,65535,65535,1500,1,15,40.4365070,-86.8936805,158.896,0.030,-0.020,0.120,3,0.34,0.53,0.14,1
39721,31059,29699,21715,0,0,-0.46926,2.32716,9.44513,0.131028,-0.056459,-0.008522,15.640,1.421,-0.883,0.0089,0.0058,-0.0982,0.5032,-0.4364,-0.4960,-0.0061922,-0.0086114,-0.0105899,-0.003664,0.006228,0.023408,0.00000,0.00000,0.000,0.000,0.000,0.000,0.000,-6.0000,0.0000,0.0000,6.0000,95.00,95.00,90.00,90.00,65535,65535,65535,1500,1,15,40.4365070,-86.8936805,158.896,0.030,-0.020,0.120,3,0.34,0.53,0.14,1
39776,60240,24423,21438,0,0,-1.71664,3.83192,9.47505,0.000000,0.003196,0.101200,16.065,1.838,-0.408,0.0267,-0.0660,-0.0661,0.5236,-0.4590,-0.4943,-0.0065574,-0.0090658,-0.0105190,-0.006860,0.008508,0.022448,0.00000,0.00000,0.000,0.000,0.000,0.000,0.000,-6.0000,0.0000,0.0000,6.0000,95.00,95.00,90.00,90.00,65535,65535,65535,1500,1,15,40.4365070,-86.8936807,158.954,0.090,-0.160,0.060,3,0.34,0.54,0.15,1
39806,24675,30400,22467,0,0,-0.64284,2.21583,9.37330,-0.276969,0.077764,-0.028762,15.683,1.963,-0.400,0.0191,-0.0759,-0.0708,0.5241,-0.4608,-0.4960,-0.0065574,-0.0090658,-0.0105190,-0.006860,0.008508,0.022448,0.00000,0.00000,0.000,0.000,0.000,0.000,0.000,-6.0000,0.0000,0.0000,6.0000,95.00,95.00,90.00,90.00,65535,65535,65535,1500,1,15,40.4365070,-86.8936807,158.954,0.090,-0.160,0.060,3,0.34,0.54,0.15,1
39841,32230,33002,30012,0,0,-0.59017,1.95606,9.58878,0.167247,-0.044741,-0.008522,15.743,2.006,-0.466,0.0130,-0.0935,-0.0726,0.5246,-0.4638,-0.4983,-0.0063178,-0.0091472,-0.0105070,-0.003742,0.009379,0.022301,0.00000,0.00000,0.000,0.000,0.000,0.000,0.000,-6.0000,0.0000,0.0000,6.0000,95.00,95.00,90.00,90.00,65535,65535,65535,1500,1,15,40.4365070,-86.8936807,158.954,0.090,-0.160,0.060,3,0.34,0.54,0.15,1
39877,33229,35879,27872,0,0,0.04190,3.21781,9.48343,0.027697,-0.013848,0.008522,15.977,1.855,-0.432,0.0223,-0.0818,-0.0673,0.5252,-0.4666,-0.5007,-0.0064736,-0.0090301,-0.0105053,-0.005771,0.008844,0.022386,0.00000,0.00000,0.000,0.000,0.000,0.000,0.000,-6.0000,0.0000,0.0000,6.0000,95.00,95.00,90.00,90.00,65535,65535,65535,1500,1,15,40.4365070,-86.8936807,158.954,0.090,-0.160,0.060,3,0.34,0.54,0.15,1
39904,36070,27072,18988,0,0,0.48363,2.61447,9.41280,-0.239684,0.076699,0.233293,15.512,1.889,0.101,0.0516,-0.0818,-0.0702,0.5265,-0.4696,-0.5031,-0.0064736,-0.0090301,-0.0105053,-0.005771,0.008844,0.022386,0.00000,0.00000,0.000,0.000,0.000,0.000,0.000,-6.0000,0.0000,0.0000,6.0000,95.00,95.00,90.00,90.00,65535,65535,65535,1500,1,15,40.4365070,-86.8936807,158.954,0.090,-0.160,0.060,3,0.34,0.54,0.15,1
39938,27690,33112,25170,0,0,-0.25857,2.32716,9.47505,-0.177899,0.207727,0.020240,15.226,2.225,0.184,0.0626,-0.0324,-0.0750,0.5299,-0.4526,-0.5010,-0.0064578,-0.0090314,-0.0104734,-0.005015,0.007560,0.022844,0.00000,0.00000,0.000,0.000,0.000,0.000,0.000,-6.0000,0.0000,0.0000,6.0000,95.00,95.00,90.00,90.00,65535,65535,65535,1500,1,15,40.4365071,-86.8936806,158.946,0.069,0.017,0.078,3,0.35,0.54,0.15,1
39977,53368,18174,15172,0,0,0.06105,3.93248,9.03691,-0.199204,-0.128897,-0.002131,15.200,1.660,0.316,0.0786,0.0346,-0.0795,0.5339,-0.4514,-0.5052,-0.0069767,-0.0089090,-0.0105261,-0.013742,0.005380,0.023178,0.00000,0.00000,0.000,0.000,0.000,0.000,0.000,-6.0000,0.0000,0.0000,6.0000,95.00,95.00,90.00,90.00,65535,65535,65535,1500,1,15,40.4365071,-86.8936806,158.946,0.070,0.020,0.080,3,0.35,0.54,0.15,1
40004,18437,27306,19371,0,0,-0.67756,1.82079,9.73363,-0.325971,0.098004,-0.140615,14.860,1.805,0.212,0.0721,0.0211,-0.0784,0.5353,-0.4509,-0.5066,-0.0069767,-0.0089090,-0.0105261,-0.013742,0.005380,0.023178,0.00000,0.00000,0.000,0.000,0.000,0.000,0.000,-6.0000,0.0000,0.0000,6.0000,95.00,95.00,90.00,90.00,65535,65535,65535,1500,1,15,40.4365071,-86.8936806,158.946,0.070,0.020,0.080,3,0.35,0.54,0.15,1
40031,27502,26787,23762,0,0,-0.76016,2.35829,9.81742,0.246076,-0.017044,-0.379234,15.240,1.943,-0.353,0.0610,0.0128,-0.0707,0.5371,-0.4505,-0.5087,-0.0069767,-0.0089090,-0.0105261,-0.013742,0.005380,0.023178,0.00000,0.00000,0.000,0.000,0.000,0.000,0.000,-6.0000,0.0000,0.0000,6.0000,95.00,95.00,90.00,90.00,65535,65535,65535,1500,1,15,40.4365071,-86.8936806,158.946,0.070,0.020,0.080,3,0.35,0.54,0.15,1
40058,26965,26445,23426,0,0,0.39504,4.07852,9.44632,-0.358994,0.008522,-1.166465,14.631,2.430,-2.072,0.0851,0.0540,-0.0622,0.5391,-0.4496,-0.5105,-0.0069767,-0.0089090,-0.0105261,-0.013742,0.005380,0.023178,0.00000,0.00000,0.000,0.000,0.000,0.000,0.000,-6.0000,0.0000,0.0000,6.0000,95.00,95.00,90.00,90.00,65535,65535,65535,1500,1,15,40.4365071,-86.8936806,158.946,0.070,0.020,0.080,3,0.35,0.54,0.15,1
40088,26626,30493,22462,0,0,-0.28850,1.79565,9.02255,-0.474043,-0.218379,-0.978978,13.853,2.484,-3.584,0.0876,0.0427,-0.0792,0.5414,-0.4483,-0.5124,-0.0069767,-0.0089090,-0.0105261,-0.013742,0.005380,0.023178,0.00000,0.00000,0.000,0.000,0.000,0.000,0.000,-6.0000,0.0000,0.0000,6.0000,95.00,95.00,90.00,90.00,65535,65535,65535,1500,1,15,40.4365071,-86.8936806,158.946,0.070,0.020,0.080,3,0.35,0.54,0.15,1
40121,30674,32092,24193,0,0,-0.87269,1.47603,9.66300,0.117179,0.076699,1.284709,14.161,2.079,-1.338,0.0714,0.0145,-0.0815,0.5438,-0.4474,-0.5148,-0.0069767,-0.0089090,-0.0105261,-0.013742,0.005380,0.023178,0.00000,0.00000,0.000,0.000,0.000,0.000,0.000,-6.0000,0.0000,0.0000,6.0000,95.00,95.00,90.00,90.00,65535,65535,65535,1500,1,15,40.4365071,-86.8936806,158.946,0.070,0.020,0.080,3,0.35,0.54,0.15,1
40149,32265,28120,25126,0,0,-0.02274,1.52271,9.50498,-0.162985,-0.006392,0.338754,13.895,1.927,-0.710,0.0812,-0.0116,-0.0894,0.5463,-0.4473,-0.5176,-0.0069767,-0.0089090,-0.0105261,-0.013742,0.005380,0.023178,0.00000,0.00000,0.000,0.000,0.000,0.000,0.000,-6.0000,0.0000,0.0000,6.0000,95.00,95.00,90.00,90.00,65535,65535,65535,1500,1,15,40.4365071,-86.8936806,158.946,0.070,0.020,0.080,3,0.35,0.54,0.15,1
40197,54856,21586,18516,0,0,-0.63327,1.34554,9.66779,-0.265251,-0.028762,-0.093743,13.042,1.811,-0.719,-0.0357,0.0426,-0.0736,0.5246,-0.4175,-0.5117,-0.0069376,-0.0088760,-0.0107080,-0.014393,0.002398,0.023383,0.00000,0.00000,0.000,0.000,0.000,0.000,0.000,-6.0000,0.0000,0.0000,6.0000,95.00,95.00,90.00,90.00,65535,65535,65535,1500,1,15,40.4365068,-86.8936803,158.978,-0.100,0.110,0.060,3,0.35,0.54,0.18,1
40225,21830,27133,19102,0,0,0.31244,2.26731,9.64983,0.231162,0.166181,-0.159790,13.335,2.067,-0.850,-0.0207,0.0420,-0.0722,0.5240,-0.4166,-0.5132,-0.0069376,-0.0088760,-0.0107080,-0.014393,0.002398,0.023383,0.00000,0.00000,0.000,0.000,0.000,0.000,0.000,-6.0000,0.0000,0.0000,6.0000,95.00,95.00,90.00,90.00,65535,65535,65535,1500,1,15,40.4365068,-86.8936803,158.978,-0.100,0.110,0.060,3,0.35,0.54,0.18,1
40246,27317,20836,17822,0,0,-1.09056,2.24816,9.26197,0.113983,-0.072438,-0.540089,13.494,2.162,-1.680,-0.0403,0.0433,-0.0795,0.5232,-0.4155,-0.5153,-0.0069376,-0.0088760,-0.0107080,-0.014393,0.002398,0.023383,0.00000,0.00000,0.000,0.000,0.000,0.000,0.000,-6.0000,0.0000,0.0000,6.0000,95.00,95.00,90.00,90.00,65535,65535,65535,1500,1,15,40.4365068,-86.8936803,158.978,-0.100,0.110,0.060,3,0.35,0.54,0.18,1
40273,21019,26879,23858,0,0,-0.31125,3.41533,9.55406,0.022371,-0.102265,-0.401605,13.511,2.163,-2.164,-0.0377,0.0662,-0.0740,0.5224,-0.4143,-0.5169,-0.0069376,-0.0088760,-0.0107080,-0.014393,0.002398,0.023383,0.00000,0.00000,0.000,0.000,0.000,0.000,0.000,-6.0000,0.0000,0.0000,6.0000,95.00,95.00,90.00,90.00,65535,65535,65535,1500,1,15,40.4365068,-86.8936803,158.978,-0.100,0.110,0.060,3,0.35,0.54,0.18,1
40300,27066,27210,19165,0,0,-0.62130,2.74974,9.81982,-0.303600,0.021305,-0.884169,12.998,2.519,-3.473,-0.0412,0.0792,-0.0639,0.5213,-0.4123,-0.5188,-0.0069376,-0.0088760,-0.0107080,-0.014393,0.002398,0.023383,0.00000,0.00000,0.000,0.000,0.000,0.000,0.000,-6.0000,0.0000,0.0000,6.0000,95.00,95.00,90.00,90.00,65535,65535,65535,1500,1,15,40.4365068,-86.8936803,158.978,-0.100,0.110,0.060,3,0.35,0.54,0.18,1
40328,27642,27113,19107,0,0,-0.21787,3.52067,10.12987,-0.276969,-0.051133,-1.544633,12.455,2.989,-5.860,-0.0280,0.1128,-0.0413,0.5203,-0.4097,-0.5203,-0.0069376,-0.0088760,-0.0107080,-0.014393,0.002398,0.023383,0.00000,0.00000,0.000,0.000,0.000,0.000,0.000,-6.0000,0.0000,0.0000,6.0000,95.00,95.00,90.00,90.00,65535,65535,65535,1500,1,15,40.4365068,-86.8936803,158.978,-0.100,0.110,0.060,3,0.35,0.54,0.18,1
40355,27785,26862,23841,0,0,-0.40582,1.40899,9.59476,-0.514523,-0.072438,-1.220793,11.584,3.276,-7.707,-0.0336,0.0247,-0.0421,0.5168,-0.4178,-0.5143,-0.0069718,-0.0088744,-0.0107408,-0.015415,0.004013,0.022875,0.00000,0.00000,0.000,0.000,0.000,0.000,0.000,-6.0000,0.0000,0.0000,6.0000,95.00,95.00,90.00,90.00,65535,65535,65535,1500,1,15,40.4365067,-86.8936803,159.010,-0.040,-0.040,0.040,3,0.35,0.55,0.12,1
40406,48867,28973,21063,0,0,-1.02711,2.53905,9.75757,-0.014914,0.119310,0.619984,11.665,3.272,-5.902,-0.0523,0.0519,-0.0283,0.5147,-0.4160,-0.5161,-0.0069718,-0.0088744,-0.0107408,-0.015415,0.004013,0.022875,0.00000,0.00000,0.000,0.000,0.000,0.000,0.000,-6.0000,0.0000,0.0000,6.0000,95.00,95.00,90.00,90.00,65535,65535,65535,1500,1,15,40.4365067,-86.8936803,159.010,-0.040,-0.040,0.040,3,0.35,0.55,0.12,1
40437,29222,30329,22481,0,0,-0.83438,0.97085,9.46907,-0.700944,0.069242,-0.082025,10.498,3.423,-5.994,-0.0620,0.0303,-0.0374,0.5130,-0.4148,-0.5170,-0.0069718,-0.0088744,-0.0107408,-0.015415,0.004013,0.022875,0.00000,0.00000,0.000,0.000,0.000,0.000,0.000,-6.0000,0.0000,0.0000,6.0000,95.00,95.00,90.00,90.00,65535,65535,65535,1500,1,15,40.4365067,-86.8936803,159.010,-0.040,-0.040,0.040,3,0.35,0.55,0.12,1
40469,30514,32253,27509,0,0,-0.84874,1.64960,9.68933,-0.401605,0.039415,-0.172573,9.792,3.556,-6.258,-0.0688,0.0304,-0.0364,0.5110,-0.4138,-0.5182,-0.0069718,-0.0088744,-0.0107408,-0.015415,0.004013,0.022875,0.00000,0.00000,0.000,0.000,0.000,0.000,0.000,-6.0000,0.0000,0.0000,6.0000,95.00,95.00,90.00,90.00,65535,65535,65535,1500,1,15,40.4365067,-86.8936803,159.010,-0.040,-0.040,0.040,3,0.35,0.55,0.12,1
40498,32438,28371,25355,0,0,-0.67516,1.10732,9.54329,-0.223706,0.066046,-0.119310,9.378,3.727,-6.434,-0.0717,0.0156,-0.0433,0.5088,-0.4131,-0.5194,-0.0069718,-0.0088744,-0.0107408,-0.015415,0.004013,0.022875,0.00000,0.00000,0.000,0.000,0.000,0.000,0.000,-6.0000,0.0000,0.0000,6.0000,95.00,95.00,90.00,90.00,65535,65535,65535,1500,1,15,40.4365067,-86.8936803,159.010,-0.040,-0.040,0.040,3,0.35,0.55,0.12,1
40525,28709,27173,19121,0,0,-0.72544,1.68312,9.73602,-0.437824,0.079895,-0.241815,8.645,3.931,-6.788,-0.0719,0.0214,-0.0411,0.5067,-0.4126,-0.5207,-0.0069718,-0.0088744,-0.0107408,-0.015415,0.004013,0.022875,0.00000,0.00000,0.000,0.000,0.000,0.000,0.000,-6.0000,0.0000,0.0000,6.0000,95.00,95.00,90.00,90.00,65535,65535,65535,1500,1,15,40.4365067,-86.8936803,159.010,-0.040,-0.040,0.040,3,0.35,0.55,0.12,1
40564,27940,37380,29432,0,0,-0.82720,0.82480,9.79109,-0.356864,0.093743,-0.015979,8.073,4.180,-6.952,-0.0167,0.0036,-0.0344,0.5174,-0.4068,-0.5135,-0.0069744,-0.0089034,-0.0106207,-0.014364,0.004213,0.022652,0.00000,0.00000,0.000,0.000,0.000,0.000,0.000,-6.0000,0.0000,0.0000,6.0000,95.00,95.00,90.00,90.00,65535,65535,65535,1500,1,15,40.4365067,-86.8936802,159.034,0.030,0.000,0.030,3,0.35,0.55,0.15,1
40599,57177,15582,12528,0,0,-0.01437,1.05584,10.12867,-0.174703,0.358994,-0.436758,7.420,5.562,-8.177,0.0368,-0.0193,-0.0171,0.5180,-0.4072,-0.5150,-0.0069744,-0.0089034,-0.0106207,-0.014364,0.004213,0.022652,0.00000,0.00000,0.000,0.000,0.000,0.000,0.000,-6.0000,0.0000,0.0000,6.0000,95.00,95.00,90.00,90.00,65535,65535,65535,1500,1,15,40.4365067,-86.8936802,159.034,0.030,0.000,0.030,3,0.35,0.55,0.15,1
40626,15844,26948,19060,0,0,-1.70347,-0.35554,9.62828,-0.234358,0.312122,0.066046,7.224,5.842,-8.070,0.0221,-0.0422,-0.0203,0.5184,-0.4077,-0.5153,-0.0069744,-0.0089034,-0.0106207,-0.014364,0.004213,0.022652,0.00000,0.00000,0.000,0.000,0.000,0.000,0.000,-6.0000,0.0000,0.0000,6.0000,95.00,95.00,90.00,90.00,65535,65535,65535,1500,1,15,40.4365067,-86.8936802,159.034,0.030,0.000,0.030,3,0.35,0.55,0.15,1
40656,27129,29240,26239,0,0,-1.28449,1.54785,9.64265,-0.109722,0.196009,0.066046,7.224,6.559,-8.936,0.0245,-0.0392,-0.0198,0.5197,-0.4089,-0.5159,-0.0071867,-0.0089807,-0.0103195,0.018956,0.007515,0.022828,0.00000,0.00000,0.000,0.000,0.000,0.000,0.000,-6.0000,0.0000,0.0000,6.0000,95.00,95.00,90.00,90.00,65535,65535,65535,1500,1,15,40.4365067,-86.8936802,159.034,0.030,0.000,0.030,3,0.35,0.55,0.15,1
40677,29439,20879,12978,0,0,-1.12049,0.77572,9.75278,-0.076699,0.101200,-0.377104,7.038,6.820,-9.531,0.0232,-0.0518,-0.0195,0.5204,-0.4102,-0.5164,-0.0071867,-0.0089807,-0.0103195,0.018956,0.007515,0.022828,0.00000,0.00000,0.000,0.000,0.000,0.000,0.000,-6.0000,0.0000,0.0000,6.0000,95.00,95.00,90.00,90.00,65535,65535,65535,1500,1,15,40.4365067,-86.8936802,159.034,0.030,0.000,0.030,3,0.35,0.55,0.15,1
40713,21059,35868,22809,0,0,-1.22703,0.29449,9.71567,0.192813,0.140615,-0.439954,7.219,7.063,-10.026,0.0188,-0.0710,-0.0211,0.5209,-0.4115,-0.5169,-0.0071867,-0.0089807,-0.0103195,0.018956,0.007515,0.022828,0.00000,0.00000,0.000,0.000,0.000,0.000,0.000,-6.0000,0.0000,0.0000,6.0000,95.00,95.00,90.00,90.00,65535,65535,65535,1500,1,15,40.4365067,-86.8936802,159.034,0.030,0.000,0.030,3,0.35,0.55,0.15,1
40753,36756,39699,36666,0,0,-1.95008,1.41138,9.28352,0.094809,-0.167247,-0.627441,7.268,6.825,-11.274,-0.0825,-0.0250,-0.0083,0.5026,-0.4005,-0.5047,-0.0071698,-0.0089433,-0.0104302,0.021712,0.007007,0.022489,0.00000,0.00000,0.000,0.000,0.000,0.000,0.000,-6.0000,0.0000,0.0000,6.0000,95.00,95.00,90.00,90.00,65535,65535,65535,1500,1,15,40.4365063,-86.8936801,159.089,-0.140,0.000,-0.010,3,0.35,0.55,0.12,1
40781,39898,27564,19527,0,0,-0.82720,1.44610,9.73363,-0.104396,-0.173638,-0.495348,6.911,6.588,-12.428,-0.0692,-0.0173,-0.0067,0.4996,-0.4013,-0.5050,-0.0071698,-0.0089433,-0.0104302,0.021712,0.007007,0.022489,0.00000,0.00000,0.000,0.000,0.000,0.000,0.000,-6.0000,0.0000,0.0000,6.0000,95.00,95.00,90.00,90.00,65535,65535,65535,1500,1,15,40.4365063,-86.8936801,159.089,-0.140,0.000,-0.010,3,0.35,0.55,0.12,1
40826,41895,30868,21203,0,0,-0.43096,0.43934,10.03889,-0.111853,0.030893,-0.007457,6.411,5.674,-10.099,-0.0626,-0.0391,0.0001,0.4958,-0.4025,-0.5050,-0.0067128,-0.0086949,-0.0110860,-0.054670,-0.000551,0.022057,0.00000,0.00000,0.000,0.000,0.000,0.000,0.000,-6.0000,0.0000,0.0000,6.0000,95.00,95.00,90.00,90.00,65535,65535,65535,1500,1,15,40.4365063,-86.8936801,159.089,-0.140,0.000,-0.010,3,0.35,0.55,0.12,1
40847,31135,20983,13036,0,0,-1.21865,1.78607,10.35013,-0.177899,0.633832,0.103331,6.141,6.791,-9.769,-0.0566,-0.0189,0.0225,0.4940,-0.4035,-0.5046,-0.0067128,-0.0086949,-0.0110860,-0.054670,-0.000551,0.022057,0.00000,0.00000,0.000,0.000,0.000,0.000,0.000,-6.0000,0.0000,0.0000,6.0000,95.00,95.00,90.00,90.00,65535,65535,65535,1500,1,15,40.4365063,-86.8936801,159.089,-0.140,0.000,-0.010,3,0.35,0.55,0.12,1
40875,21177,26891,18907,0,0,-0.72305,0.72065,9.99459,-0.109722,0.686030,-0.028762,6.025,7.632,-9.701,-0.0439,-0.0281,0.0264,0.4929,-0.4039,-0.5041,-0.0067128,-0.0086949,-0.0110860,-0.054670,-0.000551,0.022057,0.00000,0.00000,0.000,0.000,0.000,0.000,0.000,-6.0000,0.0000,0.0000,6.0000,95.00,95.00,90.00,90.00,65535,65535,65535,1500,1,15,40.4365063,-86.8936801,159.089,-0.140,0.000,-0.010,3,0.35,0.55,0.12,1
40902,27073,27158,24125,0,0,-1.62327,0.96247,9.15064,-0.071373,0.731837,-0.275903,5.883,8.817,-9.993,-0.0476,-0.0269,0.0130,0.4917,-0.4047,-0.5036,-0.0067128,-0.0086949,-0.0110860,-0.054670,-0.000551,0.022057,0.00000,0.00000,0.000,0.000,0.000,0.000,0.000,-6.0000,0.0000,0.0000,6.0000,95.00,95.00,90.00,90.00,65535,65535,65535,1500,1,15,40.4365063,-86.8936801,159.089,-0.140,0.000,-0.010,3,0.35,0.55,0.12,1
40930,27534,27475,24432,0,0,-2.09253,1.03789,9.76954,-0.028762,0.039415,-0.314253,5.775,8.941,-10.467,-0.0606,-0.0230,0.0183,0.4902,-0.4054,-0.5031,-0.0067128,-0.0086949,-0.0110860,-0.054670,-0.000551,0.022057,0.00000,0.00000,0.000,0.000,0.000,0.000,0.000,-6.0000,0.0000,0.0000,6.0000,95.00,95.00,90.00,90.00,65535,65535,65535,1500,1,15,40.4365063,-86.8936801,159.089,-0.140,0.000,-0.010,3,0.35,0.55,0.12,1
40963,28199,32380,24378,0,0,-1.85790,0.68474,9.45710,-0.210922,0.226901,0.077764,5.463,9.338,-10.336,-0.0349,-0.0226,-0.0050,0.4950,-0.3988,-0.4995,-0.0067093,-0.0087119,-0.0110325,-0.055749,-0.000781,0.022471,0.00000,0.00000,0.000,0.000,0.000,0.000,0.000,-6.0000,0.0000,0.0000,6.0000,95.00,95.00,90.00,90.00,65535,65535,65535,1500,1,15,40.4365064,-86.8936801,159.085,-0.010,-0.020,0.020,3,0.35,0.55,0.11,1
40984,32595,20973,12956,0,0,-1.22104,-0.65481,9.74560,-0.135289,-0.733967,-0.411192,5.090,8.058,-11.215,-0.0382,-0.0723,-0.0086,0.4938,-0.4004,-0.4998,-0.0067093,-0.0087119,-0.0110325,-0.055749,-0.000781,0.022471,0.00000,0.00000,0.000,0.000,0.000,0.000,0.000,-6.0000,0.0000,0.0000,6.0000,95.00,95.00,90.00,90.00,65535,65535,65535,1500,1,15,40.4365064,-86.8936801,159.085,-0.010,-0.020,0.020,3,0.35,0.55,0.11,1
41038,59529,15599,12543,0,0,-1.30125,0.42377,9.93115,-0.340885,0.089482,-0.100135,3.910,8.416,-11.494,-0.0284,-0.0896,0.0023,0.4918,-0.4052,-0.5000,-0.0067093,-0.0087119,-0.0110325,-0.055749,-0.000781,0.022471,0.00000,0.00000,0.000,0.000,0.000,0.000,0.000,-6.0000,0.0000,0.0000,6.0000,95.00,95.00,90.00,90.00,65535,65535,65535,1500,1,15,40.4365064,-86.8936801,159.085,-0.010,-0.020,0.020,3,0.35,0.55,0.11,1
41071,15857,32242,24231,0,0,-1.28928,0.70988,9.69532,-0.231162,0.187487,-0.279099,3.672,8.610,-11.728,-0.0245,-0.0889,0.0018,0.4914,-0.4066,-0.4999,-0.0067093,-0.0087119,-0.0110325,-0.055749,-0.000781,0.022471,0.00000,0.00000,0.000,0.000,0.000,0.000,0.000,-6.0000,0.0000,0.0000,6.0000,95.00,95.00,90.00,90.00,65535,65535,65535,1500,1,15,40.4365064,-86.8936801,159.085,-0.010,-0.020,0.020,3,0.35,0.55,0.11,1
41101,32430,30500,27476,0,0,-1.41018,0.31244,10.23880,-0.074569,0.318514,-0.397344,3.439,9.261,-12.415,-0.0169,-0.1006,0.0178,0.4907,-0.4097,-0.4996,-0.0067093,-0.0087119,-0.0110325,-0.055749,-0.000781,0.022471,0.00000,0.00000,0.000,0.000,0.000,0.000,0.000,-6.0000,0.0000,0.0000,6.0000,95.00,95.00,90.00,90.00,65535,65535,65535,1500,1,15,40.4365064,-86.8936801,159.085,-0.010,-0.020,0.020,3,0.35,0.55,0.11,1
41129,30687,27327,24317,0,0,-1.89621,-0.04549,10.11071,-0.247141,0.365386,-0.394148,2.908,9.955,-13.060,-0.0229,-0.1167,0.0311,0.4901,-0.4130,-0.4989,-0.0067093,-0.0087119,-0.0110325,-0.055749,-0.000781,0.022471,0.00000,0.00000,0.000,0.000,0.000,0.000,0.000,-6.0000,0.0000,0.0000,6.0000,95.00,95.00,90.00,90.00,65535,65535,65535,1500,1,15,40.4365064,-86.8936801,159.085,-0.010,-0.020,0.020,3,0.35,0.55,0.11,1
41161,27514,31714,23642,0,0,-2.08296,0.17597,9.12789,-0.087352,-0.152333,-0.223706,2.721,9.745,-13.412,-0.0367,-0.1206,0.0176,0.4893,-0.4163,-0.4982,-0.0067093,-0.0087119,-0.0110325,-0.055749,-0.000781,0.022471,0.00000,0.00000,0.000,0.000,0.000,0.000,0.000,-6.0000,0.0000,0.0000,6.0000,95.00,95.00,90.00,90.00,65535,65535,65535,1500,1,15,40.4365064,-86.8936801,159.085,-0.010,-0.020,0.020,3,0.35,0.55,0.11,1
41195,32578,33311,30268,0,0,-1.36589,0.35195,9.41759,-0.092678,-0.393083,-0.089482,2.483,9.020,-13.656,-0.0544,-0.0621,0.0038,0.4810,-0.3991,-0.4904,-0.0066673,-0.0086917,-0.0110432,-0.051955,-0.001659,0.022787,0.00000,0.00000,0.000,0.000,0.000,0.000,0.000,-6.0000,0.0000,0.0000,6.0000,95.00,95.00,90.00,90.00,65535,65535,65535,1500,1,15,40.4365062,-86.8936801,159.130,-0.070,-0.020,0.000,3,0.35,0.55,0.12,1
41233,53545,18181,15192,0,0,-1.36350,0.42497,9.48702,-0.060720,-0.070307,-0.113983,2.335,8.693,-13.660,-0.0483,-0.0626,-0.0096,0.4782,-0.4024,-0.4905,-0.0066918,-0.0086314,-0.0111249,-0.062978,-0.003079,0.022766,0.00000,0.00000,0.000,0.000,0.000,0.000,0.000,-6.0000,0.0000,0.0000,6.0000,95.00,95.00,90.00,90.00,65535,65535,65535,1500,1,15,40.4365062,-86.8936801,159.130,-0.070,-0.020,0.000,3,0.35,0.55,0.12,1
41261,18464,26982,18961,0,0,-2.05901,0.66559,9.18296,-0.102265,0.509196,-0.042611,2.232,9.242,-13.672,-0.0559,-0.0549,-0.0174,0.4772,-0.4034,-0.4907,-0.0066918,-0.0086314,-0.0111249,-0.062978,-0.003079,0.022766,0.00000,0.00000,0.000,0.000,0.000,0.000,0.000,-6.0000,0.0000,0.0000,6.0000,95.00,95.00,90.00,90.00,65535,65535,65535,1500,1,15,40.4365062,-86.8936801,159.130,-0.070,-0.020,0.000,3,0.35,0.55,0.12,1
41287,27170,26150,23131,0,0,-2.31160,0.41899,8.92918,-0.019175,0.688161,0.079895,2.245,10.320,-13.485,-0.0716,-0.0490,-0.0346,0.4755,-0.4049,-0.4914,-0.0066918,-0.0086314,-0.0111249,-0.062978,-0.003079,0.022766,0.00000,0.00000,0.000,0.000,0.000,0.000,0.000,-6.0000,0.0000,0.0000,6.0000,95.00,95.00,90.00,90.00,65535,65535,65535,1500,1,15,40.4365062,-86.8936801,159.130,-0.070,-0.020,0.000,3,0.35,0.55,0.12,1
41308,26337,21324,18311,0,0,-2.37984,0.90860,9.53251,0.017044,0.338754,0.250337,2.358,10.828,-13.063,-0.0810,-0.0328,-0.0347,0.4735,-0.4059,-0.4923,-0.0066918,-0.0086314,-0.0111249,-0.062978,-0.003079,0.022766,0.00000,0.00000,0.000,0.000,0.000,0.000,0.000,-6.0000,0.0000,0.0000,6.0000,95.00,95.00,90.00,90.00,65535,65535,65535,1500,1,15,40.4365062,-86.8936801,159.130,-0.070,-0.020,0.000,3,0.35,0.55,0.12,1
41356,22034,46635,38598,0,0,-2.74854,-0.64284,10.05684,-0.211988,-0.441019,0.513457,2.187,10.294,-12.496,-0.0681,-0.0259,-0.0133,0.4782,-0.3950,-0.4824,-0.0066731,-0.0086483,-0.0110674,-0.062797,-0.003714,0.022460,0.00000,0.00000,0.000,0.000,0.000,0.000,0.000,-6.0000,0.0000,0.0000,6.0000,95.00,95.00,90.00,90.00,65535,65535,65535,1500,1,15,40.4365062,-86.8936800,159.135,-0.036,-0.005,0.005,3,0.35,0.55,0.15,1
41385,47091,28756,25730,0,0,-1.31083,-0.74460,10.39203,0.003196,-0.238619,-0.339819,2.053,9.706,-13.419,-0.0568,-0.0824,0.0146,0.4752,-0.3976,-0.4823,-0.0066731,-0.0086483,-0.0110674,-0.062797,-0.003714,0.022460,0.00000,0.00000,0.000,0.000,0.000,0.000,0.000,-6.0000,0.0000,0.0000,6.0000,95.00,95.00,90.00,90.00,65535,65535,65535,1500,1,15,40.4365062,-86.8936800,159.135,-0.040,-0.010,0.010,3,0.35,0.55,0.14,1
41413,28936,27552,24532,0,0,-1.98120,-0.46687,9.42118,-0.216249,-0.319579,-0.063916,1.688,9.194,-13.525,-0.0729,-0.1005,0.0077,0.4734,-0.4002,-0.4820,-0.0066731,-0.0086483,-0.0110674,-0.062797,-0.003714,0.022460,0.00000,0.00000,0.000,0.000,0.000,0.000,0.000,-6.0000,0.0000,0.0000,6.0000,95.00,95.00,90.00,90.00,65535,65535,65535,1500,1,15,40.4365062,-86.8936800,159.135,-0.040,-0.010,0.010,3,0.35,0.55,0.14,1
41455,53069,16525,13466,0,0,-1.49638,-0.25259,9.62230,-0.182160,-0.095874,-0.420779,0.955,8.958,-14.792,-0.0744,-0.1226,0.0020,0.4695,-0.4061,-0.4818,-0.0066731,-0.0086483,-0.0110674,-0.062797,-0.003714,0.022460,0.00000,0.00000,0.000,0.000,0.000,0.000,0.000,-6.0000,0.0000,0.0000,6.0000,95.00,95.00,90.00,90.00,65535,65535,65535,1500,1,15,40.4365062,-86.8936800,159.135,-0.040,-0.010,0.010,3,0.35,0.55,0.14,1
41476,16782,20967,12987,0,0,-1.71664,-0.49799,9.41161,-0.104396,-0.079895,-0.540089,0.781,8.897,-15.308,-0.0802,-0.1318,-0.0027,0.4682,-0.4083,-0.4818,-0.0066731,-0.0086483,-0.0110674,-0.062797,-0.003714,0.022460,0.00000,0.00000,0.000,0.000,0.000,0.000,0.000,-6.0000,0.0000,0.0000,6.0000,95.00,95.00,90.00,90.00,65535,65535,65535,1500,1,15,40.4365062,-86.8936800,159.135,-0.040,-0.010,0.010,3,0.35,0.55,0.14,1
41503,21149,27232,19175,0,0,-1.79206,-0.25019,9.72525,0.077764,-0.059655,-0.838363,0.726,8.848,-16.323,-0.0868,-0.1380,-0.0018,0.4664,-0.4111,-0.4818,-0.0066731,-0.0086483,-0.0110674,-0.062797,-0.003714,0.022460,0.00000,0.00000,0.000,0.000,0.000,0.000,0.000,-6.0000,0.0000,0.0000,6.0000,95.00,95.00,90.00,90.00,65535,65535,65535,1500,1,15,40.4365062,-86.8936800,159.135,-0.040,-0.010,0.010,3,0.35,0.55,0.14,1
41531,27616,27275,24205,0,0,-1.58376,0.78530,9.23204,0.270577,0.635963,-0.793622,0.963,9.886,-17.563,-0.0792,-0.1221,-0.0145,0.4641,-0.4147,-0.4820,-0.0066731,-0.0086483,-0.0110674,-0.062797,-0.003714,0.022460,0.00000,0.00000,0.000,0.000,0.000,0.000,0.000,-6.0000,0.0000,0.0000,6.0000,95.00,95.00,90.00,90.00,65535,65535,65535,1500,1,15,40.4365062,-86.8936800,159.135,-0.040,-0.010,0.010,3,0.35,0.55,0.14,1
41565,28011,32956,24967,0,0,-2.75333,-0.48483,9.78630,-0.219444,-1.064199,-0.002131,0.552,8.242,-17.703,-0.0674,-0.0761,0.0141,0.4714,-0.4001,-0.4681,-0.0066297,-0.0086739,-0.0109892,-0.061664,-0.004825,0.021837,0.00000,0.00000,0.000,0.000,0.000,0.000,0.000,-6.0000,0.0000,0.0000,6.0000,95.00,95.00,90.00,90.00,65535,65535,65535,1500,1,15,40.4365061,-86.8936800,159.185,-0.030,-0.040,-0.030,3,0.36,0.56,0.18,1
41591,33174,26405,18367,0,0,-0.53989,0.01915,10.66258,-0.510262,-1.437042,0.392017,-0.314,5.526,-16.937,-0.0492,-0.0787,0.0416,0.4695,-0.4027,-0.4672,-0.0066297,-0.0086739,-0.0109892,-0.061664,-0.004825,0.021837,0.00000,0.00000,0.000,0.000,0.000,0.000,0.000,-6.0000,0.0000,0.0000,6.0000,95.00,95.00,90.00,90.00,65535,65535,65535,1500,1,15,40.4365061,-86.8936800,159.185,-0.030,-0.040,-0.030,3,0.36,0.56,0.18,1
41613,26604,20894,17867,0,0,0.27414,0.81642,10.20409,-0.128897,0.537959,-0.470847,-0.574,6.353,-17.648,-0.0048,-0.0671,0.0488,0.4688,-0.4046,-0.4660,-0.0066297,-0.0086739,-0.0109892,-0.061664,-0.004825,0.021837,0.00000,0.00000,0.000,0.000,0.000,0.000,0.000,-6.0000,0.0000,0.0000,6.0000,95.00,95.00,90.00,90.00,65535,65535,65535,1500,1,15,40.4365061,-86.8936800,159.185,-0.030,-0.040,-0.030,3,0.36,0.56,0.18,1
41643,21074,30585,22536,0,0,-2.79643,0.55905,7.77996,-0.194943,0.550742,0.159790,-0.778,7.031,-17.449,-0.0360,-0.0425,0.0112,0.4683,-0.4058,-0.4654,-0.0066297,-0.0086739,-0.0109892,-0.061664,-0.004825,0.021837,0.00000,0.00000,0.000,0.000,0.000,0.000,0.000,-6.0000,0.0000,0.0000,6.0000,95.00,95.00,90.00,90.00,65535,65535,65535,1500,1,15,40.4365061,-86.8936800,159.185,-0.030,-0.040,-0.030,3,0.36,0.56,0.18,1
41698,65815,19333,16289,0,0,-1.73699,-0.94930,9.84256,-0.403735,-0.028762,0.319579,-2.122,6.987,-16.191,-0.0761,-0.0706,0.0226,0.4646,-0.4095,-0.4643,-0.0066297,-0.0086739,-0.0109892,-0.061664,-0.004825,0.021837,0.00000,0.00000,0.000,0.000,0.000,0.000,0.000,-6.0000,0.0000,0.0000,6.0000,95.00,95.00,90.00,90.00,65535,65535,65535,1500,1,15,40.4365061,-86.8936800,159.185,-0.030,-0.040,-0.030,3,0.36,0.56,0.18,1
41734,19894,35432,27529,0,0,-1.41258,-1.07380,9.83778,-0.356864,0.239684,0.553937,-2.442,7.296,-15.554,-0.0812,-0.0826,0.0254,0.4631,-0.4110,-0.4638,-0.0066297,-0.0086739,-0.0109892,-0.061664,-0.004825,0.021837,0.00000,0.00000,0.000,0.000,0.000,0.000,0.000,-6.0000,0.0000,0.0000,6.0000,95.00,95.00,90.00,90.00,65535,65535,65535,1500,1,15,40.4365061,-86.8936800,159.185,-0.030,-0.040,-0.030,3,0.36,0.56,0.18,1
41773,36089,38438,35428,0,0,-1.55623,-0.63686,9.95270,-0.672182,-0.015979,0.890561,-3.635,7.405,-13.772,-0.0666,-0.0340,0.0215,0.4633,-0.3966,-0.4571,-0.0065885,-0.0086816,-0.0109438,-0.060000,-0.005646,0.022144,0.00000,0.00000,0.000,0.000,0.000,0.000,0.000,-6.0000,0.0000,0.0000,6.0000,95.00,95.00,90.00,90.00,65535,65535,65535,1500,1,15,40.4365060,-86.8936799,159.187,-0.050,0.000,-0.010,3,0.36,0.57,0.16,1
41795,38631,21870,17927,0,0,0.02035,-1.07859,9.68814,-0.139550,0.418649,-0.357929,-4.044,8.298,-14.610,-0.0150,-0.0630,0.0137,0.4618,-0.3984,-0.4564,-0.0065885,-0.0086816,-0.0109438,-0.060000,-0.005646,0.022144,0.00000,0.00000,0.000,0.000,0.000,0.000,0.000,-6.0000,0.0000,0.0000,6.0000,95.00,95.00,90.00,90.00,65535,65535,65535,1500,1,15,40.4365060,-86.8936799,159.187,-0.050,0.000,-0.010,3,0.36,0.57,0.16,1
41822,22065,27100,24079,0,0,-1.49039,-1.49398,9.99340,0.197074,0.096939,-0.713727,-3.917,8.369,-15.515,-0.0187,-0.0803,0.0213,0.4614,-0.4000,-0.4560,-0.0065885,-0.0086816,-0.0109438,-0.060000,-0.005646,0.022144,0.00000,0.00000,0.000,0.000,0.000,0.000,0.000,-6.0000,0.0000,0.0000,6.0000,95.00,95.00,90.00,90.00,65535,65535,65535,1500,1,15,40.4365060,-86.8936799,159.187,-0.050,0.000,-0.010,3,0.36,0.57,0.16,1
41849,27306,26771,23773,0,0,-1.87945,-1.96923,10.54167,0.449542,0.320645,-1.223989,-3.494,8.761,-17.464,-0.0342,-0.1132,0.0477,0.4607,-0.4027,-0.4551,-0.0065885,-0.0086816,-0.0109438,-0.060000,-0.005646,0.022144,0.00000,0.00000,0.000,0.000,0.000,0.000,0.000,-6.0000,0.0000,0.0000,6.0000,95.00,95.00,90.00,90.00,65535,65535,65535,1500,1,15,40.4365060,-86.8936799,159.187,-0.050,0.000,-0.010,3,0.36,0.57,0.16,1
41886,46667,16425,12514,0,0,-1.56581,-0.91459,8.81904,-0.008522,-0.586961,-0.429302,-3.642,7.148,-18.494,-0.0568,-0.1228,0.0080,0.4585,-0.4082,-0.4538,-0.0065885,-0.0086816,-0.0109438,-0.060000,-0.005646,0.022144,0.00000,0.00000,0.000,0.000,0.000,0.000,0.000,-6.0000,0.0000,0.0000,6.0000,95.00,95.00,90.00,90.00,65535,65535,65535,1500,1,15,40.4365060,-86.8936799,159.187,-0.050,0.000,-0.010,3,0.36,0.57,0.16,1
41913,16684,26770,18743,0,0,-1.47363,-0.70749,9.31344,-0.256729,-0.502805,0.011718,-3.875,6.678,-18.441,-0.0623,-0.1222,0.0015,0.4576,-0.4102,-0.4537,-0.0065885,-0.0086816,-0.0109438,-0.060000,-0.005646,0.022144,0.00000,0.00000,0.000,0.000,0.000,0.000,0.000,-6.0000,0.0000,0.0000,6.0000,95.00,95.00,90.00,90.00,65535,65535,65535,1500,1,15,40.4365060,-86.8936799,159.187,-0.050,0.000,-0.010,3,0.36,0.57,0.16,1
41940,27648,26979,23941,0,0,-1.19950,-0.88705,10.30225,-0.119310,-0.242880,0.037284,-4.184,6.428,-18.495,0.0605,-0.0389,0.0140,0.4825,-0.3872,-0.4451,-0.0064936,-0.0087693,-0.0107982,-0.062085,-0.008015,0.021878,0.00000,0.00000,0.000,0.000,0.000,0.000,0.000,-6.0000,0.0000,0.0000,6.0000,95.00,95.00,90.00,90.00,65535,65535,65535,1500,1,15,40.4365063,-86.8936797,159.214,0.160,0.030,-0.010,3,0.36,0.57,0.15,1
41979,27177,38083,30177,0,0,-1.17914,-0.62249,10.22324,0.071373,0.156594,0.011718,-3.965,6.659,-18.416,0.0624,-0.0391,0.0268,0.4843,-0.3881,-0.4446,-0.0065685,-0.0087462,-0.0108108,-0.064422,-0.008699,0.021887,0.00000,0.00000,0.000,0.000,0.000,0.000,0.000,-6.0000,0.0000,0.0000,6.0000,95.00,95.00,90.00,90.00,65535,65535,65535,1500,1,15,40.4365063,-86.8936797,159.214,0.160,0.030,-0.010,3,0.36,0.57,0.15,1
42007,38282,28243,20294,0,0,-1.95127,-0.43335,9.52054,-0.141680,0.287621,0.711597,-4.072,7.419,-16.869,0.0416,-0.0227,0.0215,0.4863,-0.3893,-0.4436,-0.0065685,-0.0087462,-0.0108108,-0.064422,-0.008699,0.021887,0.00000,0.00000,0.000,0.000,0.000,0.000,0.000,-6.0000,0.0000,0.0000,6.0000,95.00,95.00,90.00,90.00,65535,65535,65535,1500,1,15,40.4365063,-86.8936797,159.214,0.160,0.030,-0.010,3,0.36,0.57,0.15,1
42040,28407,32337,24471,0,0,-0.98521,-1.16358,9.47505,-0.259925,0.247141,0.630637,-4.349,7.911,-15.850,0.0491,-0.0377,0.0142,0.4875,-0.3901,-0.4431,-0.0065685,-0.0087462,-0.0108108,-0.064422,-0.008699,0.021887,0.00000,0.00000,0.000,0.000,0.000,0.000,0.000,-6.0000,0.0000,0.0000,6.0000,95.00,95.00,90.00,90.00,65535,65535,65535,1500,1,15,40.4365063,-86.8936797,159.214,0.160,0.030,-0.010,3,0.36,0.57,0.15,1
42069,32507,29340,26363,0,0,-1.42934,-2.52469,10.10233,-0.125701,0.037284,-0.045806,-5.807,7.860,-14.964,0.0516,-0.0433,0.0329,0.4891,-0.3899,-0.4424,-0.0054227,-0.0089728,-0.0111521,-0.088276,-0.006326,0.021399,0.00000,0.00000,0.000,0.000,0.000,0.000,0.000,-6.0000,0.0000,0.0000,6.0000,95.00,95.00,90.00,90.00,65535,65535,65535,1500,1,15,40.4365063,-86.8936797,159.214,0.160,0.030,-0.010,3,0.36,0.57,0.15,1
42105,49173,15586,12512,0,0,-1.56820,-1.43293,9.83299,-0.461259,-0.027697,0.117179,-7.041,7.848,-14.595,0.0436,-0.0521,0.0434,0.4915,-0.3922,-0.4405,-0.0054227,-0.0089728,-0.0111521,-0.088276,-0.006326,0.021399,0.00000,0.00000,0.000,0.000,0.000,0.000,0.000,-6.0000,0.0000,0.0000,6.0000,95.00,95.00,90.00,90.00,65535,65535,65535,1500,1,15,40.4365063,-86.8936797,159.214,0.160,0.030,-0.010,3,0.36,0.57,0.15,1
42135,15840,29921,21987,0,0,-1.24259,-0.31484,9.49301,-0.183225,-0.139550,-0.127832,-6.560,7.703,-14.921,0.0381,-0.0700,0.0377,0.4914,-0.3957,-0.4399,-0.0060091,-0.0088477,-0.0110510,-0.083693,-0.008421,0.021596,0.00000,0.00000,0.000,0.000,0.000,0.000,0.000,-6.0000,0.0000,0.0000,6.0000,95.00,95.00,90.00,90.00,65535,65535,65535,1500,1,15,40.4365063,-86.8936797,159.214,0.160,0.030,-0.010,3,0.36,0.57,0.15,1
42163,30409,27390,19368,0,0,-1.18633,-1.37307,9.77792,0.027697,-0.138484,-0.449542,-6.598,7.391,-15.661,0.0413,-0.0783,0.0408,0.4926,-0.3980,-0.4387,-0.0060091,-0.0088477,-0.0110510,-0.083693,-0.008421,0.021596,0.00000,0.00000,0.000,0.000,0.000,0.000,0.000,-6.0000,0.0000,0.0000,6.0000,95.00,95.00,90.00,90.00,65535,65535,65535,1500,1,15,40.4365063,-86.8936797,159.214,0.160,0.030,-0.010,3,0.36,0.57,0.15,1
42196,28023,32892,29872,0,0,-1.20069,-0.87747,9.70490,0.151268,-0.009587,-0.535828,-6.451,7.241,-16.606,-0.0416,-0.0642,0.0176,0.4708,-0.3913,-0.4340,-0.0060107,-0.0087776,-0.0110937,-0.075550,-0.007315,0.022445,0.00000,0.00000,0.000,0.000,0.000,0.000,0.000,-6.0000,0.0000,0.0000,6.0000,95.00,95.00,90.00,90.00,65535,65535,65535,1500,1,15,40.4365061,-86.8936798,159.234,-0.100,-0.060,0.000,3,0.36,0.58,0.13,1
42223,33104,26230,18183,0,0,-1.34315,-0.18435,9.20810,0.066046,0.045806,-0.425041,-6.415,7.256,-17.404,-0.0364,-0.0363,-0.0014,0.4695,-0.3930,-0.4337,-0.0060107,-0.0087776,-0.0110937,-0.075550,-0.007315,0.022445,0.00000,0.00000,0.000,0.000,0.000,0.000,0.000,-6.0000,0.0000,0.0000,6.0000,95.00,95.00,90.00,90.00,65535,65535,65535,1500,1,15,40.4365061,-86.8936798,159.234,-0.100,-0.060,0.000,3,0.36,0.58,0.13,1
42244,26423,20954,12956,0,0,-1.18034,-0.60693,9.14824,0.220510,-0.236489,-0.452737,-6.149,6.840,-18.036,-0.0335,-0.0267,-0.0173,0.4686,-0.3938,-0.4340,-0.0060107,-0.0087776,-0.0110937,-0.075550,-0.007315,0.022445,0.00000,0.00000,0.000,0.000,0.000,0.000,0.000,-6.0000,0.0000,0.0000,6.0000,95.00,95.00,90.00,90.00,65535,65535,65535,1500,1,15,40.4365061,-86.8936798,159.234,-0.100,-0.060,0.000,3,0.36,0.58,0.13,1
42280,21130,35567,22515,0,0,-1.35871,-1.22583,9.24162,0.290817,-0.226901,-0.458064,-5.850,6.521,-18.550,-0.0397,-0.0307,-0.0263,0.4678,-0.3944,-0.4345,-0.0060107,-0.0087776,-0.0110937,-0.075550,-0.007315,0.022445,0.00000,0.00000,0.000,0.000,0.000,0.000,0.000,-6.0000,0.0000,0.0000,6.0000,95.00,95.00,90.00,90.00,65535,65535,65535,1500,1,15,40.4365061,-86.8936798,159.234,-0.100,-0.060,0.000,3,0.36,0.58,0.13,1
42336,53703,38754,30651,0,0,-1.24020,-0.96965,9.81144,0.083091,-0.325971,-0.266316,-5.668,5.489,-19.246,-0.0213,-0.0095,-0.0124,0.4704,-0.3856,-0.4242,-0.0059960,-0.0087946,-0.0110680,-0.076932,-0.007929,0.022126,0.00000,0.00000,0.000,0.000,0.000,0.000,0.000,-6.0000,0.0000,0.0000,6.0000,95.00,95.00,90.00,90.00,65535,65535,65535,1500,1,15,40.4365061,-86.8936798,159.251,0.006,0.005,0.005,3,0.36,0.58,0.13,1
42368,39331,30550,27492,0,0,-0.87149,-2.10450,10.74039,-0.077764,-0.276969,-0.321710,-5.887,4.817,-19.884,-0.0300,-0.0476,0.0308,0.4694,-0.3868,-0.4239,-0.0059960,-0.0087946,-0.0110680,-0.076932,-0.007929,0.022126,0.00000,0.00000,0.000,0.000,0.000,0.000,0.000,-6.0000,0.0000,0.0000,6.0000,95.00,95.00,90.00,90.00,65535,65535,65535,1500,1,15,40.4365061,-86.8936798,159.251,0.010,0.010,0.000,3,0.36,0.58,0.13,1
42396,30735,28685,25671,0,0,-1.22942,-0.50518,9.10635,-0.201335,-0.161920,-0.103331,-6.242,4.531,-20.017,-0.0373,-0.0288,0.0106,0.4684,-0.3879,-0.4232,-0.0059960,-0.0087946,-0.0110680,-0.076932,-0.007929,0.022126,0.00000,0.00000,0.000,0.000,0.000,0.000,0.000,-6.0000,0.0000,0.0000,6.0000,95.00,95.00,90.00,90.00,65535,65535,65535,1500,1,15,40.4365061,-86.8936798,159.251,0.010,0.010,0.000,3,0.36,0.58,0.13,1
42423,28885,26216,18174,0,0,-0.70270,-0.43096,9.72644,0.264186,0.144876,-0.380299,-5.847,4.720,-20.654,-0.0268,-0.0152,0.0079,0.4675,-0.3886,-0.4230,-0.0059960,-0.0087946,-0.0110680,-0.076932,-0.007929,0.022126,0.00000,0.00000,0.000,0.000,0.000,0.000,0.000,-6.0000,0.0000,0.0000,6.0000,95.00,95.00,90.00,90.00,65535,65535,65535,1500,1,15,40.4365061,-86.8936798,159.251,0.010,0.010,0.000,3,0.36,0.58,0.13,1
42449,26400,25886,17904,0,0,-0.66439,-1.15879,9.80665,0.208792,0.637028,-0.328101,-5.574,5.644,-21.231,-0.0192,-0.0237,0.0093,0.4669,-0.3891,-0.4228,-0.0059960,-0.0087946,-0.0110680,-0.076932,-0.007929,0.022126,0.00000,0.00000,0.000,0.000,0.000,0.000,0.000,-6.0000,0.0000,0.0000,6.0000,95.00,95.00,90.00,90.00,65535,65535,65535,1500,1,15,40.4365061,-86.8936798,159.251,0.010,0.010,0.000,3,0.36,0.58,0.13,1
42481,26053,31856,23896,0,0,-1.23900,-1.99437,9.82940,0.096939,0.567786,0.127832,-5.407,6.521,-21.106,-0.0297,-0.0491,0.0149,0.4662,-0.3900,-0.4224,-0.0059960,-0.0087946,-0.0110680,-0.076932,-0.007929,0.022126,0.00000,0.00000,0.000,0.000,0.000,0.000,0.000,-6.0000,0.0000,0.0000,6.0000,95.00,95.00,90.00,90.00,65535,65535,65535,1500,1,15,40.4365061,-86.8936798,159.251,0.010,0.010,0.000,3,0.36,0.58,0.13,1
42525,54392,21644,18581,0,0,-1.24379,-2.25534,10.46506,-0.145941,-0.250337,0.045806,-5.866,5.875,-20.742,0.0713,-0.0806,0.0286,0.4915,-0.3821,-0.4184,-0.0059591,-0.0089041,-0.0110019,-0.087421,-0.010467,0.022595,0.00000,0.00000,0.000,0.000,0.000,0.000,0.000,-6.0000,0.0000,0.0000,6.0000,95.00,95.00,90.00,90.00,65535,65535,65535,1500,1,15,40.4365065,-86.8936799,159.271,0.170,-0.060,0.000,3,0.37,0.59,0.16,1
42552,21900,26966,19029,0,0,-0.41539,-1.42455,9.87010,-0.253533,-0.255663,-0.049002,-6.178,5.562,-20.757,0.0816,-0.0926,0.0313,0.4931,-0.3840,-0.4178,-0.0059591,-0.0089041,-0.0110019,-0.087421,-0.010467,0.022595,0.00000,0.00000,0.000,0.000,0.000,0.000,0.000,-6.0000,0.0000,0.0000,6.0000,95.00,95.00,90.00,90.00,65535,65535,65535,1500,1,15,40.4365065,-86.8936799,159.271,0.170,-0.060,0.000,3,0.37,0.59,0.16,1
42573,27163,20885,17870,0,0,-1.00437,-0.83199,8.80468,-0.092678,-0.124636,-0.307861,-6.355,5.333,-21.198,0.0808,-0.0878,0.0057,0.4953,-0.3864,-0.4173,-0.0059591,-0.0089041,-0.0110019,-0.087421,-0.010467,0.022595,0.00000,0.00000,0.000,0.000,0.000,0.000,0.000,-6.0000,0.0000,0.0000,6.0000,95.00,95.00,90.00,90.00,65535,65535,65535,1500,1,15,40.4365065,-86.8936799,159.271,0.170,-0.060,0.000,3,0.37,0.59,0.16,1
42604,21066,30557,27537,0,0,-1.36829,-0.67157,8.88129,0.140615,-0.100135,-0.486826,-6.229,5.160,-21.760,0.0738,-0.0781,-0.0121,0.4970,-0.3882,-0.4174,-0.0059591,-0.0089041,-0.0110019,-0.087421,-0.010467,0.022595,0.00000,0.00000,0.000,0.000,0.000,0.000,0.000,-6.0000,0.0000,0.0000,6.0000,95.00,95.00,90.00,90.00,65535,65535,65535,1500,1,15,40.4365065,-86.8936799,159.271,0.170,-0.060,0.000,3,0.37,0.59,0.16,1
42640,30738,35539,27704,0,0,-0.58778,-0.47405,9.57561,-0.042611,-0.033023,0.112918,-5.709,4.869,-20.839,0.0790,-0.0828,-0.0208,0.4989,-0.3906,-0.4177,-0.0063600,-0.0087404,-0.0111685,-0.110728,-0.015766,0.022373,0.00000,0.00000,0.000,0.000,0.000,0.000,0.000,-6.0000,0.0000,0.0000,6.0000,95.00,95.00,90.00,90.00,65535,65535,65535,1500,1,15,40.4365065,-86.8936799,159.271,0.170,-0.060,0.000,3,0.37,0.59,0.16,1
42667,35701,27320,24303,0,0,-1.01155,-0.75776,9.69412,0.197074,0.285491,-0.053263,-5.306,5.460,-20.983,0.0819,-0.0779,-0.0232,0.5018,-0.3935,-0.4185,-0.0063600,-0.0087404,-0.0111685,-0.110728,-0.015766,0.022373,0.00000,0.00000,0.000,0.000,0.000,0.000,0.000,-6.0000,0.0000,0.0000,6.0000,95.00,95.00,90.00,90.00,65535,65535,65535,1500,1,15,40.4365065,-86.8936799,159.271,0.170,-0.060,0.000,3,0.37,0.59,0.16,1
42695,27517,27168,19270,0,0,-1.12408,-1.03190,10.03649,0.068177,0.431432,-0.119310,-5.212,6.135,-21.218,0.0826,-0.0812,-0.0147,0.5041,-0.3956,-0.4190,-0.0063600,-0.0087404,-0.0111685,-0.110728,-0.015766,0.022373,0.00000,0.00000,0.000,0.000,0.000,0.000,0.000,-6.0000,0.0000,0.0000,6.0000,95.00,95.00,90.00,90.00,65535,65535,65535,1500,1,15,40.4365065,-86.8936799,159.271,0.170,-0.060,0.000,3,0.37,0.59,0.16,1
42742,53225,21557,18487,0,0,-1.73819,-0.98521,9.18895,-0.088417,-0.216249,-0.189617,-5.533,5.402,-21.843,-0.0225,-0.0345,-0.0110,0.4901,-0.3856,-0.4031,-0.0063420,-0.0086674,-0.0111822,-0.102437,-0.014964,0.021794,0.00000,0.00000,0.000,0.000,0.000,0.000,0.000,-6.0000,0.0000,0.0000,6.0000,95.00,95.00,90.00,90.00,65535,65535,65535,1500,1,15,40.4365062,-86.8936800,159.316,-0.070,-0.010,-0.010,3,0.37,0.59,0.16,1
42770,21810,27499,19472,0,0,-0.96965,-1.98599,10.17057,-0.234358,-0.231162,-0.014914,-5.816,5.125,-21.820,-0.0289,-0.0539,0.0005,0.4896,-0.3866,-0.4033,-0.0063420,-0.0086674,-0.0111822,-0.102437,-0.014964,0.021794,0.00000,0.00000,0.000,0.000,0.000,0.000,0.000,-6.0000,0.0000,0.0000,6.0000,95.00,95.00,90.00,90.00,65535,65535,65535,1500,1,15,40.4365062,-86.8936800,159.316,-0.070,-0.010,-0.010,3,0.37,0.59,0.16,1
42800,27690,29409,26407,0,0,-0.92177,-2.11049,10.34894,-0.161920,-0.126766,0.132093,-6.790,4.974,-21.710,-0.0291,-0.0588,0.0212,0.4887,-0.3886,-0.4031,-0.0057061,-0.0087500,-0.0111635,-0.096224,-0.010482,0.021890,0.00000,0.00000,0.000,0.000,0.000,0.000,0.000,-6.0000,0.0000,0.0000,6.0000,95.00,95.00,90.00,90.00,65535,65535,65535,1500,1,15,40.4365062,-86.8936800,159.316,-0.070,-0.010,-0.010,3,0.37,0.59,0.16,1
42829,29610,29353,21443,0,0,-1.48201,-1.00078,9.56723,0.042611,0.077764,0.061785,-6.702,5.574,-22.494,-0.0338,-0.0528,0.0183,0.4880,-0.3906,-0.4027,-0.0058257,-0.0089505,-0.0109538,-0.067942,-0.007341,0.022223,0.00000,0.00000,0.000,0.000,0.000,0.000,0.000,-6.0000,0.0000,0.0000,6.0000,95.00,95.00,90.00,90.00,65535,65535,65535,1500,1,15,40.4365062,-86.8936800,159.316,-0.070,-0.010,-0.010,3,0.37,0.59,0.16,1
42858,29552,28716,20721,0,0,-1.11450,-1.27850,10.20289,0.043676,0.040480,-0.020240,-6.690,5.713,-22.637,-0.0335,-0.0528,0.0335,0.4871,-0.3921,-0.4019,-0.0057819,-0.0089852,-0.0109283,-0.063980,-0.006570,0.022273,0.00000,0.00000,0.000,0.000,0.000,0.000,0.000,-6.0000,0.0000,0.0000,6.0000,95.00,95.00,90.00,90.00,65535,65535,65535,1500,1,15,40.4365062,-86.8936800,159.316,-0.070,-0.010,-0.010,3,0.37,0.59,0.16,1
42882,28910,23394,20387,0,0,-1.01634,-0.73143,10.01255,-0.040480,0.210922,-0.057524,-6.494,6.037,-22.712,-0.0303,-0.0523,0.0403,0.4859,-0.3942,-0.4008,-0.0060045,-0.0089363,-0.0109258,-0.066499,-0.008080,0.022225,0.00000,0.00000,0.000,0.000,0.000,0.000,0.000,-6.0000,0.0000,0.0000,6.0000,95.00,95.00,90.00,90.00,65535,65535,65535,1500,1,15,40.4365062,-86.8936800,159.316,-0.070,-0.010,-0.010,3,0.37,0.59,0.16,1
