ms,ax_g,ay_g,az_g,a_norm_g,gx_dps,gy_dps,gz_dps,roll_acc_deg,pitch_acc_deg,roll_cf_deg,pitch_cf_deg,p_filt_dps,q_filt_dps,u_roll_deg,u_pitch_deg,left_cmd_deg,right_cmd_deg,left_servo_deg,right_servo_deg,left_pwm,right_pwm
14,0.242310,-0.021240,0.977905,1.007702,0.183105,-0.549316,-0.305176,-1.244,-13.914,-1.232,-13.556,-0.009,-0.172,-1.205,14.776,7.464,8.789,92.60,97.40,1529,1582
73,0.130005,-0.005859,1.063354,1.071288,-17.883301,-150.329590,-0.915527,-0.316,-6.970,-1.232,-14.099,-2.220,-52.611,-1.329,18.471,15.934,18.386,79.07,111.80,1379,1742
123,0.396729,-0.064087,0.942505,1.024605,7.507324,-192.810059,3.234863,-3.890,-22.780,-1.410,-19.571,-1.768,-139.084,-2.078,30.000,26.175,28.515,68.82,123.52,1265,1872
173,0.640869,0.003784,0.744141,0.982076,-12.145996,-158.569336,0.305176,0.291,-40.735,-1.611,-28.453,-1.243,-165.133,-0.504,30.000,28.792,29.973,66.21,124.97,1236,1889
215,0.642944,-0.041504,0.778564,1.010575,-10.314941,-36.254883,-1.586914,-3.051,-39.510,-2.035,-33.970,-1.755,-88.868,-2.790,30.000,26.894,29.999,68.11,125.00,1257,1889
273,0.590210,-0.032471,0.910645,1.085668,-0.305176,-4.516602,-1.037598,-2.042,-32.932,-2.221,-36.768,0.782,-18.678,-2.172,30.000,27.784,30.000,67.22,125.00,1247,1889
323,0.668213,-0.042358,0.732300,0.992253,2.319336,-3.662109,-0.305176,-3.310,-42.332,-2.381,-37.819,-0.594,-14.317,-3.107,30.000,27.107,30.000,67.89,125.00,1254,1889
373,0.642944,-0.034790,0.795044,1.023075,0.061035,-1.525879,-0.427246,-2.506,-38.935,-2.486,-38.253,-0.120,-6.113,-2.595,30.000,27.409,30.000,67.59,125.00,1251,1889
425,0.639404,-0.038086,0.789917,1.016984,1.098633,1.342773,-0.671387,-2.760,-38.956,-2.596,-38.506,0.127,-2.425,-2.800,30.000,27.375,30.000,67.62,125.00,1251,1889
473,0.636597,-0.042236,0.808472,1.029886,1.403809,7.202148,-0.305176,-2.991,-38.179,-2.702,-38.567,-0.133,3.373,-2.985,30.000,27.155,30.000,67.84,125.00,1254,1889
523,0.649536,-0.041138,0.778198,1.014486,-0.366211,-9.216309,-0.488281,-3.026,-39.811,-2.761,-38.454,-0.090,-4.481,-3.045,30.000,27.120,30.000,67.88,125.00,1254,1889
573,0.630859,-0.033691,0.823364,1.037809,0.488281,0.122070,-0.549316,-2.343,-37.436,-2.829,-38.653,0.327,-1.039,-2.681,30.000,27.302,30.000,67.70,125.00,1252,1889
625,0.639160,-0.034302,0.806885,1.029935,0.305176,-0.244141,-0.366211,-2.434,-38.359,-2.892,-38.715,0.122,-0.892,-2.768,30.000,27.262,30.000,67.74,125.00,1253,1889
673,0.640625,-0.026367,0.799805,1.025077,0.122070,13.671875,0.366211,-1.888,-38.679,-2.943,-38.738,0.343,6.431,-2.464,30.000,27.355,30.000,67.64,125.00,1252,1889
723,0.635010,-0.031006,0.797852,1.020179,-1.281738,-8.239746,0.305176,-2.225,-38.495,-2.945,-38.342,0.062,-1.011,-2.675,30.000,27.464,30.000,67.54,125.00,1250,1889
773,0.633667,-0.032104,0.798950,1.020238,0.000000,-0.183105,-0.305176,-2.301,-38.396,-3.008,-38.505,0.181,-1.521,-2.750,30.000,27.342,30.000,67.66,125.00,1252,1889
823,0.638794,-0.039185,0.782227,1.010679,0.061035,-2.197266,-0.549316,-2.868,-39.201,-3.060,-38.559,-0.035,-2.081,-3.101,30.000,27.081,30.000,67.92,125.00,1255,1889
864,0.647217,-0.027832,0.791748,1.023000,0.305176,-0.488281,-0.488281,-2.013,-39.247,-3.100,-38.637,-0.030,-1.668,-2.617,30.000,27.243,30.000,67.76,125.00,1253,1889
923,0.621338,-0.028076,0.829346,1.036660,0.183105,-7.141113,-0.671387,-1.939,-36.824,-3.121,-38.507,0.322,-1.051,-2.634,30.000,27.366,30.000,67.63,125.00,1251,1889
973,0.643677,-0.029785,0.786621,1.016848,0.427246,0.671387,-0.366211,-2.168,-39.273,-3.170,-38.720,-0.013,-2.218,-2.744,30.000,27.236,30.000,67.76,125.00,1253,1889
1023,0.638428,-0.034424,0.801147,1.024994,0.122070,-1.525879,-0.427246,-2.460,-38.525,-3.193,-38.724,0.159,-1.031,-2.938,30.000,27.092,30.000,67.91,125.00,1255,1889
1064,0.639038,-0.031616,0.807495,1.030251,0.244141,-0.488281,-0.427246,-2.242,-38.336,-3.209,-38.731,0.156,-0.541,-2.825,30.000,27.156,30.000,67.84,125.00,1254,1889
1123,0.618408,-0.028320,0.878052,1.074340,1.098633,-4.272461,-1.037598,-1.847,-35.143,-3.227,-38.536,0.670,2.028,-2.674,30.000,27.214,30.000,67.79,125.00,1253,1889
1173,0.638428,-0.026978,0.786377,1.013265,0.793457,0.488281,-0.427246,-1.965,-39.055,-3.256,-38.633,0.144,-1.585,-2.673,30.000,27.161,30.000,67.84,125.00,1254,1889
1223,0.639160,-0.032104,0.802490,1.026424,0.000000,-1.342773,-0.366211,-2.291,-38.514,-3.270,-38.635,0.090,-1.101,-2.883,30.000,27.121,30.000,67.88,125.00,1254,1889
1265,0.640015,-0.033203,0.801392,1.026133,0.366211,-1.892090,-0.122070,-2.373,-38.588,-3.288,-38.664,0.141,-1.289,-2.938,30.000,27.072,30.000,67.93,125.00,1255,1889
1323,0.613525,-0.026978,0.883545,1.076008,0.854492,-10.437012,-1.281738,-1.749,-34.763,-3.288,-38.414,0.612,0.253,-2.678,30.000,27.195,30.000,67.80,125.00,1253,1889
1373,0.643188,-0.028076,0.794800,1.022833,1.647949,2.929688,-0.366211,-2.023,-38.964,-3.333,-38.688,0.205,-1.798,-2.745,30.000,27.037,30.000,67.96,125.00,1255,1889
1423,0.639038,-0.029785,0.810547,1.032591,0.061035,-3.723145,-0.366211,-2.105,-38.234,-3.327,-38.652,0.121,-1.741,-2.814,30.000,27.109,30.000,67.89,125.00,1254,1889
1465,0.641846,-0.030884,0.801147,1.027014,0.427246,0.244141,-0.366211,-2.208,-38.679,-3.337,-38.728,0.202,-1.453,-2.862,30.000,27.080,30.000,67.92,125.00,1255,1889
1523,0.639404,-0.033203,0.883789,1.091340,4.333496,2.075195,-1.281738,-2.152,-35.866,-3.361,-38.663,0.813,3.405,-2.879,30.000,26.969,30.000,68.03,125.00,1256,1889
1573,0.645142,-0.029541,0.784668,1.016260,1.403809,0.366211,-0.671387,-2.156,-39.407,-3.369,-38.600,0.096,-0.637,-2.834,30.000,26.938,30.000,68.06,125.00,1256,1889
1623,0.647949,-0.031860,0.798828,1.029067,0.427246,-0.610352,-0.305176,-2.284,-39.024,-3.365,-38.629,0.129,-1.304,-2.917,30.000,27.021,30.000,67.98,125.00,1255,1889
1665,0.636475,-0.033203,0.806641,1.028043,0.305176,-0.366211,-0.427246,-2.357,-38.251,-3.367,-38.639,0.157,-0.722,-2.977,30.000,27.037,30.000,67.96,125.00,1255,1889
1723,0.637817,-0.033691,0.836182,1.052210,1.892090,8.239746,-0.122070,-2.307,-37.313,-3.384,-38.591,0.425,4.379,-2.963,30.000,26.973,30.000,68.03,125.00,1256,1889
1773,0.662598,-0.043579,0.736816,0.991884,-1.159668,-5.187988,-0.610352,-3.385,-41.914,-3.383,-38.561,-0.501,-4.536,-3.594,30.000,26.721,30.000,68.28,125.00,1259,1889
1823,0.642700,-0.037354,0.816528,1.039797,0.366211,0.976562,-0.671387,-2.619,-38.178,-3.375,-38.668,0.371,-0.430,-3.118,30.000,27.040,30.000,67.96,125.00,1255,1889
1873,0.650635,-0.030273,0.783936,1.019214,1.098633,1.586914,-0.244141,-2.212,-39.670,-3.383,-38.710,0.110,-0.931,-2.868,30.000,27.078,30.000,67.92,125.00,1255,1889
1914,0.644653,-0.029785,0.774292,1.007965,-0.732422,0.793457,-0.061035,-2.203,-39.759,-3.381,-38.702,-0.098,-0.445,-2.859,30.000,27.123,30.000,67.88,125.00,1254,1889
1973,0.649048,-0.044556,0.794312,1.026732,-0.061035,-1.953125,-0.427246,-3.211,-39.209,-3.390,-38.584,-0.058,-0.467,-3.472,30.000,26.811,30.000,68.19,125.00,1258,1889
2023,0.642456,-0.038208,0.801758,1.028117,0.793457,-0.061035,-0.427246,-2.728,-38.674,-3.394,-38.624,0.189,-0.744,-3.194,30.000,26.887,30.000,68.11,125.00,1257,1889
2073,0.641113,-0.025635,0.798340,1.024222,0.671387,1.098633,-0.183105,-1.839,-38.752,-3.380,-38.657,0.378,-0.702,-2.659,30.000,27.185,30.000,67.81,125.00,1253,1889
2114,0.654663,-0.024048,0.785889,1.023124,-1.464844,3.845215,0.366211,-1.753,-39.782,-3.382,-38.743,-0.226,-0.081,-2.594,30.000,27.280,30.000,67.72,125.00,1252,1889
2173,0.629761,-0.031616,0.821167,1.035332,-0.549316,-10.437012,-0.305176,-2.205,-37.464,-3.377,-38.521,0.222,-2.729,-2.911,30.000,27.108,30.000,67.89,125.00,1254,1889
2223,0.627686,-0.029175,0.835327,1.045281,1.525879,1.220703,-0.793457,-2.000,-36.905,-3.390,-38.707,0.494,-0.262,-2.806,30.000,27.143,30.000,67.86,125.00,1254,1889
2273,0.654419,-0.033813,0.749146,0.995302,-0.732422,0.427246,-0.183105,-2.584,-41.110,-3.393,-38.816,-0.190,-2.839,-3.075,30.000,27.007,30.000,67.99,125.00,1255,1889
2315,0.653320,-0.032471,0.761230,1.003670,-1.098633,2.075195,0.122070,-2.443,-40.612,-3.396,-38.878,-0.214,-0.754,-2.998,30.000,27.049,30.000,67.95,125.00,1255,1889
2373,0.629150,-0.040405,0.837402,1.048192,-0.305176,-5.554199,-0.732422,-2.762,-36.886,-3.388,-38.591,0.142,0.459,-3.238,30.000,26.949,30.000,68.05,125.00,1256,1889
2423,0.655640,-0.041504,0.789795,1.027308,1.770020,2.380371,-0.366211,-3.008,-39.659,-3.406,-38.815,0.159,-1.822,-3.355,30.000,26.799,30.000,68.20,125.00,1258,1889
2474,0.640869,-0.029785,0.801514,1.026657,1.831055,-3.540039,-0.610352,-2.128,-38.626,-3.387,-38.788,0.523,-2.101,-2.824,30.000,27.046,30.000,67.95,125.00,1255,1889
2515,0.651733,-0.024536,0.784302,1.020043,0.061035,6.652832,-0.122070,-1.792,-39.712,-3.391,-38.923,0.321,0.814,-2.607,30.000,27.234,30.000,67.77,125.00,1253,1889
2573,0.620361,-0.034912,0.854736,1.056713,1.098633,-2.868652,-0.427246,-2.339,-35.949,-3.373,-38.567,0.629,2.482,-2.993,30.000,27.077,30.000,67.92,125.00,1255,1889
2623,0.664429,-0.036133,0.776001,1.022227,1.586914,2.563477,-0.244141,-2.666,-40.540,-3.391,-38.772,0.084,-2.287,-3.130,30.000,26.893,30.000,68.11,125.00,1257,1889
2673,0.642944,-0.033447,0.792847,1.021324,0.061035,-1.159668,-0.549316,-2.416,-39.015,-3.380,-38.744,0.108,-1.058,-3.002,30.000,26.999,30.000,68.00,125.00,1256,1889
2715,0.640015,-0.030151,0.807251,1.030622,0.366211,-0.244141,-0.366211,-2.139,-38.389,-3.378,-38.757,0.148,-0.649,-2.855,30.000,27.090,30.000,67.91,125.00,1255,1889
2773,0.618408,-0.026489,0.878784,1.074892,1.281738,1.037598,-0.366211,-1.727,-35.122,-3.377,-38.578,0.639,3.922,-2.706,30.000,27.168,30.000,67.83,125.00,1254,1889
2823,0.653198,-0.034058,0.798340,1.032073,2.258301,-5.432129,-0.488281,-2.443,-39.264,-3.392,-38.628,0.217,-3.733,-3.014,30.000,26.914,30.000,68.09,125.00,1257,1889
2873,0.636475,-0.029785,0.807617,1.028704,0.732422,-0.183105,-0.427246,-2.112,-38.222,-3.379,-38.765,0.342,-1.817,-2.833,30.000,27.058,30.000,67.94,125.00,1255,1889
2925,0.635254,-0.035522,0.800171,1.022293,0.305176,-1.098633,-0.366211,-2.542,-38.419,-3.376,-38.816,0.217,-1.294,-3.079,30.000,27.021,30.000,67.98,125.00,1255,1889
2973,0.642578,-0.040283,0.814087,1.037915,1.098633,7.934570,-0.488281,-2.833,-38.251,-3.394,-38.829,0.025,3.690,-3.263,30.000,26.866,30.000,68.13,125.00,1257,1889
3023,0.652954,-0.042847,0.786499,1.023116,0.366211,-4.211426,-0.427246,-3.118,-39.658,-3.393,-38.675,-0.071,-1.788,-3.416,30.000,26.726,30.000,68.27,125.00,1259,1889
3073,0.637451,-0.030640,0.808716,1.030196,0.488281,-0.488281,-0.549316,-2.170,-38.226,-3.385,-38.725,0.250,-0.795,-2.874,30.000,27.019,30.000,67.98,125.00,1255,1889
3125,0.638062,-0.033936,0.807373,1.029624,0.244141,-0.671387,-0.427246,-2.407,-38.294,-3.389,-38.738,0.151,-0.662,-3.016,30.000,27.011,30.000,67.99,125.00,1255,1889
3173,0.643799,-0.038330,0.790894,1.020519,0.488281,6.835937,-0.671387,-2.775,-39.113,-3.401,-38.745,-0.010,2.548,-3.222,30.000,26.911,30.000,68.09,125.00,1257,1889
3223,0.635986,-0.032349,0.790161,1.014830,-0.488281,-9.765625,-0.671387,-2.344,-38.807,-3.372,-38.550,0.020,-3.698,-2.961,30.000,27.082,30.000,67.92,125.00,1255,1889
3273,0.644043,-0.031982,0.801025,1.028327,1.037598,1.647949,-0.366211,-2.286,-38.778,-3.392,-38.835,0.231,-2.170,-2.933,30.000,27.082,30.000,67.92,125.00,1255,1889
3323,0.644409,-0.032715,0.795532,1.024307,0.244141,-0.732422,-0.366211,-2.355,-38.985,-3.395,-38.858,0.102,-1.283,-2.975,30.000,27.035,30.000,67.96,125.00,1255,1889
3364,0.644409,-0.030762,0.799194,1.027094,0.122070,-0.671387,-0.427246,-2.204,-38.859,-3.393,-38.872,0.093,-0.890,-2.889,30.000,27.088,30.000,67.91,125.00,1255,1889
3423,0.621216,-0.032104,0.822754,1.031438,-0.732422,-3.479004,-0.366211,-2.235,-37.033,-3.380,-38.628,0.145,1.496,-2.945,30.000,27.143,30.000,67.86,125.00,1254,1889
3473,0.631226,-0.034790,0.827637,1.041460,1.647949,-9.460449,0.244141,-2.407,-37.308,-3.391,-38.632,0.537,-3.421,-3.015,30.000,27.076,30.000,67.92,125.00,1255,1889
3523,0.632935,-0.032593,0.821899,1.037876,1.037598,0.732422,-0.915527,-2.271,-37.578,-3.405,-38.798,0.404,-0.830,-2.949,30.000,27.003,30.000,68.00,125.00,1256,1889
3564,0.644043,-0.030640,0.796387,1.024676,0.610352,-0.061035,-0.427246,-2.203,-38.942,-3.404,-38.828,0.230,-0.999,-2.886,30.000,27.039,30.000,67.96,125.00,1255,1889
3623,0.605835,-0.027710,0.904907,1.089340,0.244141,-13.244629,-1.342773,-1.754,-33.790,-3.378,-38.480,0.627,0.384,-2.768,30.000,27.200,30.000,67.80,125.00,1253,1889
3673,0.647705,-0.027588,0.790649,1.022453,1.708984,3.784180,-0.366211,-1.998,-39.307,-3.418,-38.831,0.184,-2.000,-2.765,30.000,27.038,30.000,67.96,125.00,1255,1889
3723,0.644043,-0.029907,0.793091,1.022095,-0.061035,-1.220703,-0.488281,-2.160,-39.059,-3.403,-38.790,0.069,-1.169,-2.863,30.000,27.075,30.000,67.93,125.00,1255,1889
3765,0.638428,-0.032593,0.809326,1.031340,0.183105,-1.525879,-0.122070,-2.306,-38.245,-3.402,-38.810,0.148,-1.058,-2.967,30.000,27.052,30.000,67.95,125.00,1255,1889
3823,0.648560,-0.035278,0.823242,1.048619,1.708984,8.789063,-0.366211,-2.454,-38.206,-3.423,-38.809,0.183,4.179,-3.060,30.000,26.901,30.000,68.10,125.00,1257,1889
3873,0.651489,-0.033325,0.769409,1.008731,-0.976562,-4.699707,-0.488281,-2.480,-40.229,-3.397,-38.628,-0.184,-2.244,-3.028,30.000,26.992,30.000,68.01,125.00,1256,1889
3923,0.640259,-0.034180,0.809082,1.032334,0.244141,-0.854492,-0.427246,-2.419,-38.331,-3.397,-38.698,0.199,-0.991,-3.023,30.000,27.025,30.000,67.97,125.00,1255,1889
3965,0.639526,-0.032349,0.804321,1.028092,0.549316,0.061035,-0.366211,-2.303,-38.466,-3.395,-38.717,0.160,-0.697,-2.955,30.000,27.055,30.000,67.95,125.00,1255,1889
4023,0.633179,-0.033569,0.829102,1.043768,1.281738,1.342773,-0.305176,-2.319,-37.346,-3.397,-38.707,0.369,0.665,-2.979,30.000,27.015,30.000,67.99,125.00,1255,1889
4073,0.653687,-0.032715,0.773560,1.013297,0.061035,-0.183105,-0.488281,-2.422,-40.174,-3.393,-38.769,-0.075,-2.139,-2.988,30.000,27.044,30.000,67.96,125.00,1255,1889
4123,0.641113,-0.034668,0.812134,1.035273,0.488281,-2.380371,-0.549316,-2.444,-38.263,-3.388,-38.773,0.190,-1.287,-3.035,30.000,27.009,30.000,67.99,125.00,1255,1889
4175,0.633911,-0.028931,0.816895,1.034407,0.366211,-0.244141,-0.488281,-2.028,-37.794,-3.379,-38.852,0.192,-1.221,-2.807,30.000,27.108,30.000,67.89,125.00,1254,1889
4223,0.639038,-0.031128,0.855713,1.068449,3.234863,9.948730,-0.183105,-2.083,-36.734,-3.397,-38.792,0.488,5.726,-2.860,30.000,27.014,30.000,67.99,125.00,1255,1889
4273,0.649902,-0.028198,0.788208,1.021978,0.305176,-5.310059,-0.549316,-2.049,-39.489,-3.381,-38.583,-0.071,-2.057,-2.775,30.000,27.067,30.000,67.93,125.00,1255,1889
4323,0.634521,-0.027100,0.807373,1.027231,-0.976562,-2.441406,-0.610352,-1.922,-38.148,-3.369,-38.684,0.109,-2.285,-2.735,30.000,27.215,30.000,67.78,125.00,1253,1889
4373,0.640137,-0.033569,0.808716,1.031951,0.732422,-1.281738,-0.305176,-2.377,-38.339,-3.381,-38.785,0.192,-1.369,-2.991,30.000,27.077,30.000,67.92,125.00,1255,1889
4414,0.651245,-0.026489,0.778687,1.015468,-1.403809,0.915527,0.366211,-1.948,-39.891,-3.367,-38.861,-0.061,-1.119,-2.695,30.000,27.252,30.000,67.75,125.00,1253,1889
4473,0.640259,-0.032715,0.817993,1.039286,0.549316,-15.380859,-0.061035,-2.290,-38.029,-3.341,-38.665,0.562,-4.944,-2.906,30.000,27.148,30.000,67.85,125.00,1254,1889
4523,0.630493,-0.031250,0.840942,1.051514,2.807617,2.929688,-0.854492,-2.128,-36.842,-3.366,-38.964,0.667,-0.176,-2.853,30.000,27.110,30.000,67.89,125.00,1254,1889
4573,0.644043,-0.029663,0.781494,1.013116,0.732422,-1.098633,-0.427246,-2.174,-39.472,-3.357,-38.965,-0.035,-1.675,-2.837,30.000,27.095,30.000,67.91,125.00,1255,1889
4614,0.648193,-0.025879,0.775513,1.011061,-0.732422,1.586914,-0.061035,-1.911,-39.874,-3.352,-38.980,-0.082,-0.249,-2.666,30.000,27.227,30.000,67.77,125.00,1253,1889
4673,0.624878,-0.025024,0.824829,1.035105,-0.732422,-10.070801,0.366211,-1.738,-37.134,-3.325,-38.717,0.326,-2.166,-2.630,30.000,27.321,30.000,67.68,125.00,1252,1889
4723,0.629150,-0.026245,0.817993,1.032295,1.281738,2.441406,-0.061035,-1.838,-37.551,-3.353,-38.947,0.345,-0.514,-2.685,30.000,27.276,30.000,67.72,125.00,1252,1889
4773,0.644165,-0.031250,0.794434,1.023255,0.427246,-0.610352,-0.427246,-2.253,-39.015,-3.354,-38.945,0.062,-0.991,-2.893,30.000,27.142,30.000,67.86,125.00,1254,1889
4815,0.648071,-0.035278,0.810303,1.038187,0.854492,-0.122070,-0.549316,-2.493,-38.626,-3.359,-38.955,0.153,-0.442,-3.043,30.000,27.026,30.000,67.97,125.00,1255,1889
4873,0.612915,-0.020874,0.869019,1.063623,1.647949,1.770020,-0.061035,-1.376,-35.187,-3.343,-38.770,0.806,4.376,-2.497,30.000,27.287,30.000,67.71,125.00,1252,1889
4923,0.653076,-0.028442,0.752075,0.996461,-0.610352,-2.014160,-0.488281,-2.166,-40.950,-3.341,-38.794,-0.267,-2.917,-2.795,30.000,27.146,30.000,67.85,125.00,1254,1889
4973,0.644287,-0.036255,0.784424,1.015747,0.000000,3.662109,-0.122070,-2.646,-39.368,-3.333,-38.835,0.100,0.277,-3.108,30.000,27.067,30.000,67.93,125.00,1255,1889
5015,0.673584,-0.043701,0.751221,1.009930,0.732422,-0.122070,-0.305176,-3.329,-41.833,-3.355,-38.937,-0.014,-2.872,-3.523,30.000,26.751,30.000,68.25,125.00,1258,1889
5073,0.618896,-0.026611,0.890991,1.085176,1.770020,1.831055,-0.305176,-1.711,-34.772,-3.324,-38.760,0.815,4.513,-2.668,30.000,27.180,30.000,67.82,125.00,1254,1889
5123,0.671997,-0.033081,0.785645,1.034365,2.685547,-1.953125,-0.305176,-2.411,-40.517,-3.335,-38.894,0.163,-3.295,-2.944,30.000,26.953,30.000,68.05,125.00,1256,1889
5173,0.643433,-0.030029,0.794067,1.022473,0.732422,0.061035,-0.488281,-2.166,-38.998,-3.317,-38.952,0.260,-1.279,-2.816,30.000,27.105,30.000,67.90,125.00,1254,1889
5225,0.635742,-0.034180,0.818848,1.037231,0.549316,-0.488281,-0.244141,-2.390,-37.801,-3.324,-38.993,0.078,-1.177,-2.983,30.000,27.068,30.000,67.93,125.00,1255,1889
5273,0.645630,-0.032959,0.785645,1.017429,0.000000,8.789063,-0.854492,-2.402,-39.388,-3.339,-39.048,-0.146,2.667,-2.967,30.000,27.065,30.000,67.93,125.00,1255,1889
5323,0.649170,-0.033325,0.772705,1.009755,-0.976562,-4.272461,-0.488281,-2.470,-40.008,-3.318,-38.848,-0.247,-1.258,-2.991,30.000,27.146,30.000,67.85,125.00,1254,1889
5373,0.646484,-0.031372,0.812012,1.038407,0.305176,-0.122070,-0.305176,-2.213,-38.504,-3.318,-38.888,0.241,-0.346,-2.857,30.000,27.188,30.000,67.81,125.00,1253,1889
5425,0.642212,-0.031006,0.804321,1.029723,0.732422,0.427246,-0.427246,-2.208,-38.585,-3.310,-38.845,0.177,1.939,-2.852,30.000,27.170,30.000,67.83,125.00,1254,1889
5473,0.644531,-0.038452,0.817139,1.041448,1.525879,5.187988,-0.976562,-2.694,-38.234,-3.318,-38.789,0.198,3.439,-3.140,30.000,26.977,30.000,68.02,125.00,1256,1889
5523,0.659546,-0.037598,0.749756,0.999274,-1.708984,-6.225586,-0.732422,-2.871,-41.302,-3.299,-38.741,-0.256,-4.335,-3.213,30.000,26.951,30.000,68.05,125.00,1256,1889
5573,0.639404,-0.032471,0.810913,1.033185,-0.427246,-0.305176,-0.305176,-2.293,-38.233,-3.295,-38.861,0.197,-0.717,-2.900,30.000,27.159,30.000,67.84,125.00,1254,1889
5623,0.650024,-0.028931,0.794678,1.027074,0.488281,-0.122070,-0.305176,-2.085,-39.264,-3.298,-38.891,0.121,-0.721,-2.760,30.000,27.186,30.000,67.81,125.00,1253,1889
5673,0.649170,-0.034668,0.784546,1.018889,0.244141,5.676270,-0.305176,-2.530,-39.579,-3.309,-38.914,-0.044,1.604,-3.023,30.000,27.061,30.000,67.94,125.00,1255,1889
5723,0.644165,-0.030762,0.762085,0.998333,-1.708984,-6.652832,-0.244141,-2.312,-40.184,-3.289,-38.790,-0.277,-2.936,-2.878,30.000,27.224,30.000,67.78,125.00,1253,1889
5773,0.639893,-0.035278,0.819946,1.040682,0.183105,-0.915527,-0.427246,-2.464,-37.943,-3.301,-38.883,0.239,-0.572,-3.002,30.000,27.123,30.000,67.88,125.00,1254,1889
5823,0.654297,-0.029541,0.799683,1.033668,0.000000,0.488281,-0.427246,-2.116,-39.271,-3.307,-38.968,0.011,-1.121,-2.783,30.000,27.165,30.000,67.84,125.00,1254,1889
5864,0.645264,-0.031860,0.801392,1.029373,0.793457,-1.525879,-0.488281,-2.277,-38.818,-3.311,-38.993,0.104,-1.306,-2.890,30.000,27.136,30.000,67.86,125.00,1254,1889
5923,0.627319,-0.028442,0.836304,1.045821,-0.244141,-6.591797,-1.037598,-1.948,-36.858,-3.299,-38.867,0.234,-0.658,-2.744,30.000,27.259,30.000,67.74,125.00,1253,1889
5973,0.635986,-0.030029,0.814209,1.033594,1.159668,2.319336,-0.488281,-2.112,-37.975,-3.311,-39.017,0.310,-0.464,-2.805,30.000,27.177,30.000,67.82,125.00,1254,1889
6023,0.636597,-0.037109,0.854736,1.066399,3.906250,-6.835937,-0.732422,-2.486,-36.652,-3.314,-39.031,0.799,-2.760,-3.011,30.000,27.016,30.000,67.98,125.00,1255,1889
6064,0.675171,-0.032837,0.761963,1.018588,1.586914,6.774902,-0.732422,-2.468,-41.518,-3.260,-39.333,0.607,-1.446,-2.899,30.000,26.885,30.000,68.12,125.00,1257,1889
6123,0.620483,-0.019409,0.888062,1.083526,-1.586914,-10.803223,-1.281738,-1.252,-34.935,-3.179,-38.825,0.342,2.453,-2.375,30.000,27.406,30.000,67.59,125.00,1251,1889
6173,0.634766,-0.021606,0.811279,1.030324,2.380371,-0.305176,-0.366211,-1.526,-38.031,-3.204,-38.979,0.598,-1.310,-2.398,30.000,27.372,30.000,67.63,125.00,1251,1889
6223,0.631958,-0.025024,0.827759,1.041721,1.098633,-1.586914,-0.793457,-1.732,-37.348,-3.205,-38.942,0.420,0.014,-2.548,30.000,27.303,30.000,67.70,125.00,1252,1889
6265,0.651611,-0.027710,0.775879,1.013584,0.061035,-0.427246,-0.427246,-2.045,-40.007,-3.212,-38.998,0.029,-1.716,-2.674,30.000,27.246,30.000,67.75,125.00,1253,1889
6323,0.643433,-0.033081,0.847412,1.064522,3.173828,9.399414,-0.366211,-2.236,-37.188,-3.242,-38.944,0.384,5.436,-2.851,30.000,27.062,30.000,67.94,125.00,1255,1889
6373,0.671997,-0.039917,0.740356,1.000650,-0.122070,-2.563477,-0.793457,-3.086,-42.188,-3.250,-38.861,-0.441,-2.886,-3.335,30.000,26.832,30.000,68.17,125.00,1257,1889
6423,0.642822,-0.033569,0.805908,1.031424,0.061035,-2.258301,-0.305176,-2.385,-38.553,-3.241,-38.881,0.190,-1.020,-2.918,30.000,27.146,30.000,67.85,125.00,1254,1889
6465,0.643799,-0.031860,0.800659,1.027885,0.732422,0.915527,-0.366211,-2.279,-38.780,-3.244,-38.874,0.186,2.029,-2.854,30.000,27.179,30.000,67.82,125.00,1254,1889
6523,0.647827,-0.027832,0.843506,1.063935,3.967285,8.728027,-0.366211,-1.890,-37.510,-3.262,-38.818,0.741,4.566,-2.642,30.000,27.109,30.000,67.89,125.00,1254,1889
6573,0.663330,-0.033325,0.753784,1.004643,0.549316,-3.173828,-0.915527,-2.531,-41.320,-3.262,-38.733,-0.169,-2.701,-2.975,30.000,27.003,30.000,68.00,125.00,1256,1889
6623,0.645752,-0.032104,0.795532,1.025133,0.610352,0.122070,-0.549316,-2.311,-39.044,-3.256,-38.828,0.227,-1.157,-2.871,30.000,27.143,30.000,67.86,125.00,1254,1889
6673,0.646240,-0.027588,0.805664,1.033190,0.305176,-0.549316,-0.366211,-1.961,-38.717,-3.255,-38.875,0.200,-0.811,-2.676,30.000,27.250,30.000,67.75,125.00,1253,1889
6714,0.648071,-0.029663,0.771606,1.008094,0.000000,2.685547,0.000000,-2.202,-40.006,-3.259,-38.927,0.041,-0.100,-2.792,30.000,27.208,30.000,67.79,125.00,1253,1889
6773,0.651367,-0.039429,0.797607,1.030539,0.427246,-7.019043,0.122070,-2.830,-39.203,-3.258,-38.765,0.127,-2.169,-3.180,30.000,27.046,30.000,67.95,125.00,1255,1889
6823,0.636475,-0.028564,0.815430,1.034815,0.671387,-0.366211,-0.610352,-2.006,-37.956,-3.260,-38.880,0.383,-0.917,-2.714,30.000,27.192,30.000,67.81,125.00,1253,1889
6873,0.652588,-0.029541,0.778931,1.016600,0.122070,0.671387,-0.366211,-2.172,-39.936,-3.258,-38.981,0.169,-1.930,-2.773,30.000,27.223,30.000,67.78,125.00,1253,1889
6914,0.654541,-0.027466,0.759033,1.002651,-0.793457,2.258301,0.000000,-2.072,-40.754,-3.256,-39.032,-0.092,-0.510,-2.693,30.000,27.266,30.000,67.73,125.00,1253,1889
6973,0.650269,-0.039795,0.812500,1.041436,0.183105,-9.704590,-0.366211,-2.804,-38.638,-3.253,-38.810,0.095,-2.641,-3.168,30.000,27.063,30.000,67.94,125.00,1255,1889
7023,0.631226,-0.033569,0.822021,1.036963,1.220703,1.037598,-0.305176,-2.339,-37.497,-3.269,-38.991,0.362,-0.556,-2.916,30.000,27.149,30.000,67.85,125.00,1254,1889
7073,0.642944,-0.029907,0.801636,1.028052,0.488281,-0.549316,-0.366211,-2.137,-38.712,-3.266,-39.004,0.126,-0.770,-2.788,30.000,27.199,30.000,67.80,125.00,1253,1889
7114,0.650513,-0.025146,0.765625,1.004978,-1.403809,2.990723,0.427246,-1.881,-40.338,-3.260,-39.035,-0.157,0.223,-2.590,30.000,27.340,30.000,67.66,125.00,1252,1889
7173,0.630005,-0.032471,0.860229,1.066750,-0.366211,-13.183594,-0.610352,-2.162,-36.198,-3.252,-38.675,0.321,-1.516,-2.843,30.000,27.208,30.000,67.79,125.00,1253,1889
7223,0.638916,-0.027222,0.790405,1.016708,1.220703,2.319336,-0.488281,-1.972,-38.933,-3.286,-39.001,0.174,-2.205,-2.694,30.000,27.198,30.000,67.80,125.00,1253,1889
7273,0.651001,-0.025757,0.792480,1.025910,0.061035,-1.037598,-0.366211,-1.862,-39.387,-3.274,-39.025,0.103,-1.533,-2.612,30.000,27.281,30.000,67.72,125.00,1252,1889
7315,0.639404,-0.032715,0.805908,1.029270,0.122070,-1.892090,-0.183105,-2.325,-38.405,-3.279,-39.042,0.144,-1.289,-2.909,30.000,27.164,30.000,67.84,125.00,1254,1889
7373,0.609131,-0.013916,0.869873,1.062033,-0.854492,-1.892090,-0.610352,-0.917,-34.998,-3.267,-38.856,0.505,3.033,-2.249,30.000,27.475,30.000,67.53,125.00,1250,1889
7423,0.640503,-0.014648,0.733643,0.974007,-3.601074,-6.286621,-0.183105,-1.144,-41.117,-3.258,-38.958,-0.017,-6.470,-2.099,30.000,27.634,30.000,67.37,125.00,1249,1889
7473,0.623535,-0.030396,0.864136,1.066044,0.671387,-0.732422,0.061035,-2.015,-35.796,-3.279,-39.099,0.368,0.115,-2.789,30.000,27.283,30.000,67.72,125.00,1252,1889
7519,0.636963,-0.030396,0.791138,1.016142,0.549316,0.549316,-0.488281,-2.200,-38.818,-3.298,-39.098,0.220,-0.138,-2.833,30.000,27.095,30.000,67.91,125.00,1255,1889
7573,0.618652,-0.029419,0.872925,1.070324,2.502441,1.525879,-0.549316,-1.930,-35.310,-3.299,-38.899,0.609,4.043,-2.758,30.000,27.163,30.000,67.84,125.00,1254,1889
7623,0.662231,-0.031982,0.762573,1.010491,1.098633,-3.234863,-0.305176,-2.402,-40.947,-3.307,-38.981,-0.028,-3.882,-2.919,30.000,27.013,30.000,67.99,125.00,1255,1889
7673,0.642090,-0.027832,0.805054,1.030129,0.122070,-1.342773,-0.549316,-1.980,-38.558,-3.291,-39.045,0.217,-1.244,-2.709,30.000,27.217,30.000,67.78,125.00,1253,1889
7725,0.642212,-0.030396,0.810669,1.034671,0.000000,-1.220703,-0.488281,-2.147,-38.367,-3.297,-39.087,0.154,-0.907,-2.817,30.000,27.155,30.000,67.84,125.00,1254,1889
7773,0.649780,-0.039551,0.812134,1.040836,1.342773,7.202148,-0.671387,-2.788,-38.630,-3.315,-39.104,0.075,3.503,-3.191,30.000,26.944,30.000,68.06,125.00,1256,1889
7823,0.653442,-0.036255,0.788818,1.024956,0.610352,-2.563477,-0.793457,-2.632,-39.608,-3.307,-38.917,-0.012,-0.513,-3.082,30.000,26.933,30.000,68.07,125.00,1256,1889
7873,0.642700,-0.027100,0.805176,1.030585,0.305176,-0.488281,-0.488281,-1.928,-38.581,-3.296,-38.929,0.174,-0.674,-2.684,30.000,27.191,30.000,67.81,125.00,1253,1889
7925,0.645630,-0.032104,0.798340,1.027237,0.793457,0.671387,-0.305176,-2.303,-38.940,-3.296,-38.995,0.160,-1.734,-2.893,30.000,27.136,30.000,67.86,125.00,1254,1889
7973,0.651855,-0.036011,0.785645,1.021494,-0.061035,7.812500,-0.671387,-2.624,-39.653,-3.310,-39.029,-0.123,2.602,-3.079,30.000,27.018,30.000,67.98,125.00,1255,1889
8023,0.643066,-0.031372,0.777100,1.009159,-1.220703,-7.690430,-0.305176,-2.312,-39.586,-3.283,-38.809,-0.176,-2.650,-2.883,30.000,27.178,30.000,67.82,125.00,1254,1889
8073,0.639160,-0.030151,0.818359,1.038820,0.610352,1.220703,-0.305176,-2.110,-37.972,-3.293,-38.940,0.318,-0.212,-2.794,30.000,27.216,30.000,67.78,125.00,1253,1889
8123,0.641846,-0.034790,0.807129,1.031811,0.915527,-1.037598,-0.671387,-2.468,-38.467,-3.301,-38.941,0.226,-0.890,-2.997,30.000,27.056,30.000,67.94,125.00,1255,1889
8164,0.651489,-0.026367,0.799927,1.031996,0.427246,1.525879,-0.366211,-1.888,-39.145,-3.309,-39.017,0.233,-0.688,-2.646,30.000,27.204,30.000,67.80,125.00,1253,1889
8223,0.617676,-0.026001,0.787598,1.001254,-2.685547,-7.202148,0.061035,-1.891,-38.090,-3.277,-38.832,-0.096,-1.642,-2.670,30.000,27.402,30.000,67.60,125.00,1251,1889
8273,0.634766,-0.034424,0.809814,1.029520,0.366211,0.305176,-0.427246,-2.434,-38.066,-3.305,-38.952,0.219,-0.549,-2.987,30.000,27.172,30.000,67.83,125.00,1254,1889
8323,0.648437,-0.031982,0.787109,1.020311,0.610352,0.061035,-0.305176,-2.327,-39.459,-3.311,-38.967,0.122,-0.775,-2.905,30.000,27.109,30.000,67.89,125.00,1254,1889
8364,0.652222,-0.028198,0.791260,1.025807,0.244141,-0.305176,-0.366211,-2.041,-39.480,-3.306,-38.988,0.112,-0.861,-2.732,30.000,27.208,30.000,67.79,125.00,1253,1889
8423,0.632568,-0.031494,0.811768,1.029612,-0.671387,-3.295898,-0.610352,-2.222,-37.907,-3.295,-38.835,0.089,0.182,-2.871,30.000,27.211,30.000,67.79,125.00,1253,1889
8473,0.655518,-0.038574,0.777222,1.017480,0.122070,-0.183105,-0.366211,-2.841,-40.110,-3.309,-38.953,-0.048,-2.116,-3.204,30.000,27.026,30.000,67.97,125.00,1255,1889
8523,0.646118,-0.032715,0.793091,1.023490,0.549316,-0.488281,-0.488281,-2.362,-39.145,-3.313,-38.978,0.157,-0.985,-2.932,30.000,27.066,30.000,67.93,125.00,1255,1889
8564,0.642944,-0.029419,0.821289,1.043436,0.732422,-4.577637,-0.366211,-2.051,-38.038,-3.302,-38.970,0.278,-1.732,-2.767,30.000,27.197,30.000,67.80,125.00,1253,1889
8623,0.601318,-0.023437,0.917114,1.096919,0.244141,-11.474609,-1.281738,-1.464,-33.243,-3.283,-38.694,0.752,1.035,-2.585,30.000,27.351,30.000,67.65,125.00,1252,1889
8673,0.651367,-0.022949,0.785767,1.020899,1.770020,3.356934,-0.488281,-1.673,-39.645,-3.326,-39.043,0.209,-2.414,-2.512,30.000,27.222,30.000,67.78,125.00,1253,1889
8723,0.647217,-0.028809,0.792969,1.023972,-0.183105,-2.014160,-0.305176,-2.081,-39.203,-3.314,-39.030,0.061,-1.742,-2.767,30.000,27.156,30.000,67.84,125.00,1254,1889
8765,0.642456,-0.031738,0.806152,1.031329,0.183105,-0.854492,-0.427246,-2.255,-38.531,-3.314,-39.056,0.183,-0.992,-2.882,30.000,27.131,30.000,67.87,125.00,1254,1889
8823,0.640869,-0.029785,0.874268,1.084410,2.563477,4.577637,-0.549316,-1.951,-36.227,-3.317,-39.008,0.710,3.743,-2.746,30.000,27.138,30.000,67.86,125.00,1254,1889
8873,0.638428,-0.024170,0.804810,1.027566,1.708984,-6.469727,-0.122070,-1.720,-38.411,-3.303,-38.904,0.466,-3.138,-2.556,30.000,27.234,30.000,67.77,125.00,1253,1889
8923,0.634888,-0.026367,0.811035,1.030318,0.793457,0.976562,-0.427246,-1.862,-38.040,-3.305,-39.068,0.313,-1.304,-2.659,30.000,27.247,30.000,67.75,125.00,1253,1889
8965,0.643311,-0.034790,0.797729,1.025393,0.244141,-1.464844,-0.122070,-2.497,-38.857,-3.317,-39.087,0.124,-1.323,-3.020,30.000,27.055,30.000,67.95,125.00,1255,1889
9023,0.648682,-0.030762,0.857178,1.075401,2.990723,7.507324,0.000000,-2.055,-37.099,-3.332,-39.030,0.422,4.759,-2.802,30.000,27.060,30.000,67.94,125.00,1255,1889
9073,0.671143,-0.041260,0.742187,1.001487,-0.549316,-3.234863,-0.854492,-3.182,-42.078,-3.342,-38.975,-0.352,-3.474,-3.434,30.000,26.766,30.000,68.23,125.00,1258,1889
9123,0.655884,-0.037720,0.778198,1.018430,0.366211,-1.098633,-0.488281,-2.775,-40.092,-3.340,-39.080,0.164,-2.280,-3.177,30.000,26.954,30.000,68.05,125.00,1256,1889
9173,0.648560,-0.029297,0.797485,1.028334,0.244141,-0.549316,-0.305176,-2.104,-39.101,-3.332,-39.123,0.146,-1.075,-2.792,30.000,27.143,30.000,67.86,125.00,1254,1889
9214,0.649170,-0.028931,0.766846,1.005142,-0.366211,2.990723,0.061035,-2.161,-40.229,-3.335,-39.167,-0.014,-0.052,-2.799,30.000,27.179,30.000,67.82,125.00,1254,1889
9273,0.654175,-0.041870,0.793335,1.029115,-0.488281,-3.356934,-0.488281,-3.021,-39.469,-3.345,-38.952,-0.138,-0.190,-3.336,30.000,26.909,30.000,68.09,125.00,1257,1889
9323,0.651123,-0.035889,0.794312,1.027706,0.854492,-0.732422,-0.427246,-2.587,-39.314,-3.350,-39.018,0.159,-1.443,-3.080,30.000,26.969,30.000,68.03,125.00,1256,1889
9373,0.644531,-0.027954,0.799683,1.027470,0.427246,-0.122070,-0.305176,-2.002,-38.851,-3.343,-39.041,0.180,-0.798,-2.743,30.000,27.169,30.000,67.83,125.00,1254,1889
9414,0.647949,-0.030151,0.755615,0.995842,-0.366211,6.347656,-0.122070,-2.285,-40.591,-3.346,-39.072,-0.030,1.120,-2.872,30.000,27.141,30.000,67.86,125.00,1254,1889
9473,0.632202,-0.025879,0.831055,1.044510,-0.366211,-14.160156,0.183105,-1.784,-37.248,-3.316,-38.717,0.408,-3.243,-2.641,30.000,27.296,30.000,67.70,125.00,1252,1889
9523,0.629272,-0.023682,0.804932,1.021988,0.549316,1.037598,-0.305176,-1.685,-38.005,-3.343,-39.020,0.386,-2.062,-2.577,30.000,27.301,30.000,67.70,125.00,1252,1889
9573,0.644897,-0.032837,0.798096,1.026610,0.305176,-0.732422,-0.366211,-2.356,-38.916,-3.350,-39.051,0.146,-1.150,-2.953,30.000,27.106,30.000,67.89,125.00,1254,1889
9615,0.650513,-0.028198,0.763062,1.003108,-0.793457,2.319336,-0.122070,-2.116,-40.428,-3.354,-39.083,-0.132,-0.222,-2.776,30.000,27.166,30.000,67.83,125.00,1254,1889
9673,0.634644,-0.039063,0.828369,1.044267,-0.610352,-4.638672,-0.549316,-2.700,-37.426,-3.355,-38.748,0.076,1.460,-3.179,30.000,27.004,30.000,68.00,125.00,1256,1889
9723,0.659180,-0.034912,0.758179,1.005272,0.061035,-1.708984,-0.183105,-2.636,-40.974,-3.357,-38.932,0.066,-4.198,-3.089,30.000,27.020,30.000,67.98,125.00,1255,1889
9773,0.645508,-0.031250,0.801758,1.029792,-0.122070,-1.525879,-0.549316,-2.232,-38.817,-3.350,-39.001,0.187,-1.357,-2.881,30.000,27.131,30.000,67.87,125.00,1254,1889
9815,0.642822,-0.031372,0.802124,1.028401,0.366211,-0.244141,-0.427246,-2.240,-38.687,-3.352,-39.026,0.190,-0.789,-2.889,30.000,27.098,30.000,67.90,125.00,1254,1889
9873,0.616821,-0.018433,0.841919,1.043856,-0.488281,1.098633,0.061035,-1.254,-36.221,-3.338,-38.877,0.367,2.915,-2.413,30.000,27.354,30.000,67.65,125.00,1252,1889
9923,0.624512,-0.014648,0.747070,0.973829,-3.479004,-8.911133,-0.061035,-1.123,-39.888,-3.307,-38.837,0.129,-6.173,-2.167,30.000,27.640,30.000,67.36,125.00,1248,1889
9973,0.635376,-0.030518,0.811768,1.031310,-0.427246,0.915527,0.549316,-2.153,-38.031,-3.346,-39.122,0.263,-1.340,-2.849,30.000,27.276,30.000,67.72,125.00,1252,1889
10020,0.643555,-0.035645,0.791870,1.021025,-0.061035,-1.647949,-0.610352,-2.577,-39.072,-3.352,-39.108,0.211,-0.508,-3.077,30.000,27.069,30.000,67.93,125.00,1255,1889
10073,0.605713,-0.025513,0.879150,1.067916,-0.183105,-1.342773,-0.366211,-1.662,-34.555,-3.343,-38.845,0.414,4.059,-2.687,30.000,27.218,30.000,67.78,125.00,1253,1889
10123,0.662842,-0.032227,0.757690,1.007220,1.586914,2.868652,-0.305176,-2.435,-41.154,-3.375,-38.990,-0.002,-1.815,-2.968,30.000,26.986,30.000,68.01,125.00,1256,1889
10173,0.651123,-0.031616,0.783936,1.019566,0.061035,-0.488281,-0.366211,-2.309,-39.690,-3.360,-38.959,0.056,-0.947,-2.914,30.000,27.090,30.000,67.91,125.00,1255,1889
10225,0.640015,-0.029053,0.817139,1.038354,0.671387,-4.882812,-0.305176,-2.036,-38.052,-3.346,-38.944,0.272,-1.874,-2.782,30.000,27.175,30.000,67.83,125.00,1254,1889
10273,0.650024,-0.034668,0.795288,1.027724,-0.244141,11.413574,-0.549316,-2.496,-39.234,-3.363,-39.079,-0.231,4.000,-3.042,30.000,27.009,30.000,67.99,125.00,1255,1889
10323,0.648071,-0.035767,0.738403,0.983115,-1.098633,-4.394531,-0.549316,-2.773,-41.239,-3.334,-38.806,-0.319,-1.937,-3.172,30.000,27.034,30.000,67.97,125.00,1255,1889
10373,0.650513,-0.027588,0.801270,1.032454,0.183105,0.183105,-0.366211,-1.972,-39.055,-3.328,-38.878,0.177,-0.436,-2.712,30.000,27.278,30.000,67.72,125.00,1252,1889
10425,0.650146,-0.032104,0.782471,1.017832,0.244141,-0.366211,-0.427246,-2.350,-39.699,-3.330,-38.888,0.214,-1.252,-2.918,30.000,27.117,30.000,67.88,125.00,1254,1889
10473,0.653931,-0.040649,0.792480,1.028252,0.732422,5.859375,-0.732422,-2.936,-39.491,-3.342,-38.903,0.122,2.274,-3.283,30.000,26.903,30.000,68.10,125.00,1257,1889
10523,0.640137,-0.030518,0.827271,1.046462,0.183105,-9.826660,-0.610352,-2.113,-37.714,-3.317,-38.685,0.136,-2.449,-2.826,30.000,27.118,30.000,67.88,125.00,1254,1889
10573,0.624512,-0.030884,0.820801,1.031835,1.220703,1.098633,-0.671387,-2.155,-37.246,-3.327,-38.856,0.372,-0.828,-2.852,30.000,27.107,30.000,67.89,125.00,1254,1889
10623,0.652222,-0.032471,0.793091,1.027346,1.098633,0.732422,-0.427246,-2.344,-39.410,-3.329,-38.947,0.194,-1.610,-2.922,30.000,27.070,30.000,67.93,125.00,1255,1889
10664,0.647095,-0.030762,0.793335,1.024235,0.549316,0.061035,-0.427246,-2.221,-39.182,-3.336,-38.993,0.126,-1.193,-2.862,30.000,27.092,30.000,67.91,125.00,1255,1889
10723,0.631836,-0.034546,0.790527,1.012592,-2.258301,-6.835937,-0.183105,-2.502,-38.607,-3.322,-38.863,-0.313,-1.779,-3.041,30.000,27.185,30.000,67.81,125.00,1253,1889
10773,0.633301,-0.043335,0.822388,1.038879,0.488281,-2.014160,-0.549316,-3.016,-37.561,-3.348,-38.913,0.112,-0.521,-3.348,30.000,26.928,30.000,68.07,125.00,1256,1889
10823,0.638428,-0.031006,0.821533,1.040898,1.098633,-2.197266,-0.549316,-2.161,-37.832,-3.343,-38.929,0.296,-1.057,-2.855,30.000,27.073,30.000,67.93,125.00,1255,1889
10864,0.648315,-0.030273,0.792236,1.024142,0.915527,0.915527,-0.305176,-2.188,-39.274,-3.341,-39.022,0.296,-1.228,-2.833,30.000,27.109,30.000,67.89,125.00,1254,1889
10923,0.623901,-0.029663,0.871826,1.072480,0.305176,-10.559082,-1.342773,-1.949,-35.573,-3.322,-38.768,0.398,-0.136,-2.785,30.000,27.206,30.000,67.79,125.00,1253,1889
10973,0.637207,-0.027466,0.804687,1.026796,1.831055,3.112793,-0.427246,-1.955,-38.358,-3.343,-38.984,0.361,-0.805,-2.719,30.000,27.168,30.000,67.83,125.00,1254,1889
11023,0.648193,-0.029175,0.790894,1.022995,0.305176,-0.244141,-0.366211,-2.113,-39.318,-3.334,-38.970,0.077,-0.891,-2.793,30.000,27.170,30.000,67.83,125.00,1254,1889
11065,0.647583,-0.030273,0.805420,1.033916,0.122070,-2.441406,-0.122070,-2.153,-38.781,-3.333,-38.973,0.087,-1.100,-2.830,30.000,27.150,30.000,67.85,125.00,1254,1889
11123,0.619995,-0.029053,0.849854,1.052373,-0.976562,-8.605957,-1.281738,-1.958,-36.096,-3.316,-38.750,0.206,0.125,-2.783,30.000,27.204,30.000,67.80,125.00,1253,1889
11173,0.634399,-0.026611,0.808960,1.028390,0.732422,0.244141,-0.427246,-1.884,-38.089,-3.328,-38.910,0.298,-1.460,-2.683,30.000,27.220,30.000,67.78,125.00,1253,1889
11223,0.644043,-0.032593,0.805664,1.031963,0.549316,-1.525879,-0.427246,-2.317,-38.616,-3.330,-38.941,0.181,-1.232,-2.924,30.000,27.112,30.000,67.89,125.00,1254,1889
11265,0.642822,-0.029907,0.798950,1.025883,0.488281,-0.122070,-0.427246,-2.144,-38.800,-3.326,-38.971,0.183,-0.883,-2.818,30.000,27.153,30.000,67.85,125.00,1254,1889
11323,0.642334,-0.033691,0.843506,1.060769,2.746582,8.666992,-0.305176,-2.287,-37.267,-3.345,-38.916,0.417,4.802,-2.932,30.000,26.979,30.000,68.02,125.00,1256,1889
11373,0.669556,-0.039795,0.738037,0.997290,0.122070,-1.770020,-0.671387,-3.086,-42.173,-3.348,-38.849,-0.389,-2.648,-3.376,30.000,26.800,30.000,68.20,125.00,1258,1889
11423,0.649780,-0.035645,0.794678,1.027131,0.122070,-2.258301,-0.488281,-2.568,-39.243,-3.337,-38.875,0.121,-1.711,-3.065,30.000,27.002,30.000,68.00,125.00,1256,1889
11475,0.640137,-0.031860,0.813843,1.035920,0.366211,-1.586914,-0.488281,-2.242,-38.166,-3.335,-38.909,0.222,-0.994,-2.892,30.000,27.083,30.000,67.92,125.00,1255,1889
11523,0.644409,-0.031616,0.848633,1.066040,3.112793,7.690430,-0.549316,-2.134,-37.192,-3.347,-38.931,0.692,3.493,-2.835,30.000,27.015,30.000,67.98,125.00,1255,1889
11573,0.663940,-0.032227,0.759277,1.009137,0.671387,-2.990723,-0.671387,-2.430,-41.142,-3.344,-38.889,-0.089,-3.157,-2.950,30.000,26.993,30.000,68.01,125.00,1256,1889
11623,0.637085,-0.031616,0.821167,1.039804,0.732422,-3.173828,-0.549316,-2.205,-37.785,-3.335,-38.918,0.313,-1.607,-2.875,30.000,27.108,30.000,67.89,125.00,1254,1889
11673,0.645020,-0.029663,0.795532,1.024598,0.915527,0.488281,-0.610352,-2.135,-39.016,-3.335,-39.062,0.366,-1.243,-2.801,30.000,27.134,30.000,67.87,125.00,1254,1889
11723,0.645874,-0.031128,0.757324,0.995822,-0.671387,8.422852,0.061035,-2.354,-40.435,-3.340,-39.134,-0.195,1.234,-2.919,30.000,27.103,30.000,67.90,125.00,1254,1889
11773,0.648926,-0.039429,0.805542,1.035160,-0.305176,-6.408691,-0.610352,-2.802,-38.821,-3.334,-38.920,-0.072,-1.440,-3.207,30.000,26.985,30.000,68.01,125.00,1256,1889
11823,0.638306,-0.030884,0.812256,1.033512,0.854492,1.098633,-0.366211,-2.177,-38.142,-3.342,-39.037,0.338,-0.685,-2.853,30.000,27.080,30.000,67.92,125.00,1255,1889
11873,0.643188,-0.031738,0.801392,1.028070,0.671387,0.366211,-0.366211,-2.268,-38.728,-3.345,-39.043,0.194,-0.626,-2.900,30.000,27.097,30.000,67.90,125.00,1254,1889
11914,0.661255,-0.032837,0.749023,0.999686,0.061035,4.028320,-0.061035,-2.510,-41.412,-3.350,-39.149,-0.089,-0.646,-2.999,30.000,27.058,30.000,67.94,125.00,1255,1889
11973,0.633301,-0.027588,0.800537,1.021122,-1.159668,-8.605957,0.122070,-1.974,-38.331,-3.328,-38.862,-0.046,-1.862,-2.737,30.000,27.238,30.000,67.76,125.00,1253,1889
12023,0.625122,-0.032349,0.862061,1.065351,1.831055,-3.784180,-0.549316,-2.149,-35.929,-3.352,-38.977,0.677,-1.246,-2.879,30.000,27.125,30.000,67.87,125.00,1254,1889
12073,0.652100,-0.032837,0.774170,1.012744,1.220703,4.760742,-0.305176,-2.429,-40.083,-3.362,-39.213,0.220,-1.405,-2.974,30.000,27.024,30.000,67.98,125.00,1255,1889
12115,0.649536,-0.033936,0.794312,1.026635,0.000000,-1.708984,-0.427246,-2.446,-39.248,-3.355,-39.175,0.064,-1.177,-3.003,30.000,27.067,30.000,67.93,125.00,1255,1889
12173,0.610107,-0.020874,0.863770,1.057717,-1.037598,-1.647949,-0.427246,-1.384,-35.227,-3.345,-38.982,0.260,2.899,-2.534,30.000,27.275,30.000,67.72,125.00,1252,1889
12223,0.641113,-0.023315,0.819824,1.041000,0.183105,-0.122070,0.000000,-1.629,-38.015,-3.349,-38.953,0.113,0.086,-2.563,30.000,27.288,30.000,67.71,125.00,1252,1889
12273,0.643066,-0.039307,0.789551,1.019053,0.061035,-2.136230,-0.427246,-2.850,-39.127,-3.361,-38.968,-0.019,-1.788,-3.246,30.000,26.995,30.000,68.01,125.00,1256,1889
12320,0.642212,-0.031982,0.819092,1.041331,1.098633,-2.990723,-0.732422,-2.236,-38.077,-3.364,-38.998,0.323,-1.665,-2.900,30.000,27.058,30.000,67.94,125.00,1255,1889
12373,0.609619,-0.018433,0.867187,1.060184,0.427246,2.746582,-0.488281,-1.218,-35.101,-3.354,-38.904,0.580,3.555,-2.442,30.000,27.301,30.000,67.70,125.00,1252,1889
12423,0.671997,-0.027954,0.759644,1.014603,0.671387,1.159668,-0.183105,-2.107,-41.477,-3.369,-39.034,-0.238,-2.735,-2.755,30.000,27.098,30.000,67.90,125.00,1254,1889
12473,0.640991,-0.030762,0.803101,1.028001,-0.244141,-2.197266,-0.610352,-2.194,-38.574,-3.353,-38.989,0.152,-0.996,-2.868,30.000,27.097,30.000,67.90,125.00,1254,1889
12525,0.636230,-0.031982,0.812134,1.032169,0.305176,-0.427246,-0.488281,-2.255,-38.054,-3.345,-39.059,0.341,-1.298,-2.901,30.000,27.125,30.000,67.87,125.00,1254,1889
12573,0.652344,-0.036499,0.770630,1.010324,-0.122070,10.070801,-0.366211,-2.712,-40.217,-3.358,-39.110,-0.208,3.353,-3.152,30.000,26.976,30.000,68.02,125.00,1256,1889
12623,0.645752,-0.036011,0.768433,1.004381,-1.892090,-9.582520,-0.488281,-2.683,-40.011,-3.327,-38.844,-0.308,-3.209,-3.128,30.000,27.064,30.000,67.94,125.00,1255,1889
12673,0.641113,-0.032349,0.818481,1.040185,0.610352,1.037598,-0.427246,-2.263,-38.050,-3.342,-39.024,0.379,-0.669,-2.901,30.000,27.140,30.000,67.86,125.00,1254,1889
12725,0.645874,-0.030396,0.802612,1.030662,0.671387,-0.915527,0.061035,-2.169,-38.804,-3.339,-39.046,0.146,-1.291,-2.841,30.000,27.158,30.000,67.84,125.00,1254,1889
12773,0.651978,-0.040283,0.785400,1.021544,0.976562,7.019043,-0.610352,-2.936,-39.660,-3.363,-39.070,0.068,2.526,-3.292,30.000,26.845,30.000,68.15,125.00,1257,1889
12823,0.651733,-0.032104,0.777832,1.015288,-1.220703,-7.446289,-0.427246,-2.364,-39.935,-3.331,-38.908,-0.218,-2.829,-2.933,30.000,27.120,30.000,67.88,125.00,1254,1889
12873,0.643066,-0.034668,0.807861,1.033139,0.549316,-0.122070,-0.549316,-2.457,-38.494,-3.332,-39.057,0.296,-1.377,-3.002,30.000,27.081,30.000,67.92,125.00,1255,1889
12923,0.643311,-0.030029,0.798950,1.026193,0.549316,0.549316,-0.488281,-2.153,-38.821,-3.324,-39.098,0.221,-0.749,-2.819,30.000,27.153,30.000,67.85,125.00,1254,1889
12973,0.654175,-0.042236,0.804932,1.038096,1.159668,10.559082,-0.732422,-3.004,-39.063,-3.351,-39.117,-0.155,5.051,-3.333,30.000,26.848,30.000,68.15,125.00,1257,1889
13023,0.653442,-0.035889,0.731445,0.981472,-2.990723,-10.803223,-0.549316,-2.809,-41.742,-3.316,-38.870,-0.578,-5.006,-3.197,30.000,26.990,30.000,68.01,125.00,1256,1889
13073,0.638306,-0.031006,0.830200,1.047677,-0.244141,0.488281,-0.366211,-2.139,-37.536,-3.316,-39.045,0.430,-0.340,-2.827,30.000,27.232,30.000,67.77,125.00,1253,1889
13123,0.645386,-0.029541,0.781982,1.014343,0.061035,-2.746582,-0.427246,-2.163,-39.513,-3.311,-39.090,0.276,-2.581,-2.798,30.000,27.219,30.000,67.78,125.00,1253,1889
13164,0.649170,-0.030273,0.795044,1.026856,0.000000,-0.976562,-0.427246,-2.181,-39.212,-3.310,-39.135,0.091,-1.296,-2.824,30.000,27.200,30.000,67.80,125.00,1253,1889
13223,0.619141,-0.027466,0.830933,1.036600,-0.976562,-4.028320,-0.427246,-1.893,-36.675,-3.297,-38.901,0.103,1.602,-2.725,30.000,27.307,30.000,67.69,125.00,1252,1889
13273,0.652222,-0.040283,0.777466,1.015613,0.000000,-0.915527,-0.183105,-2.966,-39.956,-3.317,-39.001,-0.123,-1.903,-3.285,30.000,27.037,30.000,67.96,125.00,1255,1889
13323,0.650024,-0.029053,0.782471,1.017662,0.122070,-1.892090,-0.366211,-2.126,-39.698,-3.313,-39.013,0.100,-1.598,-2.781,30.000,27.141,30.000,67.86,125.00,1254,1889
13364,0.652100,-0.030762,0.783813,1.020070,-0.305176,-1.770020,-0.366211,-2.247,-39.737,-3.306,-39.081,-0.014,-1.756,-2.849,30.000,27.207,30.000,67.79,125.00,1253,1889
13423,0.614380,-0.027710,0.891846,1.083337,0.061035,-11.535645,-1.342773,-1.780,-34.549,-3.296,-38.810,0.457,0.315,-2.714,30.000,27.260,30.000,67.74,125.00,1253,1889
13473,0.639160,-0.025391,0.799805,1.024138,1.708984,4.272461,-0.427246,-1.818,-38.616,-3.325,-39.082,0.310,-0.937,-2.626,30.000,27.232,30.000,67.77,125.00,1253,1889
13523,0.646240,-0.028931,0.790771,1.021657,0.122070,-0.671387,-0.427246,-2.095,-39.238,-3.317,-39.034,0.046,-0.906,-2.776,30.000,27.161,30.000,67.84,125.00,1254,1889
13565,0.646729,-0.031494,0.791870,1.022892,-0.366211,-1.586914,-0.549316,-2.278,-39.217,-3.319,-39.042,0.008,-1.182,-2.885,30.000,27.122,30.000,67.88,125.00,1254,1889
13623,0.640747,-0.028564,0.887085,1.094666,3.784180,0.183105,-1.342773,-1.844,-35.827,-3.323,-38.957,0.945,2.895,-2.692,30.000,27.116,30.000,67.88,125.00,1254,1889
13673,0.653076,-0.023071,0.770386,1.010215,1.342773,1.037598,-0.488281,-1.715,-40.276,-3.322,-38.969,0.120,-1.203,-2.518,30.000,27.183,30.000,67.82,125.00,1254,1889
13723,0.649414,-0.029907,0.798096,1.029364,0.671387,0.976562,-0.122070,-2.146,-39.116,-3.314,-38.959,0.268,-0.016,-2.800,30.000,27.216,30.000,67.78,125.00,1253,1889
13765,0.640747,-0.034424,0.812500,1.035325,0.183105,0.793457,-0.549316,-2.426,-38.235,-3.307,-38.913,0.596,1.257,-2.957,30.000,27.123,30.000,67.88,125.00,1254,1889
13823,0.723511,-0.013794,0.759888,1.049327,-2.136230,12.145996,-3.723145,-1.040,-43.591,-3.185,-38.962,1.039,10.692,-1.829,30.000,27.950,30.000,67.05,125.00,1245,1889
13873,0.643677,-0.017822,0.819336,1.042089,-1.403809,0.549316,-3.479004,-1.246,-38.147,-3.017,-38.664,-0.563,1.452,-2.190,30.000,27.767,30.000,67.23,125.00,1247,1889
13923,0.610840,-0.029175,0.841553,1.040282,-3.479004,-1.525879,-5.615234,-1.986,-35.958,-2.935,-38.464,-2.240,1.206,-2.711,30.000,27.360,30.000,67.64,125.00,1252,1889
13973,0.597534,-0.034790,0.840454,1.031804,-4.028320,-1.037598,-2.746582,-2.370,-35.388,-3.021,-38.097,-3.495,-0.243,-3.044,30.000,26.808,30.000,68.19,125.00,1258,1889
14014,0.645508,-0.032837,0.808838,1.035363,-0.183105,2.319336,-1.159668,-2.325,-38.569,-3.047,-38.172,-2.097,0.808,-2.903,30.000,27.140,30.000,67.86,125.00,1254,1889
14073,0.633667,-0.025146,0.813110,1.031172,-0.671387,-2.136230,-1.220703,-1.771,-37.916,-3.026,-37.963,-0.923,-0.019,-2.521,30.000,27.503,30.000,67.50,125.00,1250,1889
14123,0.665649,-0.028076,0.786499,1.030756,-0.366211,0.366211,-3.356934,-2.044,-40.225,-3.042,-38.110,-1.241,-0.793,-2.652,30.000,27.316,30.000,67.68,125.00,1252,1889
14173,0.664062,-0.016846,0.792603,1.034157,-2.929688,-13.549805,-6.408691,-1.218,-39.951,-2.993,-38.367,-2.255,-2.792,-2.193,30.000,27.697,30.000,67.30,125.00,1248,1889
14214,0.627441,-0.037231,0.815186,1.029367,-5.859375,4.882812,-7.751465,-2.615,-37.556,-2.988,-38.417,-4.200,-0.296,-3.173,30.000,27.021,30.000,67.98,125.00,1255,1889
14273,0.561523,-0.015869,0.922119,1.079752,4.516602,-11.840820,-3.234863,-0.986,-31.336,-2.983,-38.031,-1.953,-2.051,-2.403,30.000,27.380,30.000,67.62,125.00,1251,1889
14323,0.643799,-0.082397,0.683838,0.942815,6.713867,-6.042480,3.479004,-6.871,-43.067,-3.169,-37.284,-1.059,-12.474,-5.882,30.000,25.201,30.000,69.80,125.00,1276,1889
14373,0.763550,-0.002441,0.727783,1.054838,15.075684,53.344727,2.319336,-0.192,-46.374,-3.081,-38.606,7.703,19.763,-0.718,30.000,28.455,30.000,66.55,125.00,1239,1889
14414,0.750488,-0.014526,0.737793,1.052512,-3.662109,21.545410,-2.075195,-1.128,-45.483,-2.649,-38.001,4.685,24.330,-1.402,30.000,29.028,30.000,65.97,125.00,1233,1889
14473,0.664551,-0.049316,0.752319,1.005010,3.540039,14.160156,-4.150391,-3.751,-41.394,-2.659,-36.653,-1.356,11.177,-3.542,30.000,26.639,30.000,68.36,125.00,1260,1889
14523,0.485352,-0.016235,0.954590,1.071014,-4.089355,20.080566,-2.624512,-0.974,-26.947,-2.742,-35.298,-0.611,21.608,-2.322,30.000,27.374,30.000,67.63,125.00,1251,1889
14573,0.470459,-0.013062,0.910645,1.025074,-5.615234,-2.319336,-3.906250,-0.822,-27.319,-2.543,-33.604,-1.613,15.334,-2.164,30.000,27.859,30.000,67.14,125.00,1246,1889
14615,0.582520,-0.012573,0.892090,1.065510,-0.915527,1.953125,-4.638672,-0.807,-33.141,-2.476,-33.103,-2.619,12.252,-1.957,30.000,27.961,30.000,67.04,125.00,1245,1889
14673,0.423462,-0.018311,0.871948,0.969510,-8.850098,6.469727,-2.807617,-1.203,-25.899,-2.453,-31.945,-5.557,4.550,-2.496,30.000,27.569,30.000,67.43,125.00,1249,1889
14723,0.541992,-0.041382,0.872192,1.027710,0.183105,0.976562,-0.732422,-2.716,-31.829,-2.678,-31.463,-4.164,-0.294,-3.053,30.000,26.992,30.000,68.01,125.00,1256,1889
14774,0.535767,-0.014282,0.878052,1.028700,1.586914,4.089355,-0.366211,-0.932,-31.387,-2.658,-31.477,0.375,2.288,-2.033,30.000,27.907,30.000,67.09,125.00,1245,1889
14815,0.532349,-0.024536,0.871948,1.021905,0.061035,-3.051758,-0.244141,-1.612,-31.395,-2.606,-31.401,-0.257,-0.983,-2.305,30.000,27.740,30.000,67.26,125.00,1247,1889
14873,0.533203,-0.025635,0.888916,1.036887,0.976562,0.549316,-0.488281,-1.652,-30.946,-2.596,-31.398,-0.017,1.061,-2.316,30.000,27.699,30.000,67.30,125.00,1248,1889
14923,0.551147,-0.022095,0.849854,1.013165,2.136230,3.540039,-0.366211,-1.489,-32.955,-2.569,-31.580,0.671,-0.274,-2.152,30.000,27.804,30.000,67.20,125.00,1247,1889
14973,0.507324,-0.022461,0.888306,1.023215,-0.244141,-0.976562,-0.366211,-1.448,-29.723,-2.514,-31.507,0.153,-0.126,-2.204,30.000,27.822,30.000,67.18,125.00,1246,1889
15025,0.550293,-0.025513,0.845825,1.009403,0.000000,-1.342773,-0.366211,-1.728,-33.036,-2.517,-31.509,-0.424,-2.017,-2.275,30.000,27.755,30.000,67.25,125.00,1247,1889
15073,0.542969,-0.020264,0.879150,1.033504,2.197266,6.896973,-0.549316,-1.320,-31.693,-2.493,-31.573,0.768,2.851,-2.052,30.000,27.903,30.000,67.10,125.00,1246,1889
15123,0.529663,-0.016846,0.872803,1.021083,0.915527,2.075195,-0.549316,-1.106,-31.247,-2.430,-31.628,0.661,0.940,-1.938,30.000,28.033,30.000,66.97,125.00,1244,1889
15173,0.509033,-0.028076,0.885986,1.022191,-0.854492,-6.713867,-0.366211,-1.815,-29.867,-2.409,-31.445,-0.522,-2.703,-2.292,30.000,27.790,30.000,67.21,125.00,1247,1889
15225,0.555542,-0.023926,0.861206,1.025122,1.831055,1.953125,-0.610352,-1.591,-32.815,-2.478,-31.626,-0.064,-1.605,-2.175,30.000,27.726,30.000,67.27,125.00,1247,1889
15273,0.555786,-0.021240,0.870850,1.033309,0.488281,5.371094,-0.610352,-1.397,-32.539,-2.448,-31.683,0.217,2.911,-2.069,30.000,27.939,30.000,67.06,125.00,1245,1889
15323,0.546509,-0.023193,0.865967,1.024260,-0.061035,1.464844,-1.159668,-1.534,-32.247,-2.439,-31.652,-0.425,-0.389,-2.153,30.000,27.871,30.000,67.13,125.00,1246,1889
15373,0.563965,-0.021729,0.841553,1.013282,0.549316,2.807617,-0.976562,-1.479,-33.819,-2.437,-31.765,-0.159,0.903,-2.079,30.000,27.914,30.000,67.09,125.00,1245,1889
15423,0.588257,-0.014526,0.872437,1.052332,0.244141,3.234863,0.305176,-0.954,-33.987,-2.403,-31.925,0.400,2.735,-1.786,30.000,28.098,30.000,66.90,125.00,1243,1889
15464,0.589722,-0.008667,0.840210,1.026547,-2.197266,2.624512,-0.488281,-0.591,-35.063,-2.368,-32.032,-0.338,3.854,-1.578,30.000,28.276,30.000,66.72,125.00,1241,1889
15523,0.604370,-0.046997,0.789551,0.995421,1.098633,-13.366699,-0.854492,-3.406,-37.384,-2.500,-32.454,0.219,-2.705,-3.092,30.000,27.121,30.000,67.88,125.00,1254,1889
15573,0.591919,-0.035767,0.883301,1.063893,1.403809,9.094238,2.990723,-2.319,-33.805,-2.500,-32.588,1.963,1.470,-2.403,30.000,27.595,30.000,67.41,125.00,1249,1889
15623,0.605103,-0.014771,0.782837,0.989546,2.929688,-0.366211,4.943848,-1.081,-37.698,-2.452,-32.600,2.859,4.666,-1.619,30.000,28.158,30.000,66.84,125.00,1243,1889
15664,0.664185,-0.031616,0.763550,1.012496,3.173828,0.488281,5.859375,-2.371,-40.995,-2.507,-32.975,2.227,2.977,-2.395,30.000,27.800,30.000,67.20,125.00,1247,1889
15723,0.700073,-0.034302,0.873291,1.119784,1.647949,7.934570,-0.915527,-2.249,-38.696,-2.570,-33.367,1.765,6.444,-2.392,30.000,27.588,30.000,67.41,125.00,1249,1889
15773,0.525513,-0.007080,0.846069,0.996016,1.342773,7.690430,-4.394531,-0.479,-31.844,-2.473,-33.441,-0.191,4.976,-1.715,30.000,28.260,30.000,66.74,125.00,1242,1889
15823,0.563721,0.015015,0.832520,1.005532,-15.502930,15.869141,-9.826660,1.033,-34.099,-2.442,-33.116,-6.666,9.941,-1.263,30.000,28.346,30.000,66.65,125.00,1241,1889
15865,0.569092,0.011353,0.792969,0.976112,-26.367187,2.075195,-17.517090,0.820,-35.663,-2.571,-32.978,-15.690,8.798,-1.872,30.000,28.000,30.000,67.00,125.00,1244,1889
15923,0.614380,-0.016479,0.806641,1.014102,-13.000488,-12.939453,-16.845703,-1.170,-37.289,-2.808,-33.097,-16.637,0.584,-3.031,30.000,27.184,30.000,67.82,125.00,1254,1889
15973,0.566772,-0.043701,0.905518,1.069160,0.854492,9.216309,-3.723145,-2.763,-32.013,-2.983,-33.451,-8.468,-4.779,-3.535,30.000,26.446,30.000,68.55,125.00,1262,1889
16023,0.677490,-0.069458,1.017578,1.224452,-2.136230,4.821777,0.915527,-3.905,-33.594,-3.282,-33.553,-4.828,-2.424,-3.741,30.000,26.204,30.000,68.80,125.00,1264,1889
16065,0.465576,-0.114258,0.863281,0.987457,25.756836,1.953125,14.526367,-7.539,-28.131,-3.794,-33.315,1.392,-1.236,-5.255,30.000,24.806,30.000,70.19,125.00,1280,1889
16123,0.598022,-0.029663,0.780396,0.983630,9.582520,-33.020020,23.742676,-2.177,-37.443,-3.776,-32.835,9.939,-3.082,-2.532,30.000,27.226,30.000,67.77,125.00,1253,1889
16173,0.486084,-0.098633,0.820190,0.958498,23.071289,-0.488281,30.090332,-6.857,-30.473,-4.208,-33.812,15.178,-13.652,-4.635,30.000,25.425,30.000,69.57,125.00,1273,1889
16223,0.595947,-0.087769,1.021851,1.186185,30.273437,4.150391,44.067383,-4.909,-30.159,-4.368,-33.079,20.329,-1.688,-3.442,30.000,26.510,30.000,68.49,125.00,1261,1889
16275,0.599365,-0.025635,0.932129,1.108495,14.648438,48.034668,45.898437,-1.575,-32.731,-4.601,-32.583,20.690,16.202,-2.317,30.000,27.139,30.000,67.86,125.00,1254,1889
16323,0.350586,-0.055298,0.654907,0.744897,15.869141,-18.249512,43.395996,-4.826,-28.077,-5.094,-31.527,18.088,17.549,-4.375,30.000,25.603,30.000,69.40,125.00,1271,1889
16373,0.410645,-0.070801,0.684326,0.801214,25.085449,-66.406250,50.292969,-5.907,-30.832,-5.525,-31.824,23.856,-30.179,-4.503,30.000,25.521,30.000,69.48,125.00,1272,1889
16423,0.654663,-0.070801,0.868286,1.089733,35.583496,-96.618652,52.795410,-4.662,-36.924,-6.057,-34.341,29.147,-70.235,-4.017,30.000,25.667,30.000,69.33,125.00,1270,1889
16473,0.719360,-0.035400,1.220947,1.417549,48.034668,11.657715,53.283691,-1.661,-30.495,-6.510,-37.163,41.223,-43.333,-4.544,30.000,25.387,30.000,69.61,125.00,1273,1889
16514,0.558472,-0.033203,0.833496,1.003847,49.804687,54.992676,52.062988,-2.281,-33.802,-6.252,-36.984,46.179,12.146,-2.087,30.000,27.312,30.000,67.69,125.00,1252,1889
16573,0.450928,-0.057617,0.734985,0.864210,39.245605,-19.409180,62.500000,-4.482,-31.452,-5.777,-35.073,45.965,13.223,-2.908,30.000,27.243,30.000,67.76,125.00,1253,1889
16623,0.632812,-0.139282,0.675049,0.935704,35.461426,-38.269043,54.199219,-11.658,-42.555,-5.914,-35.384,36.309,-28.044,-7.986,30.000,23.677,30.000,71.32,125.00,1292,1889
16673,0.694824,-0.008789,0.930298,1.161168,40.588379,25.817871,40.832520,-0.541,-36.754,-5.986,-36.546,36.848,-17.941,-1.310,30.000,27.982,30.000,67.02,125.00,1245,1889
16714,0.692627,-0.081909,0.670166,0.967245,20.141602,-9.094238,38.208008,-6.968,-45.732,-6.134,-37.425,26.512,-23.206,-5.610,30.000,25.569,30.000,69.43,125.00,1271,1889
16773,0.652344,-0.114624,0.755005,1.004352,11.047363,-14.892578,23.803711,-8.633,-40.505,-6.131,-37.295,20.554,-14.902,-6.912,30.000,24.443,30.000,70.56,125.00,1284,1889
16823,0.695435,-0.085693,0.651855,0.957020,7.263184,9.765625,26.062012,-7.489,-46.608,-6.531,-38.170,13.362,-11.592,-6.924,30.000,23.476,30.000,71.52,125.00,1295,1889
16873,0.618042,-0.048950,0.799805,1.011958,2.990723,-41.870117,12.878418,-3.502,-37.643,-6.921,-38.574,6.224,-27.840,-5.196,30.000,24.436,30.000,70.56,125.00,1284,1889
16915,0.781860,-0.100708,0.927856,1.217524,2.441406,-14.099121,10.559082,-6.195,-39.954,-7.269,-39.489,6.655,-22.747,-7.453,30.000,22.870,30.000,72.13,125.00,1301,1889
16973,0.659668,-0.119873,0.731079,0.991972,11.230469,40.405273,1.647949,-9.312,-41.683,-7.262,-38.860,12.132,30.037,-8.435,30.000,21.847,30.000,73.15,125.00,1313,1889
17023,0.501953,-0.034790,0.725830,0.883174,7.995605,39.672852,2.868652,-2.744,-34.635,-6.878,-37.156,14.672,44.302,-4.515,30.000,24.014,30.000,70.99,125.00,1289,1889
17073,0.576050,-0.110229,0.785034,0.979930,-16.052246,-60.546875,6.835937,-7.993,-36.004,-6.939,-35.838,-3.187,2.753,-8.213,30.000,22.030,30.000,72.97,125.00,1311,1889
17115,0.744019,-0.057617,0.848755,1.130163,2.563477,-34.912109,-3.662109,-3.884,-41.173,-7.429,-36.762,-2.137,-29.419,-5.900,30.000,23.057,30.000,71.94,125.00,1299,1889
17173,0.669678,-0.113770,0.826294,1.069660,23.620605,8.117676,2.197266,-7.840,-38.760,-7.791,-37.942,5.672,-15.362,-8.114,30.000,21.008,30.000,73.99,125.00,1322,1889
17223,0.684692,-0.100464,0.587646,0.907868,-3.479004,-6.958008,4.943848,-9.701,-48.953,-8.284,-39.528,6.283,-13.838,-9.605,30.000,19.306,30.000,75.69,125.00,1341,1889
17273,0.645996,-0.153442,0.896973,1.115982,-11.230469,-44.250488,4.272461,-9.707,-35.370,-8.427,-39.451,8.151,-0.312,-9.285,30.000,20.369,30.000,74.63,125.00,1329,1889
17315,0.761353,-0.213379,0.620728,1.005232,7.446289,-53.955078,-4.089355,-18.971,-49.235,-8.685,-39.953,11.549,-12.211,-16.071,30.000,16.269,30.000,78.53,125.00,1373,1889
17373,0.723267,-0.113159,0.836304,1.111451,3.662109,33.630371,-8.422852,-7.706,-40.597,-8.388,-40.688,7.378,12.526,-8.218,30.000,21.257,30.000,73.74,125.00,1319,1889
17423,0.676392,-0.149292,0.686890,0.975506,2.563477,27.893066,-13.854980,-12.262,-43.898,-8.521,-40.696,-0.778,8.590,-11.846,30.000,18.501,30.000,76.50,125.00,1350,1889
17473,0.708130,-0.131104,0.650879,0.970711,-10.375977,17.333984,-17.150879,-11.388,-46.844,-8.534,-40.402,-8.574,14.042,-11.784,30.000,18.929,30.000,76.07,125.00,1345,1889
17525,0.625000,-0.170654,0.728638,0.975018,-22.521973,-67.871094,-10.253906,-13.182,-39.867,-9.613,-41.425,-17.122,-33.602,-13.597,30.000,15.449,30.000,79.55,125.00,1384,1889
17573,0.808594,-0.202271,0.495483,0.969660,-24.719238,-111.694336,-16.052246,-22.207,-56.501,-11.060,-44.781,-17.588,-72.590,-21.032,30.000,12.209,30.000,81.23,125.00,1403,1889
17623,0.854858,-0.163574,0.500610,1.004067,-20.263672,-105.957031,-18.859863,-18.095,-58.364,-12.318,-49.424,-20.635,-98.109,-18.759,30.000,13.307,30.000,81.57,125.00,1406,1889
17673,1.237061,-0.182007,0.589111,1.382207,5.554199,-123.107910,-32.287598,-17.169,-63.507,-13.935,-54.532,-22.263,-132.670,-16.506,30.000,13.637,30.000,81.36,125.00,1404,1889
17723,1.452271,0.060181,1.017700,1.774380,7.202148,-76.293945,-35.461426,3.384,-54.932,-15.566,-61.700,-1.308,-134.813,-17.042,30.000,12.912,30.000,82.09,125.00,1412,1889
17773,0.759766,-0.033447,0.577759,0.955075,-41.687012,-188.415527,-45.288086,-3.313,-52.703,-15.230,-67.200,-20.961,-136.040,-9.331,30.000,21.220,30.000,75.59,125.00,1340,1889
17823,1.152832,-0.016968,0.060181,1.154526,-49.072266,-417.663574,-42.053223,-15.746,-86.895,-20.850,-78.901,-41.742,-293.942,-21.631,30.000,9.592,30.000,84.17,125.00,1435,1889
17873,1.478638,0.019043,0.110229,1.482863,-67.993164,-379.943848,-15.747070,9.802,-85.674,-37.271,-94.079,-49.200,-359.444,-30.000,30.000,0.177,30.000,94.82,125.00,1554,1889
17923,1.110229,0.080444,0.071533,1.115436,-57.678223,-257.995605,-3.417969,48.356,-84.462,-11.096,-108.825,-53.938,-300.276,26.923,30.000,20.530,15.193,85.79,122.60,1453,1862
17964,0.801758,0.181274,-0.834595,1.171420,-80.200195,-94.726562,4.882812,167.746,-43.191,2.257,-113.914,-61.660,-198.798,30.000,30.000,29.612,0.623,76.19,113.00,1347,1756
18023,1.015015,0.369873,-0.281250,1.116316,-95.336914,31.982422,-6.408691,127.249,-65.402,11.244,-112.631,-77.493,-14.399,30.000,30.000,29.973,0.310,65.03,99.78,1223,1609
18073,1.140137,0.465332,-0.349121,1.279973,-75.378418,156.188965,10.681152,126.880,-62.968,7.397,-110.894,-89.452,74.323,2.626,30.000,30.000,26.385,65.00,111.78,1222,1742
18123,1.142578,0.604370,-0.444458,1.366854,-41.625977,59.997559,30.090332,126.331,-56.712,6.870,-107.001,-69.170,74.739,3.263,30.000,30.000,27.094,65.00,122.09,1222,1857
18164,1.307617,0.514648,-0.236694,1.425044,-38.818359,19.165039,45.959473,114.698,-66.577,9.847,-105.017,-51.810,44.182,7.580,30.000,30.000,23.444,65.00,118.44,1222,1816
18223,0.780396,0.319092,-0.027832,0.843571,-74.218750,77.087402,67.077637,94.985,-67.685,30.964,-99.097,-52.780,84.114,30.000,30.000,30.000,0.846,65.00,106.04,1222,1678
18273,0.764648,0.211792,-0.166870,0.810795,-62.011719,172.546387,57.189941,128.234,-70.576,63.587,-95.832,-57.715,139.346,30.000,30.000,30.000,0.016,65.00,95.02,1222,1556
18323,0.907104,0.280640,-0.054932,0.951112,-77.697754,152.099609,73.608398,101.075,-72.503,105.003,-95.903,-64.600,170.568,30.000,30.000,30.000,0.000,65.00,95.00,1222,1556
18365,1.215942,0.328613,0.229248,1.280257,-55.114746,111.022949,80.078125,55.100,-71.762,122.867,-99.355,-61.985,143.084,30.000,30.000,30.000,0.000,65.00,95.00,1222,1556
18423,1.234741,0.223755,0.269409,1.283446,-55.786133,131.286621,83.007812,39.711,-74.165,134.421,-108.218,-55.378,138.283,30.000,30.000,30.000,0.000,65.00,95.00,1222,1556
18473,0.761841,0.099976,0.191772,0.791943,-46.813965,137.573242,87.341309,27.534,-74.152,131.271,-113.903,-49.771,138.756,30.000,30.000,30.000,0.000,65.00,95.00,1222,1556
18523,0.701904,0.024292,0.224487,0.737329,-57.922363,146.484375,79.956055,6.176,-72.167,133.150,-121.881,-54.357,143.470,30.000,30.000,30.000,0.000,65.00,95.00,1222,1556
18565,0.914429,-0.055786,0.462524,1.026265,-60.974121,123.046875,70.434570,-6.877,-63.002,123.298,-123.264,-60.602,132.094,30.000,30.000,30.000,0.000,65.00,95.00,1222,1556
18623,0.978394,-0.193726,0.547485,1.137771,-57.861328,107.543945,58.715820,-19.486,-59.308,109.966,-122.721,-59.597,110.647,24.685,30.000,30.000,4.064,65.00,99.06,1222,1601
18674,0.894165,-0.307617,0.651855,1.148510,-40.832520,100.646973,31.982422,-25.263,-51.127,101.161,-120.279,-48.537,106.309,17.828,30.000,30.000,11.370,65.00,106.37,1222,1682
18723,0.657715,-0.326416,0.632446,0.969084,-40.832520,158.752441,16.113281,-27.299,-42.742,96.092,-116.005,-43.133,128.958,20.782,30.000,30.000,11.634,65.00,107.19,1222,1691
18775,0.484253,-0.495728,0.768433,1.034763,-82.336426,213.623047,8.605957,-32.827,-27.904,97.180,-110.468,-63.650,171.439,30.000,30.000,30.000,5.099,65.00,103.93,1222,1655
18823,0.098877,-0.716064,0.937378,1.183724,-107.299805,235.107422,-1.770020,-37.376,-4.792,111.985,-105.552,-89.142,205.167,30.000,30.000,30.000,0.492,65.00,95.49,1222,1561
18874,-0.197021,-0.671631,0.541260,0.884798,-80.261230,381.591797,-37.902832,-51.135,12.866,137.540,-109.210,-96.370,331.722,10.465,12.835,25.032,2.556,69.80,97.56,1276,1584
18923,-0.547607,-0.869019,0.405762,1.104405,-93.078613,370.056152,-122.070312,-64.971,29.725,153.244,-114.262,-101.216,364.694,6.328,0.747,16.639,-3.171,70.38,92.37,1282,1526
18974,-0.566772,-0.947144,-0.049561,1.104884,-59.692383,459.899902,-194.458008,-92.995,30.862,154.997,-114.765,-82.225,422.579,-11.592,-3.345,-12.500,5.729,82.38,100.05,1415,1612
19014,-0.570679,-1.149658,-0.240845,1.305907,34.545898,476.318359,-239.685059,-101.832,25.912,173.847,-129.925,-26.861,457.723,30.000,30.000,28.257,0.235,76.93,95.23,1355,1558
19074,-0.169067,-0.916504,-0.416748,1.020903,62.988281,386.779785,-210.083008,-114.452,9.532,163.499,-138.762,39.412,428.178,-16.378,20.809,4.200,21.051,85.36,106.52,1448,1684
19123,-0.161987,-1.077271,0.113281,1.095255,93.444824,369.873047,-201.110840,-83.997,8.505,155.528,-140.026,77.657,421.885,4.623,22.408,21.137,19.446,79.59,114.45,1384,1772
19173,-0.065430,-1.197510,0.413574,1.268603,81.420898,285.766602,-153.137207,-70.947,2.956,155.137,-141.190,89.521,347.216,30.000,30.000,29.836,11.191,67.58,117.47,1251,1805
19214,0.143921,-1.166138,0.357666,1.228216,49.682617,272.766113,-125.183105,-72.949,-6.729,161.454,-147.252,68.359,296.035,30.000,30.000,29.993,3.176,65.01,107.87,1222,1699
19274,0.236816,-0.960083,0.330200,1.042532,53.222656,238.647461,-77.087402,-71.020,-13.130,147.128,-144.319,54.117,287.525,8.953,30.000,30.000,18.478,65.00,112.74,1222,1753
19323,0.004272,-0.809204,0.671875,1.051782,57.556152,175.415039,-68.603516,-50.297,-0.233,137.731,-138.196,47.646,234.882,19.764,30.000,30.000,13.757,65.00,110.66,1222,1730
19373,0.045288,-0.838135,0.585937,1.023642,36.865234,166.015625,-57.983398,-55.043,-2.536,130.042,-129.521,38.921,183.934,12.887,30.000,30.000,17.843,65.00,112.84,1222,1754
19415,0.210205,-0.911255,0.375610,1.007797,26.184082,81.176758,-62.194824,-67.599,-12.039,124.196,-121.579,32.052,119.790,1.549,30.000,30.000,24.971,65.00,118.12,1222,1812
19473,0.146851,-0.869507,0.354492,0.950406,37.475586,-27.404785,-67.687988,-67.820,-8.889,121.891,-112.527,30.508,39.834,0.411,30.000,30.000,20.666,65.00,115.67,1222,1785
19523,0.001831,-0.793823,0.676270,1.042832,16.357422,46.386719,-47.668457,-49.572,-0.101,121.602,-103.520,22.532,66.961,12.566,30.000,29.871,17.011,65.13,112.01,1224,1745
19579,0.039063,-0.810425,0.617676,1.019724,30.334473,44.189453,-71.350098,-52.687,-2.195,124.378,-93.444,22.136,63.303,11.384,30.000,29.998,19.330,65.00,114.33,1222,1770
19615,0.061401,-0.835449,0.593506,1.026642,18.859863,74.707031,-62.744141,-54.610,-3.429,110.362,-85.731,18.661,65.294,4.404,30.000,30.000,23.572,65.00,118.50,1222,1817
19673,0.129272,-0.863770,0.555176,1.034905,23.681641,45.288086,-73.486328,-57.270,-7.176,77.774,-76.082,19.513,59.651,-9.691,30.000,24.434,18.996,67.92,114.41,1255,1771
19723,-0.034180,-0.866699,0.702637,1.116259,16.113281,182.617187,-58.227539,-50.968,1.755,55.878,-64.502,9.389,134.386,-14.222,15.407,4.619,29.593,79.92,124.59,1388,1884
19773,-0.093872,-0.829712,0.484253,0.965264,-20.202637,196.655273,-66.284180,-59.730,5.581,40.358,-51.728,2.239,177.524,-26.891,5.166,-12.716,25.201,87.12,120.20,1468,1836
19825,-0.369385,-0.831177,0.509155,1.042372,-0.854492,213.928223,-54.565430,-58.510,20.755,27.321,-35.291,-6.851,221.976,-30.000,-14.377,-29.585,15.722,99.12,113.78,1601,1764
19873,-0.560913,-0.764893,0.562134,1.102578,-49.804687,264.648437,-83.801270,-53.687,30.579,16.521,-17.162,-36.340,268.089,-30.000,-30.000,-29.992,2.697,111.12,101.78,1735,1631
19923,-0.421265,-0.728516,0.371216,0.919783,-55.114746,220.764160,-83.557129,-62.999,27.258,6.732,-0.705,-47.177,241.313,-30.000,-30.000,-30.000,0.126,123.12,95.13,1868,1557
19973,-0.393555,-0.736450,0.393555,0.923109,-41.687012,73.486328,-113.952637,-61.880,25.235,-2.226,10.753,-43.410,150.077,-30.000,-30.000,-30.000,0.010,125.00,95.01,1889,1556
20025,-0.357666,-0.787964,0.336060,0.928304,-46.691895,-119.873047,-120.239258,-66.902,22.662,-11.278,14.111,-46.302,-10.234,-30.000,-20.914,-30.000,7.625,125.00,102.20,1889,1636
20073,-0.048218,-1.003784,0.246826,1.034810,-62.561035,-241.333008,-112.426758,-76.185,2.671,-20.003,7.828,-51.526,-163.308,-30.000,4.984,-27.259,27.808,122.60,114.20,1862,1769
20123,0.137573,-1.045044,0.220459,1.076868,-52.246094,-349.975586,-99.792480,-78.088,-7.340,-27.751,-5.912,-53.657,-294.373,-30.000,24.992,-8.104,29.960,111.56,124.96,1740,1888
20173,0.191040,-1.056152,0.165161,1.085925,-81.542969,-368.164062,-70.312500,-81.112,-10.132,-36.845,-21.865,-66.611,-355.079,-30.000,30.000,-0.477,29.999,99.56,125.00,1606,1889
20223,0.394409,-1.054565,0.048584,1.126955,-82.946777,-322.265625,-48.400879,-87.362,-20.486,-50.194,-36.242,-82.381,-356.804,-30.000,30.000,-0.009,30.000,95.01,125.00,1556,1889
20264,0.616699,-1.078735,-0.162842,1.253198,-31.311035,-118.164062,-41.442871,-98.584,-29.479,-61.341,-44.886,-68.399,-264.616,-30.000,30.000,-0.000,30.000,95.00,125.00,1556,1889
20323,0.374878,-0.748291,-0.160645,0.852220,-4.943848,48.706055,-46.020508,-102.116,-26.096,-75.581,-48.602,-28.651,-77.539,-30.000,30.000,-0.000,30.000,95.00,125.00,1556,1889
20373,0.353149,-0.719849,-0.097778,0.807748,25.573730,184.265137,-40.527344,-97.735,-25.926,-76.000,-49.091,3.316,79.282,-30.000,30.000,-0.000,30.000,95.00,125.00,1556,1889
20423,0.448853,-0.914062,-0.047363,1.019422,41.381836,255.310059,-34.790039,-92.966,-26.123,-68.706,-46.657,29.972,195.334,-30.000,24.813,-3.454,30.000,98.45,125.00,1594,1889
20464,0.596558,-1.208130,-0.024780,1.347618,60.363770,352.478027,-14.709473,-91.175,-26.275,-58.604,-43.262,43.806,265.552,-30.000,30.000,-0.491,30.000,95.49,125.00,1561,1889
20523,0.444092,-0.978516,0.102905,1.079491,44.433594,356.811523,15.991211,-83.997,-24.292,-45.457,-32.482,47.995,313.007,-30.000,10.986,-15.772,30.000,105.44,125.00,1672,1889
20573,0.260376,-0.766235,0.197876,0.833107,58.288574,407.836914,23.071289,-75.520,-18.212,-40.873,-19.630,50.697,356.378,-30.000,-0.912,-26.919,29.499,117.44,124.50,1805,1883
20623,-0.019897,-0.769531,0.387207,0.861686,43.212891,286.315918,29.785156,-63.290,1.323,-37.623,-5.270,43.252,318.198,-30.000,-18.117,-29.943,14.210,124.94,113.72,1888,1764
20664,-0.322998,-0.917236,0.601929,1.143664,-23.559570,164.184570,25.390625,-56.725,16.405,-37.784,5.554,16.933,260.121,-30.000,-29.281,-29.998,1.966,125.00,104.12,1889,1657
20723,-0.156982,-0.877197,0.421021,0.985584,-21.240234,132.141113,26.611328,-64.361,9.165,-41.475,15.928,-5.124,167.795,-30.000,-22.559,-30.000,7.059,125.00,102.06,1889,1634
20773,-0.200684,-0.740356,0.469238,0.899214,-19.470215,-36.499023,11.352539,-57.633,12.896,-44.219,19.512,-14.535,35.803,-30.000,-18.686,-30.000,10.818,125.00,105.82,1889,1676
20823,-0.165405,-0.752563,0.321899,0.835063,-14.160156,-178.222656,22.766113,-66.842,11.424,-45.624,18.901,-13.896,-86.208,-30.000,-10.165,-30.000,16.096,125.00,108.93,1889,1710
20865,-0.092773,-0.948486,0.528198,1.089599,8.666992,-249.267578,14.526367,-60.887,4.884,-46.340,15.049,-9.584,-155.553,-30.000,0.155,-29.915,28.507,124.91,118.53,1888,1817
20923,0.045288,-1.042725,0.480469,1.148989,21.118164,-268.310547,3.662109,-65.261,-2.259,-46.586,5.783,14.828,-231.191,-30.000,13.368,-17.418,29.988,112.42,124.99,1749,1889
20973,0.163696,-1.003296,0.494263,1.130352,60.363770,-185.424805,8.056641,-63.773,-8.327,-46.803,-2.315,37.197,-222.090,-30.000,19.976,-11.023,30.000,106.02,125.00,1678,1889
21023,0.215332,-0.838013,0.356567,0.935828,45.959473,-116.760254,4.821777,-66.951,-13.303,-47.528,-9.304,35.036,-188.514,-30.000,24.210,-6.054,30.000,101.70,125.00,1630,1889
21065,0.209717,-0.824829,0.391113,0.936640,-15.075684,-187.988281,19.470215,-64.631,-12.938,-48.934,-13.840,22.433,-179.237,-30.000,25.139,-4.799,30.000,99.80,125.00,1609,1889
21123,0.369751,-0.924805,0.480957,1.106029,26.672363,-128.601074,18.249512,-62.523,-19.530,-51.305,-19.031,22.335,-141.803,-30.000,29.605,-0.811,30.000,95.81,125.00,1565,1889
21173,0.366211,-0.945068,0.435425,1.103114,28.625488,-70.617676,38.391113,-65.263,-19.389,-53.626,-21.464,25.329,-96.436,-30.000,27.719,-1.479,30.000,96.48,125.00,1572,1889
21223,0.395996,-0.865356,0.273315,0.990129,38.330078,-34.912109,43.334961,-72.472,-23.575,-55.493,-22.166,31.061,-65.808,-30.000,29.144,-1.247,30.000,96.25,125.00,1569,1889
21273,0.360840,-0.883545,0.373901,1.025017,54.504395,18.005371,48.706055,-67.063,-20.612,-55.746,-21.117,42.814,-14.481,-30.000,23.542,-6.432,30.000,101.43,125.00,1627,1889
21314,0.226196,-0.903687,0.509766,1.061920,47.241211,37.048340,54.016113,-60.573,-12.299,-54.911,-18.934,48.097,24.411,-30.000,14.510,-13.141,30.000,107.67,125.00,1696,1889
21373,0.174194,-0.973755,0.469238,1.094864,59.875488,81.237793,66.223145,-64.271,-9.155,-53.366,-13.748,52.821,67.274,-30.000,7.694,-20.740,30.000,115.74,125.00,1786,1889
21423,0.011353,-0.976929,0.508179,1.101256,43.579102,64.514160,94.177246,-62.517,-0.591,-51.851,-7.911,44.156,68.497,-30.000,-0.750,-29.389,29.377,124.39,124.38,1882,1882
21473,-0.011108,-0.831543,0.623291,1.039268,28.381348,20.141602,104.919434,-53.146,0.612,-50.315,-2.005,42.299,56.752,-30.000,-3.179,-29.989,26.941,124.99,121.94,1889,1855
21514,-0.059814,-0.826294,0.718018,1.096307,66.528320,-56.091309,91.308594,-49.011,3.128,-48.513,1.707,49.141,10.675,-30.000,-3.340,-30.000,26.707,125.00,121.71,1889,1852
21573,-0.162720,-0.709839,0.578369,0.929978,58.532715,-100.830078,85.693359,-50.827,10.077,-45.302,4.706,58.658,-53.929,-30.000,-5.673,-29.974,24.640,124.97,119.64,1889,1829
21623,-0.049316,-0.796509,0.784546,1.119094,76.354980,-138.427734,85.571289,-45.434,2.526,-42.477,5.016,63.213,-87.528,-30.000,1.623,-28.940,29.547,123.94,124.55,1877,1884
21673,-0.038086,-0.752808,0.809570,1.106153,54.077148,-139.099121,82.153320,-42.919,1.973,-39.178,3.149,63.625,-129.191,-30.000,5.183,-24.014,29.992,119.01,124.99,1822,1889
21715,0.128418,-0.667969,0.505371,0.847392,61.096191,-229.919434,85.693359,-52.890,-8.716,-36.786,0.309,62.631,-186.005,-30.000,17.079,-18.304,30.000,117.48,125.00,1805,1889
21773,0.296753,-0.609009,0.591309,0.899222,66.406250,-189.331055,99.365234,-45.845,-19.269,-34.001,-5.804,59.698,-183.964,-30.000,26.856,-7.568,30.000,105.57,125.00,1673,1889
21823,0.344727,-0.579590,0.650757,0.937147,54.565430,-165.832520,110.778809,-41.690,-21.583,-33.428,-11.708,54.882,-195.826,-30.000,30.000,-1.541,30.000,97.81,125.00,1587,1889
21873,0.447754,-0.709351,0.747559,1.123613,22.888184,-160.522461,131.408691,-43.498,-23.484,-34.251,-16.669,39.487,-169.194,-30.000,30.000,-0.331,30.000,95.33,125.00,1559,1889
21920,0.507324,-0.714844,0.772095,1.168122,34.729004,-49.438477,148.071289,-42.795,-25.741,-35.672,-18.697,41.366,-105.877,-30.000,30.000,-0.014,30.000,95.01,125.00,1556,1889
21973,0.336548,-0.677734,0.706665,1.035357,25.024414,11.413574,167.663574,-43.803,-18.969,-37.817,-16.841,32.621,-24.247,-30.000,21.252,-7.102,30.000,101.64,125.00,1629,1889
22023,0.208496,-0.680664,0.668091,0.976278,18.310547,72.570801,180.297852,-45.534,-12.331,-38.750,-11.564,27.200,29.655,-30.000,11.381,-16.492,30.000,110.72,125.00,1730,1889
22073,0.051880,-0.718872,0.840942,1.107543,11.108398,101.684570,186.218262,-40.525,-2.685,-39.172,-3.985,16.293,69.954,-30.000,-0.725,-27.374,29.601,120.91,124.60,1843,1884
22115,-0.109253,-0.753052,0.635620,0.991482,-6.530762,62.133789,186.157227,-49.834,6.326,-39.232,2.995,8.520,68.648,-30.000,-9.601,-29.892,22.531,124.89,117.74,1888,1808
22173,-0.440674,-0.636963,0.734985,1.067763,-17.883301,47.180176,181.823730,-40.913,24.375,-39.014,14.730,-4.060,68.747,-30.000,-26.176,-29.999,5.549,125.00,103.34,1889,1648
22223,-0.529907,-0.612305,0.577026,0.994323,-53.833008,58.471680,186.828613,-46.699,32.204,-38.804,24.042,-29.412,62.650,-30.000,-30.000,-30.000,0.170,125.00,95.17,1889,1557
22273,-0.639893,-0.540771,0.509521,0.980565,-69.519043,-6.408691,178.955078,-46.704,40.736,-38.771,33.000,-51.136,39.049,-30.000,-30.000,-30.000,0.003,125.00,95.00,1889,1556
22325,-0.737915,-0.491577,0.591919,1.066084,-70.129395,-86.486816,166.687012,-39.709,43.802,-37.254,38.898,-67.684,-36.568,-30.000,-30.000,-30.000,0.000,125.00,95.00,1889,1556
22373,-0.697754,-0.419678,0.638794,1.034914,-75.500488,-109.924316,161.743164,-33.304,42.393,-33.590,41.413,-74.379,-83.210,-30.000,-30.000,-30.000,0.000,125.00,95.00,1889,1556
22423,-0.648926,-0.385010,0.615723,0.973885,-74.096680,-138.366699,155.822754,-32.018,41.784,-29.077,41.277,-75.624,-119.650,-30.000,-30.000,-30.000,0.000,125.00,95.00,1889,1556
22473,-0.593384,-0.385498,0.758667,1.037443,-69.030762,-157.836914,154.968262,-26.936,34.888,-24.418,38.746,-73.629,-144.308,-30.000,-30.000,-30.000,0.000,125.00,95.00,1889,1556
22525,-0.463135,-0.358398,0.812988,1.001945,-66.101074,-176.452637,155.639648,-23.790,27.531,-20.440,34.040,-68.708,-163.826,-27.575,-25.316,-30.000,1.899,125.00,96.90,1889,1577
22573,-0.345093,-0.355591,0.896240,1.024100,-58.715820,-188.659668,159.484863,-21.641,19.692,-17.694,27.686,-63.174,-179.448,-23.919,-17.910,-30.000,5.333,125.00,100.33,1889,1615
22623,-0.166016,-0.344482,0.926025,1.001874,-52.795410,-208.679199,163.696289,-20.405,9.538,-16.199,19.647,-55.129,-205.060,-21.733,-7.359,-29.501,13.580,124.50,108.58,1883,1706
22673,-0.019531,-0.359619,0.864380,0.936408,-23.071289,-296.997070,162.048340,-22.589,1.195,-15.831,9.599,-38.167,-261.603,-21.096,7.174,-16.505,26.053,113.26,119.24,1758,1825
22723,0.188843,-0.389160,0.723511,0.842956,0.183105,-355.773926,178.100586,-28.275,-12.946,-17.142,-3.385,-20.123,-330.638,-23.830,26.739,-0.005,29.927,101.26,124.93,1625,1888
22764,0.575073,-0.540161,0.536377,0.954035,43.212891,-369.445801,161.743164,-45.201,-37.069,-20.265,-16.524,5.562,-379.457,-30.000,30.000,0.918,29.997,94.08,125.00,1545,1889
22823,0.998535,-0.732056,0.482178,1.328711,82.519531,-221.496582,172.363281,-56.629,-48.721,-28.353,-33.374,46.903,-329.439,-28.231,30.000,1.671,30.000,93.33,125.00,1537,1889
22873,0.863159,-0.719604,0.355347,1.178620,73.913574,-210.632324,162.536621,-63.719,-47.084,-37.173,-41.309,64.012,-260.827,-30.000,30.000,0.040,30.000,94.96,125.00,1555,1889
22923,0.651367,-0.723511,0.459717,1.076609,85.937500,-154.113770,175.048828,-57.568,-37.230,-47.363,-43.433,81.681,-186.432,-30.000,30.000,0.001,30.000,95.00,125.00,1556,1889
22964,0.530884,-0.695312,0.270020,0.915537,85.998535,-138.183594,169.067383,-68.777,-35.441,-54.119,-41.959,86.015,-162.104,-30.000,30.000,0.000,30.000,95.00,125.00,1556,1889
23023,0.512451,-0.912109,0.331543,1.097484,87.341309,-127.441406,166.992187,-70.024,-27.835,-60.848,-36.804,89.101,-134.215,-30.000,30.000,0.000,30.000,95.00,125.00,1556,1889
23073,0.391846,-1.051270,0.391846,1.188383,103.027344,-95.947266,160.034180,-69.558,-19.252,-62.992,-31.503,94.817,-108.148,-30.000,30.000,0.000,30.000,95.00,125.00,1556,1889
23123,0.275146,-0.980469,0.440186,1.109409,100.891113,-69.274902,153.930664,-65.822,-14.360,-62.697,-25.565,100.322,-83.242,-30.000,24.910,-4.042,30.000,99.04,125.00,1600,1889
23165,0.180054,-0.853882,0.367676,0.946952,113.159180,-12.634277,146.850586,-66.704,-10.961,-61.282,-20.373,104.662,-55.902,-30.000,18.841,-10.054,30.000,105.05,125.00,1667,1889
23223,0.000366,-0.837036,0.578979,1.017766,102.966309,-20.446777,146.728516,-55.328,-0.021,-56.944,-12.271,106.487,-30.130,-30.000,6.353,-21.967,30.000,116.97,125.00,1800,1889
23273,-0.221313,-0.810425,0.701416,1.094419,90.454102,-59.631348,137.878418,-49.124,11.667,-52.660,-5.787,98.589,-44.380,-30.000,-3.343,-29.409,28.111,124.41,123.11,1882,1868
23323,-0.156128,-0.768677,0.509399,0.935269,62.744141,-129.760742,148.559570,-56.468,9.610,-48.573,-0.605,81.694,-85.260,-30.000,-1.414,-29.989,26.761,124.99,121.76,1889,1853
23365,-0.263428,-0.615845,0.756958,1.010764,64.147949,-209.716797,135.131836,-39.131,15.107,-45.111,1.882,72.491,-130.645,-30.000,-1.897,-30.000,27.309,125.00,122.31,1889,1859
23423,-0.112427,-0.502319,0.644531,0.824855,46.447754,-302.978516,129.089355,-37.931,7.834,-40.587,0.711,54.857,-223.823,-30.000,8.753,-23.167,29.978,118.17,124.98,1813,1889
23473,0.067505,-0.577759,0.722534,0.927587,38.208008,-336.303711,122.253418,-38.647,-4.173,-38.277,-4.760,45.802,-285.644,-30.000,21.842,-10.364,30.000,106.17,125.00,1680,1889
23523,0.338013,-0.645386,0.644897,0.972969,34.301758,-370.727539,135.559082,-45.022,-20.329,-38.254,-13.298,43.021,-328.463,-30.000,30.000,-0.312,30.000,95.31,125.00,1559,1889
23575,0.682983,-0.710937,0.602417,1.155337,55.297852,-216.613770,145.385742,-49.724,-36.239,-41.032,-21.924,52.033,-270.965,-30.000,30.000,-0.006,30.000,95.01,125.00,1556,1889
23623,0.716431,-0.754272,0.583008,1.192518,77.331543,-49.194336,156.799316,-52.298,-36.925,-42.891,-23.751,63.473,-128.226,-30.000,30.000,-0.000,30.000,95.00,125.00,1556,1889
23673,0.453003,-0.643677,0.630371,1.008414,73.669434,64.575195,181.274414,-45.598,-26.694,-43.150,-20.825,69.156,-7.937,-30.000,27.386,-1.622,30.000,96.62,125.00,1574,1889
23723,0.314331,-0.653320,0.671143,0.987959,54.992676,149.597168,188.781738,-44.229,-18.552,-41.593,-13.373,64.914,78.462,-30.000,13.511,-14.691,30.000,108.32,125.00,1704,1889
23773,0.026733,-0.687134,0.857056,1.098823,40.344238,167.114258,202.636719,-38.720,-1.394,-39.034,-2.224,50.171,140.460,-30.000,-6.570,-29.374,24.996,120.32,120.00,1837,1833
23823,-0.410156,-0.489502,0.830566,1.047703,-22.521973,139.831543,201.354980,-30.513,23.047,-37.320,10.272,8.959,142.850,-30.000,-24.800,-29.988,9.035,124.99,108.51,1889,1706
23873,-0.400391,-0.431030,0.526367,0.789406,-37.292480,100.463867,186.340332,-39.313,30.478,-36.594,22.320,-28.763,114.137,-30.000,-30.000,-30.000,0.404,125.00,96.51,1889,1572
23923,-0.544678,-0.364014,0.516479,0.834225,-71.899414,100.769043,174.499512,-35.176,40.762,-36.520,32.340,-54.276,101.850,-30.000,-30.000,-30.000,0.007,125.00,95.01,1889,1556
23973,-0.824341,-0.451050,0.589233,1.109135,-66.467285,-4.943848,166.503906,-37.434,48.007,-35.321,40.988,-61.267,38.572,-30.000,-30.000,-30.000,0.000,125.00,95.00,1889,1556
24014,-0.854736,-0.354492,0.542480,1.072625,-52.001953,-26.062012,157.348633,-33.163,52.832,-32.720,45.739,-57.418,-0.509,-30.000,-30.000,-30.000,0.000,125.00,95.00,1889,1556
24073,-0.806519,-0.201538,0.570435,1.008209,-50.231934,-57.800293,141.784668,-19.459,53.125,-25.566,50.049,-53.755,-36.506,-26.822,-30.000,-30.000,-2.335,125.00,92.66,1889,1530
24123,-0.587524,-0.116333,0.471436,0.762214,-57.556152,-51.940918,132.690430,-13.862,50.427,-18.294,50.655,-54.510,-54.826,-23.235,-30.000,-30.000,-7.606,125.00,87.39,1889,1471
24173,-0.631592,-0.091919,0.653442,0.913424,-55.786133,-97.412109,122.192383,-8.007,43.745,-11.723,49.015,-58.207,-74.391,-13.673,-30.000,-30.000,-15.803,125.00,79.20,1889,1380
24220,-0.659180,-0.055786,0.778320,1.021476,-61.706543,-95.458984,109.863281,-4.100,40.190,-7.668,46.443,-61.176,-81.074,-9.767,-30.000,-30.000,-19.283,125.00,75.72,1889,1341
24273,-0.563477,-0.058716,0.858521,1.028597,-68.237305,-94.909668,102.844238,-3.912,33.217,-4.115,40.895,-66.710,-91.731,-8.277,-30.000,-30.000,-21.371,125.00,73.63,1889,1318
24323,-0.467651,-0.084839,0.860474,0.983011,-75.195312,-85.876465,100.830078,-5.631,28.407,-3.039,35.809,-70.924,-91.285,-8.361,-30.000,-30.000,-21.833,125.00,73.17,1889,1313
24373,-0.361450,-0.095215,0.786499,0.870800,-95.214844,-75.866699,101.562500,-6.903,24.524,-3.501,31.151,-82.078,-82.831,-9.540,-27.389,-30.000,-18.745,125.00,76.26,1889,1347
24415,-0.305664,-0.158325,0.834839,0.903024,-112.487793,-95.092773,96.923828,-10.738,19.785,-5.112,27.519,-97.311,-86.832,-12.252,-23.648,-30.000,-12.729,125.00,82.27,1889,1414
24473,-0.230957,-0.343384,0.921387,1.010053,-136.779785,-117.797852,113.952637,-20.439,13.218,-9.658,21.085,-123.854,-118.577,-19.867,-14.532,-30.000,2.563,125.00,95.80,1889,1564
24523,-0.012573,-0.457764,0.975708,1.077827,-117.431641,-163.024902,127.380371,-25.134,0.668,-14.605,14.328,-125.283,-153.169,-26.420,-2.575,-29.447,20.363,124.45,107.80,1883,1698
24573,-0.222778,-0.487183,0.793579,0.957468,-131.347656,-250.915527,175.781250,-31.546,13.455,-20.092,7.784,-128.227,-194.928,-30.000,0.840,-29.351,29.496,124.35,119.80,1882,1831
24625,0.193115,-0.691162,0.683838,0.991278,-128.173828,-278.808594,221.862793,-45.305,-11.234,-26.731,0.237,-130.098,-249.238,-30.000,22.701,-12.590,29.991,112.35,124.99,1748,1889
24673,0.337646,-0.934937,0.845459,1.304957,-29.296875,-424.987793,229.064941,-47.877,-14.995,-33.554,-8.506,-80.844,-357.549,-30.000,30.000,-1.158,30.000,100.35,125.00,1615,1889
24723,0.444092,-0.775879,0.579590,1.065425,88.500977,-442.687988,187.255859,-53.240,-24.634,-41.010,-18.918,12.442,-416.182,-30.000,30.000,-0.021,30.000,95.02,125.00,1556,1889
24773,0.536499,-0.748413,0.337891,0.980879,163.574219,-252.990723,153.198242,-65.702,-33.159,-48.499,-27.501,98.729,-359.847,-30.000,30.000,-0.000,30.000,95.00,125.00,1556,1889
24825,0.373291,-0.980103,0.389771,1.118869,145.629883,-153.625488,135.803223,-68.313,-19.489,-53.118,-30.059,132.258,-242.310,-30.000,30.000,-0.000,30.000,95.00,125.00,1556,1889
24873,0.519775,-1.068237,0.613281,1.336941,139.770508,-78.735352,149.291992,-60.140,-22.879,-53.088,-29.624,139.300,-144.481,-30.000,30.000,-0.000,30.000,95.00,125.00,1556,1889
24923,0.319336,-0.833618,0.358154,0.961857,129.333496,-11.474609,161.865234,-66.750,-19.390,-51.638,-26.144,137.662,-74.691,-30.000,28.217,-1.021,30.000,96.02,125.00,1567,1889
24973,0.151978,-0.733643,0.525024,0.914866,125.915527,-2.136230,183.044434,-54.411,-9.562,-48.692,-19.766,130.869,-24.202,-30.000,15.705,-13.357,30.000,108.02,125.00,1700,1889
25023,0.035522,-0.793701,0.727051,1.076952,112.731934,13.427734,195.373535,-47.510,-1.890,-44.450,-11.665,120.711,15.946,-30.000,4.777,-24.469,30.000,118.94,125.00,1822,1889
25073,-0.248169,-0.668091,0.978149,1.210252,111.450195,-8.483887,209.899902,-34.334,11.833,-39.444,-3.870,118.567,16.494,-30.000,3.159,-26.852,29.420,121.85,124.42,1854,1882
25123,-0.267334,-0.458862,0.879639,1.027515,122.558594,27.465820,234.619141,-27.549,15.080,-33.274,3.819,124.041,7.608,-27.086,-8.257,-29.942,20.865,124.94,115.95,1888,1788
25173,-0.348999,-0.202759,0.952026,1.034053,91.003418,-61.218262,241.333008,-12.023,19.725,-25.535,10.037,108.564,-27.707,-19.169,-10.892,-29.999,11.020,125.00,106.97,1889,1689
25223,-0.284546,-0.079590,0.723267,0.781291,32.165527,-56.396484,256.835937,-6.280,21.358,-17.646,13.522,76.013,-50.046,-14.706,-11.763,-27.017,2.996,122.02,98.00,1856,1589
25264,-0.122559,-0.099609,0.768677,0.784733,12.145996,-104.431152,251.708984,-7.384,8.985,-12.764,14.214,33.786,-68.989,-11.869,-11.387,-23.996,0.392,119.00,95.39,1822,1560
25323,0.006348,-0.137573,0.785767,0.797744,-17.944336,-230.712891,260.681152,-9.931,-0.456,-8.072,9.566,-9.379,-168.240,-9.283,-0.320,-11.856,7.280,107.49,102.28,1694,1636
25373,0.209839,-0.214478,0.831055,0.883564,9.094238,-363.159180,264.404297,-14.471,-13.739,-7.405,-0.653,-7.715,-274.301,-8.828,17.683,5.434,23.007,95.49,114.11,1561,1768
25423,0.487427,-0.274902,0.771362,0.952972,61.645508,-454.833984,236.083984,-19.615,-30.762,-9.701,-16.925,27.335,-380.875,-12.918,30.000,16.903,29.871,83.50,124.87,1428,1887
25464,0.276367,-0.218384,0.386108,0.522638,109.985352,-569.458008,218.322754,-29.493,-31.924,-13.521,-32.588,77.305,-470.471,-10.091,30.000,18.544,29.995,77.73,124.99,1364,1889
25523,1.603271,-0.631592,0.085815,1.725327,136.474609,-656.127930,171.508789,-82.263,-68.319,-31.426,-58.457,116.040,-578.789,-27.463,30.000,4.971,30.000,88.40,125.00,1482,1889
25573,1.746094,-1.082275,-0.536743,2.123266,139.709473,-420.349121,93.383789,-116.379,-55.322,-83.814,-70.843,128.910,-550.174,-30.000,30.000,0.092,30.000,94.91,125.00,1555,1889
25623,0.953491,-0.877686,0.331055,1.337563,107.421875,-113.891602,39.794922,-69.334,-45.468,-124.113,-60.247,113.026,-322.003,-30.000,30.000,0.002,30.000,95.00,125.00,1556,1889
25665,0.500244,-0.523071,-0.072754,0.727421,86.181641,150.756836,18.432617,-97.918,-43.448,-122.640,-53.012,100.603,-69.105,-30.000,30.000,0.000,30.000,95.00,125.00,1556,1889
25723,0.470093,-0.460083,-0.139282,0.672356,67.138672,261.291504,10.925293,-106.843,-44.361,-110.547,-53.238,76.493,165.875,-30.000,30.000,0.000,30.000,95.00,125.00,1556,1889
25774,0.553955,-1.036865,0.065796,1.177406,68.481445,287.719727,-13.671875,-86.369,-28.066,-91.985,-53.617,68.251,246.098,-30.000,25.836,-2.298,30.000,97.30,125.00,1581,1889
25823,0.609131,-1.478638,0.305908,1.628186,15.197754,104.919434,-31.738281,-78.311,-21.970,-74.485,-52.921,41.684,188.116,-30.000,30.000,-0.042,30.000,95.04,125.00,1556,1889
25865,0.447266,-1.000366,-0.041138,1.096573,-5.065918,-89.294434,-44.250488,-92.355,-24.071,-67.953,-51.861,16.841,56.558,-30.000,30.000,-0.002,30.000,95.00,125.00,1556,1889
25923,0.245239,-0.292114,0.112549,0.397669,-41.687012,-163.879395,-60.302734,-68.929,-38.075,-71.431,-53.850,-17.322,-94.329,-30.000,30.000,-0.000,30.000,95.00,125.00,1556,1889
25974,0.734375,-0.568115,0.063477,0.930640,-29.541016,-125.000000,-51.025391,-83.625,-52.102,-80.776,-57.567,-26.565,-128.064,-30.000,30.000,-0.000,30.000,95.00,125.00,1556,1889
26023,0.903809,-0.969360,0.098389,1.328988,-4.699707,7.751465,-51.940918,-84.204,-42.849,-89.724,-60.194,-18.615,-61.675,-30.000,30.000,-0.000,30.000,95.00,125.00,1556,1889
26073,0.868408,-0.909180,-0.028687,1.257602,-17.578125,203.186035,-33.020020,-91.807,-43.672,-87.837,-62.228,-13.763,95.049,-30.000,30.000,-0.000,30.000,95.00,125.00,1556,1889
26114,0.830933,-0.649658,0.080078,1.057789,-12.084961,220.947266,-23.681641,-82.973,-51.770,-77.237,-62.359,-12.662,173.168,-30.000,30.000,-0.000,30.000,95.00,125.00,1556,1889
26173,0.423950,-0.398926,0.191895,0.612943,-16.174316,168.518066,-20.080566,-64.311,-43.762,-57.706,-59.287,-12.176,188.418,-30.000,30.000,-0.000,30.000,95.00,125.00,1556,1889
26223,0.766479,-0.643677,0.334229,1.055234,-27.099609,146.057129,-14.404297,-62.559,-46.582,-47.197,-54.339,-17.350,163.003,-30.000,30.000,-0.000,30.000,95.00,125.00,1556,1889
26273,0.841064,-0.854614,0.532227,1.311877,-32.836914,131.591797,-3.112793,-58.087,-39.875,-40.976,-49.005,-24.589,149.523,-30.000,30.000,-0.000,30.000,95.00,125.00,1556,1889
26314,0.688965,-0.767090,0.368774,1.095031,-36.132812,141.479492,4.333496,-64.324,-38.989,-39.274,-44.170,-28.579,144.462,-30.000,30.000,-0.000,30.000,95.00,125.00,1556,1889
26373,0.464233,-0.564697,0.446899,0.856805,-31.372070,108.276367,3.540039,-51.642,-32.808,-38.715,-36.965,-30.907,128.315,-30.000,29.882,-0.065,30.000,95.06,125.00,1556,1889
26423,0.379028,-0.572876,0.497803,0.848326,-40.344238,45.288086,6.042480,-49.011,-26.538,-38.553,-32.545,-37.366,83.921,-30.000,26.361,-2.003,30.000,97.00,125.00,1578,1889
26473,0.542358,-0.771851,0.506836,1.070882,-36.865234,20.385742,6.225586,-56.709,-30.428,-41.086,-30.069,-40.143,37.883,-30.000,30.000,-0.193,30.000,95.19,125.00,1558,1889
26519,0.575439,-0.897217,0.477783,1.168078,-43.701172,-19.104004,11.047363,-61.964,-29.514,-44.095,-29.368,-43.462,3.441,-30.000,30.000,-0.008,30.000,95.01,125.00,1556,1889
26568,0.544189,-0.794922,0.459351,1.067261,-30.578613,-31.188965,20.202637,-59.978,-30.657,-48.421,-29.352,-39.981,-27.285,-30.000,30.000,-0.000,30.000,95.00,125.00,1556,1889
26623,0.408691,-0.608643,0.375000,0.823468,-37.475586,-75.134277,19.958496,-58.362,-29.756,-53.276,-30.193,-39.007,-55.675,-30.000,30.000,-0.000,30.000,95.00,125.00,1556,1889
26673,0.516846,-0.744751,0.281738,0.949294,-27.954102,-116.882324,21.667480,-69.278,-32.987,-58.562,-31.760,-34.144,-99.645,-30.000,30.000,-0.000,30.000,95.00,125.00,1556,1889
26715,0.652832,-0.966553,0.253784,1.193658,-12.573242,-128.906250,23.315430,-75.288,-33.156,-63.183,-33.181,-24.739,-119.924,-30.000,30.000,-0.000,30.000,95.00,125.00,1556,1889
26773,0.630249,-0.954468,0.118408,1.149888,4.821777,-106.201172,29.479980,-82.928,-33.236,-68.926,-34.490,-4.894,-109.522,-30.000,30.000,-0.000,30.000,95.00,125.00,1556,1889
26823,0.473267,-0.748169,0.171387,0.901727,6.042480,-94.299316,30.334473,-77.098,-31.658,-73.515,-34.475,2.156,-97.626,-30.000,30.000,-0.000,30.000,95.00,125.00,1556,1889
26873,0.462524,-0.722656,0.245361,0.892392,-8.605957,-122.497559,32.897949,-71.246,-31.218,-76.932,-33.813,-3.510,-108.580,-30.000,30.000,-0.000,30.000,95.00,125.00,1556,1889
26915,0.551025,-0.952148,0.218872,1.121660,-18.188477,-147.827148,31.860352,-77.054,-29.423,-80.289,-33.152,-12.388,-130.415,-30.000,30.000,-0.000,30.000,95.00,125.00,1556,1889
26973,0.579712,-1.064819,0.063599,1.214064,-17.517090,-34.484863,24.230957,-86.582,-28.522,-85.689,-31.929,-15.835,-83.943,-30.000,30.000,-0.000,30.000,95.00,125.00,1556,1889
27023,0.545410,-0.886353,0.086182,1.044280,-17.028809,76.782227,10.314941,-84.446,-31.486,-87.307,-30.689,-14.967,5.254,-30.000,30.000,-0.000,30.000,95.00,125.00,1556,1889
27074,0.404175,-0.715332,0.182617,0.841669,-8.605957,133.483887,-1.464844,-75.679,-28.699,-85.316,-29.809,-10.214,86.821,-30.000,26.679,-2.195,30.000,97.20,125.00,1580,1889
27125,0.568970,-0.965454,0.071899,1.122941,1.464844,176.635742,-16.052246,-85.741,-30.443,-82.302,-29.122,-6.736,128.819,-30.000,25.141,-4.538,30.000,99.54,125.00,1606,1889
27173,0.592651,-1.079712,0.120972,1.237597,-6.835937,157.714844,-16.723633,-83.607,-28.612,-78.882,-28.463,-6.313,140.509,-30.000,22.771,-6.935,30.000,101.93,125.00,1633,1889
27223,0.478149,-0.924072,0.165771,1.053573,-10.742188,123.718262,-18.371582,-79.830,-26.990,-75.707,-27.415,-9.447,137.981,-30.000,21.466,-8.754,30.000,103.75,125.00,1653,1889
27273,0.402466,-0.726440,0.137573,0.841796,-12.329102,105.163574,-14.831543,-79.276,-28.562,-73.673,-26.671,-11.735,115.425,-30.000,23.656,-6.012,30.000,101.01,125.00,1622,1889
27325,0.423706,-0.789673,0.229736,0.925143,-10.375977,47.912598,-12.817383,-73.779,-27.257,-73.084,-26.498,-17.315,59.866,-30.000,25.991,-2.835,30.000,97.84,125.00,1587,1889
27373,0.621948,-0.953247,0.156860,1.148958,-30.334473,11.962891,-13.061523,-80.656,-32.773,-74.124,-27.055,-24.548,13.915,-30.000,30.000,-0.275,30.000,95.27,125.00,1559,1889
27423,0.647461,-0.959473,0.075562,1.159958,0.854492,46.142578,-11.962891,-85.497,-33.930,-75.662,-27.711,-20.579,9.521,-30.000,30.000,-0.005,30.000,95.01,125.00,1556,1889
27473,0.527588,-0.749756,0.046021,0.917933,-32.043457,33.996582,1.892090,-86.488,-35.083,-77.399,-28.330,-25.974,5.490,-30.000,30.000,-0.000,30.000,95.00,125.00,1556,1889
27523,0.498657,-0.750000,0.174072,0.917311,-37.780762,-30.639648,2.807617,-76.933,-32.930,-78.816,-28.589,-33.420,-12.495,-30.000,30.000,-0.000,30.000,95.00,125.00,1556,1889
27564,0.620361,-0.890869,0.051147,1.086790,-44.006348,-52.978516,7.324219,-86.714,-34.807,-81.421,-29.139,-38.745,-41.349,-30.000,30.000,-0.000,30.000,95.00,125.00,1556,1889
27623,0.661377,-0.951416,0.025635,1.158995,-32.775879,-10.681152,8.361816,-88.457,-34.795,-85.538,-29.398,-36.558,-32.220,-30.000,30.000,-0.000,30.000,95.00,125.00,1556,1889
27673,0.579834,-0.796753,0.083008,0.988895,-27.465820,72.204590,5.554199,-84.052,-35.898,-87.187,-29.511,-31.859,27.697,-30.000,30.000,-0.000,30.000,95.00,125.00,1556,1889
27723,0.581665,-0.712280,-0.053345,0.921153,-28.625488,111.999512,-1.464844,-94.283,-39.157,-86.955,-29.611,-29.039,69.096,-30.000,30.000,-0.000,30.000,95.00,125.00,1556,1889
27764,0.643799,-0.867065,-0.058594,1.081532,-21.911621,131.896973,-0.061035,-93.866,-36.532,-86.296,-29.742,-27.239,102.179,-30.000,30.000,-0.000,30.000,95.00,125.00,1556,1889
27823,0.643677,-0.969238,0.025757,1.163790,-25.512695,166.015625,5.737305,-88.478,-33.579,-84.111,-29.523,-24.841,144.722,-30.000,26.584,-2.901,30.000,97.90,125.00,1588,1889
27873,0.547485,-0.876831,0.109131,1.039463,0.305176,216.064453,2.136230,-82.905,-31.783,-80.778,-28.547,-15.783,191.844,-30.000,22.096,-6.704,30.000,101.70,125.00,1630,1889
27923,0.539673,-0.784058,-0.095215,0.956587,-1.892090,298.217773,22.399902,-96.924,-34.344,-77.185,-26.745,-6.184,252.588,-30.000,19.589,-9.331,30.000,104.33,125.00,1659,1889
27964,0.528320,-0.874146,-0.045898,1.022428,30.700684,433.532715,33.630371,-93.006,-31.113,-73.339,-23.657,12.157,335.711,-30.000,11.103,-16.395,30.000,110.74,125.00,1730,1889
28023,0.101318,-1.116089,0.309082,1.162519,5.737305,505.187988,47.302246,-74.521,-5.000,-65.549,-12.765,5.258,445.939,-30.000,-18.375,-29.805,14.388,124.80,115.50,1887,1783
28073,-0.159912,-1.087402,0.268555,1.131432,13.122559,551.452637,50.292969,-76.127,8.125,-63.320,0.616,3.900,529.822,-30.000,-30.000,-29.996,1.343,125.00,103.50,1889,1650
28123,-0.339233,-0.927612,-0.084106,0.991271,-16.296387,589.172363,53.161621,-95.181,20.012,-68.343,14.483,0.341,560.457,-30.000,-30.000,-30.000,0.025,125.00,95.02,1889,1556
28165,-0.764282,-0.753296,-0.202759,1.092105,-9.582520,475.036621,34.545898,-105.065,44.413,-77.278,24.835,1.832,545.899,-30.000,-30.000,-30.000,0.001,125.00,95.00,1889,1556
28223,-0.415649,-0.634888,-0.174194,0.778582,15.380859,344.543457,30.334473,-105.343,32.266,-94.063,30.651,6.605,436.677,-30.000,-30.000,-30.000,0.000,125.00,95.00,1889,1556
28274,-0.481201,-0.839966,-0.395386,1.045671,33.874512,253.540039,18.310547,-115.207,27.399,-104.996,29.112,24.547,340.547,-30.000,-30.000,-30.000,0.000,125.00,95.00,1889,1556
28323,-0.632935,-1.011353,-0.519531,1.301289,48.034668,115.600586,15.747070,-117.190,29.104,-110.331,26.207,38.888,211.465,-30.000,-30.000,-30.000,0.000,125.00,95.00,1889,1556
28365,-0.420776,-0.791504,-0.334473,0.956767,50.903320,-22.949219,12.207031,-112.908,26.090,-111.337,25.060,45.110,93.548,-30.000,-30.000,-30.000,0.000,125.00,95.00,1889,1556
28423,-0.333984,-0.645752,-0.326294,0.796874,63.110352,-117.492676,-1.220703,-116.807,24.779,-108.409,25.795,57.144,-48.118,-30.000,-25.379,-30.000,3.901,125.00,98.90,1889,1599
28474,-0.533081,-0.850342,-0.352905,1.063860,39.245605,-179.992676,-11.108398,-112.539,30.072,-104.576,27.141,58.026,-109.516,-30.000,-25.271,-30.000,4.745,125.00,99.74,1889,1608
28523,-0.583496,-1.133545,-0.165649,1.285625,71.166992,-112.976074,-19.714355,-98.314,26.992,-99.095,27.877,60.087,-109.965,-30.000,-23.958,-30.000,6.839,125.00,101.84,1889,1632
28574,-0.335571,-1.014160,-0.310303,1.112392,55.419922,-99.609375,-35.095215,-107.013,17.558,-92.594,27.584,59.955,-142.190,-30.000,-14.534,-30.000,12.221,125.00,105.65,1889,1674
28614,-0.398682,-0.859253,-0.232422,0.975337,57.800293,-157.165527,-26.428223,-105.136,24.127,-88.252,26.589,60.202,-149.131,-30.000,-18.432,-30.000,10.978,125.00,105.98,1889,1678
28673,-0.250000,-0.919922,-0.216919,0.977655,57.739258,-184.509277,-35.095215,-103.268,14.816,-83.018,23.809,63.608,-153.773,-30.000,-10.425,-30.000,16.695,125.00,110.58,1889,1729
28723,-0.446533,-1.196045,0.326660,1.317810,80.322266,-188.476562,-25.024414,-74.724,19.807,-77.618,20.774,69.667,-144.642,-30.000,-14.065,-30.000,16.297,125.00,111.30,1889,1737
28773,-0.355713,-1.195435,0.204834,1.263943,52.673340,-35.034180,-12.390137,-80.277,16.346,-71.616,17.700,63.230,-127.760,-30.000,-11.697,-30.000,18.639,125.00,113.64,1889,1763
28814,-0.106934,-1.001709,0.277466,1.044913,70.678711,-74.157715,0.000000,-74.518,5.874,-68.564,14.895,59.560,-117.283,-30.000,-2.789,-30.000,26.250,125.00,121.25,1889,1847
28874,-0.067261,-0.941406,0.354004,1.008012,70.434570,-33.996582,23.925781,-69.392,3.826,-64.613,11.356,63.411,-84.462,-30.000,-1.932,-27.943,28.706,122.83,123.71,1865,1875
28923,0.113281,-1.045776,0.161621,1.064238,72.570801,5.493164,49.743652,-81.215,-6.110,-61.427,9.830,69.267,-75.379,-30.000,4.913,-27.185,29.131,122.35,124.13,1859,1879
28973,-0.092529,-1.070313,0.657837,1.259714,70.800781,-91.186523,65.002441,-58.424,4.212,-57.382,11.023,71.365,-37.983,-30.000,-9.738,-29.948,20.316,124.95,115.32,1888,1781
29020,-0.205688,-0.903809,0.636475,1.124401,68.420410,16.845703,89.416504,-54.846,10.541,-54.621,12.688,70.520,5.114,-30.000,-12.534,-29.998,19.515,125.00,114.72,1889,1775
29073,-0.234619,-0.718506,0.602173,0.966390,59.509277,16.113281,116.760254,-50.034,14.051,-50.226,17.091,67.927,18.355,-30.000,-17.533,-30.000,13.562,125.00,108.56,1889,1706
29123,-0.391602,-0.752686,0.690186,1.093729,81.604004,41.564941,143.249512,-47.480,20.980,-45.651,22.394,73.937,37.290,-30.000,-25.666,-30.000,5.320,125.00,100.32,1889,1615
29173,-0.546875,-0.676636,0.662354,1.093444,105.285645,42.846680,177.551270,-45.611,30.009,-40.514,29.031,88.095,52.829,-30.000,-30.000,-30.000,0.328,125.00,95.33,1889,1559
29215,-0.854858,-0.375732,0.675049,1.152236,120.544434,49.743652,213.500977,-29.100,47.895,-34.200,35.453,104.686,47.398,-27.549,-30.000,-30.000,-1.334,125.00,93.67,1889,1541
29273,-1.073730,0.179199,0.922363,1.426802,120.117187,76.599121,253.479004,10.995,48.811,-19.369,44.390,116.829,65.776,-14.153,-30.000,-30.000,-13.358,125.00,82.83,1889,1420
29323,-1.056152,0.695923,0.644897,1.419739,96.923828,139.038086,274.597168,47.179,48.065,-1.359,51.202,111.244,103.937,5.323,-30.000,-26.798,-28.792,121.99,70.83,1855,1287
29374,-0.613892,0.674194,0.356689,0.979096,44.250488,125.732422,261.901855,62.118,38.829,24.292,54.158,71.368,118.973,30.000,-30.000,-1.756,-29.978,109.99,65.02,1722,1222
29415,-0.402222,0.401123,0.254761,0.622563,-10.803223,-58.227539,249.816895,57.580,40.246,40.944,51.072,28.328,44.311,30.000,-30.000,-0.072,-29.999,100.39,65.00,1615,1222
29473,-0.248291,0.587280,0.453003,0.782150,-47.973633,-186.401367,231.323242,52.355,18.509,49.412,37.795,-18.026,-112.396,30.000,-30.000,-0.001,-30.000,95.00,65.00,1556,1222
29523,0.166504,0.914185,0.929199,1.314104,-36.010742,-248.413086,210.998535,44.533,-7.279,48.977,22.509,-28.263,-186.550,30.000,-13.458,14.631,-30.000,83.00,65.00,1422,1222
29574,0.561768,0.869507,0.531616,1.163718,-83.129883,-97.473145,201.843262,58.558,-28.864,47.816,6.813,-49.081,-152.439,30.000,26.967,28.783,-8.764,71.00,69.80,1289,1276
29625,0.566772,0.573730,0.703247,1.070025,-145.202637,274.475098,162.841797,39.209,-31.984,44.161,-3.185,-102.195,83.487,30.000,15.363,29.978,-19.951,65.02,72.80,1222,1309
29673,-0.402100,0.461670,0.815308,1.019583,-170.837402,621.643066,38.146973,29.521,23.227,36.565,2.044,-151.057,414.708,28.340,-30.000,6.014,-29.417,72.22,65.60,1302,1229
29723,-1.578857,-0.181641,0.983765,1.869111,-144.653320,465.881348,-160.583496,-10.461,57.641,30.748,21.256,-158.352,492.712,24.178,-30.000,-4.945,-29.989,84.22,65.01,1436,1222
29773,-0.777588,-0.477051,-0.164307,0.926940,-52.001953,320.068359,-273.742676,-109.005,57.022,20.927,43.439,-105.043,367.493,-30.000,-30.000,-25.187,-6.075,96.22,69.80,1569,1276
29825,-0.359619,-0.155884,0.346191,0.522948,5.615234,95.947266,-291.076660,-24.241,43.447,8.216,61.803,-48.316,252.173,5.995,-30.000,-21.912,-29.559,108.22,65.44,1702,1227
29874,-0.404419,-0.490723,-0.212158,0.670354,122.619629,85.632324,-310.241699,-113.381,37.106,-25.767,70.785,36.477,160.235,-26.011,-30.000,-29.821,-9.899,120.22,74.45,1836,1327
29923,-0.043823,-1.651001,-0.724731,1.803596,208.984375,4.882812,-322.875977,-113.700,1.392,-58.616,62.939,139.993,55.011,-30.000,-30.000,-29.997,-0.183,125.00,86.45,1889,1461
29973,0.261230,-2.668579,-0.107300,2.683481,273.193359,300.598145,-243.164062,-92.303,-5.586,-67.954,52.061,223.462,169.177,-30.000,-30.000,-30.000,-0.003,125.00,95.00,1889,1556
30023,-0.526123,-1.800537,-0.271606,1.895392,322.265625,745.727539,-66.406250,-98.578,16.116,-78.411,46.703,282.820,486.281,-30.000,-30.000,-30.000,-0.000,125.00,95.00,1889,1556
30064,-1.365967,-0.673950,-0.461426,1.591536,276.489258,764.404297,119.689941,-124.398,59.123,-93.470,46.557,283.399,670.996,-30.000,-30.000,-30.000,-0.000,125.00,95.00,1889,1556
30123,-0.777344,0.091431,-0.152344,0.797390,137.084961,427.124023,204.040527,149.029,77.125,-112.523,43.587,199.140,560.516,-30.000,-30.000,-22.575,-7.425,120.20,90.20,1836,1502
30173,-0.397461,0.001953,0.165649,0.430603,57.739258,122.253418,177.307129,0.676,67.374,-125.850,41.484,97.549,295.436,-30.000,-30.000,-29.863,-0.137,124.86,94.86,1887,1554
30223,-0.289673,-0.017334,-0.405273,0.498455,60.607910,37.292480,177.246094,-177.551,35.531,-133.799,43.246,46.569,105.244,-30.000,-30.000,-29.997,-0.003,125.00,95.00,1889,1556
30264,-1.075928,0.403076,-0.344604,1.199518,165.832520,24.475098,118.652344,130.528,63.762,-125.088,47.129,93.507,36.912,-30.000,-30.000,-19.234,-10.766,117.80,87.80,1809,1476
30323,-1.427490,0.444458,0.151001,1.502688,227.478027,-224.731445,33.630371,71.235,71.797,-118.372,53.774,196.403,-98.851,-30.000,-30.000,-29.911,-0.089,124.91,94.91,1888,1555
30373,-0.827271,0.022583,-0.837646,1.177513,95.520020,-212.768555,-46.752930,178.456,44.633,-92.054,58.276,155.221,-211.001,30.000,-30.000,-13.498,-16.502,122.60,92.60,1862,1529
30423,-0.007202,-0.007568,-1.853882,1.853911,89.599609,-58.593750,-59.509277,-179.766,0.223,-71.968,56.269,115.786,-139.461,-30.000,-30.000,-29.695,-0.305,124.70,94.70,1886,1552
30465,-0.310425,0.038330,-0.700684,0.767327,33.935547,-65.917969,-34.362793,176.869,23.863,-59.432,52.236,69.962,-89.651,-30.000,-30.000,-25.137,-3.354,120.14,91.65,1835,1518
30523,-1.637329,0.027100,-0.379272,1.680901,32.348633,-105.102539,-61.401367,175.913,76.926,-43.998,47.119,39.036,-108.941,-30.000,-30.000,-28.979,-1.009,120.89,91.45,1843,1516
30573,-1.256470,-0.156860,-1.122803,1.692338,-6.896973,-117.004395,-65.795898,-172.047,47.940,-40.769,40.734,10.552,-121.455,-30.000,-30.000,-29.981,-0.019,124.98,94.98,1889,1555
30623,-1.103271,-0.190063,-0.964722,1.477843,45.715332,3.234863,-76.965332,-168.855,48.292,-39.519,34.841,24.332,-73.687,-30.000,-30.000,-30.000,-0.000,125.00,95.00,1889,1556
30665,-1.094482,-0.191528,0.398071,1.180269,46.508789,-122.497559,-70.678711,-25.694,68.020,-40.668,31.385,36.211,-82.198,-30.000,-29.484,-30.000,0.284,125.00,95.28,1889,1559
30723,-0.998413,-0.454102,0.093018,1.100768,28.381348,-139.648437,-87.585449,-78.424,65.096,-42.265,27.525,40.007,-130.936,-30.000,-30.000,-30.000,0.002,125.00,95.00,1889,1556
30773,-0.992065,-0.763672,1.098022,1.665245,80.688477,-138.549805,-82.397461,-34.819,36.566,-39.379,19.618,55.031,-139.406,-30.000,-13.108,-30.000,15.353,125.00,107.00,1889,1689
30823,-0.520142,-0.621948,0.818115,1.151816,228.210449,-219.299316,-96.069336,-37.243,26.845,-33.600,10.625,150.081,-189.433,-29.804,-9.085,-30.000,22.703,125.00,117.70,1889,1808
30875,-0.547119,-0.092041,1.044312,1.182539,239.501953,-232.604980,-75.805664,-5.037,27.559,-24.116,-0.435,209.593,-225.401,-13.808,13.808,-6.357,26.404,115.14,121.40,1779,1849
30923,0.187500,0.571777,1.464722,1.583507,201.171875,-262.695312,17.639160,21.324,-6.800,-13.276,-12.454,217.797,-234.769,-1.393,27.592,22.038,28.547,103.14,123.55,1646,1873
30973,0.737427,0.913330,1.221069,1.693807,149.108887,-110.595703,133.789062,36.796,-25.809,-4.424,-22.638,179.533,-175.094,6.050,30.000,29.853,24.899,91.14,119.90,1513,1832
31023,1.138672,0.624878,1.178589,1.753886,150.329590,45.898437,210.510254,27.932,-40.483,0.751,-27.321,155.154,-50.301,9.976,30.000,29.997,20.533,79.14,115.53,1379,1784
31073,0.177612,0.206055,0.464111,0.537963,80.688477,42.297363,248.413086,23.940,-19.278,3.179,-27.301,120.035,34.800,10.540,27.835,30.000,16.021,67.14,111.02,1246,1734
31123,0.523071,-0.044067,0.786743,0.945786,48.339844,-26.916504,255.676270,-3.206,-33.577,1.308,-25.447,66.832,42.413,3.482,29.139,29.906,22.029,65.09,115.00,1223,1778
31173,0.742676,0.007446,1.238770,1.444359,21.789551,39.672852,247.436523,0.344,-30.943,-2.015,-23.945,43.416,35.742,0.532,24.086,25.735,23.222,69.26,118.22,1270,1814
31223,0.583740,-0.271729,1.281372,1.434051,-18.859863,266.967773,267.028809,-11.973,-24.020,-6.116,-19.255,9.012,138.080,-6.043,12.788,10.606,20.425,79.95,115.43,1388,1783
31273,-0.624268,-0.501953,1.371094,1.587944,-91.674805,560.180664,209.655762,-20.108,23.149,-10.156,-3.952,-45.886,374.841,-13.766,-18.251,-23.859,0.058,91.95,103.42,1522,1649
31314,-2.082520,-0.811768,0.023315,2.235262,-101.440430,693.298340,80.505371,-88.355,68.696,-13.023,16.843,-86.456,550.687,-19.354,-30.000,-29.748,-10.785,101.55,93.82,1628,1542
31373,-1.346680,-0.567871,-0.827026,1.679284,-80.993652,451.171875,-71.655273,-145.525,53.315,-22.670,50.734,-92.400,537.267,-30.000,-30.000,-29.998,-1.780,115.95,93.22,1788,1536
31423,-0.365967,-0.105469,-0.395508,0.549074,6.347656,190.002441,-98.327637,-165.069,41.799,-49.697,67.601,-35.199,348.099,-30.000,-30.000,-30.000,-0.033,125.00,94.97,1889,1555
31473,-0.220215,-0.141357,-0.144165,0.298764,80.078125,136.413574,-98.815918,-135.563,47.484,-84.020,70.012,35.657,218.816,-30.000,-30.000,-30.000,-0.001,125.00,95.00,1889,1556
31519,-0.655029,-0.678467,-0.168091,0.957933,105.529785,-3.845215,-89.294434,-103.915,43.141,-96.862,66.144,84.415,105.836,-30.000,-30.000,-30.000,-0.000,125.00,95.00,1889,1556
31573,-1.061279,-1.802368,-0.056274,2.092370,130.493164,-98.327637,-117.004395,-91.788,30.478,-92.542,60.280,117.621,-26.004,-30.000,-30.000,-30.000,-0.000,125.00,95.00,1889,1556
31623,-0.246948,-1.078979,-0.162598,1.118757,167.419434,-105.163574,-138.305664,-98.570,12.752,-81.861,53.745,139.720,-80.341,-30.000,-24.881,-30.000,2.815,125.00,97.40,1889,1582
31673,-0.192993,-0.342041,-0.295898,0.491726,168.273926,-111.572266,-126.464844,-130.863,23.109,-71.754,46.180,156.542,-83.811,-30.000,-30.000,-30.000,0.231,125.00,95.23,1889,1558
31715,-0.118164,-0.774902,0.307495,0.842015,146.606445,-56.762695,-135.009766,-68.356,8.067,-64.321,39.733,153.945,-75.659,-30.000,-16.417,-30.000,7.480,125.00,97.42,1889,1582
31773,0.330444,-1.505493,0.434448,1.601390,125.488281,-225.830078,-122.985840,-73.903,-11.908,-53.766,28.974,141.682,-160.047,-30.000,-22.161,-30.000,5.816,125.00,100.74,1889,1619
31823,0.210449,-1.016235,0.147705,1.048256,140.380859,-165.161133,-102.294922,-81.730,-11.581,-46.938,19.393,135.233,-133.666,-30.000,8.640,-25.248,22.155,122.60,109.97,1862,1722
31873,0.456421,-0.582520,0.354736,0.820662,112.487793,-204.711914,-77.819824,-58.660,-33.791,-42.832,6.656,122.544,-160.063,-30.000,30.000,-2.713,29.855,110.60,121.97,1729,1855
31915,0.551514,-0.479736,0.182861,0.753494,113.647461,-245.605469,-48.461914,-69.135,-47.049,-38.004,-1.099,114.731,-210.649,-30.000,13.653,-17.509,29.994,112.51,124.99,1750,1889
31973,0.804321,-0.538330,0.512573,1.095200,61.950684,-134.582520,-13.610840,-46.404,-47.257,-33.931,-14.078,77.240,-154.652,-30.000,30.000,-1.061,30.000,99.44,125.00,1605,1889
32023,1.224243,-0.593018,0.632202,1.500040,68.176270,-78.308105,13.916016,-43.168,-54.700,-30.986,-20.243,72.323,-113.103,-29.602,28.859,-1.303,30.000,96.30,125.00,1570,1889
32074,0.867432,-0.415283,0.479004,1.074403,78.857422,95.031738,56.396484,-40.924,-53.839,-28.459,-22.603,71.000,0.455,-30.000,30.000,-0.567,30.000,95.57,125.00,1562,1889
32125,0.498779,-0.239136,0.467041,0.723943,51.696777,96.252441,84.533691,-27.113,-43.549,-26.329,-20.891,58.755,74.124,-25.293,18.425,-5.239,30.000,99.85,125.00,1609,1889
32173,0.387207,-0.230713,0.738770,0.865412,31.127930,98.999023,93.627930,-17.343,-26.579,-24.248,-15.658,45.121,92.292,-21.641,15.028,-8.230,30.000,103.23,125.00,1647,1889
32223,0.359985,-0.373779,0.901733,1.040396,-3.234863,-4.638672,98.205566,-22.515,-20.243,-23.179,-11.955,24.898,50.307,-23.708,11.912,-10.297,30.000,105.30,125.00,1670,1889
32273,0.542725,-0.514771,0.947876,1.207480,18.432617,-17.211914,115.661621,-28.505,-26.710,-23.397,-10.526,18.198,-1.305,-24.501,11.463,-11.071,30.000,106.07,125.00,1679,1889
32323,0.533691,-0.510376,0.779297,1.073599,17.578125,-57.312012,120.910645,-33.222,-29.809,-23.966,-10.428,15.008,-46.787,-29.574,22.995,-7.991,30.000,102.99,125.00,1644,1889
32373,0.438110,-0.479980,0.645630,0.916057,12.329102,-128.295898,131.958008,-36.628,-28.572,-25.254,-12.369,13.408,-95.536,-30.000,27.790,-4.720,30.000,100.39,125.00,1615,1889
32423,0.387573,-0.483643,0.772827,0.990649,7.080078,-205.078125,126.220703,-32.039,-23.031,-27.164,-15.770,15.074,-140.861,-30.000,28.757,-1.515,30.000,96.51,125.00,1572,1889
32473,0.590088,-0.635864,0.671509,1.097019,34.118652,-212.829590,137.878418,-43.438,-32.541,-30.605,-21.211,21.132,-186.030,-30.000,30.000,-0.028,30.000,95.03,125.00,1556,1889
32523,0.733765,-0.700806,0.738525,1.254974,47.058105,-184.814453,130.065918,-43.499,-35.781,-33.900,-25.684,35.324,-184.070,-30.000,30.000,-0.001,30.000,95.00,125.00,1556,1889
32564,0.713989,-0.694214,0.670288,1.200416,59.326172,-170.288086,139.343262,-46.005,-36.497,-36.520,-28.311,47.392,-174.094,-30.000,30.000,-0.000,30.000,95.00,125.00,1556,1889
32623,0.689453,-0.649292,0.579834,1.110465,54.260254,-156.005859,143.188477,-48.234,-38.380,-41.320,-31.217,53.284,-158.096,-30.000,30.000,-0.000,30.000,95.00,125.00,1556,1889
32673,0.672974,-0.669312,0.570557,1.107432,58.593750,-142.272949,142.395020,-49.554,-37.423,-45.852,-32.730,56.467,-154.928,-30.000,30.000,-0.000,30.000,95.00,125.00,1556,1889
32723,0.782227,-0.803589,0.553589,1.250637,60.668945,-136.047363,141.601562,-55.437,-38.716,-49.990,-32.768,58.598,-150.002,-30.000,30.000,-0.000,30.000,95.00,125.00,1556,1889
32764,0.748535,-0.861450,0.556885,1.269851,61.340332,-114.379883,143.554687,-57.119,-36.119,-52.592,-31.702,62.364,-128.809,-30.000,30.000,-0.000,30.000,95.00,125.00,1556,1889
32823,0.645874,-0.813232,0.478638,1.143501,66.833496,-83.618164,141.601562,-59.521,-34.390,-55.175,-28.785,65.322,-98.170,-30.000,30.000,-0.000,30.000,95.00,125.00,1556,1889
32873,0.557861,-0.780151,0.482910,1.073801,76.110840,-81.176758,130.065918,-58.243,-31.300,-56.196,-25.955,68.067,-86.623,-30.000,30.000,-0.000,30.000,95.00,125.00,1556,1889
32923,0.523682,-0.870483,0.439941,1.107038,86.608887,-65.307617,123.046875,-63.188,-28.232,-56.317,-23.157,79.044,-77.901,-30.000,30.000,-0.000,30.000,95.00,125.00,1556,1889
32965,0.536255,-1.077393,0.468384,1.291405,114.624023,-28.198242,115.295410,-66.504,-24.535,-55.150,-20.483,92.016,-57.498,-30.000,25.787,-3.249,30.000,98.25,125.00,1592,1889
33023,0.550171,-1.165405,0.190308,1.302718,192.993164,119.812012,110.412598,-80.726,-24.981,-49.369,-14.997,153.014,41.444,-30.000,13.902,-14.117,30.000,109.10,125.00,1712,1889
33073,0.190308,-1.108887,0.521851,1.240232,266.967773,245.056152,163.085937,-64.798,-8.827,-39.783,-6.491,219.766,160.516,-30.000,-2.599,-28.255,28.570,121.10,123.57,1846,1873
33123,-0.797729,-0.857788,0.710571,1.370067,258.728027,129.516602,265.869141,-50.362,35.609,-27.649,5.726,252.994,164.770,-15.090,-15.991,-29.968,3.430,124.97,111.57,1889,1740
33165,-0.964600,0.111328,1.027466,1.413695,265.441895,5.859375,379.150391,6.184,43.026,-15.759,14.300,268.156,86.448,-1.102,-20.723,-23.986,-16.079,119.23,101.97,1825,1633
33223,-0.271118,1.366943,1.955200,2.401010,219.360352,115.295410,465.148926,34.959,6.484,6.474,19.925,242.717,72.283,21.525,-26.060,-6.540,-29.771,104.83,87.57,1665,1473
33273,0.068359,1.174927,0.889160,1.475036,100.830078,176.574707,515.563965,52.882,-2.656,25.239,19.765,165.690,136.428,30.000,-29.733,0.085,-29.996,94.91,75.57,1555,1340
33323,-0.190796,0.171387,-0.318970,0.409290,-75.927734,153.869629,493.041992,151.750,27.786,37.752,13.462,18.662,166.636,30.000,-24.612,4.356,-30.000,90.64,65.00,1507,1222
33375,-0.438843,0.245361,0.963257,1.086577,-123.962402,231.506348,434.692383,14.291,23.821,38.950,4.944,-87.583,184.325,30.000,-21.138,10.173,-30.000,84.83,65.00,1443,1222
33423,-0.895996,1.100830,0.866211,1.662816,-58.593750,624.572754,305.297852,51.802,32.605,35.816,2.729,-74.136,392.858,30.000,-26.379,6.709,-30.000,86.82,65.00,1465,1222
33473,-3.088379,0.892578,-0.868286,3.329970,-132.385254,840.148926,22.399902,134.210,68.041,35.767,18.356,-92.652,689.541,30.000,-30.000,0.124,-30.000,94.88,65.00,1554,1222
33523,-2.304565,-0.219482,-1.007446,2.524706,-60.974121,373.535156,-209.472656,-167.710,65.896,43.482,43.343,-77.317,575.574,30.000,-30.000,0.002,-30.000,95.00,65.00,1556,1222
33568,-0.405884,-0.078979,0.067505,0.418971,-9.521484,141.357422,-259.094238,-49.479,75.642,46.700,60.788,-54.300,341.415,30.000,-30.000,-3.341,-26.659,98.34,68.34,1593,1259
33623,0.261963,0.025635,0.467773,0.536744,6.652832,64.636230,-273.010254,3.137,-29.213,42.905,76.007,0.173,115.012,30.000,-30.000,-0.075,-29.972,95.08,65.03,1556,1223
33673,0.380493,-0.071655,0.128784,0.408038,-34.423828,23.742676,-237.915039,-29.091,-68.827,5.552,85.337,-8.282,53.455,5.466,-30.000,-16.783,-29.999,100.88,65.00,1621,1222
33723,-0.351563,-0.558594,-0.144531,0.675657,-23.986816,65.734863,-230.163574,-104.507,31.354,-53.991,84.622,-24.205,70.113,-30.000,-30.000,-29.756,-1.500,112.88,77.00,1754,1356
33773,-0.769287,-2.507446,-1.278442,2.917791,52.978516,-207.031250,-238.342285,-117.015,15.287,-76.509,74.230,26.332,-60.583,-30.000,-30.000,-29.996,-0.028,124.88,89.00,1888,1489
33814,0.512207,-1.661987,-1.617188,2.374838,67.687988,-473.449707,-157.043457,-134.217,-12.455,-58.048,62.870,51.075,-320.172,-30.000,-30.000,-30.000,-0.001,125.00,95.00,1889,1556
33873,-0.199463,-0.084595,-0.907593,0.933095,173.461914,-235.412598,-160.156250,-174.675,12.343,-44.059,39.487,105.449,-325.065,-30.000,-4.416,-27.991,21.538,122.99,100.01,1867,1611
33923,0.154419,-0.172607,-0.789185,0.822466,111.938477,-232.666016,-121.032715,-167.663,-10.822,-30.570,21.923,120.134,-278.040,-30.000,16.088,-17.086,19.477,113.56,97.67,1762,1585
33973,0.323486,-1.764282,-0.273438,1.814415,100.219727,-288.879395,-124.694824,-98.810,-10.270,-26.617,6.921,115.355,-247.865,-22.214,7.366,-16.978,28.133,112.18,109.68,1746,1719
34015,0.138672,-1.758545,-0.175537,1.772716,104.797363,-160.461426,-109.191895,-95.700,-4.487,-22.075,-3.445,113.421,-207.334,-17.334,16.036,-3.746,29.923,102.58,119.28,1640,1825
34073,0.125122,-0.140015,-0.642334,0.669218,103.820801,-188.415527,-81.115723,-167.703,-10.776,-16.850,-16.515,109.001,-196.687,-11.851,29.773,14.528,29.999,91.90,125.00,1521,1889
34123,0.285278,-0.402954,-0.079590,0.500090,103.393555,-104.187012,-93.017578,-101.173,-34.782,-10.785,-24.339,94.957,-123.110,-6.023,30.000,22.911,30.000,79.90,125.00,1388,1889
34173,0.710571,-0.952637,0.243896,1.213225,86.181641,-69.091797,-61.462402,-75.639,-35.852,-8.075,-30.448,88.432,-86.085,-3.433,30.000,16.929,30.000,78.07,125.00,1367,1889
34215,1.281494,-1.504761,0.702148,2.097509,57.006836,141.418457,-21.789551,-64.985,-37.659,-3.864,-32.288,73.455,16.822,0.301,30.000,28.937,29.835,68.47,124.83,1261,1887
34273,1.137451,-0.938232,0.394287,1.526282,88.256836,207.580566,20.935059,-67.206,-48.180,1.546,-26.910,79.696,138.750,6.323,21.168,28.403,17.584,66.60,114.24,1240,1769
34323,0.435913,-0.427734,0.546875,0.819786,69.580078,254.272461,55.114746,-38.030,-32.123,1.272,-18.911,68.477,216.858,5.349,7.682,7.038,14.121,77.87,116.65,1365,1796
34373,0.291870,-0.333496,0.791748,0.907344,20.874023,102.783203,59.143066,-22.842,-18.764,2.420,-9.581,51.718,164.724,-0.025,2.704,4.573,0.588,89.88,104.65,1499,1663
34425,0.489136,-0.619263,0.983154,1.260687,82.214355,64.697266,52.490234,-32.206,-22.830,2.514,-3.971,56.734,116.164,6.011,-2.711,2.399,-4.274,92.60,102.25,1529,1636
34473,0.332275,-0.620850,0.630615,0.945271,58.776855,1.892090,56.579590,-44.553,-20.580,2.397,-2.093,56.297,37.572,-26.957,12.979,-10.572,26.308,98.22,104.65,1591,1663
34523,0.357788,-0.622681,0.873657,1.130938,86.303711,-65.185547,49.926758,-35.479,-18.443,1.607,-3.219,75.621,-18.727,-12.417,12.215,-2.556,25.494,98.03,116.65,1589,1796
34573,0.645874,-0.570679,0.808716,1.181884,113.708496,-140.136719,42.236328,-35.209,-33.126,3.997,-7.848,91.169,-110.999,9.708,15.099,19.767,11.674,86.03,111.95,1456,1744
34625,0.962402,-0.349487,0.955200,1.400274,104.675293,-58.227539,81.665039,-20.096,-43.416,7.910,-14.446,100.499,-107.887,14.572,22.169,29.393,8.913,74.03,104.75,1323,1664
34673,0.722778,-0.099609,-0.181641,0.751880,122.436523,-141.052246,97.473145,-151.260,-74.007,11.467,-21.334,112.972,-135.251,19.233,30.000,29.674,12.890,65.33,107.89,1226,1699
34723,1.531738,-0.233643,0.669556,1.687932,70.007324,-181.335449,88.623047,-19.237,-65.157,12.961,-30.543,83.404,-157.334,19.102,30.000,28.648,14.096,66.35,110.61,1237,1729
34773,1.918335,-0.295044,0.645996,2.045573,62.683105,42.907715,84.411621,-24.547,-69.685,14.622,-36.865,72.196,-58.715,20.257,30.000,29.975,9.908,65.02,104.91,1222,1666
34823,1.255981,-0.264893,0.657837,1.442361,37.719727,161.437988,66.650391,-21.933,-60.550,14.297,-36.314,55.938,86.232,18.924,30.000,30.000,10.714,65.00,105.71,1222,1675
34873,0.424561,-0.202148,0.690186,0.835148,37.841797,97.717285,46.875000,-16.325,-30.555,10.969,-31.722,44.972,114.103,3.633,27.471,29.895,24.607,65.11,115.74,1223,1786
34923,0.526245,-0.139771,0.475464,0.722866,19.531250,-33.935547,21.240234,-16.382,-46.719,11.091,-28.872,33.703,28.150,14.063,29.962,29.998,15.359,65.00,110.36,1222,1726
34973,0.814209,-0.214600,0.734375,1.117272,0.183105,-101.501465,31.982422,-16.289,-46.782,8.648,-31.074,14.937,-37.903,-7.278,30.000,24.697,29.730,70.29,122.36,1281,1860
35023,0.838745,-0.209351,0.346558,0.931356,28.442383,-150.512695,6.958008,-31.136,-64.232,5.865,-37.673,17.245,-124.842,-18.826,30.000,14.318,29.995,78.42,125.00,1371,1889
35064,1.614624,-0.232788,0.618164,1.744514,52.673340,61.706543,16.967773,-20.635,-67.751,5.770,-41.251,33.977,-34.713,8.226,30.000,28.346,22.761,73.63,117.80,1318,1809
35123,0.833740,-0.152222,0.739136,1.124551,57.983398,70.678711,48.889160,-11.637,-47.851,6.323,-39.831,48.657,65.649,-2.823,30.000,28.434,25.660,66.57,117.75,1240,1808
35173,0.610352,-0.086182,0.477661,0.779818,46.508789,115.722656,60.668945,-10.228,-51.507,5.049,-36.966,48.178,101.060,8.285,30.000,28.982,23.297,66.02,119.80,1234,1831
35223,0.585327,-0.122437,0.568115,0.824835,55.847168,53.894043,53.527832,-12.162,-45.205,4.298,-33.324,44.986,75.191,-4.198,30.000,26.871,28.400,68.13,121.90,1257,1854
35264,0.443970,-0.121094,0.747803,0.878056,42.236328,-27.038574,60.974121,-9.198,-30.373,3.190,-31.585,39.728,30.356,1.105,30.000,29.811,29.241,65.19,124.24,1224,1880
35323,0.769653,-0.139771,0.706665,1.054171,28.991699,-98.083496,52.185059,-11.188,-46.895,1.566,-34.266,35.668,-56.274,-5.113,30.000,25.499,29.990,69.50,124.99,1272,1889
35373,0.920166,-0.149048,0.711182,1.172476,46.752930,-69.152832,53.466797,-11.837,-51.703,0.928,-38.306,39.912,-69.415,-5.568,30.000,26.721,28.592,67.88,123.59,1254,1873
35423,0.900513,-0.151978,0.559082,1.070791,45.654297,-8.239746,73.181152,-15.207,-57.244,-0.925,-42.393,41.886,-40.908,-8.573,30.000,22.125,29.974,72.88,124.97,1310,1889
35465,0.830566,-0.156372,0.531006,0.998128,41.381836,67.871094,79.101562,-16.409,-56.318,-3.129,-43.864,40.625,9.531,-10.356,30.000,19.787,29.999,75.21,125.00,1336,1889
35523,0.612183,-0.200195,0.633057,0.903109,25.634766,27.954102,94.787598,-17.549,-42.677,-6.594,-42.226,35.200,33.034,-12.279,30.000,18.796,30.000,76.20,125.00,1347,1889
35573,0.666504,-0.255493,0.591431,0.926981,37.902832,12.023926,90.820312,-23.364,-45.972,-9.923,-40.545,33.390,21.308,-18.379,30.000,12.925,30.000,82.07,125.00,1412,1889
35623,0.692505,-0.309082,0.673584,1.014303,45.166016,15.625000,95.458984,-24.649,-43.058,-13.231,-39.011,35.875,18.105,-19.941,30.000,10.406,30.000,84.59,125.00,1440,1889
35665,0.633789,-0.325684,0.718140,1.011673,52.124023,-18.798828,97.167969,-24.395,-38.791,-15.348,-37.662,41.919,-0.403,-19.475,30.000,10.906,30.000,84.09,125.00,1434,1889
35723,0.632935,-0.366821,0.658447,0.984234,56.457520,-59.753418,100.219727,-29.122,-40.021,-18.685,-37.652,49.132,-43.339,-23.799,30.000,6.828,30.000,88.17,125.00,1480,1889
35773,0.725220,-0.388062,0.564819,0.997776,80.871582,-22.155762,92.041016,-34.491,-46.622,-21.475,-38.912,62.369,-46.357,-29.044,30.000,1.706,30.000,93.29,125.00,1537,1889
35823,0.664551,-0.362061,0.752686,1.067357,73.730469,-82.092285,98.327637,-25.689,-38.507,-23.141,-39.258,70.778,-54.627,-22.528,30.000,6.052,30.000,88.95,125.00,1488,1889
35873,0.644409,-0.366577,0.592407,0.948993,79.040527,-112.731934,98.510742,-31.749,-42.769,-25.312,-40.821,75.398,-95.601,-27.467,30.000,3.419,30.000,91.58,125.00,1518,1889
35914,0.722534,-0.348755,0.516479,0.954168,83.984375,-114.013672,92.956543,-34.029,-49.221,-27.698,-43.233,78.947,-108.026,-30.000,30.000,0.320,30.000,94.68,125.00,1552,1889
35973,0.793091,-0.388794,0.526245,1.028148,80.932617,-134.338379,88.989258,-36.457,-50.478,-31.997,-46.940,77.214,-125.493,-30.000,30.000,0.067,30.000,94.93,125.00,1555,1889
36023,0.841187,-0.387207,0.480103,1.043083,73.486328,-142.578125,83.312988,-38.886,-53.750,-36.720,-50.110,74.539,-140.084,-30.000,30.000,0.001,30.000,95.00,125.00,1556,1889
36074,0.966187,-0.407837,0.383179,1.116545,64.147949,-123.718262,77.331543,-46.785,-59.921,-43.244,-53.360,69.229,-141.282,-30.000,30.000,0.000,30.000,95.00,125.00,1556,1889
36114,0.992798,-0.433838,0.335693,1.134263,57.739258,-96.984863,72.021484,-52.268,-61.078,-49.195,-55.183,62.830,-122.154,-30.000,30.000,0.000,30.000,95.00,125.00,1556,1889
36174,0.983765,-0.455200,0.304077,1.125817,46.752930,-44.494629,67.443848,-56.257,-60.906,-56.385,-55.666,52.883,-73.607,-30.000,30.000,0.000,30.000,95.00,125.00,1556,1889
36223,0.995605,-0.483032,0.271973,1.139526,41.748047,10.192871,64.636230,-60.618,-60.892,-59.640,-54.500,45.747,-26.242,-30.000,30.000,0.000,30.000,95.00,125.00,1556,1889
36274,1.013184,-0.524902,0.275391,1.173841,40.344238,65.551758,62.072754,-62.316,-59.670,-59.730,-52.141,42.579,27.243,-30.000,30.000,0.000,30.000,95.00,125.00,1556,1889
36314,0.928955,-0.540283,0.337646,1.126441,44.067383,112.670898,62.500000,-57.997,-55.556,-57.482,-49.288,42.799,74.279,-30.000,30.000,0.000,30.000,95.00,125.00,1556,1889
36373,0.859741,-0.576294,0.372192,1.099908,52.795410,138.488770,64.147949,-57.144,-51.412,-51.947,-43.276,48.845,121.144,-30.000,30.000,0.000,30.000,95.00,125.00,1556,1889
36423,0.710937,-0.607056,0.572998,1.096483,65.490723,102.233887,66.589355,-46.653,-40.420,-47.121,-37.193,58.370,123.812,-30.000,30.000,0.000,30.000,95.00,125.00,1556,1889
36473,0.547241,-0.617187,0.723389,1.097126,59.204102,18.615723,73.364258,-40.470,-29.920,-43.298,-31.364,59.845,73.078,-30.000,29.117,-0.573,30.000,95.57,125.00,1562,1889
36515,0.489014,-0.613403,0.538452,0.951488,58.715820,-98.754883,82.214355,-48.723,-30.927,-42.140,-28.683,58.056,-18.455,-30.000,30.000,-0.146,30.000,95.15,125.00,1557,1889
36573,0.654541,-0.741821,0.538086,1.126170,36.071777,-124.572754,114.501953,-54.044,-35.536,-43.819,-28.678,43.408,-96.898,-30.000,30.000,-0.001,30.000,95.00,125.00,1556,1889
36623,0.975220,-0.891479,0.638672,1.467546,50.537109,-129.699707,126.647949,-54.382,-41.646,-46.098,-28.662,44.400,-119.541,-30.000,30.000,-0.000,30.000,95.00,125.00,1556,1889
36673,0.879639,-0.750977,0.469482,1.248256,89.721680,-115.051270,119.873047,-57.988,-44.805,-47.852,-28.313,70.770,-119.619,-30.000,30.000,-0.000,30.000,95.00,125.00,1556,1889
36715,0.632446,-0.579712,0.308838,0.911831,108.154297,-80.017090,117.553711,-61.954,-43.916,-49.078,-28.817,91.936,-99.246,-30.000,30.000,-0.000,30.000,95.00,125.00,1556,1889
36774,0.749146,-0.679687,0.365723,1.075615,119.567871,-72.753906,108.947754,-61.716,-44.145,-49.199,-28.594,109.559,-76.536,-30.000,30.000,-0.000,30.000,95.00,125.00,1556,1889
36823,0.795166,-0.869019,0.374512,1.236018,136.962891,-60.913086,105.529785,-66.686,-40.040,-47.063,-27.015,123.496,-68.600,-30.000,30.000,-0.000,30.000,95.00,125.00,1556,1889
36873,0.767334,-0.893433,0.344971,1.227203,145.812988,-56.030273,115.722656,-68.888,-38.702,-43.475,-25.122,137.935,-59.085,-30.000,30.000,-0.000,30.000,95.00,125.00,1556,1889
36925,0.574585,-0.812012,0.303345,1.039966,153.198242,-68.237305,134.399414,-69.516,-33.539,-40.887,-23.861,148.554,-59.053,-30.000,30.000,-0.006,30.000,95.01,125.00,1556,1889
36973,0.478027,-0.798706,0.327393,0.986726,159.484863,-111.083984,149.047852,-67.711,-28.977,-39.461,-22.955,155.044,-83.995,-30.000,30.000,-0.000,30.000,95.00,125.00,1556,1889
37023,0.555786,-0.890259,0.347046,1.105396,167.175293,-149.169922,156.555176,-68.703,-30.185,-38.578,-23.243,160.245,-123.188,-30.000,30.000,-0.000,30.000,95.00,125.00,1556,1889
37074,0.567261,-0.974976,0.339722,1.178038,174.438477,-179.199219,169.677734,-70.790,-28.785,-38.338,-24.683,169.054,-160.736,-30.000,30.000,-0.000,30.000,95.00,125.00,1556,1889
37125,0.687256,-1.057373,0.270386,1.289755,178.833008,-173.400879,198.913574,-75.656,-32.199,-36.133,-26.305,175.329,-175.640,-29.083,30.000,0.574,30.000,94.43,125.00,1549,1889
37173,0.713989,-1.083618,0.365112,1.348079,177.124023,-125.427246,228.759766,-71.379,-31.981,-33.782,-27.148,176.914,-149.110,-26.401,30.000,3.184,30.000,91.82,125.00,1520,1889
37223,0.497437,-0.991577,0.360107,1.166339,184.631348,-109.802246,253.784180,-70.041,-25.245,-32.362,-26.449,179.749,-124.332,-30.000,30.000,2.334,30.000,92.21,125.00,1525,1889
37273,0.299072,-0.744141,0.156250,0.817070,182.739258,-52.673340,293.579102,-78.142,-21.471,-31.911,-22.308,178.097,-58.738,-24.273,27.869,-0.551,30.000,95.55,125.00,1562,1889
37323,0.191772,-0.855713,0.863647,1.230816,121.704102,-51.635742,319.152832,-44.736,-8.964,-30.366,-16.502,144.274,-39.248,-24.603,20.313,-6.361,30.000,101.36,125.00,1626,1889
37373,-0.101196,-0.902100,0.860962,1.251111,128.784180,-7.019043,332.641602,-46.337,4.639,-27.061,-9.487,132.587,-12.244,-21.669,10.976,-9.945,30.000,104.95,125.00,1666,1889
37423,-0.198364,-0.684204,0.900757,1.148410,121.765137,-34.729004,341.674805,-37.220,9.947,-22.934,-2.802,122.940,-22.072,-25.514,-2.451,-21.050,24.166,110.00,119.17,1722,1824
37473,-0.351807,-0.297974,0.801025,0.924228,103.637695,24.475098,354.125977,-20.405,22.374,-17.886,4.381,111.637,-3.996,-13.399,-8.516,-23.203,7.902,118.20,107.16,1813,1691
37523,-0.487061,-0.140991,0.636597,0.813856,34.362793,-25.695801,372.009277,-12.488,36.760,-11.109,11.287,72.069,2.383,-7.752,-12.364,-23.892,-7.487,121.11,95.17,1846,1557
37564,-0.403320,-0.018799,0.673828,0.785535,-27.343750,32.836914,386.657715,-1.598,30.893,-5.795,14.965,22.270,16.038,-4.894,-17.230,-24.368,-15.758,119.71,85.57,1830,1451
37623,-0.499023,0.178833,0.847168,0.999349,-70.373535,45.532227,399.230957,11.920,29.957,1.439,18.665,-38.153,22.860,3.228,-26.102,-23.201,-27.982,118.20,71.16,1813,1291
37673,-0.505005,0.338257,0.926758,1.108299,-104.553223,153.442383,387.756348,20.052,27.107,6.521,20.935,-77.095,82.937,6.833,-29.831,-22.943,-29.963,117.94,65.04,1810,1223
37723,-0.859619,0.574097,0.811401,1.314117,-124.389648,227.722168,353.454590,35.281,40.855,10.679,25.616,-108.182,180.101,5.113,-30.000,-24.788,-29.999,119.79,65.00,1831,1222
37764,-1.152344,0.701050,0.398804,1.406560,-161.682129,344.360352,296.691895,60.366,55.011,13.922,31.781,-137.109,265.291,6.944,-30.000,-23.445,-30.000,118.45,65.00,1816,1222
37823,-1.133545,0.557129,0.026855,1.263344,-177.185059,295.349121,193.725586,87.240,63.800,21.169,44.209,-162.966,307.249,13.364,-30.000,-17.701,-30.000,112.70,65.00,1752,1222
37873,-0.597656,0.307983,-0.055542,0.674634,-179.870605,143.554687,139.221191,100.223,62.362,34.230,52.436,-174.882,230.073,27.016,-30.000,-3.160,-30.000,100.70,65.00,1619,1222
37923,-0.649780,0.309937,0.059082,0.722333,-184.387207,10.070801,110.107422,79.207,64.100,40.030,54.179,-179.170,107.892,30.000,-30.000,-0.089,-30.000,95.09,65.00,1557,1222
37965,-0.993408,0.535034,0.299805,1.167478,-140.380859,-49.072266,100.830078,60.736,58.310,41.602,52.892,-164.135,20.484,30.000,-30.000,-0.004,-30.000,95.00,65.00,1556,1222
38023,-0.885010,0.678101,0.209473,1.134434,-134.033203,-143.127441,70.434570,72.834,51.273,38.977,46.658,-151.987,-98.558,30.000,-30.000,-0.000,-30.000,95.00,65.00,1556,1222
38074,-0.812256,0.615967,0.461426,1.118968,-134.826660,-149.108887,45.532227,53.163,46.544,32.738,39.820,-141.817,-135.683,30.000,-30.000,-0.040,-30.000,95.04,65.00,1556,1222
38123,-0.516113,0.450195,0.525024,0.862960,-119.934082,-150.024414,27.465820,40.612,36.732,26.375,32.677,-130.473,-149.005,29.867,-29.410,0.251,-30.000,94.75,65.00,1553,1222
38165,-0.428467,0.359863,0.612183,0.829369,-117.309570,-131.103516,15.930176,30.449,31.106,21.386,27.030,-124.155,-144.507,19.683,-22.641,-2.396,-30.000,97.40,65.00,1582,1222
38214,-0.330200,0.304565,0.981689,1.079586,-114.196777,-115.295410,5.493164,17.236,17.810,15.110,20.279,-119.868,-127.822,9.553,-14.219,-4.530,-25.650,99.53,69.35,1606,1271
38273,-0.263916,0.144409,1.086792,1.127662,-97.839355,-161.132812,-12.268066,7.569,13.535,8.101,12.763,-108.720,-131.602,2.226,-6.061,-4.258,-10.591,99.26,83.64,1603,1429
38323,0.073975,0.046021,0.956421,0.960381,-101.013184,-122.558594,-5.065918,2.755,-4.418,2.751,5.094,-99.935,-138.407,-3.113,2.810,-0.765,3.716,95.77,95.64,1564,1563
38373,0.248535,-0.097534,0.962769,0.999103,-80.810547,-47.729492,5.798340,-5.785,-14.404,-2.269,-2.224,-88.407,-105.124,-7.825,9.194,1.314,15.322,93.69,107.64,1541,1696
38414,0.260010,-0.200073,0.931396,0.987489,-71.166992,-32.409668,11.413574,-12.123,-15.266,-6.011,-6.568,-79.615,-75.306,-11.663,12.165,0.968,22.788,94.03,117.24,1545,1803
38473,0.355957,-0.325317,1.063232,1.167476,-48.400879,7.202148,7.385254,-17.013,-17.752,-11.049,-10.016,-63.784,-21.372,-16.566,13.069,-2.859,28.909,97.86,123.91,1587,1877
38523,0.174683,-0.390991,0.956909,1.048362,-50.964355,128.845215,21.240234,-22.225,-9.592,-14.700,-8.932,-54.484,62.096,-20.947,6.138,-12.507,27.633,107.09,122.63,1690,1863
38573,-0.005493,-0.454590,0.973755,1.074654,-34.606934,157.531738,16.296387,-25.025,0.293,-17.754,-3.496,-41.547,125.523,-23.915,-4.863,-26.480,20.380,119.09,115.38,1823,1782
38614,-0.273682,-0.467529,1.038818,1.171592,-9.216309,141.174316,13.244629,-24.231,13.509,-19.500,3.066,-27.178,154.370,-24.175,-15.208,-29.856,10.944,124.86,106.13,1887,1679
38673,-0.400391,-0.413940,0.783081,0.972047,-35.888672,50.415039,23.864746,-27.861,24.325,-21.972,12.766,-26.157,117.409,-27.604,-24.865,-29.999,2.913,125.00,97.91,1889,1588
38723,-0.408325,-0.467529,0.908203,1.100066,-18.066406,-41.503906,19.653320,-27.239,21.789,-23.978,16.978,-30.549,38.005,-29.126,-22.350,-30.000,6.379,125.00,101.38,1889,1626
38773,-0.314697,-0.461182,0.744507,0.930598,-43.395996,-106.689453,32.104492,-31.776,19.765,-25.787,16.544,-37.683,-57.775,-30.000,-16.004,-30.000,13.482,125.00,108.48,1889,1705
38814,-0.047607,-0.579346,0.771362,0.965871,-31.250000,-194.396973,42.236328,-36.909,2.825,-27.134,13.024,-37.895,-133.629,-30.000,-0.696,-30.000,25.679,125.00,116.91,1889,1799
38873,0.157227,-0.691284,0.885376,1.134233,-16.174316,-191.711426,76.721191,-37.982,-7.968,-28.831,4.772,-28.726,-178.237,-30.000,12.423,-19.994,29.935,116.83,124.93,1798,1888
38923,0.234253,-0.658936,0.671509,0.969533,-16.784668,-154.663086,111.938477,-44.459,-13.982,-30.556,-1.991,-18.371,-174.212,-30.000,20.881,-12.101,29.999,108.35,125.00,1704,1889
38973,0.298218,-0.683716,0.693115,1.018239,-1.098633,-154.785156,146.118164,-44.609,-17.030,-32.687,-6.280,-11.281,-143.565,-30.000,22.923,-9.410,30.000,104.86,125.00,1665,1889
39015,0.104858,-0.676392,0.902222,1.132477,4.882812,-82.946777,155.029297,-36.859,-5.313,-34.485,-7.284,-0.436,-89.384,-30.000,12.119,-14.304,30.000,107.33,125.00,1693,1889
39073,0.126587,-0.784058,0.985474,1.265673,28.991699,-13.122559,168.640137,-38.506,-5.740,-36.141,-5.418,15.247,-30.042,-30.000,7.568,-20.315,30.000,113.07,125.00,1756,1889
39123,0.068481,-0.725220,0.792969,1.076770,34.057617,48.217773,186.279297,-42.445,-3.646,-36.441,-1.317,25.670,6.437,-30.000,2.491,-25.386,30.000,120.19,125.00,1835,1889
39173,0.030762,-0.645142,0.695190,0.948917,48.156738,40.771484,180.053711,-42.862,-1.858,-35.450,3.919,34.171,5.672,-30.000,-0.594,-29.807,29.412,124.81,124.41,1887,1882
39215,-0.158203,-0.581421,0.712036,0.932778,38.269043,-18.859863,188.659668,-39.234,9.765,-33.755,8.477,35.418,-1.473,-30.000,-9.888,-29.992,21.115,124.99,116.11,1889,1790
39273,-0.332153,-0.504395,0.727539,0.945544,6.225586,-35.400391,198.364258,-34.733,20.566,-30.473,14.562,19.532,-22.645,-30.000,-17.509,-30.000,13.460,125.00,108.46,1889,1705
39323,-0.395996,-0.526978,0.714600,0.972199,-22.583008,-64.147949,217.102051,-36.407,24.037,-28.069,18.670,-5.290,-46.780,-30.000,-20.460,-30.000,9.458,125.00,104.46,1889,1661
39373,-0.472168,-0.524414,0.902588,1.145695,-39.306641,-93.933105,234.375000,-30.157,24.338,-25.576,21.449,-25.665,-66.599,-30.000,-20.627,-30.000,9.538,125.00,104.54,1889,1662
39425,-0.404663,-0.505615,0.814087,1.040258,-55.908203,-81.359863,264.160156,-31.844,22.892,-23.085,22.829,-42.968,-85.257,-30.000,-19.915,-30.000,9.752,125.00,104.75,1889,1664
39473,-0.436035,-0.459473,0.904541,1.104281,-55.725098,-43.884277,288.574219,-26.929,23.257,-20.374,24.191,-51.492,-62.819,-27.462,-22.431,-30.000,6.355,125.00,101.36,1889,1626
39523,-0.446167,-0.386475,0.753296,0.957017,-70.739746,42.297363,311.279297,-27.160,27.788,-17.321,26.941,-59.721,-18.588,-25.843,-28.701,-30.000,-1.262,125.00,93.74,1889,1542
39573,-0.643066,-0.299438,0.825073,1.088092,-82.946777,152.404785,324.707031,-19.947,36.228,-13.476,32.779,-74.178,67.727,-22.512,-30.000,-30.000,-6.979,125.00,88.02,1889,1478
39625,-0.962891,-0.048340,0.550415,1.110158,-98.632812,200.622559,306.701660,-5.019,60.152,-7.292,42.630,-88.255,143.770,-11.533,-30.000,-30.000,-15.032,125.00,81.77,1889,1409
39673,-1.162109,0.140259,0.299683,1.208296,-105.407715,293.273926,278.686523,25.081,74.107,4.318,53.819,-101.533,228.430,-1.486,-30.000,-30.000,-26.724,125.00,69.77,1889,1275
39723,-1.020142,0.269287,0.035645,1.055687,-137.451172,313.903809,206.298828,82.460,75.090,30.100,65.290,-123.556,292.059,30.000,-30.000,-1.876,-29.940,113.00,65.06,1756,1223
39773,-0.643555,0.265381,-0.207520,0.726398,-162.475586,90.393066,171.081543,128.024,62.369,62.561,66.992,-154.614,182.162,30.000,-30.000,-0.035,-29.999,101.00,65.00,1622,1222
39823,-0.708252,0.274536,0.177490,0.780060,-149.230957,27.282715,146.728516,57.117,65.223,72.983,61.009,-160.971,75.927,30.000,-30.000,-0.001,-30.000,95.00,65.00,1556,1222
39864,-0.832520,0.482056,0.147217,0.973211,-133.178711,-11.596680,128.784180,73.018,58.808,70.807,55.685,-151.317,3.681,30.000,-30.000,-0.000,-30.000,95.00,65.00,1556,1222
39923,-0.843750,0.604736,0.189331,1.055209,-141.235352,-68.359375,93.444824,72.616,53.092,64.116,48.205,-143.423,-51.630,30.000,-30.000,-0.000,-30.000,95.00,65.00,1556,1222
39974,-0.799561,0.565552,0.326538,1.032363,-140.136719,-96.191406,61.462402,59.999,50.759,57.058,42.903,-140.073,-80.237,30.000,-30.000,-0.000,-30.000,95.00,65.00,1556,1222
40023,-0.624878,0.458740,0.412476,0.878095,-140.991211,-111.022949,38.208008,48.040,45.368,48.674,38.099,-139.872,-99.583,30.000,-30.000,-0.000,-30.000,95.00,65.00,1556,1222
40064,-0.624023,0.419678,0.546997,0.929914,-150.146484,-115.905762,14.953613,37.497,42.149,41.428,34.461,-143.619,-108.483,30.000,-30.000,-0.000,-30.000,95.00,65.00,1556,1222
40123,-0.625122,0.279053,0.833252,1.078405,-155.273437,-99.731445,-11.840820,18.515,35.428,29.668,29.233,-151.685,-108.858,17.729,-28.661,-9.128,-30.000,104.13,65.00,1657,1222
40173,-0.608765,0.039917,1.064819,1.227203,-137.939453,-6.652832,-38.208008,2.147,29.740,19.841,25.742,-147.271,-61.458,12.846,-24.520,-13.233,-30.000,108.23,65.00,1703,1222
40223,-0.604004,-0.251709,1.131226,1.306847,-121.337891,24.230957,-70.251465,-12.545,27.528,11.149,24.965,-129.257,-3.570,4.365,-27.140,-22.462,-29.423,117.46,65.58,1805,1229
40264,-0.490601,-0.548706,1.019287,1.257264,-72.814941,139.465332,-84.167480,-28.295,22.968,4.865,26.229,-103.365,54.410,-0.994,-30.000,-29.021,-26.426,124.02,68.57,1878,1262
40323,-0.560791,-0.597534,0.825317,1.163049,-28.198242,176.513672,-102.905273,-35.905,28.827,-4.256,31.592,-51.695,121.915,-24.017,-30.000,-29.992,-6.459,124.99,75.36,1889,1337
40373,-0.431152,-0.611328,0.743896,1.054986,5.371094,69.091797,-112.365723,-39.413,24.122,-11.833,35.787,-14.917,99.220,-30.000,-30.000,-30.000,-1.287,125.00,87.36,1889,1471
40423,-0.428101,-0.586548,0.781250,1.066612,28.320312,4.455566,-109.252930,-36.899,23.664,-18.129,36.014,10.012,38.066,-29.323,-30.000,-30.000,-0.711,125.00,94.29,1889,1548
40465,-0.289307,-0.604248,0.791260,1.036777,28.808594,57.556152,-99.609375,-37.367,16.203,-21.814,34.309,22.020,29.549,-30.000,-29.367,-30.000,0.262,125.00,95.26,1889,1558
40523,-0.299927,-0.674438,0.870728,1.141486,25.817871,41.320801,-95.397949,-37.760,15.233,-25.611,31.264,28.199,27.511,-30.000,-26.899,-30.000,3.474,125.00,98.47,1889,1594
40578,-0.202393,-0.686279,0.939697,1.181090,32.165527,30.578613,-83.984375,-36.141,9.867,-27.230,28.773,28.974,10.010,-28.071,-30.000,-30.000,2.158,125.00,97.16,1889,1580
40623,-0.076660,-0.513672,0.684082,0.858897,18.920898,15.808105,-77.880859,-36.903,5.121,-28.463,26.029,31.407,6.188,-30.000,-17.528,-30.000,9.655,125.00,102.54,1889,1639
40665,-0.104614,-0.506958,0.835815,0.983127,37.536621,-61.828613,-73.120117,-31.239,6.108,-28.814,23.420,29.425,-7.490,-30.000,-17.988,-30.000,10.671,125.00,105.67,1889,1674
40723,-0.036865,-0.498535,0.994751,1.113295,32.165527,-60.241699,-57.800293,-26.618,1.898,-28.381,18.521,23.679,-26.762,-29.097,-13.394,-30.000,14.824,125.00,109.82,1889,1720
40773,-0.020874,-0.464600,1.020752,1.121705,11.108398,-5.004883,-29.541016,-24.473,1.066,-27.636,14.003,16.495,-23.860,-28.412,-10.367,-30.000,19.079,125.00,114.08,1889,1768
40823,0.211548,-0.394409,0.871094,0.979344,11.901855,6.469727,-18.493652,-24.360,-12.475,-26.688,9.864,16.088,-30.888,-27.624,-2.906,-30.000,23.815,125.00,118.82,1889,1820
40873,0.198975,-0.402222,1.061768,1.152703,15.197754,46.447754,-0.976562,-20.748,-9.940,-25.626,7.742,15.065,6.854,-26.217,-5.381,-30.000,20.925,125.00,115.93,1889,1788
40914,0.107910,-0.293213,0.851929,0.907414,1.953125,92.773437,23.559570,-18.992,-6.830,-24.632,8.025,14.614,49.447,-25.221,-9.349,-30.000,16.631,125.00,111.63,1889,1740
40973,-0.067505,-0.266113,1.045410,1.080859,9.887695,132.019043,43.212891,-14.282,3.581,-22.986,11.893,12.983,103.519,-23.932,-18.688,-30.000,6.772,125.00,101.77,1889,1631
41023,-0.260498,-0.250854,0.966187,1.031651,9.887695,146.423340,51.147461,-14.555,14.626,-21.813,17.665,9.494,131.138,-22.868,-26.932,-30.000,-2.415,125.00,92.59,1889,1529
41066,-0.358521,-0.205566,0.849609,0.944791,-7.507324,192.382812,56.945801,-13.602,22.301,-21.130,23.459,1.386,151.814,-21.336,-30.000,-30.000,-8.081,125.00,86.92,1889,1466
41114,-0.548096,-0.165283,0.830566,1.008746,4.821777,83.068848,47.485352,-11.255,32.912,-20.123,30.988,2.809,119.240,-17.806,-30.000,-30.000,-11.729,125.00,83.27,1889,1425
41173,-0.582397,-0.122437,0.780151,0.981231,1.831055,47.851562,42.480469,-8.919,36.408,-18.335,37.402,1.092,74.108,-14.980,-30.000,-30.000,-14.647,125.00,80.35,1889,1393
41223,-0.659180,-0.062988,0.692017,0.957796,4.638672,18.981934,32.775879,-5.201,43.490,-16.033,40.597,4.562,36.440,-9.828,-30.000,-30.000,-19.172,125.00,75.83,1889,1343
41273,-0.697266,-0.042358,0.721558,1.004300,6.164551,30.273437,28.015137,-3.360,43.970,-13.441,42.854,4.597,30.319,-7.383,-30.000,-30.000,-22.371,125.00,72.63,1889,1307
41315,-0.749878,0.001343,0.702148,1.027293,10.742188,-3.173828,18.005371,0.110,46.883,-11.309,44.104,5.990,15.461,-3.773,-30.000,-30.000,-25.756,125.00,69.24,1889,1269
41373,-0.828247,0.023926,0.757324,1.122544,13.000488,38.818359,7.202148,1.810,47.547,-8.253,46.096,8.256,29.713,-1.245,-30.000,-29.862,-29.136,124.86,65.86,1887,1232
41423,-0.769165,0.072876,0.611206,0.985139,24.414062,3.417969,-10.559082,6.799,51.331,-6.007,47.482,14.552,18.688,3.263,-30.000,-27.604,-29.984,122.60,65.02,1862,1222
41474,-0.810303,0.089111,0.579102,0.999945,21.606445,3.173828,-19.226074,8.748,54.130,-4.043,48.799,19.041,11.634,5.682,-30.000,-24.315,-30.000,119.31,65.00,1826,1222
41515,-0.661011,0.088745,0.502563,0.835093,25.634766,-15.441895,-34.362793,10.014,52.330,-2.981,48.881,20.661,-10.503,7.093,-30.000,-23.354,-30.000,118.35,65.00,1815,1222
41574,-0.794556,0.105591,0.646729,1.029915,31.188965,-0.976562,-54.504395,9.273,50.487,-2.311,48.189,28.934,-12.647,7.317,-30.000,-22.950,-30.000,117.95,65.00,1811,1222
41623,-0.801636,0.093262,0.635864,1.027444,50.537109,11.413574,-73.730469,8.344,51.281,-2.203,48.056,40.706,-0.597,7.401,-30.000,-22.640,-30.000,117.64,65.00,1807,1222
41673,-0.836426,0.072021,0.615112,1.040749,67.565918,42.541504,-89.660645,6.678,53.483,-2.570,48.913,53.549,21.008,6.840,-30.000,-22.879,-30.000,117.88,65.00,1810,1222
41715,-0.826416,0.055420,0.470093,0.952377,77.575684,73.669434,-105.285645,6.724,60.197,-3.257,50.799,65.665,47.200,7.334,-30.000,-22.572,-30.000,117.57,65.00,1806,1222
41773,-0.846436,-0.000854,0.306030,0.900060,100.097656,123.962402,-124.511719,-0.160,70.122,-6.042,56.098,85.486,88.826,2.832,-30.000,-26.024,-30.000,121.02,65.00,1845,1222
41823,-0.989014,-0.066162,0.175537,1.006647,125.671387,186.706543,-140.563965,-20.652,79.260,-12.507,62.586,105.633,139.512,-13.100,-30.000,-29.836,-18.933,124.84,72.08,1887,1301
41874,-1.003540,-0.154419,-0.039917,1.016135,129.577637,135.681152,-149.230957,-104.494,80.969,-30.243,69.295,127.020,156.294,-30.000,-30.000,-29.997,-0.699,125.00,84.08,1889,1434
41925,-1.000000,-0.305908,-0.075439,1.048461,150.146484,103.881836,-162.597656,-103.853,72.512,-58.296,70.315,144.696,137.510,-30.000,-30.000,-30.000,-0.013,125.00,94.99,1889,1555
41974,-0.951538,-0.459717,-0.316162,1.103052,142.028809,167.297363,-160.217285,-124.518,59.614,-79.475,65.215,145.446,140.005,-30.000,-30.000,-30.000,-0.000,125.00,95.00,1889,1556
42023,-0.955444,-0.567139,-0.182983,1.126056,158.752441,171.325684,-145.690918,-107.882,58.047,-90.954,58.197,151.841,161.667,-30.000,-30.000,-30.000,-0.000,125.00,95.00,1889,1556
42074,-0.848267,-0.617432,-0.136108,1.057971,163.146973,142.700195,-134.094238,-102.432,53.301,-95.265,50.785,157.025,152.160,-30.000,-30.000,-30.000,-0.000,125.00,95.00,1889,1556
42125,-0.767944,-0.680420,0.001953,1.026018,151.977539,85.205078,-127.563477,-89.836,48.458,-94.151,44.066,156.198,117.026,-30.000,-30.000,-30.000,-0.000,125.00,95.00,1889,1556
42173,-0.710937,-0.784058,0.110107,1.064097,141.052246,30.944824,-133.300781,-82.006,41.922,-89.566,37.909,147.021,66.940,-30.000,-30.000,-30.000,-0.000,125.00,95.00,1889,1556
42223,-0.627930,-0.868530,0.224731,1.095055,121.704102,-25.268555,-141.174316,-75.493,34.989,-83.205,31.803,133.973,10.935,-30.000,-30.000,-30.000,-0.000,125.00,95.00,1889,1556
42273,-0.486450,-0.913940,0.329590,1.086531,102.905273,-65.917969,-147.827148,-70.169,26.597,-76.451,25.091,117.248,-35.817,-30.000,-26.419,-30.000,2.276,125.00,97.28,1889,1581
42323,-0.350586,-0.925537,0.495972,1.107031,85.815430,-124.755859,-151.245117,-61.814,18.463,-70.101,17.432,97.857,-82.887,-30.000,-14.831,-30.000,13.367,125.00,108.37,1889,1704
42364,-0.062500,-0.933594,0.543213,1.081935,60.363770,-212.829590,-148.132324,-59.807,3.312,-65.445,9.563,78.357,-158.839,-30.000,3.589,-27.819,28.504,122.82,117.97,1865,1811
42423,0.361938,-0.906860,0.510498,1.101818,24.475098,-230.590820,-139.831543,-60.624,-19.177,-60.931,-4.460,53.885,-204.870,-30.000,27.527,-7.277,29.988,108.43,124.99,1705,1889
42473,0.457153,-0.895264,0.882690,1.337770,4.943848,-160.766602,-102.661133,-45.405,-19.982,-59.871,-15.282,26.911,-181.565,-30.000,27.510,-3.198,30.000,98.20,125.00,1591,1889
42523,0.743774,-0.754028,0.615601,1.225040,11.413574,-19.104004,-66.528320,-50.771,-37.383,-60.380,-23.425,11.201,-113.394,-30.000,30.000,-0.065,30.000,95.07,125.00,1556,1889
42564,0.780640,-0.598755,0.565063,1.134549,-9.948730,78.186035,-41.015625,-46.658,-43.477,-59.625,-27.858,2.990,-11.723,-30.000,30.000,-0.003,30.000,95.00,125.00,1556,1889
42623,0.668457,-0.533569,0.693115,1.100881,3.845215,177.062988,-13.244629,-37.590,-37.387,-55.015,-29.309,6.104,112.483,-30.000,29.862,-0.076,30.000,95.08,125.00,1556,1889
42673,0.505371,-0.534912,0.910767,1.170909,15.136719,212.707520,3.479004,-30.427,-25.570,-49.270,-25.417,9.346,178.863,-30.000,17.180,-11.089,30.000,106.08,125.00,1679,1889
42723,0.256348,-0.504883,1.107300,1.243677,19.165039,241.638184,13.916016,-24.511,-11.895,-45.020,-18.029,15.980,233.893,-30.000,5.690,-22.479,30.000,117.35,125.00,1804,1889
42764,-0.091187,-0.437256,1.022949,1.116214,50.781250,219.360352,22.216797,-23.144,4.686,-40.873,-9.926,31.344,235.446,-30.000,-6.844,-29.572,25.103,124.57,120.10,1884,1834
42823,-0.423706,-0.263550,0.988159,1.106998,56.762695,77.636719,45.715332,-14.934,22.504,-35.607,2.249,52.036,165.478,-30.000,-16.819,-29.996,15.450,125.00,110.82,1889,1731
42873,-0.403076,-0.100586,0.795166,0.897149,85.449219,-30.151367,51.086426,-7.209,26.698,-30.400,9.502,69.095,62.311,-21.766,-19.472,-30.000,4.795,125.00,100.47,1889,1616
42923,-0.558472,0.014526,1.071411,1.208314,49.926758,-45.288086,82.946777,0.777,27.529,-25.177,13.116,62.125,5.370,-23.823,-14.556,-30.000,3.838,125.00,98.07,1889,1590
42965,-0.411987,0.145264,1.017822,1.107609,61.889648,-116.271973,101.379395,8.122,21.837,-19.637,13.963,58.272,-54.343,-12.045,-13.668,-27.011,-1.964,122.01,93.04,1856,1534
43023,-0.025146,0.312134,0.904907,0.957558,13.122559,-131.713867,151.489258,19.031,1.505,-11.969,11.292,28.515,-96.828,-6.589,-5.012,-14.745,1.188,111.19,96.19,1735,1569
43073,0.138916,0.319824,1.044556,1.101218,-64.514160,-121.765137,188.964844,17.024,-7.247,-8.288,6.738,-17.078,-97.914,-7.228,0.094,-9.118,6.651,104.14,101.65,1657,1629
43123,0.221191,0.168823,0.926636,0.967513,-63.110352,78.674316,212.219238,10.325,-13.216,-6.848,3.792,-40.534,13.299,-9.353,-4.327,-10.713,5.854,101.74,100.85,1630,1621
43165,-0.082642,0.116455,1.235474,1.243699,-13.916016,362.609863,219.604492,5.385,3.810,-6.951,7.251,-40.362,155.734,-9.908,-17.126,-23.075,-3.784,109.62,93.23,1718,1536
43223,-0.931885,0.211182,0.916016,1.323666,8.605957,450.561523,179.443359,12.982,44.750,-5.919,25.695,-12.242,363.150,-7.086,-30.000,-29.942,-22.039,124.02,78.83,1878,1376
43273,-1.168335,0.271118,0.464478,1.286177,7.202148,408.691406,132.202148,30.272,65.282,-0.475,46.092,-2.986,392.491,-0.543,-30.000,-24.101,-28.687,120.20,66.83,1836,1243
43323,-0.708374,0.119263,0.218262,0.750770,-33.996582,269.226074,92.346191,28.653,70.653,10.613,63.468,-19.791,318.605,10.343,-30.000,-19.423,-29.976,114.87,65.02,1776,1222
43373,-0.273315,0.042480,0.126343,0.304086,-67.321777,0.549316,76.721191,18.584,64.002,28.983,72.169,-45.743,129.779,28.994,-30.000,-4.124,-30.000,103.25,65.00,1647,1222
43423,-0.695190,0.117310,0.442505,0.832383,-60.913086,-118.408203,63.110352,14.848,56.635,38.836,70.711,-57.655,-30.725,21.965,-30.000,-4.495,-30.000,97.57,65.00,1584,1222
43473,-1.054932,0.422974,0.422974,1.212722,-49.926758,-58.654785,47.546387,45.000,60.446,36.614,64.926,-53.617,-83.837,30.000,-30.000,-0.101,-30.000,95.10,65.00,1557,1222
43523,-1.003906,0.414673,0.443970,1.173410,-61.584473,-24.902344,7.629395,43.046,58.820,33.013,59.832,-65.905,-77.520,30.000,-30.000,-0.002,-30.000,95.00,65.00,1556,1222
43574,-0.954712,0.208862,0.569824,1.131281,-67.321777,23.132324,-38.757324,20.130,57.556,28.305,57.538,-68.630,-23.458,21.029,-30.000,-5.521,-30.000,98.70,65.00,1597,1222
43614,-0.481689,0.032593,0.114258,0.496127,-61.401367,68.603516,-62.072754,15.921,76.144,24.245,58.248,-63.614,25.726,22.709,-30.000,-7.067,-30.000,102.07,65.00,1634,1222
43673,-0.713013,-0.033325,0.199707,0.741202,-48.339844,138.488770,-97.778320,-9.474,74.147,17.916,63.653,-55.347,101.520,16.243,-30.000,-12.806,-30.000,107.81,65.00,1698,1222
43723,-1.079346,-0.227905,0.197144,1.120622,-16.479492,185.852051,-138.610840,-49.139,74.401,4.947,71.494,-36.508,150.788,-30.000,-30.000,-29.347,-3.986,118.67,74.60,1819,1329
43773,-0.990723,-0.445435,-0.179932,1.101053,-0.610352,154.418945,-172.302246,-111.996,64.131,-27.741,77.545,-12.193,145.001,-30.000,-30.000,-29.988,-2.025,124.99,81.69,1889,1408
43815,-0.711670,-0.545288,-0.475952,1.015058,42.846680,-4.699707,-194.091797,-131.116,44.516,-68.687,75.635,24.886,103.857,-30.000,-30.000,-30.000,-0.083,125.00,91.29,1889,1514
43873,-0.545044,-0.547729,-0.058838,0.774947,113.525391,-69.885254,-186.950684,-96.131,44.695,-86.603,63.545,82.851,22.769,-30.000,-30.000,-30.000,-0.001,125.00,95.00,1889,1556
43923,-0.449219,-0.740356,-0.144165,0.877900,125.610352,-27.099609,-189.453125,-101.019,30.777,-83.387,53.261,109.587,-12.210,-30.000,-30.000,-30.000,-0.000,125.00,95.00,1889,1556
43974,-0.490845,-0.991455,0.137939,1.114872,116.699219,-110.107422,-181.457520,-82.079,26.121,-77.474,42.282,119.638,-57.413,-30.000,-30.000,-30.000,-0.000,125.00,95.00,1889,1556
44015,-0.288818,-0.992432,0.224731,1.057753,118.591309,-115.112305,-175.537109,-77.241,15.846,-72.373,33.172,120.045,-85.813,-30.000,-18.844,-30.000,8.958,125.00,103.00,1889,1644
44073,0.033569,-0.848755,0.315186,0.906010,113.098145,-212.097168,-156.433105,-69.627,-2.123,-64.255,18.391,116.092,-164.287,-30.000,4.403,-27.178,28.717,122.18,117.40,1858,1804
44123,0.376465,-0.817017,0.353027,0.966370,101.135254,-184.692383,-142.700195,-66.631,-22.928,-58.636,4.304,107.696,-189.689,-30.000,25.923,-6.562,29.976,110.18,124.98,1724,1889
44173,0.573486,-0.755859,0.562012,1.102754,85.144043,-95.642090,-96.618652,-53.368,-31.336,-53.915,-8.647,96.389,-163.618,-30.000,30.000,-0.498,30.000,98.18,125.00,1591,1889
44215,0.608154,-0.567383,0.524048,0.983057,62.194824,-58.227539,-67.626953,-47.274,-38.217,-50.443,-16.852,84.544,-115.981,-30.000,30.000,-0.020,30.000,95.02,125.00,1556,1889
44273,0.568115,-0.359131,0.601074,0.901676,52.612305,82.397461,-29.968262,-30.858,-39.055,-44.550,-23.264,72.179,23.543,-30.000,30.000,-0.000,30.000,95.00,125.00,1556,1889
44323,0.408325,-0.317505,0.684082,0.857617,63.293457,115.661621,-1.403809,-24.898,-28.432,-38.779,-23.372,63.826,81.733,-30.000,22.499,-4.418,30.000,98.05,125.00,1589,1889
44373,0.340210,-0.265625,0.789551,0.899828,48.278809,139.709473,14.709473,-18.594,-22.215,-33.092,-19.911,55.853,112.725,-29.698,15.541,-12.661,30.000,107.66,125.00,1696,1889
44425,0.215210,-0.221436,0.900513,0.951983,35.156250,115.051270,18.737793,-13.815,-13.066,-28.301,-14.255,45.417,130.462,-27.693,7.698,-18.783,30.000,113.78,125.00,1764,1889
44473,0.094482,-0.207520,0.822998,0.854001,28.259277,46.020508,27.160645,-14.152,-6.352,-24.666,-8.390,37.173,96.599,-24.268,3.230,-21.137,28.309,116.14,123.31,1790,1870
44523,0.007935,-0.164795,0.824341,0.840689,16.113281,6.652832,22.705078,-11.305,-0.541,-22.439,-4.479,24.458,43.119,-23.072,2.232,-21.040,25.617,116.04,120.62,1789,1840
44573,0.065063,-0.195068,0.875732,0.899551,-4.455566,-26.245117,29.418945,-12.558,-4.148,-21.081,-3.096,7.015,0.529,-22.522,3.267,-19.641,25.620,114.64,120.62,1774,1840
44625,0.087158,-0.229736,0.865479,0.899682,-30.212402,-101.379395,33.569336,-14.866,-5.559,-20.754,-4.400,-9.972,-61.381,-22.903,8.400,-15.246,29.516,110.25,124.52,1725,1884
44673,0.333862,-0.316650,0.805298,0.927489,-29.052734,-112.487793,46.081543,-21.465,-21.098,-21.650,-8.656,-24.685,-109.469,-25.099,18.447,-8.267,29.991,103.27,124.99,1647,1889
44723,0.344971,-0.327759,0.806885,0.936746,-54.809570,-131.774902,58.227539,-22.107,-21.609,-23.890,-14.024,-36.047,-122.549,-27.892,24.246,-4.063,30.000,99.06,125.00,1601,1889
44773,0.429687,-0.481689,0.824097,1.046800,-36.132812,-10.437012,72.998047,-30.307,-24.235,-27.585,-17.674,-42.468,-70.985,-30.000,26.109,-3.418,30.000,98.42,125.00,1594,1889
44823,0.455322,-0.579224,0.703003,1.018347,-48.889160,83.862305,91.308594,-39.486,-26.559,-31.487,-17.441,-48.317,4.744,-30.000,24.222,-6.378,30.000,101.38,125.00,1626,1889
44864,0.181641,-0.729614,0.781982,1.084816,-66.711426,174.072266,95.458984,-43.016,-9.639,-34.460,-12.978,-54.068,103.927,-30.000,5.688,-21.808,30.000,110.98,125.00,1733,1889
44923,-0.358521,-0.934937,0.681030,1.210969,-58.227539,378.967285,77.880859,-53.930,17.221,-37.806,0.193,-52.603,271.337,-30.000,-16.299,-29.914,16.990,124.91,114.68,1888,1774
44973,-0.800781,-0.995239,0.178101,1.289756,-38.574219,430.847168,53.833008,-79.854,38.380,-41.343,16.072,-48.564,380.634,-30.000,-30.000,-29.998,0.713,125.00,102.68,1889,1641
45023,-0.967285,-0.651489,-0.135864,1.174111,-57.067871,401.977539,36.193848,-101.780,55.472,-49.870,33.015,-46.218,403.479,-30.000,-30.000,-30.000,0.013,125.00,95.01,1889,1556
45064,-0.707520,-0.478149,-0.177490,0.872189,-47.668457,275.024414,7.568359,-110.365,54.213,-65.524,44.238,-39.607,372.421,-30.000,-30.000,-30.000,0.001,125.00,95.00,1889,1556
45123,-0.615967,-0.486572,-0.430542,0.895284,0.549316,178.955078,-5.615234,-131.504,43.473,-87.002,49.859,-14.255,245.466,-30.000,-30.000,-30.000,0.000,125.00,95.00,1889,1556
45173,-0.748413,-0.768066,-0.651367,1.254722,14.648438,82.580566,-14.892578,-130.300,36.618,-101.514,48.622,3.932,159.852,-30.000,-30.000,-30.000,0.000,125.00,95.00,1889,1556
45223,-0.717041,-0.840942,-0.645874,1.280033,46.325684,-6.225586,-26.245117,-127.526,34.068,-105.984,46.870,30.135,65.616,-30.000,-30.000,-30.000,0.000,125.00,95.00,1889,1556
45270,-0.583862,-0.694824,-0.528931,1.050449,69.396973,-77.331543,-34.790039,-127.280,33.767,-105.654,45.386,51.333,-8.061,-30.000,-30.000,-30.000,0.000,125.00,95.00,1889,1556
45323,-0.420044,-0.622192,-0.488892,0.895866,78.369141,-78.979492,-41.564941,-128.159,27.961,-101.714,42.693,72.173,-65.748,-30.000,-30.000,-30.000,0.000,125.00,95.00,1889,1556
45373,-0.510498,-0.808594,-0.397705,1.035665,80.505371,-99.365234,-46.875000,-116.190,29.533,-96.411,40.397,80.130,-85.240,-30.000,-30.000,-30.000,0.000,125.00,95.00,1889,1556
45423,-0.641724,-1.091309,-0.214966,1.284124,92.346191,-117.126465,-59.387207,-101.143,29.983,-88.817,38.113,88.945,-101.709,-30.000,-30.000,-30.000,0.000,125.00,95.00,1889,1556
45465,-0.522949,-1.114502,-0.159302,1.241357,99.670410,-132.202148,-72.509766,-98.134,24.915,-81.929,35.643,90.545,-118.465,-30.000,-30.000,-30.000,0.000,125.00,95.00,1889,1556
45523,-0.404053,-0.906250,-0.036499,0.992915,113.098145,-198.608398,-75.683594,-92.306,24.013,-74.443,29.085,99.402,-144.845,-30.000,-19.568,-30.000,10.387,125.00,105.39,1889,1671
45573,-0.215210,-0.970825,0.048462,0.995573,104.003906,-173.461914,-76.843262,-87.142,12.484,-68.413,21.740,99.971,-186.347,-30.000,-6.007,-30.000,23.689,125.00,116.90,1889,1799
45623,0.030273,-1.232666,0.308838,1.271127,128.417969,-243.164062,-82.580566,-75.934,-1.365,-61.343,13.065,111.823,-228.453,-30.000,-0.556,-29.258,28.762,124.26,123.76,1881,1875
45665,0.167847,-1.229980,0.334106,1.285555,129.211426,-146.179199,-67.260742,-74.803,-7.502,-55.638,5.584,115.173,-218.534,-30.000,7.078,-23.947,29.949,118.95,124.95,1822,1888
45723,0.322510,-0.964111,0.433350,1.105131,120.849609,-179.809570,-36.193848,-65.797,-16.968,-49.044,-4.875,119.757,-187.236,-30.000,25.049,-8.265,30.000,108.91,125.00,1710,1889
45773,0.353149,-0.738281,0.318481,0.878182,95.642090,-202.209473,-14.099121,-66.665,-23.712,-45.674,-13.192,106.168,-183.835,-30.000,30.000,-1.502,30.000,96.91,125.00,1577,1889
45823,0.531860,-0.679565,0.408325,0.954680,96.191406,-118.652344,2.807617,-59.000,-33.856,-44.072,-21.027,96.084,-160.098,-30.000,30.000,-0.028,30.000,95.03,125.00,1556,1889
45873,0.712646,-0.760498,0.604126,1.204654,70.373535,-6.042480,34.118652,-51.537,-36.269,-42.737,-25.978,78.939,-76.784,-30.000,30.000,-0.001,30.000,95.00,125.00,1556,1889
45914,0.730469,-0.712891,0.545532,1.157326,61.523437,41.320801,52.001953,-52.575,-39.136,-40.997,-26.603,70.995,-18.849,-30.000,30.000,-0.000,30.000,95.00,125.00,1556,1889
45973,0.460083,-0.564209,0.617187,0.954426,51.635742,58.715820,74.523926,-42.432,-28.820,-38.346,-23.412,57.287,45.668,-30.000,26.470,-3.758,30.000,98.76,125.00,1597,1889
46023,0.265381,-0.487183,0.732056,0.918520,28.198242,31.799316,80.200195,-33.644,-16.793,-36.245,-18.754,44.222,61.814,-30.000,15.893,-12.461,30.000,107.46,125.00,1694,1889
46066,0.286987,-0.574341,0.785522,1.014532,39.550781,98.571777,86.547852,-36.173,-16.432,-34.861,-14.855,40.780,73.660,-30.000,12.639,-15.969,30.000,110.97,125.00,1733,1889
46114,0.197388,-0.614258,0.721313,0.967764,23.803711,25.085449,88.073730,-40.417,-11.769,-33.979,-10.281,27.712,31.567,-30.000,10.223,-20.387,30.000,115.39,125.00,1782,1889
46173,0.202393,-0.329834,-0.256470,0.464252,104.248047,82.885742,104.858398,-127.868,-25.846,-33.535,-6.561,38.110,13.532,-30.000,6.297,-21.654,30.000,116.65,125.00,1796,1889
46223,0.113770,-0.109375,0.061890,0.169519,18.432617,-25.390625,84.350586,-60.497,-42.154,-32.474,-3.628,16.065,-11.477,-30.000,4.485,-25.376,30.000,120.38,125.00,1838,1889
46273,0.066162,-0.075195,0.341919,0.356287,34.301758,-80.566406,80.444336,-12.403,-10.702,-31.614,-1.927,17.012,-46.024,-30.000,4.687,-25.737,30.000,120.74,125.00,1842,1889
46315,-0.022949,-0.063599,0.084961,0.108581,22.155762,-145.690918,61.401367,-36.817,12.202,-31.138,-2.856,14.415,-101.273,-30.000,9.024,-22.001,30.000,117.00,125.00,1800,1889
46373,0.005371,-0.072266,-0.052246,0.089335,32.165527,-139.526367,39.001465,-125.866,-3.447,-30.822,-7.708,16.523,-147.914,-30.000,17.159,-13.838,30.000,108.84,125.00,1709,1889
46423,0.213257,-0.032959,0.084839,0.231867,32.470703,-225.830078,20.263672,-21.231,-66.888,-31.165,-14.093,18.099,-201.150,-30.000,27.377,-4.462,30.000,99.46,125.00,1605,1889
46473,0.144531,-0.012329,0.419312,0.443693,41.137695,-329.956055,-28.015137,-1.684,-19.011,-32.031,-23.223,28.337,-263.745,-30.000,30.000,-0.112,30.000,95.11,125.00,1557,1889
46515,0.197021,-0.078979,0.147583,0.258527,30.212402,-288.574219,-59.570312,-28.154,-49.649,-33.919,-33.420,27.010,-299.936,-30.000,30.000,-0.005,30.000,95.00,125.00,1556,1889
46573,0.250610,-0.023193,0.177490,0.307971,33.142090,-227.844238,-95.581055,-7.445,-54.464,-38.184,-49.056,30.666,-265.181,-30.000,30.000,-0.000,30.000,95.00,125.00,1556,1889
46623,0.274780,-0.055908,0.215210,0.353476,52.307129,-170.898437,-131.958008,-14.563,-51.020,-42.156,-61.146,39.531,-215.722,-30.000,30.000,-0.000,30.000,95.00,125.00,1556,1889
46673,0.217651,-0.054199,0.168701,0.280659,87.829590,-131.347656,-166.137695,-17.811,-50.850,-43.052,-72.151,65.385,-164.279,-30.000,30.000,-0.000,30.000,95.00,125.00,1556,1889
46715,0.199951,-0.061401,-0.081421,0.224455,116.333008,-108.398437,-196.716309,-142.979,-62.978,-36.391,-80.741,92.026,-137.220,-30.000,30.000,-0.000,30.000,95.00,125.00,1556,1889
46773,0.020386,-0.051392,-0.233276,0.239738,170.104980,-82.641602,-220.703125,-167.576,-4.878,9.359,-90.786,136.958,-97.791,18.353,30.000,27.542,18.490,82.67,120.20,1419,1836
46823,-0.098511,0.063721,-0.449219,0.464287,184.692383,-53.710937,-222.412109,171.927,12.250,-30.729,-97.339,161.339,-86.704,-23.978,30.000,11.299,29.597,79.65,124.60,1385,1884
46873,-0.068237,0.052979,-0.746826,0.751806,84.472656,28.381348,-176.879883,175.942,5.208,-40.816,-105.924,115.272,-99.489,-30.000,30.000,7.634,22.568,86.85,120.16,1465,1835
46925,-0.078369,-0.036133,-1.392700,1.395371,130.432129,71.838379,-175.903320,-178.514,3.220,-49.285,-114.056,103.874,-23.171,-30.000,30.000,0.141,29.863,94.86,124.86,1554,1887
46973,-0.389648,0.063965,-1.552612,1.602037,221.252441,-40.710449,-144.897461,177.641,14.077,-52.713,-120.462,167.041,-10.478,-30.000,30.000,0.003,29.997,95.00,125.00,1556,1889
47023,-0.660034,0.058594,-1.805542,1.923294,263.244629,-30.395508,-70.861816,178.141,20.071,-47.750,-126.165,227.316,-24.023,-30.000,30.000,0.000,30.000,95.00,125.00,1556,1889
47073,-0.550537,0.054810,-2.058716,2.131761,296.325684,-1.342773,11.962891,178.475,14.967,-37.162,-129.332,271.371,-16.392,-24.453,30.000,3.646,30.000,91.35,125.00,1515,1889
47125,-0.382568,0.092285,-1.391846,1.446413,303.039551,-53.527832,105.102539,176.207,15.337,-21.818,-129.572,295.067,-16.738,-6.152,30.000,20.693,30.000,79.35,125.00,1382,1889
47173,-0.104614,-0.024048,-0.890625,0.897070,250.671387,-65.368652,154.296875,-178.453,6.697,2.584,-122.369,284.530,-54.121,-30.000,30.000,13.289,19.094,72.16,116.27,1302,1792
47223,0.110474,-0.060181,-0.559326,0.573299,159.973145,-3.601074,205.932617,-173.859,-11.110,25.492,-126.009,224.962,-28.368,30.000,30.000,29.692,0.491,65.31,104.27,1226,1659
47273,0.002441,-0.051270,-0.569824,0.572131,62.927246,55.786133,259.582520,-174.859,-0.244,44.830,-131.349,134.289,13.763,30.000,30.000,29.994,0.009,65.01,95.01,1222,1556
47323,-0.241577,-0.022095,-1.380737,1.401886,-80.200195,126.708984,284.484863,-179.083,9.923,50.444,-133.140,13.238,71.696,30.000,30.000,25.155,4.845,69.84,99.84,1276,1609
47364,-0.589722,-0.097900,-1.713745,1.815015,-169.677734,185.729980,207.885742,-176.730,18.960,57.035,-139.226,-96.249,119.145,30.000,30.000,29.801,0.199,65.20,95.20,1224,1558
47423,-0.612061,-0.089478,-1.480713,1.604723,-214.294434,258.483887,75.744629,-176.542,22.421,61.757,-143.003,-166.856,238.619,30.000,30.000,29.998,0.002,65.00,95.00,1222,1556
47473,-0.441284,-0.112793,-2.031494,2.081928,-259.948730,323.181152,-39.245605,-176.822,12.237,62.719,-140.404,-218.281,294.195,30.000,30.000,30.000,0.000,65.00,95.00,1222,1556
47523,-0.481445,-0.229858,-1.915527,1.988434,-301.879883,255.615234,-143.920898,-173.157,14.012,62.155,-132.402,-264.272,291.411,30.000,30.000,30.000,0.000,65.00,95.00,1222,1556
47569,-0.208252,-0.132812,-1.311157,1.334219,-331.298828,111.999512,-207.397461,-174.216,8.980,57.726,-123.705,-299.875,197.732,30.000,30.000,30.000,0.000,65.00,95.00,1222,1556
47623,0.331787,-0.075684,-0.739746,0.814270,-362.792969,41.198730,-227.416992,-174.158,-24.046,10.885,-102.906,-341.049,89.047,-8.633,30.000,12.306,29.446,77.00,107.00,1356,1689
47673,0.000854,-0.102173,-0.195679,0.220749,-243.530273,-20.080566,-244.567871,-152.429,-0.222,-53.250,-103.574,-315.438,19.711,-30.000,30.000,0.423,29.990,89.00,119.00,1489,1822
47723,-0.340454,0.172729,-0.899536,0.977195,-28.137207,-187.377930,-304.382324,169.130,20.389,-68.872,-113.104,-145.803,-101.111,30.000,30.000,16.508,13.500,92.58,122.60,1529,1862
47765,-0.407349,0.020020,-2.843628,2.872726,208.068848,28.686523,-329.406738,179.597,8.152,-70.648,-125.486,34.061,-69.508,-30.000,30.000,0.677,29.323,94.32,124.32,1548,1881
47823,-1.174927,0.217041,-3.013550,3.241765,346.496582,383.117676,-94.482422,175.881,21.250,-70.011,-138.842,259.390,204.869,-30.000,30.000,0.006,29.994,94.99,124.99,1555,1889
47873,-0.797119,0.369507,-2.145630,2.318547,360.290527,389.282227,140.930176,170.229,20.109,-68.848,-137.250,330.131,363.292,-30.000,30.000,0.000,30.000,95.00,125.00,1556,1889
47923,-0.140625,0.235840,-1.186768,1.218119,402.038574,70.495605,231.811523,168.760,6.629,-63.506,-126.929,369.969,226.280,-30.000,30.000,0.000,30.000,95.00,125.00,1556,1889
47965,0.057251,-0.064575,-1.446411,1.448983,456.359863,-4.089355,262.878418,-177.444,-2.264,-48.247,-117.414,413.993,92.089,-28.088,30.000,1.051,30.000,93.95,125.00,1544,1889
48014,0.374756,0.085815,-0.507690,0.636833,466.125488,35.644531,277.099609,170.406,-36.048,0.002,-107.031,452.322,42.638,27.132,30.000,28.226,7.653,81.85,120.20,1409,1836
48073,0.584351,0.048096,1.854858,1.945322,390.319824,-34.606934,232.971191,1.485,-17.481,65.109,-112.405,423.766,-4.342,30.000,30.000,29.985,0.064,67.55,105.90,1251,1677
48123,0.628662,-0.203247,1.838989,1.954074,327.026367,-237.731934,134.277344,-6.307,-18.767,82.638,-124.175,373.371,-156.348,30.000,30.000,30.000,0.001,65.00,95.00,1222,1556
48165,-0.045898,-0.257324,1.235107,1.262463,204.467773,-376.831055,105.712891,-11.769,2.084,85.538,-131.509,291.886,-238.521,30.000,30.000,30.000,0.000,65.00,95.00,1222,1556
48223,0.407349,-0.287720,1.036621,1.150347,182.250977,-743.286133,12.878418,-15.512,-20.739,60.722,-129.340,209.433,-546.332,30.000,30.000,30.000,0.000,65.00,95.00,1222,1556
48274,0.743774,-0.193970,0.712646,1.048184,117.736816,-831.970215,-61.828613,-15.226,-45.201,36.160,-143.042,154.245,-756.483,12.131,30.000,30.000,16.588,65.00,104.60,1222,1662
48323,0.378540,-0.260010,0.158936,0.485961,8.605957,-674.316406,-80.444336,-58.564,-51.165,27.711,-170.771,72.627,-754.846,30.000,30.000,30.000,2.109,65.00,102.20,1222,1636
48373,0.098267,-0.206177,-0.741089,0.775486,-116.943359,-56.335449,-35.827637,-164.453,-7.280,29.058,-195.391,-21.164,-427.794,30.000,30.000,30.000,0.039,65.00,95.04,1222,1556
48414,-0.357666,-0.005737,-1.877197,1.910975,-244.873047,54.382324,4.638672,-179.825,10.787,23.681,-199.165,-118.690,-148.102,18.785,30.000,28.496,10.320,66.50,104.64,1239,1663
48473,-0.644531,-0.213257,-2.448608,2.540981,-322.875977,69.519043,-47.912598,-175.022,14.694,11.827,-199.551,-256.973,40.047,-2.552,30.000,28.584,28.068,66.42,119.04,1238,1823
48523,-0.928223,-0.261353,-1.491577,1.776149,-230.163574,-35.583496,-136.230469,-170.062,31.507,-0.866,-198.098,-264.791,3.112,-16.681,30.000,15.132,29.964,78.42,124.96,1371,1888
48573,0.174316,-0.158691,-0.642090,0.683995,-1.281738,35.339355,-291.687012,-166.118,-14.765,-15.026,-190.091,-128.159,28.404,-24.060,30.000,4.373,29.999,90.07,125.00,1501,1889
48614,1.058228,-0.155029,-0.502686,1.181767,247.314453,11.291504,-348.327637,-162.860,-63.568,-22.618,-184.717,75.964,24.156,-20.179,30.000,5.581,30.000,92.20,125.00,1524,1889
48673,-0.469971,-0.548462,-2.484741,2.587590,409.606934,-162.048340,-349.426270,-167.553,10.464,-12.618,-186.449,325.269,-78.873,5.780,30.000,26.924,26.696,85.46,122.32,1450,1859
48723,-2.031494,0.001099,-3.998657,4.485112,473.327637,-86.120605,-226.257324,179.984,26.933,9.702,-191.673,423.635,-88.138,30.000,30.000,29.943,2.126,73.46,110.32,1316,1726
48773,-1.661987,0.237915,-3.998779,4.336939,322.998047,-129.089355,-19.165039,176.595,22.533,32.650,-193.478,383.712,-121.862,30.000,30.000,29.999,0.039,65.00,98.32,1222,1592
48815,-1.635620,0.181763,-3.998779,4.324179,-7.629395,-89.233398,139.526367,177.397,22.225,44.597,-196.648,189.719,-116.581,30.000,30.000,30.000,0.002,65.00,95.00,1222,1556
48873,-1.310059,0.030640,-3.998779,4.208019,-249.633789,-274.780273,124.206543,179.561,18.139,45.732,-206.419,-110.496,-196.177,30.000,30.000,30.000,0.000,65.00,95.00,1222,1556
48923,-1.670776,0.133179,-3.998779,4.335835,-229.125977,-239.868164,22.766113,178.092,22.665,39.431,-217.699,-199.794,-228.299,30.000,30.000,30.000,0.000,65.00,95.00,1222,1556
48973,-0.987305,0.113281,-3.998779,4.120418,-170.959473,-149.353027,-90.209961,178.377,13.864,34.611,-226.805,-190.662,-193.639,26.489,30.000,30.000,3.057,65.00,98.06,1222,1590
49019,-1.067871,0.229370,-3.252319,3.430822,-124.633789,-170.410156,-194.335937,175.966,18.135,34.844,-230.808,-160.969,-169.846,28.527,30.000,30.000,2.183,65.00,97.18,1222,1580
49073,-0.738037,0.387085,-2.682007,2.808504,-69.030762,-144.836426,-272.460937,171.787,15.235,45.605,-231.857,-97.899,-157.687,30.000,30.000,30.000,0.018,65.00,95.02,1222,1556
49123,-0.410156,0.298706,-1.769287,1.840606,-50.292969,-53.833008,-328.369141,170.417,12.876,57.083,-225.913,-68.942,-99.038,30.000,30.000,30.000,0.000,65.00,95.00,1222,1556
49174,-0.290039,0.187622,-1.051514,1.106800,-11.047363,122.741699,-345.825195,169.883,15.192,65.151,-208.903,-34.056,15.106,30.000,30.000,30.000,0.000,65.00,95.00,1222,1556
49215,-0.091797,-0.027954,-1.392212,1.395515,79.528809,488.098145,-361.389160,-178.850,3.772,71.793,-181.938,16.684,213.697,30.000,30.000,30.000,0.000,65.00,95.00,1222,1556
49273,0.742920,-0.497437,-3.940186,4.040351,250.793457,1339.050293,-203.125000,-172.805,-10.596,84.840,-153.937,162.070,912.521,30.000,30.000,30.000,0.000,65.00,95.00,1222,1556
49323,0.017334,0.335083,-1.672485,1.705810,209.228516,993.957520,83.312988,168.671,-0.582,125.671,-155.767,222.920,1095.820,30.000,30.000,30.000,0.000,65.00,95.00,1222,1556
49374,-0.833252,0.288086,0.979614,1.317933,-65.551758,424.865723,174.499512,16.388,39.216,140.458,-178.640,80.419,712.939,30.000,30.000,24.527,-8.929,70.47,86.07,1283,1456
49425,0.630737,-0.360474,3.422119,3.498381,-132.751465,31.127930,225.280762,-6.013,-10.387,139.598,-202.596,-48.704,340.068,30.000,30.000,29.899,-0.165,65.10,94.84,1223,1554
49473,0.831665,0.032837,1.201904,1.461957,-68.359375,-54.016113,297.546387,1.565,-34.672,138.867,-214.982,-65.892,39.471,30.000,30.000,29.998,-0.003,65.00,95.00,1222,1556
49523,-0.140869,-0.122192,0.719604,0.743375,14.526367,12.512207,322.814941,-9.637,10.924,138.838,-216.381,-21.231,7.492,30.000,30.000,30.000,-0.000,65.00,95.00,1222,1556
49574,0.368530,-0.221924,0.163086,0.460067,17.395020,-22.766113,327.819824,-53.689,-53.229,149.480,-225.513,4.900,-16.395,30.000,30.000,30.000,-0.000,65.00,95.00,1222,1556
49625,0.131592,-0.070435,-0.091675,0.175162,42.968750,-12.084961,303.955078,-142.465,-48.699,167.398,-231.072,29.349,-18.191,30.000,30.000,30.000,-0.000,65.00,95.00,1222,1556
49674,-0.355713,-0.047119,0.043823,0.361486,71.716309,57.800293,298.522949,-47.076,79.746,189.669,-232.228,51.531,21.030,30.000,30.000,30.000,-0.000,65.00,95.00,1222,1556
49723,-0.152344,-0.208496,0.115723,0.282968,127.441406,81.298828,256.774902,-60.968,32.573,211.395,-229.101,86.483,45.522,30.000,30.000,30.000,-0.000,65.00,95.00,1222,1556
49774,-0.151978,-0.133667,0.270630,0.337942,184.143066,-81.848145,227.966309,-26.285,26.725,229.119,-221.753,140.214,-6.646,30.000,30.000,30.000,-0.000,65.00,95.00,1222,1556
49823,-0.238892,-0.037598,0.738647,0.777228,254.882812,-547.241211,181.823730,-2.914,17.900,238.959,-208.275,199.155,-271.209,30.000,30.000,30.000,-0.000,65.00,95.00,1222,1556
49864,1.587036,0.283325,0.120361,1.616615,110.046387,-1867.553711,37.414551,66.983,-79.023,232.852,-177.161,176.706,-1062.117,30.000,30.000,30.000,-0.000,65.00,95.00,1222,1556
49923,0.884399,0.211792,-2.313721,2.486025,-44.982910,-1104.309082,-66.711426,174.770,-20.839,275.301,-140.260,66.383,-1387.630,30.000,30.000,30.000,-0.000,65.00,95.00,1222,1556
49973,-1.224365,0.159424,-1.782837,2.168639,-99.121094,-629.089355,-127.014160,174.890,34.373,307.696,-163.861,-76.516,-949.454,30.000,30.000,30.000,-0.000,65.00,95.00,1222,1556
50023,-0.930298,0.343750,-2.225830,2.436788,-82.275391,-235.351562,-192.138672,171.221,22.443,305.568,-189.986,-96.368,-521.448,30.000,30.000,30.000,-0.000,65.00,95.00,1222,1556
50064,0.540161,-0.031372,-1.137939,1.260026,-24.963379,39.123535,-272.766113,-178.421,-25.384,301.053,-202.981,-58.460,-202.202,30.000,30.000,30.000,-0.000,65.00,95.00,1222,1556
50123,-0.313965,-0.185425,-0.323730,0.487604,23.803711,258.666992,-235.107422,-150.197,40.083,289.759,-209.348,-5.904,103.771,30.000,30.000,29.620,0.677,65.38,95.68,1226,1563
50174,-0.084839,-0.006714,-0.918579,0.922513,78.918457,544.677734,-245.239258,-179.581,5.277,288.252,-207.213,37.240,330.102,-15.046,30.000,21.718,16.512,67.42,97.43,1249,1583
50223,0.807129,-0.337158,-1.670410,1.885578,128.173828,881.896973,-212.341309,-168.589,-25.344,296.008,-206.990,84.274,649.032,30.000,30.000,29.495,0.981,65.51,95.98,1228,1566
50264,0.010742,-0.096191,-1.579834,1.582796,184.387207,973.449707,-70.800781,-176.516,-0.389,314.145,-195.993,136.030,847.783,30.000,30.000,29.979,0.040,65.02,95.04,1222,1556
50323,-0.188232,0.203613,-0.008789,0.277429,68.237305,583.068848,58.349609,92.472,42.726,320.103,-157.634,113.469,749.745,30.000,30.000,30.000,-1.024,65.00,93.98,1222,1544
50373,-0.164062,0.121582,1.187256,1.204689,-54.626465,189.697266,99.853516,5.847,7.827,311.521,-134.483,22.602,459.889,30.000,30.000,30.000,-0.019,65.00,94.98,1222,1555
50423,0.603760,0.034912,1.781616,1.881463,-111.145020,1.586914,149.230957,1.123,-18.717,298.780,-121.653,-63.340,194.473,30.000,30.000,30.000,-0.000,65.00,95.00,1222,1556
50465,0.384521,0.040283,1.020874,1.091633,-88.256836,-1.220703,194.519043,2.260,-20.625,287.828,-112.797,-84.869,68.908,30.000,30.000,30.000,-0.000,65.00,95.00,1222,1556
50523,0.321655,-0.064331,0.807495,0.871578,-83.557129,-22.033691,241.577148,-4.555,-21.657,240.929,-90.969,-82.522,11.603,30.000,30.000,30.000,-0.000,65.00,95.00,1222,1556
50573,0.368652,-0.010010,0.237793,0.438805,-78.186035,-24.047852,257.690430,-2.410,-57.154,251.920,-80.526,-78.290,-12.821,30.000,30.000,30.000,-0.000,65.00,95.00,1222,1556
50623,0.111206,-0.008545,-0.028931,0.115225,-69.580078,20.141602,268.432617,-163.545,-74.823,259.306,-68.039,-72.725,0.930,30.000,30.000,30.000,-0.000,65.00,95.00,1222,1556
50665,-0.025757,-0.079468,-0.312744,0.323709,-64.697266,36.926270,250.305176,-165.743,4.564,261.089,-57.780,-69.614,17.595,30.000,30.000,30.000,-0.000,65.00,95.00,1222,1556
50723,-0.131104,-0.090698,-0.784180,0.800220,-92.529297,84.045410,215.820312,-173.402,9.430,261.787,-43.377,-81.784,52.127,30.000,30.000,30.000,-0.000,65.00,95.00,1222,1556
50773,-0.297607,-0.113159,-0.727905,0.794494,-122.253418,162.475586,162.170410,-171.164,21.999,229.271,-31.750,-103.800,112.636,30.000,28.059,4.332,10.821,77.00,105.82,1356,1676
50823,-0.343994,-0.195801,-0.865112,0.951362,-99.670410,278.076172,69.458008,-167.247,21.197,206.910,-28.374,-105.020,185.931,-30.000,-15.194,-21.331,11.882,86.15,105.71,1457,1675
50873,-0.270020,-0.238403,-0.727905,0.812153,-86.975098,310.119629,-3.540039,-161.865,19.419,183.930,-36.460,-95.123,289.741,30.000,22.613,18.010,-3.749,89.24,104.18,1492,1658
50914,-0.266113,-0.257568,-0.620850,0.722919,-69.824219,278.442383,-33.935547,-157.468,21.599,159.736,-45.637,-76.398,313.571,30.000,30.000,4.969,6.854,94.04,107.26,1545,1692
50974,-0.182007,-0.274292,-0.505005,0.602820,-34.729004,171.081543,-60.791016,-151.492,17.573,146.720,-59.321,-41.259,218.742,30.000,30.000,29.792,0.057,79.64,95.06,1385,1556
51023,-0.058594,-0.209229,-0.216187,0.306507,-69.335937,-32.714844,-50.903320,-135.937,11.021,132.583,-64.194,-39.967,105.560,30.000,30.000,29.996,0.001,67.64,95.00,1252,1556
51073,-0.116455,-0.132568,-0.572632,0.599202,-128.417969,-85.266113,-28.869629,-166.965,11.207,124.116,-63.504,-85.051,-6.869,30.000,30.000,30.000,0.000,65.00,95.00,1222,1556
51114,-0.199829,-0.085693,-2.116211,2.127351,-256.408691,69.458008,-25.695801,-177.681,5.390,116.416,-62.685,-171.330,27.127,30.000,30.000,30.000,0.000,65.00,95.00,1222,1556
51173,-0.423340,-0.189697,-2.453125,2.496603,-348.571777,176.696777,-106.567383,-175.578,9.763,89.859,-61.682,-287.626,137.089,30.000,30.000,30.000,0.000,65.00,95.00,1222,1556
51223,-0.278442,-0.170654,-1.821533,1.850577,-376.037598,109.863281,-188.842773,-174.648,8.654,63.486,-55.169,-345.380,134.832,30.000,30.000,30.000,0.000,65.00,95.00,1222,1556
51274,0.228027,-0.060547,-1.120850,1.145411,-384.948730,27.404785,-218.383789,-176.908,-11.483,41.212,-44.701,-373.352,76.695,-30.000,20.711,8.391,16.500,67.40,97.40,1249,1582
51315,0.361816,0.003540,-0.327271,0.487883,-372.436523,-40.283203,-206.237793,179.380,-47.868,22.808,-38.391,-376.640,16.991,2.347,30.000,24.000,26.960,72.20,107.00,1302,1689
51373,0.148437,0.142456,0.440674,0.486334,-259.887695,-370.117187,-183.776855,17.914,-17.771,11.688,-37.505,-299.620,-144.721,-5.264,30.000,25.375,29.975,69.63,121.40,1274,1849
51423,0.086792,0.310547,-0.634888,0.712078,-132.629395,-379.333496,-174.743652,153.935,-7.001,9.430,-47.588,-202.371,-288.373,-1.912,30.000,27.245,30.000,67.76,125.00,1253,1889
51473,-0.702759,0.283569,-1.414307,1.604539,-3.295898,-101.684570,-231.384277,168.662,25.975,26.006,-52.817,-91.576,-190.523,22.969,30.000,29.949,6.254,65.05,113.00,1223,1756
51519,-0.691162,0.312744,-1.686157,1.848956,99.365234,233.764648,-239.257812,169.492,21.951,36.357,-50.592,14.136,32.278,30.000,30.000,29.998,0.373,65.00,103.40,1222,1649
51573,-0.531494,0.196411,-2.063477,2.139860,205.871582,787.780762,-124.877930,174.563,14.382,41.037,-29.640,131.398,491.707,30.000,2.994,30.000,-19.770,65.00,89.00,1222,1489
51623,-0.111084,0.341553,-2.257935,2.286322,197.631836,908.874512,10.131836,171.398,2.785,43.853,-0.070,182.998,786.793,30.000,-30.000,1.892,-29.811,77.00,77.00,1356,1356
51674,-0.384766,0.567871,-0.900024,1.131621,45.349121,683.288574,97.229004,147.750,19.878,60.014,26.347,122.883,774.106,30.000,-30.000,0.035,-29.997,89.00,65.00,1489,1222
51715,-0.992065,3.960083,2.287476,4.679636,-251.098633,352.233887,690.795898,59.988,12.239,75.650,33.093,-33.380,544.057,30.000,-30.000,0.001,-30.000,95.00,65.00,1556,1222
51773,-2.489136,-0.728149,-1.976807,3.260945,-954.956055,1202.575684,692.443848,-159.779,49.758,83.369,18.157,-128.724,558.697,30.000,-30.000,0.220,-30.000,94.78,65.00,1553,1222
51823,0.328979,-0.567749,2.443970,2.530524,143.920898,472.961426,-210.998535,-13.078,-7.470,84.092,11.555,22.098,-92.720,30.000,-7.039,23.223,-29.348,87.76,65.65,1475,1229
51873,1.863770,0.099854,0.025391,1.866615,63.720703,331.970215,-68.298340,75.733,-86.836,87.499,14.212,82.964,65.824,30.000,-19.388,13.688,-29.988,80.55,65.01,1395,1222
51925,1.293335,0.090454,-1.377930,1.891980,-48.217773,-23.254395,12.207031,176.244,-43.125,85.835,15.523,4.251,5.373,30.000,-17.204,11.540,-26.993,83.46,69.28,1427,1270
51973,-0.093628,0.258789,-0.741333,0.790767,-70.983887,-312.988281,-1.953125,160.757,6.800,85.522,16.061,-0.146,-191.114,30.000,-6.092,22.073,-29.945,73.87,65.06,1321,1223
52023,0.454346,0.194702,-0.824097,0.960976,35.888672,-284.240723,-18.310547,166.707,-28.216,84.102,14.560,16.683,-286.932,30.000,30.000,29.373,-13.463,65.63,67.48,1229,1250
52073,0.656372,0.167480,-1.040649,1.241703,11.657715,-333.496094,3.906250,170.857,-31.911,84.711,11.968,15.631,-299.905,30.000,4.937,29.988,-23.256,65.01,71.74,1222,1297
52125,0.659058,0.055054,-1.010376,1.207579,39.428711,105.895996,32.958984,176.881,-33.077,83.109,10.321,23.776,-156.778,30.000,-1.838,28.989,-28.561,66.01,66.44,1233,1238
52173,-0.003418,0.078125,-1.122070,1.124792,36.315918,104.614258,27.709961,176.017,0.174,92.980,7.151,29.273,27.484,30.000,-4.332,27.599,-28.458,67.40,66.80,1249,1242
52223,0.969360,-0.002686,-1.179688,1.526869,1.037598,26.977539,4.577637,-179.870,-39.410,96.632,5.366,-1.434,6.960,30.000,-6.126,24.389,-29.365,70.61,65.64,1285,1229
52274,0.537476,0.019653,-0.887939,1.038125,-21.362305,59.265137,10.375977,178.732,-31.181,101.062,2.099,-15.364,26.211,30.000,19.805,28.735,-14.902,66.26,74.89,1236,1332
52323,0.566040,0.085449,-1.021606,1.171060,-22.033691,23.132324,1.586914,175.219,-28.905,103.228,0.456,-19.085,-2.930,30.000,20.473,29.553,-13.839,65.45,72.48,1227,1305
52364,0.254883,0.085327,-0.635498,0.690003,31.738281,-44.555664,-6.225586,172.353,-21.678,107.173,-1.901,2.511,19.922,30.000,0.788,29.982,-20.196,65.02,77.28,1222,1359
52423,0.678711,0.091919,-0.671021,0.958836,-1.037598,-30.273437,-4.089355,172.200,-45.060,113.510,-4.938,1.604,-38.986,30.000,30.000,30.000,-0.641,65.00,86.88,1222,1465
52473,0.416382,0.122559,-0.996704,1.087112,-26.245117,-98.449707,-1.098633,172.990,-22.521,119.675,-5.624,0.537,-59.480,30.000,21.642,30.000,-9.660,65.00,85.34,1222,1448
52523,0.292725,0.099365,-0.868164,0.921558,19.836426,91.491699,-2.197266,173.471,-18.520,123.152,-6.609,10.720,29.322,30.000,13.919,30.000,-13.119,65.00,82.94,1222,1422
52564,0.618042,0.071899,-0.856323,1.058506,-6.347656,-30.883789,-4.150391,175.201,-35.724,127.240,-8.317,0.191,-4.888,30.000,28.844,30.000,-4.535,65.00,86.57,1222,1462
52623,0.304199,0.122681,-0.870361,0.930116,-30.029297,-104.431152,4.211426,171.977,-19.090,131.060,-9.073,-5.698,-53.174,30.000,20.139,30.000,-12.673,65.00,82.33,1222,1415
52673,0.445068,0.103149,-0.958130,1.061479,23.986816,191.345215,3.173828,173.855,-24.790,132.549,-9.802,2.952,57.227,30.000,17.957,30.000,-11.317,65.00,81.16,1222,1402
52723,0.592041,0.074463,-0.853760,1.041616,-44.860840,-64.392090,0.244141,175.015,-34.638,135.555,-12.305,-8.335,8.451,30.000,28.888,30.000,-8.050,65.00,78.76,1222,1375
52764,0.124512,0.150391,-0.683594,0.710930,29.296875,-99.121094,2.868652,167.593,-10.087,137.127,-13.652,6.315,-11.167,30.000,15.493,30.000,-12.232,65.00,83.15,1222,1424
52823,0.502808,0.071411,-0.832764,0.975403,19.042969,28.137207,-1.037598,175.099,-31.030,140.632,-13.212,0.758,-21.421,30.000,28.364,30.000,-3.037,65.00,89.28,1222,1492
52873,0.591187,0.148193,-0.944702,1.124244,-25.451660,-35.034180,-5.493164,171.085,-31.726,144.062,-14.306,4.219,-3.165,30.000,28.187,30.000,-5.925,65.00,86.45,1222,1461
52923,0.264771,0.079346,-0.794800,0.841490,-5.187988,67.443848,-2.868652,174.299,-18.339,139.654,-16.421,5.168,43.355,30.000,16.725,28.416,-7.091,66.58,89.02,1240,1489
52965,0.654297,0.022461,-0.918335,1.127807,-29.541016,-90.637207,0.000000,178.599,-35.461,142.266,-16.530,-7.820,-32.711,30.000,30.000,29.935,-4.114,65.06,88.26,1223,1481
53023,0.387695,0.145752,-1.057251,1.135487,-49.560547,49.316406,1.281738,172.151,-19.964,143.947,-16.879,-6.138,14.743,30.000,19.780,29.999,-11.584,65.00,83.42,1222,1427
53074,0.401123,0.021484,-0.868164,0.956593,4.882812,-14.343262,-1.586914,178.582,-24.792,140.245,-18.551,-0.689,3.218,30.000,24.567,29.063,-2.673,65.94,92.33,1233,1526
53123,0.740479,0.061768,-1.107300,1.333505,-21.179199,-18.554687,-1.464844,176.807,-33.731,142.500,-18.478,-7.421,-39.600,30.000,22.508,29.983,-5.186,65.02,90.23,1222,1503
53165,0.252930,0.122681,-0.981567,1.021028,-6.286621,19.958496,-4.760742,172.876,-14.343,144.524,-18.612,5.995,16.987,30.000,16.293,29.999,-11.772,65.00,84.00,1222,1433
53223,0.227905,0.046387,-0.641846,0.682685,48.034668,-17.211914,-1.098633,175.866,-19.502,139.485,-20.653,7.135,26.880,30.000,20.998,22.096,1.178,69.80,93.40,1276,1538
53274,0.626953,0.127075,-0.888672,1.094969,24.230957,-56.091309,4.333496,171.862,-34.930,134.804,-19.706,-3.806,-58.168,30.000,30.000,22.264,6.473,70.52,95.10,1284,1557
53323,0.119629,0.168701,-0.768433,0.795776,35.217285,50.781250,4.699707,167.618,-8.646,131.313,-20.057,16.148,16.998,30.000,20.934,28.354,-7.430,68.33,93.55,1259,1539
53374,0.718262,0.065186,-0.708008,1.010655,-5.920410,121.582031,1.647949,174.740,-45.291,133.826,-21.913,5.204,61.396,30.000,30.000,29.970,-1.916,65.03,91.15,1223,1513
53414,0.063110,0.253418,-0.744751,0.789213,-17.578125,-147.277832,-8.789063,161.208,-4.587,135.881,-22.994,6.978,12.635,30.000,24.427,29.999,-11.384,65.00,83.62,1222,1429
53473,0.331055,0.056519,-0.565918,0.658069,27.404785,-61.218262,-4.455566,174.297,-30.203,138.874,-21.927,-4.099,-48.788,30.000,26.853,30.000,-2.035,65.00,92.97,1222,1533
53523,0.744873,0.069214,-1.072876,1.307933,-9.521484,27.832031,4.516602,176.309,-34.716,141.381,-19.458,-10.543,-55.130,30.000,24.517,30.000,-3.755,65.00,91.24,1222,1514
53573,0.205444,0.145630,-0.926270,0.959891,9.704590,38.269043,-1.220703,171.065,-12.359,144.058,-20.393,15.222,49.064,30.000,13.636,30.000,-15.059,65.00,81.38,1222,1404
53614,0.573486,0.009521,-0.786987,0.973820,8.972168,69.763184,-5.065918,179.307,-36.079,145.902,-22.696,3.909,46.687,30.000,30.000,30.000,-2.820,65.00,90.98,1222,1511
53674,0.551514,0.047363,-0.969971,1.116805,5.920410,-141.601562,0.366211,177.204,-29.593,141.092,-20.883,-10.388,-95.568,30.000,30.000,22.575,7.083,69.80,98.11,1276,1590
53723,0.294434,0.132446,-0.937744,0.991765,16.967773,99.365234,5.065918,171.961,-17.270,144.831,-19.191,8.746,-7.420,30.000,19.988,29.863,-8.668,65.14,89.23,1224,1491
53773,0.424561,0.059082,-0.985352,1.074551,36.010742,201.904297,1.159668,176.569,-23.273,145.845,-21.451,11.352,108.170,30.000,18.300,29.997,-11.678,65.00,83.32,1222,1426
53814,0.489014,0.094116,-0.760254,0.908833,-27.160645,-88.073730,-0.183105,172.943,-32.552,147.458,-23.704,-6.555,21.741,30.000,30.000,30.000,-4.832,65.00,86.06,1222,1456
53873,0.318237,0.122925,-0.947510,1.007055,-29.418945,-171.264648,4.333496,172.608,-18.422,149.165,-21.751,-13.489,-99.341,30.000,27.312,30.000,-1.848,65.00,93.15,1222,1535
53923,0.446533,0.045654,-1.010986,1.106151,36.987305,150.573730,4.699707,177.414,-23.809,151.047,-19.650,3.891,5.524,30.000,24.149,30.000,-5.368,65.00,89.63,1222,1496
53974,0.513428,0.087158,-0.982788,1.112240,3.417969,78.369141,-2.929688,174.932,-27.491,153.305,-22.427,9.177,75.673,30.000,23.642,30.000,-9.096,65.00,84.96,1222,1444
54015,0.246460,0.042603,-0.597046,0.647319,2.319336,-50.354004,-4.394531,175.919,-22.380,154.358,-24.646,1.127,16.656,30.000,26.003,30.000,-2.658,65.00,92.34,1222,1526
54074,0.521606,0.097168,-0.913696,1.056577,16.418457,-4.028320,-0.305176,173.930,-29.582,156.084,-20.949,-5.429,-73.995,30.000,30.000,30.000,-0.282,65.00,94.72,1222,1552
54123,0.331177,0.126831,-0.992310,1.053775,4.516602,107.055664,0.732422,172.716,-18.317,157.979,-20.290,6.903,36.602,30.000,18.604,30.000,-11.905,65.00,83.38,1222,1426
54174,0.371338,0.083008,-0.734009,0.826771,27.648926,62.561035,-0.671387,173.548,-26.689,159.500,-24.114,11.154,81.177,30.000,23.387,30.000,-6.019,65.00,88.98,1222,1489
54215,0.642456,0.038696,-0.916992,1.120322,-34.484863,-113.830566,3.479004,177.584,-34.992,160.232,-24.689,-9.135,-38.281,30.000,30.000,30.000,-1.006,65.00,93.99,1222,1544
54273,0.372192,0.113403,-1.125977,1.191306,-13.122559,27.282715,3.295898,174.249,-18.205,161.928,-22.765,-1.571,-15.524,30.000,25.779,30.000,-6.198,65.00,88.80,1222,1487
54323,0.183960,0.079224,-0.655762,0.685668,48.889160,61.340332,-1.159668,173.111,-15.563,163.097,-24.809,15.444,65.714,30.000,23.239,30.000,-6.681,65.00,88.32,1222,1481
54374,0.660034,0.032471,-0.791260,1.030918,10.437012,3.967285,-1.831055,177.650,-39.810,164.108,-26.467,-0.661,2.656,30.000,30.000,30.000,-0.235,65.00,94.76,1222,1553
54425,0.498779,0.093018,-1.027832,1.146242,-5.004883,-47.607422,-1.220703,174.829,-25.794,165.218,-24.695,-1.415,-39.346,30.000,30.000,30.000,-3.067,65.00,90.58,1222,1506
54473,0.276489,0.202515,-0.733643,0.809747,-4.882812,-1.525879,-5.615234,164.568,-19.965,165.587,-25.138,7.865,20.486,30.000,26.315,30.000,-4.503,65.00,90.50,1222,1506
54523,0.472046,0.082031,-0.834717,0.962449,2.502441,-9.338379,-2.502441,174.387,-29.371,166.465,-26.164,0.832,3.797,30.000,30.000,30.000,-0.197,65.00,94.80,1222,1553
54574,0.481445,0.075195,-1.006958,1.118664,-9.948730,-45.288086,2.197266,175.729,-25.491,167.325,-24.872,-3.413,-31.794,30.000,29.515,30.000,-1.819,65.00,93.18,1222,1535
54625,0.345215,0.125610,-0.887573,0.960592,-27.770996,-13.305664,0.854492,171.945,-21.062,167.741,-25.004,2.583,6.457,30.000,24.190,30.000,-5.531,65.00,89.47,1222,1494
54674,0.205811,0.086548,-0.792114,0.822978,28.198242,9.277344,-0.793457,173.764,-14.482,168.589,-25.876,6.801,14.714,30.000,19.326,30.000,-6.015,65.00,92.28,1222,1525
54714,0.558472,0.063232,-1.013184,1.158633,-6.652832,-57.373047,1.525879,176.429,-28.817,168.987,-24.924,-5.042,-26.837,30.000,30.000,30.000,-1.933,65.00,93.07,1222,1534
54774,0.414307,0.099609,-0.913452,1.007952,-38.452148,-39.001465,2.990723,173.777,-24.270,169.482,-24.846,-4.478,-8.878,30.000,27.257,30.000,-4.441,65.00,90.56,1222,1506
54823,0.148315,0.080933,-0.819092,0.836337,32.714844,9.643555,-15.380859,174.357,-10.215,170.157,-25.206,7.269,10.819,30.000,16.251,30.000,-8.279,65.00,91.00,1222,1511
54874,0.418701,0.023560,-0.930908,1.021007,12.451172,102.233887,0.061035,178.550,-24.210,170.312,-25.330,-1.200,29.483,30.000,25.185,30.000,-4.044,65.00,90.96,1222,1511
54923,0.653198,0.061768,-0.961426,1.163968,-16.967773,-2.685547,1.342773,176.324,-34.138,170.577,-25.681,-6.994,-2.848,30.000,30.000,30.000,-2.075,65.00,92.42,1222,1527
54973,0.259888,0.188477,-0.841064,0.900252,-5.737305,-111.511230,1.220703,167.369,-16.779,170.958,-25.619,3.612,-27.094,30.000,23.292,30.000,-4.519,65.00,90.76,1222,1508
55023,0.300415,0.083618,-0.902832,0.955168,16.174316,57.739258,1.342773,174.708,-18.332,171.369,-24.936,3.483,9.101,30.000,22.053,30.000,-4.594,65.00,92.10,1222,1523
55064,0.554932,0.062622,-0.901855,1.060761,-2.380371,24.658203,0.244141,176.028,-31.543,171.647,-25.320,-1.007,11.095,30.000,30.000,30.000,-1.325,65.00,93.26,1222,1536
55123,0.478271,0.172363,-0.895386,1.029645,-51.269531,-70.190430,0.915527,169.104,-27.678,171.924,-25.651,-6.699,-36.009,30.000,30.000,30.000,-0.627,65.00,94.37,1222,1549
55173,0.268311,0.145752,-0.962646,1.009912,3.356934,-6.347656,-3.356934,171.390,-15.407,172.157,-24.554,3.216,-9.712,30.000,20.858,30.000,-6.020,65.00,90.40,1222,1504
55223,0.590820,0.093750,-1.049927,1.208389,-7.629395,67.016602,-0.427246,174.897,-29.270,172.387,-24.825,-2.129,25.593,30.000,25.664,30.000,-3.565,65.00,91.43,1222,1516
55264,0.424683,0.104736,-0.856934,0.962112,-42.480469,-55.419922,2.014160,173.032,-26.194,172.279,-25.470,-8.945,-12.288,30.000,29.078,30.000,-2.028,65.00,92.97,1222,1533
55323,0.166382,0.129761,-0.882568,0.907440,24.108887,-29.663086,2.624512,171.636,-10.565,172.577,-24.107,5.270,-21.627,30.000,17.939,30.000,-8.881,65.00,89.50,1222,1494
55374,0.445801,0.055298,-0.937134,1.039238,15.136719,134.948730,0.488281,176.623,-25.402,172.643,-24.161,1.610,39.982,30.000,24.957,30.000,-4.819,65.00,90.18,1222,1502
55423,0.596802,0.061768,-0.833130,1.026690,-9.887695,-47.607422,0.915527,175.760,-35.541,172.827,-25.482,-2.877,-3.529,30.000,30.000,30.000,-0.964,65.00,94.04,1222,1545
55465,0.206543,0.136108,-0.843628,0.879144,7.812500,-77.758789,0.793457,170.835,-13.588,173.012,-25.044,3.059,-25.460,30.000,20.691,30.000,-6.057,65.00,90.52,1222,1506
55523,0.091309,0.073730,-0.726440,0.735859,52.856445,33.935547,-1.892090,174.205,-7.128,173.186,-25.058,11.045,37.454,30.000,25.208,30.000,-5.165,65.00,89.84,1222,1498
55574,0.658203,0.058716,-0.760498,1.007490,5.737305,22.216797,-1.159668,175.585,-40.792,173.143,-25.878,-1.948,4.192,30.000,30.000,30.000,-0.702,65.00,94.30,1222,1548
55623,0.421631,0.102783,-0.954346,1.048386,-27.587891,-38.574219,1.708984,173.853,-23.714,173.216,-24.928,-4.446,-27.428,30.000,28.004,30.000,-4.362,65.00,90.14,1222,1502
55665,0.160156,0.130493,-0.803467,0.829601,38.208008,7.995605,-2.624512,170.775,-11.131,173.208,-24.150,3.652,2.744,30.000,16.984,30.000,-8.413,65.00,89.82,1222,1498
55723,0.593872,0.123901,-0.877319,1.066642,1.586914,18.859863,-5.187988,171.961,-33.833,173.119,-24.589,-1.899,5.357,30.000,30.000,30.000,-0.345,65.00,94.65,1222,1552
55773,0.591309,0.062134,-1.030884,1.190054,-63.232422,-74.462891,2.319336,176.551,-29.794,173.180,-23.557,-14.607,-54.220,30.000,28.971,30.000,-1.017,65.00,93.98,1222,1544
55823,0.245972,0.139648,-1.069946,1.106702,-11.352539,51.025391,-0.366211,172.564,-12.842,173.305,-22.917,2.603,11.813,30.000,17.188,30.000,-9.718,65.00,88.59,1222,1484
55875,0.386108,0.062012,-0.847656,0.933513,25.390625,79.467773,0.549316,175.816,-24.432,173.473,-23.944,2.182,31.452,30.000,24.692,30.000,-3.651,65.00,91.35,1222,1515
55923,0.635864,0.050171,-0.913330,1.114007,-13.916016,-38.574219,1.586914,176.856,-34.805,173.467,-23.570,-9.731,-35.707,30.000,30.000,30.000,-1.114,65.00,93.89,1222,1543
55974,0.321533,0.193970,-0.950806,1.022272,-12.390137,-45.104980,0.854492,168.470,-18.332,173.570,-22.396,2.411,-23.811,30.000,22.964,30.000,-8.282,65.00,87.57,1222,1473
56023,0.284546,0.022339,-0.866455,0.912255,31.005859,123.352051,0.488281,178.523,-18.175,173.824,-23.154,6.080,57.707,30.000,18.338,30.000,-9.283,65.00,86.23,1222,1458
56074,0.634888,0.021973,-0.846069,1.058016,2.563477,-25.451660,-1.892090,178.512,-36.875,174.037,-24.551,-4.475,-2.125,30.000,30.000,30.000,-1.211,65.00,93.79,1222,1542
56114,0.360718,0.190674,-0.904785,0.992527,-26.611328,-91.125488,-1.586914,168.100,-21.311,173.882,-23.214,-3.215,-47.020,30.000,26.802,30.000,-5.827,65.00,89.17,1222,1491
56174,0.273071,0.247070,-0.890747,0.963868,-10.009766,-2.685547,-2.929688,164.497,-16.458,173.859,-22.474,7.426,9.503,30.000,19.741,30.000,-8.486,65.00,86.51,1222,1461
56223,0.506836,0.064331,-0.930054,1.061141,-2.990723,46.752930,-0.976562,176.043,-28.531,174.031,-24.071,-0.939,27.631,30.000,27.901,30.000,-1.714,65.00,93.29,1222,1537
56273,0.575317,0.007202,-1.052490,1.199491,-31.738281,-58.898926,3.112793,179.608,-28.662,174.151,-23.483,-12.260,-42.135,30.000,28.165,30.000,-1.684,65.00,93.32,1222,1537
56314,0.331299,0.193604,-1.046753,1.114869,-13.977051,21.057129,-0.183105,169.521,-17.287,174.006,-22.662,-0.703,-2.704,30.000,21.053,30.000,-9.300,65.00,85.70,1222,1452
56373,0.205444,0.138184,-0.645996,0.691819,19.470215,-25.878906,-1.770020,167.926,-17.275,174.176,-24.406,8.091,24.363,30.000,25.277,30.000,-4.798,65.00,90.20,1222,1502
56423,0.553467,0.067139,-0.846802,1.013857,20.324707,-10.864258,-1.342773,175.467,-33.086,167.223,-24.253,-0.508,-21.637,30.000,30.000,22.575,7.262,69.80,98.99,1276,1600
56474,0.407349,0.101074,-0.914917,1.006589,6.835937,-23.742676,7.629395,173.696,-23.871,168.091,-22.857,4.582,-19.323,30.000,26.833,29.863,-5.660,65.14,89.34,1224,1493
56515,0.238892,0.060547,-0.808350,0.845082,30.517578,178.222656,3.295898,175.716,-16.420,168.449,-24.115,10.352,75.983,30.000,16.358,29.994,-10.092,65.01,86.85,1222,1465
56574,0.643921,0.107300,-0.677734,0.940995,1.098633,-22.399902,-4.455566,171.004,-43.180,168.724,-25.700,-5.767,-10.360,30.000,30.000,30.000,-0.641,65.00,94.36,1222,1548
56623,0.467163,0.068115,-0.956177,1.066375,-28.503418,-79.406738,3.662109,175.925,-25.982,168.850,-23.252,-10.681,-69.222,30.000,30.000,30.000,-0.634,65.00,94.37,1222,1549
56674,0.209595,0.165527,-0.927002,0.964708,20.935059,40.954590,0.610352,169.876,-12.548,169.299,-22.068,11.400,12.415,30.000,16.615,30.000,-10.721,65.00,87.08,1222,1468
56715,0.578613,0.049194,-0.901855,1.072640,3.295898,84.167480,-2.319336,176.878,-32.645,169.901,-23.681,3.837,46.474,30.000,29.561,30.000,-1.964,65.00,91.29,1222,1514
56774,0.594116,0.049316,-0.914917,1.092007,-24.108887,-120.971680,-1.647949,176.915,-32.960,170.281,-23.464,-11.526,-65.327,30.000,30.000,30.000,-1.016,65.00,93.98,1222,1544
56823,0.134277,0.115723,-0.951294,0.967668,20.996094,29.907227,1.220703,173.064,-7.976,170.755,-21.589,4.858,-9.337,30.000,14.381,30.000,-11.580,65.00,88.25,1222,1481
56873,0.549805,0.065674,-0.939453,1.090491,6.774902,138.000488,-0.732422,176.001,-30.277,171.127,-22.831,2.692,56.783,30.000,26.923,30.000,-5.057,65.00,89.93,1222,1499
56925,0.583374,0.067139,-0.840332,1.025178,-11.657715,-65.246582,0.976562,175.432,-34.684,171.503,-24.624,-2.619,-6.728,30.000,30.000,30.000,-2.161,65.00,92.60,1222,1529
56974,0.310913,0.160400,-0.923462,0.987511,-8.239746,-48.828125,0.549316,170.146,-18.351,171.813,-23.256,0.531,-34.218,30.000,23.934,30.000,-6.377,65.00,88.62,1222,1485
57023,0.305054,0.112305,-0.843506,0.903976,29.968262,64.941406,-2.502441,172.416,-19.722,172.080,-23.491,9.479,36.902,30.000,20.823,30.000,-7.369,65.00,87.63,1222,1474
57079,0.604980,0.048706,-0.827393,1.026134,-6.469727,13.122559,-1.892090,176.631,-36.127,172.312,-25.212,-1.205,16.107,30.000,30.000,30.000,-0.958,65.00,94.04,1222,1545
57116,0.466064,0.138916,-0.977783,1.092050,-36.193848,-86.120605,-1.220703,171.914,-25.263,172.303,-24.321,-8.173,-48.845,30.000,30.000,30.000,-2.018,65.00,92.98,1222,1533
57174,0.257202,0.174072,-0.930786,0.981232,-1.708984,29.785156,-0.793457,169.407,-15.196,172.365,-23.041,4.920,8.974,30.000,19.089,30.000,-10.516,65.00,87.00,1222,1467
57223,0.539917,0.096558,-0.936768,1.085526,10.253906,73.730469,-2.502441,174.115,-29.827,172.563,-24.395,1.850,39.238,30.000,28.256,30.000,-2.020,65.00,92.98,1222,1533
57274,0.519043,0.055054,-0.920776,1.058426,-42.846680,-111.022949,2.563477,176.578,-29.366,172.726,-24.352,-12.014,-50.139,30.000,30.000,30.000,-0.987,65.00,94.01,1222,1545
57323,0.238403,0.186157,-1.012329,1.056551,-4.760742,36.987305,3.601074,169.580,-13.041,172.729,-22.769,3.664,-6.101,30.000,18.262,30.000,-9.062,65.00,88.39,1222,1482
57374,0.352783,0.021729,-0.856567,0.926626,36.132812,144.897461,1.892090,178.547,-22.378,172.974,-24.024,5.232,59.228,30.000,21.588,30.000,-6.631,65.00,88.37,1222,1482
57423,0.686401,0.062988,-0.874390,1.113405,-8.666992,-56.274414,-0.366211,175.880,-38.060,173.150,-24.721,-7.423,-23.901,30.000,30.000,30.000,-1.201,65.00,93.80,1222,1542
57474,0.291626,0.199829,-0.946533,1.010397,-14.099121,-66.528320,-0.183105,168.079,-16.776,173.244,-23.395,1.390,-32.612,30.000,22.764,30.000,-8.023,65.00,87.56,1222,1473
57523,0.273926,0.023071,-0.897461,0.938618,31.005859,107.910156,1.953125,178.527,-16.968,173.464,-23.387,4.795,42.142,30.000,18.499,30.000,-8.746,65.00,87.22,1222,1469
57564,0.634155,0.036255,-0.852661,1.063249,4.760742,16.723633,0.610352,177.565,-36.615,173.424,-24.608,-5.300,12.495,30.000,30.000,30.000,-1.216,65.00,93.78,1222,1542
57623,0.541504,0.088379,-1.012207,1.151347,-34.851074,-39.062500,0.610352,175.010,-28.055,173.326,-23.320,-9.804,-45.492,30.000,30.000,30.000,-2.493,65.00,91.86,1222,1521
57673,0.268799,0.221558,-0.895996,0.961327,-8.911133,-15.991211,-4.394531,166.111,-16.237,173.377,-22.944,6.788,6.048,30.000,19.972,30.000,-7.913,65.00,87.27,1222,1470
57723,0.487549,0.057617,-0.890747,1.017081,4.272461,49.377441,-2.380371,176.299,-28.644,173.560,-24.345,-0.372,27.661,30.000,28.085,30.000,-1.591,65.00,93.41,1222,1538
57764,0.532715,0.038696,-0.983521,1.119194,-30.639648,-69.274902,2.380371,177.747,-28.423,173.486,-24.092,-13.446,-33.404,30.000,30.000,30.000,-1.185,65.00,93.81,1222,1542
57823,0.288330,0.099243,-0.945679,0.993626,-13.183594,34.973145,3.417969,174.009,-16.869,173.389,-23.078,-0.608,6.036,30.000,20.476,30.000,-9.672,65.00,85.33,1222,1448
57873,0.276245,0.080322,-0.776001,0.827611,26.245117,64.025879,-0.244141,174.090,-19.499,173.516,-24.410,5.762,44.215,30.000,20.578,30.000,-6.957,65.00,88.65,1222,1485
57923,0.756226,0.056885,-0.953369,1.218206,-4.760742,-58.837891,-2.502441,176.585,-38.372,173.650,-23.776,-7.860,-43.478,30.000,28.568,30.000,-1.147,65.00,93.85,1222,1543
57965,0.227661,0.084595,-0.992187,1.021480,1.770020,19.409180,2.990723,175.127,-12.878,173.833,-23.113,0.569,-1.034,30.000,17.974,30.000,-9.745,65.00,87.28,1222,1470
58023,0.174561,0.187134,-0.592651,0.645543,13.671875,-44.372559,-5.004883,162.476,-15.689,173.982,-24.861,10.577,32.698,30.000,25.277,30.000,-5.488,65.00,89.51,1222,1495
58074,0.522583,0.051392,-0.785400,0.944769,-5.371094,-26.306152,-0.305176,176.256,-33.582,173.827,-25.034,-5.319,-26.561,30.000,30.000,30.000,-0.194,65.00,94.81,1222,1553
58123,0.442627,0.082031,-1.104248,1.192481,-4.028320,18.676758,1.342773,175.751,-21.789,173.851,-23.294,-2.891,-12.510,30.000,26.180,30.000,-5.118,65.00,89.88,1222,1499
58165,0.310913,0.168701,-0.677002,0.763845,8.178711,-32.531738,-4.455566,166.008,-24.019,173.997,-23.975,2.635,14.233,30.000,25.411,30.000,-5.137,65.00,89.86,1222,1498
58223,0.274048,0.111084,-0.872437,0.921188,15.563965,-70.312500,-1.953125,172.744,-17.307,173.889,-24.207,1.153,-25.731,30.000,23.044,30.000,-4.015,65.00,92.18,1222,1524
58274,0.515015,0.083618,-1.056030,1.177893,1.525879,59.448242,2.014160,175.473,-25.928,173.834,-22.782,-3.551,-5.025,30.000,27.417,30.000,-3.389,65.00,91.61,1222,1518
58323,0.483765,0.126099,-0.827393,0.966699,-34.484863,8.361816,1.586914,171.335,-30.028,174.020,-23.864,-2.277,11.207,30.000,29.877,30.000,-2.642,65.00,91.68,1222,1519
58375,0.289673,0.158691,-0.922729,0.980063,-6.347656,-27.282715,-0.061035,170.242,-17.191,174.108,-24.389,-0.189,-4.161,30.000,21.737,30.000,-5.905,65.00,89.96,1222,1500
58423,0.401611,0.083862,-0.979614,1.062059,14.160156,79.040527,-2.990723,175.107,-22.219,174.051,-24.169,-0.010,23.908,30.000,23.649,30.000,-5.231,65.00,89.77,1222,1497
58474,0.596313,0.004639,-0.855713,1.043003,2.014160,-25.512695,0.976562,179.689,-34.871,174.192,-24.899,-4.850,-6.569,30.000,30.000,30.000,-0.433,65.00,94.57,1222,1551
58523,0.302612,0.133301,-0.905151,0.963661,-3.295898,-21.911621,0.854492,171.622,-18.302,174.257,-24.400,2.608,-14.221,30.000,23.139,30.000,-7.387,65.00,87.71,1222,1475
58573,0.371704,0.093384,-0.942139,1.017109,42.724609,45.532227,1.708984,174.339,-21.435,174.294,-24.502,8.640,26.725,30.000,23.048,30.000,-5.706,65.00,89.29,1222,1492
58614,0.620728,0.026733,-0.869873,1.068970,0.976562,-71.960449,1.586914,178.240,-35.498,174.270,-24.411,-7.396,-26.608,30.000,30.000,30.000,-0.388,65.00,94.61,1222,1551
58674,0.338379,0.078857,-0.997681,1.056450,-15.747070,-62.438965,4.394531,175.481,-18.681,174.303,-23.347,-3.230,-22.537,30.000,23.503,30.000,-7.079,65.00,87.92,1222,1477
58723,0.105103,0.095459,-0.689331,0.703801,48.034668,36.193848,2.014160,172.116,-8.588,174.485,-24.285,11.922,40.357,30.000,24.183,30.000,-6.046,65.00,88.95,1222,1488
58774,0.718018,0.043701,-0.845337,1.109979,2.563477,8.544922,-13.732910,177.041,-40.306,174.485,-24.710,-4.548,-16.681,30.000,30.000,30.000,-0.279,65.00,94.72,1222,1552
58814,0.422119,0.127075,-1.093384,1.178907,-19.409180,-26.428223,1.464844,173.371,-20.981,174.317,-23.295,-4.383,-21.756,30.000,25.081,30.000,-6.826,65.00,88.17,1222,1480
58874,0.406982,0.204956,-0.768311,0.893276,-30.151367,-68.481445,-2.746582,165.063,-27.104,174.347,-24.290,1.979,-0.399,30.000,28.580,30.000,-3.086,65.00,91.91,1222,1521
58923,0.202148,0.102539,-0.827637,0.858115,22.949219,-29.052734,-2.441406,172.937,-13.625,174.465,-24.503,4.676,-10.514,30.000,19.612,30.000,-5.770,65.00,92.47,1222,1527
58974,0.529785,0.059814,-1.038208,1.167102,6.591797,70.495605,2.136230,176.703,-26.996,174.450,-23.354,-2.156,1.292,30.000,28.108,30.000,-3.419,65.00,91.58,1222,1518
59019,0.409790,0.216309,-0.748779,0.880561,-27.465820,-57.678223,-2.746582,163.887,-27.734,174.451,-23.965,1.950,-6.109,30.000,29.229,30.000,-2.382,65.00,92.62,1222,1529
59074,0.241089,0.148193,-0.963867,1.004552,1.037598,-31.005859,0.122070,171.259,-13.886,174.460,-23.573,1.987,-18.473,30.000,19.918,30.000,-7.278,65.00,90.10,1222,1501
59123,0.566650,0.094482,-1.097656,1.238898,4.333496,72.509766,-2.136230,175.080,-27.218,174.339,-22.705,-2.455,12.464,30.000,24.120,30.000,-5.598,65.00,89.40,1222,1493
59174,0.466309,0.052856,-0.792480,0.921012,-29.052734,-36.682129,1.831055,176.184,-30.418,174.451,-24.062,-4.875,-1.499,30.000,30.000,30.000,-1.570,65.00,93.43,1222,1538
59215,0.255859,0.151123,-0.968384,1.012951,4.760742,-26.550293,1.098633,171.130,-14.631,174.436,-23.596,1.029,-23.317,30.000,20.750,30.000,-6.769,65.00,89.88,1222,1499
59273,0.191528,0.068970,-0.765259,0.791872,29.235840,89.843750,2.624512,174.850,-13.997,174.367,-23.545,6.748,40.119,30.000,23.384,30.000,-6.177,65.00,88.82,1222,1487
59323,0.709106,0.054687,-0.831543,1.094206,12.145996,-13.793945,-1.586914,176.237,-40.395,167.326,-24.399,-2.863,-9.678,30.000,30.000,22.575,7.047,69.80,97.93,1276,1588
59373,0.366577,0.121826,-0.942505,1.018595,-6.286621,-44.006348,6.469727,172.635,-21.093,168.110,-23.192,1.872,-27.835,30.000,25.486,29.863,-6.439,65.14,88.57,1224,1484
59415,0.243774,0.082520,-0.909912,0.945608,32.836914,162.292480,3.234863,174.818,-14.939,168.355,-23.396,4.753,43.051,30.000,16.998,29.994,-9.193,65.01,88.06,1222,1478
59474,0.632812,0.104736,-0.677368,0.932871,-11.840820,-0.366211,-0.671387,171.210,-42.715,168.603,-24.837,-6.833,-4.374,30.000,30.000,30.000,-0.758,65.00,94.24,1222,1547
59515,0.361084,0.211060,-0.841553,0.939755,-31.616211,-154.418945,0.732422,165.921,-22.596,168.606,-23.553,-4.310,-66.176,30.000,29.000,30.000,-1.210,65.00,93.79,1222,1542
59574,0.210327,0.113770,-0.984985,1.013596,14.038086,-4.699707,0.061035,173.411,-11.976,169.099,-21.823,6.794,-2.480,30.000,16.920,30.000,-10.663,65.00,88.36,1222,1482
59625,0.340088,0.081055,-0.790405,0.864274,19.226074,70.678711,-3.906250,174.145,-23.172,169.656,-23.273,5.581,40.788,30.000,22.973,30.000,-6.018,65.00,88.98,1222,1489
59674,0.448730,-0.058350,-0.910278,1.016548,27.893066,-54.626465,1.770020,-176.332,-26.195,162.604,-22.878,-8.018,-27.909,-30.000,29.018,12.960,15.177,67.40,94.46,1249,1550
59723,0.426880,0.128418,-0.893066,0.998141,5.432129,-7.690430,0.427246,171.817,-25.320,163.693,-21.314,2.176,-30.857,30.000,27.967,29.686,-5.092,65.31,89.91,1226,1499
59774,0.397705,0.111450,-1.011475,1.092553,18.676758,147.033691,2.197266,173.712,-21.347,164.616,-22.717,7.929,64.103,30.000,20.055,29.994,-7.624,65.01,87.81,1222,1476
59825,0.695435,0.049927,-0.790894,1.054341,16.418457,15.014648,-2.563477,176.388,-41.269,165.339,-24.890,-3.068,23.196,30.000,30.000,30.000,-1.904,65.00,91.69,1222,1519
59874,0.458618,0.111450,-0.908691,1.023949,-42.846680,-138.305664,0.854492,173.008,-26.608,165.623,-23.377,-13.860,-71.195,30.000,30.000,30.000,-2.941,65.00,90.87,1222,1510
59923,0.075317,0.128296,-0.788574,0.802485,47.668457,11.779785,1.525879,170.759,-5.385,166.314,-21.933,10.870,-4.169,30.000,24.182,30.000,-5.314,65.00,89.69,1222,1497
59973,0.693726,0.059326,-0.955200,1.182025,1.586914,139.099121,-1.647949,176.446,-35.937,166.843,-22.744,2.210,46.791,30.000,22.103,30.000,-7.273,65.00,87.73,1222,1475
60023,0.432495,0.079102,-0.931885,1.030397,-31.982422,-89.111328,-1.281738,175.148,-24.818,167.517,-24.134,-4.583,-9.917,30.000,27.437,30.000,-4.572,65.00,90.37,1222,1504
60064,0.211304,0.116089,-0.898437,0.930224,12.390137,-36.499023,-1.159668,172.637,-13.130,168.054,-23.232,0.086,-25.722,30.000,19.681,30.000,-7.283,65.00,89.27,1222,1492
60123,0.282227,0.158813,-0.805542,0.868200,31.372070,41.992187,-2.319336,168.847,-18.970,168.450,-22.809,9.724,31.498,30.000,20.347,30.000,-8.640,65.00,86.36,1222,1460
60174,0.665039,0.044556,-0.885254,1.108123,-14.526367,29.846191,1.342773,177.119,-36.881,168.919,-24.246,-5.032,15.504,30.000,30.000,30.000,-1.187,65.00,92.02,1222,1522
60223,0.336670,0.146973,-0.883545,0.956869,-41.625977,-111.572266,-0.061035,170.556,-20.600,169.424,-23.910,-6.323,-50.411,30.000,26.765,30.000,-2.830,65.00,92.17,1222,1524
60264,0.287720,0.140503,-0.932861,0.986283,31.799316,50.292969,-5.676270,171.435,-16.961,169.832,-23.404,7.432,14.690,30.000,20.148,30.000,-6.872,65.00,89.37,1222,1493
60323,0.602051,0.101196,-0.925293,1.108545,-5.554199,30.761719,-2.868652,173.759,-32.895,170.308,-25.210,-1.260,34.096,30.000,30.000,30.000,-1.481,65.00,91.27,1222,1514
60374,0.456177,0.107178,-0.869873,0.988060,-46.020508,-132.812500,-0.610352,172.976,-27.496,170.584,-25.216,-9.680,-54.634,30.000,30.000,30.000,-0.403,65.00,94.60,1222,1551
60423,0.171021,0.128296,-1.008057,1.030478,20.324707,29.357910,0.000000,172.747,-9.553,171.149,-23.311,5.287,-13.401,30.000,16.415,30.000,-8.887,65.00,90.16,1222,1502
60465,0.611328,0.083130,-1.014893,1.187703,0.244141,113.220215,-0.793457,175.317,-30.978,171.333,-23.571,1.740,39.486,30.000,23.450,30.000,-7.141,65.00,87.86,1222,1476
60523,0.373901,0.077026,-0.793579,0.880626,-38.146973,-120.971680,1.892090,174.456,-25.124,171.524,-25.669,-9.417,-26.071,30.000,29.216,30.000,-2.519,65.00,92.48,1222,1528
60574,0.370483,0.115723,-1.044800,1.114565,13.793945,-0.793457,2.685547,173.680,-19.415,171.780,-23.460,-1.952,-45.490,30.000,25.449,30.000,-2.550,65.00,92.50,1222,1528
60623,0.542725,0.099243,-1.092529,1.223936,-6.530762,101.623535,2.380371,174.810,-26.323,172.106,-22.938,0.887,30.341,30.000,23.303,30.000,-7.216,65.00,87.78,1222,1475
60665,0.266724,0.171631,-0.655518,0.728218,-7.141113,-70.556641,-5.187988,165.328,-21.486,172.481,-25.241,7.223,29.477,30.000,25.888,30.000,-4.925,65.00,90.07,1222,1501
60723,0.237671,0.120117,-0.874023,0.913692,23.925781,-68.054199,-3.051758,172.175,-15.077,172.580,-23.699,0.729,-50.238,30.000,22.724,30.000,-4.072,65.00,92.44,1222,1527
60773,0.495972,0.083496,-1.017578,1.135088,9.399414,90.454102,1.525879,175.309,-25.909,172.624,-22.096,-0.219,8.996,30.000,26.384,30.000,-4.445,65.00,90.56,1222,1506
60823,0.435791,0.156006,-0.720581,0.856440,-31.860352,-16.601562,-1.098633,167.784,-30.587,172.946,-24.449,3.474,28.177,30.000,29.483,30.000,-3.430,65.00,90.41,1222,1505
60875,0.180908,0.163452,-0.880493,0.913626,2.929688,-85.815430,-0.427246,169.483,-11.421,173.072,-24.662,-0.920,-24.758,30.000,18.952,30.000,-6.323,65.00,92.05,1222,1523
60923,0.561401,0.103760,-1.026855,1.174891,-3.356934,112.915039,-3.051758,174.230,-28.544,172.838,-23.665,-5.076,12.632,30.000,28.654,30.000,-1.455,65.00,93.55,1222,1539
60974,0.518066,0.042603,-0.915161,1.052486,-22.277832,-60.791016,2.197266,177.335,-29.487,173.066,-24.460,-5.003,-2.160,30.000,30.000,30.000,-1.624,65.00,93.38,1222,1538
61023,0.275391,0.213867,-0.909546,0.974091,-25.085449,-35.888672,-3.723145,166.768,-16.422,173.070,-24.749,2.507,-6.043,30.000,21.439,30.000,-8.109,65.00,87.62,1222,1474
61074,0.449463,0.050659,-1.017212,1.113240,44.738770,48.706055,4.150391,177.149,-23.812,173.290,-24.172,5.403,1.844,30.000,26.113,30.000,-2.583,65.00,92.42,1222,1527
61114,0.666626,0.082397,-0.992065,1.198071,-25.878906,-45.898437,-3.173828,175.252,-33.808,173.402,-23.494,-6.607,-29.432,30.000,27.415,30.000,-2.872,65.00,92.13,1222,1524
61173,0.310913,0.180908,-0.951172,1.016918,-14.160156,-50.659180,0.305176,169.231,-17.803,173.646,-23.383,3.133,-6.511,30.000,21.928,30.000,-10.122,65.00,86.00,1222,1456
61223,0.216187,0.036621,-0.773193,0.803683,34.667969,67.871094,1.708984,177.288,-15.604,173.741,-23.964,4.440,32.541,30.000,24.300,30.000,-4.184,65.00,90.82,1222,1509
61274,0.687012,0.030884,-0.918579,1.147487,-0.610352,-1.281738,1.098633,178.074,-36.778,173.823,-23.851,-7.480,-22.592,30.000,30.000,30.000,-1.006,65.00,93.99,1222,1544
61314,0.300171,0.144897,-0.944824,1.001894,-7.019043,-6.835937,1.281738,171.281,-17.434,173.814,-23.223,1.833,-3.549,30.000,21.425,30.000,-9.089,65.00,86.83,1222,1465
61373,0.289429,0.190552,-0.738403,0.815670,-7.934570,-25.695801,-3.051758,165.530,-20.783,174.037,-23.917,4.919,12.392,30.000,25.457,30.000,-4.955,65.00,90.04,1222,1500
61423,0.441040,0.078735,-0.909912,1.014227,2.197266,-9.765625,-1.831055,175.054,-25.776,174.055,-23.962,-1.804,-12.496,30.000,28.211,30.000,-1.237,65.00,93.76,1222,1542
61474,0.438599,0.040527,-0.988281,1.081994,7.324219,3.601074,3.479004,177.652,-23.914,174.125,-22.857,-1.119,-11.190,30.000,26.375,30.000,-4.000,65.00,91.00,1222,1511
61515,0.329224,0.198853,-0.754028,0.846457,-11.291504,-18.676758,-2.929688,165.226,-22.889,174.226,-23.164,5.947,1.169,30.000,25.105,30.000,-4.590,65.00,90.41,1222,1505
61574,0.244751,0.074463,-0.891235,0.927226,15.319824,1.647949,0.061035,175.224,-15.305,174.295,-22.987,1.608,-8.723,30.000,20.122,30.000,-6.318,65.00,90.63,1222,1507
61623,0.583740,0.108154,-1.032349,1.190879,7.263184,54.382324,-1.892090,174.019,-29.352,174.306,-22.323,-1.222,2.780,30.000,24.280,30.000,-4.675,65.00,90.32,1222,1504
61674,0.429932,0.032349,-0.851440,0.954379,-14.770508,-2.441406,2.685547,177.824,-26.775,174.305,-23.295,-3.828,10.234,30.000,27.390,30.000,-3.712,65.00,91.29,1222,1514
61715,0.260742,0.110107,-0.806030,0.854280,13.732910,-37.780762,-0.366211,172.221,-17.771,174.346,-23.289,3.572,-14.302,30.000,22.337,30.000,-6.094,65.00,89.45,1222,1494
61774,0.197632,0.088745,-0.846436,0.873720,15.686035,45.898437,1.037598,174.015,-13.073,174.372,-22.695,4.517,17.338,30.000,16.936,30.000,-9.230,65.00,88.06,1222,1478
61823,0.652832,0.108765,-0.959473,1.165593,-0.305176,44.738770,-2.746582,173.533,-34.062,174.303,-23.495,-2.094,13.532,30.000,30.000,30.000,-0.653,65.00,94.35,1222,1548
61874,0.463745,0.108887,-0.953003,1.065425,-49.560547,-119.812012,3.051758,173.482,-25.802,174.286,-23.151,-8.945,-51.436,30.000,30.000,30.000,-2.221,65.00,92.47,1222,1527
61920,0.093018,0.145508,-0.912598,0.928795,20.996094,42.968750,0.854492,170.941,-5.748,174.197,-22.266,4.256,6.280,30.000,12.197,30.000,-10.461,65.00,91.11,1222,1512
61974,0.442505,0.031494,-0.861084,0.968642,22.521973,102.478027,0.549316,177.905,-27.183,174.140,-22.819,0.313,32.609,30.000,26.156,30.000,-4.169,65.00,90.83,1222,1509
62023,0.606689,0.060059,-0.972534,1.147825,-6.469727,-46.875000,-0.122070,176.466,-31.908,174.188,-22.848,-7.579,-25.547,30.000,30.000,30.000,-2.397,65.00,92.08,1222,1523
62073,0.227051,0.168945,-0.798584,0.847249,2.319336,-60.729980,-0.549316,168.055,-15.544,174.191,-22.192,5.339,-15.665,30.000,20.404,30.000,-9.699,65.00,87.32,1222,1470
62125,0.164673,0.143921,-0.780640,0.810696,35.888672,21.301270,-1.037598,169.554,-11.720,174.298,-22.346,8.970,18.478,30.000,23.364,30.000,-6.250,65.00,88.75,1222,1486
62174,0.607788,0.075195,-0.870361,1.064232,-2.319336,1.037598,-0.549316,175.062,-34.827,174.112,-22.665,-4.919,-6.165,30.000,30.000,30.000,-0.951,65.00,93.43,1222,1538
62223,0.422485,0.147827,-0.900635,1.005728,-52.917480,-86.303711,1.586914,170.679,-24.840,174.292,-21.864,-7.344,-55.090,30.000,29.289,30.000,-2.183,65.00,92.82,1222,1531
62273,0.153809,0.207397,-0.888916,0.925658,35.400391,-5.981445,-2.441406,166.867,-9.565,174.273,-21.151,14.088,12.245,30.000,14.139,30.000,-10.992,65.00,88.49,1222,1483
62325,0.589355,0.052734,-1.007080,1.168046,-8.117676,72.204590,-3.417969,177.003,-30.303,174.354,-22.390,-1.896,29.984,30.000,28.379,30.000,-2.826,65.00,90.25,1222,1503
62374,0.489746,0.062378,-0.989014,1.105392,-31.921387,-100.036621,-1.708984,176.391,-26.299,174.503,-22.455,-11.695,-37.447,30.000,29.501,30.000,-2.895,65.00,91.58,1222,1518
62423,0.131226,0.115356,-0.834106,0.852209,28.686523,-18.737793,2.807617,172.126,-8.858,174.539,-21.350,6.840,-17.131,30.000,15.387,30.000,-10.449,65.00,89.08,1222,1490
62474,0.546997,0.083496,-0.994751,1.138291,18.981934,160.400391,-0.549316,175.202,-28.721,174.541,-21.780,4.769,48.431,30.000,25.906,30.000,-5.661,65.00,89.34,1222,1493
62523,0.519775,0.039185,-0.860352,1.005936,-16.235352,-83.312988,-0.305176,177.392,-31.112,174.667,-23.374,-4.812,-6.418,30.000,30.000,30.000,-2.784,65.00,91.21,1222,1513
62564,0.188110,0.143066,-0.834106,0.866941,13.366699,-72.692871,0.305176,170.267,-12.532,174.561,-22.588,1.914,-30.638,30.000,19.301,30.000,-8.416,65.00,88.58,1222,1484
62623,0.129761,0.125000,-0.760620,0.781669,41.625977,23.315430,-1.831055,170.667,-9.556,174.592,-22.379,11.448,29.502,30.000,22.738,30.000,-7.572,65.00,87.43,1222,1471
62674,0.632568,0.060791,-0.841675,1.054635,-4.821777,32.836914,-0.244141,175.869,-36.855,174.519,-23.728,-2.246,12.207,30.000,30.000,30.000,-0.586,65.00,94.41,1222,1549
62723,0.576172,0.086426,-1.102905,1.247335,-57.739258,-44.921875,1.037598,175.519,-27.511,174.493,-22.687,-12.281,-43.793,30.000,27.390,30.000,-4.014,65.00,90.99,1222,1511
62764,0.067017,0.153320,-0.861206,0.877311,34.118652,-36.437988,-1.770020,169.905,-4.381,174.427,-22.247,8.117,9.025,30.000,11.048,30.000,-14.516,65.00,88.48,1222,1483
62823,0.375732,0.081665,-0.815186,0.901317,18.371582,43.151855,-2.441406,174.279,-24.637,174.284,-23.191,2.829,26.052,30.000,24.873,30.000,-3.826,65.00,91.17,1222,1513
62874,0.575684,0.001587,-0.982178,1.138458,-0.549316,-38.146973,0.854492,179.907,-30.376,174.347,-22.871,-7.639,-29.615,30.000,30.000,30.000,-0.988,65.00,94.01,1222,1545
62923,0.343018,0.116577,-0.918823,0.987668,-5.065918,20.019531,2.685547,172.769,-20.322,174.380,-22.142,2.233,-5.924,30.000,23.216,30.000,-7.646,65.00,87.35,1222,1471
62965,0.270020,0.089355,-0.826294,0.873874,35.583496,76.232910,-0.366211,173.828,-17.998,174.584,-22.426,8.349,29.255,30.000,19.639,30.000,-8.258,65.00,86.91,1222,1466
63023,0.493042,0.106934,-0.777954,0.927220,1.525879,-17.822266,-2.868652,172.173,-32.123,174.505,-23.057,-2.318,-8.442,30.000,30.000,30.000,-0.536,65.00,94.46,1222,1550
63073,0.632812,0.065918,-1.102051,1.272522,-30.395508,-36.071777,3.417969,176.577,-29.821,174.382,-21.291,-9.623,-47.085,30.000,26.050,30.000,-3.121,65.00,91.88,1222,1521
63123,0.279785,0.162598,-1.021973,1.071982,-10.925293,44.677734,0.061035,170.960,-15.129,174.485,-21.494,5.344,28.799,30.000,17.257,30.000,-12.495,65.00,83.11,1222,1423
63165,0.531616,0.054199,-0.960571,1.099205,-4.699707,85.754395,-1.708984,176.771,-28.923,174.501,-23.276,-3.752,40.655,30.000,27.094,30.000,-2.724,65.00,91.93,1222,1521
63223,0.725830,0.025757,-1.025879,1.256949,10.681152,-12.817383,1.464844,178.562,-35.272,174.310,-21.459,-12.072,-56.651,30.000,26.809,30.000,-2.686,65.00,92.31,1222,1526
63274,0.232910,0.097900,-0.962891,0.995485,16.113281,48.339844,6.103516,174.195,-13.531,174.476,-20.860,7.126,18.895,30.000,16.463,30.000,-12.037,65.00,84.19,1222,1435
63323,0.305908,0.083252,-0.664673,0.736411,32.165527,45.654297,1.159668,172.861,-24.545,174.757,-23.143,10.799,48.458,30.000,22.441,30.000,-6.319,65.00,88.68,1222,1485
63365,0.616943,0.036255,-0.932251,1.118492,-7.080078,-34.667969,1.586914,177.773,-33.476,174.890,-23.319,-3.345,-22.951,30.000,30.000,30.000,-1.616,65.00,93.38,1222,1538
63423,0.473999,0.059937,-1.025879,1.131678,-9.765625,67.993164,2.685547,176.656,-24.762,174.859,-21.971,-2.380,1.895,30.000,25.942,30.000,-6.101,65.00,88.80,1222,1487
63473,0.234985,0.156006,-0.666016,0.723279,7.995605,-38.452148,-2.563477,166.817,-18.959,175.178,-23.692,9.628,24.323,30.000,24.494,30.000,-5.689,65.00,89.31,1222,1492
63523,0.366455,0.049561,-0.833252,0.911622,27.832031,2.075195,-1.953125,176.596,-23.702,175.222,-23.575,1.887,-5.903,30.000,26.183,30.000,-2.656,65.00,92.34,1222,1526
63574,0.495239,0.077393,-0.913574,1.042050,-14.038086,29.602051,-1.464844,175.158,-28.376,175.047,-22.460,-4.833,-6.258,30.000,29.117,30.000,-4.000,65.00,89.59,1222,1495
63614,0.338623,0.186401,-0.759399,0.852114,-16.540527,3.906250,-2.624512,166.209,-23.415,175.104,-23.340,4.482,19.205,30.000,24.467,30.000,-6.193,65.00,88.81,1222,1487
63674,0.258057,0.120361,-0.854370,0.900571,5.554199,-28.686523,-1.342773,171.981,-16.651,175.037,-23.446,1.891,-11.311,30.000,21.417,30.000,-6.372,65.00,89.25,1222,1492
63723,0.458252,0.068604,-0.975708,1.080142,24.169922,28.198242,-2.075195,175.978,-25.103,168.018,-22.583,0.917,-1.997,30.000,26.569,22.190,4.831,69.80,96.31,1276,1570
63774,0.425049,0.100342,-0.789673,0.902396,3.295898,-34.179687,-1.464844,172.758,-28.101,168.676,-22.858,4.317,-0.463,30.000,28.741,29.856,-4.248,65.14,89.50,1224,1494
63814,0.204834,0.091675,-0.867432,0.895990,26.184082,109.863281,0.854492,173.967,-13.215,168.955,-23.995,8.529,56.161,30.000,15.209,29.994,-10.594,65.01,87.14,1222,1468
63874,0.727051,0.067749,-0.800293,1.083357,3.723145,8.911133,2.014160,175.161,-42.153,169.286,-23.932,-6.738,-21.571,30.000,30.000,30.000,-0.892,65.00,92.42,1222,1527
63923,0.333008,0.088623,-0.909058,0.972180,-25.085449,-65.185547,6.408691,174.432,-20.032,169.649,-23.059,-3.351,-39.342,30.000,25.367,30.000,-4.614,65.00,90.39,1222,1504
63974,0.258667,0.121948,-0.960083,1.001768,32.592773,106.384277,-2.868652,172.761,-14.964,170.157,-22.788,10.454,38.179,30.000,17.074,30.000,-9.271,65.00,88.61,1222,1485
64020,0.712158,0.076782,-0.915039,1.162050,-11.901855,-28.930664,-4.943848,175.203,-37.796,170.555,-23.818,-1.895,4.889,30.000,30.000,30.000,-1.852,65.00,90.66,1222,1507
64074,0.375610,0.106079,-1.006226,1.079271,-43.334961,-121.032715,0.122070,173.982,-20.366,170.682,-23.476,-10.776,-45.717,30.000,26.149,30.000,-6.014,65.00,88.99,1222,1489
64123,0.165649,0.122437,-0.856689,0.881106,31.860352,36.132812,1.647949,171.866,-10.836,171.004,-22.698,8.018,8.079,30.000,15.893,30.000,-9.415,65.00,89.41,1222,1493
64174,0.609741,0.053955,-1.000977,1.173307,6.774902,89.233398,2.075195,176.915,-31.311,171.311,-23.308,-0.350,27.937,30.000,29.576,30.000,-2.764,65.00,91.77,1222,1520
64215,0.412476,0.120850,-0.888672,0.987157,-33.325195,-88.317871,-0.122070,172.256,-24.698,171.447,-23.642,-5.342,-21.051,30.000,27.830,30.000,-4.861,65.00,90.14,1222,1502
64274,0.120239,0.286987,-0.797241,0.855811,5.493164,-64.270020,-1.708984,160.202,-8.077,164.510,-22.431,9.781,-13.351,30.000,15.017,26.059,-6.429,68.94,94.31,1266,1548
64323,0.647461,0.125488,-0.841919,1.069477,-23.193359,59.326172,0.610352,171.522,-37.258,158.713,-22.711,0.069,9.644,30.000,30.000,28.053,1.010,66.95,96.01,1244,1567
64374,0.366455,0.016846,-0.890869,0.963442,-52.673340,33.508301,2.502441,178.917,-22.356,146.773,-24.343,-3.031,37.116,30.000,23.021,27.194,-3.082,69.35,96.90,1271,1577
64415,0.415039,0.030762,-0.887817,0.980522,-5.310059,-15.930176,-4.760742,178.016,-25.042,142.259,-24.947,3.556,12.359,30.000,26.660,27.972,-0.564,69.35,96.49,1271,1572
64474,0.517578,0.081543,-0.938232,1.074624,-34.484863,11.840820,-2.197266,175.033,-28.792,145.410,-26.339,-9.223,25.490,30.000,29.089,29.983,-2.629,65.02,92.37,1222,1526
64523,0.313232,0.114014,-0.788452,0.856020,-11.413574,-169.616699,2.014160,171.772,-21.464,147.454,-25.616,-8.752,-62.307,30.000,28.753,30.000,-2.117,65.00,92.88,1222,1532
64574,0.518311,0.075562,-0.901245,1.042400,19.958496,15.625000,4.577637,175.207,-29.817,150.572,-23.513,-3.642,-60.605,30.000,30.000,30.000,-0.039,65.00,94.96,1222,1555
64625,0.464111,0.092163,-0.962891,1.072871,12.878418,70.373535,-2.441406,174.533,-25.632,153.320,-22.399,8.314,11.523,30.000,26.151,30.000,-5.919,65.00,88.95,1222,1488
64673,0.361816,0.175659,-0.688721,0.797561,-19.653320,-88.378906,-11.779785,165.692,-26.978,154.434,-23.866,8.444,0.541,30.000,26.101,30.000,-4.543,65.00,90.46,1222,1505
64723,0.244629,0.099121,-0.914062,0.951409,7.019043,-30.212402,-6.225586,173.811,-14.899,156.512,-22.354,-1.580,-36.038,30.000,21.227,30.000,-5.506,65.00,91.09,1222,1512
64774,0.492187,0.063843,-1.044556,1.156469,-5.676270,84.045410,3.906250,176.502,-25.188,157.863,-21.198,-3.917,13.047,30.000,25.280,30.000,-6.319,65.00,88.68,1222,1485
64825,0.386353,0.090820,-0.801270,0.894175,-17.822266,-86.791992,2.563477,173.533,-25.599,158.803,-22.944,-0.147,5.199,30.000,26.717,30.000,-5.019,65.00,89.98,1222,1500
64874,0.205322,0.135864,-0.881104,0.914855,1.342773,-19.104004,0.488281,171.234,-12.969,160.307,-22.716,0.140,-12.797,30.000,18.592,30.000,-8.368,65.00,88.45,1222,1483
64923,0.535278,0.095947,-1.002319,1.140339,17.089844,101.745605,-2.380371,174.532,-27.996,161.385,-22.608,0.793,28.711,30.000,26.890,30.000,-3.696,65.00,91.30,1222,1514
64974,0.587402,0.070312,-0.914185,1.088907,-38.452148,-68.054199,-0.976562,175.602,-32.646,162.245,-23.876,-5.171,-18.489,30.000,30.000,30.000,-1.292,65.00,93.71,1222,1541
65023,0.171265,0.219604,-0.977661,1.016552,-9.765625,-69.030762,-3.967285,167.340,-9.699,162.905,-22.576,3.065,-24.931,30.000,16.928,30.000,-11.861,65.00,86.24,1222,1458
65064,0.478516,0.058594,-0.999268,1.109480,0.366211,107.727051,-0.915527,176.644,-25.550,163.859,-22.554,-0.612,22.382,30.000,25.500,30.000,-3.738,65.00,91.26,1222,1514
65123,0.685425,0.062866,-0.943604,1.167967,-6.713867,-3.112793,-1.220703,176.188,-35.934,164.932,-23.353,1.373,-16.552,30.000,30.000,30.000,-1.092,65.00,93.91,1222,1543
65173,0.272583,0.153198,-1.062744,1.107789,-14.282227,-83.801270,-1.281738,171.797,-14.245,159.877,-22.192,9.920,-33.257,30.000,20.530,29.323,-10.054,65.68,91.51,1230,1517
65223,0.560425,0.049072,-1.142700,1.273675,-13.427734,79.040527,-3.601074,177.541,-26.104,161.273,-21.351,-0.960,5.621,30.000,23.041,29.988,-5.761,65.01,89.24,1222,1492
65264,0.412964,0.055298,-1.062134,1.140932,-48.767090,17.700195,0.488281,177.020,-21.220,161.709,-21.449,-12.217,-5.116,30.000,23.543,29.999,-7.529,65.00,87.47,1222,1472
65323,0.178589,0.177612,-0.764648,0.805064,19.165039,-82.763672,-0.732422,166.923,-12.817,156.372,-21.286,5.060,-17.176,30.000,24.251,29.641,-8.468,65.36,87.47,1226,1472
65374,0.396851,0.047729,-0.934326,1.016235,14.648438,139.953613,2.929688,177.076,-22.986,157.398,-21.162,-0.241,29.504,30.000,22.704,29.993,-6.764,65.01,88.24,1222,1480
65423,0.596313,-0.011841,-0.996338,1.161215,5.615234,-21.667480,-0.488281,-179.319,-30.899,151.467,-21.864,-3.920,-7.737,-30.000,30.000,13.500,14.109,67.40,92.09,1249,1523
65464,0.203979,0.161499,-0.779297,0.821580,7.873535,-86.547852,-3.967285,168.292,-14.376,152.942,-21.500,5.663,-26.928,30.000,19.977,29.323,-7.639,65.68,87.87,1230,1476
65523,0.048340,0.092773,-0.874390,0.880625,32.287598,19.470215,2.746582,173.944,-3.147,155.079,-21.355,7.110,24.418,30.000,8.898,29.994,-14.576,65.01,88.88,1222,1488
65573,0.665527,-0.007446,-1.010620,1.210097,1.464844,76.599121,3.845215,-179.578,-33.366,155.799,-20.746,-6.298,-1.681,30.000,22.727,30.000,-6.789,65.00,88.21,1222,1480
65623,0.306519,0.152100,-0.935425,0.996046,-32.165527,-92.895508,-1.037598,170.765,-17.923,157.167,-20.701,-3.069,-25.285,30.000,22.107,30.000,-11.243,65.00,83.76,1222,1431
65665,0.275024,0.055786,-0.932251,0.973572,12.390137,121.032715,0.610352,176.575,-16.409,157.779,-20.341,-3.730,22.727,30.000,18.092,30.000,-9.658,65.00,85.69,1222,1452
65723,0.553345,0.105957,-0.801758,0.979915,20.935059,11.901855,-4.638672,172.472,-34.381,151.647,-21.032,-0.082,2.745,30.000,30.000,22.317,6.013,69.80,92.83,1276,1531
65774,0.482544,0.077637,-0.927490,1.048387,-14.404297,-35.339355,4.760742,175.215,-27.405,153.924,-20.444,-0.933,-26.644,30.000,28.870,29.858,-4.233,65.14,90.28,1224,1503
65823,-0.023682,0.117310,-0.797241,0.806174,40.954590,27.038574,-0.549316,171.629,1.683,155.447,-21.047,14.053,28.783,30.000,21.317,29.997,-9.276,65.00,85.72,1222,1452
65865,0.647949,0.061523,-0.892944,1.104976,-7.019043,87.707520,-4.211426,176.059,-35.901,156.383,-21.197,-5.316,16.715,30.000,30.000,30.000,-3.843,65.00,88.86,1222,1487
65923,0.641235,0.021118,-1.059937,1.238989,-13.305664,-8.178711,2.197266,178.859,-31.168,157.490,-20.916,-13.269,-20.459,30.000,24.041,30.000,-6.195,65.00,88.81,1222,1487
65974,0.267944,0.207764,-0.864624,0.928727,-26.184082,-92.102051,-0.183105,166.488,-16.769,158.502,-21.149,0.883,-23.495,30.000,21.347,30.000,-7.423,65.00,87.58,1222,1473
66023,0.252441,0.107788,-0.855469,0.898427,20.629883,42.785645,-1.342773,172.819,-16.319,159.597,-20.848,5.896,12.294,30.000,18.848,30.000,-7.653,65.00,89.18,1222,1491
66074,0.516602,0.070679,-0.885376,1.027503,-10.437012,2.258301,-3.295898,175.436,-30.184,161.141,-21.185,-0.747,0.167,30.000,29.586,30.000,-2.763,65.00,89.79,1222,1498
66114,0.158936,0.192871,-0.779785,0.818856,-3.173828,-95.642090,-5.126953,166.107,-11.192,161.820,-21.583,5.179,-10.163,30.000,24.156,30.000,-6.748,65.00,88.25,1222,1481
66173,0.185791,0.153076,-0.927124,0.957867,4.028320,7.141113,-0.549316,170.625,-11.184,162.730,-20.911,2.779,5.133,30.000,15.631,30.000,-10.882,65.00,86.60,1222,1462
66223,0.546753,0.075439,-0.999878,1.142097,-5.615234,47.546387,1.281738,175.685,-28.602,163.833,-21.484,-4.093,13.783,30.000,27.787,30.000,-2.405,65.00,91.37,1222,1515
66273,0.320190,0.135132,-0.861084,0.928573,-21.667480,-85.449219,-0.610352,171.081,-20.171,164.480,-22.024,-2.273,-20.273,30.000,23.923,30.000,-6.422,65.00,88.58,1222,1484
66314,0.173584,0.130615,-0.875732,0.902274,16.784668,57.006836,1.953125,171.517,-11.092,165.180,-22.443,6.898,25.371,30.000,14.941,30.000,-9.971,65.00,88.85,1222,1487
66374,0.544312,0.040894,-0.932495,1.080507,8.117676,56.579590,-1.525879,177.489,-30.249,166.062,-22.742,-1.939,14.315,30.000,29.416,30.000,-2.586,65.00,92.37,1222,1526
66423,0.496338,0.052246,-1.010010,1.126588,-21.240234,-47.424316,0.793457,177.039,-26.140,166.668,-22.774,-5.451,-26.104,30.000,28.830,30.000,-3.277,65.00,91.55,1222,1517
66474,0.162964,0.126343,-0.910156,0.933222,9.765625,4.211426,-0.061035,172.097,-10.057,167.544,-22.143,3.811,0.189,30.000,15.565,30.000,-11.580,65.00,87.63,1222,1474
66514,0.475220,0.066406,-0.940186,1.055553,18.615723,82.702637,-1.525879,175.960,-26.757,167.819,-22.621,2.452,34.364,30.000,25.670,30.000,-5.862,65.00,89.14,1222,1490
66574,0.533447,0.063599,-0.913208,1.059509,-36.010742,-90.942383,1.586914,176.016,-30.231,168.125,-23.596,-11.980,-27.133,30.000,30.000,30.000,-2.983,65.00,89.35,1222,1493
66623,0.089966,0.119019,-0.795776,0.809641,27.954102,-17.883301,4.089355,171.494,-6.380,168.676,-23.352,5.585,-5.777,30.000,25.840,30.000,-4.776,65.00,90.22,1222,1502
66674,0.568604,0.015259,-1.013184,1.161931,15.441895,153.564453,4.821777,179.137,-29.299,169.005,-23.079,-1.196,33.771,30.000,27.699,30.000,-3.489,65.00,91.51,1222,1517
66720,0.463989,0.058472,-0.876953,0.993857,-14.465332,-53.833008,2.746582,176.185,-27.830,169.394,-24.132,-5.155,7.174,30.000,28.651,30.000,-4.264,65.00,89.58,1222,1495
66773,0.156372,0.266602,-0.742676,0.804423,-26.062012,-139.831543,-4.943848,160.253,-11.209,170.015,-24.212,3.583,-38.675,30.000,28.759,30.000,-2.728,65.00,92.27,1222,1525
66823,0.277222,0.074829,-0.793091,0.843472,46.508789,71.166992,-2.868652,174.610,-19.188,163.167,-22.816,7.220,10.121,30.000,21.788,22.575,2.365,69.80,97.11,1276,1579
66874,0.566895,0.113403,-0.824341,1.006860,-2.929688,-39.550781,-1.037598,172.167,-34.266,164.346,-22.856,5.001,-5.967,30.000,30.000,29.863,-3.956,65.14,89.92,1224,1499
66915,0.016357,0.062012,-0.750610,0.753345,28.747559,95.092773,3.479004,175.277,-1.244,164.674,-24.033,6.727,49.563,30.000,23.354,29.994,-6.283,65.01,88.72,1222,1486
66974,0.588257,0.162842,-0.665161,0.902775,12.268066,16.052246,-1.525879,166.244,-40.663,158.226,-23.459,-1.399,-24.913,30.000,30.000,26.403,2.861,68.60,96.86,1262,1576
67023,0.599365,0.119873,-0.895996,1.084628,-49.560547,-4.760742,0.061035,172.380,-33.546,159.451,-22.463,-6.978,-21.509,30.000,30.000,29.934,-1.464,65.07,93.54,1223,1539
67073,-0.062500,0.181885,-0.788696,0.811807,34.240723,-53.955078,-0.122070,167.014,4.416,160.199,-23.607,16.936,34.901,30.000,23.765,29.999,-9.727,65.00,85.27,1222,1447
67125,0.242187,0.053223,-0.750244,0.790161,-1.586914,-4.638672,-3.784180,175.942,-17.849,154.019,-24.866,-5.218,12.205,30.000,26.512,26.623,1.019,68.38,96.02,1260,1567
67173,0.701782,0.058594,-1.145752,1.344871,-11.474609,-28.076172,-0.427246,177.072,-31.454,155.177,-22.782,-12.505,-55.713,30.000,28.209,29.938,-1.306,65.06,93.69,1223,1541
67223,0.256592,0.152344,-1.051147,1.092684,-13.977051,67.565918,1.892090,171.753,-13.581,156.631,-22.199,3.554,23.710,30.000,16.727,29.999,-13.841,65.00,82.67,1222,1419
67274,0.410889,0.083374,-0.864990,0.961243,17.883301,64.697266,-2.685547,174.494,-25.306,158.171,-24.519,2.288,51.328,30.000,24.346,30.000,-4.078,65.00,90.92,1222,1510
67325,0.720459,0.010254,-1.010254,1.240878,10.925293,-31.555176,2.136230,179.418,-35.493,158.607,-23.609,-8.555,-53.278,30.000,28.973,30.000,-0.973,65.00,94.03,1222,1545
67373,0.229126,0.110718,-0.994019,1.026075,14.465332,53.771973,6.042480,173.644,-12.903,160.336,-22.766,6.650,20.696,30.000,16.641,30.000,-12.042,65.00,84.96,1222,1444
67423,0.311890,0.124512,-0.657959,0.738707,25.024414,20.874023,-0.793457,169.284,-24.974,161.509,-24.989,11.352,49.667,30.000,24.400,30.000,-6.073,65.00,88.93,1222,1488
67474,0.543091,0.054932,-0.906616,1.058262,-14.831543,-63.537598,-0.976562,176.533,-30.877,162.379,-24.904,-5.897,-38.832,30.000,30.000,30.000,-0.555,65.00,94.44,1222,1549
67523,0.286377,0.097290,-1.022949,1.066725,6.469727,35.339355,1.342773,174.567,-15.573,163.759,-22.753,1.383,-17.722,30.000,20.763,30.000,-8.523,65.00,86.48,1222,1461
67573,0.219727,0.098145,-0.656372,0.699097,29.846191,78.063965,0.549316,171.496,-18.319,164.378,-24.753,10.852,64.428,30.000,23.254,30.000,-6.328,65.00,88.67,1222,1485
67623,0.628784,0.055420,-0.915405,1.111939,-4.943848,-63.110352,0.549316,176.535,-34.436,165.087,-24.734,-7.732,-37.142,30.000,30.000,30.000,-0.737,65.00,94.26,1222,1547
67674,0.389404,0.143066,-1.040894,1.120519,-14.343262,-19.592285,1.831055,172.174,-20.336,166.058,-22.704,-1.309,-28.533,30.000,24.799,30.000,-7.084,65.00,87.92,1222,1477
67723,0.175171,0.059082,-0.768677,0.790594,32.958984,74.340820,2.319336,175.605,-12.801,166.648,-24.074,8.645,54.696,30.000,23.091,30.000,-6.411,65.00,88.59,1222,1484
67764,0.619141,0.050171,-0.899536,1.093168,6.835937,-8.972168,0.915527,176.808,-34.498,167.031,-24.856,-5.490,-5.779,30.000,30.000,30.000,-0.686,65.00,94.31,1222,1548
67823,0.471436,0.057739,-1.014404,1.120090,-3.662109,22.460937,1.708984,176.742,-24.891,167.888,-23.313,-3.376,-15.003,30.000,27.478,30.000,-4.427,65.00,90.57,1222,1506
67873,0.288086,0.213623,-0.742432,0.824520,-2.990723,-48.095703,-4.699707,163.948,-20.451,168.436,-24.049,7.799,8.875,30.000,23.240,30.000,-6.390,65.00,88.61,1222,1485
67923,0.350830,0.051270,-0.869995,0.939469,15.136719,41.931152,-3.601074,176.627,-21.928,168.962,-24.207,0.834,11.503,30.000,24.199,30.000,-3.751,65.00,91.35,1222,1515
67964,0.532959,0.014526,-0.979980,1.115624,5.554199,-7.934570,0.671387,179.151,-28.537,169.392,-23.662,-4.055,-10.501,30.000,29.949,30.000,-2.895,65.00,91.03,1222,1511
68023,0.375854,0.128540,-0.859131,0.946517,-42.663574,-24.475098,1.953125,171.491,-23.397,162.753,-24.154,-3.050,-5.492,30.000,26.163,27.788,-3.428,67.51,91.66,1250,1518
68074,0.456177,-0.004761,-1.086182,1.178096,-6.774902,69.641113,1.831055,-179.749,-22.781,150.362,-24.186,-3.208,10.311,-30.000,24.873,9.902,17.113,69.92,98.76,1277,1597
68123,0.609375,0.003296,-1.147217,1.299021,-9.887695,6.835937,-6.347656,179.835,-27.976,152.179,-24.830,-2.424,21.514,30.000,25.914,29.629,-5.388,65.37,89.61,1226,1496
68165,0.285522,0.082886,-0.994263,1.037763,0.000000,16.906738,-4.638672,175.235,-15.970,153.207,-26.418,2.158,43.634,30.000,18.863,29.985,-8.139,65.02,88.12,1222,1479
68223,0.488159,0.078857,-0.723877,0.876650,17.150879,-107.116699,0.366211,173.783,-33.838,148.111,-25.345,-6.801,-56.719,30.000,30.000,22.575,7.000,69.80,97.52,1276,1584
68274,0.468994,0.126099,-0.911499,1.032805,2.014160,15.747070,15.502930,172.124,-27.007,150.606,-22.887,-0.512,-51.450,30.000,30.000,29.863,-0.249,65.14,94.75,1224,1553
68323,0.187378,0.148804,-0.914551,0.945334,30.273437,113.037109,4.577637,170.759,-11.433,153.197,-23.664,16.210,62.346,30.000,13.436,29.997,-13.312,65.00,87.32,1222,1470
68365,0.582886,0.024292,-0.819702,1.006110,-3.356934,56.335449,-6.530762,178.303,-35.405,154.792,-25.532,2.274,43.853,30.000,30.000,30.000,-2.357,65.00,89.03,1222,1489
68423,0.463623,0.052490,-0.997192,1.100951,-23.071289,-125.488281,0.183105,176.987,-24.905,156.068,-24.000,-14.441,-86.269,30.000,30.000,30.000,-0.553,65.00,94.45,1222,1549
68474,0.215454,0.088379,-0.900146,0.929782,28.015137,75.195312,6.164551,174.393,-13.399,158.130,-21.797,4.275,-3.553,30.000,17.991,30.000,-8.043,65.00,90.15,1222,1502
68523,0.516846,0.123535,-0.998413,1.131026,9.399414,73.425293,1.464844,172.947,-27.192,159.710,-23.725,8.059,60.121,30.000,24.861,30.000,-7.114,65.00,87.87,1222,1476
68575,0.489868,0.086304,-0.960083,1.081286,-37.170410,-124.572754,-2.624512,174.863,-26.939,160.693,-25.515,-2.549,-16.758,30.000,29.896,30.000,-1.899,65.00,93.10,1222,1534
68623,0.148315,0.118652,-0.913940,0.933468,16.113281,-26.916504,1.464844,172.603,-9.142,162.327,-23.776,3.013,-28.698,30.000,17.218,30.000,-9.003,65.00,90.03,1222,1500
68674,0.483154,0.065308,-0.953613,1.071019,15.625000,154.052734,2.746582,176.082,-26.815,163.352,-24.231,3.567,54.781,30.000,25.107,30.000,-5.126,65.00,89.87,1222,1499
68723,0.523560,0.074463,-0.890991,1.036110,-26.428223,-46.752930,1.220703,175.223,-30.352,164.065,-26.259,-3.400,8.479,30.000,30.000,30.000,-1.988,65.00,92.98,1222,1533
68774,0.261108,0.156616,-0.956055,1.003368,-1.953125,-33.325195,0.244141,170.697,-15.084,165.153,-24.986,0.247,-32.617,30.000,22.167,30.000,-6.892,65.00,88.84,1222,1487
68814,0.361084,0.046631,-0.990845,1.055618,5.126953,119.934082,3.173828,177.306,-20.002,165.864,-24.682,-0.520,28.361,30.000,21.994,30.000,-5.754,65.00,89.60,1222,1496
68874,0.546997,0.029785,-0.805298,0.973960,13.916016,7.751465,-0.183105,177.882,-34.168,166.783,-26.123,-0.430,13.193,30.000,30.000,30.000,-0.858,65.00,94.14,1222,1546
68923,0.435669,0.108521,-0.980225,1.078158,-27.709961,-68.664551,1.403809,173.683,-23.834,167.391,-25.055,-4.677,-45.011,30.000,29.194,30.000,-2.680,65.00,92.32,1222,1526
68974,0.209961,0.121094,-0.927490,0.958637,10.437012,42.907715,-0.915527,172.562,-12.651,167.827,-24.066,3.518,13.790,30.000,17.376,30.000,-9.677,65.00,88.58,1222,1484
69014,0.567017,0.076904,-0.947876,1.107200,-0.244141,37.719727,-1.647949,175.362,-30.805,168.379,-24.863,-1.034,21.851,30.000,30.000,30.000,-1.035,65.00,93.38,1222,1538
69073,0.572632,0.044434,-1.095459,1.236896,-39.916992,-119.995117,1.525879,177.677,-27.578,168.670,-24.487,-13.407,-59.699,30.000,30.000,30.000,-1.176,65.00,93.82,1222,1542
69123,0.078735,0.121460,-0.906860,0.918339,27.221680,27.160645,3.601074,172.372,-4.918,169.195,-23.308,7.783,8.456,30.000,11.875,30.000,-13.393,65.00,88.15,1222,1479
69174,0.612427,0.055054,-1.003906,1.177253,-6.225586,143.371582,-1.281738,176.861,-31.347,169.609,-24.254,-3.058,45.564,30.000,28.909,30.000,-2.795,65.00,92.21,1222,1525
69215,0.454712,0.036011,-0.991821,1.091682,-32.836914,-113.220215,0.671387,177.921,-24.615,169.666,-24.894,-13.522,-19.869,30.000,28.182,30.000,-4.076,65.00,90.56,1222,1506
69274,0.146973,0.252930,-0.808350,0.859653,-3.967285,-70.434570,-2.502441,162.625,-9.844,170.111,-24.120,7.167,-18.750,30.000,17.256,30.000,-9.098,65.00,87.96,1222,1477
69323,0.418945,0.069092,-0.887817,0.984128,14.343262,134.399414,-1.770020,175.550,-25.195,170.293,-24.555,2.167,46.578,30.000,24.565,30.000,-3.888,65.00,91.11,1222,1512
69374,0.563110,0.023315,-0.945435,1.100674,-15.869141,-79.162598,-1.281738,178.587,-30.771,170.611,-25.379,-6.670,-17.918,30.000,30.000,30.000,-1.974,65.00,93.01,1222,1533
69415,0.131714,0.106445,-0.846924,0.863689,10.314941,-21.667480,-0.061035,172.836,-8.772,170.933,-24.502,1.813,-15.463,30.000,16.439,30.000,-10.130,65.00,89.80,1222,1498
69473,0.181885,0.066772,-0.732422,0.757616,21.667480,81.604004,2.441406,174.791,-13.891,171.094,-24.656,5.441,39.590,30.000,24.638,30.000,-4.717,65.00,90.28,1222,1503
69523,0.696655,0.044067,-0.974976,1.199103,4.760742,-5.187988,-0.976562,177.412,-35.520,171.258,-24.545,-4.487,-18.013,30.000,27.886,30.000,-1.664,65.00,93.34,1222,1537
69574,0.335449,0.128662,-0.965698,1.030366,-7.141113,-36.010742,0.488281,172.411,-19.000,171.611,-23.570,0.723,-12.732,30.000,23.229,30.000,-8.473,65.00,86.53,1222,1461
69625,0.236450,0.168213,-0.726929,0.782707,7.263184,-45.532227,-4.028320,166.971,-17.583,172.016,-23.962,6.090,3.034,30.000,26.068,30.000,-3.725,65.00,91.27,1222,1514
69674,0.497925,0.025513,-0.896729,1.026013,5.187988,19.653320,1.098633,178.370,-29.032,172.179,-23.223,-3.942,-13.640,30.000,30.000,30.000,-1.255,65.00,93.75,1222,1542
69723,0.443604,0.085449,-0.977661,1.076990,-10.314941,7.690430,1.525879,175.005,-24.324,172.390,-22.411,-1.507,-6.106,30.000,26.192,30.000,-7.019,65.00,86.99,1222,1467
69773,0.192017,0.151245,-0.724121,0.764262,14.099121,-16.723633,-2.807617,168.202,-14.551,172.632,-23.356,7.066,19.549,30.000,24.410,30.000,-5.509,65.00,89.49,1222,1494
69825,0.379761,0.104004,-0.904053,0.986076,7.568359,21.423340,-2.868652,173.437,-22.651,172.785,-23.032,-2.081,-11.769,30.000,25.575,30.000,-2.879,65.00,92.12,1222,1524
69874,0.525269,0.077759,-1.032593,1.161121,-3.173828,22.460937,0.183105,175.694,-26.897,172.929,-22.438,-2.657,3.659,30.000,27.542,30.000,-3.898,65.00,91.10,1222,1512
69923,0.371338,0.131714,-0.779785,0.873673,-26.123047,-56.213379,-0.427246,170.413,-25.153,173.197,-23.223,-0.704,-11.664,30.000,27.431,30.000,-3.858,65.00,91.14,1222,1513
69974,0.160278,0.175903,-0.897095,0.928122,15.625000,-34.667969,-1.525879,168.906,-9.944,173.317,-22.654,5.986,-6.772,30.000,16.044,30.000,-10.075,65.00,88.91,1222,1488
70023,0.548584,0.073486,-1.001343,1.144129,-14.770508,54.565430,-0.427246,175.803,-28.651,173.405,-22.533,-5.018,10.162,30.000,28.443,30.000,-2.252,65.00,91.33,1222,1515
70074,0.565063,0.076172,-0.944092,1.102909,-17.700195,-92.773437,-1.770020,175.387,-30.820,173.560,-22.511,-6.416,-34.445,30.000,30.000,30.000,-2.125,65.00,92.68,1222,1530
70123,0.133545,0.134033,-0.883789,0.903815,13.610840,-39.428711,0.488281,171.376,-8.497,173.737,-21.540,5.414,-17.938,30.000,15.250,30.000,-11.735,65.00,87.37,1222,1471
70174,0.389771,0.037720,-0.951416,1.028852,12.634277,152.770996,0.976562,177.730,-22.262,173.836,-22.016,0.606,48.492,30.000,21.376,30.000,-7.649,65.00,87.35,1222,1471
70223,0.636597,0.053955,-0.943237,1.139238,-10.253906,-53.527832,-0.366211,176.726,-33.972,173.918,-22.977,-6.837,-15.652,30.000,30.000,30.000,-2.016,65.00,92.92,1222,1532
70264,0.150269,0.160400,-0.827759,0.856442,8.728027,-101.867676,2.136230,169.033,-10.105,173.911,-21.749,4.017,-36.220,30.000,17.578,30.000,-11.615,65.00,86.89,1222,1465
70323,0.032959,0.090576,-0.758057,0.764160,37.414551,42.236328,-1.037598,173.186,-2.472,173.975,-22.342,10.511,47.123,30.000,21.640,30.000,-8.177,65.00,86.82,1222,1465
70374,0.717285,-0.006104,-0.907593,1.156832,9.277344,36.560059,0.427246,-179.615,-38.319,166.731,-22.730,-5.990,-4.281,-30.000,30.000,13.500,14.728,67.40,93.46,1249,1538
70423,0.331787,0.070801,-0.991821,1.048239,-17.639160,-61.523437,0.000000,175.917,-18.453,167.486,-21.394,-2.642,-32.930,30.000,23.212,29.696,-9.845,65.30,86.26,1226,1458
70464,0.327881,0.110718,-0.994873,1.053345,34.606934,108.459473,-5.004883,173.650,-18.136,168.288,-22.048,8.421,41.250,30.000,18.873,29.988,-7.767,65.01,88.94,1222,1488
70523,0.872437,0.064819,-0.985962,1.318130,-10.375977,29.113770,-1.098633,176.239,-41.443,168.672,-22.752,-9.767,-4.321,30.000,25.092,30.000,-3.717,65.00,91.28,1222,1514
70574,0.333130,0.050049,-1.043457,1.096487,-56.945801,-113.586426,4.577637,177.254,-17.687,162.273,-21.718,-14.030,-63.155,30.000,24.603,29.323,-5.314,65.68,90.16,1230,1502
70623,0.319458,0.047119,-1.123535,1.169019,42.846680,118.164062,0.793457,177.599,-15.859,156.365,-21.197,5.003,26.171,30.000,17.822,22.139,0.566,69.86,95.57,1276,1562
70665,0.575073,0.031128,-1.003174,1.156735,-4.821777,5.737305,1.098633,178.223,-29.812,157.542,-22.551,4.432,30.781,30.000,28.043,29.678,-7.910,65.32,87.09,1226,1468
70723,-0.068604,0.231445,-0.689087,0.730147,10.498047,-136.657715,-8.544922,161.434,5.391,159.005,-25.195,11.554,3.213,30.000,27.413,29.997,-3.689,65.00,91.31,1222,1515
70774,0.643677,0.080688,-0.790771,1.022815,-0.244141,17.944336,2.319336,174.174,-39.000,159.955,-23.043,-8.367,-41.465,30.000,30.000,30.000,-0.807,65.00,94.04,1222,1545
70823,0.412964,0.138916,-0.983521,1.075709,-36.315918,-6.286621,5.371094,171.961,-22.575,161.159,-22.753,-1.020,-8.140,30.000,25.195,30.000,-6.170,65.00,88.83,1222,1487
70865,0.127930,0.080688,-0.844971,0.858401,37.597656,47.973633,1.403809,174.545,-8.571,161.752,-23.027,8.868,26.393,30.000,13.302,30.000,-10.230,65.00,89.83,1222,1498
70923,0.534424,0.091553,-0.911499,1.060576,-11.718750,33.020020,-3.112793,174.264,-30.258,163.045,-23.044,-5.186,-8.975,30.000,30.000,30.000,-0.387,65.00,94.61,1222,1551
70973,0.585449,0.033203,-1.145386,1.286764,-29.235840,-9.094238,2.807617,178.340,-27.064,163.692,-21.739,-9.231,-28.493,30.000,25.428,30.000,-4.931,65.00,90.07,1222,1501
71023,0.164917,0.176025,-0.870361,0.903167,1.647949,-8.422852,-1.342773,168.566,-10.521,164.461,-22.188,6.968,23.040,30.000,14.574,30.000,-14.471,65.00,84.83,1222,1443
71075,0.214722,0.032227,-0.866089,0.892891,28.198242,71.411133,2.746582,177.869,-13.915,165.444,-22.804,2.660,15.862,30.000,17.669,30.000,-7.310,65.00,88.59,1222,1484
71123,0.727539,0.035034,-1.027222,1.259256,-7.324219,1.892090,1.464844,178.047,-35.293,165.647,-21.356,-9.028,-39.426,30.000,25.662,30.000,-4.817,65.00,90.18,1222,1502
71173,0.225586,0.145996,-0.897339,0.936707,2.075195,-16.723633,1.281738,170.759,-13.935,166.606,-21.076,5.614,-0.253,30.000,17.927,30.000,-11.896,65.00,86.61,1222,1462
71223,0.357178,0.078979,-0.873657,0.947149,38.330078,89.599609,-1.586914,174.834,-22.155,160.249,-21.760,6.143,39.216,30.000,21.757,21.785,1.707,69.80,93.95,1276,1544
71274,0.526978,0.061279,-0.869385,1.018474,-20.019531,-64.636230,2.441406,175.968,-31.159,161.123,-22.261,-3.983,-31.064,30.000,30.000,29.848,-2.657,65.15,91.49,1224,1517
71314,0.104858,0.180420,-0.909668,0.933297,18.371582,25.634766,-3.356934,168.782,-6.451,155.057,-22.453,10.297,24.279,30.000,11.692,26.653,-10.368,68.35,91.94,1259,1522
71373,0.723511,0.000244,-0.943115,1.188669,11.657715,76.354980,1.953125,179.985,-37.494,156.819,-22.664,-3.706,16.386,30.000,23.839,29.972,-4.472,65.03,90.53,1223,1506
71423,0.331543,0.163818,-0.901001,0.973940,-51.452637,-145.019531,-2.441406,169.695,-19.902,157.632,-23.416,-5.416,-37.186,30.000,25.282,29.999,-4.594,65.00,90.41,1222,1505
71474,0.202637,0.103882,-0.906006,0.934184,20.507812,36.315918,14.099121,173.459,-12.528,158.724,-22.298,2.882,-3.395,30.000,17.551,30.000,-7.341,65.00,91.50,1222,1517
71514,0.664551,0.094727,-1.039063,1.237033,-13.122559,18.981934,-2.929688,174.791,-32.494,159.651,-22.055,-4.806,-4.323,30.000,24.326,30.000,-5.023,65.00,89.98,1222,1500
71568,0.280640,0.142700,-0.871094,0.926243,-33.996582,-34.118652,-1.159668,170.697,-17.637,160.283,-23.145,-1.310,6.504,30.000,21.023,30.000,-7.861,65.00,87.14,1222,1468
71623,0.035889,0.139648,-0.728882,0.743006,38.696289,-44.982910,3.662109,169.154,-2.769,161.815,-23.293,8.848,-3.975,30.000,25.667,30.000,-5.203,65.00,89.80,1222,1498
71674,0.603027,0.021484,-0.960815,1.134579,8.972168,122.558594,3.417969,178.719,-32.107,162.478,-22.414,-2.872,7.730,30.000,30.000,30.000,-1.818,65.00,93.18,1222,1535
71715,0.430664,0.093140,-0.914917,1.015490,-11.962891,-36.193848,1.342773,174.187,-25.093,163.354,-22.709,-2.037,4.997,30.000,26.277,30.000,-7.172,65.00,87.83,1222,1476
71773,0.096436,0.234131,-0.721191,0.764352,-6.896973,-128.356934,-4.577637,162.014,-7.248,164.123,-23.338,5.210,-18.086,30.000,26.562,30.000,-4.497,65.00,90.50,1222,1506
71823,0.398560,0.086304,-0.801025,0.898855,6.408691,45.593262,-0.915527,173.851,-26.322,164.546,-22.212,-1.777,-7.919,30.000,27.652,30.000,-2.036,65.00,92.96,1222,1533
71874,0.526978,0.059814,-1.000488,1.132369,-10.437012,-2.563477,0.000000,176.579,-27.735,165.551,-22.121,-0.896,2.066,30.000,28.115,30.000,-4.341,65.00,90.06,1222,1501
71915,0.265503,0.171387,-0.823364,0.881926,-15.869141,-37.109375,-3.540039,168.242,-17.521,165.830,-22.586,-0.508,1.038,30.000,21.052,30.000,-7.147,65.00,87.85,1222,1476
71974,0.189209,0.064819,-0.842529,0.865943,21.606445,24.658203,1.770020,175.601,-12.621,166.790,-22.152,1.062,-0.443,30.000,17.401,30.000,-8.288,65.00,89.58,1222,1495
72023,0.575806,0.098145,-0.952148,1.117037,9.094238,38.269043,-1.525879,174.115,-31.029,167.292,-21.901,-0.603,2.643,30.000,30.000,30.000,-1.626,65.00,93.37,1222,1537
72074,0.445923,0.109497,-0.897827,1.008430,-32.897949,-68.847656,0.061035,173.047,-26.244,167.933,-22.119,-2.669,-12.126,30.000,27.814,30.000,-5.953,65.00,87.01,1222,1467
72115,0.043579,0.060547,-0.822388,0.825764,24.414062,47.241211,0.915527,175.789,-3.025,168.413,-22.236,4.627,17.522,30.000,9.564,30.000,-12.161,65.00,90.55,1222,1506
72174,0.534912,0.018188,-0.818970,0.978352,13.366699,105.346680,2.868652,178.728,-33.144,168.692,-21.006,-3.387,1.417,30.000,30.000,30.000,-2.252,65.00,92.39,1222,1527
72223,0.516724,0.055786,-0.995483,1.122988,-4.455566,-16.174316,0.854492,176.793,-27.396,169.175,-20.844,-1.843,-3.278,30.000,27.615,30.000,-6.203,65.00,86.53,1222,1461
72273,0.109619,0.171143,-0.660645,0.691200,15.563965,-53.588867,-4.455566,165.477,-9.125,169.665,-22.414,9.926,18.483,30.000,23.438,30.000,-6.516,65.00,88.48,1222,1483
72325,0.395752,0.107056,-0.897583,0.986781,9.643555,46.875000,-3.723145,173.198,-23.644,169.705,-21.288,-3.712,-13.454,30.000,25.714,30.000,-4.497,65.00,90.50,1222,1506
72374,0.570190,0.074585,-1.011841,1.163831,-8.666992,7.690430,-0.122070,175.784,-29.336,170.088,-20.875,-3.883,0.806,30.000,28.855,30.000,-4.285,65.00,88.10,1222,1479
72423,0.203979,0.183838,-0.717651,0.768393,-15.502930,-74.401855,-2.563477,165.632,-15.394,170.375,-22.192,4.037,0.543,30.000,24.260,30.000,-6.424,65.00,88.58,1222,1484
72473,0.352051,0.087158,-0.932617,1.000655,10.498047,37.170410,-2.502441,174.661,-20.599,170.645,-21.640,-0.425,-7.861,30.000,23.337,30.000,-4.083,65.00,91.67,1222,1519
72525,0.680786,-0.008667,-1.081543,1.277998,2.746582,133.544922,3.417969,-179.541,-32.188,170.951,-20.514,0.451,7.164,30.000,22.027,30.000,-7.563,65.00,87.44,1222,1472
72574,0.293335,0.193481,-0.852051,0.921668,-25.939941,-78.552246,-2.624512,167.206,-18.558,171.332,-22.313,2.697,10.423,30.000,21.126,30.000,-8.589,65.00,86.41,1222,1460
72623,0.276367,0.108765,-0.780396,0.835000,12.451172,-38.146973,-2.075195,172.066,-19.328,171.593,-21.969,0.360,-28.715,30.000,23.806,30.000,-3.566,65.00,92.24,1222,1525
72673,0.552246,0.039673,-1.130127,1.258466,4.455566,91.918945,4.638672,177.989,-26.029,171.724,-20.406,-2.862,-0.805,30.000,22.301,30.000,-6.972,65.00,88.03,1222,1478
72723,0.361450,0.144897,-0.825195,0.912463,-13.366699,-17.395020,-1.098633,170.041,-23.336,172.072,-22.099,4.719,24.262,30.000,23.629,30.000,-8.809,65.00,85.98,1222,1455
72764,0.229736,0.076172,-0.842896,0.876957,21.362305,8.422852,-2.197266,174.836,-15.187,172.348,-22.859,3.183,11.120,30.000,18.884,30.000,-6.991,65.00,90.65,1222,1507
72823,0.580566,0.095337,-0.917480,1.089916,4.577637,68.603516,-0.610352,174.068,-32.186,172.355,-21.617,-2.892,-6.752,30.000,30.000,30.000,-1.132,65.00,93.87,1222,1543
72874,0.506226,0.131592,-0.935059,1.071408,-18.981934,-85.693359,-0.122070,171.989,-28.196,172.666,-21.600,1.636,-17.845,30.000,29.352,30.000,-4.209,65.00,88.84,1222,1487
72923,-0.003540,0.164185,-0.736938,0.755015,10.925293,8.239746,-2.868652,167.440,0.269,172.885,-22.578,11.329,30.702,30.000,22.885,30.000,-8.672,65.00,86.33,1222,1459
72964,0.703857,0.070190,-0.964355,1.195961,-3.112793,42.175293,-3.540039,175.837,-36.053,173.039,-22.746,-2.353,4.645,30.000,24.634,30.000,-4.284,65.00,90.72,1222,1508
73023,0.718018,0.012085,-1.130859,1.339604,-22.460937,12.145996,2.563477,179.388,-32.411,173.223,-22.491,-11.223,-20.373,30.000,25.768,30.000,-3.957,65.00,91.04,1222,1512
73074,0.271362,0.118896,-0.943726,0.989137,-4.760742,-44.372559,0.671387,172.819,-15.923,166.904,-22.264,4.817,-8.916,30.000,20.297,29.323,-9.581,65.68,88.65,1230,1485
73123,0.391968,0.068970,-0.960327,1.039531,26.855469,87.829590,-2.014160,175.892,-22.152,167.752,-22.946,4.941,33.836,30.000,22.534,29.988,-5.257,65.01,90.04,1222,1500
73165,0.480835,0.028320,-0.910156,1.029752,-12.817383,-51.086426,-0.366211,178.218,-27.836,168.326,-23.464,-1.953,6.062,30.000,28.464,29.999,-5.915,65.00,86.13,1222,1457
73223,0.161865,0.204590,-0.723511,0.769107,-35.339355,-135.864258,-2.807617,164.210,-12.149,161.563,-23.875,-0.946,-35.158,30.000,28.178,28.216,-0.945,66.78,94.05,1242,1545
73274,0.541138,-0.049561,-0.966187,1.108514,4.333496,105.346680,5.615234,-177.064,-29.220,149.206,-22.817,-2.894,-5.473,-30.000,29.811,11.860,17.920,70.81,100.56,1287,1617
73323,0.653198,0.077026,-1.225342,1.390706,-22.888184,20.446777,-2.746582,176.403,-28.014,150.949,-23.579,2.863,24.678,30.000,24.348,29.665,-7.663,65.33,88.56,1226,1484
73365,0.344727,0.037720,-1.127563,1.179686,-18.554687,88.806152,-6.164551,178.084,-16.991,152.155,-26.077,2.196,66.546,30.000,18.087,29.986,-7.191,65.01,90.39,1222,1504
73423,0.795288,0.049072,-0.907715,1.207824,-8.300781,-89.172363,-0.061035,176.906,-41.182,152.972,-24.490,-18.585,-73.940,30.000,30.000,30.000,-0.803,65.00,94.20,1222,1547
73473,0.393555,0.133667,-1.017212,1.098850,-31.616211,-39.245605,10.742188,172.514,-20.987,154.482,-21.966,-7.365,-65.120,30.000,27.175,30.000,-2.497,65.00,92.50,1222,1528
73523,0.163696,0.124390,-0.991089,1.012189,28.320312,104.248047,4.577637,172.846,-9.307,156.307,-22.228,13.558,51.450,30.000,12.017,30.000,-13.354,65.00,87.25,1222,1469
73575,0.521240,0.031982,-0.805908,0.960314,8.666992,41.564941,-2.990723,177.727,-32.873,158.216,-24.280,4.409,28.109,30.000,30.000,30.000,-1.526,65.00,89.76,1222,1497
73623,0.388062,0.119263,-0.975220,1.056347,-25.512695,-160.034180,-1.281738,173.028,-21.553,159.249,-22.937,-7.017,-78.025,30.000,28.728,30.000,-3.761,65.00,91.24,1222,1514
73674,0.192993,0.082397,-0.890015,0.914419,22.644043,112.976074,3.906250,174.711,-12.184,160.255,-20.851,2.915,7.785,30.000,16.164,30.000,-8.629,65.00,90.33,1222,1504
73723,0.631714,0.111206,-1.060669,1.239535,-5.676270,46.447754,-1.098633,174.015,-30.640,161.383,-22.156,2.629,41.364,30.000,21.781,30.000,-9.177,65.00,85.82,1222,1454
73773,0.086060,0.129517,-0.729736,0.746121,-21.972656,-158.813477,-2.990723,169.936,-6.623,161.973,-24.262,-1.483,-6.964,30.000,26.912,30.000,-4.257,65.00,90.74,1222,1508
73814,0.485229,0.011841,-0.948364,1.065356,21.179199,17.517090,4.821777,179.285,-27.095,162.416,-22.529,-6.599,-36.963,30.000,30.000,30.000,-0.849,65.00,94.15,1222,1546
73874,0.494507,0.094482,-0.944336,1.070156,-3.356934,64.392090,0.610352,174.286,-27.522,163.793,-22.503,1.722,31.366,30.000,26.352,30.000,-5.324,65.00,89.68,1222,1496
73923,0.342407,0.152588,-0.767456,0.854116,-29.846191,-50.842285,-3.479004,168.755,-23.634,164.310,-24.553,2.103,14.694,30.000,25.361,30.000,-5.247,65.00,89.75,1222,1497
73974,0.313965,0.089111,-0.979370,1.032318,0.732422,-16.784668,-1.342773,174.801,-17.706,165.349,-23.828,-2.811,-25.084,30.000,23.145,30.000,-4.047,65.00,91.99,1222,1522
74014,0.574951,0.048950,-1.086548,1.230265,2.685547,45.715332,2.624512,177.421,-27.862,165.554,-22.540,-4.790,-8.017,30.000,25.081,30.000,-4.745,65.00,90.26,1222,1503
74074,0.419556,0.076538,-0.861938,0.961677,-25.695801,-57.434082,0.427246,174.926,-25.866,166.103,-24.077,-2.724,7.509,30.000,27.205,30.000,-5.904,65.00,87.70,1222,1474
74123,-0.031128,0.084229,-0.749512,0.754872,46.997070,-40.588379,2.502441,173.588,2.363,166.867,-24.469,7.923,-2.046,30.000,26.844,30.000,-3.856,65.00,91.14,1222,1513
74173,0.714722,0.036011,-0.971069,1.206275,7.995605,93.688965,5.249023,177.876,-36.335,167.199,-22.384,-5.540,-18.292,30.000,25.525,30.000,-3.595,65.00,91.41,1222,1516
74215,0.381958,0.155151,-0.965332,1.049681,-21.789551,-1.586914,3.051758,170.869,-21.339,167.745,-22.645,-0.212,10.022,30.000,23.266,30.000,-8.749,65.00,86.25,1222,1458
74273,0.123535,0.218628,-0.717529,0.760202,-4.028320,-70.617676,-7.263184,163.054,-9.352,168.266,-23.881,5.569,4.013,30.000,25.920,30.000,-4.711,65.00,90.29,1222,1503
74323,0.469727,0.073364,-0.812500,0.941372,14.343262,-4.516602,-3.234863,174.840,-29.933,168.551,-22.501,-3.344,-29.978,30.000,30.000,30.000,-0.595,65.00,94.40,1222,1549
74374,0.433716,0.100464,-0.955933,1.054519,-2.563477,-13.732910,0.610352,174.001,-24.286,169.181,-21.786,2.558,-4.114,30.000,25.805,30.000,-6.433,65.00,88.23,1222,1480
74415,0.118774,0.154541,-0.683716,0.710955,11.657715,-2.807617,-2.136230,167.263,-9.617,169.260,-22.760,7.237,27.551,30.000,23.275,30.000,-6.978,65.00,88.02,1222,1478
74473,0.297852,0.020142,-0.837646,0.889254,5.310059,48.706055,-1.708984,178.623,-19.569,169.665,-22.521,-4.321,-3.005,30.000,22.649,30.000,-4.304,65.00,92.02,1222,1522
74523,0.802734,0.036499,-1.230469,1.469615,-7.141113,27.526855,-0.732422,178.301,-33.108,169.851,-20.468,-8.172,-34.654,30.000,24.400,30.000,-4.736,65.00,90.26,1222,1503
74574,0.208740,0.244385,-0.886719,0.943168,-11.657715,-41.320801,-5.371094,164.591,-12.786,170.275,-21.782,9.766,26.313,30.000,15.841,30.000,-12.579,65.00,82.42,1222,1416
74615,0.338867,0.004395,-0.865356,0.929350,13.122559,74.951172,-0.305176,179.709,-21.385,163.792,-22.871,0.025,19.258,30.000,22.832,26.619,-1.362,68.38,92.02,1260,1522
74673,0.755371,0.056274,-0.968994,1.229920,-4.882812,-12.023926,0.854492,176.676,-37.891,164.566,-21.168,-7.407,-47.981,30.000,25.970,29.972,-3.376,65.03,91.62,1223,1518
74723,0.318359,0.156372,-0.997559,1.058739,-12.451172,6.713867,2.685547,171.091,-17.499,165.670,-20.716,5.705,5.739,30.000,20.035,29.999,-12.125,65.00,83.88,1222,1432
74774,0.285034,0.107788,-0.842896,0.896290,21.606445,79.223633,-1.037598,172.713,-18.543,166.223,-22.702,6.721,58.838,30.000,18.360,30.000,-8.547,65.00,87.83,1222,1476
74825,0.747070,0.001709,-0.989624,1.239949,5.065918,-7.263184,-0.488281,179.901,-37.049,166.399,-22.442,-7.844,-35.825,30.000,26.642,30.000,-2.797,65.00,92.20,1222,1524
74873,0.324219,0.146362,-1.031006,1.090648,-3.723145,20.812988,3.173828,171.920,-17.294,167.238,-21.561,3.185,2.973,30.000,20.379,30.000,-11.082,65.00,84.24,1222,1436
74923,0.280884,0.091431,-0.709106,0.768171,15.930176,58.349609,0.000000,172.653,-21.448,167.959,-23.476,8.065,49.926,30.000,22.720,30.000,-6.518,65.00,88.48,1222,1483
74974,0.567871,0.024902,-0.950439,1.107444,1.708984,-27.893066,1.525879,178.499,-30.849,168.494,-23.882,-4.351,-21.689,30.000,30.000,30.000,-0.484,65.00,94.52,1222,1550
75025,0.453979,0.054810,-0.982666,1.083851,-1.159668,12.390137,3.417969,176.808,-24.762,169.219,-22.159,2.180,-22.984,30.000,27.421,30.000,-6.210,65.00,88.79,1222,1487
75073,0.247559,0.197510,-0.752197,0.816147,5.310059,1.831055,-2.685547,165.288,-17.657,169.616,-23.361,10.361,37.134,30.000,23.361,30.000,-7.187,65.00,87.81,1222,1476
75123,0.442871,0.075073,-0.855713,0.966445,-8.117676,-34.179687,-2.197266,174.986,-27.274,169.975,-24.003,-4.274,-11.543,30.000,29.240,30.000,-0.979,65.00,94.02,1222,1545
75173,0.535278,0.079956,-1.101440,1.227227,-11.596680,-32.287598,3.112793,175.848,-25.860,170.286,-21.938,-5.423,-41.837,30.000,26.448,30.000,-4.029,65.00,90.97,1222,1511
75223,0.247314,0.161255,-0.871460,0.920114,-7.568359,28.137207,-0.549316,169.517,-15.592,170.650,-22.227,6.149,25.994,30.000,18.038,30.000,-12.045,65.00,83.50,1222,1428
75264,0.592285,0.081177,-1.061890,1.218606,-14.282227,78.002930,-2.441406,175.628,-29.080,170.862,-23.373,-4.642,27.079,30.000,23.977,30.000,-4.213,65.00,90.79,1222,1509
75323,0.724609,0.006958,-1.087402,1.306733,-9.033203,-40.405273,3.051758,179.633,-33.678,170.935,-22.075,-12.838,-55.036,30.000,27.391,30.000,-3.354,65.00,91.65,1222,1518
75374,0.132202,0.182251,-0.854004,0.883185,17.272949,-23.742676,2.929688,167.953,-8.609,171.384,-21.405,10.702,-0.041,30.000,14.245,30.000,-14.478,65.00,87.12,1222,1468
75423,0.389893,0.069702,-0.863892,0.950360,32.165527,125.488281,-0.488281,175.387,-24.221,171.557,-22.172,6.340,51.554,30.000,22.653,30.000,-7.605,65.00,87.39,1222,1471
75464,0.544922,0.079102,-0.908447,1.062296,-37.902832,-96.984863,-1.342773,175.024,-30.862,171.582,-22.164,-9.286,-26.682,30.000,30.000,30.000,-4.872,65.00,86.57,1222,1462
75523,0.177368,0.231323,-0.868652,0.916257,-49.377441,-69.824219,-2.624512,165.088,-11.162,164.553,-21.168,-2.607,-32.603,30.000,17.892,28.393,-7.302,66.61,91.17,1240,1513
75574,0.597412,-0.030762,-1.028320,1.189660,-1.831055,132.934570,5.065918,-178.287,-30.144,158.573,-20.779,-2.951,15.368,30.000,21.826,28.459,-3.324,66.54,93.57,1239,1540
75623,0.552368,0.085083,-1.098633,1.232617,-40.405273,-20.202637,-2.624512,175.572,-26.624,159.748,-22.289,-1.164,19.083,30.000,23.264,29.972,-9.531,65.03,85.47,1223,1450
75665,0.044678,0.187256,-0.743774,0.768285,14.221191,-65.734863,-8.300781,165.869,-3.334,159.653,-23.139,5.408,11.105,30.000,24.679,29.999,-6.049,65.00,88.95,1222,1488
75723,0.618164,0.045288,-0.902100,1.094514,-3.845215,38.208008,-0.244141,177.126,-34.387,160.899,-20.837,-13.696,-42.365,30.000,30.000,30.000,-0.416,65.00,94.46,1222,1550
75774,0.446899,0.083374,-1.047974,1.142331,-15.502930,-71.716309,5.310059,175.451,-23.030,162.110,-19.468,-2.010,-33.399,30.000,25.772,30.000,-7.271,65.00,87.26,1222,1470
75823,0.026855,0.181152,-0.682861,0.706991,39.123535,55.236816,-0.854492,165.143,-2.177,155.787,-21.714,21.949,76.589,30.000,19.182,25.942,-7.359,69.06,88.48,1267,1483
75865,0.768066,0.028931,-0.755371,1.077659,-6.469727,-46.325684,-2.502441,177.807,-45.456,157.026,-22.788,-1.109,-9.381,30.000,30.000,29.834,-2.180,65.17,89.62,1224,1496
75923,0.217285,0.137329,-1.020142,1.052027,-23.071289,-80.200195,3.479004,172.333,-11.920,159.041,-21.354,-2.627,-36.645,30.000,18.748,29.999,-13.581,65.00,84.08,1222,1434
75974,0.378906,0.035767,-0.929565,1.004461,30.456543,190.917969,3.845215,177.797,-22.162,159.601,-21.675,2.959,58.073,30.000,20.598,30.000,-7.817,65.00,87.18,1222,1469
76023,0.690186,-0.040771,-1.057007,1.263045,-5.371094,-58.776855,0.244141,-177.791,-33.124,160.181,-22.076,-11.204,-26.740,30.000,25.694,30.000,-4.278,65.00,90.72,1222,1508
76065,0.142578,0.183105,-0.880737,0.910799,5.371094,-67.382812,-0.061035,168.255,-9.006,161.287,-21.868,2.033,-16.032,30.000,15.626,30.000,-10.928,65.00,89.33,1222,1493
76123,0.155396,0.145508,-0.730469,0.760858,55.358887,55.236816,-0.671387,168.734,-11.785,154.905,-21.816,12.775,39.446,30.000,21.523,20.458,1.472,69.80,93.43,1276,1538
76174,0.582153,0.154419,-0.760986,0.970488,-2.441406,-54.626465,1.892090,168.529,-36.860,156.421,-22.728,1.783,-10.591,30.000,30.000,29.824,-1.684,65.18,91.48,1224,1516
76223,0.102051,0.163208,-0.859619,0.880907,-10.864258,12.329102,0.488281,169.250,-6.653,150.960,-22.605,3.884,11.175,30.000,12.681,28.415,-12.414,66.58,90.39,1240,1504
76273,0.688232,-0.000366,-0.959717,1.180983,25.695801,89.050293,0.549316,-179.978,-35.645,152.861,-22.379,1.558,9.451,30.000,23.941,29.971,-4.163,65.03,90.84,1223,1509
76314,0.333130,0.205322,-0.910645,0.991164,-41.992187,-110.534668,-3.234863,167.294,-19.639,153.764,-22.550,-1.999,-20.151,30.000,23.739,29.999,-6.093,65.00,88.91,1222,1488
76374,0.185425,0.151001,-0.870728,0.902967,0.122070,-98.754883,-5.187988,170.162,-11.850,148.776,-22.109,3.567,-29.184,30.000,18.541,29.323,-7.013,65.68,92.28,1230,1525
76423,0.594849,0.109375,-1.092041,1.248343,-4.089355,70.312500,-6.958008,174.281,-28.458,151.063,-21.905,-1.727,2.148,30.000,23.859,29.988,-3.587,65.01,92.13,1222,1524
76474,0.468384,0.031738,-1.014404,1.117769,-38.269043,-46.813965,0.244141,178.208,-24.774,152.461,-22.951,-6.625,-1.877,30.000,26.468,30.000,-4.992,65.00,90.01,1222,1500
76514,0.212402,0.211914,-0.849243,0.900687,0.244141,-57.922363,-3.967285,165.989,-13.640,152.657,-23.213,3.010,-3.582,30.000,18.710,30.000,-8.612,65.00,87.26,1222,1470
76574,0.288330,0.020508,-0.896240,0.941701,24.108887,97.351074,2.929688,178.689,-17.829,155.131,-22.469,-0.968,12.051,30.000,20.567,30.000,-5.481,65.00,91.95,1222,1522
76623,0.855103,0.059692,-1.136353,1.423398,-14.953613,20.507812,-2.441406,176.993,-36.923,155.772,-21.786,-6.031,-21.167,30.000,25.040,30.000,-4.908,65.00,90.09,1222,1501
76673,0.128174,0.168091,-0.921631,0.945561,-12.878418,-46.752930,-3.051758,169.664,-7.791,157.148,-22.233,6.083,14.928,30.000,13.126,30.000,-16.336,65.00,81.84,1222,1409
76715,0.406128,0.023804,-0.968384,1.050368,17.089844,127.014160,0.549316,178.592,-22.746,157.679,-22.580,-2.195,35.867,30.000,22.697,30.000,-7.142,65.00,87.86,1222,1476
76774,0.723022,0.065918,-0.926270,1.176895,8.911133,-44.006348,-0.122070,175.929,-37.905,151.942,-22.048,-6.515,-44.462,30.000,30.000,22.575,6.017,69.80,92.85,1276,1532
76823,0.188110,0.152710,-0.821655,0.856635,-0.488281,-15.441895,4.394531,169.471,-12.685,154.261,-21.543,9.462,-3.349,30.000,17.371,29.863,-12.635,65.14,86.63,1224,1463
76874,0.444458,0.090820,-0.996948,1.095307,11.901855,182.189941,-0.366211,174.795,-23.940,155.411,-22.601,3.849,64.051,30.000,21.867,29.997,-6.578,65.00,88.42,1222,1482
76915,0.671631,0.009888,-0.997437,1.202525,-35.705566,-111.022949,-4.943848,179.432,-33.953,155.604,-23.513,-14.542,-21.193,30.000,26.942,30.000,-4.195,65.00,90.80,1222,1509
76974,0.239624,0.153809,-0.955444,0.996971,-19.165039,-37.719727,1.525879,170.855,-13.907,157.242,-22.225,-1.784,-22.752,30.000,19.671,30.000,-11.787,65.00,85.29,1222,1448
77023,0.203735,0.071045,-0.789307,0.818267,52.917480,90.698242,1.892090,174.857,-14.417,150.785,-22.490,9.378,45.511,30.000,21.900,21.143,1.674,69.80,93.40,1276,1538
77074,0.585693,0.093872,-0.751831,0.957653,13.854980,-65.612793,1.525879,172.883,-37.705,152.370,-23.580,4.024,-15.205,30.000,30.000,29.837,-1.298,65.16,93.39,1224,1538
77115,0.135620,0.171997,-0.914062,0.939939,4.760742,28.442383,-2.319336,169.343,-8.296,153.518,-23.057,1.457,-3.065,30.000,14.798,29.993,-11.513,65.01,88.02,1222,1478
77173,0.242676,0.070557,-0.713745,0.757167,39.428711,82.031250,0.854492,174.354,-18.693,154.133,-23.243,5.746,44.035,30.000,22.817,30.000,-6.090,65.00,88.91,1222,1488
77223,0.734863,0.036377,-0.888916,1.153915,-7.202148,-52.185059,0.976562,177.657,-39.557,155.465,-22.938,-10.379,-45.005,30.000,30.000,30.000,-0.620,65.00,94.38,1222,1549
77274,0.268188,0.128906,-1.087769,1.127733,-8.850098,0.732422,3.906250,173.242,-13.757,157.501,-21.616,1.318,-14.022,30.000,18.806,30.000,-10.976,65.00,85.12,1222,1446
77325,0.162476,0.160645,-0.637573,0.677277,30.273437,-26.245117,-2.990723,165.858,-13.880,159.015,-22.695,11.765,24.054,30.000,23.413,30.000,-5.958,65.00,89.04,1222,1489
77374,0.510986,0.025513,-0.863770,1.003920,3.295898,7.995605,0.976562,178.308,-30.597,159.954,-22.507,-5.663,-16.441,30.000,30.000,30.000,-1.385,65.00,93.61,1222,1540
77423,0.480591,0.070923,-1.048950,1.155982,-7.202148,6.347656,2.441406,176.132,-24.566,161.362,-20.917,-3.933,-21.090,30.000,26.689,30.000,-6.538,65.00,86.92,1222,1466
77473,0.185425,0.182251,-0.689209,0.736619,17.333984,-21.118164,-2.319336,165.188,-14.580,162.027,-22.187,11.080,28.377,30.000,22.595,30.000,-7.457,65.00,87.54,1222,1473
77525,0.357666,0.100586,-0.923950,0.995855,9.277344,19.226074,-4.028320,173.787,-21.048,163.068,-22.491,-1.126,-6.830,30.000,23.924,30.000,-3.819,65.00,91.54,1222,1517
77574,0.534668,0.033447,-1.031250,1.162095,7.934570,16.784668,1.892090,178.142,-27.393,163.921,-21.271,-3.496,-9.199,30.000,28.133,30.000,-4.253,65.00,90.23,1222,1503
77623,0.341797,0.229492,-0.771851,0.874783,-30.334473,-60.302734,-2.258301,163.441,-22.999,164.284,-22.336,2.758,-1.420,30.000,24.935,30.000,-5.915,65.00,89.09,1222,1490
77674,0.253784,0.095947,-0.916382,0.955703,1.953125,7.751465,-2.807617,174.023,-15.399,158.562,-22.543,0.275,-3.187,30.000,19.686,28.496,-4.286,66.50,95.68,1239,1563
77723,0.689453,0.024292,-1.092285,1.291907,-3.112793,22.338867,0.854492,178.726,-32.254,159.631,-20.862,-3.098,-21.469,30.000,24.043,29.972,-6.095,65.03,88.91,1223,1488
77764,-0.012085,0.179932,-0.757568,0.778737,36.193848,-1.464844,-0.732422,166.639,0.889,160.331,-22.375,15.164,54.453,30.000,21.238,29.999,-12.179,65.00,82.82,1222,1420
77823,0.134766,0.140991,-0.514893,0.550595,6.774902,-91.796875,-2.929688,164.686,-14.168,154.117,-23.324,1.412,-21.035,30.000,26.725,28.471,-1.627,66.53,93.37,1239,1537
77873,0.726196,0.074463,-0.970459,1.214371,-16.479492,-15.747070,1.403809,175.612,-36.727,155.853,-20.372,-8.238,-63.658,30.000,26.034,29.972,-2.564,65.03,92.44,1223,1527
77923,0.355225,0.202026,-1.097168,1.170802,-27.709961,77.880859,-3.479004,169.567,-17.662,157.439,-20.432,8.456,41.126,30.000,17.919,29.999,-14.890,65.00,80.88,1222,1399
77964,0.416016,0.032349,-0.835205,0.933640,8.483887,61.645508,-5.920410,177.782,-26.461,158.486,-23.034,4.275,57.926,30.000,24.204,30.000,-4.275,65.00,90.27,1222,1503
78023,0.765259,0.017944,-1.070190,1.315770,4.760742,-68.664551,-0.061035,179.039,-35.564,158.880,-20.208,-16.045,-100.041,30.000,28.037,30.000,-1.769,65.00,93.23,1222,1536
78074,0.265747,0.137695,-1.077759,1.118546,2.136230,98.754883,7.324219,172.719,-13.744,160.513,-18.494,4.210,7.741,30.000,16.374,30.000,-12.657,65.00,85.50,1222,1450
78123,0.346680,0.041016,-0.841187,0.910749,42.236328,130.249023,5.371094,177.209,-22.374,161.474,-21.455,12.412,91.179,30.000,18.679,30.000,-11.494,65.00,83.51,1222,1428
78164,0.500854,0.125977,-0.802124,0.954006,-24.658203,-125.854492,-2.014160,171.074,-31.668,162.044,-22.783,-2.291,-21.235,30.000,30.000,30.000,-3.537,65.00,89.54,1222,1495
78223,0.201050,0.106934,-0.926880,0.954443,10.925293,-52.124023,4.516602,173.419,-12.160,163.609,-19.918,0.362,-54.165,30.000,19.419,30.000,-8.613,65.00,87.14,1222,1468
78273,0.373779,0.092529,-0.891357,0.970974,29.724121,191.650391,4.699707,174.074,-22.641,164.570,-20.916,9.929,76.102,30.000,19.567,30.000,-8.449,65.00,86.57,1222,1462
78323,0.712280,0.068848,-0.897095,1.147546,-26.855469,-55.725098,-1.708984,175.611,-38.367,165.203,-23.499,-5.479,2.776,30.000,30.000,30.000,-1.737,65.00,91.35,1222,1515
78365,0.121948,0.204712,-0.927124,0.957255,-34.790039,-172.302246,-3.051758,167.549,-7.319,165.736,-22.906,-6.445,-56.292,30.000,17.235,30.000,-7.816,65.00,90.83,1222,1509
78423,0.077515,0.100220,-0.798462,0.808452,59.875488,63.537598,0.366211,172.846,-5.502,158.896,-21.098,11.449,29.264,30.000,21.344,19.947,1.634,69.80,94.71,1276,1552
78474,0.635010,0.123901,-0.799438,1.028441,5.432129,10.498047,1.953125,171.190,-38.130,160.338,-22.553,5.580,18.133,30.000,30.000,29.814,-2.225,65.19,92.31,1224,1526
78523,0.091431,0.162109,-0.875000,0.894575,-1.159668,-30.456543,-1.892090,169.504,-5.866,161.578,-23.516,5.972,5.414,30.000,12.815,29.997,-11.830,65.00,87.32,1222,1470
78565,0.605591,0.081543,-0.986816,1.160688,-5.493164,85.571289,-3.784180,175.276,-31.450,162.212,-22.685,-7.299,-3.408,30.000,30.000,30.000,-2.331,65.00,92.12,1222,1524
78623,0.726074,0.031982,-1.016724,1.249773,-4.394531,23.742676,2.197266,178.198,-35.518,162.963,-22.434,-8.142,-15.227,30.000,25.397,30.000,-3.684,65.00,91.32,1222,1515
78673,0.359131,0.140503,-0.978027,1.051310,-16.723633,-45.959473,1.342773,171.825,-19.975,164.127,-22.104,0.908,-13.143,30.000,23.386,30.000,-8.874,65.00,86.13,1222,1457
78723,0.148315,0.084717,-0.806641,0.824526,34.301758,51.452637,0.671387,174.005,-10.363,165.256,-22.664,7.000,29.341,30.000,14.266,30.000,-10.387,65.00,88.75,1222,1486
78774,0.796387,0.009766,-1.095215,1.354187,23.315430,74.584961,0.915527,179.489,-36.022,165.539,-22.017,-1.628,-12.425,30.000,24.770,30.000,-4.694,65.00,90.31,1222,1503
78823,0.544189,0.049561,-1.015625,1.153296,-24.169922,29.235840,1.953125,177.206,-28.155,166.156,-21.622,-6.564,-2.900,30.000,28.435,30.000,-5.138,65.00,87.89,1222,1477
78873,0.124023,0.250610,-0.682129,0.737216,-0.976562,-119.018555,-2.746582,159.827,-9.685,166.968,-22.554,9.210,-12.207,30.000,25.348,30.000,-5.147,65.00,89.85,1222,1498
78923,0.399902,0.045166,-0.806519,0.901351,25.390625,84.716797,0.183105,176.795,-26.338,167.300,-21.402,1.058,1.767,30.000,26.857,30.000,-3.695,65.00,91.31,1222,1515
78974,0.533203,0.054932,-0.939941,1.082041,-5.676270,25.817871,-3.540039,176.655,-29.523,168.034,-21.197,-1.381,8.838,30.000,28.631,30.000,-5.567,65.00,86.70,1222,1463
79014,0.159058,0.171631,-0.657715,0.698101,1.281738,-24.902344,-3.356934,165.375,-13.170,168.501,-22.686,7.098,24.593,30.000,23.371,30.000,-6.890,65.00,88.11,1222,1479
79074,0.267822,0.079834,-0.874023,0.917616,1.098633,14.648438,-1.708984,174.781,-16.970,169.061,-22.149,-1.791,-15.435,30.000,21.392,30.000,-4.876,65.00,92.28,1222,1525
79123,0.607544,0.046875,-1.102539,1.259722,10.253906,66.711426,-0.061035,177.566,-28.835,169.386,-21.021,-0.541,5.366,30.000,22.693,30.000,-6.699,65.00,88.30,1222,1481
79174,0.394409,0.106812,-0.852905,0.945735,-23.864746,-4.211426,0.061035,172.862,-24.648,169.837,-22.769,0.057,22.484,30.000,24.932,30.000,-7.116,65.00,87.78,1222,1475
79214,0.122192,0.044922,-0.803833,0.814307,30.334473,-5.432129,1.525879,176.801,-8.630,170.053,-23.357,1.136,4.964,30.000,25.287,30.000,-3.867,65.00,91.13,1222,1513
79274,0.487061,0.091797,-0.857178,0.990156,-0.305176,61.828613,1.892090,173.887,-29.466,170.289,-21.876,-2.496,-10.191,30.000,29.908,30.000,-0.795,65.00,94.21,1222,1547
79323,0.503906,0.071655,-1.013916,1.134496,-10.559082,29.235840,0.793457,175.958,-26.370,170.781,-22.360,0.710,18.220,30.000,26.262,30.000,-5.795,65.00,89.09,1222,1490
79373,0.086060,0.155762,-0.667603,0.690913,25.634766,-84.594727,-4.394531,166.867,-7.155,171.135,-23.795,9.220,7.201,30.000,25.634,30.000,-4.579,65.00,90.42,1222,1505
79415,0.447510,0.050903,-0.823120,0.938287,14.892578,26.611328,-0.732422,176.461,-28.486,171.331,-23.157,1.080,-9.419,30.000,29.654,30.000,-1.734,65.00,93.27,1222,1536
79474,0.530640,0.078125,-0.979370,1.116623,-7.995605,25.939941,0.671387,175.439,-28.374,171.686,-23.292,-0.978,16.643,30.000,28.148,30.000,-3.912,65.00,89.79,1222,1498
79523,0.250000,0.150269,-0.720215,0.777039,-12.573242,-99.548340,-0.366211,168.215,-18.768,172.099,-24.342,3.699,-13.516,30.000,27.393,30.000,-3.397,65.00,91.60,1222,1518
79574,0.265259,0.125244,-0.921021,0.966606,9.643555,28.076172,-2.563477,172.256,-15.928,172.343,-23.288,2.623,-7.810,30.000,20.629,30.000,-5.635,65.00,91.53,1222,1517
79615,0.628296,0.102051,-1.026733,1.208036,-14.221191,25.573730,-3.051758,174.324,-31.339,172.507,-22.660,-2.090,0.331,30.000,24.775,30.000,-5.946,65.00,89.05,1222,1489
79674,0.377441,0.080200,-0.925293,1.002527,-22.399902,-50.903320,1.098633,175.046,-22.116,172.722,-23.982,-4.471,-0.599,30.000,24.895,30.000,-6.164,65.00,88.84,1222,1487
79723,0.167603,0.116577,-0.812500,0.837757,23.559570,-30.944824,1.708984,171.835,-11.541,172.881,-23.186,3.094,-18.152,30.000,18.073,30.000,-8.332,65.00,89.64,1222,1496
79774,0.460815,0.020752,-0.937500,1.044839,12.817383,118.103027,3.540039,178.732,-26.170,172.980,-22.436,-0.778,22.764,30.000,25.875,30.000,-4.701,65.00,90.30,1222,1503
79825,0.630615,0.070190,-0.884766,1.088766,-12.695313,-6.774902,-0.915527,175.464,-35.394,173.140,-23.430,-1.319,12.284,30.000,30.000,30.000,-4.330,65.00,87.78,1222,1475
79874,0.189697,0.226074,-0.810669,0.862716,-32.592773,-122.436523,-3.784180,164.418,-12.702,173.136,-23.679,0.042,-27.288,30.000,19.641,30.000,-7.548,65.00,88.49,1222,1483
79923,0.450562,0.080933,-0.924072,1.031245,5.371094,69.274902,-0.610352,174.995,-25.907,173.276,-22.338,-1.514,-12.434,30.000,27.675,30.000,-1.515,65.00,93.49,1222,1539
79974,0.454468,0.025391,-1.029785,1.125897,3.967285,12.023926,2.624512,178.588,-23.807,173.673,-22.529,2.101,13.071,30.000,24.803,30.000,-6.000,65.00,89.00,1222,1489
80025,0.291382,0.160278,-0.822388,0.887082,-46.142578,-73.059082,-2.685547,168.972,-19.176,173.879,-23.959,-0.152,6.041,30.000,22.465,30.000,-7.120,65.00,87.88,1222,1476
80074,0.201782,0.021240,-0.898682,0.921301,21.484375,38.391113,0.122070,178.646,-12.651,173.933,-23.415,-2.158,-4.301,30.000,18.124,30.000,-6.732,65.00,92.15,1222,1524
80123,0.722168,0.029663,-1.096191,1.313028,6.835937,95.275879,-0.122070,178.450,-33.367,173.821,-22.324,-4.609,2.558,30.000,24.295,30.000,-5.487,65.00,89.51,1222,1495
80174,0.334839,0.145142,-0.849121,0.924224,-17.395020,-32.409668,-1.098633,170.300,-21.241,173.966,-23.631,3.978,19.870,30.000,22.985,30.000,-10.079,65.00,84.92,1222,1444
80223,0.182617,0.010986,-0.832642,0.852503,29.052734,55.175781,-14.831543,179.244,-12.369,174.101,-24.278,1.501,18.002,30.000,17.003,30.000,-7.365,65.00,92.12,1222,1524
80274,0.671021,0.077393,-0.881104,1.110226,6.164551,51.696777,1.281738,174.980,-37.186,173.672,-22.820,-7.125,-19.362,30.000,30.000,30.000,-1.417,65.00,93.58,1222,1540
80323,0.393188,0.105591,-0.974731,1.056337,-25.634766,4.211426,4.638672,173.817,-21.853,173.741,-22.809,0.503,9.481,30.000,23.729,30.000,-9.324,65.00,85.68,1222,1452
80373,0.096924,0.113159,-0.751221,0.765854,29.541016,44.860840,0.122070,171.434,-7.271,173.870,-24.241,8.632,46.181,30.000,23.786,30.000,-6.315,65.00,88.68,1222,1485
80423,0.671631,0.051758,-0.895386,1.120483,7.080078,-34.790039,-0.854492,176.692,-36.828,173.820,-23.707,-6.937,-34.505,30.000,30.000,30.000,-1.034,65.00,93.97,1222,1544
80464,0.262329,0.140381,-0.866821,0.916462,5.065918,-51.330566,2.990723,170.801,-16.633,173.861,-22.575,4.677,-21.782,30.000,21.697,30.000,-9.310,65.00,87.33,1222,1470
80523,-0.001953,0.118286,-0.697021,0.706990,38.818359,-24.108887,-1.037598,170.369,0.158,174.176,-23.918,13.679,40.175,30.000,23.791,30.000,-7.847,65.00,87.15,1222,1468
80574,0.642456,0.049438,-0.873657,1.085574,1.770020,32.592773,0.122070,176.761,-36.286,173.975,-23.748,-5.467,-11.793,30.000,30.000,30.000,-1.164,65.00,93.84,1222,1543
80623,0.518799,0.105591,-1.107422,1.227471,-42.175293,-39.855957,2.075195,174.553,-25.002,173.881,-21.913,-7.703,-35.499,30.000,26.040,30.000,-7.996,65.00,87.00,1222,1467
80664,0.074097,0.130615,-0.802368,0.816300,40.649414,24.291992,-0.183105,170.754,-5.208,173.960,-22.437,10.354,31.121,30.000,22.705,30.000,-7.674,65.00,87.33,1222,1470
80723,0.370728,0.057617,-0.796143,0.880115,17.700195,32.653809,-3.601074,175.861,-24.912,173.996,-22.964,0.750,6.895,30.000,26.131,30.000,-2.980,65.00,92.02,1222,1522
80773,0.632935,0.053345,-1.068604,1.243127,-2.136230,-33.752441,1.037598,177.142,-30.607,173.947,-21.408,-5.189,-36.095,30.000,25.520,30.000,-4.564,65.00,90.44,1222,1505
80823,0.279053,0.159180,-0.891724,0.947829,-13.427734,15.380859,0.305176,169.879,-17.122,173.962,-21.423,3.667,16.323,30.000,19.403,30.000,-12.314,65.00,82.69,1222,1419
80865,0.386963,0.058838,-0.963379,1.039856,13.305664,95.031738,0.427246,176.505,-21.847,174.046,-22.568,-0.592,33.950,30.000,22.164,30.000,-5.105,65.00,89.90,1222,1499
80923,0.744019,0.064087,-0.928711,1.191711,15.197754,-5.371094,-2.258301,176.052,-38.633,173.914,-21.189,-5.616,-41.454,30.000,25.601,30.000,-3.885,65.00,91.12,1222,1512
80973,0.351685,0.066528,-0.994385,1.056839,-2.441406,23.254395,4.882812,176.172,-19.437,174.081,-20.508,1.572,3.765,30.000,21.459,30.000,-8.945,65.00,86.05,1222,1456
81023,0.165771,0.090332,-0.702393,0.727321,35.156250,24.047852,0.488281,172.672,-13.175,174.322,-22.323,10.380,43.003,30.000,21.866,30.000,-8.302,65.00,86.70,1222,1463
81065,0.585571,0.065430,-0.863159,1.045093,-0.488281,-2.563477,-0.061035,175.665,-34.077,174.289,-22.661,-5.350,-11.040,30.000,30.000,30.000,-1.218,65.00,93.78,1222,1542
81123,0.641235,0.038452,-1.119629,1.290825,-18.371582,87.341309,2.746582,178.033,-29.786,174.171,-21.288,-7.030,1.204,30.000,23.237,30.000,-7.258,65.00,87.74,1222,1475
81174,0.152466,0.185669,-0.717163,0.756334,12.512207,-101.135254,-1.403809,165.485,-11.630,174.479,-23.137,10.324,16.579,30.000,24.348,30.000,-6.699,65.00,88.30,1222,1481
81223,0.285156,0.064819,-0.718262,0.775510,24.536133,10.192871,-2.197266,174.843,-21.574,174.365,-23.062,3.026,-10.112,30.000,25.781,30.000,-2.822,65.00,92.18,1222,1524
81275,0.518188,0.089111,-1.015869,1.143875,-3.051758,60.058594,-1.525879,174.987,-26.937,174.349,-21.572,-3.402,-5.538,30.000,27.703,30.000,-3.862,65.00,90.29,1222,1503
81323,0.392334,0.079346,-0.804443,0.898527,-23.071289,-45.532227,0.732422,174.367,-25.890,174.421,-22.620,-1.670,5.969,30.000,26.754,30.000,-5.115,65.00,89.89,1222,1499
81373,0.220459,0.128906,-0.875366,0.911858,2.563477,-49.743652,0.000000,171.623,-13.991,174.432,-22.288,1.615,-23.799,30.000,19.818,30.000,-7.716,65.00,89.04,1222,1489
81423,0.462158,0.115356,-0.983276,1.092579,3.417969,64.086914,-4.577637,173.309,-25.024,174.469,-21.389,-1.054,11.091,30.000,25.353,30.000,-4.863,65.00,90.14,1222,1502
81474,0.493652,0.075806,-0.818481,0.958828,-35.278320,-41.931152,0.366211,174.709,-30.987,174.521,-22.469,-4.443,-0.476,30.000,30.000,30.000,-3.274,65.00,89.21,1222,1491
81514,0.015625,0.156738,-0.796631,0.812054,17.883301,-34.667969,-1.098633,168.869,-1.103,174.667,-23.076,8.372,9.770,30.000,24.689,30.000,-6.870,65.00,88.13,1222,1479
81574,0.415649,0.020874,-0.929443,1.018364,7.873535,140.441895,1.220703,178.713,-24.089,174.449,-22.001,-2.758,27.194,30.000,23.954,30.000,-5.928,65.00,89.07,1222,1490
81623,0.653320,-0.016724,-1.031860,1.221410,6.042480,-31.127930,-0.732422,-179.071,-32.336,174.574,-22.115,-5.550,-14.901,30.000,25.026,30.000,-4.364,65.00,90.64,1222,1507
81673,0.248291,0.121338,-0.904053,0.945348,-0.122070,-33.752441,1.159668,172.356,-15.227,174.657,-21.920,4.003,-6.874,30.000,19.545,30.000,-10.712,65.00,85.07,1222,1445
81714,0.235596,0.074097,-0.812744,0.849440,29.174805,70.190430,2.014160,174.791,-16.102,174.744,-22.288,5.507,30.195,30.000,18.174,30.000,-8.866,65.00,87.35,1222,1471
81774,0.519775,0.042725,-0.881226,1.023988,-1.464844,6.103516,0.366211,177.224,-30.504,174.693,-22.954,-4.888,-2.106,30.000,30.000,30.000,-0.871,65.00,92.93,1222,1533
81823,0.427979,0.109863,-0.946411,1.044476,-23.315430,-59.448242,1.647949,173.379,-24.189,174.667,-22.271,-2.193,-34.627,30.000,27.753,30.000,-4.498,65.00,90.15,1222,1502
81874,0.102783,0.166016,-0.810669,0.833852,28.625488,2.868652,-3.845215,168.427,-7.080,174.728,-22.169,10.700,22.882,30.000,12.116,30.000,-12.107,65.00,87.97,1222,1477
81915,0.642212,0.077637,-0.942505,1.143144,-14.892578,9.460449,-2.441406,175.291,-34.180,174.676,-22.667,-3.300,3.068,30.000,30.000,30.000,-2.276,65.00,88.56,1222,1484
81973,0.437744,0.089355,-1.012695,1.106868,-33.935547,-120.117187,0.793457,174.958,-23.296,174.662,-22.606,-8.914,-41.191,30.000,27.637,30.000,-5.167,65.00,89.45,1222,1494
82023,0.077026,0.118652,-0.805542,0.817869,32.104492,10.314941,3.295898,171.621,-5.404,174.733,-22.205,7.912,3.872,30.000,24.085,30.000,-5.429,65.00,89.57,1222,1495
82073,0.630371,0.022095,-1.077515,1.248557,2.014160,121.826172,3.601074,178.825,-30.323,174.714,-21.964,-2.968,23.513,30.000,22.641,30.000,-6.403,65.00,88.60,1222,1484
82115,0.504761,0.149170,-0.994873,1.125525,-51.940918,-74.890137,-0.488281,171.473,-26.645,174.636,-22.870,-8.049,-2.465,30.000,27.810,30.000,-6.689,65.00,87.17,1222,1469
82173,0.022705,0.270752,-0.723633,0.772960,10.375977,-131.591797,-4.638672,159.486,-1.683,168.089,-23.458,9.581,-25.043,30.000,27.112,29.696,-3.257,65.30,91.74,1226,1519
82223,0.503174,0.064453,-0.878784,1.014692,26.611328,132.446289,-0.976562,175.805,-29.728,168.275,-22.291,2.024,20.768,30.000,28.484,29.994,-2.792,65.01,92.21,1222,1525
82274,0.476440,0.021118,-0.914917,1.031753,-17.578125,-40.039062,4.272461,178.678,-27.502,168.962,-22.769,-2.444,7.278,30.000,27.885,30.000,-6.503,65.00,85.54,1222,1450
82325,0.041748,0.214111,-0.726440,0.758487,-28.320312,-155.883789,-3.662109,163.578,-3.155,169.116,-23.065,-3.514,-20.543,30.000,26.409,30.000,-6.472,65.00,88.53,1222,1484
82374,0.380981,0.061890,-0.805664,0.893349,11.718750,57.189941,1.708984,175.607,-25.243,169.014,-21.361,-4.715,-16.814,30.000,27.087,30.000,-2.302,65.00,92.70,1222,1530
82423,0.686646,0.065186,-1.145630,1.337236,-19.897461,48.095703,0.610352,176.743,-30.896,169.432,-20.735,-3.099,3.203,30.000,22.508,30.000,-7.583,65.00,87.42,1222,1471
82473,0.148804,0.214111,-0.739868,0.784469,-7.446289,-63.476562,-7.141113,163.860,-10.935,169.953,-22.941,10.229,29.455,30.000,23.360,30.000,-7.637,65.00,87.36,1222,1471
82525,0.302734,0.081055,-0.885620,0.939436,29.724121,33.325195,-2.807617,174.771,-18.799,170.028,-21.897,-1.195,-12.655,30.000,22.437,30.000,-6.096,65.00,88.90,1222,1488
82574,0.588867,0.010742,-1.006714,1.166342,4.211426,16.174316,3.234863,179.389,-30.324,170.198,-20.643,-5.754,-14.509,30.000,30.000,30.000,-3.439,65.00,89.76,1222,1497
82623,0.209717,0.213135,-0.686523,0.748814,-5.798340,-77.453613,-0.427246,162.753,-16.264,170.699,-22.039,9.597,0.832,30.000,24.085,30.000,-6.416,65.00,88.58,1222,1484
82674,0.291382,0.116821,-0.860718,0.916180,2.868652,65.979004,-1.586914,172.271,-18.544,170.752,-21.901,2.273,12.343,30.000,20.842,30.000,-6.020,65.00,90.15,1222,1502
82723,0.697021,0.039917,-1.100586,1.303350,-20.202637,10.803223,0.305176,177.923,-32.330,170.933,-20.726,-8.730,-14.593,30.000,23.480,30.000,-6.656,65.00,87.75,1222,1475
82774,0.377319,0.228271,-0.820190,0.931230,-35.888672,-104.248047,-3.112793,164.447,-23.903,171.003,-21.623,-1.223,-15.526,30.000,26.153,30.000,-5.383,65.00,89.62,1222,1496
82823,0.183960,0.086792,-0.832153,0.856652,19.775391,-22.460937,-0.061035,174.046,-12.400,164.671,-21.055,2.933,-23.051,30.000,18.161,28.496,-5.107,66.50,95.72,1239,1564
82873,0.589355,0.046753,-1.024048,1.182455,-2.075195,55.603027,1.159668,177.386,-29.895,165.650,-20.437,0.812,7.060,30.000,21.949,29.972,-5.983,65.03,89.02,1223,1489
82923,0.321777,0.231934,-0.846924,0.935208,-33.569336,-36.437988,-7.324219,164.685,-20.125,166.191,-22.690,3.809,37.257,30.000,20.781,29.999,-10.048,65.00,84.95,1222,1444
82964,0.251343,0.042236,-0.716797,0.760759,-4.760742,-44.982910,-1.708984,176.628,-19.292,166.588,-23.568,-2.613,-5.088,30.000,26.035,30.000,-2.825,65.00,92.18,1222,1524
83023,0.516357,0.091431,-0.904297,1.045341,13.061523,43.579102,1.159668,174.227,-29.601,167.137,-20.519,-2.316,-38.848,30.000,30.000,30.000,-1.089,65.00,93.91,1222,1543
83074,0.453613,0.076172,-1.004150,1.104484,6.164551,39.306641,2.624512,175.662,-24.249,168.135,-20.736,7.297,27.538,30.000,23.561,30.000,-7.678,65.00,87.32,1222,1470
83123,0.189697,0.201050,-0.670288,0.725046,1.098633,-37.963867,-7.385254,163.304,-15.167,168.610,-23.316,11.106,37.230,30.000,23.305,30.000,-7.536,65.00,87.46,1222,1472
83164,0.530151,0.085205,-0.910889,1.057373,-12.268066,-46.875000,-3.540039,174.656,-30.092,168.997,-22.966,-4.483,-34.300,30.000,30.000,30.000,-0.854,65.00,93.24,1222,1536
83223,0.559570,0.066528,-1.071533,1.210673,-9.643555,66.650391,3.784180,176.447,-27.529,169.471,-21.238,-2.148,-2.822,30.000,23.337,30.000,-7.089,65.00,87.91,1222,1477
83273,0.098389,0.198608,-0.695435,0.729901,29.296875,-57.861328,-1.525879,164.061,-7.747,170.058,-23.746,16.759,42.251,30.000,23.477,30.000,-7.258,65.00,87.74,1222,1475
83323,0.465332,0.075562,-0.765991,0.899436,-1.220703,-22.155762,-1.647949,174.366,-31.155,170.428,-24.130,-2.259,-19.049,30.000,30.000,30.000,-0.348,65.00,94.65,1222,1552
83365,0.570679,0.032227,-1.138428,1.273864,-22.644043,7.568359,3.845215,178.379,-26.615,170.553,-22.303,-8.095,-27.708,30.000,26.002,30.000,-6.717,65.00,88.28,1222,1481
83423,0.245605,0.197021,-0.753906,0.817015,-10.803223,-25.695801,-2.014160,165.354,-17.494,171.002,-23.900,7.699,30.170,30.000,24.371,30.000,-7.701,65.00,87.17,1222,1469
83473,0.228882,0.105347,-0.751343,0.792465,13.366699,-2.746582,-3.356934,172.019,-16.787,171.167,-24.945,3.045,9.394,30.000,26.767,30.000,-2.143,65.00,92.86,1222,1532
83523,0.767944,0.048950,-1.139282,1.374809,-10.192871,13.732910,-1.953125,177.540,-33.958,171.205,-22.428,-9.131,-47.433,30.000,27.323,30.000,-2.792,65.00,92.21,1222,1525
83570,0.248657,0.158936,-0.922852,0.968889,0.549316,-6.530762,-1.281738,170.228,-14.871,171.538,-22.364,4.779,11.775,30.000,18.428,30.000,-10.767,65.00,86.54,1222,1462
83623,-0.005371,0.142700,-0.646729,0.662307,44.616699,-68.603516,-0.366211,167.557,0.465,171.909,-24.118,11.833,14.588,30.000,25.547,30.000,-4.063,65.00,90.94,1222,1510
83674,0.650513,0.008545,-0.958740,1.158630,4.943848,66.772461,2.746582,179.489,-34.156,171.929,-22.346,-8.239,-23.244,30.000,30.000,30.000,-1.389,65.00,93.61,1222,1540
83723,0.386963,0.104736,-0.973022,1.052370,-15.136719,10.131836,5.615234,173.856,-21.574,172.149,-21.841,0.104,5.141,30.000,23.418,30.000,-10.176,65.00,84.82,1222,1442
83775,0.009644,0.158813,-0.627441,0.647300,14.953613,-14.221191,-2.014160,165.796,-0.854,172.333,-23.157,6.151,34.889,30.000,23.271,30.000,-7.153,65.00,87.85,1222,1476
83823,0.508179,0.102661,-0.751831,0.913255,21.667480,-35.522461,-5.371094,172.224,-33.810,165.208,-22.546,-2.152,-27.254,30.000,30.000,22.575,6.593,69.80,95.69,1276,1563
83874,0.584351,0.124146,-1.017578,1.179976,-19.104004,9.887695,4.943848,173.044,-29.684,166.158,-21.298,-0.086,-17.166,30.000,30.000,29.863,-2.955,65.14,90.83,1224,1509
83923,0.072754,0.079102,-0.835815,0.842697,30.761719,84.167480,4.943848,174.594,-4.953,166.949,-23.069,11.350,70.276,30.000,8.098,29.997,-16.133,65.00,84.79,1222,1442
83974,0.719849,0.032471,-0.911133,1.161636,15.808105,33.691406,-0.488281,177.959,-38.293,167.222,-23.901,-5.421,-2.744,30.000,30.000,30.000,-1.590,65.00,93.41,1222,1538
84014,0.450684,0.105713,-1.089600,1.183857,-38.085937,-95.886230,1.892090,174.459,-22.376,167.286,-21.969,-12.432,-68.440,30.000,28.078,30.000,-3.964,65.00,91.04,1222,1512
84074,0.181885,0.172241,-0.847656,0.883895,16.235352,33.935547,2.075195,168.514,-11.875,168.045,-21.002,10.165,16.922,30.000,15.453,30.000,-13.027,65.00,87.12,1222,1468
84123,0.455200,0.044434,-0.879639,0.991436,21.789551,119.995117,-1.708984,177.108,-27.331,168.370,-22.213,2.914,52.098,30.000,24.859,30.000,-6.568,65.00,88.43,1222,1483
84174,0.454346,0.080444,-0.925049,1.033739,-26.489258,-145.324707,-1.831055,175.030,-26.073,168.636,-22.262,-8.526,-44.908,30.000,29.713,30.000,-5.360,65.00,85.84,1222,1454
84214,0.044678,0.045654,-0.804810,0.807341,41.381836,103.027344,7.507324,176.753,-3.172,169.006,-22.558,5.817,28.618,30.000,22.988,30.000,-5.164,65.00,89.84,1222,1498
84274,0.604980,0.047485,-0.813843,1.015183,16.540527,63.293457,4.943848,176.661,-36.579,169.381,-22.340,1.395,7.123,30.000,30.000,30.000,-2.729,65.00,91.34,1222,1515
84323,0.330322,0.179199,-0.841309,0.921426,-28.320312,-86.914062,-1.037598,167.976,-21.008,169.928,-23.278,3.757,-15.247,30.000,24.703,30.000,-5.393,65.00,89.61,1222,1496
84373,0.086060,0.138428,-0.762207,0.779441,37.536621,15.380859,-3.723145,169.706,-6.339,170.212,-22.714,8.109,9.728,30.000,24.294,30.000,-5.140,65.00,89.86,1222,1498
84415,0.642456,0.047852,-0.907349,1.112799,-0.427246,17.578125,-0.915527,176.981,-35.263,170.467,-22.436,-2.534,1.414,30.000,30.000,30.000,-2.879,65.00,89.86,1222,1498
84474,0.490112,0.113525,-0.982300,1.103635,-53.771973,-107.727051,-0.732422,173.408,-26.365,170.947,-23.273,-8.287,-23.089,30.000,29.002,30.000,-3.554,65.00,90.31,1222,1503
84523,0.018433,0.116699,-0.821533,0.829985,25.512695,-37.719727,1.342773,171.915,-1.273,171.274,-22.864,7.894,-0.260,30.000,9.561,30.000,-13.974,65.00,89.48,1222,1494
84573,0.626221,0.041748,-1.030151,1.206278,5.126953,110.900879,2.014160,177.679,-31.274,171.264,-21.832,-4.067,10.891,30.000,23.254,30.000,-6.260,65.00,88.74,1222,1486
84615,0.448608,0.117676,-0.945190,1.052845,-41.137695,-52.734375,1.098633,172.903,-25.220,171.366,-22.342,-6.170,-7.172,30.000,26.870,30.000,-6.290,65.00,88.00,1222,1478
84673,-0.015137,0.275635,-0.682983,0.736661,18.493652,-135.925293,-3.295898,158.022,1.177,164.635,-22.480,12.573,-23.149,30.000,25.923,25.827,-0.459,69.17,95.69,1269,1563
84723,0.641235,0.090332,-0.826660,1.050100,-7.080078,88.928223,0.793457,173.764,-37.636,165.276,-20.764,0.190,-9.993,30.000,30.000,29.923,-2.145,65.08,92.63,1223,1529
84773,0.128906,0.225464,-0.919312,0.955293,-20.263672,-44.128418,-4.943848,166.220,-7.755,166.184,-22.308,7.693,44.439,30.000,11.359,29.999,-19.210,65.00,82.18,1222,1413
84815,0.429443,0.111816,-0.738770,0.861803,-9.887695,4.394531,-2.014160,171.393,-29.888,166.553,-23.581,-8.591,11.358,30.000,29.659,30.000,-1.557,65.00,89.91,1222,1499
84874,0.495605,0.019165,-0.951172,1.072716,19.348145,-61.157227,1.098633,178.846,-27.517,167.011,-21.204,-9.195,-67.721,30.000,30.000,30.000,-0.277,65.00,94.72,1222,1552
84923,0.392090,0.091797,-0.889893,0.976765,19.958496,107.849121,2.624512,174.110,-23.667,167.949,-20.341,8.593,16.318,30.000,23.666,30.000,-5.951,65.00,89.05,1222,1489
84973,0.276733,0.146851,-0.729004,0.793469,26.062012,37.231445,-5.432129,168.611,-20.412,168.526,-23.182,14.673,66.957,30.000,21.375,30.000,-9.668,65.00,85.33,1222,1448
85025,0.301270,0.114624,-0.772217,0.836792,-2.197266,-115.966797,-7.263184,171.557,-21.102,168.869,-23.569,-3.305,-36.192,30.000,26.139,30.000,-2.876,65.00,92.12,1222,1524
85074,0.460815,0.063843,-0.985596,1.089874,2.136230,33.996582,1.831055,176.294,-25.012,169.294,-21.027,-5.433,-29.395,30.000,27.549,30.000,-2.127,65.00,92.87,1222,1532
85123,0.505737,0.096313,-1.030029,1.151524,-16.174316,75.927734,3.601074,174.658,-26.052,169.861,-21.978,3.085,34.787,30.000,24.893,30.000,-6.739,65.00,88.26,1222,1481
85173,0.131226,0.187744,-0.719482,0.755065,11.413574,-85.388184,-4.821777,165.375,-10.008,170.405,-24.343,10.338,21.719,30.000,25.365,30.000,-4.962,65.00,90.04,1222,1500
85225,0.440430,0.092041,-0.954590,1.055316,3.601074,-21.911621,-2.685547,174.493,-24.667,170.705,-22.704,-5.510,-47.141,30.000,29.012,30.000,-1.105,65.00,93.89,1222,1543
85273,0.503662,0.115723,-1.062378,1.181403,-8.605957,67.260742,1.220703,173.783,-25.235,170.947,-22.008,-1.402,16.174,30.000,23.131,30.000,-7.503,65.00,87.50,1222,1472
85323,0.279785,0.124512,-0.772705,0.831177,-7.568359,-42.541504,-0.488281,170.846,-19.671,171.337,-23.841,3.757,20.237,30.000,21.921,30.000,-7.476,65.00,87.52,1222,1472
85374,0.289185,0.080933,-0.887451,0.936882,8.605957,-9.826660,-2.929688,174.789,-17.979,171.629,-23.658,-0.882,-14.815,30.000,22.658,30.000,-4.436,65.00,91.72,1222,1519
85423,0.703491,0.068115,-1.128784,1.331801,-10.192871,61.157227,0.976562,176.547,-31.886,171.726,-21.619,-5.688,-15.537,30.000,24.518,30.000,-5.385,65.00,89.61,1222,1496
85464,0.263428,0.130005,-0.870117,0.918368,-9.460449,-21.911621,0.488281,171.502,-16.669,171.971,-21.904,3.534,11.965,30.000,19.525,30.000,-11.259,65.00,84.56,1222,1440
85523,-0.131348,0.107788,-0.621338,0.644152,56.518555,-66.772461,1.708984,170.158,11.766,172.288,-22.753,11.668,5.140,30.000,24.611,30.000,-6.598,65.00,88.40,1222,1482
85574,0.653809,0.055786,-0.844482,1.069452,23.132324,62.072754,1.831055,176.221,-37.687,172.181,-20.833,-3.606,-26.861,30.000,30.000,30.000,-1.836,65.00,93.16,1222,1535
85623,0.359863,0.112061,-0.905396,0.980714,-1.098633,-4.089355,3.784180,172.944,-21.527,172.474,-20.801,4.495,11.352,30.000,22.611,30.000,-9.956,65.00,85.04,1222,1445
85664,0.258179,0.134033,-0.755981,0.810018,8.239746,37.109375,-2.319336,169.946,-18.586,172.800,-22.139,6.759,34.383,30.000,22.181,30.000,-6.918,65.00,88.08,1222,1479
85723,0.538818,0.073486,-0.890869,1.043730,10.681152,-10.559082,-2.197266,175.284,-31.081,172.983,-21.791,-3.538,-28.645,30.000,30.000,30.000,-0.368,65.00,94.63,1222,1551
85774,0.506714,0.067017,-1.050415,1.168170,-3.051758,29.418945,3.662109,176.349,-25.707,173.158,-20.689,-0.442,-6.427,30.000,26.537,30.000,-5.124,65.00,89.88,1222,1499
85823,0.195923,0.190186,-0.736816,0.785783,1.586914,-30.761719,-2.746582,165.527,-14.438,173.522,-22.636,9.795,34.851,30.000,22.700,30.000,-8.190,65.00,86.81,1222,1465
85865,0.426880,0.075195,-0.835693,0.941416,-1.098633,4.333496,-3.662109,174.858,-26.965,173.440,-23.255,-4.331,-2.362,30.000,28.181,30.000,-1.614,65.00,93.39,1222,1538
85923,0.697144,0.074951,-1.084351,1.291295,-7.507324,86.181641,2.136230,176.046,-32.675,173.324,-21.015,-6.557,-13.384,30.000,23.725,30.000,-5.856,65.00,89.14,1222,1490
85974,0.400635,0.112915,-0.928223,1.017278,-13.305664,-16.601562,2.807617,173.064,-23.193,173.506,-21.729,2.406,15.050,30.000,23.937,30.000,-9.139,65.00,84.59,1222,1440
86017,-0.022949,0.020142,-0.677612,0.678300,57.739258,24.353027,3.662109,178.297,1.939,173.613,-22.732,7.943,15.508,30.000,23.967,30.000,-5.189,65.00,89.81,1222,1498
86065,0.751587,0.068237,-0.953857,1.216299,23.437500,-8.850098,-2.258301,175.908,-38.165,173.362,-20.065,-5.244,-56.156,30.000,25.246,30.000,-4.544,65.00,90.46,1222,1505
86123,0.405029,0.090210,-1.003174,1.085608,-11.291504,16.906738,2.380371,174.862,-21.906,173.514,-20.117,1.173,17.568,30.000,22.246,30.000,-10.078,65.00,84.92,1222,1444
86173,0.135254,0.097778,-0.660034,0.680808,22.216797,-6.713867,-1.342773,171.573,-11.459,173.742,-22.033,7.136,28.961,30.000,22.390,30.000,-7.147,65.00,87.85,1222,1476
86223,0.620117,0.060425,-0.928467,1.118144,13.610840,-10.375977,-1.525879,176.276,-33.683,173.595,-20.846,-4.612,-32.240,30.000,30.000,30.000,-2.213,65.00,92.48,1222,1528
86275,0.634155,0.075439,-1.053589,1.232028,-24.475098,4.821777,0.244141,175.904,-30.979,173.630,-20.057,-1.187,-1.935,30.000,21.985,30.000,-10.547,65.00,84.45,1222,1438
86323,0.067383,0.122192,-0.728271,0.741519,28.198242,2.380371,-3.356934,170.475,-5.214,173.873,-22.322,10.953,52.153,30.000,21.317,30.000,-9.610,65.00,85.39,1222,1449
86374,0.661377,-0.038330,-0.889771,1.109315,4.760742,17.578125,2.258301,-177.533,-36.598,166.670,-21.940,-10.231,-24.719,-30.000,30.000,13.500,14.948,67.40,93.95,1249,1544
86423,0.324341,0.053589,-1.005005,1.057404,13.854980,-25.756836,6.225586,176.948,-17.862,167.327,-20.269,3.163,-28.284,30.000,22.078,29.696,-9.014,65.30,86.75,1226,1464
86473,0.395752,0.085205,-0.963257,1.044865,47.729492,137.329102,5.920410,174.945,-22.257,167.710,-21.568,11.888,67.968,30.000,20.031,29.994,-9.523,65.01,85.48,1222,1450
86514,0.562988,-0.005981,-0.857788,1.026057,-12.390137,-82.702637,-2.258301,-179.600,-33.277,160.750,-22.285,-12.032,-17.441,-30.000,30.000,13.500,13.809,67.40,89.95,1249,1499
86574,0.346436,0.134399,-0.926270,0.998026,-10.070801,-26.062012,10.864258,171.744,-20.311,161.958,-20.440,-3.187,-52.784,30.000,25.365,29.863,-4.834,65.14,90.17,1224,1502
86623,0.021118,0.048218,-0.786377,0.788137,71.044922,140.808105,8.605957,176.491,-1.535,162.280,-20.135,15.277,50.901,30.000,18.987,29.997,-9.812,65.00,85.19,1222,1447
86673,0.796875,0.144531,-0.760376,1.110887,-6.103516,26.123047,-0.610352,169.238,-45.835,163.277,-22.239,0.690,26.845,30.000,30.000,30.000,-2.510,65.00,88.49,1222,1483
86714,0.222778,0.242798,-0.802124,0.867170,-77.331543,-205.200195,-9.765625,163.159,-14.886,156.960,-21.588,-5.559,-68.868,30.000,22.893,28.154,-4.096,66.85,92.18,1243,1524
86774,0.325439,0.033325,-1.089722,1.137767,26.062012,101.013184,-0.549316,178.248,-16.621,158.540,-19.163,1.964,-2.659,30.000,19.227,29.985,-6.995,65.02,90.22,1222,1502
86823,0.610840,0.088867,-1.050293,1.218252,-0.427246,39.855957,-1.525879,175.164,-30.093,159.469,-20.604,2.718,43.539,30.000,19.944,30.000,-11.220,65.00,83.78,1222,1431
86873,0.117432,0.155029,-0.688477,0.715419,-7.934570,-101.623535,-1.586914,167.310,-9.448,160.081,-23.004,2.178,4.104,30.000,24.950,30.000,-5.753,65.00,89.25,1222,1492
86915,0.522095,0.036987,-0.986084,1.116384,11.169434,8.422852,3.112793,177.852,-27.883,160.362,-21.395,-7.428,-41.019,30.000,30.000,30.000,-1.423,65.00,93.58,1222,1540
86974,0.528809,0.094604,-0.981934,1.119277,-5.493164,65.246582,0.244141,174.497,-28.194,161.965,-21.406,2.266,31.624,30.000,26.394,30.000,-6.340,65.00,87.72,1222,1475
87023,0.172607,0.144043,-0.640991,0.679273,2.807617,-68.908691,-3.234863,167.335,-14.721,162.643,-23.928,9.537,25.293,30.000,24.695,30.000,-6.089,65.00,88.91,1222,1488
87074,0.390259,0.082031,-0.904053,0.988100,5.249023,-27.954102,-4.821777,174.815,-23.263,163.856,-23.097,-1.718,-35.403,30.000,27.455,30.000,-1.612,65.00,93.39,1222,1538
87115,0.623535,0.092773,-1.126099,1.290543,-12.817383,58.532715,-0.732422,175.290,-28.892,164.531,-21.709,-3.356,-9.179,30.000,24.237,30.000,-6.012,65.00,88.99,1222,1489
87174,0.446533,0.141724,-0.866211,0.984784,-30.639648,-16.845703,1.098633,170.708,-26.964,165.131,-23.994,-0.960,27.579,30.000,26.754,30.000,-6.464,65.00,87.00,1222,1467
87223,0.000488,0.124878,-0.710449,0.721341,31.433105,-106.689453,1.708984,170.031,-0.039,165.697,-24.585,5.148,-22.982,30.000,28.228,30.000,-1.805,65.00,93.20,1222,1536
87273,0.642578,0.036865,-1.029297,1.213968,11.718750,107.971191,4.943848,177.949,-31.960,166.133,-21.439,-5.522,-28.870,30.000,25.120,30.000,-3.637,65.00,91.36,1222,1515
87315,0.453247,0.160889,-1.052856,1.157508,-15.808105,36.254883,1.770020,171.312,-23.052,166.843,-22.071,4.734,39.847,30.000,22.481,30.000,-11.015,65.00,83.99,1222,1433
87373,0.082642,0.199463,-0.613281,0.650176,0.793457,-110.961914,-6.042480,161.983,-7.302,167.641,-24.654,7.274,-0.464,30.000,26.968,30.000,-3.738,65.00,91.26,1222,1514
87423,0.527588,0.083618,-0.875977,1.026000,14.831543,-1.220703,-3.417969,174.547,-30.945,168.010,-22.193,-3.895,-48.906,30.000,30.000,30.000,-0.214,65.00,94.79,1222,1553
87473,0.400269,0.094482,-1.017334,1.097320,-11.962891,31.738281,3.417969,174.694,-21.393,168.708,-21.517,2.584,16.043,30.000,22.510,30.000,-9.709,65.00,85.29,1222,1448
87525,0.135376,0.207886,-0.669434,0.713922,-16.174316,-84.838867,-4.028320,162.748,-10.931,168.944,-23.732,3.452,22.631,30.000,24.639,30.000,-6.121,65.00,88.88,1222,1488
87574,0.494141,0.055542,-0.899902,1.028146,-1.892090,-17.211914,-0.915527,176.468,-28.725,169.248,-22.713,-8.920,-41.393,30.000,30.000,30.000,-0.294,65.00,94.71,1222,1552
87623,0.625732,0.082031,-1.168091,1.327670,-28.625488,60.119629,1.098633,175.983,-28.119,169.555,-20.580,-6.750,-16.086,30.000,23.409,30.000,-7.609,65.00,87.39,1222,1471
87673,0.143921,0.139282,-0.783447,0.808642,27.587891,7.385254,-2.685547,169.919,-10.252,170.048,-22.792,12.918,54.130,30.000,21.715,30.000,-9.629,65.00,85.37,1222,1449
87725,0.328003,0.086792,-0.833130,0.899569,8.056641,3.906250,-4.516602,174.053,-21.384,170.388,-23.472,-2.865,-8.224,30.000,24.626,30.000,-3.352,65.00,91.72,1222,1519
87773,0.579956,0.004883,-1.064819,1.212523,2.990723,8.056641,3.479004,179.737,-28.575,170.316,-21.265,-7.924,-30.712,30.000,25.040,30.000,-5.089,65.00,89.91,1222,1499
87823,0.296753,0.142944,-0.820801,0.884426,2.197266,-10.925293,3.295898,170.121,-19.605,170.725,-21.571,6.732,10.749,30.000,21.569,30.000,-10.353,65.00,84.65,1222,1441
87874,0.270386,0.147827,-0.850952,0.905031,7.263184,76.171875,-2.136230,170.145,-17.383,164.066,-23.039,5.038,43.701,30.000,18.569,26.601,-4.840,68.40,91.64,1260,1518
87923,0.755981,0.038818,-1.017090,1.267867,-14.892578,-60.058594,4.333496,177.814,-36.603,164.580,-22.005,-9.306,-52.388,30.000,27.155,29.937,-2.394,65.06,92.61,1223,1529
87964,0.099854,0.196777,-1.021973,1.045524,-6.896973,41.870117,0.915527,169.101,-5.480,165.164,-21.088,6.351,9.998,30.000,11.329,29.997,-16.752,65.00,83.88,1222,1432
88023,0.070068,0.096924,-0.634033,0.645215,45.959473,11.779785,1.708984,171.309,-6.234,165.931,-23.332,11.294,45.637,30.000,22.818,30.000,-6.161,65.00,88.84,1222,1487
88073,0.760498,0.015137,-0.922119,1.195362,5.737305,-37.902832,2.868652,179.060,-39.510,166.076,-21.393,-10.335,-63.616,30.000,27.155,30.000,-2.376,65.00,92.62,1222,1529
88123,0.302612,0.140869,-1.119751,1.168444,-9.765625,44.616699,2.319336,172.830,-15.010,167.048,-19.908,2.481,-2.808,30.000,18.371,30.000,-12.484,65.00,84.33,1222,1437
88164,0.289795,0.091064,-0.762329,0.820621,43.640137,100.891113,0.122070,173.188,-20.680,167.642,-21.746,12.350,72.052,30.000,18.727,30.000,-10.124,65.00,84.88,1222,1443
88223,0.484619,0.072632,-0.768799,0.911692,-4.394531,-120.666504,-1.892090,174.603,-32.111,168.112,-22.537,-7.087,-49.202,30.000,30.000,30.000,-0.773,65.00,93.72,1222,1541
88274,0.313721,0.165405,-0.962036,1.025326,-3.845215,-48.583984,1.525879,170.244,-17.817,168.735,-19.735,1.386,-49.067,30.000,23.086,30.000,-7.594,65.00,87.41,1222,1471
88323,0.239380,0.067017,-0.837769,0.873871,23.803711,156.433105,4.821777,175.426,-15.898,169.210,-21.348,10.254,82.528,30.000,14.527,30.000,-11.604,65.00,85.73,1222,1453
88365,0.699097,0.048218,-0.927002,1.162064,-16.967773,-22.705078,-2.563477,177.022,-36.984,169.594,-23.348,-2.854,11.646,30.000,30.000,30.000,-1.969,65.00,90.08,1222,1501
88414,0.286133,0.175781,-1.018799,1.072717,-37.414551,-140.869141,-3.967285,170.211,-15.470,169.950,-21.940,-5.237,-62.403,30.000,23.058,30.000,-8.981,65.00,86.68,1222,1463
88473,0.175293,0.124878,-0.846313,0.873252,28.991699,76.599121,2.197266,171.606,-11.580,170.321,-20.889,9.379,27.004,30.000,14.594,30.000,-11.764,65.00,87.82,1222,1476
88523,0.636841,0.073120,-0.993286,1.182172,3.051758,46.875000,-2.685547,175.790,-32.595,170.524,-21.999,0.264,27.183,30.000,22.459,30.000,-7.593,65.00,87.41,1222,1471
88565,0.329468,0.099731,-0.932617,0.994118,-42.480469,-100.097656,-2.441406,173.896,-19.355,170.676,-23.094,-8.965,-8.499,30.000,23.046,30.000,-6.583,65.00,88.42,1222,1482
88623,0.105835,0.133301,-0.755981,0.774905,26.794434,-28.808594,3.540039,170.000,-7.850,171.070,-22.244,5.604,-13.202,30.000,25.066,30.000,-6.076,65.00,88.92,1222,1488
88673,0.400269,0.078369,-0.915527,1.002271,15.563965,125.305176,2.807617,175.107,-23.538,171.186,-22.575,3.107,43.958,30.000,22.775,30.000,-6.924,65.00,88.08,1222,1479
88723,0.651245,0.081421,-0.959229,1.162269,-23.132324,-36.926270,-0.122070,175.148,-34.078,171.438,-23.527,-5.383,-1.205,30.000,30.000,30.000,-3.059,65.00,87.95,1222,1477
88765,0.059326,0.216797,-0.759033,0.791613,-15.319824,-159.057617,-1.708984,164.059,-4.298,171.535,-23.578,-3.188,-24.739,30.000,27.226,30.000,-4.191,65.00,90.81,1222,1509
88823,0.249878,0.124268,-0.845947,0.890791,34.179687,71.472168,-2.929688,171.643,-16.291,171.617,-21.558,6.059,11.591,30.000,19.144,30.000,-7.500,65.00,89.20,1222,1491
88874,0.545532,0.090454,-0.953857,1.102557,-4.211426,22.094727,-1.708984,174.583,-29.656,171.937,-22.816,1.036,30.715,30.000,28.037,30.000,-5.026,65.00,87.15,1222,1468
88923,0.127319,0.162476,-0.681519,0.712093,-21.240234,-129.699707,-2.075195,166.591,-10.300,172.204,-24.147,0.546,-18.904,30.000,27.502,30.000,-3.395,65.00,91.61,1222,1518
88974,0.383179,0.117920,-0.884399,0.971027,5.004883,43.090820,1.464844,172.405,-23.242,172.150,-21.755,-3.042,-28.651,30.000,26.518,30.000,-2.356,65.00,92.64,1222,1529
89014,0.537231,0.124146,-1.066284,1.200413,-18.249512,47.058105,-0.854492,173.359,-26.586,172.320,-21.523,-1.092,16.385,30.000,22.584,30.000,-8.453,65.00,86.55,1222,1462
89073,0.213867,0.172607,-0.798340,0.844322,-28.320312,-94.848633,-2.197266,167.800,-14.673,172.465,-24.228,0.288,10.782,30.000,19.064,30.000,-8.991,65.00,86.01,1222,1456
89123,0.443115,0.067505,-0.983032,1.080398,8.544922,0.061035,-1.525879,176.072,-24.214,172.525,-22.834,-6.206,-39.030,30.000,28.251,30.000,-1.215,65.00,93.78,1222,1542
89173,0.556396,0.048218,-1.096313,1.230368,-10.192871,42.785645,1.098633,177.482,-26.886,172.620,-21.028,-2.667,-8.346,30.000,23.438,30.000,-7.455,65.00,87.55,1222,1473
89214,0.132812,0.147949,-0.726929,0.753627,28.564453,13.366699,-0.915527,168.496,-10.150,172.968,-22.862,13.091,47.854,30.000,22.168,30.000,-8.979,65.00,86.02,1222,1456
89274,0.279053,0.100342,-0.794800,0.848319,-2.807617,-46.752930,-5.249023,172.805,-19.205,173.077,-22.874,-2.232,-29.870,30.000,24.136,30.000,-3.381,65.00,92.25,1222,1525
89323,0.695190,0.023926,-1.201904,1.388681,-8.544922,96.618652,0.793457,178.860,-30.040,172.975,-20.117,-8.878,-19.287,30.000,23.092,30.000,-5.930,65.00,89.07,1222,1490
89373,0.338257,0.126709,-0.937012,1.004223,-12.084961,-4.028320,0.488281,172.299,-19.684,173.178,-21.471,3.790,31.431,30.000,20.347,30.000,-12.340,65.00,82.66,1222,1418
89415,0.140259,0.076782,-0.748169,0.765065,34.851074,26.000977,0.793457,174.140,-10.564,173.319,-23.219,6.757,32.246,30.000,23.497,30.000,-4.859,65.00,90.14,1222,1502
89474,0.651978,0.059937,-0.933594,1.140291,-2.319336,10.986328,2.075195,176.327,-34.873,173.265,-20.762,-7.575,-50.747,30.000,30.000,30.000,-1.508,65.00,93.49,1222,1539
89523,0.352417,0.127686,-0.989502,1.058119,0.549316,16.235352,2.807617,172.647,-19.455,173.536,-20.402,7.474,12.139,30.000,20.928,30.000,-11.001,65.00,84.00,1222,1433
89573,0.209717,0.118652,-0.772339,0.809053,24.963379,56.945801,-1.586914,171.266,-15.023,173.782,-22.521,10.131,60.878,30.000,21.012,30.000,-8.812,65.00,86.19,1222,1458
89615,0.637451,0.040771,-0.916748,1.117333,-11.535645,-83.190918,-2.075195,177.454,-34.786,173.935,-23.070,-6.700,-28.138,30.000,30.000,30.000,-1.334,65.00,93.21,1222,1536
89674,0.469727,0.112183,-1.066650,1.170885,-10.131836,-6.835937,2.807617,173.996,-23.651,173.933,-21.144,-1.152,-25.880,30.000,26.410,30.000,-6.036,65.00,88.38,1222,1482
89723,0.125977,0.075317,-0.763550,0.777529,30.029297,77.148437,2.380371,174.367,-9.324,174.207,-23.287,11.898,70.318,30.000,21.289,30.000,-8.877,65.00,86.12,1222,1457
89774,0.649048,0.043945,-0.859741,1.078123,10.681152,-24.780273,-1.770020,177.074,-37.014,174.289,-24.241,-3.751,-17.735,30.000,30.000,30.000,-0.541,65.00,94.46,1222,1550
89815,0.469360,0.108398,-1.072510,1.175724,-29.113770,-52.124023,1.098633,174.229,-23.529,174.247,-22.676,-5.635,-42.274,30.000,27.896,30.000,-4.778,65.00,90.22,1222,1502
89873,0.217651,0.224976,-0.786987,0.846956,7.812500,-0.366211,-4.699707,164.046,-14.891,174.250,-23.600,11.567,42.204,30.000,17.092,30.000,-10.991,65.00,84.01,1222,1433
89923,0.441162,0.056274,-0.836426,0.947311,4.638672,23.864746,-1.708984,176.151,-27.755,174.186,-25.109,-3.033,16.049,30.000,28.441,30.000,-1.323,65.00,93.68,1222,1541
89973,0.549072,0.022095,-1.123291,1.250500,-18.798828,-100.769043,5.920410,178.873,-26.045,174.068,-23.066,-10.624,-67.754,30.000,29.244,30.000,-2.328,65.00,92.67,1222,1530
90025,0.234985,0.189087,-0.898682,0.947946,4.943848,-15.258789,-1.159668,168.118,-14.353,174.128,-22.309,6.467,6.019,30.000,18.382,30.000,-10.308,65.00,86.80,1222,1464
90074,0.263428,-0.009521,-0.788696,0.831581,24.353027,111.450195,2.502441,-179.308,-18.468,167.097,-23.892,1.144,45.089,-30.000,19.590,7.774,16.183,67.40,96.70,1249,1574
90123,0.639771,-0.027344,-1.057129,1.235951,18.310547,-62.561035,-0.183105,-178.518,-31.174,167.534,-22.188,-6.255,-63.486,30.000,28.021,29.590,-2.100,65.41,92.90,1227,1532
90174,0.073242,0.153076,-0.883423,0.899574,51.574707,89.111328,2.014160,170.170,-4.670,168.113,-22.207,13.938,47.813,30.000,8.912,29.992,-16.319,65.01,87.37,1222,1471
90225,0.525269,0.020386,-0.780151,0.940722,16.723633,86.425781,-1.159668,178.503,-33.943,168.582,-24.128,-1.158,47.574,30.000,30.000,30.000,-2.435,65.00,87.78,1222,1475
90274,0.437012,0.050049,-0.894653,0.996940,-26.062012,-145.080566,-0.427246,176.798,-25.999,168.784,-23.341,-14.050,-71.048,30.000,30.000,30.000,-2.101,65.00,92.73,1222,1530
90323,0.154541,0.135010,-0.808105,0.833754,43.762207,12.023926,2.868652,170.515,-10.682,169.482,-20.766,8.825,-28.377,30.000,17.141,30.000,-8.863,65.00,90.01,1222,1500
90374,0.577271,0.112915,-0.990479,1.151972,3.479004,146.545410,2.014160,173.496,-30.074,170.087,-22.027,6.234,61.015,30.000,26.214,30.000,-5.998,65.00,88.70,1222,1486
90423,0.401978,0.079468,-0.834595,0.929758,-40.771484,-94.360352,-2.990723,174.561,-25.617,170.682,-24.258,-4.849,0.438,30.000,27.504,30.000,-4.441,65.00,90.56,1222,1506
90464,0.167725,0.136841,-0.889038,0.915011,16.906738,-101.501465,-4.760742,171.250,-10.562,170.960,-22.923,0.412,-46.498,30.000,18.973,30.000,-8.010,65.00,89.30,1222,1492
90523,0.286011,0.088501,-0.897461,0.946082,26.489258,105.346680,0.976562,174.368,-17.596,171.167,-21.964,4.955,43.223,30.000,18.336,30.000,-9.264,65.00,86.27,1222,1459
90574,0.576904,0.026245,-0.846069,1.024373,-6.530762,-7.385254,0.610352,178.223,-34.276,171.561,-24.210,-1.481,22.725,30.000,30.000,30.000,-1.576,65.00,92.02,1222,1522
90623,0.296997,0.164185,-0.912720,0.973766,-29.968262,-125.366211,-1.403809,169.802,-17.758,171.809,-23.696,-3.209,-56.775,30.000,25.032,30.000,-3.489,65.00,91.51,1222,1517
90664,0.287964,0.129150,-0.905029,0.958479,22.338867,78.796387,-4.943848,171.879,-17.484,172.064,-22.721,5.051,11.916,30.000,20.425,30.000,-7.065,65.00,88.60,1222,1484
90723,0.644043,0.085571,-0.923706,1.129313,-11.840820,42.175293,-3.173828,174.707,-34.771,172.362,-24.941,-2.070,41.498,30.000,30.000,30.000,-1.573,65.00,91.26,1222,1514
90773,0.391968,0.095581,-0.981201,1.060910,-49.926758,-152.099609,-1.708984,174.436,-21.683,172.633,-24.797,-11.230,-63.606,30.000,28.672,30.000,-1.203,65.00,93.80,1222,1542
90823,0.213501,0.089355,-1.017334,1.043329,23.315430,64.636230,0.183105,174.980,-11.808,172.845,-22.660,3.684,-9.822,30.000,17.562,30.000,-7.807,65.00,90.45,1222,1505
90864,0.639526,0.075317,-1.083618,1.260514,-6.591797,102.416992,0.671387,176.024,-30.488,172.874,-23.076,-2.467,37.694,30.000,23.014,30.000,-7.366,65.00,87.63,1222,1474
90923,0.404175,0.068359,-0.895386,0.984757,-36.865234,-118.225098,-0.427246,175.634,-24.232,173.028,-24.921,-10.585,-27.485,30.000,28.375,30.000,-3.998,65.00,90.50,1222,1506
90974,0.243164,0.086548,-0.964478,0.998417,16.601562,19.714355,2.563477,174.872,-14.096,173.134,-22.909,-1.062,-31.340,30.000,20.585,30.000,-5.799,65.00,91.22,1222,1514
91023,0.514404,0.120972,-0.977661,1.111336,8.850098,82.336426,-0.549316,172.946,-27.572,173.296,-22.780,3.532,31.028,30.000,26.515,30.000,-5.076,65.00,89.92,1222,1499
91065,0.404419,0.112305,-0.749756,0.859244,-28.320312,-56.396484,-1.953125,171.481,-28.078,173.445,-24.583,-3.402,18.254,30.000,28.336,30.000,-3.946,65.00,90.66,1222,1507
91123,0.165405,0.129395,-0.903076,0.927172,14.099121,-78.002930,0.183105,171.846,-10.276,173.476,-23.206,1.927,-37.614,30.000,18.345,30.000,-9.754,65.00,87.44,1222,1472
91174,0.326294,0.039307,-0.882202,0.941432,11.718750,149.291992,3.540039,177.449,-20.279,173.477,-22.970,-0.151,37.769,30.000,20.969,30.000,-5.898,65.00,90.53,1222,1506
91223,0.791260,0.048462,-1.074341,1.335159,-14.648438,10.070801,-0.427246,177.417,-36.344,173.619,-23.620,-5.950,-4.296,30.000,26.045,30.000,-3.274,65.00,91.73,1222,1519
91265,0.221191,0.194580,-0.971680,1.015356,-25.573730,-102.661133,-1.220703,168.676,-12.583,173.689,-23.673,-0.647,-9.530,30.000,18.488,30.000,-10.855,65.00,86.79,1222,1464
91323,-0.050171,0.120850,-0.696533,0.708717,64.086914,-31.860352,1.586914,170.157,4.059,166.642,-23.757,13.042,21.408,30.000,24.740,19.057,3.673,69.80,95.56,1276,1562
91374,0.638306,0.181274,-0.753540,1.004050,9.826660,2.807617,4.516602,166.474,-39.474,160.365,-23.676,4.823,-16.019,30.000,30.000,26.139,2.984,69.92,97.98,1277,1589
91423,0.214844,0.207031,-0.767700,0.823640,-9.338379,36.315918,4.211426,164.908,-15.120,161.480,-24.679,13.786,41.683,30.000,17.703,29.929,-11.286,65.07,86.74,1223,1464
91473,0.242798,0.051270,-0.874756,0.909273,34.973145,-22.949219,-2.441406,176.646,-15.487,161.821,-25.935,4.458,35.483,30.000,18.821,29.999,-8.307,65.00,87.80,1222,1476
91514,0.679810,-0.007080,-0.819946,1.065131,-19.042969,-136.413574,-0.854492,-179.505,-39.661,155.158,-24.387,-19.751,-78.566,-30.000,30.000,13.500,15.733,67.40,95.70,1249,1563
91574,0.178467,0.160645,-0.931274,0.961732,13.977051,18.920898,11.657715,170.213,-10.694,157.663,-21.769,6.413,-21.498,30.000,17.123,29.863,-11.055,65.14,89.62,1224,1496
91623,0.442383,0.084473,-1.053467,1.145701,20.507812,228.942871,6.469727,175.416,-22.714,158.286,-23.626,8.332,97.788,30.000,19.361,29.997,-9.532,65.00,85.47,1222,1450
91674,0.626221,-0.025146,-0.845825,1.052713,-32.897949,-100.036621,-4.272461,-178.297,-36.503,151.797,-26.113,-12.344,-13.914,-30.000,30.000,13.500,15.317,67.40,93.96,1249,1544
91714,0.357178,0.139893,-1.155640,1.217641,-12.023926,-91.430664,-4.516602,173.098,-17.058,152.782,-24.075,-8.743,-81.323,30.000,30.000,29.323,-1.170,65.68,93.83,1230,1543
91774,0.249390,0.109131,-0.958740,0.996638,28.991699,151.916504,1.098633,173.506,-14.491,155.517,-22.977,8.695,49.228,30.000,16.145,29.994,-10.448,65.01,87.15,1222,1468
91823,0.644165,0.022339,-0.829102,1.050170,2.929688,40.466309,-2.441406,178.457,-37.835,157.126,-25.373,-1.532,46.892,30.000,30.000,30.000,-1.552,65.00,89.55,1222,1495
91873,0.183472,0.153076,-0.847534,0.880573,-32.653809,-231.201172,-3.845215,169.762,-12.026,157.787,-25.193,-7.545,-73.897,30.000,22.537,30.000,-4.472,65.00,91.78,1222,1520
91914,0.339600,0.063477,-0.918701,0.981514,17.089844,88.684082,3.540039,176.048,-20.243,158.930,-22.940,-2.551,-22.973,30.000,24.489,30.000,-3.214,65.00,92.19,1222,1524
91973,0.613281,0.040405,-1.035156,1.203867,-1.159668,78.063965,1.525879,177.765,-30.626,160.007,-24.369,0.650,57.393,30.000,23.255,30.000,-7.680,65.00,87.32,1222,1470
92023,0.195068,0.132690,-0.749146,0.785415,-30.700684,-124.694824,-2.380371,169.956,-14.381,160.416,-26.292,-1.985,-16.954,30.000,29.744,30.000,-1.469,65.00,93.53,1222,1539
92074,0.401001,0.102051,-1.044678,1.123640,8.605957,22.766113,-1.464844,174.421,-20.909,162.025,-23.905,-2.800,-42.524,30.000,26.510,30.000,-1.956,65.00,93.04,1222,1534
92115,0.526245,0.093628,-1.071289,1.197230,-3.845215,59.326172,0.732422,175.005,-26.075,162.786,-23.182,-0.556,15.994,30.000,24.433,30.000,-7.307,65.00,87.69,1222,1474
92174,0.262329,0.202759,-0.775757,0.843639,-44.799805,-100.769043,-3.540039,165.352,-18.116,163.376,-26.137,-0.395,11.445,30.000,22.221,30.000,-6.544,65.00,88.46,1222,1483
92223,0.393188,0.069702,-0.986572,1.064322,0.427246,-27.465820,-1.098633,175.959,-21.680,164.521,-24.440,-5.808,-50.900,30.000,27.770,30.000,-1.397,65.00,93.60,1222,1540
92274,0.410278,0.050781,-1.031982,1.111708,13.183594,69.030762,4.516602,177.183,-21.657,165.422,-22.789,0.756,7.563,30.000,23.697,30.000,-6.045,65.00,88.96,1222,1488
92315,0.251831,0.089722,-1.269653,1.297493,49.499512,-149.414062,11.718750,175.958,-11.192,158.074,-21.750,-13.036,-55.961,30.000,27.088,18.685,4.914,69.80,95.31,1276,1559
92373,0.617554,0.173218,-1.111328,1.283132,25.634766,-59.631348,33.142090,171.141,-28.769,160.159,-15.237,22.299,-132.055,30.000,24.489,29.906,-3.979,65.09,91.02,1223,1511
92423,0.412109,0.180054,-1.366455,1.438559,-10.253906,167.968750,11.901855,172.494,-16.647,160.812,-13.814,-6.240,32.250,30.000,13.152,29.998,-17.634,65.00,79.04,1222,1378
92473,0.339722,-0.116577,-1.328735,1.376422,-61.401367,174.133301,-1.525879,-174.986,-14.289,161.940,-21.036,-7.237,158.060,30.000,13.547,29.076,-16.660,65.92,77.57,1232,1362
92525,0.461670,0.077759,-0.821777,0.945782,7.873535,-94.604492,-27.770996,174.595,-29.218,161.951,-26.413,7.341,43.747,30.000,28.327,29.983,-5.012,65.02,87.52,1222,1472
92573,0.232300,0.053223,-1.508911,1.527615,-5.981445,-3.967285,-4.455566,177.980,-8.747,162.732,-25.221,1.955,-12.963,30.000,28.326,30.000,-3.086,65.00,90.76,1222,1508
92623,0.401978,0.098145,-0.855591,0.950397,32.043457,71.472168,22.888184,173.456,-25.021,163.926,-25.202,17.476,37.866,30.000,25.213,30.000,-8.143,65.00,86.86,1222,1465
92674,0.442993,0.116699,-1.065430,1.159742,-28.808594,96.984863,33.081055,173.749,-22.456,165.329,-28.192,-5.616,61.372,30.000,23.120,30.000,-4.808,65.00,90.32,1222,1504
92725,0.658081,0.106445,-0.847534,1.078293,19.714355,47.424316,8.911133,172.841,-37.611,152.567,-30.251,15.291,24.702,30.000,30.000,27.588,2.091,67.96,97.25,1255,1581
92774,0.694214,0.005249,-0.656250,0.955314,-5.126953,73.913574,-27.099609,179.542,-46.609,148.240,-32.653,3.125,49.178,30.000,30.000,28.452,1.542,66.55,96.54,1239,1573
92823,0.637451,0.150635,-0.844116,1.068441,-29.846191,63.049316,-37.780762,169.882,-36.628,148.517,-35.528,-15.910,68.330,30.000,30.000,29.971,0.028,65.03,95.03,1223,1556
92874,0.628540,0.065796,-0.816040,1.032140,-13.061523,25.024414,-14.099121,175.390,-37.515,148.619,-37.320,-18.201,42.141,30.000,30.000,29.999,0.001,65.00,95.00,1222,1556
92923,0.637451,0.116089,-0.754272,0.994358,-10.864258,20.568848,-29.602051,171.250,-39.872,148.968,-38.074,-16.061,18.381,30.000,30.000,30.000,0.000,65.00,95.00,1222,1556
92974,0.622437,0.075928,-0.773560,0.995784,2.624512,24.291992,-27.709961,174.394,-38.687,150.291,-38.429,-7.086,19.146,30.000,30.000,30.000,0.000,65.00,95.00,1222,1556
93023,0.607300,0.148437,-0.749512,0.976020,-17.822266,-26.672363,-28.198242,168.798,-38.478,150.987,-37.896,-10.277,-6.666,30.000,30.000,30.000,0.000,65.00,95.00,1222,1556
93074,0.627686,0.219116,-0.693970,0.961039,-28.381348,-10.681152,-14.831543,162.477,-40.778,150.861,-37.475,-21.313,-13.488,30.000,30.000,30.000,0.000,65.00,95.00,1222,1556
93123,0.560059,0.230347,-0.824219,1.022772,-21.667480,-2.258301,-10.559082,164.386,-33.202,150.743,-36.701,-22.542,-7.207,30.000,30.000,30.000,0.000,65.00,95.00,1222,1556
93169,0.623291,0.330322,-0.773560,1.046900,-34.057617,1.831055,-16.845703,156.877,-36.539,150.313,-36.321,-27.854,-2.912,30.000,30.000,30.000,0.000,65.00,95.00,1222,1556
93223,0.702026,0.492310,-0.647095,1.074217,-19.409180,-20.812988,-30.700684,142.736,-40.808,148.875,-35.691,-20.812,-13.148,30.000,30.000,30.000,0.000,65.00,95.00,1222,1556
93274,0.559082,0.459961,-0.869141,1.131168,-5.676270,-1.403809,-34.790039,152.112,-29.620,147.292,-34.764,-21.333,-0.661,30.000,30.000,30.000,0.000,65.00,95.00,1222,1556
93323,0.572998,0.256836,-0.677002,0.923376,-9.216309,11.596680,-31.005859,159.225,-38.356,146.384,-34.111,-10.624,2.544,30.000,30.000,30.000,0.000,65.00,95.00,1222,1556
93364,0.578003,0.365723,-0.660889,0.951112,-19.287109,9.948730,-29.907227,151.041,-37.424,146.009,-34.014,-14.676,8.089,30.000,30.000,30.000,0.000,65.00,95.00,1222,1556
93423,0.575928,0.553223,-0.803955,1.133178,-20.019531,16.906738,-29.785156,145.467,-30.547,145.337,-33.178,-10.919,6.288,30.000,30.000,30.000,0.000,65.00,95.00,1222,1556
93474,0.593262,0.504395,-0.619629,0.995145,-21.118164,-15.197754,-27.954102,140.853,-36.595,143.627,-32.159,-22.153,-11.174,30.000,30.000,30.000,0.000,65.00,95.00,1222,1556
93523,0.541260,0.575562,-0.763428,1.098661,-29.968262,-26.123047,-28.747559,142.987,-29.515,142.301,-30.776,-24.991,-23.786,30.000,30.000,30.000,0.000,65.00,95.00,1222,1556
93565,0.512207,0.483276,-0.582031,0.913604,-6.591797,-33.508301,-10.314941,140.296,-34.100,141.134,-29.451,-20.982,-27.272,30.000,30.000,30.000,0.000,65.00,95.00,1222,1556
93623,0.344482,0.508789,-0.751953,0.971065,13.916016,-9.277344,-1.831055,145.917,-20.778,140.963,-27.951,3.357,-16.280,30.000,26.400,30.000,-2.166,65.00,92.83,1222,1531
93674,0.485840,0.409058,-0.635742,0.898630,17.761230,2.014160,-0.854492,147.241,-32.728,142.542,-26.910,12.635,-16.114,30.000,30.000,30.000,-0.479,65.00,94.52,1222,1550
93723,0.352661,0.499756,-0.945068,1.125735,26.306152,-52.795410,0.305176,152.130,-18.257,143.984,-26.590,22.131,-18.124,30.000,24.184,30.000,-4.332,65.00,90.67,1222,1507
93765,0.427612,0.401733,-0.673462,0.893193,49.316406,-54.382324,-8.666992,149.183,-28.604,145.982,-25.174,34.027,-43.764,30.000,30.000,30.000,-1.262,65.00,93.74,1222,1542
93823,0.271118,0.329102,-0.856567,0.956828,39.367676,-68.664551,-18.615723,158.983,-16.460,150.371,-22.234,39.611,-63.807,30.000,23.963,30.000,-5.033,65.00,89.97,1222,1500
93873,0.291016,0.265137,-0.750000,0.847046,54.382324,16.418457,-19.958496,160.531,-20.094,153.634,-19.773,47.523,-28.584,30.000,23.501,30.000,-5.936,65.00,89.06,1222,1490
93923,0.244141,0.348999,-0.885864,0.982935,23.010254,29.724121,-24.841309,158.497,-14.382,155.879,-19.286,31.654,11.650,30.000,16.901,30.000,-12.063,65.00,82.94,1222,1422
93975,0.180908,0.227417,-0.937256,0.981272,50.964355,10.925293,-14.099121,166.361,-10.624,158.170,-19.022,41.585,14.562,30.000,13.938,30.000,-15.311,65.00,79.69,1222,1385
94023,0.199341,0.215820,-0.976074,1.019331,36.437988,-51.818848,-25.573730,167.532,-11.277,160.547,-17.745,36.696,-23.785,30.000,16.128,30.000,-14.097,65.00,80.90,1222,1399
94074,0.208862,0.269409,-0.891602,0.954546,17.883301,-35.217285,-28.625488,163.187,-12.639,161.967,-15.021,20.319,-39.882,30.000,17.019,30.000,-13.644,65.00,81.36,1222,1404
94123,0.218018,0.322144,-0.928467,1.006657,4.638672,-14.160156,-30.029297,160.865,-12.508,162.689,-13.181,15.506,-23.486,30.000,15.233,30.000,-14.226,65.00,80.77,1222,1397
94173,0.180298,0.270752,-0.902710,0.959531,1.342773,2.746582,-25.817871,163.304,-10.830,162.807,-11.827,3.485,-9.825,30.000,12.692,30.000,-17.343,65.00,77.66,1222,1363
94214,0.205200,0.279663,-0.900513,0.965009,22.033691,-5.432129,-30.578613,162.747,-12.277,162.714,-11.433,7.077,-3.458,30.000,13.193,30.000,-16.760,65.00,78.24,1222,1369
94273,0.120728,0.211060,-0.926025,0.957415,3.784180,-34.057617,-37.292480,167.160,-7.244,163.579,-9.585,10.201,-26.375,30.000,10.258,30.000,-20.006,65.00,74.99,1222,1333
94323,0.163086,0.327759,-0.931396,1.000761,11.718750,-24.841309,-19.653320,160.613,-9.379,163.592,-8.170,4.698,-20.295,30.000,10.875,30.000,-18.698,65.00,76.30,1222,1348
94373,0.051147,0.203491,-0.913940,0.937716,29.174805,-11.657715,-25.512695,167.448,-3.127,163.924,-5.971,14.589,-26.353,30.000,5.922,30.000,-23.800,65.00,71.20,1222,1291
94414,0.071167,0.216553,-0.916016,0.943951,13.977051,8.117676,-21.240234,166.699,-4.324,164.649,-5.167,14.619,-3.855,30.000,5.118,30.000,-24.914,65.00,70.09,1222,1279
94473,0.064209,0.218750,-0.895142,0.923717,22.399902,-7.507324,-23.864746,166.268,-3.986,165.615,-4.232,17.020,-10.354,30.000,4.906,30.000,-25.235,65.00,69.77,1222,1275
94523,0.030273,0.199097,-0.939941,0.961273,15.136719,-1.708984,-21.057129,168.040,-1.805,166.488,-3.574,16.250,-4.549,30.000,2.745,30.000,-26.869,65.00,68.13,1222,1257
94573,0.015381,0.177368,-1.023804,1.039168,18.066406,5.126953,-22.644043,170.171,-0.848,167.644,-3.045,18.951,-0.067,30.000,1.627,30.000,-28.154,65.00,66.85,1222,1243
94615,-0.007446,0.172974,-1.049683,1.063865,2.685547,-22.583008,-24.780273,170.643,0.401,168.447,-2.528,12.534,-8.742,30.000,1.017,30.000,-28.894,65.00,66.11,1222,1235
94673,-0.001709,0.206421,-1.077026,1.096630,9.948730,-23.620605,-20.263672,169.150,0.089,169.395,-1.239,13.418,-17.897,30.000,1.293,30.000,-28.495,65.00,66.51,1222,1239
94723,-0.027100,0.119873,-1.021484,1.028851,10.803223,-10.131836,-14.404297,173.307,1.509,170.012,0.089,7.872,-18.828,30.000,0.124,30.000,-29.567,65.00,65.43,1222,1227
94773,-0.024780,0.079468,-0.995972,0.999444,6.042480,-7.934570,-13.610840,175.438,1.421,170.777,1.040,7.487,-11.864,30.000,-0.596,29.212,-29.992,65.79,65.01,1231,1222
94815,-0.026001,0.160889,-0.994385,1.007652,0.000000,-12.084961,-8.911133,170.809,1.479,171.178,1.471,4.549,-9.582,30.000,-0.940,29.128,-30.000,65.87,65.00,1232,1222
94873,0.000977,0.212158,-0.933838,0.957635,-5.737305,-16.784668,-9.155273,167.200,-0.058,170.826,2.031,-1.505,-13.220,30.000,0.161,29.967,-29.754,65.03,65.25,1223,1225
94923,-0.032837,0.140381,-0.909058,0.920419,-9.216309,-18.371582,-10.925293,171.221,2.045,170.578,2.779,-6.319,-17.707,30.000,-1.361,28.873,-29.995,66.13,65.01,1235,1222
94973,-0.085083,0.116455,-0.920166,0.931400,-6.042480,-2.929688,-11.230469,172.787,5.241,170.430,3.725,-6.843,-10.909,30.000,-4.419,25.722,-30.000,69.28,65.00,1270,1222
95025,-0.102905,0.181152,-0.967407,0.989587,0.610352,1.098633,-13.610840,169.394,5.969,170.076,4.062,-2.293,-1.493,30.000,-5.634,24.996,-30.000,70.00,65.00,1278,1222
95073,-0.098999,0.188599,-0.926636,0.950802,-6.408691,-28.198242,-14.404297,168.496,5.977,169.816,4.742,-5.798,-15.669,30.000,-5.051,24.829,-30.000,70.17,65.00,1280,1222
95123,-0.110352,0.251831,-0.906006,0.946807,-2.136230,-25.634766,-15.930176,164.466,6.693,169.223,6.052,-4.789,-24.270,30.000,-5.551,24.401,-30.000,70.60,65.00,1284,1222
95173,-0.138916,0.208008,-0.898804,0.932959,-6.469727,-14.526367,-20.874023,166.970,8.563,168.800,7.318,-5.637,-17.411,30.000,-7.787,22.478,-30.000,72.52,65.00,1306,1222
95225,-0.171143,0.084961,-0.875000,0.895619,-0.671387,-6.774902,-15.930176,174.454,11.016,169.027,8.332,-3.131,-11.448,30.000,-10.289,20.114,-30.000,74.89,65.00,1332,1222
95273,-0.188721,0.080688,-0.908936,0.931821,-2.868652,-3.845215,-9.460449,174.927,11.685,169.615,9.049,-1.269,-5.799,30.000,-11.383,18.974,-30.000,76.03,65.00,1345,1222
95323,-0.148193,0.219360,-0.986450,1.021354,1.098633,-1.831055,-3.417969,167.463,8.343,169.709,9.321,1.240,-1.792,30.000,-9.338,20.273,-30.000,74.73,65.00,1330,1222
95373,-0.173340,0.186768,-0.978149,1.010794,-2.136230,-19.653320,-5.676270,169.190,9.874,169.666,9.628,0.018,-10.119,30.000,-10.051,19.990,-30.000,75.01,65.00,1333,1222
95423,-0.155396,0.181763,-0.905151,0.936207,-3.295898,-8.728027,-7.751465,168.646,9.554,169.502,10.270,-2.468,-12.422,30.000,-9.932,20.002,-30.000,75.00,65.00,1333,1222
95473,-0.200684,0.131836,-0.909424,0.940588,-12.145996,-7.019043,-9.277344,171.751,12.319,169.446,10.730,-7.972,-5.770,30.000,-12.485,17.828,-30.000,77.17,65.00,1357,1222
95523,-0.173462,0.190430,-0.858887,0.896682,-11.413574,-1.342773,-6.958008,167.499,11.154,168.995,11.204,-11.472,-5.863,30.000,-11.829,18.019,-30.000,76.98,65.00,1355,1222
95579,-0.200195,0.225830,-0.904785,0.953789,-8.422852,-13.610840,-10.070801,165.986,12.116,168.190,11.588,-11.292,-9.845,30.000,-12.426,17.900,-30.000,77.10,65.00,1357,1222
95623,-0.220947,0.218018,-0.941406,0.991259,-2.990723,-2.380371,-7.690430,166.961,12.879,167.801,12.125,-4.946,-6.648,30.000,-13.370,16.829,-30.000,78.17,65.00,1369,1222
95664,-0.237061,0.135986,-0.914429,0.954395,7.019043,12.634277,-5.676270,171.541,14.382,167.893,12.307,0.040,3.639,30.000,-15.046,15.226,-30.000,79.77,65.00,1386,1222
95723,-0.222900,0.149536,-0.915161,0.953711,-3.112793,14.831543,-5.126953,170.720,13.516,168.280,11.923,-0.272,12.773,30.000,-14.827,15.303,-30.000,79.70,65.00,1386,1222
95773,-0.221924,0.239258,-0.992920,1.045172,-7.446289,-11.718750,-6.225586,166.452,12.259,168.216,11.702,-2.975,0.900,30.000,-13.130,16.588,-30.000,78.41,65.00,1371,1222
95823,-0.211670,0.224731,-0.920654,0.971037,-1.770020,-11.291504,-10.559082,166.282,12.591,167.805,12.140,-5.004,-9.673,30.000,-12.987,17.012,-30.000,77.99,65.00,1367,1222
95864,-0.286621,0.170044,-1.009521,1.063109,10.925293,6.286621,-8.056641,170.439,15.641,167.913,12.614,2.463,-2.740,30.000,-15.767,14.692,-30.000,80.31,65.00,1392,1222
95923,-0.229858,0.104736,-0.959717,0.992402,9.460449,18.432617,0.610352,173.772,13.392,168.739,12.388,8.076,13.667,30.000,-14.971,14.919,-30.000,80.08,65.00,1390,1222
95973,-0.167358,0.149536,-0.941162,0.967552,-4.272461,17.395020,4.028320,170.972,9.961,169.428,11.458,2.310,18.905,30.000,-12.473,16.924,-30.000,78.08,65.00,1368,1222
96023,-0.160278,0.187744,-0.996826,1.026937,-20.874023,3.845215,-1.037598,169.334,8.979,169.206,10.454,-9.673,11.482,30.000,-10.939,18.991,-30.000,76.01,65.00,1345,1222
96065,-0.157715,0.194336,-0.912598,0.946295,-26.428223,-11.047363,-11.230469,167.979,9.594,168.617,10.325,-18.431,-1.680,30.000,-10.626,18.955,-30.000,76.04,65.00,1345,1222
96123,-0.159912,0.229370,-0.872437,0.916148,-9.033203,0.122070,-13.610840,165.270,10.052,167.522,10.446,-12.296,-2.060,30.000,-10.978,19.377,-30.000,75.62,65.00,1340,1222
96173,-0.208618,0.225708,-0.895386,0.946669,-6.469727,2.014160,-13.977051,165.852,12.731,166.842,10.776,-10.752,0.742,30.000,-13.101,16.776,-30.000,78.22,65.00,1369,1222
96223,-0.158936,0.260254,-0.899780,0.950051,-2.502441,37.963867,-4.943848,163.868,9.630,166.328,10.200,-5.903,23.345,30.000,-12.019,18.042,-30.000,76.96,65.00,1355,1222
96265,-0.188965,0.204956,-0.931152,0.971987,-1.220703,11.657715,-3.723145,167.587,11.210,166.214,9.342,-2.734,21.331,30.000,-12.698,17.615,-30.000,77.39,65.00,1360,1222
96323,-0.114136,0.336914,-0.938232,1.003403,-12.268066,33.935547,-3.112793,160.247,6.531,166.171,8.013,3.016,25.360,30.000,-9.082,20.987,-30.000,74.01,65.00,1322,1222
96374,-0.110962,0.241577,-0.910400,0.948420,26.611328,2.685547,-4.577637,165.139,6.719,166.613,7.328,13.768,11.805,30.000,-8.139,20.867,-30.000,74.13,65.00,1324,1222
96423,-0.086792,0.253418,-0.929932,0.967743,1.281738,24.780273,0.366211,164.756,5.145,167.124,6.355,10.183,17.789,30.000,-6.999,23.392,-30.000,71.61,65.00,1296,1222
96475,-0.147339,0.249023,-1.050049,1.089185,12.573242,-9.460449,0.610352,166.659,7.774,167.466,5.720,9.620,7.605,30.000,-8.023,22.367,-30.000,72.63,65.00,1307,1222
96514,-0.119263,0.195068,-0.909302,0.937606,4.272461,-20.141602,0.305176,167.892,7.308,167.795,5.893,6.730,-9.373,30.000,-6.823,23.455,-30.000,71.55,65.00,1295,1222
96573,-0.127075,0.188599,-1.027466,1.052332,-5.432129,-43.762207,-0.610352,169.599,6.936,168.358,7.261,2.881,-31.765,30.000,-5.740,23.870,-30.000,71.13,65.00,1290,1222
96623,-0.160156,0.208862,-0.934326,0.970690,-10.253906,-63.476562,-2.502441,167.399,9.497,168.385,9.350,0.129,-50.259,30.000,-7.266,22.611,-30.000,72.39,65.00,1304,1222
96673,-0.202515,0.218262,-0.914062,0.961333,-29.113770,-53.405762,-0.488281,166.570,12.161,167.879,12.150,-8.790,-57.453,30.000,-9.817,20.466,-30.000,74.53,65.00,1328,1222
96714,-0.296753,0.221191,-0.923706,0.995098,-24.597168,-42.358398,0.793457,166.533,17.350,167.222,14.258,-17.023,-47.391,30.000,-14.943,15.957,-30.000,79.04,65.00,1378,1222
96774,-0.289917,0.221680,-0.941284,1.009559,-14.038086,-21.789551,-0.366211,166.748,16.689,165.977,16.644,-14.254,-31.980,30.000,-16.313,13.880,-30.000,81.12,65.00,1401,1222
96823,-0.382813,0.243530,-0.936157,1.040309,1.647949,-26.184082,1.708984,165.418,21.591,165.052,17.944,-12.894,-27.047,30.000,-20.615,10.845,-30.000,84.16,65.00,1435,1222
96874,-0.363770,0.242676,-0.886108,0.988134,-5.920410,-10.681152,4.638672,164.684,21.601,164.454,19.328,-8.817,-23.906,30.000,-21.343,9.473,-30.000,85.53,65.00,1450,1222
96914,-0.344116,0.241333,-0.867676,0.964116,-15.136719,-6.591797,7.324219,164.457,20.911,163.870,20.014,-12.639,-12.119,30.000,-21.822,7.897,-30.000,87.10,65.00,1468,1222
96974,-0.322632,0.253296,-0.882080,0.972787,-28.625488,-40.832520,8.544922,163.978,19.369,162.783,20.290,-19.282,-19.539,30.000,-20.380,9.776,-30.000,85.22,65.00,1447,1222
97023,-0.389160,0.173584,-0.804810,0.910657,-9.887695,-31.250000,16.174316,167.829,25.299,161.775,21.721,-17.638,-32.978,30.000,-24.364,6.753,-30.000,88.25,65.00,1481,1222
97074,-0.472168,0.293091,-0.925171,1.079252,-28.259277,-9.704590,7.995605,162.422,25.944,160.555,23.210,-22.421,-24.792,30.000,-25.890,4.506,-30.000,90.49,65.00,1505,1222
97115,-0.406982,0.329468,-0.779663,0.939180,-15.136719,0.488281,10.986328,157.092,25.680,159.203,23.632,-20.497,-7.926,30.000,-26.876,3.631,-30.000,91.37,65.00,1515,1222
97174,-0.406006,0.386841,-0.731445,0.921683,-34.484863,-42.968750,15.991211,152.127,26.136,156.781,24.435,-33.273,-30.354,30.000,-26.165,4.225,-30.000,90.78,65.00,1509,1222
97223,-0.407715,0.406372,-0.719971,0.921807,-54.016113,-27.221680,11.291504,150.558,26.251,154.331,25.669,-39.649,-30.732,30.000,-26.699,3.972,-30.000,91.03,65.00,1511,1222
97274,-0.479004,0.616455,-0.741821,1.076922,-3.662109,-7.751465,9.521484,140.273,26.410,150.588,26.583,-27.211,-20.191,30.000,-27.798,2.172,-30.000,92.83,65.00,1531,1222
97315,-0.444702,0.385010,-0.752563,0.955167,-11.535645,9.948730,2.624512,152.906,27.747,149.720,26.657,-10.624,-0.710,30.000,-29.951,0.192,-30.000,94.81,65.00,1553,1222
97374,-0.385254,0.440063,-0.683594,0.899654,10.131836,10.070801,-5.065918,147.229,25.355,149.108,26.096,1.762,10.524,30.000,-28.613,1.073,-30.000,93.93,65.00,1544,1222
97423,-0.468750,0.473633,-0.860107,1.088044,1.953125,-9.277344,-15.136719,151.160,25.520,149.614,25.744,5.471,3.373,30.000,-28.166,1.647,-30.000,93.35,65.00,1537,1222
97474,-0.440063,0.422852,-0.786499,0.995510,11.169434,-35.827637,-24.414062,151.736,26.235,150.168,26.356,9.031,-17.064,30.000,-27.773,2.053,-30.000,92.95,65.00,1533,1222
97519,-0.437988,0.512939,-0.774414,1.026965,7.263184,-22.399902,-25.329590,146.481,25.245,150.487,27.328,8.341,-21.493,30.000,-27.174,2.788,-30.000,92.21,65.00,1525,1222
97574,-0.434937,0.496704,-0.668091,0.939271,16.052246,20.690918,-17.028809,143.370,27.585,150.725,28.601,10.271,-5.443,30.000,-30.000,0.355,-30.000,94.64,65.00,1552,1222
97623,-0.396606,0.451416,-0.670654,0.900472,30.029297,33.325195,-26.550293,146.056,26.132,151.631,28.301,20.855,20.630,30.000,-30.000,0.165,-30.000,94.84,65.00,1554,1222
97674,-0.477905,0.351074,-0.768433,0.970636,21.118164,1.953125,-16.784668,155.446,29.496,153.514,27.921,21.090,14.599,30.000,-30.000,0.003,-30.000,95.00,65.00,1556,1222
97725,-0.471802,0.300781,-0.765015,0.947794,8.850098,-19.287109,-15.625000,158.537,29.854,155.211,28.425,17.130,-8.192,30.000,-30.000,0.000,-30.000,95.00,65.00,1556,1222
97774,-0.476807,0.243164,-0.745850,0.918022,17.944336,-5.615234,-8.300781,161.943,31.291,156.496,29.337,15.718,-10.817,30.000,-30.000,0.000,-30.000,95.00,65.00,1556,1222
97823,-0.492310,0.315796,-0.774170,0.970276,15.075684,8.666992,-5.493164,157.809,30.490,157.855,29.618,17.104,4.291,30.000,-30.000,0.000,-30.000,95.00,65.00,1556,1222
97874,-0.506348,0.310181,-0.800659,0.996822,16.540527,4.699707,-12.084961,158.823,30.528,158.724,29.496,15.744,5.148,30.000,-30.000,0.000,-30.000,95.00,65.00,1556,1222
97923,-0.530273,0.187134,-0.812378,0.988012,13.488770,-1.037598,-21.301270,167.028,32.460,160.130,29.754,15.528,0.026,30.000,-30.000,0.000,-30.000,95.00,65.00,1556,1222
97968,-0.500732,0.161743,-0.798462,0.956261,19.836426,-4.455566,-17.211914,168.549,31.576,161.622,30.126,18.053,-1.516,30.000,-30.000,0.000,-30.000,95.00,65.00,1556,1222
98023,-0.502319,0.239014,-0.822021,0.992558,18.066406,14.709473,4.089355,163.788,30.403,164.038,30.135,21.374,10.788,30.000,-30.000,0.000,-30.000,95.00,65.00,1556,1222
98074,-0.497314,0.311646,-0.852051,1.034618,20.568848,5.554199,6.042480,159.910,28.729,164.776,29.482,18.876,9.221,30.000,-30.000,0.000,-30.000,95.00,65.00,1556,1222
98123,-0.519287,0.179932,-0.872803,1.031416,18.737793,6.469727,10.070801,168.351,30.230,165.465,29.067,17.323,6.518,30.000,-30.000,0.000,-30.000,95.00,65.00,1556,1222
98164,-0.527832,0.155640,-0.884888,1.042044,15.075684,6.347656,7.263184,170.024,30.433,166.320,28.806,17.336,7.146,30.000,-30.000,0.000,-30.000,95.00,65.00,1556,1222
98223,-0.482300,0.187378,-0.865356,1.008249,16.601562,10.620117,3.173828,167.782,28.578,167.143,28.420,16.667,6.148,30.000,-30.000,0.000,-30.000,95.00,65.00,1556,1222
98274,-0.431885,0.138550,-0.854614,0.967515,18.737793,17.639160,5.615234,170.791,26.512,168.028,27.782,16.954,12.850,30.000,-30.000,0.000,-30.000,95.00,65.00,1556,1222
98323,-0.444092,0.190063,-0.917358,1.036768,16.540527,38.818359,7.995605,168.295,25.362,168.881,26.602,18.891,25.616,30.000,-29.719,0.157,-30.000,94.84,65.00,1554,1222
98364,-0.387939,0.206299,-0.912109,1.012423,11.718750,69.030762,14.221191,167.255,22.531,169.589,24.718,16.522,49.007,30.000,-28.372,1.488,-30.000,93.51,65.00,1539,1222
98423,-0.235962,0.193970,-0.876343,0.928051,-3.356934,72.814941,20.080566,167.519,14.729,169.560,20.458,2.189,66.127,30.000,-22.181,6.359,-30.000,88.64,65.00,1485,1222
98474,-0.097778,0.257813,-0.932251,0.972173,-7.141113,96.801758,22.705078,164.541,5.772,168.738,15.776,-2.723,86.365,30.000,-15.189,12.888,-30.000,82.34,65.00,1415,1222
98523,-0.274292,-0.029053,-1.165405,1.197602,-4.516602,66.955566,22.216797,-178.572,13.240,168.678,11.000,-3.012,82.548,30.000,-16.858,12.460,-30.000,82.54,65.00,1417,1222
98565,-0.110962,0.026123,-0.831299,0.839078,-20.385742,36.865234,27.648926,178.200,7.599,169.183,8.139,-7.918,63.057,30.000,-12.156,16.204,-30.000,78.80,65.00,1376,1222
98623,-0.025879,0.218506,-0.822510,0.851432,-11.962891,22.888184,18.798828,165.123,1.742,168.154,4.576,-15.783,36.053,30.000,-4.976,25.077,-30.000,69.92,65.00,1277,1222
98673,-0.080200,0.320679,-1.203979,1.248533,-26.428223,30.639648,16.784668,165.086,3.683,166.792,2.701,-24.830,28.388,30.000,-4.480,25.850,-30.000,69.15,65.00,1268,1222
98723,0.014771,0.247925,-1.047729,1.076765,-18.371582,19.653320,11.047363,166.687,-0.786,165.941,1.182,-14.890,22.322,30.000,-1.296,28.134,-30.000,66.87,65.00,1243,1222
98765,0.091797,0.201416,-0.977661,1.002405,-4.638672,57.434082,9.277344,168.359,-5.254,165.362,-0.318,-10.685,36.164,30.000,1.601,29.657,-29.119,65.34,65.88,1226,1232
98823,0.228516,0.191895,-0.931396,0.978030,-5.859375,89.294434,13.000488,168.358,-13.512,165.842,-5.162,-5.577,77.649,30.000,6.881,29.997,-23.395,65.00,71.61,1222,1296
98873,0.157837,0.251465,-0.960449,1.005291,-21.423340,37.475586,16.540527,165.328,-9.033,165.354,-9.043,-13.504,61.128,30.000,6.165,30.000,-24.257,65.00,70.74,1222,1286
98923,0.271362,0.281616,-1.034668,1.106112,39.245605,73.425293,13.183594,164.774,-14.201,164.960,-12.297,4.386,61.179,30.000,11.109,30.000,-19.168,65.00,75.83,1222,1343
98975,0.305420,0.072998,-0.752808,0.815677,38.818359,73.181152,11.352539,174.461,-21.990,166.075,-16.074,24.501,71.498,30.000,13.284,30.000,-16.309,65.00,78.69,1222,1374
99023,0.333130,0.130981,-0.845947,0.918563,-0.183105,20.629883,4.272461,171.199,-21.264,167.306,-19.233,17.100,44.923,30.000,19.805,30.000,-11.008,65.00,83.99,1222,1433
99074,0.312134,0.017944,-0.797974,0.857036,11.474609,-94.299316,-11.779785,178.712,-21.358,168.605,-20.021,16.034,-25.440,30.000,24.312,30.000,-6.297,65.00,88.70,1222,1486
99123,0.213623,0.053467,-0.727661,0.760253,-5.981445,-41.320801,-22.583008,175.798,-16.319,162.382,-18.086,8.795,-32.946,30.000,21.677,29.169,-7.852,65.83,87.40,1231,1471
99174,0.415527,-0.044067,-0.996582,1.080639,30.517578,-31.616211,-20.385742,-177.468,-22.614,149.730,-16.115,9.876,-39.781,-30.000,24.566,0.728,22.025,69.88,90.42,1276,1505
99214,0.229126,0.202515,-1.016113,1.061130,39.184570,-12.878418,-3.356934,168.728,-12.470,152.141,-15.025,24.693,-27.577,30.000,16.161,28.800,-10.672,66.20,89.43,1236,1494
99273,0.341309,0.116455,-0.966431,1.031524,-9.277344,-3.295898,2.136230,173.129,-19.322,155.495,-14.446,7.517,-6.802,30.000,19.591,29.990,-11.304,65.01,83.70,1222,1430
99323,0.255493,0.253662,-0.989502,1.052965,4.577637,10.314941,7.141113,165.622,-14.043,150.486,-15.354,11.308,13.603,30.000,15.027,27.949,-11.037,67.16,86.37,1246,1460
99373,0.282349,0.038818,-0.948608,0.990498,-22.460937,-2.990723,-21.728516,177.657,-16.562,152.054,-15.339,-15.239,-2.833,30.000,17.723,29.962,-12.653,65.04,82.35,1223,1415
99414,0.277588,0.117310,-0.904663,0.953537,19.226074,-0.976562,-27.832031,172.612,-16.925,152.691,-15.198,-11.281,0.254,30.000,17.801,29.998,-12.451,65.00,82.55,1222,1417
99473,0.269165,0.160156,-0.980225,1.029048,-11.901855,8.117676,-40.039062,170.721,-15.163,154.475,-14.584,-4.975,3.042,30.000,16.166,30.000,-13.911,65.00,81.09,1222,1401
99523,0.129761,0.209106,-0.896973,0.930120,-1.770020,24.291992,-37.414551,166.877,-8.019,154.966,-14.304,-8.187,16.689,30.000,10.131,30.000,-18.062,65.00,76.94,1222,1355
99573,0.279907,0.141846,-0.915283,0.967580,-20.874023,4.272461,-38.452148,171.191,-16.815,155.405,-13.978,-13.204,5.737,30.000,16.952,30.000,-13.807,65.00,81.19,1222,1402
99615,0.326782,0.197510,-0.946167,1.020308,-20.874023,-14.099121,-34.362793,168.209,-18.680,155.529,-13.732,-12.792,-3.376,30.000,18.651,30.000,-12.132,65.00,82.87,1222,1421
99674,0.135132,0.249878,-0.816772,0.864764,19.470215,11.474609,-23.681641,162.989,-8.990,156.127,-13.545,-3.607,-0.797,30.000,11.497,30.000,-14.726,65.00,83.30,1222,1426
99723,0.276123,0.234985,-0.951294,1.018048,-16.296387,13.427734,-21.484375,166.125,-15.737,156.979,-13.299,-3.588,10.299,30.000,15.646,30.000,-15.099,65.00,79.90,1222,1388
99773,0.129639,0.324585,-0.813965,0.885833,27.587891,-13.610840,-21.301270,158.259,-8.415,156.651,-12.984,4.719,4.489,30.000,10.638,30.000,-19.943,65.00,75.06,1222,1334
99815,0.198486,0.165894,-0.896973,0.933530,25.756836,-8.422852,-32.348633,169.522,-12.276,157.742,-12.400,10.797,-4.913,30.000,13.652,30.000,-16.725,65.00,78.27,1222,1370
99873,0.196533,0.250610,-0.887817,0.943213,21.484375,-4.211426,-29.235840,164.237,-12.027,159.422,-12.395,16.566,5.900,30.000,12.909,30.000,-16.616,65.00,78.38,1222,1371
99923,0.184570,0.251709,-0.940552,0.990990,18.310547,-12.573242,-21.057129,165.018,-10.734,160.450,-12.003,13.340,-3.817,30.000,12.331,30.000,-17.199,65.00,77.80,1222,1364
99974,0.225220,0.214355,-0.950317,0.999888,2.868652,-5.676270,-21.179199,167.289,-13.017,161.474,-11.282,9.272,-9.127,30.000,14.004,30.000,-16.430,65.00,78.57,1222,1373
100015,0.245605,0.310547,-0.921021,1.002517,-9.460449,25.390625,-18.615723,161.367,-14.181,161.597,-11.131,-4.643,9.680,30.000,13.736,30.000,-17.756,65.00,77.24,1222,1358
100074,0.150879,0.385010,-0.927368,1.015386,19.042969,52.490234,-19.470215,157.454,-8.545,161.432,-12.823,12.969,42.841,30.000,8.368,30.000,-20.546,65.00,75.62,1222,1340
100123,0.237305,0.207642,-0.896606,0.950438,-26.611328,49.072266,-17.395020,166.961,-14.459,161.671,-14.277,-6.988,39.934,30.000,13.330,30.000,-16.851,65.00,78.15,1222,1368
100173,0.406860,0.169922,-0.985596,1.079726,-3.845215,1.342773,-10.925293,170.218,-22.137,162.080,-15.969,6.258,20.343,30.000,20.647,30.000,-9.961,65.00,85.04,1222,1445
100225,0.305420,0.230957,-0.914185,0.991139,10.925293,11.901855,-13.122559,165.822,-17.948,162.491,-16.896,4.975,12.328,30.000,18.490,30.000,-10.474,65.00,84.53,1222,1439
100273,0.297363,0.232666,-0.880859,0.958369,17.150879,-5.676270,-10.925293,165.204,-18.076,163.037,-17.374,11.335,4.826,30.000,19.216,30.000,-10.457,65.00,84.54,1222,1439
100323,0.303833,0.229248,-0.888184,0.966302,4.028320,6.958008,-18.920898,165.527,-18.326,163.260,-17.185,9.600,1.586,30.000,19.516,30.000,-10.904,65.00,84.10,1222,1434
100374,0.260986,0.172485,-0.885986,0.939594,22.949219,8.178711,-9.338379,168.983,-16.127,164.194,-17.459,8.980,10.042,30.000,17.541,30.000,-12.009,65.00,82.99,1222,1422
100425,0.301514,0.193726,-0.867554,0.938664,15.441895,12.084961,-2.929688,167.412,-18.736,165.124,-17.685,13.301,6.451,30.000,19.710,30.000,-10.621,65.00,84.38,1222,1438
100473,0.286011,0.216797,-0.889160,0.958858,18.920898,20.935059,-2.319336,166.297,-17.354,165.991,-18.393,17.169,15.642,30.000,18.443,30.000,-10.820,65.00,84.18,1222,1435
100523,0.435181,0.143799,-0.846436,0.962556,8.605957,27.404785,-0.183105,170.358,-26.879,166.957,-19.678,15.282,21.210,30.000,25.414,30.000,-5.815,65.00,89.19,1222,1491
100573,0.362183,0.227539,-0.829346,0.933148,3.540039,25.085449,4.394531,164.658,-22.838,167.588,-20.938,11.902,22.404,30.000,22.938,30.000,-8.295,65.00,86.70,1222,1463
100623,0.368530,0.174683,-0.909790,0.997019,-5.065918,11.901855,0.610352,169.131,-21.693,167.699,-22.293,-2.268,23.841,30.000,22.555,30.000,-7.746,65.00,87.25,1222,1469
100664,0.372925,0.146606,-0.923462,1.006652,-0.183105,18.798828,-4.577637,170.979,-21.744,167.692,-23.076,-6.394,17.598,30.000,23.267,30.000,-6.191,65.00,88.81,1222,1487
100723,0.537720,0.212402,-0.891724,1.062746,18.371582,2.075195,-0.122070,166.602,-30.396,167.163,-25.053,-0.096,21.164,30.000,30.000,30.000,-0.657,65.00,94.34,1222,1548
100774,0.363159,0.255981,-0.820923,0.933448,10.375977,14.953613,-7.019043,162.681,-22.895,167.176,-25.807,6.675,11.750,30.000,25.493,30.000,-3.351,65.00,91.65,1222,1518
100823,0.453857,0.221558,-0.889526,1.022903,7.751465,13.549805,-10.192871,166.014,-26.340,167.333,-26.343,9.688,12.277,30.000,28.130,30.000,-1.771,65.00,93.23,1222,1536
100864,0.447266,0.145996,-0.896118,1.012121,8.178711,1.586914,-6.896973,170.747,-26.226,167.598,-26.724,7.166,8.090,30.000,28.446,30.000,-1.454,65.00,93.55,1222,1539
100923,0.500977,0.158569,-0.847778,0.997422,-2.868652,-1.037598,-0.427246,169.406,-30.150,168.118,-27.217,3.996,5.219,30.000,30.000,30.000,-0.254,65.00,94.75,1222,1553
100974,0.421265,0.167236,-0.844482,0.958427,-5.004883,-5.920410,0.793457,168.798,-26.074,168.223,-27.169,-2.637,-4.371,30.000,29.171,30.000,-0.545,65.00,94.45,1222,1549
101023,0.476440,0.188477,-0.871216,1.010711,-5.676270,-0.183105,-7.751465,167.793,-28.125,167.969,-27.002,-4.527,-1.483,30.000,30.000,30.000,-0.406,65.00,94.59,1222,1551
101065,0.465698,0.161011,-0.875000,1.004203,-4.577637,-11.230469,-11.840820,169.574,-27.629,167.834,-26.892,-5.906,-6.525,30.000,30.000,30.000,-0.017,65.00,94.98,1222,1555
101123,0.468506,0.197876,-0.882202,1.018299,4.821777,-19.836426,-16.052246,167.358,-27.393,167.682,-26.354,0.959,-12.441,30.000,30.000,30.000,-0.024,65.00,94.98,1222,1555
101174,0.411377,0.191040,-0.880981,0.990886,15.991211,-4.943848,-13.122559,167.765,-24.529,167.675,-25.685,10.772,-8.128,30.000,27.721,30.000,-2.081,65.00,92.92,1222,1532
101223,0.418579,0.254761,-0.862427,0.991913,0.427246,1.403809,-5.798340,163.543,-24.960,167.611,-25.387,5.998,-3.278,30.000,27.623,30.000,-1.757,65.00,93.24,1222,1536
101265,0.459961,0.165771,-0.881592,1.008091,0.610352,-2.624512,-20.202637,169.351,-27.147,167.440,-25.410,0.227,-0.377,30.000,29.041,30.000,-1.182,65.00,93.82,1222,1542
101323,0.447266,0.191650,-0.875977,1.002053,7.629395,-7.629395,-36.010742,167.659,-26.510,167.216,-25.229,3.854,-3.232,30.000,28.667,30.000,-1.688,65.00,93.31,1222,1537
101374,0.451416,0.226196,-0.876221,1.011288,5.371094,-5.676270,-50.048828,165.525,-26.511,166.621,-25.045,6.073,-3.075,30.000,28.588,30.000,-0.824,65.00,94.18,1222,1546
101423,0.453491,0.367310,-0.816162,1.003340,13.061523,9.582520,-67.626953,155.770,-26.871,165.460,-24.424,11.336,-2.147,30.000,28.551,30.000,-1.380,65.00,93.62,1222,1540
101465,0.421509,0.208862,-0.872314,0.991073,20.202637,-9.094238,-74.707031,166.535,-25.170,164.950,-23.787,15.825,-3.925,30.000,27.196,30.000,-3.151,65.00,91.85,1222,1521
101523,0.446289,0.213013,-0.913574,1.038829,25.939941,-24.169922,-91.308594,166.875,-25.443,164.347,-22.731,22.857,-8.566,30.000,27.263,30.000,-2.279,65.00,92.72,1222,1530
101573,0.281616,0.154053,-0.898071,0.953715,29.907227,-20.751953,-96.313477,170.266,-17.175,164.516,-20.485,25.920,-19.751,30.000,21.157,30.000,-8.555,65.00,86.45,1222,1461
101623,0.165649,0.185791,-0.889282,0.923461,38.452148,-23.742676,-86.791992,168.199,-10.334,164.706,-17.672,24.159,-20.437,30.000,15.224,30.000,-14.302,65.00,80.70,1222,1397
101673,0.177979,0.222778,-0.919434,0.962634,34.667969,-19.042969,-69.946289,166.380,-10.655,165.231,-15.272,27.848,-16.754,30.000,14.309,30.000,-14.836,65.00,80.16,1222,1391
101714,0.129517,0.212280,-0.937988,0.970391,19.226074,-9.460449,-54.504395,167.248,-7.670,165.809,-13.360,26.292,-14.281,30.000,11.290,30.000,-18.926,65.00,76.07,1222,1345
101773,0.133179,0.261719,-0.912109,0.958215,33.752441,-9.277344,-23.437500,163.990,-7.989,166.592,-11.420,33.018,-12.373,30.000,10.657,30.000,-19.594,65.00,75.41,1222,1338
101823,0.111816,0.259399,-0.895996,0.939468,-4.699707,12.145996,-13.793945,163.854,-6.836,167.420,-10.282,14.115,-0.459,30.000,8.695,30.000,-21.404,65.00,73.60,1222,1318
101873,0.224365,0.270386,-0.947632,1.010670,16.052246,7.995605,10.131836,164.075,-12.826,167.637,-10.262,10.331,6.983,30.000,12.594,30.000,-18.854,65.00,76.15,1222,1346
101914,0.123413,0.134155,-0.972778,0.989710,0.854492,14.648438,20.019531,172.148,-7.163,168.379,-10.548,6.970,8.109,30.000,8.588,30.000,-20.204,65.00,74.80,1222,1331
101973,0.178223,0.125122,-0.923462,0.948789,-3.662109,15.319824,13.671875,172.284,-10.827,169.003,-11.254,0.814,15.271,30.000,11.050,30.000,-19.732,65.00,75.27,1222,1336
102023,0.266235,0.138672,-0.956177,1.002190,-13.977051,10.253906,7.019043,171.748,-15.406,169.053,-12.124,-8.383,10.037,30.000,14.972,30.000,-15.453,65.00,79.55,1222,1384
102073,0.205688,0.232056,-1.004639,1.051407,-10.437012,13.061523,6.958008,166.994,-11.282,168.576,-12.791,-11.805,13.642,30.000,12.064,30.000,-18.090,65.00,76.91,1222,1355
102115,0.046753,0.228516,-0.997681,1.024584,-36.132812,42.663574,-7.690430,167.099,-2.615,167.840,-13.067,-24.561,27.767,30.000,5.127,30.000,-23.834,65.00,71.17,1222,1291
102173,0.258423,0.309570,-0.898560,0.984899,-51.391602,64.575195,-13.000488,160.990,-15.212,165.367,-15.005,-42.796,51.102,30.000,13.479,30.000,-17.815,65.00,77.19,1222,1358
102223,0.329224,0.244873,-0.857056,0.950208,-63.964844,59.753418,-18.554687,164.055,-20.272,162.263,-17.967,-57.006,54.397,30.000,18.040,30.000,-11.329,65.00,83.67,1222,1430
102274,0.498657,0.331299,-0.832764,1.025628,-57.556152,52.795410,-17.089844,158.306,-29.091,158.692,-20.770,-60.470,54.123,30.000,25.441,30.000,-6.543,65.00,88.43,1222,1483
102315,0.486694,0.399048,-0.912842,1.108779,-70.922852,35.644531,-16.296387,156.388,-26.037,155.662,-23.025,-61.344,49.965,30.000,24.375,30.000,-5.188,65.00,89.81,1222,1498
102373,0.308350,0.372681,-0.753540,0.895429,-115.539551,46.020508,-18.554687,153.684,-20.143,150.610,-24.526,-94.670,44.684,30.000,21.055,30.000,-9.108,65.00,85.89,1222,1454
102423,0.593018,0.553101,-0.593506,1.004908,-93.933105,33.264160,-19.470215,137.018,-36.166,144.767,-26.562,-94.340,38.390,30.000,30.000,30.000,-0.382,65.00,94.62,1222,1551
102474,0.338989,0.753296,-0.607666,1.025488,-108.764648,46.508789,-17.089844,128.892,-19.303,137.893,-27.099,-99.559,38.282,30.000,21.829,30.000,-7.287,65.00,87.71,1222,1475
102515,0.461182,0.656738,-0.377319,0.886771,-135.070801,43.212891,-2.929688,119.879,-31.337,131.729,-27.982,-119.538,42.736,30.000,30.000,30.000,-0.997,65.00,94.00,1222,1544
102574,0.344116,0.745483,-0.215942,0.848995,-119.262695,22.216797,5.432129,106.155,-23.911,123.645,-29.135,-112.936,31.170,30.000,26.335,30.000,-2.404,65.00,92.60,1222,1529
102623,0.458496,0.794800,-0.119263,0.925283,-128.173828,62.377930,25.817871,98.534,-29.704,114.467,-30.510,-126.223,50.398,30.000,29.853,30.000,-0.792,65.00,94.21,1222,1547
102673,0.566528,0.724243,-0.224854,0.946595,-90.209961,43.029785,15.014648,107.248,-36.762,106.525,-33.044,-93.243,54.444,30.000,30.000,30.000,-0.015,65.00,94.99,1222,1555
102725,0.466675,0.815186,-0.043213,0.940309,-83.618164,70.251465,1.403809,93.034,-29.755,99.384,-34.744,-95.823,51.422,30.000,30.000,30.000,-0.000,65.00,95.00,1222,1556
102774,0.532593,0.819824,0.138916,0.987454,-96.191406,107.788086,-23.376465,80.383,-32.640,91.285,-33.998,-95.472,82.263,30.000,30.000,30.000,-2.809,65.00,91.17,1222,1513
102823,0.509399,0.840088,0.388794,1.056597,-87.280273,52.551270,-17.211914,65.165,-28.824,82.350,-33.238,-101.395,74.598,30.000,28.821,30.000,-0.700,65.00,94.30,1222,1548
102873,0.704834,0.757935,0.115479,1.041437,-116.455078,167.236328,-11.169434,81.337,-42.593,74.274,-32.131,-112.392,96.114,30.000,30.000,30.000,-0.013,65.00,94.99,1222,1555
102925,0.456665,0.763794,0.566162,1.054734,-101.318359,134.460449,20.874023,53.452,-25.656,65.298,-30.100,-102.914,119.467,30.000,22.656,30.000,-6.159,65.00,88.84,1222,1487
102973,0.339600,0.625732,0.785156,1.059877,-97.045898,151.367187,20.690918,38.553,-18.688,55.251,-26.726,-105.865,153.035,30.000,15.484,30.000,-13.187,65.00,81.81,1222,1409
103023,0.179932,0.554443,0.977417,1.138036,-112.609863,144.775391,4.516602,29.564,-9.097,45.539,-22.073,-114.303,151.515,30.000,10.143,30.000,-18.144,65.00,76.86,1222,1354
103073,0.130371,0.538330,0.882202,1.041670,-130.065918,117.492676,-14.343262,31.392,-7.190,37.117,-16.596,-122.482,122.948,30.000,6.818,30.000,-21.672,65.00,73.33,1222,1315
103123,0.151855,0.358765,0.943604,1.020862,-129.333496,-2.380371,-19.104004,20.817,-8.555,29.626,-12.231,-123.503,43.715,23.352,10.020,30.000,-15.446,65.00,79.09,1222,1379
103164,0.035400,0.120239,0.911499,0.920077,-86.425781,-47.973633,-1.403809,7.515,-2.205,23.868,-10.846,-106.753,-3.615,19.706,11.953,30.000,-9.080,65.00,85.92,1222,1455
103223,0.100342,0.040283,1.011475,1.017237,-76.538086,31.555176,-0.549316,2.281,-5.661,16.826,-10.465,-88.494,13.175,13.055,10.612,24.938,-2.937,70.06,92.06,1278,1523
103273,0.066772,0.053833,0.923706,0.927680,-60.668945,58.715820,-8.361816,3.335,-4.128,11.950,-8.288,-68.233,47.795,8.908,6.141,16.450,-2.685,78.55,92.32,1373,1526
103323,0.026367,0.010986,0.932007,0.932444,-75.317383,3.845215,-11.169434,0.675,-1.620,7.809,-5.311,-68.509,35.816,4.335,3.585,8.860,-1.405,86.14,93.59,1457,1540
103364,-0.035278,0.011719,1.007446,1.008132,-57.006836,-17.639160,-16.296387,0.666,2.005,4.818,-3.987,-63.017,11.254,1.375,3.602,5.490,1.570,89.51,96.57,1495,1573
103423,0.105591,-0.071655,1.060791,1.068439,-45.166016,-44.311523,-6.958008,-3.864,-5.672,0.865,-4.086,-54.592,-21.184,-2.467,5.571,3.176,7.129,91.82,102.13,1520,1635
103473,-0.003296,-0.206177,1.066162,1.085919,-49.743652,34.240723,-8.117676,-10.945,0.174,-1.763,-3.556,-44.337,26.496,-4.441,2.213,-1.183,6.714,96.18,101.71,1569,1630
103523,-0.122437,-0.196655,0.833374,0.864972,-25.268555,71.716309,-13.305664,-13.277,8.138,-4.502,-0.154,-33.788,74.031,-7.063,-4.399,-10.023,3.186,105.02,98.19,1667,1591
103564,-0.196777,-0.276855,0.976929,1.034292,-17.211914,36.499023,-17.028809,-15.822,10.968,-6.541,3.385,-21.002,67.675,-9.065,-8.218,-17.299,1.289,112.30,96.29,1748,1570
103623,-0.286743,-0.058838,1.102295,1.140499,1.647949,5.432129,-23.132324,-3.055,14.562,-7.499,7.777,-6.701,52.709,-8.245,-11.900,-19.993,-3.201,114.99,91.80,1778,1520
103673,-0.188110,-0.120972,0.847412,0.876429,1.403809,-33.447266,-34.545898,-8.124,12.394,-7.146,8.989,-3.057,-1.069,-7.893,-9.744,-18.021,-2.211,113.02,92.79,1756,1531
103723,-0.185303,-0.242798,1.146606,1.186589,4.394531,-69.946289,-28.381348,-11.956,8.984,-8.165,7.226,-3.017,-53.920,-9.003,-4.605,-14.721,3.778,109.72,98.78,1719,1598
103765,-0.032837,-0.052490,1.229492,1.231050,0.671387,-67.687988,-27.038574,-2.445,1.528,-8.031,4.597,2.716,-66.927,-8.528,-0.932,-10.249,6.956,105.25,101.96,1669,1633
103823,-0.028809,-0.245850,1.018188,1.047845,26.306152,15.991211,-2.197266,-13.575,1.575,-7.806,2.047,17.132,-6.593,-7.612,-1.732,-9.179,6.233,104.18,101.23,1658,1625
103873,-0.157837,-0.022217,0.969238,0.982257,26.306152,46.203613,5.065918,-1.313,9.247,-6.556,3.694,26.791,44.859,-5.461,-6.561,-11.702,-0.069,106.70,94.93,1686,1555
103923,-0.123291,-0.181763,0.785278,0.815414,32.714844,8.422852,8.300781,-13.032,8.697,-5.367,5.802,29.628,28.082,-3.982,-7.873,-12.117,-3.484,107.12,91.52,1690,1517
103965,-0.183838,-0.178711,1.033936,1.065250,20.019531,-34.362793,4.943848,-9.806,9.938,-4.610,6.428,25.321,-2.824,-3.408,-6.793,-10.572,-3.555,105.57,91.45,1673,1516
104023,-0.066650,0.277222,1.016113,1.055358,-3.051758,-32.653809,-11.169434,15.260,3.621,-2.506,5.115,6.662,-20.656,-0.958,-4.174,-6.141,-2.858,101.14,92.14,1624,1524
104073,0.069336,-0.062134,0.948364,0.952923,-34.301758,-48.950195,-5.004883,-3.748,-4.173,-2.562,3.385,-20.776,-39.088,-3.906,-1.270,-5.452,1.600,100.45,96.60,1616,1573
104123,0.045166,0.003662,0.933960,0.935059,-25.390625,-33.569336,-1.403809,0.225,-2.769,-3.100,1.552,-19.114,-34.601,-4.398,0.477,-4.164,4.338,99.16,99.34,1602,1604
104173,-0.217041,-0.110962,0.807129,0.843135,13.244629,38.452148,-2.380371,-7.828,14.917,-4.178,1.663,-23.800,6.038,-6.095,-2.835,-7.930,3.861,102.93,98.86,1644,1598
104223,0.012085,-0.190186,1.239746,1.254307,-58.898926,77.453613,2.319336,-8.722,-0.552,-5.228,3.226,-25.514,52.709,-7.122,-6.517,-12.358,0.963,107.36,95.96,1693,1566
104273,-0.183105,-0.142212,1.164063,1.186926,31.005859,43.273926,9.704590,-6.965,8.874,-6.653,5.771,4.679,45.343,-6.894,-8.874,-15.970,-0.967,110.97,94.03,1733,1545
104323,-0.223511,-0.208130,1.165161,1.204523,-30.395508,54.260254,29.479980,-10.128,10.694,-7.538,7.871,-10.472,40.379,-8.761,-10.886,-19.408,-1.588,114.41,93.41,1771,1538
104373,-0.224976,0.101563,1.033936,1.062992,-25.756836,-3.723145,34.484863,5.610,12.219,-7.764,9.956,-14.816,29.832,-9.207,-12.558,-21.779,-3.143,116.78,91.86,1798,1521
104414,-0.314575,-0.245361,0.852661,0.941377,-31.677246,9.338379,27.526855,-16.054,19.522,-8.443,11.696,-22.380,18.670,-11.711,-15.067,-25.625,-3.798,120.63,91.20,1840,1513
104473,-0.285522,-0.394409,0.940796,1.059329,-1.281738,-28.747559,19.042969,-22.745,15.636,-10.355,11.999,-9.967,-14.295,-14.714,-13.080,-27.060,1.431,122.06,96.43,1856,1571
104523,-0.003418,-0.115112,1.135864,1.141687,-23.559570,9.399414,24.291992,-5.787,0.172,-10.554,9.967,-18.744,-35.621,-12.575,-8.718,-21.466,3.540,116.47,98.54,1794,1595
104573,-0.140137,-0.135254,1.055298,1.073120,-9.704590,-12.145996,31.494141,-7.304,7.504,-10.844,8.845,-19.638,-23.684,-12.948,-8.201,-21.250,4.642,116.25,99.64,1792,1607
104614,-0.176147,-0.179687,0.904053,0.938417,-27.465820,0.976562,35.827637,-11.241,10.819,-11.461,8.569,-24.270,-11.585,-13.904,-8.623,-22.220,5.183,117.22,100.18,1802,1613
104673,-0.186523,-0.227539,0.959717,1.003803,-11.657715,-14.892578,34.667969,-13.338,10.709,-12.410,8.608,-16.666,-12.790,-14.519,-8.654,-23.145,5.814,118.15,100.81,1813,1620
104723,-0.111450,-0.189941,0.944824,0.970150,-9.521484,-18.554687,24.780273,-11.367,6.597,-12.882,8.139,-14.495,-19.492,-14.881,-7.675,-22.671,7.070,117.67,102.07,1807,1634
104773,-0.133545,-0.183716,0.928711,0.956080,-4.516602,-23.803711,16.174316,-11.190,8.029,-12.846,7.287,-5.828,-21.889,-14.322,-6.594,-21.140,7.628,116.14,102.63,1790,1640
104815,-0.063354,-0.171631,0.961060,0.978318,-2.929688,-49.499512,6.164551,-10.125,3.713,-12.797,6.332,-4.307,-34.600,-14.176,-4.781,-19.447,8.991,114.45,103.99,1772,1655
104873,0.007202,-0.231201,0.963623,0.990997,9.826660,-24.780273,-3.662109,-13.492,-0.416,-12.706,3.361,-1.170,-38.253,-13.914,-1.171,-15.522,12.457,110.52,107.46,1728,1694
104923,0.008545,-0.235840,1.064819,1.090657,-0.061035,22.949219,-15.686035,-12.488,-0.449,-12.707,1.990,-0.118,-7.070,-13.824,-1.631,-15.269,12.409,110.27,107.41,1725,1693
104973,-0.140503,-0.300781,0.994507,1.048453,3.295898,18.127441,-12.207031,-16.828,7.701,-13.020,2.353,3.064,6.947,-14.393,-3.370,-17.461,11.402,112.46,106.40,1750,1682
105019,-0.180298,-0.262085,0.940552,0.992891,-4.638672,-14.953613,-17.028809,-15.571,10.462,-13.265,3.101,0.306,2.526,-14.608,-3.937,-18.683,10.639,113.68,105.64,1763,1674
105073,-0.118042,-0.362061,1.012573,1.081816,2.075195,-32.470703,-15.869141,-19.675,6.264,-13.900,2.540,0.911,-26.413,-16.053,-1.721,-17.970,13.827,112.97,108.83,1755,1709
105123,0.046021,-0.246826,0.968018,1.000049,3.601074,-30.273437,-24.291992,-14.305,-2.638,-14.068,1.006,1.755,-26.702,-15.238,0.786,-14.944,15.708,109.94,110.71,1722,1730
105174,0.000854,-0.328491,0.987793,1.040981,5.249023,-8.911133,-19.470215,-18.395,-0.047,-14.129,-0.507,3.077,-17.272,-15.804,1.336,-14.356,17.013,109.36,112.01,1715,1745
105225,0.091553,-0.259644,1.072632,1.107400,-7.873535,33.325195,-19.714355,-13.607,-4.742,-14.161,-1.270,-0.465,-0.893,-15.427,1.377,-13.945,16.965,108.95,111.96,1711,1744
105273,-0.004150,-0.257690,0.902466,0.938545,-0.122070,-6.896973,-6.164551,-15.936,0.253,-14.786,-0.751,-5.671,6.753,-16.544,0.227,-16.554,16.724,111.55,111.72,1739,1741
105323,0.060181,-0.252197,1.004761,1.037675,-4.455566,2.319336,-7.507324,-14.090,-3.325,-14.814,-0.939,-4.394,2.685,-16.368,0.872,-15.543,17.163,110.54,112.16,1728,1746
105373,0.032715,-0.341675,1.075562,1.129001,10.681152,5.615234,-13.000488,-17.624,-1.660,-14.962,-1.008,1.816,4.533,-16.530,0.808,-15.621,17.288,110.62,112.29,1729,1748
105425,0.022095,-0.282959,1.065186,1.102349,15.808105,7.873535,-19.042969,-14.877,-1.148,-14.873,-0.806,10.281,5.191,-15.600,0.488,-15.433,16.355,110.43,111.36,1727,1737
105473,0.032959,-0.297241,1.054932,1.096503,21.667480,-10.742188,-15.808105,-15.736,-1.722,-14.212,-0.899,15.797,-1.040,-14.665,0.924,-14.006,15.609,109.01,110.61,1711,1729
105523,0.052856,-0.269653,1.062744,1.097694,28.930664,9.887695,-19.470215,-14.237,-2.760,-13.036,-1.443,26.501,1.541,-12.664,1.451,-11.491,14.361,106.49,109.36,1683,1715
105573,-0.023804,-0.166504,0.881348,0.897254,25.573730,9.582520,-20.202637,-10.698,1.520,-11.629,-1.090,27.570,11.214,-10.994,0.418,-10.695,11.801,105.69,106.80,1674,1687
105623,-0.139038,-0.216064,0.908569,0.944200,25.573730,-17.761230,-17.456055,-13.377,8.468,-10.336,-0.375,26.001,0.803,-9.757,-0.005,-9.850,9.968,104.85,104.97,1665,1666
105673,0.061890,-0.114014,1.059204,1.067119,28.259277,-38.574219,-19.409180,-6.144,-3.325,-8.920,-1.419,23.772,-29.434,-8.242,3.132,-5.867,11.176,100.87,106.18,1621,1680
105723,0.033325,-0.109009,1.019897,1.026248,13.183594,-24.047852,-12.329102,-6.101,-1.861,-7.672,-3.066,21.677,-32.456,-6.995,5.125,-2.262,12.022,97.26,107.02,1581,1689
105773,0.032837,-0.078247,0.952637,0.956409,13.000488,-25.085449,3.295898,-4.696,-1.968,-6.666,-4.168,16.373,-20.971,-6.207,5.648,-0.842,11.878,95.84,106.88,1565,1688
105823,0.006226,-0.088745,0.982300,0.986320,3.540039,-54.626465,22.888184,-5.162,-0.362,-5.943,-5.108,11.260,-34.563,-5.718,7.499,1.361,12.841,93.64,107.84,1540,1698
105864,0.095825,-0.168579,1.009888,1.028336,2.929688,-28.747559,18.310547,-9.477,-5.347,-5.808,-6.245,7.373,-32.817,-5.803,8.644,2.688,14.183,92.31,109.18,1526,1713
105923,0.273682,-0.072632,0.800537,0.849139,32.165527,7.690430,5.310059,-5.184,-18.802,-6.316,-8.053,-3.239,-9.841,-6.816,10.839,3.182,17.401,91.82,112.40,1520,1749
105973,0.358765,-0.045166,0.887207,0.958065,5.187988,85.083008,-8.666992,-2.914,-21.991,-5.947,-8.396,-0.462,39.148,-5.754,9.722,5.467,17.054,89.53,112.05,1495,1745
106023,-0.020020,-0.047119,0.759766,0.761489,13.488770,103.637695,-1.403809,-3.549,1.506,-5.396,-4.771,9.462,79.728,-5.224,0.356,-3.913,6.800,98.91,101.80,1599,1631
106064,-0.214600,-0.149658,0.881714,0.919712,-5.432129,46.691895,6.225586,-9.633,13.493,-5.353,-0.533,-4.291,77.348,-6.126,-4.598,-9.540,2.252,104.54,97.25,1662,1581
106123,-0.033203,-0.091553,1.107178,1.111453,-10.498047,-57.678223,26.611328,-4.727,1.712,-5.323,1.184,-2.503,-16.426,-5.846,-0.209,-6.653,4.893,101.65,99.89,1629,1610
106173,0.017456,-0.200439,1.028931,1.048417,3.234863,-5.737305,23.681641,-11.023,-0.954,-5.529,-0.535,-0.223,-23.187,-5.937,1.786,-4.149,7.624,99.15,102.62,1602,1640
106223,0.026978,-0.087402,1.079834,1.083701,-6.652832,27.404785,25.634766,-4.627,-1.426,-5.650,-1.099,1.731,-1.519,-5.968,1.106,-4.558,7.315,99.56,102.32,1606,1637
106265,-0.061157,-0.158325,0.968018,0.982784,12.817383,29.235840,28.564453,-9.289,3.568,-5.798,-0.058,9.242,22.707,-5.679,-1.319,-6.773,4.891,101.77,99.89,1631,1610
106323,-0.036865,-0.115356,1.053955,1.060890,3.967285,-18.432617,23.986816,-6.246,1.991,-5.329,1.249,6.139,3.185,-5.350,-1.371,-6.861,3.871,101.86,98.87,1632,1599
106373,0.056030,-0.041260,1.121704,1.123860,-6.347656,-22.766113,31.860352,-2.107,-2.858,-4.947,0.777,1.529,-15.542,-5.207,0.186,-5.290,5.081,100.29,100.08,1614,1612
106423,0.050049,0.101440,1.086304,1.092177,-6.835937,-7.202148,38.391113,5.335,-2.626,-4.355,-0.077,-3.925,-11.244,-4.867,0.632,-4.337,5.589,99.34,100.59,1604,1618
106465,-0.005981,-0.036011,1.072876,1.073497,-21.057129,-0.427246,49.438477,-1.922,0.319,-4.252,-0.394,-16.471,-4.419,-5.506,0.504,-4.797,5.914,99.80,100.91,1609,1621
106523,-0.079468,-0.127930,1.017822,1.028904,-26.184082,4.516602,63.537598,-7.164,4.430,-5.620,0.080,-24.085,-0.294,-7.468,0.000,-7.135,7.256,102.13,102.26,1635,1636
106573,-0.049194,-0.219849,1.051270,1.075138,-26.428223,17.700195,76.049805,-11.812,2.623,-7.242,0.877,-24.903,7.722,-9.301,-1.234,-9.948,8.024,104.95,103.02,1666,1645
106623,-0.003296,-0.295898,1.102295,1.141324,-13.427734,-12.023926,90.637207,-15.026,0.165,-8.984,1.759,-24.136,1.901,-11.568,-1.751,-13.124,9.527,108.12,104.53,1701,1661
106673,0.063965,-0.275757,0.971802,1.012192,-13.916016,-32.287598,104.370117,-15.842,-3.623,-10.510,1.878,-17.304,-15.660,-12.884,-0.560,-13.780,12.078,108.78,107.08,1709,1690
106723,0.084473,-0.286499,0.971558,1.016436,-6.347656,6.713867,98.449707,-16.430,-4.767,-11.298,1.211,-9.254,-11.186,-13.316,0.021,-13.106,13.034,108.11,108.03,1701,1700
106773,-0.040649,-0.368896,0.958496,1.027838,-4.760742,17.883301,87.097168,-21.050,2.267,-12.506,1.821,-8.055,4.869,-15.756,-2.188,-17.117,13.906,112.12,108.91,1746,1710
106823,-0.032959,-0.243652,0.842407,0.877555,2.990723,23.925781,72.570801,-16.132,2.152,-12.955,3.437,-0.181,19.999,-14.386,-4.671,-18.747,10.253,113.75,105.25,1764,1669
106873,-0.057129,-0.139771,0.899658,0.912241,-3.173828,-23.864746,59.448242,-8.831,3.590,-12.740,4.919,-1.290,-7.193,-13.932,-4.871,-19.125,8.936,114.13,103.94,1768,1655
106923,0.039795,-0.232056,1.035889,1.062308,-3.112793,-26.794434,48.706055,-12.627,-2.147,-12.387,4.199,-1.710,-21.884,-13.572,-3.111,-16.993,10.179,111.99,105.18,1744,1669
106973,0.078735,-0.199707,1.015747,1.038183,5.493164,-4.150391,41.687012,-11.123,-4.349,-12.160,2.978,3.801,-17.661,-13.004,-2.107,-15.276,10.965,110.28,105.96,1725,1677
107023,0.130249,-0.219727,1.167725,1.195335,7.934570,38.879395,32.653809,-10.657,-6.256,-11.861,2.773,4.252,15.083,-12.649,-3.761,-16.073,9.382,111.07,104.38,1734,1660
107073,-0.155518,-0.146606,0.937744,0.961792,11.718750,21.179199,32.531738,-8.886,9.305,-11.400,4.757,7.790,32.528,-11.929,-6.990,-18.665,5.486,113.67,100.49,1763,1617
107114,-0.156372,-0.116577,0.924316,0.944671,21.606445,-25.878906,23.254395,-7.188,9.528,-10.464,5.812,12.954,0.802,-10.590,-6.247,-17.324,4.440,112.32,99.44,1748,1605
107173,-0.106934,-0.057617,0.932739,0.940615,23.132324,-91.064453,16.906738,-3.535,6.528,-8.798,4.832,21.847,-58.495,-8.223,-1.697,-11.106,5.978,106.11,100.98,1679,1622
107223,0.008057,-0.053223,1.067993,1.069349,15.686035,-53.222656,2.441406,-2.853,-0.432,-7.191,1.467,15.835,-57.358,-6.817,1.936,-5.588,8.479,100.59,103.48,1618,1650
107273,0.058960,-0.023071,1.032593,1.034532,16.540527,-51.574707,-2.502441,-1.280,-3.267,-5.927,-1.259,18.978,-45.682,-5.237,3.932,-1.926,9.021,96.93,104.02,1577,1656
107315,0.069214,0.002319,1.048462,1.050747,-0.366211,-38.513184,-4.333496,0.127,-3.777,-4.963,-3.285,8.192,-44.207,-4.825,6.072,0.823,10.596,94.18,105.60,1546,1673
107373,0.173584,0.107544,1.006104,1.026616,-3.051758,-22.705078,-3.601074,6.101,-9.735,-3.882,-5.675,3.917,-32.583,-3.892,8.003,3.728,11.767,91.27,106.77,1514,1686
107423,0.097778,0.021729,1.136841,1.141245,-1.586914,5.615234,3.784180,1.095,-4.915,-3.402,-7.009,-5.061,-10.977,-3.887,8.174,4.406,12.189,90.59,107.19,1507,1691
107473,0.050659,0.064941,0.988525,0.991951,-7.690430,17.089844,-3.173828,3.759,-2.927,-3.100,-6.746,-4.663,2.026,-3.531,7.190,3.798,10.964,91.20,105.96,1513,1677
107515,0.081909,0.093384,1.033691,1.041128,-10.437012,17.211914,4.760742,5.162,-4.512,-2.801,-6.115,-8.669,12.779,-3.442,5.852,2.601,9.555,92.40,104.55,1527,1662
107573,0.044678,0.039673,1.132202,1.133778,3.173828,6.774902,13.488770,2.007,-2.258,-2.667,-5.364,-5.274,8.746,-3.091,5.267,2.178,8.548,92.82,103.55,1531,1651
107623,-0.039307,0.072144,1.033813,1.037073,1.403809,34.484863,-2.563477,3.992,2.172,-2.055,-4.259,0.126,18.280,-2.109,3.479,1.665,6.129,93.33,101.13,1537,1624
107673,0.064697,0.073120,0.991455,0.996251,9.033203,9.338379,5.004883,4.218,-3.723,-1.692,-2.676,3.984,16.420,-1.479,1.851,0.315,3.582,94.69,98.58,1552,1595
107725,0.064087,-0.000854,0.986328,0.988408,-13.366699,18.798828,-21.667480,-0.050,-3.718,-0.996,-2.341,-4.374,16.741,-1.198,1.462,0.464,2.732,94.54,97.73,1550,1586
107773,-0.015015,-0.154297,1.208862,1.218762,-12.451172,4.394531,-28.686523,-7.274,0.706,-1.764,-1.702,-11.670,7.027,-2.482,1.342,-0.967,3.686,95.97,98.69,1566,1597
107823,0.121948,-0.086426,1.130249,1.140089,-24.414062,22.766113,-44.128418,-4.373,-6.140,-2.604,-1.613,-18.095,12.130,-3.791,0.938,-2.494,4.585,97.49,99.58,1583,1606
107873,0.012085,-0.283081,1.127563,1.162618,-12.634277,21.545410,-57.128906,-14.093,-0.596,-4.194,-0.760,-16.897,20.517,-5.918,-0.511,-5.940,5.273,100.94,100.27,1622,1614
107925,-0.233887,-0.491699,1.041748,1.175462,6.408691,27.893066,-66.406250,-25.267,11.477,-6.597,0.624,-11.761,23.654,-13.170,-5.032,-16.131,8.374,110.56,103.37,1728,1649
107973,-0.115356,-0.280884,0.897095,0.947091,-1.220703,-8.056641,-69.030762,-17.386,6.996,-8.123,1.909,2.116,10.191,-9.746,-3.110,-14.001,6.991,109.00,101.99,1711,1633
108023,-0.059692,-0.412109,0.905151,0.996341,24.047852,-22.460937,-52.978516,-24.479,3.435,-9.291,1.679,10.437,-7.565,-13.557,-1.760,-15.094,10.936,110.09,105.94,1723,1677
108073,-0.057495,-0.269775,0.898315,0.939710,20.629883,-0.671387,-42.968750,-16.716,3.508,-9.192,1.110,22.790,-3.926,-9.369,-1.122,-10.569,8.355,105.57,103.35,1673,1648
108123,-0.027100,-0.248413,0.897583,0.931718,14.648438,16.723633,-21.118164,-15.470,1.667,-8.927,0.772,18.028,0.289,-9.086,-0.765,-9.744,8.322,104.74,103.32,1664,1648
108173,-0.091431,-0.300293,0.813477,0.871940,24.536133,9.582520,-6.530762,-20.262,6.019,-8.719,1.728,23.433,11.003,-10.108,-3.134,-12.831,6.705,107.83,101.71,1698,1630
108223,-0.372925,-0.213379,0.681641,0.805753,26.245117,-9.643555,7.385254,-17.382,27.570,-8.269,3.407,24.355,11.099,-7.491,-4.220,-13.995,2.688,109.00,97.69,1711,1585
108273,-0.204468,-0.147461,0.791626,0.830797,27.465820,-36.132812,18.493652,-10.552,14.247,-7.656,5.045,25.763,-17.236,-6.874,-4.855,-14.427,1.039,110.48,96.04,1728,1567
108323,-0.152222,-0.305664,0.993774,1.050804,27.099609,-68.664551,25.695801,-17.097,8.329,-6.868,4.489,27.465,-40.569,-6.893,-2.819,-10.328,3.370,105.33,98.37,1670,1593
108364,0.147095,-0.274292,1.017334,1.063880,50.109863,2.380371,35.278320,-15.089,-7.947,-6.604,2.614,28.465,-27.217,-5.981,-0.427,-7.073,5.820,102.07,100.82,1634,1620
108423,0.102783,-0.071899,0.926025,0.934482,19.042969,50.781250,45.349121,-4.440,-6.315,-5.551,2.436,16.839,31.095,-4.952,-4.351,-9.047,1.218,104.05,96.22,1656,1569
108473,-0.098267,-0.127686,1.040771,1.053169,10.559082,23.437500,55.603027,-6.994,5.354,-4.593,4.206,16.812,33.542,-3.900,-6.445,-10.170,-2.201,105.17,92.80,1669,1531
108523,-0.055542,0.008667,1.089966,1.091414,27.343750,-34.301758,61.584473,0.456,2.917,-3.326,4.996,22.083,-3.521,-2.190,-5.176,-7.976,-2.942,102.98,92.06,1644,1523
108564,0.130493,-0.020386,1.294312,1.301033,15.747070,23.620605,60.974121,-0.902,-5.756,-2.015,4.709,23.049,-0.650,-0.690,-5.029,-5.760,-3.936,100.76,91.06,1620,1512
108623,0.073242,0.119141,1.068726,1.077837,-10.253906,7.019043,57.556152,6.361,-3.896,-0.384,4.516,2.099,11.079,-0.153,-5.438,-5.701,-5.275,100.70,89.73,1619,1497
108673,-0.045654,-0.052124,1.037720,1.040030,-14.770508,-8.605957,59.509277,-2.876,2.516,-0.316,4.483,-5.433,-0.201,-0.514,-4.780,-5.260,-4.518,100.26,90.48,1614,1505
108723,-0.020142,0.074097,0.979370,0.982376,-24.719238,31.738281,50.231934,4.327,1.175,-0.424,4.356,-17.710,12.595,-1.370,-5.353,-6.315,-3.907,101.32,91.09,1626,1512
108765,0.034302,0.110962,1.061890,1.068222,-16.845703,14.953613,38.269043,5.965,-1.840,-0.351,4.686,-15.892,19.006,-1.181,-6.100,-7.227,-4.838,102.23,90.16,1636,1502
108823,-0.018311,0.023193,1.255859,1.256207,-20.263672,24.353027,35.400391,1.058,0.835,-1.159,5.683,-20.150,20.135,-2.325,-7.265,-9.211,-4.881,104.21,90.12,1658,1501
108873,0.138184,0.239502,1.294678,1.323875,-2.014160,40.466309,30.395508,10.481,-5.991,-1.485,7.229,-5.913,35.934,-1.829,-9.913,-11.378,-7.591,106.38,87.41,1682,1471
108923,0.012817,0.190796,1.277832,1.292061,8.483887,84.350586,27.343750,8.492,-0.568,-0.737,9.825,15.855,62.549,0.284,-14.366,-13.521,-13.602,108.52,81.40,1706,1404
108965,-0.089966,0.002319,0.920654,0.925043,8.605957,46.997070,30.639648,0.144,5.581,0.443,12.262,10.603,66.980,0.964,-17.313,-16.073,-17.721,111.07,77.28,1734,1359
109023,-0.009155,0.182739,0.509033,0.540918,-6.958008,-51.818848,23.620605,19.748,0.970,0.971,13.645,-9.661,3.120,0.344,-15.002,-15.140,-16.010,110.14,78.99,1724,1378
109073,0.023804,0.022705,0.341309,0.342890,-7.446289,-83.557129,18.188477,3.806,-3.981,0.814,11.776,-9.638,-56.713,0.174,-9.443,-10.136,-10.556,105.14,84.44,1668,1438
109123,0.092896,-0.122437,0.466553,0.491215,-6.042480,-104.553223,16.967773,-14.704,-10.901,0.407,7.627,-11.989,-95.292,-0.416,-2.564,-4.009,-3.287,99.01,91.71,1600,1519
109175,0.186523,0.146851,0.404907,0.469368,-22.033691,-58.776855,18.310547,19.935,-23.415,-0.275,3.335,-18.795,-78.110,-1.271,1.126,-0.545,1.714,95.54,96.71,1562,1575
109223,0.171509,0.005859,0.771606,0.790459,-1.464844,3.967285,19.592285,0.435,-12.531,-1.081,0.657,-12.627,-37.612,-1.788,1.642,-0.116,3.453,95.12,98.45,1557,1594
109273,0.148682,-0.066406,0.637085,0.657566,2.502441,11.047363,19.714355,-5.951,-13.068,-1.477,0.131,-4.005,1.994,-1.706,-0.077,-1.624,1.883,96.62,96.88,1574,1576
109323,0.097412,-0.117920,0.643799,0.661718,2.136230,8.239746,8.178711,-10.379,-8.465,-1.872,0.605,-5.571,10.203,-2.234,-1.083,-3.216,1.280,98.22,96.28,1591,1570
109373,0.017456,-0.169922,0.765137,0.783972,-9.948730,-116.088867,3.906250,-12.521,-1.276,-1.911,-0.072,-3.191,-44.421,-2.134,2.622,-0.397,3.707,95.40,98.71,1560,1597
109423,-0.115723,0.187866,0.608276,0.647059,-12.023926,-263.793945,-0.671387,17.163,10.302,-2.222,-5.263,-6.876,-155.877,-2.698,14.948,9.869,15.015,85.64,109.00,1452,1711
109473,0.419556,0.065430,0.916626,1.010203,-34.545898,-327.697754,-10.437012,4.083,-24.539,-1.558,-16.055,-7.968,-256.617,-0.501,30.000,27.157,28.706,73.64,121.00,1318,1844
109523,1.545044,-0.167358,0.243896,1.573104,2.624512,-173.706055,0.427246,-34.457,-79.162,-3.247,-31.024,-28.274,-252.842,-5.109,30.000,24.492,29.976,70.51,124.98,1283,1889
109573,0.954834,0.098145,0.961792,1.358817,-21.118164,-67.749023,26.794434,5.826,-44.644,-4.805,-40.949,-25.521,-129.842,-6.658,30.000,25.115,27.512,69.88,122.51,1276,1861
109614,1.038696,-0.153076,1.218018,1.608070,0.183105,2.441406,25.329590,-7.163,-40.235,-6.753,-43.738,-21.536,-46.084,-8.562,30.000,21.790,29.898,73.21,124.90,1313,1888
109673,1.055176,-0.109741,0.216187,1.082671,-23.315430,-45.837402,29.235840,-26.913,-77.060,-11.220,-46.010,-21.370,-11.840,-24.686,30.000,5.224,29.999,81.26,125.00,1403,1889
109723,1.097046,-0.484375,0.860962,1.476274,36.437988,18.310547,28.991699,-29.362,-47.998,-13.434,-46.083,5.432,4.834,-14.308,30.000,15.324,30.000,79.68,125.00,1385,1889
109773,1.022217,-0.239258,0.428223,1.133819,21.362305,-110.839844,31.799316,-29.193,-64.365,-15.397,-47.338,8.904,-58.838,-26.123,30.000,8.699,30.000,82.81,125.00,1420,1889
109815,1.257080,-0.315552,0.702515,1.474229,-0.854492,-13.671875,23.315430,-24.188,-58.507,-17.138,-49.320,9.887,-49.394,-18.115,30.000,12.070,30.000,82.93,125.00,1421,1889
109873,1.121094,-0.456177,0.658325,1.377803,20.019531,30.944824,18.371582,-34.719,-54.457,-18.613,-49.054,6.658,18.940,-19.931,30.000,10.085,30.000,84.92,125.00,1444,1889
109923,0.966187,-0.201416,0.823364,1.285307,-4.455566,52.551270,18.493652,-13.746,-48.739,-18.475,-47.018,11.157,43.617,-19.509,30.000,10.560,30.000,84.44,125.00,1438,1889
109973,0.905640,-0.150146,0.508667,1.049509,15.930176,51.940918,24.475098,-16.445,-59.646,-18.593,-45.465,7.584,46.489,-18.318,30.000,10.246,30.000,84.75,125.00,1442,1889
110020,0.698242,-0.094849,0.615234,0.935442,10.925293,103.149414,17.211914,-8.764,-48.282,-17.694,-43.813,10.400,72.620,-12.311,30.000,16.869,30.000,78.13,125.00,1368,1889
110068,0.811523,-0.318726,0.523193,1.016803,31.616211,113.098145,28.869629,-31.349,-52.950,-18.549,-41.161,8.252,73.742,-28.918,30.000,1.554,30.000,90.84,125.00,1509,1889
110123,0.354004,-0.047119,0.407715,0.542006,32.592773,112.060547,8.972168,-6.592,-40.779,-17.369,-35.706,11.812,108.866,-18.254,30.000,11.654,30.000,83.35,125.00,1426,1889
110173,0.426147,-0.088135,0.481689,0.649149,12.451172,15.197754,11.474609,-10.369,-41.031,-16.794,-33.152,11.868,26.697,-17.618,30.000,12.214,30.000,82.79,125.00,1420,1889
110215,0.726318,-0.179321,0.833496,1.120005,3.906250,-52.551270,-19.836426,-12.142,-40.428,-16.404,-32.700,9.749,-1.629,-14.691,30.000,14.072,30.000,80.93,125.00,1399,1889
110273,0.486694,-0.448364,0.788818,1.029629,18.615723,32.836914,-12.939453,-29.614,-28.209,-15.346,-31.580,11.097,16.048,-21.517,30.000,10.854,30.000,83.65,125.00,1429,1889
110323,0.384033,-0.282715,1.071167,1.172522,-15.747070,71.166992,-25.390625,-14.785,-19.119,-14.855,-28.382,-2.939,46.905,-16.347,26.869,11.256,30.000,83.74,125.00,1430,1889
110373,0.797241,-0.394653,1.100464,1.415050,14.587402,85.876465,-26.794434,-19.729,-34.291,-13.608,-25.554,9.835,73.236,-14.235,23.608,9.787,30.000,85.21,125.00,1447,1889
110425,0.315796,-0.276611,1.448608,1.508213,-3.662109,24.414062,-15.808105,-10.810,-12.086,-12.522,-22.147,5.178,58.757,-13.320,20.729,7.276,30.000,87.72,125.00,1475,1889
110473,0.640991,-0.105957,1.333374,1.483234,11.596680,28.991699,-19.042969,-4.543,-25.605,-11.408,-19.969,12.911,40.072,-11.630,19.453,7.789,30.000,87.21,125.00,1469,1889
110523,0.357300,-0.304321,1.404907,1.481229,9.033203,116.027832,-18.371582,-12.222,-13.958,-10.376,-17.588,10.161,70.316,-10.660,15.020,5.257,26.791,89.74,121.79,1497,1853
110573,0.290771,-0.202026,1.549072,1.589021,31.433105,248.901367,-17.883301,-7.430,-10.544,-9.136,-11.380,17.820,172.663,-8.836,2.050,-4.715,13.638,99.53,110.48,1606,1728
110623,-0.084351,-0.019409,1.255127,1.258108,6.713867,423.583984,-15.075684,-0.886,3.844,-7.683,0.767,20.347,304.140,-7.087,-18.898,-22.333,-7.901,111.53,98.48,1739,1594
110673,-1.203613,0.167847,0.946167,1.540159,-26.489258,217.956543,0.915527,10.059,51.397,-6.985,17.378,6.920,310.982,-7.125,-30.000,-29.859,-22.731,123.53,86.48,1873,1461
110723,-0.781250,0.063599,1.090210,1.342741,40.161133,-11.230469,2.197266,3.339,35.580,-7.908,27.320,6.953,123.585,-8.138,-30.000,-29.997,-21.527,125.00,74.48,1889,1328
110773,-0.854370,0.126831,1.258545,1.526424,19.104004,-71.289062,16.540527,5.755,34.036,-6.422,29.028,32.029,-10.340,-4.999,-30.000,-30.000,-24.653,125.00,70.35,1889,1282
110823,-0.843140,0.265015,1.222656,1.508644,-24.291992,-31.860352,32.714844,12.230,33.978,-4.633,27.964,13.230,-23.672,-4.160,-29.231,-30.000,-25.345,125.00,69.65,1889,1274
110864,-0.729492,-0.047974,1.107666,1.327172,23.986816,-6.652832,24.169922,-2.480,33.344,-3.507,27.504,15.949,-11.175,-2.757,-29.476,-30.000,-26.431,125.00,68.57,1889,1262
110923,-0.740234,0.209229,1.052368,1.303535,-11.047363,-38.635254,25.451660,11.245,34.602,-1.897,27.177,5.761,-11.301,-1.597,-29.108,-30.000,-27.746,125.00,67.25,1889,1247
110973,-0.422363,0.076782,1.132202,1.210854,-14.526367,-60.058594,18.554687,3.880,20.415,-1.124,25.229,-3.178,-50.121,-1.269,-24.637,-26.505,-24.015,121.50,70.98,1850,1289
111023,-0.410522,0.259033,1.242432,1.333890,4.211426,-42.297363,15.808105,11.777,17.924,-0.526,22.458,-0.249,-53.588,-0.434,-21.381,-22.342,-21.260,117.34,73.74,1804,1319
111064,-0.304688,0.003784,0.927979,0.976726,-33.142090,27.465820,20.080566,0.234,18.177,-0.316,21.142,-13.637,-10.424,-0.933,-22.125,-22.615,-21.183,117.62,73.82,1807,1320
111123,-0.321411,-0.109741,0.992065,1.048591,0.732422,2.624512,30.700684,-6.312,17.849,-0.665,21.122,-4.582,4.615,-1.563,-22.902,-24.515,-21.487,119.51,73.51,1828,1317
111174,-0.368896,0.025146,0.944824,1.014598,-5.920410,-12.573242,34.362793,1.525,21.321,-0.379,20.621,1.499,-10.512,0.082,-22.085,-22.345,-21.760,117.34,73.24,1804,1314
111223,-0.228760,0.082153,0.878540,0.911544,14.892578,12.756348,33.386230,5.342,14.534,0.123,20.244,2.442,-2.968,0.409,-21.668,-21.810,-21.825,116.81,73.18,1798,1313
111265,-0.098267,0.069580,0.777954,0.787217,-4.211426,29.113770,27.893066,5.111,7.171,0.671,20.457,-0.168,16.458,0.585,-23.296,-22.496,-23.489,117.50,71.51,1806,1295
111323,-0.216675,0.131958,0.868530,0.904824,-9.643555,32.775879,13.549805,8.639,13.855,1.296,21.218,-5.220,21.029,1.264,-24.112,-23.133,-25.128,118.13,69.87,1813,1276
111373,-0.186523,-0.036621,0.698730,0.724125,20.507812,38.208008,2.014160,-3.000,14.927,1.729,22.362,9.369,27.767,2.305,-26.070,-23.711,-27.737,118.71,67.26,1819,1247
111423,-0.098022,-0.064331,0.430176,0.445868,13.549805,38.146973,1.892090,-8.505,12.700,2.139,24.078,2.107,38.236,2.321,-28.586,-25.919,-29.884,120.92,65.12,1844,1224
111465,-0.096802,0.065308,0.617187,0.628137,6.958008,47.180176,-1.892090,6.040,8.865,2.510,25.829,6.999,45.674,3.022,-30.000,-26.952,-29.995,121.95,65.00,1855,1222
111523,-0.065308,-0.050049,-0.035522,0.089620,12.817383,48.767090,7.751465,-125.365,46.779,2.980,28.661,3.828,48.187,3.349,-30.000,-26.783,-30.000,121.78,65.00,1853,1222
111573,-0.109497,-0.004395,0.262085,0.284073,24.353027,-8.544922,11.535645,-0.961,22.672,3.393,30.498,5.368,24.295,3.895,-30.000,-26.349,-30.000,121.35,65.00,1848,1222
111623,-0.151245,0.008179,0.322144,0.355975,-22.766113,-126.708984,8.117676,1.454,25.143,3.667,29.641,-7.105,-52.014,3.464,-29.376,-26.035,-30.000,121.04,65.00,1845,1222
111675,-1.189209,0.083252,0.356934,1.244408,16.296387,-148.681641,53.161621,13.129,72.871,3.379,24.698,-4.205,-119.547,3.321,-19.887,-18.221,-24.483,113.22,70.52,1758,1284
111723,0.242187,-0.201416,-0.086304,0.326606,24.353027,-188.415527,5.126953,-113.194,-47.862,2.653,16.768,-22.957,-190.865,1.397,-6.884,-8.143,-10.951,106.17,76.82,1680,1354
111773,-0.213867,0.133789,0.540283,0.596276,-26.916504,-290.527344,18.188477,13.908,21.019,1.938,6.746,-12.684,-218.016,1.228,5.769,4.526,1.995,94.17,88.82,1546,1487
111823,0.084229,-0.006104,0.963013,0.966708,-15.441895,-272.583008,12.023926,-0.363,-4.998,0.868,-7.184,-18.875,-290.745,-0.321,25.153,22.317,22.620,82.17,100.82,1413,1620
111873,0.181274,-0.100586,0.667847,0.699283,-23.010254,-249.267578,29.296875,-8.565,-15.024,-0.309,-21.867,-24.187,-283.534,-1.632,30.000,28.392,29.856,70.17,112.82,1280,1754
111923,0.090698,-0.033936,0.393433,0.405175,-6.103516,-213.317871,28.686523,-4.930,-12.935,-2.528,-35.066,-25.872,-248.297,-4.174,30.000,26.098,29.997,68.90,124.82,1266,1887
111973,0.709595,-0.485352,1.570923,1.790779,16.357422,25.390625,49.804687,-17.169,-23.344,-5.476,-45.111,9.881,-133.265,-5.287,30.000,23.125,30.000,71.87,125.00,1299,1889
112023,0.647705,0.456055,-0.471436,0.921824,43.823242,-67.016602,20.141602,135.950,-44.639,-2.149,-49.434,-4.638,-77.525,30.000,30.000,28.453,6.075,67.84,120.20,1254,1836
112073,1.573975,-0.817749,0.688232,1.902570,-19.653320,-185.363770,14.770508,-49.915,-55.821,-4.696,-54.876,-6.760,-144.448,-5.412,30.000,24.442,29.559,70.56,124.56,1284,1884
112114,0.985718,-0.016479,-0.109253,0.991891,24.108887,-187.194824,10.620117,-171.422,-83.604,-10.643,-61.873,6.864,-175.053,-30.000,30.000,10.499,29.982,74.07,124.98,1323,1889
112173,1.324219,0.053223,0.034546,1.325738,54.260254,26.794434,23.986816,57.013,-87.257,-13.958,-70.615,26.427,-84.961,-13.625,30.000,21.161,19.234,73.84,117.80,1320,1809
112223,2.986450,-0.178101,-0.099243,2.993402,39.550781,171.264648,13.732910,-119.128,-86.094,-14.601,-69.518,24.110,77.110,-14.472,30.000,15.425,29.801,79.58,124.80,1384,1887
112273,0.339233,0.281616,2.132080,2.177189,59.753418,-52.917480,54.077148,7.524,-8.964,-11.079,-64.916,95.976,30.690,-6.285,30.000,22.892,29.996,72.11,125.00,1301,1889
112315,2.672852,0.131836,0.848145,2.807288,86.425781,58.593750,68.115234,8.835,-72.197,-11.228,-64.285,101.000,14.463,-6.147,30.000,23.520,30.000,71.48,125.00,1294,1889
112373,1.184692,-0.306641,1.066162,1.623030,87.219238,201.782227,96.862793,-16.046,-46.880,-11.945,-57.772,101.432,143.400,-6.911,30.000,23.066,30.000,71.93,125.00,1299,1889
112423,1.257568,-0.718018,1.168945,1.861037,6.164551,45.410156,107.543945,-31.560,-42.511,-12.250,-49.012,59.768,128.278,-9.745,30.000,21.015,30.000,73.98,125.00,1322,1889
112473,1.575317,-0.358521,1.237793,2.035262,66.528320,62.133789,76.416016,-16.153,-50.716,-13.261,-43.263,61.724,82.844,-10.740,30.000,19.411,30.000,75.59,125.00,1340,1889
112515,0.845703,-0.331177,0.906128,1.282950,37.841797,-19.531250,10.986328,-20.077,-41.238,-13.058,-40.082,51.828,40.638,-11.110,30.000,18.045,30.000,76.95,125.00,1355,1889
112573,0.960449,-0.367065,1.092529,1.500273,27.099609,17.578125,-18.188477,-18.571,-39.805,-11.007,-38.268,38.329,21.104,-9.665,30.000,20.108,30.000,74.89,125.00,1332,1889
112623,0.752197,0.096191,0.896362,1.174103,24.169922,53.588867,-17.150879,6.125,-39.841,-8.748,-37.105,27.101,34.019,1.119,30.000,26.021,29.385,71.44,124.38,1294,1882
112673,0.444946,-0.146973,0.982666,1.088674,29.541016,20.446777,-7.141113,-8.506,-24.124,-6.677,-35.139,28.361,25.935,-5.980,30.000,24.314,29.989,70.69,124.99,1285,1889
112715,0.509277,0.082397,0.914185,1.049708,34.240723,18.371582,-7.995605,5.150,-29.023,-4.794,-34.016,33.097,20.256,0.524,30.000,28.356,29.711,66.64,124.71,1240,1886
112773,0.428101,0.202759,0.891846,1.009837,8.666992,54.992676,5.554199,12.808,-25.083,-1.032,-31.825,22.845,37.374,4.000,30.000,29.986,25.847,65.01,120.85,1222,1843
112823,0.443970,0.031860,0.828247,0.940275,0.305176,12.145996,-2.624512,2.203,-28.175,0.722,-29.253,12.556,24.760,1.907,30.000,30.000,27.481,65.00,122.48,1222,1861
112873,0.407471,-0.050659,0.770020,0.872656,4.150391,49.438477,-6.286621,-3.764,-27.835,0.698,-28.024,10.218,39.483,-0.007,28.284,28.622,29.014,66.38,124.01,1238,1878
112925,0.382690,0.032349,0.622925,0.731802,2.380371,41.503906,-14.221191,2.973,-31.530,0.982,-25.876,2.768,43.338,1.088,25.756,27.218,25.067,67.78,120.07,1253,1834
112973,0.623291,0.117798,0.610229,0.880198,2.014160,16.418457,-13.854980,10.926,-45.083,1.451,-24.659,0.231,25.672,8.225,30.000,28.421,22.780,66.58,117.78,1240,1809
113023,0.742554,-0.222778,0.994507,1.260976,-8.239746,55.969238,-19.531250,-12.626,-36.077,1.896,-24.180,-0.533,30.804,1.910,24.642,27.184,23.437,67.82,118.44,1254,1816
113073,0.265869,-0.135132,0.663940,0.727849,-1.159668,88.867187,-17.089844,-11.504,-21.425,1.317,-21.546,-2.087,69.929,1.180,19.397,21.132,19.648,73.87,115.76,1321,1786
113125,0.440552,-0.125977,0.747681,0.876916,-10.314941,28.747559,-18.554687,-9.564,-30.158,1.464,-18.981,-4.453,42.578,-2.836,22.614,19.874,21.508,75.13,114.09,1335,1768
113173,0.389771,-0.310547,0.608887,0.786831,-5.493164,29.663086,-7.751465,-27.023,-29.694,0.147,-18.549,7.297,27.106,0.441,18.670,17.736,23.369,77.26,121.29,1358,1848
113223,0.136719,-0.168335,0.471924,0.519366,-45.898437,62.866211,-8.361816,-19.631,-15.263,0.525,-17.133,-6.400,35.764,0.050,16.592,17.432,16.853,77.57,111.85,1362,1743
113273,0.181763,-0.080322,0.313965,0.371569,24.414062,41.442871,-0.427246,-14.350,-29.286,0.379,-14.366,5.745,56.577,0.603,12.299,13.132,12.423,81.87,107.42,1410,1694
113323,-0.008911,-0.002319,0.119263,0.119618,-28.686523,-43.518066,-5.798340,-1.114,4.272,0.661,-12.247,-2.938,20.712,0.408,12.121,12.427,11.135,82.57,106.14,1417,1679
113364,-0.054443,-0.060181,0.128540,0.152014,-2.075195,-84.045410,-4.150391,-25.088,20.986,0.563,-12.803,-6.266,-34.209,0.100,15.942,15.290,14.876,79.71,109.88,1386,1721
113423,0.104370,-0.056274,0.291626,0.314810,-33.264160,-179.870605,-11.413574,-10.922,-19.362,0.067,-17.451,-18.583,-117.993,-1.107,26.081,23.501,25.117,71.50,119.98,1294,1833
113473,0.376953,0.923584,1.927612,2.170435,-98.022461,-83.312988,-7.812500,25.601,-10.002,0.785,-23.679,25.659,-96.057,2.244,30.000,29.756,27.678,65.24,122.68,1225,1863
113523,0.083252,-0.034058,0.212769,0.231001,120.361328,176.635742,-34.851074,-9.094,-21.125,-0.009,-25.154,6.714,43.066,0.395,24.977,26.093,26.722,68.91,121.94,1266,1855
113564,0.238525,-0.056274,0.589478,0.638392,46.936035,150.329590,-25.329590,-5.453,-21.940,0.647,-23.343,19.812,63.446,1.741,21.762,24.173,21.705,70.83,116.71,1287,1797
113623,0.476807,-0.041504,0.596558,0.764819,-60.974121,-136.840820,-31.005859,-3.980,-38.567,-0.048,-20.140,-21.644,-51.197,-1.291,25.031,21.426,23.792,75.63,116.71,1340,1797
113673,-0.085205,0.067139,0.373657,0.389085,-96.496582,-388.427734,-35.156250,10.186,12.650,-0.578,-25.980,-36.198,-196.110,-2.648,30.000,27.709,29.815,67.29,124.82,1248,1887
113723,0.658936,0.163208,1.314941,1.479832,-10.681152,-140.014648,-35.156250,7.075,-26.441,-0.974,-38.597,-7.942,-223.617,-1.389,30.000,27.833,29.997,67.17,125.00,1246,1889
113765,0.765625,-0.114502,0.223633,0.805794,-28.259277,-18.920898,-44.250488,-27.113,-71.833,-0.832,-44.898,-32.152,-107.516,-2.686,30.000,27.647,29.814,67.35,124.81,1248,1887
113823,0.890259,-0.167358,0.687256,1.137053,-0.061035,99.426270,-41.687012,-13.686,-51.532,-0.053,-47.000,-4.947,34.043,-9.944,30.000,23.962,29.998,68.66,125.00,1263,1889
113873,0.654541,-0.357422,0.723389,1.038973,21.911621,43.212891,-48.339844,-26.294,-39.049,-0.094,-42.530,-8.437,36.512,-15.806,30.000,19.670,30.000,71.04,125.00,1289,1889
113923,0.647827,-0.284546,0.589355,0.920862,-41.503906,50.781250,-42.724609,-25.772,-44.709,-0.140,-39.912,-13.707,52.260,-18.982,30.000,14.641,29.998,70.83,125.00,1287,1889
113965,1.064575,-0.287109,0.492065,1.207427,-52.246094,39.489746,-47.546387,-30.263,-61.847,-0.003,-38.391,-20.920,28.617,-1.247,30.000,25.215,30.000,70.12,125.00,1279,1889
114023,0.867676,0.373291,0.621216,1.130538,-29.113770,-85.388184,-44.494629,31.002,-50.129,1.143,-39.622,-28.638,-49.224,20.744,30.000,29.321,18.591,65.68,122.60,1230,1862
114073,2.039429,-0.373169,0.389771,2.109608,-42.907715,-53.771973,-28.137207,-43.753,-75.180,0.910,-44.116,-54.307,-88.438,-2.400,30.000,27.882,29.446,67.12,124.45,1246,1883
114123,1.839844,0.699097,2.113159,2.887768,-21.789551,119.628906,-36.254883,18.306,-39.577,1.413,-44.448,6.773,46.090,1.802,30.000,29.633,28.537,65.37,123.54,1226,1873
114165,1.154785,0.358765,1.951416,2.295706,94.238281,323.852539,-11.474609,10.417,-30.200,1.866,-39.577,9.971,179.958,2.492,30.000,29.985,28.320,65.02,123.32,1222,1870
114223,0.007813,0.439209,2.019043,2.066277,44.677734,296.630859,17.028809,12.273,-0.217,3.702,-23.475,43.938,299.279,6.549,7.758,16.727,4.668,76.00,109.45,1344,1716
114273,-0.229126,0.461914,1.551392,1.634833,62.805176,178.527832,27.465820,16.580,8.057,5.131,-10.710,47.362,226.781,8.327,-1.935,7.313,-8.351,87.69,97.45,1474,1583
114323,-0.250000,0.357666,1.415649,1.481381,10.437012,79.650879,29.113770,14.179,9.716,6.945,-2.280,33.325,139.992,9.480,-6.000,3.936,-14.852,91.06,85.45,1512,1449
114373,-0.200562,0.362549,1.129761,1.203339,6.164551,14.099121,8.972168,17.792,9.594,8.248,2.309,23.560,59.789,10.327,-5.933,4.105,-16.343,90.90,78.66,1510,1374
114423,-0.096313,0.472168,1.295044,1.381795,-21.057129,3.967285,-24.291992,20.032,3.997,9.100,3.669,1.828,12.695,9.960,-4.603,5.437,-14.955,89.56,80.05,1495,1389
114473,0.003052,0.259766,1.261719,1.288185,-21.911621,28.320312,-21.667480,11.634,-0.136,8.713,4.088,-9.667,10.920,8.861,-4.958,4.327,-13.774,90.67,81.23,1507,1403
114523,-0.183228,0.234009,1.071533,1.111987,1.647949,100.158691,-23.376465,12.319,9.484,8.516,5.737,-7.284,55.259,8.814,-9.458,0.423,-17.203,94.58,77.80,1551,1364
114573,-0.244385,0.349854,0.958618,1.049319,11.474609,129.638672,-19.897461,20.050,13.468,9.269,9.402,4.284,93.226,12.174,-16.450,-3.186,-26.097,98.19,69.59,1591,1273
114614,-0.190552,0.105347,0.618042,0.655274,24.658203,61.767578,-19.470215,9.673,16.906,9.591,13.686,3.503,83.994,10.601,-19.900,-9.043,-29.733,104.04,65.27,1656,1225
114673,-0.278442,0.155518,0.942627,0.995119,-14.282227,-76.232910,-25.512695,9.368,16.249,9.986,16.783,5.700,-3.780,11.111,-18.077,-7.774,-29.551,102.77,65.45,1642,1227
114723,-0.111816,0.052979,0.980347,0.988124,38.391113,-50.781250,-30.334473,3.093,6.498,9.823,14.785,16.051,-47.871,11.609,-13.283,-2.543,-25.472,97.54,69.53,1584,1273
114773,-0.034668,0.134033,1.026733,1.036025,30.822754,-8.422852,-28.320312,7.438,1.918,10.086,12.450,21.469,-30.698,12.224,-11.745,0.141,-24.001,94.86,71.00,1554,1289
114820,-0.164795,0.120239,0.898560,0.921425,23.559570,53.894043,-21.667480,7.622,10.303,10.563,12.364,30.495,19.222,13.290,-14.560,-0.899,-27.056,95.90,67.94,1566,1255
114873,-0.291138,0.323730,0.697998,0.822657,53.649902,72.753906,-14.404297,24.882,20.726,13.017,16.198,45.587,69.660,20.206,-23.067,-4.016,-29.968,99.02,65.03,1600,1223
114923,-0.470825,0.288086,0.686401,0.880805,24.230957,-19.897461,-19.531250,22.768,32.313,15.846,20.039,37.037,28.460,22.540,-28.958,-6.976,-29.999,101.98,65.00,1633,1222
114973,-0.311279,0.255493,0.810425,0.904964,23.010254,-19.897461,-32.897949,17.498,20.119,17.985,20.768,32.249,-9.156,21.474,-22.073,-0.425,-30.000,95.43,65.00,1560,1222
115015,-0.297119,0.383423,0.870483,0.996511,45.593262,17.089844,-41.076660,23.772,17.347,19.061,20.616,35.437,-9.084,24.136,-21.191,2.098,-30.000,92.90,65.00,1532,1222
115073,-0.476196,0.348145,0.640747,0.870933,35.583496,-8.666992,-45.898437,28.517,33.145,20.903,22.352,30.941,-2.015,28.179,-29.303,-0.557,-30.000,95.56,65.00,1562,1222
115123,-0.370239,0.113647,0.531128,0.657335,44.189453,-18.737793,-45.410156,12.078,34.280,21.377,23.701,30.638,-10.630,25.194,-25.326,-1.673,-30.000,97.16,65.00,1580,1222
115173,-0.293823,0.261841,0.678711,0.784564,-9.399414,-34.057617,-57.067871,21.096,21.994,21.718,24.100,17.680,-12.990,24.792,-25.623,-0.989,-30.000,95.99,65.00,1567,1222
115215,-0.199097,0.375122,0.404541,0.586523,29.602051,36.071777,-47.180176,42.839,19.844,21.987,24.715,30.246,11.535,25.842,-27.685,-1.543,-30.000,96.54,65.00,1573,1222
115273,-0.046021,-0.021118,0.150879,0.159149,3.967285,39.794922,-36.865234,-7.968,16.808,22.722,26.977,18.464,29.631,25.943,-30.000,-3.871,-30.000,98.87,65.00,1599,1222
115323,-0.143921,0.061401,0.201782,0.255342,16.113281,-32.348633,-35.156250,16.925,34.308,23.390,29.011,28.333,15.114,27.270,-30.000,-2.881,-30.000,97.88,65.00,1588,1222
115373,-0.086792,0.027710,0.254150,0.269987,10.314941,-81.237793,-35.583496,6.222,18.752,23.557,28.952,23.369,-35.937,27.156,-29.583,-2.561,-30.000,97.56,65.00,1584,1222
115425,-0.057007,0.016479,0.189575,0.198646,-14.404297,-181.091309,-31.372070,4.968,16.677,22.623,26.050,4.850,-110.139,25.017,-21.939,1.980,-30.000,93.02,65.00,1534,1222
115473,-0.075073,0.009766,0.202148,0.215860,-44.006348,-303.100586,-31.127930,2.766,20.352,20.234,18.783,-20.672,-216.192,20.873,-7.582,11.349,-29.150,83.65,65.85,1429,1232
115523,-0.188477,0.043213,0.499878,0.535975,-70.495605,-468.627930,-17.272949,4.941,20.588,17.212,6.062,-43.938,-332.833,16.154,13.410,26.374,-7.632,71.65,77.85,1296,1365
115573,0.647095,-0.449341,0.911255,1.204585,89.355469,-199.951172,15.441895,-26.248,-32.493,13.678,-14.198,-33.703,-398.270,12.880,30.000,26.116,19.269,68.88,89.85,1265,1498
115625,0.775879,-0.122070,-0.108154,0.792835,-81.481934,-135.986328,43.212891,-131.541,-78.129,11.439,-30.436,-74.194,-277.952,7.987,30.000,29.928,21.244,65.07,101.85,1223,1632
115673,0.796997,-0.185791,0.234741,0.851367,-10.742188,-165.710449,73.242187,-38.361,-69.413,7.779,-42.616,-40.854,-196.380,-26.725,30.000,15.020,27.957,68.02,113.85,1256,1765
115723,1.099487,-0.007080,0.749146,1.330467,-23.864746,-199.279785,77.758789,-0.541,-55.730,3.715,-52.752,-12.894,-195.238,3.170,30.000,29.342,26.298,65.66,121.30,1230,1848
115773,1.517456,-0.303345,0.426270,1.605116,-36.865234,-151.611328,72.814941,-35.437,-70.977,-1.622,-62.154,-10.514,-175.071,-2.256,30.000,28.702,28.475,66.30,122.27,1237,1859
115823,1.256714,-0.132324,0.250244,1.288201,51.147461,-89.721680,52.978516,-27.869,-77.306,-10.283,-68.823,27.610,-117.940,-9.512,30.000,21.665,29.972,73.34,124.97,1315,1889
115864,1.636353,-0.520386,-0.199097,1.728609,34.912109,-46.142578,47.424316,-110.937,-71.196,-19.084,-72.092,13.283,-87.864,-20.052,30.000,11.889,29.999,82.59,125.00,1418,1889
115923,1.612915,-0.119141,0.128296,1.622390,38.452148,19.653320,34.179687,-42.881,-83.805,-30.452,-73.741,40.865,-23.644,-30.000,30.000,0.926,30.000,94.07,125.00,1545,1889
115973,1.848389,0.154053,0.213867,1.867087,28.076172,97.961426,12.084961,35.766,-81.885,-32.269,-72.323,42.233,40.987,-30.000,30.000,0.017,30.000,94.98,125.00,1555,1889
116023,1.992554,-0.382446,0.356934,2.060082,36.621094,203.369141,11.779785,-46.976,-75.289,-27.894,-68.501,36.888,111.613,-28.327,30.000,0.971,30.000,94.03,125.00,1545,1889
116064,1.448853,0.156128,2.355103,2.769487,18.249512,290.588379,-18.005371,3.793,-31.544,-18.897,-61.010,69.140,235.359,-16.495,30.000,11.364,30.000,85.32,125.00,1448,1889
116123,1.013916,-0.002441,1.459473,1.777102,15.197754,44.189453,31.860352,-0.096,-34.788,-12.682,-49.773,29.929,129.769,-12.011,30.000,17.538,30.000,77.46,125.00,1361,1889
116173,0.856201,-0.058838,1.295654,1.554111,45.043945,44.433594,29.602051,-2.600,-33.431,-11.393,-45.522,37.062,62.209,-10.165,30.000,19.516,30.000,75.48,125.00,1339,1889
116223,0.725098,0.007324,1.350708,1.533047,51.635742,78.430176,40.588379,0.311,-28.228,-10.326,-41.940,46.399,71.465,-8.431,30.000,21.241,30.000,73.76,125.00,1320,1889
116264,0.640747,-0.059082,1.253662,1.409154,26.245117,110.534668,25.573730,-2.698,-27.046,-9.295,-38.484,40.864,90.182,-7.629,30.000,22.278,30.000,72.72,125.00,1308,1889
116323,0.339722,-0.256714,1.163208,1.238695,35.339355,94.482422,-11.657715,-12.445,-15.918,-7.717,-32.350,31.905,101.477,-6.431,29.389,22.947,30.000,72.05,125.00,1301,1889
116373,0.375244,-0.119263,1.023804,1.096907,26.489258,64.758301,-17.822266,-6.644,-20.004,-5.921,-27.238,29.670,72.805,-4.715,24.231,19.830,29.382,75.17,124.38,1335,1882
116423,0.432617,0.021851,0.878418,0.979415,43.457031,69.824219,-23.132324,1.425,-26.213,-3.833,-23.533,36.082,70.364,-0.288,22.382,21.144,24.019,73.86,119.02,1321,1822
116465,0.326904,0.033936,0.873047,0.932861,25.268555,52.368164,-22.155762,2.226,-20.514,-1.881,-20.741,30.009,61.032,0.632,19.003,19.473,19.203,75.53,114.20,1339,1769
116523,0.249512,0.017334,0.792236,0.830780,27.893066,9.826660,-44.006348,1.253,-17.478,0.278,-17.098,29.870,36.358,2.055,16.563,18.460,14.851,76.54,109.85,1350,1721
116573,0.384888,-0.007324,0.783813,0.873244,17.883301,-4.516602,-58.715820,-0.535,-26.152,1.966,-16.595,20.424,12.605,2.462,20.320,21.684,16.693,73.32,111.69,1315,1741
116623,0.172607,0.068726,0.901367,0.920315,7.812500,39.978027,-61.279297,4.360,-10.810,3.534,-16.392,15.860,22.308,4.680,16.585,21.922,13.447,73.08,108.45,1312,1705
116665,0.002441,0.061768,0.547729,0.551207,7.324219,70.495605,-61.706543,6.434,-0.254,4.417,-14.510,7.885,50.935,5.173,12.796,18.547,8.618,76.45,103.62,1349,1651
116723,0.082397,0.017822,0.684326,0.689499,22.033691,1.464844,-56.274414,1.492,-6.863,5.413,-11.401,8.479,28.655,6.304,10.714,16.682,4.660,78.32,99.66,1370,1607
116773,0.111938,0.016479,0.451416,0.465380,-19.592285,-10.986328,-55.236816,2.091,-13.918,6.062,-10.503,-2.910,3.560,6.350,11.231,17.537,4.710,77.46,99.71,1361,1608
116823,-0.132690,-0.071411,0.331909,0.364513,-1.831055,17.883301,-42.419434,-12.142,21.347,6.309,-9.657,-5.262,15.354,6.480,9.593,16.315,3.355,78.68,98.36,1374,1593
116873,0.065308,-0.051880,0.309570,0.320609,-4.333496,-27.893066,-45.410156,-9.514,-11.753,6.538,-8.897,-3.911,1.598,6.813,9.583,16.235,2.616,78.76,97.62,1375,1585
116923,-0.113525,-0.034302,0.445435,0.460952,-23.254395,-55.786133,-41.076660,-4.404,14.258,6.485,-9.897,-9.780,-37.612,6.403,12.950,18.896,5.894,76.10,100.89,1346,1621
116973,0.166382,-0.227051,0.592163,0.655662,17.822266,-54.443359,-32.104492,-20.978,-14.700,6.101,-13.012,-12.461,-73.756,5.820,18.544,23.604,12.168,71.40,107.17,1293,1691
117023,0.227173,0.046509,0.404297,0.466076,-19.714355,-51.818848,-23.925781,6.562,-29.171,5.233,-16.830,-25.499,-77.691,4.083,22.980,26.658,18.177,68.34,113.18,1259,1758
117073,0.178711,0.008301,0.685669,0.708624,-30.700684,-26.855469,-23.681641,0.694,-14.607,4.703,-19.575,-20.050,-45.677,3.827,24.079,27.888,19.950,67.11,114.95,1246,1777
117114,0.164307,-0.130005,0.900391,0.924446,-6.164551,-1.281738,-19.958496,-8.216,-10.238,3.601,-20.076,-18.429,-20.486,2.711,23.118,26.292,20.406,68.71,115.41,1263,1782
117173,0.191040,-0.045898,0.550781,0.584776,-40.161133,3.723145,-16.235352,-4.764,-19.068,2.077,-19.719,-27.505,0.186,0.491,21.539,22.349,20.749,72.65,115.75,1307,1786
117223,0.398926,-0.059570,1.208008,1.273567,-27.648926,-15.808105,-16.052246,-2.823,-18.254,1.201,-19.526,-15.484,-3.338,0.249,21.485,21.630,21.058,73.37,116.06,1315,1790
117273,0.408813,-0.208130,0.925171,1.032660,-23.498535,-50.292969,-11.291504,-12.678,-23.321,-1.231,-20.565,-29.954,-32.141,-5.801,25.032,19.007,29.093,75.99,124.09,1344,1879
117314,0.810913,-0.259033,0.961304,1.284049,-56.457520,-44.250488,-11.291504,-15.081,-39.163,-2.300,-22.480,-34.958,-51.096,-4.469,27.599,22.962,29.813,72.04,124.81,1300,1887
117373,0.137817,-0.246460,0.802979,0.851182,-44.799805,-81.970215,-1.770020,-17.063,-9.318,-5.234,-24.959,-40.826,-67.690,-9.346,29.607,20.533,29.998,74.47,125.00,1327,1889
117423,0.733765,-0.490479,1.466919,1.711967,-54.870605,-117.919922,0.427246,-18.488,-25.379,-7.905,-29.019,-38.364,-90.443,-10.838,30.000,18.415,30.000,76.59,125.00,1351,1889
117473,0.623047,-0.285767,1.359741,1.522743,-45.593262,-42.968750,-5.737305,-11.869,-24.152,-9.832,-32.864,-31.371,-62.637,-12.538,30.000,17.807,30.000,77.19,125.00,1358,1889
117519,0.755493,-0.525635,1.255005,1.556309,-26.916504,-24.169922,-5.554199,-22.725,-29.041,-11.241,-34.975,-31.588,-44.329,-14.101,30.000,16.205,30.000,78.80,125.00,1376,1889
117573,0.868164,-0.626953,1.491943,1.836484,-11.718750,-8.300781,3.112793,-22.793,-28.212,-12.905,-37.086,-19.271,-26.181,-15.193,30.000,14.932,30.000,80.07,125.00,1390,1889
117623,0.617676,-0.498047,1.469482,1.670016,-5.798340,29.724121,7.324219,-18.723,-21.707,-13.619,-37.368,-7.901,6.981,-15.296,30.000,14.754,30.000,80.25,125.00,1392,1889
117673,0.488892,-0.549194,1.499268,1.669860,9.155273,21.728516,12.451172,-20.118,-17.024,-13.911,-36.454,1.730,18.804,-15.055,30.000,14.895,30.000,80.11,125.00,1390,1889
117715,0.494385,-0.520264,1.567505,1.723996,27.893066,55.969238,11.901855,-18.361,-16.664,-13.712,-35.283,14.738,34.526,-14.056,30.000,15.709,30.000,79.29,125.00,1381,1889
117773,0.432861,-0.310303,1.421753,1.518235,32.348633,67.749023,8.850098,-12.312,-16.565,-12.270,-31.876,29.620,63.813,-11.577,30.000,18.091,30.000,76.91,125.00,1355,1889
117823,0.431396,-0.296753,1.334351,1.433407,37.597656,54.870605,14.099121,-12.538,-17.515,-10.667,-28.816,35.489,57.549,-9.461,28.136,18.765,30.000,76.24,125.00,1347,1889
117873,0.431641,-0.217041,1.217163,1.309544,39.489746,64.086914,20.507812,-10.111,-19.245,-9.004,-25.515,38.671,66.374,-7.441,23.976,16.835,30.000,78.17,125.00,1369,1889
117925,0.453735,-0.009644,1.036743,1.131727,42.968750,85.083008,26.062012,-0.533,-23.636,-7.065,-21.933,42.626,73.852,-3.423,20.016,16.011,25.116,78.99,120.12,1378,1835
117973,0.471069,-0.353882,1.104492,1.251815,34.912109,95.886230,25.207520,-17.766,-22.105,-5.409,-17.865,34.340,86.652,-3.746,14.345,11.396,19.198,83.60,114.20,1429,1769
118023,0.256958,0.143555,0.467529,0.552466,40.771484,24.658203,21.240234,17.069,-27.717,-3.826,-13.639,43.487,65.517,-1.456,10.963,9.407,13.049,85.59,108.05,1451,1701
118073,0.145996,-0.005371,0.742187,0.756430,41.198730,6.774902,3.295898,-0.415,-11.128,-2.061,-11.937,36.542,20.892,0.068,11.769,11.530,11.941,83.47,106.94,1427,1688
118125,0.032471,0.148071,0.653687,0.671033,-4.394531,-12.145996,-23.376465,12.763,-2.774,-0.478,-11.405,25.634,5.218,1.156,12.124,13.175,10.902,81.82,105.90,1409,1677
118173,0.085083,-0.111816,0.711914,0.725647,18.859863,-25.451660,-38.574219,-8.926,-6.733,0.533,-11.969,13.715,-16.779,1.250,13.979,14.862,12.573,80.14,107.57,1390,1695
118223,0.221191,0.089844,0.517090,0.569543,-6.713867,-37.780762,-41.992187,9.857,-22.853,1.377,-13.238,5.834,-31.171,1.706,16.237,17.553,14.165,77.45,109.17,1361,1713
118273,0.133789,0.021240,0.477661,0.496499,6.286621,-34.057617,-38.269043,2.546,-15.632,1.913,-15.049,1.191,-38.843,2.016,18.690,20.267,16.419,74.73,111.42,1330,1738
118323,0.051758,0.018311,0.108154,0.121291,-39.733887,-62.011719,-35.034180,9.609,-25.260,1.993,-17.342,-17.174,-55.678,1.019,22.222,22.856,20.312,72.14,115.31,1302,1781
118373,0.061646,-0.036133,0.248535,0.258603,-9.948730,-130.676270,-33.569336,-8.272,-13.791,1.793,-21.652,-17.221,-103.745,0.795,29.848,29.074,27.765,65.93,122.77,1233,1864
118423,0.123901,-0.036377,0.196289,0.234956,-21.118164,-173.767090,-30.761719,-10.499,-31.826,1.303,-29.418,-29.846,-175.015,-0.501,30.000,29.574,29.911,65.43,124.91,1227,1888
118473,0.183228,-0.048828,0.202393,0.277343,12.207031,-135.925293,-27.343750,-13.564,-41.350,0.474,-38.837,-31.556,-178.169,-1.515,30.000,28.353,29.998,66.65,125.00,1241,1889
118523,0.242554,-0.019531,0.335938,0.414811,-23.071289,-152.648926,-24.963379,-3.327,-35.784,-0.360,-47.616,-39.706,-169.096,-2.619,30.000,27.428,30.000,67.57,125.00,1251,1889
118564,0.244751,-0.013916,0.310181,0.395359,-44.860840,-162.597656,-22.399902,-2.569,-38.248,-1.106,-54.439,-43.015,-168.709,-3.639,30.000,26.552,30.000,68.45,125.00,1261,1889
118623,0.232300,-0.024780,0.318848,0.395273,-44.372559,-152.587891,-20.385742,-4.444,-35.994,-2.604,-64.124,-48.696,-157.795,-5.627,30.000,24.618,30.000,70.38,125.00,1282,1889
118673,1.807617,-0.158203,0.742676,1.960631,-53.222656,87.829590,9.216309,-12.025,-67.214,-2.093,-68.669,-30.502,-27.377,-3.974,30.000,25.793,30.000,69.21,125.00,1269,1889
118723,0.798096,0.388428,-0.419067,0.981555,18.493652,131.347656,-34.179687,137.173,-54.399,3.832,-66.014,-8.321,84.160,30.000,30.000,26.344,6.075,70.72,120.20,1286,1836
118764,0.945312,0.016602,0.603149,1.121464,-7.019043,153.686523,-14.221191,1.577,-57.451,4.952,-61.687,1.272,115.271,2.951,30.000,29.850,22.807,65.15,116.62,1224,1796
118823,1.283936,-0.046509,1.343750,1.859117,-11.230469,161.315918,-19.958496,-1.982,-43.679,4.690,-53.330,8.783,154.799,5.527,30.000,29.999,24.440,65.00,119.44,1222,1827
118873,1.399658,0.025391,1.677856,2.185152,156.616211,195.251465,-18.798828,0.867,-39.831,4.350,-44.627,32.955,189.927,6.603,30.000,30.000,24.492,65.00,119.49,1222,1828
118923,1.372192,-0.213379,0.459351,1.462684,23.315430,-15.502930,48.034668,-24.916,-69.740,4.287,-39.637,-1.897,43.326,4.459,30.000,30.000,25.165,65.00,120.17,1222,1835
118965,1.409424,0.146729,1.057861,1.768354,22.094727,-12.329102,62.561035,7.897,-52.847,3.415,-39.205,13.203,-1.294,4.390,30.000,30.000,25.444,65.00,120.44,1222,1838
119014,0.893677,-0.011719,1.705078,1.925120,3.173828,226.562500,65.917969,-0.394,-27.660,1.965,-35.615,18.477,127.214,3.111,30.000,30.000,26.478,65.00,121.48,1222,1850
119073,0.106079,-0.262817,1.649292,1.673466,-39.184570,143.310547,57.861328,-9.054,-3.634,0.329,-24.018,-2.259,189.310,0.083,14.953,17.074,15.541,76.49,110.54,1350,1728
119123,-0.064087,-0.025391,1.741577,1.742941,37.719727,33.935547,41.076660,-0.835,2.107,-0.600,-16.733,15.985,106.234,0.443,11.924,12.300,11.825,82.70,106.83,1419,1687
119165,-0.012817,0.024170,1.418945,1.419209,19.592285,60.180664,24.719238,0.976,0.517,-0.195,-13.897,23.500,62.497,1.339,11.429,12.947,10.577,82.05,105.58,1412,1673
119223,-0.066772,0.192871,1.224365,1.241261,17.028809,93.139648,25.207520,8.952,3.084,1.137,-9.778,29.927,77.882,2.887,5.974,9.559,4.118,85.44,99.12,1449,1601
119273,-0.034302,0.085327,1.213745,1.217224,17.333984,69.274902,26.611328,4.021,1.615,2.320,-5.323,19.886,72.282,3.586,1.410,5.581,-1.427,89.42,93.57,1494,1540
119323,-0.097534,0.209717,1.171387,1.194002,27.832031,84.716797,27.648926,10.150,4.686,3.263,-1.367,23.064,85.047,4.814,-3.707,1.683,-7.470,93.32,87.53,1537,1473
119375,-0.181763,0.167725,0.742676,0.782775,-3.845215,123.291016,31.372070,12.726,13.427,4.829,2.372,12.058,84.304,5.877,-7.473,-0.430,-12.858,95.43,82.14,1560,1413
119423,0.067383,0.062988,0.976929,0.981273,-1.953125,54.748535,23.925781,3.689,-3.938,5.608,5.612,3.821,66.899,6.240,-9.993,-3.497,-15.965,98.50,79.03,1594,1378
119473,-0.119873,0.027832,1.000977,1.008513,-15.747070,20.263672,10.620117,1.593,6.826,5.223,7.941,-9.284,42.600,5.045,-11.096,-5.792,-16.238,100.79,78.76,1620,1375
119523,-0.163818,0.115112,0.888062,0.910352,4.943848,14.831543,1.647949,7.386,10.367,4.943,9.390,-7.089,27.516,4.868,-11.785,-6.888,-16.463,101.89,78.54,1632,1373
119573,-0.328247,0.129395,0.948242,1.011757,6.591797,37.719727,-4.760742,7.770,18.931,5.445,11.141,5.088,24.569,6.485,-14.705,-7.967,-20.753,102.97,74.25,1644,1325
119623,-0.372681,0.020996,0.781494,0.866063,19.042969,35.827637,-9.155273,1.539,25.488,5.833,13.284,13.047,40.695,5.786,-20.426,-12.139,-24.527,106.48,70.47,1683,1283
119673,-0.185425,0.144165,0.888916,0.919422,17.944336,64.819336,-4.760742,9.212,11.635,6.392,15.649,19.689,46.056,8.053,-19.783,-11.939,-27.118,106.94,67.88,1688,1254
119723,-0.171753,0.002808,0.613525,0.637119,34.667969,12.695313,-10.314941,0.262,15.639,7.285,17.664,19.715,29.651,9.038,-21.015,-12.176,-29.709,107.18,65.29,1691,1225
119773,-0.012451,0.014648,0.596802,0.597111,-8.544922,13.977051,-16.967773,1.406,1.195,8.082,18.742,9.807,18.236,9.320,-21.516,-11.999,-29.995,107.00,65.01,1689,1222
119814,-0.146606,-0.100830,0.549194,0.577299,17.211914,-24.291992,-8.911133,-10.403,14.712,8.219,18.708,8.647,-9.691,9.401,-19.889,-10.856,-29.428,105.86,65.57,1676,1229
119873,-0.107666,-0.002319,0.094482,0.143263,-14.221191,-30.822754,-11.840820,-1.406,48.723,7.795,17.109,-9.637,-33.226,7.853,-16.718,-8.973,-25.108,103.97,69.89,1655,1277
119923,-0.164673,0.128296,0.278687,0.348200,-4.516602,-55.786133,-7.446289,24.719,28.224,7.326,14.754,-5.590,-56.808,7.580,-12.712,-5.668,-20.990,100.67,74.01,1619,1322
119973,-0.316284,0.253906,0.612549,0.734656,6.225586,-83.007812,0.061035,22.514,25.501,6.768,11.628,-6.375,-70.130,6.918,-8.475,-2.311,-16.153,97.31,78.85,1581,1376
120015,-0.013428,-0.053955,0.222412,0.229257,-30.944824,-71.777344,6.408691,-13.636,3.358,5.746,8.239,-30.616,-87.530,4.340,-3.703,0.254,-9.280,94.75,85.72,1553,1452
120073,-0.050415,-0.025269,0.498657,0.501836,2.868652,-131.958008,14.221191,-2.901,5.766,4.205,1.599,-22.804,-130.406,3.114,6.174,7.988,1.674,87.01,96.67,1467,1574
120123,0.365234,-0.095581,0.445435,0.583904,-45.104980,-183.532715,25.573730,-12.111,-38.719,2.732,-6.599,-35.152,-186.115,0.753,18.232,17.421,15.037,77.58,107.84,1362,1698
120173,0.440186,-0.285522,1.155273,1.268835,38.024902,-101.440430,32.165527,-13.882,-20.299,1.028,-15.725,-17.384,-154.148,-0.056,26.352,25.318,25.727,69.68,119.84,1274,1832
120215,0.045410,-0.114868,0.600586,0.613156,-15.808105,-140.136719,33.325195,-10.828,-4.247,-0.403,-21.210,-17.965,-133.195,-1.363,30.000,28.035,29.705,66.97,124.71,1244,1886
120273,0.513672,-0.057861,0.486938,0.710152,-11.291504,-200.622559,28.198242,-6.776,-46.330,-2.329,-28.697,-14.101,-142.688,-3.249,30.000,27.080,29.998,67.92,125.00,1255,1889
120323,0.585815,-0.017090,0.778931,0.974784,-101.440430,-64.941406,13.305664,-1.257,-36.939,-3.756,-34.773,-25.568,-96.035,-4.157,30.000,26.196,30.000,68.80,125.00,1264,1889
120373,1.114502,-0.381958,1.082642,1.600037,11.108398,62.438965,27.832031,-19.433,-44.151,-5.199,-36.913,-8.070,-4.558,-6.044,30.000,24.108,30.000,70.89,125.00,1288,1889
120425,0.736572,-0.146606,0.960327,1.219123,8.117676,125.000000,16.967773,-8.680,-37.170,-6.566,-35.050,-2.957,73.981,-7.241,30.000,20.644,30.000,74.36,125.00,1326,1889
120473,0.619751,-0.305176,1.038940,1.247646,-78.918457,78.491211,26.611328,-16.369,-29.784,-6.598,-30.493,-19.756,80.542,-8.285,28.601,21.620,30.000,73.38,125.00,1315,1889
120523,0.692017,-0.306030,1.069702,1.310269,36.926270,-72.021484,10.498047,-15.965,-31.880,-8.490,-27.504,4.390,6.281,-8.933,29.769,18.784,30.000,76.32,125.00,1348,1889
120573,0.892212,-0.455322,1.765015,2.029443,-4.577637,-38.146973,13.244629,-14.465,-26.081,-8.350,-28.473,9.838,-31.750,-8.452,30.000,21.677,30.000,73.32,125.00,1315,1889
120625,0.780762,-0.145142,1.564819,1.754798,64.758301,111.145020,26.367187,-5.299,-26.419,-7.979,-28.610,34.090,32.673,-6.588,29.402,22.585,30.000,72.41,125.00,1305,1889
120673,0.152832,-0.057617,1.366455,1.376182,44.250488,66.223145,30.090332,-2.414,-6.376,-6.855,-25.359,35.141,67.421,-5.288,23.741,18.882,29.466,76.12,124.47,1346,1883
120723,0.130737,0.154785,1.184692,1.201893,55.175781,27.465820,21.606445,7.444,-6.245,-5.155,-22.502,49.233,43.742,-2.573,22.020,19.257,25.208,75.74,120.21,1342,1836
120773,0.099609,0.136841,1.111450,1.124264,43.029785,31.433105,12.207031,7.019,-5.083,-2.750,-20.004,44.383,33.222,-0.218,19.903,19.717,21.071,75.28,116.07,1336,1790
120823,0.144165,-0.088379,1.151611,1.163960,37.475586,48.034668,9.033203,-4.388,-7.115,-0.691,-17.248,44.396,36.581,2.047,16.669,19.073,15.465,75.93,110.46,1344,1727
120873,-0.028320,0.047729,1.001099,1.002636,26.245117,56.091309,4.028320,2.730,1.619,1.391,-13.795,32.231,51.606,3.305,11.969,15.856,9.666,79.14,104.67,1379,1663
120923,0.245605,0.371582,0.969727,1.067129,2.502441,38.879395,1.281738,20.966,-13.306,3.675,-11.057,21.169,40.421,8.513,10.066,17.314,3.003,77.69,98.00,1363,1589
120973,0.189697,0.098755,1.078125,1.099132,-12.695313,13.061523,-9.216309,5.234,-9.938,4.516,-9.376,0.368,30.168,4.831,8.395,13.621,3.433,81.38,98.43,1404,1594
121023,0.147949,0.177490,1.015869,1.041817,-23.376465,-17.150879,-23.742676,9.911,-8.164,4.403,-8.835,-13.260,4.231,3.904,9.356,13.257,5.123,81.74,100.12,1408,1612
121064,0.399414,0.025635,1.223145,1.286962,-3.601074,-1.098633,-39.306641,1.201,-18.081,3.750,-9.094,-20.610,-7.250,2.745,10.245,13.009,7.372,81.99,102.37,1411,1637
121123,0.123535,-0.033447,1.343628,1.349709,-19.165039,-55.480957,-40.405273,-1.426,-5.251,2.857,-9.645,-23.869,-27.777,1.567,12.082,13.281,9.836,81.72,104.84,1408,1665
121173,0.347534,-0.033813,1.196045,1.245972,28.442383,-6.774902,-29.846191,-1.619,-16.196,2.688,-11.091,3.797,-24.157,3.026,13.456,16.056,10.726,78.94,105.73,1377,1675
121223,0.331665,0.066162,0.937134,0.996293,10.620117,12.084961,-16.357422,4.038,-19.445,3.737,-12.451,12.091,-3.066,4.726,14.814,20.059,10.430,74.94,105.43,1333,1671
121264,0.125610,-0.090454,0.798218,0.813088,10.009766,-7.324219,-1.525879,-6.465,-8.887,4.270,-12.664,11.052,-6.171,5.201,14.106,19.193,9.013,75.81,104.01,1342,1656
121323,0.057861,-0.007202,0.577393,0.580329,12.023926,11.718750,6.469727,-0.715,-5.722,4.837,-12.415,9.885,11.059,5.755,12.885,18.720,7.380,76.28,102.38,1348,1638
121373,0.231689,0.023193,0.755981,0.791028,6.958008,31.494141,6.225586,1.757,-17.031,5.181,-11.656,7.568,20.610,5.994,11.477,17.720,5.790,77.28,100.79,1359,1620
121423,0.086670,0.148804,0.677612,0.699151,7.568359,33.691406,10.070801,12.386,-7.121,5.517,-10.247,10.983,32.005,6.569,9.243,16.048,3.084,78.95,98.08,1377,1590
121465,0.122070,0.208252,0.703003,0.743292,0.976562,8.544922,13.122559,16.501,-9.452,5.690,-9.007,6.162,27.906,6.470,8.125,14.709,1.756,80.29,96.76,1392,1575
121523,0.129517,-0.153809,0.494019,0.533372,0.915527,-23.315430,8.911133,-17.294,-14.053,5.411,-8.377,-0.195,1.081,5.797,9.042,14.654,2.941,80.35,97.94,1393,1588
121573,0.090820,-0.020996,0.685059,0.691371,-18.676758,-54.443359,11.596680,-1.755,-7.548,5.193,-9.133,-5.430,-26.111,5.243,11.419,16.292,5.492,78.71,100.49,1375,1617
121623,-0.170166,0.144043,0.456909,0.508400,-18.432617,-69.458008,16.235352,17.498,19.555,4.570,-11.396,-12.986,-52.845,4.104,15.512,19.141,10.522,75.86,105.52,1343,1672
121665,0.163696,0.003052,0.374878,0.409071,-17.150879,-144.531250,21.179199,0.466,-23.589,3.676,-14.533,-20.227,-92.845,2.687,21.363,22.973,17.139,72.03,112.14,1300,1746
121723,0.570679,0.247070,1.680176,1.791566,64.636230,-16.601562,9.155273,8.365,-18.574,2.895,-22.185,15.055,-108.882,3.929,30.000,29.844,26.276,65.16,121.28,1224,1848
121773,0.279297,-0.132080,0.317139,0.442751,11.230469,89.233398,3.723145,-22.610,-39.111,1.426,-26.773,-6.106,-30.430,1.058,30.000,28.760,29.056,66.24,124.06,1236,1878
121823,0.300781,-0.036865,0.696411,0.759485,68.359375,18.554687,13.427734,-3.030,-23.330,1.666,-26.950,25.921,9.757,3.229,28.951,29.977,26.447,65.02,121.45,1222,1849
121875,0.269653,-0.001465,0.761597,0.807926,7.812500,-93.811035,-3.601074,-0.110,-19.497,2.258,-28.028,16.757,-44.731,3.330,30.000,30.000,26.704,65.00,121.70,1222,1852
121923,0.828247,-0.213989,0.862549,1.214815,6.408691,-73.852539,-11.901855,-13.933,-42.984,2.265,-31.864,11.447,-74.904,3.019,30.000,29.697,27.181,65.30,122.18,1226,1858
121973,0.406494,0.049438,0.668091,0.783599,13.671875,27.282715,7.019043,4.232,-31.249,2.434,-34.445,9.030,-10.809,3.060,30.000,29.962,26.904,65.04,121.90,1223,1854
122023,0.537598,0.168945,0.795044,0.974499,37.048340,48.156738,7.202148,11.997,-33.481,2.852,-34.204,14.692,20.580,8.116,30.000,29.999,24.082,65.00,119.37,1222,1826
122079,0.604736,0.254028,0.896973,1.111214,22.521973,5.310059,12.573242,15.812,-32.971,3.410,-33.628,11.444,5.506,9.914,30.000,30.000,22.717,65.00,118.53,1222,1817
122114,0.672729,0.260010,0.768921,1.054234,-18.615723,-51.025391,11.291504,18.683,-39.652,4.683,-33.478,0.497,-23.406,13.410,30.000,30.000,18.733,65.00,113.95,1222,1766
122173,0.766235,0.057251,1.168945,1.398866,8.056641,6.530762,33.691406,2.804,-33.213,4.163,-34.342,-3.355,-2.787,4.234,30.000,30.000,25.450,65.00,120.45,1222,1838
122223,1.295044,0.111084,1.072144,1.684924,3.784180,70.800781,22.277832,5.915,-50.229,3.303,-34.133,1.528,26.477,3.566,30.000,30.000,26.266,65.00,121.27,1222,1847
122273,0.900024,0.099243,1.929321,2.131238,21.362305,168.090820,26.489258,2.945,-24.980,2.781,-29.992,18.190,121.248,3.992,25.608,29.780,23.126,65.22,118.13,1225,1813
122314,0.526123,0.428955,1.718750,1.847947,-4.760742,112.609863,13.488770,14.013,-16.541,2.670,-24.870,13.169,128.357,3.569,19.547,24.298,16.956,70.70,111.96,1286,1744
122373,0.131714,0.222290,1.508057,1.530031,-0.915527,4.150391,0.610352,8.385,-4.938,1.994,-18.528,-5.651,71.832,1.710,15.963,17.768,14.073,77.23,109.07,1358,1712
122423,0.173218,0.187378,1.619873,1.639849,17.395020,-43.945312,-11.230469,6.598,-6.063,1.630,-17.048,1.458,2.267,1.722,18.508,19.524,16.399,75.48,111.40,1339,1738
122473,0.328857,0.046631,1.172241,1.218389,-4.333496,42.724609,-12.451172,2.278,-15.659,1.628,-17.336,-1.559,5.739,1.554,18.618,20.481,17.341,74.52,112.34,1328,1748
122519,0.133545,-0.028320,0.820190,0.831474,16.174316,90.026855,-14.160156,-1.978,-9.242,1.721,-15.451,6.547,53.937,2.127,13.652,16.702,12.685,78.30,107.69,1370,1697
122573,-0.175293,-0.031006,0.974365,0.990493,9.399414,44.860840,-7.568359,-1.823,10.194,2.277,-10.372,12.761,59.475,3.111,7.732,11.579,5.410,83.42,100.41,1427,1616
122623,0.082642,0.073975,0.938232,0.944766,14.831543,28.747559,-7.080078,4.508,-5.018,2.955,-7.339,15.880,36.426,4.044,5.779,9.955,2.149,85.05,97.15,1445,1579
122673,0.027588,0.193481,1.100342,1.117563,23.437500,3.967285,-6.958008,9.973,-1.415,4.484,-5.313,14.192,11.976,5.625,5.018,10.399,-0.423,84.60,94.58,1440,1551
122715,0.245239,0.207642,1.218018,1.259692,1.525879,-8.361816,-4.516602,9.674,-11.226,4.992,-5.054,1.453,3.590,5.419,5.236,10.605,-0.319,84.40,94.68,1438,1552
122773,0.203369,0.096436,1.181274,1.202526,-21.484375,59.875488,-7.385254,4.667,-9.737,4.720,-4.114,-9.823,31.425,4.459,2.532,7.764,-1.547,87.24,93.45,1469,1538
122823,-0.016357,0.042847,1.103027,1.103980,4.577637,47.485352,-17.272949,2.225,0.849,4.339,-1.979,-6.515,48.930,4.239,-0.867,3.852,-4.572,91.15,90.43,1513,1505
122873,0.030273,0.078857,1.351074,1.353712,9.094238,3.601074,-17.517090,3.340,-1.281,4.171,-0.155,0.948,19.681,4.486,-1.119,3.234,-5.553,91.77,89.45,1520,1494
122915,0.128174,0.105835,1.108398,1.120793,-0.122070,-25.573730,-17.395020,5.454,-6.567,4.330,-0.056,5.528,-2.297,4.936,0.095,4.686,-5.005,90.31,89.99,1503,1500
122973,0.123413,0.027710,0.858521,0.867788,10.131836,26.916504,-20.324707,1.849,-8.176,4.446,-0.826,7.712,8.546,5.194,0.287,5.629,-4.735,89.37,90.26,1493,1503
123023,-0.217285,0.090576,0.867432,0.898807,11.718750,35.156250,-20.446777,5.961,13.990,5.109,0.646,13.212,25.933,6.291,-2.648,4.194,-8.061,90.81,86.94,1509,1466
123073,-0.261475,0.126953,0.317749,0.430640,9.826660,96.313477,-17.272949,21.779,37.386,5.627,3.390,9.698,65.894,6.612,-7.488,-0.004,-13.084,95.00,81.92,1556,1410
123125,-0.017334,0.044312,0.223877,0.228877,13.916016,115.539551,-25.329590,11.196,4.343,6.183,7.502,11.585,92.087,7.337,-13.583,-5.254,-19.738,100.25,75.26,1614,1336
123173,-0.238770,-0.174316,0.295044,0.417670,-8.605957,95.764160,-14.953613,-30.575,34.867,6.418,12.530,-0.739,101.784,6.872,-19.696,-11.755,-25.758,106.75,69.24,1686,1269
123223,-0.082397,-0.043335,0.433472,0.443356,18.127441,49.560547,-14.587402,-5.709,10.711,6.440,16.576,3.579,69.121,7.140,-22.187,-14.710,-28.812,109.71,66.19,1719,1235
123273,0.053833,-0.007446,0.165771,0.174452,-59.631348,-2.075195,-20.263672,-2.572,-17.974,5.935,18.247,-18.586,9.426,5.269,-20.443,-14.924,-26.515,109.92,68.49,1721,1261
123325,-0.455566,0.104736,0.560181,0.729598,5.371094,-92.346191,-4.333496,10.590,38.639,4.824,17.197,-18.218,-47.177,4.069,-15.978,-12.679,-21.130,107.68,73.87,1696,1321
123373,-0.222656,-0.160645,0.724121,0.774425,-45.715332,-61.767578,3.784180,-12.508,16.709,4.065,15.304,-26.956,-72.019,2.711,-12.405,-13.197,-19.289,110.08,73.01,1723,1311
123423,-0.177612,0.006958,0.462158,0.495161,-44.067383,-183.410645,11.535645,0.863,21.020,2.477,13.257,-30.073,-60.930,0.777,-10.819,-11.081,-13.356,106.08,81.64,1679,1407
123473,-0.443359,0.097046,0.688965,0.825020,-38.269043,-225.830078,24.047852,8.018,32.506,1.394,8.542,-24.101,-133.397,2.887,-11.932,-7.154,-10.594,102.15,87.17,1635,1469
123523,0.706177,-0.565063,0.824097,1.223568,-80.566406,-260.070801,21.545410,-34.438,-35.250,-0.071,-1.031,-35.806,-213.439,-2.141,13.746,9.748,12.987,90.15,99.17,1502,1602
123564,0.421753,-0.217773,0.754639,0.891505,-49.438477,-203.491211,3.723145,-16.097,-28.234,-2.426,-10.877,-30.946,-215.426,-9.175,30.000,18.571,28.252,83.41,108.77,1427,1709
123623,0.753784,-0.088013,1.536255,1.713481,2.258301,-114.257812,10.620117,-3.279,-26.098,-4.064,-21.075,-12.919,-128.878,-5.086,30.000,24.595,29.985,70.40,123.17,1282,1869
123673,1.321777,-0.268066,1.167603,1.783886,-39.550781,-20.874023,2.197266,-12.930,-47.813,-5.166,-25.561,-18.431,-63.287,-6.629,30.000,23.663,30.000,71.34,125.00,1293,1889
123723,0.213623,-0.333252,1.590698,1.639211,-16.235352,174.011230,5.676270,-11.832,-7.488,-5.288,-22.934,2.842,106.221,-5.503,18.746,15.193,25.781,79.81,120.78,1387,1842
123764,-0.489746,0.146973,1.272095,1.371013,-8.911133,335.754395,-11.962891,6.591,20.929,-4.842,-15.848,10.057,226.379,-4.579,3.741,2.393,11.747,89.41,111.53,1493,1739
123823,0.270630,-0.073608,1.073364,1.109401,43.701172,-5.615234,-1.586914,-3.923,-14.119,-5.274,-4.377,23.646,89.648,-4.177,-0.225,-7.238,2.303,102.24,97.30,1636,1581
123873,-0.301758,-0.055176,1.515381,1.546118,2.990723,-95.397949,-14.038086,-2.085,11.255,-3.724,-3.606,27.013,-25.890,-2.332,5.325,1.757,6.680,93.24,101.68,1536,1630
123923,0.698608,-0.010254,1.468750,1.626464,56.213379,-96.313477,-6.469727,-0.400,-25.437,-3.268,-9.995,21.245,-144.574,-2.177,19.474,15.423,20.787,81.50,113.68,1406,1763
123965,0.762085,0.204956,1.437744,1.640088,36.987305,17.639160,-4.272461,8.113,-27.688,-3.125,-14.728,11.598,-80.185,-2.598,20.818,18.179,23.972,76.82,118.97,1354,1822
124023,0.392334,0.293701,1.711060,1.779863,84.045410,265.625000,2.563477,9.740,-12.734,-1.754,-12.844,41.084,126.215,0.679,6.447,9.146,9.245,85.78,107.42,1453,1694
124073,-0.393677,0.099854,1.346924,1.406825,16.296387,167.602539,25.207520,4.240,16.250,-0.360,-3.909,17.749,183.522,0.813,-6.820,-4.280,-5.981,97.78,95.42,1586,1560
124123,-0.261475,0.276001,1.792114,1.831999,37.841797,65.673828,6.347656,8.755,8.206,1.438,3.951,39.263,133.393,3.779,-12.156,-8.173,-14.938,103.17,83.42,1646,1427
124165,-0.047729,0.262451,1.326172,1.352734,2.014160,118.713379,16.540527,11.194,2.022,2.800,8.731,21.903,115.907,4.236,-16.364,-11.184,-19.694,106.18,75.31,1680,1337
124223,-0.297363,0.150391,1.144653,1.192172,-9.033203,132.202148,8.728027,7.485,14.444,3.609,15.414,-4.441,127.134,3.560,-24.389,-19.569,-26.814,114.57,68.19,1773,1258
124273,-0.161499,-0.003784,0.878540,0.893269,-7.446289,126.281738,-9.033203,-0.247,10.416,3.758,21.295,-14.159,123.115,3.141,-30.000,-25.790,-29.941,120.79,65.06,1842,1223
124323,-0.265503,-0.005371,0.695435,0.744412,3.479004,110.168457,-14.343262,-0.443,20.895,3.214,26.711,-5.502,108.621,3.062,-30.000,-27.167,-29.999,122.17,65.00,1857,1222
124365,-0.402832,-0.201660,0.539673,0.702985,63.476562,70.251465,-6.103516,-20.489,34.962,3.153,30.823,9.940,91.345,3.905,-30.000,-26.480,-30.000,121.48,65.00,1850,1222
124423,-0.395874,0.189453,0.763428,0.880585,27.099609,68.725586,13.427734,13.937,26.715,4.177,34.539,22.253,55.923,8.883,-30.000,-22.722,-29.974,117.72,65.03,1808,1223
124473,-0.489624,0.181030,0.765625,0.926653,30.212402,15.258789,21.484375,13.303,31.896,7.070,36.590,29.127,40.859,12.052,-30.000,-17.953,-30.000,112.95,65.00,1755,1222
124523,-0.512817,0.072510,0.594849,0.788723,29.113770,-2.990723,18.554687,6.950,40.556,9.345,37.773,27.734,16.777,11.784,-30.000,-18.579,-30.000,113.58,65.00,1762,1222
124568,-0.263794,0.022583,0.178223,0.319156,29.907227,-18.432617,18.737793,7.222,55.745,11.368,38.108,26.366,4.376,13.928,-30.000,-16.547,-30.000,111.55,65.00,1739,1222
124623,-0.366943,0.264648,0.488037,0.665482,41.015625,-96.801758,6.652832,28.470,33.463,13.522,35.656,34.963,-66.142,16.813,-30.000,-13.630,-30.000,108.63,65.00,1707,1222
124673,-0.090698,0.119629,0.324707,0.357732,20.507812,-142.150879,12.817383,20.225,14.687,14.361,31.010,19.751,-107.997,16.824,-27.523,-11.751,-30.000,106.75,65.00,1686,1222
124723,-0.190308,0.072754,0.469604,0.511897,-17.639160,-99.365234,-2.075195,8.807,21.825,14.625,25.521,1.582,-107.139,16.024,-21.537,-6.093,-30.000,101.09,65.00,1623,1222
124773,-0.219971,0.241577,0.633057,0.712395,-12.878418,-60.424805,-1.831055,20.887,17.985,14.097,21.198,-7.836,-73.571,14.893,-18.795,-4.122,-30.000,99.12,65.00,1601,1222
124814,-0.350586,0.020264,0.615234,0.708403,-27.404785,-37.231445,-9.460449,1.886,29.663,13.289,18.905,-21.375,-51.410,13.192,-17.603,-4.322,-30.000,99.32,65.00,1604,1222
124873,-0.445923,0.036865,0.824585,0.938161,-8.544922,-5.615234,-17.639160,2.560,28.380,10.199,17.560,-21.385,-26.534,7.082,-21.456,-13.378,-27.610,108.38,67.39,1704,1249
124923,-0.439575,0.124634,0.948242,1.052579,-30.639648,17.822266,-41.931152,7.488,24.684,8.559,17.477,-22.681,-3.449,7.616,-20.890,-12.265,-27.923,107.26,67.08,1692,1245
124973,-0.693604,0.097900,1.174316,1.367366,-6.958008,-2.075195,-54.992676,4.766,30.481,6.833,17.986,-17.183,-2.570,6.342,-19.522,-13.204,-26.118,108.20,68.88,1702,1265
125015,-0.388916,0.338989,1.282104,1.382013,25.573730,-7.263184,-67.138672,14.810,16.345,5.758,17.772,-3.651,-14.475,5.971,-18.573,-12.804,-24.644,107.80,70.36,1698,1282
125073,-0.569336,-0.142944,1.474121,1.586698,-4.455566,47.912598,-64.208984,-5.539,21.028,4.522,18.031,-2.513,15.725,4.680,-20.583,-15.217,-24.969,110.22,70.03,1725,1278
125123,-0.338013,0.078979,1.190308,1.239888,23.254395,67.077637,-54.260254,3.796,15.820,3.764,20.050,11.043,47.680,4.644,-24.721,-19.472,-28.574,114.47,66.43,1772,1238
125173,-0.407715,-0.159668,0.715576,0.838913,40.771484,49.621582,-52.185059,-12.578,29.078,3.005,23.197,25.854,53.239,-0.766,-30.000,-27.947,-29.401,122.84,65.60,1865,1229
125215,-0.433472,-0.134277,0.576904,0.733994,66.650391,-64.697266,-38.269043,-13.103,36.197,3.048,24.662,42.839,-7.279,5.765,-26.583,-22.989,-29.411,119.79,65.59,1831,1229
125273,-0.145996,0.219238,0.686890,0.735661,3.845215,-154.663086,-35.095215,17.702,11.447,3.674,20.068,23.800,-119.221,5.311,-14.814,-11.064,-21.755,106.06,73.25,1678,1314
125323,-0.178345,0.040039,0.723267,0.746006,-13.305664,-85.632324,-37.475586,3.169,13.831,3.923,14.268,8.272,-117.302,4.653,-8.549,-4.561,-14.533,99.56,80.47,1606,1394
125373,-0.219727,0.001953,1.078247,1.100409,-19.165039,-26.611328,-34.545898,0.104,11.518,3.216,10.463,-9.773,-56.293,2.808,-8.023,-4.973,-11.212,99.97,83.79,1611,1431
125415,-0.410034,-0.138916,0.786255,0.897565,0.610352,-4.150391,-21.972656,-10.020,27.183,1.624,10.027,-6.600,-22.547,-2.281,-15.212,-14.501,-11.965,107.80,83.03,1698,1423
125473,-0.398193,-0.047607,0.772095,0.870031,2.746582,-41.137695,-13.732910,-3.528,27.237,0.726,9.639,-5.611,-27.760,-0.783,-14.639,-14.357,-13.360,109.36,81.64,1715,1407
125523,-0.453125,-0.010742,0.806763,0.925367,-11.413574,-30.639648,-5.554199,-0.763,29.319,0.321,9.420,-6.707,-21.390,-0.395,-16.437,-15.170,-15.100,108.95,81.07,1711,1401
125573,-0.404907,0.015381,1.042236,1.118232,-21.972656,64.086914,2.136230,0.845,21.229,-0.051,9.722,-7.618,-5.198,-0.449,-12.575,-12.313,-11.579,107.31,83.42,1692,1427
125625,-0.576782,0.079712,1.067139,1.215655,3.234863,8.911133,-1.098633,4.272,28.324,-0.255,10.014,0.770,3.539,-0.091,-11.034,-11.239,-10.871,106.24,84.13,1680,1435
125673,-0.848633,0.034180,1.236694,1.500253,-1.098633,56.274414,-1.098633,1.583,34.448,-0.595,11.244,-7.144,38.806,-0.924,-14.503,-14.779,-13.002,109.78,82.00,1720,1411
125723,-0.912231,-0.006714,1.450928,1.713885,-7.263184,27.770996,-2.441406,-0.265,32.158,-0.760,13.029,-3.185,31.399,-0.869,-16.021,-16.640,-14.970,111.64,80.03,1740,1389
125773,-1.096191,-0.052368,1.512817,1.868955,12.939453,40.222168,-0.732422,-1.983,35.911,-0.721,14.525,4.005,33.029,-0.409,-17.765,-17.921,-16.873,112.92,78.13,1755,1368
125825,-1.745239,0.183350,1.703735,2.445852,-28.991699,36.010742,-3.662109,6.142,45.525,-0.647,16.188,-7.855,33.248,-1.025,-19.607,-20.065,-18.534,115.06,76.47,1778,1350
125873,-1.896606,-0.046021,1.894409,2.681048,3.906250,46.630859,3.112793,-1.392,45.025,-1.082,17.878,-5.138,37.001,-1.339,-21.691,-22.651,-19.908,117.65,75.09,1807,1334
125923,-0.412964,-0.295410,0.185547,0.540587,37.414551,119.140625,0.122070,-57.867,49.811,-0.376,21.344,27.195,77.904,1.361,-27.959,-26.856,-27.168,121.86,68.06,1854,1256
125973,-0.181763,0.115356,-0.440063,0.489899,21.972656,180.786133,26.794434,165.311,21.779,-1.317,27.025,48.195,149.197,1.586,-30.000,-28.612,-27.304,123.61,68.59,1873,1262
126023,0.022583,0.016357,0.051147,0.058255,-33.081055,25.512695,22.766113,17.735,-22.809,1.204,31.804,21.150,53.468,2.434,-30.000,-27.398,-29.950,122.40,65.05,1860,1223
126064,0.204468,-0.095337,0.337158,0.405675,-6.713867,-35.888672,18.005371,-15.789,-30.266,2.684,32.277,10.189,-9.186,3.405,-30.000,-26.569,-29.998,121.57,65.00,1851,1222
126123,-0.362305,0.046021,0.461304,0.588374,16.357422,33.325195,5.371094,5.697,38.008,3.405,31.168,-3.038,-4.393,3.420,-30.000,-26.706,-30.000,121.71,65.00,1852,1222
126173,-0.302856,0.057495,0.817627,0.873809,-8.728027,33.752441,6.652832,4.022,20.279,3.214,31.047,-10.458,13.831,2.910,-30.000,-27.196,-30.000,122.20,65.00,1858,1222
126223,-0.310425,0.065308,1.054443,1.101126,-22.460937,37.109375,7.873535,3.544,16.375,2.892,30.473,-15.976,28.755,2.141,-30.000,-27.775,-30.000,122.78,65.00,1864,1222
126264,-0.616577,0.079468,1.066284,1.234279,-20.751953,55.480957,8.361816,4.262,29.970,2.503,31.713,-19.782,43.906,1.423,-30.000,-28.394,-30.000,123.39,65.00,1871,1222
126323,-0.458252,0.071777,1.249146,1.332483,-20.385742,47.424316,7.629395,3.289,20.115,1.936,34.544,-17.985,48.450,0.907,-30.000,-29.009,-30.000,124.01,65.00,1878,1222
126373,-0.528076,0.070312,1.040527,1.168976,-30.151367,-11.352539,9.094238,3.866,26.856,1.446,36.341,-23.423,24.863,0.820,-30.000,-29.349,-30.000,124.35,65.00,1882,1222
126423,-0.343262,0.032104,0.826538,0.895558,-37.841797,-61.828613,7.873535,2.224,22.538,0.918,35.103,-28.784,-22.094,-0.562,-30.000,-29.785,-29.691,124.79,65.31,1887,1226
126464,-0.232178,0.034058,0.591309,0.636170,-32.287598,-102.050781,8.422852,3.296,21.405,0.046,32.815,-30.937,-66.722,-1.848,-30.000,-29.991,-28.375,124.99,66.62,1889,1240
126523,-0.181396,0.028442,0.569092,0.597979,-24.597168,-123.229980,11.596680,2.861,17.659,-1.378,27.420,-29.199,-105.271,-3.109,-23.738,-27.747,-21.908,122.75,73.09,1864,1312
126573,-0.179687,0.005005,0.552124,0.580649,-18.615723,-157.653809,14.160156,0.519,18.027,-2.216,21.349,-23.133,-135.365,-3.667,-15.254,-20.318,-13.148,115.32,81.85,1781,1409
126623,-0.061401,0.000244,0.405396,0.410019,-22.277832,-178.100586,12.451172,0.035,8.613,-2.687,12.865,-15.622,-186.073,-3.734,-2.879,-8.416,-1.094,103.92,93.55,1655,1539
126665,0.066895,-0.036011,0.378906,0.386447,6.469727,-217.163086,1.403809,-5.429,-9.968,-2.856,4.836,-5.925,-211.307,-3.339,7.467,1.948,8.750,94.32,103.15,1548,1646
126723,0.156860,-0.076782,0.569092,0.595287,-11.230469,-215.698242,-11.535645,-7.684,-15.278,-2.832,-7.240,-5.753,-210.293,-3.301,20.388,15.257,21.510,79.92,115.87,1388,1787
126773,0.243896,-0.016968,0.636230,0.681588,-20.202637,-217.712402,-24.047852,-1.528,-20.967,-2.476,-17.284,-1.611,-208.105,-2.661,30.000,26.118,29.346,68.88,124.35,1265,1882
126823,0.397949,-0.041382,0.718872,0.822711,37.292480,-155.700684,-34.362793,-3.295,-28.928,-2.459,-27.578,-0.925,-189.604,-2.908,30.000,27.011,29.988,67.99,124.99,1255,1889
126865,0.387695,0.007324,0.541748,0.666222,-13.671875,-73.303223,-42.114258,0.775,-35.586,-2.272,-33.905,-14.116,-130.717,-3.187,30.000,26.981,30.000,68.02,125.00,1256,1889
126914,0.312378,-0.009033,0.393677,0.502636,6.408691,-31.188965,-44.494629,-1.314,-38.424,-1.879,-39.340,-9.993,-83.060,-2.508,30.000,27.217,30.000,67.78,125.00,1253,1889
126973,0.278198,0.032227,0.404907,0.492324,-23.132324,-115.661621,-47.302246,4.551,-34.407,-0.456,-44.204,-12.347,-87.891,-1.083,30.000,28.732,30.000,66.27,125.00,1236,1889
127023,0.260498,0.007446,0.355713,0.440961,-28.259277,-73.059082,-47.790527,1.199,-36.210,1.027,-48.272,-16.860,-76.227,-0.026,30.000,29.774,30.000,65.23,125.00,1225,1889
127073,0.328369,0.015747,0.502930,0.600843,-41.076660,-66.406250,-42.846680,1.793,-33.128,2.688,-51.634,-21.942,-62.366,1.497,30.000,29.996,28.666,65.00,123.67,1222,1874
127114,0.366821,0.011230,0.308228,0.479258,-32.836914,-43.457031,-44.006348,2.087,-49.942,4.051,-53.892,-24.866,-55.388,2.821,30.000,30.000,27.422,65.00,122.42,1222,1860
127173,1.969971,1.878784,0.723633,2.816782,92.712402,-160.034180,459.655762,68.935,-44.376,4.248,-56.674,2.705,-67.374,4.676,30.000,30.000,25.478,65.00,120.48,1222,1839
127223,-1.139893,0.425171,1.301514,1.781590,1187.988281,350.402832,469.787598,18.091,39.778,-14.739,-66.637,284.047,-17.627,0.973,30.000,25.765,29.112,69.23,124.11,1269,1879
127273,0.896606,-0.486084,0.225464,1.044516,160.522461,183.776855,-116.699219,-65.116,-59.137,-21.381,-62.159,78.846,53.108,-30.000,30.000,3.269,29.984,79.17,124.98,1380,1889
127314,0.703735,-0.158325,-0.219971,0.754120,87.768555,20.019531,-40.283203,-144.255,-68.937,-24.692,-59.794,3.024,33.711,-26.837,30.000,3.377,29.175,84.23,124.17,1436,1880
127373,-0.670654,0.012695,0.513184,0.844568,39.794922,-5.920410,-4.211426,1.417,52.568,-21.621,-57.443,0.106,0.845,-7.160,-15.327,-10.486,9.001,93.22,122.59,1536,1862
127423,2.229370,-0.420410,0.778809,2.398620,18.005371,153.808594,58.776855,-28.361,-68.347,-22.218,-56.528,-4.536,39.492,-24.553,30.000,5.073,29.613,89.93,124.61,1499,1885
127473,0.709106,-0.178833,0.401733,0.834388,-19.958496,253.540039,11.901855,-23.996,-58.196,-20.343,-49.548,-12.873,180.300,-25.603,30.000,5.475,29.993,89.52,124.99,1495,1889
127514,0.358521,-0.151733,0.513306,0.644238,55.053711,188.842773,-5.615234,-16.468,-33.814,-17.628,-41.194,15.670,212.159,-18.307,30.000,10.645,30.000,84.35,125.00,1437,1889
127573,0.455078,0.106079,1.153564,1.244612,-19.958496,7.629395,-0.305176,5.254,-21.447,-14.017,-33.043,17.059,77.792,-14.251,30.000,15.774,30.000,79.23,125.00,1380,1889
127623,0.549805,-0.052124,0.894409,1.051175,11.901855,-80.444336,-0.244141,-3.335,-31.536,-12.745,-31.977,0.586,-15.502,-9.858,30.000,19.266,30.000,75.73,125.00,1341,1889
127673,0.688599,-0.060913,0.745728,1.016852,-1.708984,-2.685547,-0.427246,-4.670,-42.624,-12.623,-34.155,-3.039,-17.378,-8.631,30.000,20.828,30.000,74.17,125.00,1324,1889
127715,0.591797,-0.044067,0.878052,1.059783,-9.704590,-20.263672,0.244141,-2.873,-33.946,-12.078,-34.686,-3.138,-14.897,-8.938,30.000,21.030,30.000,73.97,125.00,1322,1889
127773,0.588623,-0.046143,0.901245,1.077427,4.150391,2.014160,-0.427246,-2.931,-33.115,-11.475,-35.543,1.077,-0.921,-8.505,30.000,21.384,30.000,73.62,125.00,1318,1889
127823,0.641602,-0.071045,0.756592,0.994551,5.371094,-6.164551,0.244141,-5.364,-40.174,-10.905,-35.928,-0.725,-6.244,-8.498,30.000,21.681,30.000,73.32,125.00,1315,1889
127873,0.636963,-0.063599,0.762085,0.995259,3.234863,-1.647949,-0.549316,-4.770,-39.792,-10.419,-36.347,-0.443,-3.945,-7.927,30.000,22.081,30.000,72.92,125.00,1310,1889
127915,0.616699,-0.060303,0.830688,1.036339,2.563477,-5.615234,-0.183105,-4.152,-36.518,-9.998,-36.488,0.639,-2.702,-7.710,30.000,22.327,30.000,72.67,125.00,1307,1889
127973,0.608887,-0.058960,0.872314,1.065435,5.065918,5.249023,-0.793457,-3.867,-34.854,-9.500,-36.695,0.993,3.139,-7.457,30.000,22.356,30.000,72.64,125.00,1307,1889
128023,0.656738,-0.076050,0.730957,0.985590,6.469727,-1.831055,-0.061035,-5.940,-41.785,-9.073,-36.920,-0.573,-3.170,-7.833,30.000,22.546,30.000,72.45,125.00,1305,1889
128073,0.637573,-0.065674,0.772095,1.003466,-0.244141,-2.685547,-0.122070,-4.862,-39.448,-8.686,-37.095,-0.652,-2.872,-7.161,30.000,23.070,30.000,71.93,125.00,1299,1889
128125,0.637939,-0.057617,0.777588,1.007437,-2.868652,-2.197266,-0.183105,-4.238,-39.289,-8.383,-37.302,-0.980,-2.851,-6.670,30.000,23.333,30.000,71.67,125.00,1296,1889
128173,0.628052,-0.077026,0.773193,0.999105,0.366211,10.437012,0.122070,-5.689,-38.948,-8.144,-37.477,-1.342,4.387,-7.446,30.000,23.047,30.000,71.95,125.00,1299,1889
128223,0.638794,-0.046875,0.751099,0.987119,-4.394531,1.220703,-0.488281,-3.571,-40.326,-7.781,-37.344,-0.353,-2.604,-5.838,30.000,23.968,30.000,71.03,125.00,1289,1889
128273,0.628296,-0.052490,0.824341,1.037810,-0.427246,1.159668,-0.488281,-3.643,-37.258,-7.562,-37.570,0.272,-1.085,-6.014,30.000,23.947,30.000,71.05,125.00,1289,1889
128325,0.629883,-0.056152,0.805298,1.023919,0.854492,-0.122070,-0.305176,-3.989,-37.964,-7.327,-37.612,0.215,1.769,-6.025,30.000,23.968,30.000,71.03,125.00,1289,1889
128373,0.643555,-0.061279,0.755737,0.994513,-1.525879,7.751465,-0.244141,-4.636,-40.324,-7.138,-37.659,-0.956,2.627,-6.215,30.000,23.895,30.000,71.11,125.00,1290,1889
128423,0.632935,-0.024048,0.817017,1.033780,-10.070801,-0.488281,-0.366211,-1.686,-37.753,-6.843,-37.475,0.025,-3.319,-4.499,30.000,25.033,30.000,69.97,125.00,1277,1889
128473,0.640625,-0.049438,0.844849,1.061421,-2.624512,-2.380371,-0.610352,-3.349,-37.125,-6.777,-37.795,-0.092,-3.233,-5.437,30.000,24.374,30.000,70.63,125.00,1285,1889
128523,0.629150,-0.053833,0.805542,1.023536,-3.295898,-1.586914,-0.061035,-3.823,-37.929,-6.600,-37.840,-0.262,-0.913,-5.557,30.000,24.525,30.000,70.48,125.00,1283,1889
128573,0.637207,-0.067139,0.768921,1.000890,-1.831055,8.178711,-0.061035,-4.990,-39.542,-6.503,-37.927,-1.130,2.748,-6.160,30.000,24.126,30.000,70.87,125.00,1287,1889
128623,0.614990,-0.067383,0.859497,1.059004,7.385254,-21.179199,-0.122070,-4.483,-35.502,-6.336,-37.702,1.757,-4.114,-5.777,30.000,24.397,30.000,70.60,125.00,1284,1889
128673,0.636841,-0.055054,0.799683,1.023762,3.051758,-0.915527,-0.244141,-3.938,-38.467,-6.283,-38.142,0.845,-3.425,-5.372,30.000,24.254,30.000,70.75,125.00,1286,1889
128723,0.643311,-0.059082,0.791260,1.021485,2.380371,-1.586914,-0.366211,-4.270,-39.034,-6.169,-38.258,0.333,-2.494,-5.510,30.000,24.444,30.000,70.56,125.00,1284,1889
128764,0.640625,-0.056641,0.784668,1.014550,-0.244141,0.000000,-0.305176,-4.129,-39.156,-6.092,-38.336,-0.059,-1.130,-5.395,30.000,24.609,30.000,70.39,125.00,1282,1889
128823,0.604980,-0.036987,0.887329,1.074580,-3.356934,-3.417969,-0.549316,-2.387,-34.263,-5.978,-38.094,0.658,2.101,-4.660,30.000,25.014,30.000,69.99,125.00,1278,1889
128873,0.653442,-0.067749,0.755859,1.001449,6.896973,2.685547,-0.305176,-5.122,-40.730,-5.937,-38.321,0.420,-2.131,-5.855,30.000,24.193,30.000,70.81,125.00,1287,1889
128923,0.642212,-0.050903,0.802002,1.028705,-2.929688,-0.549316,-0.244141,-3.632,-38.630,-5.828,-38.350,-0.125,-2.451,-4.992,30.000,24.960,30.000,70.04,125.00,1278,1889
128964,0.632690,-0.054077,0.828003,1.043461,2.014160,0.915527,-0.183105,-3.737,-37.325,-5.806,-38.416,0.301,-0.229,-5.090,30.000,24.787,30.000,70.21,125.00,1280,1889
129023,0.618652,-0.047119,0.855225,1.056579,1.464844,0.976562,-0.366211,-3.154,-35.840,-5.765,-38.250,0.551,2.491,-4.816,30.000,24.884,30.000,70.12,125.00,1279,1889
129073,0.637207,-0.056152,0.805664,1.028728,0.305176,-0.732422,-0.305176,-3.987,-38.273,-5.708,-38.215,0.307,-0.890,-5.137,30.000,24.799,30.000,70.20,125.00,1280,1889
129123,0.648926,-0.035522,0.785889,1.019798,-10.314941,-3.479004,0.183105,-2.588,-39.519,-5.577,-38.374,-0.456,-7.404,-4.221,30.000,25.553,30.000,69.45,125.00,1272,1889
129165,0.634277,-0.060181,0.834473,1.049892,4.760742,4.760742,-0.061035,-4.125,-37.167,-5.669,-38.729,0.582,-0.124,-5.215,30.000,24.529,30.000,70.47,125.00,1283,1889
129223,0.632812,-0.071411,0.823120,1.040710,6.042480,-6.225586,0.549316,-4.958,-37.449,-5.601,-38.452,0.497,2.203,-5.633,30.000,24.509,30.000,70.49,125.00,1283,1889
129273,0.643188,-0.053467,0.765381,1.001178,-7.995605,-0.061035,-0.366211,-3.996,-39.973,-5.523,-38.396,-1.214,-1.932,-5.064,30.000,25.044,30.000,69.96,125.00,1277,1889
129323,0.647461,-0.056396,0.751099,0.993245,0.732422,8.300781,-0.549316,-4.294,-40.682,-5.519,-38.524,-0.145,-0.475,-5.159,30.000,24.905,30.000,70.10,125.00,1279,1889
129365,0.644897,-0.063477,0.778076,1.012583,0.610352,0.488281,0.061035,-4.664,-39.560,-5.484,-38.577,0.692,-2.639,-5.358,30.000,24.883,30.000,70.12,125.00,1279,1889
129423,0.630493,-0.072876,0.806274,1.026114,4.821777,3.234863,-0.366211,-5.165,-37.912,-5.498,-38.580,0.281,2.930,-5.700,30.000,24.445,30.000,70.55,125.00,1284,1889
129473,0.641479,-0.057495,0.737305,0.978989,-7.812500,0.671387,-0.488281,-4.459,-40.938,-5.411,-38.478,-1.408,-1.653,-5.281,30.000,24.984,30.000,70.02,125.00,1278,1889
129523,0.639893,-0.044312,0.808960,1.032396,-3.417969,1.464844,-0.549316,-3.135,-38.302,-5.384,-38.588,-0.008,-2.488,-4.490,30.000,25.331,30.000,69.67,125.00,1274,1889
129575,0.639526,-0.062012,0.798096,1.024596,0.976562,-0.122070,-0.244141,-4.443,-38.622,-5.405,-38.703,0.283,-1.365,-5.230,30.000,24.872,30.000,70.13,125.00,1279,1889
129623,0.631592,-0.075073,0.820190,1.037910,8.422852,-0.854492,-0.427246,-5.230,-37.483,-5.447,-38.656,0.694,2.887,-5.687,30.000,24.364,30.000,70.64,125.00,1285,1889
129673,0.655029,-0.060547,0.732788,0.984737,-12.451172,-3.234863,-0.183105,-4.723,-41.696,-5.354,-38.581,-2.539,-3.885,-5.477,30.000,24.980,30.000,70.02,125.00,1278,1889
129723,0.635132,-0.053955,0.796265,1.019971,-0.427246,3.479004,-1.037598,-3.876,-38.513,-5.362,-38.730,0.464,-0.382,-4.873,30.000,25.148,30.000,69.85,125.00,1276,1889
129773,0.644165,-0.068604,0.750366,0.991315,-14.953613,3.112793,2.258301,-5.224,-40.527,-5.405,-38.735,-3.650,0.239,-5.893,30.000,24.525,30.000,70.47,125.00,1283,1889
129814,0.776855,-0.160645,0.787231,1.117607,-2.746582,45.288086,-5.859375,-11.534,-44.036,-5.570,-38.709,6.248,9.169,-9.748,30.000,22.103,30.000,72.90,125.00,1310,1889
129873,1.140381,0.338257,1.044312,1.582868,-11.108398,32.165527,-7.568359,17.947,-46.092,-4.966,-36.998,2.556,26.160,-5.165,30.000,24.883,30.000,70.12,125.00,1279,1889
129923,1.084595,-0.097534,0.929932,1.432003,-13.122559,90.942383,-1.525879,-5.987,-49.235,-4.541,-34.778,2.091,62.505,-4.726,30.000,25.330,30.000,69.67,125.00,1274,1889
129973,0.497681,-0.090576,1.496948,1.580109,26.672363,81.298828,-18.615723,-3.463,-18.359,-4.057,-30.888,13.753,81.843,-3.494,28.958,25.586,30.000,69.41,125.00,1271,1889
130014,0.467773,0.138672,0.996338,1.109383,2.014160,144.348145,-15.747070,7.924,-24.939,-3.086,-26.697,10.924,113.741,0.491,21.941,22.136,24.133,72.86,120.01,1310,1833
130073,0.167847,-0.129028,1.089722,1.110096,-12.268066,5.615234,-17.333984,-6.753,-8.696,-1.314,-19.900,0.570,58.393,-1.268,18.278,17.263,19.320,77.74,114.32,1364,1770
130123,0.278809,0.305420,1.193359,1.262981,22.583008,-25.939941,-17.639160,14.356,-12.753,-1.051,-18.259,2.529,-3.932,-0.861,20.126,18.735,20.902,76.26,115.90,1347,1788
130173,0.268066,0.106079,1.095581,1.132877,-10.375977,56.518555,-20.202637,5.530,-13.687,-0.315,-17.724,-0.077,24.314,0.000,17.782,18.334,18.484,76.67,113.48,1352,1761
130215,0.102539,0.156372,1.295776,1.309199,1.037598,65.979004,-22.216797,6.881,-4.492,-0.052,-15.816,0.386,53.026,0.015,14.108,14.813,14.825,80.19,109.82,1391,1720
130273,0.063843,0.180542,1.299805,1.313835,-13.488770,59.753418,-18.981934,7.908,-2.785,-0.234,-12.339,-11.751,60.532,-0.804,9.832,9.703,11.110,85.30,106.11,1448,1679
130323,-0.014038,0.192017,1.268921,1.283444,-7.873535,53.039551,-22.949219,8.605,0.627,-0.703,-9.612,-10.055,53.059,-1.217,7.281,6.534,8.937,88.47,103.94,1483,1655
130373,-0.064697,0.040161,1.168579,1.171058,-9.460449,51.574707,-15.319824,1.968,3.167,-0.838,-6.714,-7.987,50.532,-1.242,4.245,3.599,6.077,91.40,101.08,1516,1623
130415,-0.098877,-0.089355,1.108521,1.116503,-3.112793,47.058105,-2.685547,-4.609,5.081,-1.470,-3.956,-8.533,48.082,-1.970,1.359,0.063,3.801,94.94,98.80,1555,1598
130473,-0.076294,-0.057495,0.911011,0.916006,-22.766113,65.795898,9.399414,-3.611,4.778,-2.239,0.298,-15.051,62.254,-3.207,-3.869,-6.253,-0.300,101.25,94.70,1625,1552
130523,-0.190186,-0.262695,0.867310,0.925962,-13.977051,65.673828,13.854980,-16.851,11.852,-3.806,4.300,-15.624,65.581,-6.336,-9.264,-14.037,-2.713,109.04,92.29,1712,1525
130573,-0.206055,0.018921,0.738647,0.767083,3.356934,66.589355,26.184082,1.467,15.582,-4.907,7.822,-7.465,63.830,-5.687,-12.240,-17.541,-5.833,112.54,89.17,1750,1491
130615,-0.256470,-0.207764,0.642212,0.722066,-10.559082,34.729004,21.484375,-17.927,20.805,-5.109,10.062,-9.553,46.893,-6.034,-13.688,-19.377,-7.489,114.38,87.51,1771,1472
130673,-0.316772,-0.255249,0.746582,0.850224,-19.348145,23.132324,16.601562,-18.875,21.875,-6.377,12.832,-12.273,28.184,-10.266,-17.546,-26.565,-7.263,121.56,87.74,1851,1475
130723,-0.314697,-0.106812,0.741943,0.812972,-15.197754,49.011230,18.188477,-8.192,22.774,-7.006,14.756,-9.836,35.703,-8.138,-18.179,-26.548,-9.816,121.55,85.18,1851,1446
130773,-0.304688,-0.231567,0.592285,0.705166,-7.873535,33.508301,18.920898,-21.354,25.600,-7.424,16.336,-11.869,28.274,-8.719,-19.471,-27.878,-10.515,122.88,84.49,1865,1439
130825,-0.430054,-0.082886,0.750244,0.868725,-3.112793,-26.000977,-1.281738,-6.304,29.672,-7.685,17.885,-10.154,3.228,-8.375,-24.187,-29.715,-15.130,124.72,79.87,1886,1387
130873,-0.464355,-0.071655,0.860474,0.980395,34.484863,25.329590,5.371094,-4.760,28.271,-7.689,19.432,4.457,22.092,-7.014,-25.623,-29.995,-17.546,124.99,77.45,1889,1361
130923,-0.409424,0.068970,0.948364,1.035268,26.977539,28.930664,3.051758,4.160,23.296,-6.045,20.563,20.261,16.927,-2.793,-24.110,-27.318,-20.298,122.32,74.70,1859,1330
130973,-0.431885,-0.140137,1.003784,1.101701,31.921387,52.001953,14.160156,-7.948,23.080,-4.781,22.013,25.869,33.139,-4.323,-26.265,-29.737,-21.411,124.74,73.59,1886,1318
131025,-0.533203,0.007813,0.943359,1.083648,22.705078,41.931152,11.413574,0.474,29.475,-2.822,23.995,28.987,32.457,0.026,-30.000,-29.359,-28.911,124.36,66.09,1882,1234
131073,-0.696777,-0.062500,1.199585,1.388672,23.071289,22.949219,11.108398,-2.982,30.116,-1.366,25.804,20.583,29.988,-0.124,-29.990,-29.985,-29.546,124.99,65.45,1889,1227
131123,-0.182007,0.258667,0.745239,0.809578,1.464844,-31.921387,1.098633,19.142,12.992,0.421,25.522,12.675,-11.979,1.065,-27.247,-25.689,-28.865,120.69,66.14,1841,1235
131173,-0.307617,0.190186,0.926880,0.994940,9.887695,-44.189453,2.624512,11.596,18.010,2.233,23.540,9.366,-35.568,4.079,-22.931,-19.512,-27.427,114.51,67.57,1772,1251
131223,-0.304810,0.006348,0.633301,0.702865,-0.610352,-34.057617,11.230469,0.574,25.701,3.132,21.693,11.122,-30.451,3.953,-21.927,-18.230,-26.054,113.23,68.95,1758,1266
131264,-0.202515,-0.148437,0.641846,0.689211,13.671875,3.356934,16.723633,-13.022,17.088,3.701,20.805,9.710,-15.571,4.495,-21.843,-17.449,-26.191,112.45,68.81,1749,1265
131323,-0.136597,0.098511,0.638306,0.660149,-12.145996,-46.569824,17.211914,8.773,11.942,4.453,19.212,0.987,-31.567,4.798,-19.130,-14.689,-24.410,109.69,70.59,1719,1284
131373,-0.239868,0.078979,0.490967,0.552108,-20.141602,-86.547852,11.840820,9.139,25.751,4.340,16.936,-12.663,-57.274,3.870,-15.084,-11.847,-19.958,106.85,75.04,1687,1334
131423,-0.310303,0.166504,0.974731,1.036394,-10.925293,-27.404785,2.441406,9.694,17.422,4.592,14.476,-8.187,-43.309,5.016,-13.563,-8.602,-19.067,103.60,75.93,1651,1344
131464,-0.385620,0.206665,0.976929,1.070422,8.972168,59.631348,4.455566,11.945,21.116,4.764,14.130,-2.914,15.426,6.341,-17.654,-10.676,-21.937,105.68,73.18,1674,1313
131523,-0.281128,0.121216,1.146606,1.186774,-19.287109,57.312012,7.690430,6.035,13.703,5.115,16.105,-11.020,48.439,4.822,-20.428,-14.854,-24.831,109.85,70.17,1721,1280
131573,-0.343994,0.117065,1.224854,1.277616,-17.578125,34.729004,8.422852,5.459,15.619,4.793,18.269,-11.351,40.813,4.447,-22.350,-17.515,-26.604,112.52,68.40,1750,1260
131623,-0.419434,0.081543,0.985229,1.073895,-8.422852,-39.306641,4.028320,4.731,22.990,4.171,19.835,-15.768,7.267,3.632,-22.812,-19.650,-26.837,114.65,68.16,1774,1257
131665,-0.307373,-0.005859,1.206299,1.244857,-7.629395,-24.169922,-10.742188,-0.278,14.295,3.997,19.339,-6.457,-16.589,3.866,-20.169,-16.576,-24.421,111.58,70.58,1740,1284
131723,-0.296265,-0.176514,1.443848,1.484462,-15.686035,-33.508301,4.211426,-6.970,11.512,3.650,17.758,-7.718,-31.033,3.408,-17.563,-14.357,-21.435,109.36,73.56,1715,1317
131773,-0.237061,-0.155884,0.828003,0.875264,0.244141,-2.929688,12.817383,-10.662,15.715,2.609,17.045,-3.112,-6.714,1.472,-18.132,-16.437,-19.843,111.44,75.16,1738,1335
131823,-0.227173,-0.144897,0.894531,0.934232,3.356934,-14.404297,24.169922,-9.201,14.073,1.814,16.393,3.111,-9.932,1.528,-17.224,-15.765,-19.051,110.77,75.95,1731,1344
131865,-0.106323,-0.031250,0.906982,0.913728,6.042480,-22.644043,26.672363,-1.973,6.682,1.662,15.154,4.960,-16.863,1.966,-15.549,-13.990,-17.849,108.99,77.15,1711,1357
131923,-0.168945,-0.118164,0.804199,0.830206,14.709473,-7.690430,17.089844,-8.359,11.742,1.618,13.402,8.774,-15.750,2.147,-13.689,-11.686,-15.988,106.69,79.01,1685,1378
131973,-0.106079,0.041748,0.705444,0.714596,9.033203,-28.015137,5.920410,3.387,8.537,2.255,12.571,8.869,-19.194,2.853,-12.568,-10.092,-15.559,105.09,79.44,1668,1383
132023,-0.145752,0.044312,0.755127,0.770340,2.502441,-26.672363,0.793457,3.358,10.906,2.818,11.595,6.936,-20.983,3.357,-11.387,-8.307,-14.959,103.31,80.04,1648,1389
132075,-0.145508,0.084717,0.894409,0.910119,-2.807617,-14.404297,0.122070,5.411,9.200,3.368,10.292,2.719,-22.066,3.709,-9.889,-6.388,-13.761,101.39,81.24,1627,1403
132123,-0.178467,0.049316,1.079590,1.095352,8.422852,11.657715,-2.075195,2.615,9.377,3.399,9.518,3.577,-8.430,3.795,-9.856,-6.017,-13.502,101.02,81.50,1622,1406
132173,-0.139526,0.193726,1.028564,1.055908,0.976562,16.967773,-2.014160,10.666,7.593,3.950,9.614,1.609,8.963,4.283,-10.919,-6.582,-14.924,101.58,80.08,1629,1390
132223,-0.168335,0.203613,1.125244,1.155841,10.314941,9.826660,-8.361816,10.257,8.374,4.808,10.258,7.416,15.105,5.574,-11.996,-6.559,-17.291,101.56,77.71,1628,1363
132273,-0.125854,0.172729,1.003540,1.026044,14.892578,-12.695313,-14.831543,9.766,7.046,5.605,10.461,11.850,1.989,6.717,-11.432,-5.081,-18.126,100.08,76.87,1612,1354
132314,-0.094238,0.246948,1.029541,1.062929,9.338379,-43.273926,-18.920898,13.488,5.086,6.599,9.581,11.290,-24.119,7.999,-8.839,-1.544,-17.190,96.54,77.81,1573,1365
132373,-0.005615,0.191528,1.305908,1.319890,6.103516,-38.635254,-18.615723,8.344,0.244,7.064,7.620,8.047,-36.385,8.095,-6.090,1.626,-14.496,93.37,80.50,1537,1394
132423,0.080322,0.162231,0.978760,0.995360,7.995605,11.413574,-16.113281,9.411,-4.629,7.549,6.295,9.680,-5.474,8.726,-6.488,2.234,-15.016,92.77,79.98,1531,1389
132473,-0.008423,0.101929,0.818970,0.825331,26.245117,23.010254,-19.592285,7.095,0.585,8.227,6.181,17.082,14.653,9.915,-7.484,2.385,-17.020,92.61,77.98,1529,1366
132514,-0.010864,0.194458,0.921997,0.942343,13.061523,-19.226074,-22.277832,11.910,0.661,8.804,5.823,14.680,-7.523,10.406,-5.846,4.140,-16.406,90.86,78.59,1510,1373
132573,-0.058105,0.224121,0.812500,0.844845,5.676270,-12.634277,-22.766113,15.421,3.944,9.686,5.092,8.253,-14.866,11.416,-4.516,6.484,-15.842,88.52,79.16,1484,1380
132623,-0.120483,0.211548,0.774536,0.811896,0.366211,27.954102,-24.169922,15.277,8.534,10.338,5.531,3.371,10.653,11.415,-6.529,5.272,-17.813,89.73,77.19,1497,1358
132673,-0.196045,0.131714,0.758301,0.794231,6.958008,28.137207,-23.681641,9.854,14.290,10.700,7.181,8.838,26.234,12.142,-9.279,2.988,-21.192,92.01,73.81,1522,1320
132715,-0.313354,0.140991,0.774170,0.847000,-6.835937,4.760742,-16.540527,10.322,21.713,10.810,8.821,0.468,23.079,11.657,-13.607,-0.554,-24.294,95.55,70.71,1562,1286
132773,-0.298340,0.150757,0.882568,0.943748,-2.929688,-15.563965,-10.437012,9.693,18.429,10.021,10.606,-4.575,-4.465,10.560,-12.380,-2.789,-23.378,97.79,71.62,1587,1296
132823,-0.287964,0.189819,1.031372,1.087512,-16.540527,-3.051758,-2.075195,10.428,15.355,9.858,11.590,-10.375,4.351,10.119,-13.089,-2.845,-23.607,97.85,71.39,1587,1293
132873,-0.237671,0.202148,1.128296,1.170642,-5.432129,20.202637,-0.732422,10.157,11.714,9.558,12.163,-5.476,13.678,10.042,-14.006,-3.768,-23.888,98.77,71.11,1597,1290
132915,-0.246948,0.119751,1.109375,1.142820,-11.352539,22.399902,-1.220703,6.161,12.479,9.192,12.777,-9.592,19.452,9.361,-15.024,-5.296,-24.331,100.30,70.67,1614,1285
132973,-0.259888,-0.028931,1.210449,1.238372,-3.784180,4.333496,-2.990723,-1.369,12.114,8.675,13.511,-7.358,7.878,8.958,-15.140,-6.153,-24.118,101.15,70.88,1624,1288
133023,-0.210327,0.042969,1.218750,1.237512,-1.037598,10.864258,-4.516602,2.019,9.785,8.327,13.836,-6.249,6.792,8.641,-15.432,-6.692,-24.017,101.69,70.98,1630,1289
133073,-0.330200,-0.036255,0.999390,1.053151,-1.464844,-4.455566,1.281738,-2.078,18.272,7.536,14.217,-3.681,1.865,6.618,-16.107,-8.856,-22.997,103.86,72.00,1654,1300
133115,-0.244385,0.018555,0.946777,0.977985,0.732422,-14.221191,12.634277,1.123,14.471,6.834,14.225,-1.243,-7.638,6.993,-15.094,-8.590,-22.157,103.59,72.84,1651,1309
133173,-0.098145,0.123535,1.066040,1.077652,-0.976562,-3.356934,22.583008,6.610,5.225,6.641,12.682,-2.771,-10.604,6.995,-13.206,-6.436,-20.398,101.44,74.60,1627,1329
133223,-0.152710,0.082520,0.895630,0.912295,-9.826660,13.122559,17.639160,5.264,9.636,6.495,11.878,-7.522,0.841,6.549,-12.922,-6.272,-19.573,101.27,75.43,1625,1338
133273,-0.146118,0.076294,0.840942,0.856945,-6.408691,1.159668,8.605957,5.184,9.818,6.140,11.614,-10.612,1.694,5.974,-12.683,-6.697,-18.766,101.70,76.23,1630,1347
133325,-0.162354,-0.020874,0.842285,0.858043,-7.019043,6.286621,2.990723,-1.420,10.907,5.377,11.520,-9.493,3.927,5.202,-12.714,-7.330,-18.043,102.33,76.96,1637,1355
133373,-0.156128,0.052490,0.879883,0.895168,-2.319336,14.099121,-3.234863,3.414,10.044,4.883,11.684,-6.397,10.534,4.844,-13.290,-8.304,-18.062,103.30,76.94,1648,1355
133423,-0.218140,0.062622,0.963623,0.989988,0.793457,15.258789,-9.033203,3.718,12.729,4.563,12.199,-1.613,11.722,4.765,-13.936,-9.025,-18.572,104.03,76.43,1656,1349
133473,-0.260254,0.036133,1.033813,1.066681,-5.676270,6.713867,-15.930176,2.002,14.122,4.205,12.795,-5.044,8.015,4.078,-14.422,-10.128,-18.548,105.13,76.45,1668,1349
133525,-0.247192,-0.039917,1.193481,1.219465,2.136230,29.724121,-22.399902,-1.916,11.695,3.730,13.422,-1.803,18.576,3.851,-15.684,-11.528,-19.277,106.53,75.72,1684,1341
133574,-0.289673,-0.088745,1.103149,1.143995,11.718750,25.939941,-26.611328,-4.599,14.668,3.574,14.756,6.646,26.712,3.698,-17.635,-13.450,-21.297,108.45,73.70,1705,1319
133623,-0.261963,0.005371,0.939575,0.975426,20.996094,28.320312,-34.606934,0.328,15.579,3.279,16.125,14.627,26.081,4.097,-19.065,-14.871,-22.805,109.87,72.20,1721,1302
133673,-0.383057,0.079712,0.986572,1.061325,16.479492,13.549805,-46.752930,4.619,21.157,3.769,17.621,17.693,20.126,5.217,-21.098,-15.632,-26.017,110.63,68.98,1729,1266
133723,-0.400024,0.043579,1.061646,1.135346,3.356934,27.465820,-46.875000,2.351,20.630,3.811,18.998,11.367,23.461,4.442,-22.416,-17.457,-26.704,112.46,68.30,1750,1259
133764,-0.360107,0.111084,0.856567,0.935802,4.699707,12.451172,-35.095215,7.389,22.632,3.659,19.822,3.274,12.030,4.922,-22.979,-17.867,-27.462,112.87,67.54,1754,1250
133823,-0.355225,0.069336,0.788818,0.867886,0.610352,22.277832,-28.381348,5.023,24.161,3.183,20.845,-1.467,7.665,3.754,-24.068,-20.193,-27.659,115.19,67.34,1780,1248
133873,-0.329346,-0.082886,0.735352,0.809988,-4.089355,-0.793457,-31.738281,-6.431,23.992,2.440,21.733,-3.418,3.064,2.335,-23.895,-22.538,-26.707,117.54,68.29,1806,1259
133923,-0.376587,-0.135986,0.718750,0.822746,11.596680,0.671387,-27.343750,-10.714,27.240,0.869,22.348,5.738,0.488,-2.381,-26.047,-28.049,-23.680,123.05,71.32,1867,1292
133964,-0.299683,-0.051392,0.691895,0.755757,6.286621,8.850098,-25.146484,-4.248,23.362,0.423,22.441,5.995,-0.338,0.665,-24.534,-24.633,-25.072,119.63,69.93,1829,1277
134023,-0.444092,-0.001831,0.708496,0.836174,16.723633,19.165039,-9.765625,-0.148,32.080,0.022,23.242,6.513,3.956,0.383,-29.454,-27.822,-28.140,122.82,66.86,1865,1243
134073,-0.496094,0.039673,0.833374,0.970667,-15.991211,-8.056641,-7.934570,2.726,30.736,0.026,23.958,-7.650,-2.210,0.522,-28.865,-28.054,-29.312,123.05,65.69,1867,1230
134123,-0.494873,0.063965,0.878418,1.010252,7.263184,7.507324,-6.164551,4.165,29.331,-0.100,24.273,-1.695,-3.923,1.246,-28.256,-27.413,-28.887,122.41,66.11,1860,1235
134170,-0.476807,-0.010010,0.860840,0.984119,-4.882812,17.028809,-11.901855,-0.666,28.980,0.011,25.057,-0.985,12.842,-0.137,-29.582,-29.217,-29.649,124.22,65.35,1880,1226
134223,-0.517334,-0.088989,1.009155,1.137518,11.413574,29.418945,-6.225586,-5.039,27.052,-0.812,26.259,4.354,23.468,-1.867,-30.000,-29.993,-27.768,124.99,67.23,1889,1247
134273,-0.489990,0.046387,1.029175,1.140808,2.746582,36.621094,-4.333496,2.581,25.437,-0.683,27.067,3.491,24.256,0.249,-30.000,-29.804,-29.736,124.80,65.26,1887,1225
134323,-0.422852,0.174316,1.001099,1.100631,11.108398,22.399902,-1.159668,9.878,22.593,0.197,28.073,6.858,28.019,2.691,-30.000,-27.882,-29.995,122.88,65.00,1865,1222
134365,-0.334839,0.077881,1.023193,1.079401,6.042480,-4.760742,-5.676270,4.353,18.072,1.065,28.215,7.817,15.200,1.914,-30.000,-27.813,-30.000,122.81,65.00,1865,1222
134423,-0.537964,-0.169678,0.953003,1.107434,19.470215,-4.028320,-6.164551,-10.095,29.063,0.850,28.342,12.076,2.993,-2.243,-30.000,-29.876,-28.116,124.88,66.88,1888,1243
134473,-0.558960,-0.110596,0.764160,0.953210,9.460449,-14.892578,2.685547,-8.235,35.902,0.265,28.781,12.513,-5.586,-3.216,-30.000,-29.998,-26.110,125.00,68.89,1889,1265
134523,-0.505859,-0.087646,0.895142,1.031918,5.554199,22.277832,11.474609,-5.592,29.355,0.398,28.392,8.588,-5.257,-1.156,-30.000,-30.000,-28.934,125.00,66.07,1889,1234
134565,-0.455444,-0.104248,0.866821,0.984721,12.573242,-9.460449,31.555176,-6.858,27.549,0.553,28.565,10.412,0.455,-1.120,-30.000,-30.000,-28.620,125.00,66.38,1889,1238
134623,-0.406494,-0.113281,0.919556,1.011757,3.295898,16.662598,37.231445,-7.023,23.689,0.856,27.922,3.574,2.834,-0.696,-29.618,-30.000,-28.766,125.00,66.23,1889,1236
134673,-0.403320,-0.024536,0.734009,0.837877,10.986328,5.493164,41.015625,-1.915,28.774,1.546,28.194,7.665,8.572,0.744,-30.000,-29.582,-29.856,124.58,65.14,1884,1224
134723,-0.412476,0.074097,0.765259,0.872495,4.821777,1.220703,31.311035,5.530,28.213,3.122,28.633,8.337,6.703,4.622,-30.000,-25.953,-29.997,120.95,65.00,1844,1222
134773,-0.421021,0.152954,0.833374,0.946132,7.751465,6.103516,18.432617,10.400,26.423,4.947,28.560,7.162,5.189,7.416,-30.000,-23.009,-30.000,118.01,65.00,1811,1222
134823,-0.450439,0.013306,0.823242,0.938510,-5.737305,-39.489746,9.643555,0.926,28.682,5.783,28.397,5.559,-8.841,4.780,-30.000,-24.882,-30.000,119.88,65.00,1832,1222
134873,-0.481812,0.047485,0.880737,1.005035,3.540039,-46.020508,3.356934,3.086,28.646,6.288,27.778,6.841,-22.944,6.013,-29.384,-23.560,-30.000,118.56,65.00,1817,1222
134923,-0.360840,0.264160,0.964355,1.062999,4.638672,-16.235352,7.812500,15.319,19.844,7.079,25.868,4.740,-27.117,9.313,-25.696,-17.112,-30.000,112.11,65.00,1746,1222
134973,-0.365723,0.248901,1.050171,1.139545,5.859375,53.405762,12.878418,13.334,18.720,7.986,24.712,1.841,7.570,9.515,-26.570,-16.857,-30.000,111.86,65.00,1743,1222
135014,-0.435425,0.161743,0.801392,0.926274,9.033203,59.631348,24.902344,11.411,28.040,9.065,26.055,11.657,52.101,11.327,-30.000,-18.625,-30.000,113.62,65.00,1762,1222
135073,-0.518311,0.147949,0.866333,1.020327,2.624512,-18.432617,36.315918,9.691,30.530,10.605,28.195,5.804,13.263,11.488,-30.000,-18.423,-30.000,113.42,65.00,1760,1222
135123,-0.420532,0.225708,1.053589,1.156651,4.455566,15.197754,41.931152,12.092,21.320,11.684,27.663,2.332,4.475,12.916,-29.223,-16.808,-30.000,111.81,65.00,1742,1222
135173,-0.469238,0.376587,0.917725,1.097370,0.854492,34.362793,40.832520,22.311,25.316,13.308,28.092,4.281,26.633,17.334,-30.000,-14.157,-30.000,109.16,65.00,1713,1222
135214,-0.538330,0.335571,0.738770,0.973749,5.004883,-36.682129,39.855957,24.429,33.562,15.356,28.848,7.646,7.871,21.430,-30.000,-9.189,-30.000,104.19,65.00,1658,1222
135273,-0.409302,0.324219,0.803711,0.958435,7.873535,-9.582520,44.494629,21.969,25.281,17.350,26.862,0.517,-25.190,20.286,-27.474,-7.375,-30.000,102.38,65.00,1638,1222
135323,-0.336304,0.414062,0.713867,0.891153,2.502441,-26.611328,49.743652,30.115,22.172,18.819,24.679,-0.166,-28.104,24.981,-24.368,-1.754,-30.000,97.25,65.00,1581,1222
135373,-0.212891,0.671631,0.721558,1.008492,-13.671875,-38.696289,40.710449,42.948,12.187,21.698,21.607,-3.765,-30.850,30.000,-15.492,13.662,-30.000,85.25,65.00,1447,1222
135415,-0.183716,0.597046,0.715210,0.949600,-13.549805,-41.198730,36.071777,39.855,11.155,23.214,18.996,-10.360,-38.095,30.000,-13.769,15.379,-30.000,79.62,65.00,1385,1222
135473,-0.230835,0.570801,0.656860,0.900313,-14.770508,-33.752441,17.089844,40.990,14.856,25.039,15.114,-14.552,-39.685,30.000,-13.974,17.132,-30.000,77.87,65.00,1365,1222
135523,-0.351196,0.246338,0.800049,0.907799,-4.150391,-30.395508,7.873535,17.114,22.760,24.371,13.210,-11.545,-40.588,24.280,-14.213,10.942,-30.000,84.06,65.00,1434,1222
135573,-0.197754,0.462036,0.910522,1.040017,-2.380371,9.521484,-15.869141,26.905,10.961,23.944,12.339,-4.566,-14.500,26.877,-12.149,13.709,-30.000,81.29,65.00,1403,1222
135615,-0.222412,0.488037,1.045410,1.174959,2.197266,44.250488,-30.334473,25.025,10.912,24.105,12.551,-1.749,18.097,26.527,-14.235,13.248,-30.000,81.75,65.00,1408,1222
135673,-0.305542,0.398804,0.919189,1.047525,-8.789063,24.658203,-36.010742,23.454,16.959,23.606,14.921,-9.694,27.415,25.204,-18.369,7.263,-30.000,87.74,65.00,1475,1222
135723,-0.255127,0.195557,1.168823,1.212221,-10.253906,32.958984,-32.287598,9.498,12.149,22.391,16.368,-8.482,23.349,23.977,-19.212,5.251,-30.000,89.75,65.00,1497,1222
135773,-0.222656,0.197754,1.030151,1.072331,-17.883301,28.015137,-21.179199,10.867,11.984,21.041,17.676,-15.504,23.208,22.071,-20.642,2.037,-30.000,92.96,65.00,1533,1222
135825,-0.416748,0.277710,0.925659,1.052448,-4.516602,30.212402,-11.413574,16.700,23.327,19.561,19.467,-8.642,30.953,20.153,-24.024,-3.246,-30.000,98.25,65.00,1592,1222
135873,-0.273804,0.256226,1.052246,1.117068,-12.329102,-15.014648,-5.920410,13.685,14.188,18.883,20.385,-7.928,12.902,19.905,-22.709,-2.762,-30.000,97.76,65.00,1586,1222
135923,-0.292603,0.257568,0.919189,0.998432,5.493164,-65.124512,-4.211426,15.654,17.041,17.882,19.163,-2.179,-33.148,19.152,-18.751,-0.265,-30.000,95.26,65.00,1558,1222
135973,-0.187988,0.358276,0.816772,0.911493,16.784668,-47.851562,-8.666992,23.685,11.902,17.908,17.126,7.738,-47.897,21.467,-14.534,4.716,-30.000,90.59,65.00,1507,1222
136025,-0.234131,0.271484,0.777344,0.856028,34.240723,0.366211,-15.686035,19.252,15.873,18.519,15.324,18.630,-16.668,21.445,-15.835,5.691,-30.000,89.31,65.00,1492,1222
136073,-0.212036,0.343018,0.919067,1.003646,14.831543,-8.056641,-30.944824,20.467,12.197,19.799,15.518,22.322,0.001,23.082,-16.310,6.496,-30.000,88.50,65.00,1483,1222
136123,-0.118286,0.211304,0.953613,0.983880,24.719238,-52.124023,-32.958984,12.494,6.905,20.382,14.463,24.590,-31.255,23.652,-13.845,9.398,-30.000,85.60,65.00,1451,1222
136173,-0.108887,0.404663,0.904785,0.997118,26.977539,-34.545898,-41.687012,24.096,6.269,20.696,12.552,22.035,-42.903,24.820,-9.478,14.183,-30.000,80.82,65.00,1398,1222
136223,-0.121460,0.362183,0.919189,0.995408,-11.596680,-30.639648,-36.437988,21.506,7.009,21.046,11.026,7.916,-35.403,23.561,-9.069,14.318,-30.000,80.68,65.00,1396,1222
136273,-0.222290,0.378662,0.933350,1.031474,-4.333496,-6.652832,-29.968262,22.083,12.445,20.855,10.836,-4.759,-10.567,22.779,-11.529,11.910,-30.000,83.09,65.00,1423,1222
136323,-0.219360,0.437378,0.857544,0.987320,-23.498535,3.112793,-27.404785,27.023,12.837,20.407,11.101,-12.144,-6.195,23.729,-12.296,11.129,-30.000,83.87,65.00,1432,1222
136373,-0.301514,0.353271,0.926147,1.036079,-16.723633,9.094238,-13.427734,20.879,16.919,19.762,11.783,-20.436,4.394,20.583,-14.019,7.527,-30.000,87.47,65.00,1472,1222
136423,-0.237061,0.271606,0.908936,0.977820,-27.587891,-12.084961,-19.165039,16.637,14.030,18.705,12.335,-23.100,-2.004,18.838,-13.510,5.774,-30.000,89.23,65.00,1491,1222
136464,-0.216919,0.232056,0.836060,0.894371,17.578125,-35.888672,-9.887695,15.512,14.036,17.581,12.152,-9.893,-20.936,18.444,-12.146,5.873,-30.000,89.13,65.00,1490,1222
