ms,control_dt_us,control_exec_us,esekf_us,missed,log_dropped,ax,ay,az,gx,gy,gz,roll_deg,pitch_deg,yaw_deg,vn,ve,vu,pn,pe,pu,bgx,bgy,bgz,bax,bay,baz,s_roll,s_pitch,u_diff_deg,u_sym_deg,u_tail_deg,left_inc_deg,right_inc_deg,b00,b01,b10,b11,left_deg,right_deg,morph_deg,tail_deg,left_pwm,right_pwm,morph_pwm,tail_pwm,gps_fix,gps_sats,gps_lat_deg,gps_lon_deg,gps_alt_m,gps_vn,gps_ve,gps_vd,gps_fix_type,gps_hacc_m,gps_vacc_m,gps_sacc_mps,gps_origin_set
519,500950,17523,14499,0,0,0.93015,2.20267,9.48702,0.006392,-0.002131,0.005326,13.065,-5.468,0.016,-0.0000,0.0000,-0.0003,-0.0000,0.0000,-0.0000,0.0063122,-0.0023641,0.0057055,0.000000,0.000000,0.000000,0.00000,0.00000,0.000,0.000,0.000,0.000,0.000,-6.0000,0.0000,0.0000,6.0000,95.00,95.00,90.00,90.00,1475,1475,2475,1500,0,,,,,,,,0,,,,0
573,35578,18037,15018,0,0,0.92296,2.20745,9.47625,0.005326,-0.002131,0.006392,13.080,-5.432,0.025,-0.0001,0.0001,-0.0021,-0.0000,0.0000,-0.0001,0.0062964,-0.0023770,0.0057055,0.000000,0.000000,0.000000,0.00000,0.00000,0.000,0.000,0.000,0.000,0.000,-6.0000,0.0000,0.0000,6.0000,95.00,95.00,90.00,90.00,1475,1475,2475,1500,0,,,,,,,,0,,,,0
620,29180,17784,14742,0,0,0.92895,2.19309,9.48224,0.006392,-0.003196,0.005326,13.066,-5.438,0.023,-0.0001,0.0001,-0.0035,-0.0000,0.0000,-0.0002,0.0063319,-0.0023654,0.0057055,0.000000,0.000000,0.000000,0.00000,0.00000,0.000,0.000,0.000,0.000,0.000,-6.0000,0.0000,0.0000,6.0000,95.00,95.00,90.00,90.00,1475,1475,2474,1500,0,,,,,,,,0,,,,0
680,18071,17499,14473,0,0,0.93494,2.20745,9.48583,0.006392,-0.002131,0.005326,13.068,-5.456,0.019,-0.0001,0.0001,-0.0050,-0.0000,0.0000,-0.0005,0.0063239,-0.0022749,0.0057055,0.000000,0.000000,0.000000,0.00000,0.00000,0.000,0.000,0.000,0.000,0.000,-6.0000,0.0000,0.0000,6.0000,95.00,95.00,90.00,90.00,1475,1475,2474,1500,0,,,,,,,,0,,,,0
731,26915,18516,15493,0,0,0.92536,2.19788,9.48224,0.006392,-0.002131,0.005326,13.068,-5.454,0.020,-0.0001,0.0001,-0.0062,-0.0000,0.0000,-0.0007,0.0063279,-0.0022920,0.0057055,0.000000,0.000000,0.000000,0.00000,0.00000,0.000,0.000,0.000,0.000,0.000,-6.0000,0.0000,0.0000,6.0000,95.00,95.00,90.00,90.00,1475,1475,2473,1500,0,,,,,,,,0,,,,0
779,23816,17761,14525,0,0,0.92895,2.18950,9.47745,0.006392,-0.002131,0.005326,13.057,-5.452,0.019,-0.0001,0.0000,-0.0076,-0.0000,0.0001,-0.0011,0.0064564,-0.0023014,0.0057055,0.000000,0.000000,0.000000,0.00000,0.00000,0.000,0.000,0.000,0.000,0.000,-6.0000,0.0000,0.0000,6.0000,95.00,95.00,90.00,90.00,1475,1475,2473,1500,0,,,,,,,,0,,,,0
819,22928,17500,14468,0,0,0.92536,2.20267,9.48104,0.006392,-0.002131,0.005326,13.060,-5.447,0.019,-0.0001,0.0000,-0.0088,-0.0000,0.0001,-0.0014,0.0064109,-0.0023720,0.0057055,0.000000,0.000000,0.000000,0.00000,0.00000,0.000,0.000,0.000,0.000,0.000,-6.0000,0.0000,0.0000,6.0000,95.00,95.00,90.00,90.00,1475,1475,2473,1500,0,,,,,,,,0,,,,0
886,18087,17843,14867,0,0,0.92296,2.19548,9.48104,0.006392,-0.002131,0.005326,13.055,-5.447,0.018,-0.0001,0.0000,-0.0107,-0.0000,0.0001,-0.0020,0.0064528,-0.0023628,0.0057055,0.000000,0.000000,0.000000,0.00000,0.00000,0.000,0.000,0.000,0.000,0.000,-6.0000,0.0000,0.0000,6.0000,95.00,95.00,90.00,90.00,1475,1475,2472,1500,0,,,,,,,,0,,,,0
933,28689,17961,14953,0,0,0.92656,2.19429,9.48583,0.006392,-0.002131,0.006392,13.052,-5.445,0.019,-0.0001,-0.0000,-0.0119,-0.0000,0.0001,-0.0026,0.0065131,-0.0023977,0.0057055,0.000000,0.000000,0.000000,0.00000,0.00000,0.000,0.000,0.000,0.000,0.000,-6.0000,0.0000,0.0000,6.0000,95.00,95.00,90.00,90.00,1475,1475,2472,1500,0,,,,,,,,0,,,,0
973,22558,17854,14858,0,0,0.93015,2.18830,9.48583,0.006392,-0.002131,0.006392,13.046,-5.447,0.019,-0.0001,-0.0000,-0.0130,-0.0001,0.0001,-0.0031,0.0066390,-0.0023308,0.0057055,0.000000,0.000000,0.000000,0.00000,0.00000,0.000,0.000,0.000,0.000,0.000,-6.0000,0.0000,0.0000,6.0000,95.00,95.00,90.00,90.00,1475,1475,2471,1500,0,,,,,,,,0,,,,0
1038,38609,25520,17485,0,0,0.91937,2.20027,9.48224,0.005326,-0.002131,0.006392,13.045,-5.443,0.021,-0.0003,0.0000,-0.0145,-0.0001,0.0001,-0.0038,0.0065825,-0.0024152,0.0057055,0.000000,0.000000,0.000000,0.00000,0.00000,0.000,0.000,0.000,0.000,0.000,-6.0000,0.0000,0.0000,6.0000,95.00,95.00,90.00,90.00,1475,1475,2471,1500,0,,,,,,,,0,,,,0
1072,31471,28667,25688,0,0,0.92895,2.19548,9.48343,0.006392,-0.002131,0.005326,13.044,-5.443,0.021,-0.0003,0.0000,-0.0154,-0.0001,0.0001,-0.0043,0.0066022,-0.0023982,0.0057055,0.000000,0.000000,0.000000,0.00000,0.00000,0.000,0.000,0.000,0.000,0.000,-6.0000,0.0000,0.0000,6.0000,95.00,95.00,90.00,90.00,1475,1475,2471,1500,0,,,,,,,,0,,,,0
1131,17969,17789,14815,0,0,0.92296,2.19788,9.48702,0.006392,-0.002131,0.005326,13.038,-5.444,0.019,-0.0002,0.0000,-0.0171,-0.0001,0.0001,-0.0054,0.0066446,-0.0023556,0.0057055,0.000000,0.000000,0.000000,0.00000,0.00000,0.000,0.000,0.000,0.000,0.000,-6.0000,0.0000,0.0000,6.0000,95.00,95.00,90.00,90.00,1475,1475,2470,1500,0,,,,,,,,0,,,,0
1178,28811,17939,14607,0,0,0.92895,2.20267,9.47984,0.007457,-0.002131,0.005326,13.042,-5.446,0.017,-0.0002,0.0001,-0.0183,-0.0001,0.0001,-0.0063,0.0065866,-0.0022997,0.0057055,0.000000,0.000000,0.000000,0.00000,0.00000,0.000,0.000,0.000,0.000,0.000,-6.0000,0.0000,0.0000,6.0000,95.00,95.00,90.00,90.00,1475,1475,2469,1500,0,,,,,,,,0,,,,0
1226,29017,18345,15323,0,0,0.93134,2.21344,9.49062,0.006392,-0.002131,0.005326,13.055,-5.444,0.017,-0.0002,0.0001,-0.0194,-0.0001,0.0000,-0.0072,0.0062895,-0.0023186,0.0057056,0.000000,0.000000,0.000000,0.00000,0.00000,0.000,0.000,0.000,0.000,0.000,-6.0000,0.0000,0.0000,6.0000,95.00,95.00,90.00,90.00,1475,1475,2469,1500,0,,,,,,,,0,,,,0
1285,18027,17852,14872,0,0,0.92057,2.19429,9.48343,0.006392,-0.002131,0.005326,13.046,-5.437,0.018,-0.0002,0.0001,-0.0211,-0.0001,0.0001,-0.0084,0.0064602,-0.0024884,0.0057056,0.000000,0.000000,0.000000,0.00000,0.00000,0.000,0.000,0.000,0.000,0.000,-6.0000,0.0000,0.0000,6.0000,95.00,95.00,90.00,90.00,1475,1475,2469,1500,0,,,,,,,,0,,,,0
1332,28773,17928,14906,0,0,0.91818,2.20386,9.48463,0.006392,-0.002131,0.005326,13.047,-5.431,0.020,-0.0002,0.0002,-0.0223,-0.0001,0.0001,-0.0094,0.0064315,-0.0026079,0.0057056,0.000000,0.000000,0.000000,0.00000,0.00000,0.000,0.000,0.000,0.000,0.000,-6.0000,0.0000,0.0000,6.0000,95.00,95.00,90.00,90.00,1475,1475,2468,1500,0,,,,,,,,0,,,,0
1379,28942,17574,14539,0,0,0.92775,2.20865,9.48224,0.006392,-0.002131,0.006392,13.057,-5.430,0.022,-0.0002,0.0002,-0.0237,-0.0001,0.0000,-0.0105,0.0062046,-0.0026126,0.0057056,0.000000,0.000000,0.000000,0.00000,0.00000,0.000,0.000,0.000,0.000,0.000,-6.0000,0.0000,0.0000,6.0000,95.00,95.00,90.00,90.00,1475,1475,2468,1500,0,,,,,,,,0,,,,0
1420,22942,17754,14679,0,0,0.92177,2.19907,9.48104,0.006392,-0.002131,0.005326,13.060,-5.430,0.022,-0.0002,0.0002,-0.0249,-0.0001,0.0000,-0.0115,0.0061368,-0.0025780,0.0057057,0.000000,0.000000,0.000000,0.00000,0.00000,0.000,0.000,0.000,0.000,0.000,-6.0000,0.0000,0.0000,6.0000,95.00,95.00,90.00,90.00,1475,1475,2467,1500,0,,,,,,,,0,,,,0
1486,18128,17843,14845,0,0,0.92536,2.19907,9.48224,0.006392,-0.002131,0.005326,13.064,-5.423,0.024,-0.0004,0.0002,-0.0264,-0.0001,0.0000,-0.0132,0.0060709,-0.0026964,0.0057057,0.000000,0.000000,0.000000,0.00000,0.00000,0.000,0.000,0.000,0.000,0.000,-6.0000,0.0000,0.0000,6.0000,95.00,95.00,90.00,90.00,1475,1475,2467,1500,0,,,,,,,,0,,,,0
1524,18130,37878,29903,0,0,0.93853,2.19668,9.49062,0.006392,-0.002131,0.005326,13.062,-5.428,0.022,-0.0004,0.0002,-0.0267,-0.0001,0.0000,-0.0136,0.0061179,-0.0025792,0.0057057,0.000000,0.000000,0.000000,0.00000,0.00000,0.000,0.000,0.000,0.000,0.000,-6.0000,0.0000,0.0000,6.0000,95.00,95.00,90.00,90.00,1475,1475,2467,1500,0,,,,,,,,0,,,,0
1578,35472,18081,14817,0,0,0.92775,2.19069,9.48463,0.006392,-0.002131,0.005326,13.059,-5.438,0.018,0.0001,0.0001,-0.0292,-0.0002,0.0001,-0.0157,0.0062108,-0.0023586,0.0057057,0.000000,0.000000,0.000000,0.00000,0.00000,0.000,0.000,0.000,0.000,0.000,-6.0000,0.0000,0.0000,6.0000,95.00,95.00,90.00,90.00,1475,1475,2466,1500,0,,,,,,,,0,,,,0
1626,29033,18389,15363,0,0,0.91698,2.18830,9.47386,0.007457,-0.002131,0.005326,13.051,-5.429,0.020,0.0000,0.0001,-0.0309,-0.0001,0.0001,-0.0171,0.0063911,-0.0025089,0.0057055,0.000000,0.000000,0.000000,0.00000,0.00000,0.000,0.000,0.000,0.000,0.000,-6.0000,0.0000,0.0000,6.0000,95.00,95.00,90.00,90.00,1475,1475,2466,1500,0,,,,,,,,0,,,,0
1691,38390,25996,18055,0,0,0.93972,2.19788,9.48224,0.005326,-0.002131,0.006392,13.051,-5.435,0.019,0.0003,0.0000,-0.0327,-0.0002,0.0001,-0.0190,0.0063478,-0.0023728,0.0057056,0.000000,0.000000,0.000000,0.00000,0.00000,0.000,0.000,0.000,0.000,0.000,-6.0000,0.0000,0.0000,6.0000,95.00,95.00,90.00,90.00,1475,1475,2465,1500,0,,,,,,,,0,,,,0
1731,22492,17833,14836,0,0,0.92775,2.20745,9.47386,0.006392,-0.002131,0.005326,13.056,-5.437,0.018,0.0003,0.0000,-0.0342,-0.0001,0.0001,-0.0206,0.0062671,-0.0023270,0.0057056,0.000000,0.000000,0.000000,0.00000,0.00000,0.000,0.000,0.000,0.000,0.000,-6.0000,0.0000,0.0000,6.0000,95.00,95.00,90.00,90.00,1475,1475,2465,1500,0,,,,,,,,0,,,,0
1778,28794,17905,14540,0,0,0.93134,2.21105,9.47386,0.006392,-0.002131,0.005326,13.069,-5.436,0.017,0.0003,0.0000,-0.0358,-0.0001,0.0000,-0.0222,0.0060525,-0.0023410,0.0057057,0.000000,0.000000,0.000000,0.00000,0.00000,0.000,0.000,0.000,0.000,0.000,-6.0000,0.0000,0.0000,6.0000,95.00,95.00,90.00,90.00,1475,1475,2464,1500,0,,,,,,,,0,,,,0
1825,28626,17937,14937,0,0,0.92656,2.19069,9.48463,0.006392,-0.002131,0.005326,13.060,-5.432,0.017,0.0004,0.0000,-0.0371,-0.0001,0.0001,-0.0239,0.0062089,-0.0023881,0.0057056,0.000000,0.000000,0.000000,0.00000,0.00000,0.000,0.000,0.000,0.000,0.000,-6.0000,0.0000,0.0000,6.0000,95.00,95.00,90.00,90.00,1475,1475,2464,1500,0,,,,,,,,0,,,,0
1885,18065,17885,14894,0,0,0.93134,2.21105,9.47266,0.006392,-0.002131,0.005326,13.068,-5.436,0.014,0.0004,-0.0000,-0.0392,-0.0001,0.0000,-0.0262,0.0061002,-0.0023243,0.0057057,0.000000,0.000000,0.000000,0.00000,0.00000,0.000,0.000,0.000,0.000,0.000,-6.0000,0.0000,0.0000,6.0000,95.00,95.00,90.00,90.00,1475,1475,2464,1500,0,,,,,,,,0,,,,0
1932,28707,17929,14909,0,0,0.93134,2.19069,9.48104,0.006392,-0.002131,0.005326,13.068,-5.442,0.013,0.0004,-0.0001,-0.0407,-0.0001,0.0000,-0.0281,0.0061128,-0.0022308,0.0057057,0.000000,0.000000,0.000000,0.00000,0.00000,0.000,0.000,0.000,0.000,0.000,-6.0000,0.0000,0.0000,6.0000,95.00,95.00,90.00,90.00,1475,1475,2463,1500,0,,,,,,,,0,,,,0
1978,28550,17763,14517,0,0,0.91219,2.20506,9.47625,0.006392,-0.002131,0.006392,13.070,-5.432,0.016,0.0003,-0.0001,-0.0422,-0.0001,0.0000,-0.0300,0.0060840,-0.0023678,0.0057057,0.000000,0.000000,0.000000,0.00000,0.00000,0.000,0.000,0.000,0.000,0.000,-6.0000,0.0000,0.0000,6.0000,95.00,95.00,90.00,90.00,1475,1475,2463,1500,0,,,,,,,,0,,,,0
2036,37743,19809,16794,0,0,0.93733,2.20865,9.46787,0.006392,-0.002131,0.005326,13.078,-5.438,0.015,0.0005,0.0001,-0.0443,-0.0000,0.0000,-0.0324,0.0059966,-0.0022840,0.0057058,0.000000,0.000000,0.000000,0.00000,0.00000,0.000,0.000,0.000,0.000,0.000,-6.0000,0.0000,0.0000,6.0000,95.00,95.00,90.00,90.00,1475,1475,2462,1500,0,,,,,,,,0,,,,0
2071,25771,29240,26220,0,0,0.94930,2.20626,9.47386,0.006392,-0.002131,0.006392,13.081,-5.447,0.013,0.0006,0.0001,-0.0452,-0.0001,0.0000,-0.0336,0.0059679,-0.0021577,0.0057059,0.000000,0.000000,0.000000,0.00000,0.00000,0.000,0.000,0.000,0.000,0.000,-6.0000,0.0000,0.0000,6.0000,95.00,95.00,90.00,90.00,1475,1475,2462,1500,0,,,,,,,,0,,,,0
2136,17897,17798,14552,0,0,0.92296,2.20985,9.47026,0.005326,-0.002131,0.006392,13.082,-5.442,0.014,0.0005,-0.0000,-0.0478,-0.0000,0.0000,-0.0371,0.0059631,-0.0022240,0.0057058,0.000000,0.000000,0.000000,0.00000,0.00000,0.000,0.000,0.000,0.000,0.000,-6.0000,0.0000,0.0000,6.0000,95.00,95.00,90.00,90.00,1475,1475,2461,1500,0,,,,,,,,0,,,,0
2177,22639,17739,14575,0,0,0.92536,2.20865,9.47505,0.006392,-0.002131,0.005326,13.091,-5.443,0.013,0.0005,-0.0001,-0.0492,0.0000,-0.0000,-0.0391,0.0058644,-0.0022031,0.0057059,0.000000,0.000000,0.000000,0.00000,0.00000,0.000,0.000,0.000,0.000,0.000,-6.0000,0.0000,0.0000,6.0000,95.00,95.00,90.00,90.00,1475,1475,2461,1500,0,,,,,,,,0,,,,0
2224,28967,18280,15268,0,0,0.93374,2.18950,9.47625,0.006392,-0.002131,0.005326,13.086,-5.444,0.012,0.0006,-0.0002,-0.0509,0.0000,-0.0000,-0.0414,0.0059459,-0.0021859,0.0057059,0.000000,0.000000,0.000000,0.00000,0.00000,0.000,0.000,0.000,0.000,0.000,-6.0000,0.0000,0.0000,6.0000,95.00,95.00,90.00,90.00,1475,1475,2460,1500,0,,,,,,,,0,,,,0
2272,23878,17965,14954,0,0,0.93015,2.21224,9.48463,0.006392,-0.002131,0.005326,13.085,-5.447,0.010,0.0006,-0.0002,-0.0522,0.0001,-0.0000,-0.0439,0.0059750,-0.0021569,0.0057059,0.000000,0.000000,0.000000,0.00000,0.00000,0.000,0.000,0.000,0.000,0.000,-6.0000,0.0000,0.0000,6.0000,95.00,95.00,90.00,90.00,1475,1475,2460,1500,0,,,,,,,,0,,,,0
2330,17961,17763,14781,0,0,0.92177,2.20985,9.47266,0.006392,-0.002131,0.005326,13.097,-5.443,0.010,0.0006,-0.0003,-0.0543,0.0001,-0.0001,-0.0471,0.0058536,-0.0022019,0.0057058,0.000000,0.000000,0.000000,0.00000,0.00000,0.000,0.000,0.000,0.000,0.000,-6.0000,0.0000,0.0000,6.0000,95.00,95.00,90.00,90.00,1475,1475,2460,1500,0,,,,,,,,0,,,,0
2377,28650,17926,14659,0,0,0.92536,2.18950,9.47864,0.005326,-0.003196,0.005326,13.087,-5.440,0.010,0.0006,-0.0003,-0.0559,0.0001,-0.0001,-0.0496,0.0059396,-0.0022517,0.0057058,0.000000,0.000000,0.000000,0.00000,0.00000,0.000,0.000,0.000,0.000,0.000,-6.0000,0.0000,0.0000,6.0000,95.00,95.00,90.00,90.00,1475,1475,2459,1500,0,,,,,,,,0,,,,0
2424,28660,18295,15291,0,0,0.93733,2.20865,9.47026,0.006392,-0.003196,0.005326,13.090,-5.447,0.008,0.0007,-0.0003,-0.0576,0.0002,-0.0001,-0.0523,0.0059229,-0.0022009,0.0057058,0.000000,0.000000,0.000000,0.00000,0.00000,0.000,0.000,0.000,0.000,0.000,-6.0000,0.0000,0.0000,6.0000,95.00,95.00,90.00,90.00,1475,1475,2459,1500,0,,,,,,,,0,,,,0
2484,18045,17859,14881,0,0,0.93254,2.19907,9.47026,0.005326,-0.002131,0.005326,13.091,-5.453,0.005,0.0007,-0.0003,-0.0597,0.0002,-0.0001,-0.0558,0.0059142,-0.0021352,0.0057059,0.000000,0.000000,0.000000,0.00000,0.00000,0.000,0.000,0.000,0.000,0.000,-6.0000,0.0000,0.0000,6.0000,95.00,95.00,90.00,90.00,1475,1475,2458,1500,0,,,,,,,,0,,,,0
2523,18129,38287,30366,0,0,0.91459,2.19429,9.47026,0.006392,-0.002131,0.005326,13.088,-5.448,0.006,0.0007,-0.0002,-0.0605,0.0002,-0.0001,-0.0569,0.0059419,-0.0021823,0.0057059,0.000000,0.000000,0.000000,0.00000,0.00000,0.000,0.000,0.000,0.000,0.000,-6.0000,0.0000,0.0000,6.0000,95.00,95.00,90.00,90.00,1475,1475,2458,1500,0,,,,,,,,0,,,,0
2577,35744,17891,14698,0,0,0.92895,2.20267,9.46069,0.006392,-0.002131,0.005326,13.094,-5.449,0.004,0.0008,-0.0001,-0.0638,0.0003,-0.0001,-0.0615,0.0059024,-0.0021662,0.0057059,0.000000,0.000000,0.000000,0.00000,0.00000,0.000,0.000,0.000,0.000,0.000,-6.0000,0.0000,0.0000,6.0000,95.00,95.00,90.00,90.00,1475,1475,2457,1500,0,,,,,,,,0,,,,0
2624,28893,18362,15338,0,0,0.92416,2.20147,9.47625,0.006392,-0.002131,0.005326,13.097,-5.450,0.002,0.0008,-0.0001,-0.0656,0.0003,-0.0001,-0.0646,0.0058876,-0.0021542,0.0057059,0.000000,0.000000,0.000000,0.00000,0.00000,0.000,0.000,0.000,0.000,0.000,-6.0000,0.0000,0.0000,6.0000,95.00,95.00,90.00,90.00,1475,1475,2457,1500,0,,,,,,,,0,,,,0
2672,24148,17973,14958,0,0,0.92656,2.19429,9.47386,0.006392,-0.002131,0.005326,13.092,-5.447,0.002,0.0007,-0.0001,-0.0674,0.0003,-0.0001,-0.0678,0.0059482,-0.0021773,0.0057059,0.000000,0.000000,0.000000,0.00000,0.00000,0.000,0.000,0.000,0.000,0.000,-6.0000,0.0000,0.0000,6.0000,95.00,95.00,90.00,90.00,1475,1475,2457,1500,0,,,,,,,,0,,,,0
2730,17964,17770,14796,0,0,0.93613,2.20985,9.47386,0.006392,-0.002131,0.005326,13.100,-5.449,0.000,0.0007,-0.0002,-0.0696,0.0004,-0.0001,-0.0718,0.0058940,-0.0021703,0.0057058,0.000000,0.000000,0.000000,0.00000,0.00000,0.000,0.000,0.000,0.000,0.000,-6.0000,0.0000,0.0000,6.0000,95.00,95.00,90.00,90.00,1475,1475,2456,1500,0,,,,,,,,0,,,,0
2776,22892,17931,14629,0,0,0.92775,2.20506,9.47146,0.006392,-0.002131,0.006392,13.098,-5.449,0.001,0.0007,-0.0002,-0.0713,0.0004,-0.0001,-0.0750,0.0059100,-0.0021662,0.0057059,0.000000,0.000000,0.000000,0.00000,0.00000,0.000,0.000,0.000,0.000,0.000,-6.0000,0.0000,0.0000,6.0000,95.00,95.00,90.00,90.00,1475,1475,2456,1500,0,,,,,,,,0,,,,0
2824,29199,17985,14961,0,0,0.92416,2.20626,9.47146,0.006392,-0.002131,0.005326,13.099,-5.449,0.001,0.0007,-0.0002,-0.0732,0.0005,-0.0001,-0.0784,0.0059119,-0.0021710,0.0057058,0.000000,0.000000,0.000000,0.00000,0.00000,0.000,0.000,0.000,0.000,0.000,-6.0000,0.0000,0.0000,6.0000,95.00,95.00,90.00,90.00,1475,1475,2455,1500,0,,,,,,,,0,,,,0
2884,18088,17865,14892,0,0,0.93134,2.21224,9.47505,0.006392,-0.002131,0.005326,13.109,-5.450,-0.001,0.0007,-0.0002,-0.0754,0.0005,-0.0001,-0.0829,0.0058339,-0.0021551,0.0057058,0.000000,0.000000,0.000000,0.00000,0.00000,0.000,0.000,0.000,0.000,0.000,-6.0000,0.0000,0.0000,6.0000,95.00,95.00,90.00,90.00,1475,1475,2455,1500,0,,,,,,,,0,,,,0
2922,18140,38132,30311,0,0,0.93134,2.20626,9.46667,0.006392,-0.002131,0.005326,13.110,-5.451,-0.001,0.0007,-0.0002,-0.0761,0.0005,-0.0001,-0.0843,0.0058293,-0.0021443,0.0057058,0.000000,0.000000,0.000000,0.00000,0.00000,0.000,0.000,0.000,0.000,0.000,-6.0000,0.0000,0.0000,6.0000,95.00,95.00,90.00,90.00,1475,1475,2455,1500,0,,,,,,,,0,,,,0
2976,34656,18904,15899,0,0,0.92416,2.20147,9.46428,0.006392,-0.002131,0.005326,13.110,-5.451,-0.003,0.0007,-0.0003,-0.0792,0.0006,-0.0002,-0.0900,0.0058519,-0.0021434,0.0057058,0.000000,0.000000,0.000000,0.00000,0.00000,0.000,0.000,0.000,0.000,0.000,-6.0000,0.0000,0.0000,6.0000,95.00,95.00,90.00,90.00,1475,1475,2454,1500,0,,,,,,,,0,,,,0
3034,37959,19624,15573,0,0,0.92296,2.20745,9.47146,0.005326,-0.002131,0.006392,13.110,-5.449,-0.000,0.0006,-0.0003,-0.0810,0.0006,-0.0002,-0.0945,0.0058420,-0.0021633,0.0057057,0.000000,0.000000,0.000000,0.00000,0.00000,0.000,0.000,0.000,0.000,0.000,-6.0000,0.0000,0.0000,6.0000,95.00,95.00,90.00,90.00,1475,1475,2454,1500,0,,,,,,,,0,,,,0
3069,25541,29408,26150,0,0,0.92895,2.19668,9.46548,0.007457,-0.002131,0.005326,13.110,-5.449,-0.001,0.0006,-0.0003,-0.0822,0.0006,-0.0002,-0.0966,0.0058639,-0.0021576,0.0057058,0.000000,0.000000,0.000000,0.00000,0.00000,0.000,0.000,0.000,0.000,0.000,-6.0000,0.0000,0.0000,6.0000,95.00,95.00,90.00,90.00,1475,1475,2453,1500,0,,,,,,,,0,,,,0
3134,17984,17779,14790,0,0,0.93134,2.20147,9.47026,0.005326,-0.002131,0.006392,13.107,-5.446,-0.001,0.0005,-0.0003,-0.0853,0.0006,-0.0002,-0.1030,0.0058795,-0.0021814,0.0057057,0.000000,0.000000,0.000000,0.00000,0.00000,0.000,0.000,0.000,0.000,0.000,-6.0000,0.0000,0.0000,6.0000,95.00,95.00,90.00,90.00,1475,1475,2453,1500,0,,,,,,,,0,,,,0
3175,22440,17815,14822,0,0,0.93015,2.21464,9.47266,0.006392,-0.002131,0.006392,13.117,-5.449,0.000,0.0005,-0.0004,-0.0867,0.0007,-0.0002,-0.1065,0.0058155,-0.0021644,0.0057057,0.000000,0.000000,0.000000,0.00000,0.00000,0.000,0.000,0.000,0.000,0.000,-6.0000,0.0000,0.0000,6.0000,95.00,95.00,90.00,90.00,1475,1475,2452,1500,0,,,,,,,,0,,,,0
3221,28289,17725,14677,0,0,0.92895,2.19907,9.47386,0.006392,-0.002131,0.006392,13.109,-5.450,0.001,0.0005,-0.0003,-0.0885,0.0007,-0.0002,-0.1106,0.0058857,-0.0021577,0.0057058,0.000000,0.000000,0.000000,0.00000,0.00000,0.000,0.000,0.000,0.000,0.000,-6.0000,0.0000,0.0000,6.0000,95.00,95.00,90.00,90.00,1475,1475,2452,1500,0,,,,,,,,0,,,,0
3270,25023,17991,14975,0,0,0.90022,2.21823,9.46907,0.006392,-0.002131,0.005326,13.113,-5.437,0.004,0.0004,-0.0003,-0.0904,0.0007,-0.0002,-0.1149,0.0058600,-0.0022536,0.0057052,0.000000,0.000000,0.000000,0.00000,0.00000,0.000,0.000,0.000,0.000,0.000,-6.0000,0.0000,0.0000,6.0000,95.00,95.00,90.00,90.00,1475,1475,2451,1500,0,,,,,,,,0,,,,0
3328,17947,17799,14810,0,0,0.96367,2.21105,9.46428,0.006392,-0.002131,0.005326,13.126,-5.458,0.000,0.0002,-0.0004,-0.0927,0.0007,-0.0003,-0.1202,0.0057817,-0.0020972,0.0057063,0.000000,0.000000,0.000000,0.00000,0.00000,0.000,0.000,0.000,0.000,0.000,-6.0000,0.0000,0.0000,6.0000,95.00,95.00,90.00,90.00,1475,1475,2451,1500,0,,,,,,,,0,,,,0
3377,30669,17876,14662,0,0,0.90261,2.20745,9.47386,0.006392,-0.002131,0.006392,13.124,-5.453,0.002,-0.0000,-0.0004,-0.0945,0.0007,-0.0003,-0.1248,0.0058085,-0.0021342,0.0057060,0.000000,0.000000,0.000000,0.00000,0.00000,0.000,0.000,0.000,0.000,0.000,-6.0000,0.0000,0.0000,6.0000,95.00,95.00,90.00,90.00,1475,1475,2450,1500,0,,,,,,,,0,,,,0
3425,29282,18352,15356,0,0,0.92177,2.20506,9.46787,0.006392,-0.002131,0.006392,13.124,-5.440,0.008,0.0000,-0.0003,-0.0965,0.0007,-0.0003,-0.1293,0.0058163,-0.0022363,0.0057051,0.000000,0.000000,0.000000,0.00000,0.00000,0.000,0.000,0.000,0.000,0.000,-6.0000,0.0000,0.0000,6.0000,95.00,95.00,90.00,90.00,1475,1475,2450,1500,0,,,,,,,,0,,,,0
3472,20352,17880,14875,0,0,0.94691,2.20745,9.47266,0.006392,-0.002131,0.005326,13.124,-5.453,0.005,0.0002,-0.0004,-0.0981,0.0007,-0.0003,-0.1340,0.0058270,-0.0021458,0.0057060,0.000000,0.000000,0.000000,0.00000,0.00000,0.000,0.000,0.000,0.000,0.000,-6.0000,0.0000,0.0000,6.0000,95.00,95.00,90.00,90.00,1475,1475,2450,1500,0,,,,,,,,0,,,,0
3535,38311,24951,16994,0,0,0.91459,2.22062,9.46907,0.006392,-0.002131,0.006392,13.126,-5.456,0.007,-0.0001,-0.0002,-0.1007,0.0008,-0.0004,-0.1396,0.0058233,-0.0021309,0.0057062,0.000000,0.000000,0.000000,0.00000,0.00000,0.000,0.000,0.000,0.000,0.000,-6.0000,0.0000,0.0000,6.0000,95.00,95.00,90.00,90.00,1475,1475,2450,1500,0,,,,,,,,0,,,,0
3570,25185,34275,26308,0,0,0.90142,2.22780,9.47146,0.006392,-0.002131,0.005326,13.133,-5.447,0.008,-0.0003,-0.0001,-0.1016,0.0007,-0.0003,-0.1421,0.0057844,-0.0021891,0.0057054,0.000000,0.000000,0.000000,0.00000,0.00000,0.000,0.000,0.000,0.000,0.000,-6.0000,0.0000,0.0000,6.0000,95.00,95.00,90.00,90.00,1475,1475,2450,1500,0,,,,,,,,0,,,,0
3629,18027,18341,15352,0,0,0.95529,2.18591,9.47505,0.006392,-0.002131,0.006392,13.115,-5.458,0.007,-0.0004,-0.0001,-0.1043,0.0007,-0.0004,-0.1499,0.0059014,-0.0021144,0.0057063,0.000000,0.000000,0.000000,0.00000,0.00000,0.000,0.000,0.000,0.000,0.000,-6.0000,0.0000,0.0000,6.0000,95.00,95.00,90.00,90.00,1475,1475,2450,1500,0,,,,,,,,0,,,,0
3681,25189,17864,14828,0,0,0.90261,2.21703,9.46787,0.005326,-0.002131,0.005326,13.116,-5.451,0.008,-0.0005,-0.0000,-0.1063,0.0007,-0.0004,-0.1554,0.0058852,-0.0021716,0.0057059,0.000000,0.000000,0.000000,0.00000,0.00000,0.000,0.000,0.000,0.000,0.000,-6.0000,0.0000,0.0000,6.0000,95.00,95.00,90.00,90.00,1475,1475,2450,1500,0,,,,,,,,0,,,,0
3729,29010,17958,14931,0,0,0.92416,2.20865,9.46548,0.006392,-0.003196,0.005326,13.122,-5.445,0.008,-0.0005,-0.0001,-0.1084,0.0006,-0.0004,-0.1605,0.0058545,-0.0022162,0.0057055,0.000000,0.000000,0.000000,0.00000,0.00000,0.000,0.000,0.000,0.000,0.000,-6.0000,0.0000,0.0000,6.0000,95.00,95.00,90.00,90.00,1475,1475,2450,1500,0,,,,,,,,0,,,,0
3769,22593,17863,14855,0,0,0.95170,2.20626,9.47146,0.006392,-0.002131,0.005326,13.120,-5.452,0.006,-0.0005,-0.0001,-0.1098,0.0006,-0.0004,-0.1650,0.0058772,-0.0021708,0.0057060,0.000000,0.000000,0.000000,0.00000,0.00000,0.000,0.000,0.000,0.000,0.000,-6.0000,0.0000,0.0000,6.0000,95.00,95.00,90.00,90.00,1475,1475,2450,1500,0,,,,,,,,0,,,,0
3835,18106,18134,15122,0,0,0.91099,2.20865,9.46787,0.006392,-0.002131,0.005326,13.121,-5.450,0.007,-0.0005,-0.0000,-0.1126,0.0006,-0.0004,-0.1722,0.0058834,-0.0021840,0.0057059,0.000000,0.000000,0.000000,0.00000,0.00000,0.000,0.000,0.000,0.000,0.000,-6.0000,0.0000,0.0000,6.0000,95.00,95.00,90.00,90.00,1475,1475,2450,1500,0,,,,,,,,0,,,,0
3871,28001,26413,15958,0,0,0.90740,2.20865,9.47026,0.006392,-0.002131,0.006392,13.122,-5.444,0.010,-0.0006,-0.0000,-0.1137,0.0006,-0.0004,-0.1753,0.0058814,-0.0022209,0.0057055,0.000000,0.000000,0.000000,0.00000,0.00000,0.000,0.000,0.000,0.000,0.000,-6.0000,0.0000,0.0000,6.0000,95.00,95.00,90.00,90.00,1475,1475,2450,1500,0,,,,,,,,0,,,,0
3930,18017,17849,14851,0,0,0.94212,2.22421,9.47505,0.006392,-0.002131,0.005326,13.123,-5.454,0.009,-0.0006,-0.0001,-0.1164,0.0006,-0.0004,-0.1831,0.0058756,-0.0021622,0.0057060,0.000000,0.000000,0.000000,0.00000,0.00000,0.000,0.000,0.000,0.000,0.000,-6.0000,0.0000,0.0000,6.0000,95.00,95.00,90.00,90.00,1475,1475,2450,1500,0,,,,,,,,0,,,,0
3977,28842,17935,14647,0,0,0.92536,2.21464,9.45949,0.006392,-0.002131,0.005326,13.132,-5.454,0.009,-0.0007,-0.0001,-0.1184,0.0005,-0.0004,-0.1886,0.0058345,-0.0021621,0.0057059,0.000000,0.000000,0.000000,0.00000,0.00000,0.000,0.000,0.000,0.000,0.000,-6.0000,0.0000,0.0000,6.0000,95.00,95.00,90.00,90.00,1475,1475,2450,1500,0,,,,,,,,0,,,,0
4041,38017,26418,18409,0,0,0.91937,2.21464,9.46428,0.006392,-0.002131,0.006392,13.132,-5.450,0.011,-0.0008,0.0000,-0.1208,0.0005,-0.0004,-0.1953,0.0058411,-0.0021871,0.0057056,0.000000,0.000000,0.000000,0.00000,0.00000,0.000,0.000,0.000,0.000,0.000,-6.0000,0.0000,0.0000,6.0000,95.00,95.00,90.00,90.00,1475,1475,2450,1500,0,,,,,,,,0,,,,0
4074,35853,23145,15167,0,0,0.93613,2.19548,9.46787,0.006392,-0.002131,0.005326,13.130,-5.452,0.010,-0.0007,-0.0001,-0.1224,0.0005,-0.0004,-0.1997,0.0058643,-0.0021717,0.0057058,0.000000,0.000000,0.000000,0.00000,0.00000,0.000,0.000,0.000,0.000,0.000,-6.0000,0.0000,0.0000,6.0000,95.00,95.00,90.00,90.00,1475,1475,2450,1500,0,,,,,,,,0,,,,0
4138,38551,25653,17621,0,0,0.91219,2.21464,9.46308,0.006392,-0.001065,0.005326,13.134,-5.447,0.010,-0.0009,-0.0000,-0.1251,0.0004,-0.0004,-0.2074,0.0058485,-0.0021962,0.0057055,0.000000,0.000000,0.000000,0.00000,0.00000,0.000,0.000,0.000,0.000,0.000,-6.0000,0.0000,0.0000,6.0000,95.00,95.00,90.00,90.00,1475,1475,2450,1500,0,,,,,,,,0,,,,0
4186,29511,17933,14911,0,0,0.92416,2.20386,9.46548,0.006392,-0.002131,0.005326,13.137,-5.446,0.011,-0.0009,-0.0000,-0.1277,0.0003,-0.0004,-0.2144,0.0058337,-0.0021998,0.0057054,0.000000,0.000000,0.000000,0.00000,0.00000,0.000,0.000,0.000,0.000,0.000,-6.0000,0.0000,0.0000,6.0000,95.00,95.00,90.00,90.00,1475,1475,2450,1500,0,,,,,,,,0,,,,0
4227,22600,18368,15368,0,0,0.90501,2.16675,9.48463,0.006392,-0.002131,0.004261,13.115,-5.437,0.011,-0.0009,0.0002,-0.1293,0.0003,-0.0004,-0.2196,0.0059551,-0.0022492,0.0057049,0.000000,0.000000,0.000000,0.00000,0.00000,0.000,0.000,0.000,0.000,0.000,-6.0000,0.0000,0.0000,6.0000,95.00,95.00,90.00,90.00,1475,1475,2450,1500,0,,,,,,,,0,,,,0
4286,32976,24811,15013,0,0,0.94691,2.24337,9.45710,0.006392,-0.001065,0.006392,13.127,-5.440,0.011,-0.0006,0.0006,-0.1314,0.0003,-0.0004,-0.2264,0.0059030,-0.0022243,0.0057055,0.000000,0.000000,0.000000,0.00000,0.00000,0.000,0.000,0.000,0.000,0.000,-6.0000,0.0000,0.0000,6.0000,95.00,95.00,90.00,90.00,1475,1475,2450,1500,0,,,,,,,,0,,,,0
4333,28850,17949,14927,0,0,0.91099,2.20147,9.46787,0.006392,-0.002131,0.005326,13.137,-5.437,0.010,-0.0007,0.0006,-0.1337,0.0002,-0.0003,-0.2336,0.0058597,-0.0022354,0.0057056,0.000000,0.000000,0.000000,0.00000,0.00000,0.000,0.000,0.000,0.000,0.000,-6.0000,0.0000,0.0000,6.0000,95.00,95.00,90.00,90.00,1475,1475,2450,1500,0,,,,,,,,0,,,,0
4374,22598,17856,14852,0,0,0.90621,2.16915,9.48463,0.005326,-0.002131,0.005326,13.110,-5.425,0.014,-0.0006,0.0009,-0.1350,0.0001,-0.0003,-0.2390,0.0059908,-0.0023002,0.0057039,0.000000,0.000000,0.000000,0.00000,0.00000,0.000,0.000,0.000,0.000,0.000,-6.0000,0.0000,0.0000,6.0000,95.00,95.00,90.00,90.00,1475,1475,2450,1500,0,,,,,,,,0,,,,0
4421,29280,17585,14556,0,0,0.95409,2.23618,9.45829,0.006392,-0.002131,0.005326,13.118,-5.435,0.011,-0.0004,0.0011,-0.1369,0.0001,-0.0002,-0.2455,0.0059582,-0.0022465,0.0057049,0.000000,0.000000,0.000000,0.00000,0.00000,0.000,0.000,0.000,0.000,0.000,-6.0000,0.0000,0.0000,6.0000,95.00,95.00,90.00,90.00,1475,1475,2450,1500,0,,,,,,,,0,,,,0
4470,30079,18018,14989,0,0,0.92536,2.18830,9.47745,0.005326,-0.002131,0.006392,13.123,-5.438,0.011,-0.0005,0.0008,-0.1385,0.0001,-0.0002,-0.2521,0.0059326,-0.0022287,0.0057053,0.000000,0.000000,0.000000,0.00000,0.00000,0.000,0.000,0.000,0.000,0.000,-6.0000,0.0000,0.0000,6.0000,95.00,95.00,90.00,90.00,1475,1475,2450,1500,0,,,,,,,,0,,,,0
4533,36640,17963,14935,0,0,0.93494,2.20985,9.46907,0.006392,-0.002131,0.005326,13.112,-5.437,0.010,-0.0004,0.0007,-0.1409,0.0001,-0.0001,-0.2610,0.0059874,-0.0022303,0.0057049,0.000000,0.000000,0.000000,0.00000,0.00000,0.000,0.000,0.000,0.000,0.000,-6.0000,0.0000,0.0000,6.0000,95.00,95.00,90.00,90.00,1475,1475,2450,1500,0,,,,,,,,0,,,,0
4586,34604,17995,14981,0,0,0.93733,2.22780,9.47505,0.006392,-0.002131,0.005326,13.127,-5.444,0.008,-0.0003,0.0007,-0.1425,0.0001,-0.0001,-0.2685,0.0059210,-0.0021928,0.0057057,0.000000,0.000000,0.000000,0.00000,0.00000,0.000,0.000,0.000,0.000,0.000,-6.0000,0.0000,0.0000,6.0000,95.00,95.00,90.00,90.00,1475,1475,2450,1500,0,,,,,,,,0,,,,0
4634,29204,18574,15503,0,0,0.92895,2.16795,9.48343,0.006392,-0.002131,0.006392,13.109,-5.447,0.009,-0.0003,0.0006,-0.1442,0.0001,-0.0001,-0.2753,0.0060051,-0.0021825,0.0057052,0.000000,0.000000,0.000000,0.00000,0.00000,0.000,0.000,0.000,0.000,0.000,-6.0000,0.0000,0.0000,6.0000,95.00,95.00,90.00,90.00,1475,1475,2450,1500,0,,,,,,,,0,,,,0
4675,18326,17872,14876,0,0,0.89902,2.21942,9.47984,0.005326,-0.002131,0.005326,13.107,-5.432,0.012,-0.0003,0.0006,-0.1455,0.0000,-0.0000,-0.2814,0.0060181,-0.0022531,0.0057044,0.000000,0.000000,0.000000,0.00000,0.00000,0.000,0.000,0.000,0.000,0.000,-6.0000,0.0000,0.0000,6.0000,95.00,95.00,90.00,90.00,1475,1475,2450,1500,0,,,,,,,,0,,,,0
4727,24867,17938,14920,0,0,0.93972,2.22421,9.46428,0.005326,-0.002131,0.005326,13.120,-5.435,0.012,-0.0002,0.0007,-0.1474,0.0000,-0.0000,-0.2890,0.0059589,-0.0022378,0.0057048,0.000000,0.000000,0.000000,0.00000,0.00000,0.000,0.000,0.000,0.000,0.000,-6.0000,0.0000,0.0000,6.0000,95.00,95.00,90.00,90.00,1475,1475,2450,1500,0,,,,,,,,0,,,,0
4774,28761,17967,14948,0,0,0.92296,2.17394,9.49062,0.006392,-0.002131,0.006392,13.101,-5.438,0.012,-0.0003,0.0006,-0.1488,-0.0000,0.0000,-0.2959,0.0060510,-0.0022223,0.0057043,0.000000,0.000000,0.000000,0.00000,0.00000,0.000,0.000,0.000,0.000,0.000,-6.0000,0.0000,0.0000,6.0000,95.00,95.00,90.00,90.00,1475,1475,2450,1500,0,,,,,,,,0,,,,0
4833,17991,17842,14843,0,0,0.93374,2.25055,9.47386,0.006392,-0.002131,0.006392,13.131,-5.438,0.012,-0.0003,0.0003,-0.1505,0.0000,0.0000,-0.3047,0.0059226,-0.0022216,0.0057052,0.000000,0.000000,0.000000,0.00000,0.00000,0.000,0.000,0.000,0.000,0.000,-6.0000,0.0000,0.0000,6.0000,95.00,95.00,90.00,90.00,1475,1475,2450,1500,0,,,,,,,,0,,,,0
4881,30277,17653,14603,0,0,0.91459,2.17992,9.49181,0.006392,-0.002131,0.005326,13.119,-5.428,0.013,-0.0004,0.0001,-0.1518,-0.0001,0.0001,-0.3120,0.0059783,-0.0022650,0.0057043,0.000000,0.000000,0.000000,0.00000,0.00000,0.000,0.000,0.000,0.000,0.000,-6.0000,0.0000,0.0000,6.0000,95.00,95.00,90.00,90.00,1475,1475,2450,1500,0,,,,,,,,0,,,,0
4933,25669,17918,14899,0,0,0.93494,2.19309,9.47745,0.006392,-0.002131,0.005326,13.106,-5.436,0.010,-0.0002,-0.0000,-0.1535,-0.0000,0.0001,-0.3200,0.0060412,-0.0022306,0.0057046,0.000000,0.000000,0.000000,0.00000,0.00000,0.000,0.000,0.000,0.000,0.000,-6.0000,0.0000,0.0000,6.0000,95.00,95.00,90.00,90.00,1475,1475,2450,1500,0,,,,,,,,0,,,,0
4974,22645,17845,14854,0,0,0.90501,2.23259,9.46787,0.006392,-0.002131,0.005326,13.122,-5.429,0.011,-0.0002,-0.0001,-0.1548,-0.0001,0.0001,-0.3263,0.0059777,-0.0022621,0.0057044,0.000000,0.000000,0.000000,0.00000,0.00000,0.000,0.000,0.000,0.000,0.000,-6.0000,0.0000,0.0000,6.0000,95.00,95.00,90.00,90.00,1475,1475,2450,1500,0,,,,,,,,0,,,,0
5038,38401,25560,17527,0,0,0.93374,2.18112,9.48702,0.006392,-0.002131,0.006392,13.117,-5.426,0.014,-0.0000,-0.0006,-0.1564,-0.0001,0.0000,-0.3351,0.0060033,-0.0022765,0.0057041,0.000000,0.000000,0.000000,0.00000,0.00000,0.000,0.000,0.000,0.000,0.000,-6.0000,0.0000,0.0000,6.0000,95.00,95.00,90.00,90.00,1475,1475,2450,1500,0,,,,,,,,0,,,,0
5073,31495,28611,25598,0,0,0.95170,2.18112,9.47864,0.006392,-0.002131,0.005326,13.110,-5.433,0.012,0.0002,-0.0009,-0.1574,-0.0001,0.0000,-0.3400,0.0060375,-0.0022412,0.0057045,0.000000,0.000000,0.000000,0.00000,0.00000,0.000,0.000,0.000,0.000,0.000,-6.0000,0.0000,0.0000,6.0000,95.00,95.00,90.00,90.00,1475,1475,2450,1500,0,,,,,,,,0,,,,0
5119,26102,19924,14596,0,0,0.88945,2.23140,9.47386,0.006392,-0.002131,0.006392,13.118,-5.424,0.014,0.0001,-0.0008,-0.1593,-0.0001,-0.0000,-0.3487,0.0060068,-0.0022819,0.0057039,0.000000,0.000000,0.000000,0.00000,0.00000,0.000,0.000,0.000,0.000,0.000,-6.0000,0.0000,0.0000,6.0000,95.00,95.00,90.00,90.00,1475,1475,2450,1500,0,,,,,,,,0,,,,0
5184,18104,17936,14935,0,0,0.94212,2.19907,9.47984,0.006392,-0.002131,0.005326,13.119,-5.425,0.014,0.0002,-0.0009,-0.1610,-0.0001,-0.0001,-0.3595,0.0060079,-0.0022749,0.0057041,0.000000,0.000000,0.000000,0.00000,0.00000,0.000,0.000,0.000,0.000,0.000,-6.0000,0.0000,0.0000,6.0000,95.00,95.00,90.00,90.00,1475,1475,2450,1500,0,,,,,,,,0,,,,0
5232,28757,18390,15380,0,0,0.93853,2.18231,9.48942,0.006392,-0.003196,0.005326,13.106,-5.436,0.010,0.0002,-0.0010,-0.1623,0.0000,-0.0002,-0.3671,0.0060664,-0.0022329,0.0057047,0.000000,0.000000,0.000000,0.00000,0.00000,0.000,0.000,0.000,0.000,0.000,-6.0000,0.0000,0.0000,6.0000,95.00,95.00,90.00,90.00,1475,1475,2450,1500,0,,,,,,,,0,,,,0
5274,18310,17885,14867,0,0,0.91339,2.22182,9.47864,0.006392,-0.002131,0.005326,13.113,-5.430,0.011,0.0002,-0.0010,-0.1632,-0.0000,-0.0002,-0.3740,0.0060452,-0.0022571,0.0057041,0.000000,0.000000,0.000000,0.00000,0.00000,0.000,0.000,0.000,0.000,0.000,-6.0000,0.0000,0.0000,6.0000,95.00,95.00,90.00,90.00,1475,1475,2450,1500,0,,,,,,,,0,,,,0
5347,47101,25405,15070,0,0,0.93374,2.18950,9.48942,0.006392,-0.002131,0.005326,13.112,-5.426,0.011,0.0005,-0.0016,-0.1647,-0.0000,-0.0003,-0.3846,0.0060533,-0.0022698,0.0057038,0.000000,0.000000,0.000000,0.00000,0.00000,0.000,0.000,0.000,0.000,0.000,-6.0000,0.0000,0.0000,6.0000,95.00,95.00,90.00,90.00,1475,1475,2450,1500,0,,,,,,,,0,,,,0
5375,25958,28579,20624,0,0,0.93134,2.19069,9.49062,0.006392,-0.002131,0.005326,13.106,-5.427,0.010,0.0005,-0.0016,-0.1653,-0.0000,-0.0003,-0.3889,0.0060764,-0.0022624,0.0057039,0.000000,0.000000,0.000000,0.00000,0.00000,0.000,0.000,0.000,0.000,0.000,-6.0000,0.0000,0.0000,6.0000,95.00,95.00,90.00,90.00,1475,1475,2450,1500,0,,,,,,,,0,,,,0
5435,18047,18359,15374,0,0,0.91219,2.22421,9.48343,0.006392,-0.002131,0.006392,13.122,-5.417,0.012,0.0006,-0.0016,-0.1671,-0.0000,-0.0004,-0.4005,0.0060210,-0.0022991,0.0057033,0.000000,0.000000,0.000000,0.00000,0.00000,0.000,0.000,0.000,0.000,0.000,-6.0000,0.0000,0.0000,6.0000,95.00,95.00,90.00,90.00,1475,1475,2450,1500,0,,,,,,,,0,,,,0
5483,24318,17965,14939,0,0,0.92416,2.19309,9.47984,0.006392,-0.002131,0.005326,13.114,-5.415,0.012,0.0005,-0.0016,-0.1686,-0.0000,-0.0005,-0.4087,0.0060530,-0.0023052,0.0057030,0.000000,0.000000,0.000000,0.00000,0.00000,0.000,0.000,0.000,0.000,0.000,-6.0000,0.0000,0.0000,6.0000,95.00,95.00,90.00,90.00,1475,1475,2450,1500,0,,,,,,,,0,,,,0
5522,18219,38393,30361,0,0,0.93254,2.19548,9.48702,0.006392,-0.002131,0.006392,13.111,-5.418,0.012,0.0005,-0.0016,-0.1690,-0.0000,-0.0005,-0.4117,0.0060691,-0.0022948,0.0057031,0.000000,0.000000,0.000000,0.00000,0.00000,0.000,0.000,0.000,0.000,0.000,-6.0000,0.0000,0.0000,6.0000,95.00,95.00,90.00,90.00,1475,1475,2450,1500,0,,,,,,,,0,,,,0
5583,34456,18005,14964,0,0,0.91578,2.20506,9.48104,0.006392,-0.002131,0.005326,13.113,-5.414,0.011,0.0004,-0.0015,-0.1715,-0.0000,-0.0006,-0.4257,0.0060669,-0.0023044,0.0057029,0.000000,0.000000,0.000000,0.00000,0.00000,0.000,0.000,0.000,0.000,0.000,-6.0000,0.0000,0.0000,6.0000,95.00,95.00,90.00,90.00,1475,1475,2450,1500,0,,,,,,,,0,,,,0
5631,28777,18537,15502,0,0,0.92057,2.20027,9.48463,0.006392,-0.002131,0.005326,13.108,-5.410,0.011,0.0004,-0.0015,-0.1729,-0.0000,-0.0007,-0.4338,0.0060825,-0.0023171,0.0057025,0.000000,0.000000,0.000000,0.00000,0.00000,0.000,0.000,0.000,0.000,0.000,-6.0000,0.0000,0.0000,6.0000,95.00,95.00,90.00,90.00,1475,1475,2450,1500,0,,,,,,,,0,,,,0
5678,24051,17808,14568,0,0,0.93134,2.19907,9.47864,0.006392,-0.002131,0.005326,13.100,-5.416,0.008,0.0004,-0.0015,-0.1741,0.0000,-0.0007,-0.4422,0.0061181,-0.0022921,0.0057026,0.000000,0.000000,0.000000,0.00000,0.00000,0.000,0.000,0.000,0.000,0.000,-6.0000,0.0000,0.0000,6.0000,95.00,95.00,90.00,90.00,1475,1475,2450,1500,0,,,,,,,,0,,,,0
5719,23014,17561,14495,0,0,0.91937,2.21464,9.48702,0.006392,-0.002131,0.006392,13.103,-5.414,0.009,0.0004,-0.0015,-0.1750,0.0000,-0.0008,-0.4493,0.0061090,-0.0022973,0.0057026,0.000000,0.000000,0.000000,0.00000,0.00000,0.000,0.000,0.000,0.000,0.000,-6.0000,0.0000,0.0000,6.0000,95.00,95.00,90.00,90.00,1475,1475,2450,1500,0,,,,,,,,0,,,,0
5773,32769,20449,14988,0,0,0.92656,2.19189,9.48822,0.006392,-0.002131,0.005326,13.099,-5.415,0.009,0.0005,-0.0017,-0.1762,0.0000,-0.0009,-0.4582,0.0061223,-0.0022945,0.0057025,0.000000,0.000000,0.000000,0.00000,0.00000,0.000,0.000,0.000,0.000,0.000,-6.0000,0.0000,0.0000,6.0000,95.00,95.00,90.00,90.00,1475,1475,2450,1500,0,,,,,,,,0,,,,0
5819,29000,17582,14537,0,0,0.93374,2.19429,9.48463,0.006392,-0.002131,0.005326,13.093,-5.419,0.007,0.0005,-0.0017,-0.1776,0.0001,-0.0009,-0.4670,0.0061480,-0.0022755,0.0057024,0.000000,0.000000,0.000000,0.00000,0.00000,0.000,0.000,0.000,0.000,0.000,-6.0000,0.0000,0.0000,6.0000,95.00,95.00,90.00,90.00,1475,1475,2450,1500,0,,,,,,,,0,,,,0
5880,18678,17551,14522,0,0,0.93254,2.22541,9.47745,0.006392,-0.002131,0.005326,13.105,-5.420,0.006,0.0006,-0.0018,-0.1794,0.0002,-0.0011,-0.4777,0.0061084,-0.0022710,0.0057030,0.000000,0.000000,0.000000,0.00000,0.00000,0.000,0.000,0.000,0.000,0.000,-6.0000,0.0000,0.0000,6.0000,95.00,95.00,90.00,90.00,1475,1475,2450,1500,0,,,,,,,,0,,,,0
5927,29298,17951,14922,0,0,0.91219,2.18830,9.49899,0.007457,-0.002131,0.005326,13.105,-5.420,0.005,0.0004,-0.0020,-0.1801,0.0001,-0.0012,-0.4862,0.0061159,-0.0022680,0.0057028,0.000000,0.000000,0.000000,0.00000,0.00000,0.000,0.000,0.000,0.000,0.000,-6.0000,0.0000,0.0000,6.0000,95.00,95.00,90.00,90.00,1475,1475,2450,1500,0,,,,,,,,0,,,,0
5980,31906,21190,14602,0,0,0.90980,2.21703,9.48463,0.007457,-0.003196,0.006392,13.097,-5.410,0.010,0.0003,-0.0017,-0.1814,-0.0000,-0.0012,-0.4953,0.0061517,-0.0023118,0.0057010,0.000000,0.000000,0.000000,0.00000,0.00000,0.000,0.000,0.000,0.000,0.000,-6.0000,0.0000,0.0000,6.0000,95.00,95.00,90.00,90.00,1475,1475,2450,1500,0,,,,,,,,0,,,,0
6019,21465,38493,30176,0,0,0.93134,2.24576,9.46428,0.006392,-0.002131,0.006392,13.110,-5.412,0.010,0.0003,-0.0017,-0.1821,0.0000,-0.0012,-0.4992,0.0061094,-0.0023017,0.0057016,0.000000,0.000000,0.000000,0.00000,0.00000,0.000,0.000,0.000,0.000,0.000,-6.0000,0.0000,0.0000,6.0000,95.00,95.00,90.00,90.00,1475,1475,2450,1500,0,,,,,,,,0,,,,0
6074,35160,19469,15083,0,0,0.91459,2.16316,9.49540,0.006392,-0.002131,0.005326,13.096,-5.415,0.007,0.0006,-0.0023,-0.1840,0.0001,-0.0014,-0.5127,0.0061631,-0.0022885,0.0057016,0.000000,0.000000,0.000000,0.00000,0.00000,0.000,0.000,0.000,0.000,0.000,-6.0000,0.0000,0.0000,6.0000,95.00,95.00,90.00,90.00,1475,1475,2450,1500,0,,,,,,,,0,,,,0
6121,28863,17566,14535,0,0,0.90980,2.20147,9.47745,0.006392,-0.002131,0.005326,13.087,-5.407,0.008,0.0005,-0.0022,-0.1855,-0.0000,-0.0014,-0.5217,0.0061987,-0.0023135,0.0057003,0.000000,0.000000,0.000000,0.00000,0.00000,0.000,0.000,0.000,0.000,0.000,-6.0000,0.0000,0.0000,6.0000,95.00,95.00,90.00,90.00,1475,1475,2450,1500,0,,,,,,,,0,,,,0
6189,21635,23353,14936,0,0,0.93494,2.18351,9.48583,0.005326,-0.001065,0.005326,13.104,-5.421,0.003,0.0004,-0.0025,-0.1870,0.0001,-0.0016,-0.5333,0.0061309,-0.0022617,0.0057016,0.000000,0.000000,0.000000,0.00000,0.00000,0.000,0.000,0.000,0.000,0.000,-6.0000,0.0000,0.0000,6.0000,95.00,95.00,90.00,90.00,1475,1475,2450,1500,0,,,,,,,,0,,,,0
6237,28732,18492,15132,0,0,0.90501,2.19189,9.48463,0.007457,-0.003196,0.005326,13.093,-5.417,0.004,0.0003,-0.0026,-0.1885,0.0000,-0.0017,-0.5431,0.0061786,-0.0022817,0.0057006,0.000000,0.000000,0.000000,0.00000,0.00000,0.000,0.000,0.000,0.000,0.000,-6.0000,0.0000,0.0000,6.0000,95.00,95.00,90.00,90.00,1475,1475,2450,1500,0,,,,,,,,0,,,,0
6284,28738,17995,14971,0,0,0.92656,2.23020,9.47505,0.006392,-0.002131,0.005326,13.104,-5.415,0.004,0.0003,-0.0025,-0.1900,0.0000,-0.0018,-0.5522,0.0061435,-0.0022867,0.0057006,0.000000,0.000000,0.000000,0.00000,0.00000,0.000,0.000,0.000,0.000,0.000,-6.0000,0.0000,0.0000,6.0000,95.00,95.00,90.00,90.00,1475,1475,2450,1500,0,,,,,,,,0,,,,0
6325,22725,17921,14924,0,0,0.92536,2.19668,9.48104,0.006392,-0.002131,0.005326,13.104,-5.416,0.003,0.0003,-0.0025,-0.1913,0.0001,-0.0019,-0.5601,0.0061451,-0.0022812,0.0057007,0.000000,0.000000,0.000000,0.00000,0.00000,0.000,0.000,0.000,0.000,0.000,-6.0000,0.0000,0.0000,6.0000,95.00,95.00,90.00,90.00,1475,1475,2450,1500,0,,,,,,,,0,,,,0
6372,28676,17928,14904,0,0,0.93374,2.19189,9.47625,0.006392,-0.002131,0.005326,13.095,-5.416,0.002,0.0004,-0.0025,-0.1928,0.0001,-0.0021,-0.5690,0.0061760,-0.0022777,0.0057006,0.000000,0.000000,0.000000,0.00000,0.00000,0.000,0.000,0.000,0.000,0.000,-6.0000,0.0000,0.0000,6.0000,95.00,95.00,90.00,90.00,1475,1475,2450,1500,0,,,,,,,,0,,,,0
6426,18574,18352,15340,0,0,0.92656,2.23379,9.47146,0.005326,-0.002131,0.005326,13.111,-5.419,0.000,0.0003,-0.0030,-0.1936,0.0001,-0.0022,-0.5743,0.0061245,-0.0022659,0.0057013,0.000000,0.000000,0.000000,0.00000,0.00000,0.000,0.000,0.000,0.000,0.000,-6.0000,0.0000,0.0000,6.0000,95.00,95.00,90.00,90.00,1475,1475,2450,1500,0,,,,,,,,0,,,,0
6486,18058,17859,14868,0,0,0.91099,2.17513,9.48822,0.006392,-0.002131,0.006392,13.097,-5.414,0.002,0.0004,-0.0028,-0.1954,0.0001,-0.0023,-0.5861,0.0061713,-0.0022832,0.0057005,0.000000,0.000000,0.000000,0.00000,0.00000,0.000,0.000,0.000,0.000,0.000,-6.0000,0.0000,0.0000,6.0000,95.00,95.00,90.00,90.00,1475,1475,2450,1500,0,,,,,,,,0,,,,0
6524,18103,37863,29877,0,0,0.91937,2.18591,9.49062,0.006392,-0.002131,0.005326,13.091,-5.412,0.002,0.0004,-0.0027,-0.1959,0.0001,-0.0024,-0.5896,0.0061896,-0.0022861,0.0057002,0.000000,0.000000,0.000000,0.00000,0.00000,0.000,0.000,0.000,0.000,0.000,-6.0000,0.0000,0.0000,6.0000,95.00,95.00,90.00,90.00,1475,1475,2450,1500,0,,,,,,,,0,,,,0
6595,37748,32957,29896,0,0,0.91818,2.20865,9.48463,0.006392,-0.002131,0.005326,13.095,-5.415,-0.000,0.0004,-0.0024,-0.1979,0.0001,-0.0025,-0.6045,0.0061728,-0.0022820,0.0057002,0.000000,0.000000,0.000000,0.00000,0.00000,0.000,0.000,0.000,0.000,0.000,-6.0000,0.0000,0.0000,6.0000,95.00,95.00,90.00,90.00,1475,1475,2450,1500,0,,,,,,,,0,,,,0
6630,42046,25453,20041,0,0,0.92416,2.19548,9.48583,0.005326,-0.002131,0.005326,13.090,-5.415,-0.001,0.0005,-0.0026,-0.1990,0.0001,-0.0026,-0.6129,0.0061824,-0.0022808,0.0057002,0.000000,0.000000,0.000000,0.00000,0.00000,0.000,0.000,0.000,0.000,0.000,-6.0000,0.0000,0.0000,6.0000,95.00,95.00,90.00,90.00,1475,1475,2450,1500,0,,,,,,,,0,,,,0
6677,29058,17988,14632,0,0,0.93134,2.20865,9.48702,0.006392,-0.002131,0.005326,13.091,-5.416,-0.003,0.0005,-0.0026,-0.2006,0.0001,-0.0028,-0.6239,0.0061817,-0.0022736,0.0057001,0.000000,0.000000,0.000000,0.00000,0.00000,0.000,0.000,0.000,0.000,0.000,-6.0000,0.0000,0.0000,6.0000,95.00,95.00,90.00,90.00,1475,1475,2450,1500,0,,,,,,,,0,,,,0
6724,28423,17987,14981,0,0,0.93015,2.18591,9.49062,0.006392,-0.002131,0.005326,13.083,-5.422,-0.005,0.0005,-0.0026,-0.2016,0.0001,-0.0029,-0.6333,0.0062076,-0.0022583,0.0056999,0.000000,0.000000,0.000000,0.00000,0.00000,0.000,0.000,0.000,0.000,0.000,-6.0000,0.0000,0.0000,6.0000,95.00,95.00,90.00,90.00,1475,1475,2450,1500,0,,,,,,,,0,,,,0
6783,18098,17851,14863,0,0,0.92895,2.21344,9.47745,0.006392,-0.002131,0.005326,13.084,-5.416,-0.005,0.0005,-0.0027,-0.2033,0.0002,-0.0031,-0.6452,0.0062056,-0.0022739,0.0057001,0.000000,0.000000,0.000000,0.00000,0.00000,0.000,0.000,0.000,0.000,0.000,-6.0000,0.0000,0.0000,6.0000,95.00,95.00,90.00,90.00,1475,1475,2450,1500,0,,,,,,,,0,,,,0
6833,32377,17921,14987,0,0,0.92416,2.20985,9.48463,0.006392,-0.002131,0.005326,13.092,-5.420,-0.007,0.0004,-0.0027,-0.2047,0.0001,-0.0032,-0.6555,0.0061838,-0.0022610,0.0057000,0.000000,0.000000,0.000000,0.00000,0.00000,0.000,0.000,0.000,0.000,0.000,-6.0000,0.0000,0.0000,6.0000,95.00,95.00,90.00,90.00,1475,1475,2450,1500,0,,,,,,,,0,,,,0
6881,29794,17972,14873,0,0,0.91459,2.18351,9.47505,0.006392,-0.002131,0.005326,13.081,-5.413,-0.006,0.0005,-0.0027,-0.2064,0.0002,-0.0033,-0.6654,0.0062170,-0.0022803,0.0057001,0.000000,0.000000,0.000000,0.00000,0.00000,0.000,0.000,0.000,0.000,0.000,-6.0000,0.0000,0.0000,6.0000,95.00,95.00,90.00,90.00,1475,1475,2450,1500,0,,,,,,,,0,,,,0
6922,22812,17845,14820,0,0,0.93972,2.23379,9.47386,0.006392,-0.002131,0.006392,13.094,-5.419,-0.007,0.0004,-0.0028,-0.2076,0.0002,-0.0034,-0.6739,0.0061803,-0.0022587,0.0057001,0.000000,0.000000,0.000000,0.00000,0.00000,0.000,0.000,0.000,0.000,0.000,-6.0000,0.0000,0.0000,6.0000,95.00,95.00,90.00,90.00,1475,1475,2450,1500,0,,,,,,,,0,,,,0
6970,24030,17993,14964,0,0,0.90261,2.20386,9.48104,0.006392,-0.003196,0.005326,13.100,-5.411,-0.007,0.0004,-0.0028,-0.2090,0.0003,-0.0036,-0.6837,0.0061632,-0.0022865,0.0057004,0.000000,0.000000,0.000000,0.00000,0.00000,0.000,0.000,0.000,0.000,0.000,-6.0000,0.0000,0.0000,6.0000,95.00,95.00,90.00,90.00,1475,1475,2450,1500,0,,,,,,,,0,,,,0
7032,37848,24314,16293,0,0,0.93972,2.20267,9.47505,0.006392,-0.002131,0.005326,13.094,-5.416,-0.008,0.0007,-0.0027,-0.2109,0.0003,-0.0037,-0.6955,0.0061856,-0.0022714,0.0057004,0.000000,0.000000,0.000000,0.00000,0.00000,0.000,0.000,0.000,0.000,0.000,-6.0000,0.0000,0.0000,6.0000,95.00,95.00,90.00,90.00,1475,1475,2450,1500,0,,,,,,,,0,,,,0
7084,23956,17934,14915,0,0,0.92057,2.21823,9.47266,0.006392,-0.002131,0.005326,13.103,-5.415,-0.009,0.0007,-0.0025,-0.2128,0.0004,-0.0039,-0.7078,0.0061606,-0.0022706,0.0057005,0.000000,0.000000,0.000000,0.00000,0.00000,0.000,0.000,0.000,0.000,0.000,-6.0000,0.0000,0.0000,6.0000,95.00,95.00,90.00,90.00,1475,1475,2450,1500,0,,,,,,,,0,,,,0
7131,28865,17925,14903,0,0,0.92177,2.19429,9.47984,0.006392,-0.002131,0.006392,13.096,-5.413,-0.008,0.0008,-0.0025,-0.2143,0.0004,-0.0040,-0.7178,0.0061822,-0.0022772,0.0057004,0.000000,0.000000,0.000000,0.00000,0.00000,0.000,0.000,0.000,0.000,0.000,-6.0000,0.0000,0.0000,6.0000,95.00,95.00,90.00,90.00,1475,1475,2450,1500,0,,,,,,,,0,,,,0
7171,22576,17869,14859,0,0,0.93254,2.20027,9.48104,0.006392,-0.002131,0.005326,13.090,-5.418,-0.009,0.0007,-0.0024,-0.2154,0.0004,-0.0041,-0.7266,0.0061978,-0.0022610,0.0057002,0.000000,0.000000,0.000000,0.00000,0.00000,0.000,0.000,0.000,0.000,0.000,-6.0000,0.0000,0.0000,6.0000,95.00,95.00,90.00,90.00,1475,1475,2450,1500,0,,,,,,,,0,,,,0
7236,18136,18427,15432,0,0,0.90980,2.21703,9.47864,0.006392,-0.002131,0.005326,13.096,-5.414,-0.009,0.0008,-0.0025,-0.2175,0.0005,-0.0043,-0.7405,0.0061831,-0.0022706,0.0057004,0.000000,0.000000,0.000000,0.00000,0.00000,0.000,0.000,0.000,0.000,0.000,-6.0000,0.0000,0.0000,6.0000,95.00,95.00,90.00,90.00,1475,1475,2450,1500,0,,,,,,,,0,,,,0
7272,27880,26419,17617,0,0,0.92536,2.19668,9.48224,0.006392,-0.002131,0.006392,13.094,-5.415,-0.008,0.0008,-0.0025,-0.2183,0.0005,-0.0043,-0.7465,0.0061902,-0.0022684,0.0057003,0.000000,0.000000,0.000000,0.00000,0.00000,0.000,0.000,0.000,0.000,0.000,-6.0000,0.0000,0.0000,6.0000,95.00,95.00,90.00,90.00,1475,1475,2450,1500,0,,,,,,,,0,,,,0
7331,18025,17807,14805,0,0,0.93494,2.20267,9.48224,0.006392,-0.002131,0.005326,13.085,-5.420,-0.011,0.0007,-0.0025,-0.2205,0.0004,-0.0045,-0.7613,0.0062174,-0.0022521,0.0056999,0.000000,0.000000,0.000000,0.00000,0.00000,0.000,0.000,0.000,0.000,0.000,-6.0000,0.0000,0.0000,6.0000,95.00,95.00,90.00,90.00,1475,1475,2450,1500,0,,,,,,,,0,,,,0
7377,27803,17807,14634,0,0,0.91459,2.20626,9.48104,0.005326,-0.002131,0.005326,13.088,-5.416,-0.011,0.0007,-0.0026,-0.2217,0.0005,-0.0046,-0.7714,0.0062050,-0.0022597,0.0057002,0.000000,0.000000,0.000000,0.00000,0.00000,0.000,0.000,0.000,0.000,0.000,-6.0000,0.0000,0.0000,6.0000,95.00,95.00,90.00,90.00,1475,1475,2450,1500,0,,,,,,,,0,,,,0
7424,29041,18373,15343,0,0,0.93134,2.20147,9.48343,0.006392,-0.002131,0.005326,13.089,-5.418,-0.012,0.0008,-0.0026,-0.2231,0.0005,-0.0047,-0.7819,0.0062056,-0.0022540,0.0057001,0.000000,0.000000,0.000000,0.00000,0.00000,0.000,0.000,0.000,0.000,0.000,-6.0000,0.0000,0.0000,6.0000,95.00,95.00,90.00,90.00,1475,1475,2450,1500,0,,,,,,,,0,,,,0
7476,22089,24664,14715,0,0,0.91339,2.19189,9.48224,0.006392,-0.002131,0.005326,13.086,-5.419,-0.013,0.0008,-0.0026,-0.2244,0.0005,-0.0048,-0.7922,0.0062112,-0.0022503,0.0056999,0.000000,0.000000,0.000000,0.00000,0.00000,0.000,0.000,0.000,0.000,0.000,-6.0000,0.0000,0.0000,6.0000,95.00,95.00,90.00,90.00,1475,1475,2450,1500,0,,,,,,,,0,,,,0
7540,37871,25523,22513,0,0,0.90142,2.20745,9.47386,0.006392,-0.002131,0.006392,13.087,-5.408,-0.010,0.0005,-0.0026,-0.2267,0.0008,-0.0051,-0.8063,0.0062092,-0.0022794,0.0057005,0.000000,0.000000,0.000000,0.00000,0.00000,0.000,0.000,0.000,0.000,0.000,-6.0000,0.0000,0.0000,6.0000,95.00,95.00,90.00,90.00,1475,1475,2450,1500,0,,,,,,,,0,,,,0
7574,25763,33927,25989,0,0,0.92775,2.20386,9.47745,0.006392,-0.003196,0.006392,13.087,-5.411,-0.010,0.0005,-0.0026,-0.2275,0.0007,-0.0051,-0.8122,0.0062087,-0.0022745,0.0057004,0.000000,0.000000,0.000000,0.00000,0.00000,0.000,0.000,0.000,0.000,0.000,-6.0000,0.0000,0.0000,6.0000,95.00,95.00,90.00,90.00,1475,1475,2450,1500,0,,,,,,,,0,,,,0
7633,18006,18379,15397,0,0,0.92296,2.19788,9.48224,0.006392,-0.002131,0.006392,13.086,-5.414,-0.011,0.0005,-0.0024,-0.2293,0.0008,-0.0053,-0.8292,0.0062147,-0.0022684,0.0057004,0.000000,0.000000,0.000000,0.00000,0.00000,0.000,0.000,0.000,0.000,0.000,-6.0000,0.0000,0.0000,6.0000,95.00,95.00,90.00,90.00,1475,1475,2450,1500,0,,,,,,,,0,,,,0
7685,26931,18811,15034,0,0,0.92296,2.20865,9.47625,0.006392,-0.002131,0.005326,13.089,-5.413,-0.012,0.0005,-0.0024,-0.2309,0.0008,-0.0054,-0.8410,0.0062076,-0.0022699,0.0057004,0.000000,0.000000,0.000000,0.00000,0.00000,0.000,0.000,0.000,0.000,0.000,-6.0000,0.0000,0.0000,6.0000,95.00,95.00,90.00,90.00,1475,1475,2450,1500,0,,,,,,,,0,,,,0
7723,19086,38315,30413,0,0,0.92416,2.21942,9.48104,0.006392,-0.002131,0.006392,13.093,-5.413,-0.011,0.0005,-0.0025,-0.2314,0.0008,-0.0055,-0.8454,0.0061967,-0.0022688,0.0057004,0.000000,0.000000,0.000000,0.00000,0.00000,0.000,0.000,0.000,0.000,0.000,-6.0000,0.0000,0.0000,6.0000,95.00,95.00,90.00,90.00,1475,1475,2450,1500,0,,,,,,,,0,,,,0
7772,29849,17980,14952,0,0,0.92177,2.20267,9.47984,0.006392,-0.002131,0.006392,13.091,-5.418,-0.012,0.0008,-0.0026,-0.2334,0.0008,-0.0056,-0.8613,0.0062055,-0.0022540,0.0057003,0.000000,0.000000,0.000000,0.00000,0.00000,0.000,0.000,0.000,0.000,0.000,-6.0000,0.0000,0.0000,6.0000,95.00,95.00,90.00,90.00,1475,1475,2450,1500,0,,,,,,,,0,,,,0
7836,18136,18031,15015,0,0,0.94691,2.22421,9.47505,0.006392,-0.002131,0.005326,13.100,-5.425,-0.015,0.0008,-0.0027,-0.2352,0.0008,-0.0057,-0.8763,0.0061849,-0.0022389,0.0057002,0.000000,0.000000,0.000000,0.00000,0.00000,0.000,0.000,0.000,0.000,0.000,-6.0000,0.0000,0.0000,6.0000,95.00,95.00,90.00,90.00,1475,1475,2450,1500,0,,,,,,,,0,,,,0
7893,33760,23046,15049,0,0,0.89184,2.19189,9.49660,0.005326,-0.002131,0.005326,13.092,-5.417,-0.015,0.0004,-0.0029,-0.2366,0.0010,-0.0060,-0.8886,0.0062012,-0.0022572,0.0057007,0.000000,0.000000,0.000000,0.00000,0.00000,0.000,0.000,0.000,0.000,0.000,-6.0000,0.0000,0.0000,6.0000,95.00,95.00,90.00,90.00,1475,1475,2450,1500,0,,,,,,,,0,,,,0
7934,22569,17892,14873,0,0,0.91818,2.20267,9.48702,0.006392,-0.003196,0.006392,13.084,-5.409,-0.011,0.0005,-0.0029,-0.2378,0.0012,-0.0062,-0.8995,0.0062213,-0.0022832,0.0057013,0.000000,0.000000,0.000000,0.00000,0.00000,0.000,0.000,0.000,0.000,0.000,-6.0000,0.0000,0.0000,6.0000,95.00,95.00,90.00,90.00,1475,1475,2450,1500,0,,,,,,,,0,,,,0
7980,28205,17678,14557,0,0,0.96127,2.21583,9.47146,0.006392,-0.003196,0.005326,13.094,-5.429,-0.016,0.0004,-0.0029,-0.2392,0.0008,-0.0062,-0.9106,0.0061992,-0.0022334,0.0057002,0.000000,0.000000,0.000000,0.00000,0.00000,0.000,0.000,0.000,0.000,0.000,-6.0000,0.0000,0.0000,6.0000,95.00,95.00,90.00,90.00,1475,1475,2450,1500,0,,,,,,,,0,,,,0
8045,37904,26705,18728,0,0,0.89783,2.19668,9.48463,0.006392,-0.002131,0.005326,13.093,-5.419,-0.015,0.0001,-0.0031,-0.2408,0.0010,-0.0064,-0.9240,0.0062040,-0.0022578,0.0057005,0.000000,0.000000,0.000000,0.00000,0.00000,0.000,0.000,0.000,0.000,0.000,-6.0000,0.0000,0.0000,6.0000,95.00,95.00,90.00,90.00,1475,1475,2450,1500,0,,,,,,,,0,,,,0
8074,27602,28088,20079,0,0,0.92775,2.18351,9.47984,0.007457,-0.002131,0.005326,13.089,-5.420,-0.016,0.0002,-0.0031,-0.2417,0.0011,-0.0065,-0.9306,0.0062192,-0.0022543,0.0057008,0.000000,0.000000,0.000000,0.00000,0.00000,0.000,0.000,0.000,0.000,0.000,-6.0000,0.0000,0.0000,6.0000,95.00,95.00,90.00,90.00,1475,1475,2450,1500,0,,,,,,,,0,,,,0
8124,23130,17916,14905,0,0,0.94092,2.22780,9.47864,0.006392,-0.002131,0.006392,13.097,-5.433,-0.017,0.0005,-0.0031,-0.2435,0.0010,-0.0067,-0.9453,0.0061988,-0.0022203,0.0057009,0.000000,0.000000,0.000000,0.00000,0.00000,0.000,0.000,0.000,0.000,0.000,-6.0000,0.0000,0.0000,6.0000,95.00,95.00,90.00,90.00,1475,1475,2450,1500,0,,,,,,,,0,,,,0
8171,28828,17940,14912,0,0,0.89184,2.19668,9.49421,0.006392,-0.002131,0.005326,13.094,-5.422,-0.015,0.0004,-0.0032,-0.2446,0.0011,-0.0068,-0.9568,0.0062074,-0.0022480,0.0057007,0.000000,0.000000,0.000000,0.00000,0.00000,0.000,0.000,0.000,0.000,0.000,-6.0000,0.0000,0.0000,6.0000,95.00,95.00,90.00,90.00,1475,1475,2450,1500,0,,,,,,,,0,,,,0
8230,18047,18368,15370,0,0,0.93254,2.19907,9.48104,0.006392,-0.002131,0.005326,13.087,-5.417,-0.013,0.0005,-0.0031,-0.2463,0.0012,-0.0070,-0.9712,0.0062257,-0.0022614,0.0057006,0.000000,0.000000,0.000000,0.00000,0.00000,0.000,0.000,0.000,0.000,0.000,-6.0000,0.0000,0.0000,6.0000,95.00,95.00,90.00,90.00,1475,1475,2450,1500,0,,,,,,,,0,,,,0
8278,23614,17994,14621,0,0,0.93134,2.20267,9.47984,0.006392,-0.002131,0.006392,13.089,-5.423,-0.014,0.0005,-0.0031,-0.2477,0.0012,-0.0072,-0.9831,0.0062218,-0.0022454,0.0057009,0.000000,0.000000,0.000000,0.00000,0.00000,0.000,0.000,0.000,0.000,0.000,-6.0000,0.0000,0.0000,6.0000,95.00,95.00,90.00,90.00,1475,1475,2450,1500,0,,,,,,,,0,,,,0
8330,25913,17963,14930,0,0,0.90740,2.19069,9.48343,0.006392,-0.002131,0.005326,13.086,-5.415,-0.013,0.0004,-0.0031,-0.2491,0.0012,-0.0073,-0.9962,0.0062306,-0.0022647,0.0057006,0.000000,0.000000,0.000000,0.00000,0.00000,0.000,0.000,0.000,0.000,0.000,-6.0000,0.0000,0.0000,6.0000,95.00,95.00,90.00,90.00,1475,1475,2450,1500,0,,,,,,,,0,,,,0
8371,22506,17875,14863,0,0,0.91459,2.19907,9.48224,0.006392,-0.002131,0.005326,13.084,-5.409,-0.012,0.0005,-0.0030,-0.2502,0.0012,-0.0075,-1.0063,0.0062361,-0.0022809,0.0057003,0.000000,0.000000,0.000000,0.00000,0.00000,0.000,0.000,0.000,0.000,0.000,-6.0000,0.0000,0.0000,6.0000,95.00,95.00,90.00,90.00,1475,1475,2450,1500,0,,,,,,,,0,,,,0
8437,18190,18309,14969,0,0,0.93134,2.19788,9.49062,0.005326,-0.002131,0.005326,13.087,-5.419,-0.016,0.0004,-0.0031,-0.2519,0.0012,-0.0077,-1.0227,0.0062291,-0.0022528,0.0057007,0.000000,0.000000,0.000000,0.00000,0.00000,0.000,0.000,0.000,0.000,0.000,-6.0000,0.0000,0.0000,6.0000,95.00,95.00,90.00,90.00,1475,1475,2450,1500,0,,,,,,,,0,,,,0
8485,29157,17992,14980,0,0,0.91818,2.19668,9.48463,0.006392,-0.002131,0.005326,13.085,-5.415,-0.015,0.0004,-0.0031,-0.2531,0.0013,-0.0078,-1.0349,0.0062357,-0.0022632,0.0057006,0.000000,0.000000,0.000000,0.00000,0.00000,0.000,0.000,0.000,0.000,0.000,-6.0000,0.0000,0.0000,6.0000,95.00,95.00,90.00,90.00,1475,1475,2450,1500,0,,,,,,,,0,,,,0
8530,26700,36410,25984,0,0,0.92057,2.21823,9.48224,0.006392,-0.002131,0.005326,13.089,-5.414,-0.016,0.0004,-0.0030,-0.2537,0.0013,-0.0079,-1.0416,0.0062265,-0.0022647,0.0057006,0.000000,0.000000,0.000000,0.00000,0.00000,0.000,0.000,0.000,0.000,0.000,-6.0000,0.0000,0.0000,6.0000,95.00,95.00,90.00,90.00,1475,1475,2450,1500,0,,,,,,,,0,,,,0
8585,36873,18047,15002,0,0,0.93613,2.20027,9.48343,0.006392,-0.002131,0.005326,13.094,-5.419,-0.019,0.0008,-0.0029,-0.2556,0.0013,-0.0081,-1.0604,0.0062165,-0.0022485,0.0057008,0.000000,0.000000,0.000000,0.00000,0.00000,0.000,0.000,0.000,0.000,0.000,-6.0000,0.0000,0.0000,6.0000,95.00,95.00,90.00,90.00,1475,1475,2450,1500,0,,,,,,,,0,,,,0
8632,28536,18603,15587,0,0,0.89902,2.20745,9.48463,0.006392,-0.002131,0.005326,13.092,-5.408,-0.017,0.0007,-0.0028,-0.2569,0.0014,-0.0082,-1.0724,0.0062221,-0.0022759,0.0057005,0.000000,0.000000,0.000000,0.00000,0.00000,0.000,0.000,0.000,0.000,0.000,-6.0000,0.0000,0.0000,6.0000,95.00,95.00,90.00,90.00,1475,1475,2450,1500,0,,,,,,,,0,,,,0
8674,18291,17847,14849,0,0,0.93134,2.21464,9.48822,0.006392,-0.002131,0.005326,13.096,-5.409,-0.018,0.0007,-0.0028,-0.2580,0.0014,-0.0084,-1.0833,0.0062144,-0.0022719,0.0057007,0.000000,0.000000,0.000000,0.00000,0.00000,0.000,0.000,0.000,0.000,0.000,-6.0000,0.0000,0.0000,6.0000,95.00,95.00,90.00,90.00,1475,1475,2450,1500,0,,,,,,,,0,,,,0
8726,32797,19200,14996,0,0,0.93494,2.20745,9.47984,0.006392,-0.002131,0.006392,13.099,-5.417,-0.019,0.0007,-0.0029,-0.2594,0.0015,-0.0085,-1.0964,0.0062087,-0.0022516,0.0057010,0.000000,0.000000,0.000000,0.00000,0.00000,0.000,0.000,0.000,0.000,0.000,-6.0000,0.0000,0.0000,6.0000,95.00,95.00,90.00,90.00,1475,1475,2450,1500,0,,,,,,,,0,,,,0
8773,28677,17980,14958,0,0,0.91698,2.20027,9.48463,0.006392,-0.002131,0.005326,13.097,-5.414,-0.018,0.0007,-0.0029,-0.2607,0.0015,-0.0086,-1.1089,0.0062146,-0.0022587,0.0057008,0.000000,0.000000,0.000000,0.00000,0.00000,0.000,0.000,0.000,0.000,0.000,-6.0000,0.0000,0.0000,6.0000,95.00,95.00,90.00,90.00,1475,1475,2450,1500,0,,,,,,,,0,,,,0
8832,17993,17814,14814,0,0,0.92775,2.21344,9.47864,0.006392,-0.002131,0.005326,13.100,-5.415,-0.018,0.0007,-0.0029,-0.2625,0.0016,-0.0088,-1.1243,0.0062074,-0.0022550,0.0057010,0.000000,0.000000,0.000000,0.00000,0.00000,0.000,0.000,0.000,0.000,0.000,-6.0000,0.0000,0.0000,6.0000,95.00,95.00,90.00,90.00,1475,1475,2450,1500,0,,,,,,,,0,,,,0
8880,30216,17657,14596,0,0,0.92895,2.19907,9.49540,0.006392,-0.002131,0.005326,13.096,-5.421,-0.020,0.0007,-0.0029,-0.2635,0.0016,-0.0090,-1.1370,0.0062184,-0.0022404,0.0057010,0.000000,0.000000,0.000000,0.00000,0.00000,0.000,0.000,0.000,0.000,0.000,-6.0000,0.0000,0.0000,6.0000,95.00,95.00,90.00,90.00,1475,1475,2450,1500,0,,,,,,,,0,,,,0
8947,46400,20919,17973,0,0,0.92057,2.21344,9.49062,0.006392,-0.002131,0.006392,13.096,-5.417,-0.017,0.0006,-0.0028,-0.2647,0.0016,-0.0091,-1.1540,0.0062207,-0.0022481,0.0057008,0.000000,0.000000,0.000000,0.00000,0.00000,0.000,0.000,0.000,0.000,0.000,-6.0000,0.0000,0.0000,6.0000,95.00,95.00,90.00,90.00,1475,1475,2450,1500,0,,,,,,,,0,,,,0
8970,21194,22374,15019,0,0,0.92895,2.20506,9.48463,0.006392,-0.002131,0.005326,13.096,-5.419,-0.018,0.0006,-0.0028,-0.2652,0.0016,-0.0092,-1.1596,0.0062215,-0.0022446,0.0057008,0.000000,0.000000,0.000000,0.00000,0.00000,0.000,0.000,0.000,0.000,0.000,-6.0000,0.0000,0.0000,6.0000,95.00,95.00,90.00,90.00,1475,1475,2450,1500,0,,,,,,,,0,,,,0
9034,37829,26383,18400,0,0,0.93134,2.19309,9.48702,0.005326,-0.002131,0.005326,13.089,-5.422,-0.020,0.0007,-0.0029,-0.2669,0.0016,-0.0093,-1.1757,0.0062325,-0.0022383,0.0057007,0.000000,0.000000,0.000000,0.00000,0.00000,0.000,0.000,0.000,0.000,0.000,-6.0000,0.0000,0.0000,6.0000,95.00,95.00,90.00,90.00,1475,1475,2450,1500,0,,,,,,,,0,,,,0
9070,27288,34265,26078,0,0,0.92416,2.20267,9.48822,0.006392,-0.002131,0.005326,13.089,-5.422,-0.021,0.0007,-0.0029,-0.2676,0.0016,-0.0094,-1.1830,0.0062347,-0.0022385,0.0057007,0.000000,0.000000,0.000000,0.00000,0.00000,0.000,0.000,0.000,0.000,0.000,-6.0000,0.0000,0.0000,6.0000,95.00,95.00,90.00,90.00,1475,1475,2450,1500,0,,,,,,,,0,,,,0
9128,18001,17824,14833,0,0,0.93254,2.20386,9.48343,0.006392,-0.002131,0.005326,13.093,-5.424,-0.023,0.0007,-0.0029,-0.2693,0.0016,-0.0096,-1.2031,0.0062276,-0.0022313,0.0057008,0.000000,0.000000,0.000000,0.00000,0.00000,0.000,0.000,0.000,0.000,0.000,-6.0000,0.0000,0.0000,6.0000,95.00,95.00,90.00,90.00,1475,1475,2450,1500,0,,,,,,,,0,,,,0
9180,25829,17574,14532,0,0,0.91698,2.19668,9.48224,0.006392,-0.002131,0.005326,13.091,-5.422,-0.023,0.0007,-0.0029,-0.2708,0.0016,-0.0098,-1.2173,0.0062326,-0.0022352,0.0057007,0.000000,0.000000,0.000000,0.00000,0.00000,0.000,0.000,0.000,0.000,0.000,-6.0000,0.0000,0.0000,6.0000,95.00,95.00,90.00,90.00,1475,1475,2450,1500,0,,,,,,,,0,,,,0
9228,29063,18421,15405,0,0,0.92057,2.20626,9.47984,0.006392,-0.002131,0.005326,13.092,-5.421,-0.024,0.0006,-0.0029,-0.2720,0.0017,-0.0099,-1.2300,0.0062318,-0.0022346,0.0057007,0.000000,0.000000,0.000000,0.00000,0.00000,0.000,0.000,0.000,0.000,0.000,-6.0000,0.0000,0.0000,6.0000,95.00,95.00,90.00,90.00,1475,1475,2450,1500,0,,,,,,,,0,,,,0
9270,18290,17870,14865,0,0,0.93134,2.19429,9.48463,0.006392,-0.002131,0.006392,13.088,-5.422,-0.023,0.0006,-0.0028,-0.2734,0.0017,-0.0100,-1.2415,0.0062380,-0.0022344,0.0057006,0.000000,0.000000,0.000000,0.00000,0.00000,0.000,0.000,0.000,0.000,0.000,-6.0000,0.0000,0.0000,6.0000,95.00,95.00,90.00,90.00,1475,1475,2450,1500,0,,,,,,,,0,,,,0
9335,18122,17856,14869,0,0,0.92177,2.20267,9.48583,0.006392,-0.002131,0.005326,13.087,-5.425,-0.025,0.0005,-0.0028,-0.2750,0.0016,-0.0102,-1.2595,0.0062421,-0.0022257,0.0057004,0.000000,0.000000,0.000000,0.00000,0.00000,0.000,0.000,0.000,0.000,0.000,-6.0000,0.0000,0.0000,6.0000,95.00,95.00,90.00,90.00,1475,1475,2450,1500,0,,,,,,,,0,,,,0
9370,26729,26053,15661,0,0,0.91459,2.21224,9.48104,0.006392,-0.002131,0.005326,13.089,-5.422,-0.025,0.0005,-0.0028,-0.2758,0.0017,-0.0103,-1.2668,0.0062373,-0.0022316,0.0057005,0.000000,0.000000,0.000000,0.00000,0.00000,0.000,0.000,0.000,0.000,0.000,-6.0000,0.0000,0.0000,6.0000,95.00,95.00,90.00,90.00,1475,1475,2450,1500,0,,,,,,,,0,,,,0
9429,18023,18328,15325,0,0,0.92775,2.19907,9.48702,0.006392,-0.002131,0.005326,13.087,-5.422,-0.025,0.0005,-0.0028,-0.2775,0.0017,-0.0104,-1.2853,0.0062422,-0.0022296,0.0057004,0.000000,0.000000,0.000000,0.00000,0.00000,0.000,0.000,0.000,0.000,0.000,-6.0000,0.0000,0.0000,6.0000,95.00,95.00,90.00,90.00,1475,1475,2450,1500,0,,,,,,,,0,,,,0
9477,23865,18037,14662,0,0,0.92536,2.20267,9.48343,0.006392,-0.002131,0.005326,13.088,-5.421,-0.026,0.0005,-0.0028,-0.2786,0.0017,-0.0106,-1.2987,0.0062419,-0.0022312,0.0057004,0.000000,0.000000,0.000000,0.00000,0.00000,0.000,0.000,0.000,0.000,0.000,-6.0000,0.0000,0.0000,6.0000,95.00,95.00,90.00,90.00,1475,1475,2450,1500,0,,,,,,,,0,,,,0
9541,37949,25630,17634,0,0,0.92057,2.20027,9.48463,0.006392,-0.002131,0.006392,13.088,-5.418,-0.024,0.0005,-0.0028,-0.2801,0.0018,-0.0107,-1.3144,0.0062431,-0.0022383,0.0057004,0.000000,0.000000,0.000000,0.00000,0.00000,0.000,0.000,0.000,0.000,0.000,-6.0000,0.0000,0.0000,6.0000,95.00,95.00,90.00,90.00,1475,1475,2450,1500,0,,,,,,,,0,,,,0
9573,34653,23346,15116,0,0,0.93254,2.20386,9.47984,0.006392,-0.002131,0.005326,13.088,-5.420,-0.025,0.0006,-0.0028,-0.2812,0.0018,-0.0108,-1.3241,0.0062431,-0.0022326,0.0057004,0.000000,0.000000,0.000000,0.00000,0.00000,0.000,0.000,0.000,0.000,0.000,-6.0000,0.0000,0.0000,6.0000,95.00,95.00,90.00,90.00,1475,1475,2450,1500,0,,,,,,,,0,,,,0
9620,24159,17788,14730,0,0,0.92775,2.20386,9.47745,0.006392,-0.002131,0.005326,13.091,-5.422,-0.026,0.0006,-0.0028,-0.2827,0.0018,-0.0110,-1.3390,0.0062391,-0.0022283,0.0057005,0.000000,0.000000,0.000000,0.00000,0.00000,0.000,0.000,0.000,0.000,0.000,-6.0000,0.0000,0.0000,6.0000,95.00,95.00,90.00,90.00,1475,1475,2450,1500,0,,,,,,,,0,,,,0
9669,30328,18010,14970,0,0,0.91459,2.21105,9.47984,0.005326,-0.002131,0.005326,13.091,-5.419,-0.026,0.0006,-0.0028,-0.2842,0.0019,-0.0112,-1.3528,0.0062360,-0.0022327,0.0057007,0.000000,0.000000,0.000000,0.00000,0.00000,0.000,0.000,0.000,0.000,0.000,-6.0000,0.0000,0.0000,6.0000,95.00,95.00,90.00,90.00,1475,1475,2450,1500,0,,,,,,,,0,,,,0
9728,17999,17824,14848,0,0,0.92057,2.20386,9.47864,0.006392,-0.002131,0.006392,13.090,-5.421,-0.025,0.0006,-0.0027,-0.2860,0.0019,-0.0113,-1.3696,0.0062389,-0.0022310,0.0057006,0.000000,0.000000,0.000000,0.00000,0.00000,0.000,0.000,0.000,0.000,0.000,-6.0000,0.0000,0.0000,6.0000,95.00,95.00,90.00,90.00,1475,1475,2450,1500,0,,,,,,,,0,,,,0
9786,32563,24807,14949,0,0,0.91937,2.20745,9.48224,0.006392,-0.002131,0.005326,13.094,-5.419,-0.026,0.0006,-0.0028,-0.2874,0.0020,-0.0115,-1.3841,0.0062309,-0.0022339,0.0057007,0.000000,0.000000,0.000000,0.00000,0.00000,0.000,0.000,0.000,0.000,0.000,-6.0000,0.0000,0.0000,6.0000,95.00,95.00,90.00,90.00,1475,1475,2450,1500,0,,,,,,,,0,,,,0
9833,28879,17948,14930,0,0,0.92656,2.20865,9.47505,0.006392,-0.002131,0.006392,13.098,-5.418,-0.025,0.0006,-0.0027,-0.2891,0.0021,-0.0116,-1.3996,0.0062231,-0.0022360,0.0057009,0.000000,0.000000,0.000000,0.00000,0.00000,0.000,0.000,0.000,0.000,0.000,-6.0000,0.0000,0.0000,6.0000,95.00,95.00,90.00,90.00,1475,1475,2450,1500,0,,,,,,,,0,,,,0
9875,23738,17922,14909,0,0,0.92895,2.20147,9.47864,0.006392,-0.002131,0.006392,13.096,-5.420,-0.024,0.0006,-0.0027,-0.2905,0.0021,-0.0117,-1.4118,0.0062282,-0.0022320,0.0057008,0.000000,0.000000,0.000000,0.00000,0.00000,0.000,0.000,0.000,0.000,0.000,-6.0000,0.0000,0.0000,6.0000,95.00,95.00,90.00,90.00,1475,1475,2450,1500,0,,,,,,,,0,,,,0
9924,31343,18031,15007,0,0,0.93015,2.20865,9.48224,0.006392,-0.002131,0.005326,13.097,-5.425,-0.026,0.0005,-0.0027,-0.2917,0.0020,-0.0118,-1.4262,0.0062274,-0.0022220,0.0057008,0.000000,0.000000,0.000000,0.00000,0.00000,0.000,0.000,0.000,0.000,0.000,-6.0000,0.0000,0.0000,6.0000,95.00,95.00,90.00,90.00,1475,1475,2450,1500,0,,,,,,,,0,,,,0
9971,28688,17927,14903,0,0,0.92895,2.21224,9.48343,0.006392,-0.002131,0.005326,13.099,-5.424,-0.027,0.0006,-0.0027,-0.2929,0.0021,-0.0120,-1.4399,0.0062251,-0.0022211,0.0057008,0.000000,0.000000,0.000000,0.00000,0.00000,0.000,0.000,0.000,0.000,0.000,-6.0000,0.0000,0.0000,6.0000,95.00,95.00,90.00,90.00,1475,1475,2450,1500,0,,,,,,,,0,,,,0
10034,35592,18599,15532,0,0,0.92656,2.20386,9.48343,0.006392,-0.002131,0.005326,13.097,-5.424,-0.028,0.0006,-0.0027,-0.2947,0.0021,-0.0121,-1.4582,0.0062295,-0.0022198,0.0057007,0.000000,0.000000,0.000000,0.00000,0.00000,0.000,0.000,0.000,0.000,0.000,-6.0000,0.0000,0.0000,6.0000,95.00,95.00,90.00,90.00,1475,1475,2450,1500,0,,,,,,,,0,,,,0
10069,24527,29224,25958,0,0,0.92296,2.20147,9.47984,0.006392,-0.002131,0.005326,13.096,-5.424,-0.029,0.0006,-0.0027,-0.2954,0.0021,-0.0122,-1.4655,0.0062318,-0.0022204,0.0057007,0.000000,0.000000,0.000000,0.00000,0.00000,0.000,0.000,0.000,0.000,0.000,-6.0000,0.0000,0.0000,6.0000,95.00,95.00,90.00,90.00,1475,1475,2450,1500,0,,,,,,,,0,,,,0
10131,37708,24342,16355,0,0,0.92656,2.20626,9.48463,0.006392,-0.002131,0.005326,13.099,-5.424,-0.030,0.0006,-0.0027,-0.2973,0.0021,-0.0124,-1.4854,0.0062286,-0.0022184,0.0057008,0.000000,0.000000,0.000000,0.00000,0.00000,0.000,0.000,0.000,0.000,0.000,-6.0000,0.0000,0.0000,6.0000,95.00,95.00,90.00,90.00,1475,1475,2450,1500,0,,,,,,,,0,,,,0
10172,22525,17873,14857,0,0,0.93015,2.22062,9.47505,0.006392,-0.002131,0.005326,13.105,-5.425,-0.032,0.0007,-0.0027,-0.2988,0.0023,-0.0125,-1.4994,0.0062172,-0.0022161,0.0057011,0.000000,0.000000,0.000000,0.00000,0.00000,0.000,0.000,0.000,0.000,0.000,-6.0000,0.0000,0.0000,6.0000,95.00,95.00,90.00,90.00,1475,1475,2450,1500,0,,,,,,,,0,,,,0
10224,25304,18325,15280,0,0,0.92895,2.20626,9.47386,0.006392,-0.002131,0.005326,13.110,-5.426,-0.033,0.0007,-0.0027,-0.3005,0.0024,-0.0127,-1.5150,0.0062092,-0.0022125,0.0057013,0.000000,0.000000,0.000000,0.00000,0.00000,0.000,0.000,0.000,0.000,0.000,-6.0000,0.0000,0.0000,6.0000,95.00,95.00,90.00,90.00,1475,1475,2450,1500,0,,,,,,,,0,,,,0
10272,29470,18000,14973,0,0,0.91099,2.21105,9.47625,0.006392,-0.002131,0.005326,13.113,-5.421,-0.033,0.0006,-0.0027,-0.3021,0.0024,-0.0128,-1.5295,0.0062040,-0.0022218,0.0057013,0.000000,0.000000,0.000000,0.00000,0.00000,0.000,0.000,0.000,0.000,0.000,-6.0000,0.0000,0.0000,6.0000,95.00,95.00,90.00,90.00,1475,1475,2450,1500,0,,,,,,,,0,,,,0
10331,18021,17807,14815,0,0,0.92656,2.21105,9.47864,0.006392,-0.002131,0.005326,13.108,-5.421,-0.035,0.0006,-0.0026,-0.3039,0.0024,-0.0130,-1.5473,0.0062152,-0.0022202,0.0057010,0.000000,0.000000,0.000000,0.00000,0.00000,0.000,0.000,0.000,0.000,0.000,-6.0000,0.0000,0.0000,6.0000,95.00,95.00,90.00,90.00,1475,1475,2450,1500,0,,,,,,,,0,,,,0
10378,28663,18012,14616,0,0,0.92057,2.19069,9.48343,0.006392,-0.002131,0.005326,13.101,-5.420,-0.035,0.0005,-0.0026,-0.3052,0.0022,-0.0130,-1.5616,0.0062302,-0.0022213,0.0057006,0.000000,0.000000,0.000000,0.00000,0.00000,0.000,0.000,0.000,0.000,0.000,-6.0000,0.0000,0.0000,6.0000,95.00,95.00,90.00,90.00,1475,1475,2450,1500,0,,,,,,,,0,,,,0
10431,25742,18481,15457,0,0,0.91937,2.20147,9.48583,0.006392,-0.002131,0.005326,13.098,-5.419,-0.034,0.0005,-0.0027,-0.3064,0.0022,-0.0131,-1.5776,0.0062357,-0.0022245,0.0057003,0.000000,0.000000,0.000000,0.00000,0.00000,0.000,0.000,0.000,0.000,0.000,-6.0000,0.0000,0.0000,6.0000,95.00,95.00,90.00,90.00,1475,1475,2450,1500,0,,,,,,,,0,,,,0
10473,18309,17867,14852,0,0,0.92177,2.20745,9.48583,0.006392,-0.002131,0.005326,13.095,-5.420,-0.035,0.0005,-0.0027,-0.3074,0.0021,-0.0132,-1.5906,0.0062406,-0.0022209,0.0057002,0.000000,0.000000,0.000000,0.00000,0.00000,0.000,0.000,0.000,0.000,0.000,-6.0000,0.0000,0.0000,6.0000,95.00,95.00,90.00,90.00,1475,1475,2450,1500,0,,,,,,,,0,,,,0
10536,38534,24852,16985,0,0,0.92775,2.20865,9.48224,0.006392,-0.002131,0.006392,13.096,-5.421,-0.034,0.0006,-0.0026,-0.3089,0.0021,-0.0133,-1.6080,0.0062401,-0.0022186,0.0057002,0.000000,0.000000,0.000000,0.00000,0.00000,0.000,0.000,0.000,0.000,0.000,-6.0000,0.0000,0.0000,6.0000,95.00,95.00,90.00,90.00,1475,1475,2450,1500,0,,,,,,,,0,,,,0
10570,25082,33842,25925,0,0,0.92177,2.19309,9.48224,0.006392,-0.002131,0.005326,13.092,-5.420,-0.035,0.0005,-0.0026,-0.3097,0.0020,-0.0134,-1.6158,0.0062468,-0.0022196,0.0057000,0.000000,0.000000,0.000000,0.00000,0.00000,0.000,0.000,0.000,0.000,0.000,-6.0000,0.0000,0.0000,6.0000,95.00,95.00,90.00,90.00,1475,1475,2450,1500,0,,,,,,,,0,,,,0
10638,22640,18370,15025,0,0,0.92536,2.21344,9.47864,0.006392,-0.002131,0.005326,13.095,-5.420,-0.034,0.0005,-0.0027,-0.3118,0.0022,-0.0136,-1.6415,0.0062423,-0.0022199,0.0057003,0.000000,0.000000,0.000000,0.00000,0.00000,0.000,0.000,0.000,0.000,0.000,-6.0000,0.0000,0.0000,6.0000,95.00,95.00,90.00,90.00,1475,1475,2450,1500,0,,,,,,,,0,,,,0
10686,29213,17989,14970,0,0,0.92656,2.20865,9.48583,0.006392,-0.002131,0.005326,13.096,-5.421,-0.036,0.0005,-0.0027,-0.3130,0.0022,-0.0138,-1.6567,0.0062399,-0.0022173,0.0057003,0.000000,0.000000,0.000000,0.00000,0.00000,0.000,0.000,0.000,0.000,0.000,-6.0000,0.0000,0.0000,6.0000,95.00,95.00,90.00,90.00,1475,1475,2450,1500,0,,,,,,,,0,,,,0
10733,28742,17954,14932,0,0,0.91818,2.20985,9.48104,0.005326,-0.002131,0.006392,13.097,-5.420,-0.035,0.0005,-0.0027,-0.3143,0.0024,-0.0139,-1.6714,0.0062347,-0.0022201,0.0057005,0.000000,0.000000,0.000000,0.00000,0.00000,0.000,0.000,0.000,0.000,0.000,-6.0000,0.0000,0.0000,6.0000,95.00,95.00,90.00,90.00,1475,1475,2450,1500,0,,,,,,,,0,,,,0
10773,22511,17872,14877,0,0,0.91937,2.20985,9.49421,0.006392,-0.002131,0.005326,13.098,-5.417,-0.035,0.0006,-0.0027,-0.3151,0.0026,-0.0141,-1.6842,0.0062339,-0.0022251,0.0057007,0.000000,0.000000,0.000000,0.00000,0.00000,0.000,0.000,0.000,0.000,0.000,-6.0000,0.0000,0.0000,6.0000,95.00,95.00,90.00,90.00,1475,1475,2450,1500,0,,,,,,,,0,,,,0
10828,27710,21286,14988,0,0,0.91578,2.20386,9.48463,0.006392,-0.002131,0.006392,13.097,-5.413,-0.034,0.0006,-0.0028,-0.3166,0.0027,-0.0143,-1.7003,0.0062358,-0.0022318,0.0057009,0.000000,0.000000,0.000000,0.00000,0.00000,0.000,0.000,0.000,0.000,0.000,-6.0000,0.0000,0.0000,6.0000,95.00,95.00,90.00,90.00,1475,1475,2450,1500,0,,,,,,,,0,,,,0
10876,30063,18020,14999,0,0,0.92416,2.20985,9.48702,0.006392,-0.001065,0.005326,13.101,-5.413,-0.033,0.0006,-0.0028,-0.3177,0.0028,-0.0145,-1.7166,0.0062291,-0.0022288,0.0057010,0.000000,0.000000,0.000000,0.00000,0.00000,0.000,0.000,0.000,0.000,0.000,-6.0000,0.0000,0.0000,6.0000,95.00,95.00,90.00,90.00,1475,1475,2450,1500,0,,,,,,,,0,,,,0
10934,17905,17815,14830,0,0,0.92536,2.20267,9.48942,0.006392,-0.002131,0.005326,13.099,-5.414,-0.033,0.0006,-0.0027,-0.3189,0.0027,-0.0146,-1.7354,0.0062324,-0.0022264,0.0057007,0.000000,0.000000,0.000000,0.00000,0.00000,0.000,0.000,0.000,0.000,0.000,-6.0000,0.0000,0.0000,6.0000,95.00,95.00,90.00,90.00,1475,1475,2450,1500,0,,,,,,,,0,,,,0
10982,29139,17868,14835,0,0,0.92895,2.20267,9.48583,0.006392,-0.002131,0.005326,13.097,-5.414,-0.034,0.0005,-0.0027,-0.3201,0.0025,-0.0146,-1.7504,0.0062371,-0.0022239,0.0057004,0.000000,0.000000,0.000000,0.00000,0.00000,0.000,0.000,0.000,0.000,0.000,-6.0000,0.0000,0.0000,6.0000,95.00,95.00,90.00,90.00,1475,1475,2450,1500,0,,,,,,,,0,,,,0
11020,18117,38199,30162,0,0,0.91937,2.20865,9.48224,0.006392,-0.002131,0.005326,13.098,-5.413,-0.035,0.0006,-0.0027,-0.3206,0.0026,-0.0147,-1.7562,0.0062358,-0.0022256,0.0057005,0.000000,0.000000,0.000000,0.00000,0.00000,0.000,0.000,0.000,0.000,0.000,-6.0000,0.0000,0.0000,6.0000,95.00,95.00,90.00,90.00,1475,1475,2450,1500,0,,,,,,,,0,,,,0
11083,34920,18033,15008,0,0,0.92177,2.20386,9.48343,0.006392,-0.002131,0.005326,13.097,-5.412,-0.033,0.0005,-0.0028,-0.3223,0.0025,-0.0149,-1.7829,0.0062385,-0.0022275,0.0057004,0.000000,0.000000,0.000000,0.00000,0.00000,0.000,0.000,0.000,0.000,0.000,-6.0000,0.0000,0.0000,6.0000,95.00,95.00,90.00,90.00,1475,1475,2450,1500,0,,,,,,,,0,,,,0
11130,28932,17950,14935,0,0,0.92177,2.20865,9.48583,0.006392,-0.002131,0.005326,13.098,-5.413,-0.034,0.0004,-0.0028,-0.3234,0.0026,-0.0150,-1.7981,0.0062373,-0.0022249,0.0057004,0.000000,0.000000,0.000000,0.00000,0.00000,0.000,0.000,0.000,0.000,0.000,-6.0000,0.0000,0.0000,6.0000,95.00,95.00,90.00,90.00,1475,1475,2450,1500,0,,,,,,,,0,,,,0
11177,28917,17924,14637,0,0,0.91937,2.20985,9.49062,0.005326,-0.002131,0.006392,13.099,-5.412,-0.034,0.0005,-0.0028,-0.3245,0.0028,-0.0152,-1.8134,0.0062335,-0.0022262,0.0057007,0.000000,0.000000,0.000000,0.00000,0.00000,0.000,0.000,0.000,0.000,0.000,-6.0000,0.0000,0.0000,6.0000,95.00,95.00,90.00,90.00,1475,1475,2450,1500,0,,,,,,,,0,,,,0
11236,17934,18366,15333,0,0,0.92895,2.20506,9.49421,0.006392,-0.002131,0.006392,13.097,-5.414,-0.034,0.0004,-0.0028,-0.3257,0.0025,-0.0153,-1.8325,0.0062381,-0.0022216,0.0057003,0.000000,0.000000,0.000000,0.00000,0.00000,0.000,0.000,0.000,0.000,0.000,-6.0000,0.0000,0.0000,6.0000,95.00,95.00,90.00,90.00,1475,1475,2450,1500,0,,,,,,,,0,,,,0
11270,27926,23996,16002,0,0,0.92416,2.20865,9.48583,0.006392,-0.002131,0.005326,13.098,-5.414,-0.035,0.0004,-0.0028,-0.3263,0.0025,-0.0154,-1.8416,0.0062372,-0.0022211,0.0057003,0.000000,0.000000,0.000000,0.00000,0.00000,0.000,0.000,0.000,0.000,0.000,-6.0000,0.0000,0.0000,6.0000,95.00,95.00,90.00,90.00,1475,1475,2450,1500,0,,,,,,,,0,,,,0
11332,37843,24179,16255,0,0,0.92057,2.21105,9.48583,0.006392,-0.002131,0.005326,13.098,-5.413,-0.034,0.0004,-0.0027,-0.3278,0.0026,-0.0155,-1.8619,0.0062379,-0.0022230,0.0057003,0.000000,0.000000,0.000000,0.00000,0.00000,0.000,0.000,0.000,0.000,0.000,-6.0000,0.0000,0.0000,6.0000,95.00,95.00,90.00,90.00,1475,1475,2450,1500,0,,,,,,,,0,,,,0
11373,22534,17881,14884,0,0,0.91698,2.20147,9.48702,0.005326,-0.002131,0.005326,13.093,-5.411,-0.035,0.0004,-0.0027,-0.3290,0.0027,-0.0157,-1.8773,0.0062443,-0.0022282,0.0057003,0.000000,0.000000,0.000000,0.00000,0.00000,0.000,0.000,0.000,0.000,0.000,-6.0000,0.0000,0.0000,6.0000,95.00,95.00,90.00,90.00,1475,1475,2450,1500,0,,,,,,,,0,,,,0
11420,28865,17773,14666,0,0,0.93015,2.20506,9.48942,0.006392,-0.002131,0.005326,13.094,-5.414,-0.036,0.0003,-0.0027,-0.3300,0.0025,-0.0158,-1.8928,0.0062447,-0.0022229,0.0057002,0.000000,0.000000,0.000000,0.00000,0.00000,0.000,0.000,0.000,0.000,0.000,-6.0000,0.0000,0.0000,6.0000,95.00,95.00,90.00,90.00,1475,1475,2450,1500,0,,,,,,,,0,,,,0
11472,33643,17978,15038,0,0,0.91698,2.20506,9.49421,0.006392,-0.002131,0.005326,13.094,-5.410,-0.036,0.0004,-0.0028,-0.3309,0.0027,-0.0160,-1.9099,0.0062460,-0.0022296,0.0057003,0.000000,0.000000,0.000000,0.00000,0.00000,0.000,0.000,0.000,0.000,0.000,-6.0000,0.0000,0.0000,6.0000,95.00,95.00,90.00,90.00,1475,1475,2450,1500,0,,,,,,,,0,,,,0
11529,38402,18917,14968,0,0,0.91459,2.19668,9.49540,0.006392,-0.002131,0.005326,13.088,-5.405,-0.037,0.0003,-0.0029,-0.3320,0.0027,-0.0161,-1.9287,0.0062565,-0.0022367,0.0057002,0.000000,0.000000,0.000000,0.00000,0.00000,0.000,0.000,0.000,0.000,0.000,-6.0000,0.0000,0.0000,6.0000,95.00,95.00,90.00,90.00,1475,1475,2450,1500,0,,,,,,,,0,,,,0
11582,34363,17970,14903,0,0,0.92536,2.20985,9.49181,0.006392,-0.002131,0.006392,13.088,-5.406,-0.036,0.0003,-0.0028,-0.3331,0.0026,-0.0162,-1.9465,0.0062576,-0.0022331,0.0057000,0.000000,0.000000,0.000000,0.00000,0.00000,0.000,0.000,0.000,0.000,0.000,-6.0000,0.0000,0.0000,6.0000,95.00,95.00,90.00,90.00,1475,1475,2450,1500,0,,,,,,,,0,,,,0
11629,28950,18424,15406,0,0,0.91099,2.20147,9.48822,0.006392,-0.002131,0.005326,13.086,-5.403,-0.036,0.0002,-0.0028,-0.3342,0.0026,-0.0164,-1.9622,0.0062613,-0.0022383,0.0056999,0.000000,0.000000,0.000000,0.00000,0.00000,0.000,0.000,0.000,0.000,0.000,-6.0000,0.0000,0.0000,6.0000,95.00,95.00,90.00,90.00,1475,1475,2450,1500,0,,,,,,,,0,,,,0
11679,26552,22481,14598,0,0,0.92296,2.21583,9.48224,0.006392,-0.002131,0.005326,13.088,-5.404,-0.037,0.0002,-0.0027,-0.3353,0.0026,-0.0165,-1.9775,0.0062588,-0.0022342,0.0057000,0.000000,0.000000,0.000000,0.00000,0.00000,0.000,0.000,0.000,0.000,0.000,-6.0000,0.0000,0.0000,6.0000,95.00,95.00,90.00,90.00,1475,1475,2450,1500,0,,,,,,,,0,,,,0
11726,29125,17950,14931,0,0,0.92416,2.21105,9.47864,0.006392,-0.002131,0.005326,13.092,-5.407,-0.039,0.0002,-0.0027,-0.3365,0.0028,-0.0167,-1.9949,0.0062523,-0.0022288,0.0057003,0.000000,0.000000,0.000000,0.00000,0.00000,0.000,0.000,0.000,0.000,0.000,-6.0000,0.0000,0.0000,6.0000,95.00,95.00,90.00,90.00,1475,1475,2450,1500,0,,,,,,,,0,,,,0
11773,28598,17935,14931,0,0,0.91698,2.20626,9.49181,0.005326,-0.002131,0.006392,13.088,-5.405,-0.038,0.0002,-0.0027,-0.3375,0.0027,-0.0168,-2.0107,0.0062567,-0.0022319,0.0057002,0.000000,0.000000,0.000000,0.00000,0.00000,0.000,0.000,0.000,0.000,0.000,-6.0000,0.0000,0.0000,6.0000,95.00,95.00,90.00,90.00,1475,1475,2450,1500,0,,,,,,,,0,,,,0
11832,18030,17824,14832,0,0,0.93134,2.19907,9.48822,0.006392,-0.002131,0.005326,13.087,-5.409,-0.039,0.0001,-0.0026,-0.3388,0.0024,-0.0168,-2.0306,0.0062599,-0.0022239,0.0056998,0.000000,0.000000,0.000000,0.00000,0.00000,0.000,0.000,0.000,0.000,0.000,-6.0000,0.0000,0.0000,6.0000,95.00,95.00,90.00,90.00,1475,1475,2450,1500,0,,,,,,,,0,,,,0
11887,34239,20922,15024,0,0,0.92536,2.20267,9.49062,0.006392,-0.002131,0.005326,13.088,-5.410,-0.039,0.0001,-0.0027,-0.3398,0.0024,-0.0169,-2.0483,0.0062592,-0.0022215,0.0056998,0.000000,0.000000,0.000000,0.00000,0.00000,0.000,0.000,0.000,0.000,0.000,-6.0000,0.0000,0.0000,6.0000,95.00,95.00,90.00,90.00,1475,1475,2450,1500,0,,,,,,,,0,,,,0
11934,28615,17960,14945,0,0,0.91219,2.20626,9.48224,0.006392,-0.002131,0.005326,13.086,-5.408,-0.040,-0.0000,-0.0026,-0.3410,0.0023,-0.0170,-2.0653,0.0062633,-0.0022249,0.0056996,0.000000,0.000000,0.000000,0.00000,0.00000,0.000,0.000,0.000,0.000,0.000,-6.0000,0.0000,0.0000,6.0000,95.00,95.00,90.00,90.00,1475,1475,2450,1500,0,,,,,,,,0,,,,0
11975,18277,17846,14848,0,0,0.92656,2.20745,9.49301,0.006392,-0.002131,0.006392,13.086,-5.409,-0.039,-0.0000,-0.0026,-0.3418,0.0023,-0.0171,-2.0793,0.0062628,-0.0022233,0.0056996,0.000000,0.000000,0.000000,0.00000,0.00000,0.000,0.000,0.000,0.000,0.000,-6.0000,0.0000,0.0000,6.0000,95.00,95.00,90.00,90.00,1475,1475,2450,1500,0,,,,,,,,0,,,,0
12039,38439,25609,17207,0,0,0.91818,2.21224,9.48343,0.006392,-0.002131,0.005326,13.089,-5.406,-0.040,-0.0000,-0.0025,-0.3431,0.0025,-0.0174,-2.0986,0.0062594,-0.0022269,0.0056998,0.000000,0.000000,0.000000,0.00000,0.00000,0.000,0.000,0.000,0.000,0.000,-6.0000,0.0000,0.0000,6.0000,95.00,95.00,90.00,90.00,1475,1475,2450,1500,0,,,,,,,,0,,,,0
12074,26507,33822,25850,0,0,0.91818,2.20865,9.49062,0.006392,-0.002131,0.005326,13.090,-5.405,-0.041,-0.0000,-0.0025,-0.3436,0.0025,-0.0175,-2.1077,0.0062585,-0.0022287,0.0056999,0.000000,0.000000,0.000000,0.00000,0.00000,0.000,0.000,0.000,0.000,0.000,-6.0000,0.0000,0.0000,6.0000,95.00,95.00,90.00,90.00,1475,1475,2450,1500,0,,,,,,,,0,,,,0
12124,23305,17910,14880,0,0,0.91578,2.20267,9.48822,0.006392,-0.002131,0.006392,13.089,-5.404,-0.040,0.0001,-0.0025,-0.3455,0.0024,-0.0176,-2.1303,0.0062608,-0.0022287,0.0056997,0.000000,0.000000,0.000000,0.00000,0.00000,0.000,0.000,0.000,0.000,0.000,-6.0000,0.0000,0.0000,6.0000,95.00,95.00,90.00,90.00,1475,1475,2450,1500,0,,,,,,,,0,,,,0
12171,29033,17958,14936,0,0,0.91818,2.20985,9.49301,0.006392,-0.002131,0.005326,13.089,-5.402,-0.041,0.0001,-0.0025,-0.3464,0.0024,-0.0177,-2.1466,0.0062620,-0.0022319,0.0056996,0.000000,0.000000,0.000000,0.00000,0.00000,0.000,0.000,0.000,0.000,0.000,-6.0000,0.0000,0.0000,6.0000,95.00,95.00,90.00,90.00,1475,1475,2450,1500,0,,,,,,,,0,,,,0
12236,18121,18435,15387,0,0,0.92177,2.21583,9.48583,0.006392,-0.002131,0.005326,13.094,-5.401,-0.043,0.0002,-0.0026,-0.3478,0.0028,-0.0180,-2.1692,0.0062505,-0.0022317,0.0057002,0.000000,0.000000,0.000000,0.00000,0.00000,0.000,0.000,0.000,0.000,0.000,-6.0000,0.0000,0.0000,6.0000,95.00,95.00,90.00,90.00,1475,1475,2450,1500,0,,,,,,,,0,,,,0
12278,22675,17946,14541,0,0,0.92177,2.20506,9.48822,0.006392,-0.002131,0.005326,13.093,-5.402,-0.042,0.0001,-0.0026,-0.3488,0.0027,-0.0181,-2.1838,0.0062531,-0.0022308,0.0057001,0.000000,0.000000,0.000000,0.00000,0.00000,0.000,0.000,0.000,0.000,0.000,-6.0000,0.0000,0.0000,6.0000,95.00,95.00,90.00,90.00,1475,1475,2450,1500,0,,,,,,,,0,,,,0
12329,24039,17947,14910,0,0,0.92296,2.20027,9.48822,0.006392,-0.002131,0.005326,13.093,-5.403,-0.043,0.0001,-0.0025,-0.3500,0.0026,-0.0182,-2.2015,0.0062533,-0.0022284,0.0057000,0.000000,0.000000,0.000000,0.00000,0.00000,0.000,0.000,0.000,0.000,0.000,-6.0000,0.0000,0.0000,6.0000,95.00,95.00,90.00,90.00,1475,1475,2450,1500,0,,,,,,,,0,,,,0
12375,28707,17942,14928,0,0,0.91578,2.20985,9.49421,0.006392,-0.002131,0.005326,13.093,-5.399,-0.043,0.0001,-0.0025,-0.3508,0.0027,-0.0183,-2.2180,0.0062551,-0.0022335,0.0057000,0.000000,0.000000,0.000000,0.00000,0.00000,0.000,0.000,0.000,0.000,0.000,-6.0000,0.0000,0.0000,6.0000,95.00,95.00,90.00,90.00,1475,1475,2450,1500,0,,,,,,,,0,,,,0
12435,18091,18419,15392,0,0,0.92296,2.20267,9.48343,0.006392,-0.002131,0.005326,13.092,-5.398,-0.044,0.0001,-0.0025,-0.3520,0.0026,-0.0184,-2.2386,0.0062577,-0.0022347,0.0056999,0.000000,0.000000,0.000000,0.00000,0.00000,0.000,0.000,0.000,0.000,0.000,-6.0000,0.0000,0.0000,6.0000,95.00,95.00,90.00,90.00,1475,1475,2450,1500,0,,,,,,,,0,,,,0
12483,24325,17968,14937,0,0,0.91099,2.20865,9.48942,0.005326,-0.002131,0.006392,13.094,-5.394,-0.043,0.0002,-0.0025,-0.3531,0.0030,-0.0187,-2.2558,0.0062522,-0.0022408,0.0057003,0.000000,0.000000,0.000000,0.00000,0.00000,0.000,0.000,0.000,0.000,0.000,-6.0000,0.0000,0.0000,6.0000,95.00,95.00,90.00,90.00,1475,1475,2450,1500,0,,,,,,,,0,,,,0
12531,26610,39912,30106,0,0,0.91698,2.19788,9.48583,0.006392,-0.002131,0.005326,13.092,-5.393,-0.043,0.0001,-0.0025,-0.3538,0.0029,-0.0187,-2.2652,0.0062558,-0.0022419,0.0057002,0.000000,0.000000,0.000000,0.00000,0.00000,0.000,0.000,0.000,0.000,0.000,-6.0000,0.0000,0.0000,6.0000,95.00,95.00,90.00,90.00,1475,1475,2450,1500,0,,,,,,,,0,,,,0
12570,40171,37793,29846,0,0,0.92656,2.20386,9.48343,0.006392,-0.002131,0.005326,13.092,-5.395,-0.044,0.0002,-0.0025,-0.3549,0.0028,-0.0188,-2.2794,0.0062566,-0.0022385,0.0057000,0.000000,0.000000,0.000000,0.00000,0.00000,0.000,0.000,0.000,0.000,0.000,-6.0000,0.0000,0.0000,6.0000,95.00,95.00,90.00,90.00,1475,1475,2450,1500,0,,,,,,,,0,,,,0
12627,38520,19053,16044,0,0,0.92057,2.21464,9.48583,0.006392,-0.002131,0.005326,13.094,-5.400,-0.047,0.0005,-0.0024,-0.3568,0.0027,-0.0189,-2.3066,0.0062536,-0.0022280,0.0057000,0.000000,0.000000,0.000000,0.00000,0.00000,0.000,0.000,0.000,0.000,0.000,-6.0000,0.0000,0.0000,6.0000,95.00,95.00,90.00,90.00,1475,1475,2450,1500,0,,,,,,,,0,,,,0
12675,29187,18000,14977,0,0,0.92416,2.20386,9.49062,0.005326,-0.002131,0.006392,13.091,-5.400,-0.046,0.0005,-0.0024,-0.3578,0.0025,-0.0190,-2.3241,0.0062561,-0.0022288,0.0056998,0.000000,0.000000,0.000000,0.00000,0.00000,0.000,0.000,0.000,0.000,0.000,-6.0000,0.0000,0.0000,6.0000,95.00,95.00,90.00,90.00,1475,1475,2450,1500,0,,,,,,,,0,,,,0
12720,26300,18469,14584,0,0,0.92296,2.20147,9.48343,0.006392,-0.002131,0.006392,13.091,-5.401,-0.044,0.0005,-0.0024,-0.3589,0.0025,-0.0190,-2.3400,0.0062563,-0.0022271,0.0056997,0.000000,0.000000,0.000000,0.00000,0.00000,0.000,0.000,0.000,0.000,0.000,-6.0000,0.0000,0.0000,6.0000,95.00,95.00,90.00,90.00,1475,1475,2450,1500,0,,,,,,,,0,,,,0
12785,18125,17930,14920,0,0,0.90980,2.20865,9.49181,0.006392,-0.002131,0.005326,13.093,-5.398,-0.044,0.0006,-0.0025,-0.3602,0.0028,-0.0193,-2.3637,0.0062541,-0.0022314,0.0056999,0.000000,0.000000,0.000000,0.00000,0.00000,0.000,0.000,0.000,0.000,0.000,-6.0000,0.0000,0.0000,6.0000,95.00,95.00,90.00,90.00,1475,1475,2450,1500,0,,,,,,,,0,,,,0
12832,28565,17951,14937,0,0,0.91937,2.20027,9.48104,0.006392,-0.002131,0.005326,13.092,-5.397,-0.045,0.0006,-0.0025,-0.3615,0.0027,-0.0194,-2.3806,0.0062563,-0.0022324,0.0056998,0.000000,0.000000,0.000000,0.00000,0.00000,0.000,0.000,0.000,0.000,0.000,-6.0000,0.0000,0.0000,6.0000,95.00,95.00,90.00,90.00,1475,1475,2450,1500,0,,,,,,,,0,,,,0
12874,19211,17903,14897,0,0,0.92296,2.20386,9.48224,0.006392,-0.002131,0.005326,13.093,-5.400,-0.045,0.0005,-0.0025,-0.3625,0.0026,-0.0194,-2.3958,0.0062553,-0.0022274,0.0056998,0.000000,0.000000,0.000000,0.00000,0.00000,0.000,0.000,0.000,0.000,0.000,-6.0000,0.0000,0.0000,6.0000,95.00,95.00,90.00,90.00,1475,1475,2450,1500,0,,,,,,,,0,,,,0
12929,32760,21711,14985,0,0,0.91219,2.21703,9.48463,0.006392,-0.002131,0.005326,13.094,-5.399,-0.045,0.0004,-0.0023,-0.3638,0.0026,-0.0196,-2.4143,0.0062555,-0.0022279,0.0056998,0.000000,0.000000,0.000000,0.00000,0.00000,0.000,0.000,0.000,0.000,0.000,-6.0000,0.0000,0.0000,6.0000,95.00,95.00,90.00,90.00,1475,1475,2450,1500,0,,,,,,,,0,,,,0
12976,28813,17956,14634,0,0,0.92416,2.21344,9.48702,0.005326,-0.002131,0.005326,13.094,-5.396,-0.045,0.0005,-0.0023,-0.3651,0.0028,-0.0197,-2.4328,0.0062526,-0.0022315,0.0056999,0.000000,0.000000,0.000000,0.00000,0.00000,0.000,0.000,0.000,0.000,0.000,-6.0000,0.0000,0.0000,6.0000,95.00,95.00,90.00,90.00,1475,1475,2450,1500,0,,,,,,,,0,,,,0
13034,37924,19763,15588,0,0,0.92656,2.21224,9.47864,0.006392,-0.002131,0.005326,13.097,-5.399,-0.047,0.0005,-0.0022,-0.3666,0.0027,-0.0198,-2.4534,0.0062492,-0.0022261,0.0056998,0.000000,0.000000,0.000000,0.00000,0.00000,0.000,0.000,0.000,0.000,0.000,-6.0000,0.0000,0.0000,6.0000,95.00,95.00,90.00,90.00,1475,1475,2450,1500,0,,,,,,,,0,,,,0
13069,25708,29433,26093,0,0,0.92177,2.20745,9.47625,0.006392,-0.002131,0.005326,13.098,-5.399,-0.048,0.0005,-0.0022,-0.3675,0.0027,-0.0199,-2.4628,0.0062480,-0.0022251,0.0056998,0.000000,0.000000,0.000000,0.00000,0.00000,0.000,0.000,0.000,0.000,0.000,-6.0000,0.0000,0.0000,6.0000,95.00,95.00,90.00,90.00,1475,1475,2450,1500,0,,,,,,,,0,,,,0
13147,8844,17874,14950,0,0,0.91937,2.21224,9.48343,0.006392,-0.002131,0.005326,13.102,-5.399,-0.049,0.0006,-0.0022,-0.3694,0.0029,-0.0201,-2.4876,0.0062427,-0.0022241,0.0057001,0.000000,0.000000,0.000000,0.00000,0.00000,0.000,0.000,0.000,0.000,0.000,-6.0000,0.0000,0.0000,6.0000,95.00,95.00,90.00,90.00,1475,1475,2450,1500,0,,,,,,,,0,,,,0
13169,18129,22481,15005,0,0,0.92775,2.20985,9.48942,0.006392,-0.002131,0.005326,13.102,-5.401,-0.050,0.0006,-0.0022,-0.3697,0.0029,-0.0201,-2.4943,0.0062422,-0.0022212,0.0057001,0.000000,0.000000,0.000000,0.00000,0.00000,0.000,0.000,0.000,0.000,0.000,-6.0000,0.0000,0.0000,6.0000,95.00,95.00,90.00,90.00,1475,1475,2450,1500,0,,,,,,,,0,,,,0
13235,18036,18493,15489,0,0,0.92296,2.20745,9.47984,0.006392,-0.002131,0.005326,13.108,-5.403,-0.049,0.0006,-0.0021,-0.3715,0.0030,-0.0202,-2.5200,0.0062339,-0.0022194,0.0057002,0.000000,0.000000,0.000000,0.00000,0.00000,0.000,0.000,0.000,0.000,0.000,-6.0000,0.0000,0.0000,6.0000,95.00,95.00,90.00,90.00,1475,1475,2450,1500,0,,,,,,,,0,,,,0
13283,24162,17962,14934,0,0,0.92895,2.20745,9.48463,0.006392,-0.002131,0.005326,13.107,-5.405,-0.050,0.0006,-0.0021,-0.3728,0.0029,-0.0203,-2.5381,0.0062372,-0.0022162,0.0057001,0.000000,0.000000,0.000000,0.00000,0.00000,0.000,0.000,0.000,0.000,0.000,-6.0000,0.0000,0.0000,6.0000,95.00,95.00,90.00,90.00,1475,1475,2450,1500,0,,,,,,,,0,,,,0
13324,22709,17895,14897,0,0,0.92536,2.20267,9.48583,0.006392,-0.002131,0.005326,13.106,-5.408,-0.052,0.0005,-0.0022,-0.3739,0.0029,-0.0204,-2.5534,0.0062385,-0.0022115,0.0057002,0.000000,0.000000,0.000000,0.00000,0.00000,0.000,0.000,0.000,0.000,0.000,-6.0000,0.0000,0.0000,6.0000,95.00,95.00,90.00,90.00,1475,1475,2450,1500,0,,,,,,,,0,,,,0
13376,25485,17957,14615,0,0,0.91578,2.20386,9.48224,0.006392,-0.002131,0.005326,13.104,-5.405,-0.052,0.0005,-0.0022,-0.3753,0.0030,-0.0205,-2.5729,0.0062429,-0.0022158,0.0057001,0.000000,0.000000,0.000000,0.00000,0.00000,0.000,0.000,0.000,0.000,0.000,-6.0000,0.0000,0.0000,6.0000,95.00,95.00,90.00,90.00,1475,1475,2450,1500,0,,,,,,,,0,,,,0
13424,29140,18252,15190,0,0,0.93254,2.20985,9.47625,0.006392,-0.001065,0.005326,13.106,-5.408,-0.053,0.0006,-0.0022,-0.3768,0.0030,-0.0207,-2.5907,0.0062409,-0.0022096,0.0057003,0.000000,0.000000,0.000000,0.00000,0.00000,0.000,0.000,0.000,0.000,0.000,-6.0000,0.0000,0.0000,6.0000,95.00,95.00,90.00,90.00,1475,1475,2450,1500,0,,,,,,,,0,,,,0
13483,18133,17856,14868,0,0,0.92416,2.21823,9.47864,0.006392,-0.002131,0.005326,13.110,-5.405,-0.054,0.0006,-0.0023,-0.3785,0.0034,-0.0209,-2.6134,0.0062331,-0.0022135,0.0057005,0.000000,0.000000,0.000000,0.00000,0.00000,0.000,0.000,0.000,0.000,0.000,-6.0000,0.0000,0.0000,6.0000,95.00,95.00,90.00,90.00,1475,1475,2450,1500,0,,,,,,,,0,,,,0
13522,18146,38326,30384,0,0,0.91339,2.20626,9.48224,0.005326,-0.002131,0.005326,13.108,-5.403,-0.054,0.0007,-0.0023,-0.3790,0.0035,-0.0210,-2.6203,0.0062338,-0.0022166,0.0057007,0.000000,0.000000,0.000000,0.00000,0.00000,0.000,0.000,0.000,0.000,0.000,-6.0000,0.0000,0.0000,6.0000,95.00,95.00,90.00,90.00,1475,1475,2450,1500,0,,,,,,,,0,,,,0
13586,44583,19069,16119,0,0,0.92416,2.20267,9.47745,0.007457,-0.002131,0.005326,13.113,-5.401,-0.056,0.0007,-0.0023,-0.3815,0.0039,-0.0213,-2.6519,0.0062320,-0.0022189,0.0057010,0.000000,0.000000,0.000000,0.00000,0.00000,0.000,0.000,0.000,0.000,0.000,-6.0000,0.0000,0.0000,6.0000,95.00,95.00,90.00,90.00,1475,1475,2450,1500,0,,,,,,,,0,,,,0
13627,22514,18277,15248,0,0,0.92296,2.20386,9.46907,0.005326,-0.002131,0.006392,13.111,-5.402,-0.054,0.0007,-0.0022,-0.3831,0.0039,-0.0214,-2.6679,0.0062339,-0.0022153,0.0057010,0.000000,0.000000,0.000000,0.00000,0.00000,0.000,0.000,0.000,0.000,0.000,-6.0000,0.0000,0.0000,6.0000,95.00,95.00,90.00,90.00,1475,1475,2450,1500,0,,,,,,,,0,,,,0
13675,24159,18001,14986,0,0,0.92536,2.21224,9.46907,0.006392,-0.002131,0.005326,13.115,-5.403,-0.056,0.0008,-0.0023,-0.3848,0.0043,-0.0216,-2.6864,0.0062288,-0.0022122,0.0057014,0.000000,0.000000,0.000000,0.00000,0.00000,0.000,0.000,0.000,0.000,0.000,-6.0000,0.0000,0.0000,6.0000,95.00,95.00,90.00,90.00,1475,1475,2450,1500,0,,,,,,,,0,,,,0
13738,38587,24070,15808,0,0,0.92057,2.21583,9.47026,0.006392,-0.002131,0.006392,13.118,-5.404,-0.055,0.0008,-0.0022,-0.3868,0.0046,-0.0219,-2.7084,0.0062249,-0.0022109,0.0057016,0.000000,0.000000,0.000000,0.00000,0.00000,0.000,0.000,0.000,0.000,0.000,-6.0000,0.0000,0.0000,6.0000,95.00,95.00,90.00,90.00,1475,1475,2450,1500,0,,,,,,,,0,,,,0
13790,26593,25448,14940,0,0,0.93015,2.21823,9.47505,0.006392,-0.002131,0.005326,13.122,-5.407,-0.057,0.0009,-0.0022,-0.3885,0.0051,-0.0221,-2.7281,0.0062191,-0.0022058,0.0057022,0.000000,0.000000,0.000000,0.00000,0.00000,0.000,0.000,0.000,0.000,0.000,-6.0000,0.0000,0.0000,6.0000,95.00,95.00,90.00,90.00,1475,1475,2450,1500,0,,,,,,,,0,,,,0
13820,25710,29283,21271,0,0,0.93134,2.21224,9.47026,0.006392,-0.002131,0.005326,13.124,-5.410,-0.059,0.0010,-0.0022,-0.3894,0.0053,-0.0223,-2.7381,0.0062172,-0.0022012,0.0057025,0.000000,0.000000,0.000000,0.00000,0.00000,0.000,0.000,0.000,0.000,0.000,-6.0000,0.0000,0.0000,6.0000,95.00,95.00,90.00,90.00,1475,1475,2450,1500,0,,,,,,,,0,,,,0
13886,18249,17883,14874,0,0,0.92775,2.21583,9.47026,0.006392,-0.002131,0.006392,13.129,-5.413,-0.059,0.0012,-0.0023,-0.3922,0.0060,-0.0227,-2.7686,0.0062108,-0.0021951,0.0057031,0.000000,0.000000,0.000000,0.00000,0.00000,0.000,0.000,0.000,0.000,0.000,-6.0000,0.0000,0.0000,6.0000,95.00,95.00,90.00,90.00,1475,1475,2450,1500,0,,,,,,,,0,,,,0
13927,18221,17870,14862,0,0,0.92656,2.20506,9.46548,0.006392,-0.002131,0.005326,13.128,-5.415,-0.060,0.0011,-0.0023,-0.3939,0.0060,-0.0228,-2.7846,0.0062103,-0.0021921,0.0057032,0.000000,0.000000,0.000000,0.00000,0.00000,0.000,0.000,0.000,0.000,0.000,-6.0000,0.0000,0.0000,6.0000,95.00,95.00,90.00,90.00,1475,1475,2450,1500,0,,,,,,,,0,,,,0
13974,28691,17971,14940,0,0,0.92177,2.20506,9.47386,0.005326,-0.002131,0.006392,13.127,-5.416,-0.060,0.0011,-0.0023,-0.3956,0.0061,-0.0229,-2.8031,0.0062104,-0.0021908,0.0057032,0.000000,0.000000,0.000000,0.00000,0.00000,0.000,0.000,0.000,0.000,0.000,-6.0000,0.0000,0.0000,6.0000,95.00,95.00,90.00,90.00,1475,1475,2450,1500,0,,,,,,,,0,,,,0
14023,27184,40291,30639,0,0,0.92775,2.20985,9.47266,0.006392,-0.002131,0.006392,13.127,-5.417,-0.059,0.0011,-0.0023,-0.3966,0.0061,-0.0229,-2.8138,0.0062101,-0.0021885,0.0057032,0.000000,0.000000,0.000000,0.00000,0.00000,0.000,0.000,0.000,0.000,0.000,-6.0000,0.0000,0.0000,6.0000,95.00,95.00,90.00,90.00,1475,1475,2450,1500,0,,,,,,,,0,,,,0
14073,31099,18011,14980,0,0,0.62130,2.21942,9.47026,0.006392,-0.002131,0.005326,13.127,-5.334,-0.042,-0.0005,-0.0024,-0.4003,0.0091,-0.0244,-2.8425,0.0062094,-0.0023168,0.0057041,0.000000,0.000000,0.000000,0.00000,0.00000,0.000,0.000,0.000,0.000,0.000,-6.0000,0.0000,0.0000,6.0000,95.00,95.00,90.00,90.00,1475,1475,2450,1500,0,,,,,,,,0,,,,0
14120,28935,17651,14532,0,0,0.61651,2.20027,9.47505,0.006392,-0.002131,0.005326,13.125,-5.259,-0.026,-0.0020,-0.0024,-0.4028,0.0101,-0.0250,-2.8614,0.0062106,-0.0024323,0.0057034,0.000000,0.000000,0.000000,0.00000,0.00000,0.000,0.000,0.000,0.000,0.000,-6.0000,0.0000,0.0000,6.0000,95.00,95.00,90.00,90.00,1475,1475,2450,1500,0,,,,,,,,0,,,,0
14185,18104,17875,14882,0,0,0.92416,2.20267,9.47745,0.006392,-0.002131,0.005326,13.123,-5.280,-0.030,-0.0022,-0.0024,-0.4048,0.0096,-0.0250,-2.8876,0.0062150,-0.0023981,0.0057036,0.000000,0.000000,0.000000,0.00000,0.00000,0.000,0.000,0.000,0.000,0.000,-6.0000,0.0000,0.0000,6.0000,95.00,95.00,90.00,90.00,1475,1475,2450,1500,0,,,,,,,,0,,,,0
14235,23191,18486,15464,0,0,0.91339,2.21224,9.47864,0.006392,-0.002131,0.005326,13.124,-5.289,-0.034,-0.0020,-0.0024,-0.4063,0.0097,-0.0252,-2.9076,0.0062150,-0.0023823,0.0057040,0.000000,0.000000,0.000000,0.00000,0.00000,0.000,0.000,0.000,0.000,0.000,-6.0000,0.0000,0.0000,6.0000,95.00,95.00,90.00,90.00,1475,1475,2450,1500,0,,,,,,,,0,,,,0
14283,24280,17969,14940,0,0,0.91698,2.20386,9.48104,0.006392,-0.002131,0.005326,13.123,-5.298,-0.037,-0.0020,-0.0025,-0.4077,0.0097,-0.0253,-2.9274,0.0062180,-0.0023689,0.0057043,0.000000,0.000000,0.000000,0.00000,0.00000,0.000,0.000,0.000,0.000,0.000,-6.0000,0.0000,0.0000,6.0000,95.00,95.00,90.00,90.00,1475,1475,2450,1500,0,,,,,,,,0,,,,0
14330,28712,17925,14910,0,0,0.92177,2.20027,9.48224,0.005326,-0.002131,0.005326,13.117,-5.310,-0.041,-0.0021,-0.0025,-0.4091,0.0092,-0.0253,-2.9466,0.0062251,-0.0023497,0.0057042,0.000000,0.000000,0.000000,0.00000,0.00000,0.000,0.000,0.000,0.000,0.000,-6.0000,0.0000,0.0000,6.0000,95.00,95.00,90.00,90.00,1475,1475,2450,1500,0,,,,,,,,0,,,,0
14371,22648,17851,14840,0,0,0.91818,2.21224,9.48343,0.006392,-0.002131,0.005326,13.119,-5.317,-0.043,-0.0022,-0.0025,-0.4102,0.0090,-0.0253,-2.9633,0.0062236,-0.0023385,0.0057042,0.000000,0.000000,0.000000,0.00000,0.00000,0.000,0.000,0.000,0.000,0.000,-6.0000,0.0000,0.0000,6.0000,95.00,95.00,90.00,90.00,1475,1475,2450,1500,0,,,,,,,,0,,,,0
14425,32959,20798,15302,0,0,0.92177,2.20147,9.48343,0.006392,-0.003196,0.005326,13.117,-5.327,-0.047,-0.0022,-0.0025,-0.4117,0.0085,-0.0253,-2.9843,0.0062276,-0.0023241,0.0057041,0.000000,0.000000,0.000000,0.00000,0.00000,0.000,0.000,0.000,0.000,0.000,-6.0000,0.0000,0.0000,6.0000,95.00,95.00,90.00,90.00,1475,1475,2450,1500,0,,,,,,,,0,,,,0
14473,29524,18009,14978,0,0,0.92296,2.20985,9.47505,0.006392,-0.002131,0.005326,13.117,-5.336,-0.050,-0.0021,-0.0025,-0.4132,0.0083,-0.0254,-3.0052,0.0062286,-0.0023079,0.0057042,0.000000,0.000000,0.000000,0.00000,0.00000,0.000,0.000,0.000,0.000,0.000,-6.0000,0.0000,0.0000,6.0000,95.00,95.00,90.00,90.00,1475,1475,2450,1500,0,,,,,,,,0,,,,0
14531,38579,18928,14987,0,0,0.92656,2.21105,9.47386,0.006392,-0.002131,0.005326,13.119,-5.345,-0.053,-0.0020,-0.0025,-0.4150,0.0079,-0.0254,-3.0288,0.0062254,-0.0022930,0.0057042,0.000000,0.000000,0.000000,0.00000,0.00000,0.000,0.000,0.000,0.000,0.000,-6.0000,0.0000,0.0000,6.0000,95.00,95.00,90.00,90.00,1475,1475,2450,1500,0,,,,,,,,0,,,,0
14584,34832,18049,14956,0,0,0.92296,2.20506,9.48104,0.005326,-0.002131,0.005326,13.118,-5.349,-0.055,-0.0020,-0.0025,-0.4166,0.0072,-0.0253,-3.0512,0.0062253,-0.0022859,0.0057038,0.000000,0.000000,0.000000,0.00000,0.00000,0.000,0.000,0.000,0.000,0.000,-6.0000,0.0000,0.0000,6.0000,95.00,95.00,90.00,90.00,1475,1475,2450,1500,0,,,,,,,,0,,,,0
14642,32270,26116,15176,0,0,0.93254,2.22182,9.47864,0.006392,-0.002131,0.005326,13.122,-5.358,-0.058,-0.0020,-0.0024,-0.4181,0.0063,-0.0251,-3.0723,0.0062196,-0.0022706,0.0057034,0.000000,0.000000,0.000000,0.00000,0.00000,0.000,0.000,0.000,0.000,0.000,-6.0000,0.0000,0.0000,6.0000,95.00,95.00,90.00,90.00,1475,1475,2450,1500,0,,,,,,,,0,,,,0
14684,18313,17938,14928,0,0,0.92536,2.19788,9.47625,0.006392,-0.002131,0.005326,13.118,-5.364,-0.059,-0.0023,-0.0023,-0.4198,0.0048,-0.0246,-3.0933,0.0062265,-0.0022608,0.0057024,0.000000,0.000000,0.000000,0.00000,0.00000,0.000,0.000,0.000,0.000,0.000,-6.0000,0.0000,0.0000,6.0000,95.00,95.00,90.00,90.00,1475,1475,2450,1500,0,,,,,,,,0,,,,0
14731,28765,17962,14942,0,0,0.91937,2.21703,9.47505,0.006392,-0.002131,0.005326,13.120,-5.291,-0.047,0.0006,-0.0026,-0.4216,0.0117,-0.0276,-3.1130,0.0062228,-0.0023691,0.0057064,0.000000,0.000000,0.000000,0.00000,0.00000,0.000,0.000,0.000,0.000,0.000,-6.0000,0.0000,0.0000,6.0000,95.00,95.00,90.00,90.00,1475,1475,2450,1500,0,,,,,,,,0,,,,0
14778,28767,17911,14597,0,0,0.92416,2.20865,9.47984,0.006392,-0.002131,0.005326,13.119,-5.301,-0.050,0.0004,-0.0026,-0.4231,0.0108,-0.0273,-3.1329,0.0062249,-0.0023523,0.0057059,0.000000,0.000000,0.000000,0.00000,0.00000,0.000,0.000,0.000,0.000,0.000,-6.0000,0.0000,0.0000,6.0000,95.00,95.00,90.00,90.00,1475,1475,2450,1500,0,,,,,,,,0,,,,0
14841,22019,18325,14993,0,0,0.91937,2.20865,9.47864,0.006392,-0.002131,0.005326,13.121,-5.316,-0.055,0.0002,-0.0026,-0.4251,0.0104,-0.0273,-3.1595,0.0062246,-0.0023295,0.0057059,0.000000,0.000000,0.000000,0.00000,0.00000,0.000,0.000,0.000,0.000,0.000,-6.0000,0.0000,0.0000,6.0000,95.00,95.00,90.00,90.00,1475,1475,2450,1500,0,,,,,,,,0,,,,0
14871,24287,24110,21096,0,0,0.91459,2.21105,9.47745,0.006392,-0.002131,0.005326,13.121,-5.317,-0.056,0.0003,-0.0026,-0.4259,0.0105,-0.0274,-3.1699,0.0062239,-0.0023260,0.0057060,0.000000,0.000000,0.000000,0.00000,0.00000,0.000,0.000,0.000,0.000,0.000,-6.0000,0.0000,0.0000,6.0000,95.00,95.00,90.00,90.00,1475,1475,2450,1500,0,,,,,,,,0,,,,0
14934,33433,24205,16233,0,0,0.93015,2.21224,9.47026,0.006392,-0.003196,0.005326,13.122,-5.331,-0.061,0.0007,-0.0026,-0.4281,0.0104,-0.0275,-3.1967,0.0062244,-0.0023075,0.0057062,0.000000,0.000000,0.000000,0.00000,0.00000,0.000,0.000,0.000,0.000,0.000,-6.0000,0.0000,0.0000,6.0000,95.00,95.00,90.00,90.00,1475,1475,2450,1500,0,,,,,,,,0,,,,0
14975,22617,17832,14838,0,0,0.92536,2.21105,9.47266,0.006392,-0.002131,0.006392,13.126,-5.339,-0.061,0.0008,-0.0027,-0.4297,0.0110,-0.0279,-3.2169,0.0062193,-0.0022950,0.0057068,0.000000,0.000000,0.000000,0.00000,0.00000,0.000,0.000,0.000,0.000,0.000,-6.0000,0.0000,0.0000,6.0000,95.00,95.00,90.00,90.00,1475,1475,2450,1500,0,,,,,,,,0,,,,0
15039,38465,25807,17448,0,0,0.92895,2.21464,9.47505,0.006392,-0.002131,0.005326,13.129,-5.345,-0.064,0.0012,-0.0027,-0.4315,0.0117,-0.0283,-3.2412,0.0062157,-0.0022849,0.0057075,0.000000,0.000000,0.000000,0.00000,0.00000,0.000,0.000,0.000,0.000,0.000,-6.0000,0.0000,0.0000,6.0000,95.00,95.00,90.00,90.00,1475,1475,2450,1500,0,,,,,,,,0,,,,0
15079,35288,29891,20793,0,0,0.93015,2.21344,9.46667,0.004261,-0.001065,0.006392,13.127,-5.349,-0.063,0.0013,-0.0026,-0.4329,0.0109,-0.0280,-3.2565,0.0062133,-0.0022766,0.0057070,0.000000,0.000000,0.000000,0.00000,0.00000,0.000,0.000,0.000,0.000,0.000,-6.0000,0.0000,0.0000,6.0000,95.00,95.00,90.00,90.00,1475,1475,2450,1500,0,,,,,,,,0,,,,0
15120,22971,17553,14514,0,0,0.93134,2.22900,9.45590,0.000000,-0.001065,0.007457,13.108,-5.351,-0.053,-0.0002,-0.0021,-0.4353,0.0033,-0.0250,-3.2795,0.0062041,-0.0022668,0.0057015,0.000000,0.000000,0.000000,0.00000,0.00000,0.000,0.000,0.000,0.000,0.000,-6.0000,0.0000,0.0000,6.0000,95.00,95.00,90.00,90.00,1475,1475,2450,1500,0,,,,,,,,0,,,,0
15185,18156,17894,14901,0,0,0.91578,2.20027,9.47026,0.026632,-0.006392,-0.001065,13.142,-5.366,-0.061,-0.0034,-0.0006,-0.4383,-0.0116,-0.0191,-3.3081,0.0062137,-0.0022578,0.0056905,0.000000,0.000000,0.000000,0.00000,0.00000,0.000,0.000,0.000,0.000,0.000,-6.0000,0.0000,0.0000,6.0000,95.00,95.00,90.00,90.00,1475,1475,2450,1500,0,,,,,,,,0,,,,0
15233,28670,18528,15514,0,0,0.93015,2.30681,9.43675,-0.015979,0.003196,0.018109,13.156,-5.363,-0.052,0.0020,-0.0033,-0.4411,0.0154,-0.0301,-3.3287,0.0061039,-0.0022420,0.0057111,0.000000,0.000000,0.000000,0.00000,0.00000,0.000,0.000,0.000,0.000,0.000,-6.0000,0.0000,0.0000,6.0000,95.00,95.00,90.00,90.00,1475,1475,2450,1500,0,,,,,,,,0,,,,0
15286,21829,25614,14928,0,0,0.94451,2.20386,9.44632,0.002131,-0.001065,0.006392,13.163,-5.387,-0.024,-0.0071,0.0003,-0.4437,-0.0311,-0.0113,-3.3490,0.0060799,-0.0022178,0.0056778,0.000000,0.000000,0.000000,0.00000,0.00000,0.000,0.000,0.000,0.000,0.000,-6.0000,0.0000,0.0000,6.0000,95.00,95.00,90.00,90.00,1475,1475,2450,1500,0,,,,,,,,0,,,,0
15333,28743,17940,14908,0,0,0.93254,2.42293,9.39006,-0.033023,0.009587,0.012783,13.177,-5.330,-0.106,0.0211,-0.0101,-0.4483,0.1149,-0.0707,-3.3734,0.0060003,-0.0022426,0.0057828,0.000000,0.000000,0.000000,0.00000,0.00000,0.000,0.000,0.000,0.000,0.000,-6.0000,0.0000,0.0000,6.0000,95.00,95.00,90.00,90.00,1475,1475,2450,1500,0,,,,,,,,0,,,,0
15379,28919,17608,14556,0,0,0.92177,2.24217,9.43435,0.004261,-0.002131,0.005326,13.173,-5.325,-0.115,0.0246,-0.0111,-0.4514,0.1327,-0.0781,-3.3946,0.0059924,-0.0022433,0.0057949,0.000000,0.000000,0.000000,0.00000,0.00000,0.000,0.000,0.000,0.000,0.000,-6.0000,0.0000,0.0000,6.0000,95.00,95.00,90.00,90.00,1475,1475,2450,1500,0,,,,,,,,0,,,,0
15420,23010,17587,14572,0,0,0.93733,2.18112,9.45231,0.024501,-0.004261,0.001065,13.205,-5.342,-0.099,0.0159,-0.0078,-0.4543,0.0889,-0.0603,-3.4131,0.0059956,-0.0022295,0.0057635,0.000000,0.000000,0.000000,0.00000,0.00000,0.000,0.000,0.000,0.000,0.000,-6.0000,0.0000,0.0000,6.0000,95.00,95.00,90.00,90.00,1475,1475,2450,1500,0,,,,,,,,0,,,,0
15494,21788,21271,14964,0,0,0.92895,2.33076,9.40323,0.000000,-0.002131,0.007457,13.201,-5.386,-0.017,-0.0039,0.0006,-0.4589,-0.0143,-0.0183,-3.4450,0.0058140,-0.0021742,0.0056923,0.000000,0.000000,0.000000,0.00000,0.00000,0.000,0.000,0.000,0.000,0.000,-6.0000,0.0000,0.0000,6.0000,95.00,95.00,90.00,90.00,1475,1475,2450,1500,0,,,,,,,,0,,,,0
15533,21546,38429,30167,0,0,0.93733,2.23978,9.43675,0.009587,-0.002131,0.005326,13.209,-5.400,0.018,-0.0152,0.0052,-0.4603,-0.0731,0.0056,-3.4549,0.0058046,-0.0021655,0.0056517,0.000000,0.000000,0.000000,0.00000,0.00000,0.000,0.000,0.000,0.000,0.000,-6.0000,0.0000,0.0000,6.0000,95.00,95.00,90.00,90.00,1475,1475,2450,1500,0,,,,,,,,0,,,,0
15587,35254,18397,15041,0,0,0.94451,2.27210,9.41161,0.006392,-0.002131,0.006392,13.255,-5.416,0.029,-0.0207,0.0078,-0.4662,-0.1042,0.0181,-3.4891,0.0057886,-0.0021567,0.0056315,0.000000,0.000000,0.000000,0.00000,0.00000,0.000,0.000,0.000,0.000,0.000,-6.0000,0.0000,0.0000,6.0000,95.00,95.00,90.00,90.00,1475,1475,2450,1500,0,,,,,,,,0,,,,0
15634,28789,18578,15529,0,0,0.93972,2.26013,9.41280,0.005326,-0.002131,0.005326,13.275,-5.435,0.059,-0.0310,0.0120,-0.4700,-0.1592,0.0405,-3.5113,0.0057616,-0.0021404,0.0055952,0.000000,0.000000,0.000000,0.00000,0.00000,0.000,0.000,0.000,0.000,0.000,-6.0000,0.0000,0.0000,6.0000,95.00,95.00,90.00,90.00,1475,1475,2450,1500,0,,,,,,,,0,,,,0
15682,24125,17880,14848,0,0,0.92416,2.22062,9.42238,0.003196,0.001065,0.006392,13.266,-5.436,0.073,-0.0340,0.0132,-0.4739,-0.1769,0.0476,-3.5343,0.0057535,-0.0021357,0.0055844,0.000000,0.000000,0.000000,0.00000,0.00000,0.000,0.000,0.000,0.000,0.000,-6.0000,0.0000,0.0000,6.0000,95.00,95.00,90.00,90.00,1475,1475,2450,1500,0,,,,,,,,0,,,,0
15730,21510,17886,14887,0,0,0.90980,2.22182,9.41400,0.004261,-0.002131,0.006392,13.263,-5.428,0.062,-0.0295,0.0114,-0.4780,-0.1546,0.0386,-3.5570,0.0057553,-0.0021406,0.0056003,0.000000,0.000000,0.000000,0.00000,0.00000,0.000,0.000,0.000,0.000,0.000,-6.0000,0.0000,0.0000,6.0000,95.00,95.00,90.00,90.00,1475,1475,2450,1500,0,,,,,,,,0,,,,0
15777,28899,17905,14662,0,0,0.93015,2.20626,9.42238,0.003196,-0.002131,0.006392,13.253,-5.439,0.087,-0.0368,0.0141,-0.4821,-0.1947,0.0548,-3.5795,0.0057478,-0.0021319,0.0055749,0.000000,0.000000,0.000000,0.00000,0.00000,0.000,0.000,0.000,0.000,0.000,-6.0000,0.0000,0.0000,6.0000,95.00,95.00,90.00,90.00,1475,1475,2450,1500,0,,,,,,,,0,,,,0
15824,29162,18000,14974,0,0,0.93613,2.24337,9.41640,0.006392,-0.002131,0.005326,13.265,-5.446,0.097,-0.0400,0.0155,-0.4860,-0.2135,0.0625,-3.6024,0.0057383,-0.0021260,0.0055638,0.000000,0.000000,0.000000,0.00000,0.00000,0.000,0.000,0.000,0.000,0.000,-6.0000,0.0000,0.0000,6.0000,95.00,95.00,90.00,90.00,1475,1475,2450,1500,0,,,,,,,,0,,,,0
15884,18261,17952,14953,0,0,0.92416,2.24097,9.41161,0.004261,-0.002131,0.006392,13.273,-5.443,0.085,-0.0354,0.0134,-0.4914,-0.1913,0.0534,-3.6319,0.0057151,-0.0021250,0.0055799,0.000000,0.000000,0.000000,0.00000,0.00000,0.000,0.000,0.000,0.000,0.000,-6.0000,0.0000,0.0000,6.0000,95.00,95.00,90.00,90.00,1475,1475,2450,1500,0,,,,,,,,0,,,,0
15935,23750,17950,14937,0,0,0.92775,2.23738,9.41280,0.005326,-0.001065,0.006392,13.282,-5.447,0.092,-0.0376,0.0143,-0.4957,-0.2054,0.0591,-3.6567,0.0057064,-0.0021200,0.0055721,0.000000,0.000000,0.000000,0.00000,0.00000,0.000,0.000,0.000,0.000,0.000,-6.0000,0.0000,0.0000,6.0000,95.00,95.00,90.00,90.00,1475,1475,2450,1500,0,,,,,,,,0,,,,0
15982,29161,17886,14839,0,0,0.92895,2.25773,9.41400,0.007457,0.003196,0.007457,13.297,-5.445,0.102,-0.0395,0.0154,-0.4995,-0.2172,0.0638,-3.6803,0.0057005,-0.0021134,0.0055659,0.000000,0.000000,0.000000,0.00000,0.00000,0.000,0.000,0.000,0.000,0.000,-6.0000,0.0000,0.0000,6.0000,95.00,95.00,90.00,90.00,1475,1475,2450,1500,0,,,,,,,,0,,,,0
